event,runNumber,eventNumber,channelNumber,mcWeight,XSection,SumWeights,scaleFactor_PILEUP,scaleFactor_ELE,scaleFactor_MUON,scaleFactor_PHOTON,scaleFactor_TAU,scaleFactor_BTAG,scaleFactor_LepTRIGGER,scaleFactor_PhotonTRIGGER,trigE,trigM,trigP,lep_n,lep_truthMatched,lep_trigMatched,lep_pt,lep_eta,lep_phi,lep_E,lep_z0,lep_charge,lep_type,lep_isTightID,lep_ptcone30,lep_etcone20,lep_trackd0pvunbiased,lep_tracksigd0pvunbiased,met_et,met_phi,jet_n,jet_pt,jet_eta,jet_phi,jet_E,jet_jvt,jet_trueflav,jet_truthMatched,jet_MV2c10,photon_n,photon_truthMatched,photon_trigMatched,photon_pt,photon_eta,photon_phi,photon_E,photon_isTightID,photon_ptcone30,photon_etcone20,photon_convType,largeRjet_n,largeRjet_pt,largeRjet_eta,largeRjet_phi,largeRjet_E,largeRjet_m,largeRjet_truthMatched,largeRjet_D2,largeRjet_tau32,tau_n,tau_pt,tau_eta,tau_phi,tau_E,tau_charge,tau_isTightID,tau_truthMatched,tau_trigMatched,tau_nTracks,tau_BDTid,ditau_m,lep_pt_syst,met_et_syst,jet_pt_syst,photon_pt_syst,largeRjet_pt_syst,tau_pt_syst
0,284500,357,392226,1,15.8288,21798.5,0.553627,0.947195,1,1,1,1,1.01508,1,1,0,0,2,"[1,1]","[1,1]","[241588,105931]","[-1.73296,-0.130428]","[0.0881781,-3.11635]","[704728,106833]","[-0.0723467,0.0756969]","[1,1]","[11,11]","[1,1]","[0,0]","[2669.65,-82.2937]","[-0.0061957,-0.00305311]","[0.872605,0.427161]",137880,-3.04172,0,"[]","[]","[]","[]","[]","[]","[]","[]",0,"[]","[]","[]","[]","[]","[]","[]","[]","[]","[]",1,"[264589]","[-1.73516]","[0.082641]","[773424]","[0.0135316]","[1]","[0]","[-1]",0,"[]","[]","[]","[]","[]","[]","[]","[]","[]","[]",0,"[3350.82,981.994]",0,"[]","[]","[11996.7]","[]"
1,284500,1683,392226,1,15.8288,21798.5,1.55465,0.971072,1.00035,1,1,1,1.01265,1,1,1,0,3,"[1,1,1]","[1,1,1]","[225444,196982,110850]","[1.54039,2.01418,0.993559]","[1.32414,-1.9933,1.3438]","[550166,751294,170214]","[0.0743852,-0.087934,0.0830693]","[-1,1,1]","[11,13,11]","[1,1,1]","[0,0,0]","[1303.6,678.794,-730.753]","[0.0263673,0.0170615,-0.0193948]","[1.65751,3.20567,1.99453]",149681,-1.52974,0,"[]","[]","[]","[]","[]","[]","[]","[]",0,"[]","[]","[]","[]","[]","[]","[]","[]","[]","[]",1,"[404029]","[1.40374]","[1.32896]","[878731]","[109288]","[1]","[0.127214]","[0.171804]",0,"[]","[]","[]","[]","[]","[]","[]","[]","[]","[]",0,"[4599.78,16159.1,699.575]",0,"[]","[]","[20641.5]","[]"
2,284500,1068,392226,0.912085,15.8288,21798.5,0.402058,0.93306,0.996556,1,1,0.999039,0.94953,1,1,1,0,3,"[1,0,1]","[1,1,1]","[51765.6,33978.8,31508.2]","[-0.208652,-1.21305,-1.29014]","[-1.71224,2.46792,0.880132]","[52896.6,62198.7,61575.3]","[-0.0687065,0.00250435,-0.0951309]","[1,1,-1]","[13,11,13]","[1,1,1]","[0,0,0]","[-423.428,-210.739,-382.763]","[-0.00762668,0.00894061,-0.000117941]","[1.22393,0.69704,0.0140861]",276056,2.80257,3,"[36838.7,31293.8,20241.2]","[1.02308,0.402425,0.683231]","[-2.77511,-0.752941,-1.0976]","[57897.9,34317.4,25303.2]","[0.972348,0.901294,0.933073]","[0,0,0]","[0,0,0]","[-0.895814,-0.439514,-0.731267]",0,"[]","[]","[]","[]","[]","[]","[]","[]","[]","[]",1,"[286476]","[0.277638]","[-0.139854]","[298947]","[28474.4]","[0]","[1.05112]","[0.660063]",0,"[]","[]","[]","[]","[]","[]","[]","[]","[]","[]",0,"[486.876,123.689,204.647]",6773.72,"[2356.9,2405.63,1146.18]","[]","[11135.2]","[]"
3,284500,4011,392226,0.844003,15.8288,21798.5,1.1961,0.99242,0.998838,1,1,0.999242,0.99765,1,1,0,0,2,"[0,1]","[1,0]","[279721,104812]","[0.710463,2.48376]","[1.38307,-1.94297]","[353337,632524]","[0.0615005,-0.128899]","[1,1]","[11,13]","[1,1]","[2655.93,0]","[-60.7344,-117.467]","[-0.0506719,0.0428282]","[4.64606,5.98919]",51670.7,-2.99996,1,"[173202]","[-0.0755011]","[-1.4291]","[173808]","[0.999956]","[0]","[0]","[-0.69378]",0,"[]","[]","[]","[]","[]","[]","[]","[]","[]","[]",1,"[294192]","[0.6974]","[1.38521]","[368722]","[5393.05]","[1]","[100.762]","[-1]",0,"[]","[]","[]","[]","[]","[]","[]","[]","[]","[]",0,"[1761.92,10636.6]",4702.39,"[2853.79]","[]","[4622.91]","[]"
4,284500,4139,392226,1.24605,15.8288,21798.5,1.1961,0.97663,1,1,1,0.998688,1.00121,1,1,0,0,1,"[1]","[1]","[91627.5]","[-1.88283]","[-1.82105]","[308062]","[0.114651]","[1]","[11]","[1]","[0]","[172.862]","[0.0271492]","[1.76872]",55601.6,-2.77029,2,"[248303,119341]","[-1.32609,0.225834]","[1.4777,-2.16138]","[500628,122613]","[1,0.978933]","[0,0]","[0,0]","[-0.790331,-0.946585]",0,"[]","[]","[]","[]","[]","[]","[]","[]","[]","[]",1,"[261361]","[-1.32056]","[1.47572]","[524395]","[6346.18]","[0]","[4.5053]","[0.094947]",0,"[]","[]","[]","[]","[]","[]","[]","[]","[]","[]",0,"[634.895]",13119.8,"[5715.93,3779.41]","[]","[4451.36]","[]"
5,284500,4360,392226,1.14257,15.8288,21798.5,1.26459,0.94379,0.995779,1,1,0.999364,0.770355,1,0,1,0,4,"[1,0,1,1]","[1,0,1,1]","[105308,40794.3,36541.1,27228.7]","[0.412876,0.361596,-0.688988,-0.65389]","[0.341659,0.29894,-0.358339,0.607375]","[114412,43490.4,45563,33260.1]","[0.0214996,9.26365,-0.00110626,0.0407181]","[1,-1,-1,-1]","[13,11,13,11]","[1,0,1,1]","[9150.78,9150.78,0,0]","[-400.541,2647.58,1141.52,696.783]","[-0.00845889,0.000758831,-0.0148883,0.00924302]","[1.638,0.0091989,2.21567,0.595731]",207784,1.65732,1,"[310522]","[-0.746126]","[-2.23032]","[401267]","[0.999701]","[0]","[0]","[-0.777697]",0,"[]","[]","[]","[]","[]","[]","[]","[]","[]","[]",1,"[317038]","[-0.773893]","[-2.23374]","[416952]","[10838.8]","[0]","[2.31866]","[0.0421596]",0,"[]","[]","[]","[]","[]","[]","[]","[]","[]","[]",0,"[2420.02,309.35,70.585,328.528]",1089.62,"[3627.86]","[]","[5292.25]","[]"
6,284500,5215,392226,0.596665,15.8288,21798.5,1.22586,0.898999,0.994662,1,1,0.997548,0.99756,1,1,1,0,3,"[1,1,1]","[1,1,0]","[85807,78669.9,17914.6]","[-0.71001,0.0239278,0.443443]","[2.98881,-0.824472,-2.92525]","[108359,78692.4,19705.1]","[0.0320644,0.120571,-0.0338068]","[1,-1,1]","[13,11,11]","[1,1,1]","[1382.38,0,0]","[404.783,1407.04,247.89]","[-0.0349569,0.0359424,-0.0398808]","[5.92816,4.12214,2.79732]",23595.4,-1.43139,3,"[229886,114383,20129.2]","[-1.60547,-1.21862,-2.42841]","[0.396969,-2.61456,3.05556]","[595580,210984,115083]","[0.998782,0.99,0.987008]","[0,0,0]","[0,0,0]","[-0.0729416,-0.8633,-0.88723]",0,"[]","[]","[]","[]","[]","[]","[]","[]","[]","[]",1,"[255031]","[-1.60497]","[0.398764]","[660385]","[6382.62]","[0]","[4.50519]","[0.405637]",0,"[]","[]","[]","[]","[]","[]","[]","[]","[]","[]",0,"[1774.44,384.822,162.527]",9240.01,"[11525.9,11879.3,5160.06]","[]","[3239.22]","[]"
7,284500,5917,392226,1.33309,15.8288,21798.5,1.1961,0.996757,1,1,1,0.995223,1.00306,1,1,0,0,2,"[1,1]","[1,1]","[234669,87487.4]","[0.960272,0.810074]","[1.97843,2.55068]","[351439,117797]","[0.00967693,0.039608]","[1,-1]","[11,11]","[1,1]","[0,0]","[-1346.32,427.015]","[0.0163168,0.0297935]","[2.50541,2.64469]",222325,-0.997892,4,"[67890.4,46894.2,33918,26363.9]","[0.799691,-0.178934,-0.548622,1.2828]","[-0.440528,-2.97763,-1.71771,-0.169406]","[90903,48429.1,39364.5,51320.7]","[0.999965,1,0.986874,0.975272]","[15,0,0,0]","[1,0,0,0]","[-0.855693,-0.909475,-0.412694,-0.854694]",0,"[]","[]","[]","[]","[]","[]","[]","[]","[]","[]",1,"[336745]","[0.952809]","[2.12989]","[510069]","[92986]","[1]","[0.0300661]","[0.422388]",0,"[]","[]","[]","[]","[]","[]","[]","[]","[]","[]",0,"[2928.74,333.563]",394.578,"[3210.09,3153.55,3420.18,1982.66]","[]","[1672.53]","[]"
8,284500,6823,392226,1,15.8288,21798.5,1.26205,1.00588,0.999095,1,1,1,1.00306,1,1,0,0,2,"[1,0]","[1,0]","[225982,19024.6]","[0.835552,2.25321]","[1.03014,-2.22664]","[309564,91540]","[-0.01511,-2.25803]","[-1,-1]","[11,13]","[1,1]","[0,0]","[-587.266,-128.801]","[-0.0252375,0.314604]","[2.88913,21.0405]",207683,-2.06496,0,"[]","[]","[]","[]","[]","[]","[]","[]",0,"[]","[]","[]","[]","[]","[]","[]","[]","[]","[]",1,"[250145]","[0.820035]","[1.03168]","[339071]","[0.0078125]","[1]","[0]","[-1]",0,"[]","[]","[]","[]","[]","[]","[]","[]","[]","[]",0,"[2916.5,131.764]",0,"[]","[]","[0]","[]"
9,284500,6192,392226,1.44343,15.8288,21798.5,1.21412,0.922824,0.999915,1,1,0.998265,1.00001,1,1,1,0,3,"[1,1,1]","[1,1,1]","[134587,48973,34812.7]","[-1.32471,-1.97202,-0.921986]","[0.726266,1.17322,-2.65318]","[270990,179347,50687.4]","[-0.0192289,-0.292124,-0.0655632]","[-1,-1,1]","[13,11,11]","[1,1,0]","[0,0,0]","[-743.966,1680.73,1441.15]","[0.0138543,0.0129318,-0.0390935]","[1.68274,0.705162,2.60368]",134053,0.882528,4,"[157822,32091.6,27461.8,25047.2]","[-0.307102,-1.31072,2.44228,2.24413]","[-2.16843,2.94611,-2.48386,-0.704188]","[166107,64172.9,159117,119488]","[1,0.727823,1,0.990416]","[0,4,0,0]","[0,0,0,0]","[-0.397554,0.336381,-0.581123,-0.888971]",0,"[]","[]","[]","[]","[]","[]","[]","[]","[]","[]",1,"[250446]","[-0.652952]","[-2.2424]","[319822]","[93798.9]","[0]","[1.06779]","[0.309297]",0,"[]","[]","[]","[]","[]","[]","[]","[]","[]","[]",0,"[8922.6,129.259,192.097]",8361.06,"[2477.33,1194.35,3966.46,2810.71]","[]","[0]","[]"
10,284500,6103,392226,1.03653,15.8288,21798.5,1.32095,1,0.914622,1,1,0.999431,0.987081,1,0,1,0,3,"[1,1,1]","[1,1,0]","[126287,38709.8,29826.1]","[1.50729,1.40155,2.65456]","[1.72311,1.10611,2.44678]","[299048,83375.4,213094]","[0.00280762,0.0791779,-36.3038]","[1,-1,-1]","[13,13,13]","[1,1,0]","[0,0,0]","[-127.446,-40.3151,-127.446]","[0.0192613,0.0222438,0.463784]","[3.3774,2.62093,0.0858612]",91197.4,2.30252,1,"[255901]","[0.449676]","[-1.24314]","[282356]","[0.998552]","[0]","[0]","[-0.905893]",0,"[]","[]","[]","[]","[]","[]","[]","[]","[]","[]",1,"[260312]","[0.47915]","[-1.24367]","[290875]","[7847.69]","[0]","[0]","[-1]",0,"[]","[]","[]","[]","[]","[]","[]","[]","[]","[]",0,"[3627.64,518.542,63.454]",5541.2,"[6633.04]","[]","[0]","[]"
11,284500,7425,392226,1.20686,15.8288,21798.5,0.75088,0.902084,1,1,1,0.997754,1.00493,1,1,0,0,2,"[1,0]","[1,1]","[178733,36210.4]","[-1.24065,-1.19134]","[-1.91582,-2.53091]","[334862,65093.8]","[-0.0266037,0.0016861]","[-1,1]","[11,11]","[1,0]","[0,0]","[-294.853,-1107.89]","[0.0178173,-0.0416912]","[1.33083,4.11799]",360803,-2.24877,3,"[546557,76737.9,36005.4]","[-0.509244,-0.874389,-1.97627]","[1.0318,0.412853,-1.7064]","[619642,109236,132454]","[0.990818,0.993956,0.985659]","[0,0,15]","[0,0,1]","[-0.959372,-0.878302,-0.392815]",0,"[]","[]","[]","[]","[]","[]","[]","[]","[]","[]",2,"[575030,280031]","[-0.525176,-1.37665]","[0.988546,-1.985]","[666159,599386]","[114935,105497]","[0,1]","[2.88858,1.92836]","[0.464647,0.0446307]",0,"[]","[]","[]","[]","[]","[]","[]","[]","[]","[]",0,"[2190.19,77.6883]",13463.6,"[8168.47,3628.76,3261.38]","[]","[7264.38,8009.88]","[]"
12,284500,7494,392226,1.1184,15.8288,21798.5,0.75088,0.93627,1.00101,1,1,0.995528,0.975255,1,0,1,0,2,"[1,0]","[1,0]","[165812,20663.3]","[-1.58912,-0.680076]","[-2.4128,2.94561]","[423114,25628.8]","[0.0300636,-0.80629]","[-1,1]","[13,11]","[1,1]","[0,0]","[-254.245,2341.73]","[-0.00175855,-0.322564]","[0.261527,23.3147]",166811,2.5806,4,"[258891,27421.1,26516.1,25296.7]","[-1.5195,1.84157,0.503173,-2.44356]","[-0.0221146,1.37184,-1.50301,1.56056]","[620983,88692.6,30442.6,146796]","[0.974985,1,0.919699,0.99088]","[0,0,0,0]","[0,0,0,0]","[-0.678831,-0.487055,-0.860411,-0.316441]",0,"[]","[]","[]","[]","[]","[]","[]","[]","[]","[]",1,"[253785]","[-1.49627]","[-0.0319016]","[597185]","[51081]","[0]","[1.28391]","[0.813709]",0,"[]","[]","[]","[]","[]","[]","[]","[]","[]","[]",0,"[6278.14,191.546]",13885.7,"[14868.7,3031.44,2443.35,3281.78]","[]","[0]","[]"
13,284500,7581,392226,1.34873,15.8288,21798.5,0.75088,0.97923,1,1,1,0.999407,1.00936,1,1,0,0,2,"[1,1]","[1,1]","[151266,49850.3]","[0.0456291,-0.685679]","[-2.11506,-1.43278]","[151424,62035.4]","[-0.00888443,0.0390549]","[-1,1]","[11,11]","[1,1]","[1010.7,0]","[2216.24,-1248.44]","[-0.0367652,-0.0410217]","[6.1727,4.66089]",136388,-3.14146,2,"[239805,52656.8]","[0.371015,0.313848]","[0.777009,0.277773]","[258112,55643.4]","[1,0.910096]","[0,0]","[0,0]","[-0.877991,-0.599796]",0,"[]","[]","[]","[]","[]","[]","[]","[]","[]","[]",1,"[276913]","[0.398799]","[0.701968]","[303496]","[50725.3]","[0]","[1.32795]","[0.604708]",0,"[]","[]","[]","[]","[]","[]","[]","[]","[]","[]",0,"[1804.98,115.118]",4065.02,"[9874.56,3524.26]","[]","[6356.28]","[]"
14,284500,6872,392226,1,15.8288,21798.5,1.26205,0.964829,0.995696,1,1,1,1.00632,1,1,1,0,3,"[1,1,1]","[1,1,1]","[221823,122013,55430.1]","[0.182223,-0.330364,-0.921838]","[1.11593,1.212,-2.59701]","[225516,128732,80697.7]","[0.0445251,0.0383682,-0.0275269]","[1,-1,1]","[11,11,13]","[1,1,1]","[0,0,0]","[1933.5,-558.359,-277.296]","[0.0221627,0.0237257,-0.0139812]","[3.49935,3.33723,2.26286]",294667,-1.89998,0,"[]","[]","[]","[]","[]","[]","[]","[]",0,"[]","[]","[]","[]","[]","[]","[]","[]","[]","[]",1,"[357694]","[-0.0427582]","[1.15215]","[370384]","[94896.5]","[1]","[0.0552796]","[0.18457]",0,"[]","[]","[]","[]","[]","[]","[]","[]","[]","[]",0,"[1121.04,494.952,156.925]",0,"[]","[]","[5242.31]","[]"
15,284500,9545,392226,1.48854,15.8288,21798.5,0.619412,0.971052,1,1,1,0.997714,1.00632,1,1,0,0,2,"[1,1]","[1,1]","[154084,130181]","[0.282177,0.878319]","[2.40503,2.63271]","[160259,183707]","[0.0782471,0.0669975]","[-1,1]","[11,11]","[1,1]","[0,0]","[-1600.52,187.91]","[-0.000117675,-0.0149845]","[0.0122097,1.80031]",266896,-0.570791,2,"[38207.9,20225.6]","[-0.954247,-2.27616]","[-0.987969,-3.04292]","[57228.9,99621.7]","[0.993175,0.893833]","[15,0]","[1,0]","[-0.969295,-0.670102]",0,"[]","[]","[]","[]","[]","[]","[]","[]","[]","[]",1,"[298495]","[0.574789]","[2.50865]","[362534]","[97504.7]","[1]","[0]","[-1]",0,"[]","[]","[]","[]","[]","[]","[]","[]","[]","[]",0,"[671.718,928.814]",6202.22,"[4102.17,3932.65]","[]","[2266.75]","[]"
16,284500,8509,392226,1.25012,15.8288,21798.5,1.74563,0.99242,0.988906,1,1,0.999932,0.99765,1,1,1,0,3,"[1,1,1]","[1,0,1]","[324512,262942,62266.8]","[0.700059,0.408985,-0.196761]","[-0.0132391,2.90223,-3.04345]","[407332,285242,63476.1]","[0.0500021,-0.0138707,-0.0210567]","[-1,-1,1]","[11,13,13]","[1,1,1]","[0,0,0]","[-1164.58,-450.697,161.533]","[-0.00353027,-0.00603311,-0.00460572]","[0.448514,1.34744,0.783773]",39885.1,0.598184,1,"[82834.8]","[-0.614696]","[-2.07148]","[99694.2]","[0.993586]","[0]","[0]","[-0.931576]",0,"[]","[]","[]","[]","[]","[]","[]","[]","[]","[]",1,"[332465]","[0.711156]","[-0.0173291]","[420139]","[-0.00617632]","[1]","[0]","[-1]",0,"[]","[]","[]","[]","[]","[]","[]","[]","[]","[]",0,"[3202.8,5196.49,723.777]",1506.73,"[2619.07]","[]","[19542.5]","[]"
17,284500,8872,392226,1.64376,15.8288,21798.5,0.596562,0.98089,0.99445,1,1,0.99821,0.99866,1,1,1,0,3,"[1,1,1]","[1,1,1]","[249734,181106,88743.2]","[-1.08123,-1.38416,-1.96567]","[1.55061,-1.21798,-1.59766]","[410497,384126,323013]","[0.0686398,0.0468292,0.0370655]","[1,1,-1]","[11,13,13]","[1,1,1]","[0,0,2139.06]","[1481.57,-353.564,1814.85]","[-0.00735345,-0.00130506,0.00200057]","[0.774298,0.21234,0.261616]",14322,1.78942,2,"[30110.6,24704]","[1.91772,-0.120482]","[-2.50523,2.49208]","[104755,25246.2]","[0.942343,0.990542]","[0,0]","[0,0]","[-0.857264,-0.578749]",0,"[]","[]","[]","[]","[]","[]","[]","[]","[]","[]",1,"[267866]","[-1.09157]","[1.5434]","[443940]","[0.00676582]","[1]","[0]","[-1]",0,"[]","[]","[]","[]","[]","[]","[]","[]","[]","[]",0,"[3802.2,7011.64,207.943]",1525.49,"[3100.1,1903.81]","[]","[21306]","[]"
18,284500,8987,392226,1.00204,15.8288,21798.5,0.00279311,0.976812,1,1,1,0.998558,0.9918,1,1,0,0,2,"[1,1]","[1,1]","[198172,87815.4]","[-0.64551,-0.232197]","[-1.64552,-2.14664]","[240913,90193.4]","[-0.0275912,0.018338]","[-1,1]","[11,11]","[1,1]","[0,0]","[3026.22,6.37009]","[0.012941,0.0149169]","[1.88907,1.85975]",32822.2,-0.296514,2,"[246079,37117.3]","[1.89676,0.488987]","[1.44915,1.54236]","[838522,41706.4]","[0.981537,0.991003]","[0,15]","[0,1]","[-0.822716,-0.913835]",0,"[]","[]","[]","[]","[]","[]","[]","[]","[]","[]",1,"[291445]","[-0.546523]","[-1.78906]","[349147]","[94680.1]","[1]","[0]","[-1]",0,"[]","[]","[]","[]","[]","[]","[]","[]","[]","[]",0,"[1377.65,681.626]",1315.38,"[18981.6,3327.48]","[]","[6162.09]","[]"
19,284500,10960,392226,1.17238,15.8288,21798.5,0.738662,1,0.988366,1,1,0.997328,0.925018,1,0,1,0,3,"[1,1,1]","[1,1,0]","[226067,78009.4,15267.4]","[-1.16929,-0.239063,0.127798]","[1.89452,1.84894,2.56091]","[399042,80249.3,15392.7]","[0.0175996,-0.0513501,-0.0412412]","[-1,-1,1]","[13,13,13]","[1,1,1]","[0,0,0]","[-569.825,711.051,719.481]","[-0.0199557,-0.0159167,0.00860108]","[4.67228,3.03867,0.597485]",323640,2.13367,6,"[610790,218478,175802,38191.5,33836,26439.4]","[1.08254,2.12011,-1.19519,0.770651,1.38635,2.45905]","[-1.10293,0.418128,-2.80152,-1.38268,-1.50698,2.96843]","[1.00589e+06,923552,317393,50485.8,72209,155767]","[0.999354,0.995331,0.994182,0.992674,0.985371,0.988397]","[0,0,0,0,0,5]","[0,0,0,0,0,0]","[-0.788142,-0.954057,-0.845989,-0.0455891,-0.688409,0.990151]",0,"[]","[]","[]","[]","[]","[]","[]","[]","[]","[]",1,"[619301]","[1.07106]","[-1.11373]","[1.01246e+06]","[73166.4]","[0]","[3.34782]","[0.764559]",0,"[]","[]","[]","[]","[]","[]","[]","[]","[]","[]",0,"[1443.42,958.795,37.4874]",2177.59,"[9370.74,8114.85,7014.65,2250.55,4591.99,2783.42]","[]","[49135.8]","[]"
20,284500,11207,392226,1,15.8288,21798.5,0.596562,0.96323,1,1,1,0.99669,1,1,1,0,0,2,"[1,1]","[1,1]","[249984,246295]","[-1.35054,0.119978]","[-2.74136,0.691793]","[514792,248070]","[0.0162926,-0.0198135]","[1,1]","[11,11]","[1,0]","[0,0]","[2304.26,-241.391]","[0.0270601,-0.0198986]","[4.08983,3.13258]",137425,0.27357,3,"[117861,24728.7,21230.7]","[-1.42054,1.59261,-2.14842]","[-2.13254,2.44188,-1.92823]","[258179,63344.4,92258.8]","[0.99,0.952795,0.99032]","[0,0,0]","[0,0,0]","[-0.98383,-0.950592,-0.861288]",0,"[]","[]","[]","[]","[]","[]","[]","[]","[]","[]",2,"[369256,252841]","[-1.401,0.142013]","[-2.56812,0.690729]","[802483,255395]","[109781,-0.00316442]","[1,1]","[0.0602857,0]","[0.026272,-1]",0,"[]","[]","[]","[]","[]","[]","[]","[]","[]","[]",0,"[4072.81,1530.65]",9589.22,"[5093.68,3925.83,1724.74]","[]","[2249.16,0]","[]"
21,284500,11516,392226,1.16832,15.8288,21798.5,1.74563,0.890967,1,1,1,0.993773,0.99765,1,1,0,0,3,"[1,1,1]","[1,1,1]","[309570,35683.7,30303.9]","[0.71312,0.617779,-1.35375]","[1.07304,0.158921,-0.259881]","[391677,42712.5,62580.4]","[0.0173883,0.0457535,-0.00875282]","[-1,1,-1]","[11,11,11]","[1,1,1]","[0,0,0]","[-1353.8,1469.44,952.838]","[0.000809499,-0.0462764,-0.00832209]","[0.122255,3.40796,0.438614]",9150.6,0.302285,3,"[341948,41402.9,22811.2]","[-2.26667,-0.669072,-0.365126]","[-2.35929,-0.853421,0.352336]","[1.66761e+06,51578.7,24754.2]","[0.998705,0.993806,0.911032]","[4,0,0]","[0,0,0]","[-0.77236,-0.462146,-0.837559]",0,"[]","[]","[]","[]","[]","[]","[]","[]","[]","[]",1,"[358289]","[0.731775]","[0.97873]","[469645]","[101353]","[1]","[0.208008]","[0.449954]",0,"[]","[]","[]","[]","[]","[]","[]","[]","[]","[]",0,"[2091.67,52.3461,128.239]",3356.84,"[5871.03,4272.61,1756.92]","[]","[14334.2]","[]"
22,284500,10260,392226,0.808024,15.8288,21798.5,0.351687,0.9823,1,1,1,0.996565,1.00632,1,1,0,0,1,"[1]","[1]","[80034]","[0.535945]","[-1.13769]","[91806.1]","[-0.0799103]","[1]","[11]","[1]","[0]","[-842.931]","[-0.0111415]","[1.20973]",73415.4,1.60769,7,"[248805,182527,151599,55463.4,32882.9,31808.2,21728.9]","[0.687576,-2.09589,-1.20347,-0.211385,0.55039,1.60552,0.638976]","[1.41155,-2.41032,-1.97879,0.327986,0.208297,-1.18627,0.714535]","[310498,753533,276053,56893.9,38537.7,82756.3,26724.5]","[0.987519,0.998852,0.993317,0.941987,0.899978,0.997313,0.998333]","[0,0,0,0,0,0,0]","[0,0,0,0,0,0,0]","[-0.857499,-0.887056,-0.68339,-0.97544,-0.890756,-0.935586,-0.8475]",0,"[]","[]","[]","[]","[]","[]","[]","[]","[]","[]",1,"[257219]","[0.669873]","[1.42068]","[317179]","[6083.27]","[1]","[4.62496]","[0.17917]",0,"[]","[]","[]","[]","[]","[]","[]","[]","[]","[]",0,"[349.699]",20192.8,"[3343.93,17757.9,7445.32,4984.6,2468.32,2681.17,1727.55]","[]","[5949.91]","[]"
23,284500,13265,392226,1.06068,15.8288,21798.5,1.25133,1,0.989283,1,1,0.99784,1.01112,1,0,1,0,1,"[1]","[1]","[135548]","[-1.68336]","[3.12374]","[377458]","[0.0168228]","[1]","[13]","[1]","[0]","[-291.514]","[0.0174529]","[3.25054]",42285.4,-2.41777,5,"[369529,307731,139499,95769,51838]","[-1.04722,-0.229143,-1.37466,0.00865685,-0.289177]","[-0.35493,1.81529,-1.69435,2.69126,-1.09576]","[592667,316229,294153,95876.5,54260]","[0.999319,0.993473,0.989984,0.997253,0.804756]","[0,0,0,0,0]","[0,0,0,0,0]","[-0.79801,-0.856789,-0.419096,-0.946088,-0.720756]",0,"[]","[]","[]","[]","[]","[]","[]","[]","[]","[]",2,"[363337,376625]","[-0.140611,-1.02422]","[1.9996,-0.355175]","[403407,593936]","[167617,47242]","[0,0]","[0.410688,2.3543]","[0.698257,0.633815]",0,"[]","[]","[]","[]","[]","[]","[]","[]","[]","[]",0,"[15973.8]",6292.37,"[10592.7,7852.81,2965.65,8374.26,1915.09]","[]","[29750.8,13886.6]","[]"
24,284500,14071,392226,1.29403,15.8288,21798.5,1.1961,0.960282,1,1,1,0.997184,1.00632,1,1,0,0,2,"[1,1]","[1,1]","[253670,171670]","[0.421777,0.206021]","[1.1829,-1.88407]","[276570,175326]","[0.0322447,0.0553284]","[-1,1]","[11,11]","[1,1]","[0,0]","[1066.1,-55.3812]","[0.024169,-0.0214853]","[3.52222,3.18454]",85488.1,-0.881251,3,"[42727.9,37587.6,21561.2]","[1.10322,2.19402,-2.17951]","[2.51183,-1.68999,3.0164]","[71827.8,170771,96638.6]","[1,0.959648,0.99]","[0,0,0]","[0,0,0]","[-0.890993,-0.761345,-0.846157]",0,"[]","[]","[]","[]","[]","[]","[]","[]","[]","[]",1,"[262426]","[0.4199]","[1.19242]","[285906]","[1324.94]","[1]","[0]","[-1]",0,"[]","[]","[]","[]","[]","[]","[]","[]","[]","[]",0,"[2757.41,2474.73]",4004.7,"[3646.49,2136.34,1594.8]","[]","[39.2812]","[]"
25,284500,15277,392226,1,15.8288,21798.5,1.22586,0.96653,1,1,1,1,0.99866,1,1,0,0,2,"[1,1]","[1,0]","[161536,113888]","[-1.02857,-0.712149]","[0.64143,1.2529]","[254789,144008]","[0.0162392,0.114223]","[-1,1]","[11,11]","[1,1]","[3504.71,0]","[2661.72,3639.34]","[-0.0322647,-0.0387267]","[3.02816,1.95317]",264279,-2.28262,0,"[]","[]","[]","[]","[]","[]","[]","[]",0,"[]","[]","[]","[]","[]","[]","[]","[]","[]","[]",1,"[302332]","[-0.92617]","[0.884836]","[452819]","[100437]","[1]","[0.0927481]","[0.128748]",0,"[]","[]","[]","[]","[]","[]","[]","[]","[]","[]",0,"[1489.13,508.034]",0,"[]","[]","[22775.7]","[]"
26,284500,14970,392226,1.07801,15.8288,21798.5,1.32095,1,0.971317,1,1,0.99944,0.973133,1,0,1,0,3,"[1,1,1]","[0,1,0]","[115789,92576.7,67861]","[0.388298,-0.365488,-0.381662]","[0.831686,0.426649,1.30644]","[124628,98829.2,72863.8]","[0.0534129,0.0536962,-0.0108647]","[-1,-1,1]","[13,13,13]","[1,1,1]","[0,0,0]","[-249.281,290.232,-490.397]","[0.0113871,0.000540772,0.0237961]","[2.42805,0.0962909,2.97461]",30875,1.69744,1,"[276897]","[-0.892525]","[-2.21679]","[394958]","[0.997975]","[0]","[0]","[-0.909943]",0,"[]","[]","[]","[]","[]","[]","[]","[]","[]","[]",1,"[267487]","[-0.895938]","[-2.21445]","[382449]","[13246.7]","[0]","[2.99087]","[0.289707]",0,"[]","[]","[]","[]","[]","[]","[]","[]","[]","[]",0,"[3068.65,1132.68,1174.29]",11.7383,"[3488.45]","[]","[0]","[]"
27,284500,17667,392226,1.14093,15.8288,21798.5,0.75088,1,0.971538,1,1,0.999954,0.914822,1,0,1,0,2,"[0,1]","[1,1]","[131384,52790]","[-0.0913334,0.135292]","[-0.629078,1.93633]","[131933,53274]","[-0.143584,-0.0306444]","[-1,1]","[13,13]","[1,1]","[0,0]","[-834.995,1159.09]","[0.023822,0.00656305]","[3.30111,0.793074]",166925,-0.53555,3,"[249964,95121.4,32479.8]","[0.000887725,-1.69233,-0.476731]","[2.98898,1.20425,-1.06562]","[251100,267214,36394.9]","[0.988581,0.957881,0.999902]","[0,0,15]","[0,0,1]","[-0.493853,-0.851437,-0.96514]",0,"[]","[]","[]","[]","[]","[]","[]","[]","[]","[]",1,"[250081]","[-0.00840404]","[2.97186]","[252207]","[32615.6]","[0]","[2.43476]","[0.714013]",0,"[]","[]","[]","[]","[]","[]","[]","[]","[]","[]",0,"[447.933,145.868]",1321.22,"[5979.51,3845.45,2503.1]","[]","[4536.72]","[]"
28,284500,17770,392226,0.966582,15.8288,21798.5,0.696077,1,0.983793,1,1,0.994256,0.980575,1,0,1,0,1,"[0]","[1]","[45044.8]","[1.93502]","[-1.97532]","[159201]","[0.282834]","[-1]","[13]","[1]","[0]","[-419.569]","[0.0450902]","[5.59129]",125704,-2.45519,4,"[254442,75610.2,41750.7,25045.5]","[-0.113586,0.0198713,1.03181,-0.583551]","[0.686861,-3.06431,-2.60473,-0.666764]","[256147,75991.3,66240.7,30020.8]","[1,1,0.997101,0.99]","[0,15,15,0]","[0,1,1,0]","[-0.910286,-0.950336,0.757815,0.315028]",0,"[]","[]","[]","[]","[]","[]","[]","[]","[]","[]",1,"[255043]","[-0.115898]","[0.686875]","[256758]","[-0.00185932]","[0]","[0]","[-1]",0,"[]","[]","[]","[]","[]","[]","[]","[]","[]","[]",0,"[304.364]",10849.3,"[6242.9,6770.05,2371.97,3962.85]","[]","[12173.3]","[]"
29,284500,16381,392226,0.51483,15.8288,21798.5,1.21412,0.880583,1,1,1,0.988244,1.01508,1,1,0,0,3,"[1,1,1]","[1,0,0]","[106364,19890.7,18025.5]","[-1.7626,-2.37019,0.247813]","[0.456811,-1.95983,-0.78603]","[319046,107339,18581.8]","[0.137337,-0.183651,0.0207062]","[-1,1,1]","[11,11,11]","[1,1,0]","[0,1606.48,0]","[2806.53,-309.596,3591.04]","[0.0226282,-0.0194658,-0.0556535]","[2.14833,0.76781,1.34143]",137698,0.458623,5,"[392753,347084,127454,45621.1,28624.2]","[1.66096,-1.33394,0.504167,-2.28031,-0.468852]","[-2.08434,1.36241,-2.05803,1.64463,-2.90178]","[1.07211e+06,705094,144735,225562,32492.1]","[0.993699,0.983296,0.998026,0.98496,0.764795]","[0,0,0,4,0]","[0,0,0,0,0]","[-0.883745,-0.91956,-0.142962,0.578346,-0.923049]",0,"[]","[]","[]","[]","[]","[]","[]","[]","[]","[]",2,"[405405,358303]","[-1.55387,1.64642]","[1.11642,-2.09344]","[1.02285e+06,964741]","[207435,37016.8]","[1,0]","[0.384491,2.08758]","[0.599514,0.747828]",0,"[]","[]","[]","[]","[]","[]","[]","[]","[]","[]",0,"[1132.24,422.28,45.875]",32317.9,"[10860.9,8824.09,3986.59,1982.15,4600.77]","[]","[7726.75,22594.2]","[]"
30,284500,17961,392226,0.945987,15.8288,21798.5,0.696077,0.97867,1,1,1,0.99691,1.01012,1,1,0,0,1,"[1]","[1]","[125666]","[2.01442]","[-0.0270925]","[479401]","[0.0278702]","[-1]","[11]","[1]","[0]","[781.244]","[0.00949108]","[0.797774]",114184,-0.0910347,4,"[317325,123405,29431.6,22273.3]","[0.560902,0.327691,-1.3514,0.521268]","[3.01763,-0.277917,-2.29583,-2.26822]","[373062,130552,60743.6,25565.4]","[0.994029,0.99,0.989026,0.988302]","[0,0,0,0]","[0,0,0,0]","[-0.751095,-0.925597,-0.76973,-0.745317]",0,"[]","[]","[]","[]","[]","[]","[]","[]","[]","[]",1,"[314870]","[0.519597]","[3.03377]","[364614]","[67351.6]","[0]","[1.1399]","[0.573466]",0,"[]","[]","[]","[]","[]","[]","[]","[]","[]","[]",0,"[1459.47]",6480.88,"[4036.19,3082.46,2419.72,1750.35]","[]","[24646.8]","[]"
31,284500,18841,392226,1,15.8288,21798.5,0.596562,0.964579,0.994566,1,1,1,1.00306,1,1,1,0,3,"[1,1,1]","[1,1,0]","[280733,243874,23180.7]","[0.466021,0.821742,-0.280869]","[-0.48943,2.71618,2.98779]","[311773,330952,24101.1]","[0.01721,-0.0451851,0.0158806]","[1,1,-1]","[13,11,11]","[1,1,0]","[1716.99,0,0]","[-285.613,-1828.39,3569.9]","[0.00726982,-0.0189846,-0.0169922]","[1.46862,2.40615,1.16293]",1510.09,0.931919,0,"[]","[]","[]","[]","[]","[]","[]","[]",0,"[]","[]","[]","[]","[]","[]","[]","[]","[]","[]",1,"[260628]","[0.838825]","[2.71224]","[357825]","[0.00478416]","[1]","[0]","[-1]",0,"[]","[]","[]","[]","[]","[]","[]","[]","[]","[]",0,"[12471.9,2588.01,62.0623]",592.647,"[]","[]","[365.875]","[]"
32,284500,18489,392226,1.34177,15.8288,21798.5,1.74563,0.99211,0.986259,1,1,0.999083,0.9918,1,1,1,0,2,"[1,1]","[1,1]","[355133,317730]","[-0.681346,-1.71221]","[0.165199,-2.89314]","[440804,908970]","[-0.0367775,-0.0223427]","[1,1]","[11,13]","[1,1]","[0,0]","[-1183.82,2964.33]","[-0.0120376,0.00945418]","[1.8769,2.065]",39027.8,-2.62754,2,"[23963.3,21497.4]","[0.258368,1.01694]","[1.12896,2.90789]","[25181.8,33654.8]","[0.989731,0.84494]","[0,0]","[0,0]","[-0.805834,-0.93367]",0,"[]","[]","[]","[]","[]","[]","[]","[]","[]","[]",1,"[367910]","[-0.666523]","[0.159717]","[452703]","[-0.00676582]","[1]","[0]","[-1]",0,"[]","[]","[]","[]","[]","[]","[]","[]","[]","[]",0,"[2499.44,23119.8]",4594.12,"[8890.93,4767.75]","[]","[23716.2]","[]"
33,284500,2838,392226,0.899958,15.8288,21798.5,0.923924,1,0.990875,1,1,0.999358,0.820029,1,0,1,0,2,"[1,0]","[1,1]","[64116.2,42494.3]","[-1.25197,0.0320911]","[0.492446,1.94772]","[121281,42516.3]","[0.0162048,0.115635]","[-1,1]","[13,13]","[1,1]","[0,0]","[-1065.59,-1113.98]","[-0.00257831,0.229513]","[0.398791,24.3133]",264004,1.84745,1,"[311224]","[-0.790048]","[-1.46773]","[414740]","[1]","[0]","[0]","[-0.913601]",0,"[]","[]","[]","[]","[]","[]","[]","[]","[]","[]",1,"[300282]","[-0.81237]","[-1.47161]","[405514]","[21623.1]","[0]","[1.61482]","[0.64314]",0,"[]","[]","[]","[]","[]","[]","[]","[]","[]","[]",0,"[525.748,187.034]",27615.7,"[3893.73]","[]","[6683.88]","[]"
34,284500,2074,392226,1.55299,15.8288,21798.5,0.696077,0.94769,0.993118,1,1,0.998486,1.00632,1,1,1,0,3,"[1,1,1]","[1,1,1]","[512848,370248,96341]","[0.109518,0.345422,0.016177]","[-2.66067,0.617028,0.261018]","[515927,392557,96353.6]","[-0.0428352,-0.0247211,-0.0419202]","[-1,1,-1]","[13,11,11]","[1,1,1]","[0,0,0]","[-60.89,670.288,-343.813]","[0.0196596,-0.0351451,-0.0129566]","[3.22773,4.06272,1.45141]",28664.8,0.528855,1,"[27901.6]","[1.61106]","[0.151078]","[72811]","[1]","[0]","[0]","[-0.787507]",0,"[]","[]","[]","[]","[]","[]","[]","[]","[]","[]",1,"[472179]","[0.282332]","[0.547893]","[502635]","[106958]","[1]","[0.0868213]","[0.132929]",0,"[]","[]","[]","[]","[]","[]","[]","[]","[]","[]",0,"[5284.06,3357.43,301.013]",1030.38,"[2467.59]","[]","[21101.6]","[]"
35,284500,2713,392226,1.35183,15.8288,21798.5,0.923924,0.942879,0.999183,1,1,0.998437,1.00632,1,1,1,0,3,"[1,1,1]","[1,1,1]","[157283,94674.4,37083.2]","[0.311039,0.21415,0.610069]","[2.81397,-2.92738,1.61106]","[164953,96853.7,44200.7]","[0.0426178,0.0208435,0.0384521]","[-1,-1,1]","[11,13,11]","[1,1,1]","[0,0,0]","[-296.005,3718.5,1669.34]","[0.013514,0.00729882,0.019182]","[1.81563,0.881053,1.3771]",97333.7,-2.56501,2,"[297889,38914.9]","[0.171154,1.97398]","[0.0229749,-0.851617]","[302446,143052]","[1,0.999124]","[0,0]","[0,0]","[-0.881912,-0.818093]",0,"[]","[]","[]","[]","[]","[]","[]","[]","[]","[]",1,"[294485]","[0.21599]","[0.0224155]","[301674]","[13299.4]","[0]","[2.9473]","[-1]",0,"[]","[]","[]","[]","[]","[]","[]","[]","[]","[]",0,"[1286.79,1145.31,41.1005]",4413.91,"[6731.53,5221.22]","[]","[1322.31]","[]"
36,284500,2775,392226,1,15.8288,21798.5,0.923924,0.952188,1,1,1,1.00087,1.01265,1,1,0,0,2,"[1,1]","[1,1]","[273830,97460.2]","[1.53718,2.11305]","[-0.471818,-0.513119]","[666287,409057]","[0.0695915,-0.159651]","[-1,1]","[11,11]","[1,1]","[0,0]","[2209.7,346.511]","[0.0114565,-0.0060092]","[1.18996,0.413703]",331492,2.69264,1,"[30815]","[2.20358]","[2.6982]","[141254]","[0.991604]","[15]","[1]","[0.03865]",0,"[]","[]","[]","[]","[]","[]","[]","[]","[]","[]",1,"[396945]","[1.72304]","[-0.477039]","[1.15151e+06]","[99735.8]","[1]","[0.23112]","[0.18358]",0,"[]","[]","[]","[]","[]","[]","[]","[]","[]","[]",0,"[6138.88,661.24]",1721.84,"[4186.4]","[]","[19710.3]","[]"
37,284500,3625,392226,1.13645,15.8288,21798.5,1.21412,0.9823,0.985955,1,1,0.998756,1.00632,1,1,0,0,3,"[1,1,1]","[1,1,0]","[343755,121723,8074.95]","[1.45678,0.577707,1.94311]","[1.11624,-1.92914,-0.780846]","[777765,142606,28761.8]","[0.0148468,0.00270462,0.0900841]","[1,-1,-1]","[13,11,13]","[1,1,1]","[1229.28,0,0]","[-515.272,-89.5797,338.613]","[-0.00752435,-0.00507022,0.00784845]","[1.33776,0.83383,0.427679]",70805.4,0.541655,3,"[140504,136028,78809.2]","[-0.379818,1.09573,-1.99811]","[2.69313,0.641458,-0.797543]","[151759,226573,296153]","[0.993278,0.987433,0.999042]","[0,0,0]","[0,0,0]","[-0.905031,-0.776781,-0.332124]",0,"[]","[]","[]","[]","[]","[]","[]","[]","[]","[]",1,"[501836]","[0.301161]","[-2.13634]","[536742]","[112746]","[1]","[0.782297]","[0.359967]",0,"[]","[]","[]","[]","[]","[]","[]","[]","[]","[]",0,"[11705.7,798.271,21.5802]",2571.8,"[3284.48,2478.59,5335.7]","[]","[5618.53]","[]"
38,284500,41,392226,1,15.8288,21798.5,0,1,0.992166,1,1,0.997926,0.926913,1,0,1,0,1,"[1]","[1]","[124638]","[-2.22346]","[1.21843]","[582527]","[-0.0304384]","[1]","[13]","[1]","[0]","[1311.12]","[0.00907611]","[1.49692]",392314,0.860487,1,"[484130]","[-1.52021]","[-2.19757]","[1.16006e+06]","[0.997615]","[0]","[0]","[-0.944134]",0,"[]","[]","[]","[]","[]","[]","[]","[]","[]","[]",1,"[453040]","[-1.51678]","[-2.19576]","[1.08209e+06]","[4927.89]","[1]","[4.97008]","[0.451186]",0,"[]","[]","[]","[]","[]","[]","[]","[]","[]","[]",0,"[12238.7]",3952.97,"[7132.07]","[]","[41457.4]","[]"
39,284500,5670,392226,1,15.8288,21798.5,1.26459,0.959424,1,1,1,0.996064,1.00582,1,1,0,0,2,"[1,1]","[1,1]","[183923,79375.2]","[-0.295294,0.0537903]","[-0.139746,0.521381]","[192000,79490]","[0.034256,0.0539246]","[1,-1]","[11,11]","[1,1]","[0,0]","[-611.002,4450.31]","[0.025653,0.0282327]","[2.7782,3.74331]",163331,-3.01556,2,"[100389,22687.7]","[0.0816037,-0.752814]","[-3.10182,0.848354]","[101150,29850.9]","[0.999024,0.84404]","[15,0]","[1,0]","[-0.2484,-0.701771]",0,"[]","[]","[]","[]","[]","[]","[]","[]","[]","[]",1,"[272090]","[-0.14699]","[0.0778772]","[289730]","[91099]","[1]","[0.0574954]","[0.0484996]",0,"[]","[]","[]","[]","[]","[]","[]","[]","[]","[]",0,"[955.888,1942.61]",1589.78,"[3880.54,2888.62]","[]","[2871.62]","[]"
40,284500,4403,392226,1.13169,15.8288,21798.5,1.26459,1,0.988896,1,1,0.970651,0.991258,1,0,1,0,3,"[1,1,1]","[1,1,1]","[251251,230818,115213]","[-1.12649,-1.08323,-1.21794]","[2.98474,1.47879,2.4465]","[428256,380008,211763]","[0.00528979,-0.0401824,0.0744975]","[-1,-1,1]","[13,13,13]","[1,0,1]","[0,0,0]","[-663.657,-587.11,-132.019]","[0.0169936,0.00163708,0.0146564]","[3.58665,0.30996,2.13568]",172801,1.14679,3,"[420571,108676,34903.5]","[-1.14417,-0.353311,0.579051]","[-1.03915,-1.03124,-1.91769]","[727808,115872,41395.6]","[0.998982,0.939379,0.994941]","[4,4,0]","[0,0,0]","[-0.961339,0.376097,-0.926107]",0,"[]","[]","[]","[]","[]","[]","[]","[]","[]","[]",1,"[510178]","[-0.981762]","[-1.04442]","[794022]","[166164]","[0]","[0.556365]","[0.676691]",0,"[]","[]","[]","[]","[]","[]","[]","[]","[]","[]",0,"[10556.3,28598.7,2010.47]",18093.8,"[14598.5,4333.61,2658.88]","[]","[1351.22]","[]"
41,284500,4566,392226,1,15.8288,21798.5,1.22586,0.942228,1,1,1,0.999119,1.00306,1,1,0,0,2,"[1,1]","[1,0]","[173011,20226.1]","[1.13214,0.73363]","[0.0969567,2.4818]","[296248,25917.6]","[0.0125427,-0.00310516]","[-1,-1]","[11,11]","[1,1]","[0,0]","[1109.89,-313.061]","[0.0149546,0.0248188]","[2.20016,2.12457]",96487.7,0.57333,1,"[258987]","[1.47778]","[-2.80751]","[597258]","[1]","[0]","[0]","[-0.986462]",0,"[]","[]","[]","[]","[]","[]","[]","[]","[]","[]",1,"[254646]","[1.45773]","[-2.80654]","[576666]","[5274.3]","[1]","[6.43871]","[0.713447]",0,"[]","[]","[]","[]","[]","[]","[]","[]","[]","[]",0,"[2078.58,74.8775]",2366.05,"[4499.4]","[]","[16249.6]","[]"
42,284500,4831,392226,1.33214,15.8288,21798.5,1.22586,1.0402,1,1,1,0.984096,0.9423,1,1,0,0,2,"[1,1]","[1,0]","[40982.2,8731.95]","[-1.25551,1.59234]","[-1.14307,0.767267]","[77754.7,22348]","[-0.0195198,0.0637455]","[-1,1]","[11,11]","[1,1]","[1412.17,0]","[2674.09,1714.5]","[0.000965349,0.0376718]","[0.0859915,1.04557]",29363.1,-0.521967,4,"[527842,374131,82987.2,81073.6]","[0.117814,-0.536316,-0.403056,0.584214]","[0.668943,-2.58164,-3.07533,-2.96219]","[532756,429842,90645.4,95676.5]","[0.99536,0.995092,0.996448,0.991067]","[0,4,0,0]","[0,0,0,0]","[-0.982114,-0.448354,-0.970623,-0.888914]",0,"[]","[]","[]","[]","[]","[]","[]","[]","[]","[]",2,"[504681,431317]","[0.137039,-0.513553]","[0.664271,-2.63952]","[510407,495965]","[31618.3,80093.5]","[0,0]","[2.31285,0.380055]","[0.499219,0.618938]",0,"[]","[]","[]","[]","[]","[]","[]","[]","[]","[]",0,"[428.041,348.878]",16564.7,"[6903.26,13923.6,3456.94,1980.68]","[]","[11611.7,26454.8]","[]"
43,284500,5369,392226,1.54389,15.8288,21798.5,1.22586,0.962647,0.994259,1,1,1,0.98743,1,1,0,0,3,"[1,1,1]","[1,1,0]","[181713,138281,98366.5]","[-0.069876,-0.628679,0.114326]","[-0.952799,-0.859938,2.33403]","[182157,166520,99010.1]","[0.067791,-0.0063324,-0.0137405]","[-1,1,-1]","[11,11,13]","[1,1,1]","[0,0,0]","[263.463,178.886,-563.629]","[-0.0108588,0.00164022,-0.005701]","[1.06661,0.25854,1.10045]",235113,2.36681,0,"[]","[]","[]","[]","[]","[]","[]","[]",0,"[]","[]","[]","[]","[]","[]","[]","[]","[]","[]",1,"[333100]","[-0.30471]","[-0.908914]","[362959]","[100794]","[1]","[0]","[-1]",0,"[]","[]","[]","[]","[]","[]","[]","[]","[]","[]",0,"[2915.72,1072.66,3239.66]",3648.34,"[]","[]","[1671.22]","[]"
44,284500,7282,392226,0.918054,15.8288,21798.5,0.923924,1,0.996921,1,1,0.99857,0.928324,1,0,1,0,2,"[1,0]","[1,0]","[105269,9324.57]","[0.0188459,1.93057]","[0.482726,-1.68917]","[105288,32815.5]","[-0.0813904,-0.652474]","[-1,1]","[13,11]","[1,0]","[1116.2,0]","[-495.619,54.2175]","[0.0145175,-0.299063]","[2.28226,13.5036]",191989,-1.75604,3,"[292550,199948,78490.9]","[1.04137,0.304447,0.0865298]","[1.04428,-2.62435,-3.10313]","[466685,209768,79712.5]","[0.998408,0.989801,1]","[0,0,0]","[0,0,0]","[-0.735047,-0.841057,-0.808547]",0,"[]","[]","[]","[]","[]","[]","[]","[]","[]","[]",1,"[265352]","[1.03908]","[1.04711]","[422322]","[17403]","[1]","[1.64584]","[0.341277]",0,"[]","[]","[]","[]","[]","[]","[]","[]","[]","[]",0,"[756.295,162.931]",12179.3,"[10038.2,6233.85,1786.28]","[]","[5139.38]","[]"
45,284500,6469,392226,1.18861,15.8288,21798.5,1.21412,1,0.994259,1,1,0.997071,0.90898,1,0,1,0,1,"[1]","[1]","[49434.4]","[0.337894]","[2.31891]","[52283.5]","[0.0397987]","[1]","[13]","[1]","[0]","[-471.347]","[0.00423637]","[0.609652]",43095.2,0.94122,5,"[236923,185338,68991.2,51318.7,25760.4]","[0.209911,0.672334,1.50857,-0.573092,1.30217]","[-2.31658,0.854633,0.554818,-1.93432,-1.11938]","[242721,228942,163596,60611.6,51108.7]","[0.997897,1,0.999787,1,0.963978]","[0,0,0,0,0]","[0,0,0,0,0]","[-0.486683,-0.968781,-0.981877,-0.866869,-0.772767]",0,"[]","[]","[]","[]","[]","[]","[]","[]","[]","[]",1,"[278278]","[0.167607]","[-2.26809]","[292883]","[78395.7]","[0]","[1.52914]","[0.306851]",0,"[]","[]","[]","[]","[]","[]","[]","[]","[]","[]",0,"[72.2478]",17692.4,"[8254.28,3351.95,4128.73,4888.57,1711.48]","[]","[15744.7]","[]"
46,284500,7597,392226,0.956268,15.8288,21798.5,0.75088,1,0.995324,1,1,0.996395,0.923452,1,0,1,0,1,"[1]","[1]","[68165.4]","[0.510269]","[1.43287]","[77234]","[-0.0317545]","[1]","[13]","[1]","[0]","[247.852]","[0.00305723]","[0.540878]",217660,-2.43302,4,"[366433,127206,30403.3,22431.9]","[-2.30584,0.717429,-2.38745,0.0740098]","[0.000851015,-2.59943,-1.10363,-1.50689]","[1.85659e+06,161581,166985,22713.3]","[0.97341,0.998563,0.992456,1]","[0,0,0,0]","[0,0,0,0]","[-0.645071,-0.986406,-0.90943,-0.888115]",0,"[]","[]","[]","[]","[]","[]","[]","[]","[]","[]",1,"[255171]","[1.04752]","[1.45729]","[408673]","[13476.6]","[1]","[4.19337]","[0.38093]",0,"[]","[]","[]","[]","[]","[]","[]","[]","[]","[]",0,"[1531.98]",2800.78,"[8260.38,2671.21,2691.6,1719.02]","[]","[0]","[]"
47,284500,7666,392226,0.958593,15.8288,21798.5,0.75088,1.00588,0.999876,1,1,0.997749,1.00306,1,1,1,0,3,"[1,1,1]","[1,1,0]","[262797,182910,11838.3]","[0.888675,2.11196,2.10327]","[3.05319,2.69712,-0.240354]","[373580,766888,49217.7]","[0.000343323,-0.0405083,0.105854]","[1,1,-1]","[11,13,13]","[1,1,1]","[1110.23,0,0]","[-772.274,-342.515,2784.84]","[-0.0173882,-0.0328637,0.0595832]","[1.84875,6.37002,3.44699]",48977,-2.90827,3,"[559942,62501.2,27670.1]","[-0.125695,-0.0108699,0.923051]","[-0.201045,-2.78921,2.44514]","[564774,62924,40741.5]","[1,0.995853,0.735779]","[0,0,0]","[0,0,0]","[-0.435877,-0.781637,-0.905858]",0,"[]","[]","[]","[]","[]","[]","[]","[]","[]","[]",2,"[563471,297982]","[-0.101439,0.869002]","[-0.199859,3.07488]","[567019,421707]","[27075.4,57591.7]","[0,1]","[3.57617,0.499579]","[0.297609,0.121307]",0,"[]","[]","[]","[]","[]","[]","[]","[]","[]","[]",0,"[2522.29,17742.9,99.7759]",3387.67,"[7821.71,2104.71,3166.2]","[]","[30361.2,9278.91]","[]"
48,284500,8855,392226,1,15.8288,21798.5,0.596562,0.98697,1,1,1,1,1.00582,1,1,0,0,1,"[1]","[1]","[298413]","[-0.10866]","[-1.30292]","[300177]","[0.0895939]","[-1]","[11]","[1]","[0]","[1113.34]","[0.0225162]","[2.2473]",280221,1.80958,0,"[]","[]","[]","[]","[]","[]","[]","[]",0,"[]","[]","[]","[]","[]","[]","[]","[]","[]","[]",1,"[311474]","[-0.116082]","[-1.30286]","[313575]","[0.00402647]","[1]","[0]","[-1]",0,"[]","[]","[]","[]","[]","[]","[]","[]","[]","[]",0,"[1554.71]",2158.97,"[]","[]","[2996.94]","[]"
49,284500,9370,392226,1.15828,15.8288,21798.5,0.619412,0.964111,1,1,1,0.995103,1.00582,1,1,0,0,2,"[1,1]","[1,1]","[89111.9,69989]","[-0.467088,-0.356868]","[-1.72925,-2.78542]","[99010.8,74493.2]","[0.00743484,0.0459747]","[-1,1]","[11,11]","[1,0]","[0,0]","[157.684,-824.091]","[0.00733936,-0.0129179]","[0.799989,1.2241]",105170,-1.23442,3,"[411278,171090,43083.2]","[2.03671,-0.202397,-1.32816]","[1.5151,-1.27782,-2.14842]","[1.60385e+06,175034,87221.5]","[0.995148,0.996962,0.993855]","[0,15,0]","[0,1,0]","[-0.957377,0.495399,-0.917232]",0,"[]","[]","[]","[]","[]","[]","[]","[]","[]","[]",1,"[254950]","[-0.288948]","[-1.44239]","[273509]","[65024]","[1]","[0.030927]","[0.105406]",0,"[]","[]","[]","[]","[]","[]","[]","[]","[]","[]",0,"[520.848,130.501]",21947.8,"[16572.2,7993.42,2257.69]","[]","[354.453]","[]"
50,284500,9761,392226,1,15.8288,21798.5,0.351687,0.955522,1,1,1,0.99614,1.01265,1,1,0,0,2,"[1,1]","[1,0]","[119409,78106.2]","[1.64469,0.821267]","[-2.06936,-1.65952]","[320759,105961]","[-0.0776081,0.00279999]","[-1,1]","[11,11]","[1,0]","[0,0]","[2103.96,637.985]","[-0.0136203,-0.0460697]","[1.6405,2.72327]",125108,1.63531,2,"[78586.5,23141.3]","[1.02788,-0.96934]","[1.12669,-1.46871]","[124213,35265]","[0.99975,0.844395]","[15,0]","[1,0]","[0.234875,-0.397347]",0,"[]","[]","[]","[]","[]","[]","[]","[]","[]","[]",1,"[282163]","[1.33508]","[-2.04215]","[592365]","[149168]","[1]","[1.02582]","[0.0483407]",0,"[]","[]","[]","[]","[]","[]","[]","[]","[]","[]",0,"[1438.1,220.519]",3056.9,"[6822.07,37436.2]","[]","[31454.8]","[]"
51,284500,8055,392226,1.14932,15.8288,21798.5,1.26205,0.96203,0.992443,1,1,0.998198,1.01508,1,1,1,0,3,"[1,1,1]","[1,1,1]","[256805,239800,67459.8]","[-0.806798,-1.74813,-0.539021]","[0.238381,-3.11855,-0.367182]","[345018,709563,77499.5]","[-0.00224686,-0.0130882,-0.0118408]","[-1,1,1]","[13,11,13]","[1,1,1]","[0,0,0]","[-451.5,-407.065,599.343]","[0.0156475,-0.0103638,0.00551963]","[3.65451,0.832694,0.981329]",90470.2,-2.71807,1,"[24367.1]","[-1.90809]","[-2.54996]","[83996.4]","[0.991839]","[0]","[0]","[-0.464856]",0,"[]","[]","[]","[]","[]","[]","[]","[]","[]","[]",1,"[283265]","[-1.78182]","[-3.07072]","[866196]","[40948.6]","[1]","[1.58477]","[0.651483]",0,"[]","[]","[]","[]","[]","[]","[]","[]","[]","[]",0,"[2988.81,6520.54,515.522]",17070.9,"[1656.81]","[]","[784.719]","[]"
52,284500,11787,392226,1,15.8288,21798.5,1.24168,0.906258,1,1,1,0.996346,1.00632,1,1,0,0,2,"[1,1]","[1,0]","[266985,18392.8]","[0.545144,-0.520314]","[0.584788,1.17999]","[307649,20939.1]","[0.00345993,0.0444145]","[1,-1]","[11,11]","[1,1]","[0,0]","[-62.6634,966.075]","[-0.00703978,0.0376499]","[1.16786,2.59268]",194454,-2.5094,1,"[86762.4]","[-0.0250201]","[-2.33608]","[86794]","[0.983225]","[15]","[1]","[-0.989532]",0,"[]","[]","[]","[]","[]","[]","[]","[]","[]","[]",1,"[281734]","[0.526797]","[0.583738]","[321740]","[0.00851347]","[1]","[0]","[-1]",0,"[]","[]","[]","[]","[]","[]","[]","[]","[]","[]",0,"[2627.12,119.72]",36479.2,"[1869.97]","[]","[2529.41]","[]"
53,284500,10747,392226,0.94081,15.8288,21798.5,0.738662,0.936628,1,1,1,0.998712,0.95972,1,1,0,0,2,"[1,1]","[1,1]","[53869,39722.3]","[-0.966843,1.13765]","[0.855846,2.79233]","[81070.5,68322.2]","[0.0247574,0.0667953]","[-1,-1]","[11,11]","[1,1]","[0,0]","[-1674.82,-1176.93]","[0.00162023,0.0102645]","[0.170206,1.29957]",104366,-0.209893,2,"[232558,140703]","[0.939065,0.679472]","[-2.15929,1.44846]","[343831,174785]","[0.989169,0.9727]","[0,0]","[0,0]","[-0.889418,-0.824038]",0,"[]","[]","[]","[]","[]","[]","[]","[]","[]","[]",1,"[255522]","[0.91168]","[-2.14618]","[370713]","[32643.4]","[0]","[2.17228]","[0.65184]",0,"[]","[]","[]","[]","[]","[]","[]","[]","[]","[]",0,"[439.965,106.058]",17845.8,"[9470.33,2116.77]","[]","[0]","[]"
54,284500,10817,392226,1.48522,15.8288,21798.5,0.738662,1.05628,1,1,1,0.999478,0.99544,1,1,0,0,3,"[0,0,1]","[1,1,0]","[309291,203168,9551.42]","[1.19485,0.841299,1.85783]","[0.544635,0.479719,-2.09755]","[557624,279410,31356.4]","[-0.0203247,-0.0456696,0.10289]","[-1,-1,-1]","[11,11,11]","[1,1,1]","[0,2344.01,4000.71]","[4986.48,-46.1838,1331.17]","[0.000209221,0.0488983,-0.00639497]","[0.0356544,3.34355,0.248405]",331297,-2.77858,1,"[117135]","[0.00252393]","[-1.37887]","[120600]","[1]","[0]","[0]","[-0.90026]",0,"[]","[]","[]","[]","[]","[]","[]","[]","[]","[]",1,"[584425]","[1.03083]","[0.51783]","[929442]","[105637]","[1]","[0.130556]","[0.440274]",0,"[]","[]","[]","[]","[]","[]","[]","[]","[]","[]",0,"[3888.22,1207.93,114.833]",7892.5,"[2109.52]","[]","[38733.9]","[]"
55,284500,12286,392226,1.20545,15.8288,21798.5,0.75088,0.990412,0.997881,1,1,0.998032,0.98743,1,1,1,0,3,"[0,0,1]","[1,1,1]","[173515,150252,29709.7]","[0.025827,0.103095,-1.39868]","[2.65698,-3.09525,-0.436738]","[173573,151051,63828]","[-0.0177002,0.0309219,-0.00386047]","[1,-1,-1]","[11,11,13]","[1,1,1]","[0,0,0]","[608.763,2137.99,-839.35]","[-0.0129375,-0.0105929,0.0228889]","[1.69055,1.8672,2.35276]",98428.4,-1.28491,3,"[266081,143201,34043.7]","[-0.669046,1.96131,1.42589]","[1.03663,-0.644758,-1.04472]","[329609,519156,75117.5]","[0.98705,0.994536,0.905318]","[0,0,0]","[0,0,0]","[-0.816819,-0.958485,-0.845103]",0,"[]","[]","[]","[]","[]","[]","[]","[]","[]","[]",2,"[328340,271784]","[0.021296,-0.704554]","[2.90691,1.03673]","[342104,344160]","[95806.9,37802.4]","[1,0]","[0.110888,0.794152]","[0.461066,0.461818]",0,"[]","[]","[]","[]","[]","[]","[]","[]","[]","[]",0,"[795.303,746.365,112.034]",3519.73,"[12938.9,2885.58,2206.79]","[]","[30542.5,14379.6]","[]"
56,284500,15900,392226,1.50617,15.8288,21798.5,1.1961,1,0.975996,1,1,0.999005,0.914018,1,0,1,0,3,"[1,1,1]","[1,1,1]","[105148,81615.8,71252.4]","[-0.583109,0.237317,-0.518805]","[1.58663,2.22066,1.28046]","[123537,83924.9,81058.5]","[0.0129204,-0.0349693,0.0325241]","[-1,1,-1]","[13,13,13]","[1,1,1]","[1496.72,0,0]","[80.1551,-867.33,-867.33]","[0.00946718,0.000556243,0.011178]","[1.04342,0.10953,1.79907]",135466,1.21996,1,"[372596]","[-0.0527491]","[-1.60892]","[373448]","[1]","[0]","[0]","[-0.932827]",0,"[]","[]","[]","[]","[]","[]","[]","[]","[]","[]",1,"[364030]","[-0.021619]","[-1.61136]","[364611]","[19002.7]","[0]","[1.86]","[0.349373]",0,"[]","[]","[]","[]","[]","[]","[]","[]","[]","[]",0,"[1935.61,439.918,1479.19]",10785.8,"[9171.63]","[]","[16331.5]","[]"
57,284500,14313,392226,1.41695,15.8288,21798.5,1.26459,0.968962,1,1,1,0.998682,1.00936,1,1,0,0,3,"[0,0,1]","[1,1,1]","[165028,128815,57915.3]","[-0.0025435,-0.487384,-0.840464]","[2.52082,2.87481,-0.292783]","[165029,144420,79603.1]","[-0.0294838,0.027832,-0.0628853]","[1,-1,1]","[11,11,11]","[1,1,1]","[1042.43,3789.47,0]","[-644.651,986.131,-535.878]","[0.00401233,0.0108574,0.00299737]","[0.523033,0.779953,0.340156]",237542,-0.403366,2,"[55130.1,39073.3]","[1.32527,2.30176]","[-2.2361,1.02378]","[111339,197174]","[0.970992,0.99631]","[0,0]","[0,0]","[-0.952672,-0.718969]",0,"[]","[]","[]","[]","[]","[]","[]","[]","[]","[]",1,"[294561]","[-0.224532]","[2.68295]","[316518]","[94706.7]","[1]","[0]","[-1]",0,"[]","[]","[]","[]","[]","[]","[]","[]","[]","[]",0,"[1826.23,689.721,515.314]",690.812,"[2352.62,3796.09]","[]","[8573.53]","[]"
58,284500,15766,392226,1.34655,15.8288,21798.5,1.26459,0.9823,1,1,1,0.981586,1.00632,1,1,0,0,2,"[1,1]","[1,0]","[105547,17469.9]","[0.453457,-0.588989]","[1.02468,-2.81883]","[116585,20588.8]","[-0.0702333,-0.0346842]","[-1,1]","[11,11]","[1,0]","[0,0]","[-856.435,1421.04]","[-0.000540316,0.0251507]","[0.0589637,1.94189]",621986,2.20997,7,"[490220,336272,286945,62611.4,52350.8,36749.2,28569.2]","[0.909798,-0.88908,1.14341,-0.578317,0.830745,0.534474,1.26548]","[-0.76182,-0.265937,-2.60552,2.20908,3.06997,-2.08545,-1.11413]","[709773,478391,496875,73539,71737.4,42535.7,54888.5]","[0.980102,0.996925,0.995859,0.992426,0.996342,0.994902,0.789436]","[4,0,0,15,0,0,0]","[0,0,0,1,0,0,0]","[-0.739827,-0.736965,-0.729518,-0.950914,-0.935544,-0.921152,-0.848859]",0,"[]","[]","[]","[]","[]","[]","[]","[]","[]","[]",3,"[465450,349236,339074]","[0.925956,1.08334,-0.884511]","[-0.783057,-2.62773,-0.263846]","[683687,591959,480659]","[74112,140610,8171.85]","[0,0,0]","[2.31062,2.16136,5.53498]","[0.358164,0.495781,-1]",0,"[]","[]","[]","[]","[]","[]","[]","[]","[]","[]",0,"[370.095,105.089]",5.75,"[7148.03,5724.58,13511.3,2089.87,5572.17,2829.75,2026.45]","[]","[5127.38,17387.4,19030.5]","[]"
59,284500,15599,392226,1,15.8288,21798.5,1.26459,0.969361,0.997557,1,1,1,0.99544,1,1,1,0,3,"[1,1,1]","[1,1,0]","[247391,182367,13743.3]","[1.29938,0.848256,2.28749]","[1.43652,-1.70981,2.62569]","[487327,252007,68384.7]","[0.0443077,0.0138016,-0.104359]","[-1,1,1]","[11,13,11]","[1,1,1]","[0,0,0]","[-1357.55,-678.211,-167.264]","[0.00956479,0.000351207,0.0112952]","[1.38724,0.0559761,0.466783]",70137.8,-1.51242,0,"[]","[]","[]","[]","[]","[]","[]","[]",0,"[]","[]","[]","[]","[]","[]","[]","[]","[]","[]",1,"[267455]","[1.32885]","[1.43419]","[540461]","[1547.84]","[1]","[0]","[-1]",0,"[]","[]","[]","[]","[]","[]","[]","[]","[]","[]",0,"[2986.45,345.095,261.836]",0,"[]","[]","[11066.2]","[]"
60,284500,15438,392226,1.60203,15.8288,21798.5,1.22586,0.880572,0.998736,1,1,0.999078,1.01265,1,1,1,0,3,"[1,1,1]","[1,1,0]","[138928,130365,17904.7]","[1.80093,2.27631,1.31821]","[-2.85419,2.43832,1.42673]","[432095,641610,35848.2]","[0.0173597,0.138859,-0.0224829]","[1,1,-1]","[11,13,11]","[1,1,0]","[0,0,0]","[368.316,-253.097,-202.331]","[0.0164172,0.0162848,0.00945217]","[1.54326,2.24216,0.531356]",147716,2.23659,1,"[352306]","[0.789927]","[-0.464514]","[468942]","[0.993298]","[0]","[0]","[-0.617141]",0,"[]","[]","[]","[]","[]","[]","[]","[]","[]","[]",1,"[356875]","[0.771905]","[-0.468452]","[468807]","[14600.3]","[0]","[2.20458]","[0.374556]",0,"[]","[]","[]","[]","[]","[]","[]","[]","[]","[]",0,"[1683.81,5569.18,123.788]",5458.53,"[4044.39]","[]","[20106.6]","[]"
61,284500,17152,392226,1,15.8288,21798.5,0.923924,1,0.997943,1,1,0.999118,0.942098,1,0,1,0,1,"[1]","[1]","[321729]","[-1.14603]","[1.05901]","[557168]","[-0.0193068]","[-1]","[13]","[1]","[0]","[1605.83]","[0.0107875]","[2.14512]",72477.9,-2.74446,1,"[266916]","[-1.46233]","[-1.9008]","[607011]","[0.994336]","[0]","[0]","[-0.97834]",0,"[]","[]","[]","[]","[]","[]","[]","[]","[]","[]",1,"[269344]","[-1.46209]","[-1.90185]","[612316]","[1278.45]","[1]","[1.12639]","[0.0841002]",0,"[]","[]","[]","[]","[]","[]","[]","[]","[]","[]",0,"[88278.6]",3353.73,"[6336.81]","[]","[3292.78]","[]"
62,284500,16283,392226,1.71932,15.8288,21798.5,1.21412,0.921817,1,1,1,0.997859,0.9918,1,1,0,0,3,"[1,1,1]","[1,1,0]","[196764,185979,47451.7]","[-0.740938,-2.06857,-2.08968]","[2.80955,-2.74398,-1.77436]","[253292,747622,194695]","[-0.00322533,0.0832195,-0.0102386]","[1,-1,1]","[11,11,11]","[1,0,1]","[0,0,1304.32]","[-540.719,2617.07,1343.51]","[0.031666,0.012481,-0.0810591]","[5.45019,1.24769,1.9794]",78577.9,-2.20951,2,"[413401,238320]","[0.0679929,1.67857]","[0.761104,-1.05831]","[415717,661306]","[0.995062,0.997805]","[0,0]","[0,0]","[-0.853162,-0.746966]",0,"[]","[]","[]","[]","[]","[]","[]","[]","[]","[]",1,"[423220]","[0.0854012]","[0.722369]","[429746]","[65241.9]","[0]","[3.7904]","[0.538851]",0,"[]","[]","[]","[]","[]","[]","[]","[]","[]","[]",0,"[1542.17,1963.23,356.892]",2083.64,"[8939.98,8469.52]","[]","[18230.2]","[]"
63,284500,16507,392226,0.949747,15.8288,21798.5,1.25133,0.911501,1,1,1,0.999395,0.97492,1,1,0,0,2,"[1,1]","[1,1]","[49481,34300.7]","[-0.0345012,1.5681]","[-0.778626,0.66719]","[49510.4,85854.1]","[-0.0187931,0.0690918]","[1,-1]","[11,11]","[1,1]","[0,0]","[-299.34,294.047]","[-0.0188194,-0.0236521]","[2.53034,1.34872]",233717,-0.203616,1,"[305226]","[0.430565]","[2.90717]","[334363]","[0.993924]","[0]","[0]","[-0.884667]",0,"[]","[]","[]","[]","[]","[]","[]","[]","[]","[]",1,"[297279]","[0.424403]","[2.90474]","[324707]","[12765.3]","[0]","[6.98395]","[0.191073]",0,"[]","[]","[]","[]","[]","[]","[]","[]","[]","[]",0,"[262.857,201.969]",13353.1,"[3675.12]","[]","[389.25]","[]"
64,284500,17082,392226,0.876572,15.8288,21798.5,1.1961,0.97199,0.995731,1,1,0.99905,0.99121,1,1,1,0,2,"[1,1]","[1,1]","[43689.4,33348.4]","[0.3206,0.82387]","[-0.627208,0.387856]","[45954,45321.2]","[0.0851288,0.0412254]","[-1,-1]","[11,13]","[1,1]","[0,0]","[222.543,43.7665]","[0.0441354,0.0188879]","[3.60718,2.58113]",186786,-0.333162,2,"[261678,51369.8]","[-0.000846874,-1.42105]","[2.67073,-2.04032]","[262006,112733]","[1,0.98859]","[0,0]","[0,0]","[-0.941175,-0.795516]",0,"[]","[]","[]","[]","[]","[]","[]","[]","[]","[]",1,"[286982]","[0.0629348]","[2.66651]","[290590]","[41914.7]","[0]","[1.09375]","[0.470149]",0,"[]","[]","[]","[]","[]","[]","[]","[]","[]","[]",0,"[89.5877,378.824]",8869.47,"[9774.73,3330.25]","[]","[21257.6]","[]"
65,284500,17519,392226,1,15.8288,21798.5,0.75088,0.982068,1,1,1,1,1.00306,1,1,0,0,3,"[1,1,1]","[1,1,0]","[309294,231058,66485.2]","[0.934082,1.15578,-0.668377]","[-0.0358377,-0.288716,3.08178]","[454325,403347,81896.8]","[0.014183,0.0439339,0.154335]","[1,-1,-1]","[11,11,11]","[1,1,0]","[1162.91,0,0]","[-327.828,633.412,1157.22]","[0.00316522,0.0012002,-0.0043206]","[0.356858,0.152582,0.165846]",451334,3.01737,0,"[]","[]","[]","[]","[]","[]","[]","[]",0,"[]","[]","[]","[]","[]","[]","[]","[]","[]","[]",1,"[571458]","[1.02225]","[-0.144319]","[902142]","[96460.7]","[1]","[0.0111124]","[0.190749]",0,"[]","[]","[]","[]","[]","[]","[]","[]","[]","[]",0,"[3565.43,2780.49,176.669]",657.125,"[]","[]","[2811.81]","[]"
66,284500,17642,392226,1.72235,15.8288,21798.5,0.75088,0.919871,0.995454,1,1,0.984629,0.98483,1,1,0,0,3,"[0,1,0]","[1,0,0]","[57639,20529.1,18246]","[-0.212766,-0.851801,0.199666]","[1.85473,1.93987,0.0797225]","[58948.6,28438,18611.2]","[0.0992317,-0.0188007,-0.119684]","[-1,1,1]","[11,11,13]","[1,1,1]","[0,0,0]","[2586.65,227.794,-758.117]","[-0.00726841,-0.0272024,-0.124146]","[0.870153,1.66703,12.3571]",180829,0.86813,7,"[185839,142544,120765,40828,36183.2,34712.3,32491.4]","[1.16146,-0.179914,1.47779,-0.951118,1.94461,1.27575,1.70003]","[-2.31513,-0.313022,-2.87894,0.38029,1.90238,-1.86494,-2.4165]","[327058,146182,279230,61239.4,129173,67236.6,92073.6]","[0.986539,0.990508,0.99676,0.987115,0.945154,0.917908,0.995028]","[0,4,0,0,0,0,0]","[0,0,0,0,0,0,0]","[-0.734036,0.0507296,-0.874599,-0.933931,-0.874128,-0.819775,-0.44137]",0,"[]","[]","[]","[]","[]","[]","[]","[]","[]","[]",1,"[286854]","[1.31557]","[-2.451]","[582688]","[105703]","[0]","[1.30615]","[0.664042]",0,"[]","[]","[]","[]","[]","[]","[]","[]","[]","[]",0,"[171.542,259.651,21.6027]",4646.38,"[4486.27,7463.54,3364.64,6261.59,3382.48,4798.07,3472.84]","[]","[10903]","[]"
67,284500,17741,392226,1.42441,15.8288,21798.5,0.696077,0.939506,1,1,1,0.99785,1.01508,1,1,0,0,2,"[1,1]","[1,0]","[93568.7,14352.3]","[-1.57098,-0.522606]","[-2.824,1.99527]","[234821,16357.3]","[0.0748463,0.0488224]","[-1,-1]","[11,11]","[1,1]","[0,0]","[2307.98,736.781]","[0.00823536,0.0248658]","[1.06396,1.77615]",278582,1.86866,2,"[304331,21156.4]","[-0.128835,-2.25764]","[-0.900009,-0.166591]","[307628,102325]","[0.997123,1]","[0,0]","[0,0]","[-0.106991,0.0125267]",0,"[]","[]","[]","[]","[]","[]","[]","[]","[]","[]",1,"[310005]","[-0.115144]","[-0.905352]","[312879]","[22603]","[0]","[3.92147]","[0.628157]",0,"[]","[]","[]","[]","[]","[]","[]","[]","[]","[]",0,"[1248.73,231.225]",4733,"[4213.78,1884.21]","[]","[2869.94]","[]"
68,284500,19049,392226,1.22834,15.8288,21798.5,0.738662,1.00588,1,1,1,0.998296,1.00306,1,1,0,0,1,"[1]","[1]","[234575]","[0.793891]","[1.28509]","[312462]","[-0.269394]","[-1]","[11]","[1]","[0]","[738.067]","[0.0140985]","[1.1925]",170678,-1.31697,3,"[200412,128733,23292]","[1.43075,0.0863387,0.41993]","[-1.74606,2.01592,2.35117]","[443286,132033,25573.7]","[0.977062,0.987007,0.990073]","[0,0,0]","[0,0,0]","[-0.983765,-0.954751,-0.492707]",0,"[]","[]","[]","[]","[]","[]","[]","[]","[]","[]",1,"[353666]","[0.678124]","[1.55469]","[471587]","[174416]","[1]","[0.753883]","[0.514231]",0,"[]","[]","[]","[]","[]","[]","[]","[]","[]","[]",0,"[2323.07]",913.109,"[8784.14,4511.73,5228.34]","[]","[641.594]","[]"
69,284500,19082,392226,0.963655,15.8288,21798.5,0.738662,0.942284,0.995121,1,1,0.998536,1.00936,1,1,1,0,3,"[1,1,1]","[1,1,1]","[223658,87668.6,47068.8]","[0.673298,0.109491,0.278966]","[-0.567849,-0.388462,-1.9524]","[276298,88194.6,48912.2]","[0.031744,0.0456181,-0.14267]","[1,1,-1]","[13,11,11]","[1,1,1]","[2074.17,0,0]","[-582.711,1110.87,-708.576]","[0.0132455,0.0115166,0.00809292]","[1.91654,1.29642,0.530541]",155153,-0.080871,1,"[460694]","[0.738838]","[2.66258]","[592991]","[0.995152]","[0]","[0]","[0.287778]",0,"[]","[]","[]","[]","[]","[]","[]","[]","[]","[]",1,"[459463]","[0.727915]","[2.6625]","[587479]","[31023.9]","[0]","[2.75686]","[0.641737]",0,"[]","[]","[]","[]","[]","[]","[]","[]","[]","[]",0,"[7000.18,1746.4,225.639]",1719.91,"[5571.77]","[]","[14136.5]","[]"
70,284500,18690,392226,1.35262,15.8288,21798.5,1.08735,0.9218,1,1,1,0.993872,1.00632,1,1,0,0,2,"[1,1]","[1,1]","[236942,27725.3]","[0.485915,1.63506]","[-1.35341,2.39063]","[265469,73814.6]","[-0.0215263,0.0539837]","[-1,1]","[11,11]","[1,1]","[0,4886.73]","[1124.65,1194.44]","[0.00835553,0.0223078]","[1.43156,1.26923]",87985.6,-2.55274,6,"[483896,297310,177801,26239.1,25532.4,22405.5]","[-0.65585,0.623252,-0.977664,-0.339021,-2.39902,1.3649]","[2.97163,0.502661,0.312548,-0.105508,-0.204777,-0.40992]","[592486,359363,270622,28094.7,141819,46949.6]","[0.924438,0.995627,0.987698,1,0.992461,0.980011]","[0,0,0,0,5,0]","[0,0,0,0,0,0]","[-0.809802,-0.603449,-0.930603,-0.519221,0.948257,-0.749289]",0,"[]","[]","[]","[]","[]","[]","[]","[]","[]","[]",2,"[462463,317135]","[-0.660933,0.617185]","[2.96793,0.49784]","[567204,383109]","[0.0117188,52624.9]","[0,0]","[0,1.77559]","[-1,0.793301]",0,"[]","[]","[]","[]","[]","[]","[]","[]","[]","[]",0,"[1207.19,194.736]",8168.05,"[7124.62,5628.03,7141.39,1775.05,1275.14,1793.72]","[]","[2079.69,8251.19]","[]"
71,284500,2666,392226,1.54105,15.8288,21798.5,0.923924,1,0.995562,1,1,0.999232,0.856877,1,0,1,0,1,"[1]","[1]","[138752]","[0.133628]","[-2.46701]","[139992]","[0.0553856]","[-1]","[13]","[1]","[0]","[-1315.43]","[0.0268874]","[4.7135]",122434,-2.94235,5,"[324463,41593.4,35783.9,30576.3,23187]","[0.359952,-1.09131,-0.535898,-1.49388,0.350318]","[0.501001,-1.78127,-1.97682,1.92844,2.83822]","[346387,69471.7,41454.1,71650.9,25236.2]","[0.314189,0.992854,0.995072,0.981702,0.969911]","[0,0,4,15,0]","[0,0,0,1,0]","[-0.763005,-0.833611,-0.786588,-0.373229,-0.0294079]",0,"[]","[]","[]","[]","[]","[]","[]","[]","[]","[]",1,"[314494]","[0.338205]","[0.497258]","[332836]","[11035.4]","[0]","[1.09138]","[0.339525]",0,"[]","[]","[]","[]","[]","[]","[]","[]","[]","[]",0,"[8823.75]",2676.55,"[4587.41,2199.64,3381.4,1888.46,2829.24]","[]","[11966.1]","[]"
72,284500,3355,392226,1.69694,15.8288,21798.5,1.25133,0.951804,1,1,1,0.998841,1.00582,1,1,0,0,3,"[1,1,0]","[1,1,1]","[132846,110978,91690.4]","[-0.425981,-0.80222,0.376361]","[2.52401,-3.10176,-0.268917]","[145082,148646,98261.3]","[-0.0237875,0.0635757,-0.0608101]","[-1,1,1]","[11,11,11]","[1,1,1]","[1202.52,18077.4,0]","[513.986,-1216.73,145.897]","[0.00277925,1.17754e-05,-0.00253792]","[0.319123,0.00136291,0.268712]",284655,-1.03347,2,"[42332.6,23020.6]","[-1.35152,0.902044]","[2.68487,1.06475]","[87369.9,33402.9]","[0.99,0.654856]","[0,0]","[0,0]","[-0.658131,-0.814914]",0,"[]","[]","[]","[]","[]","[]","[]","[]","[]","[]",1,"[283950]","[-0.748055]","[2.825]","[391294]","[135263]","[1]","[1.02697]","[0.251873]",0,"[]","[]","[]","[]","[]","[]","[]","[]","[]","[]",0,"[925.722,777.962,1032.73]",28355,"[4618.39,1658.71]","[]","[25702.5]","[]"
73,284500,2911,392226,1,15.8288,21798.5,1.1961,0.954079,0.996945,1,1,1,1,1,1,0,0,3,"[1,1,0]","[1,1,0]","[200517,45518.3,42290.9]","[0.366567,-0.538642,0.139175]","[-0.42708,-0.242096,-2.96356]","[214141,52282.8,42701.3]","[-0.0210185,-0.00662041,-0.114259]","[1,-1,-1]","[11,11,13]","[0,1,1]","[0,0,0]","[165.213,1462.3,800.158]","[0.00588791,0.00352388,-0.0596185]","[1.02841,0.291249,8.02125]",197568,2.59311,0,"[]","[]","[]","[]","[]","[]","[]","[]",0,"[]","[]","[]","[]","[]","[]","[]","[]","[]","[]",1,"[256591]","[0.197008]","[-0.393777]","[281028]","[102710]","[1]","[0.193339]","[0.314784]",0,"[]","[]","[]","[]","[]","[]","[]","[]","[]","[]",0,"[966.906,282.129,152.863]",14754.2,"[]","[]","[2880.72]","[]"
74,284500,3390,392226,1.0503,15.8288,21798.5,1.25133,1,0.998279,1,1,0.986339,0.963318,1,0,1,0,3,"[1,1,1]","[0,1,0]","[143301,105099,20801.5]","[0.0451671,1.14543,0.991228]","[1.63839,1.88465,-2.62048]","[143447,181921,31885.4]","[-0.0701027,-0.00331116,-0.0222511]","[-1,1,-1]","[13,13,13]","[0,1,1]","[0,0,0]","[936.528,-336.631,-336.631]","[0.00476151,0.000314184,0.01606]","[0.51922,0.0627558,1.74085]",24530.5,-3.06869,3,"[271535,46537.3,23382.7]","[-0.275356,-0.193817,0.573364]","[-1.31706,0.266172,3.09655]","[282777,47896.3,27702.6]","[0.982477,0.998521,0.704915]","[4,0,0]","[0,0,0]","[0.816026,-0.712732,-0.645219]",0,"[]","[]","[]","[]","[]","[]","[]","[]","[]","[]",1,"[271245]","[-0.305561]","[-1.32028]","[285306]","[27204.1]","[0]","[1.95146]","[0.667303]",0,"[]","[]","[]","[]","[]","[]","[]","[]","[]","[]",0,"[5826.39,1824.72,62.6542]",20321.2,"[3467.36,3007.1,1732.87]","[]","[1687.62]","[]"
75,284500,3908,392226,1,15.8288,21798.5,1.32095,0.948658,1,1,1,0.999512,0.99544,1,1,0,0,2,"[1,1]","[1,1]","[242577,222714]","[1.2382,2.03376]","[2.29543,-0.648652]","[453536,865650]","[-0.0686035,0.0554733]","[1,1]","[11,11]","[1,1]","[0,0]","[1482.08,2210.42]","[-0.0120518,0.00465723]","[1.63316,0.388749]",16380.2,2.2973,1,"[51570.2]","[1.84313]","[-1.56629]","[166977]","[0.99108]","[0]","[0]","[-0.859487]",0,"[]","[]","[]","[]","[]","[]","[]","[]","[]","[]",1,"[270653]","[1.22626]","[2.29981]","[500973]","[4069.12]","[1]","[24.7786]","[0.280232]",0,"[]","[]","[]","[]","[]","[]","[]","[]","[]","[]",0,"[3179.74,3522.75]",32.5596,"[2209.69]","[]","[8762.77]","[]"
76,284500,1017,392226,0.896352,15.8288,21798.5,0.00183436,0.942712,1,1,1,0.999176,1.01265,1,1,0,0,2,"[1,0]","[1,0]","[205356,11025.6]","[1.54205,-1.04494]","[2.27275,2.50327]","[501901,17613.2]","[-0.367698,0.0235107]","[-1,1]","[11,11]","[1,1]","[0,0]","[7497.54,287.931]","[-0.0267321,-0.0224166]","[2.70685,1.20582]",61664.9,2.67137,1,"[273553]","[1.29764]","[-0.558597]","[538786]","[0.996822]","[0]","[0]","[-0.942242]",0,"[]","[]","[]","[]","[]","[]","[]","[]","[]","[]",2,"[261167,256605]","[1.54139,1.30096]","[2.28557,-0.556264]","[637958,507246]","[6697.75,33087.9]","[1,0]","[2.67871,1.51465]","[0.685897,0.728889]",0,"[]","[]","[]","[]","[]","[]","[]","[]","[]","[]",0,"[4383.51,131.965]",15211.2,"[16791.6]","[]","[1099.69,348.688]","[]"
77,284500,1119,392226,1.6054,15.8288,21798.5,0.596562,0.97199,1.00026,1,1,0.99937,0.98736,1,1,1,0,3,"[1,1,1]","[1,1,1]","[129541,65062.8,42013.8]","[-0.943223,-0.673572,0.559816]","[-3.03913,-2.04347,1.34276]","[191566,80388.8,48771]","[0.056015,0.0245361,0.0177078]","[1,-1,1]","[13,13,11]","[1,1,1]","[0,0,0]","[198.661,157.501,2391.01]","[0.019169,-0.0152014,0.0155558]","[4.36783,2.5274,1.31348]",130610,2.30498,2,"[274793,42623.7]","[-0.139827,0.3153]","[-0.188782,-2.49997]","[278718,45006.3]","[0.990911,0.99486]","[0,0]","[0,0]","[-0.9295,-0.401651]",0,"[]","[]","[]","[]","[]","[]","[]","[]","[]","[]",1,"[267060]","[-0.171337]","[-0.192756]","[272292]","[26600.2]","[0]","[1.90565]","[0.589508]",0,"[]","[]","[]","[]","[]","[]","[]","[]","[]","[]",0,"[2815.63,1734.33,18.2968]",3548.45,"[5156,4708.14]","[]","[2.6875]","[]"
78,284500,941,392226,1,15.8288,21798.5,0.738662,0.928823,1,1,1,0.999506,1.00582,1,1,0,0,3,"[1,1,1]","[1,1,0]","[302826,233238,23945.3]","[-0.206063,-1.19051,0.435873]","[0.737499,-2.32857,1.55575]","[309278,418992,26256.1]","[0.0161743,0.0357971,0.0169525]","[-1,1,1]","[11,11,11]","[1,1,0]","[1083.23,0,0]","[2429.66,278.094,2315.69]","[0.012259,-0.011013,0.0203748]","[1.84381,0.96613,1.76544]",72236.7,-2.56362,1,"[24213.9]","[-1.09598]","[-1.63502]","[40457.7]","[0.913075]","[0]","[0]","[-0.806468]",0,"[]","[]","[]","[]","[]","[]","[]","[]","[]","[]",2,"[320033,270809]","[-0.11438,-1.14317]","[0.74,-2.32537]","[322131,467894]","[1243.46,1677.86]","[1,1]","[100.505,0]","[-1,-1]",0,"[]","[]","[]","[]","[]","[]","[]","[]","[]","[]",0,"[2615.42,2900.45,161.458]",373.109,"[1896.44]","[]","[13594.4,16524.4]","[]"
79,284500,1364,392226,1.91566,15.8288,21798.5,1.08735,0.983253,0.998731,1,1,0.998075,1,1,1,0,0,3,"[1,1,0]","[0,1,0]","[548893,241367,12445.5]","[1.58431,1.74122,1.59087]","[1.18853,-2.13695,1.20258]","[1.39447e+06,709569,31809.2]","[0.0634766,-0.0346947,0.0488853]","[-1,1,-1]","[13,11,11]","[1,0,1]","[6822.07,0,0]","[-236.179,-1286.69,1636.62]","[0.0194099,-0.0562555,-0.0268742]","[3.6551,2.78211,0.872832]",227196,-1.82877,3,"[225962,151096,42809.6]","[-0.942092,0.557013,1.33009]","[-0.575576,2.86597,-3.13323]","[334739,175261,86752.9]","[0.998287,0.993403,1]","[0,0,0]","[0,0,0]","[-0.877462,-0.797845,-0.895544]",0,"[]","[]","[]","[]","[]","[]","[]","[]","[]","[]",1,"[263989]","[1.72621]","[-2.13229]","[765204]","[0.0078125]","[1]","[0]","[-1]",0,"[]","[]","[]","[]","[]","[]","[]","[]","[]","[]",0,"[74415.2,3680.7,339.241]",6476.27,"[9709.47,2749.07,4787.64]","[]","[13418.5]","[]"
80,284500,4203,392226,1,15.8288,21798.5,1.1961,0.914327,0.99737,1,1,1,0.99866,1,1,1,0,3,"[1,1,1]","[1,1,1]","[245722,89660.4,28627.7]","[-0.955115,-1.18931,-1.60333]","[-0.37796,3.01231,-1.17325]","[366584,160906,74013.9]","[0.0119247,-0.0150223,-0.00640869]","[1,-1,-1]","[11,13,11]","[1,1,1]","[10737.7,0,0]","[9901.51,-256.222,-75.6124]","[0.0145034,0.000691822,0.0151143]","[2.109,0.103091,1.183]",179877,2.53515,0,"[]","[]","[]","[]","[]","[]","[]","[]",0,"[]","[]","[]","[]","[]","[]","[]","[]","[]","[]",1,"[292235]","[-1.09456]","[-0.446288]","[493926]","[90929.6]","[1]","[0.540664]","[-1]",0,"[]","[]","[]","[]","[]","[]","[]","[]","[]","[]",0,"[2603.74,735.943,273.748]",0,"[]","[]","[1898.06]","[]"
81,284500,6919,392226,1.05034,15.8288,21798.5,1.26205,0.957352,0.996924,1,1,0.99815,1.00632,1,1,1,0,3,"[1,1,1]","[1,1,1]","[261017,164987,156994]","[0.900479,0.126233,-0.0689679]","[1.65301,-2.0895,-1.56184]","[374188,166304,157368]","[0.0167313,-0.0680237,0.00643921]","[1,1,-1]","[13,11,11]","[1,1,1]","[0,0,0]","[-474.712,-699.31,164.654]","[0.00452551,-0.00947736,-0.00823094]","[0.822415,1.47814,0.868524]",6444.16,1.79732,2,"[104055,22301.6]","[1.32059,1.86535]","[0.0341923,1.65625]","[209101,73850.9]","[0.992675,0.721658]","[0,0]","[0,0]","[-0.90517,-0.440222]",0,"[]","[]","[]","[]","[]","[]","[]","[]","[]","[]",1,"[324495]","[0.0722214]","[-1.82814]","[340511]","[100502]","[1]","[0.0809821]","[0.0848627]",0,"[]","[]","[]","[]","[]","[]","[]","[]","[]","[]",0,"[9803.87,2167.36,678.74]",3543,"[7521.73,2388.75]","[]","[1674.19]","[]"
82,284500,8115,392226,1.26561,15.8288,21798.5,1.24168,0.95884,1,1,1,1.00017,0.95437,1,1,0,0,1,"[1]","[1]","[38785]","[-0.682762]","[-1.16976]","[48181.8]","[-0.135132]","[1]","[11]","[1]","[1097.01]","[55.2531]","[-0.000782691]","[0.0512954]",88416.8,1.87807,7,"[398637,141617,78031.7,71563.9,48999.3,24637.3,20025.5]","[0.41773,-0.859919,-0.969161,0.356562,-0.114345,2.47938,0.000302347]","[-1.75308,0.615532,1.6308,1.77872,2.81345,2.51522,0.766185]","[434246,197674,117756,76584.3,49939.3,148052,20529.9]","[0.991945,0.990828,0.989053,0.979973,0.995258,0.704443,0.989192]","[0,0,0,0,0,15,0]","[0,0,0,0,0,1,0]","[-0.914114,-0.785054,-0.895766,-0.521191,-0.923529,0.376334,-0.817567]",0,"[]","[]","[]","[]","[]","[]","[]","[]","[]","[]",1,"[392686]","[0.398248]","[-1.75201]","[424490]","[14589.1]","[0]","[2.84906]","[0.425369]",0,"[]","[]","[]","[]","[]","[]","[]","[]","[]","[]",0,"[43420.5]",2396.38,"[7696.09,9548.08,7983.96,3713,2028.2,2300.89,1132.87]","[]","[33822.2]","[]"
83,284500,8437,392226,1.58047,15.8288,21798.5,1.55465,1,0.999025,1,1,0.996929,0.967646,1,0,1,0,3,"[1,1,1]","[1,1,0]","[62419.1,34336.9,21402.8]","[-1.5226,-1.37828,-1.45262]","[-0.839684,-2.40928,2.08143]","[149877,72452.5,48244.5]","[0.0242996,-0.000770569,0.000881195]","[-1,1,1]","[13,13,13]","[1,1,1]","[0,0,0]","[-102.691,344.594,648.316]","[0.011946,0.00282665,-0.0209408]","[1.67463,0.239713,1.55103]",141847,0.0613431,3,"[223704,22794.8,21998.4]","[-1.14057,-1.8935,-0.535098]","[2.69613,0.993946,0.459374]","[385980,77504.7,25496.5]","[0.933543,1,0.99705]","[0,0,0]","[0,0,0]","[-0.906396,-0.359274,-0.798225]",0,"[]","[]","[]","[]","[]","[]","[]","[]","[]","[]",1,"[253909]","[-1.1543]","[2.70009]","[442994]","[16085.6]","[0]","[1.49679]","[0.490854]",0,"[]","[]","[]","[]","[]","[]","[]","[]","[]","[]",0,"[1355.32,75.0152,116.362]",10013.4,"[7019.24,2256.12,1671.14]","[]","[11483.9]","[]"
84,284500,8792,392226,1,15.8288,21798.5,0.934886,0.99211,0.995481,1,1,0.999502,0.9918,1,1,1,0,2,"[1,1]","[1,1]","[197455,184102]","[-0.756117,-0.223033]","[-1.66436,1.4972]","[256640,188700]","[0.0343113,0.00545979]","[-1,1]","[11,13]","[1,1]","[0,0]","[-620.665,-368.695]","[0.0145088,0.0195438]","[1.2461,3.27283]",113742,1.10185,2,"[77065.8,22003]","[-1.44931,0.816757]","[-2.15883,-1.7154]","[173279,30065.7]","[0.955166,0.911116]","[0,0]","[0,0]","[-0.996009,-0.818688]",0,"[]","[]","[]","[]","[]","[]","[]","[]","[]","[]",1,"[279067]","[-0.962911]","[-1.76841]","[427348]","[85280.3]","[1]","[0.0288457]","[-1]",0,"[]","[]","[]","[]","[]","[]","[]","[]","[]","[]",0,"[1407.3,10375.7]",593.656,"[2274.13,1697.8]","[]","[8336.69]","[]"
85,284500,10532,392226,1.31574,15.8288,21798.5,0.619412,0.96126,0.998353,1,1,0.998812,0.982246,1,0,1,0,3,"[1,1,1]","[1,1,1]","[46496.6,34624.5,26415.4]","[1.21746,2.05187,0.206885]","[2.59599,-1.29884,2.19357]","[85427.7,136956,26982.8]","[-0.00184631,0.0979614,-0.0370941]","[-1,1,1]","[13,13,11]","[1,1,1]","[0,0,0]","[1131.86,3095.62,6020.04]","[-0.0146724,0.0190719,-0.00386784]","[2.02844,1.95499,0.227424]",17015.7,1.33487,2,"[279287,233837]","[0.99409,0.599896]","[-0.231332,2.98712]","[429235,278334]","[0.979419,0.997021]","[0,0]","[0,0]","[-0.951924,-0.843572]",0,"[]","[]","[]","[]","[]","[]","[]","[]","[]","[]",1,"[278977]","[1.02315]","[-0.228955]","[438225]","[5508.1]","[0]","[9.49816]","[0.504595]",0,"[]","[]","[]","[]","[]","[]","[]","[]","[]","[]",0,"[694.827,487.884,72.0039]",737.943,"[7811.29,3646.19]","[]","[3251.88]","[]"
86,284500,11777,392226,1.32017,15.8288,21798.5,1.24168,0.926541,0.989714,1,1,1.00003,1.01508,1,1,1,0,3,"[1,1,1]","[1,1,1]","[191707,106164,53807.1]","[-1.60598,-1.8603,-1.57597]","[-0.482593,2.84566,0.436189]","[496847,349347,135655]","[-0.0351982,0.0834923,-0.0768166]","[1,1,-1]","[11,13,11]","[1,1,1]","[0,0,0]","[46.491,577.92,-71.7421]","[-0.00212178,0.013834,0.0191701]","[0.261613,1.95078,1.56235]",81910.5,-3.05613,1,"[53294.8]","[-0.00184283]","[2.22812]","[54027.2]","[0.983222]","[0]","[0]","[-0.887157]",0,"[]","[]","[]","[]","[]","[]","[]","[]","[]","[]",1,"[264163]","[-1.66194]","[-0.28936]","[728257]","[102048]","[1]","[0.129264]","[0.639457]",0,"[]","[]","[]","[]","[]","[]","[]","[]","[]","[]",0,"[3849.2,977.184,350.05]",1620.84,"[3480.64]","[]","[5452.56]","[]"
87,284500,10300,392226,1.15829,15.8288,21798.5,0.553627,1,0.987949,1,1,0.998902,1.02324,1,0,1,0,2,"[1,1]","[1,1]","[70430.4,58715.4]","[1.57984,1.85192]","[2.29313,0.946183]","[178196,191676]","[-0.0148964,-0.0732727]","[-1,1]","[13,13]","[1,1]","[0,0]","[163.029,-201.387]","[-0.00627056,0.000151777]","[0.803683,0.0173785]",240112,2.12063,1,"[357116]","[1.49403]","[-1.21245]","[835666]","[0.99]","[0]","[0]","[-0.887402]",0,"[]","[]","[]","[]","[]","[]","[]","[]","[]","[]",1,"[341212]","[1.48602]","[-1.21389]","[792678]","[11554.4]","[0]","[2.80285]","[0.619338]",0,"[]","[]","[]","[]","[]","[]","[]","[]","[]","[]",0,"[501.341,285.339]",18768.4,"[19888.8]","[]","[6479.88]","[]"
88,284500,10601,392226,1.13247,15.8288,21798.5,0.619412,1,0.995236,1,1,0.997403,0.982461,1,0,1,0,2,"[1,1]","[1,1]","[188947,73772.8]","[-1.36567,-1.38538]","[2.55678,-2.93904]","[394290,156640]","[0.0506401,0.0106659]","[1,-1]","[13,13]","[1,1]","[0,2732.75]","[-620.533,-620.533]","[-0.0149551,-0.0140687]","[2.80183,1.58625]",82237.3,0.782403,4,"[303301,56216.2,33152.9,26604]","[-1.79653,-0.679483,1.34575,1.13395]","[-0.901916,-2.89047,1.56937,3.06818]","[939688,69992.4,68372,46113]","[0.995022,1,0.95759,0.979843]","[0,0,0,0]","[0,0,0,0]","[-0.778932,0.399605,-0.90164,-0.91206]",0,"[]","[]","[]","[]","[]","[]","[]","[]","[]","[]",1,"[281216]","[-1.79341]","[-0.910139]","[868609]","[17231.5]","[0]","[2.51336]","[0.652473]",0,"[]","[]","[]","[]","[]","[]","[]","[]","[]","[]",0,"[2720.45,740.867]",18388.2,"[12818.2,1997.09,2331.62,1739.02]","[]","[24894.5]","[]"
89,284500,11424,392226,0.892116,15.8288,21798.5,1.74563,0.940978,1,1,1,0.99736,1.00632,1,1,0,0,2,"[1,1]","[1,1]","[269100,51468.9]","[0.0868364,1.18563]","[-0.633573,-2.62164]","[270115,92085.4]","[-0.0497742,0.0250854]","[1,-1]","[11,11]","[1,1]","[0,0]","[-777.121,-310.49]","[0.030274,-0.0112557]","[3.72484,1.23884]",114068,-1.02576,6,"[238549,124580,71482.2,67246.3,61120.6,40892.6]","[1.05863,0.270481,1.46877,1.90203,2.49529,2.45839]","[2.2568,2.88238,0.502141,2.44047,0.786699,-2.10409]","[386604,131976,163492,230438,373186,240703]","[0.999982,0.989833,0.100655,0.995453,0.981138,0.992913]","[0,0,0,0,0,0]","[0,0,0,0,0,0]","[-0.889062,-0.681235,-0.950688,-0.860974,-0.718226,-0.806587]",0,"[]","[]","[]","[]","[]","[]","[]","[]","[]","[]",2,"[294245,270976]","[0.949087,0.186064]","[2.44745,-0.636534]","[467791,275695]","[166860,2859.28]","[0,1]","[1.14825,19.8808]","[0.63691,-1]",0,"[]","[]","[]","[]","[]","[]","[]","[]","[]","[]",0,"[5393.95,101.975]",8614.26,"[4113.18,2609.8,3506.96,4259.55,6312.66,4907.04]","[]","[27837.8,19594.9]","[]"
90,284500,10504,392226,1.14416,15.8288,21798.5,0.619412,1,0.967175,1,1,0.998526,1.03821,1,0,1,0,3,"[1,1,1]","[1,1,1]","[238553,64085.7,56111.7]","[-1.40499,-1.64038,-0.778533]","[-0.577925,0.305158,-1.04343]","[515379,171462,73993.2]","[-0.00819016,-0.0484467,-0.0565186]","[1,-1,-1]","[13,13,13]","[1,1,1]","[0,0,0]","[-198.623,168.733,-823.403]","[-0.00922288,-0.00600943,-0.0162295]","[2.13287,0.76303,2.24984]",109513,-0.834895,1,"[425370]","[-1.09095]","[2.54361]","[705099]","[0.650713]","[0]","[0]","[-0.774446]",0,"[]","[]","[]","[]","[]","[]","[]","[]","[]","[]",1,"[477552]","[-1.08459]","[2.54734]","[788967]","[54647.3]","[0]","[2.86194]","[0.587392]",0,"[]","[]","[]","[]","[]","[]","[]","[]","[]","[]",0,"[12745.6,2346.98,458.645]",11462.4,"[13039.8]","[]","[4533.25]","[]"
91,284500,13535,392226,1.08179,15.8288,21798.5,1.21412,0.97446,0.988952,1,1,0.999313,1,1,1,1,0,3,"[1,1,1]","[1,1,1]","[257513,156539,53111.6]","[-0.466385,-0.533152,-0.159763]","[-1.96446,-1.48252,2.26949]","[286031,179320,53790.9]","[-0.0199738,-0.032114,0.0634251]","[-1,1,-1]","[13,13,11]","[1,1,0]","[0,1460.8,0]","[-54.5184,-426.305,389.217]","[-0.00880797,0.00816266,0.0680807]","[1.45343,1.15312,4.73972]",90374,2.20281,2,"[245491,65620.4]","[0.889153,1.29654]","[0.912325,0.707264]","[349795,129036]","[0.996581,0.980101]","[0,0]","[0,0]","[-0.902267,-0.960693]",0,"[]","[]","[]","[]","[]","[]","[]","[]","[]","[]",1,"[317330]","[0.987222]","[0.877692]","[488454]","[58480.2]","[0]","[1.27361]","[0.709863]",0,"[]","[]","[]","[]","[]","[]","[]","[]","[]","[]",0,"[54359.9,10363.1,308.476]",7320.06,"[4272.53,6445.51]","[]","[4282.41]","[]"
92,284500,13745,392226,1,15.8288,21798.5,1.21412,0.950591,0.994275,1,1,1,1.01265,1,1,0,0,3,"[1,1,1]","[1,1,0]","[189005,42606.7,30196.8]","[1.614,0.960472,-0.816397]","[0.843033,0.151822,-1.9561]","[493485,63817.2,40831.6]","[-0.00651932,0.0236397,-0.0414963]","[1,-1,1]","[11,11,13]","[1,1,0]","[0,0,0]","[2048.8,116.378,-524.846]","[0.0161952,0.0177336,-0.00448947]","[2.28067,1.87322,0.500966]",200040,-2.47364,0,"[]","[]","[]","[]","[]","[]","[]","[]",0,"[]","[]","[]","[]","[]","[]","[]","[]","[]","[]",1,"[254140]","[1.54608]","[0.721257]","[632717]","[108059]","[1]","[0.224098]","[0.54629]",0,"[]","[]","[]","[]","[]","[]","[]","[]","[]","[]",0,"[2481,248.19,40.2446]",0,"[]","[]","[158.266]","[]"
93,284500,14772,392226,1,15.8288,21798.5,1.22586,0.935342,1,1,1,1,1.00582,1,1,0,0,3,"[1,1,1]","[1,1,1]","[231486,215766,135970]","[-0.570082,0.523169,0.0507006]","[-1.96347,0.949143,1.24885]","[270131,245974,136144]","[-0.0285873,0.0853252,0.0476704]","[1,1,-1]","[11,11,11]","[1,1,1]","[2301.86,0,0]","[-891.914,-652.337,2437.07]","[-0.0255445,0.0232675,0.0149397]","[1.91795,4.10331,2.29428]",122092,-2.36788,0,"[]","[]","[]","[]","[]","[]","[]","[]",0,"[]","[]","[]","[]","[]","[]","[]","[]","[]","[]",1,"[361899]","[0.339331]","[1.06181]","[397455]","[106445]","[1]","[0.0535388]","[0.401443]",0,"[]","[]","[]","[]","[]","[]","[]","[]","[]","[]",0,"[2459.12,1784.32,1597.83]",4005.7,"[]","[]","[16238.6]","[]"
94,284500,15144,392226,1,15.8288,21798.5,1.32095,0.98697,1.00118,1,1,1,1.00582,1,1,1,0,3,"[1,1,1]","[1,1,1]","[247293,223679,31240.6]","[-0.567337,-1.45912,-1.35726]","[0.726983,-2.23148,2.87143]","[288170,507150,64713.5]","[-0.085022,0.03438,0.0759144]","[-1,-1,1]","[11,13,13]","[1,1,1]","[0,0,0]","[964.35,-665.065,-25.3383]","[0.0228046,-0.00943407,0.0117659]","[1.42622,2.00467,1.38823]",22844.5,2.95077,0,"[]","[]","[]","[]","[]","[]","[]","[]",0,"[]","[]","[]","[]","[]","[]","[]","[]","[]","[]",1,"[259136]","[-0.558647]","[0.731435]","[300638]","[1350.4]","[1]","[81.406]","[-1]",0,"[]","[]","[]","[]","[]","[]","[]","[]","[]","[]",0,"[1946.06,5388.41,82.5324]",16513.8,"[]","[]","[0]","[]"
95,284500,15994,392226,1,15.8288,21798.5,1.1961,0.983127,0.980129,1,1,1,1.00306,1,1,1,0,3,"[1,1,1]","[1,1,1]","[249032,196503,77314.4]","[0.864301,1.21284,0.233794]","[-1.30749,1.66589,-1.20501]","[347983,359638,79437.1]","[0.0349064,-0.0187893,-0.0256443]","[-1,-1,1]","[11,13,11]","[1,1,1]","[0,0,0]","[901.6,-117.215,-1145.96]","[0.0083678,-0.0205311,-0.0171605]","[1.02661,3.42423,1.58882]",143443,2.13757,0,"[]","[]","[]","[]","[]","[]","[]","[]",0,"[]","[]","[]","[]","[]","[]","[]","[]","[]","[]",1,"[365172]","[0.764342]","[-1.29305]","[486181]","[93336.7]","[1]","[0.0501015]","[-1]",0,"[]","[]","[]","[]","[]","[]","[]","[]","[]","[]",0,"[2418.4,1989.12,551.999]",0,"[]","[]","[18504.3]","[]"
96,284500,16078,392226,0.87838,15.8288,21798.5,1.32095,1,0.98401,1,1,0.99553,0.971777,1,0,1,0,3,"[1,1,1]","[1,1,1]","[158802,51123.7,39888.3]","[0.43413,0.350395,0.838773]","[-3.05178,2.0892,1.81315]","[174003,54294.4,54762.1]","[-0.0205383,0.00646973,-0.0127106]","[1,-1,1]","[13,13,13]","[1,1,1]","[0,0,0]","[-785.914,103.432,-546.119]","[0.00618184,0.0173989,0.0270823]","[1.35306,2.5111,4.0047]",143879,2.35159,5,"[306285,31240.9,28370.2,21844.4,20478.9]","[0.851883,0.180037,-1.4902,-0.800325,-2.33918]","[-0.645216,1.28185,0.90069,-0.82502,2.30174]","[427802,32246.1,66523.3,29612.7,107270]","[0.994737,0.965381,0.860185,0.781456,0.954267]","[0,0,0,0,0]","[0,0,0,0,0]","[-0.858556,-0.91544,-0.614764,-0.765662,-0.825754]",0,"[]","[]","[]","[]","[]","[]","[]","[]","[]","[]",1,"[309143]","[0.794052]","[-0.644758]","[415826]","[57489.9]","[0]","[1.02966]","[0.782304]",0,"[]","[]","[]","[]","[]","[]","[]","[]","[]","[]",0,"[2271.99,126.406,169.112]",25943,"[8033.29,1955.55,3940.75,1871.74,1154.63]","[]","[7781.88]","[]"
97,284500,17483,392226,1.37866,15.8288,21798.5,0.75088,0.95472,1,1,1,0.998577,0.99866,1,1,0,0,2,"[1,1]","[1,1]","[313462,78117.6]","[-0.902314,-0.943867]","[-2.80051,-2.22068]","[449964,115576]","[-0.000810862,0.0275902]","[-1,1]","[11,11]","[1,1]","[0,1568.4]","[-2086.54,36.2415]","[0.0109002,0.0230222]","[1.85537,2.53276]",134137,1.01844,1,"[30035.4]","[-2.46447]","[0.419164]","[177925]","[0.995669]","[0]","[0]","[-0.920942]",0,"[]","[]","[]","[]","[]","[]","[]","[]","[]","[]",1,"[409247]","[-0.934257]","[-2.688]","[608447]","[93473.3]","[1]","[0]","[-1]",0,"[]","[]","[]","[]","[]","[]","[]","[]","[]","[]",0,"[3951.42,805.835]",12023.9,"[2964.77]","[]","[19438]","[]"
98,284500,16068,392226,1.01072,15.8288,21798.5,1.32095,1,0.995934,1,1,0.996933,0.839747,1,0,1,0,3,"[1,1,1]","[1,1,1]","[223917,137611,28685.9]","[-0.743853,-1.17943,-0.631142]","[1.58801,2.27433,0.442826]","[288776,244947,34591.6]","[-0.0524445,0.061306,-0.0308762]","[-1,-1,1]","[13,13,13]","[1,1,1]","[0,0,0]","[-501.532,3536.83,-176.953]","[0.0153743,0.00825957,0.00849772]","[2.09021,1.52119,0.788237]",249982,1.85545,4,"[390845,304767,178847,21125.5]","[-0.761151,0.263626,-0.126405,-0.116337]","[-2.18504,-1.04364,-0.189877,-0.762535]","[509907,319747,181428,21673.1]","[0.998142,1,0.987499,0.818308]","[0,0,0,0]","[0,0,0,0]","[-0.741681,-0.634984,-0.916605,-0.838808]",0,"[]","[]","[]","[]","[]","[]","[]","[]","[]","[]",2,"[399258,373341]","[0.136511,-0.778244]","[-0.749766,-2.18835]","[456277,492308]","[213992,9130.86]","[0,0]","[0.901422,0]","[0.423934,-1]",0,"[]","[]","[]","[]","[]","[]","[]","[]","[]","[]",0,"[5488.22,1589.09,92.784]",2935.27,"[4198.61,11560.2,2082.21,1145.41]","[]","[17357.1,266.375]","[]"
99,284500,19757,392226,1,15.8288,21798.5,0.351687,1.00279,0.988416,1,1,1,1.00936,1,1,1,0,3,"[1,1,1]","[1,1,1]","[158116,133546,110902]","[0.033259,0.615232,1.82253]","[-2.81258,-2.59751,0.654977]","[158204,159628,352065]","[-0.18964,0.0510311,0.0599403]","[1,-1,-1]","[11,11,13]","[1,1,1]","[0,0,0]","[1457.73,493.696,-494.642]","[-0.0138613,-0.0165495,0.0111019]","[1.34882,2.65507,1.69687]",180709,0.400074,0,"[]","[]","[]","[]","[]","[]","[]","[]",0,"[]","[]","[]","[]","[]","[]","[]","[]","[]","[]",1,"[306194]","[0.306723]","[-2.71612]","[336579]","[102130]","[1]","[0.103342]","[0.736295]",0,"[]","[]","[]","[]","[]","[]","[]","[]","[]","[]",0,"[802.822,693.04,1400.61]",111.625,"[]","[]","[17126.6]","[]"
100,284500,3711,392226,1,15.8288,21798.5,1.21412,0.96367,1,1,1,1,0.99866,1,1,0,0,2,"[0,0]","[1,1]","[124307,77614.9]","[-1.16043,-0.40258]","[-2.0053,-1.71289]","[217827,83989.8]","[0.0412598,-0.066597]","[-1,1]","[11,11]","[1,1]","[0,0]","[645.423,253.038]","[0.0220382,0.0188938]","[2.41061,2.59577]",181248,1.13071,0,"[]","[]","[]","[]","[]","[]","[]","[]",0,"[]","[]","[]","[]","[]","[]","[]","[]","[]","[]",1,"[277861]","[-1.06585]","[-1.86718]","[470814]","[134439]","[1]","[1.05632]","[0.0176824]",0,"[]","[]","[]","[]","[]","[]","[]","[]","[]","[]",0,"[1409.4,161.155]",45291.4,"[]","[]","[5860.16]","[]"
101,284500,2724,392226,1,15.8288,21798.5,0.923924,0.962595,1,1,1,0.997548,1.00632,1,1,0,0,2,"[1,0]","[1,1]","[279119,148187]","[0.314945,0.155322]","[2.84349,-0.222239]","[293077,149978]","[0.0635147,0.042778]","[1,1]","[11,11]","[1,1]","[0,0]","[81.9892,575.877]","[0.0149748,-0.0427273]","[2.27429,4.06125]",109690,0.0188939,1,"[52231.3]","[0.132338]","[-0.837708]","[52993.7]","[0.975999]","[15]","[1]","[-0.935338]",0,"[]","[]","[]","[]","[]","[]","[]","[]","[]","[]",1,"[292654]","[0.352473]","[2.84064]","[311022]","[-0.00138107]","[1]","[0]","[-1]",0,"[]","[]","[]","[]","[]","[]","[]","[]","[]","[]",0,"[1885.41,1548.42]",5734.28,"[5388.18]","[]","[5342.88]","[]"
102,284500,2780,392226,1.3521,15.8288,21798.5,0.923924,0.958827,1,1,1,0.997238,0.99765,1,1,0,0,2,"[1,1]","[1,1]","[256432,68996.5]","[0.631687,1.27309]","[-1.93543,-1.83029]","[309318,132882]","[-0.0404606,-0.0186157]","[1,-1]","[11,11]","[1,1]","[0,3241.38]","[-1161.09,4031.91]","[0.0145945,0.0222236]","[1.08574,1.91911]",80651.7,0.918517,2,"[188416,72223.1]","[0.530656,-0.880817]","[1.32201,1.08466]","[215845,102461]","[0.998871,0.99271]","[15,0]","[1,0]","[-0.917651,-0.951743]",0,"[]","[]","[]","[]","[]","[]","[]","[]","[]","[]",1,"[343524]","[0.821229]","[-1.91139]","[477733]","[105135]","[1]","[0.0884744]","[0.323002]",0,"[]","[]","[]","[]","[]","[]","[]","[]","[]","[]",0,"[2161.41,285.768]",6284.84,"[3315.51,10227]","[]","[8985.75]","[]"
103,284500,2966,392226,0.81137,15.8288,21798.5,1.1961,0.8739,0.992092,1,1,0.998549,0.73878,1,1,1,0,2,"[0,1]","[1,1]","[147273,29377.6]","[0.234758,2.42314]","[-0.35297,-0.795392]","[151350,167010]","[0.00736237,-0.139397]","[-1,1]","[13,11]","[1,1]","[0,0]","[127.426,138.894]","[-0.0266716,0.0129685]","[5.65731,0.746117]",332853,-0.0585915,2,"[360351,248517]","[0.332803,0.750442]","[-2.827,2.16159]","[380816,322343]","[0.952273,0.999601]","[0,0]","[0,0]","[-0.765961,-0.758388]",0,"[]","[]","[]","[]","[]","[]","[]","[]","[]","[]",1,"[347244]","[0.383959]","[-2.82587]","[373745]","[20968.5]","[0]","[3.32622]","[-1]",0,"[]","[]","[]","[]","[]","[]","[]","[]","[]","[]",0,"[5508.54,345.478]",4311.09,"[4168.74,5418.99]","[]","[17980.8]","[]"
104,284500,46,392226,1.17501,15.8288,21798.5,0,0.947354,1,1,1,0.999588,1.00582,1,1,0,0,3,"[1,1,1]","[1,1,1]","[211433,168631,75526.4]","[-0.376668,1.72965,0.98372]","[0.197964,-3.0027,-2.69056]","[226610,490380,115114]","[0.0199203,-0.0647087,-0.0344086]","[1,-1,1]","[11,11,11]","[1,1,1]","[0,1239.18,0]","[1797.89,1267.67,-133.225]","[0.00652396,-0.00995844,-0.00379271]","[0.796909,1.13888,0.33833]",41060.5,-1.07881,2,"[35975,35602]","[0.901987,0.842699]","[1.56097,0.837549]","[51787.8,49595.2]","[1,0.975886]","[0,0]","[0,0]","[-0.834687,-0.760191]",0,"[]","[]","[]","[]","[]","[]","[]","[]","[]","[]",1,"[264159]","[1.5458]","[-2.90231]","[657393]","[111698]","[1]","[0.0833022]","[0.582217]",0,"[]","[]","[]","[]","[]","[]","[]","[]","[]","[]",0,"[1167.51,3012.08,231.89]",719.625,"[3266.2,4650.64]","[]","[8989.42]","[]"
105,284500,974,392226,1.90719,15.8288,21798.5,0.696077,1,0.982116,1,1,0.98687,1.02324,1,0,1,0,3,"[1,1,1]","[1,1,1]","[100751,74845.2,26109.7]","[1.87486,1.56968,0.46024]","[0.912292,2.04516,2.86402]","[336168,187608,28924.4]","[0.024601,0.0210075,0.00341797]","[1,-1,1]","[13,13,13]","[1,0,1]","[0,0,0]","[420.598,-50.3435,291.286]","[0.0103419,-0.000805117,-0.0163141]","[1.78037,0.120109,1.86035]",65664.8,2.03733,4,"[247214,100829,33740,21172.4]","[1.4307,1.34248,1.89853,2.47542]","[-1.49135,0.779104,2.69979,-2.91072]","[547690,206501,115239,126809]","[1,0.993404,0.99,0]","[4,0,0,0]","[0,0,0,0]","[-0.917479,-0.655589,-0.757941,-0.723766]",0,"[]","[]","[]","[]","[]","[]","[]","[]","[]","[]",1,"[263339]","[1.42126]","[-1.48581]","[578544]","[39301.2]","[0]","[1.65535]","[0.694672]",0,"[]","[]","[]","[]","[]","[]","[]","[]","[]","[]",0,"[2181.49,198.935,102.717]",385.652,"[15618.7,3739.01,3940.68,1646.03]","[]","[25059.4]","[]"
106,284500,271,392226,1.41219,15.8288,21798.5,0.351687,1,0.987223,1,1,0.995838,0.931335,1,0,1,0,2,"[0,0]","[1,0]","[90632.1,37944.1]","[-0.217116,-0.454008]","[1.59092,-2.93553]","[92776.8,41922.5]","[0.0150909,0.0256042]","[1,-1]","[13,13]","[1,1]","[0,1075.5]","[-1111.07,-352.11]","[0.0140284,0.00380549]","[1.79904,0.510361]",123418,0.964198,2,"[326841,79859.4]","[-0.139093,0.302043]","[-2.32367,0.916658]","[330355,83835.7]","[1,0.672787]","[0,15]","[0,1]","[-0.874554,0.680892]",0,"[]","[]","[]","[]","[]","[]","[]","[]","[]","[]",1,"[327910]","[-0.0947194]","[-2.32336]","[329819]","[16964.2]","[0]","[2.44876]","[0.507804]",0,"[]","[]","[]","[]","[]","[]","[]","[]","[]","[]",0,"[3560.93,83.2533]",10368.9,"[8861.83,3288.64]","[]","[29864.7]","[]"
107,284500,447,392226,1,15.8288,21798.5,0.553627,0.921561,1,1,1,0.999543,1.00493,1,1,0,0,3,"[1,0,0]","[1,1,1]","[168125,156820,142505]","[-1.14352,-1.09342,-1.66002]","[-2.82136,0.402688,0.323131]","[290562,260284,388296]","[-0.00911713,-0.0199051,0.0474396]","[1,1,-1]","[11,11,11]","[1,1,1]","[0,1500.81,0]","[1049.7,349.52,600.78]","[-0.0184696,0.0150882,0.033504]","[1.60327,1.74757,3.02932]",107178,-2.82,1,"[21036.6]","[-0.841814]","[2.31053]","[29262.7]","[0.707796]","[0]","[0]","[-0.608665]",0,"[]","[]","[]","[]","[]","[]","[]","[]","[]","[]",1,"[339206]","[-1.42523]","[0.369089]","[752924]","[100947]","[1]","[0.00965442]","[0.278424]",0,"[]","[]","[]","[]","[]","[]","[]","[]","[]","[]",0,"[1659.93,1531.72,2486.7]",22799.7,"[39204.7]","[]","[27045.7]","[]"
108,284500,1013,392226,1.88349,15.8288,21798.5,0.00279311,0.97695,0.981458,1,1,0.99743,0.98743,1,1,1,0,3,"[1,1,1]","[1,1,1]","[279299,49630,44820.6]","[0.0108151,-2.02476,-1.87789]","[-1.41522,-0.869399,1.87329]","[279316,191232,149984]","[0.0466061,-0.0104923,-0.0711308]","[1,-1,1]","[11,13,13]","[1,1,1]","[0,0,0]","[2414.11,0,0]","[-0.0164019,-0.0179389,0.00694323]","[2.44416,2.22038,0.766264]",65585.4,-2.36924,3,"[404257,69193,26606.1]","[0.262234,0.885153,1.30789]","[1.58823,-1.97629,-0.766446]","[418866,98470.8,52972.7]","[0.985153,1,0.921076]","[0,0,0]","[0,0,0]","[-0.423663,-0.873683,-0.853445]",0,"[]","[]","[]","[]","[]","[]","[]","[]","[]","[]",2,"[410682,306179]","[0.25181,0.206592]","[1.58767,-1.5313]","[424535,342423]","[25447.6,139462]","[0,1]","[3.66353,0.449057]","[0.625079,0.627417]",0,"[]","[]","[]","[]","[]","[]","[]","[]","[]","[]",0,"[1534.9,2123.31,193.407]",4868.75,"[4970.83,4044.32,3741.37]","[]","[74.0625,14621.3]","[]"
109,284500,1771,392226,1.33267,15.8288,21798.5,1.24168,1,0.99786,1,1,0.997773,0.924243,1,0,1,0,2,"[0,1]","[1,1]","[122110,42932.9]","[1.13765,2.21116]","[-0.61023,1.08411]","[210030,198262]","[0.0744476,-0.114525]","[-1,1]","[13,11]","[1,0]","[0,0]","[-408.13,206.457]","[-0.00997951,-0.000530171]","[1.87124,0.0294659]",197874,-0.470472,2,"[467644,192168]","[-0.710986,1.952]","[2.10663,-1.81503]","[591440,690707]","[0.998872,0.999307]","[0,0]","[0,0]","[-0.987756,-0.963481]",0,"[]","[]","[]","[]","[]","[]","[]","[]","[]","[]",1,"[488910]","[-0.668299]","[2.10682]","[602749]","[25400.7]","[0]","[3.00542]","[0.569215]",0,"[]","[]","[]","[]","[]","[]","[]","[]","[]","[]",0,"[6686.59,167.303]",2927.25,"[5214.67,3670.32]","[]","[33580.2]","[]"
110,284500,5335,392226,1,15.8288,21798.5,1.22586,0.971177,1,1,1,0.999917,1.00306,1,1,0,0,2,"[1,1]","[1,1]","[235435,34263.2]","[1.08053,0.134195]","[-2.00357,-1.85113]","[386779,34572.1]","[0.0429449,-0.00458908]","[1,-1]","[11,11]","[1,1]","[0,0]","[1165.04,-843.062]","[-0.0122582,-0.0110526]","[1.551,1.03158]",275938,1.29279,1,"[43825.5]","[0.825843]","[1.00352]","[60035]","[0.99682]","[0]","[0]","[-0.963193]",0,"[]","[]","[]","[]","[]","[]","[]","[]","[]","[]",1,"[296471]","[0.986989]","[-1.98561]","[466383]","[110986]","[1]","[0.105067]","[0.242283]",0,"[]","[]","[]","[]","[]","[]","[]","[]","[]","[]",0,"[3232.14,92.0383]",3551.28,"[2394.14]","[]","[3521.34]","[]"
111,284500,5671,392226,1,15.8288,21798.5,1.26459,1,1.00049,1,1,0.999689,0.990513,1,0,1,0,1,"[1]","[1]","[33696.8]","[-1.47443]","[2.38198]","[77459.8]","[-0.0278044]","[1]","[13]","[1]","[0]","[-662.048]","[-1.96519e-05]","[0.00212302]",347405,1.63264,1,"[152936]","[-1.40769]","[-1.87608]","[331300]","[0.982672]","[0]","[0]","[-0.99007]",0,"[]","[]","[]","[]","[]","[]","[]","[]","[]","[]",1,"[338936]","[-1.27491]","[-1.5263]","[660061]","[90849.8]","[1]","[0.0743772]","[0.459694]",0,"[]","[]","[]","[]","[]","[]","[]","[]","[]","[]",0,"[128.89]",8236.53,"[12033.3]","[]","[5840.97]","[]"
112,284500,4148,392226,1.54274,15.8288,21798.5,1.1961,0.944436,1,1,1,0.998538,1.00632,1,1,0,0,3,"[0,0,0]","[1,1,1]","[133195,118654,44206.7]","[0.215995,0.825242,0.17462]","[1.0535,1.44278,2.64912]","[136314,161403,44882.4]","[-0.0275955,0.0587234,0.0177994]","[1,-1,-1]","[11,11,11]","[1,1,1]","[0,1027.51,0]","[213.755,-343.114,148.48]","[-0.00285165,0.0054632,0.136558]","[0.46777,0.804802,16.3113]",116981,2.03009,2,"[400124,35735.6]","[-1.17497,0.621499]","[-1.50096,1.98675]","[710310,43194.2]","[0.99276,0.99365]","[0,0]","[0,0]","[-0.808364,-0.616397]",0,"[]","[]","[]","[]","[]","[]","[]","[]","[]","[]",2,"[346679,278200]","[-1.21604,0.514534]","[-1.49659,1.2987]","[636312,343265]","[12412.6,134435]","[0,1]","[2.61419,0.8198]","[0.629707,0.104105]",0,"[]","[]","[]","[]","[]","[]","[]","[]","[]","[]",0,"[558.003,902.399,169.538]",1116.3,"[5474.05,2186.33]","[]","[7825.94,9341.78]","[]"
113,284500,4209,392226,1.25405,15.8288,21798.5,1.1961,0.98413,0.991214,1,1,0.998245,0.99866,1,1,1,0,3,"[0,1,1]","[1,0,1]","[92074.7,47812.2,40474.6]","[-0.968351,-0.964427,-0.394036]","[2.39557,2.90088,0.700809]","[138725,71825.6,43657.8]","[-0.0218201,-0.0224152,0.0032196]","[1,1,-1]","[11,13,13]","[1,1,1]","[0,0,0]","[-600.172,2885.91,-1176.29]","[-0.00774287,0.0192545,-0.0242731]","[0.709022,2.25898,3.33601]",267516,2.31158,3,"[276211,124066,62128.2]","[1.61414,-0.312139,-1.88531]","[-1.11457,0.151176,-1.34107]","[721679,130602,209586]","[1,0.987666,0.91221]","[0,0,0]","[0,0,0]","[-0.927323,-0.791503,-0.836242]",0,"[]","[]","[]","[]","[]","[]","[]","[]","[]","[]",1,"[280212]","[1.64113]","[-1.10864]","[750490]","[19568.6]","[0]","[2.29616]","[0.763535]",0,"[]","[]","[]","[]","[]","[]","[]","[]","[]","[]",0,"[430.31,314.612,169.476]",12064.8,"[7130.99,2271.4,7466.97]","[]","[10018]","[]"
114,284500,4582,392226,1,15.8288,21798.5,1.22586,0.973391,0.984531,1,1,1,1.00306,1,1,1,0,3,"[1,1,1]","[1,1,1]","[140287,114992,101507]","[1.03275,1.96022,0.304787]","[2.53871,-0.855748,2.45348]","[221991,416368,106258]","[0.0304985,-0.0406609,-0.104565]","[1,1,-1]","[11,13,11]","[1,1,1]","[0,1494.48,0]","[-73.7153,1129.47,-785.971]","[0.0290941,-0.028226,0.0424608]","[3.26709,5.62117,1.4242]",149803,-0.40526,0,"[]","[]","[]","[]","[]","[]","[]","[]",0,"[]","[]","[]","[]","[]","[]","[]","[]","[]","[]",1,"[252355]","[0.781344]","[2.49908]","[343671]","[83446.6]","[1]","[0.0327475]","[-1]",0,"[]","[]","[]","[]","[]","[]","[]","[]","[]","[]",0,"[1342.97,2789.68,378.806]",6225.33,"[]","[]","[791]","[]"
115,284500,5665,392226,1,15.8288,21798.5,1.26459,0.97695,1,1,1,1.00221,0.98743,1,1,0,0,1,"[1]","[1]","[256511]","[-0.051559]","[1.63515]","[256852]","[-0.0257111]","[-1]","[11]","[1]","[0]","[-236.85]","[0.0286124]","[1.59799]",256350,-1.61281,2,"[37338.1,24912.6]","[0.167277,2.24508]","[0.485622,-1.97361]","[38046.6,118980]","[0.998055,0.984389]","[0,15]","[0,1]","[-0.0767265,-0.56642]",0,"[]","[]","[]","[]","[]","[]","[]","[]","[]","[]",1,"[284046]","[-0.00389133]","[1.66057]","[287375]","[43604.1]","[1]","[1.08506]","[0.271714]",0,"[]","[]","[]","[]","[]","[]","[]","[]","[]","[]",0,"[2351.57]",1193.94,"[3892.97,3569.78]","[]","[2008.12]","[]"
116,284500,5868,392226,1.42704,15.8288,21798.5,1.1961,0.947046,1,1,1,0.99901,1.00632,1,1,0,0,3,"[1,1,1]","[1,1,1]","[144270,142512,79512.6]","[0.184149,-0.16551,-0.158993]","[0.6282,1.59731,2.49956]","[146723,144468,80519.7]","[0.12925,-0.0021019,0.009552]","[1,-1,1]","[11,11,11]","[1,1,1]","[0,1208.18,0]","[1932.63,-581.964,-510.191]","[-0.00778524,0.00932328,0.0045377]","[0.663336,1.06224,0.397813]",136788,1.27507,2,"[374007,51751.3]","[0.0140479,0.00888391]","[-1.66314,-2.49524]","[375010,52240.5]","[1,0.968254]","[0,0]","[0,0]","[-0.83105,-0.120412]",0,"[]","[]","[]","[]","[]","[]","[]","[]","[]","[]",1,"[362754]","[-0.0146111]","[-1.77029]","[376178]","[99457.3]","[0]","[1.37067]","[0.629939]",0,"[]","[]","[]","[]","[]","[]","[]","[]","[]","[]",0,"[1247.29,588.191,303.765]",8620.41,"[9460.98,2010.31]","[]","[22002.8]","[]"
117,284500,7119,392226,1.82083,15.8288,21798.5,0.923924,0.920695,1,1,1,0.954425,1,1,1,0,0,2,"[1,1]","[1,1]","[304600,43404.5]","[-1.92534,-1.53946]","[2.69516,-2.84541]","[1.0666e+06,105832]","[0.181679,-0.000991821]","[-1,1]","[11,11]","[0,1]","[0,0]","[4022.71,649.878]","[0.0155594,-0.0291999]","[0.436366,1.7506]",281654,-0.574566,3,"[42534.6,35842.7,33539.1]","[-0.56579,-1.85554,0.328838]","[-0.630826,0.715151,1.11001]","[49798.4,117510,35620.8]","[0.988765,1,0.998142]","[15,5,0]","[1,0,0]","[-0.973826,-0.782497,-0.797676]",0,"[]","[]","[]","[]","[]","[]","[]","[]","[]","[]",1,"[374978]","[-1.88572]","[2.7799]","[1.26824e+06]","[101114]","[1]","[0.220899]","[0.333347]",0,"[]","[]","[]","[]","[]","[]","[]","[]","[]","[]",0,"[3645.13,328.497]",4536.91,"[5037.39,1568.86,3569.18]","[]","[2983.09]","[]"
118,284500,6048,392226,1,15.8288,21798.5,1.32095,0.97996,0.98937,1,1,1,1.01265,1,1,1,0,3,"[1,1,1]","[1,1,1]","[258904,228819,83491.5]","[1.68278,0.379778,-0.200958]","[-1.5259,1.7325,1.44194]","[720574,245519,85183.2]","[-0.071106,0.0491943,0.0438461]","[1,-1,1]","[11,13,13]","[1,1,1]","[0,0,0]","[1124.59,5555.72,-132.893]","[-0.00771464,0.00502073,0.000922105]","[0.730686,0.991453,0.199453]",54323.5,-1.37695,0,"[]","[]","[]","[]","[]","[]","[]","[]",0,"[]","[]","[]","[]","[]","[]","[]","[]","[]","[]",1,"[269181]","[1.70518]","[-1.52693]","[765029]","[0.015625]","[1]","[0]","[-1]",0,"[]","[]","[]","[]","[]","[]","[]","[]","[]","[]",0,"[6386.76,4147.12,2690.22]",0,"[]","[]","[2665.69]","[]"
119,284500,6459,392226,1.34579,15.8288,21798.5,1.21412,0.98697,0.982255,1,1,0.999907,1.00582,1,1,1,0,2,"[0,1]","[1,1]","[273413,230169]","[-0.28524,-0.671393]","[-1.72084,1.25633]","[284611,284024]","[-0.0935669,-0.016098]","[1,1]","[11,13]","[1,1]","[0,0]","[451.143,-254.019]","[-0.0157513,0.0212048]","[2.35074,4.75533]",43966,0.860835,1,"[66672.8]","[-1.7819]","[2.92725]","[203806]","[0.991704]","[0]","[0]","[-0.718454]",0,"[]","[]","[]","[]","[]","[]","[]","[]","[]","[]",1,"[287744]","[-0.207802]","[-1.7226]","[294006]","[3971.87]","[1]","[15.755]","[0.262674]",0,"[]","[]","[]","[]","[]","[]","[]","[]","[]","[]",0,"[1881.71,5301.84]",815.016,"[2871.36]","[]","[464.188]","[]"
120,284500,8173,392226,1.48656,15.8288,21798.5,1.24168,0.940807,1,1,1,0.99834,1.00582,1,1,0,0,3,"[1,1,1]","[1,1,1]","[138322,118293,38474.6]","[-1.04958,-0.478799,-0.621251]","[2.86191,-2.89549,1.97338]","[221767,132113,46141.2]","[0.0318527,0.0595436,-0.051445]","[1,-1,1]","[11,11,11]","[1,1,1]","[0,0,0]","[-184.742,-484.867,691.751]","[-0.00460524,-0.00223694,0.00554712]","[0.560966,0.110267,0.380729]",20749.2,1.11443,4,"[400309,76067.9,61138.1,29837]","[0.514841,1.31575,-2.25199,0.654056]","[-0.4142,2.2399,2.98368,2.04537]","[454756,152353,293991,36772.8]","[0.999798,0.99,0.986458,0.781882]","[0,0,0,0]","[0,0,0,0]","[-0.889673,-0.647658,-0.386621,-0.942253]",0,"[]","[]","[]","[]","[]","[]","[]","[]","[]","[]",2,"[425201,265714]","[0.540685,-0.81136]","[-0.413036,3.10885]","[489109,375487]","[14908.7,113005]","[0,1]","[0,0.00621357]","[-1,-1]",0,"[]","[]","[]","[]","[]","[]","[]","[]","[]","[]",0,"[1162.49,487.524,189.932]",3475.85,"[8215,2757.07,7540.71,4148.87]","[]","[12118.4,15494.7]","[]"
121,284500,8631,392226,1,15.8288,21798.5,1.08735,0.947141,1,1,1,1,1.00632,1,1,0,0,3,"[1,1,1]","[1,1,1]","[227617,216450,117558]","[0.444244,-0.999049,-0.616958]","[-2.09262,1.09775,0.679059]","[250449,333757,140650]","[-0.000282288,0.00281143,-0.0236759]","[-1,-1,1]","[11,11,11]","[1,1,1]","[0,0,0]","[-366.954,1212.11,1997.75]","[0.0208267,-0.00184487,0.00202727]","[1.8685,0.285423,0.250551]",96517.8,-2.3804,0,"[]","[]","[]","[]","[]","[]","[]","[]",0,"[]","[]","[]","[]","[]","[]","[]","[]","[]","[]",1,"[356656]","[-0.882271]","[0.94786]","[515871]","[106742]","[1]","[0.132443]","[0.520228]",0,"[]","[]","[]","[]","[]","[]","[]","[]","[]","[]",0,"[1337.01,2047.09,556.526]",0,"[]","[]","[17966.3]","[]"
122,284500,9759,392226,1,15.8288,21798.5,0.351687,0.962732,1,1,1,1,1.00306,1,1,0,0,3,"[1,1,1]","[1,1,1]","[254840,94452.5,45907.9]","[1.01438,0.448824,0.365249]","[-1.62783,1.38452,-1.2985]","[397588,104127,49004.3]","[-0.0295029,-0.0177879,-0.0361271]","[1,-1,1]","[11,11,11]","[1,1,1]","[1123.02,0,0]","[6088.87,-1390.55,2915.17]","[-0.0579249,0.0238774,-0.00886371]","[5.86243,1.82499,1.06236]",178601,1.41146,0,"[]","[]","[]","[]","[]","[]","[]","[]",0,"[]","[]","[]","[]","[]","[]","[]","[]","[]","[]",1,"[333544]","[0.938318]","[-1.58217]","[502478]","[104598]","[1]","[0.506979]","[0.443958]",0,"[]","[]","[]","[]","[]","[]","[]","[]","[]","[]",0,"[2763.74,622.879,43.6369]",4101.69,"[]","[]","[3950.62]","[]"
123,284500,8431,392226,1.27287,15.8288,21798.5,1.55465,0.933235,1,1,1,0.996562,1.00306,1,1,0,0,2,"[1,1]","[1,1]","[245778,26906.9]","[1.11811,1.30381]","[-2.74564,2.38021]","[416099,53205.7]","[0.0804901,0.0257034]","[-1,1]","[11,11]","[1,1]","[0,0]","[148.695,-826.406]","[0.0134372,-0.00930539]","[1.89106,0.82509]",84299.9,-0.0917126,2,"[235184,120093]","[1.34228,2.13863]","[-0.109644,2.16872]","[481182,516840]","[0.99,0.988197]","[15,0]","[1,0]","[-0.905282,-0.892139]",0,"[]","[]","[]","[]","[]","[]","[]","[]","[]","[]",1,"[269086]","[1.09386]","[-2.7428]","[446781]","[2010.73]","[1]","[85.8589]","[0.489772]",0,"[]","[]","[]","[]","[]","[]","[]","[]","[]","[]",0,"[2663.56,79.0634]",4390.27,"[10081.6,6925.98]","[]","[8228.34]","[]"
124,284500,9775,392226,1.02172,15.8288,21798.5,0.351687,0.936788,1,1,1,0.992693,0.98448,1,1,0,0,2,"[1,1]","[1,1]","[47068.4,36743.1]","[-0.562239,0.738742]","[0.24092,-1.56162]","[54705.9,47233.5]","[-0.0725985,0.0105839]","[1,-1]","[11,11]","[1,1]","[0,0]","[-1027.1,-1290.21]","[0.00867418,0.00809373]","[0.509033,0.540274]",221541,-1.06124,11,"[465667,321032,125610,119251,117649,68697.3,51432.5,44312,37657.9,22300.7,21025.4]","[1.24448,0.702122,0.715275,1.30614,0.237742,1.40966,2.0394,-1.00738,1.61115,-0.102614,2.1561]","[1.31463,-2.73138,-0.746447,-2.76571,1.31991,-0.0407426,-2.48607,-0.778844,3.11549,-1.54814,3.10341]","[875760,405276,159813,236694,121536,149247,201126,69015.8,98283,22576,92072.2]","[0.99859,0.996612,0.997698,0.993623,0.0967909,0.996813,0.998886,0.99452,0.982406,0.99513,0.991989]","[0,0,0,0,0,0,0,0,0,0,0]","[0,0,0,0,0,0,0,0,0,0,0]","[-0.40963,-0.811065,-0.855583,-0.893954,-0.736459,-0.959872,-0.824044,-0.63296,-0.606961,-0.935654,-0.670757]",0,"[]","[]","[]","[]","[]","[]","[]","[]","[]","[]",2,"[572224,445496]","[1.09066,0.877275]","[1.31724,-2.7373]","[976981,640764]","[237510,126240]","[0,0]","[0.795533,1.23966]","[0.709246,0.511571]",0,"[]","[]","[]","[]","[]","[]","[]","[]","[]","[]",0,"[114.634,24.9305]",8825.81,"[5953.96,4391.57,4475.25,9378.92,2166.48,6858.93,2924.11,2389.28,3105.12,1692.98,1142.52]","[]","[19029.9,1121.78]","[]"
125,284500,9860,392226,0.960618,15.8288,21798.5,0.187531,0.960047,1,1,1,0.999712,1.00121,1,1,0,0,2,"[1,1]","[1,1]","[172351,86730]","[-1.90319,-1.74267]","[-1.40231,1.48715]","[590851,255318]","[-0.117214,0.0662422]","[-1,-1]","[11,11]","[1,1]","[0,0]","[-724.396,4857.4]","[-0.0084362,0.0252742]","[0.513208,3.17715]",133648,2.15798,2,"[100293,93583.2]","[-0.508784,-1.40625]","[0.966018,-2.03721]","[114072,202650]","[0.98746,0.996553]","[0,0]","[0,0]","[-0.785815,-0.994392]",0,"[]","[]","[]","[]","[]","[]","[]","[]","[]","[]",1,"[253333]","[-1.83097]","[-1.59592]","[815987]","[92844.9]","[1]","[0.225225]","[0.603821]",0,"[]","[]","[]","[]","[]","[]","[]","[]","[]","[]",0,"[1220.87,711.049]",1523.55,"[5693.83,5125.13]","[]","[0]","[]"
126,284500,8068,392226,1.39355,15.8288,21798.5,1.24168,0.97921,0.975966,1,1,0.999155,1.00192,1,1,0,0,3,"[1,1,1]","[1,1,0]","[193754,65167.7,11359.2]","[-0.56234,-0.446434,-1.54667]","[1.3038,2.92619,-0.589624]","[225204,71770.4,27880.2]","[0.000944138,0.0107365,-0.0186882]","[-1,-1,1]","[13,11,13]","[1,1,1]","[0,0,0]","[-57.0085,243.14,319.516]","[-0.00365791,-0.0259392,0.0166762]","[0.765283,3.56717,1.10392]",48709.8,0.690185,1,"[266434]","[-1.39569]","[-1.61039]","[571083]","[0.993051]","[0]","[0]","[-0.926812]",0,"[]","[]","[]","[]","[]","[]","[]","[]","[]","[]",1,"[272021]","[-1.39421]","[-1.61196]","[582636]","[24908.7]","[0]","[3.38636]","[0.6543]",0,"[]","[]","[]","[]","[]","[]","[]","[]","[]","[]",0,"[4665.85,467.759,34.9208]",18692.1,"[3611.85]","[]","[10262.4]","[]"
127,284500,11549,392226,1,15.8288,21798.5,1.55465,0.937893,1,1,1,1,1.00306,1,1,0,0,2,"[1,1]","[1,1]","[432791,30884.8]","[0.76705,1.25564]","[2.05496,2.68073]","[566477,58603.8]","[0.0538788,-0.00896454]","[-1,1]","[11,11]","[1,1]","[0,0]","[312.087,1016.98]","[-0.0126919,-0.0158822]","[1.91625,1.19812]",451325,-1.03794,0,"[]","[]","[]","[]","[]","[]","[]","[]",0,"[]","[]","[]","[]","[]","[]","[]","[]","[]","[]",1,"[465900]","[0.866803]","[2.09398]","[658508]","[91193.9]","[1]","[0.0575046]","[-1]",0,"[]","[]","[]","[]","[]","[]","[]","[]","[]","[]",0,"[5457.1,121.516]",0,"[]","[]","[29276.5]","[]"
128,284500,11840,392226,1,15.8288,21798.5,1.24168,0.944823,1,1,1,0.997728,1.00493,1,1,0,0,2,"[1,1]","[1,0]","[165541,158455]","[-1.26899,-1.02633]","[2.68708,-0.872382]","[317705,249496]","[0.112541,0.00218964]","[-1,1]","[11,11]","[1,1]","[1025.68,2462.54]","[4054.28,-282.242]","[-0.00126409,-0.011892]","[0.106247,1.36489]",91984.5,2.40302,2,"[140558,25675.3]","[-0.81357,-1.74185]","[-0.191099,2.42956]","[189983,75635.2]","[0.791142,0.876651]","[0,0]","[0,0]","[-0.985903,-0.666244]",0,"[]","[]","[]","[]","[]","[]","[]","[]","[]","[]",1,"[277139]","[-1.03417]","[-0.600912]","[447748]","[87933.4]","[1]","[0.190449]","[0.229549]",0,"[]","[]","[]","[]","[]","[]","[]","[]","[]","[]",0,"[1751.85,1436.63]",925.461,"[4974.9,3328.65]","[]","[19250.7]","[]"
129,284500,11024,392226,1.03204,15.8288,21798.5,0.0132185,0.99093,1,1,1,0.988071,1.00306,1,1,0,0,1,"[1]","[1]","[145042]","[1.01656]","[2.43726]","[226664]","[0.0509186]","[1]","[11]","[1]","[0]","[2171.47]","[-7.72066e-05]","[0.00645352]",34040.6,-2.69579,2,"[294955,137021]","[-0.774494,1.42217]","[-0.437992,2.69636]","[388018,300585]","[1,1]","[4,0]","[0,0]","[-0.861943,-0.922607]",0,"[]","[]","[]","[]","[]","[]","[]","[]","[]","[]",2,"[299907,281399]","[-0.76737,1.22314]","[-0.439791,2.53967]","[392748,524203]","[9764.7,70164.9]","[0,1]","[1.496,0.0983687]","[0.258229,0.48574]",0,"[]","[]","[]","[]","[]","[]","[]","[]","[]","[]",0,"[1366.26]",12062.8,"[13231.8,4276.4]","[]","[18924.2,0]","[]"
130,284500,12886,392226,0.945085,15.8288,21798.5,0.923924,1,1.0053,1,1,0.98628,0.836291,1,0,1,0,2,"[1,0]","[0,1]","[60101.8,45072.4]","[-0.0475337,-0.402831]","[-2.33741,-1.20878]","[60169.8,48779.3]","[-0.0232544,-0.0425491]","[-1,1]","[13,13]","[0,1]","[0,0]","[-782.545,-674.244]","[0.0114958,0.039493]","[2.01732,5.57333]",333306,-1.7744,2,"[290525,111676]","[0.0323946,-0.812383]","[1.53517,1.0393]","[291038,151678]","[0.990625,1]","[4,0]","[0,0]","[-0.292616,-0.706532]",0,"[]","[]","[]","[]","[]","[]","[]","[]","[]","[]",1,"[367066]","[-0.226763]","[1.42022]","[417383]","[180064]","[0]","[0.652648]","[0.713999]",0,"[]","[]","[]","[]","[]","[]","[]","[]","[]","[]",0,"[1202.2,517.447]",880.812,"[6467.9,3103.35]","[]","[19873.2]","[]"
131,284500,12955,392226,1.51806,15.8288,21798.5,1.1961,0.97738,0.983275,1,1,0.995886,1.00056,1,1,1,0,3,"[1,1,0]","[1,1,1]","[137484,135570,60974.2]","[0.9713,1.61536,0.366455]","[-1.67965,-1.51553,-0.383804]","[207599,354416,65114.3]","[0.0144501,0.00658035,0.0198135]","[-1,1,1]","[13,13,11]","[1,1,1]","[0,0,0]","[-164.571,817.734,5.89218]","[-0.0124397,-0.00215963,-0.0405293]","[2.80855,0.298607,4.53369]",130712,-0.837068,4,"[676245,283842,43075.1,24712.7]","[0.439716,-0.874047,-1.8633,-0.236123]","[2.2369,-0.515438,-0.639247,2.2084]","[744274,399916,142338,25756.3]","[0.445757,0.997504,0.998932,0.968982]","[0,0,0,0]","[0,0,0,0]","[-0.794035,-0.961385,-0.520947,-0.886135]",0,"[]","[]","[]","[]","[]","[]","[]","[]","[]","[]",2,"[672849,321088]","[0.420761,-1.04233]","[2.24247,-0.523807]","[736071,524881]","[63883.9,116067]","[0,0]","[2.41315,1.91959]","[0.374369,0.681224]",0,"[]","[]","[]","[]","[]","[]","[]","[]","[]","[]",0,"[1119.35,2057.47,346.797]",22484.9,"[14594.5,6083.33,2671.16,2466.45]","[]","[37734.7,8059.38]","[]"
132,284500,13626,392226,1.44496,15.8288,21798.5,1.21412,0.959841,0.996817,1,1,1.00004,1.00632,1,1,1,0,3,"[1,1,1]","[1,1,1]","[169365,100174,77105.2]","[0.193041,1.1881,0.888378]","[1.81699,-1.31707,1.47417]","[172530,179594,109586]","[-0.0235834,0.025301,0.00541115]","[1,1,-1]","[11,13,11]","[1,1,1]","[0,0,0]","[4517.65,-77.605,324.996]","[0.0213322,-0.0191464,0.018935]","[3.56959,3.75561,2.09469]",156194,-1.86396,1,"[54714.2]","[-0.663447]","[0.0304261]","[67528.1]","[0.992667]","[0]","[0]","[-0.924456]",0,"[]","[]","[]","[]","[]","[]","[]","[]","[]","[]",1,"[269948]","[0.44203]","[1.72357]","[314774]","[104977]","[1]","[0.301888]","[0.548219]",0,"[]","[]","[]","[]","[]","[]","[]","[]","[]","[]",0,"[771.455,1960.3,265.371]",288.359,"[2262.25]","[]","[9698.41]","[]"
133,284500,14213,392226,1.47294,15.8288,21798.5,1.1961,0.97921,1,1,1,0.996828,1.00192,1,1,0,0,1,"[1]","[1]","[62620.5]","[-0.370664]","[-1.2996]","[66971.7]","[0.061821]","[1]","[11]","[1]","[0]","[-186.48]","[0.00994128]","[1.3429]",116833,-1.71228,3,"[259379,128421,60884.4]","[-0.540109,-0.29071,0.0572494]","[1.44692,-2.30154,0.28059]","[299076,136950,61055.5]","[1,0.982986,0.99717]","[0,15,0]","[0,1,0]","[-0.697815,0.0980105,-0.979883]",0,"[]","[]","[]","[]","[]","[]","[]","[]","[]","[]",1,"[266557]","[-0.558002]","[1.46377]","[310525]","[29253.7]","[0]","[2.97119]","[0.594978]",0,"[]","[]","[]","[]","[]","[]","[]","[]","[]","[]",0,"[235.69]",3284.95,"[8296.22,3496.39,5201.96]","[]","[11966.8]","[]"
134,284500,14325,392226,0.940919,15.8288,21798.5,1.26459,0.941018,1,1,1,0.999419,0.98743,1,1,0,0,2,"[1,1]","[1,0]","[153613,12721.5]","[-0.138193,-0.651686]","[0.360004,0.383485]","[155082,15519.8]","[-0.101967,0.00569916]","[-1,-1]","[11,11]","[1,1]","[0,0]","[1190.52,2484.84]","[-0.00526979,0.0138586]","[0.76089,1.09599]",161908,-0.202103,1,"[252555]","[-0.781353]","[3.12463]","[333977]","[0.995118]","[0]","[0]","[-0.740271]",0,"[]","[]","[]","[]","[]","[]","[]","[]","[]","[]",1,"[254176]","[-0.757204]","[3.126]","[330824]","[12391.2]","[0]","[2.56891]","[0.43925]",0,"[]","[]","[]","[]","[]","[]","[]","[]","[]","[]",0,"[941.134,271.643]",7576.06,"[7863.62]","[]","[0]","[]"
135,284500,15077,392226,0.755764,15.8288,21798.5,1.32095,0.895528,1,1,1,1.01479,1.01012,1,1,0,0,3,"[1,1,1]","[1,1,1]","[339376,60738.6,27387.8]","[1.98189,0.350015,1.11483]","[-1.53852,1.48542,-1.61886]","[1.25471e+06,64497.3,46244.8]","[-0.00666046,-0.0585632,0.00979614]","[1,-1,1]","[11,11,11]","[1,1,1]","[0,0,0]","[2471.49,-226.577,-834.406]","[0.0104582,0.0126982,0.0204835]","[1.03411,0.848649,1.73667]",92168.3,-1.29647,7,"[511412,320979,96332.8,45176,30575.9,23803.5,21030.7]","[-0.429209,0.42462,-0.299351,-1.49703,0.271903,-2.35285,-1.15925]","[1.37317,-2.38413,0.93442,-0.730692,0.898576,2.14879,1.51365]","[561743,351332,100943,106187,32328.4,126354,37063.5]","[0.993693,0.995344,0.995583,0.992842,0.993856,0.638395,0.983004]","[0,0,5,0,0,0,0]","[0,0,0,0,0,0,0]","[-0.965289,-0.63324,0.990255,-0.730287,-0.739056,-0.860785,-0.924035]",0,"[]","[]","[]","[]","[]","[]","[]","[]","[]","[]",3,"[620225,394992,307239]","[-0.380368,1.92558,0.398011]","[1.32812,-1.54439,-2.38447]","[689968,1.38659e+06,332481]","[181616,93474.7,19691.2]","[0,1,0]","[1.83263,0,1.51071]","[0.18,-1,0.367335]",0,"[]","[]","[]","[]","[]","[]","[]","[]","[]","[]",0,"[4503.83,88.6671,117.217]",7398.41,"[17813.8,8165.25,3555.95,2830.52,1961.67,2095.45,1236.19]","[]","[21708.9,12490.2,10899.4]","[]"
136,284500,15230,392226,1,15.8288,21798.5,1.22586,0.924564,1,1,1,1,1.00121,1,1,0,0,3,"[0,1,0]","[1,1,1]","[245443,131418,46166.6]","[-1.96475,-1.65614,-1.73798]","[1.53421,-2.11446,0.668252]","[892590,356794,135308]","[-0.108337,-0.00624847,-0.000919342]","[-1,1,1]","[11,11,11]","[1,1,1]","[0,0,0]","[5652.2,-46.0041,-715.583]","[-0.00583344,0.0107276,-0.0275421]","[0.492177,0.996544,0.953957]",168189,-1.37512,0,"[]","[]","[]","[]","[]","[]","[]","[]",0,"[]","[]","[]","[]","[]","[]","[]","[]","[]","[]",1,"[304767]","[-1.98974]","[1.40602]","[1.13929e+06]","[95191.6]","[1]","[0.3407]","[0.6204]",0,"[]","[]","[]","[]","[]","[]","[]","[]","[]","[]",0,"[3048.59,2687.42,298.93]",18809.9,"[]","[]","[18174.5]","[]"
137,284500,16228,392226,1.16413,15.8288,21798.5,1.21412,0.97553,0.983793,1,1,0.993009,1.01265,1,1,1,0,2,"[1,0]","[1,1]","[135140,48144]","[1.71127,1.8046]","[-1.08916,-2.03663]","[386271,150259]","[0.030798,-0.0326366]","[1,-1]","[11,13]","[1,1]","[0,0]","[2282.59,-58.0388]","[0.00280319,-0.00186843]","[0.254599,0.178676]",156190,-1.78475,2,"[368003,113989]","[1.76725,2.33582]","[1.33513,-2.67081]","[1.10977e+06,594729]","[0.999218,0.99945]","[0,15]","[0,1]","[-0.711399,-0.678307]",0,"[]","[]","[]","[]","[]","[]","[]","[]","[]","[]",1,"[319704]","[1.75774]","[1.35215]","[955270]","[35834.7]","[0]","[1.96774]","[0.676279]",0,"[]","[]","[]","[]","[]","[]","[]","[]","[]","[]",0,"[1805.63,346.432]",10380.8,"[10045.4,4115.31]","[]","[231.688]","[]"
138,284500,17797,392226,1.05429,15.8288,21798.5,0.696077,0.940841,0.997069,1,1,0.998643,0.98483,1,1,1,0,3,"[1,1,1]","[1,1,1]","[77719.4,59085.6,30094.2]","[0.915898,-0.428102,0.18799]","[2.24619,-1.9325,1.45861]","[112661,64583.2,30627.6]","[-0.0120468,-0.077919,0.118927]","[-1,1,-1]","[13,11,11]","[1,1,1]","[0,0,0]","[615.632,2029.88,1201.28]","[0.011892,-0.0259056,0.0134244]","[1.99764,2.37386,1.32569]",239740,1.99265,3,"[211632,65361.8,48589.7]","[-1.3188,-1.74578,-1.65586]","[-0.814092,-0.823091,-2.12224]","[424776,193042,132040]","[0.991514,0.989316,1]","[0,0,0]","[0,0,0]","[-0.928421,-0.943311,0.129624]",0,"[]","[]","[]","[]","[]","[]","[]","[]","[]","[]",1,"[275585]","[-1.46521]","[-0.81099]","[631495]","[63819.2]","[0]","[1.11906]","[0.680327]",0,"[]","[]","[]","[]","[]","[]","[]","[]","[]","[]",0,"[517.395,491.969,105.778]",10934.4,"[3850.76,4705.77,5559.52]","[]","[3849.75]","[]"
139,284500,16733,392226,1,15.8288,21798.5,1.25133,0.944412,1,1,1,0.999768,1.01508,1,1,0,0,2,"[1,1]","[1,1]","[147142,66117.7]","[-1.57475,-2.05659]","[-2.85075,0.342146]","[370547,262723]","[-0.0214252,-0.036869]","[1,-1]","[11,11]","[1,1]","[1289.65,0]","[63.1411,506.462]","[-0.0100915,0.024782]","[0.652316,1.31742]",206149,0.587613,1,"[141063]","[-1.51666]","[-2.0927]","[336956]","[0.996138]","[0]","[0]","[-0.928727]",0,"[]","[]","[]","[]","[]","[]","[]","[]","[]","[]",1,"[274217]","[-1.62303]","[-2.53952]","[731044]","[114808]","[1]","[0.166771]","[0.6307]",0,"[]","[]","[]","[]","[]","[]","[]","[]","[]","[]",0,"[2639.51,1317.44]",12549.2,"[10740.1]","[]","[0]","[]"
140,284500,19164,392226,1,15.8288,21798.5,0.738662,0.932512,1,1,1,1,1.00582,1,1,0,0,3,"[1,1,1]","[1,1,1]","[561565,552942,190769]","[-1.21427,-0.351184,-0.94272]","[-1.95985,1.23562,-1.9884]","[1.029e+06,587391,282007]","[-0.0134811,-0.0260897,0.0489655]","[1,1,-1]","[11,11,11]","[1,1,1]","[138629,0,0]","[1283.26,1202.96,-606.808]","[0.000619104,0.00486847,-0.00465113]","[0.0578679,0.820046,0.576501]",217350,0.985878,0,"[]","[]","[]","[]","[]","[]","[]","[]",0,"[]","[]","[]","[]","[]","[]","[]","[]","[]","[]",2,"[826504,563485]","[-1.15484,-0.344859]","[-1.97126,1.23404]","[1.44417e+06,597333]","[84872.4,3123.91]","[1,1]","[0,35.6538]","[-1,0.16457]",0,"[]","[]","[]","[]","[]","[]","[]","[]","[]","[]",0,"[10114.8,5205,2088.18]",0,"[]","[]","[9532.94,2944.44]","[]"
141,284500,18365,392226,1.38342,15.8288,21798.5,1.55465,0.97826,0.99747,1,1,0.998641,1.00493,1,1,0,0,2,"[1,1]","[1,0]","[124550,20940.5]","[-1.18227,-2.34801]","[-2.46101,1.12485]","[222219,110568]","[-0.0222855,0.150322]","[-1,1]","[11,13]","[1,1]","[0,0]","[318.976,744.616]","[-0.0086518,0.0314826]","[0.916266,1.83549]",328786,1.06028,3,"[279448,56618.9,20165.5]","[-1.46611,-0.866889,0.437957]","[-2.0041,0.702515,-1.47509]","[637595,79831.8,22285.1]","[1,0.999342,0.949185]","[0,0,0]","[0,0,0]","[-0.879923,-0.748597,-0.859018]",0,"[]","[]","[]","[]","[]","[]","[]","[]","[]","[]",1,"[403034]","[-1.37607]","[-2.16921]","[856007]","[111122]","[1]","[0.0383537]","[0.337053]",0,"[]","[]","[]","[]","[]","[]","[]","[]","[]","[]",0,"[1050.82,186.774]",18572.4,"[6748.91,2105.28,1137.32]","[]","[10820.3]","[]"
142,284500,3061,392226,1.7686,15.8288,21798.5,1.26205,0.98428,0.996017,1,1,1,1.00121,1,1,1,0,2,"[1,1]","[1,1]","[250321,85225.8]","[-1.81626,-0.275821]","[-0.128071,2.53044]","[789945,88488.3]","[-0.00942183,0.0194798]","[-1,-1]","[11,13]","[1,1]","[1189.17,0]","[914.221,-53.8758]","[0.0385897,-0.00727262]","[2.13657,1.03034]",194203,3.00169,0,"[]","[]","[]","[]","[]","[]","[]","[]",0,"[]","[]","[]","[]","[]","[]","[]","[]","[]","[]",1,"[266765]","[-1.82003]","[-0.129599]","[844856]","[0]","[1]","[0]","[-1]",0,"[]","[]","[]","[]","[]","[]","[]","[]","[]","[]",0,"[2872.89,1576.95]",1914.73,"[]","[]","[4635.28]","[]"
143,284500,3182,392226,1.3186,15.8288,21798.5,1.26205,0.97332,1,1,1,0.996585,0.98683,1,1,0,0,1,"[1]","[1]","[62260.7]","[-1.10879]","[0.350642]","[104618]","[0.066143]","[1]","[11]","[1]","[0]","[358.338]","[-0.0115609]","[1.3774]",28973.8,0.683532,4,"[286422,130584,48209.3,25381.2]","[-1.64634,-1.42118,-2.36498,-1.24708]","[-2.75618,-0.185243,-0.983104,1.19116]","[771753,286286,258874,48063.9]","[1,0.905505,0.994379,0.864606]","[0,0,0,0]","[0,0,0,0]","[-0.846611,-0.890038,-0.879619,-0.653325]",0,"[]","[]","[]","[]","[]","[]","[]","[]","[]","[]",1,"[285177]","[-1.64033]","[-2.76911]","[764353]","[46106.8]","[0]","[1.24383]","[0.749272]",0,"[]","[]","[]","[]","[]","[]","[]","[]","[]","[]",0,"[326.091]",2062.97,"[16019.2,4061.89,5777.9,1702.35]","[]","[11246.4]","[]"
144,284500,2916,392226,1.17708,15.8288,21798.5,1.1961,0.98178,0.99447,1,1,0.998766,0.99604,1,1,0,0,2,"[1,1]","[0,1]","[101037,90605.7]","[0.507408,-2.06705]","[-1.12239,2.72231]","[114325,363693]","[0.0192909,0.0386295]","[-1,1]","[13,11]","[1,1]","[2223.18,0]","[-582.884,4839.02]","[-0.0376376,0.0269308]","[5.74198,1.74199]",58902.9,-0.298312,2,"[196094,141755]","[-1.41219,0.771526]","[2.4138,-0.395114]","[426434,186571]","[1,0.998307]","[0,0]","[0,0]","[-0.979643,-0.787051]",0,"[]","[]","[]","[]","[]","[]","[]","[]","[]","[]",1,"[293462]","[-1.70486]","[2.52881]","[841231]","[111689]","[1]","[0.175725]","[0.750536]",0,"[]","[]","[]","[]","[]","[]","[]","[]","[]","[]",0,"[2873.32,476.066]",3973.18,"[2903.46,4623.58]","[]","[5170.09]","[]"
145,284500,2252,392226,1.89368,15.8288,21798.5,0.696077,0.910229,1,1,1,1,1.01508,1,1,0,0,3,"[1,1,1]","[1,1,1]","[148110,103519,27111.3]","[-1.74333,-0.71582,-1.08547]","[1.62779,-1.38161,0.351436]","[436282,131192,44714.5]","[0.0424614,-0.0606308,0.052124]","[1,1,-1]","[11,11,11]","[1,1,1]","[19530.3,0,1010.14]","[4759.11,1904.64,1826.64]","[-0.0237243,0.0224858,-0.023377]","[2.34524,2.68968,1.82927]",162723,-1.48984,0,"[]","[]","[]","[]","[]","[]","[]","[]",0,"[]","[]","[]","[]","[]","[]","[]","[]","[]","[]",1,"[262311]","[-1.85094]","[1.57375]","[856318]","[37113.2]","[1]","[0.587267]","[0.624107]",0,"[]","[]","[]","[]","[]","[]","[]","[]","[]","[]",0,"[2042.57,388.522,67.203]",13090.7,"[]","[]","[9964.84]","[]"
146,284500,3645,392226,1.07148,15.8288,21798.5,1.21412,1,0.995478,1,1,0.993607,0.970383,1,0,1,0,2,"[1,1]","[1,1]","[146412,35123.9]","[-1.14326,-0.822542]","[0.263082,2.05058]","[252982,47691.3]","[0.0215302,-0.00862503]","[1,1]","[13,13]","[1,1]","[0,0]","[-96.0681,17.3706]","[0.00451733,-0.0118875]","[0.770335,1.45263]",349918,1.18835,4,"[774789,117851,24559.4,23518.1]","[-1.31437,-0.861447,1.65119,-0.720948]","[-2.14945,0.754425,2.85897,1.33652]","[1.54819e+06,165083,66509.6,30394.4]","[0.99911,0.997935,1,1]","[0,0,0,0]","[0,0,0,0]","[-0.892694,0.0400652,0.296367,-0.591302]",0,"[]","[]","[]","[]","[]","[]","[]","[]","[]","[]",1,"[745052]","[-1.32394]","[-2.15904]","[1.50083e+06]","[70813.3]","[0]","[1.71353]","[0.619677]",0,"[]","[]","[]","[]","[]","[]","[]","[]","[]","[]",0,"[10654.3,64.8944]",1930.56,"[12221.6,2633.97,1886.83,2351.59]","[]","[11528.2]","[]"
147,284500,3282,392226,1.06747,15.8288,21798.5,1.25133,0.910953,1,1,1,0.998425,1.01508,1,1,0,0,3,"[1,1,1]","[1,1,1]","[341707,250289,150653]","[-1.64898,-1.88505,-1.53135]","[1.69914,-2.68957,-3.0075]","[921570,843289,364628]","[-0.00814819,-0.0350456,0.00150299]","[-1,-1,1]","[11,11,11]","[1,1,1]","[0,0,0]","[3063.12,4386.61,-62.0217]","[-0.00316785,0.00597301,-0.00258314]","[0.438266,0.594729,0.362098]",133155,2.09075,3,"[401749,92856.7,91564.4]","[-1.07277,0.986772,-0.667269]","[-0.507609,-1.69569,-0.154768]","[657278,142377,113109]","[0.996362,0.991882,0.991933]","[0,0,0]","[0,0,0]","[-0.0897963,-0.92404,-0.487878]",0,"[]","[]","[]","[]","[]","[]","[]","[]","[]","[]",3,"[485640,452089,382495]","[-1.00005,-1.75802,-1.64916]","[-0.436514,-2.81385,1.70539]","[759444,1.35473e+06,1.03175e+06]","[123060,110137,3049.48]","[0,1,1]","[1.09599,0.156814,14.8352]","[0.645117,0.376464,-1]",0,"[]","[]","[]","[]","[]","[]","[]","[]","[]","[]",0,"[5966.28,2027.98,2308.35]",137.828,"[5656.31,2675.48,4197.59]","[]","[34543.6,8078.19,22071.6]","[]"
148,284500,2367,392226,1.12709,15.8288,21798.5,0.75088,0.910446,0.99651,1,1,1.1046,0.98743,1,1,1,0,3,"[1,1,1]","[1,1,1]","[81486.6,40589.7,28593.3]","[-0.0470915,-0.70603,1.6442]","[-0.900746,-2.51064,-0.911296]","[81576.9,51133.6,76773.2]","[-0.0618362,-0.0425014,0.0103035]","[1,-1,-1]","[11,13,11]","[1,1,1]","[0,0,0]","[428.866,731.199,635.524]","[-0.00583521,0.00260248,-0.00277242]","[0.812263,0.323509,0.222336]",183436,-1.56803,3,"[341245,50146.6,29093.6]","[0.243927,-1.89897,-1.5176]","[1.61525,-1.31413,3.05753]","[352456,171331,69819]","[1,0.991223,0.982644]","[4,0,0]","[0,0,0]","[0.926462,-0.647473,-0.815707]",0,"[]","[]","[]","[]","[]","[]","[]","[]","[]","[]",1,"[324614]","[0.253978]","[1.61775]","[337707]","[41554.6]","[0]","[3.30743]","[0.429564]",0,"[]","[]","[]","[]","[]","[]","[]","[]","[]","[]",0,"[215.253,222.789,465.058]",613.188,"[4551.11,4802.32,2303.51]","[]","[23048.5]","[]"
149,284500,193,392226,1.0507,15.8288,21798.5,0.351687,1,0.987429,1,1,0.997138,0.930666,1,0,1,0,2,"[1,1]","[1,1]","[233766,59932.1]","[0.755568,0.675515]","[1.0497,-1.86648]","[303728,74134.3]","[0.000247955,0.0279045]","[-1,1]","[13,13]","[1,0]","[0,0]","[-983.04,10.0502]","[0.0106048,-0.0135836]","[2.13025,2.14]",180606,0.552015,4,"[306053,34192.1,25129,22661.2]","[-0.623254,0.187639,-0.374866,-2.44317]","[-2.38373,0.191329,0.334205,2.84703]","[368264,35300.3,27298.6,131481]","[1,1,0.992084,0]","[0,0,0,0]","[0,0,0,0]","[-0.897671,0.511918,-0.846729,-0.786688]",0,"[]","[]","[]","[]","[]","[]","[]","[]","[]","[]",1,"[308749]","[-0.638677]","[-2.38157]","[374706]","[24720]","[1]","[3.36679]","[0.57861]",0,"[]","[]","[]","[]","[]","[]","[]","[]","[]","[]",0,"[23523.7,442.282]",4341.02,"[3846.94,3282.41,2589.93,2887.91]","[]","[5209]","[]"
150,284500,1798,392226,1.13171,15.8288,21798.5,1.24168,0.915611,1,1,1,0.999537,1.00632,1,1,0,0,3,"[1,1,1]","[1,1,1]","[156655,141612,74176.7]","[0.233151,0.141195,1.28668]","[-2.25584,-1.63828,1.34269]","[160932,143025,144531]","[0.0834885,-0.017334,-0.00312042]","[1,-1,1]","[11,11,11]","[1,1,1]","[0,0,0]","[-612.663,48.6116,-35.8065]","[-0.0112498,-0.00545841,0.0106744]","[1.45501,0.619813,1.2971]",182172,0.586415,1,"[111595]","[0.0852547]","[2.15991]","[112437]","[0.995678]","[0]","[0]","[-0.81994]",0,"[]","[]","[]","[]","[]","[]","[]","[]","[]","[]",1,"[299007]","[0.149119]","[-1.9621]","[315384]","[89769.5]","[1]","[0.00303871]","[-1]",0,"[]","[]","[]","[]","[]","[]","[]","[]","[]","[]",0,"[1132.42,611.969,337.322]",4.03125,"[2624.51]","[]","[26277.7]","[]"
151,284500,1831,392226,0.972464,15.8288,21798.5,1.24168,0.98428,0.98156,1,1,0.986497,1.00121,1,1,1,0,2,"[1,1]","[1,1]","[212725,87136.7]","[-2.0089,-1.64058]","[0.0900834,2.04009]","[807213,233179]","[0.0187531,-0.0734024]","[1,-1]","[11,13]","[1,1]","[0,2868.25]","[3195.02,74.0533]","[-0.0195212,0.00076338]","[1.80997,0.108834]",77143.6,0.0018824,2,"[314641,77534.2]","[-0.0538013,-1.45456]","[-2.87748,-0.447852]","[315911,175111]","[0.976155,0.982516]","[4,0]","[0,0]","[0.00908526,-0.981041]",0,"[]","[]","[]","[]","[]","[]","[]","[]","[]","[]",2,"[309519,294192]","[-0.0323381,-1.92663]","[-2.88101,-0.0243955]","[310651,1.03694e+06]","[24530,106731]","[0,1]","[3.17512,0.051262]","[0.223739,0.46903]",0,"[]","[]","[]","[]","[]","[]","[]","[]","[]","[]",0,"[4815.64,2323.72]",11770.9,"[3231.55,9874.46]","[]","[93.125,1891.41]","[]"
152,284500,1647,392226,1.45271,15.8288,21798.5,1.55465,0.958318,1,1,1,0.999408,1,1,1,0,0,2,"[1,1]","[1,1]","[283173,35848.6]","[-0.108603,0.561845]","[0.41745,-2.03704]","[284845,41657.2]","[-0.141642,0.000511169]","[-1,1]","[11,11]","[0,1]","[0,0]","[-4.77386,-235.591]","[0.0266344,0.0143257]","[2.19535,0.775053]",286658,-1.90895,3,"[160473,57829.3,53069.7]","[0.720844,-0.344187,0.493449]","[2.28138,2.7032,2.86158]","[204437,61483.1,59850]","[0.992273,0.736008,0.983999]","[0,0,0]","[0,0,0]","[-0.964928,-0.863828,-0.692258]",0,"[]","[]","[]","[]","[]","[]","[]","[]","[]","[]",1,"[343012]","[-0.247776]","[0.40216]","[367056]","[98488.9]","[1]","[0.0315819]","[-1]",0,"[]","[]","[]","[]","[]","[]","[]","[]","[]","[]",0,"[4365.58,99.9459]",3059.66,"[2944.77,2106.85,3105.76]","[]","[9831]","[]"
153,284500,141,392226,1.14062,15.8288,21798.5,0.187531,0.903462,1,1,1,0.991902,1.01508,1,1,0,0,2,"[1,1]","[1,1]","[239617,28783.9]","[-1.72029,-2.34626]","[1.24839,2.08906]","[690715,151722]","[0.00151062,0.137001]","[-1,1]","[11,11]","[1,1]","[1102.66,0]","[2393.67,447.064]","[-0.00997893,-0.0482893]","[1.11252,2.25392]",187519,-2.78052,4,"[171761,65856.6,55077,23880.8]","[0.207317,-1.06398,-0.183735,-0.680838]","[-0.759131,-3.06361,-1.64517,-0.466838]","[176876,106915,56420,29920.7]","[0.991892,1,0.997997,0.998727]","[0,15,4,4]","[0,1,0,0]","[-0.680682,-0.911236,-0.77678,0.542742]",0,"[]","[]","[]","[]","[]","[]","[]","[]","[]","[]",1,"[274193]","[-1.70072]","[1.24271]","[776032]","[2815.9]","[1]","[9.19907]","[0.215457]",0,"[]","[]","[]","[]","[]","[]","[]","[]","[]","[]",0,"[228889,210833]",27550.1,"[3086.2,4190.58,6534,1176.2]","[]","[12566.2]","[]"
154,284500,1629,392226,1,15.8288,21798.5,1.55465,0.965323,0.998917,1,1,1,0.99866,1,1,1,0,3,"[1,1,1]","[1,1,1]","[299928,210126,129534]","[-1.02372,-1.01405,-1.08925]","[-2.31433,0.915885,0.385691]","[471306,327744,214283]","[0.0407,-0.00104523,0.0316095]","[-1,1,-1]","[13,11,11]","[1,1,1]","[0,0,0]","[-186.974,-538.042,794.116]","[0.0197112,-0.0173101,-0.0281033]","[3.57465,2.29042,3.12407]",44888.6,2.99999,0,"[]","[]","[]","[]","[]","[]","[]","[]",0,"[]","[]","[]","[]","[]","[]","[]","[]","[]","[]",1,"[366736]","[-1.0705]","[0.712891]","[606546]","[103100]","[1]","[0.00595145]","[-1]",0,"[]","[]","[]","[]","[]","[]","[]","[]","[]","[]",0,"[38874.3,3292.58,1025.07]",0,"[]","[]","[35067]","[]"
155,284500,4868,392226,1.39664,15.8288,21798.5,1.32095,0.98089,1,1,1,0.998325,1,1,1,0,0,1,"[1]","[1]","[311591]","[-1.03327]","[1.7837]","[493261]","[-0.0508194]","[-1]","[11]","[0]","[0]","[-711.591]","[0.0865578]","[2.67176]",172183,-1.90057,2,"[37246.3,20928.8]","[-2.48203,0.269137]","[0.470711,-0.120368]","[224460,22020.1]","[0.975138,0.974081]","[0,0]","[0,0]","[-0.768042,-0.699047]",0,"[]","[]","[]","[]","[]","[]","[]","[]","[]","[]",1,"[342612]","[-1.01896]","[1.78912]","[536409]","[0.0078125]","[1]","[0]","[-1]",0,"[]","[]","[]","[]","[]","[]","[]","[]","[]","[]",0,"[4283.28]",4695.53,"[6437.08,1702.63]","[]","[13584.6]","[]"
156,284500,4912,392226,1.16104,15.8288,21798.5,1.32095,0.946446,1,1,1,0.995643,1.00192,1,1,0,0,2,"[1,1]","[1,1]","[63943.2,31343.6]","[-0.209712,-0.470492]","[-2.92936,-0.403856]","[65354.5,34877.2]","[0.117798,-0.0515137]","[-1,1]","[11,11]","[1,1]","[0,0]","[-610.037,373.643]","[-0.015632,-0.00241738]","[1.50834,0.284036]",207887,0.166068,3,"[209870,67452.5,22666.8]","[0.35849,0.195646,0.312804]","[-2.81795,0.768157,2.25173]","[223775,69198.6,24141]","[0.995489,1,0.981586]","[0,15,0]","[0,1,0]","[-0.716972,-0.807894,-0.924752]",0,"[]","[]","[]","[]","[]","[]","[]","[]","[]","[]",1,"[274540]","[0.180533]","[-2.83992]","[291300]","[83666.8]","[1]","[0.439622]","[0.0649342]",0,"[]","[]","[]","[]","[]","[]","[]","[]","[]","[]",0,"[186.183,191.424]",14227.7,"[2858.6,7661.23,1658.52]","[]","[8907.59]","[]"
157,284500,5196,392226,1.38694,15.8288,21798.5,1.22586,0.866735,1,1,1,0.998699,1.01508,1,1,0,0,3,"[1,1,1]","[1,1,1]","[193860,73152.7,30909.3]","[-1.60208,-1.55993,-1.15974]","[-1.56259,-2.42436,1.59938]","[500624,181735,54132.7]","[-0.0836105,-0.0680542,0.00431824]","[1,-1,-1]","[11,11,11]","[1,1,1]","[0,0,1494.28]","[5605.65,1523.31,1422.15]","[0.00378861,-0.0236374,-0.0156377]","[0.391496,1.46343,0.915589]",82369.9,-0.460794,2,"[242553,40645.6]","[0.80088,1.33103]","[1.80081,1.09619]","[327792,82487.3]","[0.996049,0.991354]","[0,0]","[0,0]","[-0.769493,-0.894709]",0,"[]","[]","[]","[]","[]","[]","[]","[]","[]","[]",2,"[277527,258067]","[-1.6814,0.863821]","[-1.78729,1.71634]","[782008,375697]","[128302,105817]","[1,0]","[0.187479,1.58714]","[0.529573,0.534001]",0,"[]","[]","[]","[]","[]","[]","[]","[]","[]","[]",0,"[2805.4,717.998,77.9316]",9862.23,"[5265.35,6398.12]","[]","[3625.09,0]","[]"
158,284500,5288,392226,0.855485,15.8288,21798.5,1.22586,0.927996,1,1,1,0.998532,0.9918,1,1,0,0,3,"[1,1,1]","[1,0,1]","[157258,48303.3,34365.3]","[-0.623921,-0.426171,-0.0468695]","[0.0341915,2.03337,-0.150532]","[188873,52756.5,34403.1]","[0.0583048,-0.066987,-0.0213614]","[1,-1,1]","[11,11,11]","[1,1,1]","[0,0,0]","[937.258,3182.76,19.8015]","[0.037556,0.0130862,0.0416474]","[5.59896,0.238305,4.59933]",102754,0.902773,2,"[226592,199475]","[-0.842364,0.00333341]","[-1.91606,2.6165]","[312216,199881]","[1,0.994799]","[0,0]","[0,0]","[-0.753428,-0.855198]",0,"[]","[]","[]","[]","[]","[]","[]","[]","[]","[]",1,"[266296]","[-0.114242]","[2.54533]","[277368]","[71344.4]","[0]","[1.76888]","[0.467763]",0,"[]","[]","[]","[]","[]","[]","[]","[]","[]","[]",0,"[897.172,164.035,99.3509]",6352.56,"[6932.53,5968.65]","[]","[10565.6]","[]"
159,284500,6551,392226,0.936407,15.8288,21798.5,1.25133,0.99242,0.981277,1,1,0.99762,0.99765,1,1,0,0,3,"[1,1,1]","[0,1,1]","[277634,218845,63797.3]","[0.806632,0.739585,1.28521]","[-2.77983,-0.840992,2.9672]","[372961,281476,124150]","[-0.028656,0.0345001,-0.0208359]","[1,1,-1]","[13,11,13]","[1,1,1]","[0,0,0]","[-452.292,-360.856,-452.292]","[0.00717077,-0.0199993,0.00865433]","[1.69113,3.27253,1.22554]",124091,-0.989648,2,"[342020,27522.3]","[1.07345,1.39421]","[1.30971,0.9073]","[559106,59138.8]","[1,0.953395]","[0,0]","[0,0]","[-0.940949,-0.707808]",0,"[]","[]","[]","[]","[]","[]","[]","[]","[]","[]",1,"[329855]","[1.0483]","[1.31386]","[528455]","[12159.6]","[0]","[2.84413]","[0.336319]",0,"[]","[]","[]","[]","[]","[]","[]","[]","[]","[]",0,"[16948.8,2052.08,599.743]",147.297,"[4273.52,2565.79]","[]","[9341.84]","[]"
160,284500,7420,392226,0.894298,15.8288,21798.5,0.75088,0.98458,0.991866,1,1,0.9855,1.00582,1,1,1,0,3,"[1,1,1]","[1,1,1]","[132369,128625,41558.4]","[0.1488,-0.0963203,0.467778]","[0.369159,-2.2173,1.52057]","[133838,129222,46188.9]","[0.0262413,0.0989037,-0.0797272]","[1,1,-1]","[13,11,13]","[1,1,1]","[0,0,0]","[-1143.77,-436.662,-1028.99]","[0.0141962,-0.00781515,0.0128107]","[2.7037,1.18072,1.76086]",66565.1,1.70769,3,"[386213,372472,177778]","[0.810342,-1.10022,1.39712]","[-1.95643,0.713025,2.71512]","[520601,622981,381828]","[0.999078,0.993408,0.996134]","[4,0,0]","[0,0,0]","[0.572405,-0.73194,-0.9155]",0,"[]","[]","[]","[]","[]","[]","[]","[]","[]","[]",2,"[527251,362170]","[0.593509,-1.11989]","[-2.02442,0.716064]","[668179,615579]","[241854,43645.8]","[1,0]","[0.300503,1.99339]","[0.425778,0.79663]",0,"[]","[]","[]","[]","[]","[]","[]","[]","[]","[]",0,"[4389.01,1050.56,345.611]",4570.86,"[4875.02,5244.72,8024.9]","[]","[387.062,5717.25]","[]"
161,284500,7979,392226,1,15.8288,21798.5,0.696077,0.96203,0.998448,1,1,1.00002,1,1,1,1,0,2,"[1,1]","[1,1]","[276763,98554.2]","[-1.58698,-0.745628]","[-2.91137,0.11405]","[704845,127243]","[0.0209522,0.0219574]","[-1,1]","[11,13]","[0,1]","[0,0]","[1729.27,-767.422]","[0.0154561,0.0140761]","[0.602151,2.41723]",250868,0.502806,1,"[82373.6]","[-1.49671]","[-2.30346]","[193264]","[0.999281]","[0]","[0]","[-0.983273]",0,"[]","[]","[]","[]","[]","[]","[]","[]","[]","[]",1,"[368000]","[-1.59574]","[-2.79849]","[948991]","[89174.6]","[1]","[0.369431]","[0.668434]",0,"[]","[]","[]","[]","[]","[]","[]","[]","[]","[]",0,"[6301.33,2152.86]",17776.6,"[4096.78]","[]","[27363.3]","[]"
162,284500,6471,392226,1.45185,15.8288,21798.5,1.21412,1,0.991426,1,1,1.17416,1.02476,1,0,1,0,3,"[1,0,1]","[1,0,0]","[80983.5,31678.8,24160.8]","[1.69254,0.892965,-0.0275728]","[0.929374,1.48404,0.213562]","[227455,45170.9,24170.2]","[0.0812988,-0.0241537,-0.000662804]","[-1,-1,1]","[13,11,13]","[1,0,0]","[0,0,0]","[-211.974,2631.36,157.532]","[-0.0234106,0.0993536,-0.00159387]","[3.82581,5.49792,0.153318]",62908,1.88058,2,"[294850,280295]","[1.72322,2.22161]","[-3.01164,-0.474405]","[852398,1.30778e+06]","[0.214804,0.994859]","[0,0]","[0,0]","[-0.918641,0.975002]",0,"[]","[]","[]","[]","[]","[]","[]","[]","[]","[]",1,"[292851]","[1.72881]","[-3.01371]","[850997]","[9787.75]","[0]","[4.29464]","[0.302674]",0,"[]","[]","[]","[]","[]","[]","[]","[]","[]","[]",0,"[851.452,59.6119,25.7839]",5969.94,"[6641.36,7740.54]","[]","[9905]","[]"
163,284500,6759,392226,1.30254,15.8288,21798.5,1.25133,0.908118,0.992092,1,1,1.23824,1.00306,1,1,1,0,3,"[1,1,1]","[1,1,0]","[228357,177584,18470.8]","[0.875151,0.125336,2.04116]","[2.20651,-0.484112,2.81572]","[321531,178981,72307.6]","[-0.0113449,-0.024498,-0.0671005]","[-1,-1,1]","[11,13,11]","[1,1,1]","[0,0,0]","[2726.29,-150.623,240.512]","[-0.0139066,0.00217203,0.00136309]","[1.81719,0.462337,0.0723341]",316582,-0.465687,4,"[126291,93105.2,45833.6,28060.3]","[-0.550074,0.206929,-0.225171,-1.11268]","[3.0016,-3.02081,2.5651,3.00899]","[146254,95759.7,47615.4,47524.5]","[0.99,0.997831,0.936731,1]","[4,0,4,0]","[0,0,0,0]","[0.872479,-0.890879,0.885704,-0.87269]",0,"[]","[]","[]","[]","[]","[]","[]","[]","[]","[]",1,"[252638]","[-0.314134]","[3.03096]","[304092]","[148787]","[0]","[1.28511]","[0.581954]",0,"[]","[]","[]","[]","[]","[]","[]","[]","[]","[]",0,"[2860.81,1885.35,156.207]",23509.9,"[1319.22,4007.07,1148.88,3440.59]","[]","[21818.7]","[]"
164,284500,6869,392226,1.04459,15.8288,21798.5,1.26205,0.858547,1,1,1,0.999207,0.99866,1,1,0,0,3,"[1,1,1]","[1,1,0]","[266105,153133,17554.6]","[-0.814383,-2.29848,-1.1901]","[1.64936,-1.75246,0.266509]","[359335,770220,31524.7]","[0.00237465,-0.0660114,0.0309238]","[-1,1,1]","[11,11,11]","[1,1,1]","[8894.01,0,0]","[8584.54,4734.28,2663.1]","[0.000275998,-0.00965123,0.00667453]","[0.0468384,0.70397,0.392103]",50545.8,2.21507,2,"[162165,25515.4]","[-1.22686,-0.544865]","[-1.15712,-1.83547]","[300666,29709.4]","[0.99,0.922806]","[0,0]","[0,0]","[-0.853822,-0.441285]",0,"[]","[]","[]","[]","[]","[]","[]","[]","[]","[]",1,"[297964]","[-0.835641]","[1.65117]","[408276]","[8150.25]","[1]","[5.58596]","[0.0602932]",0,"[]","[]","[]","[]","[]","[]","[]","[]","[]","[]",0,"[2825.42,1990.22,182.598]",6944.7,"[8465.43,2269.64]","[]","[29972.8]","[]"
165,284500,9404,392226,1,15.8288,21798.5,0.619412,0.967515,1,1,1,0.998573,1.00306,1,1,0,0,3,"[1,1,1]","[1,1,1]","[216467,129369,59673.8]","[1.08545,0.774556,0.873665]","[1.06677,-1.58221,1.85589]","[357012,170154,83934]","[0.0631828,-0.0105324,-0.0105858]","[1,1,-1]","[11,11,11]","[1,1,1]","[0,0,0]","[66.864,3998.25,2280.48]","[0.029619,-0.0221754,0.0300057]","[2.63534,3.40596,2.87245]",159444,-2.16958,1,"[28475]","[-1.54851]","[1.87889]","[70201.8]","[0.99268]","[0]","[0]","[-0.60338]",0,"[]","[]","[]","[]","[]","[]","[]","[]","[]","[]",1,"[291224]","[1.0665]","[1.23756]","[482718]","[95620.8]","[1]","[0.136224]","[0.424996]",0,"[]","[]","[]","[]","[]","[]","[]","[]","[]","[]",0,"[3060.61,626.266,607.017]",27046,"[17771.9]","[]","[1202.31]","[]"
166,284500,8452,392226,0.946917,15.8288,21798.5,1.55465,1,0.993739,1,1,0.998107,0.922705,1,0,1,0,2,"[1,1]","[1,1]","[80346.2,60207.5]","[0.542009,-0.574878]","[-1.52407,-0.824701]","[92439.8,70433.4]","[0.0102386,0.0361176]","[1,-1]","[13,13]","[1,1]","[0,0]","[-63.3546,-538.531]","[-0.0173237,-0.0307477]","[2.32562,5.24318]",61982.7,2.5856,2,"[279439,263334]","[-1.69798,-1.44538]","[2.91552,0.0693168]","[789072,590114]","[0.994696,1]","[0,0]","[0,0]","[-0.808889,-0.240842]",0,"[]","[]","[]","[]","[]","[]","[]","[]","[]","[]",2,"[291201,253696]","[-1.68331,-1.43455]","[2.91787,0.0682632]","[811062,563101]","[18047.5,21316.8]","[0,0]","[2.34617,2.43498]","[0.640218,0.69592]",0,"[]","[]","[]","[]","[]","[]","[]","[]","[]","[]",0,"[2318.02,136.714]",8274.55,"[4277.63,10064.4]","[]","[4120.03,6936.5]","[]"
167,284500,8661,392226,1.52601,15.8288,21798.5,1.08735,0.96972,1,1,1,0.99484,0.99544,1,1,0,0,1,"[1]","[1]","[178173]","[1.20623]","[-1.55228]","[324292]","[0.0588989]","[1]","[11]","[1]","[0]","[1748.6]","[-0.00872098]","[0.691309]",174734,1.66664,3,"[134193,112296,24071.2]","[1.51136,-0.949567,-2.07134]","[-1.00023,1.94546,2.48942]","[319016,166986,97102]","[0.992835,1,0.98986]","[0,15,0]","[0,1,0]","[-0.957073,-0.984589,-0.321175]",0,"[]","[]","[]","[]","[]","[]","[]","[]","[]","[]",1,"[322769]","[1.41027]","[-1.32037]","[707532]","[98864.6]","[1]","[0.163788]","[0.509641]",0,"[]","[]","[]","[]","[]","[]","[]","[]","[]","[]",0,"[1879.6]",4850.06,"[4587.01,2989.97,1674.16]","[]","[8714.03]","[]"
168,284500,9056,392226,1,15.8288,21798.5,0.738662,0.952943,1,1,1,1.00289,1.00632,1,1,0,0,2,"[1,1]","[1,0]","[152737,84284]","[0.562068,1.30716]","[-0.351441,-0.645973]","[177505,167145]","[-0.0235825,-0.0273438]","[-1,1]","[11,11]","[1,0]","[4158.49,0]","[-320.054,-228.137]","[0.0130471,-0.00386303]","[1.48916,0.242696]",234444,2.83837,2,"[33531.5,25247.8]","[-1.18655,1.8023]","[-0.0751905,2.41394]","[60442.4,78744.5]","[0.988342,0.998926]","[0,15]","[0,1]","[-0.782319,-0.86084]",0,"[]","[]","[]","[]","[]","[]","[]","[]","[]","[]",1,"[259020]","[0.862824]","[-0.46229]","[378092]","[110556]","[1]","[0.0161219]","[0.266502]",0,"[]","[]","[]","[]","[]","[]","[]","[]","[]","[]",0,"[727.819,422.109]",35094.2,"[2473.97,2127.08]","[]","[0]","[]"
169,284500,10606,392226,1.49973,15.8288,21798.5,0.619412,1,1.0017,1,1,0.999456,0.988261,1,0,1,0,2,"[1,1]","[1,1]","[168682,110704]","[1.51425,1.12032]","[-2.92334,2.79483]","[401968,187754]","[0.00813675,0.00998306]","[-1,1]","[13,13]","[1,1]","[2127.3,0]","[604.625,-675.842]","[0.00869362,-0.000182386]","[1.57516,0.0349914]",87783.5,-1.65123,1,"[277245]","[-0.701781]","[0.337298]","[348672]","[0.981071]","[0]","[0]","[-0.892898]",0,"[]","[]","[]","[]","[]","[]","[]","[]","[]","[]",1,"[260462]","[-0.715546]","[0.340763]","[330036]","[-0.00390625]","[0]","[0]","[-1]",0,"[]","[]","[]","[]","[]","[]","[]","[]","[]","[]",0,"[6693.47,1949.79]",2479.95,"[7292.41]","[]","[10344.4]","[]"
170,284500,11838,392226,0.848599,15.8288,21798.5,1.24168,0.922314,1,1,1,0.998242,0.9918,1,1,0,0,3,"[1,1,1]","[1,0,1]","[106928,99105.6,86081.5]","[-0.665933,-0.0923704,-0.0271892]","[2.43718,0.794274,1.7853]","[131527,99528.7,86113.3]","[-0.0013504,0.100098,-0.0545273]","[-1,-1,1]","[11,11,11]","[1,1,1]","[0,0,0]","[2186.81,722.114,-79.8774]","[0.00960232,0.000485243,0.00960747]","[0.970014,0.0631369,1.53721]",114660,1.94903,5,"[331276,94980.8,72451.4,72233.7,47001.9]","[-0.032241,0.463376,-0.792519,2.32527,2.15534]","[-1.05101,2.71751,0.404735,-1.7911,-2.28968]","[332050,105964,96659.2,373117,205622]","[1,1,0.99421,0,0.956236]","[0,0,0,0,0]","[0,0,0,0,0]","[-0.930504,-0.77355,-0.864853,-0.792928,-0.763426]",0,"[]","[]","[]","[]","[]","[]","[]","[]","[]","[]",1,"[320042]","[0.0232965]","[-1.04633]","[320509]","[15602.4]","[0]","[1.44874]","[0.390869]",0,"[]","[]","[]","[]","[]","[]","[]","[]","[]","[]",0,"[507.622,1286.86,662.899]",8013.49,"[10021.8,2295.73,2031.45,6264.82,4913.07]","[]","[5151.84]","[]"
171,284500,11080,392226,1.05514,15.8288,21798.5,0.402058,0.971751,1,1,1,0.999278,1.00582,1,1,0,0,2,"[1,1]","[1,1]","[175179,116886]","[-0.530581,-0.4717]","[-0.146862,-0.709217]","[200421,130133]","[-0.0693283,-0.0113487]","[1,-1]","[11,11]","[1,1]","[0,0]","[435.054,522.358]","[-0.0131241,-0.0172133]","[2.31358,2.87088]",44515.6,-1.41468,2,"[288238,128983]","[-0.370821,1.39424]","[2.81672,-0.833221]","[308473,276047]","[0.207715,0.978355]","[0,0]","[0,0]","[-0.947091,-0.990502]",0,"[]","[]","[]","[]","[]","[]","[]","[]","[]","[]",2,"[290835,280422]","[-0.512136,-0.353975]","[-0.374246,2.81845]","[341746,299558]","[89507.8,28755.2]","[1,0]","[0.0030313,0]","[-1,-1]",0,"[]","[]","[]","[]","[]","[]","[]","[]","[]","[]",0,"[823.316,413.357]",5036.84,"[3772.34,3228.99]","[]","[23568.3,9753.09]","[]"
172,284500,11717,392226,1.06304,15.8288,21798.5,1.24168,0.93241,0.992968,1,1,0.998902,0.94939,1,1,1,0,3,"[1,0,1]","[1,1,1]","[65620,34348.4,27828.7]","[1.08003,1.336,1.10438]","[-2.84303,-2.41116,1.99631]","[107760,69842.3,46596]","[0.0830078,0.0511169,-0.0403862]","[-1,-1,1]","[13,11,13]","[1,1,1]","[0,2065.69,0]","[-959.102,-849.179,-477.473]","[-0.0193163,-0.00689333,-0.0271668]","[2.57119,0.378925,3.28443]",205473,-3.03383,1,"[301606]","[1.78671]","[0.122502]","[926663]","[0.991697]","[0]","[0]","[-0.858627]",0,"[]","[]","[]","[]","[]","[]","[]","[]","[]","[]",1,"[293322]","[1.80054]","[0.110662]","[913124]","[46204.7]","[0]","[1.36213]","[0.828208]",0,"[]","[]","[]","[]","[]","[]","[]","[]","[]","[]",0,"[341.585,96.7701,76.015]",13156.1,"[14096.8]","[]","[14379]","[]"
173,284500,10028,392226,1.42871,15.8288,21798.5,0,0.92407,1,1,1,0.994711,0,1,1,0,0,2,"[1,0]","[1,0]","[26153.1,25039.9]","[-1.3206,-1.18626]","[-1.84272,0.918496]","[52471.5,44823.5]","[0.040802,-0.193687]","[-1,-1]","[11,11]","[1,0]","[0,0]","[-638.097,3196.1]","[-0.00354133,0.172541]","[0.289415,5.38697]",399412,-1.62999,3,"[266559,125478,26953.4]","[-0.611623,-0.992336,-1.72092]","[1.33898,1.75619,2.54719]","[320857,192739,77875.5]","[0.997263,0.99179,0.984031]","[15,0,0]","[1,0,0]","[-0.291904,-0.878386,-0.535529]",0,"[]","[]","[]","[]","[]","[]","[]","[]","[]","[]",1,"[405974]","[-0.769019]","[1.41492]","[550741]","[142250]","[1]","[1.47006]","[0.630931]",0,"[]","[]","[]","[]","[]","[]","[]","[]","[]","[]",0,"[154.379,495.397]",202.656,"[2899.96,2526.04,2600.98]","[]","[37632.4]","[]"
174,284500,13329,392226,1.16506,15.8288,21798.5,1.25133,0.929609,1,1,1,1.00182,0.99866,1,1,0,0,2,"[1,1]","[1,1]","[153501,43584.5]","[-0.927237,-1.22195]","[0.561423,1.68084]","[224355,80379.6]","[0.00492525,-0.0497694]","[1,-1]","[11,11]","[1,1]","[0,1079.82]","[-807.569,-336.684]","[-0.0295667,-0.0106637]","[3.13207,0.891132]",89785.3,1.3752,2,"[253349,27620.2]","[-1.15585,-1.52127]","[-1.9988,-2.99534]","[442459,66325.8]","[0.988359,0.991358]","[0,15]","[0,1]","[-0.626844,0.556536]",0,"[]","[]","[]","[]","[]","[]","[]","[]","[]","[]",1,"[250507]","[-1.15244]","[-1.99642]","[436168]","[7477.06]","[0]","[3.44889]","[0.39704]",0,"[]","[]","[]","[]","[]","[]","[]","[]","[]","[]",0,"[1428.28,153.571]",9850.62,"[10508.5,1837.98]","[]","[5713.83]","[]"
175,284500,13755,392226,1,15.8288,21798.5,1.21412,0.97996,1,1,1,1,1.01265,1,1,0,0,1,"[1]","[1]","[190700]","[1.64655]","[0.456284]","[513149]","[0.0761037]","[1]","[11]","[1]","[0]","[85.624]","[-0.00329056]","[0.267852]",213709,-2.78932,0,"[]","[]","[]","[]","[]","[]","[]","[]",0,"[]","[]","[]","[]","[]","[]","[]","[]","[]","[]",1,"[283868]","[1.89482]","[0.382582]","[970293]","[97428.3]","[1]","[0.22095]","[0.23184]",0,"[]","[]","[]","[]","[]","[]","[]","[]","[]","[]",0,"[6361.38]",3513.11,"[]","[]","[7972.34]","[]"
176,284500,14621,392226,2.57185,15.8288,21798.5,1.22586,0.967227,1,1,1,0.99823,1.00936,1,1,0,0,3,"[1,1,1]","[1,1,1]","[389427,178554,45125.5]","[0.07075,0.303077,-0.139207]","[-2.5114,-2.26806,0.250052]","[390402,186817,45563.5]","[-0.0182991,0.0480137,-0.0708256]","[1,-1,1]","[11,11,11]","[1,1,1]","[0,0,0]","[693.923,-501.508,830.99]","[-0.0202574,-0.0107136,0.00187358]","[3.56731,1.7093,0.0717707]",491200,0.70046,1,"[23226.1]","[-1.68724]","[-1.77736]","[65018.2]","[0.996561]","[0]","[0]","[-0.820586]",0,"[]","[]","[]","[]","[]","[]","[]","[]","[]","[]",1,"[586198]","[0.140838]","[-2.43422]","[599743]","[95927.3]","[1]","[0.00393445]","[-1]",0,"[]","[]","[]","[]","[]","[]","[]","[]","[]","[]",0,"[3003.26,1033.13,22.4688]",11875.2,"[1653.78]","[]","[3629.31]","[]"
177,284500,15699,392226,1.32714,15.8288,21798.5,1.26459,0.928999,1,1,1,0.999249,0.99866,1,1,0,0,2,"[1,1]","[1,0]","[94938,21594.6]","[-0.960168,-0.808215]","[2.5553,-0.11496]","[142168,29039.9]","[-0.0532703,-0.0134687]","[1,-1]","[11,11]","[1,1]","[0,0]","[-189.935,-843.289]","[-0.0162239,0.0286543]","[1.62991,1.77602]",198572,1.94185,2,"[235884,39494.4]","[-0.551497,-0.218935]","[-1.09463,-0.756199]","[273878,41424.7]","[0.969569,0.969484]","[0,0]","[0,0]","[-0.872428,-0.90222]",0,"[]","[]","[]","[]","[]","[]","[]","[]","[]","[]",1,"[273158]","[-0.556871]","[-0.990962]","[338939]","[120965]","[0]","[2.05662]","[0.514765]",0,"[]","[]","[]","[]","[]","[]","[]","[]","[]","[]",0,"[406.149,155.66]",43.7656,"[6239.75,6493.63]","[]","[36.625]","[]"
178,284500,15403,392226,1,15.8288,21798.5,1.22586,0.96323,1.00539,1,1,0.998097,1.00493,1,1,0,0,2,"[1,1]","[0,1]","[350105,316992]","[-0.0588,-1.18714]","[-0.0350835,3.05671]","[350710,567860]","[0.097023,-0.0628052]","[-1,1]","[13,11]","[0,1]","[0,0]","[-787.378,-1460.59]","[0.0173718,-0.0184582]","[3.53489,2.02174]",78883.2,2.53576,2,"[28242.1,27148.3]","[-0.16344,-1.9558]","[-1.6658,-0.328908]","[29224.9,97937.2]","[0.957394,0.995021]","[0,0]","[0,0]","[-0.124028,-0.896725]",0,"[]","[]","[]","[]","[]","[]","[]","[]","[]","[]",1,"[355563]","[-1.16154]","[3.05747]","[623631]","[0.00552427]","[1]","[0]","[-1]",0,"[]","[]","[]","[]","[]","[]","[]","[]","[]","[]",0,"[39562.8,4353.35]",2149.51,"[1902.98,4808.24]","[]","[3632.25]","[]"
179,284500,17244,392226,1.5015,15.8288,21798.5,0.923924,0.94627,1,1,1,0.998992,0.9918,1,1,0,0,3,"[1,1,1]","[1,1,1]","[168454,167951,76060.8]","[-0.621754,0.448982,-0.945138]","[1.95969,-1.29006,1.1741]","[202076,185165,112638]","[0.00164294,-0.009238,0.00399923]","[1,-1,-1]","[11,11,11]","[1,1,1]","[0,0,1109.8]","[-614.687,5241.08,636.737]","[0.0118065,-0.0127725,0.00939895]","[2.01121,2.43285,0.908409]",30381.7,-1.22671,1,"[33037.2]","[1.24879]","[-2.07138]","[62657.9]","[0.998813]","[0]","[0]","[-0.798728]",0,"[]","[]","[]","[]","[]","[]","[]","[]","[]","[]",1,"[257518]","[-0.781823]","[1.70059]","[357192]","[108505]","[1]","[0.334163]","[0.388083]",0,"[]","[]","[]","[]","[]","[]","[]","[]","[]","[]",0,"[1065.55,888.82,249.127]",1645.61,"[3224.37]","[]","[14982.3]","[]"
180,284500,19004,392226,0.793098,15.8288,21798.5,0.696077,0.9655,0.995883,1,1,0.99714,1.00324,1,1,1,0,2,"[1,1]","[1,1]","[117001,34293.3]","[0.623709,0.567724]","[-2.76757,-1.78236]","[140506,39969.9]","[0.0531578,0.00504303]","[1,-1]","[13,11]","[1,1]","[0,0]","[-1067.99,1604.71]","[-0.0163076,-0.0169028]","[2.72914,2.07114]",72979.4,1.63734,4,"[296977,244565,93283.7,21998.5]","[0.487353,1.47046,-1.54179,-1.42858]","[1.99319,-0.898345,-0.482746,-1.92998]","[335320,561733,228063,48689.6]","[0.999705,1,0.98921,0.979545]","[0,0,0,0]","[0,0,0,0]","[-0.308547,-0.947908,-0.872902,-0.701323]",0,"[]","[]","[]","[]","[]","[]","[]","[]","[]","[]",1,"[344387]","[0.512194]","[1.90821]","[399672]","[84871.7]","[0]","[2.03682]","[0.651855]",0,"[]","[]","[]","[]","[]","[]","[]","[]","[]","[]",0,"[922.379,42.794]",44551,"[9701.47,8955.84,5112.41,1804.11]","[]","[3923.81]","[]"
181,284500,18211,392226,1,15.8288,21798.5,1.24168,0.97994,1,1,1,0.996709,1.00632,1,1,0,0,1,"[1]","[1]","[475977]","[0.27628]","[-1.27515]","[494258]","[-0.0502167]","[1]","[11]","[1]","[0]","[-1081.49]","[0.00386767]","[0.39745]",154546,1.97934,1,"[318568]","[-0.490789]","[1.82026]","[360128]","[0.999196]","[15]","[1]","[-0.87602]",0,"[]","[]","[]","[]","[]","[]","[]","[]","[]","[]",2,"[483284,307088]","[0.310764,-0.480221]","[-1.27145,1.82231]","[506810,345725]","[1135.19,41845.8]","[1,1]","[0,0.131357]","[-1,0.597039]",0,"[]","[]","[]","[]","[]","[]","[]","[]","[]","[]",0,"[3018.37]",10556.4,"[11237.1]","[]","[7961.5,18396.2]","[]"
182,284500,19182,392226,1.0864,15.8288,21798.5,0.738662,0.993924,0.998696,1,1,0.999363,1.01265,1,1,1,0,3,"[1,1,1]","[1,1,0]","[304773,171536,8279.17]","[1.76022,1.25217,0.486766]","[0.0186297,-2.304,-1.02152]","[912144,324530,9279.53]","[0.0609684,-0.0688648,0.0766907]","[1,-1,-1]","[11,13,11]","[1,1,1]","[0,0,0]","[1417.99,-1267.39,2223.28]","[-0.00632655,-0.0223917,-0.0136474]","[0.715443,3.81652,0.599085]",103204,-3.1349,1,"[153903]","[0.766141]","[2.12153]","[203370]","[0.997429]","[0]","[0]","[-0.809476]",0,"[]","[]","[]","[]","[]","[]","[]","[]","[]","[]",1,"[330808]","[1.77023]","[0.0240339]","[999449]","[0.0110485]","[1]","[0]","[-1]",0,"[]","[]","[]","[]","[]","[]","[]","[]","[]","[]",0,"[5072.52,4415.38,42.8745]",2527.55,"[5516.87]","[]","[18093.9]","[]"
183,284500,18077,392226,1.22248,15.8288,21798.5,1.24168,0.96392,0.99241,1,1,0.999166,1.01012,1,1,0,0,2,"[1,1]","[1,0]","[159551,112718]","[1.82439,2.57996]","[0.292455,-0.980413]","[507400,748019]","[0.0261784,0.162764]","[1,-1]","[11,13]","[1,0]","[0,0]","[1969.01,-159.631]","[-0.00134066,-0.0214427]","[0.14087,1.45721]",69563.8,-1.44268,1,"[247100]","[1.43065]","[3.01288]","[546507]","[1]","[0]","[0]","[-0.747728]",0,"[]","[]","[]","[]","[]","[]","[]","[]","[]","[]",1,"[281053]","[1.43253]","[3.01237]","[622627]","[21723.3]","[0]","[2.58311]","[0.72606]",0,"[]","[]","[]","[]","[]","[]","[]","[]","[]","[]",0,"[1417.82,169.617]",2703.39,"[7851.02]","[]","[12749.8]","[]"
184,284500,18741,392226,1,15.8288,21798.5,0.934886,0.927477,1,1,1,1,1.00493,1,1,0,0,3,"[1,1,1]","[1,1,1]","[243557,227459,84481.5]","[-1.31712,-1.9088,-1.31987]","[2.60698,-0.687117,1.94312]","[487182,783967,169390]","[-0.0197906,-0.0363846,0.00662994]","[-1,1,1]","[11,11,11]","[1,1,1]","[0,0,0]","[-77.2063,1818.44,-671.373]","[0.0143914,-0.0228695,0.00977256]","[1.61181,1.99897,0.640949]",99280.6,-0.608736,0,"[]","[]","[]","[]","[]","[]","[]","[]",0,"[]","[]","[]","[]","[]","[]","[]","[]","[]","[]",1,"[377798]","[-1.46494]","[2.45664]","[871063]","[131533]","[1]","[1.46173]","[0.0497272]",0,"[]","[]","[]","[]","[]","[]","[]","[]","[]","[]",0,"[2930.35,2751.16,493.366]",9949.78,"[]","[]","[1230.94]","[]"
185,284500,19530,392226,2.97024,15.8288,21798.5,0.619412,0.853231,1,1,1,0.999215,1.00582,1,1,0,0,3,"[1,1,1]","[1,1,0]","[307622,31995.6,15382]","[-0.605155,-1.07947,-1.67245]","[1.65031,2.43858,-2.55863]","[365690,52518.9,42400.3]","[0.00632954,0.0302181,-0.0212154]","[-1,1,-1]","[11,11,11]","[1,0,1]","[0,0,3404.12]","[-396.741,-88.138,-411.024]","[0.0143933,-0.0180318,0.021982]","[1.40884,1.17086,1.18631]",342264,-1.25501,2,"[30067.4,22183.2]","[-0.53279,0.0556633]","[-0.404742,0.877611]","[34646.6,22358.5]","[0.999853,0.952636]","[0,0]","[0,0]","[0.50128,-0.783325]",0,"[]","[]","[]","[]","[]","[]","[]","[]","[]","[]",1,"[353385]","[-0.676927]","[1.72123]","[448961]","[100840]","[1]","[0.242634]","[0.0644027]",0,"[]","[]","[]","[]","[]","[]","[]","[]","[]","[]",0,"[5080.89,577.323,439.595]",2744.88,"[3275.47,1820.46]","[]","[12351]","[]"
186,284500,3315,392226,0.878151,15.8288,21798.5,1.25133,0.987523,1,1,1,0.999384,1.00582,1,1,0,0,3,"[1,1,1]","[1,0,0]","[89882.7,13108.8,10198.5]","[-0.278338,-1.70563,-2.32036]","[2.2019,-1.22037,1.02994]","[93387,37271.6,52408]","[0.0397034,0.00143433,0.0271454]","[1,-1,-1]","[11,11,11]","[1,1,1]","[0,0,0]","[4373.77,12.8831,937.942]","[-0.00376158,0.0160459,0.0149533]","[0.476732,0.556646,0.364693]",161525,2.4028,1,"[266199]","[-1.17963]","[-0.895908]","[474774]","[0.995931]","[0]","[0]","[0.18114]",0,"[]","[]","[]","[]","[]","[]","[]","[]","[]","[]",1,"[259701]","[-1.1518]","[-0.899061]","[453335]","[36363.1]","[0]","[1.82658]","[0.626916]",0,"[]","[]","[]","[]","[]","[]","[]","[]","[]","[]",0,"[483.211,312.404,160.874]",295.109,"[3629.15]","[]","[8597.98]","[]"
187,284500,2054,392226,1.31646,15.8288,21798.5,0.696077,0.976365,1,1,1,0.995257,0.9918,1,1,0,0,2,"[1,1]","[1,1]","[225297,104624]","[-0.652881,-1.13557]","[-0.637402,-0.312512]","[275043,179649]","[0.0412483,0.00573349]","[1,-1]","[11,11]","[1,1]","[0,0]","[1269.05,2944.62]","[0.00971461,-0.00733339]","[1.06447,0.890008]",262033,-1.4347,3,"[427454,102858,79332]","[-0.84542,-0.00795028,-1.26067]","[2.27899,-2.01577,1.98992]","[589945,103240,151433]","[0.998347,0.995562,0.997137]","[0,15,0]","[0,1,0]","[-0.526793,-0.969032,-0.909949]",0,"[]","[]","[]","[]","[]","[]","[]","[]","[]","[]",2,"[477624,359694]","[-0.888558,-0.826905]","[2.23921,-0.534162]","[683386,500529]","[78069.6,102901]","[0,1]","[1.35779,0.0865469]","[0.463469,0.622787]",0,"[]","[]","[]","[]","[]","[]","[]","[]","[]","[]",0,"[2181.05,1335.19]",11764.3,"[6687.69,2007.06,5044.72]","[]","[23294.8,11730.4]","[]"
188,284500,2547,392226,1.28979,15.8288,21798.5,0.75088,0.96203,0.987968,1,1,0.999514,1.01508,1,1,1,0,3,"[1,1,1]","[1,1,0]","[260053,243417,77944.5]","[-0.63974,-1.54476,-1.04325]","[1.92979,-1.36604,1.47179]","[315109,596396,124350]","[0.120754,0.019619,0.00660324]","[-1,1,1]","[13,11,13]","[1,1,1]","[0,0,0]","[962.172,3464.8,2114.32]","[-0.0101395,0.0168231,-0.0218021]","[2.52533,1.67824,3.80727]",22726.4,-1.61282,1,"[22077.8]","[-0.497505]","[-0.922036]","[25275.5]","[0.934026]","[0]","[0]","[-0.842495]",0,"[]","[]","[]","[]","[]","[]","[]","[]","[]","[]",1,"[288224]","[-1.53615]","[-1.36314]","[700697]","[7866.86]","[1]","[5.04826]","[0.663537]",0,"[]","[]","[]","[]","[]","[]","[]","[]","[]","[]",0,"[1126.6,5080.44,1871.27]",15918.2,"[1644.82]","[]","[24360.1]","[]"
189,284500,3676,392226,1.34899,15.8288,21798.5,1.21412,0.96422,0.995624,1,1,0.997694,0.98743,1,1,1,0,3,"[0,0,1]","[1,1,1]","[233768,159015,54923.8]","[-0.105639,-0.473732,0.49106]","[-0.46486,-0.178212,2.60778]","[235074,177194,61680.2]","[0.126827,0.0918198,0.0445518]","[1,-1,1]","[11,11,13]","[1,1,1]","[0,0,0]","[-996.834,717.863,-691.472]","[0.0027822,-0.00361125,0.00850745]","[0.47759,0.43655,1.19378]",73441.5,0.708422,2,"[399417,32421.7]","[-0.186091,-1.64384]","[2.93009,-0.750083]","[407641,87268.4]","[0.985519,0.970303]","[0,0]","[0,0]","[-0.96877,-0.325703]",0,"[]","[]","[]","[]","[]","[]","[]","[]","[]","[]",2,"[406934,405744]","[-0.228247,-0.150495]","[-0.342926,2.9293]","[429396,411161]","[100042,25843.5]","[1,0]","[0.00515808,2.08398]","[-1,0.490996]",0,"[]","[]","[]","[]","[]","[]","[]","[]","[]","[]",0,"[2214.85,1141.62,92.4737]",4178.48,"[8412.95,1894.8]","[]","[9777.62,30896.8]","[]"
190,284500,2627,392226,1.02774,15.8288,21798.5,0.923924,0.9823,0.984329,1,1,0.995897,0.745543,1,0,1,0,3,"[1,1,1]","[1,1,1]","[141598,119284,65349.8]","[0.878484,0.296559,0.262106]","[0.294175,-0.474424,1.04469]","[199841,124568,67607.5]","[-0.0306931,0.110397,0.115715]","[-1,1,1]","[13,11,13]","[1,0,1]","[0,0,0]","[98.4414,2561.06,539.723]","[0.00401726,0.00213827,-0.00485114]","[0.722212,0.276574,0.583773]",42759.1,1.20453,3,"[262613,28165.8,25063.4]","[1.66537,-1.28655,1.97954]","[-2.88303,-1.9146,2.75969]","[719434,55162.3,92592.7]","[0.993964,0.658273,0.988477]","[0,0,0]","[0,0,0]","[0.268742,-0.917459,-0.522079]",0,"[]","[]","[]","[]","[]","[]","[]","[]","[]","[]",1,"[250272]","[1.64229]","[-2.88448]","[670941]","[13874.6]","[0]","[2.99809]","[0.625157]",0,"[]","[]","[]","[]","[]","[]","[]","[]","[]","[]",0,"[615.613,659.136,922.06]",638.969,"[4092.03,2679.57,4750.9]","[]","[0]","[]"
191,284500,2967,392226,1.30155,15.8288,21798.5,1.1961,1,0.99354,1,1,1.00049,0.928946,1,0,1,0,2,"[0,1]","[1,1]","[165738,119084]","[-0.81908,0.229647]","[-2.14164,0.108844]","[224512,122238]","[0.059906,-0.0900116]","[-1,1]","[13,13]","[1,1]","[0,0]","[1383.74,-127.378]","[-0.0593677,0.00202405]","[13.3988,0.400192]",140128,-0.881885,3,"[250357,53925,28272.8]","[-1.55787,-1.958,-0.0687783]","[1.8558,2.68888,-1.49155]","[621204,194894,28477]","[0.997434,0.994644,0.999489]","[0,0,15]","[0,0,1]","[-0.68055,-0.219156,0.76242]",0,"[]","[]","[]","[]","[]","[]","[]","[]","[]","[]",1,"[295016]","[-1.65595]","[1.99593]","[808011]","[107590]","[0]","[1.17739]","[0.510224]",0,"[]","[]","[]","[]","[]","[]","[]","[]","[]","[]",0,"[7189.42,961.23]",9732.61,"[7387.45,6347.36,2543.03]","[]","[2411.91]","[]"
192,284500,1258,392226,0.905244,15.8288,21798.5,0.934886,0.968512,0.989155,1,1,0.999445,0.99866,1,1,1,0,3,"[1,1,1]","[1,1,1]","[128246,93046.8,90912.1]","[-0.877665,-0.934455,0.0992944]","[-1.263,-0.420028,-1.3887]","[180892,136715,91360.7]","[-0.0226059,-0.00217438,0.0626678]","[-1,1,1]","[11,11,13]","[1,1,1]","[0,0,1002.15]","[3229.18,618.394,2013.25]","[0.00341289,-0.00519923,-0.00462611]","[0.299739,0.613188,0.880191]",16514.3,3.04411,1,"[265065]","[-0.167456]","[2.02608]","[270076]","[1]","[0]","[0]","[-0.942776]",0,"[]","[]","[]","[]","[]","[]","[]","[]","[]","[]",1,"[265830]","[-0.115793]","[2.0224]","[269584]","[32534.6]","[0]","[1.78825]","[0.714106]",0,"[]","[]","[]","[]","[]","[]","[]","[]","[]","[]",0,"[1066.9,619.375,2445.37]",289.354,"[2897.46]","[]","[11853.5]","[]"
193,284500,1692,392226,0.953528,15.8288,21798.5,1.55465,0.97553,1.00431,1,1,0.998391,1.01265,1,1,0,0,2,"[0,1]","[1,0]","[84927.9,47441.7]","[1.73463,-0.0893922]","[0.871596,-0.212218]","[248129,47631.5]","[0.150217,0.0487442]","[-1,-1]","[11,13]","[1,1]","[51112.2,0]","[2082.15,-358.037]","[0.0112651,0.0120543]","[1.1038,1.59991]",75862.2,1.3388,2,"[310121,24429.8]","[1.87428,-0.95685]","[-2.21312,-2.11388]","[1.03457e+06,36764.2]","[0.99073,0.99]","[0,0]","[0,0]","[-0.756115,-0.84943]",0,"[]","[]","[]","[]","[]","[]","[]","[]","[]","[]",1,"[295806]","[1.87564]","[-2.22446]","[987998]","[22920.9]","[0]","[1.83248]","[0.743054]",0,"[]","[]","[]","[]","[]","[]","[]","[]","[]","[]",0,"[1145.13,326.843]",28305.7,"[4986.08,1977.79]","[]","[4636.09]","[]"
194,284500,1571,392226,0.820506,15.8288,21798.5,1.55465,1,1.00051,1,1,0.99736,0.97214,1,0,1,0,2,"[1,1]","[1,1]","[91620,86825.6]","[-1.33585,-1.25216]","[-1.61219,-0.485323]","[186271,164265]","[0.111937,0.0392179]","[-1,1]","[13,13]","[1,1]","[0,3431]","[-150.731,866.809]","[-0.0130601,-0.0160132]","[1.91885,2.61736]",88316.1,-3.08491,3,"[425450,339115,32917.9]","[-0.956804,-1.32637,0.856872]","[1.85615,-1.17324,1.68367]","[635650,685757,46088.7]","[1,0.998794,0.995417]","[0,0,0]","[0,0,0]","[-0.777246,-0.879186,-0.866757]",0,"[]","[]","[]","[]","[]","[]","[]","[]","[]","[]",2,"[432233,335771]","[-0.961207,-1.33321]","[1.85688,-1.17062]","[648019,683142]","[18226,52996.1]","[0,1]","[3.26426,1.26223]","[0.308058,0.671823]",0,"[]","[]","[]","[]","[]","[]","[]","[]","[]","[]",0,"[3422.36,2149.32]",13575,"[7697.81,9520.07,2167.26]","[]","[339.781,32546]","[]"
195,284500,1670,392226,1.3037,15.8288,21798.5,1.55465,1,0.991403,1,1,0.999443,0.988065,1,0,1,0,1,"[1]","[1]","[47610.8]","[1.95382]","[2.98621]","[171335]","[0.0531311]","[-1]","[13]","[1]","[0]","[585.581]","[-0.0013143]","[0.137987]",169705,-2.99708,1,"[261377]","[0.886365]","[-0.0556888]","[371084]","[0.990814]","[0]","[0]","[-0.904702]",0,"[]","[]","[]","[]","[]","[]","[]","[]","[]","[]",1,"[271555]","[0.877096]","[-0.0553226]","[382974]","[8555.43]","[0]","[2.97893]","[0.407952]",0,"[]","[]","[]","[]","[]","[]","[]","[]","[]","[]",0,"[318.083]",9369.73,"[6552.07]","[]","[9648.78]","[]"
196,284500,1533,392226,1.36329,15.8288,21798.5,1.55465,1,0.990715,1,1,0.997029,1.02719,1,0,1,0,2,"[1,1]","[1,1]","[271555,31001.7]","[1.33812,1.65158]","[1.26987,-1.46607]","[553188,83812.8]","[0.000602722,0.0383224]","[1,1]","[13,13]","[1,1]","[0,0]","[-686.652,-295.075]","[0.00461673,0.00508428]","[1.01454,0.427966]",480605,-2.12545,3,"[296232,29108.8,20924.2]","[1.72106,1.62881,1.17435]","[0.743787,-2.46024,2.26459]","[854718,77155.6,37181.8]","[1,0.987629,0.990029]","[0,0,0]","[0,0,0]","[-0.902357,-0.772835,-0.795557]",0,"[]","[]","[]","[]","[]","[]","[]","[]","[]","[]",1,"[400455]","[1.64414]","[0.875945]","[1.08281e+06]","[128405]","[1]","[0.556249]","[0.614305]",0,"[]","[]","[]","[]","[]","[]","[]","[]","[]","[]",0,"[247478,2244.94]",17848.7,"[13458.5,5364.97,1185.83]","[]","[6749.72]","[]"
197,284500,5179,392226,1.23789,15.8288,21798.5,1.22586,0.96323,1,1,1,0.99872,1.00493,1,1,0,0,1,"[1]","[1]","[242106]","[-1.35255]","[-1.56694]","[499447]","[0.0799351]","[-1]","[11]","[1]","[1584.86]","[1323.36]","[0.0446568]","[4.12568]",49284.9,-0.022157,3,"[191866,89998,24010.5]","[-2.47321,0.659389,-0.766449]","[1.42056,2.50246,3.04877]","[1.1459e+06,110690,31475]","[1,0.997791,0.989709]","[0,0,0]","[0,0,0]","[-0.876815,-0.611202,-0.698091]",0,"[]","[]","[]","[]","[]","[]","[]","[]","[]","[]",1,"[266940]","[-1.3722]","[-1.56888]","[560250]","[1367.42]","[1]","[0]","[-1]",0,"[]","[]","[]","[]","[]","[]","[]","[]","[]","[]",0,"[3169.26]",3887.2,"[4028.27,5408.52,1790.58]","[]","[8969.28]","[]"
198,284500,5625,392226,1.17851,15.8288,21798.5,1.26459,0.936606,1,1,1,0.998568,0.98683,1,1,0,0,2,"[1,1]","[1,1]","[63604.5,35475.7]","[-0.901482,-0.946672]","[1.59713,-0.999328]","[91247.6,52595.4]","[-0.0782394,0.0267029]","[1,-1]","[11,11]","[1,0]","[0,0]","[-549.774,299.84]","[0.0104852,0.0636389]","[1.29402,1.50273]",136783,-2.2653,3,"[223349,168772,45756.6]","[-0.581416,-1.02794,-0.310799]","[0.854333,-2.19159,1.30407]","[262901,266433,48469.1]","[1,0.995621,1]","[0,0,0]","[0,0,0]","[-0.885635,-0.766454,-0.661467]",0,"[]","[]","[]","[]","[]","[]","[]","[]","[]","[]",1,"[340066]","[-0.62872]","[1.04438]","[432155]","[138019]","[0]","[1.24658]","[0.465122]",0,"[]","[]","[]","[]","[]","[]","[]","[]","[]","[]",0,"[237.609,27.2227]",8789.17,"[3400.51,2479.84,6447.44]","[]","[9520.41]","[]"
199,284500,6094,392226,2.00689,15.8288,21798.5,1.32095,0.97553,1,1,1,0.997333,1.01265,1,1,0,0,2,"[1,1]","[1,1]","[138906,127952]","[1.7533,1.90326]","[-1.56349,-0.914654]","[413024,438671]","[0.0546722,-0.0912857]","[-1,-1]","[11,11]","[1,0]","[0,0]","[-197.516,1821.36]","[0.00786349,0.200828]","[0.638439,1.83329]",70142.1,1.11725,3,"[137662,111744,79262.7]","[0.643835,0.196441,-2.29143]","[1.00542,2.80809,2.88313]","[167431,114429,396103]","[0.999954,0.99771,0.993448]","[15,0,0]","[1,0,0]","[0.0431535,-0.343698,-0.790064]",0,"[]","[]","[]","[]","[]","[]","[]","[]","[]","[]",1,"[285865]","[1.86562]","[-1.24631]","[948410]","[74759.7]","[1]","[0.0335483]","[0.494446]",0,"[]","[]","[]","[]","[]","[]","[]","[]","[]","[]",0,"[2266.04,1331.21]",5625.33,"[4840.03,3246.35,7709.97]","[]","[31877.8]","[]"
200,284500,6125,392226,1.33662,15.8288,21798.5,1.32095,0.940997,1,1,1,0.997155,1.01265,1,1,0,0,2,"[1,1]","[1,1]","[199188,58670.2]","[1.79997,1.3366]","[-1.9468,-2.63555]","[618955,119359]","[0.0877955,0.0116744]","[1,-1]","[11,11]","[1,1]","[0,0]","[1630.48,237.426]","[-0.0217055,0.00229459]","[1.30562,0.255816]",48418.9,1.74153,2,"[182529,36273.7]","[2.23836,0.869113]","[0.777192,1.71493]","[865617,51132.3]","[1,0.991922]","[15,0]","[1,0]","[0.284365,-0.933922]",0,"[]","[]","[]","[]","[]","[]","[]","[]","[]","[]",1,"[267839]","[1.74874]","[-2.09521]","[800580]","[110010]","[1]","[0.111789]","[0.2693]",0,"[]","[]","[]","[]","[]","[]","[]","[]","[]","[]",0,"[2232.33,327.972]",1993.39,"[11372.3,4477.72]","[]","[3722.94]","[]"
201,284500,6484,392226,0.993015,15.8288,21798.5,1.25133,0.904652,1,1,1,0.998266,1.00493,1,1,0,0,3,"[1,1,1]","[1,1,1]","[102627,65117.5,50051]","[-1.33975,-2.11719,-1.33802]","[1.12282,2.86202,1.35439]","[209359,274410,101950]","[0.025547,-0.113117,0.095108]","[-1,1,-1]","[11,11,11]","[1,1,1]","[34400.1,0,71590.8]","[238.138,-11.6845,831.626]","[0.00448438,-0.0135415,0.0249151]","[0.35558,0.514114,1.8724]",323330,1.36917,1,"[478119]","[-1.08384]","[-1.72065]","[787820]","[0.999243]","[0]","[0]","[-0.773272]",0,"[]","[]","[]","[]","[]","[]","[]","[]","[]","[]",1,"[497168]","[-1.07391]","[-1.72111]","[812698]","[18287.1]","[0]","[6.04392]","[0.514813]",0,"[]","[]","[]","[]","[]","[]","[]","[]","[]","[]",0,"[1016.85,391.532,142.815]",6702,"[11746]","[]","[17676]","[]"
202,284500,7061,392226,1.44928,15.8288,21798.5,1.1961,0.946755,1,1,1,0.996086,0.99866,1,1,0,0,2,"[0,0]","[1,1]","[209544,76455.1]","[-0.975125,-1.21285]","[2.20221,2.89918]","[317318,139929]","[-0.0765686,-0.00882721]","[-1,1]","[11,11]","[1,1]","[0,0]","[-436.419,672.906]","[0.0295183,0.0120371]","[2.4967,1.25804]",158427,-1.01931,2,"[100119,25287.4]","[-0.877372,0.049735]","[-0.458127,-0.883695]","[141443,25799.9]","[0.999811,0.99656]","[15,0]","[1,0]","[-0.794061,-0.696576]",0,"[]","[]","[]","[]","[]","[]","[]","[]","[]","[]",1,"[297517]","[-1.1162]","[2.38108]","[515678]","[114014]","[1]","[0.159457]","[0.51058]",0,"[]","[]","[]","[]","[]","[]","[]","[]","[]","[]",0,"[2787.02,310.185]",8045.98,"[6513.32,3342.14]","[]","[1069.53]","[]"
203,284500,9395,392226,1.70405,15.8288,21798.5,0.619412,0.96422,1,1,1,0.996704,1.00582,1,1,0,0,2,"[0,0]","[1,1]","[250029,182437]","[-0.28559,0.0166136]","[1.33823,1.63883]","[260294,182462]","[-0.0574379,-0.0139313]","[-1,1]","[11,11]","[1,1]","[0,0]","[704.446,728.807]","[0.0161855,0.0152432]","[2.20515,2.17907]",182186,-1.74687,1,"[251739]","[-1.84247]","[-1.52169]","[814497]","[0.996989]","[15]","[1]","[0.200251]",0,"[]","[]","[]","[]","[]","[]","[]","[]","[]","[]",2,"[439549,258798]","[-0.190825,-1.85611]","[1.46274,-1.52336]","[458277,848227]","[98456.5,4206.9]","[1,1]","[0.0896953,4.13346]","[0.0372752,-1]",0,"[]","[]","[]","[]","[]","[]","[]","[]","[]","[]",0,"[2229.46,1781.56]",9879.36,"[10972.3]","[]","[26064.1,3825.33]","[]"
204,284500,8153,392226,1.35978,15.8288,21798.5,1.24168,0.94707,1,1,1,0.997459,0,1,1,0,0,1,"[1]","[1]","[26009.6]","[-1.0616]","[2.90737]","[42095]","[-0.062561]","[1]","[11]","[1]","[0]","[-713.702]","[-0.0134379]","[1.20478]",523628,-0.468892,2,"[639251,103683]","[0.996453,-1.48629]","[2.59435,-0.977972]","[984148,240941]","[1,1]","[0,0]","[0,0]","[-0.244358,-0.986077]",0,"[]","[]","[]","[]","[]","[]","[]","[]","[]","[]",1,"[590364]","[1.03619]","[2.59665]","[936748]","[10585.6]","[0]","[1.97404]","[0.262579]",0,"[]","[]","[]","[]","[]","[]","[]","[]","[]","[]",0,"[447.804]",18356.6,"[13984.9,2522.47]","[]","[1230]","[]"
205,284500,10422,392226,1,15.8288,21798.5,0.553627,1,1.00078,1,1,0.994134,0.974844,1,0,1,0,1,"[1]","[1]","[448441]","[-1.13493]","[-0.446666]","[769613]","[0.00832367]","[1]","[13]","[1]","[0]","[1582.97]","[-0.00228841]","[0.575709]",59804.1,-2.94205,2,"[267828,139178]","[-1.71586,-1.58133]","[2.45728,2.84986]","[769024,352665]","[1,0.996815]","[15,15]","[1,1]","[-0.915351,-0.986161]",0,"[]","[]","[]","[]","[]","[]","[]","[]","[]","[]",1,"[390689]","[-1.70934]","[2.5883]","[1.11731e+06]","[76300.4]","[1]","[0.305371]","[0.378127]",0,"[]","[]","[]","[]","[]","[]","[]","[]","[]","[]",0,"[110533]",2943.97,"[5229.4,6491.5]","[]","[12901.2]","[]"
206,284500,11473,392226,0.904075,15.8288,21798.5,1.74563,0.96126,1,1,1,0.988721,1,1,1,0,0,1,"[0]","[1]","[28462.9]","[0.216664]","[1.37424]","[29133.6]","[-0.035408]","[-1]","[11]","[0]","[0]","[-205.944]","[-0.0632197]","[4.85391]",35424.8,2.33524,4,"[408129,313670,93466.9,22821.2]","[-1.72745,-0.766785,1.95642,-0.750777]","[-2.61153,0.502281,0.344509,-2.17817]","[1.18455e+06,411196,337489,29815.9]","[0.990696,0.997846,0.994771,0.98639]","[4,0,0,0]","[0,0,0,0]","[-0.171722,-0.893163,-0.683551,-0.817525]",0,"[]","[]","[]","[]","[]","[]","[]","[]","[]","[]",2,"[412597,311185]","[-1.70752,-0.730052]","[-2.6097,0.512356]","[1.17553e+06,398452]","[27648.2,21683.3]","[0,0]","[3.78134,0.886121]","[0.588985,0.226936]",0,"[]","[]","[]","[]","[]","[]","[]","[]","[]","[]",0,"[165.088]",2706.29,"[10557.5,7088.82,8880.98,2994.24]","[]","[7646.34,25715.2]","[]"
207,284500,13672,392226,1.29559,15.8288,21798.5,1.21412,0.935941,1,1,1,0.999527,0.99866,1,1,0,0,3,"[1,1,1]","[1,1,1]","[154361,135773,131516]","[-1.11392,-1.61631,-1.23476]","[1.99579,-1.86066,-1.28802]","[260448,355255,245175]","[0.0375137,0.0842209,-0.0628357]","[1,-1,1]","[11,11,11]","[1,1,1]","[0,0,0]","[1033.53,1039.74,1727.31]","[0.00770611,-0.00890034,-0.0123712]","[0.601103,1.12119,1.47127]",115848,1.10812,1,"[21609.2]","[-0.729787]","[0.810451]","[27661]","[0.981806]","[0]","[0]","[-0.71533]",0,"[]","[]","[]","[]","[]","[]","[]","[]","[]","[]",1,"[301459]","[-1.47988]","[-1.60118]","[705222]","[111310]","[1]","[0.0401873]","[0.276544]",0,"[]","[]","[]","[]","[]","[]","[]","[]","[]","[]",0,"[1771.02,1675.69,1908.46]",612.734,"[1740.39]","[]","[23136.5]","[]"
208,284500,12576,392226,1.57445,15.8288,21798.5,0.75088,0.97996,0.997676,1,1,0.999713,1.01265,1,1,1,0,3,"[1,1,1]","[1,1,1]","[242912,217576,65693.4]","[1.64661,2.35554,1.59746]","[-0.919191,2.26551,-1.61288]","[653679,1.15736e+06,168926]","[-0.0190849,0.0482101,-0.102592]","[1,1,-1]","[11,13,11]","[1,1,0]","[1094.8,0,0]","[345.945,34.4011,878.915]","[0.00307435,-0.0163793,0.0126723]","[0.367305,2.94925,0.514006]",60499.9,1.44442,1,"[31991.2]","[0.119713]","[1.64798]","[32380.9]","[0.985541]","[0]","[0]","[-0.929039]",0,"[]","[]","[]","[]","[]","[]","[]","[]","[]","[]",1,"[326947]","[1.68634]","[-1.09065]","[917916]","[95102.8]","[1]","[0.198317]","[0.298354]",0,"[]","[]","[]","[]","[]","[]","[]","[]","[]","[]",0,"[6994.07,15954.4,370.915]",1116.69,"[2170.37]","[]","[4656.69]","[]"
209,284500,12736,392226,1,15.8288,21798.5,0.923924,0.97994,0.983793,1,1,0.996181,1.00632,1,1,1,0,2,"[1,0]","[1,1]","[251071,124692]","[0.451918,1.80046]","[1.41485,-1.97771]","[277149,387646]","[0.0864182,-0.0479431]","[-1,1]","[11,13]","[1,0]","[2008.35,1689.27]","[91.1367,501.31]","[-0.0251054,0.0115229]","[3.15529,1.51319]",29048.8,-1.818,1,"[57316.2]","[2.0783]","[-1.22908]","[232638]","[0.972194]","[15]","[1]","[-0.932572]",0,"[]","[]","[]","[]","[]","[]","[]","[]","[]","[]",1,"[264985]","[0.418494]","[1.41657]","[288530]","[0.00585938]","[1]","[0]","[-1]",0,"[]","[]","[]","[]","[]","[]","[]","[]","[]","[]",0,"[1574.71,2653.59]",11934.8,"[4548.5]","[]","[13986.3]","[]"
210,284500,12779,392226,1,15.8288,21798.5,0.923924,0.98697,0.996787,1,1,1,1.00582,1,1,1,0,3,"[1,1,1]","[1,1,1]","[240156,214669,126885]","[-0.33117,-1.48924,-1.5794]","[-1.26321,1.7357,2.27549]","[253446,500101,320903]","[-0.100571,-0.0382957,-0.0303497]","[1,1,-1]","[11,13,13]","[1,1,1]","[0,0,0]","[5150.84,-290.204,1053.8]","[0.0103811,-0.0164985,-0.00339874]","[1.47013,3.67529,0.582515]",89035.2,-1.04248,0,"[]","[]","[]","[]","[]","[]","[]","[]",0,"[]","[]","[]","[]","[]","[]","[]","[]","[]","[]",1,"[252378]","[-0.36411]","[-1.25645]","[269293]","[-0.00516748]","[1]","[0]","[-1]",0,"[]","[]","[]","[]","[]","[]","[]","[]","[]","[]",0,"[1764.08,26799,3113.01]",18399.7,"[]","[]","[0]","[]"
211,284500,13867,392226,1,15.8288,21798.5,1.32095,0.939666,1,1,1,0.999726,1.00582,1,1,0,0,3,"[1,1,1]","[1,1,1]","[279779,208045,73712.7]","[-0.0990168,-1.08112,-0.612666]","[-1.00807,2.20217,-0.601665]","[281151,341942,87985.3]","[0.00313187,-0.0139503,-0.00056839]","[-1,1,1]","[11,11,11]","[1,1,1]","[0,0,0]","[-974.478,1701.35,1315.97]","[-0.0117796,0.015897,-0.0146043]","[2.00596,2.43692,1.98766]",164236,2.02679,1,"[32622.8]","[0.907029]","[-2.50069]","[47565.1]","[0.950234]","[0]","[0]","[-0.887088]",0,"[]","[]","[]","[]","[]","[]","[]","[]","[]","[]",1,"[357829]","[-0.255166]","[-0.928876]","[382216]","[97613.2]","[1]","[0]","[-1]",0,"[]","[]","[]","[]","[]","[]","[]","[]","[]","[]",0,"[1597.96,2973.98,246.867]",20840.4,"[9735.55]","[]","[24037.4]","[]"
212,284500,14040,392226,1.71791,15.8288,21798.5,1.1961,0.97429,0.997475,1,1,0.986404,0.98653,1,1,1,0,3,"[1,1,1]","[0,1,1]","[218697,127305,57878.4]","[-1.0299,-1.25724,0.268676]","[0.578592,1.13311,-1.82219]","[345304,241888,59980]","[0.0293579,0.0674419,-0.084404]","[-1,1,-1]","[13,13,11]","[1,1,1]","[0,0,0]","[-678.966,-527.507,-306.038]","[0.00454192,0.00496795,0.00557727]","[0.585057,0.764731,0.668429]",38091.8,-2.44152,2,"[278158,48697.9]","[-0.037652,1.35605]","[-2.3271,1.63816]","[278886,100940]","[0.992631,0.959343]","[4,0]","[0,0]","[0.717335,-0.936956]",0,"[]","[]","[]","[]","[]","[]","[]","[]","[]","[]",1,"[331721]","[0.0206891]","[-2.23452]","[343541]","[89076.4]","[1]","[0.982578]","[0.438029]",0,"[]","[]","[]","[]","[]","[]","[]","[]","[]","[]",0,"[7240.64,3153.18,416.674]",423.941,"[3021.86,2926.99]","[]","[7910.56]","[]"
213,284500,14441,392226,1,15.8288,21798.5,1.26459,0.97361,0.998702,1,1,0.998399,0.98448,1,1,0,0,2,"[1,1]","[0,1]","[233737,49485]","[-1.4863,-0.462479]","[1.87478,-1.50519]","[543075,54872.1]","[-0.00299883,0.00527859]","[1,1]","[13,11]","[1,1]","[0,0]","[-288.477,2481.69]","[0.00165543,-0.00286751]","[0.25527,0.385821]",25689.7,-2.32441,3,"[258236,57090.9,34935.5]","[-0.854689,-0.246446,-1.91499]","[-0.782519,-2.08965,-2.43767]","[358665,59501.2,121264]","[0.997241,0.995754,0.987444]","[0,0,0]","[0,0,0]","[-0.95484,-0.952538,-0.790249]",0,"[]","[]","[]","[]","[]","[]","[]","[]","[]","[]",1,"[309799]","[-0.824771]","[-0.905693]","[433479]","[102117]","[1]","[0.314364]","[0.33391]",0,"[]","[]","[]","[]","[]","[]","[]","[]","[]","[]",0,"[20199.8,31.5231]",1354.31,"[4100.05,3763.54,3613.16]","[]","[3648.75]","[]"
214,284500,14586,392226,1,15.8288,21798.5,1.22586,0.98089,0.997041,1,1,0.99773,0.99866,1,1,1,0,2,"[1,1]","[1,1]","[242409,67039.2]","[-0.888036,-0.656975]","[-1.21789,2.33069]","[344441,82034.8]","[0.0488205,-0.0255051]","[1,-1]","[11,13]","[1,0]","[1297.5,0]","[692.458,-5.04675]","[-0.0388842,0.0479337]","[4.86167,9.00801]",100619,1.26408,3,"[51659.9,33174.2,25053.2]","[2.16338,-1.93618,-1.15396]","[2.63453,2.06283,1.92239]","[227796,117453,43825.8]","[0.997235,1,0.972732]","[0,0,0]","[0,0,0]","[-0.872641,-0.744397,-0.93071]",0,"[]","[]","[]","[]","[]","[]","[]","[]","[]","[]",1,"[258067]","[-0.920441]","[-1.21914]","[375325]","[0.0078125]","[1]","[0]","[-1]",0,"[]","[]","[]","[]","[]","[]","[]","[]","[]","[]",0,"[2356.82,387.165]",24807.3,"[2300.13,7364.8,1697.02]","[]","[11934.9]","[]"
215,284500,15532,392226,1,15.8288,21798.5,1.26459,0.930126,1,1,1,1,0.99866,1,1,0,0,3,"[1,1,1]","[1,1,1]","[206566,197153,74841.1]","[-0.901511,-0.0393408,-0.661228]","[-0.216223,2.99246,-0.322815]","[296348,197306,91807.1]","[-0.0168438,0.0825329,0.0702305]","[-1,-1,1]","[11,11,11]","[1,1,1]","[54219.5,1633.29,161817]","[2184.89,621.109,-255.281]","[-0.0155073,0.018632,-0.0547736]","[1.93631,3.00783,2.12533]",80757.5,2.51779,0,"[]","[]","[]","[]","[]","[]","[]","[]",0,"[]","[]","[]","[]","[]","[]","[]","[]","[]","[]",1,"[304411]","[-0.854852]","[-0.248669]","[424290]","[38069.7]","[1]","[0.213279]","[0.388603]",0,"[]","[]","[]","[]","[]","[]","[]","[]","[]","[]",0,"[1994.98,1578.48,182.01]",1538.54,"[]","[]","[5427.62]","[]"
216,284500,16535,392226,1.64896,15.8288,21798.5,1.25133,1,0.991679,1,1,0.994407,0.895519,1,0,1,0,2,"[1,1]","[1,1]","[387180,80644.9]","[0.830033,0.298706]","[1.45267,1.46559]","[528391,84269.6]","[-0.00845528,0.0111513]","[-1,1]","[13,13]","[1,1]","[0,0]","[694.923,295.708]","[-0.0271587,-0.0216883]","[7.25964,4.67653]",145362,-0.828071,3,"[372189,259567,20008.3]","[0.303233,0.0642905,-2.25868]","[-1.23712,-3.02293,2.60606]","[389481,260887,96915]","[0.917046,1,0.841252]","[15,0,0]","[1,0,0]","[-0.908426,-0.776469,0.0568765]",0,"[]","[]","[]","[]","[]","[]","[]","[]","[]","[]",2,"[365224,259948]","[0.299646,0.0597906]","[-1.23698,-3.02341]","[381745,261218]","[1265.63,20499.4]","[1,0]","[0,1.37676]","[-1,0.252707]",0,"[]","[]","[]","[]","[]","[]","[]","[]","[]","[]",0,"[46110.2,2349.04]",14455.3,"[4554.68,5064.75,2236.64]","[]","[15562.6,4391.53]","[]"
217,284500,17409,392226,1.00425,15.8288,21798.5,0.75088,1,0.977856,1,1,0.996898,1.00735,1,0,1,0,2,"[1,1]","[1,1]","[46313,30630.8]","[0.197497,1.8732]","[-2.57952,-0.917724]","[47219.3,102043]","[-0.0318527,-0.0651169]","[-1,1]","[13,13]","[1,1]","[1478.4,0]","[2890.03,-506.189]","[0.00593153,0.000924985]","[1.03319,0.0913088]",92442.9,-0.862086,5,"[284743,66386.6,60013.3,53605,44446.6]","[0.836987,-0.629745,-1.27241,0.509007,-0.934513]","[1.6632,-1.79124,-1.67669,-0.600785,-2.71778]","[391817,80259.1,116035,60966.6,65628.8]","[0.981399,0.997054,1,0.933011,0.990991]","[0,0,0,15,0]","[0,0,0,1,0]","[-0.822469,-0.963034,-0.7419,-0.245989,-0.925559]",0,"[]","[]","[]","[]","[]","[]","[]","[]","[]","[]",1,"[330842]","[0.801804]","[1.65995]","[444941]","[41400.1]","[0]","[1.61381]","[0.643911]",0,"[]","[]","[]","[]","[]","[]","[]","[]","[]","[]",0,"[257.72,72.8242]",262.898,"[12036.8,3651.75,2435.5,2983.39,4901.54]","[]","[8633.81]","[]"
218,284500,18326,392226,0.970943,15.8288,21798.5,1.55465,1,1.0018,1,1,0.999075,0.999546,1,0,1,0,3,"[1,1,1]","[1,1,0]","[145695,118747,26289.5]","[2.06994,2.45624,0.0156423]","[0.855555,1.4323,-0.557903]","[586461,697434,26292.9]","[-0.028286,-0.161924,0.0214081]","[1,-1,1]","[13,13,13]","[1,1,0]","[0,0,0]","[-21.1552,-525.832,-518.008]","[-0.00450527,0.0111486,0.010301]","[0.850445,2.00164,1.16176]",57615.7,-0.566654,1,"[260838]","[1.55593]","[-2.52859]","[646192]","[0.985149]","[0]","[0]","[-0.848708]",0,"[]","[]","[]","[]","[]","[]","[]","[]","[]","[]",1,"[261460]","[1.56753]","[-2.53096]","[654819]","[30926.9]","[0]","[1.91895]","[0.578209]",0,"[]","[]","[]","[]","[]","[]","[]","[]","[]","[]",0,"[15263.1,1773.15,64.8713]",16475.6,"[8402.79]","[]","[2553.02]","[]"
219,284500,18575,392226,0.852602,15.8288,21798.5,1.74563,1,0.996191,1,1,0.99427,0.810601,1,0,1,0,2,"[1,1]","[1,0]","[65896.7,21344.9]","[0.104037,1.45091]","[-2.32106,-0.193579]","[66253.7,48040.7]","[0.0814133,-0.0408783]","[1,-1]","[13,13]","[1,1]","[0,0]","[-611.644,-304.362]","[0.0145296,-0.0349273]","[1.88985,2.52927]",167773,-1.73518,3,"[295084,92119.2,25009.5]","[-0.104069,-0.735793,-1.96894]","[1.35129,-2.09641,0.2516]","[298005,118246,91399.7]","[0.996644,1,0.994485]","[0,15,0]","[0,1,0]","[-0.805975,-0.990887,-0.704012]",0,"[]","[]","[]","[]","[]","[]","[]","[]","[]","[]",1,"[322726]","[-0.13235]","[1.34778]","[326358]","[22851.1]","[0]","[1.38111]","[0.51383]",0,"[]","[]","[]","[]","[]","[]","[]","[]","[]","[]",0,"[1661.17,40.6967]",5649.39,"[7536.72,2113.97,3229.34]","[]","[23324]","[]"
220,284500,19161,392226,1,15.8288,21798.5,0.738662,0.963528,1,1,1,1,0.99866,1,1,0,0,2,"[1,0]","[1,1]","[320550,97458]","[-1.07546,0.332539]","[2.10128,-1.0164]","[524499,102896]","[0.0393105,-0.0349236]","[1,-1]","[11,11]","[1,1]","[0,0]","[543.759,748.888]","[-0.0191417,0.0393829]","[1.73547,3.95146]",218832,-1.0598,0,"[]","[]","[]","[]","[]","[]","[]","[]",0,"[]","[]","[]","[]","[]","[]","[]","[]","[]","[]",1,"[355621]","[-1.06221]","[2.10134]","[575852]","[5152.9]","[1]","[29.3802]","[0.56993]",0,"[]","[]","[]","[]","[]","[]","[]","[]","[]","[]",0,"[4097.28,351.14]",0,"[]","[]","[15407]","[]"
221,284500,19813,392226,1,15.8288,21798.5,0.351687,0.947674,1,1,1,1,0.99765,1,1,0,0,3,"[1,1,1]","[1,1,1]","[268222,238416,54778.5]","[0.668924,0.242318,-0.493582]","[-0.105576,3.03151,-2.95195]","[330502,245450,61587.8]","[-0.0138092,0.0226212,-0.0203552]","[1,-1,1]","[11,11,11]","[1,1,1]","[0,0,0]","[-2955.11,860.709,-1120.35]","[-0.00352728,0.012753,0.0102437]","[0.416077,1.48708,0.844602]",24120.9,0.694923,0,"[]","[]","[]","[]","[]","[]","[]","[]",0,"[]","[]","[]","[]","[]","[]","[]","[]","[]","[]",2,"[300322,285234]","[0.0629991,0.641934]","[3.07939,-0.108184]","[318068,346050]","[103031,-0.00478416]","[1,1]","[0,0]","[-1,-1]",0,"[]","[]","[]","[]","[]","[]","[]","[]","[]","[]",0,"[2640.7,3059.23,128.065]",0,"[]","[]","[24162.7,3356.31]","[]"
222,284500,2716,392226,1.20726,15.8288,21798.5,0.923924,1,0.998439,1,1,0.99871,0.982246,1,0,1,0,1,"[1]","[1]","[42587.7]","[2.06853]","[-0.905035]","[171194]","[-0.0412887]","[-1]","[13]","[1]","[0]","[358.467]","[-0.0228223]","[2.43833]",269356,-0.940606,2,"[256078,20241.1]","[1.35101,0.652172]","[2.26523,2.31255]","[528289,24938]","[1,0.946128]","[0,0]","[0,0]","[-0.837517,-0.910147]",0,"[]","[]","[]","[]","[]","[]","[]","[]","[]","[]",1,"[263124]","[1.35993]","[2.26958]","[547153]","[30123.3]","[0]","[1.63603]","[0.77524]",0,"[]","[]","[]","[]","[]","[]","[]","[]","[]","[]",0,"[951.766]",6696.78,"[5045.04,3462.87]","[]","[12414.8]","[]"
223,284500,3627,392226,1.76989,15.8288,21798.5,1.21412,0.97921,0.995481,1,1,0.997078,1.00192,1,1,1,0,2,"[1,1]","[1,1]","[144512,65249.9]","[-0.391232,-0.595322]","[1.36559,2.7021]","[155713,77158]","[-0.0216446,0.0388155]","[-1,1]","[13,11]","[1,1]","[0,0]","[1311.83,-760.102]","[0.00880523,0.00642518]","[1.53282,1.03107]",59607.9,2.54961,4,"[268073,28063.5,23906.8,22796.4]","[0.176798,-0.894382,-1.40024,0.754244]","[-1.1202,-2.81263,2.74507,1.3713]","[272569,40365,51626.2,30157.1]","[0.996946,0.601007,1,0.939825]","[0,0,0,0]","[0,0,0,0]","[-0.717252,-0.842053,-0.769845,0.391258]",0,"[]","[]","[]","[]","[]","[]","[]","[]","[]","[]",1,"[281284]","[0.18516]","[-1.11653]","[286119]","[-0.00640375]","[0]","[0]","[-1]",0,"[]","[]","[]","[]","[]","[]","[]","[]","[]","[]",0,"[6251.55,572.408]",26816.8,"[7404.04,4632.5,1223.92,1206.3]","[]","[9197.03]","[]"
224,284500,3713,392226,0.902586,15.8288,21798.5,1.21412,1,0.986826,1,1,0.997945,0.852763,1,0,1,0,2,"[1,1]","[1,1]","[287115,77936.9]","[-0.0472921,0.346772]","[0.451405,-0.021928]","[287436,82670.1]","[0.00196075,0.00908852]","[-1,1]","[13,13]","[1,1]","[0,0]","[-487.064,693.194]","[0.00895993,0.00882529]","[2.19507,1.51837]",288723,0.976381,5,"[451768,200807,23698.9,22559.9,21523.2]","[1.86516,1.56957,1.43083,1.03494,2.03745]","[-2.66781,-2.04607,-2.42698,0.786207,2.23379]","[1.49369e+06,503875,52445.1,35809.3,83993.2]","[1,0.997233,0.89,0.999389,0.666439]","[0,0,0,15,0]","[0,0,0,1,0]","[-0.980047,0.704128,-0.764874,0.628407,-0.692592]",0,"[]","[]","[]","[]","[]","[]","[]","[]","[]","[]",1,"[594874]","[1.82449]","[-2.48511]","[1.90215e+06]","[196469]","[0]","[0.853511]","[0.714122]",0,"[]","[]","[]","[]","[]","[]","[]","[]","[]","[]",0,"[8536.13,1995.51]",6009.38,"[6753.59,3198.75,2706.45,1693.2,1134.87]","[]","[5047.44]","[]"
225,284500,3808,392226,1.34305,15.8288,21798.5,1.21412,0.965079,0.999959,1,1,1,0.99765,1,1,1,0,3,"[1,1,1]","[1,1,1]","[208053,126539,104036]","[0.740467,1.16584,1.16034]","[-0.130898,2.58087,-0.573753]","[267744,222728,182292]","[-0.0322723,-0.0268326,0.0337715]","[1,1,-1]","[11,13,11]","[1,1,1]","[0,0,0]","[714.169,4283.73,2936.5]","[0.0134806,-0.00969829,0.0207628]","[1.18549,1.81112,2.20906]",97346.2,2.76072,0,"[]","[]","[]","[]","[]","[]","[]","[]",0,"[]","[]","[]","[]","[]","[]","[]","[]","[]","[]",1,"[334367]","[0.95151]","[-0.292602]","[506520]","[95163.4]","[1]","[0.0893076]","[0.404593]",0,"[]","[]","[]","[]","[]","[]","[]","[]","[]","[]",0,"[1375.08,3123.19,690.869]",288.633,"[]","[]","[15459.8]","[]"
226,284500,2220,392226,1,15.8288,21798.5,0.696077,0.952177,1,1,1,0.999025,1.00582,1,1,0,0,2,"[0,0]","[1,1]","[135710,128658]","[-0.254015,0.0143064]","[-0.714303,-1.3599]","[140112,128671]","[0.00574112,-0.0118217]","[1,-1]","[11,11]","[1,1]","[0,0]","[-786.597,854.015]","[0.00911813,0.0119231]","[1.38442,1.68818]",75840,-0.994061,1,"[316739]","[1.51001]","[2.08997]","[751899]","[0.99735]","[0]","[0]","[-0.951024]",0,"[]","[]","[]","[]","[]","[]","[]","[]","[]","[]",2,"[319132,263648]","[1.52643,-0.0907098]","[2.08992,-1.03288]","[768960,283711]","[3596.9,102020]","[1,1]","[2.04222,0]","[0.401339,-1]",0,"[]","[]","[]","[]","[]","[]","[]","[]","[]","[]",0,"[530.409,555.973]",9102.58,"[10049]","[]","[316.656,8162.03]","[]"
227,284500,3326,392226,1,15.8288,21798.5,1.25133,0.938345,1,1,1,1,1.01508,1,1,0,0,2,"[1,1]","[1,1]","[151609,95423.3]","[-1.64295,-1.75094]","[2.07069,1.27513]","[406603,283102]","[0.083519,0.0273132]","[-1,1]","[11,11]","[1,1]","[0,0]","[536.944,5478.53]","[-0.00728503,0.00784792]","[0.465806,0.89542]",207060,-1.28034,0,"[]","[]","[]","[]","[]","[]","[]","[]",0,"[]","[]","[]","[]","[]","[]","[]","[]","[]","[]",1,"[268914]","[-1.74988]","[1.75283]","[805803]","[118625]","[1]","[0.159994]","[0.516219]",0,"[]","[]","[]","[]","[]","[]","[]","[]","[]","[]",0,"[2431.18,842.347]",6269.92,"[]","[]","[15332.3]","[]"
228,284500,3669,392226,1,15.8288,21798.5,1.21412,0.918719,1,1,1,1,0.98743,1,1,0,0,3,"[1,1,0]","[1,1,1]","[155474,143094,32125.1]","[-0.0519175,0.279383,1.08052]","[2.24509,2.77395,-0.469294]","[155684,148715,52775.4]","[0.0149479,0.0244637,-0.00576019]","[1,-1,1]","[11,11,11]","[1,1,1]","[0,0,0]","[2039.47,257.606,195.485]","[0.00473516,0.00464426,-0.110551]","[0.668811,0.671752,3.64801]",253411,-0.664225,0,"[]","[]","[]","[]","[]","[]","[]","[]",0,"[]","[]","[]","[]","[]","[]","[]","[]","[]","[]",1,"[298043]","[0.102835]","[2.50253]","[316640]","[102411]","[1]","[0.0167849]","[0.540394]",0,"[]","[]","[]","[]","[]","[]","[]","[]","[]","[]",0,"[2454.1,2233.18,82.8965]",0,"[]","[]","[3262.91]","[]"
229,284500,3350,392226,1,15.8288,21798.5,1.25133,0.97994,0.995314,1,1,1,1.00632,1,1,1,0,3,"[1,1,1]","[1,1,1]","[686467,335839,239054]","[0.933095,1.11347,0.561721]","[1.56703,1.64591,-1.66626]","[1.00763e+06,566448,277771]","[0.00498867,-0.00290203,0.0205278]","[1,-1,1]","[13,13,11]","[1,1,1]","[316446,659092,0]","[4762.68,870.58,2507.37]","[0.0169478,0.0165702,-0.0190237]","[3.98555,2.89514,2.81021]",790744,-1.5234,0,"[]","[]","[]","[]","[]","[]","[]","[]",0,"[]","[]","[]","[]","[]","[]","[]","[]","[]","[]",1,"[251444]","[0.57216]","[-1.66357]","[293736]","[0.00195312]","[1]","[0]","[-1]",0,"[]","[]","[]","[]","[]","[]","[]","[]","[]","[]",0,"[75033,31784.3,1764.53]",390.75,"[]","[]","[3335.45]","[]"
230,284500,3731,392226,0.786321,15.8288,21798.5,1.21412,1,0.987326,1,1,0.997105,1.01942,1,0,1,0,1,"[1]","[1]","[71966.7]","[-1.73252]","[0.18818]","[209846]","[-0.0148087]","[1]","[13]","[1]","[0]","[61.1252]","[0.0152174]","[1.65757]",145912,-0.731422,5,"[245369,127317,77104.9,28957.6,23441.9]","[0.0235727,-0.518361,-0.548678,0.816524,-1.27511]","[3.1185,0.197874,2.80844,2.58178,0.348869]","[245857,145929,89335,39691.1,45391.1]","[0.974001,1,0.996289,0.721012,0.983387]","[0,0,0,0,0]","[0,0,0,0,0]","[-0.955166,-0.751897,-0.842253,-0.892578,-0.813053]",0,"[]","[]","[]","[]","[]","[]","[]","[]","[]","[]",1,"[294821]","[-0.137728]","[3.05749]","[313945]","[99912.8]","[0]","[0.667096]","[0.533105]",0,"[]","[]","[]","[]","[]","[]","[]","[]","[]","[]",0,"[427.18]",8422.03,"[4077.11,5841.85,2274.07,3949.21,2155.17]","[]","[17911.2]","[]"
231,284500,227,392226,1.37854,15.8288,21798.5,0.351687,0.96257,0.98002,1,1,1.02377,0.849553,1,0,1,0,3,"[1,1,0]","[1,1,0]","[57946.8,54077.3,40921.6]","[-1.60246,-0.794772,-1.58818]","[-0.271789,-1.92837,-1.78258]","[149695,72074.8,104332]","[-0.0175886,0.0230627,0.0418787]","[1,-1,-1]","[13,13,11]","[1,1,0]","[0,0,0]","[374.122,-1758.81,2631.51]","[-0.0110241,-0.000189104,0.0186149]","[1.23752,0.0220721,0.563808]",275963,-1.36981,2,"[293261,34593.3]","[-1.91019,0.186974]","[1.67572,1.53201]","[1.01222e+06,36041.8]","[1,0.993079]","[0,5]","[0,0]","[-0.553314,0.999706]",0,"[]","[]","[]","[]","[]","[]","[]","[]","[]","[]",1,"[303962]","[-1.90689]","[1.67704]","[1.04586e+06]","[16572.9]","[0]","[4.91673]","[0.530925]",0,"[]","[]","[]","[]","[]","[]","[]","[]","[]","[]",0,"[1129.45,138.537,173.466]",19550.5,"[6664.34,1897.79]","[]","[7483.66]","[]"
232,284500,463,392226,1.10514,15.8288,21798.5,0.619412,0.890898,1,1,1,0.985277,1.00582,1,1,0,0,2,"[1,1]","[1,0]","[235364,19084.9]","[-0.210536,-0.928615]","[0.0809601,1.32501]","[240600,27922.2]","[-0.0350571,0.0156593]","[1,-1]","[11,11]","[1,1]","[0,0]","[1420.6,694.166]","[0.00596211,0.00251475]","[1.08706,0.223551]",45156.3,-0.4667,2,"[310450,56892]","[0.70253,-0.0408179]","[-3.09511,1.02344]","[390568,57343.6]","[0.998373,1]","[4,15]","[0,1]","[0.610179,-0.963796]",0,"[]","[]","[]","[]","[]","[]","[]","[]","[]","[]",2,"[315528,274842]","[0.688394,-0.220669]","[-3.09624,0.211305]","[393482,299061]","[12321.9,100803]","[0,1]","[5.46626,0]","[0.278705,-1]",0,"[]","[]","[]","[]","[]","[]","[]","[]","[]","[]",0,"[1365.15,208.784]",118.379,"[2865.76,3873.17]","[]","[38911.4,21849.6]","[]"
233,284500,1584,392226,1.27362,15.8288,21798.5,1.55465,1,0.98347,1,1,0.999235,1.027,1,0,1,0,3,"[1,1,1]","[1,0,1]","[203369,66953,27395.7]","[0.399887,0.957728,0.308116]","[-1.26468,-0.624977,-2.50623]","[219847,100079,28706.7]","[-0.030632,-0.0118027,0.0374842]","[-1,1,1]","[13,13,13]","[1,1,1]","[0,8084.63,0]","[-249.464,-68.9564,-249.464]","[0.00256709,0.00612746,-0.00157085]","[0.471334,0.833046,0.199131]",80314.1,-0.145284,1,"[326959]","[-1.02232]","[2.19705]","[513760]","[0.992511]","[0]","[0]","[-0.864407]",0,"[]","[]","[]","[]","[]","[]","[]","[]","[]","[]",1,"[305567]","[-1.01782]","[2.19561]","[478514]","[22415.2]","[0]","[2.42845]","[0.486321]",0,"[]","[]","[]","[]","[]","[]","[]","[]","[]","[]",0,"[25130.7,1148.6,114.276]",21897.9,"[9890.94]","[]","[19019.9]","[]"
234,284500,727,392226,1.03099,15.8288,21798.5,0.738662,0.97097,0.990724,1,1,0.997857,0.881991,1,0,1,0,2,"[1,0]","[1,0]","[141757,36139.3]","[0.252324,0.429832]","[-1.21211,0.40188]","[146294,39529.5]","[-0.0115232,0.0485792]","[-1,-1]","[13,11]","[1,0]","[0,0]","[-995.884,4168.82]","[0.0121791,0.0473784]","[2.29547,1.89864]",80448.1,-1.88211,2,"[285732,22457.4]","[-1.02341,2.38686]","[1.62689,3.00045]","[449465,123238]","[0.994554,0.993482]","[0,0]","[0,0]","[-0.714484,0.0314494]",0,"[]","[]","[]","[]","[]","[]","[]","[]","[]","[]",1,"[273122]","[-1.02697]","[1.61524]","[430490]","[14133.1]","[0]","[3.18045]","[0.601556]",0,"[]","[]","[]","[]","[]","[]","[]","[]","[]","[]",0,"[10100.1,47.569]",5197.27,"[12156.9,1687.28]","[]","[17148.8]","[]"
235,284500,1416,392226,0.745042,15.8288,21798.5,1.74563,0.96483,0.995833,1,1,0.998166,1.00141,1,1,0,0,2,"[1,0]","[1,0]","[42743.1,19152.4]","[1.70688,0.504061]","[0.508754,-2.481]","[121672,21637.7]","[0.0710434,-0.0650797]","[1,1]","[11,13]","[1,1]","[2363.67,0]","[1327.96,-203.639]","[-0.00457135,-0.049594]","[0.270342,4.65025]",236252,-2.63796,3,"[376392,202749,34725.3]","[0.154571,0.0996239,1.44709]","[-0.0748155,2.40374,-2.713]","[381465,206517,77947.8]","[0.994308,0.996351,0.958859]","[0,0,15]","[0,0,1]","[-0.873073,-0.920645,-0.916708]",0,"[]","[]","[]","[]","[]","[]","[]","[]","[]","[]",1,"[402770]","[0.108222]","[-0.0852445]","[410095]","[63617.9]","[0]","[1.96916]","[0.455162]",0,"[]","[]","[]","[]","[]","[]","[]","[]","[]","[]",0,"[106.475,90.6567]",1345.94,"[5889.89,3441.74,5589.51]","[]","[1455.03]","[]"
236,284500,1970,392226,1.39292,15.8288,21798.5,1.26205,0.923136,1,1,1,0.999445,1.00493,1,1,0,0,3,"[1,1,1]","[1,1,1]","[143861,45752.2,42505.7]","[-1.13096,-0.0363831,-0.127089]","[-1.67355,-1.10022,-1.88792]","[246099,45782.4,42849.4]","[-0.0470428,-0.00274658,-0.0539093]","[-1,1,1]","[11,11,11]","[1,1,1]","[0,1071.38,0]","[794.608,-195.735,-956.71]","[0.000502259,-0.0185028,-0.0167619]","[0.0726875,1.48001,1.78461]",89596.1,-0.736817,1,"[287402]","[0.412761]","[1.7971]","[315236]","[0.992366]","[0]","[0]","[-0.830982]",0,"[]","[]","[]","[]","[]","[]","[]","[]","[]","[]",1,"[281247]","[0.362886]","[1.79482]","[303648]","[47121.2]","[0]","[1.26968]","[0.400538]",0,"[]","[]","[]","[]","[]","[]","[]","[]","[]","[]",0,"[1415.79,460.884,78.3803]",878.398,"[3471.77]","[]","[21657.2]","[]"
237,284500,800,392226,1.30155,15.8288,21798.5,0.738662,1,0.995902,1,1,0.994665,0.927834,1,0,1,0,2,"[1,1]","[1,0]","[89816.8,31322.4]","[-0.797821,-1.28839]","[-2.27619,-1.49703]","[119951,61120.3]","[-0.00144958,0.0561371]","[1,1]","[13,13]","[1,1]","[0,0]","[143.243,2132.02]","[-0.00365745,-0.0241726]","[0.531826,1.94362]",240032,-1.53829,5,"[239403,145325,102245,61767.4,24092.6]","[-0.793771,-0.675509,-0.844918,-1.46833,-0.198719]","[1.63618,1.23346,-1.26104,1.41482,3.05047]","[319391,179987,141223,141478,24859]","[0.989286,0.99342,0.999998,0.986539,0.997499]","[0,0,15,0,0]","[0,0,1,0,0]","[-0.496085,-0.909961,0.685647,-0.439193,-0.838193]",0,"[]","[]","[]","[]","[]","[]","[]","[]","[]","[]",1,"[394071]","[-0.876276]","[1.48638]","[569038]","[124283]","[0]","[1.4999]","[0.272447]",0,"[]","[]","[]","[]","[]","[]","[]","[]","[]","[]",0,"[3385.66,163.324]",30511.1,"[6885.58,2710.06,12982.3,5741.28,2809.67]","[]","[4035.34]","[]"
238,284500,4189,392226,0.922049,15.8288,21798.5,1.1961,0.9724,0.992661,1,1,1.09184,0.96574,1,1,0,0,3,"[1,1,1]","[1,0,1]","[127803,116535,52759.2]","[1.18476,0.719354,0.985199]","[0.0436496,-0.533764,0.807141]","[228494,148010,80502.9]","[-0.0252838,0.0312538,-0.00870895]","[-1,1,1]","[13,13,11]","[1,1,1]","[0,0,0]","[-331.375,-104.263,-365.422]","[-0.0123769,-0.00259615,-0.00886999]","[2.59564,0.441919,0.931381]",143940,-0.582694,3,"[343405,208960,143558]","[-1.04878,0.94248,1.40987]","[1.97304,-2.30268,-2.5761]","[550324,309339,311613]","[0.992343,0.994221,1]","[0,4,4]","[0,0,0]","[-0.921862,-0.37202,0.964008]",0,"[]","[]","[]","[]","[]","[]","[]","[]","[]","[]",2,"[359667,321283]","[-1.03475,1.1678]","[1.97306,-2.41157]","[570106,573420]","[9830.27,89347.3]","[0,0]","[4.7031,0.837875]","[0.457762,0.720029]",0,"[]","[]","[]","[]","[]","[]","[]","[]","[]","[]",0,"[4787.55,1673.07,152.874]",2945.72,"[4086.21,3911.52,8029.76]","[]","[2308.94,18317.6]","[]"
239,284500,4063,392226,1,15.8288,21798.5,1.1961,0.97538,1,1,1,0.999203,1.01508,1,1,0,0,1,"[1]","[1]","[99956]","[-1.71894]","[0.162666]","[287765]","[-0.113503]","[1]","[11]","[1]","[0]","[-1000.78]","[-0.0314748]","[1.43739]",115935,-2.78098,1,"[240697]","[-1.40467]","[0.674978]","[519896]","[0.995415]","[0]","[0]","[-0.949192]",0,"[]","[]","[]","[]","[]","[]","[]","[]","[]","[]",1,"[327351]","[-1.53621]","[0.517246]","[801274]","[93386.9]","[1]","[0.0346796]","[0.0816082]",0,"[]","[]","[]","[]","[]","[]","[]","[]","[]","[]",0,"[1154.81]",13133.9,"[11241.7]","[]","[42678]","[]"
240,284500,4596,392226,0.796714,15.8288,21798.5,1.22586,1,1.02953,1,1,1.10988,0.635071,1,0,1,0,2,"[1,1]","[1,0]","[60683.6,42281.3]","[-0.967923,-2.59366]","[1.40112,1.76143]","[91400,284414]","[-0.00376511,-14.0747]","[1,-1]","[13,13]","[1,0]","[0,0]","[-621.13,-315.971]","[-0.0203944,1.02933]","[3.52526,0.180159]",118256,-0.716638,3,"[232988,156417,23005.3]","[-1.19344,1.74988,-2.02379]","[3.04077,-0.109361,-1.84339]","[420200,464296,88600.2]","[0.993944,0.996935,0.994397]","[0,4,15]","[0,0,1]","[-0.80334,0.912063,0.212988]",0,"[]","[]","[]","[]","[]","[]","[]","[]","[]","[]",1,"[250999]","[-1.18791]","[3.04881]","[450130]","[13560.2]","[0]","[2.15148]","[0.601902]",0,"[]","[]","[]","[]","[]","[]","[]","[]","[]","[]",0,"[172.452,113.339]",7295.46,"[3466.32,9667.13,1912.4]","[]","[7152.31]","[]"
241,284500,5560,392226,1,15.8288,21798.5,1.26459,0.928913,0.991986,1,1,1,0.99866,1,1,0,0,3,"[1,1,0]","[1,1,0]","[236453,49138.4,10210.7]","[-1.14353,-1.24976,-1.12467]","[1.71069,0.834912,-1.99248]","[408654,92774.9,17378.6]","[-0.0077877,-0.0860519,0.526415]","[-1,1,1]","[11,11,13]","[1,1,1]","[0,0,0]","[-697.73,930,1134.08]","[0.0545554,0.0319129,-0.173126]","[8.49763,2.441,10.4905]",257458,-1.55156,0,"[]","[]","[]","[]","[]","[]","[]","[]",0,"[]","[]","[]","[]","[]","[]","[]","[]","[]","[]",1,"[299624]","[-1.21031]","[1.57856]","[558724]","[112854]","[1]","[0.0857287]","[0.145531]",0,"[]","[]","[]","[]","[]","[]","[]","[]","[]","[]",0,"[5147.97,278.609,60.9721]",0,"[]","[]","[744.25]","[]"
242,284500,4344,392226,1,15.8288,21798.5,1.26459,0.96323,0.972498,1,1,1,1.00493,1,1,0,0,3,"[1,1,1]","[1,1,0]","[232002,171855,81328.6]","[-1.20487,-1.9385,-2.58154]","[0.989412,-1.87559,-2.27522]","[421786,609418,540556]","[-0.0156097,0.011261,-0.156967]","[1,1,-1]","[11,13,13]","[1,1,0]","[0,0,0]","[146.924,-669.115,-669.115]","[-0.0300441,0.0108597,0.0200671]","[4.87644,1.98479,2.43604]",51973.4,1.4231,0,"[]","[]","[]","[]","[]","[]","[]","[]",0,"[]","[]","[]","[]","[]","[]","[]","[]","[]","[]",1,"[286774]","[-1.18689]","[0.98433]","[513620]","[1631.7]","[1]","[0]","[-1]",0,"[]","[]","[]","[]","[]","[]","[]","[]","[]","[]",0,"[4705.38,5996.25,2420.96]",2463.65,"[]","[]","[24568.2]","[]"
243,284500,5116,392226,1.43312,15.8288,21798.5,1.32095,1,0.996838,1,1,0.999009,1.07399,1,0,1,0,1,"[1]","[1]","[164910]","[-0.854802]","[-0.451728]","[228918]","[0.0175705]","[1]","[13]","[1]","[0]","[-395.526]","[-0.00226534]","[0.538657]",131703,-0.30941,2,"[295354,43266.7]","[-1.45514,0.30869]","[2.59596,-2.02338]","[667366,45764.5]","[0.99383,0.996703]","[0,0]","[0,0]","[-0.854182,-0.942111]",0,"[]","[]","[]","[]","[]","[]","[]","[]","[]","[]",1,"[271306]","[-1.47967]","[2.59646]","[626630]","[5371.89]","[1]","[3.25669]","[0.684547]",0,"[]","[]","[]","[]","[]","[]","[]","[]","[]","[]",0,"[5001.03]",22137,"[9268.89,2702.02]","[]","[1525.44]","[]"
244,284500,5406,392226,1,15.8288,21798.5,1.22586,0.96538,1,1,1,0.995243,0.99741,1,1,0,0,1,"[1]","[1]","[49269.1]","[1.72498]","[0.719202]","[142648]","[0.0578947]","[1]","[11]","[1]","[0]","[268.396]","[-0.0153664]","[0.690235]",175873,-3.05937,2,"[197335,57828.3]","[1.17171,2.16829]","[-0.0428369,-2.95282]","[349063,256133]","[1,0.997294]","[0,15]","[0,1]","[-0.97794,-0.879817]",0,"[]","[]","[]","[]","[]","[]","[]","[]","[]","[]",1,"[252810]","[1.37175]","[0.112121]","[537927]","[89781.1]","[1]","[0.0832504]","[0.344682]",0,"[]","[]","[]","[]","[]","[]","[]","[]","[]","[]",0,"[146.714]",1736.39,"[2757.8,2702.63]","[]","[18482.5]","[]"
245,284500,6105,392226,0.978595,15.8288,21798.5,1.32095,1,0.991998,1,1,0.996594,0.863802,1,0,1,0,2,"[1,1]","[1,1]","[83640.7,68010.7]","[0.773321,0.15376]","[-2.22784,-1.14545]","[109922,68816.4]","[-0.0110779,0.0302849]","[1,-1]","[13,13]","[0,1]","[1011.21,0]","[-456.835,-456.835]","[-0.0152115,-0.00968704]","[2.54507,1.41091]",319589,1.61369,2,"[256912,61430.5]","[-0.382352,0.300119]","[-1.31077,2.14092]","[276485,64710.7]","[0.997488,0.989357]","[0,15]","[0,1]","[-0.437706,-0.855667]",0,"[]","[]","[]","[]","[]","[]","[]","[]","[]","[]",1,"[260927]","[-0.365479]","[-1.30929]","[279270]","[20051.5]","[0]","[2.66545]","[0.538764]",0,"[]","[]","[]","[]","[]","[]","[]","[]","[]","[]",0,"[2251.68,926.898]",3166.44,"[3058.18,2838.62]","[]","[0]","[]"
246,284500,6963,392226,1.39866,15.8288,21798.5,1.26205,0.894473,0.979713,1,1,0.9959,1.00306,1,1,1,0,3,"[1,0,0]","[1,1,0]","[158299,140523,16159.4]","[-0.536234,0.893683,-0.804717]","[1.19356,-2.25918,-2.37769]","[181609,200474,21680.1]","[0.027813,0.0800123,-0.0106535]","[1,1,-1]","[13,11,11]","[1,1,1]","[0,0,0]","[-706.458,-71.2692,-693.407]","[0.0102803,-0.00501893,-0.000932869]","[1.5405,0.565063,0.0534597]",101905,2.03305,6,"[226666,96990.5,81167.6,55082.4,27278.4,20408.2]","[0.798531,1.73035,1.12109,1.78452,1.39054,-2.24357]","[0.124932,-2.48435,-1.5679,2.95999,-2.19424,0.77542]","[303370,282477,138312,168887,58194.5,97302.1]","[0.990905,1,0.992058,0.994808,0.998611,0.945988]","[0,0,0,0,0,0]","[0,0,0,0,0,0]","[-0.844412,-0.773139,-0.655705,-0.301687,-0.68965,-0.486326]",0,"[]","[]","[]","[]","[]","[]","[]","[]","[]","[]",1,"[320989]","[1.29446]","[-2.17564]","[653355]","[174457]","[1]","[1.26548]","[0.375797]",0,"[]","[]","[]","[]","[]","[]","[]","[]","[]","[]",0,"[6896.81,1302.2,88.1405]",5339.26,"[5602.36,3682.55,2289.78,5395.98,2660.89,1331.79]","[]","[15751.1]","[]"
247,284500,8252,392226,1.18778,15.8288,21798.5,1.24168,0.99211,1,1,1,0.97082,0.9918,1,1,0,0,1,"[1]","[1]","[230611]","[-0.712333]","[-0.277103]","[291635]","[0.0279264]","[1]","[11]","[1]","[35727.9]","[899.931]","[-0.00618825]","[0.365194]",232887,-0.299971,3,"[433190,38171.1,31768.4]","[-1.63727,1.12048,-0.793487]","[2.74987,-2.8636,-1.46986]","[1.15593e+06,64977.3,42596.1]","[0.999454,0.982084,0.999896]","[0,0,15]","[0,0,1]","[-0.906655,-0.933972,0.842149]",0,"[]","[]","[]","[]","[]","[]","[]","[]","[]","[]",1,"[430549]","[-1.63577]","[2.75165]","[1.14728e+06]","[24028.9]","[0]","[2.45078]","[0.510534]",0,"[]","[]","[]","[]","[]","[]","[]","[]","[]","[]",0,"[1728.09]",5241.12,"[6433.04,4825.77,2512.46]","[]","[927.094]","[]"
248,284500,9015,392226,1,15.8288,21798.5,0.696077,0.96257,0.987326,1,1,0.99909,1.00557,1,1,1,0,2,"[1,1]","[1,1]","[125755,41137.4]","[-1.74999,-1.54207]","[-0.206615,2.04449]","[372760,100544]","[0.00409698,0.0467758]","[1,-1]","[13,11]","[1,1]","[0,0]","[-155.284,532.507]","[0.0278469,0.00717588]","[5.09684,0.490467]",213233,-0.360237,1,"[286815]","[-1.47352]","[2.89935]","[658856]","[1]","[0]","[0]","[-0.969437]",0,"[]","[]","[]","[]","[]","[]","[]","[]","[]","[]",1,"[273264]","[-1.54961]","[2.76269]","[677240]","[80016.2]","[1]","[0.320144]","[0.439969]",0,"[]","[]","[]","[]","[]","[]","[]","[]","[]","[]",0,"[3852.82,292.649]",20602.2,"[4020.57]","[]","[5140.12]","[]"
249,284500,8076,392226,1.14459,15.8288,21798.5,1.24168,0.935487,1,1,1,0.99565,0.99544,1,1,0,0,2,"[1,0]","[1,0]","[143406,10796.2]","[1.31242,0.8201]","[2.09753,-0.0788064]","[285687,14634.8]","[0.0149994,0.0254288]","[1,1]","[11,11]","[1,1]","[0,0]","[178.858,1829.87]","[0.00537485,-0.0306087]","[0.602593,1.45052]",98051,2.44686,3,"[245490,89096.3,58566.4]","[1.64411,0.615727,0.373401]","[-0.985401,2.18754,-0.590824]","[659616,106635,63667.6]","[0.997589,0.992783,0.999738]","[0,15,0]","[0,1,0]","[-0.849588,-0.486012,-0.898491]",0,"[]","[]","[]","[]","[]","[]","[]","[]","[]","[]",2,"[257867,255716]","[1.06556,1.62892]","[2.1336,-0.988673]","[427350,677318]","[85810.4,22554.7]","[1,0]","[0.196126,1.52282]","[0.309489,0.669125]",0,"[]","[]","[]","[]","[]","[]","[]","[]","[]","[]",0,"[1718.8,109]",1913.34,"[9337.1,5399.39,2018.1]","[]","[20542.4,0]","[]"
250,284500,8156,392226,1.02936,15.8288,21798.5,1.24168,0.98413,1,1,1,0.998502,0.99866,1,1,0,0,1,"[1]","[1]","[109561]","[-0.880187]","[-0.944432]","[154813]","[-0.0927238]","[-1]","[11]","[1]","[0]","[-600.385]","[0.0208778]","[2.64398]",200241,1.4986,2,"[233696,169046]","[-1.42091,0.76208]","[-1.29955,2.43075]","[512167,221649]","[1,0.999082]","[0,0]","[0,0]","[-0.98629,-0.513322]",0,"[]","[]","[]","[]","[]","[]","[]","[]","[]","[]",1,"[315196]","[-1.27424]","[-1.17297]","[616261]","[102715]","[1]","[0.0799784]","[0.445213]",0,"[]","[]","[]","[]","[]","[]","[]","[]","[]","[]",0,"[600.666]",1654.61,"[5122.09,4023.39]","[]","[19546]","[]"
251,284500,9454,392226,1,15.8288,21798.5,0.619412,0.969501,0.993424,1,1,1,1.00582,1,1,1,0,3,"[1,1,1]","[1,1,1]","[239592,159419,119368]","[0.513428,-0.316306,0.29052]","[2.44049,-0.790509,-0.598889]","[271871,167460,124441]","[0.0940056,-0.00639725,0.0018959]","[1,-1,1]","[13,11,11]","[1,1,1]","[0,3646.64,3359.92]","[121.652,3641.83,-434.538]","[0.00507633,-0.00297319,-0.00146403]","[0.616694,0.15065,0.163048]",45375.5,2.44892,0,"[]","[]","[]","[]","[]","[]","[]","[]",0,"[]","[]","[]","[]","[]","[]","[]","[]","[]","[]",1,"[292345]","[-0.0358158]","[-0.713332]","[307575]","[95010.4]","[1]","[0.0228032]","[0.146767]",0,"[]","[]","[]","[]","[]","[]","[]","[]","[]","[]",0,"[12439.8,1005.99,843.763]",833.707,"[]","[]","[13235.1]","[]"
252,284500,11132,392226,1.43043,15.8288,21798.5,0.596562,0.97199,0.987471,1,1,0.987525,0.99121,1,1,0,0,3,"[1,1,1]","[1,1,0]","[173805,44243.6,19439.8]","[0.417363,0.242831,0.253718]","[-3.02667,-2.88364,1.35982]","[189164,45554.5,20069.1]","[0.00970507,0.0569425,-0.0347824]","[-1,-1,1]","[13,11,13]","[1,1,1]","[41934.9,165980,0]","[1285.18,578.647,939.29]","[-0.00848345,0.00879765,0.0142701]","[1.93719,0.691685,1.35947]",185532,2.83103,4,"[279467,187035,70477.5,31789.9]","[0.344721,1.13718,-0.422566,-1.6399]","[0.476731,-0.817723,-2.04295,0.477519]","[298815,321600,77229.7,85155.1]","[1,0.911993,0.976361,0.985123]","[0,4,0,0]","[0,0,0,0]","[-0.279398,0.551477,-0.377428,-0.781246]",0,"[]","[]","[]","[]","[]","[]","[]","[]","[]","[]",1,"[256641]","[0.350222]","[0.47216]","[275904]","[42947]","[0]","[1.55955]","[0.652363]",0,"[]","[]","[]","[]","[]","[]","[]","[]","[]","[]",0,"[2378.13,165.204,143.004]",9168.12,"[7987.6,8656.82,6114.21,3143.44]","[]","[8340.3]","[]"
253,284500,11766,392226,1.26657,15.8288,21798.5,1.24168,0.97166,1,1,1,0.995333,1,1,1,0,0,1,"[0]","[1]","[104766]","[2.05584]","[-2.93988]","[415995]","[-0.0205269]","[1]","[11]","[0]","[0]","[2673.11]","[-0.0016163]","[0.166057]",107758,-0.495048,4,"[201314,145884,97439.3,40971]","[1.39188,2.13188,0.23404,0.273054]","[-3.07274,0.250794,0.103749,2.17044]","[430084,623642,100231,43405.7]","[0.994108,0.99959,0.999386,0.99]","[0,0,15,0]","[0,0,1,0]","[-0.97351,-0.789753,-0.971951,-0.903875]",0,"[]","[]","[]","[]","[]","[]","[]","[]","[]","[]",1,"[298507]","[1.71358]","[-3.0182]","[861878]","[108064]","[1]","[0.0929059]","[0.470204]",0,"[]","[]","[]","[]","[]","[]","[]","[]","[]","[]",0,"[993.732]",9344.24,"[4366.59,4935.67,3476.09,2653.58]","[]","[17140.9]","[]"
254,284500,11807,392226,1,15.8288,21798.5,1.24168,0.970779,0.990675,1,1,1,1.00582,1,1,1,0,4,"[1,1,1,0]","[1,1,1,0]","[354847,257074,73282.4,7438.95]","[-0.442341,0.310341,-0.0516124,1.11678]","[-1.95898,1.15772,-1.55896,1.63609]","[390132,269554,73380,12580.5]","[0.0226059,-0.0460777,-0.0143547,-28.9552]","[1,1,-1,1]","[11,13,11,11]","[1,1,1,1]","[0,0,0,0]","[2853.45,1245.58,-902.444,-673.855]","[0.0230693,-0.0251721,0.00684299,-0.0803545]","[3.25919,5.50644,0.503032,2.88976]",164428,1.3676,0,"[]","[]","[]","[]","[]","[]","[]","[]",0,"[]","[]","[]","[]","[]","[]","[]","[]","[]","[]",1,"[445621]","[-0.364056]","[-1.89389]","[486356]","[102283]","[1]","[0.269406]","[0.228099]",0,"[]","[]","[]","[]","[]","[]","[]","[]","[]","[]",0,"[2955.01,20007.5,527.679,168.635]",0,"[]","[]","[5476.25]","[]"
255,284500,11830,392226,1.58403,15.8288,21798.5,1.24168,0.972512,1,1,1,0.999302,1.00632,1,1,0,0,2,"[1,1]","[1,1]","[249750,215590]","[0.398271,0.711864]","[0.493051,0.723003]","[269821,272561]","[0.0668411,0.0427628]","[-1,1]","[11,11]","[1,1]","[0,0]","[585.369,-482.793]","[0.0227226,0.00615763]","[3.20525,0.900602]",298560,-2.78616,2,"[138256,50839.2]","[1.96498,1.44172]","[-2.35153,-1.51653]","[503072,113646]","[0.995237,0.968013]","[0,0]","[0,0]","[-0.85531,-0.920249]",0,"[]","[]","[]","[]","[]","[]","[]","[]","[]","[]",1,"[477290]","[0.540955]","[0.605089]","[557207]","[96173.8]","[1]","[0.0200854]","[0.348758]",0,"[]","[]","[]","[]","[]","[]","[]","[]","[]","[]",0,"[1444.94,1353.38]",3184.56,"[3564.15,5276.27]","[]","[4770.44]","[]"
256,284500,11869,392226,1.08983,15.8288,21798.5,1.24168,0.98413,1,1,1,0.997804,1,1,1,0,0,2,"[1,1]","[1,1]","[103285,86506.9]","[-0.934772,-1.56308]","[-2.79349,-1.69698]","[151793,215531]","[0.160828,-0.00286484]","[1,-1]","[11,11]","[0,0]","[0,4520.06]","[2924.72,46.8737]","[-0.0182743,-0.00839678]","[1.69481,1.1633]",202104,-1.02638,2,"[328693,30361.6]","[-1.20685,-1.43294]","[1.56617,-1.17713]","[598805,67352.4]","[0.998793,1]","[0,0]","[0,0]","[-0.755123,-0.705747]",0,"[]","[]","[]","[]","[]","[]","[]","[]","[]","[]",1,"[336491]","[-1.18659]","[1.56817]","[602603]","[10494.8]","[0]","[3.22738]","[0.623176]",0,"[]","[]","[]","[]","[]","[]","[]","[]","[]","[]",0,"[898.563,979.431]",360.906,"[5080.53,3180.59]","[]","[14937.2]","[]"
257,284500,13017,392226,1.10516,15.8288,21798.5,1.26205,1,0.987741,1,1,0.998764,0.947147,1,0,1,0,1,"[1]","[1]","[71959.3]","[-1.90288]","[1.92241]","[246616]","[-0.0543275]","[1]","[13]","[1]","[0]","[-345.019]","[-0.00104825]","[0.0762778]",272581,-1.46777,5,"[239769,50659.9,47269.5,39250.7,27175.3]","[-1.13859,-0.160383,-0.645385,-0.7823,-0.63906]","[1.98579,-0.847956,1.84454,-0.730283,-1.25723]","[413249,51567.9,57908.2,52123.4,33148.5]","[0.993614,0.986317,0.997501,0.990166,0.766374]","[0,0,0,0,0]","[0,0,0,0,0]","[-0.912955,-0.900843,0.239647,-0.55657,-0.865555]",0,"[]","[]","[]","[]","[]","[]","[]","[]","[]","[]",1,"[258924]","[-1.08292]","[1.96725]","[428998]","[49148.9]","[0]","[1.69806]","[0.733161]",0,"[]","[]","[]","[]","[]","[]","[]","[]","[]","[]",0,"[1027.18]",15064.1,"[8018.11,3977.43,3520.21,3010.26,1781.68]","[]","[0]","[]"
258,284500,13606,392226,1.1526,15.8288,21798.5,1.21412,1,0.988738,1,1,0.988664,1.00949,1,0,1,0,1,"[1]","[1]","[153019]","[-1.90319]","[-2.51494]","[524578]","[-0.0574875]","[-1]","[13]","[1]","[4799.11]","[-58.3088]","[0.0147116]","[1.46674]",120421,-1.54491,2,"[253097,32127.5]","[-1.77379,-2.49833]","[0.921665,2.488]","[767320,196705]","[1,-0.1]","[4,0]","[0,0]","[-0.89608,-0.69941]",0,"[]","[]","[]","[]","[]","[]","[]","[]","[]","[]",1,"[271035]","[-1.75487]","[0.92249]","[807156]","[10198.6]","[0]","[3.42795]","[0.509622]",0,"[]","[]","[]","[]","[]","[]","[]","[]","[]","[]",0,"[6230.13]",1032.32,"[2880.26,2854.17]","[]","[3639.06]","[]"
259,284500,13868,392226,1.20545,15.8288,21798.5,1.32095,0.96203,0.996812,1,1,0.99895,1.01508,1,1,1,0,2,"[1,1]","[1,1]","[195290,108977]","[-1.72053,-0.643479]","[2.72488,1.79648]","[563064,132328]","[-0.045033,-0.00792775]","[-1,-1]","[11,13]","[1,1]","[0,0]","[83.5984,-316.226]","[0.0261163,0.00895736]","[1.95738,1.80465]",46698.8,2.85948,2,"[298088,24010.7]","[0.32002,0.999225]","[-0.624816,-0.787519]","[314409,37425.5]","[0.991644,0.997745]","[0,0]","[0,0]","[-0.775172,-0.909045]",0,"[]","[]","[]","[]","[]","[]","[]","[]","[]","[]",1,"[312396]","[0.324247]","[-0.624632]","[329720]","[22331.3]","[0]","[2.14739]","[0.459062]",0,"[]","[]","[]","[]","[]","[]","[]","[]","[]","[]",0,"[2672.58,479.368]",4035.02,"[3403.04,4525.36]","[]","[11225.9]","[]"
260,284500,12012,392226,1.77079,15.8288,21798.5,0.696077,0.97245,1,1,1,0.996645,0.99544,1,1,0,0,1,"[1]","[1]","[132890]","[1.25603]","[-2.00363]","[252240]","[0.00860453]","[-1]","[11]","[1]","[0]","[1109.4]","[0.0450253]","[1.99655]",212454,2.90864,3,"[32374,25507.5,21557]","[-1.88687,2.39747,0.913157]","[-2.55287,2.87289,-2.62187]","[109395,141460,31413]","[0.97135,0.991836,1]","[0,0,0]","[0,0,0]","[-0.797927,-0.864698,-0.599336]",0,"[]","[]","[]","[]","[]","[]","[]","[]","[]","[]",1,"[350789]","[0.722596]","[0.173528]","[446714]","[16058.1]","[0]","[3.10189]","[0.522862]",0,"[]","[]","[]","[]","[]","[]","[]","[]","[]","[]",0,"[1371.77]",14113.8,"[4161.27,2668.78,1611.77]","[]","[22873.8]","[]"
261,284500,12099,392226,1,15.8288,21798.5,0.696077,0.954494,1,1,1,0.999873,1.00493,1,1,0,0,2,"[1,1]","[1,1]","[243493,126032]","[-1.33384,0.806536]","[2.18601,-0.767133]","[494178,169295]","[0.0237579,-0.00970459]","[1,-1]","[11,11]","[1,1]","[0,0]","[-895.149,2532.33]","[-0.0354464,0.0155294]","[2.49796,0.885294]",13819.2,0.577042,1,"[124523]","[1.43802]","[-1.14682]","[277090]","[0.950397]","[0]","[0]","[-0.675688]",0,"[]","[]","[]","[]","[]","[]","[]","[]","[]","[]",1,"[296380]","[-1.32366]","[2.18602]","[596217]","[2510.74]","[1]","[47.791]","[0.00222594]",0,"[]","[]","[]","[]","[]","[]","[]","[]","[]","[]",0,"[3020.11,944.136]",149.511,"[2883.59]","[]","[13919.2]","[]"
262,284500,12150,392226,1.35533,15.8288,21798.5,0.696077,0.96355,1,1,1,0.999212,1.00582,1,1,0,0,3,"[1,1,1]","[1,1,0]","[179854,156699,109389]","[-0.235063,-0.532737,0.606507]","[-0.36345,-0.756741,2.63541]","[184846,179466,130133]","[0.0315523,-0.0385218,0.00582027]","[-1,1,-1]","[11,11,11]","[1,1,0]","[1265.04,1265.04,0]","[-493.064,-945.054,267.599]","[-0.00137018,0.0115977,-0.000596629]","[0.179169,1.78173,0.0662894]",167150,2.73137,1,"[39425.1]","[1.44099]","[1.88026]","[88325.8]","[0.995271]","[0]","[0]","[-0.755666]",0,"[]","[]","[]","[]","[]","[]","[]","[]","[]","[]",1,"[338799]","[-0.38258]","[-0.54093]","[374843]","[89922.7]","[1]","[0.00964011]","[-1]",0,"[]","[]","[]","[]","[]","[]","[]","[]","[]","[]",0,"[822.362,719.293,491.098]",5995.89,"[3453.44]","[]","[7383.62]","[]"
263,284500,13195,392226,1.06763,15.8288,21798.5,1.26205,0.97663,1,1,1,1.00215,1.00121,1,1,0,0,1,"[1]","[1]","[92003.1]","[-1.88967]","[0.932327]","[311354]","[-0.288013]","[1]","[11]","[1]","[3654.82]","[3429.55]","[-0.0364492]","[1.28101]",179797,-2.09691,2,"[184515,25680.7]","[-1.10316,-1.82081]","[1.13977,-1.82914]","[308734,81472.5]","[0.848489,1]","[0,15]","[0,1]","[-0.757355,-0.41331]",0,"[]","[]","[]","[]","[]","[]","[]","[]","[]","[]",1,"[285718]","[-1.48206]","[1.06609]","[673788]","[129034]","[1]","[0.129107]","[0.292866]",0,"[]","[]","[]","[]","[]","[]","[]","[]","[]","[]",0,"[559.194]",13856.8,"[13235.6,3498.69]","[]","[1977.75]","[]"
264,284500,12246,392226,1.48351,15.8288,21798.5,0.696077,0.915902,0.995737,1,1,1.00106,1.00936,1,1,1,0,3,"[1,0,0]","[1,1,1]","[116831,101254,27207.9]","[-0.391,0.0570498,-1.04686]","[0.179245,0.0907023,1.53001]","[125876,101419,43529]","[0.0517197,-0.0660095,-0.0531158]","[-1,-1,1]","[13,11,11]","[1,1,1]","[3634.47,0,1888.43]","[1418.34,405.535,-291.818]","[0.0105038,0.00468171,-0.0132083]","[1.75671,0.770385,0.885109]",1.36835e+06,0.368484,6,"[1.52289e+06,29968.9,25035.3,24809.8,21406.4,21401.2]","[-0.649632,2.12782,1.71488,1.29823,-0.763127,0.623067]","[-2.73441,2.11774,-2.42353,-3.09239,1.92652,-2.87538]","[1.85592e+06,127747,72062.8,49154.6,27989.3,26175.4]","[0.999224,0.966905,0.997309,0.930862,0.999901,0.935554]","[0,0,0,4,0,0]","[0,0,0,0,0,0]","[-0.825562,-0.392249,-0.658017,-0.820979,-0.878923,-0.72668]",0,"[]","[]","[]","[]","[]","[]","[]","[]","[]","[]",1,"[1.48783e+06]","[-0.678391]","[-2.73437]","[1.8436e+06]","[17293]","[0]","[0]","[-1]",0,"[]","[]","[]","[]","[]","[]","[]","[]","[]","[]",0,"[4401.56,2527.47,140.143]",5397.75,"[29125.5,7003.36,6975.78,1320.51,2932.82,1652.41]","[]","[56271.9]","[]"
265,284500,14894,392226,1,15.8288,21798.5,1.32095,0.993924,0.99192,1,1,1,1.01265,1,1,1,0,3,"[1,1,1]","[1,1,0]","[257971,146946,7171.25]","[1.55816,1.6215,-0.249713]","[0.0449385,2.9909,0.0889454]","[639842,386343,7396]","[-0.0412478,0.0245349,0.00861025]","[1,1,-1]","[11,13,11]","[1,1,1]","[0,0,0]","[319.331,497.565,1141.24]","[-0.00435014,-0.0137878,0.0139108]","[0.388663,2.06775,0.870312]",117929,-2.85098,0,"[]","[]","[]","[]","[]","[]","[]","[]",0,"[]","[]","[]","[]","[]","[]","[]","[]","[]","[]",1,"[290751]","[1.56379]","[0.0438707]","[724890]","[3877.19]","[1]","[19.8202]","[0.191868]",0,"[]","[]","[]","[]","[]","[]","[]","[]","[]","[]",0,"[5837.57,3782.75,194.144]",0,"[]","[]","[13295.6]","[]"
266,284500,14940,392226,0.950933,15.8288,21798.5,1.32095,0.998147,0.995534,1,1,0.997766,1.00936,1,1,1,0,3,"[0,0,1]","[1,1,1]","[168063,134481,28370]","[0.0177975,-0.393172,0.241848]","[1.49632,1.87605,-0.561896]","[168090,145010,29203.9]","[0.0117359,0.125503,-0.0391474]","[1,-1,1]","[11,11,13]","[1,1,1]","[0,0,0]","[-816.522,-321.647,-321.162]","[-0.01277,-0.00456772,0.0204618]","[2.19033,0.436228,2.36494]",63407,-2.32702,2,"[176572,29402.2]","[-0.627346,2.45359]","[-1.49725,-1.08645]","[212872,172314]","[0.995991,0.312943]","[0,0]","[0,0]","[-0.381906,-0.381702]",0,"[]","[]","[]","[]","[]","[]","[]","[]","[]","[]",1,"[311817]","[-0.163931]","[1.66601]","[328824]","[90880.5]","[1]","[0]","[-1]",0,"[]","[]","[]","[]","[]","[]","[]","[]","[]","[]",0,"[1449.7,580.502,186.465]",1816.79,"[9264.83,6024.87]","[]","[12706.7]","[]"
267,284500,15018,392226,1.0108,15.8288,21798.5,1.32095,0.900629,0.993333,1,1,0.998377,1.01265,1,1,0,0,3,"[1,1,1]","[1,0,0]","[104190,20761.2,18802.3]","[1.70034,1.19575,1.99512]","[0.664038,-1.61689,-2.60924]","[294776,37458.6,70406.2]","[0.0341778,0.0488777,-0.151884]","[-1,1,-1]","[11,11,13]","[1,0,1]","[3319.13,0,0]","[-84.9001,-163.197,1834.69]","[0.029661,-0.0592962,-0.0148344]","[1.54814,3.43117,1.14835]",171603,-1.14938,2,"[252118,239281]","[-1.97251,-0.722736]","[-2.757,1.14392]","[923808,304802]","[0.996474,0.98738]","[0,0]","[0,0]","[-0.885449,-0.828986]",0,"[]","[]","[]","[]","[]","[]","[]","[]","[]","[]",1,"[253271]","[-1.97962]","[-2.75831]","[934380]","[9991.47]","[0]","[3.70235]","[0.517164]",0,"[]","[]","[]","[]","[]","[]","[]","[]","[]","[]",0,"[1811.13,137.339,176.575]",2487.56,"[4373.22,4791.32]","[]","[3129.64]","[]"
268,284500,15056,392226,1.02237,15.8288,21798.5,1.32095,1,0.988649,1,1,1.00136,0.986839,1,0,1,0,2,"[1,1]","[1,1]","[92189.5,28122.9]","[-1.2366,-1.66678]","[-3.06071,-2.08808]","[172130,77112.4]","[-0.0269814,0.0576115]","[-1,1]","[13,13]","[1,1]","[0,0]","[-276.085,26.6012]","[0.0152297,0.0196381]","[2.71805,1.56668]",265147,3.11391,2,"[392699,25061.1]","[1.34193,-2.14816]","[0.0410966,2.43501]","[803364,108870]","[0.964646,1]","[0,15]","[0,1]","[0.368117,-0.895383]",0,"[]","[]","[]","[]","[]","[]","[]","[]","[]","[]",1,"[386828]","[1.33561]","[0.0400311]","[786758]","[27118.1]","[0]","[0.594728]","[0.0420099]",0,"[]","[]","[]","[]","[]","[]","[]","[]","[]","[]",0,"[1098.82,96.1677]",7699.3,"[11211.6,3339.14]","[]","[10078.2]","[]"
269,284500,16951,392226,1.34212,15.8288,21798.5,1.26205,0.9823,1,1,1,0.983758,1.00632,1,1,0,0,1,"[1]","[1]","[114982]","[0.582195]","[2.95532]","[135026]","[-0.0247574]","[1]","[11]","[1]","[0]","[2816.79]","[0.0186526]","[1.49514]",123208,-0.489583,4,"[197813,197340,68958.5,35740.4]","[0.316888,0.148368,1.18287,0.7036]","[2.57769,-0.413386,-0.920232,1.73992]","[208160,199545,123322,45138.7]","[0.990599,0.999668,0.994381,0.9909]","[4,15,0,4]","[0,1,0,0]","[-0.984348,-0.976108,-0.768303,-0.385384]",0,"[]","[]","[]","[]","[]","[]","[]","[]","[]","[]",1,"[350513]","[0.481222]","[2.63372]","[420176]","[151565]","[1]","[1.55826]","[0.41157]",0,"[]","[]","[]","[]","[]","[]","[]","[]","[]","[]",0,"[1387.14]",33485,"[10716,8890.16,5639.29,1425.87]","[]","[4429.38]","[]"
270,284500,17451,392226,1.62516,15.8288,21798.5,0.75088,1,0.983058,1,1,0.999322,1.01423,1,0,1,0,2,"[1,1]","[1,1]","[76150,64022.2]","[0.769739,1.64793]","[-2.57011,-1.72075]","[99845.5,172496]","[-0.0600567,-0.0577984]","[1,-1]","[13,13]","[1,1]","[0,0]","[-659.574,540.893]","[-0.00242265,-0.00804866]","[0.371847,1.19274]",67973.3,-2.16828,2,"[311536,46192.2]","[-0.240711,-1.08845]","[0.965597,-1.59637]","[322881,76676.9]","[0.999925,0.99]","[0,0]","[0,0]","[-0.76156,-0.900375]",0,"[]","[]","[]","[]","[]","[]","[]","[]","[]","[]",1,"[325916]","[-0.234841]","[0.965818]","[337789]","[43739.7]","[0]","[1.94255]","[0.694471]",0,"[]","[]","[]","[]","[]","[]","[]","[]","[]","[]",0,"[1085.24,385.655]",6239.26,"[3727.81,4440.88]","[]","[12035.3]","[]"
271,284500,18290,392226,0.964597,15.8288,21798.5,1.24168,0.936282,1,1,1,0.983122,0.99765,1,1,0,0,3,"[1,1,1]","[1,1,1]","[378383,78071.8,41781.5]","[0.654855,-0.59122,0.578373]","[-1.1264,0.67715,-1.84685]","[462456,92118.5,48966.7]","[0.00441742,0.0575943,0.0607605]","[-1,1,1]","[11,11,11]","[1,1,1]","[0,0,0]","[-976.291,1.43549,1022.52]","[0.0231703,0.0137154,-0.00519208]","[2.39216,1.50614,0.330164]",104950,1.85928,3,"[120212,111992,107695]","[-1.01427,-0.493505,1.04067]","[1.44709,2.7156,2.57311]","[188222,127390,172176]","[0.989065,0.99,0.992012]","[0,4,0]","[0,0,0]","[-0.911108,-0.640683,-0.883749]",0,"[]","[]","[]","[]","[]","[]","[]","[]","[]","[]",1,"[423809]","[0.629825]","[-1.19604]","[527022]","[130212]","[1]","[0]","[-1]",0,"[]","[]","[]","[]","[]","[]","[]","[]","[]","[]",0,"[3057.22,349.999,191.884]",7498.05,"[6033.99,1193.12,3665.84]","[]","[38323.2]","[]"
272,284500,19159,392226,1.08222,15.8288,21798.5,0.738662,0.920747,0.992387,1,1,0.997635,0.99765,1,1,1,0,3,"[1,1,1]","[1,1,1]","[191874,76334.9,28605.4]","[0.605365,-1.12517,1.23423]","[2.83095,1.79207,-2.43005]","[228119,129973,53303.3]","[0.0373535,-0.0119629,-0.0847931]","[-1,-1,1]","[11,13,11]","[1,1,1]","[0,0,0]","[804.233,1663.89,-224.732]","[0.019944,0.00748829,0.025543]","[2.90618,1.20369,1.79458]",100442,2.93769,4,"[318133,82417.6,36343.5,21511.1]","[1.19959,-0.481495,1.65889,0.787535]","[-0.158834,-2.05652,-0.44725,-0.269458]","[576673,93455.9,99066.9,28705.7]","[1,0.990654,0.977874,0.89]","[0,0,0,0]","[0,0,0,0]","[-0.886596,-0.924958,-0.357481,-0.864062]",0,"[]","[]","[]","[]","[]","[]","[]","[]","[]","[]",1,"[349114]","[1.25831]","[-0.187049]","[666447]","[57726.8]","[0]","[1.77921]","[0.458482]",0,"[]","[]","[]","[]","[]","[]","[]","[]","[]","[]",0,"[1224.17,1335.16,297.229]",16241.4,"[15876.2,2011.66,2649.97,1609.25]","[]","[23802.8]","[]"
273,284500,3180,392226,1.47949,15.8288,21798.5,1.26205,0.962647,1,1,1,0.978398,0.98743,1,1,0,0,2,"[1,1]","[1,1]","[225978,127898]","[-0.0491532,-0.580604]","[-1.91925,-1.94472]","[226251,150068]","[0.143818,-0.0363846]","[1,-1]","[11,11]","[1,1]","[0,1010.13]","[435.785,1401.27]","[-0.0123457,-0.00586508]","[1.19051,0.51045]",266012,1.29327,4,"[159106,86418.1,54754.5,22799.3]","[0.294673,0.244384,-0.0540818,-0.377099]","[1.27349,-2.34884,-0.534077,0.246241]","[166153,89424.3,55561.9,24952.1]","[0.993441,0.978952,1,0.981603]","[15,4,0,0]","[1,0,0,0]","[-0.838647,-0.907452,-0.810502,-0.814338]",0,"[]","[]","[]","[]","[]","[]","[]","[]","[]","[]",1,"[438962]","[-0.195843]","[-1.99269]","[473786]","[155883]","[1]","[1.26696]","[0.084625]",0,"[]","[]","[]","[]","[]","[]","[]","[]","[]","[]",0,"[3533.41,1164.82]",3900.17,"[4370.11,1590.74,2267.19,2844.72]","[]","[46063.5]","[]"
274,284500,3564,392226,1.25651,15.8288,21798.5,1.21412,1,0.992924,1,1,0.994481,0.891463,1,0,1,0,2,"[1,1]","[1,1]","[64058.9,44998.4]","[0.618918,-0.767842]","[-0.454843,0.162766]","[76724.9,58928.3]","[-0.000175476,0.0502777]","[1,-1]","[13,13]","[1,1]","[0,0]","[354.674,6.12708]","[0.0300994,0.0085149]","[5.00571,1.09587]",98491.1,-0.64881,2,"[284013,78978.4]","[0.138026,-2.39503]","[2.78419,-0.597769]","[287044,436753]","[0.963117,0.992725]","[0,15]","[0,1]","[-0.950966,-0.952975]",0,"[]","[]","[]","[]","[]","[]","[]","[]","[]","[]",1,"[285677]","[0.16317]","[2.78922]","[290115]","[19046.4]","[0]","[2.88779]","[0.182637]",0,"[]","[]","[]","[]","[]","[]","[]","[]","[]","[]",0,"[367.312,68.2932]",3118.33,"[3006.96,4288.41]","[]","[2084.84]","[]"
275,284500,3031,392226,1,15.8288,21798.5,1.26205,0.932502,1,1,1,1,1.00582,1,1,0,0,3,"[1,1,1]","[1,1,0]","[313823,187339,13530.5]","[-0.586961,-1.13637,0.237461]","[1.76899,-1.21789,2.86288]","[369452,321888,13913.8]","[-0.0972872,0.0567398,-0.0105486]","[-1,1,1]","[11,11,11]","[1,1,1]","[0,1245.39,0]","[1759.37,319.812,-283.557]","[0.0122174,-0.0223403,0.0141042]","[1.19414,2.91992,0.875885]",142386,-1.47253,0,"[]","[]","[]","[]","[]","[]","[]","[]",0,"[]","[]","[]","[]","[]","[]","[]","[]","[]","[]",1,"[329130]","[-0.596451]","[1.7735]","[389430]","[0.00552427]","[1]","[0]","[-1]",0,"[]","[]","[]","[]","[]","[]","[]","[]","[]","[]",0,"[1830.43,2331.81,46.4217]",0,"[]","[]","[36961]","[]"
276,284500,3701,392226,0.988512,15.8288,21798.5,1.21412,1.01378,0.989306,1,1,0.984384,1.00936,1,1,1,0,3,"[1,1,1]","[1,1,0]","[260591,83333,19463.1]","[0.0823547,2.20533,0.741084]","[-2.32432,0.870923,2.76612]","[261475,382644,25057]","[-0.0233374,-0.00366116,0.0151224]","[1,1,-1]","[11,13,13]","[1,1,1]","[1784.82,0,0]","[-1099.67,-19.7664,-651.131]","[-0.00467891,-0.000280487,-0.00688235]","[0.578751,0.039271,0.64698]",74381.2,-2.56798,3,"[156551,121212,22976.4]","[1.53968,-1.88909,-1.05157]","[0.565134,1.1155,-0.761217]","[381918,410231,37160.3]","[0.99501,0.995918,0.979917]","[0,4,0]","[0,0,0]","[-0.918227,0.745475,-0.48796]",0,"[]","[]","[]","[]","[]","[]","[]","[]","[]","[]",1,"[274260]","[0.0881333]","[-2.32287]","[275326]","[-0.00138107]","[1]","[0]","[-1]",0,"[]","[]","[]","[]","[]","[]","[]","[]","[]","[]",0,"[3346.25,3155.52,61.0825]",7765.1,"[5982.94,6954.3,3063.18]","[]","[10552.3]","[]"
277,284500,1425,392226,1.08567,15.8288,21798.5,1.74563,0.939488,1,1,1,0.998499,1.0005,1,1,0,0,2,"[1,1]","[1,1]","[149026,52333.2]","[2.18563,1.7921]","[3.10387,-2.1673]","[671260,161413]","[0.159891,-0.063221]","[-1,1]","[11,11]","[1,1]","[1837.97,5112.69]","[5200.04,2668.56]","[0.0474248,0.00955361]","[3.13946,0.281616]",194876,-2.67102,4,"[321357,114438,34774.4,20370.4]","[0.946382,1.36256,-1.04329,0.621665]","[0.370483,0.714177,1.25673,0.842736]","[477501,238320,56153.4,24656.7]","[0.984433,0.99,0.984844,0.648794]","[0,0,0,0]","[0,0,0,0]","[-0.885447,-0.912894,-0.707513,-0.919095]",0,"[]","[]","[]","[]","[]","[]","[]","[]","[]","[]",1,"[396955]","[1.07612]","[0.473761]","[657467]","[99760.4]","[0]","[0.894777]","[0.774845]",0,"[]","[]","[]","[]","[]","[]","[]","[]","[]","[]",0,"[1572.79,219.385]",19630.4,"[5494.13,6457.24,2253.98,1142.51]","[]","[10706.8]","[]"
278,284500,1904,392226,1.38218,15.8288,21798.5,1.24168,0.948337,1,1,1,0.998021,1.00306,1,1,0,0,3,"[1,1,1]","[1,1,1]","[149626,131050,94426.4]","[1.05601,1.26846,-0.981897]","[0.706613,1.25283,-1.91562]","[241101,251397,143722]","[-0.0904608,0.105337,0.0347996]","[1,-1,1]","[11,11,11]","[1,1,1]","[7534.1,0,0]","[1653.93,-681.142,-357.502]","[0.0024727,-0.00782173,-0.000704079]","[0.206443,1.12952,0.070668]",146823,-2.64081,2,"[27988,22386.3]","[-1.52377,-0.424665]","[-1.15418,-1.48649]","[67321.8,25189.8]","[0.97546,0.995489]","[0,0]","[0,0]","[-0.562656,-0.448831]",0,"[]","[]","[]","[]","[]","[]","[]","[]","[]","[]",1,"[288162]","[1.19886]","[0.960715]","[529059]","[90456.2]","[1]","[0.135975]","[0.443973]",0,"[]","[]","[]","[]","[]","[]","[]","[]","[]","[]",0,"[1267.31,1168.83,891.004]",288.984,"[1787.15,1773.11]","[]","[3479.62]","[]"
279,284500,4636,392226,1,15.8288,21798.5,1.22586,0.98697,1,1,1,0.994972,1.00582,1,1,0,0,1,"[1]","[1]","[203512]","[-0.25364]","[-0.689729]","[210094]","[-0.0709854]","[-1]","[11]","[1]","[0]","[-254.127]","[-0.0167896]","[1.14861]",114629,2.15607,2,"[103172,25004.5]","[-0.340235,-2.44125]","[2.44418,-1.90034]","[109533,144738]","[0.990787,0.99]","[15,0]","[1,0]","[-0.97995,-0.874288]",0,"[]","[]","[]","[]","[]","[]","[]","[]","[]","[]",1,"[279373]","[-0.21254]","[-0.87168]","[294497]","[71416.7]","[1]","[0.109062]","[0.147215]",0,"[]","[]","[]","[]","[]","[]","[]","[]","[]","[]",0,"[1343.72]",5260.19,"[2659.09,1793.51]","[]","[4511.62]","[]"
280,284500,4246,392226,1,15.8288,21798.5,1.26459,0.995836,1.01287,1,1,1,1.00936,1,1,0,0,3,"[1,0,0]","[0,1,1]","[283508,196638,118038]","[0.0165837,0.0446583,0.415479]","[0.0410198,-2.93952,2.89413]","[283548,196835,128374]","[-0.0627632,0.0896492,-0.0180626]","[1,1,-1]","[13,11,11]","[0,1,1]","[0,4677.58,0]","[-652.311,-775.414,-1073.69]","[-0.00120141,0.0121291,0.00452361]","[0.244799,1.23378,0.544083]",38408.7,0.111754,0,"[]","[]","[]","[]","[]","[]","[]","[]",0,"[]","[]","[]","[]","[]","[]","[]","[]","[]","[]",1,"[315029]","[0.164564]","[-3.10677]","[333593]","[96589.3]","[1]","[0]","[-1]",0,"[]","[]","[]","[]","[]","[]","[]","[]","[]","[]",0,"[4622.58,1922.96,698.6]",0,"[]","[]","[16989.9]","[]"
281,284500,4932,392226,1.16272,15.8288,21798.5,1.32095,0.95674,1,1,1,1.00254,0.99866,1,1,0,0,2,"[1,1]","[1,1]","[153966,85997.9]","[-0.928243,-1.59294]","[-0.439008,-0.825447]","[225198,220219]","[-0.0340691,0.0121994]","[-1,1]","[11,11]","[1,1]","[1818.97,0]","[-615.89,313.448]","[-0.0249647,0.00233529]","[3.74792,0.303803]",126666,2.56767,2,"[91326.1,26650.8]","[-2.19048,-0.985694]","[2.51461,1.93509]","[413402,40959.2]","[1,0.99]","[0,15]","[0,1]","[-0.517834,-0.88014]",0,"[]","[]","[]","[]","[]","[]","[]","[]","[]","[]",1,"[264741]","[-1.23712]","[-0.585129]","[506084]","[107550]","[1]","[0.0255846]","[-1]",0,"[]","[]","[]","[]","[]","[]","[]","[]","[]","[]",0,"[1679.37,1106.06]",19612,"[3672.31,5773.45]","[]","[16678.1]","[]"
282,284500,5108,392226,1.34156,15.8288,21798.5,1.32095,1,0.99399,1,1,0.996277,0.970733,1,0,1,0,1,"[1]","[1]","[37369.3]","[-0.318017]","[-0.379641]","[39275.1]","[-0.087965]","[-1]","[13]","[1]","[0]","[-774.304]","[-0.00220698]","[0.289452]",239643,-0.50277,2,"[626130,500942]","[-0.421796,-0.361934]","[1.53997,-2.12105]","[683763,536893]","[0.998998,0.999806]","[0,0]","[0,0]","[-0.82724,-0.913708]",0,"[]","[]","[]","[]","[]","[]","[]","[]","[]","[]",2,"[625189,492401]","[-0.41322,-0.349794]","[1.54339,-2.11591]","[679861,525829]","[26901,56046.9]","[0,0]","[3.11053,2.08618]","[0.340276,0.692179]",0,"[]","[]","[]","[]","[]","[]","[]","[]","[]","[]",0,"[61.2026]",29715.5,"[8847.63,7768.65]","[]","[24314.3,24708.5]","[]"
283,284500,6886,392226,1.43478,15.8288,21798.5,1.26205,0.98916,0.994041,1,1,0.997079,0.99765,1,1,1,0,2,"[0,1]","[1,1]","[122823,98429.2]","[0.746105,0.683172]","[-0.254862,0.402153]","[158625,122306]","[0.0250282,-0.0375023]","[-1,1]","[13,11]","[1,1]","[0,0]","[-525.491,402.961]","[0.0718207,-0.0145021]","[12.3344,1.939]",552460,0.204845,3,"[606105,188987,66033.8]","[-0.0607852,-0.0114446,1.15829]","[3.13319,-2.68926,2.44715]","[611280,189378,116433]","[0.994614,1,0.999013]","[0,0,0]","[0,0,0]","[-0.857014,-0.597967,-0.898077]",0,"[]","[]","[]","[]","[]","[]","[]","[]","[]","[]",1,"[782630]","[-0.0749594]","[-3.04909]","[805120]","[179609]","[0]","[1.36393]","[0.659286]",0,"[]","[]","[]","[]","[]","[]","[]","[]","[]","[]",0,"[1541.42,452.033]",21939.6,"[11207,7746.91,2459.72]","[]","[9514.12]","[]"
284,284500,7015,392226,1.91544,15.8288,21798.5,1.1961,0.98178,1,1,1,0.987407,0.99604,1,1,0,0,1,"[1]","[1]","[93494.2]","[-2.21058]","[-1.63259]","[431506]","[0.145073]","[-1]","[11]","[1]","[1459.72]","[1747.45]","[-0.00310784]","[0.250115]",119598,-0.738406,4,"[262617,147871,131234,129358]","[-1.68121,-2.05768,-1.40218,0.0797029]","[1.57727,2.79988,-1.78622,-0.524778]","[730121,588384,282981,130485]","[0.998352,0.997365,1,0.977694]","[0,4,0,0]","[0,0,0,0]","[-0.805878,-0.594543,-0.945248,-0.958414]",0,"[]","[]","[]","[]","[]","[]","[]","[]","[]","[]",1,"[260984]","[-1.6756]","[1.57549]","[721756]","[18679.4]","[0]","[2.98565]","[0.604132]",0,"[]","[]","[]","[]","[]","[]","[]","[]","[]","[]",0,"[674.723]",12618.3,"[12072.6,3413.23,6619.48,8210.05]","[]","[1353.62]","[]"
285,284500,7709,392226,1,15.8288,21798.5,0.75088,1,0.99674,1,1,0.99842,1,1,1,1,0,3,"[1,1,1]","[1,1,1]","[244612,143737,134890]","[-0.434666,-0.923667,-1.08593]","[-2.58769,0.275675,0.853604]","[268086,209537,222555]","[0.000904083,-0.0255165,-0.0110054]","[1,-1,1]","[11,13,13]","[0,1,1]","[0,0,0]","[2810.51,237.115,-563.632]","[0.0024182,-0.00016956,0.0084611]","[0.2885,0.0313221,1.48469]",45332.1,-1.84185,1,"[24803.2]","[2.43675]","[0.761863]","[142995]","[0]","[0]","[0]","[-0.742245]",0,"[]","[]","[]","[]","[]","[]","[]","[]","[]","[]",1,"[272709]","[-0.411614]","[-2.59121]","[296150]","[2533.5]","[1]","[19.0405]","[0.106989]",0,"[]","[]","[]","[]","[]","[]","[]","[]","[]","[]",0,"[2272.67,488.526,5687.7]",196.547,"[2521.83]","[]","[11881.2]","[]"
286,284500,6888,392226,1.06599,15.8288,21798.5,1.26205,0.962153,0.994187,1,1,0.998762,1.00632,1,1,1,0,3,"[0,0,1]","[1,1,1]","[137023,60202.8,41908.2]","[0.243643,1.09185,0.116392]","[-2.49126,-3.01752,-0.833869]","[141110,99797.8,42192.5]","[0.0791893,-0.00050354,0.00735664]","[1,-1,-1]","[11,11,13]","[1,1,1]","[0,0,0]","[504.271,-203.312,556.825]","[0.0276389,0.017653,0.00176655]","[3.59548,2.05215,0.284083]",17755.5,1.9421,3,"[262031,92939.8,35714.7]","[-1.78838,-2.37204,0.980342]","[1.0567,-1.29279,-1.76244]","[805433,502588,54415.5]","[0.995726,1,0.963952]","[0,0,0]","[0,0,0]","[-0.801618,-0.892988,-0.656833]",0,"[]","[]","[]","[]","[]","[]","[]","[]","[]","[]",1,"[267644]","[-1.78845]","[1.05487]","[822723]","[10607.3]","[0]","[4.35302]","[0.356532]",0,"[]","[]","[]","[]","[]","[]","[]","[]","[]","[]",0,"[577.429,338.869,318.938]",5115.22,"[7053.67,3446.51,2191.66]","[]","[7802.12]","[]"
287,284500,7300,392226,1.22251,15.8288,21798.5,0.923924,0.954342,1,1,1,0.995853,1.0005,1,1,0,0,2,"[1,1]","[1,1]","[184294,123087]","[2.11033,1.7126]","[0.311175,0.756958]","[771469,352258]","[0.812112,-0.0203629]","[-1,1]","[11,11]","[1,1]","[0,10900.4]","[845.324,1894.67]","[0.0353504,0.0102334]","[1.55948,0.871393]",96382.9,-0.627998,2,"[307141,100288]","[0.337956,0.467707]","[-3.06126,-2.26458]","[326453,111672]","[0.995814,0.801803]","[0,15]","[0,1]","[-0.896152,0.755335]",0,"[]","[]","[]","[]","[]","[]","[]","[]","[]","[]",2,"[388672,356283]","[0.391673,1.97809]","[-2.8945,0.487126]","[441191,1.31674e+06]","[138562,106587]","[0,1]","[0.922306,0.329789]","[0.249518,0.279441]",0,"[]","[]","[]","[]","[]","[]","[]","[]","[]","[]",0,"[2112.31,2200.26]",16.9297,"[3141.43,2037.82]","[]","[18137.1,4773.88]","[]"
288,284500,7374,392226,1.33383,15.8288,21798.5,0.923924,1.01378,0.99208,1,1,0.996941,1.00936,1,1,1,0,2,"[1,1]","[1,1]","[158743,71951.4]","[0.0429389,-1.20018]","[2.06584,1.65478]","[158889,130299]","[0.0401421,0.0263329]","[1,1]","[11,13]","[1,1]","[0,1722.5]","[-269.346,-863.635]","[0.00781302,-8.37733e-05]","[0.943015,0.0130398]",157695,2.37577,3,"[403274,32590.3,23207.2]","[0.237782,-1.1131,-2.19866]","[-0.929651,2.79394,-2.84701]","[418136,55150.8,105909]","[0.999088,0.996731,0.996125]","[0,0,0]","[0,0,0]","[-0.927992,-0.957537,-0.886444]",0,"[]","[]","[]","[]","[]","[]","[]","[]","[]","[]",1,"[395329]","[0.216801]","[-0.933888]","[408453]","[55561.6]","[0]","[1.16946]","[0.5372]",0,"[]","[]","[]","[]","[]","[]","[]","[]","[]","[]",0,"[742.515,679.748]",9564.23,"[5804.75,5795.41,2561.89]","[]","[4352.62]","[]"
289,284500,8711,392226,1.93262,15.8288,21798.5,0.934886,0.960282,0.998472,1,1,0.998496,1.00632,1,1,1,0,3,"[1,1,1]","[1,1,1]","[213252,191667,157135]","[0.265122,1.55786,0.253012]","[-1.85134,0.960563,-2.35591]","[220790,475259,162191]","[-0.00244522,0.0198746,0.0412064]","[-1,1,1]","[11,13,11]","[1,1,1]","[0,0,0]","[-75.3181,223.922,194.861]","[-0.00724529,0.0166207,0.0158318]","[0.782912,3.80439,2.15282]",106139,1.30733,3,"[65339.7,43059.5,21893.8]","[0.877261,-0.596427,-1.42675]","[0.284501,2.37689,1.95648]","[93126.4,51248.2,48406.3]","[1,1,0.938105]","[0,0,0]","[0,0,0]","[0.165963,-0.838852,-0.939104]",0,"[]","[]","[]","[]","[]","[]","[]","[]","[]","[]",1,"[366517]","[0.289391]","[-2.06075]","[394887]","[100167]","[1]","[0.00614958]","[-1]",0,"[]","[]","[]","[]","[]","[]","[]","[]","[]","[]",0,"[1068.54,12202.6,941.025]",268.742,"[5911.48,5462.86,2209.17]","[]","[1663.81]","[]"
290,284500,9112,392226,1.71117,15.8288,21798.5,0.738662,0.93962,1.00096,1,1,0.994464,1.0239,1,1,0,0,2,"[1,0]","[1,0]","[37749.5,10017.2]","[1.88098,1.09331]","[2.72017,-2.56489]","[126694,16625.1]","[-0.074398,0.0331497]","[1,-1]","[11,13]","[1,1]","[0,0]","[1819.72,-907.762]","[-0.0205602,0.0836502]","[1.46832,5.00411]",122258,1.24538,5,"[402946,132125,98934.5,52425.1,26266.4]","[0.461934,1.79396,-2.33491,0.503273,-1.29015]","[-1.44392,2.11906,1.59831,0.621081,-2.42687]","[446898,408260,515793,59816.7,51612.1]","[0.999071,0.985629,0.986943,0.993637,0.982405]","[0,15,0,0,0]","[0,1,0,0,0]","[-0.797499,-0.966015,-0.950949,-0.935287,-0.918874]",0,"[]","[]","[]","[]","[]","[]","[]","[]","[]","[]",1,"[389542]","[0.492011]","[-1.44378]","[437701]","[6692.99]","[0]","[25.8406]","[0.142309]",0,"[]","[]","[]","[]","[]","[]","[]","[]","[]","[]",0,"[165.32,46.8418]",19991.2,"[4210.57,2790.71,2667.98,5829.17,3074.57]","[]","[23480.6]","[]"
291,284500,9234,392226,1.75974,15.8288,21798.5,0.738662,1,0.993851,1,1,0.998456,0.898807,1,0,1,0,2,"[1,1]","[1,1]","[63121.7,28927.7]","[0.928026,-0.78663]","[-1.45726,-2.33942]","[92310.6,38349.1]","[-0.0281754,0.0272369]","[1,-1]","[13,13]","[1,1]","[1308.25,0]","[1449.9,937.858]","[0.00514675,0.0257109]","[0.681663,3.05749]",170143,-1.62644,3,"[311325,24608.2,23393.4]","[-0.70736,-1.12948,-0.149789]","[1.53756,-1.01375,-2.99459]","[392932,42305.9,23978.8]","[0.996023,1,0.964668]","[0,0,0]","[0,0,0]","[-0.849539,-0.0458124,-0.678243]",0,"[]","[]","[]","[]","[]","[]","[]","[]","[]","[]",1,"[310223]","[-0.76807]","[1.57106]","[409260]","[48995.5]","[0]","[1.85206]","[0.480621]",0,"[]","[]","[]","[]","[]","[]","[]","[]","[]","[]",0,"[112.698,194.39]",15833.6,"[11381.1,2186.58,2721.59]","[]","[17232.8]","[]"
292,284500,8244,392226,1.21766,15.8288,21798.5,1.24168,1,0.994911,1,1,0.997682,0.99716,1,0,1,0,2,"[1,1]","[1,1]","[93117.7,78602.8]","[-1.27265,-0.593361]","[0.138647,-0.236163]","[179270,92850.8]","[-0.0731735,0.0191422]","[1,-1]","[13,13]","[1,1]","[0,1306.28]","[-521.863,-521.863]","[-0.0169346,-0.025103]","[2.25337,4.20827]",128987,-0.489442,4,"[458703,275278,83029,25240.7]","[-0.400288,-0.530008,-2.10601,-0.251684]","[-2.92054,0.540736,-3.04961,1.06332]","[497840,315904,346205,26611.2]","[0.997889,0.992899,0.99282,0.979015]","[0,0,0,0]","[0,0,0,0]","[-0.919827,-0.812157,-0.900738,-0.865589]",0,"[]","[]","[]","[]","[]","[]","[]","[]","[]","[]",2,"[468109,284791]","[-0.419285,-0.547134]","[-2.92757,0.54144]","[511693,329772]","[43244.1,29027.3]","[0,0]","[1.41316,1.72931]","[0.646339,0.795011]",0,"[]","[]","[]","[]","[]","[]","[]","[]","[]","[]",0,"[2100.68,1441.11]",121.625,"[9768.96,4783.47,4415.34,2339.3]","[]","[4743.66,14205.5]","[]"
293,284500,8749,392226,1,15.8288,21798.5,0.934886,0.947944,0.999764,1,1,0.999715,1.00493,1,1,1,0,3,"[1,1,1]","[1,1,1]","[207806,172509,115025]","[-1.3157,-1.30232,-1.06624]","[0.642981,-2.15051,-2.76065]","[415159,340681,186843]","[0.0222092,0.0577354,-0.00840378]","[1,1,-1]","[13,11,11]","[1,1,1]","[1433.07,0,0]","[-204.24,2128.66,971.162]","[-0.0232492,0.0110625,0.00466437]","[2.76552,1.85074,0.602192]",62338.1,1.51487,1,"[31474.6]","[-0.145544]","[-0.0539836]","[32128.4]","[0.819211]","[0]","[0]","[-0.648376]",0,"[]","[]","[]","[]","[]","[]","[]","[]","[]","[]",1,"[312883]","[-1.24167]","[-2.39756]","[596573]","[108078]","[1]","[0]","[-1]",0,"[]","[]","[]","[]","[]","[]","[]","[]","[]","[]",0,"[4732.7,1788.51,740.761]",6.81641,"[2021.67]","[]","[5305.03]","[]"
294,284500,9328,392226,1.27198,15.8288,21798.5,0.619412,0.987533,1,1,1,0.996007,1.00936,1,1,0,0,3,"[1,1,1]","[1,1,1]","[393649,241021,185590]","[0.0660016,-0.198262,-0.525853]","[0.20936,0.339519,1.12417]","[394507,245774,211847]","[0.0238838,0.08531,-0.0108776]","[1,-1,1]","[11,11,11]","[1,1,1]","[195137,479212,1335.86]","[793.392,-1662.2,1010.39]","[0.0196662,-0.00944117,0.00911342]","[2.71519,0.77841,1.03856]",196311,0.487229,2,"[970820,24580.8]","[-1.06967,-0.65915]","[-2.65048,1.92729]","[1.58171e+06,30700.8]","[0.993716,0.730979]","[0,0]","[0,0]","[-0.91553,-0.797049]",0,"[]","[]","[]","[]","[]","[]","[]","[]","[]","[]",2,"[940580,656308]","[-1.07172,-0.0414377]","[-2.64946,0.260404]","[1.53456e+06,663943]","[16631.9,96638.6]","[0,1]","[4.93447,0.018276]","[0.412354,0.434722]",0,"[]","[]","[]","[]","[]","[]","[]","[]","[]","[]",0,"[5438.88,1219.76,897.912]",1517.09,"[16558.7,1910.06]","[]","[46426.3,6735.69]","[]"
295,284500,9939,392226,1.4276,15.8288,21798.5,0,0.9623,0.989793,1,1,0.997845,0.96784,1,1,1,0,3,"[1,1,1]","[0,1,1]","[73780.8,65626.1,28541.2]","[-0.165961,-1.21764,-0.369675]","[-1.83894,-1.11422,-2.61221]","[74799.3,120592,30513.7]","[-0.075386,0.0284729,-0.0251236]","[-1,1,1]","[13,13,11]","[1,1,1]","[0,0,0]","[-1348.54,-323.763,-766.202]","[0.00910921,0.00918941,0.0109129]","[1.38384,1.33351,1.13712]",93168.9,0.685278,3,"[254688,35462.5,29295.1]","[0.595452,2.26087,1.09616]","[2.2858,-1.1411,0.143529]","[301636,171974,49027.4]","[0.999181,0.990831,0.985678]","[0,0,0]","[0,0,0]","[-0.714512,-0.882563,-0.857672]",0,"[]","[]","[]","[]","[]","[]","[]","[]","[]","[]",1,"[279217]","[0.617568]","[2.25378]","[336233]","[37129.9]","[0]","[2.40999]","[0.0654096]",0,"[]","[]","[]","[]","[]","[]","[]","[]","[]","[]",0,"[3127.61,1398.98,57.7777]",1860.34,"[9571.75,7002.51,4142.76]","[]","[8354.38]","[]"
296,284500,10371,392226,1.28307,15.8288,21798.5,0.553627,0.950004,1,1,1,0.99921,0.99866,1,1,0,0,3,"[1,1,1]","[1,1,1]","[227768,120060,110410]","[-1.00161,-0.907736,-0.924978]","[1.76167,-1.87036,-1.09001]","[351897,173015,161108]","[-0.0038414,0.0336494,-0.00178909]","[1,-1,1]","[11,11,11]","[1,1,1]","[0,0,2985.5]","[49.2911,73.9796,1698.83]","[0.00813447,0.00879256,-0.0132206]","[1.14064,0.322584,1.27221]",65557.1,1.19418,1,"[43871.7]","[-1.88226]","[-1.16869]","[147568]","[0.99314]","[0]","[0]","[-0.866361]",0,"[]","[]","[]","[]","[]","[]","[]","[]","[]","[]",2,"[288331,270291]","[-1.05274,-1.14446]","[1.70436,-1.43997]","[465668,492143]","[45726.1,153816]","[1,1]","[1.56058,1.11845]","[0.525378,0.146167]",0,"[]","[]","[]","[]","[]","[]","[]","[]","[]","[]",0,"[3058.97,669.319,928.191]",17902.9,"[5690.03]","[]","[14144.2,20747.2]","[]"
297,284500,13161,392226,1.01454,15.8288,21798.5,1.26205,0.97577,0.998696,1,1,0.985025,1.00531,1,1,1,0,2,"[1,1]","[1,1]","[207384,77664.1]","[1.18134,-0.0359304]","[-2.29361,0.943737]","[369727,77714.3]","[0.00698853,0.00775909]","[-1,-1]","[13,11]","[0,1]","[0,7189.64]","[-235.241,-865.599]","[0.0191435,-0.02191]","[3.40176,3.21367]",41267.4,0.0656007,3,"[284488,32012.5,21775.6]","[0.127611,2.03827,-0.412087]","[2.18175,-1.40155,1.55364]","[287529,125016,23953.1]","[0.934047,0.993038,0.996552]","[4,0,0]","[0,0,0]","[-0.93067,-0.924533,-0.544426]",0,"[]","[]","[]","[]","[]","[]","[]","[]","[]","[]",1,"[276774]","[0.067171]","[2.1298]","[301097]","[117085]","[0]","[2.94355]","[0.692538]",0,"[]","[]","[]","[]","[]","[]","[]","[]","[]","[]",0,"[13046,195.814]",10650.2,"[10444.4,1947.58,5162.92]","[]","[6068]","[]"
298,284500,14898,392226,0.950319,15.8288,21798.5,1.32095,0.96392,0.998838,1,1,0.999443,1.01012,1,1,1,0,2,"[1,1]","[1,1]","[178536,52603.3]","[1.81368,2.0923]","[3.03819,-1.95259]","[562036,216382]","[-0.0404282,-0.037178]","[-1,1]","[11,13]","[1,1]","[0,0]","[42.4429,2168.04]","[-0.00794942,-0.0253795]","[0.512583,2.96677]",97304.2,2.79491,1,"[288809]","[0.576422]","[0.003662]","[338665]","[0.99]","[0]","[0]","[-0.912648]",0,"[]","[]","[]","[]","[]","[]","[]","[]","[]","[]",1,"[286832]","[0.598468]","[0.0107108]","[340357]","[20304]","[0]","[2.64625]","[0.331948]",0,"[]","[]","[]","[]","[]","[]","[]","[]","[]","[]",0,"[1229.06,1272.29]",10531.3,"[11540.7]","[]","[11061]","[]"
299,284500,15527,392226,1,15.8288,21798.5,1.26459,0.97695,1,1,1,0.998209,0.98743,1,1,0,0,2,"[1,1]","[1,1]","[606773,258397]","[-0.143745,-0.0388817]","[-2.6689,-2.46652]","[613053,258592]","[-0.0233994,0.11692]","[1,-1]","[11,11]","[1,0]","[248819,635012]","[-1575.55,2132.79]","[0.0039304,0.00207363]","[0.558204,0.364773]",757639,0.547099,2,"[78107.9,20975.4]","[-0.0685817,-1.71063]","[0.242331,1.67193]","[78477.9,60113.1]","[0.982615,0.761008]","[0,0]","[0,0]","[-0.962947,-0.748261]",0,"[]","[]","[]","[]","[]","[]","[]","[]","[]","[]",1,"[883883]","[-0.068666]","[-2.61229]","[891035]","[94895]","[1]","[0.0412485]","[-1]",0,"[]","[]","[]","[]","[]","[]","[]","[]","[]","[]",0,"[4189.9,2299.84]",2712.81,"[4408.73,1112.72]","[]","[10313.7]","[]"
300,284500,15757,392226,1.23583,15.8288,21798.5,1.26459,0.94088,1,1,1,0.986679,0.99765,1,1,0,0,3,"[0,0,1]","[1,1,1]","[141486,110348,49567.1]","[0.694906,0.315355,0.629666]","[0.214129,0.841496,-1.53085]","[177044,115881,59722.3]","[-0.0677013,-0.153448,-0.107]","[1,-1,1]","[11,11,11]","[1,1,1]","[1003.09,0,0]","[1221.68,-177.122,4802.1]","[0.0197594,0.0514381,-0.0167632]","[2.21029,3.73253,1.57612]",23904.8,-0.13062,3,"[308215,93126.1,21085.7]","[-1.03034,-0.567644,-1.96966]","[3.08912,-0.610038,-1.71129]","[486940,108999,77173]","[0.990731,0.99149,0.952043]","[4,0,0]","[0,0,0]","[-0.12532,-0.517209,-0.196768]",0,"[]","[]","[]","[]","[]","[]","[]","[]","[]","[]",1,"[309975]","[-1.0244]","[3.09039]","[487446]","[9828.59]","[0]","[3.09595]","[0.474376]",0,"[]","[]","[]","[]","[]","[]","[]","[]","[]","[]",0,"[660.828,737.167,55.5796]",549.018,"[3353.03,2019.29,2068.5]","[]","[3065.34]","[]"
301,284500,14519,392226,1,15.8288,21798.5,1.26459,0.98536,1,1,1,0.997888,0.9918,1,1,0,0,1,"[1]","[1]","[80845.4]","[-0.664882]","[2.07436]","[99383.1]","[-0.033408]","[-1]","[11]","[1]","[0]","[2315.46]","[0.0156846]","[1.29849]",248339,-1.47323,2,"[292584,25022.9]","[-0.265915,-1.42024]","[1.56082,-1.54216]","[303413,54949.7]","[1,0.99292]","[0,0]","[0,0]","[-0.942829,-0.778741]",0,"[]","[]","[]","[]","[]","[]","[]","[]","[]","[]",1,"[352978]","[-0.378106]","[1.69522]","[392851]","[105171]","[1]","[0.232925]","[0.631283]",0,"[]","[]","[]","[]","[]","[]","[]","[]","[]","[]",0,"[532.333]",2077.36,"[3679.69,2582.77]","[]","[12346.3]","[]"
302,284500,14593,392226,1.09796,15.8288,21798.5,1.22586,0.9823,0.984596,1,1,0.999133,1.00632,1,1,1,0,3,"[1,1,1]","[1,1,1]","[158254,123783,35432.5]","[0.677448,0.414919,1.66276]","[2.20579,2.29513,2.80507]","[195979,134592,96792.7]","[-0.00999451,0.0310173,-0.00362015]","[1,-1,-1]","[13,11,13]","[1,1,1]","[7728.09,152708,0]","[-367.32,2085.83,345.369]","[0.0143067,0.0662277,0.0111857]","[2.56178,3.52649,1.30418]",38990.1,2.00994,1,"[359637]","[0.411364]","[-0.868741]","[391169]","[1]","[0]","[0]","[0.0331377]",0,"[]","[]","[]","[]","[]","[]","[]","[]","[]","[]",1,"[376786]","[0.428583]","[-0.870738]","[412304]","[17718.5]","[0]","[2.12724]","[0.146807]",0,"[]","[]","[]","[]","[]","[]","[]","[]","[]","[]",0,"[1602.11,466.673,431.93]",3160.18,"[4915.03]","[]","[15025]","[]"
303,284500,16066,392226,1.09279,15.8288,21798.5,1.32095,0.968109,0.997457,1,1,0.998204,1.00582,1,1,1,0,3,"[1,1,1]","[1,1,1]","[186100,163985,114103]","[-0.487309,-0.808334,-0.891186]","[-0.491596,-0.108845,1.99353]","[208637,220540,162493]","[-0.0267029,-0.000724792,-0.00517845]","[1,-1,1]","[11,11,13]","[1,1,1]","[1228.55,0,0]","[910.087,1804.86,312.378]","[-0.00862418,-0.010902,0.00196667]","[1.50552,1.45115,0.330381]",163627,2.69614,2,"[177421,39176.7]","[0.674097,2.49207]","[-2.51602,0.800784]","[219562,238517]","[0.985516,0]","[0,0]","[0,0]","[-0.906568,-0.903222]",0,"[]","[]","[]","[]","[]","[]","[]","[]","[]","[]",1,"[365986]","[-0.671267]","[-0.316186]","[461961]","[97354.4]","[1]","[0.0670802]","[0.446584]",0,"[]","[]","[]","[]","[]","[]","[]","[]","[]","[]",0,"[890.883,3062.38,485.394]",17413.5,"[5359.5,3709.99]","[]","[45064.3]","[]"
304,284500,17293,392226,1,15.8288,21798.5,0.923924,0.96323,0.999434,1,1,0.999561,1.00493,1,1,1,0,2,"[0,1]","[1,1]","[215547,188351]","[-1.2021,-2.20242]","[0.284731,-2.96806]","[390966,862408]","[-0.00338745,0.0641327]","[1,-1]","[11,13]","[1,1]","[0,0]","[185.512,5131.53]","[0.0167628,-0.0221378]","[2.04565,2.67504]",87602.3,-2.80711,2,"[56969.9,21551.7]","[-0.489249,-0.478654]","[-0.257158,1.38808]","[64068.8,24557]","[0.892919,0.630105]","[0,0]","[0,0]","[-0.909437,-0.706202]",0,"[]","[]","[]","[]","[]","[]","[]","[]","[]","[]",1,"[268678]","[-1.15449]","[0.17584]","[473966]","[71616]","[1]","[0.129149]","[0.139817]",0,"[]","[]","[]","[]","[]","[]","[]","[]","[]","[]",0,"[2553.59,8220.69]",11545.6,"[4860.58,1217.36]","[]","[4367.81]","[]"
305,284500,16479,392226,0.979555,15.8288,21798.5,1.25133,0.931704,0.974256,1,1,0.99842,1,1,1,1,0,3,"[1,1,1]","[1,1,1]","[211100,60111.3,57202.3]","[-1.2928,-1.88233,-1.98446]","[0.520134,-2.14494,0.890728]","[413488,202006,212009]","[0.0451202,-0.0501862,0.0544281]","[1,1,-1]","[11,13,11]","[0,1,1]","[0,0,0]","[-1269.52,327.412,-274.857]","[-0.0675509,0.00508605,-0.00698243]","[3.46338,0.810892,0.671445]",89686.9,-2.11131,2,"[110087,28149.1]","[-1.20032,-1.82515]","[-2.9097,-3.05693]","[199724,89662.4]","[1,0.995532]","[0,0]","[0,0]","[-0.956072,0.349583]",0,"[]","[]","[]","[]","[]","[]","[]","[]","[]","[]",1,"[318210]","[-1.45136]","[0.597061]","[726682]","[121353]","[1]","[0]","[-1]",0,"[]","[]","[]","[]","[]","[]","[]","[]","[]","[]",0,"[2494.39,174.824,327.274]",10865.1,"[9376.66,6804.6]","[]","[9493.47]","[]"
306,284500,16368,392226,1.33682,15.8288,21798.5,1.21412,0.971052,0.999427,1,1,0.999216,1.00632,1,1,1,0,3,"[1,1,1]","[1,1,1]","[330082,217124,92984]","[-1.14517,0.42467,0.941521]","[-1.80164,1.61781,1.26231]","[571233,236998,137333]","[0.00376129,0.0331573,-0.0757828]","[-1,-1,1]","[13,11,11]","[1,1,0]","[0,0,0]","[136.784,2708.28,1082.24]","[-0.0140761,0.018621,0.0148295]","[2.68871,1.83718,1.03188]",18898.2,1.13387,1,"[42793.4]","[1.87207]","[-0.0312328]","[142586]","[0.998247]","[0]","[0]","[-0.789452]",0,"[]","[]","[]","[]","[]","[]","[]","[]","[]","[]",1,"[331370]","[0.564624]","[1.5043]","[397631]","[97037.2]","[1]","[0.076667]","[0.543066]",0,"[]","[]","[]","[]","[]","[]","[]","[]","[]","[]",0,"[12182.2,1110.29,469.52]",10708.2,"[2291.78]","[]","[11450.3]","[]"
307,284500,17781,392226,1.00959,15.8288,21798.5,0.696077,0.93962,1,1,1,0.984917,0.99544,1,1,0,0,2,"[1,1]","[1,1]","[182868,47877.3]","[1.18609,-0.0409423]","[0.759404,0.106112]","[327303,47917.4]","[0.0447464,-0.0033679]","[-1,-1]","[11,11]","[1,1]","[0,0]","[85.1985,-521.452]","[-0.0266079,-0.0105945]","[1.88859,1.56348]",36466.5,1.88897,5,"[190173,147995,127712,69530.2,28799.2]","[0.269662,0.87959,0.244938,-0.196093,0.25184]","[-1.40257,2.81433,-2.0962,1.94273,2.10951]","[197537,209820,133311,71800.4,29815.7]","[0.998311,0.979569,0.991346,0.995422,0.996347]","[0,0,4,0,0]","[0,0,0,0,0]","[-0.896615,-0.927174,-0.925656,-0.94056,-0.572056]",0,"[]","[]","[]","[]","[]","[]","[]","[]","[]","[]",1,"[299498]","[0.267611]","[-1.68623]","[332582]","[119721]","[0]","[0.832046]","[0.507284]",0,"[]","[]","[]","[]","[]","[]","[]","[]","[]","[]",0,"[1927.01,53.7108]",17463.8,"[3929.18,2405.29,2599.11,5012.3,7271.05]","[]","[16406.1]","[]"
308,284500,17193,392226,1.84935,15.8288,21798.5,0.923924,0.96689,1,1,1,0.992825,1.00136,1,1,0,0,1,"[1]","[1]","[51559.3]","[1.60766]","[-1.47445]","[133834]","[-0.0160141]","[1]","[11]","[1]","[0]","[-290.022]","[0.00362565]","[0.309413]",203775,2.09516,4,"[336232,116258,105084,41911.8]","[1.42245,2.47835,1.79015,1.56797]","[-0.779209,1.63761,3.12291,-2.6349]","[737814,697954,323821,105180]","[0.992951,0.209759,0.99,0.938344]","[0,15,0,0]","[0,1,0,0]","[-0.805651,-0.720891,-0.925718,-0.808672]",0,"[]","[]","[]","[]","[]","[]","[]","[]","[]","[]",1,"[404072]","[1.45992]","[-0.884598]","[923549]","[111360]","[1]","[0.202278]","[0.391033]",0,"[]","[]","[]","[]","[]","[]","[]","[]","[]","[]",0,"[431.218]",21279.8,"[8353.61,5525.85,3012.2,2258.84]","[]","[17346]","[]"
309,284500,17720,392226,1,15.8288,21798.5,0.696077,0.954551,1,1,1,0.998464,1.00582,1,1,0,0,3,"[1,1,1]","[1,1,1]","[218460,142946,85189.7]","[-0.138142,-0.235688,0.279697]","[-2.73226,0.0974409,2.99103]","[220547,146935,88543.7]","[0.00956631,0.0346692,-0.0197756]","[1,1,-1]","[11,11,11]","[1,1,1]","[0,0,0]","[3203.68,571.789,1289.24]","[0.00564194,-0.00104708,-0.00207558]","[0.860506,0.13705,0.156953]",141557,0.399675,1,"[20462.6]","[2.48464]","[0.932119]","[123659]","[0.14228]","[0]","[0]","[-0.726457]",0,"[]","[]","[]","[]","[]","[]","[]","[]","[]","[]",1,"[309476]","[-0.0169724]","[-2.88477]","[326655]","[104406]","[1]","[0.0558759]","[0.441882]",0,"[]","[]","[]","[]","[]","[]","[]","[]","[]","[]",0,"[2356.5,571.1,1142.09]",8223.14,"[2903.41]","[]","[7285.28]","[]"
310,284500,19640,392226,1,15.8288,21798.5,0.553627,0.947926,1,1,1,0.999019,0.9918,1,1,0,0,3,"[1,1,1]","[1,1,1]","[203188,183887,85883]","[-0.752436,-2.2534,-0.761956]","[1.27051,-1.94016,0.557704]","[263472,884965,112044]","[-0.100636,-0.0545082,-0.0445557]","[1,-1,-1]","[11,11,11]","[1,1,1]","[0,0,0]","[693.387,3647.23,-688.686]","[0.0265569,-0.00104521,0.00932809]","[2.66749,0.056278,1.30552]",66567.4,-1.9737,2,"[21570.2,21263.4]","[-0.250336,0.783603]","[-2.68358,-1.86327]","[22759.4,28723]","[0.99252,0.874071]","[0,0]","[0,0]","[-0.787633,-0.896393]",0,"[]","[]","[]","[]","[]","[]","[]","[]","[]","[]",1,"[315247]","[-0.920901]","[1.02022]","[476255]","[128335]","[1]","[1.23158]","[0.0843065]",0,"[]","[]","[]","[]","[]","[]","[]","[]","[]","[]",0,"[1394.75,3597.28,372.348]",18167.3,"[2100.87,1666.67]","[]","[10110]","[]"
311,284500,18349,392226,1.66468,15.8288,21798.5,1.55465,0.90208,1,1,1,0.997804,1.00306,1,1,0,0,3,"[1,1,1]","[1,1,0]","[299667,267689,19142.5]","[1.1274,1.2594,0.422049]","[2.33135,-0.975584,1.43752]","[511156,509563,20872.9]","[0.0482254,-0.0142136,-0.059082]","[-1,-1,1]","[11,11,11]","[1,1,1]","[0,0,0]","[1327.47,303.577,1237.12]","[0.00350456,0.00481666,-0.0108228]","[0.681232,0.376508,1.11599]",54778.6,0.0616604,2,"[56601.5,22696.3]","[-1.87101,1.8973]","[-1.30933,1.6477]","[188256,77537.1]","[0.995102,0.917433]","[0,0]","[0,0]","[-0.855837,-0.819257]",0,"[]","[]","[]","[]","[]","[]","[]","[]","[]","[]",2,"[332893,295690]","[1.11428,1.24775]","[2.32828,-0.969644]","[561845,557321]","[0.0135316,-0.0123526]","[1,1]","[0,0]","[-1,-1]",0,"[]","[]","[]","[]","[]","[]","[]","[]","[]","[]",0,"[4481.69,3451.95,186.821]",1351.65,"[4623.75,4032.25]","[]","[3054.44,22417.9]","[]"
312,284500,19482,392226,1.68211,15.8288,21798.5,0.619412,0.97663,0.993432,1,1,0.998835,1.00121,1,1,1,0,2,"[1,1]","[1,1]","[166837,144623]","[-0.569255,-1.91169]","[-2.26088,0.285567]","[194607,499844]","[-0.0177937,0.0858974]","[1,-1]","[13,11]","[0,1]","[0,0]","[-399.396,1001.48]","[-0.012293,0.062004]","[2.23758,2.96094]",110578,-2.70047,2,"[183168,27701.4]","[-1.85011,1.08996]","[1.20408,2.58002]","[597200,46011.9]","[0.948148,0.99]","[0,0]","[0,0]","[-0.927036,-0.92093]",0,"[]","[]","[]","[]","[]","[]","[]","[]","[]","[]",1,"[288361]","[-1.99359]","[0.761209]","[1.089e+06]","[153125]","[1]","[0.253015]","[0.711188]",0,"[]","[]","[]","[]","[]","[]","[]","[]","[]","[]",0,"[18799.1,893.496]",29358.3,"[7843.57,2229.47]","[]","[28541.1]","[]"
313,284500,3741,392226,1.03457,15.8288,21798.5,1.21412,0.926566,1,1,1,0.995481,0.99765,1,1,0,0,2,"[1,1]","[1,0]","[92592.5,23561.3]","[0.787634,0.758163]","[1.70067,-1.17732]","[122829,30663.7]","[-0.0164661,0.0241508]","[-1,1]","[11,11]","[1,1]","[48969.5,0]","[949.181,1060.97]","[0.0209609,-0.00649776]","[2.26029,0.568034]",216362,0.624629,5,"[192884,114180,39695.4,22483.8,20802.9]","[-0.110953,0.47225,1.30505,1.64641,0.284002]","[-2.04933,-2.00085,0.906463,-2.67008,-2.64582]","[195195,128223,78775,60601.3,22163.1]","[0.999083,0.995827,0.998727,0.991217,0.91846]","[0,0,15,0,0]","[0,0,1,0,0]","[-0.620538,-0.930925,-0.0241749,-0.923222,-0.92973]",0,"[]","[]","[]","[]","[]","[]","[]","[]","[]","[]",1,"[266072]","[0.0935481]","[-2.02889]","[284879]","[98694.3]","[0]","[1.05074]","[0.623822]",0,"[]","[]","[]","[]","[]","[]","[]","[]","[]","[]",0,"[320.193,98.7237]",33350.8,"[2173.06,1978.27,3401.84,1580.34,1144.33]","[]","[4179.55]","[]"
314,284500,2138,392226,1.05513,15.8288,21798.5,0.696077,1,0.981461,1,1,0.999371,0.947671,1,0,1,0,3,"[1,1,1]","[1,1,1]","[317601,104752,77119.6]","[1.54898,1.97826,1.68411]","[-3.03918,2.13947,-2.41671]","[781162,385929,214905]","[0.0189819,0.121597,0.0357208]","[-1,-1,1]","[13,13,13]","[1,1,1]","[0,0,0]","[542.179,-68.2666,96.1285]","[0.0205164,0.00334466,0.0109844]","[4.63536,0.586049,1.31335]",45964.8,0.0895759,3,"[250495,103929,79368.3]","[1.09442,-1.66425,1.54726]","[-0.361876,0.770793,0.123097]","[418074,284583,195190]","[0.999035,0.999294,0.992475]","[0,0,0]","[0,0,0]","[-0.933034,-0.892313,-0.725676]",0,"[]","[]","[]","[]","[]","[]","[]","[]","[]","[]",1,"[331156]","[1.18787]","[-0.253548]","[605223]","[118088]","[0]","[1.35144]","[0.536388]",0,"[]","[]","[]","[]","[]","[]","[]","[]","[]","[]",0,"[16490.2,783.278,637.224]",3231.02,"[8094.77,5926.34,2661.22]","[]","[888.812]","[]"
315,284500,3386,392226,1.7375,15.8288,21798.5,1.25133,0.9377,1,1,1,0.999606,0.99604,1,1,0,0,3,"[1,1,1]","[1,1,1]","[128428,128351,74993.6]","[-1.54361,-2.24573,-0.190635]","[0.103495,0.100687,-3.00926]","[314331,613081,76360.5]","[-0.00050354,0.0420208,-0.0535278]","[1,-1,-1]","[11,11,11]","[1,1,1]","[0,0,1262.15]","[1393.43,774.072,560.188]","[-0.0129039,-0.00193291,0.0227535]","[1.83859,0.215697,2.18209]",236895,3.0114,3,"[93253.6,63963.6,22937.5]","[1.49863,-0.130525,0.0518324]","[0.0490293,-1.81059,2.45728]","[219306,65716.6,23209.6]","[0.998946,1,0.986249]","[0,0,0]","[0,0,0]","[-0.944584,-0.199901,-0.84738]",0,"[]","[]","[]","[]","[]","[]","[]","[]","[]","[]",1,"[297211]","[-1.9494]","[0.099218]","[1.06968e+06]","[99657.6]","[1]","[0.111533]","[0.334783]",0,"[]","[]","[]","[]","[]","[]","[]","[]","[]","[]",0,"[1926.34,4452.46,658.303]",3434.2,"[3031.2,4972.65,2033.4]","[]","[4517.19]","[]"
316,284500,3590,392226,1,15.8288,21798.5,1.21412,0.906277,1,1,1,0.996902,1.01265,1,1,0,0,2,"[1,1]","[1,0]","[240067,19082.4]","[1.64302,0.665686]","[-2.35395,3.09458]","[643880,23468.9]","[-0.013958,0.0618553]","[1,-1]","[11,11]","[1,1]","[0,0]","[5470.82,-96.471]","[-0.0343015,-0.0087095]","[3.47009,0.680255]",177976,0.791901,1,"[73535]","[0.531039]","[0.552529]","[84283.4]","[0.987428]","[15]","[1]","[-0.941997]",0,"[]","[]","[]","[]","[]","[]","[]","[]","[]","[]",1,"[285317]","[1.63992]","[-2.35228]","[763056]","[3608.09]","[1]","[0]","[-1]",0,"[]","[]","[]","[]","[]","[]","[]","[]","[]","[]",0,"[4619.8,83.1363]",1577.75,"[2537.49]","[]","[24685]","[]"
