event,runNumber,eventNumber,channelNumber,mcWeight,XSection,SumWeights,scaleFactor_PILEUP,scaleFactor_ELE,scaleFactor_MUON,scaleFactor_PHOTON,scaleFactor_TAU,scaleFactor_BTAG,scaleFactor_LepTRIGGER,scaleFactor_PhotonTRIGGER,trigE,trigM,trigP,lep_n,lep_truthMatched,lep_trigMatched,lep_pt,lep_eta,lep_phi,lep_E,lep_z0,lep_charge,lep_type,lep_isTightID,lep_ptcone30,lep_etcone20,lep_trackd0pvunbiased,lep_tracksigd0pvunbiased,met_et,met_phi,jet_n,jet_pt,jet_eta,jet_phi,jet_E,jet_jvt,jet_trueflav,jet_truthMatched,jet_MV2c10,photon_n,photon_truthMatched,photon_trigMatched,photon_pt,photon_eta,photon_phi,photon_E,photon_isTightID,photon_ptcone30,photon_etcone20,photon_convType,largeRjet_n,largeRjet_pt,largeRjet_eta,largeRjet_phi,largeRjet_E,largeRjet_m,largeRjet_truthMatched,largeRjet_D2,largeRjet_tau32,tau_n,tau_pt,tau_eta,tau_phi,tau_E,tau_charge,tau_isTightID,tau_truthMatched,tau_trigMatched,tau_nTracks,tau_BDTid,ditau_m,lep_pt_syst,met_et_syst,jet_pt_syst,photon_pt_syst,largeRjet_pt_syst,tau_pt_syst
0,284500,212452,364174,-1,223.639,3.71479e+06,0.553627,0.96654,1,1,1,0.954779,0.9995,1,1,0,0,1,"[1]","[1]","[79247.2]","[2.27734]","[-0.816919]","[390421]","[0.169388]","[1]","[11]","[1]","[0]","[-324.26]","[-0.00833613]","[0.633059]",72915.2,-1.96456,2,"[810051,732777]","[1.40736,1.18652]","[1.947,-1.18556]","[1.75398e+06,1.31297e+06]","[0.986252,0.988752]","[4,0]","[0,0]","[-0.826551,0.755291]",0,"[]","[]","[]","[]","[]","[]","[]","[]","[]","[]",2,"[779658,710739]","[1.41505,1.20287]","[1.94733,-1.18955]","[1.6996e+06,1.29018e+06]","[18094.5,22349.5]","[0,0]","[2.61409,2.69189]","[0.65326,0.550249]",0,"[]","[]","[]","[]","[]","[]","[]","[]","[]","[]",0,"[589.926]",20638.8,"[15050.5,11309.8]","[]","[18516.9,19599.9]","[]"
1,284500,42395,364174,1,223.639,3.71479e+06,0.619412,0.97209,1,1,1,0.997163,0.99756,1,1,0,0,1,"[0]","[1]","[76082.5]","[0.168716]","[1.68275]","[77167.9]","[-0.000640869]","[1]","[11]","[1]","[0]","[1743.48]","[0.00732843]","[0.494314]",195130,2.2692,4,"[382484,77082.3,42548.1,36628.3]","[-0.946873,1.64419,2.12523,0.621121]","[-0.918989,2.37417,2.97307,2.5454]","[567795,207094,180834,44341.7]","[0.995327,0.999534,0.99,1]","[0,0,0,0]","[0,0,0,0]","[-0.932353,-0.857871,-0.460966,-0.823943]",0,"[]","[]","[]","[]","[]","[]","[]","[]","[]","[]",1,"[374419]","[-0.997413]","[-0.916587]","[577435]","[30635]","[0]","[1.9948]","[0.673067]",0,"[]","[]","[]","[]","[]","[]","[]","[]","[]","[]",0,"[295.04]",8534.05,"[11222.4,6522.28,2520.59,5401.27]","[]","[28752.3]","[]"
2,284500,123538,364174,1,223.639,3.71479e+06,1.24168,1.00588,1,1,1,0.999344,1.00306,1,1,0,0,1,"[1]","[1]","[273599]","[0.958582]","[-0.710555]","[409226]","[-0.039053]","[1]","[11]","[1]","[2702.34]","[1712.85]","[0.00150665]","[0.10897]",198157,2.35387,1,"[51201.3]","[-1.23082]","[2.22865]","[95413.4]","[0.981964]","[0]","[0]","[-0.839494]",0,"[]","[]","[]","[]","[]","[]","[]","[]","[]","[]",1,"[300280]","[0.94605]","[-0.717639]","[445032]","[6523.99]","[0]","[0]","[-1]",0,"[]","[]","[]","[]","[]","[]","[]","[]","[]","[]",0,"[2629.61]",8768.14,"[9190.11]","[]","[11674.6]","[]"
3,284500,81911,364174,2.29144,223.639,3.71479e+06,1.26459,1.00588,1,1,1,1.57061,1.00306,1,1,0,0,1,"[1]","[1]","[254849]","[1.07122]","[1.59298]","[415598]","[0.022644]","[-1]","[11]","[1]","[0]","[5083.61]","[0.00124382]","[0.121689]",154480,-1.57909,1,"[89763.9]","[0.431872]","[-1.35863]","[98693]","[0.995544]","[4]","[0]","[0.92787]",0,"[]","[]","[]","[]","[]","[]","[]","[]","[]","[]",1,"[278787]","[1.11469]","[1.60735]","[470682]","[-0.00956832]","[0]","[0]","[-1]",0,"[]","[]","[]","[]","[]","[]","[]","[]","[]","[]",0,"[2913.89]",1538.66,"[3089.13]","[]","[9116.34]","[]"
4,284500,237671,364174,1,223.639,3.71479e+06,1.26205,0.99242,1,1,1,0.957491,0.99765,1,1,0,0,1,"[1]","[1]","[448278]","[0.753092]","[1.87774]","[581520]","[0.0386047]","[1]","[11]","[1]","[0]","[810.305]","[0.00487949]","[0.601709]",362218,-1.09781,1,"[95115.8]","[1.90003]","[-1.88696]","[325173]","[0.179529]","[4]","[0]","[-0.812623]",0,"[]","[]","[]","[]","[]","[]","[]","[]","[]","[]",1,"[453425]","[0.775073]","[1.88326]","[596600]","[5289.28]","[0]","[0]","[-1]",0,"[]","[]","[]","[]","[]","[]","[]","[]","[]","[]",0,"[4706.94]",6516.66,"[9292.96]","[]","[16725.4]","[]"
5,284500,493704,364174,1,223.639,3.71479e+06,1.24168,1.01378,1,1,1,0.997302,1.00936,1,1,0,0,1,"[1]","[1]","[252456]","[0.0453639]","[-2.61745]","[252716]","[0.0807838]","[1]","[11]","[1]","[0]","[603.037]","[-0.0108025]","[1.44798]",159688,0.328578,2,"[118228,22577.3]","[-1.76305,2.20348]","[0.954541,-1.92197]","[354888,103520]","[0.992766,0.958803]","[0,0]","[0,0]","[-0.860028,-0.743477]",0,"[]","[]","[]","[]","[]","[]","[]","[]","[]","[]",1,"[265826]","[0.0184979]","[-2.61696]","[265871]","[-0.00585238]","[0]","[0]","[-1]",0,"[]","[]","[]","[]","[]","[]","[]","[]","[]","[]",0,"[3704.28]",9693.34,"[2799.66,1655.54]","[]","[0]","[]"
6,284500,670349,364174,1,223.639,3.71479e+06,0.923924,0.97332,1,1,1,0.997437,0.98683,1,1,0,0,1,"[1]","[1]","[79984.5]","[-1.10153]","[-1.88885]","[133619]","[-58.1964]","[-1]","[11]","[1]","[1083.44]","[379.156]","[-0.0120706]","[0.839732]",43846.7,0.953303,3,"[206020,99931.1,63778.6]","[-0.918569,-0.0862804,-2.14359]","[2.14459,-0.97061,-0.497712]","[299708,102151,275914]","[0.999413,0.99,0.984402]","[0,0,0]","[0,0,0]","[-0.929998,0.0686608,-0.917558]",0,"[]","[]","[]","[]","[]","[]","[]","[]","[]","[]",1,"[251526]","[-1.00046]","[2.02883]","[390741]","[43961]","[0]","[1.51916]","[0.529666]",0,"[]","[]","[]","[]","[]","[]","[]","[]","[]","[]",0,"[831.599]",42.543,"[2757.91,2666.22,5193.88]","[]","[0]","[]"
7,284500,261713,364174,1,223.639,3.71479e+06,1.1961,0.94443,1,1,1,0.960764,1.01758,1,1,0,0,1,"[1]","[1]","[38675.6]","[2.18055]","[1.57765]","[173347]","[0.163727]","[1]","[11]","[1]","[0]","[807.034]","[0.0212934]","[1.43413]",393032,-2.30295,3,"[496126,152542,25604.7]","[0.992342,-0.270119,-1.06952]","[0.792436,-2.33558,0.521873]","[761446,158238,41969.1]","[0.996531,0.999357,0.981507]","[0,4,0]","[0,0,0]","[-0.923833,-0.68477,-0.738234]",0,"[]","[]","[]","[]","[]","[]","[]","[]","[]","[]",1,"[504074]","[1.00596]","[0.795553]","[781430]","[9738.18]","[0]","[0]","[-1]",0,"[]","[]","[]","[]","[]","[]","[]","[]","[]","[]",0,"[95.0289]",14028.1,"[16811.9,2925.25,2039.99]","[]","[38343.8]","[]"
8,284500,486282,364174,-1,223.639,3.71479e+06,1.21412,0.96323,1,1,1,0.997695,1.00493,1,1,0,0,1,"[1]","[1]","[282484]","[-1.20128]","[1.73708]","[512028]","[0.0219383]","[1]","[11]","[1]","[0]","[-234.973]","[-0.0286529]","[3.62589]",218508,-1.22039,2,"[65296.4,26709.7]","[0.6294,2.00565]","[-1.7936,-2.0843]","[79082.2,101220]","[0.993589,0.940578]","[0,0]","[0,0]","[-0.911495,-0.773205]",0,"[]","[]","[]","[]","[]","[]","[]","[]","[]","[]",1,"[283058]","[-1.2254]","[1.73108]","[523628]","[9559.83]","[0]","[44.7604]","[0.058916]",0,"[]","[]","[]","[]","[]","[]","[]","[]","[]","[]",0,"[5585.83]",5279.28,"[2554.69,6233.76]","[]","[13863.6]","[]"
9,284500,463436,364174,-1,223.639,3.71479e+06,0.553627,0.96484,1,1,1,0.99145,0.9566,1,1,0,0,1,"[1]","[1]","[35450.1]","[0.920723]","[2.51519]","[51568.1]","[49.7365]","[-1]","[11]","[1]","[1432.05]","[1115.03]","[-0.0208218]","[1.42429]",39342.8,-3.01641,9,"[383024,372098,120620,68350.4,52034.7,48229.9,35829.1,25459.5,23388.1]","[0.0413184,2.06777,-0.351555,1.65116,-1.12142,0.882638,1.58956,-1.33348,1.87582]","[0.636907,-2.69302,-0.64237,0.0934868,1.35508,-2.2064,-2.71186,0.685958,-2.22941]","[385175,1.49609e+06,130169,184992,89107.5,69125.7,91620.5,52041.4,78194.5]","[1,0.997197,0.99295,0,0.997835,0.990677,0.977256,0.974698,0.866487]","[0,0,0,0,0,0,0,0,0]","[0,0,0,0,0,0,0,0,0]","[-0.95377,-0.693452,-0.746002,-0.808592,-0.57698,-0.958552,-0.840316,-0.245071,-0.407019]",0,"[]","[]","[]","[]","[]","[]","[]","[]","[]","[]",1,"[387825]","[0.0128799]","[0.625163]","[389020]","[30057.2]","[0]","[3.09815]","[0.737969]",0,"[]","[]","[]","[]","[]","[]","[]","[]","[]","[]",0,"[92.6503]",5837.36,"[10832.3,8912.11,3682.65,11470.3,4992.12,8004.36,9592.82,3520.13,1860.17]","[]","[326.625]","[]"
10,284500,642566,364174,1,223.639,3.71479e+06,1.24168,0.98458,1,1,1,0.95936,1.00582,1,1,0,0,1,"[1]","[1]","[80501.4]","[-0.419942]","[0.742891]","[87704.6]","[0.00602722]","[1]","[11]","[1]","[0]","[90.3995]","[-0.029386]","[1.39107]",13364.9,1.46399,3,"[298867,261227,85792.6]","[1.43662,-0.661237,0.126294]","[-1.56043,1.5243,-3.01226]","[664365,320845,86991.5]","[0.198288,0,0.998793]","[0,0,4]","[0,0,0]","[-0.830105,-0.763878,-0.86501]",0,"[]","[]","[]","[]","[]","[]","[]","[]","[]","[]",2,"[337964,291725]","[-0.565504,1.47858]","[1.34105,-1.55758]","[413133,673311]","[125973,16622.9]","[0,0]","[0.544101,2.63201]","[0.665241,0.776392]",0,"[]","[]","[]","[]","[]","[]","[]","[]","[]","[]",0,"[214.749]",4682.41,"[12155.1,3908.58,5243.9]","[]","[16230.3,41548.5]","[]"
11,284500,744648,364174,1,223.639,3.71479e+06,1.22586,0.9823,1,1,1,0.965127,1.00632,1,1,0,0,1,"[1]","[1]","[133102]","[0.149744]","[-2.37171]","[134597]","[0.020401]","[1]","[11]","[1]","[0]","[604.528]","[0.0120904]","[1.81025]",46624.5,1.345,2,"[136699,98726.2]","[0.128257,-0.427733]","[0.805052,-1.93039]","[138589,108501]","[0.830655,0.133278]","[4,0]","[0,0]","[-0.93828,-0.728831]",0,"[]","[]","[]","[]","[]","[]","[]","[]","[]","[]",1,"[265876]","[-0.125854]","[-2.21197]","[281487]","[86136.3]","[0]","[0.872603]","[0.336154]",0,"[]","[]","[]","[]","[]","[]","[]","[]","[]","[]",0,"[1231.34]",4415.3,"[2442.21,7343.44]","[]","[718.344]","[]"
12,284500,548190,364174,1,223.639,3.71479e+06,1.26205,1.00588,1,1,1,0.959299,1.00306,1,1,0,0,1,"[1]","[1]","[181314]","[1.13685]","[2.99904]","[311658]","[0.0105076]","[-1]","[11]","[1]","[0]","[501.293]","[0.019664]","[1.97565]",273384,0.107933,1,"[100505]","[1.28624]","[-2.67156]","[195962]","[0.998607]","[4]","[0]","[-0.934626]",0,"[]","[]","[]","[]","[]","[]","[]","[]","[]","[]",1,"[286007]","[1.24697]","[-3.07136]","[546268]","[90516.4]","[0]","[0.28294]","[0.624236]",0,"[]","[]","[]","[]","[]","[]","[]","[]","[]","[]",0,"[1858.48]",1680.19,"[2302.83]","[]","[11177.1]","[]"
13,284500,2068670,364174,1,223.639,3.71479e+06,1.08735,0.97577,1,1,1,0.996158,1.00531,1,1,0,0,1,"[1]","[1]","[76039.7]","[-0.0597851]","[-1.95146]","[76175.6]","[0.0493889]","[1]","[11]","[1]","[0]","[2956.87]","[-0.0121538]","[1.23461]",107429,-2.78522,4,"[163250,111664,97209.1,20159.9]","[0.494915,0.139678,-1.4501,-0.0208942]","[1.31178,0.652449,-1.77162,-0.907832]","[184503,113047,218783,20575.2]","[0,0.993443,0,0.98655]","[0,0,0,0]","[0,0,0,0]","[-0.728715,0.0447894,-0.865571,-0.91496]",0,"[]","[]","[]","[]","[]","[]","[]","[]","[]","[]",1,"[275939]","[0.354014]","[1.07278]","[307522]","[92085.1]","[0]","[0.738718]","[0.752016]",0,"[]","[]","[]","[]","[]","[]","[]","[]","[]","[]",0,"[170.739]",4875.02,"[8017.04,2761.09,2359.57,1155.45]","[]","[10946.2]","[]"
14,284500,2057897,364174,-1,223.639,3.71479e+06,0.738662,0.95061,1,1,1,0.995216,0.95105,1,1,0,0,1,"[1]","[1]","[32140.5]","[-0.653726]","[-0.803574]","[39256.4]","[-0.0441208]","[1]","[11]","[1]","[0]","[143.296]","[-0.0146025]","[2.0863]",219000,0.0272315,4,"[157633,130605,67616.5,29942.8]","[-0.248909,-0.194256,2.04252,-1.52179]","[2.59826,-2.92832,-0.959333,2.79195]","[163456,133509,265346,72039.6]","[0.000971796,0.983969,0,0.996233]","[0,0,0,0]","[0,0,0,0]","[-0.764216,-0.90511,-0.82085,-0.906302]",0,"[]","[]","[]","[]","[]","[]","[]","[]","[]","[]",1,"[274601]","[-0.282893]","[2.92735]","[300345]","[92760.1]","[0]","[0.691487]","[0.550524]",0,"[]","[]","[]","[]","[]","[]","[]","[]","[]","[]",0,"[152.259]",39064.2,"[3485.94,8676.37,33335,1811.13]","[]","[2724.28]","[]"
15,284500,293709,364174,1,223.639,3.71479e+06,0,0.98697,1,1,1,1.29429,1.00582,1,1,0,0,1,"[1]","[1]","[268238]","[-0.188471]","[-0.341777]","[273016]","[-0.0397053]","[1]","[11]","[1]","[0]","[1694.08]","[0.0191713]","[3.65138]",252931,3.08924,2,"[80130,34980.1]","[0.369404,0.473711]","[1.85763,0.890138]","[86687.9,39461]","[0.990349,0.999527]","[0,4]","[0,0]","[0.847441,0.185807]",0,"[]","[]","[]","[]","[]","[]","[]","[]","[]","[]",1,"[292715]","[-0.168823]","[-0.343333]","[296911]","[2972.14]","[0]","[0]","[-1]",0,"[]","[]","[]","[]","[]","[]","[]","[]","[]","[]",0,"[3203.34]",2986.59,"[2491.9,5872.09]","[]","[7866.94]","[]"
16,284500,625326,364174,1,223.639,3.71479e+06,1.1961,0.98697,1,1,1,0.982231,1.00582,1,1,0,0,1,"[1]","[1]","[289203]","[-0.461268]","[-0.0188674]","[320519]","[-0.0812302]","[1]","[11]","[1]","[0]","[638.182]","[0.0113066]","[1.7322]",256134,-2.97719,2,"[34252.2,24581.9]","[-1.7061,-0.0898894]","[1.85432,2.26309]","[97610.1,25204.3]","[0.996997,0.93814]","[0,4]","[0,0]","[-0.872498,-0.371805]",0,"[]","[]","[]","[]","[]","[]","[]","[]","[]","[]",1,"[306824]","[-0.418879]","[-0.0258326]","[334137]","[0.00338291]","[0]","[0]","[-1]",0,"[]","[]","[]","[]","[]","[]","[]","[]","[]","[]",0,"[2122.1]",205.766,"[7221.51,1314.1]","[]","[3043.44]","[]"
17,284500,192922,364174,1.18811,223.639,3.71479e+06,1.25133,0.97994,1,1,1,1.48693,1,1,1,0,0,1,"[0]","[1]","[170311]","[0.47141]","[2.80345]","[189588]","[-0.0120096]","[-1]","[11]","[0]","[0]","[863.95]","[0.0315241]","[3.13441]",46657.9,2.84628,2,"[291227,30164.5]","[0.794915,2.14755]","[-0.392404,2.2493]","[389786,131021]","[1,0.995433]","[4,0]","[0,0]","[0.830308,-0.614208]",0,"[]","[]","[]","[]","[]","[]","[]","[]","[]","[]",1,"[315743]","[0.804619]","[-0.419426]","[426378]","[48724.5]","[0]","[2.13155]","[0.729288]",0,"[]","[]","[]","[]","[]","[]","[]","[]","[]","[]",0,"[1059.18]",12192.6,"[4938.11,2494.74]","[]","[14596.6]","[]"
18,284500,394807,364174,-1,223.639,3.71479e+06,1.55465,0.97996,1,1,1,0.999177,1.01265,1,1,0,0,1,"[1]","[1]","[222248]","[1.75171]","[2.25485]","[659845]","[0.0321732]","[1]","[11]","[1]","[1777.61]","[-1194.44]","[0.00967703]","[1.44834]",100711,-0.913828,1,"[100087]","[2.14835]","[-0.720109]","[434895]","[1]","[0]","[0]","[-0.412988]",0,"[]","[]","[]","[]","[]","[]","[]","[]","[]","[]",1,"[250140]","[1.74802]","[2.25224]","[740079]","[0]","[0]","[0]","[-1]",0,"[]","[]","[]","[]","[]","[]","[]","[]","[]","[]",0,"[6870.59]",5870.06,"[4766.39]","[]","[7731.83]","[]"
19,284500,2069864,364174,1,223.639,3.71479e+06,0.738662,0.9549,1,1,1,0.954345,1.01807,1,1,0,0,1,"[1]","[1]","[43117.1]","[-2.25707]","[1.33284]","[208250]","[0.00998878]","[1]","[11]","[1]","[0]","[-63.1991]","[-0.0260623]","[1.14586]",11960.9,-2.46116,2,"[275934,248040]","[-0.423585,-0.413921]","[-2.98678,0.176523]","[302569,270331]","[0.993241,0.999488]","[4,0]","[0,0]","[-0.722433,-0.884662]",0,"[]","[]","[]","[]","[]","[]","[]","[]","[]","[]",2,"[278939,255465]","[-0.405452,-0.423555]","[-3.03598,0.178377]","[306739,279898]","[52677.7,25601.3]","[0,0]","[2.41133,3.06729]","[0.616645,0.592064]",0,"[]","[]","[]","[]","[]","[]","[]","[]","[]","[]",0,"[369.767]",6859.48,"[6120.73,3449.11]","[]","[18894.8,12940.8]","[]"
20,284500,717399,364174,5.08713,223.639,3.71479e+06,0.619412,0.974,1,1,1,1.57467,0.99695,1,1,0,0,1,"[1]","[1]","[287504]","[-1.36642]","[1.71759]","[600350]","[-0.00636482]","[-1]","[11]","[1]","[0]","[3885.54]","[0.0282001]","[2.09591]",195734,-1.34986,1,"[85502.1]","[-0.0955176]","[-1.4799]","[86969.1]","[0.995247]","[4]","[0]","[0.963743]",0,"[]","[]","[]","[]","[]","[]","[]","[]","[]","[]",1,"[310206]","[-1.38145]","[1.72095]","[656384]","[2379.47]","[0]","[57.2654]","[0.203601]",0,"[]","[]","[]","[]","[]","[]","[]","[]","[]","[]",0,"[3923.45]",1688.16,"[2100.75]","[]","[19076.2]","[]"
21,284500,328934,364174,1,223.639,3.71479e+06,0.696077,0.97553,1,1,1,0.997423,1.01265,1,1,0,0,1,"[1]","[1]","[81864.9]","[1.71917]","[-1.10065]","[235734]","[-39.7832]","[-1]","[11]","[1]","[0]","[937.455]","[-0.0012782]","[0.0870224]",87160.6,2.32181,4,"[256645,197797,31083.8,20388.7]","[0.845008,0.155852,0.0548101,0.540394]","[0.0282936,-2.95809,2.8119,2.6234]","[354731,201273,31601,23794.9]","[1,0.999848,0.996687,0.993806]","[0,0,0,0]","[0,0,0,0]","[-0.906166,-0.892164,-0.245378,-0.556616]",0,"[]","[]","[]","[]","[]","[]","[]","[]","[]","[]",1,"[274506]","[0.878293]","[0.0307834]","[388114]","[24075.2]","[0]","[1.37944]","[0.722311]",0,"[]","[]","[]","[]","[]","[]","[]","[]","[]","[]",0,"[1152.85]",9597.27,"[4180.13,3218.89,7593.07,1204.79]","[]","[9032.72]","[]"
22,284500,576292,364174,1,223.639,3.71479e+06,1.22586,0.98916,1,1,1,0.960606,0.99765,1,1,0,0,1,"[0]","[1]","[101675]","[0.665363]","[-1.0431]","[125024]","[-0.049469]","[1]","[11]","[1]","[0]","[-1058.64]","[-0.0354051]","[3.06884]",82276.7,-2.69334,2,"[91527.1,88410.8]","[-0.982656,0.4259]","[-1.76693,-0.50353]","[139753,97243.6]","[0.985052,0.960012]","[0,4]","[0,0]","[-0.654776,-0.293946]",0,"[]","[]","[]","[]","[]","[]","[]","[]","[]","[]",1,"[258196]","[0.950228]","[1.67749]","[385960]","[40751.6]","[0]","[1.68879]","[0.598398]",0,"[]","[]","[]","[]","[]","[]","[]","[]","[]","[]",0,"[506.805]",2095.18,"[3201.41,1365.81]","[]","[5016.52]","[]"
23,284500,89593,364174,1,223.639,3.71479e+06,0.619412,0.96392,1,1,1,0.959968,1.01012,1,1,0,0,1,"[1]","[1]","[257845]","[1.96216]","[0.0972844]","[935358]","[-0.103061]","[1]","[11]","[1]","[2651.7]","[5433.32]","[-0.0112285]","[1.24436]",169009,3.01588,2,"[72101.6,20599.1]","[-0.949114,-1.19581]","[3.06945,-1.85274]","[107399,37436.1]","[0.99885,0.916008]","[4,0]","[0,0]","[-0.723247,-0.830349]",0,"[]","[]","[]","[]","[]","[]","[]","[]","[]","[]",1,"[284385]","[1.96884]","[0.0923846]","[1.03835e+06]","[12096.1]","[0]","[9.71994]","[0.404758]",0,"[]","[]","[]","[]","[]","[]","[]","[]","[]","[]",0,"[3078.03]",1399.31,"[3852.37,2538.43]","[]","[4579.44]","[]"
24,284500,575969,364174,1,223.639,3.71479e+06,1.22586,0.99211,1,1,1,0.998414,0.9918,1,1,0,0,1,"[1]","[1]","[255348]","[-0.698582]","[0.902241]","[320231]","[0.048851]","[-1]","[11]","[1]","[1331.51]","[-118.51]","[0.0127696]","[2.07417]",192916,-2.70707,2,"[90099.2,20817]","[-0.0722883,-0.56655]","[-1.41814,-1.91163]","[91030.1,24763.5]","[0.521819,0.958265]","[0,0]","[0,0]","[-0.940134,-0.692524]",0,"[]","[]","[]","[]","[]","[]","[]","[]","[]","[]",1,"[261288]","[-0.71845]","[0.907474]","[331674]","[-0.00552427]","[0]","[0]","[-1]",0,"[]","[]","[]","[]","[]","[]","[]","[]","[]","[]",0,"[1696.69]",2938.86,"[2468.66,1158.39]","[]","[0]","[]"
25,284500,2180847,364174,1,223.639,3.71479e+06,1.74563,0.96203,1,1,1,0.961849,1.01508,1,1,0,0,1,"[1]","[1]","[207348]","[-1.55041]","[-2.68524]","[510655]","[0.0139999]","[-1]","[11]","[1]","[0]","[13438.6]","[0.00242373]","[0.240931]",204858,0.617371,2,"[50964,21151.6]","[-1.33782,-1.87698]","[-0.654015,3.03041]","[104304,70746.7]","[0.99,0.963051]","[4,0]","[0,0]","[-0.903851,-0.854832]",0,"[]","[]","[]","[]","[]","[]","[]","[]","[]","[]",1,"[282704]","[-1.57854]","[-2.72195]","[715993]","[47493.3]","[0]","[3.4198]","[0.549112]",0,"[]","[]","[]","[]","[]","[]","[]","[]","[]","[]",0,"[3926.21]",182.5,"[1829.79,1602.26]","[]","[15165.8]","[]"
26,284500,994806,364174,0.619624,223.639,3.71479e+06,1.22586,0.97994,1,1,1,0.998239,1.00632,1,1,0,0,1,"[1]","[1]","[266061]","[0.22351]","[0.986105]","[272734]","[-0.0225334]","[-1]","[11]","[1]","[0]","[339.231]","[-0.00155389]","[0.277849]",217537,-2.01279,1,"[30487.5]","[1.43471]","[-2.89611]","[67861]","[0.941425]","[0]","[0]","[-0.777628]",0,"[]","[]","[]","[]","[]","[]","[]","[]","[]","[]",1,"[276931]","[0.18993]","[0.991867]","[281941]","[0.00292969]","[0]","[0]","[-1]",0,"[]","[]","[]","[]","[]","[]","[]","[]","[]","[]",0,"[1467.26]",340.875,"[3102.98]","[]","[4270.47]","[]"
27,284500,1620184,364174,1,223.639,3.71479e+06,1.1961,0.93962,1,1,1,0.996881,1.0239,1,1,0,0,1,"[1]","[1]","[39815.6]","[1.86941]","[2.57866]","[132161]","[-0.0320659]","[1]","[11]","[1]","[0]","[-477.339]","[0.00608629]","[0.309563]",73031.5,-1.3777,5,"[282497,64861,35228.6,34074.1,20146.4]","[-0.739496,0.289411,1.15945,1.3173,-0.990889]","[0.791285,-1.45034,0.564288,1.20696,-2.95826]","[363766,67797.7,61999.1,68449.7,31228.6]","[0.996584,0.557902,0.98928,0.801335,0.977356]","[0,0,0,0,0]","[0,0,0,0,0]","[-0.503525,-0.930731,-0.756388,-0.566314,0.124919]",0,"[]","[]","[]","[]","[]","[]","[]","[]","[]","[]",1,"[266370]","[-0.737502]","[0.79388]","[342691]","[19172.7]","[0]","[2.97631]","[0.252]",0,"[]","[]","[]","[]","[]","[]","[]","[]","[]","[]",0,"[210.864]",13039.9,"[6795.48,2993.72,3492.68,3372.17,1117.93]","[]","[14567.1]","[]"
28,284500,1517245,364174,-1,223.639,3.71479e+06,1.55465,1,1,1,1,0.999346,1,1,1,0,0,1,"[1]","[1]","[279855]","[0.579814]","[0.563235]","[328229]","[-0.0899658]","[1]","[11]","[0]","[2123.78]","[1856.64]","[-0.0109832]","[1.86318]",357611,-2.54168,1,"[66268]","[1.72808]","[1.09313]","[192789]","[0.995107]","[0]","[0]","[-0.945015]",0,"[]","[]","[]","[]","[]","[]","[]","[]","[]","[]",1,"[300874]","[0.553209]","[0.561947]","[348220]","[9153.16]","[0]","[0.420616]","[-1]",0,"[]","[]","[]","[]","[]","[]","[]","[]","[]","[]",0,"[2050.2]",7776,"[3116.28]","[]","[868.406]","[]"
29,284500,1564701,364174,-1,223.639,3.71479e+06,1.26205,0.96203,1,1,1,0.998857,1.01508,1,1,0,0,1,"[0]","[1]","[288185]","[-1.67924]","[3.09095]","[799422]","[-0.00104523]","[-1]","[11]","[1]","[0]","[3266.25]","[0.023691]","[2.51923]",266084,0.516269,1,"[132982]","[-0.887234]","[-1.19807]","[191412]","[0.999626]","[0]","[0]","[-0.724987]",0,"[]","[]","[]","[]","[]","[]","[]","[]","[]","[]",1,"[316595]","[-1.67358]","[3.09216]","[873622]","[4504.81]","[0]","[13.2336]","[0.498732]",0,"[]","[]","[]","[]","[]","[]","[]","[]","[]","[]",0,"[8058.49]",11670.7,"[3332.84]","[]","[15420.3]","[]"
30,284500,848543,364174,1.88691,223.639,3.71479e+06,0.696077,1.01378,1,1,1,0.997481,1.00936,1,1,0,0,1,"[1]","[1]","[333326]","[0.0584928]","[-1.153]","[333897]","[0.0405045]","[1]","[11]","[1]","[0]","[821.713]","[0.0038596]","[0.581221]",416586,2.10416,3,"[50631.1,37619.6,27541.5]","[-1.03845,-1.073,1.82894]","[0.111166,-1.07153,-1.58808]","[80886.1,61719.7,88051.9]","[0.998093,0.963895,0.997448]","[0,0,0]","[0,0,0]","[-0.592847,-0.456867,-0.85986]",0,"[]","[]","[]","[]","[]","[]","[]","[]","[]","[]",1,"[340012]","[0.096034]","[-1.15133]","[341623]","[5357.29]","[0]","[33.3069]","[-1]",0,"[]","[]","[]","[]","[]","[]","[]","[]","[]","[]",0,"[4270.56]",8319.09,"[2372.43,10863.6,3710.69]","[]","[9793.25]","[]"
31,284500,1036429,364174,1,223.639,3.71479e+06,0.402058,0.95061,0.998304,1,1,0.998138,0.95105,1,1,0,0,2,"[1,0]","[1,0]","[32093.6,13032.4]","[-0.714438,-2.38602]","[-1.93049,-1.16749]","[40638.6,71432]","[-104.088,-0.056087]","[-1,-1]","[11,13]","[1,1]","[0,0]","[-916.531,349.731]","[-0.0275238,0.0734645]","[2.45432,3.99817]",72522.6,3.13115,3,"[368632,343485,99930.2]","[-0.0799407,-0.998743,0.0926074]","[3.0465,-0.022331,0.0905199]","[376187,531937,100622]","[1,0.985897,0]","[0,0,0]","[0,0,0]","[-0.939677,-0.787693,-0.976129]",0,"[]","[]","[]","[]","[]","[]","[]","[]","[]","[]",2,"[336060,338031]","[-0.0720869,-1.00286]","[3.05172,-0.0245995]","[343114,525459]","[64829.7,53325]","[0,0]","[1.21593,1.3069]","[0.677186,0.44116]",0,"[]","[]","[]","[]","[]","[]","[]","[]","[]","[]",0,"[75.0772,76.8873]",5772.7,"[5233.73,4553.53,1968.74]","[]","[15589.3,6514.41]","[]"
32,284500,2820662,364174,-1,223.639,3.71479e+06,0.738662,0.97994,1,1,1,0.993094,1.00632,1,1,0,0,1,"[1]","[1]","[381873]","[0.420266]","[2.2316]","[416096]","[-0.00786781]","[-1]","[11]","[1]","[0]","[215.045]","[-0.0108767]","[1.89531]",303142,-0.836039,6,"[27696.3,27095.8,22828,21268.4,21234.1,20783.1]","[0.487445,-0.129783,2.41486,-0.11714,1.96838,0.986333]","[-0.487581,-0.859246,-1.89371,-0.334646,-2.53984,-1.54625]","[31464.7,27901.1,128799,21619.5,77575,32189.7]","[0.991454,0.999759,0.993983,0.72433,0.971366,0.706407]","[0,0,0,0,0,0]","[0,0,0,0,0,0]","[-0.846974,0.546655,-0.528145,-0.902149,-0.735453,-0.371076]",0,"[]","[]","[]","[]","[]","[]","[]","[]","[]","[]",1,"[398694]","[0.413969]","[2.23018]","[433347]","[-0.00195312]","[0]","[0]","[-1]",0,"[]","[]","[]","[]","[]","[]","[]","[]","[]","[]",0,"[3974.26]",16765.6,"[2164.61,3718.09,1722.54,1742.24,1764.72,1177.63]","[]","[17641.8]","[]"
33,284500,2820363,364174,-1,223.639,3.71479e+06,0.696077,0.96392,1,1,1,0.99712,1.01012,1,1,0,0,1,"[1]","[1]","[247068]","[1.86652]","[2.06081]","[817849]","[-0.0826378]","[1]","[11]","[1]","[1622.6]","[2163.85]","[-0.0259749]","[1.90776]",203444,-1.17331,2,"[38385.6,20961.5]","[2.12455,1.41341]","[0.247129,-1.50133]","[163025,45738.3]","[1,1]","[0,0]","[0,0]","[-0.835029,-0.905767]",0,"[]","[]","[]","[]","[]","[]","[]","[]","[]","[]",1,"[280716]","[1.85795]","[2.05858]","[921670]","[0.0110485]","[0]","[0]","[-1]",0,"[]","[]","[]","[]","[]","[]","[]","[]","[]","[]",0,"[2502.73]",291.984,"[2189.28,1169.72]","[]","[13826.4]","[]"
34,284500,1836698,364174,-1.03513,223.639,3.71479e+06,0.696077,0.97994,1,1,1,0.971528,1.00632,1,1,0,0,1,"[1]","[1]","[253505]","[0.561242]","[-0.651265]","[294491]","[-0.0818748]","[-1]","[11]","[1]","[1025.52]","[5865.49]","[0.00533177]","[0.53493]",296018,2.45802,1,"[38577.4]","[-1.35921]","[-1.55634]","[80392.9]","[0.99379]","[4]","[0]","[-0.939257]",0,"[]","[]","[]","[]","[]","[]","[]","[]","[]","[]",1,"[278913]","[0.535299]","[-0.651162]","[319857]","[3579.95]","[0]","[8.78716]","[-1]",0,"[]","[]","[]","[]","[]","[]","[]","[]","[]","[]",0,"[1560.11]",17241,"[1495.3]","[]","[20293.6]","[]"
35,284500,1670204,364174,1,223.639,3.71479e+06,0.506784,0.98413,1,1,1,0.958149,0.99866,1,1,0,0,1,"[1]","[1]","[115263]","[-0.914352]","[-1.76532]","[166896]","[0.0302582]","[-1]","[11]","[1]","[8976.23]","[57.1826]","[-0.0312003]","[3.97059]",69426.7,-1.71931,5,"[611610,272781,74874.1,42250.2,35359.7]","[1.10386,0.671981,-1.26988,0.936113,-0.457487]","[1.53468,-1.611,-1.49436,-1.14389,-1.97624]","[1.02402e+06,337274,143808,62683.3,39519.6]","[0.99968,0.994938,0.984787,0.989752,0.988291]","[0,0,4,0,0]","[0,0,0,0,0]","[-0.972769,-0.929596,-0.927101,-0.229156,-0.876542]",0,"[]","[]","[]","[]","[]","[]","[]","[]","[]","[]",2,"[595873,293136]","[1.10882,0.702949]","[1.5332,-1.58391]","[1.00137e+06,372880]","[12920.4,56384]","[0,0]","[5.52601,3.02235]","[0.1082,0.497155]",0,"[]","[]","[]","[]","[]","[]","[]","[]","[]","[]",0,"[768.717]",9345.97,"[18458.2,4609.16,9222.07,5758.35,3099.46]","[]","[21582.4,1652.25]","[]"
36,284500,1670232,364174,-1,223.639,3.71479e+06,1.24168,0.97994,1,1,1,0.976725,1.00632,1,1,0,0,1,"[1]","[1]","[371823]","[0.339243]","[-2.02298]","[393425]","[-0.00037384]","[1]","[11]","[1]","[0]","[121.884]","[-0.0174878]","[2.4267]",387807,1.00056,3,"[48922.1,24758.9,21336.5]","[-0.0050254,-2.38698,0.940197]","[2.78449,-0.987969,-2.46547]","[49334.8,135912,31745.6]","[1,0.968373,0.611881]","[0,4,4]","[0,0,0]","[-0.926197,-0.175685,-0.106222]",0,"[]","[]","[]","[]","[]","[]","[]","[]","[]","[]",1,"[385394]","[0.331345]","[-2.02338]","[406759]","[3342.8]","[0]","[0]","[-1]",0,"[]","[]","[]","[]","[]","[]","[]","[]","[]","[]",0,"[2730.2]",1081.19,"[6521.04,3213.37,884.07]","[]","[20326.3]","[]"
37,284500,2242015,364174,1,223.639,3.71479e+06,0.553627,0.96392,1,1,1,0.999397,1.01012,1,1,0,0,1,"[0]","[1]","[305032]","[1.92008]","[-2.00844]","[1.06275e+06]","[-0.188912]","[-1]","[11]","[1]","[0]","[-2218.93]","[-0.0657292]","[3.53552]",271363,0.813675,1,"[119500]","[1.3223]","[2.22181]","[240444]","[0.998152]","[0]","[0]","[-0.878783]",0,"[]","[]","[]","[]","[]","[]","[]","[]","[]","[]",1,"[320211]","[1.92104]","[-2.00959]","[1.11666e+06]","[0]","[0]","[0]","[-1]",0,"[]","[]","[]","[]","[]","[]","[]","[]","[]","[]",0,"[4638.08]",980.844,"[3857.53]","[]","[15659.8]","[]"
38,284500,2333036,364174,-1,223.639,3.71479e+06,1.26205,0.96787,1,1,1,1.54644,0.98743,1,1,0,0,1,"[1]","[1]","[104295]","[-0.0327464]","[-3.10969]","[104351]","[-0.00725937]","[1]","[11]","[1]","[0]","[919.416]","[-0.0134817]","[1.77023]",15995,0.954452,3,"[256859,242026,103355]","[-1.68639,-2.30298,0.289114]","[-1.90213,1.25883,0.169511]","[717397,1.22301e+06,107961]","[0,0,0.998895]","[0,0,4]","[0,0,0]","[-0.805434,-0.919756,0.834229]",0,"[]","[]","[]","[]","[]","[]","[]","[]","[]","[]",1,"[261985]","[-1.74692]","[-1.9148]","[777089]","[65510.9]","[0]","[2.39576]","[0.764536]",0,"[]","[]","[]","[]","[]","[]","[]","[]","[]","[]",0,"[349.679]",7127.23,"[4931.46,8487.38,1968.52]","[]","[3735.47]","[]"
39,284500,2242958,364174,1,223.639,3.71479e+06,0,0.97553,1,1,1,0.998139,1.01265,1,1,0,0,1,"[1]","[1]","[100265]","[1.71426]","[-1.65406]","[287393]","[-0.0957947]","[1]","[11]","[1]","[0]","[-1167.81]","[-0.0414246]","[2.1857]",106027,-2.23775,1,"[30302.4]","[2.27123]","[-1.93699]","[148500]","[0.994269]","[0]","[0]","[-0.900619]",0,"[]","[]","[]","[]","[]","[]","[]","[]","[]","[]",1,"[250047]","[0.839075]","[1.20481]","[346837]","[49017.9]","[0]","[1.02918]","[0.506227]",0,"[]","[]","[]","[]","[]","[]","[]","[]","[]","[]",0,"[1480.01]",7006.99,"[3637.21]","[]","[0]","[]"
40,284500,2975589,364174,1.20163,223.639,3.71479e+06,1.26205,1.00588,1,1,1,1.34458,1.00306,1,1,0,0,1,"[1]","[1]","[237606]","[1.05624]","[2.70873]","[382939]","[-0.0391569]","[1]","[11]","[1]","[0]","[3251.21]","[0.00393028]","[0.548721]",223514,-0.589111,1,"[31096.6]","[1.44622]","[0.808888]","[70044.2]","[0.982118]","[4]","[0]","[0.836873]",0,"[]","[]","[]","[]","[]","[]","[]","[]","[]","[]",1,"[268119]","[1.06173]","[2.70882]","[434010]","[5090.63]","[0]","[7.46653]","[0.393381]",0,"[]","[]","[]","[]","[]","[]","[]","[]","[]","[]",0,"[2545.37]",41460.1,"[3641.43]","[]","[2329.81]","[]"
41,284500,1453144,364174,1,223.639,3.71479e+06,0.934886,0.98697,1,1,1,0.975985,1.00582,1,1,0,0,1,"[1]","[1]","[302607]","[-0.281918]","[1.28492]","[314712]","[0.141537]","[1]","[11]","[1]","[0]","[-510.444]","[-0.0148859]","[0.934975]",293424,-1.84838,1,"[40752.9]","[-2.41244]","[-0.33759]","[229313]","[0.989534]","[4]","[0]","[-0.575367]",0,"[]","[]","[]","[]","[]","[]","[]","[]","[]","[]",1,"[310291]","[-0.306646]","[1.28716]","[324996]","[927.33]","[0]","[0]","[-1]",0,"[]","[]","[]","[]","[]","[]","[]","[]","[]","[]",0,"[2539.01]",518.625,"[2485.05]","[]","[12172.2]","[]"
42,284500,2245874,364174,-1.51707,223.639,3.71479e+06,1.25133,0.97994,1,1,1,0.978065,1.00632,1,1,0,0,1,"[1]","[1]","[307870]","[0.567009]","[-0.828482]","[358701]","[-0.0311718]","[-1]","[11]","[1]","[0]","[-788.397]","[0.00686842]","[0.651534]",240888,2.62933,3,"[52129.1,28762.4,27285.1]","[-0.637783,-0.540989,-1.16385]","[1.92372,1.17276,1.59003]","[63646.4,33482.5,48169.5]","[0.984638,0.96882,0.951598]","[0,4,0]","[0,0,0]","[-0.846679,0.568598,-0.921036]",0,"[]","[]","[]","[]","[]","[]","[]","[]","[]","[]",1,"[316708]","[0.567239]","[-0.82801]","[369041]","[0]","[0]","[0]","[-1]",0,"[]","[]","[]","[]","[]","[]","[]","[]","[]","[]",0,"[1820.93]",185.969,"[2263.85,1164.73,2094.71]","[]","[10650.8]","[]"
43,284500,998612,364174,-3.7468,223.639,3.71479e+06,1.21412,0.97996,1,1,1,0.996689,1.01265,1,1,0,0,1,"[1]","[1]","[228339]","[1.77692]","[2.22975]","[694238]","[-0.0423679]","[1]","[11]","[1]","[0]","[10259]","[0.0152186]","[1.68459]",177885,-1.00609,2,"[37546.4,27766.8]","[2.29753,-1.35575]","[0.33037,-1.05098]","[188757,57577.7]","[0.99487,0.992406]","[0,0]","[0,0]","[0.139122,0.00093025]",0,"[]","[]","[]","[]","[]","[]","[]","[]","[]","[]",1,"[255585]","[1.77984]","[2.22383]","[779239]","[4564.63]","[0]","[11.2181]","[0.135592]",0,"[]","[]","[]","[]","[]","[]","[]","[]","[]","[]",0,"[4383.68]",13235.8,"[6359.11,3909.89]","[]","[9879.17]","[]"
44,284500,3594700,364174,-1,223.639,3.71479e+06,0.696077,0.99211,1,1,1,0.9993,0.9918,1,1,0,0,1,"[1]","[1]","[277101]","[-0.813737]","[2.65985]","[374020]","[-0.0526886]","[-1]","[11]","[1]","[0]","[2601.09]","[-0.000893995]","[0.115115]",329019,-0.333806,1,"[78802.9]","[-1.91888]","[-2.55318]","[274338]","[0.998027]","[0]","[0]","[-0.828006]",0,"[]","[]","[]","[]","[]","[]","[]","[]","[]","[]",1,"[305655]","[-0.783213]","[2.66728]","[404307]","[3265.19]","[0]","[24.7026]","[-1]",0,"[]","[]","[]","[]","[]","[]","[]","[]","[]","[]",0,"[1851.59]",6221.41,"[3664.12]","[]","[12909.9]","[]"
45,284500,2827835,364174,1,223.639,3.71479e+06,1.22586,1.00588,1,1,1,0.960858,1.00306,1,1,0,0,1,"[1]","[1]","[255740]","[0.930899]","[1.73611]","[374785]","[-0.0596848]","[1]","[11]","[1]","[0]","[-210.313]","[-0.00160399]","[0.186487]",252440,-1.77642,2,"[78212.2,33107.5]","[0.914211,-1.05223]","[0.3083,-0.983112]","[113522,53664.7]","[0.995848,0.989014]","[4,0]","[0,0]","[-0.440736,-0.464101]",0,"[]","[]","[]","[]","[]","[]","[]","[]","[]","[]",1,"[294875]","[0.902509]","[1.7325]","[423342]","[0.00390625]","[0]","[0]","[-1]",0,"[]","[]","[]","[]","[]","[]","[]","[]","[]","[]",0,"[2486.95]",546.688,"[5710.14,5267.49]","[]","[11295.9]","[]"
46,284500,2549592,364174,1,223.639,3.71479e+06,0.738662,0.97738,1,1,1,0.998493,1,1,1,0,0,1,"[1]","[1]","[67544.3]","[0.208776]","[-2.3016]","[69021.7]","[0.0228963]","[1]","[11]","[0]","[0]","[2128.73]","[-0.105566]","[5.05444]",123151,2.53246,3,"[210896,83627.1,63932.6]","[-0.0130548,1.23712,0.0651938]","[-0.258926,2.57956,-0.991707]","[212423,156938,64715.3]","[0.99886,0.998146,0.909234]","[0,0,0]","[0,0,0]","[-0.897894,-0.715725,-0.611095]",0,"[]","[]","[]","[]","[]","[]","[]","[]","[]","[]",1,"[274827]","[0.00109533]","[-0.426638]","[289266]","[90249.5]","[0]","[1.1875]","[0.617342]",0,"[]","[]","[]","[]","[]","[]","[]","[]","[]","[]",0,"[140.983]",14303.2,"[3026.8,8531.85,2101.83]","[]","[12049.5]","[]"
47,284500,2436501,364174,1,223.639,3.71479e+06,1.55465,0.97245,1,1,1,0.959961,0.99544,1,1,0,0,1,"[1]","[1]","[92617.3]","[1.27036]","[2.82413]","[177957]","[-99.8446]","[-1]","[11]","[1]","[0]","[1086.09]","[0.0184101]","[1.71976]",38775.1,2.66699,6,"[285272,149633,132667,117817,71634.9,31338]","[-0.644802,0.449297,0.724852,0.175677,0.733918,0.0536272]","[-2.48348,-0.155642,0.588622,0.489889,-3.09805,1.40863]","[347739,165607,170369,120227,92959,31454]","[1,0.0658019,0.989953,1,0.998944,0.936938]","[0,4,0,0,0,0]","[0,0,0,0,0,0]","[-0.831873,-0.886408,-0.8991,-0.863967,-0.82581,-0.838642]",0,"[]","[]","[]","[]","[]","[]","[]","[]","[]","[]",2,"[356692,280934]","[0.520368,-0.60337]","[0.250197,-2.49474]","[431570,334420]","[146109,22795.1]","[0,0]","[1.10312,1.99754]","[0.298049,0.484744]",0,"[]","[]","[]","[]","[]","[]","[]","[]","[]","[]",0,"[739.137]",1002.36,"[4338.47,4697.51,5696.46,4300.91,2252.33,2218.17]","[]","[4116.03,11905.5]","[]"
48,284500,5022436,364174,1.09524,223.639,3.71479e+06,1.26205,0.96323,1,1,1,0.995768,1.00493,1,1,0,0,1,"[1]","[1]","[177398]","[-1.29731]","[-2.62872]","[348828]","[-0.0308037]","[1]","[11]","[1]","[1196.32]","[-675.656]","[0.00680161]","[1.0183]",242473,0.588292,4,"[113204,32943.7,28423.2,21815.4]","[-1.87802,-0.183935,2.28853,0.0383236]","[-2.05995,0.456773,1.80816,1.84968]","[379308,34015.6,141629,22195]","[0.996928,0.998667,0.990329,0.999969]","[0,0,0,0]","[0,0,0,0]","[-0.609519,-0.152572,-0.951689,-0.901337]",0,"[]","[]","[]","[]","[]","[]","[]","[]","[]","[]",1,"[283484]","[-1.57526]","[-2.42997]","[723301]","[114197]","[0]","[0.679147]","[0.695626]",0,"[]","[]","[]","[]","[]","[]","[]","[]","[]","[]",0,"[1854.55]",4436.17,"[9428.99,1885.6,3479.16,1629.32]","[]","[31107.6]","[]"
49,284500,5423449,364174,1.0376,223.639,3.71479e+06,1.25133,0.94707,1,1,1,0.915766,0,1,1,0,0,1,"[1]","[1]","[25062.2]","[-0.867328]","[-2.11517]","[35094.8]","[-0.031456]","[1]","[11]","[1]","[0]","[114.451]","[-6.26695e-05]","[0.00497037]",52326.8,-0.673765,4,"[257176,244304,37221.2,20145.4]","[0.862092,-0.263952,-0.333569,2.04973]","[2.15908,-0.968564,1.19128,2.4678]","[359691,254427,40356.4,79675.7]","[0.997869,1,0.963588,0.964596]","[4,4,0,0]","[0,0,0,0]","[0.0719626,-0.455822,-0.827165,-0.693063]",0,"[]","[]","[]","[]","[]","[]","[]","[]","[]","[]",2,"[255119,256579]","[-0.238807,0.877461]","[-0.976266,2.15697]","[263647,362759]","[25317.8,25568.6]","[0,0]","[2.34292,2.73132]","[0.793468,0.704222]",0,"[]","[]","[]","[]","[]","[]","[]","[]","[]","[]",0,"[68.4583]",2159.6,"[3959.81,6995.37,2286.67,1078.83]","[]","[47.5938,5252.91]","[]"
50,284500,3616261,364174,1,223.639,3.71479e+06,0.923924,0.96203,1,1,1,0.963997,1.01508,1,1,0,0,1,"[0]","[1]","[161896]","[-1.70486]","[-0.602688]","[459980]","[-0.00840735]","[-1]","[11]","[1]","[7506.47]","[1476.96]","[0.019418]","[1.86236]",123134,-0.0920599,2,"[476806,137846]","[-0.89129,1.33747]","[2.82322,-0.364644]","[682267,281123]","[0.992529,0.998941]","[4,0]","[0,0]","[-0.396243,-0.962539]",0,"[]","[]","[]","[]","[]","[]","[]","[]","[]","[]",1,"[513709]","[-0.889932]","[2.82019]","[734385]","[71279.5]","[0]","[1.86797]","[0.828539]",0,"[]","[]","[]","[]","[]","[]","[]","[]","[]","[]",0,"[3701.09]",22634.8,"[6071.66,13876]","[]","[24488]","[]"
51,284500,1178506,364174,1.09931,223.639,3.71479e+06,1.1961,1.00588,1,1,1,0.999681,1.00306,1,1,0,0,1,"[1]","[1]","[238774]","[0.980232]","[-2.60609]","[362972]","[0.0490303]","[-1]","[11]","[1]","[0]","[3125.98]","[0.00358432]","[0.593188]",186096,0.604678,1,"[40503.2]","[-0.866362]","[0.729374]","[57039.1]","[0.991949]","[0]","[0]","[-0.763564]",0,"[]","[]","[]","[]","[]","[]","[]","[]","[]","[]",1,"[259682]","[0.96442]","[-2.60523]","[390104]","[993.421]","[0]","[65.4761]","[-1]",0,"[]","[]","[]","[]","[]","[]","[]","[]","[]","[]",0,"[2353.97]",4034.19,"[4552.55]","[]","[128.844]","[]"
52,284500,866080,364174,1,223.639,3.71479e+06,0.934886,0.99242,1,1,1,0.995977,0.99765,1,1,0,0,1,"[1]","[1]","[171491]","[0.697313]","[0.310401]","[214902]","[0.0167084]","[-1]","[11]","[1]","[0]","[270.275]","[0.0264799]","[2.93082]",30073.5,0.377733,5,"[175927,91310,83199.1,44460.1,22924.1]","[-1.31945,0.854178,1.45346,0.0882323,1.29977]","[2.28086,-0.490692,-2.50219,-1.61499,-0.911714]","[352896,127315,187850,45274,45474.2]","[0.992039,0.999578,0.999536,0.99,0.978751]","[0,0,0,0,0]","[0,0,0,0,0]","[-0.941525,-0.814672,-0.96385,-0.852176,0.11889]",0,"[]","[]","[]","[]","[]","[]","[]","[]","[]","[]",1,"[260538]","[0.834338]","[0.0244997]","[373313]","[110435]","[0]","[0.601101]","[0.761311]",0,"[]","[]","[]","[]","[]","[]","[]","[]","[]","[]",0,"[1093.04]",26350.4,"[6451.51,2492.87,4343.73,4010.19,1931.49]","[]","[5023.53]","[]"
53,284500,2124275,364174,-1,223.639,3.71479e+06,1.74563,0.98697,1,1,1,0.957262,1.00582,1,1,0,0,1,"[1]","[1]","[348109]","[-0.146323]","[-2.30937]","[351842]","[-0.0698376]","[1]","[11]","[1]","[0]","[-43.132]","[-0.00640928]","[0.987213]",403471,0.830058,3,"[71664.3,21524.2,20587.3]","[0.81949,0.209077,2.43346]","[-2.90638,-1.04868,-0.360236]","[97528.6,22518.3,118314]","[0.989776,0.984917,0.0234887]","[4,0,0]","[0,0,0]","[-0.872302,-0.855535,-0.407546]",0,"[]","[]","[]","[]","[]","[]","[]","[]","[]","[]",1,"[361928]","[-0.157272]","[-2.31062]","[366414]","[0.00138107]","[0]","[0]","[-1]",0,"[]","[]","[]","[]","[]","[]","[]","[]","[]","[]",0,"[7846.6]",2043.72,"[1646.49,3595.39,1936.72]","[]","[1841.53]","[]"
54,284500,1997869,364174,1,223.639,3.71479e+06,1.32095,0.97435,1,1,1,0.997874,0.98425,1,1,0,0,1,"[1]","[1]","[47170.4]","[0.469796]","[-2.02557]","[52472.3]","[22.7792]","[-1]","[11]","[1]","[0]","[3688.5]","[0.00284302]","[0.331655]",57570.7,-1.21174,4,"[372952,345801,102658,72350.4]","[2.10422,0.375293,1.79761,-0.654135]","[-2.12588,0.76873,1.91967,1.7242]","[1.55251e+06,373144,318368,88897]","[0.99,0.999894,0.999058,0]","[0,0,0,0]","[0,0,0,0]","[-0.584728,-0.911426,0.225423,-0.855446]",0,"[]","[]","[]","[]","[]","[]","[]","[]","[]","[]",1,"[335642]","[0.397131]","[0.767072]","[365077]","[43640.7]","[0]","[1.28516]","[0.620028]",0,"[]","[]","[]","[]","[]","[]","[]","[]","[]","[]",0,"[29.717]",930.027,"[7224.44,5692.25,5780.92,2439.4]","[]","[25467.3]","[]"
55,284500,2989323,364174,1,223.639,3.71479e+06,1.32095,1.01378,1,1,1,0.961867,1.00936,1,1,0,0,1,"[0]","[1]","[207755]","[0.0595516]","[2.06085]","[208124]","[-0.127457]","[1]","[11]","[1]","[0]","[2143.19]","[-0.000357044]","[0.0578045]",94407.4,1.0924,4,"[474646,123462,59518.7,58376.1]","[0.403756,-0.233274,-1.64676,-0.598534]","[-1.12769,2.50778,1.91213,2.29117]","[515358,127509,160333,69509.6]","[0.981517,0.992772,0.990848,1]","[0,0,0,4]","[0,0,0,0]","[-0.8874,-0.910319,-0.61026,-0.873115]",0,"[]","[]","[]","[]","[]","[]","[]","[]","[]","[]",2,"[448528,368001]","[0.421972,-0.0864675]","[-1.12755,2.22273]","[490852,387769]","[41951.4,118005]","[0,0]","[2.12457,0.988716]","[0.642674,0.253857]",0,"[]","[]","[]","[]","[]","[]","[]","[]","[]","[]",0,"[1506.57]",1735.95,"[8888.97,2076.76,3119.51,2288.28]","[]","[10343.7,1718.53]","[]"
56,284500,1396941,364174,1,223.639,3.71479e+06,1.32095,0.98697,1,1,1,0.997657,1.00582,1,1,0,0,1,"[0]","[1]","[161725]","[-0.129362]","[1.4411]","[163080]","[0.123419]","[1]","[11]","[1]","[6766.32]","[10148]","[-0.00610925]","[1.07043]",24633.7,-2.04943,4,"[361897,45766.5,34977.4,21932.5]","[-1.47141,-0.925619,-0.486943,-0.0241676]","[-1.72878,1.46998,1.04442,0.785345]","[830556,67008,39644.6,22108.3]","[0.991975,0.988367,0.896137,0.962153]","[0,0,0,0]","[0,0,0,0]","[-0.875146,-0.947821,-0.962972,-0.924094]",0,"[]","[]","[]","[]","[]","[]","[]","[]","[]","[]",1,"[361201]","[-1.47075]","[-1.73251]","[828215]","[33084.4]","[0]","[2.15003]","[0.765369]",0,"[]","[]","[]","[]","[]","[]","[]","[]","[]","[]",0,"[1006.25]",7160.53,"[20712.9,2104.63,3380.03,1644.4]","[]","[18219.7]","[]"
57,284500,2168743,364174,1,223.639,3.71479e+06,0.553627,0.97577,1,1,1,0.959388,1.00531,1,1,0,0,1,"[1]","[1]","[61637.1]","[0.0273042]","[2.0609]","[61660.1]","[0.00632477]","[1]","[11]","[1]","[0]","[-1330.18]","[-0.009549]","[0.81768]",95590.4,-2.39824,3,"[181770,69744.8,64315.7]","[0.815027,0.972036,-0.164794]","[1.85337,-0.220559,-1.28508]","[246644,105730,66546]","[0,0.999332,0.72385]","[0,0,4]","[0,0,0]","[-0.971098,-0.830948,-0.667812]",0,"[]","[]","[]","[]","[]","[]","[]","[]","[]","[]",1,"[265179]","[0.616394]","[1.90334]","[326977]","[79476.6]","[0]","[1.05566]","[0.673321]",0,"[]","[]","[]","[]","[]","[]","[]","[]","[]","[]",0,"[239.323]",8031.49,"[6776.63,6898.52,1279.09]","[]","[0]","[]"
58,284500,2221474,364174,1,223.639,3.71479e+06,1.22586,0.99211,1,1,1,0.974319,0.9918,1,1,0,0,1,"[1]","[1]","[251609]","[-0.714048]","[0.59993]","[318524]","[-0.00669098]","[1]","[11]","[1]","[0]","[-301.696]","[0.0162754]","[2.60986]",172725,-2.15054,2,"[79322.4,32774.9]","[1.15575,0.692333]","[3.06454,-3.04837]","[138677,41357.9]","[0.963566,0.993691]","[0,4]","[0,0]","[-0.943146,-0.953519]",0,"[]","[]","[]","[]","[]","[]","[]","[]","[]","[]",1,"[263460]","[-0.691443]","[0.602774]","[328989]","[0.00617632]","[0]","[0]","[-1]",0,"[]","[]","[]","[]","[]","[]","[]","[]","[]","[]",0,"[1550.1]",1653.02,"[2241.49,2958.43]","[]","[0]","[]"
59,284500,2816585,364174,1,223.639,3.71479e+06,1.1961,0.99093,1,1,1,1.48813,1.00306,1,1,0,0,1,"[1]","[1]","[86792.9]","[0.783473]","[-1.22976]","[114822]","[-0.0356674]","[1]","[11]","[1]","[0]","[395.06]","[0.0213292]","[3.07591]",19761.8,2.63778,3,"[265483,252732,54035.8]","[-0.577,1.42817,1.245]","[1.89589,-1.24769,1.8999]","[311242,557846,102241]","[1,0.999933,0.986438]","[0,4,0]","[0,0,0]","[-0.716778,0.933783,-0.824258]",0,"[]","[]","[]","[]","[]","[]","[]","[]","[]","[]",2,"[322604,287277]","[1.30612,-0.534189]","[-1.24316,1.89616]","[646902,329458]","[99581,11713]","[0,0]","[0.747146,1.6906]","[0.730572,0.188293]",0,"[]","[]","[]","[]","[]","[]","[]","[]","[]","[]",0,"[350.237]",4121.11,"[3017,8969.54,2429.14]","[]","[13274.4,23236.4]","[]"
60,284500,3634135,364174,1,223.639,3.71479e+06,0.619412,0.96988,1,1,1,0.956524,1.00441,1,1,0,0,1,"[1]","[1]","[66344.6]","[1.77052]","[-0.863214]","[200498]","[0.0384102]","[1]","[11]","[1]","[0]","[64.6196]","[-0.0166088]","[1.7767]",56270.5,-2.69432,5,"[230468,188912,67281.1,63634.7,25327.1]","[-1.05509,0.37025,0.766204,1.82399,2.30867]","[0.720713,-2.36245,3.05591,0.816291,-2.97056]","[372586,203676,88665.7,202361,128783]","[0,0.0053234,0.972703,0.756374,0.987994]","[0,0,0,4,0]","[0,0,0,0,0]","[-0.787376,-0.983336,-0.572277,-0.974075,-0.857659]",0,"[]","[]","[]","[]","[]","[]","[]","[]","[]","[]",1,"[288088]","[0.58632]","[-2.58394]","[358651]","[116968]","[0]","[1.23017]","[0.525576]",0,"[]","[]","[]","[]","[]","[]","[]","[]","[]","[]",0,"[806.332]",38575.3,"[3437.45,4765.88,2904.04,1808.95,35449.9]","[]","[14110.4]","[]"
61,284500,3254741,364174,-1,223.639,3.71479e+06,1.25133,0.97994,1,1,1,0.985351,1.00632,1,1,0,0,1,"[1]","[1]","[273351]","[0.408624]","[-0.670294]","[296492]","[0.00196075]","[1]","[11]","[1]","[0]","[250.706]","[-0.053301]","[4.4649]",209288,2.79727,3,"[79549.3,48347.8,21261.3]","[-0.362204,0.557708,0.142475]","[2.01369,0.41916,-2.99739]","[85168.3,56840.7,21796.7]","[0.994078,0.704952,0.973466]","[0,0,4]","[0,0,0]","[-0.932797,-0.249513,-0.881137]",0,"[]","[]","[]","[]","[]","[]","[]","[]","[]","[]",1,"[294428]","[0.351735]","[-0.666926]","[312833]","[1314.47]","[0]","[0]","[-1]",0,"[]","[]","[]","[]","[]","[]","[]","[]","[]","[]",0,"[1649.07]",11138.8,"[2239.07,3158.18,1181.89]","[]","[14779.5]","[]"
62,284500,5217474,364174,1,223.639,3.71479e+06,0.619412,0.97553,1,1,1,0.962793,1.01265,1,1,0,0,1,"[0]","[1]","[96863.2]","[1.56128]","[3.04884]","[240937]","[-0.0496292]","[-1]","[11]","[1]","[1678.79]","[-969.965]","[0.0159556]","[0.812465]",34808.6,-1.59782,4,"[344715,156399,99541.3,51114.9]","[-0.480332,0.224673,2.49918,1.85416]","[0.155878,-3.11593,-3.05207,-2.01845]","[385790,161590,610068,167378]","[0.991631,0.988555,1,1]","[0,0,0,4]","[0,0,0,0]","[-0.965506,-0.73251,-0.498453,-0.316221]",0,"[]","[]","[]","[]","[]","[]","[]","[]","[]","[]",1,"[336197]","[-0.459926]","[0.150893]","[372727]","[15937.4]","[0]","[5.0055]","[0.405287]",0,"[]","[]","[]","[]","[]","[]","[]","[]","[]","[]",0,"[1693.35]",6507.07,"[4143.37,4702.09,8997.63,5572.18]","[]","[18414.5]","[]"
63,284500,3689299,364174,1,223.639,3.71479e+06,0.619412,0.97435,1,1,1,0.99292,0.98425,1,1,0,0,1,"[0]","[1]","[46126.5]","[0.144091]","[3.08746]","[46606.2]","[-0.0236359]","[-1]","[11]","[1]","[0]","[525.387]","[0.0221021]","[2.33495]",341592,2.37658,3,"[745198,216998,160423]","[-1.65314,0.675845,1.46167]","[-0.648668,2.66421,2.40232]","[2.01792e+06,271738,366577]","[0.995568,1,0.993539]","[0,0,0]","[0,0,0]","[-0.966039,-0.614823,-0.42691]",0,"[]","[]","[]","[]","[]","[]","[]","[]","[]","[]",2,"[709449,396647]","[-1.6704,0.952317]","[-0.650091,2.63752]","[1.95205e+06,637509]","[27710.8,240219]","[0,0]","[5.17627,1.32754]","[0.639697,0.651263]",0,"[]","[]","[]","[]","[]","[]","[]","[]","[]","[]",0,"[82.0481]",172.969,"[11844.3,4942.97,3482.27]","[]","[51000.2,17269.8]","[]"
64,284500,3703969,364174,0.712032,223.639,3.71479e+06,1.55465,0.98697,1,1,1,0.999218,1.00582,1,1,0,0,1,"[1]","[1]","[238298]","[-0.405016]","[-1.95424]","[258112]","[0.00703239]","[1]","[11]","[1]","[0]","[-191.703]","[0.00649344]","[0.836437]",233854,1.57053,1,"[25887.3]","[0.705604]","[2.57891]","[32785.5]","[0.993891]","[0]","[0]","[-0.918881]",0,"[]","[]","[]","[]","[]","[]","[]","[]","[]","[]",1,"[251485]","[-0.420476]","[-1.95216]","[274048]","[1036.33]","[0]","[0]","[-1]",0,"[]","[]","[]","[]","[]","[]","[]","[]","[]","[]",0,"[2575.96]",1057.5,"[1913.27]","[]","[0]","[]"
65,284500,6790231,364174,1,223.639,3.71479e+06,0.738662,0.97429,1,1,1,0.960059,0.98653,1,1,0,0,1,"[1]","[1]","[59779.2]","[0.0593588]","[0.770053]","[59884.5]","[0.0723801]","[-1]","[11]","[1]","[0]","[1000.16]","[-0.00672168]","[0.872025]",83055.5,-2.74389,2,"[281185,267451]","[1.06522,-0.206403]","[-1.83917,1.27583]","[456458,273520]","[0.990881,0.999115]","[4,0]","[0,0]","[-0.922682,-0.763607]",0,"[]","[]","[]","[]","[]","[]","[]","[]","[]","[]",2,"[333993,287067]","[-0.117801,1.0929]","[1.18873,-1.83824]","[347243,476313]","[86434.6,6807.94]","[0,0]","[0.820366,13.2012]","[0.690734,0.279341]",0,"[]","[]","[]","[]","[]","[]","[]","[]","[]","[]",0,"[229.662]",248.117,"[3383.25,3880.51]","[]","[27212.5,4057.47]","[]"
66,284500,6790105,364174,-1,223.639,3.71479e+06,0.738662,0.99242,1,1,1,0.997235,0.99765,1,1,0,0,1,"[1]","[1]","[249981]","[0.693163]","[1.18417]","[312480]","[0.0202799]","[1]","[11]","[1]","[3233.83]","[-761.691]","[-0.00306661]","[0.467227]",111447,-1.87789,2,"[105184,21464.5]","[2.2182,2.35025]","[-2.17138,-1.73632]","[489292,113624]","[0.998143,0.998264]","[0,0]","[0,0]","[-0.951011,-0.936363]",0,"[]","[]","[]","[]","[]","[]","[]","[]","[]","[]",1,"[256199]","[0.694768]","[1.18516]","[320565]","[1699.58]","[0]","[0]","[-1]",0,"[]","[]","[]","[]","[]","[]","[]","[]","[]","[]",0,"[2078.13]",1050.71,"[2656.39,1777.51]","[]","[5088.45]","[]"
67,284500,4139336,364174,1,223.639,3.71479e+06,0.619412,0.98413,1,1,1,0.998902,0.99866,1,1,0,0,1,"[1]","[1]","[87088.3]","[-1.02905]","[-0.69812]","[137415]","[0.0483227]","[-1]","[11]","[1]","[0]","[422.112]","[-0.0065171]","[0.59415]",118500,0.240414,2,"[251746,93268.2]","[-0.867526,1.15284]","[2.80058,-0.58691]","[355120,162898]","[0.907654,0]","[0,0]","[0,0]","[-0.873993,0.65735]",0,"[]","[]","[]","[]","[]","[]","[]","[]","[]","[]",1,"[280736]","[-0.855196]","[2.80103]","[391403]","[35317.9]","[0]","[1.1378]","[0.790407]",0,"[]","[]","[]","[]","[]","[]","[]","[]","[]","[]",0,"[376.417]",4003.05,"[4216.75,4830.91]","[]","[11363.8]","[]"
68,284500,8105989,364174,1,223.639,3.71479e+06,0.619412,0.96896,1,1,1,0.959233,0.97492,1,1,0,0,1,"[1]","[1]","[47379.2]","[-0.0616268]","[1.83913]","[47469.2]","[0.0260026]","[1]","[11]","[1]","[0]","[-393.045]","[-0.0167138]","[2.1512]",84995.7,0.0877143,2,"[388475,305113]","[-0.69899,-0.351948]","[-2.51572,0.618547]","[487612,324760]","[0.997353,1]","[4,0]","[0,0]","[0.0340159,-0.7187]",0,"[]","[]","[]","[]","[]","[]","[]","[]","[]","[]",2,"[389853,312655]","[-0.701048,-0.355478]","[-2.51647,0.6184]","[489742,332986]","[9912.54,15646.7]","[0,0]","[5.34965,5.86031]","[-1,0.375875]",0,"[]","[]","[]","[]","[]","[]","[]","[]","[]","[]",0,"[99.7665]",4424.31,"[5094.43,4110.33]","[]","[14584.6,1191.22]","[]"
69,284500,4952008,364174,-1,223.639,3.71479e+06,1.55465,0.99211,1,1,1,0.999483,0.9918,1,1,0,0,1,"[1]","[1]","[255699]","[-0.653358]","[0.10965]","[312244]","[0.0143776]","[1]","[11]","[1]","[0]","[-596.633]","[0.0174405]","[3.28411]",228734,2.91827,1,"[95585.3]","[1.28618]","[-1.99368]","[186301]","[0.993905]","[0]","[0]","[0.733662]",0,"[]","[]","[]","[]","[]","[]","[]","[]","[]","[]",1,"[260517]","[-0.687253]","[0.109364]","[324500]","[0.00478416]","[0]","[0]","[-1]",0,"[]","[]","[]","[]","[]","[]","[]","[]","[]","[]",0,"[1730.64]",848.656,"[4669.89]","[]","[12476.6]","[]"
70,284500,9154991,364174,-1.02245,223.639,3.71479e+06,1.24168,0.97994,1,1,1,0.997584,1.00632,1,1,0,0,1,"[1]","[1]","[399433]","[0.503373]","[1.55509]","[451115]","[-0.0886002]","[1]","[11]","[1]","[0]","[1402.75]","[-0.0226991]","[4.1219]",391393,-1.45674,2,"[69923.2,29630.3]","[-2.03136,1.89437]","[-2.37853,1.29113]","[271234,100779]","[0.99143,1]","[0,0]","[0,0]","[-0.894884,-0.662388]",0,"[]","[]","[]","[]","[]","[]","[]","[]","[]","[]",1,"[416690]","[0.487551]","[1.54811]","[467206]","[1310.91]","[0]","[0]","[-1]",0,"[]","[]","[]","[]","[]","[]","[]","[]","[]","[]",0,"[2417.96]",4799.69,"[4552.33,3216.35]","[]","[8759.44]","[]"
71,284500,8811411,364174,0.737816,223.639,3.71479e+06,1.21412,0.97994,1,1,1,0.973613,1.00632,1,1,0,0,1,"[1]","[1]","[280000]","[0.506603]","[-0.307588]","[316706]","[0.0733166]","[1]","[11]","[1]","[0]","[-697.818]","[-0.0178962]","[2.16841]",193259,2.34331,2,"[73305,35477.1]","[-1.45077,-0.0444319]","[-2.76705,2.98313]","[165154,36017.8]","[0.996603,0.9973]","[0,4]","[0,0]","[-0.895869,-0.791722]",0,"[]","[]","[]","[]","[]","[]","[]","[]","[]","[]",1,"[288751]","[0.498053]","[-0.316941]","[325311]","[0.00338291]","[0]","[0]","[-1]",0,"[]","[]","[]","[]","[]","[]","[]","[]","[]","[]",0,"[2116.25]",6792.78,"[4931.7,1833.33]","[]","[2393.12]","[]"
72,284500,1733943,364174,1,223.639,3.71479e+06,1.55465,0.98697,1,1,1,0.959469,1.00582,1,1,0,0,1,"[1]","[1]","[418612]","[-0.39561]","[0.633528]","[451799]","[0.0147038]","[1]","[11]","[1]","[0]","[-1075.61]","[0.00742534]","[1.18087]",428565,-2.33299,1,"[83099.7]","[1.97423]","[2.22221]","[305071]","[0.99044]","[4]","[0]","[-0.46623]",0,"[]","[]","[]","[]","[]","[]","[]","[]","[]","[]",1,"[426151]","[-0.413868]","[0.632855]","[463172]","[0.00478416]","[0]","[0]","[-1]",0,"[]","[]","[]","[]","[]","[]","[]","[]","[]","[]",0,"[2758.38]",794.312,"[5567.17]","[]","[4972.84]","[]"
73,284500,8404669,364174,1,223.639,3.71479e+06,1.21412,0.98536,1,1,1,0.998093,0.9918,1,1,0,0,1,"[1]","[1]","[114543]","[-0.667083]","[0.346809]","[140988]","[0.00631046]","[1]","[11]","[1]","[0]","[1594.24]","[0.00540615]","[0.678476]",260365,-2.7555,2,"[132041,20740.9]","[0.0341585,0.742261]","[0.332344,1.24274]","[132621,27087.6]","[1,0.967871]","[0,0]","[0,0]","[-0.940698,-0.44466]",0,"[]","[]","[]","[]","[]","[]","[]","[]","[]","[]",1,"[254021]","[-0.335576]","[0.341146]","[284945]","[95518.9]","[0]","[0.323898]","[0.474871]",0,"[]","[]","[]","[]","[]","[]","[]","[]","[]","[]",0,"[468.788]",5784.72,"[3084.96,1149.3]","[]","[683.328]","[]"
74,284500,9001209,364174,-1,223.639,3.71479e+06,1.26459,0.97921,1,1,1,0.997372,1.00192,1,1,0,0,1,"[1]","[1]","[65662.6]","[-0.207443]","[-1.55036]","[67080.5]","[0.043993]","[-1]","[11]","[1]","[0]","[-285.264]","[-0.00905257]","[0.856748]",45781.9,1.36274,4,"[199074,73222.7,63758.3,60209.8]","[-1.08414,0.360704,-1.81705,1.36197]","[-1.9359,1.47204,0.529013,1.48794]","[328604,78900.6,201533,125687]","[0,0.86585,0,0.0429452]","[0,0,0,0]","[0,0,0,0]","[-0.848824,-0.947785,-0.854665,-0.906555]",0,"[]","[]","[]","[]","[]","[]","[]","[]","[]","[]",1,"[270487]","[-0.903772]","[-1.81578]","[401860]","[102068]","[0]","[0.590907]","[0.509565]",0,"[]","[]","[]","[]","[]","[]","[]","[]","[]","[]",0,"[216.614]",17035.6,"[4959.75,4270.9,3277.85,4881.2]","[]","[19956.2]","[]"
75,284500,1488964,364174,1,223.639,3.71479e+06,1.08735,0.97994,1,1,1,0.96347,1.00632,1,1,0,0,1,"[1]","[1]","[251170]","[0.180817]","[2.66224]","[255287]","[0.0237656]","[1]","[11]","[1]","[0]","[1936.6]","[-0.00985294]","[1.60175]",214064,-0.163999,2,"[61198.2,20337.8]","[0.690615,2.24847]","[-1.77663,-0.0320536]","[76537.1,97526.3]","[0.951437,0.670865]","[4,0]","[0,0]","[-0.863453,-0.863543]",0,"[]","[]","[]","[]","[]","[]","[]","[]","[]","[]",1,"[263534]","[0.19012]","[2.66522]","[268348]","[4449.27]","[0]","[18.1255]","[0.141966]",0,"[]","[]","[]","[]","[]","[]","[]","[]","[]","[]",0,"[1259.8]",14496.8,"[1253.98,1180.49]","[]","[6073.69]","[]"
76,284500,6825883,364174,0.110396,223.639,3.71479e+06,0.923924,0.98697,1,1,1,0.963367,1.00582,1,1,0,0,1,"[1]","[1]","[244912]","[-0.232014]","[2.79176]","[251534]","[0.0218339]","[1]","[11]","[1]","[1156.41]","[1599.8]","[0.00838357]","[1.1186]",187220,-0.254924,1,"[55974.8]","[-2.01116]","[-0.719803]","[212984]","[0.968476]","[4]","[0]","[-0.914263]",0,"[]","[]","[]","[]","[]","[]","[]","[]","[]","[]",1,"[255358]","[-0.238189]","[2.79138]","[262668]","[4146.99]","[0]","[34.1117]","[-1]",0,"[]","[]","[]","[]","[]","[]","[]","[]","[]","[]",0,"[1282.15]",1583.73,"[2172]","[]","[7166.53]","[]"
77,284500,6083000,364174,1,223.639,3.71479e+06,1.26459,0.96435,1,1,1,0.998957,0.9595,1,1,0,0,1,"[1]","[1]","[42374.7]","[-0.833483]","[2.50791]","[57965.4]","[0.0266266]","[1]","[11]","[1]","[0]","[2488.37]","[0.0380886]","[3.20962]",107584,-3.04773,3,"[252715,64028.3,57927.6]","[-0.672617,-0.24991,1.14965]","[0.0336533,-2.61741,2.89843]","[312693,66326.1,100937]","[0.996531,0.491225,0.977147]","[0,0,0]","[0,0,0]","[-0.681218,-0.914296,-0.43598]",0,"[]","[]","[]","[]","[]","[]","[]","[]","[]","[]",1,"[265871]","[-0.640232]","[0.0279864]","[322465]","[11840.5]","[0]","[2.17159]","[0.345187]",0,"[]","[]","[]","[]","[]","[]","[]","[]","[]","[]",0,"[75.5468]",4115.15,"[3789.29,2238.05,8624.59]","[]","[22881.4]","[]"
78,284500,4657569,364174,2.60974,223.639,3.71479e+06,1.21412,0.96323,1,1,1,0.998795,1.00493,1,1,0,0,1,"[1]","[1]","[266963]","[-1.24571]","[1.09138]","[502308]","[0.2229]","[-1]","[11]","[1]","[0]","[-1484]","[-0.0132215]","[0.721174]",191576,-2.30315,2,"[65718.7,23085.6]","[-0.672635,-0.316826]","[-1.14914,-1.51195]","[81705.5,24407.6]","[0.985572,0.674918]","[0,0]","[0,0]","[0.104983,-0.678687]",0,"[]","[]","[]","[]","[]","[]","[]","[]","[]","[]",1,"[288180]","[-1.2245]","[1.09837]","[532614]","[1815.35]","[0]","[131.136]","[0.293664]",0,"[]","[]","[]","[]","[]","[]","[]","[]","[]","[]",0,"[3256.36]",891.031,"[2375.25,2237.78]","[]","[25800.6]","[]"
79,284500,6681924,364174,0.629886,223.639,3.71479e+06,0.738662,0.96323,1,1,1,0.999295,1.00493,1,1,0,0,1,"[1]","[1]","[376892]","[-1.174]","[-2.25352]","[667860]","[0.00552177]","[-1]","[11]","[1]","[0]","[-1028.64]","[0.00119492]","[0.140791]",324376,1.00986,1,"[27874.6]","[0.79584]","[-0.0488755]","[37530]","[0.968815]","[0]","[0]","[-0.925864]",0,"[]","[]","[]","[]","[]","[]","[]","[]","[]","[]",1,"[409697]","[-1.18629]","[-2.2535]","[733411]","[1053.03]","[0]","[67.6871]","[-1]",0,"[]","[]","[]","[]","[]","[]","[]","[]","[]","[]",0,"[7664.49]",16091.6,"[3638.05]","[]","[7510.25]","[]"
80,284500,6993911,364174,-1.17912,223.639,3.71479e+06,1.26459,0.97996,1,1,1,0.998127,1.01265,1,1,0,0,1,"[1]","[1]","[303075]","[1.60877]","[-0.92673]","[787510]","[-0.0212708]","[1]","[11]","[1]","[0]","[1295.98]","[0.025622]","[2.80027]",181403,2.40238,2,"[121057,20529.1]","[-0.316522,-1.07328]","[2.15304,-0.680122]","[128197,33748.9]","[0.999937,0.995287]","[0,0]","[0,0]","[-0.204315,-0.779889]",0,"[]","[]","[]","[]","[]","[]","[]","[]","[]","[]",1,"[335877]","[1.62545]","[-0.932299]","[886323]","[6392]","[0]","[6.20086]","[0.197855]",0,"[]","[]","[]","[]","[]","[]","[]","[]","[]","[]",0,"[5426.19]",9653.8,"[7201.68,5478.05]","[]","[13339.7]","[]"
81,284500,8144439,364174,1.0002,223.639,3.71479e+06,0.553627,0.97245,1,1,1,0.978707,0.99544,1,1,0,0,1,"[1]","[1]","[84488.5]","[1.212]","[-1.07224]","[154520]","[0.00122094]","[1]","[11]","[1]","[0]","[2276.65]","[0.00342335]","[0.332407]",70052.4,1.50628,4,"[168990,62233.4,41613.9,25208]","[1.60583,2.49402,2.2192,-0.848971]","[-1.68938,2.14995,0.356528,2.96665]","[438430,379482,193845,35175.8]","[0.00279257,0.994607,0.994612,0.880159]","[0,0,0,4]","[0,0,0,0]","[0.286533,-0.90238,-0.794672,-0.802252]",0,"[]","[]","[]","[]","[]","[]","[]","[]","[]","[]",1,"[280919]","[1.58876]","[-1.45891]","[723008]","[96002]","[0]","[1.08915]","[0.58016]",0,"[]","[]","[]","[]","[]","[]","[]","[]","[]","[]",0,"[434.549]",9018.19,"[6424.34,3521.59,2937.62,4509.91]","[]","[3965.75]","[]"
82,284500,7862511,364174,1,223.639,3.71479e+06,0.553627,0.97062,1,1,1,0.959174,0.98871,1,1,0,0,1,"[0]","[1]","[69389]","[-0.78359]","[2.14342]","[91804.5]","[0.0185318]","[1]","[11]","[1]","[0]","[2052.01]","[0.0207954]","[2.50886]",69322,-2.71224,2,"[323400,73515.1]","[-0.958445,-0.644663]","[-0.261796,2.86395]","[484975,90136]","[0.994498,0.998575]","[0,4]","[0,0]","[-0.339627,-0.573061]",0,"[]","[]","[]","[]","[]","[]","[]","[]","[]","[]",1,"[335668]","[-1.00012]","[-0.288807]","[520598]","[51845.3]","[0]","[1.97001]","[0.809708]",0,"[]","[]","[]","[]","[]","[]","[]","[]","[]","[]",0,"[195.375]",5102.48,"[5583.92,2039.22]","[]","[6843.12]","[]"
83,284500,4788608,364174,1,223.639,3.71479e+06,0.553627,0.98697,1,1,1,0.99762,1.00582,1,1,0,0,1,"[1]","[1]","[335953]","[-0.299047]","[-0.733083]","[351087]","[0.00926495]","[1]","[11]","[1]","[1217.46]","[-598.393]","[-0.00418543]","[0.632409]",288703,2.18491,2,"[32908.7,29187.3]","[-0.262084,-1.59297]","[2.11414,-1.44669]","[35165.7,75018.5]","[0.815539,0.648384]","[0,0]","[0,0]","[-0.864514,-0.151261]",0,"[]","[]","[]","[]","[]","[]","[]","[]","[]","[]",1,"[366208]","[-0.265982]","[-0.784953]","[386421]","[74157.2]","[0]","[1.07348]","[0.674091]",0,"[]","[]","[]","[]","[]","[]","[]","[]","[]","[]",0,"[2885.55]",19947.4,"[3827.54,2083.81]","[]","[27679.2]","[]"
84,284500,5469639,364174,1,223.639,3.71479e+06,1.21412,1,1,1,1,0.982904,1,1,1,0,0,1,"[1]","[1]","[114385]","[-2.01679]","[-1.49407]","[437365]","[0.0782509]","[-1]","[11]","[0]","[0]","[-731.603]","[0.0676121]","[2.92794]",55325.2,-0.9518,5,"[400949,170909,51239,28275.6,25348.8]","[-0.278187,-0.213066,-1.75316,-0.316244,-2.28368]","[1.93483,-1.18027,-0.648788,3.01244,-1.0319]","[417171,176448,152696,30017.3,125694]","[1,0.996748,0.991145,0.898748,0.981838]","[0,0,0,0,4]","[0,0,0,0,0]","[-0.933497,-0.853841,-0.602871,-0.896754,-0.362594]",0,"[]","[]","[]","[]","[]","[]","[]","[]","[]","[]",1,"[404775]","[-0.295911]","[1.93618]","[423067]","[19295.9]","[0]","[3.68278]","[0.572123]",0,"[]","[]","[]","[]","[]","[]","[]","[]","[]","[]",0,"[1336.96]",11569.9,"[4381.16,5191.82,6447.76,3393.04,1253.09]","[]","[7771]","[]"
85,284500,9134587,364174,1,223.639,3.71479e+06,1.22586,0.98458,1,1,1,1.52355,1.00582,1,1,0,0,1,"[1]","[1]","[83283.6]","[-0.212413]","[0.251425]","[85169.6]","[-0.0309753]","[-1]","[11]","[1]","[0]","[-496.748]","[0.000950651]","[0.0562009]",31043.6,-2.88326,3,"[151740,104236,86722.2]","[-0.779928,0.692296,0.204913]","[0.494634,-2.82297,-2.6825]","[201236,131376,89353.1]","[0.0781758,0.789921,0]","[0,0,0]","[0,0,0]","[0.930444,-0.741439,-0.870368]",0,"[]","[]","[]","[]","[]","[]","[]","[]","[]","[]",1,"[260576]","[-0.594635]","[0.4096]","[316254]","[71704.7]","[0]","[0.891052]","[0.524334]",0,"[]","[]","[]","[]","[]","[]","[]","[]","[]","[]",0,"[229.157]",2004.4,"[9168.5,5982.3,7517.71]","[]","[5611.23]","[]"
86,284500,8022109,364174,-1.841,223.639,3.71479e+06,0.619412,0.99211,1,1,1,0.999687,0.9918,1,1,0,0,1,"[1]","[1]","[273950]","[-0.637427]","[-1.79037]","[331514]","[0.0351334]","[-1]","[11]","[1]","[0]","[1191.08]","[0.00576785]","[0.596092]",293472,1.16123,1,"[49428.8]","[0.0940814]","[-2.8978]","[49997]","[0.991764]","[0]","[0]","[-0.913636]",0,"[]","[]","[]","[]","[]","[]","[]","[]","[]","[]",1,"[290072]","[-0.613256]","[-1.79549]","[346359]","[2727.59]","[0]","[0]","[-1]",0,"[]","[]","[]","[]","[]","[]","[]","[]","[]","[]",0,"[1905.52]",87.5,"[1912.58]","[]","[22937.7]","[]"
87,284500,3527291,364174,1,223.639,3.71479e+06,1.26205,0.97994,1,1,1,0.963422,1.00632,1,1,0,0,1,"[1]","[1]","[305375]","[0.401544]","[-2.48567]","[330326]","[0.053627]","[1]","[11]","[1]","[0]","[-458.773]","[-0.00936311]","[1.34897]",264794,0.766456,1,"[54084.6]","[-1.75847]","[-0.167054]","[161827]","[0.990238]","[4]","[0]","[-0.679713]",0,"[]","[]","[]","[]","[]","[]","[]","[]","[]","[]",1,"[307845]","[0.445088]","[-2.49064]","[338845]","[-0.00478416]","[0]","[0]","[-1]",0,"[]","[]","[]","[]","[]","[]","[]","[]","[]","[]",0,"[2185.4]",1704.72,"[3156.56]","[]","[25284.8]","[]"
88,284500,6080512,364174,1,223.639,3.71479e+06,0.923924,0.98089,1,1,1,0.967659,0.99866,1,1,0,0,1,"[1]","[1]","[304565]","[-0.973584]","[-1.1018]","[460676]","[0.412498]","[-1]","[11]","[1]","[0]","[601.731]","[0.0167696]","[1.5123]",210319,2.29053,4,"[108706,38450.3,23134.6,21696.2]","[-0.729767,-0.86496,1.7986,1.98428]","[1.06854,2.5722,-1.18143,2.66306]","[139751,53992.3,71943.7,80544.5]","[0.930512,0.802746,0.980062,0.636675]","[0,4,0,0]","[0,0,0,0]","[-0.921893,-0.701019,-0.842823,-0.51778]",0,"[]","[]","[]","[]","[]","[]","[]","[]","[]","[]",1,"[332735]","[-0.967033]","[-1.10408]","[500866]","[6602.75]","[0]","[0]","[-1]",0,"[]","[]","[]","[]","[]","[]","[]","[]","[]","[]",0,"[4061.17]",17360.9,"[2385.21,5040.18,1726.36,1575.14]","[]","[20086.6]","[]"
89,284500,8953710,364174,1,223.639,3.71479e+06,0.696077,0.97994,1,1,1,0.998723,1,1,1,0,0,1,"[1]","[1]","[392847]","[0.213412]","[-0.0550498]","[401827]","[-0.0672874]","[1]","[11]","[0]","[0]","[2180.61]","[-0.07483]","[5.33506]",517397,-3.03761,1,"[139561]","[0.374106]","[0.517716]","[151186]","[0.953429]","[0]","[0]","[-0.92481]",0,"[]","[]","[]","[]","[]","[]","[]","[]","[]","[]",1,"[534430]","[0.231912]","[0.0769958]","[571342]","[158674]","[0]","[1.04199]","[0.42672]",0,"[]","[]","[]","[]","[]","[]","[]","[]","[]","[]",0,"[2669.21]",1695.78,"[2724.73]","[]","[22749.8]","[]"
90,284500,8016922,364174,1,223.639,3.71479e+06,1.26459,0.96972,1,1,1,0.960283,0.99544,1,1,0,0,1,"[1]","[1]","[265881]","[1.32738]","[2.86671]","[536591]","[0.00544739]","[1]","[11]","[1]","[0]","[1158.19]","[-0.0345803]","[3.69114]",157219,-0.203057,1,"[86378.5]","[1.15882]","[-0.510032]","[151756]","[0.995371]","[4]","[0]","[0.344035]",0,"[]","[]","[]","[]","[]","[]","[]","[]","[]","[]",1,"[312036]","[1.32397]","[2.87073]","[627876]","[968.439]","[0]","[0]","[-1]",0,"[]","[]","[]","[]","[]","[]","[]","[]","[]","[]",0,"[4222.84]",15900.4,"[7426.12]","[]","[3924.34]","[]"
91,284500,8839692,364174,-0.43882,223.639,3.71479e+06,1.21412,0.97994,1,1,1,0.975443,1.00632,1,1,0,0,1,"[1]","[1]","[273470]","[0.282073]","[2.45601]","[284422]","[-0.0626106]","[1]","[11]","[1]","[0]","[981.84]","[-0.017213]","[1.90591]",222989,-0.725564,4,"[27260,25893,24295.3,21394.2]","[0.283158,1.44651,2.24401,-1.69119]","[3.07579,-0.784185,-0.436554,0.122718]","[28653,58166,115968,60237.4]","[0.673283,0.675682,0.987621,0.888293]","[4,0,0,0]","[0,0,0,0]","[-0.866474,-0.817306,-0.836704,-0.784772]",0,"[]","[]","[]","[]","[]","[]","[]","[]","[]","[]",1,"[302449]","[0.262882]","[2.49095]","[315975]","[43551.4]","[0]","[0.936254]","[0.0822371]",0,"[]","[]","[]","[]","[]","[]","[]","[]","[]","[]",0,"[1994.27]",4235.08,"[1890.33,1876.14,1808.35,2006.81]","[]","[15786.9]","[]"
92,284500,6039302,364174,1,223.639,3.71479e+06,1.22586,0.96825,1,1,1,0.963906,1,1,1,0,0,1,"[0]","[1]","[71812.3]","[-2.19797]","[1.26578]","[327384]","[26.9974]","[-1]","[11]","[0]","[0]","[2352.38]","[0.0768013]","[5.53141]",88950.4,1.87579,4,"[142741,135152,30348.5,29572.5]","[-1.17176,-0.530394,-1.03925,0.521854]","[-1.96018,-1.54583,1.6622,0.814054]","[253116,156720,48593.5,34101.3]","[1,0,0.991665,0.996959]","[0,4,0,0]","[0,0,0,0]","[-0.925716,-0.714226,-0.346844,-0.656439]",0,"[]","[]","[]","[]","[]","[]","[]","[]","[]","[]",1,"[280735]","[-0.921743]","[-1.75689]","[421097]","[101512]","[0]","[1.00326]","[0.576275]",0,"[]","[]","[]","[]","[]","[]","[]","[]","[]","[]",0,"[571.443]",4418.74,"[3329.79,10150,2435.06,4056.55]","[]","[10373.9]","[]"
93,284500,2975407,364174,1,223.639,3.71479e+06,1.25133,0.97949,1,1,1,0.964168,0.99672,1,1,0,0,1,"[1]","[1]","[73467.9]","[0.991559]","[-1.70869]","[112642]","[0.0354538]","[-1]","[11]","[1]","[0]","[527.349]","[-0.00433818]","[0.479726]",97483.7,-1.11964,3,"[171950,57539.7,39940.6]","[-0.870862,-0.612236,1.00209]","[2.25098,1.40299,1.09019]","[242652,68983.9,61986.7]","[0,0.99,0.99]","[0,4,0]","[0,0,0]","[-0.775929,0.326602,-0.934199]",0,"[]","[]","[]","[]","[]","[]","[]","[]","[]","[]",1,"[256310]","[-0.845362]","[2.06378]","[363823]","[86134.3]","[0]","[1.25137]","[0.779003]",0,"[]","[]","[]","[]","[]","[]","[]","[]","[]","[]",0,"[257.874]",16707.3,"[11701.6,4354.81,4939.78]","[]","[1120.3]","[]"
94,284500,6787380,364174,1,223.639,3.71479e+06,0.506784,0.97749,1,1,1,0.917514,1.00021,1,1,0,0,1,"[0]","[1]","[65190.8]","[0.615059]","[-2.83342]","[77915.2]","[0.00845957]","[-1]","[11]","[1]","[0]","[638.774]","[0.00419481]","[0.443879]",54332.6,-1.19931,5,"[364870,132055,76081,74405.2,35051.7]","[1.91497,0.522173,2.16777,0.1363,1.76716]","[1.19009,-2.27874,-1.7425,-1.06718,-2.28433]","[1.26544e+06,150831,337115,76395.7,105728]","[0.99,0.992857,0.982745,0.987825,0.992922]","[0,0,4,4,0]","[0,0,0,0,0]","[-0.926481,-0.83517,-0.362032,-0.780798,-0.835834]",0,"[]","[]","[]","[]","[]","[]","[]","[]","[]","[]",1,"[351465]","[1.91765]","[1.18851]","[1.22211e+06]","[32298.3]","[0]","[1.77762]","[0.566491]",0,"[]","[]","[]","[]","[]","[]","[]","[]","[]","[]",0,"[184.909]",16115.8,"[12313.3,2389.07,9446.1,1958.19,6657.9]","[]","[18699.7]","[]"
95,284500,6902722,364174,1,223.639,3.71479e+06,0.923924,0.97738,1,1,1,0.962597,1.00056,1,1,0,0,1,"[1]","[1]","[60633.2]","[0.302878]","[2.5142]","[63435.6]","[-0.0495796]","[1]","[11]","[1]","[0]","[-223.004]","[-0.018123]","[1.23794]",24225.1,0.778921,5,"[160950,130062,101956,101915,21184.5]","[1.72394,1.04663,2.34649,-0.0332723,1.09795]","[-0.756152,-0.980103,3.03515,1.9553,-1.85782]","[466169,208574,537837,102629,35429.9]","[0.0584049,0.996585,0.000835313,0,0.99804]","[0,4,0,0,0]","[0,0,0,0,0]","[-0.896197,-0.837206,-0.763089,-0.711121,-0.84225]",0,"[]","[]","[]","[]","[]","[]","[]","[]","[]","[]",1,"[284262]","[1.53544]","[-0.838658]","[696871]","[93452.3]","[0]","[0.878693]","[0.685904]",0,"[]","[]","[]","[]","[]","[]","[]","[]","[]","[]",0,"[128.93]",2090.01,"[3363.65,3013.13,9525.72,7401.38,1627.11]","[]","[633.844]","[]"
96,284500,8211541,364174,2.03664,223.639,3.71479e+06,1.21412,0.98697,1,1,1,0.998597,1.00582,1,1,0,0,1,"[1]","[1]","[317053]","[-0.107545]","[1.9088]","[318888]","[-0.019249]","[1]","[11]","[1]","[0]","[-1927.58]","[-0.00213047]","[0.430543]",265615,-1.00856,2,"[95999.9,22983.7]","[-1.72513,-0.674341]","[-2.22119,-0.201604]","[278257,28911.4]","[0.998874,0.936269]","[0,0]","[0,0]","[-0.644239,-0.869402]",0,"[]","[]","[]","[]","[]","[]","[]","[]","[]","[]",1,"[321908]","[-0.138358]","[1.90878]","[324994]","[0.00345267]","[0]","[0]","[-1]",0,"[]","[]","[]","[]","[]","[]","[]","[]","[]","[]",0,"[1855.66]",2540.72,"[6834.59,1695.37]","[]","[19948.3]","[]"
97,284500,8639299,364174,1,223.639,3.71479e+06,0.596562,0.99211,1,1,1,0.998938,0.9918,1,1,0,0,1,"[1]","[1]","[237434]","[-0.70764]","[2.58499]","[299405]","[0.0296288]","[-1]","[11]","[1]","[0]","[3549.24]","[0.0295281]","[3.88108]",105606,-0.671821,1,"[39702.7]","[-1.34811]","[0.0472716]","[81698.9]","[0.984269]","[0]","[0]","[-0.938499]",0,"[]","[]","[]","[]","[]","[]","[]","[]","[]","[]",1,"[254104]","[-0.689777]","[2.58947]","[317006]","[3133.82]","[0]","[0]","[-1]",0,"[]","[]","[]","[]","[]","[]","[]","[]","[]","[]",0,"[1446.43]",14723.5,"[2617.3]","[]","[2196.25]","[]"
98,284500,8202242,364174,1,223.639,3.71479e+06,0.553627,0.96203,1,1,1,0.99906,1.01508,1,1,0,0,1,"[1]","[1]","[243748]","[-1.78386]","[-2.9651]","[745963]","[-0.0812545]","[-1]","[11]","[1]","[0]","[-237.484]","[0.00569741]","[0.447729]",163137,0.322862,1,"[105868]","[-0.710835]","[-0.263131]","[133967]","[0.987581]","[0]","[0]","[-0.891597]",0,"[]","[]","[]","[]","[]","[]","[]","[]","[]","[]",1,"[258584]","[-1.77925]","[-2.96638]","[787941]","[5183.18]","[0]","[0]","[-1]",0,"[]","[]","[]","[]","[]","[]","[]","[]","[]","[]",0,"[4663.85]",18660.7,"[3902.1]","[]","[0]","[]"
99,284500,6091648,364174,1,223.639,3.71479e+06,0.596562,0.97738,1,1,1,1.10277,1.00056,1,1,0,0,1,"[1]","[1]","[66567.9]","[0.345998]","[-1.26343]","[70592.4]","[-100.147]","[1]","[11]","[1]","[0]","[-447.99]","[-0.035033]","[3.75918]",46266.3,-2.5421,3,"[263549,256325,83694.8]","[1.49157,0.693973,1.03755]","[0.823995,-2.31371,1.41018]","[616708,321100,133355]","[0.995042,0.921542,0.0164161]","[0,0,0]","[0,0,0]","[-0.91787,0.866521,-0.959993]",0,"[]","[]","[]","[]","[]","[]","[]","[]","[]","[]",2,"[339143,257531]","[1.47462,0.736388]","[0.923995,-2.31121]","[785698,331209]","[96672.7,20578.6]","[0,0]","[1.53237,2.08526]","[0.644248,0.373454]",0,"[]","[]","[]","[]","[]","[]","[]","[]","[]","[]",0,"[171.386]",1099.51,"[3749.7,2888.9,4334.41]","[]","[16220.3,0]","[]"
100,284500,7123824,364174,0.162517,223.639,3.71479e+06,0.553627,0.97994,1,1,1,0.999692,1.00632,1,1,0,0,1,"[1]","[1]","[364419]","[0.383158]","[-0.315672]","[391498]","[-0.0177779]","[1]","[11]","[1]","[0]","[-1083.63]","[-0.0191763]","[3.25824]",299459,2.7693,1,"[53406.8]","[-0.00332947]","[-2.72705]","[53785.3]","[0.995497]","[0]","[0]","[-0.924174]",0,"[]","[]","[]","[]","[]","[]","[]","[]","[]","[]",1,"[377563]","[0.384745]","[-0.321588]","[405871]","[3644.89]","[0]","[35.3512]","[-1]",0,"[]","[]","[]","[]","[]","[]","[]","[]","[]","[]",0,"[2157.44]",9480.97,"[5962.62]","[]","[1455.38]","[]"
101,284500,7649681,364174,1,223.639,3.71479e+06,0.696077,0.97429,1,1,1,0.998687,0.98653,1,1,0,0,1,"[1]","[1]","[54794.6]","[0.233191]","[1.50424]","[56291.2]","[59.2763]","[-1]","[11]","[1]","[0]","[4675.34]","[-0.0228324]","[3.25142]",55086.2,-1.69642,2,"[241452,240337]","[0.883524,1.94304]","[0.468872,-2.63879]","[342696,856377]","[0.992847,0.998733]","[0,0]","[0,0]","[-0.293471,-0.897488]",0,"[]","[]","[]","[]","[]","[]","[]","[]","[]","[]",2,"[259259,263288]","[0.855845,1.88289]","[0.473571,-2.64043]","[361223,885840]","[27841.9,32158.8]","[0,0]","[2.45783,2.63564]","[0.82878,0.614425]",0,"[]","[]","[]","[]","[]","[]","[]","[]","[]","[]",0,"[640.324]",8431.89,"[15686.7,4296.3]","[]","[2596.78,16029.4]","[]"
102,284500,8464041,364174,2.84939,223.639,3.71479e+06,1.22586,0.99242,1,1,1,0.974011,0.99765,1,1,0,0,1,"[1]","[1]","[374163]","[0.789715]","[-1.32523]","[497027]","[-0.0349064]","[-1]","[11]","[1]","[0]","[1021.99]","[0.00283546]","[0.483254]",339443,2.03909,3,"[37720.3,31808.4,28363.4]","[1.26655,0.910378,-1.15682]","[0.403165,1.57471,0.528771]","[72437.8,46074.6,49841.3]","[0.993828,1,0.994192]","[0,4,0]","[0,0,0]","[-0.886133,-0.0945314,-0.906924]",0,"[]","[]","[]","[]","[]","[]","[]","[]","[]","[]",1,"[344874]","[0.8029]","[-1.3247]","[462137]","[0]","[0]","[0]","[-1]",0,"[]","[]","[]","[]","[]","[]","[]","[]","[]","[]",0,"[3116.95]",3661.75,"[4472.08,3365.94,2003.86]","[]","[12857.2]","[]"
103,284500,3595667,364174,5.28937,223.639,3.71479e+06,1.26205,0.97994,1,1,1,1,1.00632,1,1,0,0,1,"[1]","[1]","[346563]","[0.314005]","[1.89758]","[363789]","[-0.00214005]","[-1]","[11]","[1]","[0]","[-1771.24]","[-0.0117948]","[1.0267]",332786,-1.17495,0,"[]","[]","[]","[]","[]","[]","[]","[]",0,"[]","[]","[]","[]","[]","[]","[]","[]","[]","[]",1,"[355487]","[0.289131]","[1.90037]","[370460]","[2791.02]","[0]","[0.208298]","[-1]",0,"[]","[]","[]","[]","[]","[]","[]","[]","[]","[]",0,"[2569.14]",3603.41,"[]","[]","[4342.66]","[]"
104,284500,7344780,364174,-1,223.639,3.71479e+06,0.696077,0.96813,1,1,1,0.961994,1.0069,1,1,0,0,1,"[1]","[1]","[76459.3]","[1.52963]","[2.19175]","[184768]","[2.09711]","[1]","[11]","[1]","[2001.8]","[-922.807]","[-0.0088051]","[0.936799]",49152.1,-0.58089,6,"[227983,201040,83015.7,68707.3,51945.8,27867.5]","[-0.316939,0.406506,-1.9434,0.376671,-0.887666,-1.56265]","[1.09608,-1.79104,-2.22331,1.1943,-1.98268,2.24149]","[240660,220147,296113,75268.3,74158.8,69749.4]","[1,0.996718,0.98814,0.974075,0.980813,0.94119]","[0,0,0,0,4,0]","[0,0,0,0,0,0]","[-0.630638,-0.943953,-0.903004,-0.949291,-0.351271,-0.553793]",0,"[]","[]","[]","[]","[]","[]","[]","[]","[]","[]",1,"[290084]","[-0.225245]","[1.12573]","[305560]","[69830.5]","[0]","[1.58306]","[0.69456]",0,"[]","[]","[]","[]","[]","[]","[]","[]","[]","[]",0,"[4830.22]",10691.1,"[7027.3,3880.78,9391.93,4399.75,1262.35,3213.43]","[]","[14194.3]","[]"
105,284500,9013218,364174,-1,223.639,3.71479e+06,0.596562,0.99242,1,1,1,0.976197,0.99765,1,1,0,0,1,"[1]","[1]","[320570]","[0.784508]","[-1.02454]","[424382]","[-0.044158]","[-1]","[11]","[1]","[0]","[-390.936]","[0.00329772]","[0.482603]",276522,2.03412,5,"[71715,63557.8,29211.8,26667.4,25486.5]","[-0.0443397,1.56136,1.73705,-1.19862,-0.288796]","[1.7644,-1.68857,-2.80796,0.410534,2.16635]","[72298.8,158246,85571.1,48363.7,26796.9]","[0.998756,0,1,0.960328,1]","[0,0,0,4,0]","[0,0,0,0,0]","[-0.926959,-0.952834,-0.463413,-0.823828,-0.386111]",0,"[]","[]","[]","[]","[]","[]","[]","[]","[]","[]",1,"[373138]","[0.937193]","[-1.10711]","[564927]","[131714]","[0]","[0.446784]","[0.699923]",0,"[]","[]","[]","[]","[]","[]","[]","[]","[]","[]",0,"[2264.1]",1220.88,"[3789.91,2722.12,2268.35,1808.44,2050.16]","[]","[21348.5]","[]"
106,284500,2425934,364174,-2.19491,223.639,3.71479e+06,0.187531,0.97994,1,1,1,0.985456,1.00632,1,1,0,0,1,"[1]","[1]","[318888]","[0.480025]","[2.37953]","[356338]","[0.0683327]","[1]","[11]","[1]","[0]","[-1357.79]","[0.00511613]","[0.926599]",317357,-1.12642,3,"[58586.6,31907.9,20866.9]","[1.61968,-1.69174,0.463296]","[0.372917,0.940427,0.700337]","[154185,89745.1,23606.1]","[0.994574,0.988692,0.735698]","[0,0,4]","[0,0,0]","[-0.89297,-0.860397,-0.813152]",0,"[]","[]","[]","[]","[]","[]","[]","[]","[]","[]",1,"[333213]","[0.46515]","[2.38292]","[369915]","[0.00276214]","[0]","[0]","[-1]",0,"[]","[]","[]","[]","[]","[]","[]","[]","[]","[]",0,"[1878.62]",3575.72,"[6857.91,1940.44,1201.97]","[]","[16870.2]","[]"
107,284500,2423309,364174,-0.287807,223.639,3.71479e+06,0,0.98089,1,1,1,0.998769,0.99866,1,1,0,0,1,"[1]","[1]","[231532]","[-0.865896]","[-2.49878]","[323891]","[-0.0220909]","[-1]","[11]","[1]","[1058.02]","[2048.41]","[-0.0230578]","[3.11073]",207901,0.753387,2,"[63768.9,45144.1]","[-0.789293,1.63769]","[0.73776,-1.76081]","[85303.4,120685]","[0.98,0.994346]","[0,0]","[0,0]","[-0.894128,-0.466546]",0,"[]","[]","[]","[]","[]","[]","[]","[]","[]","[]",1,"[254514]","[-0.890649]","[-2.49456]","[362355]","[5495.3]","[0]","[5.71952]","[0.644638]",0,"[]","[]","[]","[]","[]","[]","[]","[]","[]","[]",0,"[4677.03]",2436.91,"[2590.09,2466.66]","[]","[4384.56]","[]"
108,284500,6732976,364174,-1,223.639,3.71479e+06,1.26205,0.97996,1,1,1,0.981024,1.01265,1,1,0,0,1,"[1]","[1]","[966874]","[1.70086]","[1.14829]","[2.73681e+06]","[-0.0504723]","[-1]","[11]","[1]","[0]","[4393.19]","[-0.0255869]","[2.78892]",1.02107e+06,-1.92821,4,"[44076.1,21648.7,20865.1,20474.6]","[0.171082,-0.110865,-1.88533,-1.70033]","[1.38061,-2.72985,1.27263,2.61442]","[45023.9,22012.9,70369.6,58014.8]","[0.990889,1,0.999312,0.955315]","[0,4,0,0]","[0,0,0,0]","[-0.971294,0.430885,-0.826898,-0.853654]",0,"[]","[]","[]","[]","[]","[]","[]","[]","[]","[]",1,"[1.10684e+06]","[1.69141]","[1.14032]","[3.10547e+06]","[7065.61]","[0]","[22.2616]","[0.13502]",0,"[]","[]","[]","[]","[]","[]","[]","[]","[]","[]",0,"[37507.7]",6929.81,"[6414.88,1844.01,1698.51,1109.54]","[]","[7176.88]","[]"
109,284500,9185542,364174,1,223.639,3.71479e+06,1.1961,0.97553,1,1,1,0.996841,1.01265,1,1,0,0,1,"[0]","[1]","[91017.5]","[1.59295]","[-2.0286]","[233076]","[0.104565]","[-1]","[11]","[1]","[1005.46]","[-389.24]","[-0.00193861]","[0.208261]",49680.3,-3.12983,4,"[230116,153500,111701,52949.3]","[0.462149,-2.32359,0.489805,1.16502]","[1.25726,-2.1378,0.427917,-1.53603]","[255591,791378,126107,93405.8]","[0.99773,0.993427,0.993486,0.990797]","[0,0,0,0]","[0,0,0,0]","[-0.885391,-0.620116,-0.932863,-0.939205]",0,"[]","[]","[]","[]","[]","[]","[]","[]","[]","[]",1,"[294013]","[0.531242]","[1.0084]","[356904]","[118989]","[0]","[0.70731]","[0.798143]",0,"[]","[]","[]","[]","[]","[]","[]","[]","[]","[]",0,"[705.664]",11182.4,"[3843.1,11170.6,4301.31,4139.67]","[]","[7487.69]","[]"
110,284500,6742489,364174,1,223.639,3.71479e+06,0.187531,0.96972,1,1,1,0.972901,0.99544,1,1,0,0,1,"[1]","[1]","[239255]","[1.23219]","[2.04015]","[445061]","[-0.053093]","[-1]","[11]","[1]","[0]","[1201.13]","[0.00977704]","[1.08604]",162961,-1.03177,2,"[46277.3,35862.3]","[1.57434,-0.822106]","[-2.19357,-0.534735]","[116760,49239.9]","[0.997261,1]","[0,4]","[0,0]","[-0.428858,0.345917]",0,"[]","[]","[]","[]","[]","[]","[]","[]","[]","[]",1,"[280452]","[1.2254]","[2.02525]","[518835]","[10858.6]","[0]","[2.40232]","[0.397206]",0,"[]","[]","[]","[]","[]","[]","[]","[]","[]","[]",0,"[3042.27]",13865.9,"[5759.19,1958.25]","[]","[0]","[]"
111,284500,7234761,364174,1,223.639,3.71479e+06,1.1961,0.98089,1,1,1,0.98414,0.99866,1,1,0,0,1,"[1]","[1]","[225168]","[-0.878362]","[2.65684]","[317759]","[-0.0477104]","[1]","[11]","[1]","[0]","[-897.087]","[0.00407907]","[0.685099]",216673,-0.443675,2,"[36950.8,24787.1]","[0.184481,-1.92285]","[-0.865218,2.57498]","[38244.9,86625.2]","[0.996924,0.992227]","[0,4]","[0,0]","[-0.86316,-0.790971]",0,"[]","[]","[]","[]","[]","[]","[]","[]","[]","[]",1,"[263914]","[-0.88779]","[2.61294]","[375969]","[27917.4]","[0]","[0.0136533]","[-1]",0,"[]","[]","[]","[]","[]","[]","[]","[]","[]","[]",0,"[2139.83]",6184.42,"[2639.78,4655.08]","[]","[37237.6]","[]"
112,284500,9854447,364174,-1.4476,223.639,3.71479e+06,1.25133,0.98089,1,1,1,0.96723,0.99866,1,1,0,0,1,"[1]","[1]","[237286]","[-1.03018]","[-1.82793]","[374736]","[0.128252]","[-1]","[11]","[1]","[0]","[3289.78]","[-0.0329108]","[3.38878]",182492,1.21592,1,"[50300.7]","[-0.772876]","[1.54639]","[66538.3]","[1]","[4]","[0]","[0.71007]",0,"[]","[]","[]","[]","[]","[]","[]","[]","[]","[]",1,"[261379]","[-1.02322]","[-1.82554]","[410586]","[3465.99]","[0]","[4.55196]","[0.506049]",0,"[]","[]","[]","[]","[]","[]","[]","[]","[]","[]",0,"[3247.86]",8358.2,"[1684.93]","[]","[5093.69]","[]"
113,284500,6728023,364174,1,223.639,3.71479e+06,1.32095,0.97695,1,1,1,0.931282,0.98743,1,1,0,0,1,"[1]","[1]","[253852]","[-0.0684358]","[-1.24533]","[254447]","[0.0534782]","[-1]","[11]","[1]","[0]","[-268.399]","[0.0044718]","[0.832749]",252921,1.79921,2,"[82064.7,44806.5]","[0.508221,1.33389]","[-2.41779,1.18561]","[93206.3,91047.1]","[0.994972,0.99]","[4,4]","[0,0]","[-0.939695,-0.70678]",0,"[]","[]","[]","[]","[]","[]","[]","[]","[]","[]",1,"[262350]","[-0.0578129]","[-1.23859]","[262797]","[2082.27]","[0]","[0]","[-1]",0,"[]","[]","[]","[]","[]","[]","[]","[]","[]","[]",0,"[2909.94]",5652.22,"[3477.03,5078.38]","[]","[0]","[]"
114,284500,6649288,364174,0.560932,223.639,3.71479e+06,1.21412,0.97994,1,1,1,0.997626,1.00632,1,1,0,0,1,"[1]","[1]","[192344]","[0.366678]","[-0.640347]","[205420]","[0.0174179]","[1]","[11]","[1]","[1068.75]","[5716.87]","[-0.00654666]","[0.741076]",157183,2.3906,2,"[77331.6,31170.1]","[1.19733,-2.30056]","[2.73263,2.67551]","[140315,157142]","[0.996423,0.975504]","[0,0]","[0,0]","[-0.91108,-0.218155]",0,"[]","[]","[]","[]","[]","[]","[]","[]","[]","[]",1,"[253947]","[0.347898]","[-0.576324]","[271005]","[28797.5]","[0]","[0.245626]","[0.315633]",0,"[]","[]","[]","[]","[]","[]","[]","[]","[]","[]",0,"[1157.73]",2504.62,"[10004.7,1975.52]","[]","[495.906]","[]"
115,284500,6830841,364174,1,223.639,3.71479e+06,0.738662,0.94641,1,1,1,0.992912,1.01211,1,1,0,0,1,"[1]","[1]","[37172]","[-2.33834]","[1.09679]","[194420]","[0.110783]","[-1]","[11]","[1]","[0]","[599.142]","[0.0413207]","[1.78824]",61478.7,-0.724102,5,"[532672,246038,191106,47777,21663.7]","[-0.543947,0.465173,-1.6218,-2.26455,-1.82969]","[2.53636,-0.674618,-0.405807,-2.12747,2.57042]","[613716,274505,503559,232486,69410.7]","[0,0.117165,0,0.99,0.993457]","[0,0,0,0,0]","[0,0,0,0,0]","[-0.755285,-0.736902,-0.816593,-0.749913,-0.683427]",0,"[]","[]","[]","[]","[]","[]","[]","[]","[]","[]",1,"[505454]","[-0.5568]","[2.53537]","[586004]","[13417]","[0]","[5.90469]","[0.46001]",0,"[]","[]","[]","[]","[]","[]","[]","[]","[]","[]",0,"[47.7037]",30669.3,"[12831.3,9596.27,6487.31,4013.99,1598.15]","[]","[7805.53]","[]"
116,284500,3527706,364174,1,223.639,3.71479e+06,0.738662,0.99093,1,1,1,0.911344,1.00306,1,1,0,0,1,"[1]","[1]","[117981]","[0.842855]","[-1.58881]","[162428]","[0.0146656]","[1]","[11]","[1]","[0]","[-1361.26]","[-0.0245966]","[2.62819]",64829.6,1.33628,2,"[1.63353e+06,1.5883e+06]","[-0.0239065,0.610722]","[1.19939,-1.94766]","[1.63583e+06,1.89452e+06]","[0.987717,0.983444]","[4,4]","[0,0]","[-0.732789,-0.507406]",0,"[]","[]","[]","[]","[]","[]","[]","[]","[]","[]",2,"[1.66227e+06,1.61587e+06]","[0.627934,-0.0293586]","[-1.92277,1.20016]","[2.01102e+06,1.61871e+06]","[201570,83267.1]","[0,0]","[2.38813,4.25253]","[0.527285,0.597938]",0,"[]","[]","[]","[]","[]","[]","[]","[]","[]","[]",0,"[684.15]",43777.1,"[38303.6,30393.7]","[]","[159136,2877.88]","[]"
117,284500,5887379,364174,1,223.639,3.71479e+06,0.596562,0.98697,1,1,1,0.962426,1.00582,1,1,0,0,1,"[1]","[1]","[249766]","[-0.415605]","[-1.72822]","[271649]","[0.030201]","[1]","[11]","[1]","[0]","[-356.419]","[-0.00612496]","[1.11899]",335056,1.34956,2,"[80364.2,60216.8]","[-1.06824,-1.41668]","[-2.7271,-0.839319]","[131135,131732]","[0.99,0.981228]","[0,4]","[0,0]","[-0.927912,0.63784]",0,"[]","[]","[]","[]","[]","[]","[]","[]","[]","[]",1,"[255884]","[-0.437775]","[-1.72757]","[280798]","[0.00390625]","[0]","[0]","[-1]",0,"[]","[]","[]","[]","[]","[]","[]","[]","[]","[]",0,"[1534.73]",1766.22,"[5120.75,2100.61]","[]","[6826.48]","[]"
118,284500,8323602,364174,1,223.639,3.71479e+06,0,0.96392,1,1,1,0.998627,1.01012,1,1,0,0,1,"[0]","[1]","[308111]","[1.93918]","[-2.61529]","[1.09331e+06]","[-0.0193253]","[1]","[11]","[1]","[0]","[1155.41]","[-0.116797]","[0.925824]",328430,0.482676,2,"[34975.6,20520.2]","[0.610897,-0.503032]","[3.0212,-0.299842]","[42126.3,23459.8]","[1,0.990366]","[0,0]","[0,0]","[-0.901384,-0.201726]",0,"[]","[]","[]","[]","[]","[]","[]","[]","[]","[]",1,"[323880]","[1.9612]","[-2.6155]","[1.17388e+06]","[11439.1]","[0]","[0]","[-1]",0,"[]","[]","[]","[]","[]","[]","[]","[]","[]","[]",0,"[2899.76]",1268.47,"[2707.59,1230.83]","[]","[17036.6]","[]"
119,284500,5077409,364174,-1,223.639,3.71479e+06,0.923924,0.95529,1,1,1,0.957072,0.99695,1,1,0,0,1,"[1]","[1]","[125802]","[-1.53449]","[0.982856]","[305354]","[-0.016777]","[1]","[11]","[1]","[0]","[511.406]","[-0.016713]","[1.66145]",83173.3,2.10733,3,"[248170,163417,102189]","[-1.20506,-0.91099,-1.44629]","[-1.53286,1.49436,-2.09537]","[451492,238251,229133]","[0,0,0.992212]","[0,0,4]","[0,0,0]","[-0.799231,-0.787981,-0.843643]",0,"[]","[]","[]","[]","[]","[]","[]","[]","[]","[]",2,"[341998,291804]","[-1.2859,-1.24518]","[-1.6841,1.27098]","[671822,564671]","[88829.5,132924]","[0,0]","[0.719557,0.930968]","[0.824416,0.525846]",0,"[]","[]","[]","[]","[]","[]","[]","[]","[]","[]",0,"[2206.7]",10381.8,"[4949.21,11399.3,4612.67]","[]","[4074.5,11714]","[]"
120,284500,7376564,364174,1,223.639,3.71479e+06,0.75088,0.97738,1,1,1,0.996921,1.00056,1,1,0,0,1,"[1]","[1]","[65912.9]","[0.578657]","[1.18886]","[77259.5]","[0.0826073]","[1]","[11]","[1]","[0]","[-1428.82]","[0.0137855]","[0.97085]",61125.3,-2.33268,5,"[359750,327778,45041.9,31170.2,26774.2]","[-0.995626,-0.757768,1.53425,0.823214,1.11307]","[0.697761,-2.39327,-2.11635,2.64564,-1.29854]","[553817,427158,109443,42986.3,45480.8]","[0.998248,0.956826,0.998151,0.997073,0.965823]","[0,0,0,0,0]","[0,0,0,0,0]","[0.0670407,-0.950704,-0.805206,-0.873481,-0.571845]",0,"[]","[]","[]","[]","[]","[]","[]","[]","[]","[]",2,"[347748,338715]","[-1.00407,-0.763022]","[0.701747,-2.39333]","[538410,442940]","[12283.9,25723.1]","[0,0]","[1.79523,5.71814]","[0.467299,0.309282]",0,"[]","[]","[]","[]","[]","[]","[]","[]","[]","[]",0,"[411.599]",16585.7,"[7161.62,14289.9,3855.77,1902.86,1998.29]","[]","[20939.8,7738.66]","[]"
121,284500,8678821,364174,-1,223.639,3.71479e+06,0.553627,0.94443,1,1,1,0.955466,1.00395,1,1,0,0,1,"[1]","[1]","[35287.4]","[2.04031]","[-2.1481]","[138027]","[0.0737238]","[-1]","[11]","[1]","[0]","[-240.797]","[0.0182423]","[1.54197]",41925.4,-0.569854,2,"[282178,229377]","[0.139772,1.45417]","[2.1792,-0.952678]","[285642,518043]","[0.989255,0.99279]","[4,0]","[0,0]","[0.100198,-0.936114]",0,"[]","[]","[]","[]","[]","[]","[]","[]","[]","[]",1,"[290775]","[0.133318]","[2.17582]","[293814]","[16278.7]","[0]","[3.50053]","[0.604562]",0,"[]","[]","[]","[]","[]","[]","[]","[]","[]","[]",0,"[168.708]",9566.65,"[6947.54,17352.9]","[]","[25.9375]","[]"
122,284500,8567424,364174,1,223.639,3.71479e+06,0.696077,0.97994,1,1,1,0.999048,1.00632,1,1,0,0,1,"[1]","[1]","[343991]","[0.245929]","[-3.04937]","[354446]","[-0.0758591]","[-1]","[11]","[1]","[0]","[655.282]","[0.0234499]","[4.28127]",268081,0.0573445,1,"[20511]","[0.225864]","[-1.12839]","[21390.6]","[0.802391]","[0]","[0]","[-0.762079]",0,"[]","[]","[]","[]","[]","[]","[]","[]","[]","[]",1,"[357017]","[0.268735]","[-3.04876]","[370031]","[5744.28]","[0]","[17.4706]","[0.344916]",0,"[]","[]","[]","[]","[]","[]","[]","[]","[]","[]",0,"[2110.49]",1279.03,"[1146.2]","[]","[13436.7]","[]"
123,284500,8242510,364174,0.816427,223.639,3.71479e+06,0.619412,0.96972,1,1,1,0.999433,0.99544,1,1,0,0,1,"[1]","[1]","[272669]","[1.1816]","[-1.28946]","[486221]","[-0.065773]","[1]","[11]","[1]","[0]","[1476.28]","[-0.00448875]","[0.626171]",230507,1.81598,1,"[31164.6]","[-0.873214]","[1.31797]","[44329.6]","[0.90596]","[0]","[0]","[0.216455]",0,"[]","[]","[]","[]","[]","[]","[]","[]","[]","[]",1,"[309639]","[1.22097]","[-1.23481]","[573610]","[58920.6]","[0]","[0.879059]","[0.586832]",0,"[]","[]","[]","[]","[]","[]","[]","[]","[]","[]",0,"[2926.73]",9021.91,"[3099.91]","[]","[20454.5]","[]"
124,284500,7745091,364174,1.17043,223.639,3.71479e+06,0,0.97749,1,1,1,0.956964,1,1,1,0,0,1,"[1]","[1]","[64292.2]","[0.621416]","[-0.803799]","[77110.3]","[-51.2553]","[-1]","[11]","[0]","[0]","[2265.51]","[0.0833142]","[5.46282]",63097.3,0.856768,4,"[193346,101671,73392.7,35371.6]","[-0.423164,-1.12852,0.161868,-1.72928]","[1.65203,-1.73115,2.46164,-0.480532]","[212717,174118,75856.4,103289]","[0.985739,0.989974,0.973151,0.988539]","[0,0,4,0]","[0,0,0,0]","[-0.730418,-0.838403,-0.940033,-0.648161]",0,"[]","[]","[]","[]","[]","[]","[]","[]","[]","[]",1,"[277726]","[-0.276211]","[1.86002]","[305108]","[99616.1]","[0]","[1.21914]","[0.726646]",0,"[]","[]","[]","[]","[]","[]","[]","[]","[]","[]",0,"[141.307]",28985.8,"[3435.85,2432.41,3338.81,2486.5]","[]","[7930.91]","[]"
125,284500,8978289,364174,1,223.639,3.71479e+06,1.1961,0.96323,1,1,1,0.997904,1.00493,1,1,0,0,1,"[1]","[1]","[241197]","[-1.265]","[-1.55092]","[461330]","[0.10199]","[1]","[11]","[1]","[0]","[1199.96]","[-0.042836]","[3.10279]",188255,1.28439,3,"[103418,102340,30778.4]","[-1.55192,-0.426923,-0.781719]","[2.59698,-0.281455,1.91847]","[255546,112495,40988.7]","[0.970757,0.00366849,0.9812]","[0,0,0]","[0,0,0]","[-0.931227,-0.725652,-0.856048]",0,"[]","[]","[]","[]","[]","[]","[]","[]","[]","[]",1,"[274750]","[-1.26704]","[-1.55266]","[526459]","[6233.1]","[0]","[4.34361]","[0.251561]",0,"[]","[]","[]","[]","[]","[]","[]","[]","[]","[]",0,"[2872.29]",18025.6,"[3955.45,9896.84,5609.66]","[]","[16159.2]","[]"
126,284500,7742128,364174,1.26675,223.639,3.71479e+06,0.596562,0.98697,1,1,1,0.99596,1.00582,1,1,0,0,1,"[1]","[1]","[390038]","[-0.274315]","[0.561137]","[404806]","[-0.0254402]","[1]","[11]","[1]","[0]","[-701.431]","[0.0230235]","[4.3214]",365137,-2.86709,4,"[79020.7,31322.9,30059.7,21717.1]","[-1.97398,2.21596,-1.1607,-0.489308]","[-1.65554,-1.92764,0.908167,-0.966238]","[290057,145394,53027.2,24731.3]","[0.99425,0.992442,0.99,0.9855]","[0,0,0,0]","[0,0,0,0]","[-0.914076,-0.796088,-0.524353,-0.792455]",0,"[]","[]","[]","[]","[]","[]","[]","[]","[]","[]",1,"[402706]","[-0.24106]","[0.557621]","[414464]","[0.00338291]","[0]","[0]","[-1]",0,"[]","[]","[]","[]","[]","[]","[]","[]","[]","[]",0,"[2560.39]",9323.22,"[5165,2169.5,1880.85,1846.04]","[]","[36444.8]","[]"
127,284500,5344145,364174,1,223.639,3.71479e+06,1.1961,0.98413,1,1,1,0.98419,0.99866,1,1,0,0,1,"[0]","[1]","[105328]","[-1.07985]","[1.32148]","[172941]","[-0.0058136]","[1]","[11]","[1]","[1975.82]","[-1042.54]","[-0.00502914]","[0.659807]",91226.9,1.90212,2,"[248912,22422.1]","[-0.872824,0.445551]","[-1.40408,2.24673]","[353652,24878.3]","[0.997393,1]","[0,4]","[0,0]","[-0.866691,-0.263116]",0,"[]","[]","[]","[]","[]","[]","[]","[]","[]","[]",1,"[253552]","[-0.849983]","[-1.41296]","[354524]","[51296.6]","[0]","[1.41306]","[0.683264]",0,"[]","[]","[]","[]","[]","[]","[]","[]","[]","[]",0,"[708.65]",14994.7,"[4795.4,1928.36]","[]","[2852.86]","[]"
128,284500,5355947,364174,1,223.639,3.71479e+06,0.696077,0.98536,1,1,1,0.956694,0.9918,1,1,0,0,1,"[0]","[1]","[107156]","[-0.694805]","[-0.331098]","[134079]","[-0.0246773]","[1]","[11]","[1]","[0]","[-441.975]","[0.00239804]","[0.355531]",122716,-0.392286,6,"[419981,239942,112257,43099.8,36544,23326]","[-1.24479,-1.54129,1.56335,1.08025,1.06075,-1.63258]","[2.35303,-1.65104,0.140618,0.245544,3.03628,-2.45011]","[790839,586300,280217,71122.3,59705.2,62163.7]","[0.997148,0.992258,0.99,0.994539,0.998818,0.960409]","[0,0,4,0,0,0]","[0,0,0,0,0,0]","[-0.777258,-0.750819,0.152025,-0.922184,-0.889613,-0.844885]",0,"[]","[]","[]","[]","[]","[]","[]","[]","[]","[]",1,"[405926]","[-1.26369]","[2.36488]","[776409]","[36899.4]","[0]","[2.32502]","[0.822826]",0,"[]","[]","[]","[]","[]","[]","[]","[]","[]","[]",0,"[414.937]",26371.5,"[29064.3,3698.95,4229.33,4223.58,5595.1,1683.28]","[]","[36723.9]","[]"
129,284500,7746856,364174,0.0685339,223.639,3.71479e+06,1.1961,0.97332,1,1,1,0.959821,0.98683,1,1,0,0,1,"[1]","[1]","[62783.4]","[-1.09106]","[-0.993481]","[104009]","[-0.055687]","[1]","[11]","[1]","[0]","[-248.635]","[-0.0238082]","[1.37385]",52172,-0.392518,6,"[264388,155422,94459.5,64541.7,51454.9,26904.3]","[0.695512,0.849288,1.72358,0.779507,-0.275554,0.674349]","[2.12027,-1.24843,-0.791291,-2.03377,1.74013,0.899651]","[332396,216068,273234,85805.5,53769.9,33688.9]","[0,0,0,0.999981,0.998019,0.966865]","[0,0,0,4,0,0]","[0,0,0,0,0,0]","[-0.739933,-0.758581,-0.722465,-0.92231,-0.958701,-0.923792]",0,"[]","[]","[]","[]","[]","[]","[]","[]","[]","[]",1,"[264636]","[0.722457]","[2.11899]","[338182]","[31033.6]","[0]","[1.69292]","[0.694879]",0,"[]","[]","[]","[]","[]","[]","[]","[]","[]","[]",0,"[763.919]",5551.95,"[3510.22,2937.71,10778.2,1557.34,2011.08,2324.89]","[]","[1397.84]","[]"
130,284500,5347694,364174,-1,223.639,3.71479e+06,1.26205,0.94272,1,1,1,0.997105,0.94155,1,1,0,0,1,"[1]","[1]","[37840.6]","[1.15354]","[0.979063]","[65935.2]","[0.0673828]","[-1]","[11]","[1]","[0]","[-1055.16]","[0.00721411]","[0.573448]",120397,0.568579,4,"[161039,126412,64597.4,31671.5]","[1.78509,1.91457,-0.3726,0.209759]","[-1.97917,-2.68474,1.164,0.826387]","[493508,438296,69830.9,32774.6]","[1,0.00400068,0,0.647903]","[0,0,0,0]","[0,0,0,0]","[-0.874449,-0.828544,-0.821633,-0.486317]",0,"[]","[]","[]","[]","[]","[]","[]","[]","[]","[]",1,"[254872]","[1.89823]","[-2.27727]","[871830]","[62180.8]","[0]","[0.430641]","[0.606938]",0,"[]","[]","[]","[]","[]","[]","[]","[]","[]","[]",0,"[144.809]",38678.3,"[7254.47,11381.5,31053,1839.96]","[]","[0]","[]"
131,284500,4156198,364174,1,223.639,3.71479e+06,1.22586,0.99211,1,1,1,0.96058,0.9918,1,1,0,0,1,"[1]","[1]","[256347]","[-0.758524]","[2.04882]","[333697]","[-0.0470257]","[-1]","[11]","[1]","[0]","[-1173.19]","[0.00639865]","[0.893827]",225675,-1.42894,1,"[68228.1]","[1.51381]","[-0.36581]","[162676]","[0.991114]","[4]","[0]","[0.513815]",0,"[]","[]","[]","[]","[]","[]","[]","[]","[]","[]",1,"[267999]","[-0.758587]","[2.0428]","[348880]","[0.00478416]","[0]","[0]","[-1]",0,"[]","[]","[]","[]","[]","[]","[]","[]","[]","[]",0,"[1753.93]",204.5,"[2015.74]","[]","[10678.7]","[]"
132,284500,3723466,364174,1.23782,223.639,3.71479e+06,1.1961,0.96392,1,1,1,0.999306,1.01012,1,1,0,0,1,"[1]","[1]","[382092]","[1.9867]","[-0.532498]","[1.4192e+06]","[0.000816345]","[-1]","[11]","[1]","[0]","[-1958.28]","[-0.00303331]","[0.408108]",295638,2.64653,1,"[92176.3]","[0.828719]","[2.40986]","[126308]","[0.999099]","[0]","[0]","[-0.957349]",0,"[]","[]","[]","[]","[]","[]","[]","[]","[]","[]",1,"[397313]","[1.99628]","[-0.533782]","[1.48942e+06]","[-0.0220971]","[0]","[0]","[-1]",0,"[]","[]","[]","[]","[]","[]","[]","[]","[]","[]",0,"[4359.54]",3723.59,"[4393.23]","[]","[8855.59]","[]"
133,284500,4061883,364174,-0.6387,223.639,3.71479e+06,1.26459,0.9623,1,1,1,0.994592,0.96784,1,1,0,0,1,"[1]","[1]","[29301]","[-0.217183]","[-2.18469]","[29994.8]","[-69.645]","[1]","[11]","[1]","[0]","[2012.23]","[-0.0107043]","[1.04067]",98592.9,-0.527161,6,"[388780,191650,159967,45228.5,37567.2,34125.3]","[-0.623558,-2.29105,0.692344,-1.4959,1.50306,0.670292]","[2.59991,-0.699713,-0.452581,2.38799,2.42741,0.12552]","[469860,957236,200045,106264,88822.2,42891.9]","[1,0.995734,0.995061,0.984407,0.985663,0.99]","[0,0,0,0,0,0]","[0,0,0,0,0,0]","[-0.85499,-0.942388,0.076957,-0.803432,-0.923327,-0.949189]",0,"[]","[]","[]","[]","[]","[]","[]","[]","[]","[]",1,"[407168]","[-0.608955]","[2.57193]","[489714]","[67612.9]","[0]","[1.68185]","[0.644246]",0,"[]","[]","[]","[]","[]","[]","[]","[]","[]","[]",0,"[100.967]",34941.4,"[9593.45,13715.4,5957.99,3448.32,2070.86,1916.97]","[]","[6303.75]","[]"
134,284500,2156091,364174,-1,223.639,3.71479e+06,0.553627,0.95847,1,1,1,0.999699,0.97785,1,1,0,0,1,"[1]","[1]","[43788.5]","[0.0366521]","[2.65641]","[43817.9]","[-11.1858]","[1]","[11]","[1]","[0]","[1972.56]","[-0.0253107]","[2.66626]",98390.5,-0.899376,1,"[262610]","[0.067107]","[-0.349334]","[265382]","[0.995525]","[0]","[0]","[-0.96057]",0,"[]","[]","[]","[]","[]","[]","[]","[]","[]","[]",1,"[289729]","[0.158469]","[-0.236385]","[301090]","[67727.6]","[0]","[1.54331]","[0.711544]",0,"[]","[]","[]","[]","[]","[]","[]","[]","[]","[]",0,"[45.0088]",2812.41,"[7397.39]","[]","[5389.66]","[]"
135,284500,3775322,364174,1,223.639,3.71479e+06,1.1961,1.00588,1,1,1,0.97337,1.00306,1,1,0,0,1,"[1]","[1]","[238934]","[1.02192]","[-1.47553]","[374939]","[0.0104752]","[1]","[11]","[1]","[0]","[-743.393]","[0.0260021]","[3.09325]",195357,1.56961,1,"[34096.6]","[1.05398]","[2.49636]","[54958.4]","[0.989266]","[4]","[0]","[0.0100276]",0,"[]","[]","[]","[]","[]","[]","[]","[]","[]","[]",1,"[263050]","[1.03954]","[-1.47607]","[418463]","[3274.62]","[0]","[0]","[-1]",0,"[]","[]","[]","[]","[]","[]","[]","[]","[]","[]",0,"[3575.32]",7704.92,"[1644.02]","[]","[1485.53]","[]"
136,284500,2153200,364174,1,223.639,3.71479e+06,0.619412,0.97429,1,1,1,0.957069,0.98653,1,1,0,0,1,"[1]","[1]","[51406.9]","[0.609992]","[1.30615]","[61271.1]","[0.0072403]","[-1]","[11]","[1]","[0]","[-1531.33]","[-0.0301976]","[3.0506]",103798,1.26982,5,"[131114,90074.7,68918.2,67466.9,28145.3]","[-0.230241,1.23972,1.94759,0.636594,-1.95082]","[0.164091,-2.59671,-2.54078,-2.32336,-1.59038]","[136447,169021,246712,82553.8,101142]","[0,0.0401893,0,0.992921,0.812037]","[0,0,0,4,0]","[0,0,0,0,0]","[-0.715216,-0.988089,-0.839271,-0.731186,-0.744015]",0,"[]","[]","[]","[]","[]","[]","[]","[]","[]","[]",1,"[252273]","[1.41428]","[-2.48952]","[559681]","[106120]","[0]","[1.26113]","[0.450724]",0,"[]","[]","[]","[]","[]","[]","[]","[]","[]","[]",0,"[74.8096]",23582.5,"[7263.91,3024.56,2625.06,1894.6,2319.07]","[]","[0]","[]"
137,284500,5629552,364174,1,223.639,3.71479e+06,1.32095,1.00588,1,1,1,1,1.00306,1,1,0,0,1,"[1]","[1]","[293724]","[1.0762]","[0.816973]","[480884]","[0.00101471]","[1]","[11]","[1]","[0]","[2972.41]","[-0.0133989]","[1.05459]",215212,-2.45696,0,"[]","[]","[]","[]","[]","[]","[]","[]",0,"[]","[]","[]","[]","[]","[]","[]","[]","[]","[]",1,"[333984]","[1.04654]","[0.816524]","[534212]","[4109.71]","[0]","[12.5576]","[0.179108]",0,"[]","[]","[]","[]","[]","[]","[]","[]","[]","[]",0,"[3898.4]",2983.52,"[]","[]","[7466.62]","[]"
138,284500,2916744,364174,0.649234,223.639,3.71479e+06,0.00279311,0.97994,1,1,1,0.958649,1.00632,1,1,0,0,1,"[0]","[1]","[305809]","[0.161421]","[2.44471]","[309801]","[0.142387]","[1]","[11]","[1]","[0]","[1074.7]","[0.00670293]","[0.519232]",333522,-0.857735,2,"[67222.5,32217.3]","[-0.468434,1.48684]","[0.840685,3.07718]","[75073.3,75055.4]","[0.972712,0.992765]","[4,0]","[0,0]","[0.384236,-0.879995]",0,"[]","[]","[]","[]","[]","[]","[]","[]","[]","[]",1,"[315398]","[0.145013]","[2.44193]","[318720]","[0.00480901]","[0]","[0]","[-1]",0,"[]","[]","[]","[]","[]","[]","[]","[]","[]","[]",0,"[1742.45]",784.188,"[1816.71,2441.15]","[]","[13635.1]","[]"
139,284500,9134094,364174,1,223.639,3.71479e+06,0.351687,0.96654,1,1,1,0.966363,0.9995,1,1,0,0,1,"[1]","[1]","[75909.1]","[2.26086]","[2.03761]","[367992]","[-0.107155]","[1]","[11]","[1]","[0]","[625.352]","[-0.00287708]","[0.200601]",77817.7,1.18891,4,"[230748,110776,94274.4,48729.9]","[1.4856,-1.12375,0.744797,-0.687215]","[-2.96167,-0.382883,0.278774,-0.809574]","[536786,190137,122607,60944.4]","[0,0.00556092,0.00605168,0.994089]","[0,0,0,4]","[0,0,0,0]","[0.267466,-0.748881,-0.982115,-0.222829]",0,"[]","[]","[]","[]","[]","[]","[]","[]","[]","[]",1,"[251354]","[1.46961]","[-2.9241]","[578818]","[63773.3]","[0]","[1.93379]","[0.687637]",0,"[]","[]","[]","[]","[]","[]","[]","[]","[]","[]",0,"[426.118]",13923.9,"[6724.41,2263.76,5809.96,7824.19]","[]","[0]","[]"
140,284500,4407134,364174,-1,223.639,3.71479e+06,1.26205,0.97996,1,1,1,0.99955,1.01265,1,1,0,0,1,"[1]","[1]","[278140]","[1.68028]","[2.19109]","[772312]","[0.0504837]","[1]","[11]","[1]","[0]","[190.39]","[-0.0168174]","[1.19171]",221163,-1.19949,1,"[71706.2]","[0.27995]","[-0.326812]","[75388.5]","[0.994039]","[0]","[0]","[-0.956046]",0,"[]","[]","[]","[]","[]","[]","[]","[]","[]","[]",1,"[292287]","[1.67836]","[2.19625]","[810138]","[0]","[0]","[0]","[-1]",0,"[]","[]","[]","[]","[]","[]","[]","[]","[]","[]",0,"[6426.68]",173.859,"[1797.18]","[]","[4685.59]","[]"
141,284500,6419911,364174,1,223.639,3.71479e+06,0.351687,0.97553,1,1,1,0.983724,1.01265,1,1,0,0,1,"[1]","[1]","[102946]","[1.72589]","[-1.81078]","[298313]","[0.131203]","[1]","[11]","[1]","[5335.43]","[5312.12]","[0.0125733]","[1.03344]",92079.5,-1.93778,6,"[171835,84776.9,63273.9,48702.2,21334.5,20647.7]","[0.743622,0.42906,2.34357,2.45382,0.826757,-0.522426]","[1.20073,0.835863,-1.91373,2.96528,-1.28759,2.10076]","[224182,93623.9,332705,285606,29549.1,24053.4]","[0.999897,0.0917367,0,0,0.903573,0.598078]","[0,0,0,0,0,4]","[0,0,0,0,0,0]","[-0.879437,-0.688487,-0.956292,-0.834861,-0.916895,0.0592568]",0,"[]","[]","[]","[]","[]","[]","[]","[]","[]","[]",1,"[253556]","[0.634205]","[1.07608]","[310876]","[53255.9]","[0]","[1.32105]","[0.741932]",0,"[]","[]","[]","[]","[]","[]","[]","[]","[]","[]",0,"[1840.54]",65162.7,"[6853.82,9873.65,17669.1,2500.86,1763.71,188.679]","[]","[0]","[]"
142,284500,9294913,364174,1,223.639,3.71479e+06,1.24168,1.00588,1,1,1,0.971317,1.00306,1,1,0,0,1,"[1]","[1]","[238333]","[1.02219]","[-1.47545]","[374075]","[-0.00574875]","[1]","[11]","[1]","[0]","[-342.595]","[-0.00492673]","[0.679397]",166318,1.67261,1,"[41087.2]","[1.10243]","[2.47392]","[68838.9]","[0.975434]","[4]","[0]","[-0.286458]",0,"[]","[]","[]","[]","[]","[]","[]","[]","[]","[]",1,"[270044]","[1.00712]","[-1.47467]","[418970]","[-0.00552427]","[0]","[0]","[-1]",0,"[]","[]","[]","[]","[]","[]","[]","[]","[]","[]",0,"[3453.83]",2948.2,"[3476.11]","[]","[5427.69]","[]"
143,284500,9325101,364174,-1,223.639,3.71479e+06,1.32095,0.99211,1,1,1,0.998526,0.9918,1,1,0,0,1,"[1]","[1]","[366939]","[-0.707184]","[-2.48845]","[462583]","[-0.0463772]","[1]","[11]","[1]","[0]","[44.8571]","[0.0304362]","[2.91236]",295410,1.33399,2,"[164487,68276.8]","[-1.89251,-1.13065]","[-0.367664,-0.174317]","[559231,117380]","[0.999077,0.990289]","[0,0]","[0,0]","[-0.52825,0.285187]",0,"[]","[]","[]","[]","[]","[]","[]","[]","[]","[]",1,"[388350]","[-0.689971]","[-2.44947]","[491552]","[82879]","[0]","[1.04003]","[0.598842]",0,"[]","[]","[]","[]","[]","[]","[]","[]","[]","[]",0,"[4020.03]",1256.53,"[8393.8,4948.15]","[]","[9153]","[]"
144,284500,2745486,364174,1,223.639,3.71479e+06,0.738662,0.97014,1,1,1,0.971222,0.96677,1,1,0,0,1,"[1]","[1]","[58916.2]","[0.666256]","[-2.32272]","[72483.5]","[0.0259209]","[-1]","[11]","[1]","[0]","[1285.39]","[0.00649018]","[0.954125]",72035.7,0.051915,4,"[219985,178045,32167.1,30684.2]","[-0.499138,-2.20343,-1.26298,-0.955464]","[2.28553,-1.00969,0.116744,2.43503]","[248588,816163,61914,45956.7]","[0.0567087,0,0.997367,0.994034]","[0,0,4,0]","[0,0,0,0]","[-0.676966,-0.881889,-0.207737,-0.918987]",0,"[]","[]","[]","[]","[]","[]","[]","[]","[]","[]",1,"[258637]","[-0.582116]","[2.27841]","[305179]","[29909.1]","[0]","[2.01906]","[0.434891]",0,"[]","[]","[]","[]","[]","[]","[]","[]","[]","[]",0,"[97.4597]",40.3516,"[2461.05,15882.9,1599.33,3711.63]","[]","[0]","[]"
145,284500,5740444,364174,1,223.639,3.71479e+06,1.32095,0.96323,1,1,1,0.957382,1.00493,1,1,0,0,1,"[1]","[1]","[461725]","[-1.19789]","[-0.98064]","[834559]","[0.0342636]","[-1]","[11]","[1]","[0]","[1933.62]","[0.00375587]","[0.353117]",455822,2.38082,1,"[73321.3]","[2.02133]","[0.800673]","[281680]","[0.995751]","[4]","[0]","[-0.934404]",0,"[]","[]","[]","[]","[]","[]","[]","[]","[]","[]",1,"[479372]","[-1.24652]","[-0.982801]","[902599]","[4285.48]","[0]","[44.671]","[-1]",0,"[]","[]","[]","[]","[]","[]","[]","[]","[]","[]",0,"[6757.77]",24593,"[2315.85]","[]","[2984.31]","[]"
146,284500,9272623,364174,1,223.639,3.71479e+06,1.32095,0.955,1,1,1,1.48826,1.02555,1,1,0,0,1,"[1]","[1]","[47919.9]","[1.92993]","[0.937787]","[168539]","[-0.0691147]","[1]","[11]","[1]","[2951.53]","[-1004.5]","[0.0318225]","[2.99257]",87927,1.94399,2,"[265904,147642]","[-1.6098,-1.54983]","[-1.28994,1.91788]","[691966,363824]","[0.99551,0.9933]","[4,0]","[0,0]","[0.84567,-0.927544]",0,"[]","[]","[]","[]","[]","[]","[]","[]","[]","[]",1,"[258857]","[-1.59843]","[-1.29122]","[666415]","[15676.1]","[0]","[2.3992]","[0.518382]",0,"[]","[]","[]","[]","[]","[]","[]","[]","[]","[]",0,"[100.222]",4836.73,"[3790.9,4803.57]","[]","[0]","[]"
147,284500,4561662,364174,1,223.639,3.71479e+06,0.923924,0.96323,1,1,1,0.966843,1.00493,1,1,0,0,1,"[1]","[1]","[274393]","[-1.17193]","[-0.161331]","[485400]","[-0.0341301]","[1]","[11]","[1]","[1197.08]","[-639.919]","[-0.011439]","[1.07642]",169229,3.0808,1,"[47141.8]","[-1.34379]","[1.85499]","[97067.4]","[0.99]","[4]","[0]","[-0.495935]",0,"[]","[]","[]","[]","[]","[]","[]","[]","[]","[]",1,"[283747]","[-1.17323]","[-0.159199]","[502485]","[0.00552427]","[0]","[0]","[-1]",0,"[]","[]","[]","[]","[]","[]","[]","[]","[]","[]",0,"[4080.22]",5949.81,"[3355.47]","[]","[18885.8]","[]"
148,284500,8696235,364174,1,223.639,3.71479e+06,0.619412,0.96972,1,1,1,0.95961,0.99544,1,1,0,0,1,"[1]","[1]","[267710]","[1.3302]","[-0.752333]","[541607]","[-0.0715408]","[-1]","[11]","[1]","[0]","[9813.42]","[0.0100966]","[1.06178]",171115,2.32636,2,"[67562.6,30108.5]","[-0.0292663,-0.529601]","[2.47627,2.49897]","[68556.6,35113.6]","[0.996384,0.991354]","[4,0]","[0,0]","[0.365804,-0.874834]",0,"[]","[]","[]","[]","[]","[]","[]","[]","[]","[]",1,"[293076]","[1.37525]","[-0.746357]","[616766]","[3193.02]","[0]","[0]","[-1]",0,"[]","[]","[]","[]","[]","[]","[]","[]","[]","[]",0,"[3721.24]",877.391,"[1208.79,2312.95]","[]","[6592.62]","[]"
149,284500,2698241,364174,0.665173,223.639,3.71479e+06,0.923924,1.00588,1,1,1,0.957948,1.00306,1,1,0,0,1,"[1]","[1]","[249391]","[1.10025]","[-2.90756]","[416197]","[-0.0968685]","[-1]","[11]","[1]","[1134.27]","[432.397]","[-0.0107229]","[0.851602]",177939,0.481522,1,"[76159.6]","[1.79823]","[-0.349762]","[236287]","[0.963954]","[4]","[0]","[-0.91314]",0,"[]","[]","[]","[]","[]","[]","[]","[]","[]","[]",1,"[266547]","[1.11756]","[-2.90412]","[451072]","[3139.56]","[0]","[37.8948]","[-1]",0,"[]","[]","[]","[]","[]","[]","[]","[]","[]","[]",0,"[2648.42]",755.844,"[4032.79]","[]","[516.656]","[]"
150,284500,2294955,364174,1,223.639,3.71479e+06,0.934886,0.97738,1,1,1,0.959978,1.00056,1,1,0,0,1,"[1]","[1]","[74179.2]","[0.167025]","[-0.656293]","[75216.3]","[0.0471687]","[1]","[11]","[1]","[0]","[-82.1203]","[-0.0207081]","[2.28989]",32526,2.94089,3,"[388383,375112,31648.1]","[-0.756857,1.13183,1.16764]","[2.13049,-1.01394,2.128]","[505555,642772,56227.2]","[0.995113,0.985174,0.894099]","[4,0,0]","[0,0,0]","[0.635139,-0.481413,-0.904425]",0,"[]","[]","[]","[]","[]","[]","[]","[]","[]","[]",2,"[402123,365019]","[-0.749197,1.13949]","[2.13469,-1.0071]","[520810,629075]","[21735.1,19498.5]","[0,0]","[3.18251,2.50104]","[0.61549,0.542578]",0,"[]","[]","[]","[]","[]","[]","[]","[]","[]","[]",0,"[226.74]",7194.5,"[5731.02,11850.6,2618.99]","[]","[29448.3,39275.5]","[]"
151,284500,9805619,364174,1,223.639,3.71479e+06,0.351687,0.99211,1,1,1,0.998062,0.9918,1,1,0,0,1,"[1]","[1]","[247022]","[-0.798619]","[-2.07578]","[330074]","[-0.01717]","[-1]","[11]","[1]","[0]","[1693.97]","[-0.00476886]","[0.758062]",227422,0.993362,1,"[23280.3]","[-2.0016]","[2.44194]","[87807.4]","[0.969877]","[0]","[0]","[-0.728216]",0,"[]","[]","[]","[]","[]","[]","[]","[]","[]","[]",1,"[269783]","[-0.773559]","[-2.08445]","[354634]","[4276.95]","[0]","[16.4979]","[0.324128]",0,"[]","[]","[]","[]","[]","[]","[]","[]","[]","[]",0,"[1689.2]",10794.5,"[2050.75]","[]","[4349.25]","[]"
152,284500,8273458,364174,1,223.639,3.71479e+06,0.619412,0.95586,1,1,1,0.956519,0.96932,1,1,0,0,1,"[1]","[1]","[31148.7]","[0.633274]","[-2.47311]","[37606.1]","[-0.0887547]","[1]","[11]","[1]","[0]","[1372.83]","[0.00810881]","[0.725346]",67876.3,-0.0701948,5,"[459690,418421,37413.1,37188.8,34723.6]","[-0.662873,0.221468,1.08879,0.659819,1.0893]","[2.39214,-0.757961,-2.90141,0.534129,-2.14069]","[565361,429364,62019.3,46033.1,57710.5]","[0.956311,0.99256,0.98252,0.998626,0.985584]","[4,0,0,0,0]","[0,0,0,0,0]","[-0.281774,-0.955232,-0.671477,-0.771847,-0.879024]",0,"[]","[]","[]","[]","[]","[]","[]","[]","[]","[]",2,"[443933,442073]","[-0.669598,0.213904]","[2.38466,-0.758759]","[547419,452683]","[14460.4,20346.3]","[0,0]","[1.01341,2.95957]","[-1,0.614481]",0,"[]","[]","[]","[]","[]","[]","[]","[]","[]","[]",0,"[152.263]",8594.87,"[10050.7,7046.5,2537.14,2869.35,2526.86]","[]","[40962.8,27259.9]","[]"
153,284500,9503257,364174,-1,223.639,3.71479e+06,1.55465,0.96538,1,1,1,0.998897,0.99741,1,1,0,0,1,"[1]","[1]","[45635.3]","[1.72608]","[-0.884576]","[132264]","[-108.375]","[1]","[11]","[1]","[0]","[68.7951]","[-0.0045886]","[0.355135]",67052.9,1.7566,2,"[357045,308310]","[-0.756572,1.68301]","[3.05641,-0.206273]","[465608,859830]","[0.999557,0.994372]","[0,0]","[0,0]","[-0.621129,-0.855461]",0,"[]","[]","[]","[]","[]","[]","[]","[]","[]","[]",2,"[359102,343449]","[1.70487,-0.731652]","[-0.294331,3.04684]","[1.02428e+06,441176]","[90310.4,37833]","[0,0]","[1.66966,1.70046]","[0.439001,0.63921]",0,"[]","[]","[]","[]","[]","[]","[]","[]","[]","[]",0,"[133.568]",16334,"[9733.04,5803.67]","[]","[167.594,12905.5]","[]"
154,284500,7298396,364174,1,223.639,3.71479e+06,1.24168,0.98428,1,1,1,0.977301,1.00121,1,1,0,0,1,"[1]","[1]","[281907]","[-1.94095]","[-0.542555]","[1.00203e+06]","[-0.0875549]","[-1]","[11]","[1]","[0]","[-1724.46]","[0.0233403]","[1.45832]",229852,2.59653,4,"[29177.5,26004.8,25480,20509.3]","[-1.93932,-0.739316,0.843545,-1.91871]","[-2.87393,0.976277,0.485105,2.93264]","[103622,33747.8,35568.3,71384.1]","[0.988327,0.97759,0.979654,0.898412]","[0,0,4,0]","[0,0,0,0]","[-0.469939,-0.772754,-0.916981,-0.650843]",0,"[]","[]","[]","[]","[]","[]","[]","[]","[]","[]",1,"[290529]","[-1.95042]","[-0.540667]","[1.0421e+06]","[0]","[0]","[0]","[-1]",0,"[]","[]","[]","[]","[]","[]","[]","[]","[]","[]",0,"[5093.09]",11178.8,"[3627.46,3475.67,2544.23,1122.16]","[]","[22156.8]","[]"
155,284500,4997548,364174,1,223.639,3.71479e+06,0.553627,0.97446,1,1,1,0.96341,0.98483,1,1,0,0,1,"[1]","[1]","[53360]","[-0.356682]","[-1.69593]","[56790.4]","[0.0473633]","[1]","[11]","[1]","[0]","[3409.04]","[0.00917855]","[1.29942]",92311.3,0.601714,6,"[194655,118254,48819.8,45437.1,45250.9,22794.8]","[-0.515014,1.77925,0.0191727,1.1593,1.35765,1.02967]","[2.59594,-1.29015,1.09892,0.252747,-0.889749,-2.38995]","[221795,361157,50098.5,79967.1,94460,36168.6]","[0.993538,0.893858,0.996016,0.995859,0.945337,0.869882]","[0,0,4,0,0,0]","[0,0,0,0,0,0]","[-0.918486,-0.842203,-0.0646661,-0.697314,-0.87113,-0.968479]",0,"[]","[]","[]","[]","[]","[]","[]","[]","[]","[]",1,"[258011]","[-0.396689]","[2.56773]","[280208]","[30171.1]","[0]","[1.76494]","[0.688786]",0,"[]","[]","[]","[]","[]","[]","[]","[]","[]","[]",0,"[54.5265]",10770.2,"[3270.06,5540.88,5154.12,5648.14,4096.72,1753.64]","[]","[4932.22]","[]"
156,284500,8140471,364174,1,223.639,3.71479e+06,1.32095,0.97826,1,1,1,0.999191,1.00493,1,1,0,0,1,"[1]","[1]","[121360]","[-1.22674]","[-1.62011]","[224720]","[0.0807076]","[1]","[11]","[1]","[1489.79]","[3659.81]","[-0.00940785]","[0.257013]",214422,1.6987,1,"[100998]","[-0.97163]","[-1.19835]","[152946]","[0.999206]","[0]","[0]","[-0.867679]",0,"[]","[]","[]","[]","[]","[]","[]","[]","[]","[]",1,"[256132]","[-1.13423]","[-1.45577]","[442188]","[50245.4]","[0]","[1.0866]","[0.629106]",0,"[]","[]","[]","[]","[]","[]","[]","[]","[]","[]",0,"[1062.69]",2813.69,"[3791.7]","[]","[5237.2]","[]"
157,284500,4772929,364174,1,223.639,3.71479e+06,1.21412,0.95968,1,1,1,0.994781,0.97155,1,1,0,0,1,"[1]","[1]","[98282.2]","[2.44854]","[1.62212]","[572881]","[-0.0344143]","[1]","[11]","[1]","[0]","[725.501]","[-0.00843773]","[0.483599]",81098,-2.36538,5,"[260718,197488,159923,83911.9,26571.8]","[-1.16805,1.44238,0.538145,2.08094,-1.79319]","[0.622412,3.0696,-1.50329,-0.965432,1.93244]","[459983,441507,183894,341477,82162.2]","[0.0752912,0,0.253445,0.998162,0.996434]","[0,0,0,0,0]","[0,0,0,0,0]","[-0.796093,-0.571849,-0.720822,-0.376686,-0.36268]",0,"[]","[]","[]","[]","[]","[]","[]","[]","[]","[]",1,"[253945]","[-1.17422]","[0.622179]","[453861]","[58489.8]","[0]","[3.65335]","[0.441827]",0,"[]","[]","[]","[]","[]","[]","[]","[]","[]","[]",0,"[2474.36]",10412,"[6554.24,9665.25,3072.22,3325.21,1728.06]","[]","[1569.52]","[]"
158,284500,6547955,364174,1.14833,223.639,3.71479e+06,1.26459,0.98697,1,1,1,0.983079,1.00582,1,1,0,0,1,"[1]","[1]","[285769]","[-0.262303]","[2.72433]","[295656]","[0.0582719]","[1]","[11]","[1]","[0]","[-156.395]","[0.0110681]","[1.72068]",265818,-0.592351,4,"[43004.9,41949.2,30033.9,22908.3]","[1.46448,0.150932,1.1394,0.821712]","[1.52126,-0.709262,1.26744,2.91718]","[98141.4,42907.4,51822.2,31556.1]","[0.884332,0.943423,0.998569,1]","[0,0,0,4]","[0,0,0,0]","[-0.926806,-0.881407,-0.948771,0.210391]",0,"[]","[]","[]","[]","[]","[]","[]","[]","[]","[]",1,"[296238]","[-0.262245]","[2.71792]","[306483]","[0.00662337]","[0]","[0]","[-1]",0,"[]","[]","[]","[]","[]","[]","[]","[]","[]","[]",0,"[1520.31]",1498.06,"[6195.88,2086.59,2743.95,1214.39]","[]","[4436.78]","[]"
159,284500,7209094,364174,1.05974,223.639,3.71479e+06,1.32095,0.97003,1,1,1,1.07672,0.97256,1,1,0,0,1,"[1]","[1]","[43399.3]","[0.97453]","[-1.23789]","[65691.1]","[-47.4955]","[-1]","[11]","[1]","[0]","[1467.38]","[-0.0157737]","[1.66118]",72543.6,1.21661,5,"[287301,278797,147620,48768.3,46067.4]","[1.89147,0.50612,2.26499,0.352178,-1.00469]","[1.1231,-1.60035,3.09658,1.58471,-1.15218]","[974128,316738,718634,52705,71706.6]","[0.995148,0.999865,0.99812,0.995285,0.994868]","[0,0,0,0,0]","[0,0,0,0,0]","[-0.590279,0.897245,-0.830859,-0.757811,0.438836]",0,"[]","[]","[]","[]","[]","[]","[]","[]","[]","[]",2,"[332888,282364]","[0.587896,1.89573]","[-1.54537,1.12685]","[398272,961198]","[69891.8,12654.5]","[0,0]","[1.60425,2.69986]","[0.722916,0.364012]",0,"[]","[]","[]","[]","[]","[]","[]","[]","[]","[]",0,"[29.3678]",10200.2,"[4725.92,9477.67,3527.52,4394.34,4529.99]","[]","[16053.4,15277.7]","[]"
160,284500,6870274,364174,1,223.639,3.71479e+06,0.619412,0.99211,1,1,1,0.982034,0.9918,1,1,0,0,1,"[1]","[1]","[375688]","[-0.684722]","[0.533642]","[467253]","[-0.0226326]","[-1]","[11]","[1]","[0]","[544.359]","[0.0102261]","[1.37158]",348972,-2.49626,1,"[25646.3]","[0.749521]","[2.31432]","[33475.9]","[0.99874]","[4]","[0]","[-0.385631]",0,"[]","[]","[]","[]","[]","[]","[]","[]","[]","[]",1,"[385121]","[-0.718415]","[0.535799]","[488868]","[3676.91]","[0]","[21.2103]","[-1]",0,"[]","[]","[]","[]","[]","[]","[]","[]","[]","[]",0,"[2695.7]",9018.91,"[1978.54]","[]","[19583.2]","[]"
161,284500,6673623,364174,1,223.639,3.71479e+06,1.25133,0.95055,1,1,1,0.997955,0.97731,1,1,0,0,1,"[1]","[1]","[28381.2]","[0.84246]","[-2.49389]","[39062.8]","[-0.0398865]","[1]","[11]","[1]","[0]","[-179.974]","[0.0282047]","[2.61659]",97613.1,-2.88707,2,"[234754,31971.7]","[1.02018,-1.64266]","[0.32607,-1.92618]","[369041,85964.1]","[0.998901,0.986408]","[0,0]","[0,0]","[-0.506682,-0.592143]",0,"[]","[]","[]","[]","[]","[]","[]","[]","[]","[]",1,"[262854]","[1.03632]","[0.324588]","[418110]","[29135]","[0]","[2.28206]","[0.601539]",0,"[]","[]","[]","[]","[]","[]","[]","[]","[]","[]",0,"[139.85]",27401.5,"[3242.82,1902.82]","[]","[10305.4]","[]"
162,284500,719898,364174,-1,223.639,3.71479e+06,0.923924,0.95061,1,1,1,0.994034,0.95105,1,1,0,0,1,"[1]","[1]","[30352.8]","[-0.672307]","[0.11278]","[37474.8]","[-12.6344]","[1]","[11]","[1]","[0]","[672.155]","[-0.0328133]","[2.95733]",26454.9,-1.17495,6,"[214852,145540,116260,78970.8,45128.7,35852]","[1.86088,-0.689558,1.6206,-0.748202,2.13325,1.33995]","[0.246777,-2.94412,-2.79869,2.64738,0.685587,-0.660869]","[707875,181963,305885,102462,193269,73831.8]","[0.984271,0.999313,0.996026,0.0672251,0.999325,0.76048]","[0,0,0,0,0,0]","[0,0,0,0,0,0]","[-0.472501,-0.902575,-0.924075,-0.982198,-0.514483,-0.810594]",0,"[]","[]","[]","[]","[]","[]","[]","[]","[]","[]",1,"[271310]","[1.90013]","[0.300182]","[930376]","[74568.9]","[0]","[1.97393]","[0.699555]",0,"[]","[]","[]","[]","[]","[]","[]","[]","[]","[]",0,"[72.5841]",8391.02,"[5850.47,7781.87,5615.02,2128.98,4252.92,2138.11]","[]","[0]","[]"
163,284500,5964503,364174,1.85416,223.639,3.71479e+06,0.351687,0.99242,1,1,1,0.999605,0.99765,1,1,0,0,1,"[1]","[1]","[217731]","[0.658243]","[0.389254]","[266628]","[-0.00371552]","[1]","[11]","[1]","[0]","[-258.286]","[0.000308218]","[0.0445069]",133107,-2.95635,1,"[69368.5]","[-0.606354]","[-2.42583]","[83330.9]","[0.99]","[0]","[0]","[-0.0754211]",0,"[]","[]","[]","[]","[]","[]","[]","[]","[]","[]",1,"[250912]","[0.643816]","[0.420196]","[305866]","[26276.2]","[0]","[1.61624]","[0.552254]",0,"[]","[]","[]","[]","[]","[]","[]","[]","[]","[]",0,"[1421.84]",3128.29,"[2159.57]","[]","[15611.2]","[]"
164,284500,9364599,364174,-1.22753,223.639,3.71479e+06,0.923924,0.97695,1,1,1,0.960522,0.98743,1,1,0,0,1,"[1]","[1]","[289484]","[-0.0152288]","[-1.12507]","[289517]","[0.0856781]","[1]","[11]","[1]","[0]","[2280.85]","[-0.00261606]","[0.393873]",252377,1.6523,2,"[63602.7,40714.3]","[-1.7601,-0.856325]","[-2.97649,2.7614]","[190678,56874.5]","[0.99029,0.999985]","[4,0]","[0,0]","[-0.548429,-0.774679]",0,"[]","[]","[]","[]","[]","[]","[]","[]","[]","[]",1,"[306274]","[-0.061769]","[-1.12914]","[306908]","[5531.44]","[0]","[24.2514]","[0.446709]",0,"[]","[]","[]","[]","[]","[]","[]","[]","[]","[]",0,"[1715.98]",809.938,"[3954.69,3409.58]","[]","[5879.44]","[]"
165,284500,5988007,364174,1,223.639,3.71479e+06,0.75088,0.99211,1,1,1,0.960218,0.9918,1,1,0,0,1,"[1]","[1]","[259668]","[-0.762212]","[2.98429]","[338821]","[0.0522423]","[-1]","[11]","[1]","[0]","[4054.45]","[0.0191841]","[1.91657]",206509,0.112905,1,"[76565.4]","[0.0991311]","[-1.06073]","[77886.8]","[0.755518]","[4]","[0]","[-0.0208691]",0,"[]","[]","[]","[]","[]","[]","[]","[]","[]","[]",1,"[285799]","[-0.743778]","[2.99268]","[368603]","[5333.26]","[0]","[12.9621]","[0.625267]",0,"[]","[]","[]","[]","[]","[]","[]","[]","[]","[]",0,"[2338.22]",6592.69,"[2098.9]","[]","[22126.7]","[]"
166,284500,3378267,364174,1,223.639,3.71479e+06,1.55465,0.95055,1,1,1,0.946653,0,1,1,0,0,1,"[1]","[1]","[25063]","[0.926781]","[0.154957]","[36619.5]","[-0.0574074]","[1]","[11]","[1]","[0]","[-463.146]","[0.0253054]","[2.36246]",70665.5,-1.01739,2,"[1.11102e+06,1.03293e+06]","[-0.400197,-0.148462]","[2.12866,-1.03782]","[1.20135e+06,1.04531e+06]","[0.993204,0.999335]","[0,4]","[0,0]","[-0.777945,-0.861278]",0,"[]","[]","[]","[]","[]","[]","[]","[]","[]","[]",2,"[1.11366e+06,1.07615e+06]","[-0.378714,-0.128747]","[2.12902,-1.04029]","[1.19448e+06,1.08529e+06]","[0.015625,20948.9]","[0,0]","[0,4.99529]","[-1,0.161412]",0,"[]","[]","[]","[]","[]","[]","[]","[]","[]","[]",0,"[97.5112]",16261.7,"[25043.3,15032]","[]","[38887,36188.8]","[]"
167,284500,6832722,364174,-2.36732,223.639,3.71479e+06,0.75088,0.97921,1,1,1,0.955491,1.00192,1,1,0,0,1,"[1]","[1]","[69757.2]","[-0.279014]","[2.88165]","[72490.1]","[0.000549316]","[1]","[11]","[1]","[0]","[854.582]","[-0.0023492]","[0.21457]",13745.2,-3.05944,3,"[613735,570917,57871.3]","[1.79098,-2.19083,-1.20954]","[-0.730182,2.41793,0.435614]","[1.89114e+06,2.58494e+06,105707]","[0,0,0.995601]","[0,0,4]","[0,0,0]","[-0.81972,-0.84215,0.204016]",0,"[]","[]","[]","[]","[]","[]","[]","[]","[]","[]",1,"[681156]","[1.79807]","[-0.728825]","[2.1129e+06]","[20718.9]","[0]","[0.0410489]","[0.261908]",0,"[]","[]","[]","[]","[]","[]","[]","[]","[]","[]",0,"[209.717]",1784.85,"[12264.7,43767.5,1924.03]","[]","[3795.38]","[]"
168,284500,6487234,364174,1,223.639,3.71479e+06,1.21412,0.98089,1,1,1,0.961573,0.99866,1,1,0,0,1,"[1]","[1]","[240614]","[-0.892735]","[2.82679]","[343035]","[-0.048027]","[1]","[11]","[1]","[0]","[-365.822]","[-0.000664982]","[0.106463]",174329,-0.532739,2,"[61286.7,49697.2]","[0.158352,0.0458615]","[0.386881,-0.718255]","[62269.6,50484.8]","[0.976063,0.992761]","[4,0]","[0,0]","[-0.698622,-0.932006]",0,"[]","[]","[]","[]","[]","[]","[]","[]","[]","[]",1,"[258530]","[-0.905311]","[2.82128]","[371912]","[1233.02]","[0]","[65.0358]","[-1]",0,"[]","[]","[]","[]","[]","[]","[]","[]","[]","[]",0,"[2316.63]",12905.7,"[1442.72,4906.9]","[]","[0]","[]"
169,284500,9738973,364174,-1,223.639,3.71479e+06,0.553627,0.97695,1,1,1,0.999118,0.98743,1,1,0,0,1,"[1]","[1]","[197332]","[-0.0912291]","[-2.1447]","[198154]","[0.0216961]","[1]","[11]","[1]","[0]","[-466.978]","[0.0176787]","[3.61155]",331613,0.838551,2,"[84216,59653.2]","[-0.935012,-0.743383]","[-2.88033,-2.11739]","[124461,77747.7]","[0.999511,0.994215]","[0,0]","[0,0]","[-0.944841,-0.303901]",0,"[]","[]","[]","[]","[]","[]","[]","[]","[]","[]",1,"[304028]","[-0.382163]","[-2.25797]","[357203]","[144881]","[0]","[1.18753]","[0.340795]",0,"[]","[]","[]","[]","[]","[]","[]","[]","[]","[]",0,"[1092.38]",1206.34,"[6146.38,4197.66]","[]","[17735.7]","[]"
170,284500,9964917,364174,1,223.639,3.71479e+06,1.26459,0.95684,1,1,1,0.96103,0.96497,1,1,0,0,1,"[1]","[1]","[33070.3]","[-0.988386]","[0.813179]","[50582.2]","[131.796]","[1]","[11]","[1]","[1616.3]","[-764.991]","[-0.00553299]","[0.497371]",32964.8,0.343554,5,"[281149,135004,115033,71874.2,55786.1]","[-0.543497,-1.2221,-0.739001,2.411,-0.512234]","[1.58894,-1.24535,-1.43734,-2.37055,-2.88242]","[324246,249313,148301,403771,63621.4]","[1,0.991429,0.996929,0,0.999251]","[0,0,0,4,0]","[0,0,0,0,0]","[-0.661242,0.458135,-0.901961,-0.728022,-0.800049]",0,"[]","[]","[]","[]","[]","[]","[]","[]","[]","[]",1,"[302476]","[-0.642205]","[1.51019]","[374009]","[71949.6]","[0]","[1.33849]","[0.344167]",0,"[]","[]","[]","[]","[]","[]","[]","[]","[]","[]",0,"[110.352]",3941.95,"[4885.58,7978.23,4059.03,3768.96,4375.78]","[]","[2389.78]","[]"
171,284500,3217815,364174,1,223.639,3.71479e+06,1.55465,0.97738,1,1,1,0.971691,1.00056,1,1,0,0,1,"[1]","[1]","[65528.5]","[0.261005]","[-2.80268]","[67773.2]","[-0.0200577]","[-1]","[11]","[1]","[2072.98]","[633.012]","[-0.0233802]","[3.50647]",126762,0.979764,5,"[185620,51334.1,36370.8,35898.6,34004.4]","[0.790758,-0.551826,-0.0481448,-2.30326,-1.43229]","[-3.07333,0.232137,1.88886,-1.61612,-0.69154]","[247890,60494.6,36869.8,181614,75539.6]","[0.193854,0.997339,0.823918,0.993011,1]","[0,0,0,4,0]","[0,0,0,0,0]","[-0.751367,0.710927,-0.878233,0.353908,-0.324638]",0,"[]","[]","[]","[]","[]","[]","[]","[]","[]","[]",1,"[266826]","[0.676919]","[-3.00037]","[333242]","[43965.3]","[0]","[0.981788]","[0.619499]",0,"[]","[]","[]","[]","[]","[]","[]","[]","[]","[]",0,"[355.3]",1002.34,"[3512.12,2005.89,2980.32,2689.62,3294.19]","[]","[1121.69]","[]"
172,284500,6988804,364174,-1,223.639,3.71479e+06,1.25133,1.00588,1,1,1,0.999284,1.00306,1,1,0,0,1,"[1]","[1]","[355002]","[0.8712]","[-1.8911]","[498464]","[0.0190811]","[1]","[11]","[1]","[2892.16]","[4139.58]","[-0.00723253]","[0.873247]",361073,1.14218,1,"[55791.6]","[1.70729]","[2.67437]","[159265]","[0.967534]","[0]","[0]","[-0.888716]",0,"[]","[]","[]","[]","[]","[]","[]","[]","[]","[]",1,"[367588]","[0.896261]","[-1.89795]","[525379]","[-0.0078125]","[0]","[0]","[-1]",0,"[]","[]","[]","[]","[]","[]","[]","[]","[]","[]",0,"[4195.55]",5.125,"[2239.94]","[]","[3748.78]","[]"
173,284500,6157703,364174,-0.381502,223.639,3.71479e+06,1.24168,0.97994,1,1,1,1.56695,1.00632,1,1,0,0,1,"[1]","[1]","[275975]","[0.304243]","[1.70857]","[288846]","[0.0780449]","[-1]","[11]","[1]","[1125.34]","[-248.266]","[-0.0224313]","[3.47177]",245293,-1.5451,2,"[64410.2,29795.5]","[1.38194,-1.82704]","[-1.43618,0.958849]","[136624,95145]","[1,0.980043]","[4,0]","[0,0]","[-0.834009,0.926835]",0,"[]","[]","[]","[]","[]","[]","[]","[]","[]","[]",1,"[287220]","[0.273768]","[1.71084]","[298112]","[6036.3]","[0]","[78.461]","[-1]",0,"[]","[]","[]","[]","[]","[]","[]","[]","[]","[]",0,"[1456.15]",797.109,"[2084.33,2105.73]","[]","[7919.97]","[]"
174,284500,8469071,364174,1,223.639,3.71479e+06,1.24168,0.96323,1,1,1,0.985723,1.00493,1,1,0,0,1,"[1]","[1]","[284890]","[-1.17458]","[0.871658]","[505072]","[0.120335]","[1]","[11]","[1]","[0]","[1022.82]","[0.00741305]","[0.991872]",302643,-2.21718,3,"[29582.4,28869.9,25439]","[-1.04064,-2.47629,-0.710612]","[-1.25333,-1.21434,1.31951]","[47681.3,172981,32684.5]","[0.977759,0.963993,0.99566]","[0,4,0]","[0,0,0]","[-0.802076,-0.589586,-0.738697]",0,"[]","[]","[]","[]","[]","[]","[]","[]","[]","[]",1,"[303565]","[-1.19986]","[0.864363]","[549594]","[2387.89]","[0]","[17.6376]","[-1]",0,"[]","[]","[]","[]","[]","[]","[]","[]","[]","[]",0,"[5303.81]",2118.59,"[3261.42,3057.91,1820.46]","[]","[6456.06]","[]"
175,284500,3169366,364174,0.690336,223.639,3.71479e+06,1.55465,0.96323,1,1,1,0.965566,1.00493,1,1,0,0,1,"[1]","[1]","[189370]","[-1.32745]","[-2.95745]","[382201]","[-0.0906887]","[1]","[11]","[1]","[0]","[335.044]","[-0.0288921]","[2.48153]",250152,0.323528,1,"[117114]","[-0.801768]","[-2.70699]","[157295]","[0.998967]","[4]","[0]","[-0.943379]",0,"[]","[]","[]","[]","[]","[]","[]","[]","[]","[]",1,"[303886]","[-1.18043]","[-2.87597]","[549892]","[96480.4]","[0]","[0.568732]","[0.818749]",0,"[]","[]","[]","[]","[]","[]","[]","[]","[]","[]",0,"[2099.83]",9625.48,"[9650.25]","[]","[1836.91]","[]"
176,284500,6545245,364174,1,223.639,3.71479e+06,1.1961,0.98916,1,1,1,0.994415,0.99765,1,1,0,0,1,"[0]","[1]","[113813]","[0.733142]","[2.02918]","[145795]","[0.0333557]","[1]","[11]","[1]","[0]","[1329.42]","[0.0172573]","[2.24093]",11962.6,2.11287,6,"[341005,144321,114150,33207.8,22833.5,22675.8]","[0.38994,0.0505261,1.06786,0.521114,-0.199599,1.34186]","[-0.817282,2.61825,2.51846,2.56076,-0.675688,-1.05669]","[368537,147812,186179,38301.7,23836.2,46602.6]","[1,0.996444,0.992607,0.994981,0.96722,0.938347]","[0,0,0,0,0,0]","[0,0,0,0,0,0]","[-0.921545,-0.958227,-0.857842,-0.89136,-0.889054,-0.901283]",0,"[]","[]","[]","[]","[]","[]","[]","[]","[]","[]",2,"[350222,328374]","[0.562914,0.376256]","[2.37984,-0.815311]","[450012,351971]","[191590,7425.71]","[0,0]","[1.13782,3.68041]","[0.474836,0.269538]",0,"[]","[]","[]","[]","[]","[]","[]","[]","[]","[]",0,"[668.98]",31307.9,"[7706.39,2978.39,2734.45,4159.89,3899.11,1971.3]","[]","[15513.1,3495.94]","[]"
177,284500,5758460,364174,-1,223.639,3.71479e+06,0.75088,0.99242,1,1,1,0.998685,0.99765,1,1,0,0,1,"[1]","[1]","[307562]","[0.748115]","[-0.388604]","[397719]","[-0.00259686]","[1]","[11]","[1]","[1072.71]","[822.635]","[-0.0338513]","[4.60377]",259596,3.0174,3,"[47939.6,42837.5,30730.4]","[-0.486682,-0.418618,0.803797]","[2.65175,1.14802,1.36793]","[54245.2,46932.1,41886.8]","[0.994247,0.990861,0.629914]","[0,0,0]","[0,0,0]","[-0.876244,-0.405084,-0.758684]",0,"[]","[]","[]","[]","[]","[]","[]","[]","[]","[]",1,"[329205]","[0.755775]","[-0.382498]","[427790]","[1639.34]","[0]","[0]","[-1]",0,"[]","[]","[]","[]","[]","[]","[]","[]","[]","[]",0,"[2130.5]",3396.84,"[3947.81,2512.57,1321.76]","[]","[5480.88]","[]"
178,284500,8414845,364174,-1,223.639,3.71479e+06,1.26459,0.97738,1,1,1,0.959836,1.00056,1,1,0,0,1,"[1]","[1]","[73876]","[0.212824]","[1.06989]","[75555.4]","[-10.7706]","[1]","[11]","[1]","[0]","[-538.075]","[0.0154148]","[1.76628]",12605.8,-2.47262,5,"[325572,192737,162042,67849.7,23986.9]","[0.216261,-0.368318,-2.43192,1.24221,-1.32365]","[-0.153686,-3.12273,2.85204,-1.22531,1.99656]","[334217,207575,929422,127786,48465.6]","[0.989103,0.983367,0.975833,0,0.623076]","[0,0,0,4,0]","[0,0,0,0,0]","[-0.973838,-0.962362,-0.592423,-0.952176,-0.807135]",0,"[]","[]","[]","[]","[]","[]","[]","[]","[]","[]",1,"[312035]","[0.203558]","[-0.147681]","[319010]","[17633.3]","[0]","[2.32032]","[0.468609]",0,"[]","[]","[]","[]","[]","[]","[]","[]","[]","[]",0,"[241.921]",3569.46,"[11155.8,3905.01,8013.81,2498.7,1193.66]","[]","[1510.34]","[]"
179,284500,7400946,364174,1,223.639,3.71479e+06,1.1961,0.98697,1,1,1,0.944053,1.00582,1,1,0,0,1,"[1]","[1]","[291369]","[-0.466109]","[2.39744]","[323598]","[-0.0181046]","[1]","[11]","[1]","[0]","[-1392.52]","[-0.0348157]","[2.6719]",242224,-0.827892,2,"[86065.9,24267.6]","[-0.567455,-1.04671]","[-0.419446,-2.70327]","[101410,38961]","[0.999557,0.966398]","[4,4]","[0,0]","[-0.972202,-0.927661]",0,"[]","[]","[]","[]","[]","[]","[]","[]","[]","[]",1,"[298016]","[-0.486987]","[2.39669]","[334085]","[4210.05]","[0]","[0]","[-1]",0,"[]","[]","[]","[]","[]","[]","[]","[]","[]","[]",0,"[1551]",24014.8,"[1714.45,1863.88]","[]","[4625.03]","[]"
180,284500,7414723,364174,-1,223.639,3.71479e+06,1.74563,1,1,1,1,0.999257,1,1,1,0,0,1,"[1]","[1]","[177554]","[0.00088437]","[-3.04397]","[177554]","[-0.145041]","[1]","[11]","[0]","[0]","[1460.23]","[-0.0481258]","[7.69425]",193039,-0.0833244,2,"[74647.3,60001]","[0.850482,-0.376213]","[-3.11503,0.737525]","[103837,64810.4]","[0.997844,0.942714]","[0,0]","[0,0]","[-0.912535,-0.828662]",0,"[]","[]","[]","[]","[]","[]","[]","[]","[]","[]",1,"[253030]","[0.282365]","[-3.07412]","[287300]","[115218]","[0]","[0.486864]","[0.513114]",0,"[]","[]","[]","[]","[]","[]","[]","[]","[]","[]",0,"[1030.97]",3672.73,"[3759.22,2108.86]","[]","[0]","[]"
181,284500,9829154,364174,1,223.639,3.71479e+06,0.75088,0.98916,1,1,1,0.958288,0.99765,1,1,0,0,1,"[1]","[1]","[107687]","[0.780073]","[-0.882195]","[142147]","[0.0305328]","[-1]","[11]","[1]","[2958.63]","[-584.458]","[0.0035444]","[0.412047]",78913,0.0803562,3,"[171019,103098,27063.3]","[-1.16121,-1.14339,2.498]","[3.11517,2.26085,-0.542416]","[299937,178875,165740]","[0,0.99948,0.0102134]","[0,4,0]","[0,0,0]","[-0.982347,-0.920816,-0.810161]",0,"[]","[]","[]","[]","[]","[]","[]","[]","[]","[]",1,"[252767]","[-1.2388]","[2.79887]","[481686]","[91962.3]","[0]","[0.737824]","[0.521442]",0,"[]","[]","[]","[]","[]","[]","[]","[]","[]","[]",0,"[580.238]",20034.8,"[5300.81,3006.82,4069.44]","[]","[10982.1]","[]"
182,284500,9752879,364174,1,223.639,3.71479e+06,1.26459,0.97994,1,1,1,0.999038,1.00632,1,1,0,0,1,"[1]","[1]","[281318]","[0.569688]","[3.00045]","[328216]","[-0.0277615]","[1]","[11]","[1]","[5681.4]","[3336.24]","[0.0152472]","[1.73208]",238212,-0.442474,2,"[64355.4,31753.3]","[-1.08684,0.646779]","[1.15911,0.0511186]","[106688,39151.8]","[0.986156,0.998584]","[0,0]","[0,0]","[-0.8242,-0.555364]",0,"[]","[]","[]","[]","[]","[]","[]","[]","[]","[]",1,"[301652]","[0.575198]","[2.99221]","[353187]","[13064.6]","[0]","[8.55196]","[0.348704]",0,"[]","[]","[]","[]","[]","[]","[]","[]","[]","[]",0,"[1485.6]",2659.47,"[3070.07,3592.29]","[]","[14576.1]","[]"
183,284500,5684722,364174,-1,223.639,3.71479e+06,1.21412,0.99242,1,1,1,0.969986,0.99765,1,1,0,0,1,"[1]","[1]","[292355]","[0.732647]","[0.874482]","[374392]","[-0.0322609]","[1]","[11]","[1]","[0]","[1177.86]","[-0.0245277]","[2.80706]",258226,-2.05776,1,"[40548.9]","[1.8911]","[-2.73809]","[137464]","[1]","[4]","[0]","[-0.808655]",0,"[]","[]","[]","[]","[]","[]","[]","[]","[]","[]",1,"[307981]","[0.721555]","[0.867344]","[391696]","[1164.61]","[0]","[18.7942]","[-1]",0,"[]","[]","[]","[]","[]","[]","[]","[]","[]","[]",0,"[1921.57]",11695,"[2704.64]","[]","[18127.6]","[]"
184,284500,8729328,364174,-1,223.639,3.71479e+06,1.21412,0.98697,1,1,1,0.998985,1.00582,1,1,0,0,1,"[1]","[1]","[409580]","[-0.238441]","[1.84857]","[421279]","[0.0587158]","[-1]","[11]","[1]","[0]","[3363.45]","[-0.00127002]","[0.211062]",281057,-1.47398,2,"[87754.9,51347.3]","[0.0648508,-0.679328]","[-0.829691,-1.07813]","[88234.2,64380.8]","[0.997923,0.999741]","[0,0]","[0,0]","[-0.75744,-0.840597]",0,"[]","[]","[]","[]","[]","[]","[]","[]","[]","[]",1,"[432376]","[-0.21674]","[1.84244]","[442576]","[1859.24]","[0]","[52.1395]","[-1]",0,"[]","[]","[]","[]","[]","[]","[]","[]","[]","[]",0,"[4673.39]",869.281,"[3146.55,2380.73]","[]","[35682.8]","[]"
185,284500,7853320,364174,1,223.639,3.71479e+06,1.1961,0.98089,1,1,1,0.955067,0.99866,1,1,0,0,1,"[1]","[1]","[249703]","[-0.783254]","[-0.55596]","[330295]","[0.0459213]","[1]","[11]","[1]","[0]","[-187.268]","[0.00628268]","[0.754511]",311685,2.69214,2,"[52614.8,21632.3]","[-2.06015,-1.82509]","[0.044196,-0.350495]","[210051,68890.5]","[0.904456,0.981151]","[4,4]","[0,0]","[-0.72239,0.0900285]",0,"[]","[]","[]","[]","[]","[]","[]","[]","[]","[]",1,"[251446]","[-0.811298]","[-0.560491]","[338862]","[4144.08]","[0]","[2.18802]","[-1]",0,"[]","[]","[]","[]","[]","[]","[]","[]","[]","[]",0,"[2478.34]",16545.6,"[4026.9,1197.54]","[]","[0]","[]"
186,284500,3031448,364174,1,223.639,3.71479e+06,0.696077,0.96445,1,1,1,0.976487,1.00001,1,1,0,0,1,"[1]","[1]","[47648]","[-1.93014]","[2.01733]","[167615]","[0.0865021]","[1]","[11]","[1]","[0]","[1824.95]","[-0.0251117]","[1.77077]",136005,-1.7209,5,"[322574,202996,109305,42739.2,28093.3]","[-1.20805,1.36328,-1.89483,-2.49559,-0.560329]","[1.19818,-2.20047,-1.51987,1.87314,0.162677]","[588348,423388,371911,261027,32980.2]","[0,0.886892,0.178127,0.0486978,0.9824]","[0,0,0,0,4]","[0,0,0,0,0]","[-0.792096,-0.873928,-0.813466,-0.857029,-0.559293]",0,"[]","[]","[]","[]","[]","[]","[]","[]","[]","[]",1,"[316263]","[-1.21874]","[1.19365]","[582029]","[19878.6]","[0]","[3.19792]","[0.571064]",0,"[]","[]","[]","[]","[]","[]","[]","[]","[]","[]",0,"[106.084]",11647.9,"[15289.3,5845.87,3017.71,3387.31,5918.17]","[]","[1164.91]","[]"
187,284500,7707406,364174,-1,223.639,3.71479e+06,1.32095,0.9823,1,1,1,0.963476,1.00632,1,1,0,0,1,"[1]","[1]","[99929.9]","[0.468373]","[-2.85306]","[111093]","[0.0120468]","[1]","[11]","[1]","[0]","[62.962]","[0.00312589]","[0.341614]",84705.9,2.32456,3,"[250610,158195,55706.6]","[1.32846,2.37323,-0.472663]","[-0.355418,2.92744,-0.237643]","[506870,856531,62594.2]","[0,0.141769,0.99181]","[0,0,4]","[0,0,0]","[-0.84273,-0.968812,-0.934396]",0,"[]","[]","[]","[]","[]","[]","[]","[]","[]","[]",1,"[258655]","[1.34203]","[-0.357577]","[529361]","[26253.6]","[0]","[1.86174]","[0.745757]",0,"[]","[]","[]","[]","[]","[]","[]","[]","[]","[]",0,"[294.414]",6488.43,"[11158.9,3357.91,3188.14]","[]","[17521.5]","[]"
188,284500,9977193,364174,1,223.639,3.71479e+06,0.696077,0.98697,1,1,1,0.967645,1.00582,1,1,0,0,1,"[1]","[1]","[285100]","[-0.50014]","[1.17985]","[321507]","[-0.00362968]","[-1]","[11]","[1]","[0]","[-1815.77]","[0.00283399]","[0.535467]",163818,-2.36464,1,"[148847]","[-0.83498]","[-1.56675]","[204110]","[0.997677]","[4]","[0]","[-0.789935]",0,"[]","[]","[]","[]","[]","[]","[]","[]","[]","[]",1,"[294357]","[-0.514734]","[1.18424]","[334221]","[-0.00338291]","[0]","[0]","[-1]",0,"[]","[]","[]","[]","[]","[]","[]","[]","[]","[]",0,"[3498.56]",2366.64,"[3664.33]","[]","[13690.1]","[]"
189,284500,3700018,364174,2.39909,223.639,3.71479e+06,0.75088,0.96972,1,1,1,0.972955,0.99544,1,1,0,0,1,"[1]","[1]","[569151]","[1.18342]","[0.204754]","[1.01643e+06]","[-0.0656433]","[-1]","[11]","[1]","[0]","[-1221.96]","[-0.0234175]","[2.96588]",527184,-2.9686,1,"[35065.7]","[1.66947]","[-2.62808]","[96636.1]","[0.99932]","[4]","[0]","[-0.899075]",0,"[]","[]","[]","[]","[]","[]","[]","[]","[]","[]",1,"[602572]","[1.17352]","[0.210497]","[1.06734e+06]","[-0.015625]","[0]","[0]","[-1]",0,"[]","[]","[]","[]","[]","[]","[]","[]","[]","[]",0,"[8223.91]",859.125,"[5213.88]","[]","[15066]","[]"
190,284500,8458613,364174,-1,223.639,3.71479e+06,1.1961,0.9823,1,1,1,0.958933,1.00632,1,1,0,0,1,"[1]","[1]","[101251]","[0.424766]","[1.54422]","[110524]","[0.0376828]","[1]","[11]","[1]","[0]","[1652.5]","[0.00810339]","[0.826187]",100570,0.945193,3,"[156344,107303,22299.6]","[0.787382,1.35051,-1.01224]","[-1.97475,-1.93025,-1.58015]","[208061,221223,35020.2]","[0.0598264,0.992246,0.988611]","[0,4,0]","[0,0,0]","[-0.727335,-0.931932,-0.571313]",0,"[]","[]","[]","[]","[]","[]","[]","[]","[]","[]",2,"[261686,251463]","[1.01228,0.25499]","[-1.96821,1.36824]","[409247,261299]","[36574.2,29020.2]","[0,0]","[0.853996,1.24749]","[0.765219,0.600665]",0,"[]","[]","[]","[]","[]","[]","[]","[]","[]","[]",0,"[1041.44]",36445.3,"[4111.95,8333.09,4009.88]","[]","[4058.44,12685.8]","[]"
191,284500,7127269,364174,1,223.639,3.71479e+06,0.402058,0.96392,1,1,1,0.999704,1,1,1,0,0,1,"[1]","[1]","[265502]","[1.82884]","[-2.6383]","[847913]","[-0.0566711]","[-1]","[11]","[0]","[0]","[3011.44]","[0.013185]","[0.430398]",307332,0.625797,1,"[54729]","[-0.981954]","[-1.90097]","[83693.8]","[0.980772]","[0]","[0]","[-0.906852]",0,"[]","[]","[]","[]","[]","[]","[]","[]","[]","[]",1,"[299218]","[1.83067]","[-2.62859]","[957294]","[8394.55]","[0]","[9.11831]","[0.250412]",0,"[]","[]","[]","[]","[]","[]","[]","[]","[]","[]",0,"[3895]",7643.09,"[2313.89]","[]","[22513.3]","[]"
192,284500,7519338,364174,-1,223.639,3.71479e+06,1.24168,0.96654,1,1,1,0.99764,0.9995,1,1,0,0,1,"[1]","[1]","[65656.6]","[2.1764]","[1.23073]","[293090]","[45.5155]","[1]","[11]","[1]","[0]","[-546.66]","[0.00536097]","[0.432298]",84570.2,-2.044,3,"[303925,227644,115620]","[2.45467,1.65232,-1.03513]","[-1.65624,1.70451,0.925305]","[1.78252e+06,617460,184034]","[1,0.991299,0.994717]","[0,0,0]","[0,0,0]","[-0.910199,0.209994,-0.815471]",0,"[]","[]","[]","[]","[]","[]","[]","[]","[]","[]",1,"[279550]","[1.82512]","[1.5879]","[893068]","[78273.4]","[0]","[1.13248]","[0.590275]",0,"[]","[]","[]","[]","[]","[]","[]","[]","[]","[]",0,"[782.595]",6555.68,"[9246.32,4706.13,3331.35]","[]","[13720.8]","[]"
193,284500,7936174,364174,-1,223.639,3.71479e+06,0.923924,0.96323,1,1,1,0.998915,1.00493,1,1,0,0,1,"[1]","[1]","[254668]","[-1.35194]","[1.33602]","[525081]","[-0.0293884]","[-1]","[11]","[1]","[0]","[1679.25]","[-0.0235501]","[3.3577]",297516,-1.9984,2,"[56756.9,26464.8]","[0.858162,0.85212]","[0.826154,-0.645972]","[79674.1,37182.5]","[1,0.995117]","[0,0]","[0,0]","[-0.455173,-0.827032]",0,"[]","[]","[]","[]","[]","[]","[]","[]","[]","[]",1,"[284149]","[-1.37655]","[1.33565]","[598655]","[517.516]","[0]","[0]","[-1]",0,"[]","[]","[]","[]","[]","[]","[]","[]","[]","[]",0,"[3353.56]",3074.59,"[3713.14,2101.07]","[]","[31066]","[]"
194,284500,7017900,364174,-1,223.639,3.71479e+06,0.738662,0.99242,1,1,1,0.965534,0.99765,1,1,0,0,1,"[1]","[1]","[317922]","[0.673357]","[1.84251]","[392762]","[0.0660849]","[-1]","[11]","[1]","[1019.63]","[-1276.36]","[-0.00236996]","[0.429076]",335252,-1.06916,1,"[57740.9]","[0.923424]","[-2.68781]","[85169.2]","[0.996757]","[4]","[0]","[-0.746643]",0,"[]","[]","[]","[]","[]","[]","[]","[]","[]","[]",1,"[322632]","[0.673648]","[1.83755]","[398648]","[0.00676582]","[0]","[0]","[-1]",0,"[]","[]","[]","[]","[]","[]","[]","[]","[]","[]",0,"[3589.16]",2925.62,"[1668.37]","[]","[10222.5]","[]"
195,284500,9971692,364174,1.47878,223.639,3.71479e+06,0.738662,0.98089,1,1,1,0.99684,0.99866,1,1,0,0,1,"[1]","[1]","[345335]","[-0.855423]","[-2.32283]","[479580]","[0.156472]","[-1]","[11]","[1]","[0]","[8390.86]","[-0.00662659]","[0.935439]",302969,0.669818,3,"[101513,34276.7,23342.3]","[0.872488,-0.235022,2.43524]","[1.38971,0.0827829,-2.08961]","[143115,35580.9,134411]","[0.990029,0.983154,0.889292]","[0,0,0]","[0,0,0]","[-0.917416,-0.857629,-0.394304]",0,"[]","[]","[]","[]","[]","[]","[]","[]","[]","[]",1,"[400152]","[-0.843299]","[-2.32014]","[551442]","[20207.9]","[0]","[2.57389]","[0.538894]",0,"[]","[]","[]","[]","[]","[]","[]","[]","[]","[]",0,"[4425.88]",490.719,"[3244,2337.83,1808.25]","[]","[16961.7]","[]"
196,284500,1251991,364174,1,223.639,3.71479e+06,0.75088,1.00588,1,1,1,0.985259,1.00306,1,1,0,0,1,"[1]","[1]","[312948]","[0.771041]","[2.82299]","[410673]","[-0.039032]","[1]","[11]","[1]","[0]","[-966.711]","[0.00835503]","[1.19342]",260564,-0.147089,2,"[28205.2,24250.8]","[2.22242,-2.1328]","[-0.35883,-2.37856]","[131696,103805]","[0.990007,0.98]","[0,4]","[0,0]","[-0.901565,-0.536265]",0,"[]","[]","[]","[]","[]","[]","[]","[]","[]","[]",1,"[293985]","[0.809852]","[2.81735]","[395777]","[0.00552427]","[0]","[0]","[-1]",0,"[]","[]","[]","[]","[]","[]","[]","[]","[]","[]",0,"[3714.25]",26151.6,"[2442.84,2527.02]","[]","[17292.9]","[]"
197,284500,1684758,364174,1,223.639,3.71479e+06,0.738662,1.01378,1,1,1,0.996459,1.00936,1,1,0,0,1,"[1]","[1]","[304435]","[-0.0290911]","[2.84473]","[304564]","[-0.00479126]","[1]","[11]","[1]","[0]","[3416.34]","[0.00233694]","[0.410609]",215475,-0.557717,4,"[77890.8,57539.8,25188,23366.4]","[0.0289021,-1.16397,-1.65184,0.706943]","[0.533195,-0.15524,1.44081,-2.11652]","[78436.4,101602,68270.8,29820.8]","[0.994541,0.997552,0.998183,0.999475]","[0,0,0,0]","[0,0,0,0]","[0.0323009,-0.271987,-0.711744,-0.700179]",0,"[]","[]","[]","[]","[]","[]","[]","[]","[]","[]",1,"[325087]","[0.0377683]","[2.83631]","[325354]","[4777.26]","[0]","[22.0744]","[-1]",0,"[]","[]","[]","[]","[]","[]","[]","[]","[]","[]",0,"[1980.03]",37252.8,"[2885.25,6956.41,1972.16,1927.69]","[]","[3778.75]","[]"
198,284500,9198944,364174,-1,223.639,3.71479e+06,0.738662,0.98697,1,1,1,0.966308,1.00582,1,1,0,0,1,"[1]","[1]","[249297]","[-0.0531605]","[-0.75185]","[249649]","[0.0382538]","[-1]","[11]","[1]","[1202.14]","[-1104.08]","[0.00851085]","[0.856509]",105829,2.74991,1,"[146746]","[1.14403]","[2.13302]","[254356]","[0.997997]","[4]","[0]","[-0.85977]",0,"[]","[]","[]","[]","[]","[]","[]","[]","[]","[]",1,"[255392]","[-0.145407]","[-0.745678]","[258106]","[2263.66]","[0]","[46.6742]","[-1]",0,"[]","[]","[]","[]","[]","[]","[]","[]","[]","[]",0,"[1278.56]",374.469,"[1494.95]","[]","[4946.47]","[]"
199,284500,8902681,364174,1,223.639,3.71479e+06,0.619412,0.97994,1,1,1,0.959883,1.00632,1,1,0,0,1,"[1]","[1]","[294340]","[0.570312]","[0.138398]","[343520]","[-0.0100648]","[-1]","[11]","[1]","[1636.71]","[-35.4177]","[-0.00111013]","[0.220614]",206352,-3.1142,2,"[81041.1,27429.4]","[-0.354376,2.31478]","[3.0338,-3.02603]","[86887.9,140287]","[0.99278,0.977293]","[4,0]","[0,0]","[0.183759,0.273736]",0,"[]","[]","[]","[]","[]","[]","[]","[]","[]","[]",1,"[298668]","[0.572822]","[0.140622]","[349024]","[931.178]","[0]","[0]","[-1]",0,"[]","[]","[]","[]","[]","[]","[]","[]","[]","[]",0,"[2776.28]",17502.1,"[2661.54,3379.53]","[]","[4548.5]","[]"
200,284500,3399619,364174,-1,223.639,3.71479e+06,1.32095,0.97553,1,1,1,0.960439,1.01265,1,1,0,0,1,"[1]","[1]","[94229.5]","[1.67188]","[-3.03237]","[259605]","[-90.9006]","[-1]","[11]","[1]","[0]","[2948.39]","[0.0230414]","[0.909675]",20170.1,-1.8229,4,"[234367,163080,107149,68982.9]","[-0.450573,0.265783,1.05242,1.47912]","[-2.32649,0.364961,0.458212,1.37169]","[259999,169725,172607,159636]","[0.991965,0.998827,0,0.998431]","[0,0,4,0]","[0,0,0,0]","[-0.940266,-0.948831,-0.771297,-0.717514]",0,"[]","[]","[]","[]","[]","[]","[]","[]","[]","[]",1,"[251702]","[0.624061]","[0.395741]","[314327]","[86021.9]","[0]","[0.74246]","[0.626543]",0,"[]","[]","[]","[]","[]","[]","[]","[]","[]","[]",0,"[1626.25]",12182.7,"[3188.76,6763.36,2327.07,2371.26]","[]","[9716.48]","[]"
201,284500,4111939,364174,-1.27379,223.639,3.71479e+06,1.08735,1.00588,1,1,1,0.997525,1.00306,1,1,0,0,1,"[1]","[1]","[235104]","[0.87191]","[-0.0899324]","[330277]","[0.0179329]","[1]","[11]","[1]","[0]","[-932.268]","[0.0111487]","[1.27967]",244002,3.10877,2,"[35058.4,25662]","[1.01376,1.87509]","[1.31025,-1.62759]","[54824.9,85864.9]","[0.985005,0.994603]","[0,0]","[0,0]","[-0.855875,0.25302]",0,"[]","[]","[]","[]","[]","[]","[]","[]","[]","[]",1,"[251511]","[0.899921]","[-0.0891249]","[360417]","[0.00617632]","[0]","[0]","[-1]",0,"[]","[]","[]","[]","[]","[]","[]","[]","[]","[]",0,"[2442.51]",188.375,"[2255.3,2736.87]","[]","[10927.1]","[]"
202,284500,9383010,364174,1,223.639,3.71479e+06,1.32095,0.96203,1,1,1,1,1.01508,1,1,0,0,1,"[1]","[1]","[277271]","[-1.67679]","[-0.535996]","[767398]","[-0.0236144]","[1]","[11]","[1]","[0]","[2264.81]","[-0.0179241]","[1.67031]",226736,2.36646,0,"[]","[]","[]","[]","[]","[]","[]","[]",0,"[]","[]","[]","[]","[]","[]","[]","[]","[]","[]",1,"[294088]","[-1.68125]","[-0.535292]","[817339]","[2795.26]","[0]","[49.3644]","[-1]",0,"[]","[]","[]","[]","[]","[]","[]","[]","[]","[]",0,"[6618.64]",1295.67,"[]","[]","[3654.78]","[]"
203,284500,2623564,364174,-1,223.639,3.71479e+06,1.26459,0.97996,1,1,1,0.999293,1.01265,1,1,0,0,1,"[1]","[1]","[213706]","[1.60097]","[1.31461]","[551314]","[0.0595093]","[1]","[11]","[1]","[0]","[6525.98]","[0.0205515]","[1.34658]",193414,-1.4546,1,"[74638]","[2.06265]","[-3.01623]","[298469]","[0.922426]","[0]","[0]","[-0.645068]",0,"[]","[]","[]","[]","[]","[]","[]","[]","[]","[]",1,"[257119]","[1.601]","[1.31531]","[663365]","[7078.27]","[0]","[7.52249]","[0.433667]",0,"[]","[]","[]","[]","[]","[]","[]","[]","[]","[]",0,"[4426.08]",81.0938,"[7999.59]","[]","[0]","[]"
204,284500,2449686,364174,-1,223.639,3.71479e+06,1.32095,0.96972,1,1,1,0.972484,0.99544,1,1,0,0,1,"[1]","[1]","[255783]","[1.22824]","[-2.33825]","[474222]","[-0.0269108]","[1]","[11]","[1]","[0]","[-1215.08]","[-0.0350321]","[3.15649]",291772,0.724938,1,"[40820.6]","[2.33266]","[-3.12083]","[212330]","[0.99]","[4]","[0]","[-0.461138]",0,"[]","[]","[]","[]","[]","[]","[]","[]","[]","[]",1,"[268566]","[1.24354]","[-2.33411]","[504399]","[0]","[0]","[0]","[-1]",0,"[]","[]","[]","[]","[]","[]","[]","[]","[]","[]",0,"[3116.77]",90.6875,"[1236.66]","[]","[5514.84]","[]"
205,284500,1908243,364174,-1,223.639,3.71479e+06,0.923924,0.97435,1,1,1,0.997675,0.98425,1,1,0,0,1,"[1]","[1]","[48698.1]","[0.0926966]","[-0.102151]","[48907.5]","[21.7155]","[-1]","[11]","[1]","[0]","[1393.6]","[0.0139247]","[1.17345]",47438.7,-2.62552,3,"[206782,100613,85405.9]","[0.620504,-0.648056,0.961093]","[0.206422,-2.7939,2.8062]","[249920,123402,128889]","[0.995246,0.993191,0.978382]","[0,0,0]","[0,0,0]","[-0.713943,-0.716682,-0.905963]",0,"[]","[]","[]","[]","[]","[]","[]","[]","[]","[]",1,"[260239]","[0.528128]","[0.128258]","[301467]","[49451.7]","[0]","[1.22964]","[0.393932]",0,"[]","[]","[]","[]","[]","[]","[]","[]","[]","[]",0,"[80.845]",2969.82,"[6349.13,5490.75,2329.61]","[]","[0]","[]"
206,284500,9667710,364174,-1,223.639,3.71479e+06,1.25133,0.98697,1,1,1,0.990989,1.00582,1,1,0,0,1,"[1]","[1]","[285351]","[-0.521152]","[-0.760645]","[324987]","[-0.0014801]","[1]","[11]","[1]","[0]","[-2161.25]","[-0.00771376]","[1.26957]",210112,2.78361,3,"[40380.1,38956.9,20191.5]","[0.329622,0.396524,-2.33423]","[1.31045,1.87079,2.13387]","[43318.1,42771.5,105318]","[0.999294,0.737602,0.923217]","[0,0,4]","[0,0,0]","[-0.936514,-0.797775,-0.602306]",0,"[]","[]","[]","[]","[]","[]","[]","[]","[]","[]",1,"[291790]","[-0.537009]","[-0.759478]","[334886]","[1042.06]","[0]","[0]","[-1]",0,"[]","[]","[]","[]","[]","[]","[]","[]","[]","[]",0,"[1560.95]",14201.6,"[2010.04,5216.93,897.968]","[]","[18137.8]","[]"
207,284500,2471895,364174,-1,223.639,3.71479e+06,1.1961,0.97095,1,1,1,0.995833,0.99216,1,1,0,0,1,"[1]","[1]","[38095.5]","[-0.143351]","[2.40845]","[38487.6]","[0.0703735]","[1]","[11]","[1]","[0]","[179.822]","[-0.00964123]","[1.21424]",189733,-2.78677,5,"[240605,59020.4,47335.2,31423.3,20055.2]","[-0.917334,1.81851,-1.24492,1.83819,0.941157]","[-0.113303,-2.91055,0.248073,1.32935,-0.215815]","[349891,186735,89229.1,101465,29886.2]","[1,1,0.974621,0.988961,0.894501]","[0,0,0,0,0]","[0,0,0,0,0]","[-0.356461,-0.647933,-0.717573,-0.590945,-0.925071]",0,"[]","[]","[]","[]","[]","[]","[]","[]","[]","[]",1,"[260034]","[-1.00402]","[-0.0532127]","[404965]","[44756]","[0]","[1.52114]","[0.590554]",0,"[]","[]","[]","[]","[]","[]","[]","[]","[]","[]",0,"[25.1465]",37199.7,"[9256,2333.47,3902.44,4786.45,1105.54]","[]","[14614.9]","[]"
208,284500,6038857,364174,1,223.639,3.71479e+06,1.26205,0.97446,1,1,1,0.99226,0.98483,1,1,0,0,1,"[1]","[1]","[54573.6]","[-0.175454]","[2.6044]","[55415.8]","[0.00783539]","[-1]","[11]","[1]","[0]","[-1688.59]","[-0.00969975]","[1.26587]",109792,-2.83731,4,"[610907,521313,79820.5,30921.8]","[1.22317,-1.99547,-2.21788,-0.832272]","[0.00441841,-3.13587,-0.247389,1.94704]","[1.12856e+06,1.95283e+06,371104,42841.4]","[0,0.0135081,0.995341,0.998995]","[0,0,0,0]","[0,0,0,0]","[-0.79455,-0.853621,0.183015,-0.913532]",0,"[]","[]","[]","[]","[]","[]","[]","[]","[]","[]",1,"[616183]","[1.19146]","[0.0127123]","[1.10817e+06]","[29042.7]","[0]","[3.18764]","[0.735493]",0,"[]","[]","[]","[]","[]","[]","[]","[]","[]","[]",0,"[145.764]",29500.7,"[16848,11458.4,9526.46,5319.25]","[]","[43277.4]","[]"
209,284500,2470742,364174,1,223.639,3.71479e+06,1.26459,0.96194,1,1,1,0.995734,1.01532,1,1,0,0,1,"[1]","[1]","[52676.6]","[2.04616]","[-1.6831]","[207214]","[-79.7583]","[1]","[11]","[1]","[0]","[357.293]","[-0.0159845]","[1.0273]",18856.3,-2.8912,5,"[485078,325983,186092,92712.3,69575.7]","[-1.23545,0.21898,-0.671767,-1.26116,1.95016]","[-2.54069,0.737495,0.749831,-1.42628,1.12232]","[906335,340210,230204,177225,249686]","[1,0.999288,0.992049,0.987237,0]","[0,0,0,0,0]","[0,0,0,0,0]","[-0.841862,-0.963155,-0.474511,-0.422691,-0.849194]",0,"[]","[]","[]","[]","[]","[]","[]","[]","[]","[]",2,"[521375,497335]","[-0.125987,-1.21922]","[0.737615,-2.54887]","[584859,916246]","[256690,45819.7]","[0,0]","[0.902808,1.66197]","[0.497082,0.79114]",0,"[]","[]","[]","[]","[]","[]","[]","[]","[]","[]",0,"[142.487]",15435,"[11704.5,8307.92,2610.17,7179.8,3824.12]","[]","[4550.28,45003.6]","[]"
210,284500,9727515,364174,1,223.639,3.71479e+06,1.32095,0.99242,1,1,1,0.958473,0.99765,1,1,0,0,1,"[1]","[1]","[383703]","[0.771339]","[-0.801281]","[503620]","[0.0419477]","[-1]","[11]","[1]","[0]","[146.246]","[-0.0153542]","[2.5747]",333686,2.4176,1,"[63062.4]","[-2.05627]","[1.7722]","[250724]","[0.999219]","[4]","[0]","[0.512313]",0,"[]","[]","[]","[]","[]","[]","[]","[]","[]","[]",1,"[393825]","[0.774575]","[-0.805179]","[517993]","[1059.19]","[0]","[0]","[-1]",0,"[]","[]","[]","[]","[]","[]","[]","[]","[]","[]",0,"[3557.07]",9692.66,"[2934.05]","[]","[22274.9]","[]"
211,284500,5540045,364174,-1,223.639,3.71479e+06,1.26205,0.94707,1,1,1,1.07677,0,1,1,0,0,1,"[1]","[1]","[25827.1]","[-1.04379]","[1.44296]","[41221.2]","[-96.8349]","[1]","[11]","[1]","[0]","[844.144]","[-0.0065006]","[0.251874]",15874.8,-1.69847,2,"[305366,276610]","[-0.934679,1.40877]","[-0.113357,2.88792]","[450734,600137]","[0.99,0.998678]","[0,0]","[0,0]","[0.986891,-0.975013]",0,"[]","[]","[]","[]","[]","[]","[]","[]","[]","[]",2,"[335704,276274]","[-0.901578,1.42315]","[-0.111738,2.88606]","[484354,607105]","[51224.4,25355.9]","[0,0]","[1.53972,2.21303]","[0.674822,0.737242]",0,"[]","[]","[]","[]","[]","[]","[]","[]","[]","[]",0,"[308.654]",636.937,"[4004.75,10714]","[]","[35666.2,5304.16]","[]"
212,284500,7700563,364174,1.24668,223.639,3.71479e+06,1.74563,0.98697,1,1,1,0.999615,1.00582,1,1,0,0,1,"[1]","[1]","[206215]","[-0.230974]","[0.605575]","[211740]","[0.0482407]","[-1]","[11]","[1]","[0]","[-198.593]","[-0.0110031]","[1.71001]",260250,-2.55571,1,"[42592.7]","[0.550088]","[0.256311]","[49379.2]","[0.999293]","[0]","[0]","[-0.91193]",0,"[]","[]","[]","[]","[]","[]","[]","[]","[]","[]",1,"[252434]","[-0.0836175]","[0.554187]","[265793]","[80478.7]","[0]","[0.598975]","[0.60968]",0,"[]","[]","[]","[]","[]","[]","[]","[]","[]","[]",0,"[1497.61]",932.594,"[2240.73]","[]","[9312.48]","[]"
213,284500,2044373,364174,1,223.639,3.71479e+06,1.24168,0.99211,1,1,1,0.997167,0.9918,1,1,0,0,1,"[1]","[1]","[292593]","[-0.770567]","[-0.337452]","[383845]","[0.0161295]","[1]","[11]","[1]","[0]","[-875.413]","[0.00211665]","[0.353171]",408937,2.86868,3,"[55183,33388.6,21151.1]","[-1.46574,-1.52568,-0.256956]","[-0.593381,-0.0828046,2.16874]","[126131,80467.3,22144.8]","[0.981442,0.998096,0.997376]","[0,0,0]","[0,0,0]","[-0.914465,-0.84643,-0.882031]",0,"[]","[]","[]","[]","[]","[]","[]","[]","[]","[]",1,"[378351]","[-0.943393]","[-0.347989]","[571525]","[116246]","[0]","[1.48026]","[0.277042]",0,"[]","[]","[]","[]","[]","[]","[]","[]","[]","[]",0,"[2474.23]",28859.2,"[2626.8,3960.49,2027.07]","[]","[39346.3]","[]"
214,284500,742458,364174,1,223.639,3.71479e+06,0.738662,0.95508,1,1,1,1.11862,0.93664,1,1,0,0,1,"[1]","[1]","[55605]","[-1.26142]","[-0.638632]","[106030]","[-29.9413]","[1]","[11]","[1]","[0]","[279.721]","[-0.00246254]","[0.209069]",66522.8,-3.03832,4,"[330558,269829,47476.9,33488.5]","[1.56132,1.39663,1.2715,1.56578]","[1.72586,-1.47553,-0.928207,0.942953]","[822609,579234,91497.7,83845.2]","[0.996737,0.998833,0.989525,0.912291]","[0,0,0,0]","[0,0,0,0]","[-0.68147,0.932592,-0.635376,0.546265]",0,"[]","[]","[]","[]","[]","[]","[]","[]","[]","[]",2,"[334784,297906]","[1.56921,1.40788]","[1.7303,-1.40593]","[839058,649651]","[20163.6,75431.6]","[0,0]","[3.29272,1.79883]","[0.747332,0.771613]",0,"[]","[]","[]","[]","[]","[]","[]","[]","[]","[]",0,"[124.712]",623.453,"[11680.2,13842.8,4316.37,5272.12]","[]","[134.5,17162.9]","[]"
215,284500,3204465,364174,1,223.639,3.71479e+06,0.351687,0.99093,1,1,1,0.948856,1.00306,1,1,0,0,1,"[0]","[1]","[89670.8]","[1.05346]","[2.70145]","[144204]","[-0.0143185]","[1]","[11]","[1]","[0]","[545.995]","[0.0139884]","[1.53268]",85667.8,1.96569,4,"[432262,148270,99792.8,36325.3]","[-0.410075,0.532588,0.657274,1.90794]","[-0.841435,2.09693,2.49625,2.65994]","[470109,170807,122383,125248]","[0.998976,0.998502,0.99,0.994197]","[4,0,0,0]","[0,0,0,0]","[-0.948213,-0.956804,-0.890378,-0.769801]",0,"[]","[]","[]","[]","[]","[]","[]","[]","[]","[]",2,"[446589,330372]","[-0.405281,0.773364]","[-0.846261,2.38828]","[484569,453203]","[27799.5,129887]","[0,0]","[2.65787,1.02799]","[0.454738,0.286562]",0,"[]","[]","[]","[]","[]","[]","[]","[]","[]","[]",0,"[460.583]",762.859,"[8037.51,2017.58,8251.67,2249.84]","[]","[9619.5,36285.7]","[]"
216,284500,1375219,364174,1,223.639,3.71479e+06,1.21412,0.97097,1,1,1,0.957448,0.99737,1,1,0,0,1,"[1]","[1]","[35252.3]","[0.315559]","[1.21053]","[37022.1]","[0.0856897]","[1]","[11]","[1]","[0]","[232.321]","[0.0150054]","[1.00683]",58821.8,2.96162,3,"[466736,451812,44405.5]","[-1.56149,1.42264,-0.0453969]","[-0.735693,2.40898,-0.689062]","[1.16134e+06,991944,44863.7]","[0.999357,0.998171,0.995148]","[0,4,0]","[0,0,0]","[-0.844619,-0.831535,-0.817822]",0,"[]","[]","[]","[]","[]","[]","[]","[]","[]","[]",2,"[453138,460904]","[-1.56292,1.42709]","[-0.734223,2.40922]","[1.12888e+06,1.01556e+06]","[11057.8,11052.6]","[0,0]","[8.06342,4.02784]","[0.304555,0.569271]",0,"[]","[]","[]","[]","[]","[]","[]","[]","[]","[]",0,"[112.456]",5889.82,"[8228.28,5807.47,2919.11]","[]","[11621.8,18654.8]","[]"
217,284500,1378218,364174,-1,223.639,3.71479e+06,0,0.98413,1,1,1,0.995623,0.99866,1,1,0,0,1,"[1]","[1]","[83239.4]","[-1.03146]","[-0.310358]","[131587]","[0.0435829]","[-1]","[11]","[1]","[0]","[826.461]","[-0.00130762]","[0.121616]",33987.4,1.35672,4,"[92432.1,46277.5,35998.2,21034.5]","[-1.58142,-0.208855,-2.29561,2.12872]","[-0.41344,2.28137,-2.77346,-2.26902]","[234533,47697.1,180636,89785.1]","[0,0.994585,0.99316,0.683883]","[0,0,0,0]","[0,0,0,0]","[-0.712729,-0.861214,-0.763756,-0.793947]",0,"[]","[]","[]","[]","[]","[]","[]","[]","[]","[]",1,"[309697]","[-1.39458]","[-0.240695]","[669370]","[92576.9]","[0]","[1.28191]","[0.713124]",0,"[]","[]","[]","[]","[]","[]","[]","[]","[]","[]",0,"[385.184]",12956.2,"[2658.4,2636.75,5046.41,1323.48]","[]","[19943.6]","[]"
218,284500,1527738,364174,-1,223.639,3.71479e+06,1.26205,0.95175,1,1,1,1.32048,0.9244,1,1,0,0,1,"[1]","[1]","[45665.4]","[1.31863]","[-1.75831]","[91463.6]","[97.2983]","[1]","[11]","[1]","[0]","[637.301]","[-0.0195243]","[2.00029]",51622.5,1.15097,7,"[326166,294110,43025.6,32118.6,32093.7,27824.8,27819.1]","[-1.13141,-0.227287,2.25502,2.44165,-0.541231,0.985902,-1.18028]","[2.40969,-0.937027,1.4286,-3.08966,1.93783,0.00493159,-0.282691]","[559844,302830,207451,185978,37364.7,42717,49735.6]","[0.997196,0.999029,0.952798,0.334007,0.990769,0.99,0.982793]","[0,0,0,0,0,0,0]","[0,0,0,0,0,0,0]","[-0.924259,-0.898845,-0.977521,-0.907352,0.999902,-0.766602,-0.479377]",0,"[]","[]","[]","[]","[]","[]","[]","[]","[]","[]",2,"[316467,299902]","[-1.14969,-0.237384]","[2.41474,-0.932319]","[551565,309296]","[45352.1,23638.7]","[0,0]","[1.91378,2.49855]","[0.766573,0.559104]",0,"[]","[]","[]","[]","[]","[]","[]","[]","[]","[]",0,"[104.389]",3080.21,"[10000.1,6755.55,5632.83,6521.76,2565.01,2837.79,2194.75]","[]","[6160.03,23961.6]","[]"
219,284500,923918,364174,-1,223.639,3.71479e+06,1.26205,0.97738,1,1,1,0.996779,1.00056,1,1,0,0,1,"[1]","[1]","[60492.3]","[0.585087]","[-1.44203]","[71145.1]","[0.0528297]","[1]","[11]","[1]","[0]","[-1127.37]","[0.00529616]","[0.462281]",85793,0.601435,6,"[413400,351322,206535,59840.4,43661,42448.6]","[-0.884897,-0.677788,-0.698702,-0.268213,-0.289842,-0.744938]","[-2.83851,0.878857,-0.882187,1.06126,2.24833,-2.28253]","[591027,440456,260978,63228.4,46345.1,55389.7]","[0.995412,0.968356,0.986343,0.93446,0.995658,0.990353]","[0,0,0,0,0,0]","[0,0,0,0,0,0]","[-0.926947,-0.935748,-0.906195,-0.883285,-0.743745,-0.846311]",0,"[]","[]","[]","[]","[]","[]","[]","[]","[]","[]",2,"[420541,386215]","[-0.869432,-0.63081]","[-2.81624,0.894319]","[595189,474519]","[80240,91368.6]","[0,0]","[1.48908,1.25049]","[0.665644,0.668293]",0,"[]","[]","[]","[]","[]","[]","[]","[]","[]","[]",0,"[211.183]",14481.6,"[8945.7,9024.31,3630.34,2740.39,4943.49,3200.57]","[]","[43914.7,3009.41]","[]"
220,284500,3475716,364174,2.93414,223.639,3.71479e+06,0.75088,0.97994,1,1,1,0.999576,1.00632,1,1,0,0,1,"[1]","[1]","[389372]","[0.156796]","[1.75695]","[394168]","[0.0496235]","[1]","[11]","[1]","[0]","[-1539.25]","[0.0159359]","[2.77024]",329436,-1.34937,1,"[71748.1]","[0.618963]","[-1.39052]","[86435.2]","[0.993909]","[0]","[0]","[0.709163]",0,"[]","[]","[]","[]","[]","[]","[]","[]","[]","[]",1,"[396827]","[0.169581]","[1.74869]","[402549]","[1338.08]","[0]","[0]","[-1]",0,"[]","[]","[]","[]","[]","[]","[]","[]","[]","[]",0,"[2471.33]",2813.31,"[3386.89]","[]","[21803.6]","[]"
221,284500,1820717,364174,-1,223.639,3.71479e+06,1.26205,0.98697,1,1,1,0.999383,1.00582,1,1,0,0,1,"[1]","[1]","[265523]","[-0.174808]","[-2.61195]","[269590]","[0.102528]","[-1]","[11]","[1]","[0]","[812.33]","[-0.00790898]","[1.41477]",269543,0.195602,1,"[86137.3]","[0.885695]","[1.8801]","[122782]","[0.999444]","[0]","[0]","[-0.778698]",0,"[]","[]","[]","[]","[]","[]","[]","[]","[]","[]",1,"[275996]","[-0.190007]","[-2.60952]","[281049]","[5587.77]","[0]","[19.5743]","[-1]",0,"[]","[]","[]","[]","[]","[]","[]","[]","[]","[]",0,"[1585.36]",25726.3,"[3416.38]","[]","[4964.78]","[]"
222,284500,904193,364174,0.780048,223.639,3.71479e+06,1.1961,0.97076,1,1,1,0.955711,0.95972,1,1,0,0,1,"[1]","[1]","[51967.5]","[-1.04094]","[1.38483]","[82758]","[-0.0590897]","[-1]","[11]","[1]","[0]","[-1240.64]","[-0.0140143]","[1.51336]",66531.8,-2.30002,3,"[612708,607091,22892.1]","[-0.778949,-0.715274,-0.958546]","[-0.439728,2.70618,0.200056]","[808633,770491,34630.2]","[1,0.994234,0.704038]","[0,4,0]","[0,0,0]","[-0.935758,0.593568,-0.476069]",0,"[]","[]","[]","[]","[]","[]","[]","[]","[]","[]",2,"[611963,563519]","[-0.794151,-0.735796]","[-0.44045,2.69908]","[815436,723649]","[15105.9,28921.9]","[0,0]","[3.69909,4.77107]","[0.168908,0.525738]",0,"[]","[]","[]","[]","[]","[]","[]","[]","[]","[]",0,"[208.904]",1651.4,"[10073.4,10319.7,6226.42]","[]","[3291.75,27430.9]","[]"
223,284500,1405270,364174,1.00012,223.639,3.71479e+06,1.26459,0.98697,1,1,1,0.999596,1.00582,1,1,0,0,1,"[1]","[1]","[197550]","[-0.200151]","[-1.27342]","[201520]","[-0.0612316]","[1]","[11]","[1]","[2344.95]","[3153.94]","[0.0163371]","[2.27678]",205022,1.87949,1,"[43743.4]","[0.399027]","[-1.16781]","[47856.5]","[0.999769]","[0]","[0]","[-0.812011]",0,"[]","[]","[]","[]","[]","[]","[]","[]","[]","[]",1,"[254296]","[-0.0909784]","[-1.25557]","[261253]","[55226.3]","[0]","[1.0675]","[0.446204]",0,"[]","[]","[]","[]","[]","[]","[]","[]","[]","[]",0,"[1626.03]",82.0156,"[2134.62]","[]","[8822.09]","[]"
224,284500,4160358,364174,1,223.639,3.71479e+06,1.1961,0.96988,1,1,1,1.4855,1.00441,1,1,0,0,1,"[1]","[1]","[73508.3]","[1.74199]","[-1.56498]","[216258]","[-0.145882]","[1]","[11]","[1]","[0]","[754.907]","[0.0149319]","[0.858418]",104081,-2.23148,5,"[242301,81181.4,31654.6,24988.9,21555]","[1.8766,-0.544248,-0.38147,0.276036,-0.84242]","[1.07896,-2.42373,-1.40525,-2.01407,1.37012]","[810021,93797.4,34276.9,26668.2,29926.1]","[0.993367,0.997961,0.999484,0.96349,0.976884]","[4,0,0,0,0]","[0,0,0,0,0]","[0.991606,-0.319146,-0.0419541,-0.760494,-0.792443]",0,"[]","[]","[]","[]","[]","[]","[]","[]","[]","[]",1,"[267091]","[1.99276]","[1.07873]","[998695]","[40931.2]","[0]","[2.51027]","[0.58635]",0,"[]","[]","[]","[]","[]","[]","[]","[]","[]","[]",0,"[523.876]",2897.05,"[5872.01,3070.01,4343,1982.64,1870.82]","[]","[26122.2]","[]"
225,284500,2764471,364174,0.642654,223.639,3.71479e+06,0.738662,0.97994,1,1,1,0.967052,1.00632,1,1,0,0,1,"[1]","[1]","[282769]","[0.479403]","[0.972485]","[315890]","[0.00392532]","[1]","[11]","[1]","[0]","[3015.54]","[0.0193195]","[3.26272]",103712,-1.65026,2,"[135053,63701.4]","[-1.74391,2.23544]","[-2.44441,-2.29301]","[398151,301433]","[1,0]","[4,0]","[0,0]","[0.263513,-0.843479]",0,"[]","[]","[]","[]","[]","[]","[]","[]","[]","[]",1,"[302184]","[0.450751]","[0.964665]","[333405]","[-0.00338291]","[0]","[0]","[-1]",0,"[]","[]","[]","[]","[]","[]","[]","[]","[]","[]",0,"[2189.23]",22967.8,"[1834.24,4272.08]","[]","[16096.6]","[]"
226,284500,4990524,364174,1.32293,223.639,3.71479e+06,0,0.97994,1,1,1,1,1.00632,1,1,0,0,1,"[1]","[1]","[247466]","[0.145506]","[-2.79685]","[250090]","[-0.111794]","[1]","[11]","[1]","[0]","[1328.61]","[-0.0101088]","[1.84648]",267912,0.213811,0,"[]","[]","[]","[]","[]","[]","[]","[]",0,"[]","[]","[]","[]","[]","[]","[]","[]","[]","[]",1,"[251811]","[0.18937]","[-2.80078]","[256345]","[1734]","[0]","[0]","[-1]",0,"[]","[]","[]","[]","[]","[]","[]","[]","[]","[]",0,"[5466.01]",234.688,"[]","[]","[13918.8]","[]"
227,284500,5193231,364174,1,223.639,3.71479e+06,0,0.97014,1,1,1,0.998076,0.96677,1,1,0,0,1,"[1]","[1]","[56498.5]","[0.756081]","[0.810953]","[73431.5]","[-3.55707]","[1]","[11]","[1]","[0]","[489.429]","[-0.0289755]","[2.13302]",16576.9,0.0726451,3,"[267196,167528,99212.9]","[-0.846282,-1.77314,-1.40779]","[-2.50614,1.1516,-0.872149]","[370150,507977,215137]","[0.975873,0.999812,0.9928]","[0,0,0]","[0,0,0]","[-0.77697,-0.930188,0.527156]",0,"[]","[]","[]","[]","[]","[]","[]","[]","[]","[]",1,"[311885]","[-0.85127]","[-2.5035]","[433249]","[34391.6]","[0]","[1.74696]","[0.679773]",0,"[]","[]","[]","[]","[]","[]","[]","[]","[]","[]",0,"[143.305]",9702.15,"[15667.1,6930.53,2314.03]","[]","[11260.5]","[]"
228,284500,9657364,364174,1,223.639,3.71479e+06,1.22586,1.00588,1,1,1,0.999409,1.00306,1,1,0,0,1,"[1]","[1]","[582076]","[1.02643]","[-3.11864]","[916586]","[-0.0548019]","[-1]","[11]","[1]","[0]","[2039.51]","[0.0212109]","[3.00116]",531536,-0.0418907,1,"[58494]","[-1.51868]","[0.483003]","[140140]","[0.994469]","[0]","[0]","[-0.88079]",0,"[]","[]","[]","[]","[]","[]","[]","[]","[]","[]",1,"[601632]","[1.01555]","[-3.11247]","[939479]","[2401.44]","[0]","[36.2536]","[-1]",0,"[]","[]","[]","[]","[]","[]","[]","[]","[]","[]",0,"[10873]",2080.75,"[3291.2]","[]","[35777.4]","[]"
229,284500,5929744,364174,1,223.639,3.71479e+06,1.26205,1.00588,1,1,1,0.997446,1.00306,1,1,0,0,1,"[1]","[1]","[250213]","[1.14021]","[2.28259]","[431266]","[-0.0236912]","[-1]","[11]","[1]","[0]","[2287.55]","[-0.0113548]","[1.62445]",174730,-1.44419,3,"[139340,23365.2,21424.1]","[-2.18972,1.16827,-0.722252]","[-0.0556574,1.17301,-2.59778]","[630400,41507,27623.6]","[0.988094,0.601874,0.969122]","[0,0,0]","[0,0,0]","[-0.929124,-0.871918,-0.672284]",0,"[]","[]","[]","[]","[]","[]","[]","[]","[]","[]",1,"[283636]","[1.14167]","[2.28575]","[489458]","[2444.98]","[0]","[74.9988]","[0.496184]",0,"[]","[]","[]","[]","[]","[]","[]","[]","[]","[]",0,"[3731.87]",9996.5,"[4885.16,3200.8,188.055]","[]","[4672.66]","[]"
230,284500,5853718,364174,-1,223.639,3.71479e+06,1.24168,1.00588,1,1,1,0.998741,1.00306,1,1,0,0,1,"[1]","[1]","[294741]","[1.10839]","[-3.04807]","[495101]","[0.00813234]","[-1]","[11]","[1]","[0]","[-1969.45]","[0.0027012]","[0.52942]",252790,-0.202078,1,"[38361.3]","[-1.75087]","[1.45927]","[114098]","[0.989071]","[0]","[0]","[0.0977971]",0,"[]","[]","[]","[]","[]","[]","[]","[]","[]","[]",1,"[321400]","[1.11905]","[-3.04816]","[544536]","[0.00956832]","[0]","[0]","[-1]",0,"[]","[]","[]","[]","[]","[]","[]","[]","[]","[]",0,"[3379.18]",12402.8,"[6583.47]","[]","[4284.22]","[]"
231,284500,4427685,364174,1,223.639,3.71479e+06,0.923924,0.9823,1,1,1,0.962822,1.00632,1,1,0,0,1,"[1]","[1]","[114569]","[0.233159]","[0.719797]","[117697]","[-0.144378]","[1]","[11]","[1]","[0]","[794.462]","[0.00335519]","[0.472478]",83410,0.801222,5,"[129570,128681,98059.9,24552.2,22754.3]","[1.62835,0.984379,-1.85244,-1.15039,0.445283]","[-2.33227,-1.96358,1.32758,-2.47227,-2.05015]","[343549,196989,320859,42709.3,25700.2]","[0.99,0.01996,0.102378,0.803615,0.610786]","[4,0,0,0,0]","[0,0,0,0,0]","[-0.778017,-0.988588,-0.753611,-0.914468,-0.298289]",0,"[]","[]","[]","[]","[]","[]","[]","[]","[]","[]",1,"[289615]","[1.36048]","[-2.12721]","[610230]","[102159]","[0]","[1.00308]","[0.770702]",0,"[]","[]","[]","[]","[]","[]","[]","[]","[]","[]",0,"[471.52]",1785.76,"[12372.3,2999.58,9107.37,6728.18,1815.85]","[]","[18572.3]","[]"
232,284500,1120428,364174,1,223.639,3.71479e+06,0.553627,0.97996,1,1,1,0.978136,1.01265,1,1,0,0,1,"[1]","[1]","[240315]","[1.67852]","[2.78734]","[666185]","[-0.0428543]","[1]","[11]","[1]","[0]","[3662.59]","[0.00970663]","[1.12234]",208924,-0.150155,2,"[31984.9,22025]","[2.18216,0.73619]","[-1.22428,-0.735]","[143727,28545.3]","[0.989836,0.995474]","[4,0]","[0,0]","[0.0808498,-0.862609]",0,"[]","[]","[]","[]","[]","[]","[]","[]","[]","[]",1,"[270705]","[1.66179]","[2.78808]","[738834]","[3355.17]","[0]","[30.3577]","[0.366851]",0,"[]","[]","[]","[]","[]","[]","[]","[]","[]","[]",0,"[6606.83]",19060.8,"[3464.53,2437.23]","[]","[11571.9]","[]"
233,284500,8727023,364174,1,223.639,3.71479e+06,1.22586,0.98697,1,1,1,0.996611,1.00582,1,1,0,0,1,"[1]","[1]","[418430]","[-0.139629]","[0.0820971]","[422516]","[0.0178185]","[-1]","[11]","[1]","[0]","[-1527.43]","[-0.00183027]","[0.365048]",473273,3.1183,3,"[66156.5,26025.5,23555.7]","[1.84198,-2.17353,-0.539623]","[-1.30239,-0.042606,0.804271]","[214048,115959,27133.3]","[0,0.997914,1]","[0,0,0]","[0,0,0]","[-0.840726,-0.780456,-0.809854]",0,"[]","[]","[]","[]","[]","[]","[]","[]","[]","[]",1,"[428267]","[-0.167465]","[0.0805527]","[434321]","[5489.23]","[0]","[0]","[-1]",0,"[]","[]","[]","[]","[]","[]","[]","[]","[]","[]",0,"[10580.3]",2810.03,"[2575.28,1781.88,2521.31]","[]","[2048.41]","[]"
234,284500,8666910,364174,-1,223.639,3.71479e+06,1.32095,0.97996,1,1,1,0.998988,1.01265,1,1,0,0,1,"[1]","[1]","[378567]","[1.54641]","[-1.30531]","[928927]","[0.012207]","[1]","[11]","[1]","[0]","[-1192.23]","[0.0244125]","[2.71787]",334241,2.12038,1,"[109040]","[0.388999]","[0.820534]","[117929]","[0.993395]","[0]","[0]","[-0.94572]",0,"[]","[]","[]","[]","[]","[]","[]","[]","[]","[]",1,"[427728]","[1.5646]","[-1.31107]","[1.06718e+06]","[4209.66]","[0]","[28.0192]","[0.287799]",0,"[]","[]","[]","[]","[]","[]","[]","[]","[]","[]",0,"[10574.4]",858.281,"[3731.31]","[]","[15601.7]","[]"
235,284500,1487128,364174,-1,223.639,3.71479e+06,0.738662,0.96323,1,1,1,0.998676,1.00493,1,1,0,0,1,"[1]","[1]","[316732]","[-1.3188]","[2.24245]","[634475]","[-0.11165]","[1]","[11]","[1]","[1206.29]","[-212.312]","[0.0146283]","[1.54446]",344728,-0.775159,2,"[35846.9,21786.6]","[-0.0578132,0.613609]","[-2.90458,1.44432]","[36707.5,26448.6]","[0.990677,0.99]","[0,0]","[0,0]","[-0.876348,-0.799804]",0,"[]","[]","[]","[]","[]","[]","[]","[]","[]","[]",1,"[354296]","[-1.3413]","[2.23923]","[723739]","[-0.0110485]","[0]","[0]","[-1]",0,"[]","[]","[]","[]","[]","[]","[]","[]","[]","[]",0,"[4477.98]",13795.2,"[3320.44,1940.68]","[]","[4206.47]","[]"
236,284500,8509940,364174,1,223.639,3.71479e+06,1.21412,0.95254,1,1,1,0.998924,1.0295,1,1,0,0,1,"[1]","[1]","[44292.1]","[1.81111]","[-2.5569]","[139093]","[-0.0272522]","[-1]","[11]","[1]","[0]","[-1120.12]","[0.00308438]","[0.148174]",69997,2.11384,2,"[267196,26690.6]","[-1.13732,-0.08835]","[0.0340797,-0.737696]","[459566,27074.4]","[0.991218,0.979146]","[0,0]","[0,0]","[-0.437332,-0.894394]",0,"[]","[]","[]","[]","[]","[]","[]","[]","[]","[]",1,"[271292]","[-1.1299]","[0.0352913]","[463732]","[5759.01]","[0]","[3.33181]","[0.142537]",0,"[]","[]","[]","[]","[]","[]","[]","[]","[]","[]",0,"[474.753]",16226,"[4494.99,5656.14]","[]","[4104.47]","[]"
237,284500,1507626,364174,-1,223.639,3.71479e+06,0.553627,0.98458,1,1,1,0.950218,1.00582,1,1,0,0,1,"[1]","[1]","[124574]","[-0.57759]","[-2.83837]","[145938]","[0.0151539]","[1]","[11]","[1]","[0]","[1504.78]","[0.011205]","[1.51268]",51928.7,-2.23411,5,"[205491,112043,101709,71153.5,34031]","[0.0652132,-0.261295,0.00236431,-0.157934,-0.480364]","[0.0792959,-1.76022,0.955965,2.60043,2.11408]","[209079,116717,102800,73167.2,38876.9]","[0.999691,0.996515,0.981474,0.985193,0.991894]","[4,0,0,0,0]","[0,0,0,0,0]","[-0.954526,0.131924,-0.900333,-0.701166,-0.836871]",0,"[]","[]","[]","[]","[]","[]","[]","[]","[]","[]",1,"[291387]","[0.0792493]","[0.346088]","[318863]","[127409]","[0]","[1.09312]","[0.63402]",0,"[]","[]","[]","[]","[]","[]","[]","[]","[]","[]",0,"[534.925]",19672.9,"[2017.09,8673.43,6658.17,4707.28,4653.01]","[]","[26947.3]","[]"
238,284500,9613928,364174,-0.706347,223.639,3.71479e+06,1.55465,0.98089,1,1,1,0.998726,0.99866,1,1,0,0,1,"[0]","[1]","[428167]","[-1.06656]","[1.84731]","[695678]","[0.0555191]","[-1]","[11]","[1]","[0]","[1588.35]","[0.0167118]","[2.59346]",352564,-1.2481,2,"[46286.6,41793.4]","[1.17682,-1.29142]","[-1.03658,-1.99547]","[82415.8,81974.3]","[0.99,0.990474]","[0,0]","[0,0]","[-0.731653,-0.901583]",0,"[]","[]","[]","[]","[]","[]","[]","[]","[]","[]",1,"[456670]","[-1.08796]","[1.84165]","[754673]","[0.0135316]","[0]","[0]","[-1]",0,"[]","[]","[]","[]","[]","[]","[]","[]","[]","[]",0,"[6898.17]",4174.53,"[2371.32,4897.24]","[]","[6951.56]","[]"
239,284500,7777264,364174,-1,223.639,3.71479e+06,1.25133,0.96392,1,1,1,1,1.01012,1,1,0,0,1,"[1]","[1]","[233089]","[1.9046]","[1.84231]","[800151]","[0.0050087]","[1]","[11]","[1]","[0]","[-1742.17]","[-0.010282]","[1.45399]",189053,-1.52374,0,"[]","[]","[]","[]","[]","[]","[]","[]",0,"[]","[]","[]","[]","[]","[]","[]","[]","[]","[]",1,"[251605]","[1.89347]","[1.83862]","[854571]","[1063.89]","[0]","[0]","[-1]",0,"[]","[]","[]","[]","[]","[]","[]","[]","[]","[]",0,"[1932.48]",5266.41,"[]","[]","[8461.53]","[]"
240,284500,4899543,364174,1.06085,223.639,3.71479e+06,0.738662,0.96654,1,1,1,0.970191,0.99197,1,1,0,0,1,"[1]","[1]","[32440.2]","[-0.600173]","[2.39597]","[38460.4]","[0.00865459]","[-1]","[11]","[1]","[0]","[821.823]","[0.0152826]","[1.46621]",39682.4,1.51966,5,"[255329,160244,139875,43477.9,32322.8]","[1.84872,1.9572,-0.208018,-0.857005,-1.31059]","[2.41214,-1.41906,-0.419327,0.215038,-1.95391]","[831237,578736,144038,60920.1,64756.1]","[0.540595,0.179485,0.269434,0.998037,0.990319]","[0,0,0,0,4]","[0,0,0,0,0]","[-0.963639,-0.833707,-0.730136,-0.197645,-0.218529]",0,"[]","[]","[]","[]","[]","[]","[]","[]","[]","[]",1,"[282353]","[1.81487]","[2.33731]","[891529]","[54595.7]","[0]","[1.6057]","[0.738762]",0,"[]","[]","[]","[]","[]","[]","[]","[]","[]","[]",0,"[56.3812]",11671.7,"[10879.6,3268.34,4766.13,5214.09,6049.59]","[]","[65.75]","[]"
241,284500,4824720,364174,1.43252,223.639,3.71479e+06,1.26205,0.97996,1,1,1,0.999642,1.01265,1,1,0,0,1,"[1]","[1]","[236344]","[1.76857]","[-1.59837]","[712937]","[0.0127602]","[-1]","[11]","[1]","[7452.56]","[4932.83]","[-0.0107807]","[0.673495]",168284,1.68129,1,"[64899.3]","[-0.289418]","[1.12083]","[68696.4]","[0.990141]","[0]","[0]","[-0.86095]",0,"[]","[]","[]","[]","[]","[]","[]","[]","[]","[]",1,"[257382]","[1.78437]","[-1.60167]","[788137]","[10151]","[0]","[12.1706]","[0.503658]",0,"[]","[]","[]","[]","[]","[]","[]","[]","[]","[]",0,"[3883.39]",12401.8,"[2040.51]","[]","[28780]","[]"
242,284500,2300196,364174,1,223.639,3.71479e+06,1.26205,0.95471,1,1,1,0.962441,1.01564,1,1,0,0,1,"[0]","[1]","[43430.3]","[2.24897]","[2.4885]","[208106]","[-0.0705609]","[-1]","[11]","[1]","[0]","[-558.644]","[0.00444633]","[0.290086]",177558,2.42832,3,"[424693,194970,22117]","[1.57295,-1.24271,1.24822]","[-0.62018,2.57137,0.378358]","[1.06848e+06,367062,41863]","[0.990584,0.996443,0.968313]","[0,4,0]","[0,0,0]","[-0.689331,-0.952867,-0.51821]",0,"[]","[]","[]","[]","[]","[]","[]","[]","[]","[]",1,"[415747]","[1.57284]","[-0.616638]","[1.04599e+06]","[42178.6]","[0]","[2.23001]","[0.692773]",0,"[]","[]","[]","[]","[]","[]","[]","[]","[]","[]",0,"[106.335]",26003.5,"[28125.1,3153.84,2223.92]","[]","[25282.1]","[]"
243,284500,9651796,364174,1,223.639,3.71479e+06,1.22586,0.97361,1,1,1,0.994776,0.98448,1,1,0,0,1,"[1]","[1]","[45127.6]","[-0.13641]","[-2.34745]","[45548.2]","[-59.5972]","[1]","[11]","[1]","[0]","[-980.687]","[-0.00150166]","[0.152014]",54548.8,-0.479879,8,"[301714,167248,130534,60525.7,54423.4,31937,28343.9,22318.9]","[0.49855,-0.124727,-0.80954,0.309407,-0.12731,0.619457,0.893802,0.559041]","[-0.714948,2.10505,2.50968,1.7337,-3.02495,2.97205,0.125396,-1.35968]","[341519,168923,177127,63927.7,55090.6,38691.2,40815,26303.7]","[0.993954,0.994386,0.998165,0,0.990561,0.967884,1,1]","[0,0,0,0,0,0,0,0]","[0,0,0,0,0,0,0,0]","[-0.785056,-0.968387,-0.559577,-0.805047,-0.363671,-0.937613,-0.843589,-0.848403]",0,"[]","[]","[]","[]","[]","[]","[]","[]","[]","[]",2,"[303463,287732]","[-0.322095,0.51514]","[2.20154,-0.721372]","[350223,327946]","[143797,27847.6]","[0,0]","[1.2237,1.87945]","[0.507209,0.560771]",0,"[]","[]","[]","[]","[]","[]","[]","[]","[]","[]",0,"[26.7874]",2778.55,"[3081.97,2989.8,4459.87,7643.53,24012.7,5654.56,8045.47,1253.62]","[]","[665.281,10700]","[]"
244,284500,5742270,364174,-1,223.639,3.71479e+06,0.619412,0.9655,1,1,1,0.951091,1.00002,1,1,0,0,1,"[1]","[1]","[30629]","[0.385143]","[-2.19102]","[32928.9]","[0.112337]","[-1]","[11]","[1]","[0]","[79.8416]","[0.0171166]","[1.84925]",62730.3,0.645184,4,"[827065,821828,43862.8,29386.4]","[-0.630853,1.38916,0.440904,2.09435]","[1.1465,-2.00112,-2.85589,-1.36197]","[997861,1.75139e+06,48755.7,121299]","[0.993171,0.942689,0.988758,0.646547]","[0,4,0,0]","[0,0,0,0]","[-0.968099,-0.895732,-0.873232,-0.380094]",0,"[]","[]","[]","[]","[]","[]","[]","[]","[]","[]",2,"[794702,804669]","[-0.62126,1.39689]","[1.1445,-1.99893]","[953387,1.72634e+06]","[24880.7,33839.8]","[0,0]","[6.17641,3.49508]","[0.609947,0.669881]",0,"[]","[]","[]","[]","[]","[]","[]","[]","[]","[]",0,"[206.59]",41719.6,"[29085.8,15975.1,2710.66,3164.26]","[]","[43430.4,41712.8]","[]"
245,284500,8718755,364174,0.361213,223.639,3.71479e+06,0.619412,0.98697,1,1,1,0.998569,1.00582,1,1,0,0,1,"[1]","[1]","[237403]","[-0.196023]","[1.87027]","[241978]","[0.080561]","[-1]","[11]","[1]","[0]","[2549.44]","[0.00643283]","[1.16457]",189268,-0.842955,2,"[73589.7,27444.6]","[-2.40595,-0.153217]","[-1.99234,-2.58933]","[411416,28476.5]","[0.990756,0.985583]","[0,0]","[0,0]","[-0.898022,-0.670291]",0,"[]","[]","[]","[]","[]","[]","[]","[]","[]","[]",1,"[251100]","[-0.192018]","[1.87317]","[255752]","[2108.22]","[0]","[55.6655]","[0.402748]",0,"[]","[]","[]","[]","[]","[]","[]","[]","[]","[]",0,"[3675.73]",1778.03,"[5263.83,1953.2]","[]","[0]","[]"
246,284500,4544103,364174,1,223.639,3.71479e+06,0.738662,0.99211,1,1,1,0.957417,0.9918,1,1,0,0,1,"[1]","[1]","[359055]","[-0.73159]","[0.0641339]","[459505]","[0.0689087]","[1]","[11]","[1]","[0]","[1515.21]","[-0.0258713]","[2.61022]",403771,-3.12654,1,"[72375.4]","[1.8626]","[1.10215]","[238889]","[0.990908]","[4]","[0]","[0.452735]",0,"[]","[]","[]","[]","[]","[]","[]","[]","[]","[]",1,"[395926]","[-0.712421]","[0.0624682]","[500807]","[9177.64]","[0]","[0]","[-1]",0,"[]","[]","[]","[]","[]","[]","[]","[]","[]","[]",0,"[3223.15]",19832.4,"[2728.47]","[]","[42062.3]","[]"
247,284500,3997591,364174,-1,223.639,3.71479e+06,0.619412,1.01378,1,1,1,0.999324,1.00936,1,1,0,0,1,"[1]","[1]","[265526]","[0.0597631]","[-1.00745]","[266000]","[0.0605659]","[1]","[11]","[1]","[1061.78]","[-211.285]","[0.0166639]","[2.42484]",236186,1.92725,1,"[86798.5]","[0.29834]","[3.038]","[91030.3]","[0.999306]","[0]","[0]","[-0.801977]",0,"[]","[]","[]","[]","[]","[]","[]","[]","[]","[]",1,"[285137]","[0.0231819]","[-1.01377]","[285214]","[-0.00474585]","[0]","[0]","[-1]",0,"[]","[]","[]","[]","[]","[]","[]","[]","[]","[]",0,"[4832.77]",3628.67,"[3280.03]","[]","[4424.91]","[]"
248,284500,6857181,364174,1,223.639,3.71479e+06,1.32095,0.97994,1,1,1,0.997436,1.00632,1,1,0,0,1,"[1]","[1]","[299351]","[0.489076]","[1.36845]","[335872]","[-0.0208259]","[-1]","[11]","[1]","[0]","[315.526]","[-0.015644]","[2.44475]",222087,-1.7945,3,"[79129.3,43948.3,24017.2]","[-0.737134,0.63409,1.24452]","[-0.879168,-2.75092,-2.51982]","[101999,53230,45482.6]","[0.99722,0.994143,0.7293]","[0,0,0]","[0,0,0]","[-0.963885,-0.900775,-0.881395]",0,"[]","[]","[]","[]","[]","[]","[]","[]","[]","[]",1,"[307421]","[0.490565]","[1.36653]","[345174]","[3126.4]","[0]","[44.9956]","[0.416793]",0,"[]","[]","[]","[]","[]","[]","[]","[]","[]","[]",0,"[2573]",3102.23,"[2287.09,8019.82,2003.48]","[]","[26484.9]","[]"
249,284500,7244877,364174,1,223.639,3.71479e+06,1.21412,0.97826,1,1,1,0.99611,1.00493,1,1,0,0,1,"[1]","[1]","[114396]","[-1.26245]","[-0.558673]","[218325]","[0.0392952]","[-1]","[11]","[1]","[0]","[-1099.58]","[-0.0331849]","[3.30411]",13372.3,-2.24654,5,"[233624,168910,133662,119417,67085.6]","[-1.20446,0.537966,-1.23794,1.89797,-1.21285]","[-1.48241,2.54279,2.22522,-0.2945,0.939703]","[425097,194028,250139,407414,122993]","[0,0,0.998066,0,0.216887]","[0,0,0,0,0]","[0,0,0,0,0]","[-0.824871,-0.720646,-0.873269,-0.829731,-0.846868]",0,"[]","[]","[]","[]","[]","[]","[]","[]","[]","[]",1,"[325396]","[-1.3375]","[-1.16486]","[681031]","[157766]","[0]","[0.503885]","[0.678059]",0,"[]","[]","[]","[]","[]","[]","[]","[]","[]","[]",0,"[1332.95]",5475.65,"[14760.2,4488.16,2406.24,3393.98,2305.72]","[]","[4333.81]","[]"
250,284500,7952366,364174,-1,223.639,3.71479e+06,0.696077,0.96615,1,1,1,0.993907,0.98962,1,1,0,0,1,"[1]","[1]","[72402.3]","[1.18142]","[0.0850667]","[129087]","[-0.0108223]","[-1]","[11]","[1]","[0]","[184.262]","[-0.0257175]","[3.66931]",81927.6,2.9204,8,"[177589,116127,101547,95440.1,82103.5,61841.7,43637,24440]","[1.32045,0.428084,1.8078,1.16633,-0.484342,-0.526435,1.75951,-1.0258]","[-1.39775,0.65914,-2.89794,-2.05249,2.12338,1.15899,1.23221,0.62458]","[356789,128525,318053,168267,92538.9,70988.6,130583,38909]","[0,0.159496,0.999518,0.174362,0,0,0.994669,0.968151]","[0,0,0,0,0,0,0,0]","[0,0,0,0,0,0,0,0]","[-0.859237,-0.736384,-0.74728,-0.70469,-0.784695,-0.803551,-0.743971,-0.788373]",0,"[]","[]","[]","[]","[]","[]","[]","[]","[]","[]",1,"[265675]","[1.29646]","[-1.65218]","[530272]","[93129.5]","[0]","[0.747062]","[0.746353]",0,"[]","[]","[]","[]","[]","[]","[]","[]","[]","[]",0,"[474.637]",8874.4,"[6737.23,6097.83,5624.35,2954.33,5396.98,1998.82,3349.97,1697.81]","[]","[9456.94]","[]"
251,284500,5241672,364174,1.28327,223.639,3.71479e+06,1.26459,0.98089,1,1,1,0.997566,0.99866,1,1,0,0,1,"[1]","[1]","[316739]","[-0.850644]","[-0.234001]","[438414]","[0.0258331]","[1]","[11]","[1]","[1136.76]","[763.965]","[0.0211056]","[3.20509]",370470,2.99487,2,"[78694.1,29786.2]","[1.74232,1.28105]","[0.435733,3.10733]","[231948,57781.1]","[0.979256,0.988771]","[0,0]","[0,0]","[-0.264099,-0.502052]",0,"[]","[]","[]","[]","[]","[]","[]","[]","[]","[]",1,"[342819]","[-0.822452]","[-0.237102]","[465450]","[0.0078125]","[0]","[0]","[-1]",0,"[]","[]","[]","[]","[]","[]","[]","[]","[]","[]",0,"[3697.97]",10432.2,"[5483.46,3368.03]","[]","[21372.8]","[]"
252,284500,2187608,364174,-1,223.639,3.71479e+06,0.187531,1.00588,1,1,1,0.999677,1.00306,1,1,0,0,1,"[1]","[1]","[276060]","[0.838408]","[-3.01862]","[378904]","[-0.0359974]","[1]","[11]","[1]","[0]","[-1703.39]","[-0.0144813]","[2.10418]",234773,0.397685,1,"[48135.5]","[1.01556]","[-1.19271]","[75265.1]","[0.996798]","[0]","[0]","[-0.763914]",0,"[]","[]","[]","[]","[]","[]","[]","[]","[]","[]",1,"[291274]","[0.84526]","[-3.01639]","[401672]","[875.569]","[0]","[265.358]","[-1]",0,"[]","[]","[]","[]","[]","[]","[]","[]","[]","[]",0,"[2679.93]",1930.27,"[2750]","[]","[14772.8]","[]"
253,284500,1411790,364174,1,223.639,3.71479e+06,1.21412,0.96323,1,1,1,0.971256,1.00493,1,1,0,0,1,"[1]","[1]","[264111]","[-1.22641]","[-1.14815]","[488909]","[0.0582962]","[1]","[11]","[1]","[0]","[-2248.4]","[-0.000600289]","[0.0717598]",233084,1.91893,2,"[36101.3,20499]","[1.73624,-0.657418]","[1.61629,-2.28642]","[105868,25162.3]","[1,0.997123]","[4,0]","[0,0]","[-0.649731,-0.674608]",0,"[]","[]","[]","[]","[]","[]","[]","[]","[]","[]",1,"[292486]","[-1.21489]","[-1.14303]","[536225]","[0.00552427]","[0]","[0]","[-1]",0,"[]","[]","[]","[]","[]","[]","[]","[]","[]","[]",0,"[3218.33]",2265.61,"[1254.68,4138.53]","[]","[17224.3]","[]"
254,284500,5932631,364174,2.95861,223.639,3.71479e+06,1.1961,0.96323,1,1,1,0.983961,1.00493,1,1,0,0,1,"[1]","[1]","[229787]","[-1.24096]","[1.881]","[430623]","[0.00895977]","[1]","[11]","[1]","[1319.04]","[384.519]","[0.00211069]","[0.233153]",230871,-0.936169,3,"[36864.6,29546.3,22242.5]","[0.57755,-2.31283,-0.826539]","[3.12666,2.92144,-2.71128]","[43638,150784,30601.1]","[0.991929,0.980087,0.938727]","[0,0,4]","[0,0,0]","[-0.918139,-0.887222,-0.807735]",0,"[]","[]","[]","[]","[]","[]","[]","[]","[]","[]",1,"[252371]","[-1.25182]","[1.88339]","[477322]","[-0.00552427]","[0]","[0]","[-1]",0,"[]","[]","[]","[]","[]","[]","[]","[]","[]","[]",0,"[3710.25]",6607.03,"[6872.01,2435.2,1211.79]","[]","[0]","[]"
255,284500,5937206,364174,1,223.639,3.71479e+06,1.22586,0.97867,1,1,1,0.995549,1.01012,1,1,0,0,1,"[1]","[1]","[94167.8]","[1.85509]","[2.57495]","[308338]","[-0.188461]","[1]","[11]","[1]","[0]","[-760.57]","[-0.0400584]","[1.9901]",8736.58,0.0278168,4,"[341085,117318,23148.3,20772.9]","[0.599907,-0.410058,2.38791,-0.0215271]","[-0.660322,2.35182,1.65839,2.79907]","[404878,129009,127241,21325.6]","[0.993798,0.999293,0.998189,0.78277]","[0,0,0,0]","[0,0,0,0]","[-0.954316,-0.941682,-0.33577,-0.872052]",0,"[]","[]","[]","[]","[]","[]","[]","[]","[]","[]",1,"[337502]","[0.555343]","[-0.668257]","[392073]","[30341.7]","[0]","[3.35566]","[0.525523]",0,"[]","[]","[]","[]","[]","[]","[]","[]","[]","[]",0,"[452.132]",7849.4,"[16017.2,3665.55,1673.43,1136.01]","[]","[14633.8]","[]"
256,284500,8665834,364174,1,223.639,3.71479e+06,0.75088,1,1,1,1,0.997098,1,1,1,0,0,1,"[1]","[1]","[63209]","[0.5793]","[1.19172]","[74115]","[0.0257797]","[1]","[11]","[0]","[0]","[-300.258]","[0.023378]","[2.88242]",24364.8,1.45045,5,"[358746,332682,48898.6,34531.4,32576.8]","[-0.752603,-0.993868,1.50381,0.79331,-0.618243]","[-2.39431,0.678582,-2.13105,2.67357,-1.60122]","[465546,511122,115579,46486.1,39415.1]","[0.999619,0.996018,0.998713,1,0.728609]","[0,0,0,0,0]","[0,0,0,0,0]","[-0.723941,-0.892206,-0.82956,-0.595698,-0.869888]",0,"[]","[]","[]","[]","[]","[]","[]","[]","[]","[]",2,"[357580,353920]","[-0.741141,-0.984612]","[-2.39532,0.677603]","[460513,539867]","[11632.1,9076.91]","[0,0]","[2.12019,3.37446]","[-1,0.363983]",0,"[]","[]","[]","[]","[]","[]","[]","[]","[]","[]",0,"[111.274]",10626.2,"[6415.19,5523.81,6363.1,2141.04,2823.72]","[]","[1923.66,19846.7]","[]"
257,284500,6364780,364174,1,223.639,3.71479e+06,0.619412,0.94567,1,1,1,0.995264,1.02055,1,1,0,0,1,"[1]","[1]","[75641.6]","[-1.36403]","[-3.02348]","[157620]","[-0.0374908]","[-1]","[11]","[1]","[0]","[-692.698]","[0.0113052]","[1.12268]",62407.8,2.63327,5,"[375971,112637,78691.4,40006.8,28197.9]","[0.224157,-1.55148,-0.0738609,-1.32715,-2.12164]","[0.45503,-1.575,-2.86722,2.43169,-1.8198]","[386830,278364,79813.8,80922.6,119487]","[0.999868,0.999853,0.997705,1,0.988313]","[0,0,0,0,0]","[0,0,0,0,0]","[-0.888347,-0.945512,-0.711752,-0.909649,-0.064069]",0,"[]","[]","[]","[]","[]","[]","[]","[]","[]","[]",1,"[405999]","[0.187969]","[0.454042]","[414365]","[31151]","[0]","[1.90075]","[0.709481]",0,"[]","[]","[]","[]","[]","[]","[]","[]","[]","[]",0,"[1148.41]",10020,"[21631.1,6832.51,11251.9,2617.74,1920.63]","[]","[5835.41]","[]"
258,284500,8189700,364174,-1,223.639,3.71479e+06,0.696077,0.96825,1,1,1,0.995794,0.99461,1,1,0,0,1,"[1]","[1]","[64380.7]","[-2.05]","[0.96335]","[254195]","[-29.1394]","[1]","[11]","[1]","[0]","[-1499.19]","[-0.00774425]","[0.648614]",59431.8,-2.64488,6,"[305036,231040,223253,109814,42238.8,35696.8]","[0.5798,0.535012,-1.61337,0.952729,1.70216,1.1406]","[1.82643,-1.98489,-0.823,0.715513,1.87655,1.2587]","[361046,265429,582812,164931,119911,61889.2]","[0.996932,0.997427,0.999303,0.993259,0.993355,1]","[0,0,0,0,0,0]","[0,0,0,0,0,0]","[0.572073,-0.890023,-0.910762,-0.674497,-0.932269,-0.44413]",0,"[]","[]","[]","[]","[]","[]","[]","[]","[]","[]",3,"[312524,295885,251870]","[0.646813,0.702069,-1.59141]","[1.78186,-1.97135,-0.786187]","[393051,377944,644837]","[99646.3,67593.5,31465.3]","[0,0,0]","[2.07896,1.98562,2.7924]","[0.642645,0.416603,0.697425]",0,"[]","[]","[]","[]","[]","[]","[]","[]","[]","[]",0,"[237.508]",9195.74,"[3292.95,5614.13,7358.26,4563.1,7252.04,4503.32]","[]","[21154.8,6459.81,0]","[]"
259,284500,8824460,364174,1,223.639,3.71479e+06,0.553627,1.00588,1,1,1,0.998942,1.00306,1,1,0,0,1,"[1]","[1]","[266947]","[0.911557]","[-1.52392]","[385751]","[0.0122871]","[-1]","[11]","[1]","[0]","[-384.916]","[-0.00628482]","[0.541624]",386969,1.58116,1,"[117082]","[-0.78441]","[-1.5752]","[155639]","[0.985595]","[0]","[0]","[-0.211026]",0,"[]","[]","[]","[]","[]","[]","[]","[]","[]","[]",1,"[286830]","[0.893702]","[-1.5228]","[409207]","[1034.22]","[0]","[0]","[-1]",0,"[]","[]","[]","[]","[]","[]","[]","[]","[]","[]",0,"[2684.4]",519.562,"[2148.31]","[]","[13686.3]","[]"
260,284500,9374093,364174,1,223.639,3.71479e+06,0.553627,0.98413,1,1,1,1.52202,0.99866,1,1,0,0,1,"[0]","[1]","[83011.5]","[-1.03836]","[-0.0644115]","[131931]","[0.0226603]","[-1]","[11]","[1]","[0]","[1041.88]","[-0.00050067]","[0.0470963]",67861.9,-1.34272,5,"[262497,101944,83282.1,53241,33119.2]","[-0.891176,0.771583,-1.03859,0.320687,1.57134]","[2.8272,-0.461536,1.87904,-0.610449,-0.273313]","[374295,134632,133146,56865.4,83301.8]","[0.910435,0.991351,0.990049,1,0.996839]","[0,0,0,4,0]","[0,0,0,0,0]","[-0.893649,-0.709734,-0.949494,0.890282,-0.421804]",0,"[]","[]","[]","[]","[]","[]","[]","[]","[]","[]",1,"[313898]","[-0.953932]","[2.66796]","[490731]","[147994]","[0]","[1.20016]","[0.78564]",0,"[]","[]","[]","[]","[]","[]","[]","[]","[]","[]",0,"[566.886]",470.281,"[8343.84,3420.13,3002.13,3734.1,2061.92]","[]","[11282.4]","[]"
261,284500,5314963,364174,-1,223.639,3.71479e+06,1.24168,0.97738,1,1,1,0.958136,1.00056,1,1,0,0,1,"[1]","[1]","[71274.1]","[0.437294]","[-2.91038]","[78198.2]","[-0.0214405]","[1]","[11]","[1]","[0]","[3876.33]","[0.00356265]","[0.277274]",7336.76,2.71453,3,"[460892,407793,32105.1]","[-1.43162,-1.65725,-0.747821]","[0.51311,-2.61009,0.451333]","[1.01986e+06,1.10852e+06,41894.1]","[0.99,0.997094,0.990341]","[4,0,0]","[0,0,0]","[-0.931583,-0.82815,-0.412344]",0,"[]","[]","[]","[]","[]","[]","[]","[]","[]","[]",2,"[449520,412095]","[-1.43942,-1.66884]","[0.514622,-2.60988]","[1.00177e+06,1.13219e+06]","[28015.1,12160.9]","[0,0]","[4.0486,5.12036]","[0.588605,-1]",0,"[]","[]","[]","[]","[]","[]","[]","[]","[]","[]",0,"[215.221]",5788.96,"[6264.35,11974.7,2536.52]","[]","[6978.56,23784.9]","[]"
262,284500,2436114,364174,1,223.639,3.71479e+06,1.24168,0.99242,1,1,1,0.99864,0.99765,1,1,0,0,1,"[1]","[1]","[178724]","[0.635484]","[1.58931]","[216043]","[-0.0069809]","[-1]","[11]","[1]","[0]","[-1025.63]","[-0.00328285]","[0.176817]",47376,2.50475,3,"[232573,57071.3,34871.4]","[-0.253823,1.12064,0.194296]","[-1.42324,1.44391,-1.65097]","[242634,97046,35940.5]","[0.98229,0.996372,0.968063]","[0,0,0]","[0,0,0]","[-0.870985,-0.819634,-0.700182]",0,"[]","[]","[]","[]","[]","[]","[]","[]","[]","[]",2,"[266609,251578]","[-0.232303,0.736826]","[-1.44892,1.5623]","[281067,330110]","[63348.6,68061.6]","[0,0]","[1.3045,0.852781]","[0.499842,0.639153]",0,"[]","[]","[]","[]","[]","[]","[]","[]","[]","[]",0,"[835.326]",2211.14,"[5106.04,2643.09,3459.76]","[]","[24794.3,0]","[]"
263,284500,8768810,364174,-1,223.639,3.71479e+06,0.619412,0.98697,1,1,1,0.998103,1.00582,1,1,0,0,1,"[1]","[1]","[326253]","[-0.592258]","[-0.676327]","[385166]","[0.0143423]","[-1]","[11]","[1]","[0]","[2110.9]","[0.00408651]","[0.470213]",276977,2.64676,3,"[55834.4,22646.8,20707.7]","[-0.969369,0.291132,-1.05136]","[1.31467,-2.97648,0.762026]","[84661.9,23800.6,33500.9]","[0.997162,0.821493,0.986475]","[0,0,0]","[0,0,0]","[-0.579463,-0.798455,0.640249]",0,"[]","[]","[]","[]","[]","[]","[]","[]","[]","[]",1,"[340755]","[-0.59125]","[-0.669861]","[402102]","[4993.22]","[0]","[33.2536]","[0.501233]",0,"[]","[]","[]","[]","[]","[]","[]","[]","[]","[]",0,"[2067.28]",695.219,"[2240.79,2424.35,2076.03]","[]","[24931.1]","[]"
264,284500,9395627,364174,1,223.639,3.71479e+06,1.32095,0.98697,1,1,1,0.963836,1.00582,1,1,0,0,1,"[1]","[1]","[278407]","[-0.238953]","[-2.89104]","[286393]","[-0.0252075]","[1]","[11]","[1]","[0]","[3406.63]","[-0.016956]","[1.71595]",225486,0.184884,1,"[58095.2]","[-1.5923]","[0.639807]","[148883]","[0.990112]","[4]","[0]","[0.623617]",0,"[]","[]","[]","[]","[]","[]","[]","[]","[]","[]",1,"[283966]","[-0.292399]","[-2.89301]","[296196]","[1468.73]","[0]","[0]","[-1]",0,"[]","[]","[]","[]","[]","[]","[]","[]","[]","[]",0,"[3111.3]",1020.41,"[1688.45]","[]","[3109.16]","[]"
265,284500,4458563,364174,-1,223.639,3.71479e+06,1.24168,0.98089,1,1,1,0.958196,0.99866,1,1,0,0,1,"[1]","[1]","[185680]","[-0.929208]","[-1.87311]","[271777]","[-0.0517273]","[1]","[11]","[1]","[1335.45]","[901.683]","[0.011246]","[1.10838]",307381,1.34915,2,"[107572,21418.7]","[-1.78432,-1.66913]","[-1.80431,-1.05471]","[329896,58907.1]","[0.98085,0.993946]","[4,0]","[0,0]","[-0.901277,-0.914978]",0,"[]","[]","[]","[]","[]","[]","[]","[]","[]","[]",1,"[295564]","[-1.30663]","[-1.85533]","[597301]","[116288]","[0]","[0.690063]","[0.466964]",0,"[]","[]","[]","[]","[]","[]","[]","[]","[]","[]",0,"[1551.12]",2803.25,"[3686.17,1697.73]","[]","[2022.69]","[]"
266,284500,6725687,364174,1,223.639,3.71479e+06,0.923924,1.00588,1,1,1,0.998072,1.00306,1,1,0,0,1,"[1]","[1]","[296883]","[0.8675]","[-1.26574]","[415777]","[-0.00523376]","[-1]","[11]","[1]","[0]","[-350.721]","[0.0384245]","[5.86747]",259351,2.23872,2,"[59750.4,49115.8]","[2.31324,1.82134]","[1.14292,0.595668]","[305005,156177]","[0.994202,0.998861]","[0,0]","[0,0]","[-0.935646,-0.829699]",0,"[]","[]","[]","[]","[]","[]","[]","[]","[]","[]",1,"[303649]","[0.892233]","[-1.2584]","[432763]","[3605.72]","[0]","[8.70976]","[-1]",0,"[]","[]","[]","[]","[]","[]","[]","[]","[]","[]",0,"[3797.16]",347.859,"[2759.61,2443.28]","[]","[14060.4]","[]"
267,284500,4314035,364174,1,223.639,3.71479e+06,0.696077,0.99211,1,1,1,0.997845,0.9918,1,1,0,0,1,"[1]","[1]","[256943]","[-0.689086]","[-0.30335]","[320398]","[0.0762482]","[-1]","[11]","[1]","[0]","[243.047]","[-0.000957622]","[0.0589939]",183830,2.9062,2,"[47511,24991]","[-1.09912,1.56826]","[2.53557,2.9869]","[79573.4,62829.2]","[0.987596,0.99175]","[0,0]","[0,0]","[-0.93863,-0.751125]",0,"[]","[]","[]","[]","[]","[]","[]","[]","[]","[]",1,"[270153]","[-0.671825]","[-0.308762]","[333448]","[-0.00276214]","[0]","[0]","[-1]",0,"[]","[]","[]","[]","[]","[]","[]","[]","[]","[]",0,"[1638.62]",1564.7,"[2670.2,1687.37]","[]","[2101.94]","[]"
268,284500,4919171,364174,-1,223.639,3.71479e+06,0.619412,0.97949,1.00539,1,1,0.994489,0.99672,1,1,0,0,2,"[0,1]","[0,1]","[897331,62751.8]","[0.0948329,1.14398]","[-2.91647,-3.0657]","[901369,108491]","[-53.433,0.0699472]","[1,1]","[13,11]","[0,1]","[0,0]","[1486.46,2139.02]","[2.34114,-0.0342693]","[110.684,2.57487]",844888,0.0961945,5,"[267001,82299.4,27810,23967.8,21909.5]","[1.03612,-0.24745,-2.02584,1.65071,0.5383]","[2.16445,0.743832,-1.16541,-1.29138,0.898956]","[425323,85201.2,107407,65029.2,25783.4]","[0.002158,0.938081,1,0.894172,0.990475]","[0,0,0,0,0]","[0,0,0,0,0]","[-0.752802,-0.988691,-0.777079,-0.582154,0.662734]",0,"[]","[]","[]","[]","[]","[]","[]","[]","[]","[]",1,"[264374]","[1.0346]","[2.17898]","[443945]","[146874]","[0]","[2.6859]","[0.607467]",0,"[]","[]","[]","[]","[]","[]","[]","[]","[]","[]",0,"[119650,562.005]",8354.31,"[6254.8,2572.52,2050.73,2983.24,1888.41]","[]","[4218.41]","[]"
269,284500,4554643,364174,1,223.639,3.71479e+06,1.24168,1.01378,1,1,1,0.999491,1.00936,1,1,0,0,1,"[1]","[1]","[319161]","[0.028788]","[1.15484]","[319293]","[-0.0314178]","[1]","[11]","[1]","[0]","[-234.063]","[-0.00543909]","[0.871694]",264403,-2.08674,1,"[69732.8]","[1.39255]","[-1.17839]","[149636]","[1]","[0]","[0]","[-0.41472]",0,"[]","[]","[]","[]","[]","[]","[]","[]","[]","[]",1,"[331466]","[0.0769148]","[1.14674]","[332447]","[0.00478416]","[0]","[0]","[-1]",0,"[]","[]","[]","[]","[]","[]","[]","[]","[]","[]",0,"[2086.34]",2630.95,"[4313.82]","[]","[13600.9]","[]"
270,284500,8740018,364174,1,223.639,3.71479e+06,1.26205,0.99093,1,1,1,0.96631,1.00306,1,1,0,0,1,"[1]","[1]","[85967.7]","[1.13644]","[-0.994822]","[147719]","[-0.0215149]","[-1]","[11]","[1]","[0]","[1497.48]","[0.0219138]","[1.96551]",74625.8,-2.11216,3,"[157399,138451,44109.3]","[0.2415,1.55978,2.19117]","[2.39695,-0.446373,1.44564]","[162177,344109,199946]","[0,0,0.978068]","[0,0,4]","[0,0,0]","[-0.743586,-0.776882,-0.621328]",0,"[]","[]","[]","[]","[]","[]","[]","[]","[]","[]",1,"[256323]","[1.5593]","[-0.680079]","[643801]","[97192.7]","[0]","[1.1229]","[0.34252]",0,"[]","[]","[]","[]","[]","[]","[]","[]","[]","[]",0,"[355.816]",9095.03,"[12464.8,3940.33,5913.94]","[]","[0]","[]"
271,284500,4140982,364174,1,223.639,3.71479e+06,0.553627,0.9666,1,1,1,0.997555,0.95498,1,1,0,0,1,"[1]","[1]","[54543.3]","[-0.722278]","[-2.21715]","[69400]","[-56.338]","[-1]","[11]","[1]","[0]","[-1465.23]","[0.0170161]","[2.10664]",27982,0.692046,5,"[160868,76499,66668.3,62891.2,41698.7]","[-1.24791,-0.407599,0.17159,0.40922,-0.418446]","[2.38548,2.31507,0.497506,1.03412,-0.620218]","[304771,83587.6,68596.8,69001.5,46219.5]","[0.993797,1,0.999735,0,0.994857]","[0,0,0,0,0]","[0,0,0,0,0]","[-0.67806,-0.953069,-0.956544,-0.8004,-0.920287]",0,"[]","[]","[]","[]","[]","[]","[]","[]","[]","[]",1,"[275101]","[-1.12631]","[2.35486]","[488277]","[136400]","[0]","[1.35218]","[0.674269]",0,"[]","[]","[]","[]","[]","[]","[]","[]","[]","[]",0,"[68.1807]",10883.2,"[3824.47,3382.35,6472.84,5665.52,2117.59]","[]","[34944.2]","[]"
272,284500,6750822,364174,-1,223.639,3.71479e+06,0.402058,0.96972,1,1,1,0.997286,0.99544,1,1,0,0,1,"[1]","[1]","[253983]","[1.34601]","[-1.15025]","[520964]","[0.0288086]","[1]","[11]","[1]","[0]","[2093.52]","[-0.00407933]","[0.435286]",284037,1.87584,2,"[24129.7,21250.5]","[0.290512,2.27136]","[-1.32834,1.24325]","[25541.2,104122]","[0.985915,0.640054]","[0,0]","[0,0]","[-0.825347,-0.750356]",0,"[]","[]","[]","[]","[]","[]","[]","[]","[]","[]",1,"[280096]","[1.35054]","[-1.14789]","[576802]","[0.00956832]","[0]","[0]","[-1]",0,"[]","[]","[]","[]","[]","[]","[]","[]","[]","[]",0,"[3167.94]",242.5,"[3589.85,2185.44]","[]","[42.5625]","[]"
273,284500,6940883,364174,1,223.639,3.71479e+06,1.32095,0.9655,0.997152,1,1,0.996244,1.00002,1,1,0,0,2,"[1,0]","[1,0]","[30909.6,9187.1]","[0.63175,0.562509]","[-2.35932,1.17908]","[37285.7,10679.8]","[-106.072,-106.141]","[1,1]","[11,13]","[1,1]","[4531.81,0]","[335.068,-827.417]","[-0.0296918,-0.0868398]","[1.59345,5.21118]",60454.2,0.792029,4,"[236979,108729,75548.1,26889.4]","[0.54177,1.88696,1.41804,-1.44647]","[1.79333,-1.59456,-2.09716,-1.39539]","[275482,367190,165467,60529.2]","[0.997298,0.994163,0,1]","[0,0,0,0]","[0,0,0,0]","[-0.83088,-0.530775,-0.979154,0.249723]",0,"[]","[]","[]","[]","[]","[]","[]","[]","[]","[]",1,"[254971]","[0.564878]","[1.74112]","[301959]","[55882.5]","[0]","[1.66395]","[0.476823]",0,"[]","[]","[]","[]","[]","[]","[]","[]","[]","[]",0,"[135.797,44.0815]",17695.4,"[2664.6,3427.31,3750.67,4175.62]","[]","[5963.89]","[]"
274,284500,4342351,364174,1,223.639,3.71479e+06,1.22586,0.99242,1,1,1,0.984126,0.99765,1,1,0,0,1,"[1]","[1]","[361452]","[0.668396]","[1.25746]","[445243]","[0.0156441]","[-1]","[11]","[1]","[0]","[6071.07]","[-7.17872e-05]","[0.00871601]",436677,-1.79849,4,"[45310.5,24855.7,24241.5,21315.5]","[-0.983303,0.276625,-1.29842,-0.578132]","[1.28599,1.78482,1.80388,-2.63733]","[69592.6,26275.6,47890.2,25376]","[0.985099,0.99,0.977622,0.965554]","[0,0,0,4]","[0,0,0,0]","[-0.533814,-0.863675,-0.787064,0.755929]",0,"[]","[]","[]","[]","[]","[]","[]","[]","[]","[]",1,"[378083]","[0.65207]","[1.25292]","[461363]","[3281.79]","[0]","[0]","[-1]",0,"[]","[]","[]","[]","[]","[]","[]","[]","[]","[]",0,"[3123.7]",20876.1,"[5089.19,2544.17,1808.96,1198.62]","[]","[1865.34]","[]"
275,284500,6961004,364174,-1,223.639,3.71479e+06,0.00279311,0.97003,1,1,1,0.960303,0.97256,1,1,0,0,1,"[1]","[1]","[43424.5]","[0.815367]","[-0.716915]","[58677]","[-0.000768661]","[1]","[11]","[1]","[0]","[-407.146]","[-0.00125958]","[0.175633]",61209.6,-2.82418,3,"[302054,211293,46895.8]","[0.905463,-1.93157,-1.2855]","[0.517852,-2.85021,-2.0272]","[434813,744445,91340.7]","[0.995184,1,0.637351]","[4,0,0]","[0,0,0]","[-0.806454,-0.965721,-0.772053]",0,"[]","[]","[]","[]","[]","[]","[]","[]","[]","[]",1,"[275196]","[0.896602]","[0.516975]","[393557]","[10338.2]","[0]","[4.84054]","[0.643101]",0,"[]","[]","[]","[]","[]","[]","[]","[]","[]","[]",0,"[42.793]",4496.29,"[3261.53,7733.61,4177.99]","[]","[9258.09]","[]"
276,284500,6716780,364174,0.0374345,223.639,3.71479e+06,1.08735,1.01378,1,1,1,0.965481,1.00936,1,1,0,0,1,"[1]","[1]","[195561]","[0.0729106]","[-2.67899]","[196081]","[-0.0414238]","[1]","[11]","[1]","[0]","[1634.89]","[-0.00262713]","[0.439403]",208748,0.374932,1,"[55253]","[-0.521901]","[-2.96731]","[63901.9]","[0.955784]","[4]","[0]","[-0.789347]",0,"[]","[]","[]","[]","[]","[]","[]","[]","[]","[]",1,"[260134]","[-0.0836242]","[-2.73981]","[270632]","[71397.7]","[0]","[1.23729]","[0.441226]",0,"[]","[]","[]","[]","[]","[]","[]","[]","[]","[]",0,"[905.006]",3564.2,"[1972.24]","[]","[18366.7]","[]"
277,284500,6620821,364174,1,223.639,3.71479e+06,0.619412,0.98089,1,1,1,0.970856,0.99866,1,1,0,0,1,"[1]","[1]","[245480]","[-0.822938]","[2.2211]","[333402]","[0.0113821]","[1]","[11]","[1]","[2153.9]","[-765.845]","[0.0144232]","[1.71947]",172334,-0.990663,2,"[47947.1,39089.5]","[-1.59201,0.905162]","[0.103194,-1.4535]","[122869,56634.7]","[1,1]","[0,4]","[0,0]","[-0.458481,-0.948688]",0,"[]","[]","[]","[]","[]","[]","[]","[]","[]","[]",1,"[256950]","[-0.81996]","[2.21915]","[348278]","[-0.00276214]","[0]","[0]","[-1]",0,"[]","[]","[]","[]","[]","[]","[]","[]","[]","[]",0,"[2426.58]",7101.41,"[2232.9,3170.68]","[]","[4658.17]","[]"
278,284500,6298408,364174,1,223.639,3.71479e+06,1.21412,1.00588,1,1,1,0.960309,1.00306,1,1,0,0,1,"[1]","[1]","[303224]","[0.855209]","[0.400092]","[421035]","[0.0616436]","[1]","[11]","[1]","[0]","[292.02]","[-0.00786218]","[1.29501]",373695,-2.49042,1,"[68917.3]","[-0.658811]","[1.24501]","[85268.7]","[0.991137]","[4]","[0]","[-0.864402]",0,"[]","[]","[]","[]","[]","[]","[]","[]","[]","[]",1,"[322060]","[0.848212]","[0.402763]","[445031]","[0.00552427]","[0]","[0]","[-1]",0,"[]","[]","[]","[]","[]","[]","[]","[]","[]","[]",0,"[3540.9]",240.844,"[1242.67]","[]","[15182.2]","[]"
279,284500,6303794,364174,0.0740221,223.639,3.71479e+06,0.738662,0.98697,1,1,1,0.974818,1.00582,1,1,0,0,1,"[1]","[1]","[285863]","[-0.598973]","[-0.249761]","[338694]","[-0.0184975]","[-1]","[11]","[1]","[0]","[3157.77]","[-0.000804114]","[0.12924]",271082,2.58943,3,"[33456.9,33283.7,25430]","[0.582214,2.18268,2.33297]","[-1.31033,-2.3768,-2.98145]","[39775.6,149619,132395]","[0.981511,1,0.989875]","[0,4,0]","[0,0,0]","[-0.568575,-0.87237,-0.495513]",0,"[]","[]","[]","[]","[]","[]","[]","[]","[]","[]",1,"[301314]","[-0.591169]","[-0.248007]","[355543]","[4308.58]","[0]","[14.8486]","[-1]",0,"[]","[]","[]","[]","[]","[]","[]","[]","[]","[]",0,"[1727.46]",20127.9,"[7225.46,3189.46,1792.68]","[]","[18856.7]","[]"
280,284500,4711993,364174,1.23916,223.639,3.71479e+06,0.402058,1.01378,1,1,1,0.999666,1.00936,1,1,0,0,1,"[1]","[1]","[204321]","[0.0544535]","[0.40544]","[204624]","[-0.0669556]","[-1]","[11]","[1]","[1414.56]","[6619.24]","[-0.0094531]","[1.3892]",280884,-2.84495,1,"[61779.8]","[-0.756771]","[-0.201769]","[81251]","[0.999054]","[0]","[0]","[-0.947097]",0,"[]","[]","[]","[]","[]","[]","[]","[]","[]","[]",1,"[253348]","[-0.0382288]","[0.336205]","[264077]","[73875]","[0]","[0.929129]","[0.731687]",0,"[]","[]","[]","[]","[]","[]","[]","[]","[]","[]",0,"[997.258]",5699.59,"[8454.26]","[]","[0]","[]"
281,284500,8573510,364174,1,223.639,3.71479e+06,0.923924,0.98089,1,1,1,0.982767,0.99866,1,1,0,0,1,"[1]","[1]","[247404]","[-0.840626]","[3.02244]","[340089]","[-0.0512886]","[1]","[11]","[1]","[0]","[-1348.35]","[0.0146854]","[1.44025]",314257,-0.0121037,3,"[66186.7,31507.7,21689.8]","[-2.33091,-1.27702,0.0307001]","[-2.77175,1.44488,0.259492]","[343789,61014.4,21981.5]","[0.961355,0.961754,0.962304]","[0,0,4]","[0,0,0]","[-0.429591,-0.698298,-0.768687]",0,"[]","[]","[]","[]","[]","[]","[]","[]","[]","[]",1,"[267893]","[-0.817193]","[3.01804]","[362433]","[0.00552427]","[0]","[0]","[-1]",0,"[]","[]","[]","[]","[]","[]","[]","[]","[]","[]",0,"[2735.01]",5307.56,"[5045.43,2144.98,4659.47]","[]","[13855.4]","[]"
282,284500,6676571,364174,0.988911,223.639,3.71479e+06,1.74563,0.98697,1,1,1,0.996024,1.00582,1,1,0,0,1,"[1]","[1]","[242404]","[-0.127008]","[0.617014]","[244361]","[0.0233212]","[1]","[11]","[1]","[0]","[1770.26]","[0.00934657]","[1.41293]",225734,-2.78345,3,"[37962.7,27086.3,24631.7]","[-2.24195,-1.77039,-1.13242]","[-2.1282,-0.601623,-0.965375]","[180725,81936.2,42501.6]","[0.994272,0.999193,0.960148]","[0,0,0]","[0,0,0]","[-0.957694,-0.895056,-0.875624]",0,"[]","[]","[]","[]","[]","[]","[]","[]","[]","[]",1,"[260457]","[-0.128613]","[0.617933]","[262630]","[2872.69]","[0]","[8.50756]","[0.40352]",0,"[]","[]","[]","[]","[]","[]","[]","[]","[]","[]",0,"[2564.27]",542.281,"[2325.84,1734.82,1684.98]","[]","[4165.53]","[]"
283,284500,6372800,364174,-1,223.639,3.71479e+06,1.22586,0.97695,1,1,1,0.999297,0.98743,1,1,0,0,1,"[1]","[1]","[238252]","[0.0323278]","[1.05621]","[238377]","[0.124352]","[1]","[11]","[1]","[0]","[3266.84]","[0.0037847]","[0.366454]",212141,-2.04764,1,"[29825.9]","[0.548877]","[-2.28825]","[34764.5]","[0.993015]","[0]","[0]","[-0.0485575]",0,"[]","[]","[]","[]","[]","[]","[]","[]","[]","[]",1,"[251007]","[-0.012521]","[1.05137]","[251027]","[-0.00135383]","[0]","[0]","[-1]",0,"[]","[]","[]","[]","[]","[]","[]","[]","[]","[]",0,"[3511.82]",949.625,"[2080.02]","[]","[0]","[]"
284,284500,1549407,364174,-1,223.639,3.71479e+06,1.1961,0.99211,1,1,1,0.998048,0.9918,1,1,0,0,1,"[1]","[1]","[335264]","[-0.646663]","[1.62924]","[407840]","[-0.0190887]","[-1]","[11]","[1]","[0]","[3709.22]","[0.00797838]","[0.811394]",307801,-1.39813,2,"[38956.4,22962.2]","[-1.95275,-1.13505]","[-1.95195,1.89795]","[140129,39490.9]","[0.984284,0.936837]","[0,0]","[0,0]","[-0.59484,-0.7163]",0,"[]","[]","[]","[]","[]","[]","[]","[]","[]","[]",1,"[347342]","[-0.663417]","[1.62815]","[426624]","[0.00390625]","[0]","[0]","[-1]",0,"[]","[]","[]","[]","[]","[]","[]","[]","[]","[]",0,"[2481.64]",24689.7,"[4748.96,1660.2]","[]","[13412.8]","[]"
285,284500,3602993,364174,-1,223.639,3.71479e+06,0.553627,0.96435,1,1,1,0.992632,0.9595,1,1,0,0,1,"[1]","[1]","[40187.8]","[-0.675591]","[-1.9651]","[49713.3]","[47.0433]","[1]","[11]","[1]","[0]","[1332.42]","[-0.00644985]","[0.604692]",51565,1.21036,6,"[211230,209035,76042.6,33387.4,24349.9,23911]","[1.73177,-0.949397,0.443193,1.63147,-1.67471,2.48827]","[-0.298998,-3.00065,1.50477,-2.03607,-0.884493,-0.642227]","[616239,312561,84748,88864.4,67433.1,144996]","[1,0.994891,0.99832,0.995436,0.995324,0.0607251]","[0,0,0,0,0,0]","[0,0,0,0,0,0]","[0.307257,-0.922487,-0.455444,-0.601623,-0.372704,-0.649624]",0,"[]","[]","[]","[]","[]","[]","[]","[]","[]","[]",1,"[254470]","[1.70492]","[-0.335009]","[724541]","[46525.2]","[0]","[1.7734]","[0.758168]",0,"[]","[]","[]","[]","[]","[]","[]","[]","[]","[]",0,"[181.707]",2920.95,"[8606.38,7890.09,2845.12,3402,1960.43,2395.8]","[]","[3809.52]","[]"
286,284500,6690347,364174,0.100418,223.639,3.71479e+06,0.696077,0.97695,1,1,1,0.99777,0.98743,1,1,0,0,1,"[1]","[1]","[276939]","[-0.066037]","[3.1222]","[277543]","[0.0143776]","[-1]","[11]","[1]","[0]","[-1581.75]","[0.00859872]","[1.00436]",235458,-0.323473,2,"[68569.7,22719.8]","[0.67309,2.3465]","[0.787722,-0.493461]","[85223.3,119863]","[0.99707,1]","[0,0]","[0,0]","[-0.909055,-0.719253]",0,"[]","[]","[]","[]","[]","[]","[]","[]","[]","[]",1,"[290958]","[-0.0509354]","[3.11823]","[291336]","[0.0012207]","[0]","[0]","[-1]",0,"[]","[]","[]","[]","[]","[]","[]","[]","[]","[]",0,"[1829.26]",16121.2,"[5453.63,1821.22]","[]","[15498.5]","[]"
287,284500,4910757,364174,1,223.639,3.71479e+06,1.26459,0.97994,1,1,1,0.963119,1.00632,1,1,0,0,1,"[1]","[1]","[248835]","[0.161495]","[-3.09589]","[252087]","[-0.125589]","[-1]","[11]","[1]","[1105.58]","[4512.3]","[0.000100779]","[0.0156595]",196220,0.148637,1,"[54826.6]","[-2.16463]","[-0.416339]","[241980]","[1]","[4]","[0]","[-0.557796]",0,"[]","[]","[]","[]","[]","[]","[]","[]","[]","[]",1,"[269526]","[0.147115]","[-3.09276]","[272489]","[4755.36]","[0]","[16.7408]","[0.500121]",0,"[]","[]","[]","[]","[]","[]","[]","[]","[]","[]",0,"[1258.01]",6887.94,"[8271.17]","[]","[11353.9]","[]"
288,284500,8137894,364174,1,223.639,3.71479e+06,0.75088,0.98089,1,1,1,1.49993,0.99866,1,1,0,0,1,"[1]","[1]","[300504]","[-1.09101]","[1.96813]","[497809]","[0.0251999]","[-1]","[11]","[1]","[0]","[-1968.95]","[0.0169719]","[1.87347]",264540,-1.59286,1,"[122330]","[0.78649]","[-0.117551]","[162604]","[0.96568]","[4]","[0]","[0.847923]",0,"[]","[]","[]","[]","[]","[]","[]","[]","[]","[]",1,"[336730]","[-1.08527]","[1.9706]","[555280]","[1301.01]","[0]","[0]","[-1]",0,"[]","[]","[]","[]","[]","[]","[]","[]","[]","[]",0,"[6782.51]",473.25,"[5711.71]","[]","[30047.4]","[]"
289,284500,4886376,364174,-1,223.639,3.71479e+06,1.22586,0.94038,1,1,1,0.970217,0.99929,1,1,0,0,1,"[1]","[1]","[32384.9]","[-2.31699]","[0.472096]","[165870]","[-0.124043]","[1]","[11]","[1]","[0]","[-209.476]","[-0.0413736]","[1.80173]",115276,-0.429266,4,"[265414,115427,42168.7,38097]","[-1.09757,1.28897,-0.5062,0.957214]","[2.00399,-2.11126,-2.44924,-0.723942]","[442324,225654,48530.8,57259.3]","[1,0.994742,0.980896,0.99971]","[0,0,0,4]","[0,0,0,0]","[-0.871133,-0.864568,-0.649044,-0.426484]",0,"[]","[]","[]","[]","[]","[]","[]","[]","[]","[]",1,"[261538]","[-1.11233]","[2.01017]","[440953]","[14311.4]","[0]","[2.61736]","[0.618397]",0,"[]","[]","[]","[]","[]","[]","[]","[]","[]","[]",0,"[67.5148]",35267.6,"[5253.62,8026.68,2470.76,5137.49]","[]","[0]","[]"
290,284500,7688536,364174,1,223.639,3.71479e+06,0.696077,0.93912,1,1,1,0.996736,0.86806,1,1,0,0,1,"[1]","[1]","[27538.3]","[-2.21017]","[-2.44189]","[127047]","[151.02]","[1]","[11]","[1]","[0]","[574.307]","[-0.0616227]","[2.28099]",24214.1,-0.0505312,4,"[301231,296796,70043.9,26469.7]","[-2.25238,-0.611839,0.0880375,1.80511]","[-3.01313,0.506725,-1.33839,-0.833981]","[1.44835e+06,356363,70753.8,82827.9]","[0.998442,0.99454,0.995681,0.995992]","[0,0,0,0]","[0,0,0,0]","[-0.626328,0.351397,-0.892251,-0.837321]",0,"[]","[]","[]","[]","[]","[]","[]","[]","[]","[]",1,"[292203]","[-0.642495]","[0.514059]","[356508]","[36661]","[0]","[1.85007]","[0.609915]",0,"[]","[]","[]","[]","[]","[]","[]","[]","[]","[]",0,"[529.653]",10446.5,"[12058.5,3185.35,1765.48,1768.74]","[]","[35223.2]","[]"
291,284500,4162361,364174,-2.2699,223.639,3.71479e+06,1.22586,0.9724,1,1,1,0.990317,0.96574,1,1,0,0,1,"[1]","[1]","[55338.3]","[0.953184]","[1.28563]","[82439.3]","[-42.2792]","[1]","[11]","[1]","[2009.49]","[-1312.02]","[-0.0146774]","[1.56884]",52101.7,-1.95273,8,"[204384,189836,28792.8,26182.4,25915.4,24497.2,22155.4,22118.2]","[-2.39662,0.971996,-1.01031,1.28879,1.46134,-1.68857,0.0765999,-0.38554]","[-2.78498,0.463301,-0.586269,-2.10093,1.32726,1.54875,-1.5092,-1.55881]","[1.13209e+06,288343,45214.3,51364.1,59051.8,68676.4,22526.3,24048.3]","[0.999696,0.999754,0.932603,0.982408,0.999215,1,0.996847,0.999586]","[0,0,0,0,0,0,0,0]","[0,0,0,0,0,0,0,0]","[-0.957779,-0.855589,-0.0818185,-0.442022,-0.73101,-0.875538,-0.753027,-0.821989]",0,"[]","[]","[]","[]","[]","[]","[]","[]","[]","[]",1,"[263144]","[1.10946]","[0.664123]","[458715]","[121228]","[0]","[1.45046]","[0.724992]",0,"[]","[]","[]","[]","[]","[]","[]","[]","[]","[]",0,"[68.3736]",17380.5,"[6489.88,3596.12,1896.78,1722.4,1699.06,3464.38,1641.31,1646.37]","[]","[28897.7]","[]"
292,284500,4448855,364174,-1,223.639,3.71479e+06,0.553627,0.97553,1,1,1,0.958858,1.01265,1,1,0,0,1,"[1]","[1]","[104426]","[1.73194]","[2.544]","[304327]","[74.3845]","[-1]","[11]","[1]","[0]","[1596.17]","[-0.0208891]","[1.09549]",17129.5,-0.637291,5,"[161347,157221,43831.6,29952.4,22796.7]","[0.90837,-0.392545,0.410338,0.963071,-1.12317]","[2.6696,-0.382309,-0.584424,-0.942723,-0.634376]","[232974,171071,48161.6,45368.7,39124.5]","[0.999398,0.860419,0.998739,0.740113,0.997316]","[0,4,0,0,0]","[0,0,0,0,0]","[-0.914876,-0.964609,-0.59126,-0.511839,-0.922279]",0,"[]","[]","[]","[]","[]","[]","[]","[]","[]","[]",1,"[277020]","[1.35067]","[2.61137]","[580907]","[109299]","[0]","[0.26331]","[0.577372]",0,"[]","[]","[]","[]","[]","[]","[]","[]","[]","[]",0,"[1796.76]",2210.57,"[4891.96,5236.59,3354.42,2231.41,5578.53]","[]","[14480.2]","[]"
293,284500,5941850,364174,1,223.639,3.71479e+06,1.21412,0.97921,1,1,1,1.32018,1.00192,1,1,0,0,1,"[0]","[1]","[70084.9]","[-0.227052]","[-2.25754]","[71899.2]","[0.0362525]","[-1]","[11]","[1]","[39568.4]","[2747.5]","[0.0337034]","[4.5464]",109043,-0.82592,6,"[229687,51960,36031,30397.1,22013.1,20035.2]","[-0.11836,0.314139,0.691373,-1.51107,-1.78459,-0.0191851]","[1.3963,-2.96989,1.85935,-0.841337,-2.70482,2.95051]","[232308,55697,45439.1,72427.4,67586.2,20075.3]","[0.998842,0.9996,0.996143,0.99637,0.995902,0.986111]","[0,0,0,4,4,0]","[0,0,0,0,0,0]","[-0.87302,-0.358311,-0.867119,0.889128,-0.408298,-0.79188]",0,"[]","[]","[]","[]","[]","[]","[]","[]","[]","[]",1,"[253952]","[-0.0356625]","[1.43327]","[270802]","[93594]","[0]","[2.05971]","[0.767366]",0,"[]","[]","[]","[]","[]","[]","[]","[]","[]","[]",0,"[180.814]",29330.3,"[13705.5,2332.1,6861.36,5089.59,3506.01,4419.04]","[]","[0]","[]"
294,284500,2724383,364174,-1,223.639,3.71479e+06,1.55465,0.96972,1,1,1,0.995679,0.99544,1,1,0,0,1,"[1]","[1]","[298018]","[1.26285]","[0.952691]","[568964]","[0.0465469]","[1]","[11]","[1]","[0]","[-1694.81]","[-0.00746713]","[1.32924]",212132,-2.26811,3,"[37549.7,35917.2,21790.2]","[1.30969,-1.43619,1.8276]","[-1.65393,-2.69616,-1.62113]","[74960.8,80146.4,69526.5]","[0.998024,0.974329,1]","[0,0,0]","[0,0,0]","[-0.119872,-0.937319,-0.898445]",0,"[]","[]","[]","[]","[]","[]","[]","[]","[]","[]",1,"[322755]","[1.29913]","[0.946363]","[635648]","[2182.94]","[0]","[57.4631]","[-1]",0,"[]","[]","[]","[]","[]","[]","[]","[]","[]","[]",0,"[4681.68]",5299.48,"[2489.62,2047.09,8174.26]","[]","[10754.1]","[]"
295,284500,8225411,364174,-1,223.639,3.71479e+06,1.26459,0.97446,1,1,1,0.96549,0.98483,1,1,0,0,1,"[1]","[1]","[54871.4]","[-0.406724]","[-0.818943]","[59472.8]","[0.0667515]","[-1]","[11]","[1]","[0]","[463.901]","[0.00568907]","[0.459532]",23599.5,1.0816,4,"[249045,207391,49469.5,23875.3]","[-0.378003,0.401118,-0.331537,-1.43076]","[-3.05699,0.468492,-1.65488,-2.75268]","[270509,224944,52369.7,52957.8]","[0.999091,0.998507,1,1]","[0,0,4,0]","[0,0,0,0]","[-0.96478,-0.97515,0.580339,-0.791746]",0,"[]","[]","[]","[]","[]","[]","[]","[]","[]","[]",1,"[262264]","[-0.361409]","[-3.0543]","[283956]","[49660.6]","[0]","[1.55146]","[0.72419]",0,"[]","[]","[]","[]","[]","[]","[]","[]","[]","[]",0,"[98.7153]",7394.71,"[7400.17,6398.11,1924.96,3251.15]","[]","[0]","[]"
296,284500,4300522,364174,1,223.639,3.71479e+06,1.25133,0.95061,1,1,1,0.996718,0.96294,1,1,0,0,1,"[1]","[1]","[33444.5]","[-0.589067]","[-1.16021]","[39416.8]","[-0.0307922]","[-1]","[11]","[1]","[0]","[628.169]","[-0.0145642]","[1.53215]",77182.1,2.13287,3,"[116136,74370.2,35875.1]","[0.173351,-1.85205,-2.25205]","[2.71897,-2.67831,0.481727]","[118685,242922,172570]","[0,0.987466,0.995231]","[0,0,0]","[0,0,0]","[-0.717079,-0.887593,-0.721171]",0,"[]","[]","[]","[]","[]","[]","[]","[]","[]","[]",1,"[334699]","[-1.17034]","[-0.512636]","[602868]","[117519]","[0]","[1.59168]","[0.466094]",0,"[]","[]","[]","[]","[]","[]","[]","[]","[]","[]",0,"[62.3063]",11053.8,"[2324.21,4420,4720.9]","[]","[12773.9]","[]"
297,284500,8130325,364174,2.25795,223.639,3.71479e+06,0.738662,1.01378,1,1,1,0.997668,1.00936,1,1,0,0,1,"[1]","[1]","[336532]","[0.0903635]","[-0.913025]","[337907]","[0.0728912]","[1]","[11]","[1]","[1382.67]","[-178.708]","[-0.00765345]","[1.0257]",269676,2.0851,2,"[71083.6,27672.9]","[0.661068,-2.2079]","[2.68346,2.70107]","[88056.7,127575]","[0.98241,0.769609]","[0,0]","[0,0]","[-0.750266,-0.473181]",0,"[]","[]","[]","[]","[]","[]","[]","[]","[]","[]",1,"[352075]","[0.0833716]","[-0.917123]","[353313]","[3044.51]","[0]","[0]","[-1]",0,"[]","[]","[]","[]","[]","[]","[]","[]","[]","[]",0,"[4128.38]",7310.56,"[7824.59,2362.23]","[]","[28242.2]","[]"
298,284500,8130071,364174,-1,223.639,3.71479e+06,0.553627,0.98089,1,1,1,0.987984,0.99866,1,1,0,0,1,"[1]","[1]","[345733]","[-1.03143]","[1.19276]","[546527]","[-0.0102806]","[1]","[11]","[1]","[1511.86]","[-669.846]","[-0.00758713]","[0.909629]",401051,-1.82893,3,"[26852.4,26555.6,20385.2]","[-0.933097,-2.28482,1.94216]","[1.77547,-0.381825,-0.247272]","[39795.6,131871,72596.2]","[0.942647,0.90136,0.991562]","[0,0,4]","[0,0,0]","[0.308322,-0.808792,-0.928053]",0,"[]","[]","[]","[]","[]","[]","[]","[]","[]","[]",1,"[370320]","[-1.04072]","[1.19521]","[589637]","[1996.93]","[0]","[0]","[-1]",0,"[]","[]","[]","[]","[]","[]","[]","[]","[]","[]",0,"[4755.45]",3551.44,"[3922.51,3213.72,835.001]","[]","[34849.1]","[]"
299,284500,7341690,364174,0.538849,223.639,3.71479e+06,1.21412,0.96203,1,1,1,0.997252,1.01508,1,1,0,0,1,"[1]","[1]","[323737]","[-1.73231]","[-1.89941]","[943789]","[-0.0619202]","[1]","[11]","[1]","[0]","[-275.409]","[-0.0210432]","[1.7702]",260899,1.2142,2,"[82747.2,21677.7]","[-2.49252,-2.33531]","[1.11313,-2.89649]","[503764,113139]","[0.987545,0.98757]","[0,0]","[0,0]","[-0.457401,-0.747052]",0,"[]","[]","[]","[]","[]","[]","[]","[]","[]","[]",1,"[327308]","[-1.73503]","[-1.90268]","[956637]","[0]","[0]","[0]","[-1]",0,"[]","[]","[]","[]","[]","[]","[]","[]","[]","[]",0,"[7631.34]",6810.83,"[6018.96,3049.81]","[]","[19223.9]","[]"
300,284500,8454738,364174,-1,223.639,3.71479e+06,0.75088,0.97003,1,1,1,0.99651,0.97256,1,1,0,0,1,"[1]","[1]","[43140.7]","[0.963747]","[-3.05928]","[64774.9]","[34.0877]","[1]","[11]","[1]","[1071.31]","[1197.16]","[0.00512269]","[0.395818]",37178.9,-1.55892,3,"[531547,318485,241718]","[1.28599,0.164417,1.76917]","[0.176835,2.84613,-2.33937]","[1.03582e+06,326496,730201]","[0.9956,0.998133,0.999016]","[0,0,0]","[0,0,0]","[-0.917474,-0.923902,-0.874143]",0,"[]","[]","[]","[]","[]","[]","[]","[]","[]","[]",2,"[537052,375865]","[1.27977,0.269942]","[0.173388,2.8989]","[1.04076e+06,405834]","[32652.9,113489]","[0,0]","[2.11823,1.63347]","[0.575181,0.294946]",0,"[]","[]","[]","[]","[]","[]","[]","[]","[]","[]",0,"[119.037]",2353.28,"[10268.7,7724.08,15204]","[]","[36783.8,28066.1]","[]"
301,284500,9575431,364174,-1,223.639,3.71479e+06,0.619412,0.97446,1,1,1,0.997942,0.98483,1,1,0,0,1,"[1]","[1]","[55704.5]","[-0.485835]","[3.10556]","[62408.9]","[-0.0806732]","[-1]","[11]","[1]","[0]","[1041.81]","[0.0305731]","[3.41077]",39328.1,2.12552,4,"[231403,203620,57652.9,43645.6]","[1.32319,0.18046,0.641097,-0.174613]","[0.263625,-2.66829,-1.41434,0.768315]","[465669,207670,70272.4,45271.7]","[0.191283,0.244372,0.999956,0.985482]","[0,0,0,0]","[0,0,0,0]","[-0.965425,-0.982298,-0.796112,-0.790798]",0,"[]","[]","[]","[]","[]","[]","[]","[]","[]","[]",1,"[288668]","[-0.00623721]","[-2.78366]","[298748]","[76928.6]","[0]","[0.547485]","[0.562313]",0,"[]","[]","[]","[]","[]","[]","[]","[]","[]","[]",0,"[244.844]",2707.1,"[4684.36,5901.6,2251.06,2701.1]","[]","[11311.9]","[]"
302,284500,6631012,364174,2.66583,223.639,3.71479e+06,0.738662,0.97996,1,1,1,0.967668,1.01265,1,1,0,0,1,"[1]","[1]","[376548]","[1.77244]","[1.55607]","[1.14002e+06]","[0.0223083]","[1]","[11]","[1]","[0]","[-1012.42]","[0.0133784]","[1.94412]",431040,-1.61599,2,"[44489,22954]","[1.04288,1.65162]","[1.03938,2.63077]","[71240.9,62214]","[1,0.798483]","[4,0]","[0,0]","[-0.101438,-0.916725]",0,"[]","[]","[]","[]","[]","[]","[]","[]","[]","[]",1,"[428982]","[1.74201]","[1.50452]","[1.26681e+06]","[109581]","[0]","[0.678095]","[0.227138]",0,"[]","[]","[]","[]","[]","[]","[]","[]","[]","[]",0,"[6902.47]",2024.62,"[1858.38,2273.99]","[]","[37066]","[]"
303,284500,7616632,364174,-1,223.639,3.71479e+06,0.923924,0.99242,1,1,1,0.998365,0.99765,1,1,0,0,1,"[1]","[1]","[244268]","[0.780593]","[-2.34558]","[322544]","[-0.0221014]","[1]","[11]","[1]","[0]","[-976.568]","[-0.0170558]","[2.28825]",230487,0.530064,3,"[80639.9,50707.7,25136.3]","[-1.11409,-1.11134,0.566941]","[1.98546,-2.01881,0.811196]","[136344,85662.4,29828.3]","[0.987702,0.995554,1]","[0,0,0]","[0,0,0]","[-0.938406,-0.818384,-0.509133]",0,"[]","[]","[]","[]","[]","[]","[]","[]","[]","[]",1,"[253959]","[0.784555]","[-2.33846]","[336210]","[0]","[0]","[0]","[-1]",0,"[]","[]","[]","[]","[]","[]","[]","[]","[]","[]",0,"[1713.74]",5535.38,"[4200.25,6036.32,1826.32]","[]","[0]","[]"
304,284500,9817665,364174,1,223.639,3.71479e+06,0.75088,0.97994,1,1,1,0.965532,1,1,1,0,0,1,"[1]","[1]","[270722]","[0.421695]","[-3.11073]","[295152]","[-0.117142]","[1]","[11]","[0]","[0]","[-1886.97]","[-0.0728486]","[5.70542]",256053,0.00685004,1,"[49029.6]","[1.25463]","[-0.560761]","[93547.1]","[0.944977]","[4]","[0]","[-0.895495]",0,"[]","[]","[]","[]","[]","[]","[]","[]","[]","[]",1,"[284226]","[0.386063]","[-3.11067]","[305672]","[-0.00516748]","[0]","[0]","[-1]",0,"[]","[]","[]","[]","[]","[]","[]","[]","[]","[]",0,"[1858.61]",5326.44,"[2957.22]","[]","[9250.66]","[]"
305,284500,1680325,364174,-1,223.639,3.71479e+06,0.619412,0.97994,1,1,1,0.967428,1.00632,1,1,0,0,1,"[1]","[1]","[259198]","[0.560007]","[-2.01162]","[300914]","[-0.0532227]","[1]","[11]","[1]","[0]","[1390.71]","[-0.00923178]","[1.41673]",234274,1.2273,3,"[47207.9,42762.5,27142.6]","[-0.558929,-1.33984,-0.500698]","[1.78757,-0.954101,-1.80203]","[55664.4,87439,31007.3]","[0.991933,0.962399,0.910353]","[4,0,0]","[0,0,0]","[-0.817556,-0.942546,-0.851223]",0,"[]","[]","[]","[]","[]","[]","[]","[]","[]","[]",1,"[273999]","[0.546022]","[-2.01396]","[315934]","[6412.44]","[0]","[22.7338]","[0.407183]",0,"[]","[]","[]","[]","[]","[]","[]","[]","[]","[]",0,"[1418.76]",3295,"[6282.9,2622.83,4087.06]","[]","[9088.38]","[]"
