event,runNumber,eventNumber,channelNumber,mcWeight,XSection,SumWeights,scaleFactor_PILEUP,scaleFactor_ELE,scaleFactor_MUON,scaleFactor_PHOTON,scaleFactor_TAU,scaleFactor_BTAG,scaleFactor_LepTRIGGER,scaleFactor_PhotonTRIGGER,trigE,trigM,trigP,lep_n,lep_truthMatched,lep_trigMatched,lep_pt,lep_eta,lep_phi,lep_E,lep_z0,lep_charge,lep_type,lep_isTightID,lep_ptcone30,lep_etcone20,lep_trackd0pvunbiased,lep_tracksigd0pvunbiased,met_et,met_phi,jet_n,jet_pt,jet_eta,jet_phi,jet_E,jet_jvt,jet_trueflav,jet_truthMatched,jet_MV2c10,photon_n,photon_truthMatched,photon_trigMatched,photon_pt,photon_eta,photon_phi,photon_E,photon_isTightID,photon_ptcone30,photon_etcone20,photon_convType,largeRjet_n,largeRjet_pt,largeRjet_eta,largeRjet_phi,largeRjet_E,largeRjet_m,largeRjet_truthMatched,largeRjet_D2,largeRjet_tau32,tau_n,tau_pt,tau_eta,tau_phi,tau_E,tau_charge,tau_isTightID,tau_truthMatched,tau_trigMatched,tau_nTracks,tau_BDTid,ditau_m,lep_pt_syst,met_et_syst,jet_pt_syst,photon_pt_syst,largeRjet_pt_syst,tau_pt_syst
0,284500,12850095,364173,0.631327,618.688,5.35969e+06,1.08735,1.01378,1,1,1,0.999603,1.00936,1,1,0,0,1,"[1]","[1]","[256949]","[0.039277]","[-2.75378]","[257147]","[-0.0459251]","[-1]","[11]","[1]","[0]","[-1448.28]","[-0.0292829]","[2.7739]",341869,0.289117,1,"[71127]","[-1.06877]","[2.95792]","[116566]","[0.999623]","[0]","[0]","[-0.498767]",0,"[]","[]","[]","[]","[]","[]","[]","[]","[]","[]",1,"[266396]","[0.0626383]","[-2.75265]","[266937]","[3100.66]","[0]","[15.9633]","[-1]",0,"[]","[]","[]","[]","[]","[]","[]","[]","[]","[]",0,"[2323.72]",1759.06,"[2890.48]","[]","[5913]","[]"
1,284500,6947733,364173,1,618.688,5.35969e+06,0.923924,0.98089,1,1,1,0.996505,0.99866,1,1,0,0,1,"[0]","[1]","[186877]","[-1.11]","[-0.88754]","[314318]","[0.0341339]","[-1]","[11]","[1]","[13969.7]","[6889.56]","[-0.000796064]","[0.0438222]",102698,-1.30076,4,"[442197,66549.9,49164.4,38850.6]","[0.0710241,-2.16201,-2.42089,-0.927881]","[2.31804,-0.728476,0.0242584,-0.336108]","[444162,293019,279049,57049.6]","[0.983935,1,0,0.985839]","[0,0,0,0]","[0,0,0,0]","[-0.80444,-0.769881,-0.889589,-0.915725]",0,"[]","[]","[]","[]","[]","[]","[]","[]","[]","[]",1,"[438548]","[0.0525842]","[2.31849]","[439204]","[6655.27]","[0]","[4.67352]","[-1]",0,"[]","[]","[]","[]","[]","[]","[]","[]","[]","[]",0,"[3535.85]",10849.2,"[4918.66,3135.08,3269.85,4903.4]","[]","[11895.4]","[]"
2,284500,9063275,364173,1.80388,618.688,5.35969e+06,1.26459,0.98697,1,1,1,0.998213,1.00582,1,1,0,0,1,"[1]","[1]","[318831]","[-0.284095]","[2.82051]","[331784]","[0.114475]","[-1]","[11]","[1]","[0]","[-219.733]","[-0.0142298]","[2.03952]",335875,-0.18058,2,"[38892,36810.7]","[2.39669,-0.554972]","[-2.48507,0.000200769]","[215560,43413.2]","[0.909942,0.986097]","[0,0]","[0,0]","[-0.516807,-0.921173]",0,"[]","[]","[]","[]","[]","[]","[]","[]","[]","[]",1,"[325895]","[-0.292136]","[2.81751]","[339900]","[-0.0041432]","[0]","[0]","[-1]",0,"[]","[]","[]","[]","[]","[]","[]","[]","[]","[]",0,"[2186.56]",1415.31,"[2760.4,3074.08]","[]","[1722.19]","[]"
3,284500,2829388,364173,1,618.688,5.35969e+06,1.25133,0.97076,1,1,1,0.998723,0.95972,1,1,0,0,1,"[1]","[1]","[52766]","[-1.10064]","[1.14936]","[88086.4]","[0.0262794]","[1]","[11]","[1]","[0]","[3975.29]","[-0.00322069]","[0.176613]",53931.7,0.784093,2,"[203847,43925]","[-0.8503,-0.390344]","[-2.16418,-1.91866]","[282598,47425.6]","[0.237022,1]","[0,0]","[0,0]","[-0.756907,-0.940773]",0,"[]","[]","[]","[]","[]","[]","[]","[]","[]","[]",1,"[255611]","[-0.816326]","[-2.12768]","[347929]","[40056.3]","[0]","[1.26213]","[0.722514]",0,"[]","[]","[]","[]","[]","[]","[]","[]","[]","[]",0,"[293.141]",6239.4,"[2668.91,1979.17]","[]","[7536.77]","[]"
4,284500,12041444,364173,-1,618.688,5.35969e+06,1.25133,1.00588,1,1,1,0.99657,1.00306,1,1,0,0,1,"[1]","[1]","[566570]","[0.806504]","[1.18542]","[761039]","[-0.00414658]","[1]","[11]","[1]","[2670.7]","[-886.847]","[0.0189747]","[2.90067]",572749,-2.0715,4,"[38386.1,37367,23855.2,20454.7]","[0.303257,1.78611,0.332493,0.252552]","[-0.00909466,-0.582959,2.78737,-1.32931]","[40576,114630,25334.3,21580.6]","[0.990086,0.985979,0.888484,0.899429]","[0,0,0,0]","[0,0,0,0]","[-0.938528,-0.85732,-0.417868,-0.236802]",0,"[]","[]","[]","[]","[]","[]","[]","[]","[]","[]",1,"[591596]","[0.824603]","[1.18792]","[804394]","[2937.35]","[0]","[0]","[-1]",0,"[]","[]","[]","[]","[]","[]","[]","[]","[]","[]",0,"[7803.66]",18986.5,"[8923.13,6714.46,5128.43,1685.53]","[]","[8661.19]","[]"
5,284500,14502958,364173,-1,618.688,5.35969e+06,0.923924,0.99211,1,1,1,0.999552,0.9918,1,1,0,0,1,"[1]","[1]","[218140]","[-0.641055]","[-0.525828]","[264518]","[-0.0474072]","[-1]","[11]","[1]","[23069.2]","[9452.16]","[-0.0038353]","[0.50305]",205919,2.92485,1,"[76613.2]","[-1.01023]","[1.70798]","[119783]","[1]","[0]","[0]","[-0.897122]",0,"[]","[]","[]","[]","[]","[]","[]","[]","[]","[]",1,"[257142]","[-0.659156]","[-0.494568]","[316272]","[27698.2]","[0]","[2.58281]","[0.439182]",0,"[]","[]","[]","[]","[]","[]","[]","[]","[]","[]",0,"[1283.12]",302.438,"[2139.99]","[]","[15876.2]","[]"
6,284500,2766523,364173,-0.887957,618.688,5.35969e+06,1.25133,0.99093,1,1,1,0.995104,1.00306,1,1,0,0,1,"[1]","[1]","[97143.8]","[1.00137]","[0.766436]","[150058]","[-21.6491]","[-1]","[11]","[1]","[3335.03]","[-721.561]","[0.0239736]","[2.09224]",79697.7,-2.05254,4,"[197286,171857,107575,26077.7]","[1.66437,1.99622,0.572407,1.83577]","[0.346261,-2.43311,2.37604,-3.03672]","[540182,644780,126659,83884.7]","[0.997941,0.99,0.994128,0.99349]","[0,0,0,0]","[0,0,0,0]","[-0.633258,-0.878015,-0.896331,0.29087]",0,"[]","[]","[]","[]","[]","[]","[]","[]","[]","[]",1,"[315324]","[1.4962]","[0.486503]","[748356]","[116561]","[0]","[0.630362]","[0.644347]",0,"[]","[]","[]","[]","[]","[]","[]","[]","[]","[]",0,"[421.068]",105.625,"[5025.28,6388.27,2098.09,3073.99]","[]","[3656.75]","[]"
7,284500,6074699,364173,1,618.688,5.35969e+06,1.08735,0.98458,1,1,1,0.99576,1.00582,1,1,0,0,1,"[1]","[1]","[121731]","[-0.56349]","[0.680841]","[141574]","[-0.100898]","[1]","[11]","[1]","[0]","[232.717]","[-0.0126767]","[1.52386]",126837,0.0972586,4,"[268765,170972,111166,22634.4]","[1.52325,0.238559,-1.70195,-2.44196]","[-2.50734,0.865604,-2.57419,-2.88119]","[645922,176976,315088,131123]","[0,0,0.998518,0]","[0,0,0,0]","[0,0,0,0]","[-0.816087,-0.746247,-0.535838,-0.771935]",0,"[]","[]","[]","[]","[]","[]","[]","[]","[]","[]",1,"[251260]","[1.52839]","[-2.50393]","[606615]","[11988.8]","[0]","[2.82697]","[0.631433]",0,"[]","[]","[]","[]","[]","[]","[]","[]","[]","[]",0,"[1092.69]",7435.58,"[7328.29,2391.31,2784.83,2639.55]","[]","[11467.5]","[]"
8,284500,14741847,364173,-1,618.688,5.35969e+06,1.22586,0.98089,1,1,1,0.997903,0.99866,1,1,0,0,1,"[1]","[1]","[319722]","[-0.9359]","[1.62802]","[470269]","[-0.00827026]","[1]","[11]","[1]","[0]","[1255.86]","[0.000930647]","[0.0880296]",360689,-1.66268,2,"[33535.5,26780.2]","[1.80305,-0.0809662]","[1.2395,1.30958]","[104615,27460.2]","[0.99,1]","[0,0]","[0,0]","[-0.651561,-0.636056]",0,"[]","[]","[]","[]","[]","[]","[]","[]","[]","[]",1,"[334304]","[-0.973388]","[1.62501]","[505600]","[4035.25]","[0]","[24.3892]","[0.312447]",0,"[]","[]","[]","[]","[]","[]","[]","[]","[]","[]",0,"[3989.03]",8581.25,"[2292.62,4581.96]","[]","[4602.66]","[]"
9,284500,12017143,364173,1,618.688,5.35969e+06,0.923924,0.96323,1,1,1,0.998671,1.00493,1,1,0,0,1,"[1]","[1]","[244725]","[-1.18171]","[-0.282287]","[436431]","[-0.0194376]","[-1]","[11]","[1]","[0]","[-807.28]","[-0.0221576]","[2.17297]",248213,-2.9832,2,"[72283.6,22170.8]","[0.722829,0.0297963]","[1.10151,2.65165]","[92541,22744.8]","[1,0.993986]","[0,0]","[0,0]","[-0.927851,0.585099]",0,"[]","[]","[]","[]","[]","[]","[]","[]","[]","[]",1,"[264098]","[-1.19107]","[-0.275271]","[474650]","[0]","[0]","[0]","[-1]",0,"[]","[]","[]","[]","[]","[]","[]","[]","[]","[]",0,"[3315.59]",12680,"[2831.33,1700.24]","[]","[6711.05]","[]"
10,284500,12603135,364173,1,618.688,5.35969e+06,0.553627,0.9652,1,1,1,0.998622,0.98592,1,1,0,0,1,"[1]","[1]","[62627.8]","[-1.36115]","[0.206747]","[130173]","[0.061285]","[-1]","[11]","[1]","[0]","[-583.133]","[-0.0355994]","[2.27189]",65532.8,-1.17332,2,"[219171,92520.1]","[0.0644815,0.12673]","[-2.78603,-0.20322]","[223511,94378]","[0.80147,0.0030565]","[0,0]","[0,0]","[-0.916305,-0.714336]",0,"[]","[]","[]","[]","[]","[]","[]","[]","[]","[]",1,"[272366]","[0.120286]","[-2.69919]","[282868]","[68939.6]","[0]","[1.74585]","[0.626857]",0,"[]","[]","[]","[]","[]","[]","[]","[]","[]","[]",0,"[389.663]",10898.7,"[6070.85,5295.65]","[]","[9299.91]","[]"
11,284500,14788895,364173,-1,618.688,5.35969e+06,1.24168,1.01378,1,1,1,0.99945,1.00936,1,1,0,0,1,"[1]","[1]","[241250]","[0.103439]","[0.593008]","[242542]","[-0.0399513]","[-1]","[11]","[1]","[0]","[-1424.99]","[0.0175008]","[3.13149]",144928,-2.8047,1,"[105693]","[-1.36093]","[-2.22828]","[219677]","[0.987133]","[0]","[0]","[-0.922618]",0,"[]","[]","[]","[]","[]","[]","[]","[]","[]","[]",1,"[252168]","[0.0858401]","[0.600893]","[253103]","[1695.24]","[0]","[72.0441]","[-1]",0,"[]","[]","[]","[]","[]","[]","[]","[]","[]","[]",0,"[1434.66]",2047.8,"[3386.98]","[]","[13055.1]","[]"
12,284500,3635955,364173,1,618.688,5.35969e+06,0.619412,0.96558,1,1,1,0.997137,0.99746,1,1,0,0,1,"[0]","[1]","[69126.6]","[-1.72721]","[1.12046]","[200561]","[0.0958366]","[1]","[11]","[1]","[1023.1]","[-863.709]","[-0.00035699]","[0.0245744]",234054,0.617806,4,"[401888,120893,44323.3,37515.6]","[-0.407389,-1.42698,-0.0973793,1.60052]","[-2.50696,0.662431,-0.275522,0.324248]","[436925,266706,45535,97039.3]","[0.96461,0.995165,0.995492,0.971085]","[0,0,0,0]","[0,0,0,0]","[-0.561242,-0.748225,-0.645543,-0.551569]",0,"[]","[]","[]","[]","[]","[]","[]","[]","[]","[]",1,"[415136]","[-0.380584]","[-2.50832]","[446998]","[35762.1]","[0]","[2.18723]","[0.506453]",0,"[]","[]","[]","[]","[]","[]","[]","[]","[]","[]",0,"[960.308]",5504.19,"[4863.59,5706.66,8509.34,2353.69]","[]","[11520.6]","[]"
13,284500,5861983,364173,1,618.688,5.35969e+06,1.25133,1.00588,1,1,1,0.999503,1.00306,1,1,0,0,1,"[1]","[1]","[398697]","[0.979326]","[1.61028]","[605665]","[-0.00503159]","[1]","[11]","[1]","[0]","[-2473.04]","[0.0188774]","[2.09691]",356603,-1.5642,1,"[74308.3]","[1.3708]","[-1.12255]","[156111]","[0.990342]","[0]","[0]","[-0.937099]",0,"[]","[]","[]","[]","[]","[]","[]","[]","[]","[]",1,"[436005]","[0.962897]","[1.60953]","[654240]","[1553.48]","[0]","[0]","[-1]",0,"[]","[]","[]","[]","[]","[]","[]","[]","[]","[]",0,"[5755.73]",2340.97,"[3726.26]","[]","[9445]","[]"
14,284500,13120381,364173,-1,618.688,5.35969e+06,1.1961,0.97996,1,1,1,0.99911,1.01265,1,1,0,0,1,"[1]","[1]","[267703]","[1.57434]","[1.62212]","[673905]","[-0.00767517]","[1]","[11]","[1]","[0]","[868.441]","[-0.0122134]","[0.820156]",141339,-2.14852,2,"[98429.1,58107.5]","[1.58936,0.99778]","[-1.14358,-1.10842]","[251502,90064.5]","[0.865,0.989813]","[0,0]","[0,0]","[-0.956154,-0.920231]",0,"[]","[]","[]","[]","[]","[]","[]","[]","[]","[]",1,"[288643]","[1.58934]","[1.61903]","[736702]","[2391.93]","[0]","[0]","[-1]",0,"[]","[]","[]","[]","[]","[]","[]","[]","[]","[]",0,"[6412.54]",4387.88,"[11294.3,4019.51]","[]","[14504.3]","[]"
15,284500,8178868,364173,-1,618.688,5.35969e+06,0.738662,0.96654,1,1,1,0.996093,0.9995,1,1,0,0,1,"[1]","[1]","[73879.1]","[2.09567]","[2.92274]","[304894]","[-1.07712]","[-1]","[11]","[1]","[1723.66]","[-1314.8]","[-0.0302105]","[2.42588]",64391.7,-0.571103,5,"[290779,247120,32700.8,28043.2,22701.6]","[0.268575,1.57313,-0.45219,-0.137552,1.2099]","[2.96041,-0.0597288,-0.354541,-2.59268,0.175969]","[302406,622444,36579.3,28668.3,41611.4]","[1,0.997535,0.982922,0.992898,0.988237]","[0,0,0,0,0]","[0,0,0,0,0]","[-0.908038,-0.954235,-0.871052,-0.904578,-0.815035]",0,"[]","[]","[]","[]","[]","[]","[]","[]","[]","[]",1,"[282364]","[0.268425]","[2.95514]","[293167]","[18256.7]","[0]","[1.47612]","[0.494449]",0,"[]","[]","[]","[]","[]","[]","[]","[]","[]","[]",0,"[338.763]",14950.8,"[3657.01,7892.51,2659.03,2815.8,1626.3]","[]","[4125.69]","[]"
16,284500,14119606,364173,1,618.688,5.35969e+06,0,0.96323,1,1,1,0.999573,1.00493,1,1,0,0,1,"[1]","[1]","[199202]","[-1.18535]","[-0.901019]","[356320]","[-0.0216406]","[-1]","[11]","[1]","[0]","[-974.09]","[0.00547558]","[0.520168]",262461,2.03819,1,"[75109.7]","[-0.871826]","[-1.53802]","[106002]","[0.993866]","[0]","[0]","[-0.756861]",0,"[]","[]","[]","[]","[]","[]","[]","[]","[]","[]",1,"[273558]","[-1.14632]","[-1.07004]","[478415]","[65879.2]","[0]","[0.524638]","[0.537327]",0,"[]","[]","[]","[]","[]","[]","[]","[]","[]","[]",0,"[2596.3]",1980.31,"[3078.52]","[]","[3970.38]","[]"
17,284500,3573974,364173,1,618.688,5.35969e+06,1.22586,0.97996,1,1,1,0.997572,1.01265,1,1,0,0,1,"[1]","[1]","[234353]","[1.70512]","[-1.70277]","[666011]","[-0.0156174]","[1]","[11]","[1]","[0]","[1670.65]","[-0.01085]","[1.7133]",167087,0.993035,3,"[68555.7,45549.2,33474.8]","[2.06961,0.788036,1.4926]","[2.04947,-1.42559,2.28669]","[276116,61008.7,78513.2]","[0.999921,0.994715,0.957688]","[0,0,0]","[0,0,0]","[-0.848008,-0.925316,-0.888568]",0,"[]","[]","[]","[]","[]","[]","[]","[]","[]","[]",1,"[294973]","[1.62477]","[-1.68044]","[781455]","[74701.4]","[0]","[1.18365]","[0.487924]",0,"[]","[]","[]","[]","[]","[]","[]","[]","[]","[]",0,"[6038.67]",7051,"[7545.33,2951.22,7106.34]","[]","[5281.53]","[]"
18,284500,4464747,364173,-1.06266,618.688,5.35969e+06,1.26205,0.96203,1,1,1,0.999444,1.01508,1,1,0,0,1,"[1]","[1]","[255259]","[-1.61941]","[-0.663693]","[669816]","[0.0506134]","[-1]","[11]","[1]","[0]","[2416.1]","[0.0348412]","[1.56052]",237016,2.14938,1,"[78490.4]","[0.377913]","[-2.69272]","[85700.3]","[0.995378]","[0]","[0]","[-0.581064]",0,"[]","[]","[]","[]","[]","[]","[]","[]","[]","[]",1,"[312655]","[-1.60357]","[-0.65323]","[808566]","[8800.11]","[0]","[3.67495]","[0.51909]",0,"[]","[]","[]","[]","[]","[]","[]","[]","[]","[]",0,"[4484.71]",51.5,"[1896.56]","[]","[6084.94]","[]"
19,284500,4074146,364173,-0.443623,618.688,5.35969e+06,0.619412,0.97695,1,1,1,0.996384,0.98743,1,1,0,0,1,"[1]","[1]","[240600]","[-0.0290616]","[-0.464427]","[240702]","[0.0613718]","[-1]","[11]","[1]","[0]","[3149.06]","[-0.00431794]","[0.667504]",177363,2.5611,3,"[35483.4,34478.9,24186.4]","[-0.292748,-1.87178,1.24474]","[2.76895,-2.94805,-2.38451]","[37458.6,114737,45706.9]","[0.989059,1,0.961893]","[0,0,0]","[0,0,0]","[-0.934948,-0.912707,-0.787604]",0,"[]","[]","[]","[]","[]","[]","[]","[]","[]","[]",1,"[254573]","[-0.0284583]","[-0.459777]","[254685]","[2221.33]","[0]","[69.7093]","[-1]",0,"[]","[]","[]","[]","[]","[]","[]","[]","[]","[]",0,"[1245.79]",5296.98,"[3210.36,3347.83,2002.19]","[]","[0]","[]"
20,284500,13956101,364173,-1.3363,618.688,5.35969e+06,0.619412,0.97996,1,1,1,0.998974,1.01265,1,1,0,0,1,"[1]","[1]","[292228]","[1.65517]","[-2.38025]","[792677]","[0.00400543]","[1]","[11]","[1]","[0]","[-217.372]","[0.0250195]","[3.26995]",209013,0.527328,2,"[60434.3,51029.4]","[0.967673,1.48365]","[0.588071,1.91442]","[91797.8,118570]","[0.986737,0.993105]","[0,0]","[0,0]","[-0.735972,-0.790015]",0,"[]","[]","[]","[]","[]","[]","[]","[]","[]","[]",1,"[322991]","[1.63914]","[-2.38749]","[863180]","[3164.86]","[0]","[0]","[-1]",0,"[]","[]","[]","[]","[]","[]","[]","[]","[]","[]",0,"[5234.56]",486.156,"[3489.97,7353.97]","[]","[14154.4]","[]"
21,284500,13955041,364173,-1,618.688,5.35969e+06,1.08735,0.974,1,1,1,0.999291,0.99695,1,1,0,0,1,"[1]","[1]","[243597]","[-1.52082]","[2.00938]","[583962]","[-0.0383148]","[-1]","[11]","[1]","[0]","[5754.61]","[0.00913771]","[0.787775]",159401,-1.47344,1,"[88405.8]","[-0.0442387]","[-0.93184]","[88825.8]","[0.997724]","[0]","[0]","[-0.386776]",0,"[]","[]","[]","[]","[]","[]","[]","[]","[]","[]",1,"[258896]","[-1.51738]","[2.01117]","[618707]","[2553.27]","[0]","[5.71726]","[0.684206]",0,"[]","[]","[]","[]","[]","[]","[]","[]","[]","[]",0,"[5548.62]",2901.92,"[1890.22]","[]","[0]","[]"
22,284500,7561395,364173,1.64634,618.688,5.35969e+06,0.696077,0.98697,1,1,1,0.99911,1.00582,1,1,0,0,1,"[1]","[1]","[288278]","[-0.359941]","[0.788746]","[307155]","[0.0137243]","[1]","[11]","[1]","[0]","[-159.751]","[0.00489937]","[0.846362]",279094,-1.96704,1,"[92766.1]","[2.36996]","[2.76758]","[500617]","[0.984317]","[0]","[0]","[0.0206788]",0,"[]","[]","[]","[]","[]","[]","[]","[]","[]","[]",1,"[301883]","[-0.361498]","[0.788568]","[321837]","[2987.21]","[0]","[49.4401]","[0.438897]",0,"[]","[]","[]","[]","[]","[]","[]","[]","[]","[]",0,"[2439.35]",1336.88,"[4694.72]","[]","[23942.3]","[]"
23,284500,14658529,364173,-1,618.688,5.35969e+06,0.75088,0.96972,1,1,1,0.999256,0.99544,1,1,0,0,1,"[1]","[1]","[242681]","[1.23915]","[-2.77042]","[454093]","[-0.018959]","[1]","[11]","[1]","[0]","[-45.9248]","[-0.0469652]","[4.23096]",173431,0.605488,1,"[74823.5]","[2.24476]","[0.175547]","[357255]","[1]","[0]","[0]","[-0.506416]",0,"[]","[]","[]","[]","[]","[]","[]","[]","[]","[]",1,"[262300]","[1.24054]","[-2.78004]","[491384]","[1676.22]","[0]","[0]","[-1]",0,"[]","[]","[]","[]","[]","[]","[]","[]","[]","[]",0,"[3564.59]",21516.9,"[3195.82]","[]","[1001.28]","[]"
24,284500,7933495,364173,1,618.688,5.35969e+06,1.55465,0.97994,1,1,1,0.999478,1.00632,1,1,0,0,1,"[1]","[1]","[433653]","[0.397433]","[-1.62203]","[468355]","[-0.0206594]","[-1]","[11]","[1]","[0]","[-1617.93]","[-0.00991542]","[1.58525]",444440,1.35431,1,"[74921.5]","[1.42507]","[-2.95989]","[165499]","[0.988883]","[0]","[0]","[-0.959048]",0,"[]","[]","[]","[]","[]","[]","[]","[]","[]","[]",1,"[446854]","[0.407751]","[-1.62075]","[484519]","[-0.0078125]","[0]","[0]","[-1]",0,"[]","[]","[]","[]","[]","[]","[]","[]","[]","[]",0,"[2763.84]",984.062,"[3377.81]","[]","[18069.2]","[]"
25,284500,13814174,364173,1,618.688,5.35969e+06,1.32095,0.98916,1,1,1,0.997637,0.99765,1,1,0,0,1,"[0]","[1]","[132943]","[0.691457]","[0.759983]","[166011]","[-0.0754223]","[-1]","[11]","[1]","[42945.8]","[1097.83]","[0.00145573]","[0.0949236]",55817.4,-0.0143951,3,"[367648,144431,26482]","[1.22954,-2.31203,0.0174397]","[-2.50737,0.722912,0.86579]","[683107,736336,26628.3]","[0.989386,1,0.905546]","[0,0,0]","[0,0,0]","[-0.771064,-0.912747,-0.891151]",0,"[]","[]","[]","[]","[]","[]","[]","[]","[]","[]",1,"[333739]","[1.22972]","[-2.51778]","[619762]","[17032]","[0]","[2.11897]","[0.373993]",0,"[]","[]","[]","[]","[]","[]","[]","[]","[]","[]",0,"[1331.02]",15423.4,"[13115.7,6601.48,2480.69]","[]","[9022.97]","[]"
26,284500,3286993,364173,4.50372,618.688,5.35969e+06,0.553627,0.98428,1,1,1,0.997578,1.00121,1,1,0,0,1,"[1]","[1]","[240196]","[-1.97982]","[3.03293]","[886267]","[-0.0181289]","[-1]","[11]","[1]","[0]","[-395.293]","[0.0107276]","[0.667057]",400859,-0.123395,2,"[205892,21573.2]","[-1.51864,1.39549]","[3.01826,2.40044]","[492635,46491.4]","[0,0.989518]","[0,0]","[0,0]","[-0.782732,-0.622092]",0,"[]","[]","[]","[]","[]","[]","[]","[]","[]","[]",1,"[434475]","[-1.80212]","[3.02372]","[1.35632e+06]","[97194.3]","[0]","[0.0644283]","[0.171715]",0,"[]","[]","[]","[]","[]","[]","[]","[]","[]","[]",0,"[6294.32]",4218.38,"[3836.77,1589.56]","[]","[19937.6]","[]"
27,284500,7889410,364173,0.749731,618.688,5.35969e+06,1.26459,0.97996,1,1,1,1,1.01265,1,1,0,0,1,"[1]","[1]","[228053]","[1.69848]","[0.549395]","[644091]","[0.0748901]","[1]","[11]","[1]","[0]","[-25.4866]","[0.00340671]","[0.214198]",218560,-2.55437,0,"[]","[]","[]","[]","[]","[]","[]","[]",0,"[]","[]","[]","[]","[]","[]","[]","[]","[]","[]",1,"[250672]","[1.70352]","[0.546933]","[711325]","[1672.93]","[0]","[0]","[-1]",0,"[]","[]","[]","[]","[]","[]","[]","[]","[]","[]",0,"[3912.36]",0,"[]","[]","[571.484]","[]"
28,284500,12691745,364173,1,618.688,5.35969e+06,0.934886,0.97106,1,1,1,0.991363,0.96201,1,1,0,0,1,"[0]","[1]","[48678.8]","[1.02773]","[-0.683289]","[76731]","[-0.0709076]","[-1]","[11]","[1]","[0]","[32.8448]","[0.0350998]","[1.29658]",67096,0.499617,8,"[276410,68348.7,66361.9,62840.4,34618.5,32163.6,29466.6,24907.3]","[1.7601,0.695835,1.01309,-2.29286,1.25646,-1.77829,-1.7424,1.6109]","[-2.70246,1.01647,0.289358,-0.428936,-2.79944,0.0385455,0.619312,1.55069]","[827468,86255.5,103709,314390,66145.6,98111.7,86815.4,64952.9]","[0.992936,0.994296,0.99,0.98952,0.993208,0.991805,0.966206,0.853347]","[0,0,0,0,0,0,0,0]","[0,0,0,0,0,0,0,0]","[-0.878816,-0.836759,-0.861226,-0.855459,0.0480937,-0.423136,-0.775526,0.235194]",0,"[]","[]","[]","[]","[]","[]","[]","[]","[]","[]",1,"[288284]","[1.75529]","[-2.70208]","[860399]","[52500.8]","[0]","[3.00367]","[0.652186]",0,"[]","[]","[]","[]","[]","[]","[]","[]","[]","[]",0,"[174.711]",255.156,"[11274,2164.14,2195.09,2460.49,7870.44,4192.3,3869.62,2019.01]","[]","[1924.97]","[]"
29,284500,14692489,364173,1.12371,618.688,5.35969e+06,1.22586,0.97209,1,1,1,0.998897,0.99756,1,1,0,0,1,"[1]","[1]","[76076.3]","[0.0625414]","[-1.38098]","[76225.1]","[0.0719891]","[1]","[11]","[1]","[0]","[599.592]","[-0.0649548]","[1.28777]",38285,2.14423,2,"[253595,224860]","[0.599301,1.18081]","[-0.837161,2.38344]","[301001,403488]","[0,0]","[0,0]","[0,0]","[-0.78374,-0.765932]",0,"[]","[]","[]","[]","[]","[]","[]","[]","[]","[]",1,"[319493]","[0.487385]","[-0.972679]","[374268]","[108497]","[0]","[0.491022]","[0.203142]",0,"[]","[]","[]","[]","[]","[]","[]","[]","[]","[]",0,"[162.332]",2393.39,"[5096.17,4773.62]","[]","[3385.59]","[]"
30,284500,12691875,364173,-1.30653,618.688,5.35969e+06,0.596562,0.96972,1,1,1,0.997383,0.99544,1,1,0,0,1,"[1]","[1]","[224125]","[1.36029]","[0.41256]","[465497]","[0.000350475]","[1]","[11]","[1]","[0]","[2549.16]","[-0.0368098]","[5.75836]",185611,-3.00889,2,"[52242.3,20625.1]","[1.65922,1.73492]","[-1.80581,-2.29836]","[142524,60300]","[0.967926,0.995608]","[0,0]","[0,0]","[-0.918464,-0.836421]",0,"[]","[]","[]","[]","[]","[]","[]","[]","[]","[]",1,"[260228]","[1.37421]","[0.412002]","[547133]","[2704.11]","[0]","[6.68418]","[-1]",0,"[]","[]","[]","[]","[]","[]","[]","[]","[]","[]",0,"[2876.53]",5693.42,"[5621.14,5441.88]","[]","[7052.28]","[]"
31,284500,4183758,364173,-1,618.688,5.35969e+06,1.25133,1.00588,1,1,1,0.998045,1.00306,1,1,0,0,1,"[1]","[1]","[486577]","[1.145]","[-1.12446]","[841943]","[-0.0510426]","[1]","[11]","[1]","[0]","[276.694]","[-0.00675668]","[1.16142]",498920,2.00491,1,"[20240.2]","[-2.27897]","[-2.83052]","[99961.2]","[0.995906]","[0]","[0]","[-0.730946]",0,"[]","[]","[]","[]","[]","[]","[]","[]","[]","[]",1,"[518875]","[1.1438]","[-1.1268]","[896961]","[4378.81]","[0]","[35.6378]","[0.429286]",0,"[]","[]","[]","[]","[]","[]","[]","[]","[]","[]",0,"[6386.82]",1488.03,"[3938.18]","[]","[31428.4]","[]"
32,284500,12218615,364173,-1,618.688,5.35969e+06,0.75088,0.97695,1,1,1,0.998656,0.98743,1,1,0,0,1,"[1]","[1]","[332880]","[-0.0572514]","[1.31533]","[333426]","[0.0537246]","[1]","[11]","[1]","[0]","[-1622.9]","[-0.000235935]","[0.0387685]",308883,-1.63926,2,"[62498.3,37432]","[-2.30621,-0.906341]","[-2.4758,1.74036]","[316981,54341.8]","[0.999403,0.996155]","[0,0]","[0,0]","[-0.357995,-0.916202]",0,"[]","[]","[]","[]","[]","[]","[]","[]","[]","[]",1,"[357273]","[-0.124444]","[1.33434]","[369586]","[83446]","[0]","[1.04137]","[0.288247]",0,"[]","[]","[]","[]","[]","[]","[]","[]","[]","[]",0,"[3070]",7473,"[7930.3,4721.9]","[]","[21715.5]","[]"
33,284500,10309431,364173,1,618.688,5.35969e+06,0.738662,0.97166,1,1,1,0.994741,1.0005,1,1,0,0,1,"[1]","[1]","[116503]","[2.19237]","[-2.94135]","[528228]","[-147.106]","[1]","[11]","[1]","[0]","[-810.853]","[-0.0189449]","[0.878836]",51483.9,-0.417361,6,"[309313,147957,65207,31088.5,28610.6,23660.1]","[-0.645555,-0.461251,0.706918,-2.03232,-0.355541,0.257482]","[-2.00294,0.473455,-0.18534,2.05663,2.6831,0.224018]","[376894,165913,83188.4,120734,31312.9,25069.4]","[0.997113,0.999764,0,0.99934,0.89044,0.720114]","[0,0,0,0,0,0]","[0,0,0,0,0,0]","[-0.786673,-0.753526,-0.831705,-0.906223,-0.92546,-0.770982]",0,"[]","[]","[]","[]","[]","[]","[]","[]","[]","[]",1,"[309774]","[-0.613329]","[-2.00142]","[370584]","[22713]","[0]","[1.92334]","[0.607251]",0,"[]","[]","[]","[]","[]","[]","[]","[]","[]","[]",0,"[944.666]",718.547,"[4484.19,6553.2,3520.59,2204.88,2056.73,3718.29]","[]","[23145.1]","[]"
34,284500,7330083,364173,1,618.688,5.35969e+06,1.21412,0.98089,1,1,1,0.998328,0.99866,1,1,0,0,1,"[1]","[1]","[263385]","[-0.858353]","[-0.51118]","[366518]","[-0.0751019]","[1]","[11]","[1]","[0]","[884.073]","[-0.038559]","[4.94861]",144612,2.67911,2,"[108379,24383]","[-1.13074,-0.86382]","[2.78418,1.43545]","[186500,34293.7]","[0.996461,0.96334]","[0,0]","[0,0]","[-0.841065,-0.579591]",0,"[]","[]","[]","[]","[]","[]","[]","[]","[]","[]",1,"[278382]","[-0.860731]","[-0.516784]","[388028]","[0.00676582]","[0]","[0]","[-1]",0,"[]","[]","[]","[]","[]","[]","[]","[]","[]","[]",0,"[3765.76]",541.234,"[2242.05,2819.52]","[]","[13257.7]","[]"
35,284500,7650190,364173,-1.30858,618.688,5.35969e+06,0,0.96203,1,1,1,0.995894,1.01508,1,1,0,0,1,"[1]","[1]","[255487]","[-1.73283]","[1.01919]","[745178]","[-0.039299]","[1]","[11]","[1]","[0]","[-1006.57]","[-0.0131736]","[1.24028]",255672,-2.34412,3,"[52521.2,23833.9,23811.9]","[-1.07501,-2.42805,1.95689]","[-1.04604,1.00011,0.79907]","[86430.2,136231,86009]","[0.985879,0.981311,0.966852]","[0,0,0]","[0,0,0]","[-0.951924,-0.779874,-0.866957]",0,"[]","[]","[]","[]","[]","[]","[]","[]","[]","[]",1,"[283719]","[-1.7425]","[1.02287]","[835086]","[2972.68]","[0]","[0]","[-1]",0,"[]","[]","[]","[]","[]","[]","[]","[]","[]","[]",0,"[5048.34]",23893.8,"[2589,3202.34,1762.49]","[]","[12504]","[]"
36,284500,10025967,364173,-1,618.688,5.35969e+06,0.934886,1.00588,1,1,1,0.999271,1.00306,1,1,0,0,1,"[1]","[1]","[433493]","[1.07904]","[-1.75012]","[711312]","[-0.00994873]","[1]","[11]","[1]","[0]","[1480.4]","[-0.00861621]","[1.60657]",407903,1.56604,1,"[76514.2]","[-2.04184]","[0.157252]","[299881]","[1]","[0]","[0]","[-0.727041]",0,"[]","[]","[]","[]","[]","[]","[]","[]","[]","[]",1,"[470114]","[1.09078]","[-1.74633]","[778640]","[2091.99]","[0]","[0]","[-1]",0,"[]","[]","[]","[]","[]","[]","[]","[]","[]","[]",0,"[5650.74]",231.344,"[2953.03]","[]","[6684.44]","[]"
37,284500,7129191,364173,0.837828,618.688,5.35969e+06,1.25133,0.98428,1,1,1,0.997163,1.00121,1,1,0,0,1,"[1]","[1]","[209278]","[-1.80659]","[-2.47655]","[654398]","[-87.8893]","[-1]","[11]","[1]","[0]","[-916.541]","[0.00586108]","[0.578271]",164371,0.997692,3,"[86409.2,37947.8,22337]","[-1.9938,1.90855,-0.340816]","[-0.38344,1.78274,-1.80142]","[323350,130823,24161.4]","[0,0.990413,0.99]","[0,0,0]","[0,0,0]","[-0.687834,-0.565851,-0.829682]",0,"[]","[]","[]","[]","[]","[]","[]","[]","[]","[]",1,"[258046]","[-1.89225]","[-2.38376]","[878553]","[74125.6]","[0]","[1.65436]","[0.391787]",0,"[]","[]","[]","[]","[]","[]","[]","[]","[]","[]",0,"[3422.08]",484.016,"[3945.79,2231.5,1795.01]","[]","[2750.88]","[]"
38,284500,12762393,364173,1,618.688,5.35969e+06,1.21412,0.97994,1,1,1,0.999246,1.00632,1,1,0,0,1,"[1]","[1]","[256001]","[0.467324]","[2.08567]","[284467]","[-0.0239067]","[-1]","[11]","[1]","[0]","[2695.06]","[0.000499747]","[0.0767626]",153693,-1.29663,1,"[97669.6]","[1.03279]","[-0.7782]","[155535]","[0.990458]","[0]","[0]","[-0.897656]",0,"[]","[]","[]","[]","[]","[]","[]","[]","[]","[]",1,"[271572]","[0.448322]","[2.09327]","[299355]","[4252.66]","[0]","[22.0824]","[0.305208]",0,"[]","[]","[]","[]","[]","[]","[]","[]","[]","[]",0,"[1503.51]",6028.45,"[6883.06]","[]","[5537.94]","[]"
39,284500,10498301,364173,1,618.688,5.35969e+06,0.75088,0.94943,1,1,1,0.996255,0.93819,1,1,0,0,1,"[0]","[1]","[40233.6]","[1.33153]","[-2.63954]","[81491.4]","[-0.0170479]","[1]","[11]","[1]","[0]","[-1132.91]","[-0.0298223]","[0.529259]",48130.3,0.154056,5,"[282304,97014.1,84853.8,66732.9,36047.3]","[1.55153,1.01807,-2.06337,-0.898099,-1.59414]","[0.904213,-1.98992,-2.27488,-2.49645,-2.05573]","[696277,152352,339510,96255.6,92611.9]","[0.974985,0.991133,0.995679,0.994653,0.99]","[0,0,0,0,0]","[0,0,0,0,0]","[-0.502991,-0.81113,-0.7526,-0.844958,-0.273735]",0,"[]","[]","[]","[]","[]","[]","[]","[]","[]","[]",1,"[293301]","[1.54]","[0.900818]","[716043]","[27795.8]","[0]","[2.27818]","[0.56819]",0,"[]","[]","[]","[]","[]","[]","[]","[]","[]","[]",0,"[112.508]",4711.76,"[8272.38,5076.79,2848.09,3935.31,3313.84]","[]","[19390.8]","[]"
40,284500,3597374,364173,1,618.688,5.35969e+06,1.08735,1.00588,1,1,1,0.995668,1.00306,1,1,0,0,1,"[0]","[1]","[265947]","[1.01982]","[2.263]","[416653]","[0.0471916]","[-1]","[11]","[1]","[0]","[128.255]","[0.0226862]","[2.79279]",256386,-0.453959,3,"[116881,29127.2,29124.1]","[1.85961,-1.63728,-1.2376]","[-1.7383,2.80446,2.16878]","[384678,77817.8,54771.1]","[1,0.99804,0.972214]","[0,0,0]","[0,0,0]","[-0.876897,-0.881198,-0.228993]",0,"[]","[]","[]","[]","[]","[]","[]","[]","[]","[]",1,"[294971]","[1.01356]","[2.26702]","[459907]","[0.00552427]","[0]","[0]","[-1]",0,"[]","[]","[]","[]","[]","[]","[]","[]","[]","[]",0,"[3022.82]",2048.86,"[4151.81,3490.7,5152.9]","[]","[16424.8]","[]"
41,284500,6622327,364173,1,618.688,5.35969e+06,1.22586,0.98413,1,1,1,0.997721,0.99866,1,1,0,0,1,"[1]","[1]","[123518]","[-1.02538]","[2.3665]","[194343]","[152.79]","[1]","[11]","[1]","[0]","[953.057]","[-0.0895804]","[3.06999]",65817.2,0.483096,3,"[282458,103075,66639.2]","[-1.67241,0.505218,1.96844]","[-1.70736,-0.869612,1.88032]","[778800,116722,243322]","[0.991555,0,0.99315]","[0,0,0]","[0,0,0]","[-0.760534,-0.698745,0.11618]",0,"[]","[]","[]","[]","[]","[]","[]","[]","[]","[]",1,"[268989]","[-1.68841]","[-1.70433]","[752808]","[18168.6]","[0]","[2.48303]","[0.37595]",0,"[]","[]","[]","[]","[]","[]","[]","[]","[]","[]",0,"[1182.96]",23889.5,"[9814.39,2241.61,5065.06]","[]","[14049.6]","[]"
42,284500,10504442,364173,1,618.688,5.35969e+06,1.22586,0.96972,1,1,1,0.999378,0.99544,1,1,0,0,1,"[0]","[1]","[218452]","[1.16644]","[-1.80519]","[384697]","[-0.0302696]","[1]","[11]","[1]","[2696.52]","[613.622]","[-0.0657108]","[5.17193]",289717,1.4794,1,"[86588.7]","[0.830657]","[-1.31476]","[118654]","[0.986074]","[0]","[0]","[-0.955261]",0,"[]","[]","[]","[]","[]","[]","[]","[]","[]","[]",1,"[299193]","[1.10124]","[-1.68537]","[504900]","[72242.3]","[0]","[0.554222]","[0.548542]",0,"[]","[]","[]","[]","[]","[]","[]","[]","[]","[]",0,"[2366.71]",1375.16,"[2536.04]","[]","[5865.5]","[]"
43,284500,759170,364173,-1,618.688,5.35969e+06,0.696077,0.98697,1,1,1,1,1.00582,1,1,0,0,1,"[1]","[1]","[267761]","[-0.566024]","[0.96723]","[311811]","[-0.0350113]","[1]","[11]","[1]","[0]","[-1600.95]","[0.00217525]","[0.275973]",346367,-1.84826,0,"[]","[]","[]","[]","[]","[]","[]","[]",0,"[]","[]","[]","[]","[]","[]","[]","[]","[]","[]",1,"[278816]","[-0.543134]","[0.958853]","[320965]","[1638.7]","[0]","[0]","[-1]",0,"[]","[]","[]","[]","[]","[]","[]","[]","[]","[]",0,"[1840.98]",2406.28,"[]","[]","[24961.1]","[]"
44,284500,204892,364173,-1,618.688,5.35969e+06,0.923924,0.95613,1,1,1,0.994518,0.99107,1,1,0,0,1,"[1]","[1]","[42752]","[-2.03092]","[0.92192]","[165713]","[198.515]","[1]","[11]","[1]","[0]","[-90.6316]","[0.0271506]","[2.01183]",24259.3,-2.55848,4,"[257989,194738,26044.8,20168]","[-1.6768,-1.841,-1.21391,-1.80698]","[-0.96654,2.15547,-3.02499,2.72473]","[714678,630025,48012.5,63169.1]","[0.99915,0.999128,0.96617,0.992488]","[0,0,0,0]","[0,0,0,0]","[-0.934481,-0.775838,-0.583938,0.238086]",0,"[]","[]","[]","[]","[]","[]","[]","[]","[]","[]",1,"[260112]","[-1.69836]","[-0.967341]","[735082]","[27955.2]","[0]","[1.67078]","[0.740352]",0,"[]","[]","[]","[]","[]","[]","[]","[]","[]","[]",0,"[426.592]",13731.6,"[10978.7,5926.07,2252.14,1519.28]","[]","[8179.48]","[]"
45,284500,202302,364173,-1,618.688,5.35969e+06,1.26459,0.96392,1,1,1,0.998595,1,1,1,0,0,1,"[1]","[1]","[224080]","[1.99686]","[-1.31861]","[840485]","[0.138443]","[-1]","[11]","[0]","[0]","[2250.11]","[0.0594822]","[2.32444]",111875,1.21618,1,"[150398]","[0.547648]","[2.34045]","[174238]","[0.999787]","[0]","[0]","[-0.0106518]",0,"[]","[]","[]","[]","[]","[]","[]","[]","[]","[]",1,"[253214]","[1.99881]","[-1.31351]","[951562]","[4651.91]","[0]","[0]","[-1]",0,"[]","[]","[]","[]","[]","[]","[]","[]","[]","[]",0,"[3227.47]",2597.3,"[6719.32]","[]","[7029.95]","[]"
46,284500,1131532,364173,-1,618.688,5.35969e+06,0.738662,0.97553,1,1,1,1.41008,1.01265,1,1,0,0,1,"[1]","[1]","[94810.4]","[1.75439]","[-1.43887]","[282199]","[-59.4302]","[-1]","[11]","[1]","[0]","[1451.3]","[0.00239696]","[0.144861]",62223,-2.25986,8,"[268731,133078,119764,72053.9,58068.2,33161.5,24497.9,24145.6]","[-0.714844,0.980377,0.661597,-0.843102,-0.858034,0.103266,0.810247,-0.464416]","[-1.9089,1.41327,0.879626,-3.09766,1.23329,-2.92578,0.358118,1.69775]","[341042,202906,147898,99764.9,81061.6,33895.2,33237,27270]","[0.990829,0,0.993913,0.996015,0.990028,0.990032,0.990017,0.996923]","[0,0,0,0,0,0,0,0]","[0,0,0,0,0,0,0,0]","[-0.616183,-0.738142,-0.670703,-0.914009,-0.917031,-0.782895,-0.799504,0.825281]",0,"[]","[]","[]","[]","[]","[]","[]","[]","[]","[]",2,"[293879,258188]","[-0.704659,0.858294]","[-1.90887,1.08046]","[370598,369911]","[22574.6,88079.9]","[0,0]","[2.76137,1.22175]","[0.614371,0.722638]",0,"[]","[]","[]","[]","[]","[]","[]","[]","[]","[]",0,"[805.558]",30798.7,"[12190.2,2529.18,8795.81,3624.98,3644.72,3203.09,4627.04,1798.64]","[]","[1549.09,6311.8]","[]"
47,284500,853802,364173,1,618.688,5.35969e+06,0,0.99093,1,1,1,0.997837,1.00306,1,1,0,0,1,"[1]","[1]","[90484.3]","[1.11668]","[-0.618628]","[153012]","[-0.00791168]","[-1]","[11]","[1]","[0]","[1230.42]","[0.0115453]","[1.57327]",134544,-1.56217,3,"[427165,326522,69738]","[0.10898,0.883151,2.26342]","[1.97341,-1.16764,2.13922]","[430275,463172,339152]","[0,0.002135,0.998243]","[0,0,0]","[0,0,0]","[-0.796542,-0.693886,0.195396]",0,"[]","[]","[]","[]","[]","[]","[]","[]","[]","[]",2,"[427826,416828]","[0.149744,0.971757]","[1.97462,-1.07116]","[432791,641436]","[11750.6,122561]","[0,0]","[26.2779,1.44102]","[0.430228,0.557339]",0,"[]","[]","[]","[]","[]","[]","[]","[]","[]","[]",0,"[402.366]",36871.7,"[6564.55,4836.93,2727.06]","[]","[34730.3,39759.3]","[]"
48,284500,396037,364173,1,618.688,5.35969e+06,1.26459,0.97538,1,1,1,0.998398,1.01508,1,1,0,0,1,"[1]","[1]","[101183]","[-1.77001]","[-1.52225]","[305636]","[-0.128318]","[1]","[11]","[1]","[0]","[-1237.52]","[0.0142402]","[0.991156]",51419,-0.77463,3,"[333089,116041,115011]","[-0.884156,1.37589,1.2652]","[1.75425,-2.08115,-0.821569]","[473797,244586,220543]","[0.992266,0.986184,0.994423]","[0,0,0]","[0,0,0]","[-0.899768,-0.861549,0.438959]",0,"[]","[]","[]","[]","[]","[]","[]","[]","[]","[]",1,"[342246]","[-0.871803]","[1.75288]","[482285]","[38383.7]","[0]","[1.24315]","[0.805621]",0,"[]","[]","[]","[]","[]","[]","[]","[]","[]","[]",0,"[979.915]",2789.23,"[3998.85,2466.02,7212.81]","[]","[2041.5]","[]"
49,284500,234350,364173,-1,618.688,5.35969e+06,1.26459,0.97375,1,1,1,0.998251,0.9741,1,1,0,0,1,"[1]","[1]","[59068.6]","[0.0529188]","[2.63094]","[59151.3]","[0.0666275]","[-1]","[11]","[1]","[0]","[-143.325]","[-0.000625621]","[0.0607705]",65504.4,-0.322351,3,"[236538,182116,64044.4]","[-0.210987,0.234284,0.012083]","[-3.09093,0.257027,-0.779702]","[242845,188205,64557.3]","[0,0.00305157,1]","[0,0,0]","[0,0,0]","[-0.722919,-0.781972,-0.937728]",0,"[]","[]","[]","[]","[]","[]","[]","[]","[]","[]",1,"[293978]","[-0.235944]","[3.13345]","[314805]","[88194.1]","[0]","[2.00469]","[0.585141]",0,"[]","[]","[]","[]","[]","[]","[]","[]","[]","[]",0,"[204.171]",2701.09,"[14460.5,4332.89,2602.89]","[]","[10491]","[]"
50,284500,1585119,364173,0.701881,618.688,5.35969e+06,1.32095,0.98428,1,1,1,0.996512,1.00121,1,1,0,0,1,"[1]","[1]","[603776]","[-1.94248]","[-0.0734104]","[2.14926e+06]","[-0.0190201]","[1]","[11]","[1]","[0]","[2139.36]","[-0.0087266]","[0.713934]",547495,3.13895,3,"[77704.7,38789.8,23099.1]","[1.26845,1.5816,-2.47507]","[2.62458,0.256295,2.54025]","[149563,98373.9,138280]","[1,0.9427,0.980094]","[0,0,0]","[0,0,0]","[-0.89985,-0.793799,-0.548051]",0,"[]","[]","[]","[]","[]","[]","[]","[]","[]","[]",1,"[663064]","[-1.93097]","[-0.0718903]","[2.33439e+06]","[-0.03125]","[0]","[0]","[-1]",0,"[]","[]","[]","[]","[]","[]","[]","[]","[]","[]",0,"[7733.5]",5926,"[6055.71,4499.74,3579.41]","[]","[829.938]","[]"
51,284500,985018,364173,1,618.688,5.35969e+06,1.25133,0.95586,1,1,1,0.995412,0.97537,1,1,0,0,1,"[1]","[1]","[33699.9]","[0.739893]","[1.78575]","[43352.9]","[115.55]","[1]","[11]","[1]","[0]","[-195.853]","[-0.00491361]","[0.515827]",91817.8,-0.448909,4,"[190444,147164,72874,28172.7]","[-0.207443,-0.646144,-0.201259,1.41931]","[-2.71384,0.430231,2.87776,-0.103987]","[196766,179477,75206.2,61913]","[0.994953,0.992732,0,0.99]","[0,0,0,0]","[0,0,0,0]","[-0.962941,-0.83912,-0.981454,-0.381574]",0,"[]","[]","[]","[]","[]","[]","[]","[]","[]","[]",1,"[258639]","[-0.251804]","[-2.86508]","[273782]","[61078.1]","[0]","[1.31404]","[0.650915]",0,"[]","[]","[]","[]","[]","[]","[]","[]","[]","[]",0,"[109.011]",139.828,"[2750.43,3123.56,3498.94,5989.9]","[]","[0]","[]"
52,284500,1287567,364173,1,618.688,5.35969e+06,0.738662,1.00588,1,1,1,0.992501,1.00306,1,1,0,0,1,"[1]","[1]","[257833]","[0.986153]","[1.7626]","[393699]","[0.0490417]","[-1]","[11]","[1]","[0]","[-1574.94]","[0.0464441]","[3.95076]",160598,-1.04999,9,"[96756.8,72994.4,53526.4,44084.3,42622.7,30966.1,24607.4,22533.1,21115.6]","[2.0385,-0.126401,0.349941,0.759181,0.64266,2.02962,0.842341,2.31912,-0.110659]","[-1.5356,1.6161,-1.07182,-0.544773,3.04781,2.86833,-1.27519,-2.18163,2.27785]","[377946,74136.4,58014.2,58356.2,52365.3,120006,34231,115762,21672.9]","[0.993716,0.999182,0.994888,0.98911,0.994571,0.985487,0.945968,0.976879,0.933613]","[0,0,0,0,0,0,0,0,0]","[0,0,0,0,0,0,0,0,0]","[-0.656226,-0.194953,-0.940847,-0.6299,-0.800663,-0.636116,-0.45579,-0.855592,-0.717058]",0,"[]","[]","[]","[]","[]","[]","[]","[]","[]","[]",1,"[295212]","[1.1093]","[1.78435]","[499673]","[58368.6]","[0]","[1.38217]","[0.547157]",0,"[]","[]","[]","[]","[]","[]","[]","[]","[]","[]",0,"[2747.97]",7264.05,"[2612.62,2294.3,3168.13,2156.85,5092.37,4090.81,2413.41,1886.23,1565.69]","[]","[11082.3]","[]"
53,284500,831817,364173,1.53625,618.688,5.35969e+06,1.74563,0.98697,1,1,1,0.999361,1.00582,1,1,0,0,1,"[1]","[1]","[296234]","[-0.579601]","[1.74653]","[347400]","[-0.121595]","[1]","[11]","[1]","[0]","[-1468.69]","[-0.00980281]","[1.46013]",252414,-1.62463,1,"[81145]","[1.7115]","[-0.638356]","[232022]","[0.991429]","[0]","[0]","[-0.951249]",0,"[]","[]","[]","[]","[]","[]","[]","[]","[]","[]",1,"[305412]","[-0.587996]","[1.74079]","[359747]","[-0.00676582]","[0]","[0]","[-1]",0,"[]","[]","[]","[]","[]","[]","[]","[]","[]","[]",0,"[2337.42]",2370,"[4887.29]","[]","[5340.09]","[]"
54,284500,1172080,364173,1,618.688,5.35969e+06,1.26205,0.98428,1,1,1,0.997997,1.00121,1,1,0,0,1,"[1]","[1]","[334052]","[-1.9395]","[0.870078]","[1.18572e+06]","[-0.0301256]","[-1]","[11]","[1]","[0]","[1201.53]","[0.05133]","[1.18794]",315258,-1.92989,2,"[111214,21740.7]","[-0.656365,-0.00318234]","[2.89056,2.6797]","[137082,22084.3]","[0.999885,0.992113]","[0,0]","[0,0]","[-0.766537,-0.397292]",0,"[]","[]","[]","[]","[]","[]","[]","[]","[]","[]",1,"[359606]","[-1.94547]","[0.868832]","[1.28377e+06]","[4766.19]","[0]","[0]","[-1]",0,"[]","[]","[]","[]","[]","[]","[]","[]","[]","[]",0,"[3950.24]",14039.7,"[4475.3,1739.36]","[]","[1694.94]","[]"
55,284500,1346297,364173,6.64335,618.688,5.35969e+06,1.24168,0.96323,1,1,1,0.998912,1.00493,1,1,0,0,1,"[1]","[1]","[264850]","[-1.33644]","[2.71871]","[538740]","[0.0222092]","[-1]","[11]","[1]","[0]","[4512.69]","[0.0243561]","[1.85254]",247790,-0.0735196,2,"[61872.3,20899.8]","[-0.557527,0.906388]","[-1.7289,-0.509556]","[71931.1,30313.6]","[0.997727,0.973387]","[0,0]","[0,0]","[-0.977361,-0.871139]",0,"[]","[]","[]","[]","[]","[]","[]","[]","[]","[]",1,"[298164]","[-1.3449]","[2.71763]","[610992]","[0.0078125]","[0]","[0]","[-1]",0,"[]","[]","[]","[]","[]","[]","[]","[]","[]","[]",0,"[3269.39]",301.234,"[4990.22,1157.32]","[]","[18933.1]","[]"
56,284500,1290952,364173,1,618.688,5.35969e+06,1.1961,0.98916,1,1,1,0.995996,0.99765,1,1,0,0,1,"[1]","[1]","[88807.7]","[0.640517]","[-0.207719]","[107656]","[0.0312634]","[-1]","[11]","[1]","[0]","[-5.82397]","[-0.00426343]","[0.578052]",64658.3,-0.958153,5,"[246909,125346,82441.3,61719.4,49243.3]","[1.24397,0.547836,0.463022,1.11221,-2.4663]","[2.84089,-0.925447,2.37185,1.39966,-0.959061]","[464654,144893,91686.8,104377,292173]","[0.00312228,0,0.998368,0,0.0562976]","[0,0,0,0,0]","[0,0,0,0,0]","[-0.786646,-0.762353,-0.956467,-0.840179,-0.665721]",0,"[]","[]","[]","[]","[]","[]","[]","[]","[]","[]",1,"[301686]","[1.12478]","[2.73022]","[524283]","[105743]","[0]","[0.50271]","[0.590779]",0,"[]","[]","[]","[]","[]","[]","[]","[]","[]","[]",0,"[461.352]",8730.07,"[11002.7,3236.14,3053.46,3927.82,4339.71]","[]","[19856]","[]"
57,284500,2646150,364173,1,618.688,5.35969e+06,0.553627,0.96654,1,1,1,0.995907,0.99589,1,1,0,0,1,"[1]","[1]","[34498.1]","[-0.328233]","[-1.56392]","[36373.2]","[-9.28954]","[-1]","[11]","[1]","[0]","[807.597]","[0.00562164]","[0.327273]",45320.3,-1.47672,5,"[213602,71573.3,52824.8,39601.4,31731]","[-1.02731,0.0888734,1.87652,-0.041757,1.40914]","[-1.89459,1.50465,0.52593,2.26246,1.10627]","[337517,72405,176916,40172.2,69037.6]","[0.99366,0.608698,0.976812,0.99316,0.990284]","[0,0,0,0,0]","[0,0,0,0,0]","[-0.162038,-0.965108,-0.706217,-0.656213,-0.800523]",0,"[]","[]","[]","[]","[]","[]","[]","[]","[]","[]",1,"[311943]","[-0.938219]","[-1.75651]","[470648]","[101336]","[0]","[1.24368]","[0.58878]",0,"[]","[]","[]","[]","[]","[]","[]","[]","[]","[]",0,"[76.5622]",11952.1,"[5162.56,2060.79,5656.05,4108.54,4532.15]","[]","[10639]","[]"
58,284500,1547448,364173,-1,618.688,5.35969e+06,1.21412,1.01378,1,1,1,0.999578,1.00936,1,1,0,0,1,"[1]","[1]","[290424]","[0.0430034]","[-0.229116]","[290692]","[0.0510712]","[1]","[11]","[1]","[2029.42]","[-353.401]","[0.00382915]","[0.607929]",270922,-3.10082,1,"[72525.3]","[-0.674171]","[1.75268]","[90373]","[0.99]","[0]","[0]","[-0.822392]",0,"[]","[]","[]","[]","[]","[]","[]","[]","[]","[]",1,"[294065]","[0.0135718]","[-0.233585]","[294104]","[2627.87]","[0]","[16.8104]","[-1]",0,"[]","[]","[]","[]","[]","[]","[]","[]","[]","[]",0,"[3869.91]",211.688,"[2459.15]","[]","[2319.09]","[]"
59,284500,1039201,364173,0.0583169,618.688,5.35969e+06,1.32095,0.98697,1,1,1,0.997965,1.00582,1,1,0,0,1,"[1]","[1]","[254841]","[-0.132928]","[-1.10479]","[257096]","[-0.0122414]","[-1]","[11]","[1]","[1148.71]","[-740.491]","[-0.00700476]","[1.30021]",143565,2.24036,3,"[88683.2,23082.6,21427.9]","[1.31632,-0.875,0.889565]","[2.18083,0.853196,1.36774]","[177391,32813.6,30692.6]","[0.99997,0.736804,0.99208]","[0,0,0]","[0,0,0]","[-0.828345,-0.878579,-0.807776]",0,"[]","[]","[]","[]","[]","[]","[]","[]","[]","[]",1,"[261584]","[-0.110185]","[-1.10617]","[263174]","[0.00312653]","[0]","[0]","[-1]",0,"[]","[]","[]","[]","[]","[]","[]","[]","[]","[]",0,"[2007.34]",2956.39,"[4496.77,1830.43,2058.94]","[]","[11831.4]","[]"
60,284500,1399287,364173,1.02984,618.688,5.35969e+06,0.696077,0.97996,1,1,1,0.998238,1.01265,1,1,0,0,1,"[1]","[1]","[229910]","[1.5638]","[1.35696]","[573196]","[0.0791588]","[-1]","[11]","[1]","[0]","[-738.183]","[0.0374562]","[5.72661]",244383,-1.44444,3,"[64505.4,56544.4,32579.3]","[0.127593,1.97406,-0.911277]","[-2.94224,1.84006,-2.64634]","[65911,207575,47475.8]","[0.998236,0.993607,0.995606]","[0,0,0]","[0,0,0]","[-0.866125,-0.206888,-0.532316]",0,"[]","[]","[]","[]","[]","[]","[]","[]","[]","[]",1,"[299455]","[1.6534]","[1.42705]","[813803]","[68237.7]","[0]","[0.648114]","[0.54795]",0,"[]","[]","[]","[]","[]","[]","[]","[]","[]","[]",0,"[5327.78]",12097.2,"[2686.43,2269.44,3420.58]","[]","[9122.69]","[]"
61,284500,1039231,364173,1,618.688,5.35969e+06,1.25133,0.96323,1,1,1,0.999204,1.00493,1,1,0,0,1,"[0]","[1]","[220732]","[-1.32644]","[-0.178936]","[445111]","[-0.0524257]","[1]","[11]","[1]","[0]","[3567.88]","[-0.0240641]","[2.02018]",245123,2.53784,1,"[99019.6]","[-0.653366]","[-1.72679]","[121784]","[0.983295]","[0]","[0]","[-0.663919]",0,"[]","[]","[]","[]","[]","[]","[]","[]","[]","[]",1,"[257790]","[-1.34158]","[-0.170249]","[526730]","[-0.0110485]","[0]","[0]","[-1]",0,"[]","[]","[]","[]","[]","[]","[]","[]","[]","[]",0,"[2778.11]",3099.47,"[7642.03]","[]","[10439.2]","[]"
62,284500,1409735,364173,1,618.688,5.35969e+06,0.75088,0.97994,1,1,1,1,1.00632,1,1,0,0,1,"[1]","[1]","[285839]","[0.0947516]","[2.27618]","[287123]","[-0.0383606]","[1]","[11]","[1]","[0]","[2137.72]","[-0.0304901]","[5.76073]",320047,-0.622852,0,"[]","[]","[]","[]","[]","[]","[]","[]",0,"[]","[]","[]","[]","[]","[]","[]","[]","[]","[]",1,"[300921]","[0.130385]","[2.27993]","[303486]","[1458.03]","[0]","[0]","[-1]",0,"[]","[]","[]","[]","[]","[]","[]","[]","[]","[]",0,"[2897.93]",10926.6,"[]","[]","[25819.3]","[]"
63,284500,2195769,364173,1,618.688,5.35969e+06,0.934886,0.98089,1,1,1,0.998902,0.99866,1,1,0,0,1,"[1]","[1]","[393888]","[-0.953922]","[0.20207]","[587109]","[0.0915511]","[1]","[11]","[1]","[0]","[945.457]","[-0.00610878]","[0.836134]",293026,-2.7167,1,"[126639]","[0.138752]","[2.62641]","[128321]","[0.99704]","[0]","[0]","[-0.955694]",0,"[]","[]","[]","[]","[]","[]","[]","[]","[]","[]",1,"[447605]","[-0.955423]","[0.200114]","[667920]","[-0.00552427]","[0]","[0]","[-1]",0,"[]","[]","[]","[]","[]","[]","[]","[]","[]","[]",0,"[4666.53]",440.969,"[2272.15]","[]","[7494.31]","[]"
64,284500,3183816,364173,1,618.688,5.35969e+06,1.1961,0.96304,1,1,1,0.999502,0.9991,1,1,0,0,1,"[1]","[1]","[45862.1]","[-1.60557]","[2.97286]","[118816]","[104.247]","[1]","[11]","[1]","[0]","[1274.17]","[0.00152827]","[0.113051]",73741.1,0.0673294,1,"[240754]","[0.91483]","[2.47874]","[349427]","[1]","[0]","[0]","[-0.878525]",0,"[]","[]","[]","[]","[]","[]","[]","[]","[]","[]",1,"[256474]","[0.889181]","[2.48341]","[365219]","[19035.2]","[0]","[2.01319]","[0.632647]",0,"[]","[]","[]","[]","[]","[]","[]","[]","[]","[]",0,"[314.428]",3231.03,"[3190.12]","[]","[7740.84]","[]"
65,284500,1627549,364173,1,618.688,5.35969e+06,1.24168,1.01378,1,1,1,0.997813,1.00936,1,1,0,0,1,"[1]","[1]","[240940]","[0.0879149]","[2.5741]","[241871]","[0.0279779]","[1]","[11]","[1]","[0]","[3164.38]","[0.00856308]","[0.871615]",140428,-0.186806,2,"[56230.9,41514.7]","[2.34763,1.94138]","[-1.22233,-0.610168]","[296996,147735]","[1,0.995103]","[0,0]","[0,0]","[-0.913354,-0.700422]",0,"[]","[]","[]","[]","[]","[]","[]","[]","[]","[]",1,"[266693]","[0.0941776]","[2.58288]","[267935]","[5576.46]","[0]","[3.98506]","[0.346316]",0,"[]","[]","[]","[]","[]","[]","[]","[]","[]","[]",0,"[1367.85]",8398.3,"[7096.82,8217.35]","[]","[0]","[]"
66,284500,4285456,364173,-1,618.688,5.35969e+06,0.923924,1.01378,1,1,1,0.996477,1.00936,1,1,0,0,1,"[1]","[1]","[424011]","[0.0816577]","[-2.50997]","[425425]","[-0.0999374]","[1]","[11]","[1]","[0]","[-1240.68]","[0.00522345]","[0.709507]",522525,0.64549,3,"[42329.9,25560.8,22829.8]","[-1.89825,0.478488,1.32501]","[-2.3537,-2.17356,-2.96005]","[144606,28722.1,46266.8]","[0.984525,0.996994,0.846724]","[0,0,0]","[0,0,0]","[-0.322337,-0.772261,-0.901241]",0,"[]","[]","[]","[]","[]","[]","[]","[]","[]","[]",1,"[438236]","[0.0361204]","[-2.50969]","[438522]","[0.00400048]","[0]","[0]","[-1]",0,"[]","[]","[]","[]","[]","[]","[]","[]","[]","[]",0,"[2590.24]",9151.78,"[3379.32,4779.06,3077.58]","[]","[35309.5]","[]"
67,284500,281385,364173,1,618.688,5.35969e+06,0.923924,0.9652,1,1,1,0.999231,0.98592,1,1,0,0,1,"[1]","[1]","[64494.9]","[-1.34369]","[-2.72079]","[132022]","[123.067]","[1]","[11]","[1]","[0]","[-1799.43]","[-0.0237258]","[1.2163]",37553.9,-1.26369,2,"[287146,73699.8]","[0.0853543,-1.31643]","[-0.364522,1.18773]","[290123,147830]","[0.953163,0]","[0,0]","[0,0]","[-0.951012,-0.859825]",0,"[]","[]","[]","[]","[]","[]","[]","[]","[]","[]",1,"[283951]","[0.0790667]","[-0.360781]","[286335]","[29236.2]","[0]","[1.65206]","[0.57924]",0,"[]","[]","[]","[]","[]","[]","[]","[]","[]","[]",0,"[228.634]",7310.75,"[13599.7,3228.11]","[]","[7910.09]","[]"
68,284500,2748257,364173,10.3149,618.688,5.35969e+06,1.1961,0.96203,1,1,1,0.99926,1.01508,1,1,0,0,1,"[1]","[1]","[282760]","[-1.59959]","[2.66675]","[728527]","[-0.0379066]","[1]","[11]","[1]","[2068.57]","[-1189.13]","[0.00681945]","[0.793822]",186264,-0.238027,2,"[70375.6,41236.4]","[-0.731337,0.968139]","[-0.916135,-0.622934]","[90460.2,62470.6]","[0.99,0.988597]","[0,0]","[0,0]","[-0.876507,-0.933328]",0,"[]","[]","[]","[]","[]","[]","[]","[]","[]","[]",1,"[307023]","[-1.60522]","[2.67155]","[795184]","[6038.16]","[0]","[7.96533]","[0.232241]",0,"[]","[]","[]","[]","[]","[]","[]","[]","[]","[]",0,"[6400.9]",5333.31,"[3744.39,3728.58]","[]","[10817.7]","[]"
69,284500,4235959,364173,1,618.688,5.35969e+06,1.24168,0.97738,1,1,1,0.998023,1.00056,1,1,0,0,1,"[1]","[1]","[76722.2]","[0.128457]","[0.96823]","[77356.1]","[-0.0700378]","[1]","[11]","[1]","[0]","[361.96]","[-0.00878463]","[1.40967]",121924,-2.49417,3,"[218002,118225,66281.9]","[-0.0609129,-1.85461,1.29161]","[1.44064,-1.6612,-2.11867]","[219446,387392,129927]","[0,0.0126842,0.991317]","[0,0,0]","[0,0,0]","[-0.727042,-0.811178,-0.945555]",0,"[]","[]","[]","[]","[]","[]","[]","[]","[]","[]",1,"[302226]","[-0.00112455]","[1.31157]","[309420]","[66329.6]","[0]","[1.00567]","[0.533318]",0,"[]","[]","[]","[]","[]","[]","[]","[]","[]","[]",0,"[444.022]",8476.8,"[11893.8,2939.64,2534.21]","[]","[18239.7]","[]"
70,284500,1672981,364173,1,618.688,5.35969e+06,1.1961,0.98697,1,1,1,0.998392,1.00582,1,1,0,0,1,"[1]","[1]","[444621]","[-0.34297]","[0.804041]","[471028]","[0.116547]","[1]","[11]","[1]","[0]","[697.055]","[-0.00224756]","[0.385622]",449994,-2.47729,2,"[94862.3,24764.7]","[0.262422,0.120266]","[-0.786552,2.71851]","[98519.8,25435.1]","[0.981701,0.993344]","[0,0]","[0,0]","[-0.923206,-0.664304]",0,"[]","[]","[]","[]","[]","[]","[]","[]","[]","[]",1,"[463126]","[-0.344347]","[0.806425]","[490868]","[3495.85]","[0]","[4.37467]","[-1]",0,"[]","[]","[]","[]","[]","[]","[]","[]","[]","[]",0,"[2810.03]",1946.5,"[3109.59,1717.66]","[]","[16815.7]","[]"
71,284500,5180007,364173,1,618.688,5.35969e+06,0.923924,0.97996,1,1,1,0.997706,1.01265,1,1,0,0,1,"[0]","[1]","[317576]","[1.71592]","[-2.80487]","[911693]","[-0.00559807]","[-1]","[11]","[1]","[0]","[1756.14]","[0.0267522]","[3.2512]",42240.8,-2.72997,3,"[465596,66712.8,34115.3]","[1.14682,0.502417,0.414064]","[0.43701,-2.11748,-1.46895]","[807757,75955.3,37533]","[0.990345,1,0.970372]","[0,0,0]","[0,0,0]","[-0.967909,-0.951052,-0.898263]",0,"[]","[]","[]","[]","[]","[]","[]","[]","[]","[]",2,"[479604,349394]","[1.15404,1.72319]","[0.443817,-2.80245]","[836834,1.0099e+06]","[36643.7,2798.38]","[0,0]","[2.33554,23.2854]","[0.747006,0.219233]",0,"[]","[]","[]","[]","[]","[]","[]","[]","[]","[]",0,"[5845.5]",1098.11,"[6516.37,4035.61,1941.96]","[]","[11053,4544]","[]"
72,284500,511799,364173,-1,618.688,5.35969e+06,1.26459,0.97538,1,1,1,0.994822,1.01508,1,1,0,0,1,"[1]","[1]","[101740]","[-1.73135]","[1.59924]","[296333]","[-0.0787735]","[1]","[11]","[1]","[0]","[-831.61]","[0.00315332]","[0.172775]",44469.4,2.47643,5,"[185573,119766,112861,39976.4,28976.1]","[-1.17395,0.370594,-1.95052,2.42488,-0.698214]","[-1.60674,1.09207,-1.44786,2.53112,1.6988]","[330038,128487,405102,227767,36874.7]","[0.993406,0.99984,0.992427,0.976814,0.808071]","[0,0,0,0,0]","[0,0,0,0,0]","[-0.917284,0.734962,-0.902911,-0.880041,-0.878135]",0,"[]","[]","[]","[]","[]","[]","[]","[]","[]","[]",1,"[286660]","[-1.46742]","[-1.55668]","[666516]","[124374]","[0]","[1.03305]","[0.6721]",0,"[]","[]","[]","[]","[]","[]","[]","[]","[]","[]",0,"[1078.37]",6517.77,"[3498.15,4474.37,3818.53,2440.46,3905.95]","[]","[7995.31]","[]"
73,284500,4018941,364173,1,618.688,5.35969e+06,0.923924,0.97209,1,1,1,0.996189,0.99756,1,1,0,0,1,"[1]","[1]","[75579.1]","[0.0517448]","[2.61837]","[75680.3]","[0.0175514]","[1]","[11]","[1]","[0]","[2959.75]","[-0.0189472]","[2.23425]",38153.8,0.498213,5,"[306342,219380,190510,32837.4,27072.2]","[1.68223,-0.7171,-1.18776,0.355382,0.350646]","[2.49477,-1.08236,-0.239555,-2.54217,1.12268]","[852365,280707,341863,35560.8,28981.7]","[0.994852,0.991658,0.985489,0.858071,0.979403]","[0,0,0,0,0]","[0,0,0,0,0]","[-0.775042,-0.936236,-0.78852,-0.898072,-0.55295]",0,"[]","[]","[]","[]","[]","[]","[]","[]","[]","[]",2,"[373400,296010]","[-1.0504,1.67285]","[-0.682768,2.49812]","[636274,816312]","[214455,10001.5]","[0,0]","[0.691903,6.43657]","[0.733211,0.411599]",0,"[]","[]","[]","[]","[]","[]","[]","[]","[]","[]",0,"[167.645]",1134.84,"[11685.1,12199.3,3048.08,3069.23,2070.75]","[]","[19301.8,7803.91]","[]"
74,284500,3821667,364173,1,618.688,5.35969e+06,1.21412,0.98089,1,1,1,0.99898,0.99866,1,1,0,0,1,"[1]","[1]","[250733]","[-0.952944]","[0.091007]","[373459]","[-0.00218201]","[1]","[11]","[1]","[2050.36]","[-1682.92]","[-0.00898511]","[1.48813]",315485,-2.74681,1,"[111432]","[-0.0141079]","[1.21997]","[112060]","[1]","[0]","[0]","[-0.796738]",0,"[]","[]","[]","[]","[]","[]","[]","[]","[]","[]",1,"[259913]","[-0.990314]","[0.0840189]","[398127]","[0.00676582]","[0]","[0]","[-1]",0,"[]","[]","[]","[]","[]","[]","[]","[]","[]","[]",0,"[2567.36]",5442.12,"[8331.77]","[]","[9805.38]","[]"
75,284500,3863889,364173,-1.86905,618.688,5.35969e+06,1.21412,0.97994,1,1,1,0.998182,1.00632,1,1,0,0,1,"[1]","[1]","[255763]","[0.370233]","[2.62817]","[273494]","[-0.0829048]","[1]","[11]","[1]","[0]","[892.185]","[0.00795789]","[1.33611]",219728,-0.338058,1,"[24797.9]","[1.56936]","[-2.26482]","[62334.8]","[0.979859]","[0]","[0]","[-0.794858]",0,"[]","[]","[]","[]","[]","[]","[]","[]","[]","[]",1,"[259279]","[0.412041]","[2.62004]","[281602]","[0.00585938]","[0]","[0]","[-1]",0,"[]","[]","[]","[]","[]","[]","[]","[]","[]","[]",0,"[1324.35]",1845.11,"[4541.98]","[]","[23777.8]","[]"
76,284500,3934118,364173,-1,618.688,5.35969e+06,0.696077,0.98697,1,1,1,0.998526,1.00582,1,1,0,0,1,"[1]","[1]","[265882]","[-0.126155]","[-1.26168]","[268001]","[0.100418]","[1]","[11]","[1]","[0]","[773.503]","[-0.0111906]","[1.29987]",222670,1.82386,2,"[27787.4,22743.8]","[-0.886649,-0.548324]","[1.81264,2.9527]","[40131.2,26640.6]","[0.987929,0.986915]","[0,0]","[0,0]","[-0.570387,-0.808532]",0,"[]","[]","[]","[]","[]","[]","[]","[]","[]","[]",1,"[272131]","[-0.172595]","[-1.25624]","[276194]","[-0.00431238]","[0]","[0]","[-1]",0,"[]","[]","[]","[]","[]","[]","[]","[]","[]","[]",0,"[2963.96]",1102.31,"[2384.4,1996]","[]","[3482.62]","[]"
77,284500,544029,364173,-1,618.688,5.35969e+06,0.738662,0.99242,1,1,1,1,0.99765,1,1,0,0,1,"[1]","[1]","[156353]","[0.667076]","[2.20033]","[192450]","[0.0387235]","[-1]","[11]","[1]","[41680.5]","[1740.51]","[-0.00643655]","[0.777985]",233407,-0.938204,0,"[]","[]","[]","[]","[]","[]","[]","[]",0,"[]","[]","[]","[]","[]","[]","[]","[]","[]","[]",1,"[251342]","[0.753839]","[2.20693]","[327463]","[28688.5]","[0]","[1.13462]","[0.574747]",0,"[]","[]","[]","[]","[]","[]","[]","[]","[]","[]",0,"[815.077]",3574.98,"[]","[]","[0]","[]"
78,284500,1570589,364173,-1,618.688,5.35969e+06,0.553627,0.98413,1,1,1,0.996809,0.99866,1,1,0,0,1,"[1]","[1]","[96758]","[-0.881453]","[-0.365289]","[136844]","[-0.0630913]","[1]","[11]","[1]","[0]","[-768.313]","[-0.00293639]","[0.366224]",52342.2,-1.08062,3,"[203537,91266.6,24732]","[-1.34661,1.26123,-1.72044]","[2.33394,-1.12004,2.57764]","[418456,174644,71377.5]","[0.983651,1,0.987928]","[0,0,0]","[0,0,0]","[-0.858585,-0.909876,-0.812886]",0,"[]","[]","[]","[]","[]","[]","[]","[]","[]","[]",1,"[262663]","[-1.3727]","[2.35857]","[554253]","[55000]","[0]","[1.98883]","[0.654461]",0,"[]","[]","[]","[]","[]","[]","[]","[]","[]","[]",0,"[686.278]",17951.3,"[7675.17,9411.52,3306.35]","[]","[25549.2]","[]"
79,284500,1231319,364173,1,618.688,5.35969e+06,0.187531,0.96896,1,1,1,1.42274,0.97492,1,1,0,0,1,"[1]","[1]","[46427.1]","[-0.0875244]","[-1.35038]","[46605]","[-56.3182]","[-1]","[11]","[1]","[0]","[2780.07]","[-0.0163618]","[2.44844]",82243.5,-2.17309,4,"[167600,165285,106195,61571.2]","[-0.480006,1.05953,1.72252,-0.288508]","[-2.70319,0.507071,0.426889,2.18321]","[187675,267738,307250,65008.1]","[0.997948,1,0.721766,0.00321062]","[0,0,0,0]","[0,0,0,0]","[-0.962525,0.999921,-0.764086,-0.801327]",0,"[]","[]","[]","[]","[]","[]","[]","[]","[]","[]",1,"[251672]","[1.36309]","[0.487263]","[526793]","[54226.8]","[0]","[0.976446]","[0.717331]",0,"[]","[]","[]","[]","[]","[]","[]","[]","[]","[]",0,"[217.878]",5519.91,"[3591.7,3883.99,4843.1,1979.05]","[]","[653.359]","[]"
80,284500,789505,364173,0.720341,618.688,5.35969e+06,1.24168,0.98697,1,1,1,1,1.00582,1,1,0,0,1,"[1]","[1]","[271793]","[-0.162262]","[-2.3647]","[275378]","[0.0170212]","[1]","[11]","[1]","[0]","[-1090.75]","[-0.00391465]","[0.382071]",364028,1.04421,0,"[]","[]","[]","[]","[]","[]","[]","[]",0,"[]","[]","[]","[]","[]","[]","[]","[]","[]","[]",1,"[275096]","[-0.182147]","[-2.37193]","[279672]","[0.00292969]","[0]","[0]","[-1]",0,"[]","[]","[]","[]","[]","[]","[]","[]","[]","[]",0,"[5381.78]",5254.62,"[]","[]","[47.0625]","[]"
81,284500,1377486,364173,1,618.688,5.35969e+06,1.25133,0.98697,1,1,1,0.999304,1.00582,1,1,0,0,1,"[1]","[1]","[280500]","[-0.291811]","[1.59283]","[292528]","[0.0241394]","[1]","[11]","[1]","[0]","[1251.72]","[0.0193432]","[1.41547]",277631,-1.46804,2,"[53357.2,40183.4]","[-0.624472,0.423472]","[2.85097,0.202024]","[64642.3,44208.3]","[0.999233,0.992898]","[0,0]","[0,0]","[-0.929181,-0.772197]",0,"[]","[]","[]","[]","[]","[]","[]","[]","[]","[]",1,"[311427]","[-0.297025]","[1.61293]","[329049]","[49750.6]","[0]","[1.20008]","[0.553937]",0,"[]","[]","[]","[]","[]","[]","[]","[]","[]","[]",0,"[1933.75]",19732.4,"[6218.98,9256.12]","[]","[4486.25]","[]"
82,284500,1339779,364173,1,618.688,5.35969e+06,0.923924,0.97749,1,1,1,0.996413,1.00021,1,1,0,0,1,"[1]","[1]","[64834.5]","[0.681632]","[2.66996]","[80488.6]","[-0.0403175]","[1]","[11]","[1]","[0]","[-860.513]","[0.0272807]","[4.21467]",42996.4,1.98166,4,"[325499,133492,85222.7,25229.1]","[0.665566,-1.42026,1.37717,1.8786]","[-0.98551,1.88902,2.16593,1.69886]","[401424,292739,180155,84697.2]","[0.994563,0.999939,0.998524,0.982554]","[0,0,0,0]","[0,0,0,0]","[-0.906548,-0.667182,-0.69945,-0.830076]",0,"[]","[]","[]","[]","[]","[]","[]","[]","[]","[]",1,"[321561]","[0.65392]","[-0.991991]","[392996]","[12472.4]","[0]","[2.02101]","[0.399169]",0,"[]","[]","[]","[]","[]","[]","[]","[]","[]","[]",0,"[203.03]",2331.57,"[4402,4451.11,6142.78,1881.24]","[]","[30860]","[]"
83,284500,1342597,364173,1,618.688,5.35969e+06,0.351687,0.98089,1,1,1,0.997232,0.99866,1,1,0,0,1,"[1]","[1]","[230898]","[-0.920544]","[-2.07732]","[335836]","[0.0658188]","[1]","[11]","[1]","[0]","[40.3276]","[-0.0398489]","[3.75447]",362942,1.06435,2,"[28277.6,26183.1]","[-2.49584,1.1227]","[-2.45853,-2.62601]","[172814,45063.9]","[0,0.947176]","[0,0]","[0,0]","[-0.789995,-0.753406]",0,"[]","[]","[]","[]","[]","[]","[]","[]","[]","[]",1,"[265268]","[-0.88107]","[-2.10544]","[376430]","[32032.2]","[0]","[0.535516]","[0.545268]",0,"[]","[]","[]","[]","[]","[]","[]","[]","[]","[]",0,"[2456.79]",13015.4,"[3124.39,3240.45]","[]","[15838.3]","[]"
84,284500,3227656,364173,1,618.688,5.35969e+06,0,0.97949,1,1,1,0.995911,0.99672,1,1,0,0,1,"[1]","[1]","[65954.8]","[1.06343]","[1.65046]","[106898]","[71.7462]","[1]","[11]","[1]","[0]","[751.397]","[-0.0374806]","[2.58411]",78764.1,-2.26742,4,"[197447,184458,64604.8,21103.1]","[0.814877,-2.22488,1.15288,-2.49999]","[-1.33197,1.99403,0.309255,-1.47041]","[268901,863439,113646,129510]","[0.998861,0.996461,0.988541,0.419253]","[0,0,0,0]","[0,0,0,0]","[-0.761745,-0.960016,-0.851832,-0.718298]",0,"[]","[]","[]","[]","[]","[]","[]","[]","[]","[]",1,"[256453]","[0.933034]","[-1.43309]","[382805]","[69635.1]","[0]","[1.58775]","[0.634429]",0,"[]","[]","[]","[]","[]","[]","[]","[]","[]","[]",0,"[352.49]",48651.8,"[4718.12,8596.89,4164.15,55980.7]","[]","[11076.4]","[]"
85,284500,3226947,364173,-1.69828,618.688,5.35969e+06,0.351687,1.00588,1,1,1,0.997182,1.00306,1,1,0,0,1,"[1]","[1]","[438685]","[0.923792]","[1.32541]","[639566]","[0.0406647]","[-1]","[11]","[1]","[0]","[4683.28]","[0.0101702]","[1.48369]",321129,-1.66046,2,"[110921,21470.8]","[-0.90583,-2.44595]","[-1.97246,-2.81666]","[160896,124899]","[0.997959,0.0459148]","[0,0]","[0,0]","[-0.415602,-0.729153]",0,"[]","[]","[]","[]","[]","[]","[]","[]","[]","[]",1,"[457391]","[0.96754]","[1.32296]","[688756]","[7793.1]","[0]","[10.6753]","[-1]",0,"[]","[]","[]","[]","[]","[]","[]","[]","[]","[]",0,"[5940.43]",1574.91,"[2584.61,1766.3]","[]","[2054.5]","[]"
86,284500,4292469,364173,1,618.688,5.35969e+06,0.351687,0.98536,1,1,1,0.995538,0.9918,1,1,0,0,1,"[1]","[1]","[140208]","[-0.60482]","[0.484684]","[166644]","[-0.0534575]","[1]","[11]","[1]","[2757.86]","[-1898.91]","[0.0283237]","[3.86815]",42800.7,-2.69682,5,"[166472,140829,108509,84717.7,20703.9]","[-0.799441,-0.208451,-1.57489,0.271035,0.467125]","[-2.1733,1.57386,-2.63816,-0.125129,0.675359]","[223396,145211,273607,89108,23363.9]","[0,0,0.99005,0,0.990597]","[0,0,0,0,0]","[0,0,0,0,0]","[-0.732158,-0.73007,-0.828229,-0.743352,-0.917423]",0,"[]","[]","[]","[]","[]","[]","[]","[]","[]","[]",1,"[278185]","[-1.22528]","[-2.38231]","[526143]","[110193]","[0]","[0.63341]","[0.787328]",0,"[]","[]","[]","[]","[]","[]","[]","[]","[]","[]",0,"[854.719]",796.004,"[2995.92,2384.56,3962.67,2126.44,1273.61]","[]","[23876.1]","[]"
87,284500,6714836,364173,-1,618.688,5.35969e+06,0.187531,0.98089,1,1,1,0.998445,0.99866,1,1,0,0,1,"[1]","[1]","[251110]","[-1.00852]","[-0.858182]","[390012]","[-0.112545]","[1]","[11]","[1]","[0]","[1569.43]","[-0.0177452]","[1.97319]",278039,2.18307,1,"[30237.7]","[1.87193]","[-1.34941]","[100753]","[0.964397]","[0]","[0]","[-0.611045]",0,"[]","[]","[]","[]","[]","[]","[]","[]","[]","[]",1,"[274669]","[-1.03016]","[-0.857275]","[433773]","[2654.41]","[0]","[0]","[-1]",0,"[]","[]","[]","[]","[]","[]","[]","[]","[]","[]",0,"[3959.63]",34456.6,"[2069.11]","[]","[5078.31]","[]"
88,284500,331965,364173,1.07399,618.688,5.35969e+06,1.26459,0.98697,1,1,1,0.995143,1.00582,1,1,0,0,1,"[1]","[1]","[300425]","[-0.412719]","[-0.940022]","[326377]","[-0.000204086]","[1]","[11]","[1]","[0]","[604.579]","[0.00682923]","[1.01166]",320183,1.96815,4,"[52214.4,31271.4,28200.6,24214.1]","[1.35682,-1.36459,1.77394,-0.798905]","[-1.65434,2.53391,-1.34411,2.76085]","[108520,65303.8,85612.6,32728]","[0.983376,0.95085,0.992907,0.971911]","[0,0,0,0]","[0,0,0,0]","[-0.916862,-0.142328,-0.590175,-0.703106]",0,"[]","[]","[]","[]","[]","[]","[]","[]","[]","[]",1,"[309629]","[-0.431654]","[-0.939935]","[338926]","[-0.00195312]","[0]","[0]","[-1]",0,"[]","[]","[]","[]","[]","[]","[]","[]","[]","[]",0,"[2532.59]",1449.53,"[2472.09,3647.16,1915.44,2663.91]","[]","[5170.84]","[]"
89,284500,2127025,364173,-1,618.688,5.35969e+06,0.923924,0.97245,1,1,1,0.992173,0.99544,1,1,0,0,1,"[1]","[1]","[107549]","[1.28708]","[-1.56205]","[209628]","[0.073761]","[-1]","[11]","[1]","[0]","[-1301.9]","[0.0304026]","[2.94668]",117099,-1.97614,6,"[189542,85829.6,38509.7,26910,25426.9,20569.2]","[0.549432,-0.267007,2.4538,-1.72013,-2.46493,0.283158]","[1.62404,1.19252,-1.03893,-1.36212,-1.06023,2.1847]","[219207,89477.4,225670,77762.5,150702,21749.7]","[0.99959,0,0.00939026,0.953106,1,0.961356]","[0,0,0,0,0,0]","[0,0,0,0,0,0]","[-0.879492,-0.757304,-0.737912,-0.693314,-0.0621275,0.298202]",0,"[]","[]","[]","[]","[]","[]","[]","[]","[]","[]",1,"[273308]","[0.32358]","[1.5005]","[307742]","[109134]","[0]","[0.389723]","[0.48845]",0,"[]","[]","[]","[]","[]","[]","[]","[]","[]","[]",0,"[926.474]",5062.37,"[8517.67,5139.79,4480.95,2449.37,2185.04,3014.56]","[]","[26526.5]","[]"
90,284500,7348338,364173,1,618.688,5.35969e+06,0.351687,0.95734,1,1,1,0.995854,0.96953,1,1,0,0,1,"[1]","[1]","[34591.4]","[0.918842]","[-0.212256]","[50250.4]","[-0.00928211]","[-1]","[11]","[1]","[0]","[704.07]","[-0.000840064]","[0.075447]",116871,0.0898713,6,"[361295,142351,56593.3,34678.1,31700.8,25380.9]","[0.58946,-0.164903,-1.23341,0.109608,1.14344,0.880899]","[-2.87922,0.324554,0.520311,-3.08604,1.58447,-2.54783]","[432100,145743,105781,35400.6,54931.8,36327.1]","[1,1,0.934932,0.872485,0.983952,0.972206]","[0,0,0,0,0,0]","[0,0,0,0,0,0]","[-0.945321,-0.945909,-0.817772,-0.523086,-0.924744,-0.734431]",0,"[]","[]","[]","[]","[]","[]","[]","[]","[]","[]",1,"[386520]","[0.566443]","[-2.89074]","[459903]","[93944.7]","[0]","[1.60956]","[0.747647]",0,"[]","[]","[]","[]","[]","[]","[]","[]","[]","[]",0,"[249.908]",8425.48,"[5635.2,4358.88,7402.01,2491.62,2430.8,2751.06]","[]","[8310.16]","[]"
91,284500,2677638,364173,-1,618.688,5.35969e+06,1.26205,0.96203,1,1,1,0.999036,1.01508,1,1,0,0,1,"[1]","[1]","[251813]","[-1.7825]","[-1.53445]","[769653]","[-0.0382729]","[-1]","[11]","[1]","[0]","[-284.084]","[0.00230956]","[0.18569]",184173,2.0031,1,"[109614]","[-0.698598]","[0.939863]","[138347]","[0.991843]","[0]","[0]","[-0.915726]",0,"[]","[]","[]","[]","[]","[]","[]","[]","[]","[]",1,"[266340]","[-1.7908]","[-1.53155]","[820479]","[3789.59]","[0]","[0]","[-1]",0,"[]","[]","[]","[]","[]","[]","[]","[]","[]","[]",0,"[4011.2]",3954.03,"[8697.62]","[]","[644.781]","[]"
92,284500,1208264,364173,1,618.688,5.35969e+06,0.553627,0.96727,1,1,1,0.998051,0.99061,1,1,0,0,1,"[0]","[1]","[53523.9]","[-1.8559]","[2.13258]","[175392]","[0.00584793]","[1]","[11]","[1]","[0]","[210.108]","[0.0103205]","[0.496071]",109276,0.832277,3,"[327167,176051,63372.3]","[-1.75014,1.70604,-0.878492]","[-1.72095,1.91464,0.744066]","[970617,501410,90218.2]","[0.988037,0.990373,0.979318]","[0,0,0]","[0,0,0]","[-0.066422,-0.964969,-0.905914]",0,"[]","[]","[]","[]","[]","[]","[]","[]","[]","[]",1,"[328676]","[-1.74467]","[-1.73678]","[970589]","[48336.2]","[0]","[2.80447]","[0.522789]",0,"[]","[]","[]","[]","[]","[]","[]","[]","[]","[]",0,"[271.808]",6411.95,"[6723.87,11245.7,6749.46]","[]","[4408.16]","[]"
93,284500,1861678,364173,2.00523,618.688,5.35969e+06,1.25133,0.97996,1,1,1,0.997361,1.01265,1,1,0,0,1,"[1]","[1]","[475694]","[1.72049]","[-0.986949]","[1.37148e+06]","[-0.0364685]","[-1]","[11]","[1]","[0]","[5321.56]","[0.0384166]","[5.24148]",437912,2.25253,2,"[22891.5,22667.3]","[-2.46564,-0.613525]","[1.88497,1.15269]","[135752,27373.4]","[0.990145,0.991141]","[0,0]","[0,0]","[-0.781217,-0.94587]",0,"[]","[]","[]","[]","[]","[]","[]","[]","[]","[]",1,"[480646]","[1.70478]","[-0.992246]","[1.36551e+06]","[0.0270633]","[0]","[0]","[-1]",0,"[]","[]","[]","[]","[]","[]","[]","[]","[]","[]",0,"[10261]",77.1875,"[1928.98,2425.38]","[]","[567.188]","[]"
94,284500,8379933,364173,1,618.688,5.35969e+06,1.25133,0.97388,1,1,1,0.999229,0.98854,1,1,0,0,1,"[1]","[1]","[44963.6]","[-0.176454]","[-3.11046]","[45665.4]","[15.3014]","[1]","[11]","[1]","[0]","[1151.68]","[-0.0107856]","[1.18173]",61012,0.273784,2,"[260088,253556]","[0.891602,-1.09207]","[-2.78423,0.297267]","[371333,424030]","[0.996764,0.986374]","[0,0]","[0,0]","[-0.821321,0.462567]",0,"[]","[]","[]","[]","[]","[]","[]","[]","[]","[]",2,"[288861,276205]","[-1.07062,0.933575]","[0.293403,-2.73012]","[475976,407040]","[69739.1,34562]","[0,0]","[1.2682,2.18302]","[0.775972,0.651782]",0,"[]","[]","[]","[]","[]","[]","[]","[]","[]","[]",0,"[68.9542]",1428.96,"[3387.23,3154.06]","[]","[15825.4,4973.47]","[]"
95,284500,325005,364173,-1.35696,618.688,5.35969e+06,1.22586,0.96323,1,1,1,0.999087,1.00493,1,1,0,0,1,"[1]","[1]","[259593]","[-1.32223]","[-2.38229]","[521565]","[-0.00933075]","[1]","[11]","[1]","[0]","[2427.4]","[0.0195022]","[1.80838]",329352,0.686187,1,"[59910.2]","[-2.11978]","[-2.63559]","[253233]","[0.986208]","[0]","[0]","[-0.950347]",0,"[]","[]","[]","[]","[]","[]","[]","[]","[]","[]",1,"[342224]","[-1.49951]","[-2.42873]","[812284]","[110805]","[0]","[0.412666]","[0.329115]",0,"[]","[]","[]","[]","[]","[]","[]","[]","[]","[]",0,"[3176.68]",618,"[2381.85]","[]","[5677.41]","[]"
96,284500,4696022,364173,1,618.688,5.35969e+06,0.75088,0.97994,1,1,1,0.998934,1.00632,1,1,0,0,1,"[1]","[1]","[284670]","[0.238443]","[-1.19062]","[292800]","[-0.0509567]","[1]","[11]","[1]","[0]","[3287.27]","[0.0043795]","[0.40803]",245404,1.77717,2,"[49747.6,21263.3]","[-0.852468,-0.830203]","[2.94494,1.9116]","[69366.7,29246.5]","[0.990176,0.844639]","[0,0]","[0,0]","[-0.973331,-0.803832]",0,"[]","[]","[]","[]","[]","[]","[]","[]","[]","[]",1,"[310061]","[0.220423]","[-1.19873]","[317684]","[6183.24]","[0]","[3.13817]","[0.398085]",0,"[]","[]","[]","[]","[]","[]","[]","[]","[]","[]",0,"[2616.59]",1308.8,"[2573.72,1792.65]","[]","[16876.3]","[]"
97,284500,2229858,364173,1,618.688,5.35969e+06,1.26205,1.00588,1,1,1,0.999692,1.00306,1,1,0,0,1,"[1]","[1]","[339346]","[0.913503]","[-0.172883]","[491060]","[-0.0169601]","[1]","[11]","[1]","[0]","[-278.134]","[-0.0353724]","[3.10921]",299475,3.11706,1,"[59717.6]","[-0.458101]","[2.11679]","[66522.5]","[0.989911]","[0]","[0]","[-0.961447]",0,"[]","[]","[]","[]","[]","[]","[]","[]","[]","[]",1,"[351532]","[0.963002]","[-0.172054]","[527526]","[0.0123526]","[0]","[0]","[-1]",0,"[]","[]","[]","[]","[]","[]","[]","[]","[]","[]",0,"[3923.6]",2962.34,"[5752.36]","[]","[1931.41]","[]"
98,284500,3790505,364173,-1,618.688,5.35969e+06,0.75088,0.96679,1,1,1,0.998171,0.97908,1,1,0,0,1,"[1]","[1]","[42277.3]","[-0.836496]","[-1.54374]","[57951.4]","[101.765]","[-1]","[11]","[1]","[0]","[1757.29]","[0.0276234]","[1.23748]",60452.8,0.905068,3,"[263482,259643,20238.2]","[2.28172,0.0707438,0.359626]","[2.49739,-0.864234,0.539467]","[1.30394e+06,260935,22147.5]","[0.999284,0.998049,0.946764]","[0,0,0]","[0,0,0]","[-0.844332,-0.956452,-0.89642]",0,"[]","[]","[]","[]","[]","[]","[]","[]","[]","[]",1,"[273310]","[0.0616659]","[-0.859649]","[274357]","[17000.1]","[0]","[1.48879]","[0.155385]",0,"[]","[]","[]","[]","[]","[]","[]","[]","[]","[]",0,"[73.1463]",1046.9,"[6816.71,6743.28,2420.03]","[]","[15724.4]","[]"
99,284500,4959814,364173,-1.12789,618.688,5.35969e+06,1.32095,0.98697,1,1,1,0.999477,1.00582,1,1,0,0,1,"[1]","[1]","[267235]","[-0.485268]","[1.28719]","[299323]","[-0.0771236]","[1]","[11]","[1]","[0]","[1138.48]","[0.0316895]","[3.80957]",199134,-1.96145,1,"[66034.6]","[1.43275]","[-1.50279]","[146885]","[0.988394]","[0]","[0]","[-0.918658]",0,"[]","[]","[]","[]","[]","[]","[]","[]","[]","[]",1,"[276640]","[-0.496519]","[1.29095]","[311446]","[0.00436732]","[0]","[0]","[-1]",0,"[]","[]","[]","[]","[]","[]","[]","[]","[]","[]",0,"[1388.74]",3260.5,"[4316.52]","[]","[7305.28]","[]"
100,284500,4705527,364173,1,618.688,5.35969e+06,1.21412,0.98697,1,1,1,0.998059,1.00582,1,1,0,0,1,"[1]","[1]","[259471]","[-0.555856]","[-2.02028]","[300599]","[-0.0216784]","[-1]","[11]","[1]","[0]","[-832.85]","[0.00215297]","[0.250153]",213450,1.58651,1,"[26821.9]","[1.98217]","[1.84146]","[99344.8]","[0.969166]","[0]","[0]","[-0.710499]",0,"[]","[]","[]","[]","[]","[]","[]","[]","[]","[]",1,"[266676]","[-0.56371]","[-2.0161]","[310191]","[2557.75]","[0]","[0]","[-1]",0,"[]","[]","[]","[]","[]","[]","[]","[]","[]","[]",0,"[1410.07]",8437.73,"[4570.82]","[]","[1816.06]","[]"
101,284500,4801619,364173,1,618.688,5.35969e+06,1.32095,0.99093,1,1,1,0.997898,1.00306,1,1,0,0,1,"[1]","[1]","[122806]","[0.818252]","[-1.4129]","[166263]","[0.0176926]","[1]","[11]","[1]","[0]","[2490.97]","[0.00469097]","[0.548993]",46924.3,2.08299,2,"[167639,157988]","[1.08823,1.53133]","[1.98978,-1.1977]","[277766,383574]","[0,0]","[0,0]","[0,0]","[-0.817432,-0.773941]",0,"[]","[]","[]","[]","[]","[]","[]","[]","[]","[]",1,"[288933]","[1.27356]","[-1.30593]","[563611]","[88096.1]","[0]","[0.867579]","[0.606516]",0,"[]","[]","[]","[]","[]","[]","[]","[]","[]","[]",0,"[870.626]",12054.1,"[5608.5,9775.58]","[]","[2927.12]","[]"
102,284500,4862833,364173,-1,618.688,5.35969e+06,1.74563,0.97994,1,1,1,0.998568,1.00632,1,1,0,0,1,"[1]","[1]","[464874]","[0.488341]","[2.35821]","[521415]","[0.0447159]","[1]","[11]","[1]","[0]","[2129.64]","[0.0326275]","[7.4785]",411081,-0.988839,2,"[56923,49285.4]","[1.37082,1.69887]","[0.442697,-0.420524]","[119481,139403]","[0.974834,0.993519]","[0,0]","[0,0]","[-0.349685,-0.666688]",0,"[]","[]","[]","[]","[]","[]","[]","[]","[]","[]",1,"[506958]","[0.434831]","[2.35618]","[555645]","[0.00676582]","[0]","[0]","[-1]",0,"[]","[]","[]","[]","[]","[]","[]","[]","[]","[]",0,"[4253.65]",11026.8,"[7618.36,11843.3]","[]","[17894.1]","[]"
103,284500,4792831,364173,-1,618.688,5.35969e+06,0.696077,0.98697,1,1,1,0.996458,1.00582,1,1,0,0,1,"[1]","[1]","[246997]","[-0.381041]","[-1.25365]","[265146]","[-0.0222111]","[1]","[11]","[1]","[0]","[-486.335]","[0.0209285]","[3.64692]",146973,1.40375,3,"[108935,32832.3,20689]","[0.398724,2.17922,0.635656]","[2.29819,-2.49762,1.75266]","[117948,147193,25327.4]","[0.99644,0.969996,0.949003]","[0,0,0]","[0,0,0]","[-0.989303,-0.909984,-0.91088]",0,"[]","[]","[]","[]","[]","[]","[]","[]","[]","[]",1,"[258089]","[-0.391905]","[-1.25493]","[278164]","[-0.00276214]","[0]","[0]","[-1]",0,"[]","[]","[]","[]","[]","[]","[]","[]","[]","[]",0,"[2143.55]",3302.83,"[3685.21,2904.11,1337.48]","[]","[0]","[]"
104,284500,13999965,364173,-1,618.688,5.35969e+06,0.738662,1.00588,1,1,1,0.994563,1.00306,1,1,0,0,1,"[1]","[1]","[511149]","[0.884458]","[0.303502]","[724454]","[-0.00604439]","[1]","[11]","[1]","[0]","[-1841.87]","[0.0149187]","[2.15698]",607972,-2.82912,3,"[25232.8,25079,21187.9]","[1.41019,2.36366,-1.63147]","[0.932732,0.688589,-0.989026]","[55114,134550,56376.4]","[0.987165,0.999308,0.629017]","[0,0,0]","[0,0,0]","[-0.902854,-0.874542,-0.691308]",0,"[]","[]","[]","[]","[]","[]","[]","[]","[]","[]",1,"[517624]","[0.89617]","[0.304807]","[739770]","[0.0078125]","[0]","[0]","[-1]",0,"[]","[]","[]","[]","[]","[]","[]","[]","[]","[]",0,"[6730.05]",6921.88,"[1707.1,4084.94,1137.34]","[]","[2739.69]","[]"
105,284500,13997336,364173,1,618.688,5.35969e+06,1.26205,0.94707,1,1,1,0.995352,0,1,1,0,0,1,"[1]","[1]","[25471.2]","[-0.861271]","[-1.54033]","[35516.9]","[-86.4819]","[-1]","[11]","[1]","[0]","[-781.936]","[0.0200963]","[1.24378]",31264.4,0.372212,7,"[291123,181964,126833,65899.4,33976.9,33455.5,21627.1]","[0.500515,-0.122613,-0.789766,-0.105441,0.665532,0.935181,0.469162]","[-0.717211,2.11687,2.50206,-3.04112,3.01103,0.101136,-1.30426]","[329457,183893,169679,66878.2,42165,49807.9,24360.3]","[0.99918,0.99,1,0.995734,0.984827,1,1]","[0,0,0,0,0,0,0]","[0,0,0,0,0,0,0]","[-0.687987,-0.959558,-0.467994,-0.772793,-0.890041,-0.850948,-0.836418]",0,"[]","[]","[]","[]","[]","[]","[]","[]","[]","[]",2,"[331953,285651]","[-0.319712,0.515249]","[2.41211,-0.719779]","[401456,325543]","[198296,27078.1]","[0,0]","[1.32814,1.93337]","[0.418387,0.70099]",0,"[]","[]","[]","[]","[]","[]","[]","[]","[]","[]",0,"[253.981]",5065.52,"[4645.26,4069.98,3210.89,1829.28,2562.59,1975.62,2296.12]","[]","[3024,9892.22]","[]"
106,284500,4932990,364173,1,618.688,5.35969e+06,0.619412,0.96972,1,1,1,0.998524,0.99544,1,1,0,0,1,"[1]","[1]","[260920]","[1.23569]","[-1.59073]","[486797]","[-0.0243492]","[1]","[11]","[1]","[0]","[-705.757]","[0.0132612]","[1.78035]",281384,1.50744,2,"[49942.9,36974.8]","[-0.482595,1.46355]","[-1.37489,2.33273]","[56347.8,84541.4]","[0.987786,0.975631]","[0,0]","[0,0]","[-0.710484,-0.865614]",0,"[]","[]","[]","[]","[]","[]","[]","[]","[]","[]",1,"[287692]","[1.24393]","[-1.59793]","[540500]","[2112.61]","[0]","[0]","[-1]",0,"[]","[]","[]","[]","[]","[]","[]","[]","[]","[]",0,"[3349.24]",410.719,"[1962.2,2079.96]","[]","[4838.84]","[]"
107,284500,5334952,364173,1,618.688,5.35969e+06,1.26459,0.99242,1,1,1,0.999484,0.99765,1,1,0,0,1,"[1]","[1]","[245293]","[0.666969]","[3.09536]","[301904]","[-0.0241013]","[1]","[11]","[1]","[0]","[-682.472]","[-0.0170855]","[2.01018]",341972,-0.189621,1,"[74245.2]","[0.17221]","[2.92303]","[76081.4]","[0.9956]","[0]","[0]","[-0.777536]",0,"[]","[]","[]","[]","[]","[]","[]","[]","[]","[]",1,"[302273]","[0.647905]","[3.06706]","[372432]","[57490.7]","[0]","[0.730412]","[0.412239]",0,"[]","[]","[]","[]","[]","[]","[]","[]","[]","[]",0,"[1897.03]",3997.91,"[3008.4]","[]","[2866.78]","[]"
108,284500,6371037,364173,1,618.688,5.35969e+06,1.32095,1.00588,1,1,1,0.998903,1.00306,1,1,0,0,1,"[1]","[1]","[314651]","[1.0674]","[3.06106]","[511576]","[0.00157452]","[-1]","[11]","[1]","[1440.67]","[-592.789]","[0.000203581]","[0.0209003]",385273,-0.320217,2,"[75164.1,39918.6]","[1.74497,0.0825703]","[2.45608,1.41939]","[222007,40686.6]","[0.997147,0.990007]","[0,0]","[0,0]","[-0.753028,-0.930474]",0,"[]","[]","[]","[]","[]","[]","[]","[]","[]","[]",1,"[399116]","[1.23089]","[2.97558]","[754471]","[138663]","[0]","[0.486385]","[0.641407]",0,"[]","[]","[]","[]","[]","[]","[]","[]","[]","[]",0,"[4362.04]",3965.72,"[4697.02,2149.43]","[]","[32252.6]","[]"
109,284500,4809576,364173,1,618.688,5.35969e+06,1.1961,0.95254,1,1,1,0.997497,1.04326,1,1,0,0,1,"[1]","[1]","[41690.2]","[1.92437]","[-0.371012]","[145850]","[-0.108851]","[-1]","[11]","[1]","[0]","[1236.41]","[0.0411573]","[1.44106]",59257.5,2.04792,4,"[285407,189922,82414.7,67059.3]","[0.780657,1.11359,1.78497,1.21318]","[-1.25574,2.08381,2.71534,1.04195]","[377384,322695,252648,123249]","[0,0,1,0]","[0,0,0,0]","[0,0,0,0]","[-0.669876,-0.840982,-0.918983,-0.846311]",0,"[]","[]","[]","[]","[]","[]","[]","[]","[]","[]",2,"[292573,292798]","[0.772472,1.39909]","[-1.25468,2.27933]","[384713,641967]","[17986.7,127039]","[0,0]","[2.68783,1.10167]","[0.705531,0.67284]",0,"[]","[]","[]","[]","[]","[]","[]","[]","[]","[]",0,"[376.953]",7236.32,"[4138.14,5959,5620.81,4956.74]","[]","[29430.8,2541.81]","[]"
110,284500,4793692,364173,1,618.688,5.35969e+06,1.08735,0.97332,1,1,1,0.99864,0.98683,1,1,0,0,1,"[1]","[1]","[79379.7]","[-1.02003]","[2.737]","[124382]","[0.00897801]","[-1]","[11]","[1]","[0]","[40.2864]","[0.0261583]","[1.4076]",19535.6,-1.08724,3,"[298591,281949,81204.5]","[-1.52325,0.11676,-0.834415]","[-3.03005,0.115528,-0.18351]","[717661,285488,111740]","[0.55,0.222996,0.998386]","[0,0,0]","[0,0,0]","[-0.771876,-0.649117,-0.788172]",0,"[]","[]","[]","[]","[]","[]","[]","[]","[]","[]",2,"[368826,386269]","[-0.0884515,-1.44868]","[0.063233,-3.13984]","[400915,874622]","[153730,110332]","[0,0]","[1.24191,0.721105]","[0.636487,0.696409]",0,"[]","[]","[]","[]","[]","[]","[]","[]","[]","[]",0,"[619.466]",1581.51,"[4200.64,3965.47,2864.7]","[]","[10286.8,14743.4]","[]"
111,284500,6085698,364173,1,618.688,5.35969e+06,1.26459,0.97663,1,1,1,0.995952,1.00121,1,1,0,0,1,"[0]","[1]","[136772]","[-1.93614]","[-0.83071]","[483915]","[-0.0149689]","[-1]","[11]","[1]","[0]","[1280.2]","[0.0126287]","[0.905786]",184668,-1.30525,4,"[428538,100609,39314.9,28984.8]","[-1.00207,0.796378,-0.065749,1.58443]","[2.23272,0.056923,-0.605965,2.85311]","[664775,134384,40230.1,73850.8]","[0.996652,0.995993,0.993204,0.888496]","[0,0,0,0]","[0,0,0,0]","[-0.906196,-0.9455,-0.891725,-0.560123]",0,"[]","[]","[]","[]","[]","[]","[]","[]","[]","[]",1,"[460147]","[-0.972758]","[2.23243]","[698120]","[59564.2]","[0]","[1.50295]","[0.60123]",0,"[]","[]","[]","[]","[]","[]","[]","[]","[]","[]",0,"[2718.34]",7589.28,"[5998.91,2722.24,1985.4,1838.33]","[]","[31520.2]","[]"
112,284500,10651623,364173,-1,618.688,5.35969e+06,0.619412,0.95138,1,1,1,0.992178,0.98331,1,1,0,0,1,"[1]","[1]","[38864]","[0.0833041]","[-1.33706]","[38998.9]","[0.0187654]","[1]","[11]","[1]","[0]","[-1625.15]","[-0.00821584]","[0.656133]",132369,0.688775,6,"[448252,262351,128546,30523.3,24165.1,23317.7]","[-0.355877,-1.18538,0.554434,-1.62889,-1.29788,-1.41653]","[-2.88261,-0.0191033,0.842812,1.54558,1.15088,-1.97291]","[477604,470537,149326,81090.3,48002.2,51112.1]","[0,0,0.133212,0.993252,0.895603,0.923704]","[0,0,0,0,0,0]","[0,0,0,0,0,0]","[-0.812804,-0.796853,-0.985031,-0.899358,-0.876455,-0.785807]",0,"[]","[]","[]","[]","[]","[]","[]","[]","[]","[]",2,"[444229,279925]","[-0.354853,-1.1879]","[-2.88098,-0.0206565]","[472760,503062]","[15896.6,35971.1]","[0,0]","[3.4317,1.56979]","[0.613173,0.829343]",0,"[]","[]","[]","[]","[]","[]","[]","[]","[]","[]",0,"[22.6881]",14485,"[7392.54,8329.38,2168.33,2891.45,3697.73,1664.34]","[]","[22495,3140.75]","[]"
113,284500,8105317,364173,1,618.688,5.35969e+06,1.55465,0.97749,1,1,1,0.996543,1.00021,1,1,0,0,1,"[1]","[1]","[77286.6]","[0.762739]","[0.54506]","[100879]","[0.0146246]","[1]","[11]","[1]","[0]","[1728.95]","[-0.014134]","[1.99587]",137567,-0.102815,4,"[274022,63674.1,32916.9,20684.9]","[-0.170959,-1.98493,1.82299,0.217693]","[-2.98754,-0.233625,0.963454,2.7915]","[278425,236294,104665,21287.6]","[1,1,0.957493,0.998698]","[0,0,0,0]","[0,0,0,0]","[-0.586719,-0.618106,-0.67027,-0.845623]",0,"[]","[]","[]","[]","[]","[]","[]","[]","[]","[]",1,"[271025]","[-0.176962]","[-2.98621]","[275630]","[13877.7]","[0]","[2.00341]","[0.309609]",0,"[]","[]","[]","[]","[]","[]","[]","[]","[]","[]",0,"[445.256]",1022,"[7169.72,2431.53,8118.37,1353.79]","[]","[4412.31]","[]"
114,284500,9407444,364173,1,618.688,5.35969e+06,1.32095,1,1,1,1,0.999247,1,1,1,0,0,1,"[1]","[1]","[233278]","[-1.34354]","[-0.103641]","[477462]","[0.0195389]","[1]","[11]","[0]","[0]","[-627.462]","[0.0447572]","[4.72535]",185314,-2.91909,1,"[71362.2]","[-2.165]","[2.29169]","[315130]","[0.99992]","[0]","[0]","[-0.104434]",0,"[]","[]","[]","[]","[]","[]","[]","[]","[]","[]",1,"[270403]","[-1.35093]","[-0.105957]","[557042]","[3236.65]","[0]","[18.9059]","[0.20636]",0,"[]","[]","[]","[]","[]","[]","[]","[]","[]","[]",0,"[2858.79]",1482.27,"[3829.63]","[]","[9252.34]","[]"
115,284500,4584021,364173,23.6613,618.688,5.35969e+06,1.55465,0.96972,1,1,1,0.999012,0.99544,1,1,0,0,1,"[1]","[1]","[259324]","[1.27685]","[2.84219]","[501047]","[-0.0184937]","[1]","[11]","[1]","[1655.45]","[1969.22]","[-0.0239744]","[2.44201]",179894,-0.426481,1,"[20368.8]","[0.109325]","[0.752267]","[20886.2]","[0.89]","[0]","[0]","[-0.916066]",0,"[]","[]","[]","[]","[]","[]","[]","[]","[]","[]",1,"[300364]","[1.31381]","[2.83813]","[599137]","[7304.28]","[0]","[14.7744]","[0.250021]",0,"[]","[]","[]","[]","[]","[]","[]","[]","[]","[]",0,"[3529.24]",12167.1,"[1148.76]","[]","[16126.6]","[]"
116,284500,4417762,364173,1,618.688,5.35969e+06,0.738662,0.96972,1,1,1,0.999305,0.99544,1,1,0,0,1,"[1]","[1]","[227682]","[1.31051]","[2.45819]","[452833]","[0.0204906]","[1]","[11]","[1]","[0]","[811.96]","[0.0303988]","[3.10733]",310584,-0.750256,1,"[57971.6]","[1.75856]","[2.2031]","[173373]","[0.991052]","[0]","[0]","[0.000388063]",0,"[]","[]","[]","[]","[]","[]","[]","[]","[]","[]",1,"[322060]","[1.42336]","[2.4167]","[710200]","[64817.9]","[0]","[0.89663]","[0.68751]",0,"[]","[]","[]","[]","[]","[]","[]","[]","[]","[]",0,"[2726.46]",6547.22,"[7025.15]","[]","[13930.8]","[]"
117,284500,9774281,364173,1,618.688,5.35969e+06,0,0.98697,1,1,1,0.998013,1.00582,1,1,0,0,1,"[1]","[1]","[248519]","[-0.458899]","[-0.221357]","[275149]","[0.00749826]","[-1]","[11]","[1]","[0]","[-1408.58]","[0.0239367]","[3.71135]",143986,2.73664,1,"[20280.3]","[1.85819]","[0.510385]","[66760.4]","[0.906523]","[0]","[0]","[-0.406379]",0,"[]","[]","[]","[]","[]","[]","[]","[]","[]","[]",1,"[258174]","[-0.461648]","[-0.22426]","[286184]","[1918.33]","[0]","[0]","[-1]",0,"[]","[]","[]","[]","[]","[]","[]","[]","[]","[]",0,"[2109.45]",789.984,"[1418.17]","[]","[1742.55]","[]"
118,284500,8413490,364173,1,618.688,5.35969e+06,0.696077,0.96972,1,1,1,1,0.99544,1,1,0,0,1,"[1]","[1]","[301890]","[1.1582]","[3.04033]","[528045]","[-0.126667]","[1]","[11]","[1]","[0]","[-77.4564]","[0.0167645]","[1.81442]",287657,-0.115967,0,"[]","[]","[]","[]","[]","[]","[]","[]",0,"[]","[]","[]","[]","[]","[]","[]","[]","[]","[]",1,"[321966]","[1.18742]","[3.03858]","[576909]","[3177.41]","[0]","[0]","[-1]",0,"[]","[]","[]","[]","[]","[]","[]","[]","[]","[]",0,"[3594.55]",577.562,"[]","[]","[8572.09]","[]"
119,284500,9411215,364173,1.5066,618.688,5.35969e+06,0.75088,0.98697,1,1,1,0.998337,1.00582,1,1,0,0,1,"[1]","[1]","[263901]","[-0.489599]","[-0.177116]","[296167]","[0.018363]","[1]","[11]","[1]","[0]","[-1247.5]","[-0.000197459]","[0.0328251]",209498,3.1246,2,"[24089.9,23162.8]","[-0.566549,0.236525]","[0.71082,-1.62353]","[28277.6,24117]","[0.996996,1]","[0,0]","[0,0]","[-0.684492,-0.923995]",0,"[]","[]","[]","[]","[]","[]","[]","[]","[]","[]",1,"[284586]","[-0.50603]","[-0.121507]","[326349]","[54265.2]","[0]","[1.55883]","[0.557326]",0,"[]","[]","[]","[]","[]","[]","[]","[]","[]","[]",0,"[1701.15]",6948.2,"[1777.97,2417.03]","[]","[21071.4]","[]"
120,284500,5561752,364173,-1,618.688,5.35969e+06,1.26205,0.98089,1,1,1,0.998577,0.99866,1,1,0,0,1,"[1]","[1]","[253689]","[-1.06537]","[-0.896211]","[411804]","[-0.00752258]","[1]","[11]","[1]","[0]","[2330.72]","[-0.0334873]","[3.27091]",194273,2.21308,2,"[49807.1,31557.4]","[1.74869,-0.295439]","[2.68048,1.44041]","[147557,33319.3]","[1,0.991446]","[0,0]","[0,0]","[-0.736001,-0.934916]",0,"[]","[]","[]","[]","[]","[]","[]","[]","[]","[]",1,"[287418]","[-1.05988]","[-0.904082]","[464578]","[5700.44]","[0]","[6.53989]","[-1]",0,"[]","[]","[]","[]","[]","[]","[]","[]","[]","[]",0,"[2723.37]",5009.73,"[4374.56,2942.55]","[]","[4981.16]","[]"
121,284500,2166446,364173,1.50922,618.688,5.35969e+06,1.1961,0.98089,1,1,1,0.996669,0.99866,1,1,0,0,1,"[1]","[1]","[395389]","[-1.02684]","[1.71484]","[622812]","[0.0373008]","[1]","[11]","[1]","[0]","[830.949]","[-0.0171627]","[2.10821]",361407,-1.57194,3,"[69139,21543.3,20814.8]","[1.3334,-0.201735,1.75816]","[-0.628804,1.98934,-0.22433]","[140803,22415.8,62284.8]","[0.979204,0.844912,0.991092]","[0,0,0]","[0,0,0]","[-0.588284,-0.499603,-0.765106]",0,"[]","[]","[]","[]","[]","[]","[]","[]","[]","[]",1,"[436126]","[-1.0311]","[1.71531]","[689252]","[2367.92]","[0]","[53.3698]","[0.409731]",0,"[]","[]","[]","[]","[]","[]","[]","[]","[]","[]",0,"[5290.67]",502.406,"[3577.58,2239.59,1122.21]","[]","[18163.1]","[]"
122,284500,12388783,364173,1,618.688,5.35969e+06,1.1961,0.97062,1,1,1,0.995586,0.98871,1,1,0,0,1,"[1]","[1]","[75790.7]","[-0.666205]","[2.59574]","[93241.1]","[0.146711]","[1]","[11]","[1]","[0]","[1488.71]","[0.0210307]","[2.54019]",56065.9,-1.96707,5,"[146692,125113,107389,93108.7,20711.1]","[-1.08065,-1.40739,-0.0805994,-0.743845,-0.375366]","[0.818944,0.296776,1.98744,-0.00466087,-1.01213]","[241434,271145,109150,120492,22648.2]","[0,0,0,0.994454,0.858171]","[0,0,0,0,0]","[0,0,0,0,0]","[-0.797289,-0.864033,-0.720754,-0.901542,-0.10936]",0,"[]","[]","[]","[]","[]","[]","[]","[]","[]","[]",1,"[341647]","[-1.19881]","[0.316729]","[639929]","[166113]","[0]","[1.26846]","[0.379189]",0,"[]","[]","[]","[]","[]","[]","[]","[]","[]","[]",0,"[188.602]",22870.6,"[3039.13,3251.37,5785.58,4656.44,1145.87]","[]","[6095.66]","[]"
123,284500,2400859,364173,-1,618.688,5.35969e+06,0.696077,0.96455,1,1,1,0.999655,0.99626,1,1,0,0,1,"[1]","[1]","[302814]","[1.36144]","[2.56519]","[629565]","[0.0138893]","[1]","[11]","[1]","[0]","[-884.027]","[-0.0136063]","[1.39779]",303433,-0.387071,1,"[63907.3]","[-0.928578]","[-2.1233]","[93753.8]","[0.994753]","[0]","[0]","[-0.95646]",0,"[]","[]","[]","[]","[]","[]","[]","[]","[]","[]",1,"[343626]","[1.39433]","[2.56933]","[735407]","[2534.42]","[0]","[0]","[-1]",0,"[]","[]","[]","[]","[]","[]","[]","[]","[]","[]",0,"[20149.8]",21010.4,"[3108.69]","[]","[19933.8]","[]"
124,284500,13655041,364173,1,618.688,5.35969e+06,1.22586,0.98089,1,1,1,0.998512,0.99866,1,1,0,0,1,"[1]","[1]","[293992]","[-0.810561]","[1.04799]","[395974]","[-0.0132723]","[-1]","[11]","[1]","[0]","[-301.197]","[-0.00830443]","[0.915104]",276843,-1.98631,2,"[24939.3,21491.9]","[-0.805037,1.16014]","[-2.94709,-3.01321]","[33958,37765.8]","[0.99149,0.990014]","[0,0]","[0,0]","[-0.472272,-0.620527]",0,"[]","[]","[]","[]","[]","[]","[]","[]","[]","[]",1,"[309779]","[-0.813608]","[1.04805]","[418091]","[-0.00390625]","[0]","[0]","[-1]",0,"[]","[]","[]","[]","[]","[]","[]","[]","[]","[]",0,"[4996.18]",10411.9,"[4207.22,5268.12]","[]","[25642.7]","[]"
125,284500,4493179,364173,1,618.688,5.35969e+06,0.00292683,0.97921,1,1,1,1.10558,1.00192,1,1,0,0,1,"[1]","[1]","[65353.8]","[-0.330194]","[2.832]","[68949]","[67.692]","[-1]","[11]","[1]","[0]","[-2027.12]","[0.00200692]","[0.138635]",88469.3,-0.21471,5,"[376081,225260,68293.9,38547.4,25485.3]","[1.1054,-0.702701,-1.38813,0.456226,-0.535071]","[-2.86435,0.560372,-0.0138706,-0.240914,-0.213191]","[630866,284550,146041,43014.7,29959.3]","[0.990694,0.999867,1,0.996124,0.974227]","[0,0,0,0,0]","[0,0,0,0,0]","[0.975462,-0.925804,-0.926814,-0.504436,-0.0104504]",0,"[]","[]","[]","[]","[]","[]","[]","[]","[]","[]",2,"[414113,275958]","[1.11088,-0.860168]","[-2.80163,0.450077]","[703868,399485]","[97992.7,108393]","[0,0]","[1.87119,1.41418]","[0.763609,0.852824]",0,"[]","[]","[]","[]","[]","[]","[]","[]","[]","[]",0,"[156.314]",16014,"[5642.52,10925.9,6899.66,2975.04,1985.79]","[]","[17060.8,9519.78]","[]"
126,284500,4840024,364173,1,618.688,5.35969e+06,1.32095,0.9652,1,1,1,1.51079,0.98592,1,1,0,0,1,"[0]","[1]","[68807.2]","[-1.29752]","[-1.81661]","[135324]","[-0.016861]","[-1]","[11]","[1]","[0]","[80.8266]","[0.0193511]","[1.83102]",43213.1,2.22955,4,"[514908,348051,135872,48088.2]","[-1.67677,-1.51093,1.00357,1.80456]","[0.825415,-2.28443,-1.92287,1.82125]","[1.42554e+06,828420,210408,150225]","[1,0.99585,0.972862,0.940852]","[0,0,0,0]","[0,0,0,0]","[-0.844783,0.145388,0.975896,-0.891326]",0,"[]","[]","[]","[]","[]","[]","[]","[]","[]","[]",2,"[539894,430545]","[-1.65684,-1.46761]","[0.825568,-2.19678]","[1.46696e+06,989395]","[25200.1,106460]","[0,0]","[3.18696,1.54284]","[0.791396,0.528276]",0,"[]","[]","[]","[]","[]","[]","[]","[]","[]","[]",0,"[688.944]",4602.87,"[10524.5,21839.8,9161.75,4238.83]","[]","[6667.06,5797.88]","[]"
127,284500,12182523,364173,1.98597,618.688,5.35969e+06,1.21412,0.95734,1,1,1,0.996278,0.96953,1,1,0,0,1,"[1]","[1]","[33818.6]","[1.12318]","[1.10221]","[57489.1]","[0.104218]","[-1]","[11]","[1]","[0]","[-532.948]","[0.0312824]","[2.70375]",29128.3,-2.13613,4,"[388300,377010,49377.7,24679.8]","[-0.837404,-2.07099,-1.83329,-1.27995]","[-0.703901,2.37572,3.01853,3.07539]","[533994,1.51924e+06,158654,48095.6]","[0.998076,1,0.995673,0.999432]","[0,0,0,0]","[0,0,0,0]","[-0.857461,-0.755027,-0.453464,-0.225072]",0,"[]","[]","[]","[]","[]","[]","[]","[]","[]","[]",1,"[415089]","[-0.846712]","[-0.704251]","[574321]","[39115.2]","[0]","[1.71942]","[0.723266]",0,"[]","[]","[]","[]","[]","[]","[]","[]","[]","[]",0,"[39.8495]",10610.5,"[4681.19,5812.87,2569.11,8564.88]","[]","[19719.1]","[]"
128,284500,3459675,364173,1,618.688,5.35969e+06,0.696077,0.99242,1,1,1,0.999285,0.99765,1,1,0,0,1,"[1]","[1]","[284657]","[0.749844]","[-2.82141]","[368504]","[-0.0326214]","[1]","[11]","[1]","[0]","[6489.2]","[-0.00608785]","[0.729066]",217479,0.0366415,1,"[22295.5]","[-1.14253]","[1.16027]","[38813.3]","[0.863761]","[0]","[0]","[-0.762362]",0,"[]","[]","[]","[]","[]","[]","[]","[]","[]","[]",1,"[307219]","[0.744301]","[-2.81689]","[396318]","[-0.00390625]","[0]","[0]","[-1]",0,"[]","[]","[]","[]","[]","[]","[]","[]","[]","[]",0,"[2593.26]",756.672,"[1638.3]","[]","[24264.9]","[]"
129,284500,4245537,364173,-1,618.688,5.35969e+06,1.24168,1.00588,1,1,1,0.997612,1.00306,1,1,0,0,1,"[1]","[1]","[412612]","[1.1291]","[-0.729929]","[704778]","[0.0639801]","[1]","[11]","[1]","[0]","[5203.97]","[-0.0109434]","[1.19618]",334504,2.57824,3,"[105633,24295.8,21174.2]","[2.01498,-0.635109,-0.641621]","[1.39724,-3.11138,-2.54651]","[403260,29919.8,26021.1]","[0.982864,0.968435,0.793665]","[0,0,0]","[0,0,0]","[-0.915648,-0.860786,-0.83418]",0,"[]","[]","[]","[]","[]","[]","[]","[]","[]","[]",1,"[447087]","[1.09467]","[-0.738268]","[742809]","[3640.16]","[0]","[0]","[-1]",0,"[]","[]","[]","[]","[]","[]","[]","[]","[]","[]",0,"[6019.95]",402.469,"[3861.08,1802.98,1650.59]","[]","[16053.4]","[]"
130,284500,7715417,364173,1,618.688,5.35969e+06,1.21412,0.95175,1,1,1,0.992068,0.9244,1,1,0,0,1,"[1]","[1]","[49092.5]","[1.2526]","[-2.25092]","[92912]","[-26.5172]","[-1]","[11]","[1]","[0]","[810.197]","[-0.0171183]","[1.48477]",86373.6,-1.77658,9,"[238523,134565,75368.1,72360.1,47159.7,34967.7,30572.6,24481.8,22336.1]","[-0.822794,-0.153293,-0.745987,-1.70711,-0.849996,-2.38204,-0.757729,-1.93973,-0.779061]","[1.51065,1.11062,-2.54411,-1.6949,-0.273559,-0.630608,-1.97543,-1.08143,2.47565]","[324512,136465,97948.3,206633,65833.7,191104,40159.8,87077.3,29862.2]","[0.987163,0,0.998924,1,0.99,0.992112,0.992638,0.947791,0.936288]","[0,0,0,0,0,0,0,0,0]","[0,0,0,0,0,0,0,0,0]","[-0.817875,-0.976304,-0.916771,-0.844891,-0.845115,-0.642103,-0.967625,-0.82299,-0.875298]",0,"[]","[]","[]","[]","[]","[]","[]","[]","[]","[]",1,"[332868]","[-0.643212]","[1.37704]","[423570]","[126842]","[0]","[0.439693]","[0.632488]",0,"[]","[]","[]","[]","[]","[]","[]","[]","[]","[]",0,"[108.385]",13470.6,"[6213.76,3846.01,4528.29,4667.85,2205.83,3227.53,3892.23,2620.24,2073.96]","[]","[5608.34]","[]"
131,284500,10622603,364173,1,618.688,5.35969e+06,0,0.96819,1,1,1,0.992618,0.95922,1,1,0,0,1,"[0]","[1]","[48807.3]","[-0.987694]","[2.46834]","[74613.4]","[0.0217934]","[1]","[11]","[1]","[0]","[383.647]","[-0.0313555]","[3.20812]",148895,1.63037,3,"[1.08935e+06,248913,73796.7]","[-1.39407,-1.74433,-0.565647]","[-0.903809,2.26489,-2.97762]","[2.33337e+06,734306,86343.7]","[1,0.991691,0.996659]","[0,0,0]","[0,0,0]","[0.106715,-0.814232,-0.972886]",0,"[]","[]","[]","[]","[]","[]","[]","[]","[]","[]",2,"[1.07877e+06,272643]","[-1.40217,-1.63787]","[-0.897056,2.3128]","[2.32662e+06,734431]","[91983.7,98735.9]","[0,0]","[1.9763,0.535812]","[0.474078,0.637458]",0,"[]","[]","[]","[]","[]","[]","[]","[]","[]","[]",0,"[204.497]",21372,"[37971,9428.62,3748.66]","[]","[32929,13013.4]","[]"
132,284500,4010583,364173,1,618.688,5.35969e+06,0.351687,0.97996,1,1,1,0.998453,1.01265,1,1,0,0,1,"[1]","[1]","[248205]","[1.63819]","[-1.70981]","[662727]","[-0.0502529]","[1]","[11]","[1]","[0]","[353.747]","[-0.00731322]","[0.833766]",234769,1.34762,3,"[81673.2,64154.5,29427.6]","[0.620178,-0.0870199,-0.837726]","[-0.899931,2.00004,1.80069]","[98758.1,65986.5,40566.4]","[0,0.969662,0.991803]","[0,0,0]","[0,0,0]","[-0.834527,-0.932846,-0.691688]",0,"[]","[]","[]","[]","[]","[]","[]","[]","[]","[]",1,"[272288]","[1.63582]","[-1.7136]","[725439]","[2831.18]","[0]","[21.2614]","[-1]",0,"[]","[]","[]","[]","[]","[]","[]","[]","[]","[]",0,"[4276.01]",6987.55,"[4674.25,5043.73,1964.28]","[]","[0]","[]"
133,284500,7075003,364173,1,618.688,5.35969e+06,1.1961,0.97994,1,1,1,0.999146,1.00632,1,1,0,0,1,"[1]","[1]","[254386]","[0.064629]","[-1.52983]","[254918]","[0.0370331]","[1]","[11]","[1]","[0]","[5006.82]","[-0.00915125]","[0.871372]",217976,1.93629,2,"[53280,32842]","[-0.635129,-0.0578506]","[0.316989,1.23441]","[64829.1,33582.9]","[0.997356,0.974366]","[0,0]","[0,0]","[-0.925083,-0.905064]",0,"[]","[]","[]","[]","[]","[]","[]","[]","[]","[]",1,"[277168]","[0.110823]","[-1.53086]","[278895]","[3552.96]","[0]","[11.8388]","[0.245235]",0,"[]","[]","[]","[]","[]","[]","[]","[]","[]","[]",0,"[1693.94]",1429.72,"[5768.8,2434.12]","[]","[2481.75]","[]"
134,284500,9488660,364173,-1,618.688,5.35969e+06,0,0.99242,1,1,1,0.999646,0.99765,1,1,0,0,1,"[1]","[1]","[263340]","[0.685938]","[1.51724]","[327760]","[0.0338478]","[1]","[11]","[1]","[0]","[1266.6]","[0.0103281]","[1.67338]",178669,-1.7874,1,"[66044.9]","[0.837072]","[-1.69849]","[91314.7]","[0.992563]","[0]","[0]","[-0.863131]",0,"[]","[]","[]","[]","[]","[]","[]","[]","[]","[]",1,"[273891]","[0.713574]","[1.51647]","[346642]","[2765.46]","[0]","[0]","[-1]",0,"[]","[]","[]","[]","[]","[]","[]","[]","[]","[]",0,"[1709.82]",4288.31,"[2093.89]","[]","[6198.47]","[]"
135,284500,7034331,364173,-1,618.688,5.35969e+06,1.24168,0.96972,1,1,1,0.999461,0.99544,1,1,0,0,1,"[1]","[1]","[268783]","[1.29883]","[3.03058]","[529216]","[0.000396729]","[-1]","[11]","[1]","[0]","[-1133.77]","[0.0263268]","[2.3455]",230083,0.218497,1,"[94202.5]","[-1.48648]","[-1.05456]","[219291]","[0.998975]","[0]","[0]","[-0.932683]",0,"[]","[]","[]","[]","[]","[]","[]","[]","[]","[]",1,"[316209]","[1.2849]","[3.0277]","[615194]","[3810.72]","[0]","[24.7521]","[0.60923]",0,"[]","[]","[]","[]","[]","[]","[]","[]","[]","[]",0,"[3450.58]",1726.72,"[6547.9]","[]","[11595.1]","[]"
136,284500,9499838,364173,1,618.688,5.35969e+06,1.32095,0.98413,1,1,1,0.996763,0.99866,1,1,0,0,1,"[1]","[1]","[118173]","[-0.951259]","[2.19248]","[175795]","[-0.0148067]","[-1]","[11]","[1]","[0]","[-873.269]","[-0.00686429]","[0.642991]",43721,-0.42695,3,"[142347,126861,92084.4]","[0.559148,-0.165928,-0.105935]","[-1.10008,-1.34095,1.6474]","[165744,129313,93360]","[0.999941,0,0]","[0,0,0]","[0,0,0]","[-0.604969,-0.724569,-0.727526]",0,"[]","[]","[]","[]","[]","[]","[]","[]","[]","[]",1,"[259368]","[0.235201]","[-1.21601]","[280073]","[85898.3]","[0]","[0.490528]","[0.602994]",0,"[]","[]","[]","[]","[]","[]","[]","[]","[]","[]",0,"[742.791]",23033.6,"[9927.67,2640.4,3683.22]","[]","[15467.3]","[]"
137,284500,7477982,364173,1,618.688,5.35969e+06,1.21412,0.97695,1,1,1,0.999365,0.98743,1,1,0,0,1,"[1]","[1]","[253396]","[-0.0934108]","[1.7079]","[254503]","[0.00960159]","[-1]","[11]","[1]","[0]","[103.032]","[0.00250156]","[0.464851]",232769,-1.03297,1,"[102306]","[1.6605]","[-2.62907]","[279122]","[0.99561]","[0]","[0]","[-0.913189]",0,"[]","[]","[]","[]","[]","[]","[]","[]","[]","[]",1,"[261937]","[-0.079387]","[1.7113]","[262763]","[0.00553505]","[0]","[0]","[-1]",0,"[]","[]","[]","[]","[]","[]","[]","[]","[]","[]",0,"[1757.56]",8773.31,"[4886.89]","[]","[0]","[]"
138,284500,11460910,364173,1,618.688,5.35969e+06,1.26205,0.98697,1,1,1,0.997252,1.00582,1,1,0,0,1,"[1]","[1]","[288800]","[-0.202902]","[0.803386]","[294765]","[0.0260086]","[-1]","[11]","[1]","[2308.58]","[-72.8243]","[0.0147618]","[1.76923]",313029,-2.14172,3,"[39425.7,26898.1,22316.5]","[-1.78986,0.908167,-0.361607]","[1.48579,3.06349,2.05321]","[121550,39190.5,24087.3]","[0.999216,0.99033,0.987731]","[0,0,0]","[0,0,0]","[0.25242,-0.957736,-0.681118]",0,"[]","[]","[]","[]","[]","[]","[]","[]","[]","[]",1,"[299169]","[-0.18346]","[0.806565]","[304244]","[4035.5]","[0]","[35.7619]","[0.431748]",0,"[]","[]","[]","[]","[]","[]","[]","[]","[]","[]",0,"[1768.01]",4623.19,"[4698.37,5666.06,3603.94]","[]","[27522.7]","[]"
139,284500,5267487,364173,-1,618.688,5.35969e+06,0.619412,0.97994,1,1,1,0.996735,1.00632,1,1,0,0,1,"[1]","[1]","[156564]","[0.61399]","[2.40764]","[187014]","[0.161747]","[-1]","[11]","[1]","[2169.65]","[3448.13]","[0.00594032]","[0.899209]",205096,-0.164942,4,"[102019,29485.5,24388.9,20196.1]","[1.06953,0.311064,0.786409,-0.13788]","[-3.04183,-2.67042,-2.02561,-0.282114]","[166485,31531.2,32727.9,20679]","[0.999986,0.885332,0.933655,0.93931]","[0,0,0,0]","[0,0,0,0]","[-0.954926,-0.889804,-0.813676,-0.0388468]",0,"[]","[]","[]","[]","[]","[]","[]","[]","[]","[]",1,"[258113]","[0.831549]","[2.70274]","[377612]","[135108]","[0]","[0.265057]","[0.469079]",0,"[]","[]","[]","[]","[]","[]","[]","[]","[]","[]",0,"[1128.74]",2318.83,"[2713.77,2626.78,3972.32,1174.06]","[]","[19080.2]","[]"
140,284500,4109547,364173,1,618.688,5.35969e+06,0.619412,0.98697,1,1,1,0.998728,1.00582,1,1,0,0,1,"[1]","[1]","[275554]","[-0.508039]","[-2.27201]","[311886]","[-0.035881]","[1]","[11]","[1]","[0]","[-1258.11]","[0.0201267]","[3.01749]",293910,1.06795,1,"[46884.1]","[2.29181]","[-1.0934]","[234403]","[0.997719]","[0]","[0]","[-0.856405]",0,"[]","[]","[]","[]","[]","[]","[]","[]","[]","[]",1,"[280741]","[-0.539854]","[-2.27575]","[322654]","[-0.00390625]","[0]","[0]","[-1]",0,"[]","[]","[]","[]","[]","[]","[]","[]","[]","[]",0,"[2126.14]",2190.78,"[4622.59]","[]","[4928.81]","[]"
141,284500,7859629,364173,1.98779,618.688,5.35969e+06,0.75088,0.99242,1,1,1,0.998863,0.99765,1,1,0,0,1,"[1]","[1]","[346926]","[0.724391]","[0.963692]","[441999]","[-0.0110092]","[1]","[11]","[1]","[0]","[-2768.2]","[0.00751682]","[1.38328]",323146,-2.37396,2,"[38284.3,24473.7]","[-0.617673,0.969071]","[-1.24418,-0.73451]","[46176.8,37090.3]","[0.980142,0.960561]","[0,0]","[0,0]","[-0.889802,-0.811729]",0,"[]","[]","[]","[]","[]","[]","[]","[]","[]","[]",1,"[361159]","[0.716144]","[0.955872]","[457798]","[-0.00552427]","[0]","[0]","[-1]",0,"[]","[]","[]","[]","[]","[]","[]","[]","[]","[]",0,"[2413.84]",569.688,"[2317.67,2183.1]","[]","[32692.4]","[]"
142,284500,2726266,364173,1,618.688,5.35969e+06,0,0.97994,1,1,1,0.997066,1.00632,1,1,0,0,1,"[1]","[1]","[262631]","[0.240184]","[-0.892152]","[270243]","[0.0456486]","[-1]","[11]","[1]","[0]","[1363.53]","[-0.0162274]","[2.34029]",187948,2.30347,2,"[35235.3,28846.3]","[-1.35493,-2.0136]","[2.18562,2.01633]","[73440.9,110202]","[0.735095,0.996148]","[0,0]","[0,0]","[-0.850559,-0.710018]",0,"[]","[]","[]","[]","[]","[]","[]","[]","[]","[]",1,"[275706]","[0.229797]","[-0.893583]","[283028]","[2417.1]","[0]","[59.8045]","[0.208909]",0,"[]","[]","[]","[]","[]","[]","[]","[]","[]","[]",0,"[2015.39]",32671.5,"[9054.4,1862.81]","[]","[1736.94]","[]"
143,284500,8259555,364173,1,618.688,5.35969e+06,0.00133961,0.97749,1,1,1,0.99466,1.00021,1,1,0,0,1,"[1]","[1]","[74241]","[0.698525]","[1.68215]","[93102]","[-0.212273]","[1]","[11]","[1]","[0]","[2477.64]","[-0.00175195]","[0.182398]",33051.7,-0.826898,2,"[565341,553989]","[-0.0989536,0.997749]","[-0.536457,2.68793]","[568392,853419]","[1,0.998735]","[0,0]","[0,0]","[-0.931404,-0.837915]",0,"[]","[]","[]","[]","[]","[]","[]","[]","[]","[]",2,"[579275,587492]","[-0.129903,0.979151]","[-0.537141,2.68786]","[584318,892386]","[13171.1,8228.69]","[0,0]","[7.41591,4.14639]","[-1,-1]",0,"[]","[]","[]","[]","[]","[]","[]","[]","[]","[]",0,"[188.18]",5342.5,"[16406.7,12091.8]","[]","[55918.1,13726.6]","[]"
144,284500,3013574,364173,-1,618.688,5.35969e+06,0.696077,0.97994,1,1,1,0.997387,1.00632,1,1,0,0,1,"[1]","[1]","[391238]","[0.504539]","[-3.10078]","[442100]","[0.0050354]","[1]","[11]","[1]","[1531.97]","[-726.467]","[-0.0171889]","[3.10354]",312054,-0.127413,3,"[64865.1,44998.3,28208.2]","[0.373278,-0.158462,-1.44042]","[0.642905,-0.150132,1.90811]","[69916.3,45891.1,63086.6]","[0.999905,0.997819,0.998291]","[0,0,0]","[0,0,0]","[-0.910761,-0.894194,-0.739286]",0,"[]","[]","[]","[]","[]","[]","[]","[]","[]","[]",1,"[389340]","[0.57208]","[-3.09877]","[454808]","[-0.00730792]","[0]","[0]","[-1]",0,"[]","[]","[]","[]","[]","[]","[]","[]","[]","[]",0,"[2456.98]",3236.75,"[2056.96,2045.88,5117.4]","[]","[329.25]","[]"
145,284500,9494382,364173,1,618.688,5.35969e+06,0.619412,0.97996,1,1,1,0.998562,1.01265,1,1,0,0,1,"[1]","[1]","[218849]","[1.52305]","[-2.22208]","[525703]","[0.0750656]","[1]","[11]","[1]","[0]","[-2605.64]","[-0.00447561]","[0.67214]",199319,1.26196,3,"[57424.8,44783.7,24865.5]","[0.152241,-0.867556,-0.697208]","[0.865247,-1.23783,-0.661101]","[58614.5,63326.9,31403.5]","[0.648061,0.954894,0.964791]","[0,0,0]","[0,0,0]","[-0.934446,-0.890927,-0.887989]",0,"[]","[]","[]","[]","[]","[]","[]","[]","[]","[]",1,"[252775]","[1.55406]","[-2.22045]","[624612]","[1555.48]","[0]","[0]","[-1]",0,"[]","[]","[]","[]","[]","[]","[]","[]","[]","[]",0,"[4335.29]",1065.59,"[1858.61,2532.62,1755.47]","[]","[0]","[]"
146,284500,4736748,364173,1,618.688,5.35969e+06,1.25133,0.97361,1,1,1,0.997505,0.98448,1,1,0,0,1,"[1]","[1]","[48528.6]","[-0.222242]","[-0.534863]","[49732]","[69.6134]","[-1]","[11]","[1]","[0]","[880.989]","[0.028498]","[1.17694]",73044.3,2.4458,4,"[330795,318193,26866.6,26289]","[1.74806,0.109648,-0.835431,0.501826]","[0.890594,-2.23815,-0.932847,2.8643]","[979111,320979,37129.7,29961.1]","[0.990117,0.997578,1,0.985442]","[0,0,0,0]","[0,0,0,0]","[-0.287775,-0.762415,-0.83355,-0.920023]",0,"[]","[]","[]","[]","[]","[]","[]","[]","[]","[]",2,"[311508,298003]","[0.0796045,1.74252]","[-2.23654,0.892298]","[312786,877442]","[13498.4,23112.2]","[0,0]","[2.34108,2.85855]","[0.492807,0.427512]",0,"[]","[]","[]","[]","[]","[]","[]","[]","[]","[]",0,"[48.4223]",872.523,"[9038.91,3968.83,1818.35,1767.02]","[]","[3724.69,17238.5]","[]"
147,284500,4530604,364173,1,618.688,5.35969e+06,0,0.96203,1,1,1,0.99918,1.01508,1,1,0,0,1,"[1]","[1]","[265976]","[-1.58265]","[-0.389706]","[674683]","[-0.0389605]","[-1]","[11]","[1]","[1200.71]","[428.172]","[0.0147289]","[2.02315]",226002,3.13335,1,"[98403.4]","[-2.183]","[1.77302]","[442219]","[0.997787]","[0]","[0]","[-0.716368]",0,"[]","[]","[]","[]","[]","[]","[]","[]","[]","[]",1,"[298461]","[-1.58845]","[-0.388487]","[761155]","[5784.41]","[0]","[9.96564]","[0.491933]",0,"[]","[]","[]","[]","[]","[]","[]","[]","[]","[]",0,"[6196.14]",2126.11,"[11842.3]","[]","[14365.1]","[]"
148,284500,1640055,364173,1,618.688,5.35969e+06,1.24168,0.98089,1,1,1,0.998286,0.99866,1,1,0,0,1,"[1]","[1]","[266061]","[-0.966089]","[0.695779]","[400185]","[0.0224915]","[-1]","[11]","[1]","[0]","[1884.88]","[0.00653711]","[0.50417]",274214,-2.7096,2,"[37525,36065]","[0.351623,-1.53336]","[-0.888977,-1.2158]","[40625.5,87544.8]","[0.998308,0.879924]","[0,0]","[0,0]","[-0.855403,-0.875747]",0,"[]","[]","[]","[]","[]","[]","[]","[]","[]","[]",1,"[285484]","[-0.96956]","[0.70192]","[430516]","[1324.1]","[0]","[0]","[-1]",0,"[]","[]","[]","[]","[]","[]","[]","[]","[]","[]",0,"[2661.43]",270.438,"[2487.32,2731.79]","[]","[16469.7]","[]"
149,284500,11274767,364173,1,618.688,5.35969e+06,0.75088,1.01378,1,1,1,0.998178,1.00936,1,1,0,0,1,"[1]","[1]","[323218]","[0.0422992]","[3.04026]","[323507]","[-0.0373898]","[1]","[11]","[1]","[0]","[-1277.47]","[0.0125753]","[1.45523]",195602,0.0640438,2,"[107133,23647]","[0.293769,-0.235034]","[-0.50473,0.209969]","[111927,24760.7]","[0.990312,0.983592]","[0,0]","[0,0]","[-0.939962,-0.612002]",0,"[]","[]","[]","[]","[]","[]","[]","[]","[]","[]",1,"[331248]","[0.0358903]","[3.03463]","[331462]","[-0.00426723]","[0]","[0]","[-1]",0,"[]","[]","[]","[]","[]","[]","[]","[]","[]","[]",0,"[1899.97]",3518.38,"[6422.87,2346.39]","[]","[12006.6]","[]"
150,284500,4951285,364173,1,618.688,5.35969e+06,0.75088,0.95254,1,1,1,0.988503,1.04326,1,1,0,0,1,"[1]","[1]","[41118.9]","[1.88888]","[-2.27243]","[139048]","[0.292481]","[-1]","[11]","[1]","[0]","[1696.42]","[0.00447218]","[0.332665]",62848.5,-0.594642,4,"[817232,782284,29015,28242.3]","[-1.04795,-1.56847,-0.275533,-0.525704]","[1.98839,-1.17269,-0.390025,1.49732]","[1.31103e+06,1.95936e+06,30623.7,32785.9]","[0.994841,0.991337,0.994238,0.987937]","[0,0,0,0]","[0,0,0,0]","[-0.958075,-0.804829,0.528755,-0.705048]",0,"[]","[]","[]","[]","[]","[]","[]","[]","[]","[]",2,"[831807,782086]","[-1.04729,-1.56568]","[1.98981,-1.1747]","[1.33366e+06,1.95363e+06]","[80641,40144.5]","[0,0]","[2.1789,3.39331]","[0.75114,0.687055]",0,"[]","[]","[]","[]","[]","[]","[]","[]","[]","[]",0,"[118.056]",1045.14,"[12708.3,12364.6,3604.56,2729.29]","[]","[39834.3,56473.6]","[]"
151,284500,9554964,364173,1,618.688,5.35969e+06,1.22586,0.96972,1,1,1,0.999506,0.99544,1,1,0,0,1,"[1]","[1]","[236447]","[1.23667]","[-1.87485]","[441501]","[0.0160861]","[-1]","[11]","[1]","[0]","[-56.6642]","[-0.0226644]","[3.23784]",156727,1.45337,1,"[73208.6]","[-1.24709]","[0.996585]","[138267]","[0.980784]","[0]","[0]","[-0.923216]",0,"[]","[]","[]","[]","[]","[]","[]","[]","[]","[]",1,"[251658]","[1.24754]","[-1.8762]","[474258]","[3165.53]","[0]","[13.3103]","[-1]",0,"[]","[]","[]","[]","[]","[]","[]","[]","[]","[]",0,"[2803.22]",2531.86,"[3537.75]","[]","[870.641]","[]"
152,284500,9997198,364173,1.01817,618.688,5.35969e+06,1.26205,0.97166,1,1,1,0.995488,1.0005,1,1,0,0,1,"[1]","[1]","[120871]","[2.39788]","[-2.66965]","[670271]","[-207.208]","[-1]","[11]","[1]","[2201.63]","[2249.53]","[0.00610299]","[0.245418]",66555,0.266841,6,"[277649,80997.6,79700.9,72728.1,29841.6,22782.7]","[1.04071,-0.254361,0.956986,1.23273,-0.562034,1.71565]","[2.17547,-1.15755,0.227641,-0.644983,-0.64489,-2.08188]","[443096,84232.2,119458,135748,35368.6,65488.5]","[0.99476,0.996668,0,0.999325,0.973914,0.991669]","[0,0,0,0,0,0]","[0,0,0,0,0,0]","[-0.774107,-0.911167,-0.810272,-0.707507,-0.690413,-0.912508]",0,"[]","[]","[]","[]","[]","[]","[]","[]","[]","[]",1,"[267653]","[1.06828]","[2.17028]","[436293]","[26824.1]","[0]","[2.2016]","[0.766324]",0,"[]","[]","[]","[]","[]","[]","[]","[]","[]","[]",0,"[1499.53]",2342.04,"[3697.9,9506.47,2454.1,2263.69,1849.84,1621.25]","[]","[8859.5]","[]"
153,284500,14203661,364173,1,618.688,5.35969e+06,1.21412,1.00588,1,1,1,0.999093,1,1,1,0,0,1,"[1]","[1]","[237801]","[0.992422]","[-1.6246]","[364839]","[-0.0126381]","[-1]","[11]","[0]","[0]","[-2082.53]","[0.138534]","[5.74699]",188908,1.22445,1,"[43463.5]","[-1.46396]","[1.67394]","[99356.1]","[0.961674]","[0]","[0]","[-0.813833]",0,"[]","[]","[]","[]","[]","[]","[]","[]","[]","[]",1,"[257238]","[1.00864]","[-1.61978]","[399744]","[11890.6]","[0]","[0]","[-1]",0,"[]","[]","[]","[]","[]","[]","[]","[]","[]","[]",0,"[2973.19]",1432.61,"[2763.76]","[]","[13146.6]","[]"
154,284500,9992898,364173,1.83521,618.688,5.35969e+06,0.553627,0.97695,1,1,1,0.999542,0.98743,1,1,0,0,1,"[1]","[1]","[252442]","[0.00283464]","[-1.09654]","[252443]","[-0.0368309]","[1]","[11]","[1]","[0]","[695.669]","[0.00141277]","[0.228973]",234812,2.35707,1,"[76618.2]","[1.07816]","[0.608256]","[125996]","[0.980419]","[0]","[0]","[-0.928494]",0,"[]","[]","[]","[]","[]","[]","[]","[]","[]","[]",1,"[273706]","[-0.0193129]","[-1.10463]","[273783]","[3741.5]","[0]","[3.78516]","[-1]",0,"[]","[]","[]","[]","[]","[]","[]","[]","[]","[]",0,"[1294.35]",13841.1,"[2675.19]","[]","[7454.12]","[]"
155,284500,5807979,364173,1.715,618.688,5.35969e+06,1.32095,1.00588,1,1,1,0.999605,1.00306,1,1,0,0,1,"[1]","[1]","[322327]","[1.03158]","[-1.98665]","[509590]","[-0.0705528]","[-1]","[11]","[1]","[0]","[-196.847]","[-0.00962825]","[1.24447]",354317,1.24308,1,"[73039.7]","[-0.952148]","[-1.02703]","[109177]","[1]","[0]","[0]","[-0.846326]",0,"[]","[]","[]","[]","[]","[]","[]","[]","[]","[]",1,"[330770]","[1.04086]","[-1.9929]","[526720]","[0.0110485]","[0]","[0]","[-1]",0,"[]","[]","[]","[]","[]","[]","[]","[]","[]","[]",0,"[5289]",29678.8,"[2718.37]","[]","[6086.91]","[]"
156,284500,2117066,364173,-1,618.688,5.35969e+06,0.75088,0.9823,1,1,1,0.997638,1.00632,1,1,0,0,1,"[1]","[1]","[99585.1]","[0.231841]","[-2.47233]","[102274]","[0.0275955]","[1]","[11]","[1]","[0]","[480.528]","[-0.0162612]","[2.35268]",229038,1.29722,3,"[201704,97175.6,31369.4]","[0.538454,-0.558494,-0.277971]","[-1.60388,0.968203,-1.85434]","[231732,113227,33338.9]","[0.168073,0.998615,0.992489]","[0,0,0]","[0,0,0]","[-0.737896,-0.938039,-0.922466]",0,"[]","[]","[]","[]","[]","[]","[]","[]","[]","[]",1,"[265941]","[0.437676]","[-1.91483]","[316098]","[121482]","[0]","[0.00498753]","[0.207641]",0,"[]","[]","[]","[]","[]","[]","[]","[]","[]","[]",0,"[591.674]",20994.5,"[17314.4,4248.71,2139.17]","[]","[0]","[]"
157,284500,7963320,364173,-1,618.688,5.35969e+06,1.25133,0.97446,1,1,1,0.99731,0.98483,1,1,0,0,1,"[1]","[1]","[56808]","[-0.487458]","[2.03053]","[63691.9]","[0.0951815]","[-1]","[11]","[1]","[0]","[-7.16794]","[0.00377083]","[0.335687]",58593.2,0.332001,2,"[142331,41806.1]","[-0.306641,-2.44267]","[-1.93096,1.14971]","[150385,242440]","[1,0]","[0,0]","[0,0]","[-0.833886,-0.939038]",0,"[]","[]","[]","[]","[]","[]","[]","[]","[]","[]",1,"[251238]","[-0.227658]","[-1.96102]","[279042]","[106845]","[0]","[1.46482]","[0.528953]",0,"[]","[]","[]","[]","[]","[]","[]","[]","[]","[]",0,"[113.347]",60250.7,"[7864.92,19919.7]","[]","[0]","[]"
158,284500,11677359,364173,-1,618.688,5.35969e+06,1.26459,0.97996,1,1,1,0.997662,1.01265,1,1,0,0,1,"[1]","[1]","[243564]","[1.76367]","[-1.95181]","[731326]","[-0.0133963]","[1]","[11]","[1]","[0]","[656.057]","[0.011383]","[1.68743]",192013,1.09582,3,"[28046,25426.9,22377.2]","[-0.807734,0.379493,-0.314311]","[2.38444,1.84923,0.54755]","[38286.4,27725.5,23876.8]","[0.948453,0.957094,0.932864]","[0,0,0]","[0,0,0]","[-0.714914,-0.765141,-0.683985]",0,"[]","[]","[]","[]","[]","[]","[]","[]","[]","[]",1,"[259868]","[1.771]","[-1.94459]","[785746]","[9224.36]","[0]","[23.6994]","[0.30913]",0,"[]","[]","[]","[]","[]","[]","[]","[]","[]","[]",0,"[4306.38]",6394.5,"[4929.43,2807.91,2771.81]","[]","[9972.88]","[]"
159,284500,12800159,364173,1,618.688,5.35969e+06,0.75088,0.98428,1,1,1,1,1.00121,1,1,0,0,1,"[1]","[1]","[375804]","[-1.81365]","[-2.50444]","[1.183e+06]","[-0.017993]","[1]","[11]","[1]","[2028.58]","[1157.41]","[0.0093827]","[0.986126]",344128,0.705017,0,"[]","[]","[]","[]","[]","[]","[]","[]",0,"[]","[]","[]","[]","[]","[]","[]","[]","[]","[]",1,"[417998]","[-1.81025]","[-2.50472]","[1.31159e+06]","[3470.5]","[0]","[0]","[-1]",0,"[]","[]","[]","[]","[]","[]","[]","[]","[]","[]",0,"[5414.65]",566.719,"[]","[]","[30153.5]","[]"
160,284500,13444922,364173,-1,618.688,5.35969e+06,1.21412,0.98413,1,1,1,0.997436,0.99866,1,1,0,0,1,"[1]","[1]","[137029]","[-1.13014]","[2.57373]","[234257]","[-0.0167217]","[1]","[11]","[1]","[0]","[2107.16]","[0.0348145]","[3.82354]",50424.2,0.0742388,3,"[75663.1,64615.8,32273.8]","[-2.08548,-0.107655,-1.67925]","[-0.940946,-0.83129,-0.26919]","[309316,65508.6,89683.7]","[0,0.994414,0.989296]","[0,0,0]","[0,0,0]","[-0.797152,-0.940129,-0.871849]",0,"[]","[]","[]","[]","[]","[]","[]","[]","[]","[]",1,"[257165]","[-1.02188]","[2.52456]","[404727]","[31053.9]","[0]","[0.659398]","[0.760059]",0,"[]","[]","[]","[]","[]","[]","[]","[]","[]","[]",0,"[1524.85]",3996.8,"[8580.2,3096.67,4399.44]","[]","[3773.08]","[]"
161,284500,11676410,364173,1,618.688,5.35969e+06,1.1961,0.97663,1,1,1,0.99735,1.00121,1,1,0,0,1,"[1]","[1]","[85446.9]","[-2.01824]","[0.23905]","[327175]","[78.7007]","[-1]","[11]","[1]","[0]","[3033.14]","[0.00205349]","[0.0834903]",4838.17,0.252749,3,"[188865,132981,75838]","[-1.44935,0.347624,-1.50505]","[3.02661,-0.237771,-2.74767]","[426173,141215,179444]","[0.991077,0.996303,0]","[0,0,0]","[0,0,0]","[-0.955268,-0.831753,-0.852507]",0,"[]","[]","[]","[]","[]","[]","[]","[]","[]","[]",1,"[275383]","[-1.48341]","[-3.1345]","[640244]","[51418]","[0]","[1.41291]","[0.759134]",0,"[]","[]","[]","[]","[]","[]","[]","[]","[]","[]",0,"[627.981]",20007.6,"[3803.22,3083.82,2932.26]","[]","[6192.69]","[]"
162,284500,9664693,364173,1,618.688,5.35969e+06,1.32095,0.96972,1,1,1,0.998658,0.99544,1,1,0,0,1,"[1]","[1]","[277239]","[1.3055]","[0.0388503]","[549015]","[-0.0435829]","[1]","[11]","[1]","[0]","[1808.37]","[-0.0159138]","[2.67184]",355596,-3.08368,1,"[38991.2]","[2.45712]","[1.08546]","[229281]","[0.975742]","[0]","[0]","[-0.874803]",0,"[]","[]","[]","[]","[]","[]","[]","[]","[]","[]",1,"[334711]","[1.34598]","[0.0542229]","[686824]","[19959.9]","[0]","[2.18758]","[0.533982]",0,"[]","[]","[]","[]","[]","[]","[]","[]","[]","[]",0,"[3430.13]",20699.2,"[3655.9]","[]","[25569.8]","[]"
163,284500,9945235,364173,1,618.688,5.35969e+06,1.32095,0.97553,1,1,1,2.74344,1.01265,1,1,0,0,1,"[1]","[1]","[97980.6]","[1.7782]","[2.31804]","[298261]","[12.3572]","[1]","[11]","[1]","[0]","[-194.541]","[-0.00230497]","[0.176472]",68482.1,-0.705422,8,"[371238,303718,63842,43664.3,29180.2,27401.3,26420.3,20174.4]","[-1.20271,0.953218,1.64576,-0.90727,1.11989,2.25727,1.20228,-1.1081]","[-0.629233,2.23746,3.08591,2.9114,-2.08221,-0.323857,-2.77477,0.339388]","[675082,456620,172132,63069.7,49759.7,132444,48112.4,34096.1]","[0.999529,0.996818,0.997547,0.993273,0.991934,1,0.990846,0.962431]","[0,0,0,0,0,0,0,0]","[0,0,0,0,0,0,0,0]","[-0.866424,-0.930303,-0.823424,0.935821,0.999237,-0.712017,0.979306,-0.843098]",0,"[]","[]","[]","[]","[]","[]","[]","[]","[]","[]",2,"[440197,376638]","[1.32813,-1.20501]","[2.32402,-0.625967]","[915969,686099]","[220775,41856.3]","[0,0]","[1.27304,1.61281]","[0.622038,0.798743]",0,"[]","[]","[]","[]","[]","[]","[]","[]","[]","[]",0,"[1090.76]",13251.2,"[8358.34,5092.38,8114.55,3507.81,2595.43,3415.54,3093.98,1182.41]","[]","[6758.84,15997.7]","[]"
164,284500,7519488,364173,-1,618.688,5.35969e+06,1.26205,0.98916,1,1,1,0.991768,0.99765,1,1,0,0,1,"[1]","[1]","[145088]","[0.680675]","[-2.21918]","[180017]","[0.0260773]","[-1]","[11]","[1]","[0]","[-688.483]","[0.00914257]","[0.873567]",122179,1.42509,7,"[131234,123313,81014.6,29165.9,25773.4,21039,20171.4]","[0.0854197,-1.01023,-1.48321,0.577778,-2.4226,0.118374,-2.2733]","[-2.42803,0.791064,0.230603,-0.59256,-0.13603,-1.20101,2.29494]","[133121,192100,188435,34299.7,146582,21711.2,99045.1]","[0,0.999346,0,0.990456,0.749007,0.597775,0.999844]","[0,0,0,0,0,0,0]","[0,0,0,0,0,0,0]","[-0.731579,-0.336167,-0.876164,-0.0355397,-0.248423,-0.859812,-0.755982]",0,"[]","[]","[]","[]","[]","[]","[]","[]","[]","[]",1,"[287540]","[0.405067]","[-2.31018]","[322057]","[81956.1]","[0]","[0.748269]","[0.632218]",0,"[]","[]","[]","[]","[]","[]","[]","[]","[]","[]",0,"[1320.19]",32932.3,"[2729.18,5568.89,3975.36,1932.14,2426.16,482.703,339.279]","[]","[4903.25]","[]"
165,284500,9665926,364173,1,618.688,5.35969e+06,1.26205,0.97695,1,1,1,0.993385,0.98743,1,1,0,0,1,"[1]","[1]","[242988]","[-0.0785869]","[-2.90629]","[243739]","[-0.0745196]","[-1]","[11]","[1]","[0]","[1759.89]","[-0.0113049]","[1.51837]",337410,0.353591,5,"[36932.3,26328.1,21491.9,20392.9,20054]","[1.37188,1.17005,1.93184,0.87172,-2.4691]","[-2.6363,-2.17576,1.65157,3.01777,-1.42407]","[77858.9,46602.5,75825.6,28845.3,119341]","[0.994828,0.800578,0.96015,0.731879,-0.1]","[0,0,0,0,0]","[0,0,0,0,0]","[-0.878449,-0.650248,-0.821978,-0.58982,-0.795906]",0,"[]","[]","[]","[]","[]","[]","[]","[]","[]","[]",1,"[254084]","[-0.0821742]","[-2.89884]","[254942]","[-0.000244141]","[0]","[0]","[-1]",0,"[]","[]","[]","[]","[]","[]","[]","[]","[]","[]",0,"[2511.32]",32623.3,"[4312.52,1854.39,2073.02,1187.71,1129.18]","[]","[22373.5]","[]"
166,284500,12399650,364173,1,618.688,5.35969e+06,1.32095,0.9823,1,1,1,0.998933,1.00632,1,1,0,0,1,"[1]","[1]","[130255]","[0.179922]","[-1.30626]","[132369]","[0.0418282]","[1]","[11]","[1]","[0]","[-99.2326]","[0.0103101]","[1.56426]",248296,2.0487,1,"[125598]","[1.01487]","[-0.963478]","[196216]","[0.95623]","[0]","[0]","[-0.945965]",0,"[]","[]","[]","[]","[]","[]","[]","[]","[]","[]",1,"[254749]","[0.665541]","[-1.14817]","[333796]","[115214]","[0]","[0.264296]","[0.599683]",0,"[]","[]","[]","[]","[]","[]","[]","[]","[]","[]",0,"[505.464]",99.8594,"[2224.34]","[]","[9977.23]","[]"
167,284500,8845248,364173,1,618.688,5.35969e+06,0.923924,0.97577,1,1,1,0.995348,1.00531,1,1,0,0,1,"[1]","[1]","[71670.5]","[-0.118267]","[2.10896]","[72172.3]","[-0.0526047]","[-1]","[11]","[1]","[0]","[2976.6]","[0.00109471]","[0.129182]",15510.1,0.83809,5,"[255794,142317,123374,45343.1,27631]","[0.659551,0.797073,1.6705,-0.0208285,-1.97557]","[2.13416,-1.25323,-0.797451,-1.1898,-0.772703]","[314617,190448,339678,45956.3,101663]","[0,0,0,0.889121,0.999041]","[0,0,0,0,0]","[0,0,0,0,0]","[-0.763162,-0.713776,-0.783509,-0.9109,-0.863766]",0,"[]","[]","[]","[]","[]","[]","[]","[]","[]","[]",1,"[353857]","[0.521696]","[2.13906]","[421596]","[123464]","[0]","[1.03489]","[0.840125]",0,"[]","[]","[]","[]","[]","[]","[]","[]","[]","[]",0,"[720.613]",17611.8,"[2944.01,2267.4,5413.65,2971.06,1976.08]","[]","[4714.22]","[]"
168,284500,6497311,364173,1.08002,618.688,5.35969e+06,1.22586,0.97994,1,1,1,0.999608,1,1,1,0,0,1,"[1]","[1]","[278788]","[0.24707]","[-0.461718]","[287341]","[-0.0554171]","[1]","[11]","[0]","[2252.71]","[7990.33]","[0.0104225]","[1.48176]",259866,2.70459,1,"[70652.5]","[1.02138]","[1.77911]","[111104]","[0.994307]","[0]","[0]","[-0.938303]",0,"[]","[]","[]","[]","[]","[]","[]","[]","[]","[]",1,"[299117]","[0.242623]","[-0.462761]","[308108]","[9401.53]","[0]","[10.4536]","[0.534557]",0,"[]","[]","[]","[]","[]","[]","[]","[]","[]","[]",0,"[2912.61]",4687.45,"[2099.15]","[]","[983.562]","[]"
169,284500,9852627,364173,2.57747,618.688,5.35969e+06,0.934886,1.00588,1,1,1,0.997519,1.00306,1,1,0,0,1,"[1]","[1]","[243943]","[1.0036]","[-0.468874]","[377457]","[0.0396729]","[-1]","[11]","[1]","[0]","[-1528.06]","[0.0114622]","[1.40637]",242965,2.54669,2,"[50610.2,23481.7]","[-1.45781,-2.39151]","[-1.51037,1.95473]","[114922,129460]","[1,0.995748]","[0,0]","[0,0]","[-0.927689,-0.762745]",0,"[]","[]","[]","[]","[]","[]","[]","[]","[]","[]",1,"[259154]","[1.03792]","[-0.466807]","[411736]","[0]","[0]","[0]","[-1]",0,"[]","[]","[]","[]","[]","[]","[]","[]","[]","[]",0,"[3699.89]",1655.28,"[2588.99,2053.55]","[]","[1868.39]","[]"
170,284500,13071564,364173,1,618.688,5.35969e+06,0.619412,0.97538,1,1,1,0.997575,1.01508,1,1,0,0,1,"[1]","[1]","[108194]","[-1.60942]","[-2.70903]","[281300]","[6.37323]","[-1]","[11]","[1]","[0]","[433.396]","[-0.0103669]","[1.29286]",51227.2,0.202247,3,"[363916,98891.8,51055.9]","[1.61347,-0.979934,-2.42467]","[-2.6912,0.955594,0.146117]","[949792,151347,290802]","[0.996452,0,0.737877]","[0,0,0]","[0,0,0]","[-0.834108,-0.693207,-0.579838]",0,"[]","[]","[]","[]","[]","[]","[]","[]","[]","[]",1,"[338625]","[1.63793]","[-2.69019]","[903947]","[3636.86]","[0]","[0]","[-1]",0,"[]","[]","[]","[]","[]","[]","[]","[]","[]","[]",0,"[1762.4]",13320.9,"[21946.9,8110.42,4151.27]","[]","[24611]","[]"
171,284500,8920778,364173,-1,618.688,5.35969e+06,1.74563,0.96323,1,1,1,0.998322,1.00493,1,1,0,0,1,"[1]","[1]","[241183]","[-1.2251]","[-1.18685]","[445975]","[-0.0612407]","[-1]","[11]","[1]","[0]","[-584.383]","[-0.0178586]","[0.678775]",255780,1.85848,1,"[29103.1]","[-1.88866]","[2.15959]","[98544.2]","[0.994534]","[0]","[0]","[-0.590695]",0,"[]","[]","[]","[]","[]","[]","[]","[]","[]","[]",1,"[257882]","[-1.23708]","[-1.19215]","[481692]","[-0.0078125]","[0]","[0]","[-1]",0,"[]","[]","[]","[]","[]","[]","[]","[]","[]","[]",0,"[3211.97]",1998.17,"[4977.16]","[]","[1700.11]","[]"
172,284500,10547246,364173,0.462575,618.688,5.35969e+06,1.26459,0.98428,1,1,1,0.999241,1.00121,1,1,0,0,1,"[1]","[1]","[238780]","[-1.92175]","[2.90192]","[833250]","[-0.0475693]","[1]","[11]","[1]","[0]","[3297.14]","[-0.0496625]","[0.905856]",260150,-0.0818898,2,"[68310.9,39965.2]","[-0.20117,0.749596]","[-2.16669,0.842185]","[69976.2,52041.5]","[0.997749,1]","[0,0]","[0,0]","[-0.908981,-0.932033]",0,"[]","[]","[]","[]","[]","[]","[]","[]","[]","[]",1,"[273210]","[-1.89944]","[2.89858]","[933336]","[11790.8]","[0]","[10.2101]","[0.543602]",0,"[]","[]","[]","[]","[]","[]","[]","[]","[]","[]",0,"[1853.71]",1057.28,"[2906.29,2008.15]","[]","[6077.75]","[]"
173,284500,5269507,364173,-2.60878,618.688,5.35969e+06,1.25133,0.96203,1,1,1,0.999148,1.01508,1,1,0,0,1,"[1]","[1]","[266606]","[-1.53143]","[2.20118]","[645324]","[0.0502625]","[1]","[11]","[1]","[0]","[2980.39]","[0.00393686]","[0.56954]",142997,-1.17343,2,"[77623.3,42302.3]","[-1.24349,-0.871696]","[-0.896851,-0.176115]","[146271,60347.1]","[0.999791,0.974414]","[0,0]","[0,0]","[-0.769072,-0.756253]",0,"[]","[]","[]","[]","[]","[]","[]","[]","[]","[]",1,"[265195]","[-1.52826]","[2.20298]","[640061]","[2358.27]","[0]","[2.43941]","[0.31434]",0,"[]","[]","[]","[]","[]","[]","[]","[]","[]","[]",0,"[5129.62]",5433.27,"[2297.36,2066.34]","[]","[4003.58]","[]"
174,284500,8122405,364173,2.86486,618.688,5.35969e+06,1.32095,1.00588,1,1,1,0.999213,1.00306,1,1,0,0,1,"[1]","[1]","[336231]","[0.853435]","[-1.47483]","[466293]","[-0.0740776]","[1]","[11]","[1]","[0]","[-1331.84]","[0.00933992]","[0.729861]",278631,1.55819,1,"[23853.4]","[-0.629789]","[2.7485]","[28954.4]","[0.967316]","[0]","[0]","[-0.777678]",0,"[]","[]","[]","[]","[]","[]","[]","[]","[]","[]",1,"[368073]","[0.838198]","[-1.47556]","[505122]","[0.00552427]","[0]","[0]","[-1]",0,"[]","[]","[]","[]","[]","[]","[]","[]","[]","[]",0,"[5053.37]",2244.53,"[2965.59]","[]","[9659]","[]"
175,284500,14919441,364173,1,618.688,5.35969e+06,1.26205,0.97994,1,1,1,0.998847,1.00632,1,1,0,0,1,"[1]","[1]","[248751]","[0.435504]","[0.767545]","[272716]","[-0.291859]","[1]","[11]","[1]","[0]","[110.861]","[-0.00394618]","[0.232599]",330159,-2.49263,2,"[50937.3,24377.7]","[0.100335,0.0214946]","[0.3618,1.12803]","[51505,25181.8]","[0.998869,0.997487]","[0,0]","[0,0]","[0.219436,0.682392]",0,"[]","[]","[]","[]","[]","[]","[]","[]","[]","[]",1,"[311549]","[0.394127]","[0.695704]","[341781]","[62268.3]","[0]","[0.711488]","[0.442218]",0,"[]","[]","[]","[]","[]","[]","[]","[]","[]","[]",0,"[2323.97]",2014,"[3733.02,1968.1]","[]","[11966.5]","[]"
176,284500,11352019,364173,1,618.688,5.35969e+06,0,1.00588,1,1,1,0.997504,1.00306,1,1,0,0,1,"[1]","[1]","[461396]","[1.11846]","[1.89643]","[781355]","[-0.00638008]","[1]","[11]","[1]","[0]","[-603.988]","[0.0163312]","[2.36915]",478092,-0.919681,2,"[122448,33164.4]","[0.452385,-1.20984]","[-2.87675,-2.27263]","[135787,60983.8]","[0.9682,0.912323]","[0,0]","[0,0]","[-0.672772,-0.709298]",0,"[]","[]","[]","[]","[]","[]","[]","[]","[]","[]",1,"[484569]","[1.13735]","[1.89859]","[833259]","[2210.74]","[0]","[152.562]","[0.242968]",0,"[]","[]","[]","[]","[]","[]","[]","[]","[]","[]",0,"[6615.25]",482.406,"[2133.44,3583.76]","[]","[11485.1]","[]"
177,284500,2532906,364173,1,618.688,5.35969e+06,0.00292683,1.00588,1,1,1,0.999286,1.00306,1,1,0,0,1,"[1]","[1]","[396827]","[0.871531]","[2.64799]","[557320]","[-0.0127869]","[1]","[11]","[1]","[0]","[-2354.62]","[0.0161263]","[2.84097]",413787,-0.768463,2,"[63940.9,44814]","[1.1836,0.45251]","[1.21894,0.646886]","[114515,50643.7]","[0.998802,0.994639]","[0,0]","[0,0]","[-0.916363,-0.240573]",0,"[]","[]","[]","[]","[]","[]","[]","[]","[]","[]",1,"[410722]","[0.9106]","[2.64502]","[593103]","[0]","[0]","[0]","[-1]",0,"[]","[]","[]","[]","[]","[]","[]","[]","[]","[]",0,"[4751.52]",1243.44,"[2227.75,9152.84]","[]","[18591.1]","[]"
178,284500,11940452,364173,-1,618.688,5.35969e+06,0.596562,0.99211,1,1,1,0.999161,0.9918,1,1,0,0,1,"[1]","[1]","[269171]","[-0.727315]","[-2.88799]","[343560]","[-0.0110779]","[1]","[11]","[1]","[0]","[-830.602]","[0.0177653]","[1.83718]",200728,-0.0935209,1,"[100252]","[-0.768212]","[0.919822]","[131836]","[0.9915]","[0]","[0]","[-0.953393]",0,"[]","[]","[]","[]","[]","[]","[]","[]","[]","[]",1,"[281380]","[-0.697386]","[-2.89107]","[352623]","[0.00276214]","[0]","[0]","[-1]",0,"[]","[]","[]","[]","[]","[]","[]","[]","[]","[]",0,"[1680.67]",2066.48,"[4411.18]","[]","[8912.62]","[]"
179,284500,9791564,364173,-1.6432,618.688,5.35969e+06,1.32095,0.98697,1,1,1,0.998373,1.00582,1,1,0,0,1,"[1]","[1]","[279985]","[-0.120041]","[-2.83543]","[282005]","[-0.154911]","[1]","[11]","[1]","[0]","[-370.261]","[-0.0187853]","[0.773393]",287091,0.501201,2,"[24096.6,21555.4]","[0.210816,0.653728]","[-1.42809,-1.11914]","[25102.7,26532.3]","[0.980713,0.949554]","[0,0]","[0,0]","[-0.840474,-0.83513]",0,"[]","[]","[]","[]","[]","[]","[]","[]","[]","[]",1,"[285582]","[-0.143572]","[-2.8356]","[288543]","[2684.1]","[0]","[0]","[-1]",0,"[]","[]","[]","[]","[]","[]","[]","[]","[]","[]",0,"[1451.88]",179.844,"[1832.39,2147.04]","[]","[8784.38]","[]"
180,284500,4985309,364173,1,618.688,5.35969e+06,0.738662,0.96825,1,1,1,0.999148,0.99461,1,1,0,0,1,"[1]","[1]","[69677.3]","[-2.26367]","[-1.54974]","[338713]","[-0.00899029]","[-1]","[11]","[1]","[0]","[-57.9679]","[-0.0138615]","[0.65439]",94101.6,2.5916,2,"[377450,284546]","[-0.998621,-0.691147]","[-0.248638,3.03821]","[581989,356345]","[0,0]","[0,0]","[0,0]","[-0.80307,-0.755067]",0,"[]","[]","[]","[]","[]","[]","[]","[]","[]","[]",2,"[324854,259353]","[-0.99372,-0.690481]","[-0.248345,3.0378]","[498888,324810]","[-0.0078125,27148.2]","[0,0]","[0,1.5343]","[-1,0.675815]",0,"[]","[]","[]","[]","[]","[]","[]","[]","[]","[]",0,"[329.363]",12452.9,"[18362.5,5549.35]","[]","[13285.5,648.172]","[]"
181,284500,2391779,364173,1,618.688,5.35969e+06,1.26459,0.99242,1,1,1,0.997858,0.99765,1,1,0,0,1,"[1]","[1]","[370727]","[0.690838]","[0.410956]","[462767]","[-0.0168559]","[-1]","[11]","[1]","[1377.32]","[-1278.54]","[-0.00150866]","[0.246085]",311431,-2.85236,3,"[82051.5,25956.4,20247.8]","[1.15416,0.237149,0.552282]","[-1.34819,1.19135,2.67944]","[143154,27142.3,23873.1]","[0.999079,0.993855,0.964406]","[0,0,0]","[0,0,0]","[-0.938309,-0.914901,-0.803047]",0,"[]","[]","[]","[]","[]","[]","[]","[]","[]","[]",1,"[385437]","[0.695963]","[0.415367]","[482613]","[0.00552427]","[0]","[0]","[-1]",0,"[]","[]","[]","[]","[]","[]","[]","[]","[]","[]",0,"[4423.28]",10464.9,"[6643.37,1842.8,1132.09]","[]","[14479.6]","[]"
182,284500,10117605,364173,1,618.688,5.35969e+06,1.1961,0.96203,1,1,1,0.999261,1.01508,1,1,0,0,1,"[1]","[1]","[281304]","[-1.55215]","[-0.170448]","[693896]","[0.148453]","[1]","[11]","[1]","[0]","[1482.19]","[-0.00725122]","[0.572313]",226348,2.9537,1,"[66074.4]","[-1.92972]","[3.05187]","[232485]","[0.994092]","[0]","[0]","[-0.890537]",0,"[]","[]","[]","[]","[]","[]","[]","[]","[]","[]",1,"[325961]","[-1.55384]","[-0.168248]","[805302]","[4004.84]","[0]","[12.5518]","[0.604659]",0,"[]","[]","[]","[]","[]","[]","[]","[]","[]","[]",0,"[6191.09]",13821.3,"[5560.96]","[]","[2616.5]","[]"
183,284500,10162844,364173,0.927995,618.688,5.35969e+06,0.187531,0.96203,1,1,1,0.999187,1.01508,1,1,0,0,1,"[1]","[1]","[461268]","[-1.6138]","[-2.69398]","[1.20414e+06]","[0.0250092]","[-1]","[11]","[1]","[0]","[-2226.77]","[-0.00657659]","[0.858871]",395287,0.545101,1,"[63278.2]","[-1.99023]","[0.281463]","[235885]","[0.986523]","[0]","[0]","[-0.887123]",0,"[]","[]","[]","[]","[]","[]","[]","[]","[]","[]",1,"[507095]","[-1.60345]","[-2.69457]","[1.31121e+06]","[8136.61]","[0]","[5.56143]","[-1]",0,"[]","[]","[]","[]","[]","[]","[]","[]","[]","[]",0,"[12485.9]",10297.3,"[5673.66]","[]","[9914.44]","[]"
184,284500,4006917,364173,1,618.688,5.35969e+06,0.696077,0.96819,1,1,1,0.998186,0.95922,1,1,0,0,1,"[1]","[1]","[45761.3]","[-0.914068]","[-1.22531]","[66247.2]","[-123.901]","[-1]","[11]","[1]","[0]","[-1088.2]","[-0.0175882]","[1.86614]",86071.8,0.918341,3,"[248459,176924,52159.4]","[1.05566,0.926934,-0.1311]","[2.58636,-0.719012,-0.466742]","[402003,258920,53301.6]","[0.951086,0.993479,0.996978]","[0,0,0]","[0,0,0]","[-0.802548,-0.948631,-0.940808]",0,"[]","[]","[]","[]","[]","[]","[]","[]","[]","[]",1,"[262791]","[1.05595]","[2.59262]","[424852]","[34720.7]","[0]","[1.33669]","[0.701103]",0,"[]","[]","[]","[]","[]","[]","[]","[]","[]","[]",0,"[201.892]",3283.8,"[8593.28,11330.6,1913.09]","[]","[38340.7]","[]"
185,284500,8302707,364173,-1,618.688,5.35969e+06,0.696077,1.01378,1,1,1,0.99937,1.00936,1,1,0,0,1,"[1]","[1]","[244223]","[0.0430464]","[-0.732274]","[244449]","[-0.0770302]","[1]","[11]","[1]","[0]","[-240.321]","[-0.000377275]","[0.0398678]",217934,2.29645,1,"[33037]","[0.565875]","[-3.13074]","[38601.9]","[0.991723]","[0]","[0]","[-0.709079]",0,"[]","[]","[]","[]","[]","[]","[]","[]","[]","[]",1,"[252623]","[0.025885]","[-0.735418]","[252715]","[1978.15]","[0]","[0]","[-1]",0,"[]","[]","[]","[]","[]","[]","[]","[]","[]","[]",0,"[2366.83]",2795.69,"[4700.22]","[]","[10303.6]","[]"
186,284500,4308080,364173,1,618.688,5.35969e+06,1.25133,0.9666,1,1,1,0.99625,0.95498,1,1,0,0,1,"[1]","[1]","[50979.6]","[-0.726393]","[0.367995]","[65031.2]","[0.0210342]","[1]","[11]","[1]","[0]","[-752.527]","[0.0132552]","[1.40941]",70354.4,-2.20549,2,"[506808,479959]","[-1.33865,-2.00651]","[1.5073,-1.64441]","[1.03364e+06,1.81791e+06]","[0.999861,0.993367]","[0,0]","[0,0]","[-0.979988,-0.967911]",0,"[]","[]","[]","[]","[]","[]","[]","[]","[]","[]",2,"[467055,480705]","[-1.98742,-1.31473]","[-1.65293,1.50372]","[1.73709e+06,959926]","[62006.8,26661.2]","[0,0]","[1.75347,2.19641]","[0.519439,0.585008]",0,"[]","[]","[]","[]","[]","[]","[]","[]","[]","[]",0,"[168.018]",17629.2,"[21318.3,13108.5]","[]","[3649.75,15619.2]","[]"
187,284500,7949198,364173,-1,618.688,5.35969e+06,0.696077,0.98916,1,1,1,0.993971,0.99765,1,1,0,0,1,"[0]","[1]","[126325]","[0.621362]","[-0.574419]","[151506]","[0.0207214]","[-1]","[11]","[1]","[0]","[-2397.54]","[0.0212634]","[2.18796]",130177,2.99379,4,"[151865,144408,23626.9,23580.2]","[0.398893,0.0130934,1.90532,-1.28763]","[3.02842,0.0147932,0.292662,0.638644]","[168278,145049,81231.2,46401.1]","[0.993739,0,0.778905,0.924493]","[0,0,0,0]","[0,0,0,0]","[0.766495,-0.796019,-0.297406,-0.896333]",0,"[]","[]","[]","[]","[]","[]","[]","[]","[]","[]",1,"[260486]","[0.33028]","[-0.278536]","[295579]","[108809]","[0]","[0.209732]","[0.56198]",0,"[]","[]","[]","[]","[]","[]","[]","[]","[]","[]",0,"[647.139]",16868.9,"[3429.52,2155.94,2599.25,1636.96]","[]","[4748.08]","[]"
188,284500,7947073,364173,-1,618.688,5.35969e+06,0.696077,1.00588,1,1,1,0.995148,1.00306,1,1,0,0,1,"[1]","[1]","[160657]","[1.08957]","[-2.69858]","[265835]","[0.0133057]","[-1]","[11]","[1]","[0]","[841.232]","[-0.011494]","[1.20359]",21207.7,1.13614,5,"[123141,88966.3,77284.2,27083,26522.5]","[0.967897,0.705713,1.10003,1.18978,-1.68947]","[0.950319,-2.22574,0.463154,-0.441911,-0.336135]","[186463,113144,129533,48987.7,74526.5]","[0.993476,0.209251,0.990574,0.73544,0.981093]","[0,0,0,0,0]","[0,0,0,0,0]","[-0.954192,-0.750374,-0.916213,-0.607088,-0.5088]",0,"[]","[]","[]","[]","[]","[]","[]","[]","[]","[]",1,"[281297]","[0.983613]","[-2.52565]","[432935]","[60369.9]","[0]","[1.02364]","[0.301373]",0,"[]","[]","[]","[]","[]","[]","[]","[]","[]","[]",0,"[1462.26]",13399.4,"[3266.64,3705.66,9188.92,6363.37,5316]","[]","[8671.19]","[]"
189,284500,13181560,364173,1,618.688,5.35969e+06,1.26205,0.99242,1,1,1,0.999223,0.99765,1,1,0,0,1,"[1]","[1]","[259350]","[0.81851]","[0.041772]","[351186]","[0.00414658]","[1]","[11]","[1]","[0]","[1475.51]","[-0.0338482]","[4.21404]",295740,3.05085,1,"[85492.1]","[2.119]","[-0.819725]","[361192]","[0.999652]","[0]","[0]","[-0.906355]",0,"[]","[]","[]","[]","[]","[]","[]","[]","[]","[]",1,"[268388]","[0.800496]","[0.0407132]","[359077]","[2257.05]","[0]","[29.3895]","[-1]",0,"[]","[]","[]","[]","[]","[]","[]","[]","[]","[]",0,"[1884.9]",3906.94,"[4813.38]","[]","[14373]","[]"
190,284500,13065326,364173,1,618.688,5.35969e+06,0.738662,0.98089,1,1,1,0.998503,0.99866,1,1,0,0,1,"[1]","[1]","[218493]","[-1.14855]","[2.55149]","[379165]","[0.0363674]","[-1]","[11]","[1]","[1261.96]","[6942.8]","[-0.0179313]","[1.22046]",225991,-0.535326,2,"[46831.2,21076.4]","[1.27404,-1.07567]","[-3.06585,-3.05093]","[90683.9,34800.3]","[0.984433,0.857893]","[0,0]","[0,0]","[-0.117603,-0.7372]",0,"[]","[]","[]","[]","[]","[]","[]","[]","[]","[]",1,"[251061]","[-1.149]","[2.55832]","[435923]","[8543.69]","[0]","[1.00087]","[0.304134]",0,"[]","[]","[]","[]","[]","[]","[]","[]","[]","[]",0,"[2835.24]",19678.3,"[2414.4,1368.51]","[]","[9296.75]","[]"
191,284500,8858304,364173,1,618.688,5.35969e+06,1.21412,0.96203,1,1,1,0.9992,1.01508,1,1,0,0,1,"[1]","[1]","[215980]","[-1.67104]","[-0.216345]","[594565]","[0.0552368]","[-1]","[11]","[1]","[0]","[-533.205]","[-0.0403352]","[5.19134]",276694,2.74813,1,"[77951]","[-2.3183]","[-0.862211]","[399888]","[0.992818]","[0]","[0]","[-0.423952]",0,"[]","[]","[]","[]","[]","[]","[]","[]","[]","[]",1,"[303480]","[-1.88008]","[-0.378087]","[1.02464e+06]","[119390]","[0]","[0.385411]","[0.723176]",0,"[]","[]","[]","[]","[]","[]","[]","[]","[]","[]",0,"[5785.44]",2078.28,"[3671.07]","[]","[2065.19]","[]"
192,284500,7056595,364173,1,618.688,5.35969e+06,0.696077,0.9823,1,1,1,0.997967,1.00632,1,1,0,0,1,"[0]","[1]","[82201.3]","[0.605536]","[-2.22559]","[97738]","[-0.0941162]","[-1]","[11]","[1]","[0]","[302.119]","[-0.00317543]","[0.452874]",53162,2.46533,3,"[273282,118522,36799.7]","[1.30153,0.776079,-1.10241]","[0.401355,-2.8526,-2.97737]","[540339,156433,62112.3]","[0.998695,0.993794,0.996901]","[0,0,0]","[0,0,0]","[-0.674758,-0.901624,-0.481649]",0,"[]","[]","[]","[]","[]","[]","[]","[]","[]","[]",1,"[278450]","[1.27053]","[0.417481]","[535600]","[23157.8]","[0]","[1.78866]","[0.754359]",0,"[]","[]","[]","[]","[]","[]","[]","[]","[]","[]",0,"[271.502]",1920.84,"[15205.1,2185.37,4808.57]","[]","[8529.81]","[]"
193,284500,8858159,364173,-1,618.688,5.35969e+06,1.32095,0.99242,1,1,1,0.999234,0.99765,1,1,0,0,1,"[1]","[1]","[259853]","[0.627401]","[3.04835]","[312696]","[0.0257568]","[1]","[11]","[1]","[0]","[-1682.53]","[-0.00713328]","[0.834012]",300931,-0.220746,1,"[78601.3]","[-2.13888]","[2.30984]","[338480]","[0.99019]","[0]","[0]","[-0.628457]",0,"[]","[]","[]","[]","[]","[]","[]","[]","[]","[]",1,"[266529]","[0.662475]","[3.04729]","[327186]","[0.00478416]","[0]","[0]","[-1]",0,"[]","[]","[]","[]","[]","[]","[]","[]","[]","[]",0,"[2648.81]",21856.5,"[2593.55]","[]","[13360.4]","[]"
194,284500,13401372,364173,-1,618.688,5.35969e+06,1.26459,1.00588,1,1,1,0.999575,1.00306,1,1,0,0,1,"[1]","[1]","[248620]","[1.01421]","[-2.16408]","[387832]","[-0.0178089]","[1]","[11]","[1]","[0]","[-1112.13]","[-0.0547099]","[7.20523]",206715,0.882634,1,"[40909.1]","[0.122514]","[1.63817]","[42413.6]","[0.999618]","[0]","[0]","[-0.669857]",0,"[]","[]","[]","[]","[]","[]","[]","[]","[]","[]",1,"[269415]","[1.02955]","[-2.16786]","[425269]","[1062.34]","[0]","[0]","[-1]",0,"[]","[]","[]","[]","[]","[]","[]","[]","[]","[]",0,"[3003.08]",45.875,"[1926.45]","[]","[5210.28]","[]"
195,284500,7218847,364173,1,618.688,5.35969e+06,0.351687,0.97695,1,1,1,0.998624,0.98743,1,1,0,0,1,"[1]","[1]","[439306]","[-0.0628571]","[-2.44238]","[440174]","[-0.0192184]","[1]","[11]","[1]","[0]","[-3380.19]","[0.0263934]","[3.65036]",362315,0.392788,1,"[143937]","[0.52578]","[1.61051]","[164832]","[0.997738]","[0]","[0]","[-0.762193]",0,"[]","[]","[]","[]","[]","[]","[]","[]","[]","[]",1,"[444657]","[-0.0867759]","[-2.43968]","[446333]","[-0.00507437]","[0]","[0]","[-1]",0,"[]","[]","[]","[]","[]","[]","[]","[]","[]","[]",0,"[4972.77]",571.188,"[2586]","[]","[26218.8]","[]"
196,284500,12165290,364173,1,618.688,5.35969e+06,1.25133,0.98697,1,1,1,0.99827,1.00582,1,1,0,0,1,"[1]","[1]","[251278]","[-0.1195]","[-2.71633]","[253075]","[0.0494986]","[-1]","[11]","[1]","[0]","[-115.399]","[0.00155526]","[0.304103]",124968,0.485688,2,"[108025,21197]","[0.752498,0.593973]","[0.224442,1.10089]","[140623,25371.6]","[0.99,0.98016]","[0,0]","[0,0]","[-0.849119,-0.858428]",0,"[]","[]","[]","[]","[]","[]","[]","[]","[]","[]",1,"[259429]","[-0.114463]","[-2.71302]","[261131]","[0.00334749]","[0]","[0]","[-1]",0,"[]","[]","[]","[]","[]","[]","[]","[]","[]","[]",0,"[1266.62]",3193.21,"[4159.97,1648.29]","[]","[16047]","[]"
197,284500,13335626,364173,-1,618.688,5.35969e+06,0.934886,0.98697,1,1,1,0.998736,1.00582,1,1,0,0,1,"[1]","[1]","[384596]","[-0.450281]","[-2.73125]","[424248]","[0.023037]","[-1]","[11]","[1]","[0]","[4140.29]","[-0.0210685]","[3.39401]",341722,0.329417,2,"[80012,47392.5]","[1.4173,1.21145]","[1.61365,-0.753955]","[174834,87250.2]","[0.919322,0.998567]","[0,0]","[0,0]","[-0.945383,-0.477849]",0,"[]","[]","[]","[]","[]","[]","[]","[]","[]","[]",1,"[399934]","[-0.450943]","[-2.72566]","[441291]","[-0.00676582]","[0]","[0]","[-1]",0,"[]","[]","[]","[]","[]","[]","[]","[]","[]","[]",0,"[2575.31]",2626.09,"[4684.21,3859.84]","[]","[8732.62]","[]"
198,284500,11345445,364173,1,618.688,5.35969e+06,1.22586,0.97826,1,1,1,0.998374,1.00493,1,1,0,0,1,"[1]","[1]","[81613]","[-1.23139]","[-0.679531]","[151713]","[-0.0266342]","[1]","[11]","[1]","[0]","[124.399]","[0.00248347]","[0.168686]",274154,2.51466,2,"[205586,27483.1]","[-0.587034,-1.02182]","[-0.449216,2.68405]","[242138,43345.6]","[0.998796,0.943139]","[0,0]","[0,0]","[-0.976089,-0.0620719]",0,"[]","[]","[]","[]","[]","[]","[]","[]","[]","[]",1,"[272928]","[-0.865273]","[-0.520685]","[393274]","[94974]","[0]","[0.0250898]","[-1]",0,"[]","[]","[]","[]","[]","[]","[]","[]","[]","[]",0,"[423.499]",12421.2,"[10036.2,1924.18]","[]","[20382.4]","[]"
199,284500,4551924,364173,-1.97085,618.688,5.35969e+06,0.934886,0.98089,1,1,1,0.999154,0.99866,1,1,0,0,1,"[1]","[1]","[268627]","[-1.10569]","[2.55271]","[450257]","[-0.025032]","[1]","[11]","[1]","[0]","[-759.654]","[-0.0219787]","[0.608935]",253810,-0.64812,1,"[23266.8]","[0.229093]","[0.01736]","[24202.6]","[0.995137]","[0]","[0]","[-0.612428]",0,"[]","[]","[]","[]","[]","[]","[]","[]","[]","[]",1,"[285672]","[-1.14237]","[2.54562]","[493247]","[0.00552427]","[0]","[0]","[-1]",0,"[]","[]","[]","[]","[]","[]","[]","[]","[]","[]",0,"[3071.89]",2674.67,"[3803.9]","[]","[9032.19]","[]"
200,284500,9331689,364173,-2.97599,618.688,5.35969e+06,0.696077,0.97695,1,1,1,0.999508,0.98743,1,1,0,0,1,"[1]","[1]","[263518]","[-0.0512963]","[-2.8396]","[263865]","[-0.0312786]","[1]","[11]","[1]","[0]","[1504.53]","[-0.00877202]","[1.47897]",201304,0.180615,1,"[73368.5]","[-1.22065]","[0.651653]","[135713]","[0.996897]","[0]","[0]","[-0.963797]",0,"[]","[]","[]","[]","[]","[]","[]","[]","[]","[]",1,"[273273]","[-0.0626994]","[-2.83801]","[273811]","[0.00657822]","[0]","[0]","[-1]",0,"[]","[]","[]","[]","[]","[]","[]","[]","[]","[]",0,"[1943.6]",4335.25,"[5320.93]","[]","[9904.25]","[]"
201,284500,7921068,364173,0.698243,618.688,5.35969e+06,0.696077,0.98697,1,1,1,0.997106,1.00582,1,1,0,0,1,"[1]","[1]","[270158]","[-0.414283]","[-2.13566]","[293675]","[0.0521545]","[1]","[11]","[1]","[0]","[-572.366]","[0.0234135]","[3.90955]",359827,0.919641,5,"[50100.2,49893.4,26543.3,24142.5,21355.1]","[1.15102,-0.0162137,0.297909,-0.99275,-0.792384]","[-1.7266,-3.00991,2.96356,-0.78606,1.66804]","[87628.8,50384.9,27822.3,37415.7,28946.6]","[0.995972,0.999467,0.98,0.997351,0.935915]","[0,0,0,0,0]","[0,0,0,0,0]","[-0.836784,-0.791706,-0.898444,-0.751384,-0.67437]",0,"[]","[]","[]","[]","[]","[]","[]","[]","[]","[]",1,"[299712]","[-0.412753]","[-2.22375]","[338658]","[93109.8]","[0]","[0.752776]","[0.408374]",0,"[]","[]","[]","[]","[]","[]","[]","[]","[]","[]",0,"[1504.97]",15333.6,"[2585.51,3430.41,1753.86,2731.97,1657.43]","[]","[3185.44]","[]"
202,284500,8612071,364173,1.98258,618.688,5.35969e+06,1.08735,0.96323,1,1,1,0.999545,1.00493,1,1,0,0,1,"[1]","[1]","[360065]","[-1.35416]","[2.44359]","[743835]","[-0.035923]","[1]","[11]","[1]","[0]","[2632.15]","[-0.00361937]","[0.37407]",393009,-0.562785,1,"[71025.2]","[-0.152021]","[-2.8017]","[72147.6]","[0.99]","[0]","[0]","[-0.793979]",0,"[]","[]","[]","[]","[]","[]","[]","[]","[]","[]",1,"[393655]","[-1.35073]","[2.43691]","[810792]","[-0.0078125]","[0]","[0]","[-1]",0,"[]","[]","[]","[]","[]","[]","[]","[]","[]","[]",0,"[5274.48]",23351.4,"[3497.11]","[]","[5415.56]","[]"
203,284500,5537258,364173,1,618.688,5.35969e+06,1.26459,0.97332,1,1,1,0.994876,0.98683,1,1,0,0,1,"[1]","[1]","[63292.7]","[-1.17607]","[-0.204077]","[112348]","[175.678]","[-1]","[11]","[1]","[2060.55]","[1849.26]","[-0.00235899]","[0.164462]",44304.9,-2.88566,6,"[364604,215486,74814,60026.6,57142.7,20423.4]","[0.238344,-0.692577,2.31035,-2.04633,1.07921,1.80432]","[-1.93906,1.47864,0.7528,2.26257,0.789417,-0.239342]","[376648,272206,380961,236436,94375,63854.8]","[0.999742,0.997573,0.983933,0,0.982039,0.94764]","[0,0,0,0,0,0]","[0,0,0,0,0,0]","[-0.865641,-0.946973,-0.441624,-0.278881,-0.94527,-0.715749]",0,"[]","[]","[]","[]","[]","[]","[]","[]","[]","[]",1,"[346209]","[0.226734]","[-1.94224]","[356035]","[25141]","[0]","[2.33543]","[0.707877]",0,"[]","[]","[]","[]","[]","[]","[]","[]","[]","[]",0,"[629.512]",19766.7,"[7569.79,3739.36,5298.06,6560.7,63324.8,1072.16]","[]","[18613.1]","[]"
204,284500,5619331,364173,1,618.688,5.35969e+06,1.25133,0.97166,1,1,1,0.999495,1.0005,1,1,0,0,1,"[1]","[1]","[148869]","[2.03854]","[2.6075]","[581307]","[0.0357018]","[1]","[11]","[1]","[0]","[1804.37]","[0.0119064]","[0.542504]",271379,-0.789998,1,"[89189.4]","[1.20179]","[2.18812]","[161918]","[0.36742]","[0]","[0]","[-0.98373]",0,"[]","[]","[]","[]","[]","[]","[]","[]","[]","[]",1,"[297724]","[1.79434]","[2.47187]","[928146]","[121005]","[0]","[0.691454]","[0.306146]",0,"[]","[]","[]","[]","[]","[]","[]","[]","[]","[]",0,"[1224.59]",9438.53,"[8067.23]","[]","[16428.9]","[]"
205,284500,8669482,364173,1.11802,618.688,5.35969e+06,0.75088,0.97994,1,1,1,0.998474,1.00632,1,1,0,0,1,"[1]","[1]","[289657]","[0.134669]","[0.604411]","[292287]","[-0.0861225]","[1]","[11]","[1]","[0]","[-1872.81]","[0.00230052]","[0.420558]",235479,-2.54,2,"[24482.6,21207]","[0.65208,-0.868559]","[1.93206,3.1067]","[30205.4,30012.9]","[0.93639,0.778669]","[0,0]","[0,0]","[-0.643549,-0.867856]",0,"[]","[]","[]","[]","[]","[]","[]","[]","[]","[]",1,"[299495]","[0.118258]","[0.611177]","[301592]","[0.00189111]","[0]","[0]","[-1]",0,"[]","[]","[]","[]","[]","[]","[]","[]","[]","[]",0,"[2199.02]",13712.4,"[3343.87,1646.62]","[]","[17641.7]","[]"
206,284500,6400844,364173,-1,618.688,5.35969e+06,0.923924,0.97994,1,1,1,0.999118,1.00632,1,1,0,0,1,"[1]","[1]","[272929]","[0.228468]","[0.485395]","[280083]","[-0.0337524]","[-1]","[11]","[1]","[0]","[-555.871]","[-0.0185535]","[2.85743]",217902,-2.50882,2,"[70081.3,45749.7]","[1.5019,0.225202]","[-2.22017,2.50294]","[165256,47447.8]","[0.989996,0.969135]","[0,0]","[0,0]","[-0.81397,-0.896909]",0,"[]","[]","[]","[]","[]","[]","[]","[]","[]","[]",1,"[287227]","[0.211124]","[0.487146]","[293653]","[0.00525895]","[0]","[0]","[-1]",0,"[]","[]","[]","[]","[]","[]","[]","[]","[]","[]",0,"[4336.33]",9846.5,"[7049.14,2659.33]","[]","[20435.6]","[]"
207,284500,14488344,364173,-1,618.688,5.35969e+06,0.923924,0.9724,1,1,1,0.996604,0.96574,1,1,0,0,1,"[1]","[1]","[58109.7]","[1.08304]","[0.589393]","[95654.4]","[-0.00553989]","[1]","[11]","[1]","[0]","[-996.082]","[-0.00536731]","[0.545793]",75864.6,-2.85392,4,"[249595,204828,78416,39842.2]","[2.11334,0.405758,1.82208,1.77279]","[-2.11782,0.756148,1.93317,-1.70218]","[1.04834e+06,223027,248936,120760]","[0,0,0,0.998364]","[0,0,0,0]","[0,0,0,0]","[-0.798229,-0.755147,-0.581313,-0.775546]",0,"[]","[]","[]","[]","[]","[]","[]","[]","[]","[]",1,"[275512]","[0.584856]","[0.714095]","[329940]","[62369.2]","[0]","[1.10676]","[0.580621]",0,"[]","[]","[]","[]","[]","[]","[]","[]","[]","[]",0,"[428.315]",7767.84,"[6858.49,4931.95,2844.74,2871.98]","[]","[6685.22]","[]"
208,284500,13804764,364173,-1,618.688,5.35969e+06,1.32095,1.01378,1,1,1,1.25015,1.00936,1,1,0,0,1,"[1]","[1]","[243980]","[0.043698]","[1.16199]","[244213]","[0.0985489]","[1]","[11]","[1]","[0]","[-1632.94]","[0.00540453]","[0.705194]",271020,-1.98784,3,"[72150.6,56861.2,20101.6]","[-0.797558,-1.21951,0.120799]","[2.52318,-0.610572,2.08726]","[97445.1,105555,20660.1]","[0.951752,0.950119,0.98402]","[0,0,0]","[0,0,0]","[0.904678,-0.51498,-0.8079]",0,"[]","[]","[]","[]","[]","[]","[]","[]","[]","[]",1,"[286694]","[0.124008]","[1.21038]","[293914]","[54051.1]","[0]","[2.89447]","[0.247297]",0,"[]","[]","[]","[]","[]","[]","[]","[]","[]","[]",0,"[1877.45]",4675.34,"[4755.12,4219.49,1130.89]","[]","[1337.03]","[]"
209,284500,14782175,364173,-1,618.688,5.35969e+06,1.26459,0.99093,1,1,1,0.996028,1.00306,1,1,0,0,1,"[1]","[1]","[86197.9]","[1.08359]","[-2.05188]","[141953]","[0.0352631]","[-1]","[11]","[1]","[1368.51]","[-681.867]","[0.0157593]","[1.80779]",71010.4,-1.36876,5,"[193628,90297.7,47885.8,36240.9,30057.8]","[-1.3723,-0.204922,-2.21637,0.100511,0.401685]","[1.16254,-2.05017,1.70791,-2.37384,-0.958093]","[406787,93446.9,222395,36630.7,33025.4]","[1,0.999439,0.996624,0.988171,0.985042]","[0,0,0,0,0]","[0,0,0,0,0]","[-0.906237,-0.779622,-0.446374,-0.807676,-0.792866]",0,"[]","[]","[]","[]","[]","[]","[]","[]","[]","[]",1,"[266860]","[-1.77534]","[1.2746]","[819836]","[125680]","[0]","[0.993386]","[0.47389]",0,"[]","[]","[]","[]","[]","[]","[]","[]","[]","[]",0,"[352.934]",6272.82,"[6551.33,4378.39,2242,2075.49,2960.78]","[]","[34180.3]","[]"
210,284500,8101237,364173,0.151223,618.688,5.35969e+06,1.24168,1.00588,1,1,1,0.998827,1.00306,1,1,0,0,1,"[1]","[1]","[408760]","[1.13554]","[-2.4131]","[701863]","[0.0390682]","[-1]","[11]","[1]","[0]","[-654.188]","[-0.0309313]","[3.4477]",370002,0.9119,2,"[58068,33126]","[1.47807,0.661121]","[0.453828,-0.488208]","[134175,41211]","[0.994114,0.988646]","[0,0]","[0,0]","[-0.877442,-0.9079]",0,"[]","[]","[]","[]","[]","[]","[]","[]","[]","[]",1,"[417192]","[1.14495]","[-2.41129]","[721848]","[-0.0078125]","[0]","[0]","[-1]",0,"[]","[]","[]","[]","[]","[]","[]","[]","[]","[]",0,"[5837]",6438.28,"[8463.05,2673.32]","[]","[1675.91]","[]"
211,284500,14494616,364173,1,618.688,5.35969e+06,0.187531,0.97738,1,1,1,0.996884,1.00056,1,1,0,0,1,"[1]","[1]","[78331.2]","[0.545675]","[-2.31023]","[90285.4]","[0.0428734]","[1]","[11]","[1]","[0]","[1082.61]","[-0.0649453]","[2.36376]",75919,-2.56462,3,"[185401,143271,100321]","[0.149415,0.492058,0.0368273]","[0.226692,-3.0752,0.670766]","[188943,161326,100815]","[0,0,0.991679]","[0,0,0]","[0,0,0]","[-0.77805,-0.716951,-0.673947]",0,"[]","[]","[]","[]","[]","[]","[]","[]","[]","[]",1,"[260660]","[0.136135]","[0.381244]","[265089]","[32578.8]","[0]","[0.947448]","[0.671329]",0,"[]","[]","[]","[]","[]","[]","[]","[]","[]","[]",0,"[222.028]",3915.23,"[3697.57,2027.8,2367.15]","[]","[6294.62]","[]"
212,284500,13575623,364173,-1,618.688,5.35969e+06,0.923924,1.00588,1,1,1,0.998638,1.00306,1,1,0,0,1,"[1]","[1]","[351270]","[0.902895]","[-0.196595]","[504447]","[0.0873184]","[1]","[11]","[1]","[0]","[1419.67]","[0.0155439]","[1.64875]",381855,2.65494,2,"[87545.7,21525.8]","[1.68518,-0.751002]","[-1.40394,3.10464]","[244690,28183.8]","[0.995527,0.99692]","[0,0]","[0,0]","[-0.952401,-0.786706]",0,"[]","[]","[]","[]","[]","[]","[]","[]","[]","[]",1,"[374461]","[0.893627]","[-0.196973]","[534196]","[0.00552427]","[0]","[0]","[-1]",0,"[]","[]","[]","[]","[]","[]","[]","[]","[]","[]",0,"[4391.89]",4312.88,"[2406.49,5563.62]","[]","[21698.9]","[]"
213,284500,5245642,364173,1,618.688,5.35969e+06,0.619412,0.9823,1,1,1,0.995343,1.00632,1,1,0,0,1,"[1]","[1]","[120078]","[0.292654]","[-1.04825]","[125257]","[-0.0496826]","[-1]","[11]","[1]","[1336.8]","[58.545]","[-0.00239935]","[0.219003]",134119,-0.162578,5,"[256010,124745,103142,86194,23016.4]","[-0.439558,0.841582,-0.0331975,0.324228,1.20346]","[-3.1123,0.640529,2.07948,-1.77964,2.81445]","[281536,171940,103540,91392.6,42066.6]","[0,0,0.997508,0,0.905639]","[0,0,0,0,0]","[0,0,0,0,0]","[-0.8007,-0.753874,-0.825612,-0.735727,-0.853431]",0,"[]","[]","[]","[]","[]","[]","[]","[]","[]","[]",1,"[273973]","[-0.47975]","[-3.11083]","[306343]","[11924.6]","[0]","[3.06164]","[0.5065]",0,"[]","[]","[]","[]","[]","[]","[]","[]","[]","[]",0,"[466.218]",6705.38,"[4347.36,5706.08,3525.79,5141.26,2214.84]","[]","[3110.03]","[]"
214,284500,5621938,364173,3.26742,618.688,5.35969e+06,1.26459,1.00588,1,1,1,0.999222,1.00306,1,1,0,0,1,"[1]","[1]","[238510]","[0.883119]","[3.04762]","[337721]","[0.0437884]","[1]","[11]","[1]","[0]","[-1830.66]","[-0.0268722]","[2.58792]",260969,0.225133,2,"[63172,36018.7]","[0.768056,-0.911012]","[-2.17338,-1.17464]","[83429.1,52293.9]","[0.99757,0.92767]","[0,0]","[0,0]","[-0.840809,-0.943657]",0,"[]","[]","[]","[]","[]","[]","[]","[]","[]","[]",1,"[255639]","[0.890552]","[3.04719]","[363889]","[0]","[0]","[0]","[-1]",0,"[]","[]","[]","[]","[]","[]","[]","[]","[]","[]",0,"[2780.36]",5227,"[2055.72,2592.9]","[]","[3905.5]","[]"
215,284500,13598321,364173,-1,618.688,5.35969e+06,1.25133,0.98697,1,1,1,0.99718,1.00582,1,1,0,0,1,"[1]","[1]","[259094]","[-0.519373]","[3.04413]","[294832]","[-0.0221357]","[1]","[11]","[1]","[0]","[-1187.8]","[-0.0253085]","[2.12353]",259976,0.107583,3,"[56598.9,33466.6,23835.1]","[-0.850859,-2.27942,-0.342634]","[-1.27939,2.35517,-1.01474]","[78738.6,165393,25550]","[0.99,0.985107,0.974649]","[0,0,0]","[0,0,0]","[-0.786997,0.512007,-0.916185]",0,"[]","[]","[]","[]","[]","[]","[]","[]","[]","[]",1,"[267888]","[-0.521163]","[3.04085]","[305100]","[0.00338291]","[0]","[0]","[-1]",0,"[]","[]","[]","[]","[]","[]","[]","[]","[]","[]",0,"[2179.41]",3394.48,"[2115.54,3282.88,4183.84]","[]","[14849.8]","[]"
216,284500,5696072,364173,5.12581,618.688,5.35969e+06,0.75088,0.98089,1,1,1,0.997824,0.99866,1,1,0,0,1,"[1]","[1]","[263777]","[-1.11089]","[0.0166033]","[443982]","[0.00837326]","[-1]","[11]","[1]","[0]","[-748.392]","[0.000905902]","[0.127937]",308613,-2.93411,2,"[40016.7,29256.7]","[0.533812,-2.06908]","[0.941797,1.06709]","[46578.1,117737]","[0.972056,0.989273]","[0,0]","[0,0]","[-0.373583,-0.456193]",0,"[]","[]","[]","[]","[]","[]","[]","[]","[]","[]",1,"[311369]","[-1.09421]","[0.0199329]","[517128]","[0.00552427]","[0]","[0]","[-1]",0,"[]","[]","[]","[]","[]","[]","[]","[]","[]","[]",0,"[2811.36]",3743.25,"[3844.44,2676.44]","[]","[26218.8]","[]"
217,284500,5695488,364173,-1,618.688,5.35969e+06,1.25133,0.99211,1,1,1,0.998742,0.9918,1,1,0,0,1,"[1]","[1]","[247873]","[-0.675991]","[0.0903518]","[306697]","[-0.0732269]","[1]","[11]","[1]","[2267.45]","[129.343]","[0.00123243]","[0.225336]",217334,3.02018,1,"[38835.4]","[-2.07379]","[-2.38879]","[156998]","[0.990901]","[0]","[0]","[-0.703344]",0,"[]","[]","[]","[]","[]","[]","[]","[]","[]","[]",1,"[253795]","[-0.698245]","[0.0797622]","[318219]","[0.00552427]","[0]","[0]","[-1]",0,"[]","[]","[]","[]","[]","[]","[]","[]","[]","[]",0,"[1577.83]",2131.66,"[4731.16]","[]","[0]","[]"
218,284500,7811494,364173,1,618.688,5.35969e+06,0.553627,0.98413,1,1,1,0.998683,0.99866,1,1,0,0,1,"[1]","[1]","[94512.7]","[-1.05561]","[2.71168]","[152246]","[-0.00414276]","[-1]","[11]","[1]","[0]","[4306.15]","[0.00361508]","[0.526903]",70433,2.60205,3,"[339383,287366,76113.2]","[-1.31277,0.518918,0.0994329]","[-0.898852,2.24512,-0.302103]","[676643,327797,77221.3]","[0.993762,0.991898,0.995596]","[0,0,0]","[0,0,0]","[-0.738382,-0.911826,-0.919492]",0,"[]","[]","[]","[]","[]","[]","[]","[]","[]","[]",2,"[352265,311610]","[-1.32999,0.485813]","[-0.892248,2.2442]","[712747,349571]","[17250.3,17928.1]","[0,0]","[2.34444,1.54421]","[0.583501,0.678036]",0,"[]","[]","[]","[]","[]","[]","[]","[]","[]","[]",0,"[1086.45]",14933.4,"[16245.5,6912.69,3022.03]","[]","[4730.62,12872]","[]"
219,284500,4526660,364173,1,618.688,5.35969e+06,1.32095,0.9652,1,1,1,0.998343,0.98592,1,1,0,0,1,"[1]","[1]","[60711.9]","[-1.19136]","[-0.29442]","[109141]","[89.5858]","[-1]","[11]","[1]","[0]","[-479.301]","[0.00362683]","[0.375975]",46564.8,1.38369,3,"[241287,166766,58995.6]","[-0.494963,-1.36421,0.230581]","[-0.623746,2.6373,2.23741]","[271779,348328,60916.9]","[0.997249,0.999885,0.99]","[0,0,0]","[0,0,0]","[-0.447739,-0.951506,-0.692389]",0,"[]","[]","[]","[]","[]","[]","[]","[]","[]","[]",1,"[290515]","[-0.710371]","[-0.551985]","[374174]","[73165.4]","[0]","[0.0510128]","[0.44616]",0,"[]","[]","[]","[]","[]","[]","[]","[]","[]","[]",0,"[219.522]",11199.4,"[2757.06,10244.6,2974.55]","[]","[1369.19]","[]"
220,284500,10838816,364173,-1,618.688,5.35969e+06,0.75088,1.00588,1,1,1,0.997499,1.00306,1,1,0,0,1,"[1]","[1]","[224839]","[1.06604]","[0.439304]","[365164]","[0.00835037]","[-1]","[11]","[1]","[0]","[1300.77]","[0.00116286]","[0.207674]",255312,-2.2968,2,"[95368.4,26481.3]","[-1.77145,-1.33158]","[2.17963,0.438264]","[288630,53949.4]","[0.99984,0.695127]","[0,0]","[0,0]","[-0.821654,-0.801796]",0,"[]","[]","[]","[]","[]","[]","[]","[]","[]","[]",1,"[257064]","[1.04584]","[0.439332]","[410947]","[2033.93]","[0]","[17.9691]","[-1]",0,"[]","[]","[]","[]","[]","[]","[]","[]","[]","[]",0,"[2837.01]",977.562,"[3348.64,1834.14]","[]","[20550.2]","[]"
221,284500,6881536,364173,-1,618.688,5.35969e+06,0.696077,1.01378,1,1,1,0.999485,1.00936,1,1,0,0,1,"[1]","[1]","[292875]","[-0.0297892]","[-1.05071]","[293005]","[0.033123]","[1]","[11]","[1]","[0]","[4789.4]","[0.00936054]","[0.604489]",364463,2.16611,1,"[79533.8]","[0.790839]","[-0.914767]","[106308]","[0.999604]","[0]","[0]","[-0.867555]",0,"[]","[]","[]","[]","[]","[]","[]","[]","[]","[]",1,"[309226]","[0.155963]","[-1.03669]","[332171]","[111229]","[0]","[0.52056]","[0.719091]",0,"[]","[]","[]","[]","[]","[]","[]","[]","[]","[]",0,"[1673.9]",4048.5,"[4605.3]","[]","[4514.19]","[]"
222,284500,6882997,364173,0.805841,618.688,5.35969e+06,1.08735,0.99242,1,1,1,0.994846,0.99765,1,1,0,0,1,"[1]","[1]","[770975]","[0.762317]","[1.12753]","[1.00605e+06]","[-0.0276661]","[-1]","[11]","[1]","[0]","[879.58]","[-0.00627147]","[0.867311]",743726,-2.08485,3,"[37429.5,28025.5,20952.4]","[2.02406,1.31682,2.05079]","[-0.0481759,-1.57965,-1.84817]","[144235,56215.3,82837.5]","[0.995141,0.993012,0.99]","[0,0,0]","[0,0,0]","[-0.89231,-0.481265,-0.592668]",0,"[]","[]","[]","[]","[]","[]","[]","[]","[]","[]",1,"[785546]","[0.771692]","[1.12832]","[1.03129e+06]","[0.0078125]","[0]","[0]","[-1]",0,"[]","[]","[]","[]","[]","[]","[]","[]","[]","[]",0,"[8567.09]",1257.25,"[2420.55,1874.61,1272.17]","[]","[29105.7]","[]"
223,284500,6882856,364173,0.755002,618.688,5.35969e+06,1.74563,1.00588,1,1,1,0.999119,1.00306,1,1,0,0,1,"[1]","[1]","[263897]","[0.943987]","[1.49847]","[390473]","[0.0210876]","[1]","[11]","[1]","[1027.05]","[2240.28]","[-0.00585538]","[0.75628]",169254,-1.28404,1,"[106139]","[1.07382]","[-2.25971]","[174157]","[0.993735]","[0]","[0]","[-0.879141]",0,"[]","[]","[]","[]","[]","[]","[]","[]","[]","[]",1,"[304329]","[0.907495]","[1.49541]","[438550]","[7637.86]","[0]","[3.78511]","[0.25332]",0,"[]","[]","[]","[]","[]","[]","[]","[]","[]","[]",0,"[3011.27]",2750.62,"[2740.77]","[]","[9881.41]","[]"
224,284500,7554157,364173,1,618.688,5.35969e+06,0,0.95175,1,1,1,0.994947,0.9244,1,1,0,0,1,"[1]","[1]","[49046.4]","[1.17356]","[-2.47984]","[86879.7]","[-94.7024]","[-1]","[11]","[1]","[0]","[664.471]","[-0.0183753]","[1.89885]",57436.5,-1.13544,5,"[201389,178122,32310.5,30807.3,29837.2]","[0.711882,1.0128,2.40246,0.920261,0.421582]","[-2.09012,1.06145,2.72698,0.583732,1.56883]","[254914,278849,180089,45214.3,33156.8]","[0.996712,0.894932,0,0.998968,1]","[0,0,0,0,0]","[0,0,0,0,0]","[-0.886557,-0.880636,-0.630338,-0.881404,-0.667892]",0,"[]","[]","[]","[]","[]","[]","[]","[]","[]","[]",1,"[280182]","[0.856958]","[-2.17756]","[391528]","[39656]","[0]","[0.725447]","[0.550453]",0,"[]","[]","[]","[]","[]","[]","[]","[]","[]","[]",0,"[166.017]",6441.18,"[7407.06,8441.99,3676.92,3627.86,4971.42]","[]","[20097.8]","[]"
225,284500,13063390,364173,1,618.688,5.35969e+06,1.32095,0.97062,1,1,1,0.992598,0.98871,1,1,0,0,1,"[1]","[1]","[66155.1]","[-0.718615]","[1.2992]","[83984.5]","[-0.00423431]","[1]","[11]","[1]","[0]","[3699.91]","[-0.00729219]","[0.663851]",54937.2,-2.86789,7,"[142650,126408,106728,103673,78969.7,27967.5,25291.7]","[-0.397757,-0.0940237,-0.664767,-2.16435,0.539383,-0.721733,-1.99149]","[0.848102,-2.56951,0.423621,-1.70351,2.9608,-2.03125,-0.431907]","[155224,128099,132031,457578,92113.8,36178.7,94526.4]","[0,0.109357,0,0.0947095,0.152505,0.933405,0.971147]","[0,0,0,0,0,0,0]","[0,0,0,0,0,0,0]","[-0.744686,-0.757764,-0.773755,-0.778246,-0.974525,-0.916094,-0.764288]",0,"[]","[]","[]","[]","[]","[]","[]","[]","[]","[]",1,"[310668]","[-0.58198]","[0.927961]","[387458]","[130608]","[0]","[1.19742]","[0.388768]",0,"[]","[]","[]","[]","[]","[]","[]","[]","[]","[]",0,"[206.14]",6068.48,"[2982.34,4063.16,4214.47,3265.62,2033.57,2128.27,1746.17]","[]","[11853.4]","[]"
226,284500,13467893,364173,-1,618.688,5.35969e+06,1.26459,0.97435,1,1,1,0.998802,0.98425,1,1,0,0,1,"[1]","[1]","[47217.5]","[0.203244]","[-3.03673]","[48196.1]","[0.0353394]","[-1]","[11]","[1]","[0]","[1316.36]","[0.0108535]","[1.39353]",196370,-3.0044,2,"[262490,23788.1]","[0.786502,0.18316]","[0.0255142,0.180122]","[348747,24559.6]","[1,0.975943]","[0,0]","[0,0]","[-0.688695,-0.856984]",0,"[]","[]","[]","[]","[]","[]","[]","[]","[]","[]",1,"[268778]","[0.767918]","[0.0257263]","[352561]","[19921.9]","[0]","[1.73668]","[0.603879]",0,"[]","[]","[]","[]","[]","[]","[]","[]","[]","[]",0,"[210.071]",8826.12,"[8291.52,1729.49]","[]","[5539.81]","[]"
227,284500,9710454,364173,1,618.688,5.35969e+06,0.75088,0.97994,1,1,1,0.998263,1.00632,1,1,0,0,1,"[1]","[1]","[205345]","[0.29096]","[2.94172]","[214098]","[-0.0110779]","[1]","[11]","[1]","[0]","[4841.85]","[-0.0139204]","[1.20016]",293902,-0.0541709,3,"[87203.3,32065.6,31644.4]","[0.75802,-0.938462,0.0668773]","[2.69147,-1.9606,-1.60517]","[113938,47620.3,31897.2]","[0.984771,0.99024,1]","[0,0,0]","[0,0,0]","[-0.711661,0.129752,-0.893727]",0,"[]","[]","[]","[]","[]","[]","[]","[]","[]","[]",1,"[282403]","[0.493779]","[2.87398]","[324542]","[67075.3]","[0]","[0.759987]","[0.625219]",0,"[]","[]","[]","[]","[]","[]","[]","[]","[]","[]",0,"[1008.81]",799.781,"[3171.72,2014.17,4442.87]","[]","[12528.5]","[]"
228,284500,11010996,364173,-1,618.688,5.35969e+06,1.32095,0.97994,1,1,1,0.997621,1.00632,1,1,0,0,1,"[1]","[1]","[249829]","[0.40753]","[-1.82592]","[270864]","[0.0542107]","[1]","[11]","[1]","[0]","[2286.02]","[-0.0085158]","[0.990061]",182520,0.938062,2,"[77144.1,29528.7]","[0.314316,1.33137]","[1.94086,1.51226]","[81485.5,60136.5]","[0.99875,0.99925]","[0,0]","[0,0]","[-0.896064,-0.656943]",0,"[]","[]","[]","[]","[]","[]","[]","[]","[]","[]",1,"[268935]","[0.443006]","[-1.82518]","[295782]","[3687.58]","[0]","[24.0019]","[0.61772]",0,"[]","[]","[]","[]","[]","[]","[]","[]","[]","[]",0,"[3376.16]",13328,"[6103.87,5184.2]","[]","[3450.38]","[]"
229,284500,2305490,364173,-1,618.688,5.35969e+06,1.74563,1.00588,1,1,1,0.997867,1.00306,1,1,0,0,1,"[1]","[1]","[226446]","[0.856134]","[2.28044]","[314629]","[0.00246811]","[1]","[11]","[1]","[0]","[-1093.55]","[-0.0167206]","[1.31568]",211964,-0.93324,2,"[33007.1,29953.7]","[1.76534,-1.11901]","[2.48183,-0.0344382]","[99339.1,50910.5]","[0.99,0.956646]","[0,0]","[0,0]","[-0.894435,-0.891011]",0,"[]","[]","[]","[]","[]","[]","[]","[]","[]","[]",1,"[273395]","[0.990726]","[2.30587]","[434709]","[116132]","[0]","[0.682277]","[0.485851]",0,"[]","[]","[]","[]","[]","[]","[]","[]","[]","[]",0,"[2393.17]",7342.25,"[3168.89,2254.04]","[]","[24565.3]","[]"
230,284500,10561813,364173,0.549221,618.688,5.35969e+06,1.32095,0.97994,1,1,1,0.999278,1.00632,1,1,0,0,1,"[1]","[1]","[383049]","[0.410362]","[2.93695]","[415756]","[-0.0255737]","[1]","[11]","[1]","[0]","[3010.86]","[0.0115253]","[2.09931]",392795,-0.10639,1,"[22804.2]","[1.1761]","[-1.06584]","[40726.3]","[0.797082]","[0]","[0]","[-0.822995]",0,"[]","[]","[]","[]","[]","[]","[]","[]","[]","[]",1,"[396769]","[0.460902]","[2.92859]","[439693]","[5098.8]","[0]","[12.6582]","[0.391559]",0,"[]","[]","[]","[]","[]","[]","[]","[]","[]","[]",0,"[2567.98]",3444.22,"[2869.31]","[]","[19988.9]","[]"
231,284500,9279737,364173,3.34964,618.688,5.35969e+06,1.32095,0.96323,1,1,1,0.997552,1.00493,1,1,0,0,1,"[1]","[1]","[253783]","[-1.2998]","[-0.465259]","[500101]","[0.0265408]","[-1]","[11]","[1]","[0]","[212.831]","[0.0199116]","[2.08268]",147979,2.84217,3,"[25034.5,21735.8,20966]","[-1.02072,-1.15044,-0.203043]","[2.42924,0.87885,2.02503]","[39510.8,38047.8,21608.5]","[0.9858,0.930123,0.990938]","[0,0,0]","[0,0,0]","[-0.492981,0.240636,-0.923263]",0,"[]","[]","[]","[]","[]","[]","[]","[]","[]","[]",1,"[271010]","[-1.30123]","[-0.456629]","[534712]","[2625.75]","[0]","[0]","[-1]",0,"[]","[]","[]","[]","[]","[]","[]","[]","[]","[]",0,"[3129.91]",22013.2,"[1867.51,3518.62,1165.61]","[]","[9895.41]","[]"
232,284500,5767477,364173,-1,618.688,5.35969e+06,1.1961,0.99242,1,1,1,0.999065,0.99765,1,1,0,0,1,"[1]","[1]","[349126]","[0.671201]","[-0.407461]","[430765]","[0.00451469]","[1]","[11]","[1]","[0]","[-2389.35]","[0.00656521]","[1.02988]",242390,2.75336,2,"[40628.3,30119.9]","[0.609791,0.827278]","[2.92088,2.20522]","[49532.3,41731.4]","[0.988777,0.998388]","[0,0]","[0,0]","[-0.868725,-0.871067]",0,"[]","[]","[]","[]","[]","[]","[]","[]","[]","[]",1,"[377469]","[0.652381]","[-0.422705]","[464314]","[57943.3]","[0]","[0.551152]","[0.473402]",0,"[]","[]","[]","[]","[]","[]","[]","[]","[]","[]",0,"[3382.81]",3455.42,"[4035.77,2349.75]","[]","[9398.25]","[]"
233,284500,6260059,364173,1,618.688,5.35969e+06,1.25133,0.98697,1,1,1,0.997811,1.00582,1,1,0,0,1,"[1]","[1]","[318049]","[-0.451366]","[2.09215]","[351001]","[-0.0657272]","[1]","[11]","[1]","[0]","[-829.326]","[0.0104959]","[1.13526]",286653,-1.28785,2,"[63423.1,28449.6]","[0.19635,-2.18558]","[-0.3691,0.82882]","[65718.5,128193]","[0.969934,0.99408]","[0,0]","[0,0]","[-0.411277,-0.846383]",0,"[]","[]","[]","[]","[]","[]","[]","[]","[]","[]",1,"[336958]","[-0.423203]","[2.09393]","[367590]","[1619.71]","[0]","[0]","[-1]",0,"[]","[]","[]","[]","[]","[]","[]","[]","[]","[]",0,"[3468.44]",3849.25,"[2619.5,5638.36]","[]","[2819]","[]"
234,284500,8581485,364173,1,618.688,5.35969e+06,0.187531,0.96218,1,1,1,0.995743,0.97108,1,1,0,0,1,"[0]","[1]","[37719.9]","[0.740446]","[2.37813]","[48541.1]","[-0.0374231]","[1]","[11]","[1]","[1216.79]","[-61.9825]","[-0.000196969]","[0.0239174]",63852.8,-2.33181,4,"[445342,132811,50768.6,30507.4]","[-1.37762,0.236437,0.69188,-1.41835]","[0.293397,-2.78298,-3.06156,0.786796]","[939899,137207,63628.6,66784.6]","[0.992248,0.991576,0.987254,0.989473]","[0,0,0,0]","[0,0,0,0]","[-0.571568,-0.916896,-0.970654,-0.135814]",0,"[]","[]","[]","[]","[]","[]","[]","[]","[]","[]",1,"[473380]","[-1.38573]","[0.324412]","[1.00746e+06]","[63985.2]","[0]","[2.3445]","[0.583168]",0,"[]","[]","[]","[]","[]","[]","[]","[]","[]","[]",0,"[45.5478]",14539.6,"[13836,6656.94,2752.02,2592.8]","[]","[22285.6]","[]"
235,284500,8674787,364173,1,618.688,5.35969e+06,0.619412,0.97538,1,1,1,0.999228,1.01508,1,1,0,0,1,"[1]","[1]","[149180]","[-1.55753]","[2.41259]","[369798]","[0.016304]","[1]","[11]","[1]","[0]","[1535.89]","[-0.00679702]","[0.273631]",83990.3,-0.815462,1,"[107408]","[-1.91564]","[-0.640574]","[372747]","[0.997152]","[0]","[0]","[-0.919938]",0,"[]","[]","[]","[]","[]","[]","[]","[]","[]","[]",1,"[250091]","[-1.49976]","[2.4165]","[588303]","[11481.7]","[0]","[1.05409]","[0.331035]",0,"[]","[]","[]","[]","[]","[]","[]","[]","[]","[]",0,"[2886.87]",10995.7,"[8495.82]","[]","[6702.39]","[]"
236,284500,12463476,364173,1,618.688,5.35969e+06,1.32095,0.9823,1,1,1,0.995199,1.00632,1,1,0,0,1,"[1]","[1]","[118288]","[0.402938]","[1.39632]","[128021]","[0.0149689]","[-1]","[11]","[1]","[0]","[5498.04]","[0.0397087]","[1.61716]",24597.3,-1.13889,5,"[173176,161218,115254,26432,20227.7]","[0.371619,1.95808,-0.0602785,-0.197238,0.390312]","[-1.41223,1.65492,-1.53761,2.63821,0.327146]","[186002,582718,115988,27623.7,22383.3]","[0,0,0.988809,0.996888,0.967039]","[0,0,0,0,0]","[0,0,0,0,0]","[-0.782517,-0.835457,-0.929739,-0.846722,-0.921494]",0,"[]","[]","[]","[]","[]","[]","[]","[]","[]","[]",1,"[329115]","[0.318442]","[-1.41991]","[366443]","[120845]","[0]","[1.59151]","[0.445074]",0,"[]","[]","[]","[]","[]","[]","[]","[]","[]","[]",0,"[805.022]",599.203,"[3858.88,3919.35,7662.95,1792.08,1165.52]","[]","[5186.84]","[]"
237,284500,12523874,364173,-1,618.688,5.35969e+06,1.1961,0.96483,1,1,1,0.99818,1.00141,1,1,0,0,1,"[1]","[1]","[44081.6]","[1.55722]","[1.42668]","[109241]","[-0.0144482]","[-1]","[11]","[1]","[0]","[999.714]","[-0.0243168]","[1.3162]",56777.4,1.33605,2,"[287284,173961]","[1.763,1.032]","[-1.7808,1.40096]","[862662,275542]","[0.995455,0.996611]","[0,0]","[0,0]","[-0.762102,0.128761]",0,"[]","[]","[]","[]","[]","[]","[]","[]","[]","[]",1,"[271174]","[1.76079]","[-1.78232]","[812247]","[19192.4]","[0]","[1.57399]","[0.702811]",0,"[]","[]","[]","[]","[]","[]","[]","[]","[]","[]",0,"[251.867]",399.539,"[6718.55,5488.18]","[]","[19942.7]","[]"
238,284500,14684470,364173,1,618.688,5.35969e+06,0.696077,0.96654,1,1,1,0.994501,0.9995,1,1,0,0,1,"[1]","[1]","[70603.9]","[2.27174]","[-2.94314]","[345938]","[-60.6366]","[-1]","[11]","[1]","[0]","[-1263.16]","[-0.0264116]","[1.63689]",6506.33,-0.381029,7,"[281521,171733,91237.1,69420.5,57620.9,27293.8,21125.2]","[0.378015,-0.715955,1.86759,0.332644,-0.418921,-2.10286,-0.434658]","[2.4154,-0.369113,0.247435,-0.449979,-1.96567,-2.45226,-1.37803]","[302305,219600,302685,73639.7,63728.5,113501,23572.2]","[0.970128,0.998125,0.0444381,0.941509,0.992963,0.991343,0.880268]","[0,0,0,0,0,0,0]","[0,0,0,0,0,0,0]","[-0.843355,-0.885856,-0.96462,-0.899197,-0.220637,-0.231932,-0.893965]",0,"[]","[]","[]","[]","[]","[]","[]","[]","[]","[]",2,"[274728,271540]","[0.414969,-0.390403]","[2.41443,-0.396113]","[298927,315502]","[11031.3,118266]","[0,0]","[2.97841,0.944623]","[0.491876,0.821064]",0,"[]","[]","[]","[]","[]","[]","[]","[]","[]","[]",0,"[411.91]",30167.1,"[3362.35,6844.14,6290.88,8623.49,2208.91,2514.69,1447.54]","[]","[10107.4,18229]","[]"
239,284500,13869449,364173,-1.38649,618.688,5.35969e+06,0.934886,0.98089,1,1,1,0.997787,0.99866,1,1,0,0,1,"[1]","[1]","[277602]","[-1.17968]","[0.807496]","[494230]","[-0.0163956]","[-1]","[11]","[1]","[0]","[1649.16]","[-0.000562702]","[0.0710076]",197997,-2.42244,2,"[49375,20220]","[-0.77722,1.74725]","[-2.06118,-2.16043]","[65415.2,59880.4]","[0.99,1]","[0,0]","[0,0]","[-0.835789,-0.764508]",0,"[]","[]","[]","[]","[]","[]","[]","[]","[]","[]",1,"[313427]","[-1.14445]","[0.812823]","[542104]","[4006.27]","[0]","[9.93845]","[0.344599]",0,"[]","[]","[]","[]","[]","[]","[]","[]","[]","[]",0,"[378765]",14433.9,"[2885.24,1108.5]","[]","[1220.91]","[]"
240,284500,14390122,364173,0.958718,618.688,5.35969e+06,0.619412,0.97994,1,1,1,0.998863,1.00632,1,1,0,0,1,"[1]","[1]","[259114]","[0.420331]","[-0.202605]","[282343]","[0.0522308]","[-1]","[11]","[1]","[0]","[4126.33]","[0.029466]","[4.24459]",192172,3.06774,2,"[44794.2,27001.8]","[-0.450618,-0.879068]","[2.9061,2.18386]","[49877.1,38556.7]","[0.993496,0.963914]","[0,0]","[0,0]","[-0.870101,-0.12705]",0,"[]","[]","[]","[]","[]","[]","[]","[]","[]","[]",1,"[284421]","[0.395285]","[-0.204984]","[307021]","[7375.71]","[0]","[7.81975]","[-1]",0,"[]","[]","[]","[]","[]","[]","[]","[]","[]","[]",0,"[1364.53]",6950.38,"[5190.02,3941.77]","[]","[261.312]","[]"
241,284500,12304731,364173,1,618.688,5.35969e+06,0.923924,0.96654,1,1,1,0.99662,0.9995,1,1,0,0,1,"[1]","[1]","[73686.6]","[2.11154]","[-2.46807]","[308820]","[0.194304]","[1]","[11]","[1]","[5949.57]","[-625.982]","[0.0144182]","[0.318068]",38138.5,-1.50257,4,"[114066,100235,24623.3,22224.8]","[-0.229818,1.676,-0.589613,-0.110925]","[0.626,-1.88187,-1.29697,1.75076]","[118192,277630,29508.1,22811.1]","[0.948029,0.992956,0.992339,0.949393]","[0,0,0,0]","[0,0,0,0]","[-0.796463,-0.924142,-0.886895,-0.699132]",0,"[]","[]","[]","[]","[]","[]","[]","[]","[]","[]",1,"[282351]","[1.9667]","[-2.13622]","[1.03247e+06]","[87581.7]","[0]","[1.18869]","[0.397808]",0,"[]","[]","[]","[]","[]","[]","[]","[]","[]","[]",0,"[385.987]",24204.7,"[11452.4,6104.98,1981.47,1768.28]","[]","[3781.5]","[]"
242,284500,13616690,364173,-0.944804,618.688,5.35969e+06,0.934886,0.98697,1,1,1,0.997832,1.00582,1,1,0,0,1,"[1]","[1]","[268165]","[-0.568972]","[-1.07299]","[312755]","[0.0385208]","[1]","[11]","[1]","[0]","[-222.934]","[-0.0351266]","[2.79858]",327844,1.96329,2,"[72783.1,28684.3]","[0.441392,-1.95103]","[-1.94032,0.283425]","[80292.9,103108]","[0.994675,0.98137]","[0,0]","[0,0]","[-0.938681,-0.71921]",0,"[]","[]","[]","[]","[]","[]","[]","[]","[]","[]",1,"[276879]","[-0.571487]","[-1.07146]","[323337]","[0.00390625]","[0]","[0]","[-1]",0,"[]","[]","[]","[]","[]","[]","[]","[]","[]","[]",0,"[5017.75]",1119.75,"[2621.11,2604.72]","[]","[2327.69]","[]"
243,284500,12665765,364173,-1,618.688,5.35969e+06,1.1961,0.99211,1,1,1,0.997851,0.9918,1,1,0,0,1,"[1]","[1]","[347469]","[-0.76597]","[0.454178]","[454483]","[-0.0505676]","[-1]","[11]","[1]","[0]","[1258.51]","[0.00573256]","[0.796916]",318046,-3.09311,3,"[85808.6,68946.7,23110]","[0.111386,1.50292,-0.00369788]","[-1.42728,-2.14677,0.617369]","[86461.2,162801,23857.7]","[0.0937274,0.98284,0.60932]","[0,0,0]","[0,0,0]","[-0.978628,-0.918238,-0.419791]",0,"[]","[]","[]","[]","[]","[]","[]","[]","[]","[]",1,"[372417]","[-0.745127]","[0.451984]","[480684]","[2786.07]","[0]","[13.3417]","[-1]",0,"[]","[]","[]","[]","[]","[]","[]","[]","[]","[]",0,"[3383.03]",903.688,"[3489.56,2808.19,1207.45]","[]","[14093.3]","[]"
244,284500,14307427,364173,1,618.688,5.35969e+06,1.74563,1.00588,1,1,1,0.999191,1.00306,1,1,0,0,1,"[1]","[1]","[311150]","[0.995937]","[1.36634]","[478648]","[0.137173]","[-1]","[11]","[1]","[0]","[296.499]","[0.0166187]","[1.28322]",346976,-1.61851,1,"[94842.7]","[-0.290524]","[2.44609]","[99474.4]","[0.999588]","[0]","[0]","[-0.886543]",0,"[]","[]","[]","[]","[]","[]","[]","[]","[]","[]",1,"[332090]","[1.01719]","[1.36685]","[519232]","[2000.36]","[0]","[0]","[-1]",0,"[]","[]","[]","[]","[]","[]","[]","[]","[]","[]",0,"[5339.93]",625.719,"[2013.56]","[]","[22836]","[]"
245,284500,2167420,364173,-1,618.688,5.35969e+06,1.25133,0.96203,1,1,1,0.997256,1.01508,1,1,0,0,1,"[1]","[1]","[325207]","[-1.623]","[-0.797915]","[856205]","[-0.0280533]","[1]","[11]","[1]","[1246.53]","[910.932]","[0.00162942]","[0.247115]",377570,2.29903,2,"[47723,31148.2]","[-1.82403,-2.23962]","[-1.86026,-0.225034]","[151863,147958]","[1,0.91033]","[0,0]","[0,0]","[-0.774062,-0.769292]",0,"[]","[]","[]","[]","[]","[]","[]","[]","[]","[]",1,"[379945]","[-1.66196]","[-0.769805]","[1.03981e+06]","[74470.6]","[0]","[1.82703]","[0.434997]",0,"[]","[]","[]","[]","[]","[]","[]","[]","[]","[]",0,"[7317.86]",5245.69,"[2806,7848.83]","[]","[36509.3]","[]"
246,284500,13887840,364173,-1.18749,618.688,5.35969e+06,0.696077,0.97994,1,1,1,0.999275,1.00632,1,1,0,0,1,"[1]","[1]","[245685]","[0.147534]","[-0.91261]","[248364]","[-0.0739489]","[1]","[11]","[1]","[0]","[-1154.6]","[-0.00196009]","[0.373155]",154465,2.21167,1,"[90088.8]","[0.337369]","[2.31593]","[95464.7]","[0.988466]","[0]","[0]","[-0.919844]",0,"[]","[]","[]","[]","[]","[]","[]","[]","[]","[]",1,"[254718]","[0.158478]","[-0.919467]","[257923]","[-0.00468343]","[0]","[0]","[-1]",0,"[]","[]","[]","[]","[]","[]","[]","[]","[]","[]",0,"[1398.21]",4708.86,"[5087.02]","[]","[11878.4]","[]"
247,284500,11697347,364173,1,618.688,5.35969e+06,0.619412,1.00588,1,1,1,0.998313,1.00306,1,1,0,0,1,"[1]","[1]","[200930]","[0.829655]","[-1.05128]","[274141]","[-0.0444183]","[1]","[11]","[1]","[0]","[-486.4]","[0.00810978]","[0.512471]",216747,2.01298,2,"[60512.7,20452.5]","[2.33202,-0.926953]","[0.383663,-3.11096]","[314625,30297.5]","[0.961108,0.742303]","[0,0]","[0,0]","[-0.85492,-0.85478]",0,"[]","[]","[]","[]","[]","[]","[]","[]","[]","[]",1,"[261978]","[0.814537]","[-1.1479]","[355326]","[32916.6]","[0]","[0.907657]","[0.738711]",0,"[]","[]","[]","[]","[]","[]","[]","[]","[]","[]",0,"[2346.09]",2791.2,"[5670.77,1288.89]","[]","[0]","[]"
248,284500,13545112,364173,0.246158,618.688,5.35969e+06,0.738662,0.98089,1,1,1,0.998911,0.99866,1,1,0,0,1,"[1]","[1]","[259537]","[-1.10682]","[-2.02934]","[435415]","[-0.0149231]","[-1]","[11]","[1]","[0]","[-425.374]","[0.0082708]","[0.630775]",383294,0.846865,2,"[89433.5,89419.9]","[-1.55408,-1.5011]","[2.88062,-2.22564]","[221170,210580]","[1,0.232441]","[0,0]","[0,0]","[-0.780205,-0.812685]",0,"[]","[]","[]","[]","[]","[]","[]","[]","[]","[]",1,"[332464]","[-1.24494]","[-2.06211]","[627138]","[49967]","[0]","[0.0626847]","[0.320125]",0,"[]","[]","[]","[]","[]","[]","[]","[]","[]","[]",0,"[3477.73]",17701.9,"[8115.5,3677.81]","[]","[443]","[]"
249,284500,11664866,364173,-1,618.688,5.35969e+06,0.619412,0.96972,1,1,1,0.997595,0.99544,1,1,0,0,1,"[1]","[1]","[314479]","[1.16309]","[0.113804]","[552274]","[-0.0423901]","[1]","[11]","[1]","[0]","[-1194.33]","[-0.00206078]","[0.239364]",222350,-2.95491,2,"[78380,23546.8]","[-0.122363,-1.62807]","[-2.62012,2.19045]","[79797.7,62434.2]","[0.961142,0.658819]","[0,0]","[0,0]","[-0.938467,-0.562945]",0,"[]","[]","[]","[]","[]","[]","[]","[]","[]","[]",1,"[340247]","[1.17116]","[0.116078]","[601515]","[-0.0078125]","[0]","[0]","[-1]",0,"[]","[]","[]","[]","[]","[]","[]","[]","[]","[]",0,"[5162.2]",12000.5,"[2806.17,1614.59]","[]","[27666.7]","[]"
250,284500,2061996,364173,-2.4252,618.688,5.35969e+06,1.26205,0.98697,1,1,1,0.999393,1.00582,1,1,0,0,1,"[1]","[1]","[274217]","[-0.290873]","[-0.206592]","[285899]","[-0.108147]","[-1]","[11]","[1]","[0]","[-662.456]","[0.0300085]","[3.29099]",257809,2.59222,1,"[54087.8]","[-1.2773]","[-1.67329]","[104913]","[0.975385]","[0]","[0]","[-0.602915]",0,"[]","[]","[]","[]","[]","[]","[]","[]","[]","[]",1,"[282482]","[-0.330264]","[-0.210377]","[298030]","[1125.9]","[0]","[0]","[-1]",0,"[]","[]","[]","[]","[]","[]","[]","[]","[]","[]",0,"[1551.21]",19788.3,"[3960.64]","[]","[22747]","[]"
251,284500,12608125,364173,1,618.688,5.35969e+06,1.26205,0.96203,1,1,1,0.998254,1.01508,1,1,0,0,1,"[1]","[1]","[290200]","[-1.62264]","[-1.23442]","[763778]","[-0.107773]","[1]","[11]","[1]","[0]","[6694.15]","[-0.0184266]","[0.76873]",300168,2.28561,3,"[51408.5,46732.4,38324]","[-1.83166,0.498232,-0.192981]","[0.084762,0.41507,1.26175]","[164870,53080.6,39264.3]","[0.995152,0.998134,1]","[0,0,0]","[0,0,0]","[-0.513792,-0.941823,-0.884295]",0,"[]","[]","[]","[]","[]","[]","[]","[]","[]","[]",1,"[326561]","[-1.65597]","[-1.23332]","[886494]","[7791.59]","[0]","[18.6548]","[0.186977]",0,"[]","[]","[]","[]","[]","[]","[]","[]","[]","[]",0,"[4948.98]",17453.4,"[3273.5,5710.87,1965.48]","[]","[26994.1]","[]"
252,284500,9255772,364173,1,618.688,5.35969e+06,1.32095,0.97097,1,1,1,0.997776,0.99737,1,1,0,0,1,"[1]","[1]","[35553.2]","[0.399959]","[0.250308]","[38434.9]","[-57.9196]","[1]","[11]","[1]","[0]","[423.07]","[0.00568403]","[0.623355]",52790.5,-1.14196,4,"[365292,342953,80223.9,25291.9]","[1.45864,0.678068,-0.567,1.01665]","[1.79402,-1.34573,2.70526,-0.551958]","[828376,426773,93992.6,40019]","[0.986864,1,0,0.906849]","[0,0,0,0]","[0,0,0,0]","[-0.466811,-0.249577,-0.833563,-0.807174]",0,"[]","[]","[]","[]","[]","[]","[]","[]","[]","[]",2,"[356912,314645]","[1.46161,0.688465]","[1.79303,-1.36619]","[811229,393289]","[17432.6,29169.7]","[0,0]","[2.40566,2.07336]","[0.571396,0.333855]",0,"[]","[]","[]","[]","[]","[]","[]","[]","[]","[]",0,"[116.925]",4480.69,"[9581,14492,1951.83,2106.08]","[]","[4533.06,2578.81]","[]"
253,284500,5583565,364173,1,618.688,5.35969e+06,1.1961,0.98428,1,1,1,0.994892,1.00121,1,1,0,0,1,"[1]","[1]","[220993]","[-1.91555]","[-2.61771]","[766615]","[-0.207649]","[1]","[11]","[1]","[1001.33]","[3297.03]","[-0.0153094]","[0.667176]",321534,0.513306,4,"[43286.8,33091.8,29832.2,24181.6]","[-1.0728,-1.59317,-1.66258,1.22372]","[2.76588,-1.53998,-2.1112,2.24526]","[71063.5,85020,81653.4,44894.1]","[0.974192,0.986684,0.98498,0.99]","[0,0,0,0]","[0,0,0,0]","[-0.943283,-0.74141,-0.916497,-0.509509]",0,"[]","[]","[]","[]","[]","[]","[]","[]","[]","[]",1,"[291045]","[-1.89531]","[-2.55398]","[991673]","[52876.6]","[0]","[1.07109]","[0.683927]",0,"[]","[]","[]","[]","[]","[]","[]","[]","[]","[]",0,"[2533.12]",24350.2,"[3567.71,2190.14,2405.02,5144.78]","[]","[20237.4]","[]"
254,284500,4349971,364173,1,618.688,5.35969e+06,0.75088,0.97209,1,1,1,0.996855,0.99756,1,1,0,0,1,"[0]","[1]","[73121.9]","[0.0407668]","[-0.772852]","[73182.7]","[0.0333576]","[1]","[11]","[1]","[0]","[359.763]","[-0.000403526]","[0.0603345]",13583.8,-0.199856,5,"[356800,111455,99450.1,48256,24054.8]","[-1.41005,1.69107,-1.17982,-1.1345,-0.740635]","[3.0802,-0.0172587,0.0154928,1.30998,0.183312]","[775246,313159,177372,83031.4,31321.3]","[0.997014,0.987019,0.998429,1,0.98486]","[0,0,0,0,0]","[0,0,0,0,0]","[-0.858916,-0.167383,-0.879559,-0.90018,-0.590857]",0,"[]","[]","[]","[]","[]","[]","[]","[]","[]","[]",1,"[358956]","[-1.41905]","[3.08184]","[785933]","[32946.6]","[0]","[2.21981]","[0.776293]",0,"[]","[]","[]","[]","[]","[]","[]","[]","[]","[]",0,"[521.918]",35539.1,"[15495,6537.88,4722.05,2244.85,1762.25]","[]","[16217.6]","[]"
255,284500,12663854,364173,-1.10533,618.688,5.35969e+06,1.21412,0.98089,1,1,1,0.999383,0.99866,1,1,0,0,1,"[1]","[1]","[416570]","[-1.04486]","[-1.98808]","[665414]","[-0.0194254]","[-1]","[11]","[1]","[0]","[-1802.31]","[-0.0287635]","[4.1217]",422913,0.958152,1,"[85303.2]","[1.75237]","[2.56356]","[253539]","[1]","[0]","[0]","[-0.872153]",0,"[]","[]","[]","[]","[]","[]","[]","[]","[]","[]",1,"[454562]","[-1.04231]","[-1.9896]","[724666]","[1503.97]","[0]","[0]","[-1]",0,"[]","[]","[]","[]","[]","[]","[]","[]","[]","[]",0,"[5403.46]",111.719,"[3729.06]","[]","[11678.3]","[]"
256,284500,12356227,364173,1,618.688,5.35969e+06,1.1961,0.9823,1,1,1,0.998872,1.00632,1,1,0,0,1,"[1]","[1]","[132846]","[0.308466]","[-0.616291]","[139217]","[-0.092001]","[1]","[11]","[1]","[0]","[-4.1557]","[-0.00629386]","[0.629936]",26591.6,2.40472,2,"[254798,91258]","[-0.269449,-2.10033]","[2.16586,-1.36984]","[264423,378406]","[1,0.996525]","[0,0]","[0,0]","[-0.924389,-0.913952]",0,"[]","[]","[]","[]","[]","[]","[]","[]","[]","[]",1,"[272822]","[-0.258116]","[2.16338]","[282081]","[8211.19]","[0]","[2.28409]","[0.394759]",0,"[]","[]","[]","[]","[]","[]","[]","[]","[]","[]",0,"[632.966]",1348.84,"[2788.92,10074.4]","[]","[11037.1]","[]"
257,284500,12003664,364173,1,618.688,5.35969e+06,0.696077,0.98697,1,1,1,0.999468,1.00582,1,1,0,0,1,"[1]","[1]","[247270]","[-0.460883]","[3.05213]","[274000]","[-0.00533676]","[-1]","[11]","[1]","[0]","[-1621.39]","[0.0194945]","[2.1234]",220673,-0.258897,1,"[34113.1]","[-1.03409]","[-0.0694552]","[54278.4]","[0.997484]","[0]","[0]","[-0.917876]",0,"[]","[]","[]","[]","[]","[]","[]","[]","[]","[]",1,"[263332]","[-0.458957]","[3.05873]","[291556]","[-0.00276214]","[0]","[0]","[-1]",0,"[]","[]","[]","[]","[]","[]","[]","[]","[]","[]",0,"[1281.52]",2238.72,"[2925.45]","[]","[5798.47]","[]"
258,284500,9194683,364173,1,618.688,5.35969e+06,0.75088,0.95508,1,1,1,0.99779,0.93664,1,1,0,0,1,"[0]","[1]","[55448.1]","[-1.23046]","[-0.178376]","[102994]","[-0.00597763]","[1]","[11]","[1]","[0]","[154.735]","[0.0126016]","[1.01262]",148004,0.476662,4,"[330306,65594.7,55095.4,38622]","[-0.544483,-0.407851,0.290821,1.85033]","[-2.84437,0.0672033,0.0851561,1.24563]","[380935,71558,58016.2,125939]","[0.989933,1,0.993214,0.988116]","[0,0,0,0]","[0,0,0,0]","[-0.960667,-0.566433,-0.856704,-0.853696]",0,"[]","[]","[]","[]","[]","[]","[]","[]","[]","[]",1,"[318840]","[-0.532587]","[-2.84699]","[365538]","[17087.7]","[0]","[10.3298]","[0.537131]",0,"[]","[]","[]","[]","[]","[]","[]","[]","[]","[]",0,"[692.099]",16959.1,"[9533.13,1848.54,7822.96,2655.64]","[]","[4786.09]","[]"
259,284500,563680,364173,-1,618.688,5.35969e+06,1.24168,0.98413,1,1,1,0.996872,0.99866,1,1,0,0,1,"[1]","[1]","[96942.8]","[-0.913191]","[1.53247]","[140252]","[0.0306282]","[-1]","[11]","[1]","[0]","[103.336]","[-0.00696095]","[0.558942]",71002.2,1.86949,3,"[147153,123758,118354]","[0.632669,1.25349,0.66318]","[-1.5319,-1.51521,1.55766]","[178113,235508,145845]","[0.945821,0.184194,0.0150127]","[0,0,0]","[0,0,0]","[-0.35528,-0.818902,-0.782834]",0,"[]","[]","[]","[]","[]","[]","[]","[]","[]","[]",1,"[271748]","[0.9478]","[-1.51659]","[407980]","[62125]","[0]","[0.986581]","[0.476884]",0,"[]","[]","[]","[]","[]","[]","[]","[]","[]","[]",0,"[1108.64]",10858.7,"[2216.62,4208.21,7706.87]","[]","[10182.7]","[]"
260,284500,13873232,364173,-1.32762,618.688,5.35969e+06,1.26205,0.96323,1,1,1,0.998758,1.00493,1,1,0,0,1,"[1]","[1]","[275856]","[-1.19939]","[-0.130963]","[499228]","[0.0448036]","[1]","[11]","[1]","[11007.4]","[-205.031]","[-0.0133448]","[1.07633]",360001,3.04489,2,"[42705.5,21769.1]","[-0.235271,0.370037]","[0.112577,-0.000543219]","[44481.9,23474.9]","[0.999888,0.953256]","[0,0]","[0,0]","[-0.881016,-0.657905]",0,"[]","[]","[]","[]","[]","[]","[]","[]","[]","[]",1,"[288348]","[-1.19941]","[-0.135774]","[521841]","[-0.0078125]","[0]","[0]","[-1]",0,"[]","[]","[]","[]","[]","[]","[]","[]","[]","[]",0,"[4029.86]",20757.8,"[5015.69,1635.78]","[]","[16802.6]","[]"
261,284500,6583586,364173,-1,618.688,5.35969e+06,0.75088,0.98089,1,1,1,0.997443,0.99866,1,1,0,0,1,"[1]","[1]","[253013]","[-0.952338]","[-0.400763]","[376686]","[0.0134468]","[1]","[11]","[1]","[0]","[770.181]","[0.0252748]","[3.05961]",212309,3.00646,3,"[58553.3,30504.6,30014.3]","[0.597821,-1.26656,-0.0933722]","[1.45545,3.00633,2.46508]","[70065,58739.4,31189.3]","[0.995427,0.988677,0.989843]","[0,0,0]","[0,0,0]","[-0.0881591,-0.226014,-0.801216]",0,"[]","[]","[]","[]","[]","[]","[]","[]","[]","[]",1,"[262322]","[-0.968853]","[-0.410587]","[395376]","[0.00676582]","[0]","[0]","[-1]",0,"[]","[]","[]","[]","[]","[]","[]","[]","[]","[]",0,"[2615.72]",1960.83,"[7252.55,3078.4,1974.72]","[]","[0]","[]"
262,284500,14788126,364173,1,618.688,5.35969e+06,0.619412,0.97749,1,1,1,0.997554,1.00021,1,1,0,0,1,"[1]","[1]","[70971.3]","[0.720147]","[-2.4363]","[90183.8]","[-0.0111181]","[-1]","[11]","[1]","[0]","[375.897]","[0.0141059]","[1.58205]",114216,-1.9899,4,"[316243,130465,74356,63611.4]","[0.82889,-0.482433,0.904745,0.951007]","[1.12464,-2.28067,0.262586,-0.915583]","[434373,146616,107542,95207.7]","[0.284071,0,0.988258,0]","[0,0,0,0]","[0,0,0,0]","[-0.921562,-0.715781,-0.895529,-0.830309]",0,"[]","[]","[]","[]","[]","[]","[]","[]","[]","[]",1,"[419510]","[0.871119]","[0.992141]","[606286]","[143715]","[0]","[1.5094]","[0.612786]",0,"[]","[]","[]","[]","[]","[]","[]","[]","[]","[]",0,"[275.734]",17908,"[5947.1,2815.87,3988.95,2627.46]","[]","[4957.5]","[]"
263,284500,3817606,364173,1,618.688,5.35969e+06,1.21412,0.98089,1,1,1,0.998879,0.99866,1,1,0,0,1,"[1]","[1]","[287497]","[-0.86032]","[0.445121]","[400619]","[0.0257263]","[-1]","[11]","[1]","[5408.48]","[664.553]","[-0.00877969]","[1.17169]",294456,-2.33508,1,"[130667]","[0.100792]","[2.15113]","[131709]","[0.995804]","[0]","[0]","[-0.832902]",0,"[]","[]","[]","[]","[]","[]","[]","[]","[]","[]",1,"[301306]","[-0.88339]","[0.443953]","[426719]","[0]","[0]","[0]","[-1]",0,"[]","[]","[]","[]","[]","[]","[]","[]","[]","[]",0,"[2803.15]",1267.72,"[5698.35]","[]","[7354.75]","[]"
264,284500,10920840,364173,3.00275,618.688,5.35969e+06,1.25133,0.99211,1,1,1,0.998936,0.9918,1,1,0,0,1,"[1]","[1]","[241283]","[-0.622955]","[0.302232]","[289634]","[-0.01577]","[-1]","[11]","[1]","[0]","[696.069]","[0.0205012]","[3.06156]",311869,-2.69806,2,"[44987.3,29085.6]","[0.313927,-0.629691]","[0.647799,1.21349]","[47934,35601.1]","[0.993862,1]","[0,0]","[0,0]","[-0.773189,-0.931922]",0,"[]","[]","[]","[]","[]","[]","[]","[]","[]","[]",1,"[280544]","[-0.590561]","[0.343675]","[342229]","[87310]","[0]","[0.645702]","[0.637645]",0,"[]","[]","[]","[]","[]","[]","[]","[]","[]","[]",0,"[1451.57]",6813.22,"[5490.41,3094.29]","[]","[4454.47]","[]"
265,284500,12083208,364173,1,618.688,5.35969e+06,1.32095,0.99093,1,1,1,0.998364,1.00306,1,1,0,0,1,"[1]","[1]","[145556]","[1.09209]","[0.430396]","[241332]","[-0.00580597]","[1]","[11]","[1]","[0]","[1107.77]","[0.0134532]","[2.00166]",65808.4,0.288978,3,"[261647,70823.9,24370.4]","[-0.270365,-1.35663,-0.10431]","[-2.79164,0.327866,-0.928567]","[272312,147043,24820.2]","[1,0.993672,0.989115]","[0,0,0]","[0,0,0]","[-0.981898,-0.958006,-0.851236]",0,"[]","[]","[]","[]","[]","[]","[]","[]","[]","[]",1,"[266861]","[-0.28735]","[-2.78771]","[278815]","[21880.4]","[0]","[1.57805]","[0.49908]",0,"[]","[]","[]","[]","[]","[]","[]","[]","[]","[]",0,"[1320.3]",4692.44,"[5869.84,2783.22,1698.58]","[]","[607.531]","[]"
266,284500,296961,364173,1,618.688,5.35969e+06,1.25133,0.96194,1,1,1,0.993059,1.01532,1,1,0,0,1,"[1]","[1]","[55290.3]","[2.17137]","[-2.31211]","[245607]","[-76.6254]","[-1]","[11]","[1]","[3296.6]","[895.172]","[0.00245436]","[0.170215]",20221.7,2.31176,7,"[480012,178840,151077,127338,70155.5,67836.6,28344.1]","[1.43686,0.162203,2.23929,-0.291008,1.52218,2.35514,-0.35663]","[1.6107,-2.04428,-1.2085,-1.84682,-0.70544,0.722023,-1.18475]","[1.06778e+06,182964,717317,133285,168743,360774,30705.9]","[0.993165,0.98865,0.988263,0.998371,0.985829,0,0.992843]","[0,0,0,0,0,0,0]","[0,0,0,0,0,0,0]","[-0.981769,-0.927934,-0.907303,-0.925045,-0.658219,-0.530963,-0.81462]",0,"[]","[]","[]","[]","[]","[]","[]","[]","[]","[]",2,"[421985,286363]","[1.44243,-0.0161672]","[1.61542,-1.95449]","[942966,297850]","[27314,81789.3]","[0,0]","[2.68576,0.953527]","[0.664649,0.835465]",0,"[]","[]","[]","[]","[]","[]","[]","[]","[]","[]",0,"[527.28]",17262.3,"[8185.14,6994.46,9283.43,1955.36,6192.22,3143.53,2090.57]","[]","[5428.16,17573.2]","[]"
267,284500,12044155,364173,1,618.688,5.35969e+06,1.26459,0.95586,1,1,1,0.996869,0.97537,1,1,0,0,1,"[1]","[1]","[34275.5]","[0.59619]","[-0.384011]","[40549.5]","[-0.0174103]","[-1]","[11]","[1]","[0]","[1047.31]","[-0.0165951]","[1.73453]",37860.3,-1.73561,4,"[397963,219007,175021,26860.5]","[0.987894,1.26447,-1.89554,-0.773093]","[-2.4351,0.699749,0.881495,0.0763758]","[610303,418916,595919,35538.8]","[0.990686,0.996222,0.999587,0.98516]","[0,0,0,0]","[0,0,0,0]","[-0.914819,-0.749185,-0.24165,-0.803072]",0,"[]","[]","[]","[]","[]","[]","[]","[]","[]","[]",1,"[412815]","[0.991033]","[-2.43805]","[634545]","[48583]","[0]","[1.86646]","[0.828988]",0,"[]","[]","[]","[]","[]","[]","[]","[]","[]","[]",0,"[95.8375]",3694.72,"[11336.6,3543.76,15894.5,5106.66]","[]","[23980.2]","[]"
268,284500,2592961,364173,1,618.688,5.35969e+06,1.32095,0.98697,1,1,1,0.995852,1.00582,1,1,0,0,1,"[1]","[1]","[376767]","[-0.539533]","[1.67145]","[432948]","[-0.120104]","[1]","[11]","[1]","[0]","[-2068.33]","[-0.0244366]","[2.86336]",288292,-1.70824,4,"[141872,102396,40685.6,35417.3]","[1.52325,-1.08704,-2.20583,1.34418]","[-0.711697,-2.8561,0.48688,0.18268]","[341668,169770,186978,72650.9]","[1,0.998386,0.99,0.857293]","[0,0,0,0]","[0,0,0,0]","[-0.469822,0.0192172,-0.927789,-0.0319823]",0,"[]","[]","[]","[]","[]","[]","[]","[]","[]","[]",1,"[385656]","[-0.538014]","[1.67071]","[442831]","[-0.00478416]","[0]","[0]","[-1]",0,"[]","[]","[]","[]","[]","[]","[]","[]","[]","[]",0,"[4170.85]",1022.22,"[7675.85,2275.67,5074.29,2110.59]","[]","[2730.47]","[]"
269,284500,3683321,364173,1,618.688,5.35969e+06,0.402058,0.96203,1,1,1,0.999186,1.01508,1,1,0,0,1,"[1]","[1]","[239896]","[-1.53977]","[-0.402351]","[585101]","[-0.0275459]","[1]","[11]","[1]","[0]","[-952.297]","[0.00442477]","[0.4952]",161375,2.53744,2,"[80474.9,55586.3]","[-0.836474,-0.243554]","[2.38969,-2.05374]","[111187,57519.3]","[0.988771,0.98591]","[0,0]","[0,0]","[-0.948055,-0.820543]",0,"[]","[]","[]","[]","[]","[]","[]","[]","[]","[]",1,"[260134]","[-1.55642]","[-0.413109]","[644188]","[2788.34]","[0]","[0]","[-1]",0,"[]","[]","[]","[]","[]","[]","[]","[]","[]","[]",0,"[4662.56]",2815.42,"[3298.41,3282.83]","[]","[5222.77]","[]"
270,284500,540254,364173,1,618.688,5.35969e+06,1.55465,0.96972,1,1,1,1,0.99544,1,1,0,0,1,"[1]","[1]","[242777]","[1.30248]","[1.73407]","[479518]","[-0.00895882]","[-1]","[11]","[1]","[0]","[178.979]","[0.0196874]","[0.995599]",267491,-1.25173,0,"[]","[]","[]","[]","[]","[]","[]","[]",0,"[]","[]","[]","[]","[]","[]","[]","[]","[]","[]",1,"[273216]","[1.32374]","[1.73093]","[549657]","[1338.05]","[0]","[92.128]","[-1]",0,"[]","[]","[]","[]","[]","[]","[]","[]","[]","[]",0,"[3019.05]",3219.19,"[]","[]","[7955.28]","[]"
271,284500,2607677,364173,1,618.688,5.35969e+06,0.351687,0.94038,1,1,1,0.997234,0.99919,1,1,0,0,1,"[1]","[1]","[33886.1]","[-2.23935]","[0.179489]","[160853]","[91.4834]","[1]","[11]","[1]","[2610.04]","[-79.3096]","[-0.0375472]","[1.59619]",71523,-3.04661,4,"[273108,200381,22972,22768.1]","[0.83547,0.127685,0.531736,-0.0123795]","[0.0191668,-2.94061,2.46074,2.71831]","[375483,204195,26808.1,23002]","[0.999172,1,0.994337,0.968896]","[0,0,0,0]","[0,0,0,0]","[-0.133286,-0.754311,-0.475231,-0.804627]",0,"[]","[]","[]","[]","[]","[]","[]","[]","[]","[]",1,"[312576]","[0.792188]","[-0.0242775]","[420092]","[59233.4]","[0]","[2.52157]","[0.625203]",0,"[]","[]","[]","[]","[]","[]","[]","[]","[]","[]",0,"[529.077]",4914.93,"[7067.6,2871.93,1948.56,2036.53]","[]","[706]","[]"
272,284500,1510305,364173,-1,618.688,5.35969e+06,1.22586,0.99093,1,1,1,0.99675,1.00306,1,1,0,0,1,"[1]","[1]","[87835.9]","[0.847575]","[0.213547]","[121320]","[0.0285759]","[-1]","[11]","[1]","[3707.39]","[1850.79]","[0.00777295]","[1.08553]",38933.7,1.89218,4,"[189589,109705,107482,70583.7]","[0.327539,2.04642,1.70332,2.34084]","[-0.122101,2.82927,-2.89612,-2.53628]","[203171,432004,305196,370234]","[0,0,0,0.985276]","[0,0,0,0]","[0,0,0,0]","[-0.821943,-0.757412,-0.765759,-0.430483]",0,"[]","[]","[]","[]","[]","[]","[]","[]","[]","[]",1,"[291783]","[0.511407]","[-0.0222979]","[343271]","[91767.3]","[0]","[1.00852]","[0.427199]",0,"[]","[]","[]","[]","[]","[]","[]","[]","[]","[]",0,"[577.881]",4782.87,"[5583.31,2854.08,3091.19,2794.95]","[]","[5691.28]","[]"
273,284500,5374119,364173,1,618.688,5.35969e+06,1.24168,0.96445,1,1,1,0.990599,1.00001,1,1,0,0,1,"[1]","[1]","[45092.7]","[-1.79753]","[0.772978]","[139797]","[-0.023735]","[-1]","[11]","[1]","[1210.83]","[1400.27]","[0.00608661]","[0.370487]",26234.5,-0.475272,4,"[637553,632126,64778.7,33744.5]","[-0.717496,0.0786708,-2.48982,-0.224151]","[-0.473114,2.68849,2.78349,-1.24012]","[809276,634514,393329,34761.9]","[0.998634,1,0.63347,0.990232]","[0,0,0,0]","[0,0,0,0]","[-0.865381,-0.768519,-0.344356,-0.108567]",0,"[]","[]","[]","[]","[]","[]","[]","[]","[]","[]",2,"[650440,612205]","[0.0582194,-0.742408]","[2.68928,-0.474319]","[651924,788998]","[22287.2,17111.6]","[0,0]","[7.17708,1.77067]","[0.364005,0.246383]",0,"[]","[]","[]","[]","[]","[]","[]","[]","[]","[]",0,"[608.747]",21371,"[7998.04,8468.31,5771.56,4948.07]","[]","[49329.5,50477.4]","[]"
274,284500,5756249,364173,-1,618.688,5.35969e+06,1.21412,0.96825,1,1,1,0.995388,0.99461,1,1,0,0,1,"[1]","[1]","[74753.4]","[-2.21205]","[-0.47942]","[345505]","[91.8491]","[-1]","[11]","[1]","[0]","[-497.025]","[0.0280092]","[1.90767]",53312.5,-0.354367,5,"[228432,199662,99266.5,75044.7,22164.3]","[-1.61087,-1.37139,-0.852588,-0.710676,2.48969]","[2.04717,-1.17177,2.74517,-1.28584,2.2082]","[595510,419611,138300,95086.9,134588]","[0.999949,1,0,0.999345,0.449523]","[0,0,0,0,0]","[0,0,0,0,0]","[-0.576928,-0.864771,-0.741089,-0.937499,-0.0841215]",0,"[]","[]","[]","[]","[]","[]","[]","[]","[]","[]",2,"[327159,261895]","[-1.49903,-1.1833]","[2.24324,-1.1664]","[784876,476085]","[157381,89148.1]","[0,0]","[0.906343,1.35819]","[0.807936,0.657282]",0,"[]","[]","[]","[]","[]","[]","[]","[]","[]","[]",0,"[371.08]",10762.9,"[8097.67,10919.9,2534.1,5737.25,1666.88]","[]","[18546.2,0]","[]"
275,284500,8440609,364173,1,618.688,5.35969e+06,1.22586,0.99242,1,1,1,0.998625,0.99765,1,1,0,0,1,"[1]","[1]","[255185]","[0.653897]","[-0.0431334]","[311712]","[0.0222664]","[1]","[11]","[1]","[0]","[-782.764]","[-0.00853724]","[1.14222]",206740,-2.92564,2,"[64800.8,37130.8]","[2.27369,-0.246556]","[1.63079,-3.02247]","[318145,38667.4]","[0.492286,0.995103]","[0,0]","[0,0]","[-0.88732,-0.8549]",0,"[]","[]","[]","[]","[]","[]","[]","[]","[]","[]",1,"[259023]","[0.67362]","[-0.0470854]","[320047]","[-0.00478416]","[0]","[0]","[-1]",0,"[]","[]","[]","[]","[]","[]","[]","[]","[]","[]",0,"[2410.11]",734.844,"[7971.07,1979.7]","[]","[10059.2]","[]"
276,284500,4648826,364173,1,618.688,5.35969e+06,1.1961,0.97749,1,1,1,0.994921,1.00021,1,1,0,0,1,"[1]","[1]","[71759.2]","[0.602144]","[2.61069]","[85166.1]","[0.0368462]","[-1]","[11]","[1]","[0]","[2506.52]","[-0.0024452]","[0.306355]",24572.6,2.47751,5,"[241043,219971,107489,29170.5,25741]","[-1.91848,0.821487,0.435956,-0.128725,2.45982]","[-1.44529,1.73652,-0.311702,-0.852382,-2.93331]","[839077,299239,119190,29869.3,151791]","[0,0,0.973143,0.933927,0.536929]","[0,0,0,0,0]","[0,0,0,0,0]","[0.119371,-0.704931,-0.914381,-0.818716,-0.811762]",0,"[]","[]","[]","[]","[]","[]","[]","[]","[]","[]",1,"[285526]","[0.806623]","[1.96842]","[399791]","[112756]","[0]","[0.995818]","[0.439884]",0,"[]","[]","[]","[]","[]","[]","[]","[]","[]","[]",0,"[375.594]",12705.2,"[12848.8,10312.8,2337.43,5821.33,3282.64]","[]","[490.781]","[]"
277,284500,3931487,364173,1,618.688,5.35969e+06,0.738662,0.96689,1,1,1,0.996586,1.00136,1,1,0,0,1,"[1]","[1]","[53636.3]","[1.76209]","[1.19927]","[160810]","[125.112]","[1]","[11]","[1]","[0]","[45.834]","[0.0306916]","[1.53223]",66595.5,2.27265,5,"[284134,177398,91512.8,74056.5,22747.6]","[-1.4031,0.146408,1.96751,-0.178793,-0.936441]","[-0.68525,2.5326,-1.52501,2.04616,2.65689]","[614108,182038,333937,75949.9,33654.4]","[1,0.998282,0,1,0.603202]","[0,0,0,0,0]","[0,0,0,0,0]","[-0.820352,-0.708297,-0.725994,-0.92717,-0.920243]",0,"[]","[]","[]","[]","[]","[]","[]","[]","[]","[]",1,"[293927]","[-1.40652]","[-0.680226]","[637000]","[37916.6]","[0]","[1.65478]","[0.759138]",0,"[]","[]","[]","[]","[]","[]","[]","[]","[]","[]",0,"[179.617]",26837.5,"[4208.66,7958.21,3502.88,2245.23,276.116]","[]","[16827.2]","[]"
278,284500,5644469,364173,1.05297,618.688,5.35969e+06,1.21412,0.95586,1,1,1,0.99873,0.96932,1,1,0,0,1,"[1]","[1]","[31872.8]","[0.636647]","[-2.75873]","[38553.2]","[0.00938797]","[-1]","[11]","[1]","[0]","[-718.389]","[0.00693557]","[0.442313]",99876,2.766,3,"[243269,54626.6,36839.2]","[0.91208,-0.283508,0.0482491]","[0.093744,-2.63826,2.95648]","[352630,57953.8,37835.9]","[0.991073,0.894036,0.92619]","[0,0,0]","[0,0,0]","[-0.629388,-0.887026,-0.525162]",0,"[]","[]","[]","[]","[]","[]","[]","[]","[]","[]",1,"[252238]","[0.888848]","[0.0913201]","[359777]","[28906.5]","[0]","[1.95263]","[0.799628]",0,"[]","[]","[]","[]","[]","[]","[]","[]","[]","[]",0,"[54.8256]",2280.85,"[3816.42,4195.38,4045.66]","[]","[0]","[]"
279,284500,5670493,364173,1,618.688,5.35969e+06,1.26205,0.99211,1,1,1,0.999112,0.9918,1,1,0,0,1,"[1]","[1]","[252527]","[-0.616691]","[2.58688]","[302088]","[0.0388718]","[1]","[11]","[1]","[0]","[648.74]","[0.0221114]","[3.40027]",223866,-0.959945,1,"[101146]","[2.46263]","[0.492875]","[597843]","[1]","[0]","[0]","[-0.505317]",0,"[]","[]","[]","[]","[]","[]","[]","[]","[]","[]",1,"[258841]","[-0.667796]","[2.59086]","[318733]","[-0.00478416]","[0]","[0]","[-1]",0,"[]","[]","[]","[]","[]","[]","[]","[]","[]","[]",0,"[2525.31]",5054.69,"[5566.79]","[]","[20320.7]","[]"
280,284500,5670697,364173,-1,618.688,5.35969e+06,1.21412,0.99211,1,1,1,0.998895,0.9918,1,1,0,0,1,"[1]","[1]","[269118]","[-0.658018]","[0.536109]","[329514]","[0.00527191]","[1]","[11]","[1]","[0]","[-1220.11]","[0.0050312]","[0.85123]",192754,-2.68262,2,"[56867.6,34503.6]","[-1.31968,-0.139258]","[-2.60722,-2.41381]","[114215,35093.3]","[0.998503,1]","[0,0]","[0,0]","[0.299441,-0.897108]",0,"[]","[]","[]","[]","[]","[]","[]","[]","[]","[]",1,"[286218]","[-0.609132]","[0.535368]","[340989]","[2414.44]","[0]","[17.7228]","[-1]",0,"[]","[]","[]","[]","[]","[]","[]","[]","[]","[]",0,"[1870.05]",9737.25,"[3802.07,3167.37]","[]","[18918.1]","[]"
281,284500,10329222,364173,1,618.688,5.35969e+06,1.26459,0.97553,1,1,1,0.998565,1.01265,1,1,0,0,1,"[1]","[1]","[125017]","[1.55012]","[-0.673275]","[307808]","[-0.0719147]","[-1]","[11]","[1]","[0]","[-893.628]","[-0.0142162]","[1.03349]",42754.3,2.73836,3,"[93697,88973.8,63295]","[-1.73944,1.21858,1.01671]","[2.70973,2.44864,0.0119754]","[275115,164475,99219]","[0.99,0.00707444,0]","[0,0,0]","[0,0,0]","[-0.839271,-0.960816,-0.811768]",0,"[]","[]","[]","[]","[]","[]","[]","[]","[]","[]",1,"[258035]","[1.52914]","[-0.672399]","[631857]","[103800]","[0]","[1.37737]","[0.271828]",0,"[]","[]","[]","[]","[]","[]","[]","[]","[]","[]",0,"[2832.74]",1567.36,"[3603.41,4473.97,3341.68]","[]","[300.359]","[]"
282,284500,3166902,364173,1,618.688,5.35969e+06,1.26459,0.96323,1,1,1,0.998288,1.00493,1,1,0,0,1,"[1]","[1]","[284564]","[-1.23909]","[-0.0321234]","[532433]","[0.0476379]","[1]","[11]","[1]","[0]","[-1348.36]","[0.00210667]","[0.220372]",326926,-2.82609,3,"[77104.7,30580.3,30100.4]","[0.360137,-0.81812,-1.05566]","[0.844164,2.60077,1.64526]","[83050.5,41635.6,48890.9]","[0.996608,0.9621,0.990945]","[0,0,0]","[0,0,0]","[-0.774234,-0.911471,-0.785836]",0,"[]","[]","[]","[]","[]","[]","[]","[]","[]","[]",1,"[303902]","[-1.2918]","[-0.0343673]","[594770]","[4379.83]","[0]","[27.8762]","[0.412207]",0,"[]","[]","[]","[]","[]","[]","[]","[]","[]","[]",0,"[3520.33]",6844.03,"[8042.6,1868.56,1853.96]","[]","[13993.2]","[]"
283,284500,5262781,364173,1,618.688,5.35969e+06,1.32095,0.98697,1,1,1,0.99949,1.00582,1,1,0,0,1,"[1]","[1]","[254136]","[-0.266851]","[-1.575]","[263238]","[-0.0215912]","[1]","[11]","[1]","[0]","[-913.474]","[-0.0129126]","[2.31557]",163768,1.56595,1,"[91567.8]","[-1.28123]","[1.55676]","[178209]","[0.993617]","[0]","[0]","[-0.813236]",0,"[]","[]","[]","[]","[]","[]","[]","[]","[]","[]",1,"[260648]","[-0.306503]","[-1.58131]","[272987]","[-0.00447517]","[0]","[0]","[-1]",0,"[]","[]","[]","[]","[]","[]","[]","[]","[]","[]",0,"[1305.54]",202.531,"[2252.29]","[]","[8048]","[]"
284,284500,9097682,364173,-1,618.688,5.35969e+06,1.26205,0.99211,1,1,1,0.998783,0.9918,1,1,0,0,1,"[1]","[1]","[227942]","[-0.648255]","[-1.39096]","[277538]","[0.0569038]","[1]","[11]","[1]","[0]","[-1210.08]","[0.00315835]","[0.555709]",172921,2.11236,1,"[127074]","[-0.379089]","[1.19533]","[136702]","[0.999475]","[0]","[0]","[-0.95722]",0,"[]","[]","[]","[]","[]","[]","[]","[]","[]","[]",1,"[300064]","[-0.610785]","[-1.43361]","[358447]","[21576.3]","[0]","[0.0727727]","[-1]",0,"[]","[]","[]","[]","[]","[]","[]","[]","[]","[]",0,"[2532.49]",3315.53,"[6192.31]","[]","[30132.7]","[]"
285,284500,2425600,364173,0.308503,618.688,5.35969e+06,1.1961,0.96972,1,1,1,0.998196,0.99544,1,1,0,0,1,"[1]","[1]","[285516]","[1.34205]","[0.870776]","[583621]","[0.00587463]","[-1]","[11]","[1]","[0]","[-1098.07]","[0.0217018]","[2.30573]",219791,-2.18091,3,"[59673.1,42954.4,31939.7]","[-1.94362,0.647132,0.309972]","[-1.27772,2.34466,2.92563]","[212852,53067.1,33763.6]","[0.997482,1,1]","[0,0,0]","[0,0,0]","[-0.733485,-0.0338664,-0.725069]",0,"[]","[]","[]","[]","[]","[]","[]","[]","[]","[]",1,"[303386]","[1.37575]","[0.871419]","[638736]","[1169.18]","[0]","[0]","[-1]",0,"[]","[]","[]","[]","[]","[]","[]","[]","[]","[]",0,"[4208.66]",31645.3,"[5066.9,2191.23,5308.64]","[]","[12840.2]","[]"
286,284500,8714681,364173,1,618.688,5.35969e+06,1.26459,0.96323,1,1,1,0.999361,1.00493,1,1,0,0,1,"[1]","[1]","[268945]","[-1.30872]","[0.816702]","[534071]","[-0.0442123]","[1]","[11]","[1]","[0]","[-126.611]","[0.0160822]","[1.85711]",196958,-2.81663,1,"[123501]","[-1.36211]","[-1.47021]","[257277]","[0.997945]","[0]","[0]","[-0.92817]",0,"[]","[]","[]","[]","[]","[]","[]","[]","[]","[]",1,"[307977]","[-1.34643]","[0.815506]","[631944]","[695.285]","[0]","[0]","[-1]",0,"[]","[]","[]","[]","[]","[]","[]","[]","[]","[]",0,"[3294.17]",2968.02,"[12082.5]","[]","[7364.28]","[]"
287,284500,13185074,364173,0.712786,618.688,5.35969e+06,1.25133,0.97695,1,1,1,0.998926,0.98743,1,1,0,0,1,"[1]","[1]","[245170]","[-0.079487]","[-0.00734895]","[245945]","[0.117298]","[1]","[11]","[1]","[0]","[-1953.01]","[-0.0212282]","[2.32719]",232414,-2.66279,2,"[73245.6,51806.9]","[0.710836,-1.29099]","[2.03642,1.67885]","[93195.3,101914]","[0.996155,0.973021]","[0,0]","[0,0]","[-0.877372,-0.566521]",0,"[]","[]","[]","[]","[]","[]","[]","[]","[]","[]",1,"[250884]","[-0.0628377]","[-0.0154651]","[251380]","[-0.000645935]","[0]","[0]","[-1]",0,"[]","[]","[]","[]","[]","[]","[]","[]","[]","[]",0,"[4444.84]",1090.45,"[6650.97,3858.58]","[]","[20778.8]","[]"
288,284500,1435910,364173,-1,618.688,5.35969e+06,1.08735,0.95968,1,1,1,0.996513,0.97155,1,1,0,0,1,"[1]","[1]","[92704.4]","[2.41535]","[3.12578]","[522992]","[-93.7136]","[-1]","[11]","[1]","[0]","[281.713]","[0.0135356]","[0.633798]",14539.9,-0.296713,6,"[261963,245266,71970.2,49200,47390.1,24475.1]","[1.38129,-0.0590728,2.05927,1.24715,0.457921,0.682699]","[-1.77114,0.993268,0.0381367,-2.84328,1.33526,-2.96228]","[555643,246660,286834,93011.7,52954.6,30737.4]","[0.98617,0.998384,0.00378554,0.998226,0.993938,0.987013]","[0,0,0,0,0,0]","[0,0,0,0,0,0]","[-0.978225,-0.741022,-0.870003,-0.871968,-0.851563,0.206778]",0,"[]","[]","[]","[]","[]","[]","[]","[]","[]","[]",2,"[271783,252645]","[1.38502,0.0111163]","[-1.76796,1.02518]","[578380,258336]","[41464.8,53854.2]","[0,0]","[1.13964,1.44447]","[0.746085,0.641922]",0,"[]","[]","[]","[]","[]","[]","[]","[]","[]","[]",0,"[707.531]",8485,"[4615.03,3931.16,6924.11,2549.69,2186.1,1796.3]","[]","[9115.09,0]","[]"
289,284500,2464666,364173,1,618.688,5.35969e+06,1.26205,0.97867,1,1,1,0.997867,1.01012,1,1,0,0,1,"[1]","[1]","[80923.6]","[1.92035]","[2.83435]","[282015]","[0.0394773]","[1]","[11]","[1]","[0]","[-835.231]","[0.00794849]","[0.544126]",102636,1.11971,1,"[511588]","[-1.53757]","[1.28508]","[1.24529e+06]","[0]","[0]","[0]","[-0.826972]",0,"[]","[]","[]","[]","[]","[]","[]","[]","[]","[]",2,"[457509,448854]","[0.963615,-1.53986]","[-1.86415,1.28517]","[686873,1.09486e+06]","[0.00552427,7356.44]","[0,0]","[0,0.729806]","[-1,0.277637]",0,"[]","[]","[]","[]","[]","[]","[]","[]","[]","[]",0,"[960.893]",5755.41,"[62413.3]","[]","[7112.34,16921.8]","[]"
290,284500,12494166,364173,1,618.688,5.35969e+06,1.24168,0.9823,1,1,1,0.993689,1.00632,1,1,0,0,1,"[0]","[1]","[85265.9]","[0.327326]","[1.08282]","[89874.6]","[-0.0225687]","[-1]","[11]","[1]","[1783.1]","[-816.643]","[-0.0122204]","[1.99057]",132538,0.67942,6,"[424065,106242,48003.6,32519.1,31410.4,24297.6]","[0.418119,0.543382,-0.09839,-1.635,-2.31647,-0.112465]","[-2.53928,0.125452,1.54655,-0.333596,0.664459,-2.37217]","[464744,122904,48517.2,86885.5,160910,25159.7]","[0.9954,0.999596,0.999468,0.999193,0.990302,1]","[0,0,0,0,0,0]","[0,0,0,0,0,0]","[-0.829812,-0.934319,-0.541155,-0.746153,-0.588586,-0.403369]",0,"[]","[]","[]","[]","[]","[]","[]","[]","[]","[]",1,"[403431]","[0.428619]","[-2.54245]","[443516]","[46609]","[0]","[1.37584]","[0.769924]",0,"[]","[]","[]","[]","[]","[]","[]","[]","[]","[]",0,"[837.817]",6721.8,"[11927.1,9716.25,2212.81,3230.36,2035.44,3641.71]","[]","[12495.2]","[]"
291,284500,7400198,364173,1,618.688,5.35969e+06,0.75088,1.00588,1,1,1,0.999082,1.00306,1,1,0,0,1,"[1]","[1]","[243086]","[0.785328]","[-1.2394]","[321979]","[0.0134277]","[1]","[11]","[1]","[0]","[801.484]","[-0.00215389]","[0.341977]",102595,2.11566,1,"[104336]","[0.419792]","[1.9827]","[114321]","[1]","[0]","[0]","[-0.720908]",0,"[]","[]","[]","[]","[]","[]","[]","[]","[]","[]",1,"[258286]","[0.809215]","[-1.23516]","[347602]","[4735.46]","[0]","[8.75175]","[0.237291]",0,"[]","[]","[]","[]","[]","[]","[]","[]","[]","[]",0,"[3039.72]",3692.31,"[2347.75]","[]","[15178]","[]"
292,284500,7428105,364173,1,618.688,5.35969e+06,1.1961,1.00588,1,1,1,0.999481,1.00306,1,1,0,0,1,"[1]","[1]","[264558]","[0.928927]","[2.49]","[387150]","[-0.0364075]","[-1]","[11]","[1]","[0]","[-2424.94]","[0.0107864]","[1.0278]",200868,-0.459273,1,"[79317]","[-1.31064]","[-1.14881]","[158107]","[0.997056]","[0]","[0]","[-0.944655]",0,"[]","[]","[]","[]","[]","[]","[]","[]","[]","[]",1,"[280569]","[0.914343]","[2.49297]","[406252]","[0]","[0]","[0]","[-1]",0,"[]","[]","[]","[]","[]","[]","[]","[]","[]","[]",0,"[2770.57]",20249.1,"[4493.17]","[]","[0]","[]"
293,284500,4140778,364173,-1,618.688,5.35969e+06,1.26459,0.96323,1,1,1,0.999332,1.00493,1,1,0,0,1,"[1]","[1]","[300643]","[-1.3088]","[-0.441898]","[597058]","[0.0340462]","[-1]","[11]","[1]","[0]","[172.066]","[-0.00251619]","[0.473274]",294047,2.64871,2,"[55388.5,42909.7]","[0.558288,0.042496]","[-2.45381,0.435773]","[64612.5,43424]","[0.992357,0.952968]","[0,0]","[0,0]","[-0.852007,-0.710467]",0,"[]","[]","[]","[]","[]","[]","[]","[]","[]","[]",1,"[330761]","[-1.30051]","[-0.439156]","[652192]","[2329.74]","[0]","[0]","[-1]",0,"[]","[]","[]","[]","[]","[]","[]","[]","[]","[]",0,"[4161.14]",2146.12,"[3044.34,2843.5]","[]","[9965.47]","[]"
294,284500,689255,364173,6.28674,618.688,5.35969e+06,1.26205,0.97994,1,1,1,0.99948,1.00632,1,1,0,0,1,"[1]","[1]","[460555]","[0.320799]","[2.91701]","[484457]","[0.107094]","[1]","[11]","[1]","[0]","[-639.511]","[0.0153408]","[2.17324]",562750,-0.223653,1,"[99143.9]","[1.37717]","[2.94941]","[209245]","[0.999855]","[0]","[0]","[-0.879023]",0,"[]","[]","[]","[]","[]","[]","[]","[]","[]","[]",1,"[475554]","[0.286091]","[2.91371]","[495153]","[2019.88]","[0]","[0]","[-1]",0,"[]","[]","[]","[]","[]","[]","[]","[]","[]","[]",0,"[2907.43]",4061,"[4730.17]","[]","[4182.38]","[]"
295,284500,6202926,364173,-1,618.688,5.35969e+06,1.55465,0.97553,1,1,1,0.997971,1.01265,1,1,0,0,1,"[1]","[1]","[97428]","[1.57298]","[1.51021]","[244954]","[0.050869]","[-1]","[11]","[1]","[0]","[4829.93]","[-0.0127413]","[0.887427]",173284,1.79647,2,"[162705,154369]","[0.998261,1.43313]","[-1.55835,-1.19717]","[251075,342351]","[0.299043,0]","[0,0]","[0,0]","[-0.911295,-0.883379]",0,"[]","[]","[]","[]","[]","[]","[]","[]","[]","[]",1,"[277480]","[1.25002]","[-1.37522]","[526723]","[53399.1]","[0]","[0.749212]","[0.606158]",0,"[]","[]","[]","[]","[]","[]","[]","[]","[]","[]",0,"[2028.07]",3820.67,"[6848.87,5513.66]","[]","[24881.8]","[]"
296,284500,3867699,364173,1,618.688,5.35969e+06,0.696077,0.93962,1,1,1,0.996964,1.01876,1,1,0,0,1,"[1]","[1]","[36032.1]","[1.93971]","[1.22712]","[127922]","[0.16576]","[1]","[11]","[1]","[1077.59]","[733.908]","[-0.025809]","[1.40774]",28279,0.380547,4,"[249708,233694,141965,103804]","[0.662388,-0.260446,-0.417054,-0.84575]","[-1.70714,1.75728,1.11837,-1.6787]","[306994,244115,155769,144661]","[0.28143,0,0,0.79342]","[0,0,0,0]","[0,0,0,0]","[-0.958271,-0.701425,-0.754885,-0.926867]",0,"[]","[]","[]","[]","[]","[]","[]","[]","[]","[]",2,"[345622,264577]","[-0.342075,0.661892]","[1.5501,-1.70611]","[387708,325673]","[127793,25412.8]","[0,0]","[1.02697,2.51478]","[0.642494,0.779729]",0,"[]","[]","[]","[]","[]","[]","[]","[]","[]","[]",0,"[597.808]",855.523,"[6137.74,4254.63,6291.67,2498.16]","[]","[15996.1,5749.62]","[]"
297,284500,7549218,364173,1,618.688,5.35969e+06,0.75088,0.98697,1,1,1,0.999154,1.00582,1,1,0,0,1,"[1]","[1]","[323776]","[-0.375652]","[2.04235]","[346891]","[-0.0343876]","[-1]","[11]","[1]","[0]","[843.537]","[-0.0379299]","[5.84149]",237073,-1.07159,1,"[82589.9]","[2.28819]","[-1.28891]","[411323]","[0.987045]","[0]","[0]","[-0.913141]",0,"[]","[]","[]","[]","[]","[]","[]","[]","[]","[]",1,"[338878]","[-0.362975]","[2.03912]","[361449]","[775.388]","[0]","[0]","[-1]",0,"[]","[]","[]","[]","[]","[]","[]","[]","[]","[]",0,"[1908.17]",4397.97,"[5209.59]","[]","[22857.3]","[]"
298,284500,2024358,364173,-1,618.688,5.35969e+06,0.351687,0.99093,1,1,1,0.996331,1.00306,1,1,0,0,1,"[1]","[1]","[102708]","[0.800039]","[1.46388]","[137369]","[-0.0447388]","[1]","[11]","[1]","[0]","[-1486.33]","[0.0133987]","[1.73933]",63809.8,-2.53244,4,"[241448,158885,106638,65710.6]","[-0.714302,0.630408,-0.207808,2.26492]","[2.39773,-0.105081,-0.657448,2.60502]","[306938,193791,110105,320002]","[0,0,0.160332,0.00321583]","[0,0,0,0]","[0,0,0,0]","[-0.6932,-0.801979,-0.921868,-0.793514]",0,"[]","[]","[]","[]","[]","[]","[]","[]","[]","[]",1,"[265459]","[0.384883]","[-0.328263]","[305959]","[110355]","[0]","[0.873195]","[0.542682]",0,"[]","[]","[]","[]","[]","[]","[]","[]","[]","[]",0,"[666.194]",15455,"[2724.58,5102.63,7472.1,2644.43]","[]","[12039.2]","[]"
299,284500,6657566,364173,1,618.688,5.35969e+06,1.32095,0.97994,1,1,1,0.99837,1.00632,1,1,0,0,1,"[1]","[1]","[296027]","[0.159139]","[3.05746]","[299783]","[0.00920868]","[-1]","[11]","[1]","[0]","[-616.439]","[-0.0353196]","[5.13149]",230542,-0.47668,2,"[100752,27348.9]","[0.383867,0.729244]","[0.937457,-0.0815319]","[108693,35111.6]","[1,0.982994]","[0,0]","[0,0]","[-0.886358,-0.941057]",0,"[]","[]","[]","[]","[]","[]","[]","[]","[]","[]",1,"[311121]","[0.100763]","[3.06392]","[312702]","[0.000488281]","[0]","[0]","[-1]",0,"[]","[]","[]","[]","[]","[]","[]","[]","[]","[]",0,"[1934.57]",4222.98,"[1999.68,4841.53]","[]","[14685.5]","[]"
300,284500,1937302,364173,1,618.688,5.35969e+06,0.923924,0.98697,1.00841,1,1,0.999362,1.00582,1,1,0,0,2,"[1,0]","[1,0]","[300886,27224]","[-0.358076,0.0607409]","[1.53877,1.007]","[320382,27274.4]","[-0.0861778,20.0291]","[-1,1]","[11,13]","[1,0]","[1324.05,0]","[1694.47,-495.467]","[-0.0155329,-5.42774]","[2.63971,172.995]",283388,-1.40789,1,"[80882.9]","[1.70201]","[-2.62882]","[229544]","[0.993697]","[0]","[0]","[-0.770881]",0,"[]","[]","[]","[]","[]","[]","[]","[]","[]","[]",1,"[309993]","[-0.386238]","[1.53945]","[333429]","[4056.45]","[0]","[31.193]","[0.521411]",0,"[]","[]","[]","[]","[]","[]","[]","[]","[]","[]",0,"[2065.85,158.383]",630.312,"[2941.9]","[]","[9188.06]","[]"
301,284500,5984481,364173,1,618.688,5.35969e+06,0.75088,0.97663,1,1,1,0.994263,1.00121,1,1,0,0,1,"[0]","[1]","[87890.2]","[-1.87632]","[-2.70648]","[293668]","[-0.0211029]","[-1]","[11]","[1]","[0]","[795.206]","[-0.011209]","[1.18835]",62919.8,-1.23298,6,"[240264,75028.7,59074.9,44193,27545.4,21868.9]","[-1.17856,-0.0848581,1.26765,0.00881227,-1.54483,-2.49125]","[1.16108,-1.74169,-2.5648,-0.756206,2.70947,-3.04109]","[427799,75918.9,113851,45252.3,67689.2,133020]","[0.988295,0.989545,0.996742,0.991263,0.999453,0]","[0,0,0,0,0,0]","[0,0,0,0,0,0]","[-0.799812,-0.936184,-0.802805,-0.921735,-0.601541,-0.707271]",0,"[]","[]","[]","[]","[]","[]","[]","[]","[]","[]",1,"[258680]","[-1.14502]","[1.15148]","[447928]","[16866.9]","[0]","[2.58475]","[0.415718]",0,"[]","[]","[]","[]","[]","[]","[]","[]","[]","[]",0,"[1022.31]",6152.87,"[8512.92,2072.1,2476.93,2248.12,1945.68,2035.87]","[]","[0]","[]"
302,284500,2977185,364173,1,618.688,5.35969e+06,1.21412,0.97695,1,1,1,0.997815,0.98743,1,1,0,0,1,"[1]","[1]","[307718]","[-0.0322303]","[0.794754]","[307878]","[-0.0624428]","[-1]","[11]","[1]","[0]","[3213.33]","[0.0117478]","[1.92944]",226663,-2.64136,3,"[103116,28452.7,21134.2]","[1.02712,0.111794,0.97077]","[-1.75239,-2.59026,-1.27436]","[163723,28831.8,32107.1]","[1,0.997905,0.931498]","[0,0,0]","[0,0,0]","[-0.947967,-0.87894,-0.843043]",0,"[]","[]","[]","[]","[]","[]","[]","[]","[]","[]",1,"[366339]","[-0.0710091]","[0.80813]","[368811]","[33764.8]","[0]","[2.93347]","[0.665007]",0,"[]","[]","[]","[]","[]","[]","[]","[]","[]","[]",0,"[3683.48]",7769.61,"[8683.11,2856.55,1772.76]","[]","[1142.91]","[]"
303,284500,4198163,364173,1,618.688,5.35969e+06,0.923924,0.98089,1,1,1,0.998769,0.99866,1,1,0,0,1,"[1]","[1]","[278702]","[-0.843426]","[-2.09322]","[383850]","[0.0289307]","[1]","[11]","[1]","[0]","[-2381.35]","[-0.0270095]","[1.81409]",190199,1.37377,2,"[75188.7,24913.7]","[-1.06765,-0.532777]","[0.807431,0.189226]","[123196,28821.1]","[0.992493,1]","[0,0]","[0,0]","[-0.851476,-0.731495]",0,"[]","[]","[]","[]","[]","[]","[]","[]","[]","[]",1,"[289304]","[-0.865612]","[-2.09704]","[404632]","[1749.77]","[0]","[0]","[-1]",0,"[]","[]","[]","[]","[]","[]","[]","[]","[]","[]",0,"[2663.68]",11359,"[3861.96,2149.62]","[]","[461.375]","[]"
304,284500,7885392,364173,-1,618.688,5.35969e+06,0.934886,0.99242,1,1,1,0.999267,0.99765,1,1,0,0,1,"[1]","[1]","[343718]","[0.602659]","[-1.12838]","[408050]","[0.00313401]","[1]","[11]","[1]","[0]","[-1927.41]","[0.0152104]","[2.68611]",237754,1.90878,1,"[95005.6]","[2.01524]","[2.10253]","[362781]","[0.987286]","[0]","[0]","[-0.916128]",0,"[]","[]","[]","[]","[]","[]","[]","[]","[]","[]",1,"[353407]","[0.613268]","[-1.12969]","[421974]","[0.00676582]","[0]","[0]","[-1]",0,"[]","[]","[]","[]","[]","[]","[]","[]","[]","[]",0,"[2703.21]",4337.83,"[3770.31]","[]","[14110.3]","[]"
305,284500,7839611,364173,1.42905,618.688,5.35969e+06,0.619412,1.00588,1,1,1,0.999272,1.00306,1,1,0,0,1,"[1]","[1]","[253131]","[0.85992]","[2.17942]","[352633]","[0.031395]","[-1]","[11]","[1]","[0]","[-756.734]","[0.0398878]","[4.40482]",190908,-0.693912,1,"[87155.9]","[2.03532]","[-1.60667]","[339403]","[1]","[0]","[0]","[-0.847051]",0,"[]","[]","[]","[]","[]","[]","[]","[]","[]","[]",1,"[266126]","[0.894794]","[2.18331]","[379969]","[1945.37]","[0]","[11.2539]","[-1]",0,"[]","[]","[]","[]","[]","[]","[]","[]","[]","[]",0,"[2686.99]",350,"[2470.15]","[]","[1139.16]","[]"
306,284500,14629659,364173,1,618.688,5.35969e+06,1.08735,1.00588,1,1,1,0.99848,1.00306,1,1,0,0,1,"[1]","[1]","[299223]","[0.835933]","[1.37328]","[410001]","[0.0524826]","[1]","[11]","[1]","[0]","[-2055.16]","[0.0140009]","[2.04657]",269808,-2.01973,2,"[54303.1,22421.7]","[1.58022,-0.42016]","[-0.640688,-0.99455]","[137582,24506.6]","[1,1]","[0,0]","[0,0]","[-0.916835,-0.636357]",0,"[]","[]","[]","[]","[]","[]","[]","[]","[]","[]",1,"[315887]","[0.81921]","[1.37203]","[427945]","[0.00552427]","[0]","[0]","[-1]",0,"[]","[]","[]","[]","[]","[]","[]","[]","[]","[]",0,"[3493.92]",1183.59,"[3426.91,2196.57]","[]","[174.219]","[]"
307,284500,2895796,364173,1,618.688,5.35969e+06,1.24168,0.96203,1,1,1,0.998534,1.01508,1,1,0,0,1,"[1]","[1]","[259950]","[-1.73963]","[0.624878]","[763060]","[0.0256195]","[1]","[11]","[1]","[1196.38]","[3223.02]","[-0.026576]","[3.57179]",221706,-2.37195,1,"[43570.5]","[-2.4968]","[2.8307]","[266416]","[0.497196]","[0]","[0]","[-0.398514]",0,"[]","[]","[]","[]","[]","[]","[]","[]","[]","[]",1,"[281241]","[-1.75405]","[0.629042]","[836845]","[4207]","[0]","[0]","[-1]",0,"[]","[]","[]","[]","[]","[]","[]","[]","[]","[]",0,"[3998.38]",5120.97,"[10750]","[]","[3395.69]","[]"
308,284500,5924026,364173,1,618.688,5.35969e+06,1.25133,0.9823,1,1,1,0.997539,1.00632,1,1,0,0,1,"[1]","[1]","[107700]","[0.25192]","[2.25097]","[111136]","[-0.014246]","[-1]","[11]","[1]","[0]","[-845.763]","[0.0229562]","[3.11358]",47174.7,1.54527,3,"[188096,118800,60529.9]","[0.60001,-0.160652,1.15196]","[1.6089,-1.19384,-0.941176]","[223852,120890,105844]","[0,0.99,0]","[0,0,0]","[0,0,0]","[-0.812765,-0.90652,-0.812592]",0,"[]","[]","[]","[]","[]","[]","[]","[]","[]","[]",1,"[294918]","[0.510265]","[1.8371]","[350029]","[104226]","[0]","[0.651384]","[0.724722]",0,"[]","[]","[]","[]","[]","[]","[]","[]","[]","[]",0,"[414.376]",20760.2,"[2254.49,1970.39,1548.28]","[]","[8727.72]","[]"
309,284500,7593263,364173,1,618.688,5.35969e+06,1.25133,0.98089,1,1,1,0.999309,0.99866,1,1,0,0,1,"[1]","[1]","[230460]","[-1.08264]","[-0.629116]","[379242]","[0.0363894]","[-1]","[11]","[1]","[0]","[-651.723]","[-0.0151415]","[1.54141]",129940,2.36827,1,"[91042.9]","[0.933471]","[2.9231]","[134631]","[0.997813]","[0]","[0]","[-0.87479]",0,"[]","[]","[]","[]","[]","[]","[]","[]","[]","[]",1,"[257114]","[-1.08296]","[-0.629897]","[423232]","[4280.23]","[0]","[17.6656]","[-1]",0,"[]","[]","[]","[]","[]","[]","[]","[]","[]","[]",0,"[2813.93]",15076.4,"[3401.04]","[]","[19667.7]","[]"
310,284500,85225,364173,1,618.688,5.35969e+06,1.25133,0.97361,1,1,1,0.997548,0.98448,1,1,0,0,1,"[1]","[1]","[45224.2]","[-0.15024]","[-0.0451962]","[45735.6]","[-56.5431]","[-1]","[11]","[1]","[0]","[763.762]","[-0.00336551]","[0.337501]",106924,-2.56044,4,"[420264,365894,90173,38002.7]","[1.45816,-0.592832,0.593361,-0.67931]","[-1.54716,1.53005,1.08195,2.2729]","[952592,432920,107632,47634.8]","[1,0.994112,0.976744,0.9978]","[0,0,0,0]","[0,0,0,0]","[-0.970449,-0.841067,-0.327934,0.41335]",0,"[]","[]","[]","[]","[]","[]","[]","[]","[]","[]",2,"[438108,387496]","[1.46088,-0.601233]","[-1.54483,1.57607]","[995163,466126]","[22910.1,77321.3]","[0,0]","[1.86159,3.25847]","[0.563703,0.496864]",0,"[]","[]","[]","[]","[]","[]","[]","[]","[]","[]",0,"[82.1306]",8881.91,"[7719.73,4546.2,7773.47,2585.78]","[]","[16651.1,332.562]","[]"
311,284500,1568497,364173,-1,618.688,5.35969e+06,0.187531,0.93214,1,1,1,0.996586,0.84537,1,1,0,0,1,"[1]","[1]","[27394.2]","[-1.67675]","[-0.476403]","[75814.9]","[0.00881386]","[1]","[11]","[1]","[0]","[1258.7]","[0.000330019]","[0.0191685]",47024,1.06306,6,"[259545,236288,52988,39806.3,27059.4,22826.3]","[1.17197,1.54506,0.999427,-0.388026,-0.454413,0.362363]","[-2.51598,0.523832,-1.44985,2.66594,1.68951,2.09288]","[459326,579544,82744,43713.1,30800.5,24629.2]","[0,0.247393,0.981138,0.86669,0.704737,0.983733]","[0,0,0,0,0,0]","[0,0,0,0,0,0]","[-0.778813,-0.734289,-0.958839,-0.912194,-0.767444,-0.711236]",0,"[]","[]","[]","[]","[]","[]","[]","[]","[]","[]",1,"[264202]","[1.20071]","[-2.45664]","[479644]","[30697.2]","[0]","[2.21575]","[0.597842]",0,"[]","[]","[]","[]","[]","[]","[]","[]","[]","[]",0,"[561.91]",15547.8,"[5213.78,3376.73,2252.9,2744.78,5494.43,1694.03]","[]","[860.844]","[]"
312,284500,7509656,364173,-1,618.688,5.35969e+06,0.75088,0.99211,1,1,1,0.999476,0.9918,1,1,0,0,1,"[1]","[1]","[226537]","[-0.731671]","[0.0413187]","[289928]","[-0.0328941]","[-1]","[11]","[1]","[0]","[-469.379]","[-0.0069793]","[0.898346]",162219,2.92609,1,"[97258.8]","[-1.39249]","[-2.54216]","[208328]","[0.153782]","[0]","[0]","[-0.890684]",0,"[]","[]","[]","[]","[]","[]","[]","[]","[]","[]",1,"[250077]","[-0.793954]","[0.0723149]","[334432]","[29534.9]","[0]","[1.39857]","[0.427597]",0,"[]","[]","[]","[]","[]","[]","[]","[]","[]","[]",0,"[1370.63]",3686.81,"[3160.9]","[]","[12419.5]","[]"
313,284500,11401151,364173,-0.669782,618.688,5.35969e+06,1.21412,0.98428,1,1,1,0.99793,1.00121,1,1,0,0,1,"[1]","[1]","[246127]","[-1.88062]","[2.57639]","[825764]","[-0.0149918]","[1]","[11]","[1]","[0]","[5526.77]","[0.0237339]","[1.96371]",208285,-0.309088,3,"[34144.5,27923.8,25715.3]","[0.268869,0.677083,-1.09398]","[-1.86472,-1.18492,-0.598454]","[35795.7,34946.5,43050.7]","[0.990983,0.946947,0.981666]","[0,0,0]","[0,0,0]","[-0.860545,-0.859038,-0.309143]",0,"[]","[]","[]","[]","[]","[]","[]","[]","[]","[]",1,"[278379]","[-1.86868]","[2.57925]","[923452]","[10210.3]","[0]","[10.9375]","[0.495656]",0,"[]","[]","[]","[]","[]","[]","[]","[]","[]","[]",0,"[1935.47]",2535.75,"[1989.13,3764.3,1777]","[]","[23350]","[]"
314,284500,3835687,364173,1,618.688,5.35969e+06,0.619412,0.96323,1,1,1,1,1.00493,1,1,0,0,1,"[1]","[1]","[413447]","[-1.34572]","[2.67425]","[847837]","[-0.00214005]","[1]","[11]","[1]","[0]","[-879.142]","[0.0282849]","[3.02955]",324879,-0.548186,0,"[]","[]","[]","[]","[]","[]","[]","[]",0,"[]","[]","[]","[]","[]","[]","[]","[]","[]","[]",1,"[473291]","[-1.34461]","[2.67811]","[969620]","[2088.2]","[0]","[0]","[-1]",0,"[]","[]","[]","[]","[]","[]","[]","[]","[]","[]",0,"[6488.08]",4149.06,"[]","[]","[11232.6]","[]"
315,284500,5077317,364173,-1,618.688,5.35969e+06,1.74563,0.98697,1,1,1,0.998468,1.00582,1,1,0,0,1,"[1]","[1]","[296975]","[-0.332318]","[-1.53001]","[313525]","[-0.0413055]","[1]","[11]","[1]","[0]","[-486.347]","[0.00416946]","[0.525553]",250165,1.4929,2,"[44004.4,35539.7]","[1.06146,-1.3259]","[2.94816,1.23874]","[71597.1,71708.9]","[0.956736,0.986041]","[0,0]","[0,0]","[-0.685991,-0.950329]",0,"[]","[]","[]","[]","[]","[]","[]","[]","[]","[]",1,"[305057]","[-0.314282]","[-1.53064]","[320248]","[845.708]","[0]","[0]","[-1]",0,"[]","[]","[]","[]","[]","[]","[]","[]","[]","[]",0,"[1622.41]",1556.62,"[3750.03,2821.72]","[]","[12988.5]","[]"
316,284500,1151122,364173,1,618.688,5.35969e+06,0,0.96203,1,1,1,0.998634,1.01508,1,1,0,0,1,"[1]","[1]","[254445]","[-1.57842]","[2.19535]","[642930]","[-0.0277023]","[1]","[11]","[1]","[2787.48]","[910.916]","[-0.0233457]","[1.92107]",215929,-1.19261,1,"[39551.2]","[-2.2707]","[-0.00879522]","[193638]","[0.99236]","[0]","[0]","[-0.593057]",0,"[]","[]","[]","[]","[]","[]","[]","[]","[]","[]",1,"[271910]","[-1.59405]","[2.19831]","[697025]","[4659.5]","[0]","[8.71431]","[-1]",0,"[]","[]","[]","[]","[]","[]","[]","[]","[]","[]",0,"[6849.42]",15515.6,"[6207.08]","[]","[269.938]","[]"
317,284500,1152009,364173,1,618.688,5.35969e+06,0.596562,0.96323,1,1,1,0.998945,1.00493,1,1,0,0,1,"[1]","[1]","[303372]","[-1.28933]","[2.30763]","[592458]","[-0.00307846]","[-1]","[11]","[1]","[0]","[4692.66]","[0.00169898]","[0.262883]",326423,-0.879597,1,"[46307.8]","[-1.93617]","[-3.10402]","[163949]","[0.997203]","[0]","[0]","[-0.802571]",0,"[]","[]","[]","[]","[]","[]","[]","[]","[]","[]",1,"[331663]","[-1.27801]","[2.31124]","[641451]","[1668.31]","[0]","[0]","[-1]",0,"[]","[]","[]","[]","[]","[]","[]","[]","[]","[]",0,"[4277.81]",4327.59,"[7786.64]","[]","[5392.19]","[]"
318,284500,3746875,364173,1,618.688,5.35969e+06,1.21412,0.96689,1,1,1,0.994765,1.00136,1,1,0,0,1,"[1]","[1]","[51034.7]","[1.62429]","[-1.61975]","[134524]","[195.19]","[1]","[11]","[1]","[1558.58]","[-165.624]","[0.00951301]","[0.893991]",51613.5,0.549351,6,"[344353,186992,75589.5,53557.8,44101.9,22754.9]","[-0.390172,1.15555,-1.29767,-2.43912,-2.19842,-0.929291]","[0.818689,-2.54008,2.7674,-2.33711,-1.73604,-1.54971]","[376596,327312,149010,309389,201252,33690.7]","[0.998205,1,0.133254,0.988639,1,0.998613]","[0,0,0,0,0,0]","[0,0,0,0,0,0]","[-0.921812,-0.607269,-0.941937,-0.645053,-0.909464,-0.559962]",0,"[]","[]","[]","[]","[]","[]","[]","[]","[]","[]",1,"[348075]","[-0.422613]","[0.81411]","[386619]","[73208.2]","[0]","[1.34754]","[0.816752]",0,"[]","[]","[]","[]","[]","[]","[]","[]","[]","[]",0,"[302.394]",3258.66,"[3792.15,2737.14,8091.56,2382.56,4952.36,1712.58]","[]","[16262.7]","[]"
319,284500,1688914,364173,0.0561543,618.688,5.35969e+06,0.934886,0.97994,1,1,1,0.999666,1.00632,1,1,0,0,1,"[1]","[1]","[391705]","[0.475022]","[-0.447959]","[436735]","[-0.168724]","[-1]","[11]","[1]","[0]","[-875.929]","[0.014146]","[2.36244]",374675,2.83134,1,"[48346.5]","[0.0457231]","[1.69222]","[48587.5]","[1]","[0]","[0]","[-0.93694]",0,"[]","[]","[]","[]","[]","[]","[]","[]","[]","[]",1,"[400374]","[0.464806]","[-0.445843]","[444408]","[0.0078125]","[0]","[0]","[-1]",0,"[]","[]","[]","[]","[]","[]","[]","[]","[]","[]",0,"[2966.56]",350.25,"[2139.76]","[]","[14234.2]","[]"
320,284500,7713307,364173,-1,618.688,5.35969e+06,1.32095,0.98697,1,1,1,0.999421,1.00582,1,1,0,0,1,"[1]","[1]","[235516]","[-0.489954]","[-1.37726]","[264355]","[-0.0596726]","[1]","[11]","[1]","[0]","[-53.7065]","[0.00329837]","[0.51307]",308575,1.93748,1,"[77686.9]","[-0.189877]","[-0.472348]","[79211.6]","[0.927354]","[0]","[0]","[-0.984206]",0,"[]","[]","[]","[]","[]","[]","[]","[]","[]","[]",1,"[299851]","[-0.454666]","[-1.18561]","[349408]","[110779]","[0]","[0.111507]","[0.31622]",0,"[]","[]","[]","[]","[]","[]","[]","[]","[]","[]",0,"[2002.48]",180.125,"[1821.62]","[]","[27023.7]","[]"
321,284500,5887049,364173,0.642435,618.688,5.35969e+06,1.26205,0.97994,1,1,1,0.998724,1.00632,1,1,0,0,1,"[1]","[1]","[240733]","[0.555968]","[1.30575]","[278906]","[0.0473008]","[1]","[11]","[1]","[0]","[-1033.44]","[-0.00866461]","[0.589438]",268145,-1.62976,1,"[47851.4]","[2.49366]","[2.36993]","[291700]","[0.947574]","[0]","[0]","[-0.467876]",0,"[]","[]","[]","[]","[]","[]","[]","[]","[]","[]",1,"[250431]","[0.566099]","[1.30885]","[291641]","[-0.00730792]","[0]","[0]","[-1]",0,"[]","[]","[]","[]","[]","[]","[]","[]","[]","[]",0,"[2005.42]",5095.78,"[3616.14]","[]","[0]","[]"
322,284500,5518197,364173,1,618.688,5.35969e+06,1.22586,0.95508,1,1,1,0.998253,0.93664,1,1,0,0,1,"[1]","[1]","[58904.9]","[-1.19211]","[-0.751252]","[105958]","[67.1811]","[1]","[11]","[1]","[0]","[-611.827]","[0.00918409]","[0.825591]",45377.9,1.94012,3,"[282758,197909,74012.2]","[-0.50134,0.395914,-0.257591]","[-2.42439,0.533209,0.904675]","[319660,214000,78345.9]","[0.997439,0.992314,0.997311]","[0,0,0]","[0,0,0]","[-0.665338,-0.168402,-0.832773]",0,"[]","[]","[]","[]","[]","[]","[]","[]","[]","[]",2,"[301186,256513]","[-0.507529,0.228577]","[-2.42246,0.622097]","[341206,278142]","[16284.1,89811.3]","[0,0]","[2.45758,0.929251]","[0.296218,0.336506]",0,"[]","[]","[]","[]","[]","[]","[]","[]","[]","[]",0,"[386.163]",3473.83,"[6346.17,2669.9,4157.97]","[]","[3508.06,0]","[]"
323,284500,5520540,364173,1,618.688,5.35969e+06,1.22586,0.95098,1,1,1,0.997718,0,1,1,0,0,1,"[1]","[1]","[25786]","[0.717639]","[-2.31697]","[32715.8]","[-0.0258808]","[1]","[11]","[1]","[0]","[-307.168]","[-0.0317602]","[2.36913]",62174,0.379385,4,"[335338,293976,24118.2,22996.6]","[-0.294889,-0.550672,-0.461249,1.03072]","[2.65512,-0.560411,-2.36517,2.12864]","[351110,340359,26990.8,36773.6]","[1,0.902443,0.974514,0.988306]","[0,0,0,0]","[0,0,0,0]","[-0.935926,-0.589759,-0.892461,-0.736796]",0,"[]","[]","[]","[]","[]","[]","[]","[]","[]","[]",2,"[336423,294232]","[-0.305807,-0.560021]","[2.65392,-0.556274]","[352993,342389]","[22479.6,23392.2]","[0,0]","[1.80112,2.12166]","[0.358911,0.441087]",0,"[]","[]","[]","[]","[]","[]","[]","[]","[]","[]",0,"[167.913]",354.078,"[6379.93,4435.94,2383.76,1767.19]","[]","[24994.4,12279.1]","[]"
324,284500,5708536,364173,-0.812917,618.688,5.35969e+06,1.32095,0.96972,1,1,1,1,0.99544,1,1,0,0,1,"[1]","[1]","[234450]","[1.2993]","[0.505799]","[461801]","[0.0106239]","[1]","[11]","[1]","[0]","[-11.556]","[0.00344687]","[0.597575]",162923,-2.57341,0,"[]","[]","[]","[]","[]","[]","[]","[]",0,"[]","[]","[]","[]","[]","[]","[]","[]","[]","[]",1,"[263461]","[1.30253]","[0.509054]","[520392]","[0.0078125]","[0]","[0]","[-1]",0,"[]","[]","[]","[]","[]","[]","[]","[]","[]","[]",0,"[3930.86]",1305.8,"[]","[]","[11019.7]","[]"
325,284500,8463006,364173,1,618.688,5.35969e+06,0.596562,0.955383,1,1,1,1.18735,0.9876,1,1,0,0,2,"[1,0]","[1,0]","[33722,9267.3]","[-1.98454,0.259587]","[2.61945,-3.12063]","[124993,9581.29]","[-4.4877,-4.45974]","[1,-1]","[11,11]","[1,0]","[0,0]","[463.066,2016.18]","[0.00285125,0.00180237]","[0.108346,0.138024]",50371.4,-0.167206,6,"[331157,154851,125398,112706,56742.3,51019]","[0.702452,0.698225,-2.29874,-1.21708,0.75419,-1.19803]","[1.17087,-2.60328,-1.68095,-1.51995,-2.08467,1.17336]","[417400,194526,630936,207315,74112.4,92576.2]","[0.936561,0.999244,0.997733,0.995834,0.996419,0.946626]","[0,0,0,0,0,0]","[0,0,0,0,0,0]","[-0.802816,-0.883438,-0.524081,-0.671337,0.946788,-0.497736]",0,"[]","[]","[]","[]","[]","[]","[]","[]","[]","[]",1,"[320830]","[0.728009]","[1.16979]","[412409]","[47443]","[0]","[2.10745]","[0.592243]",0,"[]","[]","[]","[]","[]","[]","[]","[]","[]","[]",0,"[1053.31,80.5028]",1381,"[4168.48,4630.15,7852.83,2356.52,2088.05,2435.13]","[]","[15049.9]","[]"
326,284500,9482951,364173,-1,618.688,5.35969e+06,0.351687,0.96323,1,1,1,0.999266,1.00493,1,1,0,0,1,"[1]","[1]","[205186]","[-1.16862]","[2.94451]","[361983]","[-0.024147]","[1]","[11]","[1]","[0]","[823.137]","[-0.000705443]","[0.106606]",107025,-0.107297,1,"[74832.9]","[-2.19374]","[-0.380217]","[339886]","[0.433975]","[0]","[0]","[-0.830421]",0,"[]","[]","[]","[]","[]","[]","[]","[]","[]","[]",1,"[250077]","[-1.18679]","[3.01209]","[449123]","[33716.8]","[0]","[1.15792]","[0.759184]",0,"[]","[]","[]","[]","[]","[]","[]","[]","[]","[]",0,"[2293.73]",5006.55,"[3107.12]","[]","[0]","[]"
327,284500,9431598,364173,-1,618.688,5.35969e+06,0.696077,0.97994,1,1,1,0.999198,1.00632,1,1,0,0,1,"[1]","[1]","[340309]","[0.241977]","[1.34301]","[350320]","[0.0045166]","[-1]","[11]","[1]","[1673.47]","[-1651.4]","[-0.0190367]","[1.42205]",263395,-1.7015,1,"[98846.7]","[-0.623056]","[-2.13405]","[119825]","[1]","[0]","[0]","[-0.854991]",0,"[]","[]","[]","[]","[]","[]","[]","[]","[]","[]",1,"[348561]","[0.290866]","[1.34148]","[363458]","[5906.42]","[0]","[0]","[-1]",0,"[]","[]","[]","[]","[]","[]","[]","[]","[]","[]",0,"[4644.7]",12921.3,"[9980.41]","[]","[9746.47]","[]"
328,284500,6137859,364173,1,618.688,5.35969e+06,1.08735,0.98697,1,1,1,0.998744,1.00582,1,1,0,0,1,"[1]","[1]","[333930]","[-0.381817]","[2.37389]","[358568]","[-0.0141792]","[1]","[11]","[1]","[0]","[-23.9944]","[0.011937]","[1.66401]",343763,-0.712272,2,"[58873,45119.8]","[-0.968778,-1.81875]","[0.563992,-2.8647]","[88919.9,142957]","[0.998172,0.981535]","[0,0]","[0,0]","[-0.931536,-0.878916]",0,"[]","[]","[]","[]","[]","[]","[]","[]","[]","[]",1,"[347324]","[-0.356406]","[2.37832]","[369618]","[0.00730792]","[0]","[0]","[-1]",0,"[]","[]","[]","[]","[]","[]","[]","[]","[]","[]",0,"[2146.31]",3241.16,"[7105.67,4145.03]","[]","[33538.2]","[]"
329,284500,11647911,364173,1,618.688,5.35969e+06,1.26205,0.99242,1,1,1,0.997779,0.99765,1,1,0,0,1,"[1]","[1]","[341018]","[0.702174]","[1.05705]","[428599]","[-0.00558853]","[-1]","[11]","[1]","[0]","[427.766]","[-0.000680038]","[0.0626225]",359731,-2.21175,2,"[47868.6,30118.8]","[-0.505242,2.33852]","[0.294084,-1.67518]","[54530.1,157652]","[0.987756,0.999974]","[0,0]","[0,0]","[0.157683,0.327093]",0,"[]","[]","[]","[]","[]","[]","[]","[]","[]","[]",1,"[346405]","[0.723224]","[1.05004]","[441019]","[1345.39]","[0]","[0]","[-1]",0,"[]","[]","[]","[]","[]","[]","[]","[]","[]","[]",0,"[3779.84]",563.719,"[2007.94,2189]","[]","[6750.12]","[]"
330,284500,13517321,364173,1,618.688,5.35969e+06,0.553627,1,1,1,1,0.999603,1,1,1,0,0,1,"[1]","[1]","[80856.7]","[0.796943]","[-1.12891]","[107922]","[0.0327213]","[1]","[11]","[0]","[0]","[-728.532]","[-0.0654863]","[4.89813]",51664.2,-1.93941,1,"[254717]","[-0.707924]","[1.64623]","[321763]","[0.990862]","[0]","[0]","[-0.927413]",0,"[]","[]","[]","[]","[]","[]","[]","[]","[]","[]",1,"[272344]","[-0.773329]","[1.62127]","[359575]","[34454.3]","[0]","[3.03911]","[0.731769]",0,"[]","[]","[]","[]","[]","[]","[]","[]","[]","[]",0,"[245.677]",23832.2,"[3002.16]","[]","[15297]","[]"
331,284500,6509598,364173,-1,618.688,5.35969e+06,1.1961,1.01378,1,1,1,0.9972,1.00936,1,1,0,0,1,"[1]","[1]","[246242]","[0.0566353]","[2.81504]","[246637]","[-0.0541]","[1]","[11]","[1]","[0]","[-857.054]","[0.00813211]","[1.33798]",301809,0.0958956,2,"[95214.8,25925.9]","[-2.42343,-2.43177]","[-1.85042,-2.55509]","[541575,148789]","[1,0.943778]","[0,0]","[0,0]","[-0.900966,-0.730166]",0,"[]","[]","[]","[]","[]","[]","[]","[]","[]","[]",1,"[257949]","[0.0858033]","[2.81119]","[258899]","[0.000945553]","[0]","[0]","[-1]",0,"[]","[]","[]","[]","[]","[]","[]","[]","[]","[]",0,"[1693.4]",2699.47,"[9336.57,3183.56]","[]","[7801.42]","[]"
332,284500,5921816,364173,-1.11871,618.688,5.35969e+06,0.553627,0.96323,1,1,1,0.999437,1.00493,1,1,0,0,1,"[1]","[1]","[280849]","[-1.32329]","[-0.749458]","[564789]","[0.444585]","[1]","[11]","[1]","[0]","[1114.49]","[-0.012271]","[1.55715]",271060,2.8111,1,"[109132]","[-1.39988]","[1.37125]","[235123]","[0.999572]","[0]","[0]","[-0.733054]",0,"[]","[]","[]","[]","[]","[]","[]","[]","[]","[]",1,"[320123]","[-1.33777]","[-0.749391]","[651929]","[1975.69]","[0]","[97.5988]","[-1]",0,"[]","[]","[]","[]","[]","[]","[]","[]","[]","[]",0,"[3494.34]",5005.31,"[6783.82]","[]","[5426.88]","[]"
333,284500,6938413,364173,1,618.688,5.35969e+06,0,0.97921,1,1,1,0.998563,1.00192,1,1,0,0,1,"[1]","[1]","[64243.8]","[-0.459977]","[-2.45003]","[71160.7]","[0.0828972]","[-1]","[11]","[1]","[0]","[4080.56]","[0.000504019]","[0.0472957]",112496,-1.03828,2,"[221292,101937]","[-0.213277,2.12362]","[1.15632,-2.48205]","[232094,432687]","[0.979016,0.131481]","[0,0]","[0,0]","[-0.871323,-0.616245]",0,"[]","[]","[]","[]","[]","[]","[]","[]","[]","[]",1,"[266569]","[-0.178348]","[1.10838]","[272761]","[32491]","[0]","[1.39709]","[0.799569]",0,"[]","[]","[]","[]","[]","[]","[]","[]","[]","[]",0,"[113.841]",5204.05,"[5771.98,5450.56]","[]","[10117.4]","[]"
334,284500,2901337,364173,1,618.688,5.35969e+06,1.32095,0.92525,1,1,1,0.996252,0.94691,1,1,0,0,1,"[1]","[1]","[53648.9]","[-2.45253]","[1.91046]","[313947]","[-91.137]","[1]","[11]","[1]","[0]","[-174.569]","[0.0264319]","[1.47274]",50428.7,2.21221,4,"[232729,162863,49757.4,35791.2]","[-1.78451,-0.315972,0.220257,-2.02947]","[2.10673,-0.950844,-0.604202,-1.41239]","[713211,172578,51246.3,138597]","[0.998754,1,0.93841,0.990575]","[0,0,0,0]","[0,0,0,0]","[-0.548279,-0.743016,-0.69267,-0.769937]",0,"[]","[]","[]","[]","[]","[]","[]","[]","[]","[]",1,"[297099]","[-1.93465]","[2.07675]","[1.05245e+06]","[76398.4]","[0]","[1.38525]","[0.513739]",0,"[]","[]","[]","[]","[]","[]","[]","[]","[]","[]",0,"[518.435]",3580.06,"[6446.96,5324.76,4710.49,3802.82]","[]","[36008.6]","[]"
335,284500,8580367,364173,1,618.688,5.35969e+06,0.351687,0.97996,1,1,1,0.999689,1.01265,1,1,0,0,1,"[1]","[1]","[189376]","[1.56908]","[1.30235]","[474433]","[-0.071022]","[1]","[11]","[1]","[1282.47]","[6253.18]","[0.0183776]","[1.46616]",248046,-1.86116,1,"[56372.4]","[0.90438]","[1.87949]","[81572.8]","[0.945281]","[0]","[0]","[-0.945403]",0,"[]","[]","[]","[]","[]","[]","[]","[]","[]","[]",1,"[290685]","[1.50617]","[1.38069]","[692455]","[81477.2]","[0]","[0.974762]","[0.669732]",0,"[]","[]","[]","[]","[]","[]","[]","[]","[]","[]",0,"[3444.56]",5340.92,"[6047.01]","[]","[20655.9]","[]"
336,284500,9467550,364173,2.02452,618.688,5.35969e+06,0.934886,0.97695,1,1,1,0.998976,0.98743,1,1,0,0,1,"[1]","[1]","[244718]","[-0.102018]","[-2.52049]","[245993]","[-0.0218468]","[1]","[11]","[1]","[0]","[-955.92]","[0.00460362]","[0.77765]",253684,0.810439,1,"[45838.7]","[-1.91075]","[-1.36554]","[158526]","[0.985768]","[0]","[0]","[-0.577263]",0,"[]","[]","[]","[]","[]","[]","[]","[]","[]","[]",1,"[257926]","[-0.091918]","[-2.51747]","[259016]","[0.0024657]","[0]","[0]","[-1]",0,"[]","[]","[]","[]","[]","[]","[]","[]","[]","[]",0,"[3700.26]",1746.84,"[3830.4]","[]","[1127.56]","[]"
337,284500,13843569,364173,-1,618.688,5.35969e+06,0,0.9623,1,1,1,1.23695,0.96784,1,1,0,0,1,"[1]","[1]","[28563.3]","[-0.168182]","[1.54032]","[28968.2]","[21.4562]","[-1]","[11]","[1]","[4508.84]","[-870.456]","[0.0192281]","[1.62083]",98876.6,-0.660588,7,"[320524,253754,116093,108603,76202.8,74934,22550.2]","[-1.0746,-0.116823,-0.344625,-1.62313,-1.90858,-1.02644,0.368738]","[-0.545086,2.65884,1.93758,-2.63687,-3.12739,-0.0867531,2.32528]","[527493,257926,125577,286150,262937,118555,24481.5]","[1,0.998293,0.984156,0.999394,0.0480569,0.992256,0.990478]","[0,0,0,0,0,0,0]","[0,0,0,0,0,0,0]","[-0.858853,-0.911264,-0.821742,0.991401,-0.847642,-0.952523,-0.234606]",0,"[]","[]","[]","[]","[]","[]","[]","[]","[]","[]",2,"[389355,322018]","[-1.08333,-0.195052]","[-0.458498,2.41111]","[648337,358151]","[96807.3,143462]","[0,0]","[1.22848,1.10939]","[0.809667,0.780708]",0,"[]","[]","[]","[]","[]","[]","[]","[]","[]","[]",0,"[208.169]",31277.6,"[4841.12,8300.68,4702.06,2997.3,5633.82,2514.8,2561.05]","[]","[2256.97,3213.41]","[]"
338,284500,9122619,364173,-1,618.688,5.35969e+06,1.26459,0.98089,1,1,1,0.998449,0.99866,1,1,0,0,1,"[1]","[1]","[240543]","[-0.881215]","[-0.0197785]","[340141]","[-0.0109115]","[1]","[11]","[1]","[0]","[-966.335]","[-0.00397601]","[0.490406]",139417,2.80639,3,"[65098.7,35031.7,22360]","[-0.960578,0.897518,1.03733]","[-2.9778,-2.05987,-2.69046]","[97718.5,50363.6,35610.9]","[0.966505,1,0.909412]","[0,0,0]","[0,0,0]","[-0.806099,-0.888191,-0.761233]",0,"[]","[]","[]","[]","[]","[]","[]","[]","[]","[]",1,"[256785]","[-0.885516]","[-0.0255673]","[364216]","[0]","[0]","[0]","[-1]",0,"[]","[]","[]","[]","[]","[]","[]","[]","[]","[]",0,"[2843.49]",3894.56,"[5308.95,2741.78,1856.64]","[]","[2534.23]","[]"
339,284500,10720926,364173,-1,618.688,5.35969e+06,0.351687,0.96611,1,1,1,0.996769,0.97504,1,1,0,0,1,"[1]","[1]","[43226.1]","[0.765789]","[0.0121644]","[56532.3]","[0.0246525]","[-1]","[11]","[1]","[0]","[1243.17]","[-0.0310202]","[2.80292]",87421.1,-0.0396476,4,"[131866,100724,46810.5,23942]","[-0.789609,-0.21345,-0.2351,-0.594996]","[2.6706,-3.01199,0.898011,3.09534]","[176919,104546,49078.6,28699.1]","[0.0364269,0.961802,0.956824,0.991431]","[0,0,0,0]","[0,0,0,0]","[0.10203,-0.921784,-0.747373,-0.818687]",0,"[]","[]","[]","[]","[]","[]","[]","[]","[]","[]",1,"[269418]","[-0.59646]","[2.89508]","[336405]","[107460]","[0]","[1.16793]","[0.644554]",0,"[]","[]","[]","[]","[]","[]","[]","[]","[]","[]",0,"[41.4217]",9245.23,"[2637.51,2539.97,5881.22,1773.25]","[]","[18387.2]","[]"
340,284500,10590492,364173,0.728573,618.688,5.35969e+06,0.75088,0.98089,1,1,1,0.996581,0.99866,1,1,0,0,1,"[1]","[1]","[233278]","[-1.01447]","[1.49839]","[363972]","[0.0127411]","[1]","[11]","[1]","[0]","[-174.02]","[-0.00128047]","[0.153595]",127967,-1.26432,3,"[76664,44601.4,22809.4]","[-2.22463,1.27957,2.27305]","[-2.27372,-1.63939,-1.48643]","[358743,86492.9,111938]","[0.982171,1,1]","[0,0,0]","[0,0,0]","[-0.931485,-0.383395,-0.793686]",0,"[]","[]","[]","[]","[]","[]","[]","[]","[]","[]",1,"[256809]","[-1.03166]","[1.49946]","[406033]","[-0.00552427]","[0]","[0]","[-1]",0,"[]","[]","[]","[]","[]","[]","[]","[]","[]","[]",0,"[3585.77]",4493.59,"[2397.58,2198.67,4690.28]","[]","[0]","[]"
341,284500,13453429,364173,1.19377,618.688,5.35969e+06,0.923924,0.96972,1,1,1,0.999433,0.99544,1,1,0,0,1,"[1]","[1]","[232741]","[1.34903]","[-0.47356]","[478652]","[0.0340023]","[1]","[11]","[1]","[0]","[2203.73]","[0.0112849]","[1.1961]",278646,2.17548,1,"[115035]","[1.20936]","[-2.01711]","[210755]","[0.980859]","[0]","[0]","[-0.948653]",0,"[]","[]","[]","[]","[]","[]","[]","[]","[]","[]",1,"[266785]","[1.35548]","[-0.469944]","[551773]","[0.0078125]","[0]","[0]","[-1]",0,"[]","[]","[]","[]","[]","[]","[]","[]","[]","[]",0,"[2954.94]",34146.5,"[2796.65]","[]","[7389.27]","[]"
342,284500,1535603,364173,-1,618.688,5.35969e+06,0.553627,0.98697,1,1,1,0.999378,1.00582,1,1,0,0,1,"[1]","[1]","[251638]","[-0.314304]","[1.95355]","[264170]","[0.0084362]","[1]","[11]","[1]","[0]","[905.545]","[-0.0203606]","[2.90888]",247019,-0.832908,1,"[84878]","[-0.319007]","[-2.5709]","[90205.9]","[0.993208]","[0]","[0]","[-0.879298]",0,"[]","[]","[]","[]","[]","[]","[]","[]","[]","[]",1,"[283235]","[-0.333545]","[1.91833]","[300655]","[30179]","[0]","[3.01746]","[0.744025]",0,"[]","[]","[]","[]","[]","[]","[]","[]","[]","[]",0,"[1572.07]",12182.3,"[1856.66]","[]","[33748.1]","[]"
343,284500,10319409,364173,1,618.688,5.35969e+06,1.24168,0.99242,1,1,1,0.999202,0.99765,1,1,0,0,1,"[1]","[1]","[340864]","[0.66572]","[-1.39218]","[419228]","[-0.0134048]","[-1]","[11]","[1]","[0]","[-173.433]","[-0.00181106]","[0.287195]",252438,1.66167,1,"[95633]","[-0.395875]","[1.98635]","[103898]","[0.99]","[0]","[0]","[-0.82757]",0,"[]","[]","[]","[]","[]","[]","[]","[]","[]","[]",1,"[358957]","[0.644535]","[-1.39874]","[436134]","[0.00390625]","[0]","[0]","[-1]",0,"[]","[]","[]","[]","[]","[]","[]","[]","[]","[]",0,"[3562.59]",3427.38,"[4221.63]","[]","[3692.28]","[]"
344,284500,6516334,364173,0.18215,618.688,5.35969e+06,0.619412,0.99211,0.996438,1,1,0.999122,0.9918,1,1,0,0,2,"[1,0]","[1,0]","[263387,7476.89]","[-0.656181,-1.11806]","[-1.38526,-2.80419]","[322155,12658.2]","[0.0539513,-25.7478]","[1,1]","[11,13]","[1,1]","[0,0]","[852.03,3269.61]","[0.0105667,0.0120614]","[1.91891,0.579391]",347907,1.64925,1,"[103216]","[-0.667959]","[-2.11606]","[127673]","[0.977382]","[0]","[0]","[-0.84675]",0,"[]","[]","[]","[]","[]","[]","[]","[]","[]","[]",1,"[364410]","[-0.668807]","[-1.56245]","[461789]","[107948]","[0]","[0.132289]","[0.479472]",0,"[]","[]","[]","[]","[]","[]","[]","[]","[]","[]",0,"[3711.78,20.6197]",341.469,"[4078.25]","[]","[22319]","[]"
345,284500,14427933,364173,0.372945,618.688,5.35969e+06,1.21412,0.98428,1,1,1,0.999337,1.00121,1,1,0,0,1,"[1]","[1]","[235075]","[-1.86277]","[-2.84328]","[775371]","[0.0692902]","[1]","[11]","[1]","[0]","[91.262]","[-0.0027223]","[0.219297]",124583,0.344198,1,"[86027.4]","[-1.90839]","[0.335704]","[296619]","[0.991443]","[0]","[0]","[-0.820484]",0,"[]","[]","[]","[]","[]","[]","[]","[]","[]","[]",1,"[259492]","[-1.82876]","[-2.84281]","[828658]","[2237.37]","[0]","[34.8859]","[-1]",0,"[]","[]","[]","[]","[]","[]","[]","[]","[]","[]",0,"[2630.57]",6295.45,"[6770.52]","[]","[0]","[]"
346,284500,14207809,364173,1,618.688,5.35969e+06,1.32095,0.97435,1,1,1,0.997169,0.98425,1,1,0,0,1,"[1]","[1]","[46139.7]","[0.170479]","[-0.890157]","[46811.8]","[-62.3351]","[-1]","[11]","[1]","[1025.44]","[-433.333]","[-0.0195134]","[2.21719]",46997.3,-2.27825,4,"[278718,181273,89143.6,51561.8]","[-1.19484,-0.333465,1.97978,1.61462]","[-2.48045,0.798951,1.45098,0.57179]","[503803,192658,328988,135057]","[0.998936,0.990701,0,0.990111]","[0,0,0,0]","[0,0,0,0]","[-0.925357,-0.930194,-0.71239,-0.50077]",0,"[]","[]","[]","[]","[]","[]","[]","[]","[]","[]",1,"[261349]","[-1.20636]","[-2.48065]","[476880]","[33074.6]","[0]","[1.9525]","[0.753106]",0,"[]","[]","[]","[]","[]","[]","[]","[]","[]","[]",0,"[174.374]",3957.04,"[5012.16,10648.9,3344.26,2485.97]","[]","[4049.91]","[]"
347,284500,3110491,364173,-1,618.688,5.35969e+06,1.55465,1.00588,1,1,1,0.999391,1.00306,1,1,0,0,1,"[1]","[1]","[226930]","[0.906719]","[-2.74628]","[326783]","[-0.0286255]","[1]","[11]","[1]","[0]","[-635.771]","[-0.0114358]","[0.990284]",221617,0.135032,1,"[56004.9]","[1.47589]","[2.05335]","[129404]","[0.998971]","[0]","[0]","[-0.822961]",0,"[]","[]","[]","[]","[]","[]","[]","[]","[]","[]",1,"[261694]","[0.903139]","[-2.7477]","[375888]","[3025.09]","[0]","[28.7315]","[0.224665]",0,"[]","[]","[]","[]","[]","[]","[]","[]","[]","[]",0,"[2232.59]",1749.88,"[2287.07]","[]","[1228.89]","[]"
348,284500,8885634,364173,1,618.688,5.35969e+06,1.32095,0.96709,1,1,1,0.996723,1.00936,1,1,0,0,1,"[1]","[1]","[111870]","[0.047811]","[-0.677097]","[111998]","[-0.0364666]","[1]","[11]","[1]","[0]","[-1035.34]","[0.00813326]","[0.59547]",28403.6,2.25017,5,"[321713,315871,58358.3,56401.2,25211.1]","[-0.640578,-1.00147,-0.00960083,-0.460408,2.26547]","[-1.58193,1.535,2.25818,2.56406,-1.09051]","[391192,490788,58676.2,62824,122859]","[0,0,0.995387,0.977976,0.986342]","[0,0,0,0,0]","[0,0,0,0,0]","[-0.776735,-0.771421,-0.947047,-0.93477,-0.905185]",0,"[]","[]","[]","[]","[]","[]","[]","[]","[]","[]",2,"[319550,324603]","[-0.628559,-0.987773]","[-1.58298,1.53903]","[386177,499692]","[32818.3,58444.1]","[0,0]","[2.58508,1.56997]","[0.608231,0.714728]",0,"[]","[]","[]","[]","[]","[]","[]","[]","[]","[]",0,"[1033.9]",2907.28,"[4602.99,4741.78,6766.04,6108.4,2973.63]","[]","[25157.4,27492.9]","[]"
349,284500,13184878,364173,-1,618.688,5.35969e+06,1.24168,0.97994,1,1,1,0.999691,1.00632,1,1,0,0,1,"[1]","[1]","[241749]","[0.370448]","[1.57217]","[258527]","[-0.0762024]","[-1]","[11]","[1]","[0]","[-1888.76]","[0.0316485]","[4.45745]",197792,-1.3624,1,"[56831.8]","[-0.223698]","[-2.21874]","[58883.6]","[0.997356]","[0]","[0]","[-0.943535]",0,"[]","[]","[]","[]","[]","[]","[]","[]","[]","[]",1,"[251854]","[0.318463]","[1.57674]","[264734]","[0.00292969]","[0]","[0]","[-1]",0,"[]","[]","[]","[]","[]","[]","[]","[]","[]","[]",0,"[2166.03]",5202.28,"[1973.56]","[]","[5558]","[]"
350,284500,9806535,364173,1,618.688,5.35969e+06,0.923924,0.98089,1,1,1,0.996377,0.99866,1,1,0,0,1,"[1]","[1]","[340995]","[-0.889826]","[2.71933]","[485139]","[0.0773172]","[-1]","[11]","[1]","[0]","[157.371]","[-0.00644975]","[0.748904]",397715,-0.295742,3,"[38220.5,35476.5,32369.8]","[-1.89366,0.327352,-2.49628]","[-2.74034,-1.95623,3.08058]","[130067,37956.2,197843]","[0.953357,0.986201,0.993625]","[0,0,0]","[0,0,0]","[-0.866627,-0.637412,-0.822932]",0,"[]","[]","[]","[]","[]","[]","[]","[]","[]","[]",1,"[361962]","[-0.889948]","[2.71713]","[515042]","[5308.67]","[0]","[22.3401]","[0.237927]",0,"[]","[]","[]","[]","[]","[]","[]","[]","[]","[]",0,"[4105.69]",6505.56,"[6772.35,2098.79,2212.78]","[]","[5311.28]","[]"
351,284500,7504927,364173,-1,618.688,5.35969e+06,0.934886,0.98089,1,1,1,0.998572,0.99866,1,1,0,0,1,"[1]","[1]","[206734]","[-1.11327]","[-1.9119]","[348634]","[0.0378189]","[1]","[11]","[1]","[0]","[1361.58]","[-0.0138682]","[1.80879]",233521,1.44668,2,"[57021.9,42503.2]","[-2.42186,-0.554166]","[0.167404,-1.89399]","[323832,49218.8]","[0.988696,0.996488]","[0,0]","[0,0]","[-0.866084,-0.74579]",0,"[]","[]","[]","[]","[]","[]","[]","[]","[]","[]",1,"[259860]","[-1.04347]","[-1.91083]","[417342]","[47373.9]","[0]","[0.378937]","[0.537251]",0,"[]","[]","[]","[]","[]","[]","[]","[]","[]","[]",0,"[2404.63]",955.578,"[3700.86,2026.82]","[]","[5020.55]","[]"
352,284500,6029282,364173,-1,618.688,5.35969e+06,1.1961,0.97996,1,1,1,0.997576,1.01265,1,1,0,0,1,"[1]","[1]","[269429]","[1.65324]","[2.10168]","[729521]","[0.0190849]","[1]","[11]","[1]","[0]","[-330.958]","[0.00924689]","[0.598019]",191781,-1.34092,2,"[81383.2,22241.5]","[0.542086,-2.47787]","[-0.679153,0.319333]","[94481.1,133538]","[0.995234,0]","[0,0]","[0,0]","[-0.925967,-0.650402]",0,"[]","[]","[]","[]","[]","[]","[]","[]","[]","[]",1,"[298115]","[1.64892]","[2.10276]","[803982]","[5797.31]","[0]","[0]","[-1]",0,"[]","[]","[]","[]","[]","[]","[]","[]","[]","[]",0,"[4905.17]",319.828,"[2040.69,2900.46]","[]","[5302.09]","[]"
353,284500,6031531,364173,1,618.688,5.35969e+06,1.26459,0.97332,1,1,1,0.997914,0.98683,1,1,0,0,1,"[1]","[1]","[75892.6]","[-1.04876]","[2.70028]","[121599]","[31.9057]","[-1]","[11]","[1]","[0]","[-652.708]","[0.00464877]","[0.440806]",74573.9,-0.0156331,2,"[183853,154144]","[-1.31205,-0.849229]","[-2.75836,0.281054]","[366651,214479]","[0.99996,1]","[0,0]","[0,0]","[-0.937177,-0.268488]",0,"[]","[]","[]","[]","[]","[]","[]","[]","[]","[]",1,"[251308]","[-1.29605]","[-3.00195]","[501126]","[86394]","[0]","[0.718412]","[0.648809]",0,"[]","[]","[]","[]","[]","[]","[]","[]","[]","[]",0,"[459.03]",5774.59,"[3448.91,8203.18]","[]","[2582.52]","[]"
354,284500,12997604,364173,-1,618.688,5.35969e+06,1.26459,0.97994,1,1,1,0.999346,1.00632,1,1,0,0,1,"[1]","[1]","[374715]","[0.294512]","[1.25723]","[391084]","[0.00925446]","[1]","[11]","[1]","[0]","[-1239.89]","[-1.74415e-05]","[0.00250897]",384314,-1.7056,1,"[31828.4]","[0.461295]","[1.83318]","[35747.9]","[0.769678]","[0]","[0]","[-0.949945]",0,"[]","[]","[]","[]","[]","[]","[]","[]","[]","[]",1,"[387874]","[0.26649]","[1.25222]","[401728]","[0.00632885]","[0]","[0]","[-1]",0,"[]","[]","[]","[]","[]","[]","[]","[]","[]","[]",0,"[2322.55]",1685.88,"[3475.32]","[]","[47926.4]","[]"
355,284500,4115076,364173,0.742126,618.688,5.35969e+06,0.553627,0.97996,1,1,1,1,1,1,1,0,0,1,"[1]","[1]","[264843]","[1.73285]","[-2.79123]","[772488]","[0.0388336]","[1]","[11]","[0]","[1198.8]","[-1795.22]","[-0.0120442]","[0.392195]",282907,0.192199,0,"[]","[]","[]","[]","[]","[]","[]","[]",0,"[]","[]","[]","[]","[]","[]","[]","[]","[]","[]",1,"[284168]","[1.74584]","[-2.79297]","[839041]","[0]","[0]","[0]","[-1]",0,"[]","[]","[]","[]","[]","[]","[]","[]","[]","[]",0,"[5046.83]",3876.31,"[]","[]","[13035.6]","[]"
356,284500,731602,364173,-1,618.688,5.35969e+06,0.923924,0.96972,1,1,1,0.999475,0.99544,1,1,0,0,1,"[1]","[1]","[226489]","[1.34777]","[1.0149]","[465283]","[0.0585194]","[1]","[11]","[1]","[0]","[-319.043]","[-0.00815562]","[1.22772]",203219,-2.328,1,"[65737.8]","[1.44573]","[-1.42566]","[147628]","[0.972013]","[0]","[0]","[-0.944763]",0,"[]","[]","[]","[]","[]","[]","[]","[]","[]","[]",1,"[252286]","[1.37222]","[1.01541]","[529503]","[1310.89]","[0]","[0]","[-1]",0,"[]","[]","[]","[]","[]","[]","[]","[]","[]","[]",0,"[2976.81]",1052.78,"[2447.26]","[]","[0]","[]"
357,284500,9027105,364173,1,618.688,5.35969e+06,1.21412,0.98458,1,1,1,0.995187,1.00582,1,1,0,0,1,"[1]","[1]","[93069.1]","[-0.225553]","[1.35405]","[95446.5]","[31.1456]","[1]","[11]","[1]","[0]","[1100.12]","[-0.000271849]","[0.0125532]",79121.4,2.83324,5,"[296393,150205,58694.9,48645.5,32644.5]","[1.16482,-0.66091,2.45737,0.451258,2.49928]","[-1.11236,2.01532,1.10754,-2.28362,-1.54305]","[521789,184778,345225,54753.1,200055]","[0.997494,0.9976,0.997231,0.983682,0]","[0,0,0,0,0]","[0,0,0,0,0]","[-0.875119,-0.682207,-0.617,-0.922696,-0.857478]",0,"[]","[]","[]","[]","[]","[]","[]","[]","[]","[]",1,"[299426]","[1.14393]","[-1.12069]","[518307]","[26021.5]","[0]","[3.36375]","[0.54766]",0,"[]","[]","[]","[]","[]","[]","[]","[]","[]","[]",0,"[348.749]",8787,"[12737.5,4107.42,5330.01,2160.31,3774.25]","[]","[31966.3]","[]"
358,284500,9341008,364173,1,618.688,5.35969e+06,0.696077,0.98178,1,1,1,0.998539,0.99604,1,1,0,0,1,"[1]","[1]","[80855.1]","[-2.04601]","[-1.81983]","[318013]","[-93.2208]","[1]","[11]","[1]","[0]","[-373.093]","[0.00969573]","[0.948992]",8678.99,-2.61042,3,"[319258,319039,96101]","[1.41651,0.720115,-1.63955]","[-1.3797,1.73845,1.33553]","[697610,405827,257144]","[0.990767,1,0]","[0,0,0]","[0,0,0]","[-0.861832,-0.867466,-0.711283]",0,"[]","[]","[]","[]","[]","[]","[]","[]","[]","[]",2,"[304138,299297]","[0.735802,1.42255]","[1.74461,-1.39171]","[390423,657159]","[11576.4,22437.4]","[0,0]","[5.94346,2.0996]","[0.523773,0.729917]",0,"[]","[]","[]","[]","[]","[]","[]","[]","[]","[]",0,"[480.638]",5675.65,"[7236.66,4355.87,9607.87]","[]","[4365.47,25602.1]","[]"
359,284500,11529423,364173,1,618.688,5.35969e+06,0.553627,0.98916,1,1,1,0.997583,0.99765,1,1,0,0,1,"[1]","[1]","[111648]","[0.78017]","[-0.892654]","[147386]","[-0.00933075]","[-1]","[11]","[1]","[0]","[1325.15]","[0.00521018]","[0.75957]",20040.6,0.432926,3,"[148042,127397,104316]","[-1.59063,-1.49117,-0.991236]","[1.88389,-1.31112,2.5459]","[379259,297454,162152]","[0.00211524,0,0.998969]","[0,0,0]","[0,0,0]","[-0.758663,0.273575,-0.10196]",0,"[]","[]","[]","[]","[]","[]","[]","[]","[]","[]",1,"[259591]","[-1.42991]","[2.14513]","[586268]","[122209]","[0]","[1.14168]","[0.626934]",0,"[]","[]","[]","[]","[]","[]","[]","[]","[]","[]",0,"[450.119]",977.844,"[3597.61,2728.78,2672.63]","[]","[0]","[]"
360,284500,11600752,364173,-1,618.688,5.35969e+06,1.26459,0.97921,1,1,1,0.990274,1.00192,1,1,0,0,1,"[1]","[1]","[75873]","[-0.465904]","[-2.88648]","[84257.7]","[-0.0186634]","[1]","[11]","[1]","[0]","[2523.34]","[0.0165417]","[1.44425]",91064.1,2.25947,4,"[617956,514215,26999.3,25845.1]","[0.468752,-2.34,-1.25301,-1.82441]","[-0.7281,2.41413,1.22305,0.969466]","[687808,2.69388e+06,51289.6,82391.4]","[0.197325,0,0.99423,0.984264]","[0,0,0,0]","[0,0,0,0]","[-0.732817,-0.882132,-0.63726,-0.844491]",0,"[]","[]","[]","[]","[]","[]","[]","[]","[]","[]",1,"[608298]","[0.464953]","[-0.729006]","[684853]","[114327]","[0]","[5.95579]","[0.561436]",0,"[]","[]","[]","[]","[]","[]","[]","[]","[]","[]",0,"[1263.16]",15797.4,"[11752.2,8845.78,8336.22,1870.92]","[]","[61124.9]","[]"
361,284500,9604200,364173,1,618.688,5.35969e+06,0.696077,0.94914,1,1,1,0.997915,0.98122,1,1,0,0,1,"[1]","[1]","[32406.5]","[0.0297667]","[0.304835]","[32420.9]","[0.114119]","[1]","[11]","[1]","[0]","[1376.92]","[-0.018937]","[1.58633]",89994.3,-1.30523,4,"[263118,142946,40980.9,32729.8]","[0.339534,1.32795,0.225582,-0.826249]","[2.01413,-1.04016,2.42021,-1.15892]","[280340,288913,42247.6,44836.1]","[0,0.0228327,0.995855,0.996424]","[0,0,0,0]","[0,0,0,0]","[-0.738048,-0.845492,-0.919048,-0.795424]",0,"[]","[]","[]","[]","[]","[]","[]","[]","[]","[]",1,"[301556]","[0.330513]","[2.06512]","[321291]","[44616.9]","[0]","[1.56239]","[0.654766]",0,"[]","[]","[]","[]","[]","[]","[]","[]","[]","[]",0,"[33.4624]",12700.4,"[9229.37,6695.57,2722.83,4009.37]","[]","[2906.09]","[]"
362,284500,11010228,364173,-1,618.688,5.35969e+06,0.596562,1.00588,1,1,1,0.997826,1.00306,1,1,0,0,1,"[1]","[1]","[296553]","[0.843767]","[-0.546846]","[408531]","[-0.0186024]","[-1]","[11]","[1]","[0]","[2031.09]","[-0.0189792]","[3.12786]",187669,2.31602,2,"[128564,32035.7]","[1.33168,1.34048]","[2.75223,-1.66542]","[261621,65681.2]","[0.998982,0.947959]","[0,0]","[0,0]","[-0.968305,-0.885313]",0,"[]","[]","[]","[]","[]","[]","[]","[]","[]","[]",1,"[336262]","[0.823704]","[-0.55817]","[460906]","[60371.8]","[0]","[1.08359]","[0.662818]",0,"[]","[]","[]","[]","[]","[]","[]","[]","[]","[]",0,"[3173.39]",3899.19,"[2700.14,6396.28]","[]","[9022.56]","[]"
363,284500,5823717,364173,0.707475,618.688,5.35969e+06,1.1961,1.00588,1,1,1,0.999482,1.00306,1,1,0,0,1,"[1]","[1]","[212614]","[0.953322]","[-2.32126]","[316770]","[-0.0039444]","[1]","[11]","[1]","[0]","[203.604]","[0.00916388]","[1.42264]",258944,0.655433,1,"[57436.1]","[1.33878]","[3.13876]","[117374]","[0.999227]","[0]","[0]","[-0.935747]",0,"[]","[]","[]","[]","[]","[]","[]","[]","[]","[]",1,"[273827]","[1.03514]","[-2.46482]","[446196]","[103163]","[0]","[0.565598]","[0.691737]",0,"[]","[]","[]","[]","[]","[]","[]","[]","[]","[]",0,"[2062.78]",3789.52,"[5249.81]","[]","[0]","[]"
364,284500,10013113,364173,1,618.688,5.35969e+06,0.619412,0.97996,1,1,1,0.997513,1.01265,1,1,0,0,1,"[1]","[1]","[232153]","[1.64073]","[2.2067]","[621329]","[0.0284004]","[1]","[11]","[1]","[0]","[-2702.53]","[-0.0135579]","[1.64665]",323230,-0.713309,2,"[85894.5,22881.8]","[-1.08228,-2.27543]","[3.06767,2.97902]","[141616,112680]","[0.998576,0.904285]","[0,0]","[0,0]","[-0.898827,-0.538604]",0,"[]","[]","[]","[]","[]","[]","[]","[]","[]","[]",1,"[253141]","[1.65214]","[2.20652]","[684721]","[2591.92]","[0]","[0]","[-1]",0,"[]","[]","[]","[]","[]","[]","[]","[]","[]","[]",0,"[4515.68]",508.625,"[2811.78,2775.47]","[]","[1386.8]","[]"
365,284500,2014636,364173,0.68047,618.688,5.35969e+06,1.25133,0.98089,1,1,1,0.999294,0.99866,1,1,0,0,1,"[1]","[1]","[251452]","[-0.980861]","[-3.07236]","[382426]","[0.0112228]","[1]","[11]","[1]","[0]","[-348.022]","[-0.0217178]","[2.79247]",235702,0.362336,2,"[51712,39423.3]","[-0.345479,-1.19925]","[-1.7452,-0.287588]","[55035.9,71588.2]","[0.996115,0.999515]","[0,0]","[0,0]","[-0.889704,-0.760865]",0,"[]","[]","[]","[]","[]","[]","[]","[]","[]","[]",1,"[271042]","[-0.977499]","[-3.07659]","[411177]","[0.00873464]","[0]","[0]","[-1]",0,"[]","[]","[]","[]","[]","[]","[]","[]","[]","[]",0,"[2396.88]",1496.55,"[3102.8,2190.06]","[]","[3544.12]","[]"
366,284500,14111182,364173,1,618.688,5.35969e+06,1.21412,0.9549,1,1,1,0.996554,1.03188,1,1,0,0,1,"[1]","[1]","[41292.6]","[-2.12877]","[-1.13502]","[175978]","[-37.9538]","[1]","[11]","[1]","[0]","[1150.57]","[0.0146717]","[0.946999]",81840.6,-2.8298,6,"[262158,183073,43026.3,39684.4,29452.8,24039.9]","[-1.04969,0.179419,-0.224862,0.833615,-0.545336,0.972897]","[1.30834,-1.77725,3.12609,-2.11772,0.862527,0.179958]","[420938,187354,45056.5,55056.9,34397.8,36683.7]","[0.986866,1,0.945293,0.966221,0.985194,0.932788]","[0,0,0,0,0,0]","[0,0,0,0,0,0]","[-0.885252,-0.829198,-0.896106,-0.774736,-0.766014,-0.74468]",0,"[]","[]","[]","[]","[]","[]","[]","[]","[]","[]",1,"[294805]","[-1.01201]","[1.27252]","[462014]","[51790.6]","[0]","[2.46294]","[0.821534]",0,"[]","[]","[]","[]","[]","[]","[]","[]","[]","[]",0,"[87.3241]",1607.05,"[7722.45,8365.98,4693.77,2041.9,5474.47,2547.52]","[]","[14268.7]","[]"
367,284500,7169093,364173,1,618.688,5.35969e+06,0.596562,0.97106,1,1,1,0.997407,0.96201,1,1,0,0,1,"[1]","[1]","[46517.6]","[0.937206]","[2.25481]","[68486.9]","[0.066288]","[1]","[11]","[1]","[0]","[2130.64]","[-0.000672603]","[0.0705508]",157192,2.3729,3,"[211203,85989.7,37542.8]","[1.41406,0.943732,-1.50924]","[-1.25298,-0.488858,1.52269]","[460518,127888,89121.5]","[1,0.996566,0.788208]","[0,0,0]","[0,0,0]","[-0.548098,-0.439638,-0.890274]",0,"[]","[]","[]","[]","[]","[]","[]","[]","[]","[]",1,"[259095]","[1.33932]","[-1.02808]","[541023]","[116389]","[0]","[0.942142]","[0.771123]",0,"[]","[]","[]","[]","[]","[]","[]","[]","[]","[]",0,"[41.9158]",2238.75,"[4252.43,7273.81,2210.37]","[]","[6473.08]","[]"
368,284500,11192599,364173,-1,618.688,5.35969e+06,0.619412,0.96972,1,1,1,0.999129,0.99544,1,1,0,0,1,"[1]","[1]","[229863]","[1.33088]","[-1.15402]","[465314]","[-0.0423512]","[1]","[11]","[1]","[0]","[4416.08]","[0.0120981]","[1.48202]",181754,1.78855,2,"[62995.5,35513.6]","[-0.041146,0.308083]","[2.47373,2.15803]","[63812.6,37415.2]","[0.984478,0.995292]","[0,0]","[0,0]","[-0.882456,-0.908948]",0,"[]","[]","[]","[]","[]","[]","[]","[]","[]","[]",1,"[266236]","[1.34507]","[-1.15446]","[545678]","[5807.62]","[0]","[8.39659]","[0.642155]",0,"[]","[]","[]","[]","[]","[]","[]","[]","[]","[]",0,"[2901.8]",7619.42,"[6929.22,2412.04]","[]","[6161.5]","[]"
369,284500,2376873,364173,-1,618.688,5.35969e+06,1.26205,0.97538,1,1,1,0.99466,1.01508,1,1,0,0,1,"[1]","[1]","[80267.7]","[-1.77703]","[1.34902]","[244071]","[0.0709472]","[-1]","[11]","[1]","[1103.89]","[1265.3]","[0.0179183]","[1.27665]",13922.9,1.73046,8,"[236085,84941.6,69981.5,60747.6,23663.7,23626.9,22338.9,20218.2]","[0.320386,-2.26765,1.00079,-1.4233,0.798302,-0.955387,1.04206,0.402927]","[-1.22354,2.93863,1.72086,2.77256,1.2915,-1.45754,0.463666,-0.241693]","[248597,414644,108466,133758,31802.5,35761,35834.5,22183.5]","[0.997773,0.981025,0.996421,0.994983,0.998933,0.961124,0.86041,0.984476]","[0,0,0,0,0,0,0,0]","[0,0,0,0,0,0,0,0]","[-0.919578,-0.930823,-0.930107,-0.869378,-0.501019,-0.724933,-0.115985,-0.606066]",0,"[]","[]","[]","[]","[]","[]","[]","[]","[]","[]",1,"[250315]","[0.324835]","[-1.22431]","[263821]","[9820.34]","[0]","[3.50519]","[0.0481421]",0,"[]","[]","[]","[]","[]","[]","[]","[]","[]","[]",0,"[589.89]",6390.39,"[6308.03,3398.38,5470.81,3737.82,4943.51,2917.08,2245.96,1135.73]","[]","[9111.14]","[]"
370,284500,14723837,364173,-1,618.688,5.35969e+06,0.923924,0.93894,1,1,1,0.994561,0.98659,1,1,0,0,1,"[1]","[1]","[31079.2]","[2.1715]","[1.92659]","[138076]","[0.0997124]","[1]","[11]","[1]","[0]","[-692.576]","[-0.00396672]","[0.109652]",120735,0.715422,5,"[239761,164909,25800.6,23414.3,21260]","[1.44724,0.349384,2.06114,0.94867,0.0232096]","[-1.86979,1.42544,-1.61202,2.96266,-1.68288]","[538813,177837,103070,34873.1,21869.6]","[0.999897,0.998385,0.994153,0.751447,0.992415]","[0,0,0,0,0]","[0,0,0,0,0]","[-0.872803,-0.940262,-0.789501,-0.820083,-0.772991]",0,"[]","[]","[]","[]","[]","[]","[]","[]","[]","[]",1,"[256976]","[1.54551]","[-1.88565]","[632355]","[53940.5]","[0]","[2.08231]","[0.695265]",0,"[]","[]","[]","[]","[]","[]","[]","[]","[]","[]",0,"[373.363]",12442.2,"[3330.47,4060.51,4528.91,3253.47,1725.85]","[]","[25620.6]","[]"
371,284500,14708922,364173,1,618.688,5.35969e+06,1.21412,0.98413,1,1,1,0.998709,0.99866,1,1,0,0,1,"[1]","[1]","[111536]","[-1.02463]","[1.51144]","[175391]","[0.00617409]","[-1]","[11]","[1]","[1192.14]","[819.044]","[-0.00141215]","[0.150344]",89713.6,-1.39526,2,"[128126,106820]","[-1.34621,-1.51901]","[-1.39762,2.00702]","[263367,256067]","[1,0]","[0,0]","[0,0]","[-0.880163,-0.716048]",0,"[]","[]","[]","[]","[]","[]","[]","[]","[]","[]",1,"[258765]","[-1.34679]","[1.77824]","[539208]","[92982.4]","[0]","[0.985964]","[0.591775]",0,"[]","[]","[]","[]","[]","[]","[]","[]","[]","[]",0,"[751.907]",881.32,"[5815.44,5158.93]","[]","[5024.62]","[]"
372,284500,13961021,364173,1,618.688,5.35969e+06,1.74563,0.96392,1,1,1,1,1.01012,1,1,0,0,1,"[1]","[1]","[248364]","[1.91336]","[-0.654258]","[859759]","[-0.0574837]","[1]","[11]","[1]","[0]","[-478.756]","[0.000276973]","[0.0149211]",302328,2.57711,0,"[]","[]","[]","[]","[]","[]","[]","[]",0,"[]","[]","[]","[]","[]","[]","[]","[]","[]","[]",1,"[265416]","[1.92337]","[-0.653541]","[927647]","[2286.76]","[0]","[16.8319]","[-1]",0,"[]","[]","[]","[]","[]","[]","[]","[]","[]","[]",0,"[2011.19]",22932.7,"[]","[]","[32763.4]","[]"
373,284500,14067690,364173,1.04641,618.688,5.35969e+06,1.55465,0.96323,1,1,1,0.998235,1.00493,1,1,0,0,1,"[1]","[1]","[280961]","[-1.20976]","[1.0121]","[512888]","[-0.0175667]","[-1]","[11]","[1]","[0]","[-115.372]","[-0.0115918]","[1.92218]",280225,-2.22362,1,"[30361.2]","[1.34169]","[0.490327]","[62439.2]","[0.7713]","[0]","[0]","[-0.812658]",0,"[]","[]","[]","[]","[]","[]","[]","[]","[]","[]",1,"[298311]","[-1.22522]","[1.01712]","[551669]","[1016.5]","[0]","[0]","[-1]",0,"[]","[]","[]","[]","[]","[]","[]","[]","[]","[]",0,"[3451.38]",1539.53,"[2521.73]","[]","[0]","[]"
374,284500,9736847,364173,-1,618.688,5.35969e+06,0.75088,0.96323,1,1,1,0.998932,1.00493,1,1,0,0,1,"[1]","[1]","[286019]","[-1.1815]","[0.222131]","[509984]","[-0.0040741]","[1]","[11]","[1]","[0]","[-492.51]","[0.00860033]","[0.571705]",295487,-3.08132,2,"[36078.3,30277]","[0.266385,0.89348]","[-1.07638,-2.40066]","[37894.1,43432.1]","[0.901878,0.991477]","[0,0]","[0,0]","[-0.115634,-0.844923]",0,"[]","[]","[]","[]","[]","[]","[]","[]","[]","[]",1,"[316734]","[-1.17332]","[0.223226]","[560944]","[0.00552427]","[0]","[0]","[-1]",0,"[]","[]","[]","[]","[]","[]","[]","[]","[]","[]",0,"[3089.72]",3944.53,"[2096.86,5116.01]","[]","[15143.2]","[]"
375,284500,6312617,364173,1,618.688,5.35969e+06,1.22586,0.97826,1,1,1,0.99404,1.00493,1,1,0,0,1,"[1]","[1]","[134692]","[-1.33949]","[0.951167]","[274711]","[0.0432243]","[-1]","[11]","[1]","[0]","[241.405]","[-0.0130453]","[1.7418]",120661,-0.216702,7,"[196165,97454.6,73144.2,54466.9,51224.8,27373.2,25231.7]","[-2.40909,0.383551,-1.39819,-1.93778,-0.56252,1.43795,1.13891]","[-3.0183,-0.110893,0.444377,2.60052,-3.04563,-0.858863,2.77793]","[1.1004e+06,105462,157749,193139,59880.7,61002.6,43850.3]","[0.00948597,0,0,0.996865,0.999241,0.957704,0.931352]","[0,0,0,0,0,0,0]","[0,0,0,0,0,0,0]","[-0.874741,-0.722371,-0.961307,-0.304337,0.0943988,-0.927793,-0.929736]",0,"[]","[]","[]","[]","[]","[]","[]","[]","[]","[]",1,"[264415]","[-1.48917]","[0.773587]","[618919]","[60510.2]","[0]","[1.63249]","[0.570197]",0,"[]","[]","[]","[]","[]","[]","[]","[]","[]","[]",0,"[1349.18]",5112.95,"[12561.2,9970.1,3652.96,3972.55,3804.6,3724.14,2614.16]","[]","[0]","[]"
376,284500,13384089,364173,-1,618.688,5.35969e+06,1.1961,0.97994,1,1,1,0.998545,1.00632,1,1,0,0,1,"[1]","[1]","[234930]","[0.550461]","[-2.86662]","[271431]","[0.0429497]","[1]","[11]","[1]","[2032.45]","[-361.589]","[-0.0109867]","[1.21615]",254738,0.231677,2,"[32342.4,20692.9]","[-0.230238,0.40655]","[1.19471,-2.38797]","[33817.9,22607.7]","[0.999921,0.999159]","[0,0]","[0,0]","[-0.838105,-0.749432]",0,"[]","[]","[]","[]","[]","[]","[]","[]","[]","[]",1,"[261698]","[0.535915]","[-2.84653]","[302103]","[33969.5]","[0]","[1.91259]","[0.694364]",0,"[]","[]","[]","[]","[]","[]","[]","[]","[]","[]",0,"[1641.13]",11560.5,"[4986.76,1146.33]","[]","[1029.61]","[]"
377,284500,12779868,364173,-1,618.688,5.35969e+06,1.25133,0.98089,1,1,1,0.999115,0.99866,1,1,0,0,1,"[1]","[1]","[1.10252e+06]","[-0.8757]","[-1.70273]","[1.55296e+06]","[-0.0244775]","[1]","[11]","[1]","[0]","[2001.09]","[-0.0154303]","[2.66301]",989192,1.4197,1,"[93865.9]","[-2.39102]","[1.21906]","[517067]","[0.9712]","[0]","[0]","[-0.272945]",0,"[]","[]","[]","[]","[]","[]","[]","[]","[]","[]",1,"[1.17162e+06]","[-0.87814]","[-1.70326]","[1.65323e+06]","[16896.4]","[0]","[22.8551]","[0.397322]",0,"[]","[]","[]","[]","[]","[]","[]","[]","[]","[]",0,"[10549.2]",2509.44,"[4263.75]","[]","[27543.5]","[]"
378,284500,14954764,364173,-1,618.688,5.35969e+06,0.619412,0.90435,1,1,1,0.999044,0.9446,1,1,0,0,1,"[1]","[1]","[41107.5]","[-2.42626]","[-0.668246]","[234413]","[-52.3883]","[1]","[11]","[1]","[0]","[-861.447]","[-0.0116122]","[0.447063]",97221,-1.95824,2,"[233992,50883.5]","[-1.33046,0.629969]","[0.832149,-2.46705]","[473715,61967.1]","[0.998705,0.995681]","[0,0]","[0,0]","[-0.934488,-0.894506]",0,"[]","[]","[]","[]","[]","[]","[]","[]","[]","[]",1,"[253046]","[-1.32582]","[0.827387]","[510117]","[11203.7]","[0]","[4.10061]","[0.687261]",0,"[]","[]","[]","[]","[]","[]","[]","[]","[]","[]",0,"[324.991]",11057.2,"[3924.22,3954.18]","[]","[0]","[]"
379,284500,9327378,364173,1,618.688,5.35969e+06,1.74563,1.00588,1,1,1,0.999418,1.00306,1,1,0,0,1,"[1]","[1]","[258308]","[0.882049]","[-3.08561]","[365477]","[0.0410233]","[-1]","[11]","[1]","[0]","[-744.294]","[0.000121744]","[0.02069]",247268,-0.11253,1,"[29388.1]","[-0.923927]","[1.01087]","[43084.2]","[0.979305]","[0]","[0]","[-0.900533]",0,"[]","[]","[]","[]","[]","[]","[]","[]","[]","[]",1,"[273952]","[0.927407]","[-3.08662]","[400452]","[0.0078125]","[0]","[0]","[-1]",0,"[]","[]","[]","[]","[]","[]","[]","[]","[]","[]",0,"[3437.61]",1146.09,"[3222.04]","[]","[8084.72]","[]"
380,284500,13489865,364173,-2.76924,618.688,5.35969e+06,1.32095,0.96203,1,1,1,0.99909,1.01508,1,1,0,0,1,"[1]","[1]","[391593]","[-1.54182]","[0.592695]","[956876]","[0.00953245]","[-1]","[11]","[1]","[0]","[-2436.81]","[-0.000321298]","[0.0463216]",255137,-2.73618,1,"[146615]","[1.61813]","[-2.19655]","[384626]","[0.998875]","[0]","[0]","[-0.88862]",0,"[]","[]","[]","[]","[]","[]","[]","[]","[]","[]",1,"[452257]","[-1.55256]","[0.597519]","[1.116e+06]","[2936.07]","[0]","[0]","[-1]",0,"[]","[]","[]","[]","[]","[]","[]","[]","[]","[]",0,"[8520.38]",2623.41,"[4140.96]","[]","[32526.8]","[]"
381,284500,14657138,364173,1,618.688,5.35969e+06,0.553627,0.96323,1,1,1,0.99683,1.00493,1,1,0,0,1,"[1]","[1]","[245521]","[-1.33757]","[-2.50118]","[499912]","[-0.019207]","[1]","[11]","[1]","[0]","[4147.86]","[0.0518376]","[8.11279]",250137,0.39991,3,"[45777,31091.3,24590.9]","[-1.22909,0.7094,1.52417]","[2.04984,-2.69765,1.26593]","[85595,39497.6,59402.2]","[0.995068,0.996922,0.726387]","[0,0,0]","[0,0,0]","[-0.705325,-0.89923,-0.727403]",0,"[]","[]","[]","[]","[]","[]","[]","[]","[]","[]",1,"[286688]","[-1.33235]","[-2.50194]","[581103]","[4156.06]","[0]","[11.3729]","[0.5982]",0,"[]","[]","[]","[]","[]","[]","[]","[]","[]","[]",0,"[3208.43]",376.094,"[2540.81,1947.68,1765.29]","[]","[17908.8]","[]"
382,284500,6954543,364173,1.64434,618.688,5.35969e+06,0.596562,0.97828,1,1,1,0.996697,1.0005,1,1,0,0,1,"[0]","[1]","[175303]","[2.12119]","[-2.65685]","[741613]","[-0.0269127]","[1]","[11]","[1]","[0]","[1640.89]","[0.0035728]","[0.397681]",59694.8,2.78154,4,"[332846,147325,96114.4,23849.3]","[1.55787,0.160199,2.22871,0.820789]","[0.135283,-2.94576,-3.11055,-0.870986]","[826141,149681,451603,32758.7]","[1,1,1,0.925559]","[0,0,0,0]","[0,0,0,0]","[-0.348345,-0.754588,-0.186814,-0.675418]",0,"[]","[]","[]","[]","[]","[]","[]","[]","[]","[]",1,"[331231]","[1.54913]","[0.137177]","[815545]","[34895.6]","[0]","[1.36747]","[0.761523]",0,"[]","[]","[]","[]","[]","[]","[]","[]","[]","[]",0,"[1974.48]",8927.59,"[14928.2,8599.85,3418.49,1849.57]","[]","[21322.6]","[]"
383,284500,2628570,364173,1.15018,618.688,5.35969e+06,0.738662,1.01378,1,1,1,0.997843,1.00936,1,1,0,0,1,"[1]","[1]","[279511]","[0.0751888]","[0.676125]","[280301]","[0.0384369]","[1]","[11]","[1]","[0]","[-375.833]","[0.0150406]","[2.52667]",246480,-2.82072,2,"[73465.2,25285.1]","[-1.08559,1.24557]","[-1.61113,-0.900607]","[121752,47842.5]","[0.99742,0.99521]","[0,0]","[0,0]","[-0.816375,-0.861055]",0,"[]","[]","[]","[]","[]","[]","[]","[]","[]","[]",1,"[315678]","[0.0357791]","[0.67957]","[317481]","[31847.2]","[0]","[0.51252]","[0.523187]",0,"[]","[]","[]","[]","[]","[]","[]","[]","[]","[]",0,"[1498.24]",206.422,"[2085.22,1733.85]","[]","[17949.8]","[]"
384,284500,10654991,364173,1,618.688,5.35969e+06,1.26459,0.96203,1,1,1,0.999564,1.01508,1,1,0,0,1,"[1]","[1]","[323657]","[-1.80735]","[1.99166]","[1.01279e+06]","[-0.381741]","[1]","[11]","[1]","[0]","[2545.71]","[-0.0634164]","[4.79706]",316152,-1.52027,1,"[75695.6]","[-0.853712]","[0.372291]","[105159]","[0.980521]","[0]","[0]","[-0.847619]",0,"[]","[]","[]","[]","[]","[]","[]","[]","[]","[]",1,"[347142]","[-1.80573]","[1.99535]","[1.08467e+06]","[12309.2]","[0]","[11.4492]","[0.413962]",0,"[]","[]","[]","[]","[]","[]","[]","[]","[]","[]",0,"[5590.93]",2752.81,"[5937.45]","[]","[37011.2]","[]"
385,284500,11977799,364173,1,618.688,5.35969e+06,1.32095,0.99242,1,1,1,0.998058,0.99765,1,1,0,0,1,"[1]","[1]","[275131]","[0.567998]","[-0.0994883]","[320719]","[0.0273895]","[-1]","[11]","[1]","[0]","[1148.44]","[-0.0173467]","[1.85396]",230767,2.82453,2,"[65525.9,22718]","[0.627231,1.27551]","[-2.81701,-1.16768]","[79679.1,44030.7]","[0.998283,0.986456]","[0,0]","[0,0]","[-0.510228,-0.538829]",0,"[]","[]","[]","[]","[]","[]","[]","[]","[]","[]",1,"[283141]","[0.621826]","[-0.0931997]","[339686]","[3373.58]","[0]","[0]","[-1]",0,"[]","[]","[]","[]","[]","[]","[]","[]","[]","[]",0,"[3328.76]",5427.11,"[4609.03,3546.04]","[]","[6164.78]","[]"
386,284500,11076620,364173,1,618.688,5.35969e+06,0.596562,0.97996,1,1,1,0.996825,1.01265,1,1,0,0,1,"[1]","[1]","[241075]","[1.73772]","[-1.12728]","[706385]","[0.00273132]","[1]","[11]","[1]","[0]","[-1282.64]","[0.00210988]","[0.093676]",120263,2.38595,3,"[94112,33827.3,22561.5]","[0.381244,1.08614,-1.73715]","[1.70497,1.98663,0.529747]","[101425,55871.8,66185.7]","[1,1,0.801066]","[0,0,0]","[0,0,0]","[-0.78148,-0.687476,-0.162272]",0,"[]","[]","[]","[]","[]","[]","[]","[]","[]","[]",1,"[267377]","[1.7328]","[-1.12938]","[779840]","[0.0135316]","[0]","[0]","[-1]",0,"[]","[]","[]","[]","[]","[]","[]","[]","[]","[]",0,"[4218.28]",1245.01,"[8946.63,5554.52,2794.56]","[]","[0]","[]"
387,284500,4644531,364173,1,618.688,5.35969e+06,1.26459,0.97994,1,1,1,1,1.00632,1,1,0,0,1,"[1]","[1]","[297467]","[0.531892]","[0.697464]","[340546]","[0.00457382]","[1]","[11]","[1]","[0]","[700.254]","[-0.0105891]","[1.65482]",233186,-2.1596,0,"[]","[]","[]","[]","[]","[]","[]","[]",0,"[]","[]","[]","[]","[]","[]","[]","[]","[]","[]",1,"[307610]","[0.525126]","[0.701054]","[351007]","[0.00647778]","[0]","[0]","[-1]",0,"[]","[]","[]","[]","[]","[]","[]","[]","[]","[]",0,"[1593.43]",5480.02,"[]","[]","[8472.5]","[]"
388,284500,5413258,364173,1,618.688,5.35969e+06,1.08735,0.98458,1,1,1,0.997782,1.00582,1,1,0,0,1,"[0]","[1]","[90349.3]","[-0.106918]","[0.488764]","[90866.2]","[-0.0561447]","[1]","[11]","[1]","[0]","[77.2508]","[0.01183]","[1.16274]",12297.9,-2.10289,4,"[247816,84784.2,58245.1,40505.7]","[0.404981,1.04258,-0.519645,-1.3113]","[-2.50465,0.383846,1.99881,0.436388]","[269468,135469,67109.2,80988.9]","[0.987548,0.997795,1,0.990793]","[0,0,0,0]","[0,0,0,0]","[-0.946062,-0.948314,-0.876916,-0.900761]",0,"[]","[]","[]","[]","[]","[]","[]","[]","[]","[]",1,"[264888]","[0.370584]","[-2.51079]","[284764]","[28975]","[0]","[1.83184]","[0.682317]",0,"[]","[]","[]","[]","[]","[]","[]","[]","[]","[]",0,"[610.139]",527.33,"[5322.4,2350.83,5777.05,2227.62]","[]","[7716.56]","[]"
389,284500,4457447,364173,-3.75046,618.688,5.35969e+06,1.22586,0.97996,1,1,1,0.998497,1.01265,1,1,0,0,1,"[1]","[1]","[189190]","[1.70419]","[-2.60153]","[537190]","[0.0855408]","[-1]","[11]","[1]","[12528.5]","[5599.64]","[0.0021609]","[0.315758]",200264,1.0456,2,"[81746.8,22675.9]","[0.449701,0.0589068]","[-0.29706,-1.71858]","[90558.5,23115.8]","[0.949709,0.836109]","[0,0]","[0,0]","[-0.932869,-0.847458]",0,"[]","[]","[]","[]","[]","[]","[]","[]","[]","[]",1,"[253417]","[1.66313]","[-2.62493]","[693205]","[31096.5]","[0]","[1.95192]","[0.461572]",0,"[]","[]","[]","[]","[]","[]","[]","[]","[]","[]",0,"[4453.05]",1172.39,"[2074.82,1805.44]","[]","[0]","[]"
390,284500,8777535,364173,0.724449,618.688,5.35969e+06,0.402058,0.99211,1,1,1,0.997733,0.9918,1,1,0,0,1,"[1]","[1]","[273525]","[-0.794423]","[-2.52253]","[364473]","[-0.0620193]","[-1]","[11]","[1]","[0]","[669.977]","[0.00568416]","[0.734611]",211790,0.73953,2,"[73305.2,29884.8]","[-0.21652,1.45355]","[0.542694,-1.57195]","[75336.7,67478.4]","[1,1]","[0,0]","[0,0]","[-0.936455,-0.364966]",0,"[]","[]","[]","[]","[]","[]","[]","[]","[]","[]",1,"[296594]","[-0.753192]","[-2.51224]","[384782]","[2032.96]","[0]","[0]","[-1]",0,"[]","[]","[]","[]","[]","[]","[]","[]","[]","[]",0,"[1838.67]",5143.91,"[4092.13,2952.99]","[]","[9544]","[]"
391,284500,6137060,364173,1.02668,618.688,5.35969e+06,1.32095,0.96203,1,1,1,0.998558,1.01508,1,1,0,0,1,"[1]","[1]","[349950]","[-1.76249]","[-0.695743]","[1.04959e+06]","[-0.14325]","[-1]","[11]","[1]","[0]","[4557.49]","[0.0221898]","[2.27024]",409153,2.57385,2,"[93316.3,20318.5]","[-0.746087,1.01378]","[0.150663,-2.56128]","[120735,31807.2]","[0.990108,0.952663]","[0,0]","[0,0]","[-0.572892,-0.91702]",0,"[]","[]","[]","[]","[]","[]","[]","[]","[]","[]",1,"[381368]","[-1.77801]","[-0.700841]","[1.16076e+06]","[11899]","[0]","[13.5333]","[0.0568063]",0,"[]","[]","[]","[]","[]","[]","[]","[]","[]","[]",0,"[5977.21]",8804.56,"[6571.72,1172.54]","[]","[8344.5]","[]"
392,284500,14480711,364173,1.57525,618.688,5.35969e+06,1.22586,0.96392,1,1,1,0.999281,1.01012,1,1,0,0,1,"[1]","[1]","[235075]","[1.88141]","[0.36759]","[789278]","[-0.0674248]","[1]","[11]","[1]","[0]","[-1556.53]","[0.0174655]","[1.28773]",207700,-2.97916,1,"[48941.1]","[1.30076]","[-1.79509]","[96783.3]","[1]","[0]","[0]","[-0.642201]",0,"[]","[]","[]","[]","[]","[]","[]","[]","[]","[]",1,"[254319]","[1.8721]","[0.361688]","[846349]","[3878.23]","[0]","[0]","[-1]",0,"[]","[]","[]","[]","[]","[]","[]","[]","[]","[]",0,"[2673.94]",9575.53,"[8678.03]","[]","[5155.67]","[]"
393,284500,7089941,364173,-1,618.688,5.35969e+06,1.26459,0.98089,1,1,1,0.999683,0.99866,1,1,0,0,1,"[1]","[1]","[291727]","[-1.15008]","[3.13915]","[506885]","[0.028923]","[-1]","[11]","[1]","[0]","[10760]","[0.00930089]","[0.77818]",303081,-0.213953,1,"[59209.8]","[-0.718517]","[1.70318]","[75580.9]","[0.99]","[0]","[0]","[-0.856951]",0,"[]","[]","[]","[]","[]","[]","[]","[]","[]","[]",1,"[329462]","[-1.12522]","[3.13636]","[561079]","[10134.2]","[0]","[5.03309]","[0.664557]",0,"[]","[]","[]","[]","[]","[]","[]","[]","[]","[]",0,"[3940.97]",363.375,"[2290.04]","[]","[30048.4]","[]"
394,284500,13043536,364173,0.895553,618.688,5.35969e+06,0.923924,0.97994,1,1,1,0.999623,1.00632,1,1,0,0,1,"[1]","[1]","[292801]","[0.330873]","[1.28679]","[308975]","[-0.0314255]","[1]","[11]","[1]","[0]","[3336.52]","[0.00447124]","[0.800442]",328009,-2.09726,1,"[69772.4]","[1.19779]","[-0.3007]","[126658]","[0.997747]","[0]","[0]","[-0.950418]",0,"[]","[]","[]","[]","[]","[]","[]","[]","[]","[]",1,"[302491]","[0.37308]","[1.29197]","[323796]","[2340.36]","[0]","[0]","[-1]",0,"[]","[]","[]","[]","[]","[]","[]","[]","[]","[]",0,"[1560.36]",16419.9,"[9666.98]","[]","[17225.9]","[]"
395,284500,11737005,364173,1,618.688,5.35969e+06,1.26205,0.97538,1,1,1,0.996821,1.01508,1,1,0,0,1,"[0]","[1]","[134114]","[-1.64257]","[1.9238]","[359554]","[-0.0356331]","[-1]","[11]","[1]","[35727.9]","[3637.73]","[0.00914151]","[0.78879]",46813.4,2.30163,4,"[323637,159882,84756.8,20690.3]","[-1.47438,-1.05346,-1.86745,-0.549848]","[-1.12999,2.04175,-1.41548,3.04487]","[745066,258575,281097,24360.9]","[0.99803,0.999229,0.99989,0.974838]","[0,0,0,0]","[0,0,0,0]","[-0.651827,-0.842767,-0.441398,-0.773785]",0,"[]","[]","[]","[]","[]","[]","[]","[]","[]","[]",2,"[376061,385848]","[-1.56462,-1.39256]","[-1.19379,1.97429]","[942365,831982]","[87689.5,111525]","[0,0]","[1.39634,1.07805]","[0.668629,0.650315]",0,"[]","[]","[]","[]","[]","[]","[]","[]","[]","[]",0,"[1896.65]",18746.6,"[27176.4,5789,3268.44,1144.18]","[]","[15997.1,31623.8]","[]"
396,284500,11724185,364173,1,618.688,5.35969e+06,1.25133,0.9549,1,1,1,0.997448,1.03188,1,1,0,0,1,"[1]","[1]","[42039.4]","[-2.04353]","[-2.86924]","[164950]","[0.0103836]","[-1]","[11]","[1]","[0]","[1690.63]","[-0.00604305]","[0.35608]",39006.1,-0.553454,3,"[286652,247294,32988.7]","[-0.418569,1.79073,1.54336]","[2.51027,-0.474804,-1.87251]","[313230,762264,80869.7]","[0.999595,0.999861,0.994467]","[0,0,0]","[0,0,0]","[-0.805231,-0.34229,-0.875799]",0,"[]","[]","[]","[]","[]","[]","[]","[]","[]","[]",1,"[273677]","[-0.369588]","[2.50023]","[293310]","[20652]","[0]","[1.45073]","[0.45456]",0,"[]","[]","[]","[]","[]","[]","[]","[]","[]","[]",0,"[342.792]",1981.27,"[9710.65,9579.5,3704.35]","[]","[656.156]","[]"
397,284500,11896085,364173,-1,618.688,5.35969e+06,1.21412,0.96972,1,1,1,0.998894,0.99544,1,1,0,0,1,"[1]","[1]","[315244]","[1.23744]","[-1.36733]","[589019]","[0.00906181]","[1]","[11]","[1]","[1595.86]","[-1190.09]","[-0.00359377]","[0.40864]",314860,1.54172,2,"[60789.9,21564.1]","[-1.03614,0.670558]","[-2.88157,2.30568]","[96801,26968.6]","[0.980275,0.947597]","[0,0]","[0,0]","[-0.858557,-0.626807]",0,"[]","[]","[]","[]","[]","[]","[]","[]","[]","[]",1,"[337476]","[1.24842]","[-1.36605]","[636487]","[7203.14]","[0]","[34.1556]","[0.307116]",0,"[]","[]","[]","[]","[]","[]","[]","[]","[]","[]",0,"[4397.4]",1724.59,"[3744.44,4004.19]","[]","[13359.8]","[]"
398,284500,8853730,364173,-1,618.688,5.35969e+06,1.1961,0.96024,1,1,1,0.996084,0.93884,1,1,0,0,1,"[1]","[1]","[54874.6]","[1.22602]","[-0.545601]","[101548]","[-0.0198631]","[-1]","[11]","[1]","[0]","[397.539]","[-0.00773092]","[0.626828]",17886.9,-2.88503,4,"[212866,167829,69449.4,35326.9]","[0.783048,0.373224,-1.20695,-2.12453]","[-1.1624,1.77935,2.5099,2.33007]","[282684,180387,126790,150119]","[0,0,0.995887,0.767502]","[0,0,0,0]","[0,0,0,0]","[-0.693779,-0.782517,-0.9247,-0.825289]",0,"[]","[]","[]","[]","[]","[]","[]","[]","[]","[]",1,"[297597]","[0.843575]","[-0.997793]","[426961]","[119441]","[0]","[1.51802]","[0.440332]",0,"[]","[]","[]","[]","[]","[]","[]","[]","[]","[]",0,"[123.905]",1882.85,"[11937.3,2575.32,3969.08,6485.83]","[]","[19550.9]","[]"
399,284500,13971296,364173,1,618.688,5.35969e+06,0.696077,0.9823,1,1,1,0.997871,1.00632,1,1,0,0,1,"[1]","[1]","[86606]","[0.339115]","[2.6992]","[91633.7]","[-0.0390282]","[-1]","[11]","[1]","[0]","[252.517]","[0.00956177]","[1.3337]",34167.2,0.940741,2,"[214305,33298.6]","[-0.976251,1.6569]","[-1.03509,2.22132]","[325476,90621.8]","[0.997791,0.845541]","[0,0]","[0,0]","[-0.9256,-0.849884]",0,"[]","[]","[]","[]","[]","[]","[]","[]","[]","[]",1,"[251372]","[-1.04114]","[-0.9316]","[406802]","[72035.3]","[0]","[2.31114]","[0.558619]",0,"[]","[]","[]","[]","[]","[]","[]","[]","[]","[]",0,"[379.838]",444.801,"[11482.4,2658.69]","[]","[8275.33]","[]"
400,284500,11738583,364173,-0.000653995,618.688,5.35969e+06,0.696077,0.97996,1,1,1,0.999685,1.01265,1,1,0,0,1,"[1]","[1]","[158196]","[1.57506]","[0.212009]","[398499]","[-0.132107]","[1]","[11]","[1]","[0]","[4198.09]","[0.0148496]","[1.72154]",272046,-2.49876,1,"[59041.1]","[0.724655]","[1.76623]","[76273.7]","[0.992849]","[0]","[0]","[-0.701953]",0,"[]","[]","[]","[]","[]","[]","[]","[]","[]","[]",1,"[280740]","[1.6443]","[0.249057]","[756841]","[67066.9]","[0]","[2.20371]","[0.108698]",0,"[]","[]","[]","[]","[]","[]","[]","[]","[]","[]",0,"[3717.61]",2791.09,"[2130.05]","[]","[10939.8]","[]"
401,284500,7855475,364173,-1,618.688,5.35969e+06,1.26459,0.97994,1,1,1,0.997184,1.00632,1,1,0,0,1,"[1]","[1]","[245763]","[0.299228]","[1.66985]","[256847]","[0.0754662]","[1]","[11]","[1]","[2906.27]","[-1449.47]","[0.0304988]","[4.54657]",217664,-0.836067,4,"[77321,69057.5,21343.9,20455.1]","[2.46189,1.27489,0.888127,0.846856]","[-2.88613,-2.1398,-2.67624,-0.391754]","[456737,133546,30527.9,28412.8]","[0,0.998695,0.985512,0.932721]","[0,0,0,0]","[0,0,0,0]","[-0.602175,-0.61268,-0.719642,-0.729864]",0,"[]","[]","[]","[]","[]","[]","[]","[]","[]","[]",1,"[253327]","[0.317838]","[1.66795]","[266231]","[0.00534885]","[0]","[0]","[-1]",0,"[]","[]","[]","[]","[]","[]","[]","[]","[]","[]",0,"[1931.11]",4694.25,"[3812.09,12260,1875.83,1151.04]","[]","[4834.75]","[]"
402,284500,8149056,364173,1.3112,618.688,5.35969e+06,1.08735,0.98697,1,1,1,0.996798,1.00582,1,1,0,0,1,"[1]","[1]","[575538]","[-0.532609]","[-1.90999]","[659118]","[-0.016304]","[1]","[11]","[1]","[1263.52]","[3029.85]","[-0.0260023]","[3.64444]",531212,1.28761,3,"[36004.1,26094.9,23257.3]","[-0.0459366,-2.28519,-0.88486]","[2.20359,-0.40812,0.853849]","[36490.1,129608,33347.2]","[0.95933,0.99955,0.989248]","[0,0,0]","[0,0,0]","[-0.746213,0.171426,-0.775651]",0,"[]","[]","[]","[]","[]","[]","[]","[]","[]","[]",1,"[584901]","[-0.541859]","[-1.91143]","[672890]","[0.00873464]","[0]","[0]","[-1]",0,"[]","[]","[]","[]","[]","[]","[]","[]","[]","[]",0,"[3992.96]",3840.25,"[8246.34,1894.06,1787.37]","[]","[46.0625]","[]"
403,284500,8573752,364173,1,618.688,5.35969e+06,0.553627,0.97994,1,1,1,0.998046,1.00632,1,1,0,0,1,"[1]","[1]","[283709]","[0.459207]","[-1.23217]","[314152]","[-0.0379734]","[1]","[11]","[1]","[3394.72]","[-1424.52]","[0.0059242]","[0.974562]",177936,1.73932,2,"[119084,21991.7]","[-0.691839,-0.424038]","[1.91051,0.567681]","[149695,24452.1]","[0.992146,0.925237]","[0,0]","[0,0]","[-0.882986,0.112094]",0,"[]","[]","[]","[]","[]","[]","[]","[]","[]","[]",1,"[293529]","[0.473765]","[-1.23324]","[327091]","[0.00276214]","[0]","[0]","[-1]",0,"[]","[]","[]","[]","[]","[]","[]","[]","[]","[]",0,"[1517.25]",4991.22,"[9908.66,2967.35]","[]","[16432.8]","[]"
404,284500,8623006,364173,1,618.688,5.35969e+06,0.738662,0.99211,1,1,1,0.996835,0.9918,1,1,0,0,1,"[1]","[1]","[273369]","[-0.660128]","[-0.0539182]","[335127]","[-0.0324516]","[-1]","[11]","[1]","[0]","[1513.13]","[-0.0126258]","[1.73019]",258642,-2.86013,3,"[85029.6,34124.6,24217.7]","[0.0696119,2.34142,-0.447053]","[1.89852,0.478319,-2.65574]","[85893.9,179124,27176.3]","[0.998226,0.962656,0.974973]","[0,0,0]","[0,0,0]","[-0.900315,0.256542,-0.832905]",0,"[]","[]","[]","[]","[]","[]","[]","[]","[]","[]",1,"[281009]","[-0.692332]","[-0.0504108]","[351103]","[3119.97]","[0]","[23.6255]","[0.405202]",0,"[]","[]","[]","[]","[]","[]","[]","[]","[]","[]",0,"[1839.25]",3281.53,"[9740.55,2164.36,3184.94]","[]","[9355.44]","[]"
405,284500,11370842,364173,1.16987,618.688,5.35969e+06,0.923924,0.96972,1,1,1,0.997805,0.99544,1,1,0,0,1,"[1]","[1]","[239025]","[1.22788]","[-0.373991]","[443019]","[-0.0102539]","[-1]","[11]","[1]","[0]","[1873.75]","[0.0141772]","[1.96057]",165086,2.82555,2,"[87813.4,21200.1]","[0.760555,1.21634]","[2.66715,0.528254]","[115048,39060.1]","[0.995859,0.895506]","[0,0]","[0,0]","[-0.883166,-0.682353]",0,"[]","[]","[]","[]","[]","[]","[]","[]","[]","[]",1,"[288613]","[1.19488]","[-0.315762]","[522674]","[49187]","[0]","[2.1622]","[0.647668]",0,"[]","[]","[]","[]","[]","[]","[]","[]","[]","[]",0,"[2594.98]",6836.36,"[3925.53,1711.02]","[]","[10973.2]","[]"
406,284500,11721288,364173,-1,618.688,5.35969e+06,1.25133,0.96558,1,1,1,0.997575,0.99746,1,1,0,0,1,"[1]","[1]","[69969.4]","[-1.68972]","[-0.120327]","[196002]","[-57.0812]","[1]","[11]","[1]","[0]","[80.0261]","[0.0225698]","[1.83606]",59783.9,-2.23782,4,"[291058,230020,59356.7,25218.6]","[0.0371148,0.206884,1.98394,0.143077]","[2.88023,-0.254692,0.504574,2.40351]","[292877,235834,220007,25736.8]","[0.999776,0.99738,0.992272,0.983346]","[0,0,0,0]","[0,0,0,0]","[-0.771124,-0.882774,-0.877143,-0.812188]",0,"[]","[]","[]","[]","[]","[]","[]","[]","[]","[]",1,"[343471]","[0.0177303]","[2.92315]","[355831]","[92769.6]","[0]","[2.019]","[0.555181]",0,"[]","[]","[]","[]","[]","[]","[]","[]","[]","[]",0,"[754.976]",1656.89,"[3163.46,3392.01,3102.49,3158.62]","[]","[5313.16]","[]"
407,284500,6328541,364173,-1.80355,618.688,5.35969e+06,0.619412,0.99242,1,1,1,1,0.99765,1,1,0,0,1,"[1]","[1]","[239673]","[0.633801]","[-1.72295]","[289445]","[-0.0249405]","[1]","[11]","[1]","[1247.68]","[443.91]","[-0.0118909]","[2.18804]",208359,1.74148,0,"[]","[]","[]","[]","[]","[]","[]","[]",0,"[]","[]","[]","[]","[]","[]","[]","[]","[]","[]",1,"[251348]","[0.62083]","[-1.72281]","[301378]","[3078.84]","[0]","[31.85]","[-1]",0,"[]","[]","[]","[]","[]","[]","[]","[]","[]","[]",0,"[2169.18]",7348.47,"[]","[]","[20928.2]","[]"
408,284500,6051106,364173,-1.8477,618.688,5.35969e+06,0.934886,0.97994,1,1,1,1,1.00632,1,1,0,0,1,"[1]","[1]","[240817]","[0.565869]","[1.69509]","[280413]","[-0.00682068]","[1]","[11]","[1]","[0]","[491.86]","[0.00271177]","[0.494419]",171748,-1.31074,0,"[]","[]","[]","[]","[]","[]","[]","[]",0,"[]","[]","[]","[]","[]","[]","[]","[]","[]","[]",1,"[262108]","[0.530949]","[1.69741]","[299944]","[3001.9]","[0]","[23.8653]","[-1]",0,"[]","[]","[]","[]","[]","[]","[]","[]","[]","[]",0,"[1236.89]",3675.11,"[]","[]","[2909.52]","[]"
409,284500,11470776,364173,-1,618.688,5.35969e+06,0.75088,0.96323,1,1,1,1,1.00493,1,1,0,0,1,"[1]","[1]","[235558]","[-1.27293]","[2.93851]","[453603]","[-0.0138493]","[-1]","[11]","[1]","[0]","[-745.875]","[0.000255118]","[0.0321249]",249236,-0.0857216,0,"[]","[]","[]","[]","[]","[]","[]","[]",0,"[]","[]","[]","[]","[]","[]","[]","[]","[]","[]",1,"[252585]","[-1.2738]","[2.93007]","[486755]","[0.0078125]","[0]","[0]","[-1]",0,"[]","[]","[]","[]","[]","[]","[]","[]","[]","[]",0,"[2789.9]",19944.3,"[]","[]","[0]","[]"
410,284500,11507871,364173,-1.83655,618.688,5.35969e+06,0.619412,0.98089,1,1,1,0.999139,0.99866,1,1,0,0,1,"[1]","[1]","[280083]","[-1.08312]","[2.88975]","[461076]","[0.0515976]","[1]","[11]","[1]","[0]","[-178.769]","[-0.00981676]","[1.3936]",391366,-0.252022,1,"[103631]","[0.730414]","[2.90025]","[132897]","[0.998624]","[0]","[0]","[-0.923723]",0,"[]","[]","[]","[]","[]","[]","[]","[]","[]","[]",1,"[298356]","[-1.06892]","[2.89087]","[485667]","[823.712]","[0]","[0]","[-1]",0,"[]","[]","[]","[]","[]","[]","[]","[]","[]","[]",0,"[3006.48]",4952.53,"[5356.23]","[]","[4404.28]","[]"
411,284500,10063487,364173,1,618.688,5.35969e+06,0.738662,0.974,1,1,1,0.997284,1,1,1,0,0,1,"[1]","[1]","[234602]","[-1.52716]","[2.60752]","[565655]","[0.061985]","[-1]","[11]","[0]","[0]","[-100.509]","[0.0361688]","[0.605957]",232834,-0.434375,2,"[27719.9,22966.5]","[-1.75707,-0.0176377]","[-0.608261,-2.70832]","[82820.1,23355.9]","[0.995057,0.994552]","[0,0]","[0,0]","[-0.197531,-0.65259]",0,"[]","[]","[]","[]","[]","[]","[]","[]","[]","[]",1,"[273179]","[-1.52165]","[2.60864]","[655420]","[7443.9]","[0]","[5.28696]","[0.480227]",0,"[]","[]","[]","[]","[]","[]","[]","[]","[]","[]",0,"[3669.94]",3981.53,"[4994.31,1938.07]","[]","[8946.16]","[]"
412,284500,13225127,364173,-1,618.688,5.35969e+06,0.923924,0.98428,1,1,1,0.997342,1.00121,1,1,0,0,1,"[1]","[1]","[412332]","[-1.93221]","[0.964982]","[1.45339e+06]","[-0.0452728]","[-1]","[11]","[1]","[0]","[148.786]","[-0.00476593]","[0.615178]",497370,-2.03375,2,"[104042,22506]","[-1.0436,-2.49095]","[1.51648,2.7194]","[166810,136839]","[1,0.275186]","[0,0]","[0,0]","[-0.794737,-0.640573]",0,"[]","[]","[]","[]","[]","[]","[]","[]","[]","[]",1,"[524025]","[-1.84393]","[1.03014]","[1.7072e+06]","[179658]","[0]","[0.454834]","[0.391866]",0,"[]","[]","[]","[]","[]","[]","[]","[]","[]","[]",0,"[6437.67]",7180.88,"[7044.66,1643.64]","[]","[27475.7]","[]"
413,284500,11627267,364173,-2.85652,618.688,5.35969e+06,0.553627,0.99242,1,1,1,0.998386,0.99765,1,1,0,0,1,"[1]","[1]","[384624]","[0.751176]","[2.2634]","[498338]","[-0.0188999]","[1]","[11]","[1]","[1020.56]","[-604.206]","[-0.0362322]","[3.94523]",280270,-0.882737,2,"[80833.1,24222.8]","[2.32083,1.13648]","[-0.773639,-0.858366]","[415659,41885.3]","[0.98989,0.977364]","[0,0]","[0,0]","[-0.854491,-0.884166]",0,"[]","[]","[]","[]","[]","[]","[]","[]","[]","[]",1,"[395471]","[0.769006]","[2.2635]","[518283]","[0.00676582]","[0]","[0]","[-1]",0,"[]","[]","[]","[]","[]","[]","[]","[]","[]","[]",0,"[3159.95]",1484.56,"[3099.39,1745.79]","[]","[30112.1]","[]"
414,284500,11379446,364173,-1,618.688,5.35969e+06,1.32095,0.96853,1,1,1,0.996832,0.98869,1,1,0,0,1,"[1]","[1]","[69373.8]","[-1.82765]","[-1.37693]","[221303]","[-0.00522631]","[1]","[11]","[1]","[0]","[-654.19]","[-0.0097622]","[0.786636]",90623.1,1.95873,3,"[260959,198894,26829.3]","[-0.566498,0.828698,-1.29768]","[-0.445904,2.69584,2.81271]","[304469,272026,52918.6]","[0,0,0.99327]","[0,0,0]","[0,0,0]","[-0.810194,-0.778116,-0.874897]",0,"[]","[]","[]","[]","[]","[]","[]","[]","[]","[]",1,"[262682]","[-0.569412]","[-0.446039]","[306730]","[13576]","[0]","[1.76933]","[0.214836]",0,"[]","[]","[]","[]","[]","[]","[]","[]","[]","[]",0,"[544.652]",4855.62,"[3318.66,6391.23,3031.42]","[]","[0]","[]"
415,284500,11163056,364173,1,618.688,5.35969e+06,0.923924,0.96558,1,1,1,0.996044,0.99746,1,1,0,0,1,"[1]","[1]","[76249]","[-1.69116]","[1.09431]","[213882]","[-0.0501461]","[1]","[11]","[1]","[0]","[99.6153]","[-0.0111944]","[0.757413]",93328.6,1.49472,4,"[210240,137277,121971,110502]","[-0.61449,1.6825,-0.686999,0.0523219]","[-2.58392,0.603291,-0.443614,-2.45234]","[252558,382204,152241,112451]","[0.245924,0,0.229202,1]","[0,0,0,0]","[0,0,0,0]","[-0.797627,-0.792504,-0.984993,-0.898094]",0,"[]","[]","[]","[]","[]","[]","[]","[]","[]","[]",1,"[313195]","[-0.42315]","[-2.54086]","[357187]","[104182]","[0]","[1.09961]","[0.759286]",0,"[]","[]","[]","[]","[]","[]","[]","[]","[]","[]",0,"[791.213]",3705.44,"[8642.02,7870.21,4772.85,3430.94]","[]","[7723.19]","[]"
416,284500,14105786,364173,-1,618.688,5.35969e+06,0.738662,0.98697,1,1,1,0.999364,1.00582,1,1,0,0,1,"[1]","[1]","[200022]","[-0.352064]","[1.07497]","[212546]","[0.0647202]","[1]","[11]","[1]","[0]","[377.259]","[-0.0253803]","[1.65656]",248436,-1.67876,1,"[86997.9]","[-0.527366]","[2.03569]","[100370]","[0.952462]","[0]","[0]","[-0.941145]",0,"[]","[]","[]","[]","[]","[]","[]","[]","[]","[]",1,"[258507]","[-0.465598]","[1.32255]","[313086]","[125030]","[0]","[0.432866]","[0.457248]",0,"[]","[]","[]","[]","[]","[]","[]","[]","[]","[]",0,"[1206.02]",10399.3,"[2164.1]","[]","[5895.28]","[]"
417,284500,6566637,364173,0.572213,618.688,5.35969e+06,1.32095,1.00588,1,1,1,1,1.00306,1,1,0,0,1,"[1]","[1]","[227662]","[1.03837]","[2.32344]","[361827]","[0.0453167]","[1]","[11]","[1]","[0]","[3053.43]","[0.0163803]","[2.39483]",228214,-1.05132,0,"[]","[]","[]","[]","[]","[]","[]","[]",0,"[]","[]","[]","[]","[]","[]","[]","[]","[]","[]",1,"[257193]","[1.03736]","[2.31803]","[408471]","[4861.34]","[0]","[23.6683]","[-1]",0,"[]","[]","[]","[]","[]","[]","[]","[]","[]","[]",0,"[2952.19]",13526.9,"[]","[]","[0]","[]"
418,284500,9965995,364173,1,618.688,5.35969e+06,0.738662,0.98089,1,1,1,0.998699,0.99866,1,1,0,0,1,"[1]","[1]","[228810]","[-0.836252]","[0.442237]","[313588]","[0.0306973]","[1]","[11]","[1]","[0]","[639.391]","[0.0337142]","[3.91978]",179306,3.02417,2,"[85378.2,28396.2]","[-1.4823,-0.477153]","[-1.71077,-2.05596]","[197875,32200.9]","[0.959909,0.973396]","[0,0]","[0,0]","[-0.726727,-0.886369]",0,"[]","[]","[]","[]","[]","[]","[]","[]","[]","[]",1,"[263711]","[-0.827363]","[0.449933]","[359443]","[12129.7]","[0]","[2.44665]","[0.419819]",0,"[]","[]","[]","[]","[]","[]","[]","[]","[]","[]",0,"[2486.59]",790.016,"[8224.24,2106.36]","[]","[1389.66]","[]"
419,284500,13265957,364173,1,618.688,5.35969e+06,0.75088,0.98413,1,1,1,0.999114,0.99866,1,1,0,0,1,"[1]","[1]","[120059]","[-1.09119]","[2.77137]","[198915]","[-0.0468178]","[-1]","[11]","[1]","[0]","[4719.34]","[0.0108179]","[1.35907]",36171.7,-0.836634,2,"[78841.8,64088.3]","[0.566063,0.331913]","[-0.507774,0.15287]","[92590,68328.4]","[0.998988,0]","[0,0]","[0,0]","[-0.193821,-0.835307]",0,"[]","[]","[]","[]","[]","[]","[]","[]","[]","[]",1,"[264947]","[-1.20629]","[2.65939]","[483345]","[32477.7]","[0]","[0.911496]","[0.625841]",0,"[]","[]","[]","[]","[]","[]","[]","[]","[]","[]",0,"[824.985]",22096.8,"[5961.22,3172.15]","[]","[11324.4]","[]"
420,284500,11631435,364173,1,618.688,5.35969e+06,1.21412,0.97994,1,1,1,0.99843,1.00632,1,1,0,0,1,"[1]","[1]","[303369]","[0.118102]","[-0.105205]","[305487]","[0.0029707]","[1]","[11]","[1]","[0]","[-221.477]","[0.00918803]","[1.15767]",313580,3.13597,1,"[32144.2]","[-1.9803]","[1.41947]","[118748]","[0.99]","[0]","[0]","[-0.643435]",0,"[]","[]","[]","[]","[]","[]","[]","[]","[]","[]",1,"[316531]","[0.130774]","[-0.108654]","[319241]","[0.00468343]","[0]","[0]","[-1]",0,"[]","[]","[]","[]","[]","[]","[]","[]","[]","[]",0,"[3963.9]",135.188,"[2177.36]","[]","[12854.8]","[]"
421,284500,5002846,364173,-1,618.688,5.35969e+06,1.25133,0.98697,1,1,1,0.998937,1.00582,1,1,0,0,1,"[1]","[1]","[256067]","[-0.585269]","[-2.66795]","[301190]","[0.0131035]","[-1]","[11]","[1]","[0]","[-904.519]","[-0.0117035]","[1.56634]",147462,0.36168,1,"[113048]","[0.272501]","[0.589867]","[117752]","[0.988376]","[0]","[0]","[-0.85887]",0,"[]","[]","[]","[]","[]","[]","[]","[]","[]","[]",1,"[265392]","[-0.572299]","[-2.67192]","[310053]","[0.00195312]","[0]","[0]","[-1]",0,"[]","[]","[]","[]","[]","[]","[]","[]","[]","[]",0,"[1358.55]",1737.7,"[2711.68]","[]","[8424.78]","[]"
422,284500,9747422,364173,1,618.688,5.35969e+06,0.738662,0.98428,1,1,1,0.994604,1.00121,1,1,0,0,1,"[1]","[1]","[319681]","[-1.85034]","[1.13802]","[1.04203e+06]","[-0.0486679]","[-1]","[11]","[1]","[1608.68]","[-967.935]","[-0.000200087]","[0.0179034]",256954,-1.78298,3,"[35152.2,22592.4,20266.8]","[-2.29233,2.47805,-1.97437]","[3.05276,2.09627,-2.54756]","[175828,135628,74476.1]","[0.997409,0,0.978547]","[0,0,0]","[0,0,0]","[-0.825382,-0.681364,-0.908512]",0,"[]","[]","[]","[]","[]","[]","[]","[]","[]","[]",1,"[344132]","[-1.86239]","[1.13762]","[1.13467e+06]","[0]","[0]","[0]","[-1]",0,"[]","[]","[]","[]","[]","[]","[]","[]","[]","[]",0,"[2824.71]",30642,"[2979.95,4070.16,1097.46]","[]","[10278.2]","[]"
423,284500,11244257,364173,-0.539128,618.688,5.35969e+06,1.32095,0.96972,1,1,1,0.996308,0.99544,1,1,0,0,1,"[1]","[1]","[290820]","[1.34697]","[-0.0473995]","[597021]","[0.0124969]","[1]","[11]","[1]","[0]","[4330.87]","[0.0194956]","[2.5097]",229747,2.80693,2,"[27650.1,22722.1]","[-1.32268,2.39415]","[-2.7409,-1.78273]","[55640,125607]","[1,0.996036]","[0,0]","[0,0]","[-0.840023,-0.682548]",0,"[]","[]","[]","[]","[]","[]","[]","[]","[]","[]",1,"[313779]","[1.37878]","[-0.0519686]","[662377]","[474.931]","[0]","[0]","[-1]",0,"[]","[]","[]","[]","[]","[]","[]","[]","[]","[]",0,"[4158.54]",373.984,"[1861.5,1774.31]","[]","[8692.91]","[]"
424,284500,1499289,364173,1,618.688,5.35969e+06,1.32095,0.97994,1,1,1,0.998823,1.00632,1,1,0,0,1,"[1]","[1]","[358665]","[0.408408]","[-1.43515]","[388995]","[0.0155096]","[1]","[11]","[1]","[5212.86]","[-1051.3]","[0.02464]","[4.13503]",439408,1.85288,2,"[67051.8,24228.8]","[-0.358834,0.684819]","[-0.727388,-0.892987]","[71536.7,30479]","[0.982094,0.942165]","[0,0]","[0,0]","[-0.924129,-0.786803]",0,"[]","[]","[]","[]","[]","[]","[]","[]","[]","[]",1,"[368737]","[0.407145]","[-1.43461]","[399724]","[-0.00195312]","[0]","[0]","[-1]",0,"[]","[]","[]","[]","[]","[]","[]","[]","[]","[]",0,"[2706.19]",4441.44,"[6163.19,1827.27]","[]","[3571.44]","[]"
425,284500,4264972,364173,-1,618.688,5.35969e+06,1.26205,0.96825,1,1,1,0.997092,0.99461,1,1,0,0,1,"[1]","[1]","[69133.1]","[-2.35259]","[3.05775]","[366678]","[-46.5223]","[1]","[11]","[1]","[0]","[-725.318]","[-0.00619352]","[0.504354]",48927.7,-2.53128,4,"[282004,181350,90814.3,68284.9]","[-1.63313,-1.47473,0.474219,-1.8189]","[0.485778,-2.88681,-1.99971,0.0794127]","[750432,417429,101548,216200]","[0.990923,0.993351,0.998505,0]","[0,0,0,0]","[0,0,0,0]","[-0.821329,-0.971157,-0.818953,-0.780911]",0,"[]","[]","[]","[]","[]","[]","[]","[]","[]","[]",1,"[341294]","[-1.66605]","[0.417143]","[937275]","[62547.1]","[0]","[1.49967]","[0.448297]",0,"[]","[]","[]","[]","[]","[]","[]","[]","[]","[]",0,"[326.6]",1052.81,"[8423.71,5645.61,6136.13,2684.19]","[]","[1942.09]","[]"
426,284500,9950545,364173,-1,618.688,5.35969e+06,1.22586,0.97996,1,1,1,0.998046,1.01265,1,1,0,0,1,"[1]","[1]","[258678]","[1.80724]","[2.78186]","[809367]","[0.0320129]","[1]","[11]","[1]","[0]","[-990.193]","[0.00792905]","[1.21359]",276022,-0.255785,1,"[21021.4]","[-2.36645]","[-3.12159]","[113151]","[0.943885]","[0]","[0]","[-0.677657]",0,"[]","[]","[]","[]","[]","[]","[]","[]","[]","[]",1,"[270809]","[1.80067]","[2.78204]","[842065]","[0.0110485]","[0]","[0]","[-1]",0,"[]","[]","[]","[]","[]","[]","[]","[]","[]","[]",0,"[4250.64]",18171,"[1168.51]","[]","[18673.6]","[]"
427,284500,10815537,364173,1,618.688,5.35969e+06,1.26459,0.97921,1,1,1,1.29778,1.00192,1,1,0,0,1,"[1]","[1]","[72977.1]","[-0.233302]","[-2.28488]","[74972.2]","[0.0560989]","[1]","[11]","[1]","[0]","[-1170.65]","[0.0270296]","[3.699]",98337,0.818861,5,"[213242,172329,82936.7,33183.2,31417.4]","[-0.0509007,1.75539,2.32895,-0.6858,-0.694082]","[0.411386,-2.21331,2.90484,1.78461,-2.62429]","[216071,513626,429872,41728,39453.2]","[0.8345,0,0.00469031,0.989116,1]","[0,0,0,0,0]","[0,0,0,0,0]","[-0.194648,-0.824097,-0.717482,0.897372,-0.901365]",0,"[]","[]","[]","[]","[]","[]","[]","[]","[]","[]",1,"[268227]","[-0.126329]","[0.487149]","[276112]","[56018.7]","[0]","[1.4346]","[0.456692]",0,"[]","[]","[]","[]","[]","[]","[]","[]","[]","[]",0,"[221.608]",7758.87,"[7617.76,4479.54,7530.8,26954.7,3700.94]","[]","[0]","[]"
428,284500,10222317,364173,1.92024,618.688,5.35969e+06,0.164755,0.99211,1,1,1,0.997278,0.9918,1,1,0,0,1,"[1]","[1]","[335134]","[-0.738135]","[3.1152]","[430654]","[0.0132561]","[-1]","[11]","[1]","[0]","[-2082.94]","[-0.00432959]","[0.449697]",311111,-0.0635831,2,"[48908.4,26606.5]","[-1.67547,-1.3023]","[0.700539,-2.0658]","[135423,52757.9]","[0.98,0.964715]","[0,0]","[0,0]","[-0.865977,-0.447554]",0,"[]","[]","[]","[]","[]","[]","[]","[]","[]","[]",1,"[348840]","[-0.737732]","[3.11268]","[448152]","[0.00552427]","[0]","[0]","[-1]",0,"[]","[]","[]","[]","[]","[]","[]","[]","[]","[]",0,"[2306.38]",3965.5,"[5489.19,2012.63]","[]","[35591.8]","[]"
429,284500,9509502,364173,1,618.688,5.35969e+06,0,0.95734,1,1,1,0.994858,0.96953,1,1,0,0,1,"[1]","[1]","[34776.6]","[1.06406]","[-1.17488]","[56393.1]","[-0.00687599]","[1]","[11]","[1]","[0]","[-1187.76]","[0.031419]","[2.62065]",70404.9,1.85301,6,"[220044,209968,70091.6,43413.4,34862.3,25903.3]","[-0.0969313,-1.54554,0.429661,0.491456,-1.28082,-1.2268]","[0.270274,-2.8066,-2.62103,-1.27498,1.38624,2.90916]","[222328,515279,77179.2,49293.2,67835.6,48220.8]","[0.980963,0.996406,0,0.988814,0.99,0.897962]","[0,0,0,0,0,0]","[0,0,0,0,0,0]","[-0.906256,-0.220575,-0.800653,-0.900234,-0.430233,-0.731626]",0,"[]","[]","[]","[]","[]","[]","[]","[]","[]","[]",1,"[278989]","[-0.0615613]","[0.269853]","[295254]","[95103.3]","[0]","[1.97331]","[0.531691]",0,"[]","[]","[]","[]","[]","[]","[]","[]","[]","[]",0,"[137.94]",3501.98,"[2958.35,8205.99,2191.47,2133.64,4723.71,1891.95]","[]","[9304.72]","[]"
430,284500,13276526,364173,1,618.688,5.35969e+06,0.75088,0.96896,1,1,1,0.996487,0.97492,1,1,0,0,1,"[1]","[1]","[49589.6]","[-0.00932997]","[-2.61331]","[49591.7]","[0.038702]","[1]","[11]","[1]","[0]","[-14.4475]","[-0.0165937]","[1.65698]",74110.8,-2.31337,3,"[188120,68082.8,21154.7]","[-0.807288,-1.67106,-1.77676]","[-2.85139,1.04195,-0.309427]","[254823,187729,64426.9]","[0.00487131,0,0.999138]","[0,0,0]","[0,0,0]","[-0.711245,-0.81266,-0.754692]",0,"[]","[]","[]","[]","[]","[]","[]","[]","[]","[]",1,"[273775]","[-0.733506]","[-2.82848]","[364876]","[100417]","[0]","[1.54679]","[0.472087]",0,"[]","[]","[]","[]","[]","[]","[]","[]","[]","[]",0,"[194.273]",7960.45,"[4251.63,5001.53,1552.8]","[]","[5868.97]","[]"
431,284500,13313650,364173,-1,618.688,5.35969e+06,1.08735,0.99211,1,1,1,0.999136,0.9918,1,1,0,0,1,"[1]","[1]","[401722]","[-0.773651]","[-0.856735]","[528062]","[0.0115585]","[1]","[11]","[1]","[0]","[-1043.86]","[-0.0207421]","[3.22909]",356042,2.17234,1,"[44189.2]","[-1.3424]","[-3.08338]","[90654.3]","[0.994621]","[0]","[0]","[-0.89163]",0,"[]","[]","[]","[]","[]","[]","[]","[]","[]","[]",1,"[419441]","[-0.762115]","[-0.852438]","[547262]","[0.0078125]","[0]","[0]","[-1]",0,"[]","[]","[]","[]","[]","[]","[]","[]","[]","[]",0,"[3019.22]",24035.4,"[3609.62]","[]","[994.875]","[]"
432,284500,560963,364173,-1,618.688,5.35969e+06,1.21412,0.98089,1,1,1,0.998382,0.99866,1,1,0,0,1,"[1]","[1]","[253431]","[-0.988725]","[2.08005]","[387731]","[-0.00164795]","[1]","[11]","[1]","[0]","[139.133]","[-0.000554626]","[0.0815281]",255617,-0.953481,3,"[52943.4,38014.7,31926.3]","[1.41353,0.696557,-1.19451]","[-0.740556,2.49091,-3.08476]","[115617,48027.2,57851.2]","[0.975909,0.749098,0.99899]","[0,0,0]","[0,0,0]","[-0.927263,-0.826505,-0.714557]",0,"[]","[]","[]","[]","[]","[]","[]","[]","[]","[]",1,"[279185]","[-0.963089]","[2.08215]","[418985]","[-0.00552427]","[0]","[0]","[-1]",0,"[]","[]","[]","[]","[]","[]","[]","[]","[]","[]",0,"[2658.59]",3031.34,"[4793.22,2004.48,2478.06]","[]","[5991.56]","[]"
433,284500,6679059,364173,1,618.688,5.35969e+06,1.21412,0.97695,1,1,1,0.998796,0.98743,1,1,0,0,1,"[1]","[1]","[257023]","[-0.0513557]","[-1.31422]","[257362]","[-0.00153351]","[-1]","[11]","[1]","[0]","[4131.29]","[0.00394362]","[0.61095]",301377,1.66008,2,"[77356.1,21669.3]","[0.746808,1.03553]","[-1.81526,2.1803]","[100479,34823.8]","[0.998359,0.969115]","[0,0]","[0,0]","[-0.954595,-0.497747]",0,"[]","[]","[]","[]","[]","[]","[]","[]","[]","[]",1,"[339064]","[0.174169]","[-1.41791]","[369134]","[133313]","[0]","[0.41106]","[0.700862]",0,"[]","[]","[]","[]","[]","[]","[]","[]","[]","[]",0,"[1421.03]",1790.22,"[2097.6,2430.14]","[]","[3508.91]","[]"
434,284500,13199281,364173,-1,618.688,5.35969e+06,1.26459,0.96203,1,1,1,0.998849,1.01508,1,1,0,0,1,"[1]","[1]","[222890]","[-1.74092]","[2.10341]","[655069]","[0.041913]","[1]","[11]","[1]","[1176.24]","[4427.39]","[0.0048365]","[0.581937]",225792,-0.815394,1,"[38449.5]","[1.61256]","[-2.91936]","[100445]","[0.999681]","[0]","[0]","[-0.829385]",0,"[]","[]","[]","[]","[]","[]","[]","[]","[]","[]",1,"[255430]","[-1.73979]","[2.10235]","[749931]","[6080.04]","[0]","[8.97171]","[0.0974204]",0,"[]","[]","[]","[]","[]","[]","[]","[]","[]","[]",0,"[3321.5]",1607.27,"[3090.55]","[]","[3372.84]","[]"
435,284500,2333060,364173,-1,618.688,5.35969e+06,1.55465,0.96972,1,1,1,0.997424,0.99544,1,1,0,0,1,"[1]","[1]","[268434]","[1.3372]","[-0.267287]","[546390]","[-0.0489559]","[1]","[11]","[1]","[0]","[42.1951]","[-0.00127859]","[0.148205]",232931,3.00719,2,"[47613.3,26135.1]","[-1.31018,-1.43198]","[2.58604,0.788938]","[94823.6,57914]","[0.990371,0.984154]","[0,0]","[0,0]","[-0.908249,-0.629613]",0,"[]","[]","[]","[]","[]","[]","[]","[]","[]","[]",1,"[299293]","[1.35557]","[-0.265687]","[619052]","[-0.0078125]","[0]","[0]","[-1]",0,"[]","[]","[]","[]","[]","[]","[]","[]","[]","[]",0,"[4055.89]",7556.36,"[7760.71,2151.9]","[]","[19956.1]","[]"
436,284500,760080,364173,0.574761,618.688,5.35969e+06,0.619412,0.99211,1,1,1,0.998585,0.9918,1,1,0,0,1,"[1]","[1]","[401538]","[-0.654555]","[-0.0891415]","[490671]","[0.00344849]","[1]","[11]","[1]","[0]","[-660.958]","[-0.0100912]","[1.23564]",307628,-3.08206,2,"[79715.5,24336.9]","[0.178041,0.310311]","[2.47296,3.05396]","[82141.6,25829.8]","[0.981635,0.928821]","[0,0]","[0,0]","[-0.928263,-0.0738768]",0,"[]","[]","[]","[]","[]","[]","[]","[]","[]","[]",1,"[403692]","[-0.666624]","[-0.0859358]","[496767]","[2226.44]","[0]","[0]","[-1]",0,"[]","[]","[]","[]","[]","[]","[]","[]","[]","[]",0,"[4578.87]",3822.38,"[7690.41,2509.25]","[]","[30546.2]","[]"
437,284500,13670786,364173,1,618.688,5.35969e+06,1.32095,0.97994,1,1,1,0.999228,1.00632,1,1,0,0,1,"[1]","[1]","[167554]","[0.184333]","[1.54859]","[170408]","[0.0178032]","[-1]","[11]","[1]","[3111.17]","[586.855]","[-0.0204987]","[3.48078]",243779,-1.58318,1,"[25687.4]","[0.213115]","[2.08039]","[26517]","[0.929231]","[0]","[0]","[-0.870145]",0,"[]","[]","[]","[]","[]","[]","[]","[]","[]","[]",1,"[256093]","[0.196771]","[1.66365]","[265124]","[46204.2]","[0]","[1.08593]","[0.665622]",0,"[]","[]","[]","[]","[]","[]","[]","[]","[]","[]",0,"[1589.14]",1163.25,"[1835.18]","[]","[0]","[]"
438,284500,10664834,364173,-1,618.688,5.35969e+06,0.934886,0.96203,1,1,1,0.99889,1.01508,1,1,0,0,1,"[1]","[1]","[253544]","[-1.72208]","[1.25005]","[732091]","[-0.0441055]","[-1]","[11]","[1]","[0]","[-1586.7]","[-0.00750984]","[0.716995]",185701,-2.04667,2,"[61506.1,23755.7]","[-0.590186,-0.701403]","[-2.00352,-0.875842]","[72908.3,30064.5]","[1,0.991073]","[0,0]","[0,0]","[-0.936417,-0.456736]",0,"[]","[]","[]","[]","[]","[]","[]","[]","[]","[]",1,"[268105]","[-1.74789]","[1.24663]","[793137]","[0.0191366]","[0]","[0]","[-1]",0,"[]","[]","[]","[]","[]","[]","[]","[]","[]","[]",0,"[3496.79]",4664.44,"[5164.85,1727.38]","[]","[0]","[]"
439,284500,13940382,364173,1,618.688,5.35969e+06,0.619412,0.98697,1,1,1,0.998568,1.00582,1,1,0,0,1,"[1]","[1]","[288057]","[-0.29146]","[-0.351835]","[300379]","[0.0579882]","[1]","[11]","[1]","[0]","[-1179.11]","[-0.00779018]","[1.36585]",283742,2.54736,2,"[68310.1,48991.2]","[0.189281,-1.97997]","[-2.71678,-0.834959]","[69983.4,181168]","[0.999739,0.993728]","[0,0]","[0,0]","[-0.932194,-0.775267]",0,"[]","[]","[]","[]","[]","[]","[]","[]","[]","[]",1,"[298094]","[-0.28756]","[-0.352126]","[310503]","[-0.00365396]","[0]","[0]","[-1]",0,"[]","[]","[]","[]","[]","[]","[]","[]","[]","[]",0,"[1853.02]",7866.94,"[5699.56,5613.4]","[]","[6981.72]","[]"
440,284500,1852055,364173,1.32862,618.688,5.35969e+06,1.22586,0.9652,1,1,1,0.993659,0.98592,1,1,0,0,1,"[0]","[1]","[72995.6]","[-1.22742]","[1.33947]","[135241]","[-0.0493679]","[1]","[11]","[1]","[1493.73]","[-441.509]","[0.0204343]","[2.07195]",18596.1,-2.36005,3,"[805931,395768,378426]","[-2.27781,-1.8702,1.10548]","[-1.30768,1.86662,1.8195]","[3.97254e+06,1.31563e+06,634546]","[0.99828,0.991381,0.998671]","[0,0,0]","[0,0,0]","[-0.593679,-0.877365,-0.843769]",0,"[]","[]","[]","[]","[]","[]","[]","[]","[]","[]",2,"[453303,382374]","[-1.80094,1.11301]","[1.78522,1.81965]","[1.41924e+06,644964]","[162686,18538.1]","[0,0]","[1.42371,3.09712]","[0.554422,0.708993]",0,"[]","[]","[]","[]","[]","[]","[]","[]","[]","[]",0,"[690.689]",11147.9,"[14702.6,6675.63,16589.7]","[]","[16532.1,2417.88]","[]"
441,284500,6264574,364173,1.31441,618.688,5.35969e+06,0.402058,0.98697,1,1,1,0.997819,1.00582,1,1,0,0,1,"[1]","[1]","[216093]","[-0.471734]","[-1.86143]","[240586]","[0.01054]","[1]","[11]","[1]","[3546.65]","[222.126]","[-0.023276]","[4.38477]",307631,1.2639,2,"[51333.5,30005.1]","[0.339119,-2.49442]","[-1.7801,-1.97537]","[54690.5,183026]","[1,0.983299]","[0,0]","[0,0]","[-0.12177,0.444882]",0,"[]","[]","[]","[]","[]","[]","[]","[]","[]","[]",1,"[267772]","[-0.350085]","[-1.84646]","[296031]","[82342]","[0]","[0.412262]","[0.350844]",0,"[]","[]","[]","[]","[]","[]","[]","[]","[]","[]",0,"[1312.68]",8675.06,"[2006.22,2128.66]","[]","[4129.25]","[]"
442,284500,5487364,364173,-1,618.688,5.35969e+06,1.25133,0.99242,1,1,1,0.997622,0.99765,1,1,0,0,1,"[1]","[1]","[333944]","[0.709712]","[-1.82802]","[421636]","[0.0438042]","[-1]","[11]","[1]","[0]","[-1790.58]","[-0.0305671]","[3.88451]",313343,1.08512,2,"[99116.8,36084.8]","[-0.488549,2.32277]","[2.78683,-0.0151864]","[111408,185960]","[0.899483,0.992595]","[0,0]","[0,0]","[-0.989982,-0.793819]",0,"[]","[]","[]","[]","[]","[]","[]","[]","[]","[]",1,"[349105]","[0.688506]","[-1.82551]","[435170]","[0.00676582]","[0]","[0]","[-1]",0,"[]","[]","[]","[]","[]","[]","[]","[]","[]","[]",0,"[2788.98]",1436.38,"[1992.96,3719.57]","[]","[20211.9]","[]"
443,284500,7981110,364173,1,618.688,5.35969e+06,1.32095,0.97429,1,1,1,0.994923,0.98653,1,1,0,0,1,"[1]","[1]","[50732.5]","[0.435702]","[2.30743]","[55624.6]","[0.00556183]","[-1]","[11]","[1]","[0]","[-338.87]","[0.0196757]","[1.7814]",151383,1.14301,6,"[176615,105442,97645.9,91981.8,70884.6,39095.6]","[-1.20378,-0.771713,0.178332,0.165675,0.588099,-2.4699]","[-1.44092,-2.0106,-1.63225,1.48379,1.76823,1.41043]","[321040,139316,99610.9,93859.7,83928.7,232751]","[0,0,0.980699,0,-0.1,0.204088]","[0,0,0,0,0,0]","[0,0,0,0,0,0]","[-0.825086,-0.729501,-0.925777,-0.691694,-0.854912,-0.823055]",0,"[]","[]","[]","[]","[]","[]","[]","[]","[]","[]",1,"[256895]","[-1.08879]","[-1.6712]","[436044]","[98322]","[0]","[0.80806]","[0.585299]",0,"[]","[]","[]","[]","[]","[]","[]","[]","[]","[]",0,"[229.805]",178.688,"[6222.36,4707.45,1917.75,4991.28,4038.26,4712.16]","[]","[0]","[]"
444,284500,8495285,364173,-0.294504,618.688,5.35969e+06,1.21412,1.00588,1,1,1,0.997381,1.00306,1,1,0,0,1,"[1]","[1]","[350224]","[0.922655]","[-3.037]","[510175]","[0.0116396]","[-1]","[11]","[1]","[3008.3]","[-2166.66]","[0.00242693]","[0.488845]",235655,0.0999357,2,"[69763.5,29979]","[2.16828,-1.35318]","[-0.0460197,0.426288]","[309120,62176.5]","[0.994473,0.999459]","[0,0]","[0,0]","[-0.786405,-0.460901]",0,"[]","[]","[]","[]","[]","[]","[]","[]","[]","[]",1,"[386393]","[0.933325]","[-3.0326]","[567288]","[5357.91]","[0]","[0]","[-1]",0,"[]","[]","[]","[]","[]","[]","[]","[]","[]","[]",0,"[4104.84]",4884.11,"[4679.31,2016.13]","[]","[26865.2]","[]"
445,284500,10378372,364173,-1,618.688,5.35969e+06,1.26205,0.96972,1,1,1,0.998622,0.99544,1,1,0,0,1,"[1]","[1]","[329406]","[1.26723]","[2.43269]","[631245]","[-0.0195503]","[1]","[11]","[1]","[0]","[-134.662]","[-0.0215249]","[3.08465]",340051,-0.883719,3,"[62341.5,39863.1,27807.5]","[-0.37178,-0.758574,-0.231924]","[-0.0122026,2.33445,1.98138]","[66920.7,52268.9,28882.4]","[0.994039,0.987422,0.974804]","[0,0,0]","[0,0,0]","[-0.71501,-0.947582,-0.804688]",0,"[]","[]","[]","[]","[]","[]","[]","[]","[]","[]",1,"[332028]","[1.27883]","[2.42488]","[642610]","[1645.69]","[0]","[0]","[-1]",0,"[]","[]","[]","[]","[]","[]","[]","[]","[]","[]",0,"[7467.31]",18334.8,"[2161.31,4090.14,1789.1]","[]","[4651.5]","[]"
446,284500,1457830,364173,1,618.688,5.35969e+06,0.923924,0.9823,1,1,1,0.994497,1.00632,1,1,0,0,1,"[0]","[1]","[95787.2]","[0.407362]","[-1.74826]","[103845]","[0.0703583]","[-1]","[11]","[1]","[6856.55]","[6421.56]","[0.000196541]","[0.0140353]",197765,-1.08353,4,"[612373,199215,62896.7,50950.7]","[0.545708,0.410599,-0.131378,0.591108]","[1.9524,-1.22699,-1.4807,-0.827551]","[708289,219843,64106.7,60247.8]","[0.997726,0.995277,0.970217,0.99]","[0,0,0,0]","[0,0,0,0]","[0.279234,-0.946195,-0.805442,-0.285776]",0,"[]","[]","[]","[]","[]","[]","[]","[]","[]","[]",2,"[624483,381009]","[0.560509,0.419055]","[1.95641,-1.34983]","[727973,442586]","[63756.4,153928]","[0,0]","[1.48329,1.31164]","[0.523073,0.569663]",0,"[]","[]","[]","[]","[]","[]","[]","[]","[]","[]",0,"[455.752]",24139.8,"[17000.9,6828.99,3764.34,2008.09]","[]","[26775.6,25068.8]","[]"
447,284500,9516751,364173,-1,618.688,5.35969e+06,1.22586,0.96323,1,1,1,0.996527,1.00493,1,1,0,0,1,"[1]","[1]","[222599]","[-1.31818]","[-1.84139]","[445671]","[0.0223484]","[-1]","[11]","[1]","[0]","[-412.317]","[0.0238309]","[0.9108]",173073,1.41332,3,"[51736.8,22822.1,20779.8]","[1.6034,1.61383,-0.33694]","[0.800031,-2.81426,0.257778]","[134094,59849.7,22154.1]","[0.997871,0.770439,0.998931]","[0,0,0]","[0,0,0]","[-0.739102,-0.89164,-0.927645]",0,"[]","[]","[]","[]","[]","[]","[]","[]","[]","[]",1,"[272140]","[-1.33722]","[-1.83202]","[553946]","[1924.6]","[0]","[86.6335]","[-1]",0,"[]","[]","[]","[]","[]","[]","[]","[]","[]","[]",0,"[3201.39]",1135.81,"[5496.7,1610.57,1156.34]","[]","[13560.3]","[]"
448,284500,12710508,364173,1,618.688,5.35969e+06,1.32095,0.96323,1,1,1,0.99826,1.00493,1,1,0,0,1,"[1]","[1]","[223055]","[-1.30888]","[-1.34328]","[443006]","[-0.031517]","[1]","[11]","[1]","[0]","[32.7052]","[-0.01076]","[1.63594]",342069,1.99853,2,"[117407,21576.5]","[-1.70353,0.0491942]","[-0.590673,2.15827]","[333268,21895.3]","[0.997599,0.98694]","[0,0]","[0,0]","[-0.944598,-0.814273]",0,"[]","[]","[]","[]","[]","[]","[]","[]","[]","[]",1,"[354594]","[-1.49505]","[-1.10835]","[844296]","[152411]","[0]","[0.217047]","[0.640343]",0,"[]","[]","[]","[]","[]","[]","[]","[]","[]","[]",0,"[2878.6]",10383.3,"[3348.03,4717.31]","[]","[5164.97]","[]"
449,284500,14608056,364173,1,618.688,5.35969e+06,1.26459,0.97994,1,1,1,0.999408,1.00632,1,1,0,0,1,"[1]","[1]","[345277]","[0.345261]","[-0.543045]","[366062]","[0.0466309]","[1]","[11]","[1]","[0]","[-656.487]","[-0.00221703]","[0.258916]",325798,2.49816,1,"[34318.9]","[0.688009]","[-2.46499]","[43017.9]","[0.99]","[0]","[0]","[-0.911026]",0,"[]","[]","[]","[]","[]","[]","[]","[]","[]","[]",1,"[358924]","[0.312961]","[-0.543858]","[376645]","[-0.00516748]","[0]","[0]","[-1]",0,"[]","[]","[]","[]","[]","[]","[]","[]","[]","[]",0,"[3161.49]",476.781,"[2701.34]","[]","[2677.72]","[]"
450,284500,8720828,364173,1,618.688,5.35969e+06,1.26205,0.92237,1,1,1,0.995958,0.96413,1,1,0,0,1,"[0]","[1]","[78857.6]","[2.40326]","[-2.7498]","[439613]","[120.835]","[-1]","[11]","[1]","[0]","[948.829]","[0.0951743]","[3.05471]",91657.4,0.805892,5,"[304877,211591,89094.3,36564.1,21627.6]","[-2.40019,-0.00945107,0.458438,2.47278,0.929928]","[2.71594,-0.683404,-0.219608,-0.933415,-1.46781]","[1.69457e+06,212811,99953.6,218477,31847.8]","[1,1,0.996956,0,0.771553]","[0,0,0,0,0]","[0,0,0,0,0]","[-0.946704,-0.87896,-0.913585,-0.803711,0.133162]",0,"[]","[]","[]","[]","[]","[]","[]","[]","[]","[]",1,"[280204]","[0.0867475]","[-0.569338]","[296789]","[94748.5]","[0]","[1.09887]","[0.796125]",0,"[]","[]","[]","[]","[]","[]","[]","[]","[]","[]",0,"[1528.04]",50125.9,"[9504.07,12266.7,4653.95,34833.2,40914.3]","[]","[19676.2]","[]"
451,284500,12579988,364173,-1,618.688,5.35969e+06,1.32095,1.01378,1,1,1,0.999567,1.00936,1,1,0,0,1,"[1]","[1]","[253061]","[0.138857]","[0.540151]","[255505]","[0.0240631]","[-1]","[11]","[1]","[0]","[-146.149]","[0.0181444]","[2.25714]",322462,-2.71518,1,"[76132.2]","[0.948866]","[0.00633498]","[113529]","[0.999863]","[0]","[0]","[-0.848991]",0,"[]","[]","[]","[]","[]","[]","[]","[]","[]","[]",1,"[313865]","[0.274917]","[0.430661]","[360280]","[153802]","[0]","[0.518644]","[0.718323]",0,"[]","[]","[]","[]","[]","[]","[]","[]","[]","[]",0,"[3784.63]",3187.81,"[4061.56]","[]","[10220.3]","[]"
452,284500,13171907,364173,1,618.688,5.35969e+06,0,0.9823,1,1,1,0.99839,1.00632,1,1,0,0,1,"[1]","[1]","[84778.2]","[0.46742]","[1.00846]","[94209.3]","[-0.00145721]","[1]","[11]","[1]","[0]","[-377.153]","[-0.00215054]","[0.28991]",50160,0.824822,2,"[216304,128137]","[-1.9163,-1.21588]","[-2.76992,-2.28063]","[751172,236712]","[0.00496948,0.971547]","[0,0]","[0,0]","[-0.812272,-0.882571]",0,"[]","[]","[]","[]","[]","[]","[]","[]","[]","[]",1,"[338510]","[-1.72851]","[-2.60081]","[992652]","[135647]","[0]","[0.924481]","[0.65179]",0,"[]","[]","[]","[]","[]","[]","[]","[]","[]","[]",0,"[378.078]",28204.6,"[9661.21,3024.94]","[]","[3538.91]","[]"
453,284500,11579038,364173,2.18017,618.688,5.35969e+06,1.25133,1.00588,1,1,1,0.998585,1.00306,1,1,0,0,1,"[1]","[1]","[234071]","[0.850209]","[-2.1515]","[323891]","[-0.0194999]","[1]","[11]","[1]","[1151.69]","[-964.5]","[0.000318141]","[0.0527802]",310117,1.22009,2,"[86246.6,24094.4]","[1.14239,-0.812051]","[-1.60101,-0.545414]","[149331,32753.1]","[0.99877,0.993879]","[0,0]","[0,0]","[-0.834124,-0.944821]",0,"[]","[]","[]","[]","[]","[]","[]","[]","[]","[]",1,"[318119]","[0.945771]","[-2.02318]","[479342]","[87316.9]","[0]","[0.774181]","[0.446741]",0,"[]","[]","[]","[]","[]","[]","[]","[]","[]","[]",0,"[2360.67]",1272,"[2848.93,2792.47]","[]","[9831.66]","[]"
454,284500,13307051,364173,1,618.688,5.35969e+06,1.26459,0.96203,1,1,1,0.997147,1.01508,1,1,0,0,1,"[1]","[1]","[228909]","[-1.52568]","[1.70547]","[551181]","[-0.190224]","[1]","[11]","[1]","[0]","[736.463]","[0.0073403]","[0.76909]",246766,-1.64675,2,"[43158.1,31028.2]","[2.12651,1.89509]","[1.0229,-0.487202]","[183680,105791]","[0.994472,0.99853]","[0,0]","[0,0]","[-0.824969,-0.520674]",0,"[]","[]","[]","[]","[]","[]","[]","[]","[]","[]",1,"[260716]","[-1.54027]","[1.71012]","[636172]","[1487.92]","[0]","[0]","[-1]",0,"[]","[]","[]","[]","[]","[]","[]","[]","[]","[]",0,"[4408.45]",3438.72,"[3150.23,3995.49]","[]","[27156.2]","[]"
455,284500,6876055,364173,-1,618.688,5.35969e+06,0,0.99242,1,1,1,0.999196,0.99765,1,1,0,0,1,"[1]","[1]","[212433]","[0.720907]","[-1.28394]","[270067]","[0.0888481]","[1]","[11]","[1]","[0]","[955.782]","[-0.0561898]","[1.65057]",297339,2.08519,2,"[74094.1,56356.9]","[-1.35873,0.110568]","[-0.680238,-0.627805]","[154413,57436.7]","[0.919956,0.99317]","[0,0]","[0,0]","[-0.914985,-0.927963]",0,"[]","[]","[]","[]","[]","[]","[]","[]","[]","[]",1,"[253201]","[0.684619]","[-1.19165]","[337556]","[121599]","[0]","[0.318029]","[0.573386]",0,"[]","[]","[]","[]","[]","[]","[]","[]","[]","[]",0,"[1454.03]",8903.44,"[2244.37,10315.8]","[]","[0]","[]"
456,284500,14144540,364173,-3.95285,618.688,5.35969e+06,0.696077,0.99242,1,1,1,0.999437,0.99765,1,1,0,0,1,"[1]","[1]","[438534]","[0.81182]","[-0.897483]","[591156]","[-0.013092]","[1]","[11]","[1]","[0]","[308.716]","[-0.0226046]","[3.05114]",501749,2.36894,1,"[84198]","[0.956125]","[-0.135183]","[126890]","[0.992207]","[0]","[0]","[-0.859713]",0,"[]","[]","[]","[]","[]","[]","[]","[]","[]","[]",1,"[518366]","[0.77106]","[-0.83676]","[692729]","[130918]","[0]","[1.07553]","[0.315403]",0,"[]","[]","[]","[]","[]","[]","[]","[]","[]","[]",0,"[5524.42]",23897.4,"[5153.68]","[]","[429.969]","[]"
457,284500,7300570,364173,0.600137,618.688,5.35969e+06,0.619412,0.98089,1,1,1,0.999187,0.99866,1,1,0,0,1,"[1]","[1]","[241593]","[-0.965691]","[-2.98295]","[363274]","[178.736]","[1]","[11]","[1]","[6677]","[287.643]","[-0.00430392]","[0.507106]",132369,0.319307,1,"[20766.3]","[-0.621713]","[-1.23564]","[25314.3]","[0.876676]","[0]","[0]","[-0.839962]",0,"[]","[]","[]","[]","[]","[]","[]","[]","[]","[]",1,"[263145]","[-0.95561]","[-2.9845]","[392722]","[0.00390625]","[0]","[0]","[-1]",0,"[]","[]","[]","[]","[]","[]","[]","[]","[]","[]",0,"[2462.26]",16031.8,"[1185.14]","[]","[10111]","[]"
458,284500,4396894,364173,1,618.688,5.35969e+06,0.738662,0.94067,1,1,1,0.996008,0.84038,1,1,0,0,1,"[1]","[1]","[27168.8]","[1.55587]","[1.7404]","[67245.3]","[17.7437]","[1]","[11]","[1]","[1062.54]","[192.802]","[0.00488142]","[0.382293]",128636,-1.64022,4,"[204263,155147,70387.2,43796.3]","[-1.56816,-1.03385,0.614627,2.28717]","[-3.05474,2.62465,0.650646,-0.34462]","[511658,246642,85103.4,217888]","[0.99659,0.99372,0.0116993,0.999745]","[0,0,0,0]","[0,0,0,0]","[-0.897519,-0.594549,-0.707261,-0.737968]",0,"[]","[]","[]","[]","[]","[]","[]","[]","[]","[]",1,"[336646]","[-1.40786]","[2.96077]","[744152]","[148636]","[0]","[0.639261]","[0.754805]",0,"[]","[]","[]","[]","[]","[]","[]","[]","[]","[]",0,"[251.758]",10628,"[4195.61,2502.54,1971.52,3961.16]","[]","[14930.7]","[]"
459,284500,13862576,364173,1,618.688,5.35969e+06,0.696077,0.94038,1,1,1,0.996589,0.99929,1,1,0,0,1,"[1]","[1]","[32019.7]","[-2.16022]","[-0.372944]","[140701]","[-0.229507]","[-1]","[11]","[1]","[0]","[-439.319]","[0.00386307]","[0.224331]",135545,-0.464285,4,"[169606,121936,92935.3,80909]","[0.0170339,-0.152008,0.376572,0.0199664]","[-1.41319,1.84319,1.95599,2.93625]","[170909,124824,100402,81830.2]","[0,0.0957507,0.242777,0.999854]","[0,0,0,0]","[0,0,0,0]","[-0.792089,-0.984595,-0.985367,-0.905211]",0,"[]","[]","[]","[]","[]","[]","[]","[]","[]","[]",1,"[251330]","[0.110356]","[2.00319]","[273844]","[105127]","[0]","[1.43387]","[0.473462]",0,"[]","[]","[]","[]","[]","[]","[]","[]","[]","[]",0,"[40.9148]",21336.2,"[3140.95,9724.82,7512.22,6733.17]","[]","[3821.81]","[]"
460,284500,9243423,364173,1,618.688,5.35969e+06,0.75088,0.96654,1,1,1,0.996229,0.99197,1,1,0,0,1,"[1]","[1]","[31064]","[-0.584978]","[-1.53841]","[36532.3]","[0.0279913]","[1]","[11]","[1]","[0]","[3582.78]","[-0.0141723]","[1.05148]",81715.7,-1.6347,5,"[218623,84837.6,67664.6,66484.2,30332.8]","[-1.64209,-1.36835,-2.29054,-2.28241,-0.525463]","[1.11321,-1.80075,-2.17102,1.69592,-2.65825]","[586166,177790,337905,329319,35175.5]","[0.17169,0,0,0.991614,0.970809]","[0,0,0,0,0]","[0,0,0,0,0]","[-0.796402,-0.862583,-0.84915,-0.909121,-0.897255]",0,"[]","[]","[]","[]","[]","[]","[]","[]","[]","[]",1,"[263104]","[-1.87759]","[1.2651]","[883734]","[79267.2]","[0]","[0.899954]","[0.821308]",0,"[]","[]","[]","[]","[]","[]","[]","[]","[]","[]",0,"[292.413]",4511.45,"[6843.06,4866.96,9924.43,2361.04,5183.53]","[]","[1984.39]","[]"
461,284500,8981187,364173,1,618.688,5.35969e+06,1.25133,0.97538,1,1,1,0.987935,1.01508,1,1,0,0,1,"[1]","[1]","[81498]","[-1.63811]","[-2.47608]","[217591]","[-109.111]","[-1]","[11]","[1]","[0]","[-148.042]","[0.0241367]","[2.21713]",47328.9,0.579568,5,"[1.00894e+06,916669,119736,64295.1,32075.6]","[-0.743449,-1.04271,-0.809339,-0.193837,-1.08301]","[3.04248,-0.250492,0.679164,-0.127012,1.71709]","[1.30485e+06,1.46235e+06,162542,66153.4,53002.4]","[0.992245,0.991076,0.99786,0,0.985973]","[0,0,0,0,0]","[0,0,0,0,0]","[-0.870318,-0.871963,-0.826268,-0.785692,-0.765667]",0,"[]","[]","[]","[]","[]","[]","[]","[]","[]","[]",2,"[1.05094e+06,1.02461e+06]","[-0.69194,-0.997208]","[3.04085,-0.199104]","[1.31688e+06,1.59785e+06]","[104541,252968]","[0,0]","[1.52765,2.75981]","[0.688732,0.713002]",0,"[]","[]","[]","[]","[]","[]","[]","[]","[]","[]",0,"[1095.28]",13165.8,"[17697.4,31947.6,8150.75,1996.38,5446.28]","[]","[58256.2,70727.6]","[]"
462,284500,11118637,364173,1,618.688,5.35969e+06,1.26205,1.00588,1,1,1,0.999275,1.00306,1,1,0,0,1,"[1]","[1]","[326255]","[0.784298]","[1.59245]","[431849]","[-0.00812531]","[1]","[11]","[1]","[0]","[1424.92]","[0.028434]","[2.65492]",268430,-1.85883,1,"[99579.2]","[-1.93725]","[-0.661502]","[352836]","[0.988099]","[0]","[0]","[-0.778809]",0,"[]","[]","[]","[]","[]","[]","[]","[]","[]","[]",1,"[325116]","[0.812525]","[1.59307]","[438472]","[0.00552427]","[0]","[0]","[-1]",0,"[]","[]","[]","[]","[]","[]","[]","[]","[]","[]",0,"[4242.34]",1560,"[4901.34]","[]","[18311.1]","[]"
463,284500,14846080,364173,1,618.688,5.35969e+06,0.75088,0.99242,1,1,1,0.996974,0.99765,1,1,0,0,1,"[1]","[1]","[358586]","[0.641576]","[0.746702]","[434953]","[-0.00811768]","[1]","[11]","[1]","[0]","[4759.69]","[-0.000899119]","[0.0923474]",381726,-2.50043,2,"[36163.2,31413.2]","[2.10566,1.49798]","[-0.584322,0.349658]","[150866,74159.7]","[0.699056,0.998457]","[0,0]","[0,0]","[-0.856552,-0.477017]",0,"[]","[]","[]","[]","[]","[]","[]","[]","[]","[]",1,"[363618]","[0.693495]","[0.743478]","[454633]","[3748.57]","[0]","[28.4376]","[-1]",0,"[]","[]","[]","[]","[]","[]","[]","[]","[]","[]",0,"[2548.68]",3927.56,"[2787.63,3589.44]","[]","[15655.5]","[]"
464,284500,12779006,364173,3.84816,618.688,5.35969e+06,0.696077,0.97996,1,1,1,0.998044,1.01265,1,1,0,0,1,"[1]","[1]","[195415]","[1.5792]","[-0.834633]","[494128]","[-0.140549]","[-1]","[11]","[1]","[20377.1]","[4474.66]","[-0.00616494]","[0.678669]",247125,2.24322,1,"[20825]","[2.26296]","[-2.23511]","[101218]","[0.982638]","[0]","[0]","[-0.785124]",0,"[]","[]","[]","[]","[]","[]","[]","[]","[]","[]",1,"[275074]","[1.57508]","[-0.777431]","[693875]","[36308.1]","[0]","[1.64738]","[0.613218]",0,"[]","[]","[]","[]","[]","[]","[]","[]","[]","[]",0,"[4151.98]",1200.64,"[3338.58]","[]","[8767.81]","[]"
465,284500,2760962,364173,1,618.688,5.35969e+06,0.553627,0.99242,1,1,1,0.996223,0.99765,1,1,0,0,1,"[1]","[1]","[276172]","[0.630932]","[-1.6337]","[332989]","[-0.0549903]","[1]","[11]","[1]","[0]","[379.486]","[0.00168206]","[0.298346]",349443,1.3968,3,"[34347.7,27822.2,24947.5]","[1.68627,0.968043,1.39466]","[2.65997,-1.1636,-2.59776]","[96068.4,42269.5,53749.4]","[0.991166,0.9983,0.982684]","[0,0,0]","[0,0,0]","[0.322524,-0.475974,-0.77037]",0,"[]","[]","[]","[]","[]","[]","[]","[]","[]","[]",1,"[345486]","[0.688788]","[-1.59042]","[432991]","[44174.5]","[0]","[0.900441]","[0.540012]",0,"[]","[]","[]","[]","[]","[]","[]","[]","[]","[]",0,"[4306.46]",4837.16,"[2253.04,4977.36,1909.02]","[]","[25818.9]","[]"
466,284500,2707729,364173,1,618.688,5.35969e+06,1.1961,0.96988,1,1,1,1.23889,1.00441,1,1,0,0,1,"[1]","[1]","[67492.9]","[1.60342]","[-1.52389]","[174510]","[80.1637]","[1]","[11]","[1]","[0]","[908.468]","[-0.0131136]","[0.531046]",92483.4,1.28058,6,"[396815,216882,128621,110676,51940.2,36658.9]","[-0.265295,-1.04503,-1.65354,-1.77295,-0.658989,-2.09263]","[3.13986,-0.290165,-0.00422295,1.74803,-0.824107,-0.212175]","[412058,348382,349123,335321,64441.7,150969]","[0.998444,1,0.999974,0.976917,0.998925,0.972701]","[0,0,0,0,0,0]","[0,0,0,0,0,0]","[0.631525,-0.921004,-0.856289,0.955662,-0.811824,-0.457569]",0,"[]","[]","[]","[]","[]","[]","[]","[]","[]","[]",2,"[396696,350776]","[-0.292338,-1.39259]","[3.13577,-0.197854]","[414575,764522]","[25853.1,150543]","[0,0]","[1.69152,1.29395]","[0.31887,0.788281]",0,"[]","[]","[]","[]","[]","[]","[]","[]","[]","[]",0,"[346.351]",3991.79,"[4737.54,3863.93,3518.76,6885.08,2125.63,4024.61]","[]","[26534.7,8038.16]","[]"
467,284500,1792868,364173,-1.11583,618.688,5.35969e+06,0,0.97994,1,1,1,0.996568,1.00632,1,1,0,0,1,"[1]","[1]","[237094]","[0.227973]","[-1.44738]","[243282]","[-0.0162735]","[-1]","[11]","[1]","[2234.47]","[2460.77]","[0.0209376]","[1.48945]",216713,1.71661,5,"[60666,45916.6,41523.2,23937.9,22339.2]","[0.311231,0.51389,0.743828,1.22796,1.00299]","[3.12886,-0.509457,0.599826,0.0714727,2.22231]","[64065.7,53123.9,54001.9,44608.1,34829.9]","[0.993199,0.979924,0.997483,0.995863,0.933417]","[0,0,0,0,0]","[0,0,0,0,0]","[-0.792836,-0.860612,-0.915046,-0.668043,-0.948039]",0,"[]","[]","[]","[]","[]","[]","[]","[]","[]","[]",1,"[264190]","[0.351583]","[-1.34896]","[297855]","[99661.8]","[0]","[1.14679]","[0.623469]",0,"[]","[]","[]","[]","[]","[]","[]","[]","[]","[]",0,"[1264.81]",1354.73,"[2493.23,4959.55,2239.96,3508.15,1672.06]","[]","[0]","[]"
468,284500,6709930,364173,-1,618.688,5.35969e+06,1.24168,0.98697,1,1,1,0.999294,1.00582,1,1,0,0,1,"[1]","[1]","[289882]","[-0.310115]","[-1.87969]","[303933]","[-0.0873528]","[1]","[11]","[1]","[0]","[-539.973]","[-0.0078643]","[1.11985]",243182,1.26234,1,"[26976.2]","[-0.124763]","[1.6544]","[27666.8]","[0.974715]","[0]","[0]","[-0.765507]",0,"[]","[]","[]","[]","[]","[]","[]","[]","[]","[]",1,"[297643]","[-0.310065]","[-1.88781]","[312066]","[0.00338291]","[0]","[0]","[-1]",0,"[]","[]","[]","[]","[]","[]","[]","[]","[]","[]",0,"[1550.22]",2361.47,"[1773.98]","[]","[22994.1]","[]"
469,284500,10660487,364173,0.813148,618.688,5.35969e+06,1.74563,0.98697,1,1,1,0.998494,1.00582,1,1,0,0,1,"[1]","[1]","[408580]","[-0.489746]","[-2.04896]","[458566]","[0.0268822]","[1]","[11]","[1]","[3268.3]","[250.916]","[-0.00365643]","[0.61173]",444182,1.18274,2,"[35158.9,21289.7]","[-0.595353,-0.0528144]","[-0.0625196,-2.14982]","[41673.9,21389.4]","[0.992862,0.966327]","[0,0]","[0,0]","[-0.910755,-0.552833]",0,"[]","[]","[]","[]","[]","[]","[]","[]","[]","[]",1,"[410635]","[-0.51501]","[-2.04784]","[466345]","[5953.6]","[0]","[0]","[-1]",0,"[]","[]","[]","[]","[]","[]","[]","[]","[]","[]",0,"[4668.64]",12470.9,"[2530.4,1654.1]","[]","[45440.5]","[]"
470,284500,12070681,364173,0.980908,618.688,5.35969e+06,0.619412,0.98428,1,1,1,0.998644,1.00121,1,1,0,0,1,"[1]","[1]","[243687]","[-1.89751]","[-2.8665]","[830872]","[0.00114441]","[1]","[11]","[1]","[0]","[1217.08]","[-0.00728103]","[0.956064]",169512,0.374904,2,"[54865.9,51381.1]","[0.585022,-2.17623]","[-0.579778,0.709355]","[65104.9,229506]","[0.991726,0.990988]","[0,0]","[0,0]","[-0.889848,-0.947407]",0,"[]","[]","[]","[]","[]","[]","[]","[]","[]","[]",1,"[270142]","[-1.91236]","[-2.87086]","[934261]","[-0.0110485]","[0]","[0]","[-1]",0,"[]","[]","[]","[]","[]","[]","[]","[]","[]","[]",0,"[2038.35]",1683.02,"[2552.44,2524.52]","[]","[18275.8]","[]"
471,284500,11583889,364173,1,618.688,5.35969e+06,1.55465,0.96323,1,1,1,0.999237,1.00493,1,1,0,0,1,"[1]","[1]","[276447]","[-1.36568]","[1.64064]","[576886]","[-0.00255966]","[1]","[11]","[1]","[0]","[1676.16]","[0.0196376]","[2.81416]",227072,-1.51833,1,"[49806.8]","[-1.6216]","[-1.34241]","[131150]","[0.99852]","[0]","[0]","[-0.793085]",0,"[]","[]","[]","[]","[]","[]","[]","[]","[]","[]",1,"[304404]","[-1.35724]","[1.63475]","[630547]","[1201.22]","[0]","[0]","[-1]",0,"[]","[]","[]","[]","[]","[]","[]","[]","[]","[]",0,"[4458.36]",9301.52,"[9697.62]","[]","[7557.97]","[]"
472,284500,6993483,364173,-1,618.688,5.35969e+06,1.32095,1.00588,1,1,1,0.998362,1.00306,1,1,0,0,1,"[1]","[1]","[229021]","[0.992859]","[-0.321387]","[351485]","[0.0199604]","[-1]","[11]","[1]","[0]","[-301.521]","[0.00165785]","[0.172952]",169737,2.99513,2,"[25093.6,20614.8]","[0.0425787,0.42556]","[-1.05269,0.868646]","[25319.3,22881.9]","[1,0.989774]","[0,0]","[0,0]","[-0.923826,0.167374]",0,"[]","[]","[]","[]","[]","[]","[]","[]","[]","[]",1,"[250192]","[0.988217]","[-0.32449]","[382629]","[-0.00676582]","[0]","[0]","[-1]",0,"[]","[]","[]","[]","[]","[]","[]","[]","[]","[]",0,"[2245.91]",9610.06,"[1715.99,3247.96]","[]","[16624.6]","[]"
473,284500,12299119,364173,1,618.688,5.35969e+06,1.26459,0.98428,1,1,1,0.996338,1.00121,1,1,0,0,1,"[1]","[1]","[280579]","[-1.85062]","[-2.5894]","[914817]","[-0.0589752]","[-1]","[11]","[1]","[0]","[-2740.58]","[0.0154169]","[1.88018]",201017,0.326185,4,"[68778,35571.8,30167.2,21993.4]","[1.23053,0.11927,-0.542646,1.98918]","[1.25015,-0.170919,1.67956,1.7476]","[128204,36273,35055.6,81962.7]","[0.997164,0.994915,0.801349,0.99203]","[0,0,0,0]","[0,0,0,0]","[-0.909042,-0.13881,-0.914326,-0.841042]",0,"[]","[]","[]","[]","[]","[]","[]","[]","[]","[]",1,"[307454]","[-1.821]","[-2.58988]","[974614]","[0]","[0]","[0]","[-1]",0,"[]","[]","[]","[]","[]","[]","[]","[]","[]","[]",0,"[2668.8]",2632.58,"[6061.01,5078.04,2325.9,1999]","[]","[11552.1]","[]"
474,284500,13046780,364173,1,618.688,5.35969e+06,1.25133,0.96203,1,1,1,0.9981,1.01508,1,1,0,0,1,"[1]","[1]","[258849]","[-1.74369]","[-1.86214]","[762732]","[0.0349121]","[1]","[11]","[1]","[0]","[2982.58]","[-0.0137502]","[1.78588]",156123,1.63025,2,"[114606,23628]","[0.406952,-0.449847]","[1.10152,-0.601665]","[124549,26388.3]","[0.99523,0.994276]","[0,0]","[0,0]","[-0.912665,-0.878475]",0,"[]","[]","[]","[]","[]","[]","[]","[]","[]","[]",1,"[286674]","[-1.72806]","[-1.85808]","[832419]","[3712.33]","[0]","[0]","[-1]",0,"[]","[]","[]","[]","[]","[]","[]","[]","[]","[]",0,"[3610.94]",2028.89,"[3037.29,1698.24]","[]","[19800.2]","[]"
475,284500,14034842,364173,1,618.688,5.35969e+06,0.923924,0.97994,1,1,1,0.998816,1.00632,1,1,0,0,1,"[1]","[1]","[231276]","[0.414541]","[-2.44683]","[251434]","[-0.146147]","[-1]","[11]","[1]","[0]","[-1406.82]","[-0.00204783]","[0.346552]",121962,0.445845,1,"[119203]","[-0.59051]","[0.951252]","[140785]","[0.987532]","[0]","[0]","[-0.963726]",0,"[]","[]","[]","[]","[]","[]","[]","[]","[]","[]",1,"[267289]","[0.495929]","[-2.42897]","[302778]","[34222.7]","[0]","[0.71854]","[0.462947]",0,"[]","[]","[]","[]","[]","[]","[]","[]","[]","[]",0,"[1466.76]",1000.97,"[2450.94]","[]","[9716.92]","[]"
476,284500,6854310,364173,-1,618.688,5.35969e+06,1.26459,0.96203,1,1,1,0.997399,1.01508,1,1,0,0,1,"[1]","[1]","[168090]","[-1.58484]","[0.780032]","[427240]","[-0.0987625]","[-1]","[11]","[1]","[0]","[2902.31]","[-0.0131899]","[1.01649]",216100,-2.41315,3,"[35674.2,30632,23659.4]","[-1.46803,1.11457,-1.16613]","[1.33342,-1.0633,0.901607]","[81698.1,52078.5,41801.1]","[0.977892,0.999678,0.696538]","[0,0,0]","[0,0,0]","[-0.72204,-0.91582,-0.582123]",0,"[]","[]","[]","[]","[]","[]","[]","[]","[]","[]",1,"[255087]","[-1.54246]","[0.870038]","[626787]","[62360.9]","[0]","[1.56224]","[0.455793]",0,"[]","[]","[]","[]","[]","[]","[]","[]","[]","[]",0,"[3281.89]",199.656,"[3634.69,3875.77,2585.8]","[]","[0]","[]"
477,284500,9444115,364173,1,618.688,5.35969e+06,0.738662,0.97553,1,1,1,0.997555,1.01265,1,1,0,0,1,"[0]","[1]","[137952]","[1.70522]","[-1.83455]","[392084]","[-0.0286751]","[-1]","[11]","[1]","[0]","[-251.476]","[-0.00328401]","[0.312114]",34527.7,-1.53077,3,"[298377,107739,71496.5]","[1.81784,-0.438081,-2.15048]","[1.4993,-1.42068,-1.46927]","[943526,119255,311327]","[0.992935,0.99999,1]","[0,0,0]","[0,0,0]","[-0.923546,-0.605874,-0.88402]",0,"[]","[]","[]","[]","[]","[]","[]","[]","[]","[]",1,"[289175]","[1.81655]","[1.50715]","[913084]","[22488.9]","[0]","[2.01916]","[0.630104]",0,"[]","[]","[]","[]","[]","[]","[]","[]","[]","[]",0,"[2403.96]",27504.7,"[18070.8,6541.65,7877.72]","[]","[12543.4]","[]"
478,284500,4035095,364173,1,618.688,5.35969e+06,0.696077,0.99242,1,1,1,0.997941,0.99765,1,1,0,0,1,"[1]","[1]","[304895]","[0.65236]","[-1.95033]","[372106]","[-0.0484161]","[1]","[11]","[1]","[0]","[2778.49]","[-0.00634693]","[0.837598]",353115,0.906624,2,"[57653.5,28607]","[0.868863,1.65204]","[2.88169,2.39484]","[81078.4,77532.6]","[0.999227,0.996768]","[0,0]","[0,0]","[-0.825461,-0.608984]",0,"[]","[]","[]","[]","[]","[]","[]","[]","[]","[]",1,"[310205]","[0.715756]","[-1.94666]","[393130]","[3280.63]","[0]","[0]","[-1]",0,"[]","[]","[]","[]","[]","[]","[]","[]","[]","[]",0,"[1981.41]",5860.31,"[2382.53,4755.89]","[]","[3719.28]","[]"
479,284500,5199088,364173,1,618.688,5.35969e+06,0.696077,0.98089,1,1,1,0.99882,0.99866,1,1,0,0,1,"[1]","[1]","[302578]","[-0.955028]","[1.49652]","[451377]","[-0.0670571]","[1]","[11]","[1]","[0]","[-811.871]","[-0.0217568]","[2.29535]",189055,-1.72523,1,"[123750]","[-0.310589]","[-1.51489]","[130469]","[1]","[0]","[0]","[-0.831355]",0,"[]","[]","[]","[]","[]","[]","[]","[]","[]","[]",1,"[322870]","[-0.961402]","[1.49684]","[483955]","[4221.23]","[0]","[16.7718]","[0.245028]",0,"[]","[]","[]","[]","[]","[]","[]","[]","[]","[]",0,"[3615.96]",1319.33,"[2586.06]","[]","[24198.4]","[]"
480,284500,8998750,364173,1,618.688,5.35969e+06,0.75088,0.96392,1,1,1,0.995555,1.01012,1,1,0,0,1,"[1]","[1]","[259972]","[1.95104]","[1.85003]","[933056]","[0.0960007]","[-1]","[11]","[1]","[0]","[736.179]","[0.036117]","[2.84361]",282519,-0.953905,5,"[54361.2,50348.9,34408,34000.6,21783.4]","[0.78691,1.01206,1.71434,-1.193,2.13122]","[-3.03715,2.64935,-0.549972,-2.71409,-0.291127]","[72621.6,78827.7,98772,61504.4,93134.1]","[0.99042,0.974142,0.994204,0.993541,0.999578]","[0,0,0,0,0]","[0,0,0,0,0]","[-0.932284,-0.877449,-0.898797,-0.619597,0.110747]",0,"[]","[]","[]","[]","[]","[]","[]","[]","[]","[]",1,"[279426]","[1.95793]","[1.85031]","[1.00954e+06]","[2426.28]","[0]","[14.4846]","[-1]",0,"[]","[]","[]","[]","[]","[]","[]","[]","[]","[]",0,"[2520.94]",19044.3,"[6307.63,5516.89,5884,3844.22,1574.92]","[]","[14750]","[]"
481,284500,5600825,364173,-1,618.688,5.35969e+06,0.738662,0.98089,1,1,1,0.997799,0.99866,1,1,0,0,1,"[1]","[1]","[255404]","[-0.774259]","[1.64036]","[335860]","[-0.00947571]","[1]","[11]","[1]","[0]","[4049]","[-0.0137061]","[1.2759]",235739,-1.37276,2,"[55311,22066.4]","[-1.00799,-2.45057]","[-1.92646,-0.177661]","[86259,128994]","[0.986153,0]","[0,0]","[0,0]","[-0.720014,-0.774505]",0,"[]","[]","[]","[]","[]","[]","[]","[]","[]","[]",1,"[266218]","[-0.817788]","[1.63692]","[360321]","[2585.83]","[0]","[0]","[-1]",0,"[]","[]","[]","[]","[]","[]","[]","[]","[]","[]",0,"[3046.16]",15427,"[4741.78,2571.54]","[]","[0]","[]"
482,284500,8945630,364173,1.52311,618.688,5.35969e+06,0,1.00588,1,1,1,0.998121,1.00306,1,1,0,0,1,"[1]","[1]","[251389]","[0.780252]","[-0.75831]","[331873]","[0.0274963]","[1]","[11]","[1]","[0]","[58.6885]","[-0.00341703]","[0.417004]",230920,2.09973,2,"[44217.3,24322.1]","[1.92941,-1.07041]","[3.11592,-2.42219]","[155559,40038.2]","[0.990339,0.990475]","[0,0]","[0,0]","[-0.0944628,-0.861706]",0,"[]","[]","[]","[]","[]","[]","[]","[]","[]","[]",1,"[255579]","[0.845454]","[-0.759341]","[352501]","[2231.98]","[0]","[4.36143]","[-1]",0,"[]","[]","[]","[]","[]","[]","[]","[]","[]","[]",0,"[2634.19]",274.875,"[2361.06,1832.07]","[]","[4110.06]","[]"
483,284500,7294423,364173,1.33847,618.688,5.35969e+06,1.32095,0.98697,1,1,1,0.997366,1.00582,1,1,0,0,1,"[1]","[1]","[327341]","[-0.359353]","[0.492986]","[348705]","[0.019104]","[-1]","[11]","[1]","[0]","[1140.75]","[0.0290505]","[2.78198]",290312,-2.45502,3,"[63285.2,33126.1,27017.4]","[0.0615257,2.0686,1.03748]","[2.36525,-0.712845,2.47665]","[63472.3,133303,43295.6]","[0.99,0.9913,0.792734]","[0,0,0]","[0,0,0]","[-0.929678,-0.885662,-0.860614]",0,"[]","[]","[]","[]","[]","[]","[]","[]","[]","[]",1,"[334961]","[-0.366819]","[0.497439]","[357759]","[2546.87]","[0]","[18.734]","[-1]",0,"[]","[]","[]","[]","[]","[]","[]","[]","[]","[]",0,"[2148.97]",22836.9,"[2494.43,2469.92,4582.6]","[]","[11046.3]","[]"
484,284500,7306197,364173,1,618.688,5.35969e+06,1.1961,0.98697,1,1,1,0.999367,1.00582,1,1,0,0,1,"[1]","[1]","[240819]","[-0.222262]","[1.87035]","[246792]","[-0.0477371]","[1]","[11]","[1]","[0]","[-1241.67]","[0.0101124]","[1.74311]",157948,-1.05841,1,"[87312.2]","[-0.701449]","[-1.95475]","[110731]","[0.999115]","[0]","[0]","[-0.960613]",0,"[]","[]","[]","[]","[]","[]","[]","[]","[]","[]",1,"[273404]","[-0.314681]","[1.86002]","[289238]","[35489.5]","[0]","[0.378666]","[0.345394]",0,"[]","[]","[]","[]","[]","[]","[]","[]","[]","[]",0,"[2667.39]",725.594,"[3142.76]","[]","[7807.5]","[]"
485,284500,4098959,364173,2.0094,618.688,5.35969e+06,1.22586,0.96203,1,1,1,0.999494,1.01508,1,1,0,0,1,"[1]","[1]","[214245]","[-1.60829]","[0.346941]","[556446]","[0.0513687]","[-1]","[11]","[1]","[0]","[-316.825]","[0.00478556]","[0.522856]",166553,-2.40213,1,"[85676.9]","[1.2537]","[2.81439]","[162522]","[0.990069]","[0]","[0]","[-0.895003]",0,"[]","[]","[]","[]","[]","[]","[]","[]","[]","[]",1,"[255299]","[-1.61683]","[0.413982]","[669076]","[31658.3]","[0]","[1.37947]","[0.556422]",0,"[]","[]","[]","[]","[]","[]","[]","[]","[]","[]",0,"[4618.1]",61.875,"[2276.06]","[]","[3782.52]","[]"
486,284500,9729686,364173,-1,618.688,5.35969e+06,0.923924,1.00588,1,1,1,0.997721,1.00306,1,1,0,0,1,"[1]","[1]","[298829]","[1.12667]","[-0.922543]","[509426]","[-0.0998421]","[1]","[11]","[1]","[0]","[-620.956]","[0.00815055]","[1.50978]",196850,2.20957,2,"[70405.1,26008.1]","[-0.611722,-1.54462]","[2.53792,1.70999]","[84845.1,63992]","[0.999624,0.774405]","[0,0]","[0,0]","[-0.838897,-0.243156]",0,"[]","[]","[]","[]","[]","[]","[]","[]","[]","[]",1,"[313719]","[1.12096]","[-0.927549]","[532344]","[-0.00552427]","[0]","[0]","[-1]",0,"[]","[]","[]","[]","[]","[]","[]","[]","[]","[]",0,"[3768.66]",2169.06,"[2029.04,3673.18]","[]","[12121.9]","[]"
487,284500,11754446,364173,1.29193,618.688,5.35969e+06,1.32095,0.97994,1,1,1,0.997956,1.00632,1,1,0,0,1,"[1]","[1]","[287951]","[0.237179]","[0.925074]","[296088]","[-0.0203323]","[1]","[11]","[1]","[0]","[-1749.15]","[-0.0149332]","[2.74167]",207190,-1.92904,3,"[48338.1,46764,27706.6]","[1.88603,1.09518,1.12043]","[2.90884,-2.688,-1.99369]","[163182,78159.8,47209.8]","[0.993663,0.912269,0.989047]","[0,0,0]","[0,0,0]","[-0.214197,-0.933918,-0.809693]",0,"[]","[]","[]","[]","[]","[]","[]","[]","[]","[]",1,"[295034]","[0.218896]","[0.925716]","[302131]","[-0.00195312]","[0]","[0]","[-1]",0,"[]","[]","[]","[]","[]","[]","[]","[]","[]","[]",0,"[1988.7]",15180.4,"[2681.01,3542.77,1772.37]","[]","[20674.5]","[]"
488,284500,14886009,364173,1,618.688,5.35969e+06,1.26459,0.98697,1,1,1,0.999269,1.00582,1,1,0,0,1,"[1]","[1]","[253444]","[-0.0830221]","[-3.04275]","[254317]","[-0.0234375]","[1]","[11]","[1]","[0]","[-1352.13]","[-0.0592707]","[3.66526]",214444,-0.262591,1,"[27711.4]","[0.361426]","[1.79487]","[29756.4]","[0.822288]","[0]","[0]","[-0.878022]",0,"[]","[]","[]","[]","[]","[]","[]","[]","[]","[]",1,"[256642]","[-0.139348]","[-3.04794]","[259138]","[0.00262947]","[0]","[0]","[-1]",0,"[]","[]","[]","[]","[]","[]","[]","[]","[]","[]",0,"[1395.36]",853.656,"[1802.75]","[]","[5918.84]","[]"
489,284500,4039216,364173,1,618.688,5.35969e+06,1.26459,0.99242,1,1,1,0.998902,0.99765,1,1,0,0,1,"[1]","[1]","[169547]","[0.613162]","[-0.401667]","[202430]","[-0.0446835]","[-1]","[11]","[1]","[0]","[424.796]","[0.0212159]","[3.11426]",201772,2.62607,2,"[64663.1,22186.2]","[0.49382,0.899635]","[-0.882762,3.06992]","[73024.4,32038]","[0.993903,0.967903]","[0,0]","[0,0]","[-0.86906,-0.729099]",0,"[]","[]","[]","[]","[]","[]","[]","[]","[]","[]",1,"[250927]","[0.615935]","[-0.534477]","[304225]","[50238.8]","[0]","[0.691013]","[0.61857]",0,"[]","[]","[]","[]","[]","[]","[]","[]","[]","[]",0,"[2348.47]",5633.98,"[7540.69,2085.29]","[]","[754.609]","[]"
490,284500,1037882,364173,1,618.688,5.35969e+06,0.738662,0.97994,1,1,1,0.997869,1.00632,1,1,0,0,1,"[1]","[1]","[239545]","[0.434506]","[1.1928]","[262516]","[-0.0591354]","[1]","[11]","[1]","[1507.79]","[1421.25]","[-0.0193016]","[2.61585]",134275,-1.95582,2,"[77310.5,28962.7]","[1.0045,-1.8104]","[-2.12135,-1.43808]","[120406,90946.2]","[0.966654,0.980122]","[0,0]","[0,0]","[-0.891982,-0.324141]",0,"[]","[]","[]","[]","[]","[]","[]","[]","[]","[]",1,"[258278]","[0.397764]","[1.19402]","[279070]","[7065.45]","[0]","[29.2179]","[0.506489]",0,"[]","[]","[]","[]","[]","[]","[]","[]","[]","[]",0,"[1219.56]",17604.8,"[2275.53,2324.59]","[]","[12859.8]","[]"
491,284500,12318840,364173,1,618.688,5.35969e+06,1.55465,0.97994,1,1,1,0.998197,1.00632,1,1,0,0,1,"[1]","[1]","[433326]","[0.402795]","[-2.57746]","[468956]","[0.0038414]","[1]","[11]","[1]","[0]","[-1417.42]","[0.0205486]","[4.30036]",400325,0.60787,1,"[28014.3]","[1.7758]","[0.522814]","[85237.7]","[0.999139]","[0]","[0]","[-0.858592]",0,"[]","[]","[]","[]","[]","[]","[]","[]","[]","[]",1,"[443714]","[0.433877]","[-2.57909]","[486137]","[0.00730792]","[0]","[0]","[-1]",0,"[]","[]","[]","[]","[]","[]","[]","[]","[]","[]",0,"[2682.2]",3944.5,"[6343.63]","[]","[13995.7]","[]"
492,284500,173123,364173,1,618.688,5.35969e+06,1.32095,0.97996,1,1,1,0.997868,1.01265,1,1,0,0,1,"[0]","[1]","[244437]","[1.62504]","[2.14445]","[644765]","[-0.02808]","[-1]","[11]","[1]","[0]","[325.01]","[0.0484696]","[1.58467]",222328,-0.654929,2,"[76089.4,23998.9]","[1.26496,1.29879]","[-1.77214,3.00602]","[145708,47500.3]","[1,0.972041]","[0,0]","[0,0]","[-0.941656,-0.693846]",0,"[]","[]","[]","[]","[]","[]","[]","[]","[]","[]",1,"[262919]","[1.64385]","[2.13744]","[705710]","[0]","[0]","[0]","[-1]",0,"[]","[]","[]","[]","[]","[]","[]","[]","[]","[]",0,"[4796.91]",956.109,"[2278.4,2015.6]","[]","[10813.1]","[]"
493,284500,2705608,364173,-1,618.688,5.35969e+06,0,0.97095,1,1,1,1.08449,0.99593,1,1,0,0,1,"[1]","[1]","[35955.2]","[-0.461006]","[-2.16473]","[39844.1]","[-34.8761]","[-1]","[11]","[1]","[0]","[1885.19]","[0.0426004]","[4.61203]",46137.6,1.37413,7,"[265274,215085,109397,71409.3,62932,32469.3,29072.4]","[-1.1475,-1.64258,-0.950717,0.752754,1.54757,0.619228,1.08018]","[2.50369,-1.23777,-0.208938,0.0664105,0.560955,-1.45264,1.95734]","[460566,576880,163694,93350.8,154884,39604.4,48111.4]","[0.977486,0.93317,0.993565,0.998123,0.115155,0.9243,0.997433]","[0,0,0,0,0,0,0]","[0,0,0,0,0,0,0]","[0.892606,-0.624476,-0.86886,-0.663864,-0.951708,-0.817009,-0.911786]",0,"[]","[]","[]","[]","[]","[]","[]","[]","[]","[]",2,"[284134,253758]","[-1.14205,-1.56546]","[2.49571,-1.24264]","[491531,639514]","[32345.9,86629.1]","[0,0]","[3.07317,2.10365]","[0.661963,0.340996]",0,"[]","[]","[]","[]","[]","[]","[]","[]","[]","[]",0,"[41.8415]",57297.2,"[5057.68,4055.07,4223.56,4239.53,30800.3,11546.7,2184.84]","[]","[366.156,1064.64]","[]"
494,284500,5581599,364173,1,618.688,5.35969e+06,1.26459,0.96727,1,1,1,0.996866,0.99061,1,1,0,0,1,"[1]","[1]","[56057.2]","[-1.96413]","[1.27941]","[203740]","[62.656]","[1]","[11]","[1]","[0]","[4490.44]","[-0.0248058]","[2.22554]",86978.8,-1.82101,3,"[478847,282144,174873]","[-1.19378,1.36606,-1.88018]","[1.20701,-2.2008,-1.5226]","[863275,590568,586668]","[0.995056,0.971079,0.993025]","[0,0,0]","[0,0,0]","[-0.93828,-0.721482,-0.764793]",0,"[]","[]","[]","[]","[]","[]","[]","[]","[]","[]",2,"[540661,285155]","[-1.34849,1.35037]","[1.20475,-2.21341]","[1.12034e+06,588092]","[141341,33583.1]","[0,0]","[1.44619,1.60173]","[0.385152,0.825488]",0,"[]","[]","[]","[]","[]","[]","[]","[]","[]","[]",0,"[1026.67]",3625.82,"[8847.45,4365.5,3148.44]","[]","[10395.5,21222.6]","[]"
495,284500,8505899,364173,0.855996,618.688,5.35969e+06,1.08735,0.97994,1,1,1,0.999663,1.00632,1,1,0,0,1,"[1]","[1]","[380004]","[0.250667]","[2.63152]","[392005]","[-0.0570107]","[1]","[11]","[1]","[0]","[-652.819]","[0.0168249]","[2.74924]",310427,-0.548033,1,"[44983.1]","[-1.0269]","[0.444719]","[71404.4]","[1]","[0]","[0]","[-0.833166]",0,"[]","[]","[]","[]","[]","[]","[]","[]","[]","[]",1,"[387666]","[0.220449]","[2.62645]","[397124]","[-0.00447517]","[0]","[0]","[-1]",0,"[]","[]","[]","[]","[]","[]","[]","[]","[]","[]",0,"[3887.72]",16843.7,"[3572.82]","[]","[20948.1]","[]"
496,284500,9079104,364173,1,618.688,5.35969e+06,1.21412,0.97867,1,1,1,0.998559,1.01012,1,1,0,0,1,"[1]","[1]","[90296.1]","[2.01646]","[2.42466]","[345147]","[-0.109028]","[1]","[11]","[1]","[1441.02]","[1013.31]","[-0.0360432]","[1.91406]",53935.2,2.18463,2,"[197895,73100.5]","[2.043,1.36085]","[-0.682442,-0.938089]","[776220,152193]","[0.952902,0.992124]","[0,0]","[0,0]","[-0.860568,-0.842764]",0,"[]","[]","[]","[]","[]","[]","[]","[]","[]","[]",1,"[250895]","[1.9143]","[-0.746673]","[875153]","[101026]","[0]","[0.975818]","[0.711176]",0,"[]","[]","[]","[]","[]","[]","[]","[]","[]","[]",0,"[1641.41]",14468,"[4109.19,5150.86]","[]","[28076]","[]"
497,284500,451933,364173,-1,618.688,5.35969e+06,0.738662,0.96538,1,1,1,0.998955,0.99741,1,1,0,0,1,"[1]","[1]","[48665.5]","[1.61183]","[-2.1584]","[126810]","[-41.3758]","[-1]","[11]","[1]","[0]","[2442.19]","[0.0221139]","[0.800394]",58565.6,1.36204,2,"[318475,269944]","[-0.599223,-1.59888]","[-0.484195,2.73447]","[379543,696412]","[0.99812,0.99226]","[0,0]","[0,0]","[-0.533218,-0.857731]",0,"[]","[]","[]","[]","[]","[]","[]","[]","[]","[]",2,"[330294,264195]","[-0.564684,-1.57711]","[-0.487618,2.74286]","[386694,668304]","[42346.8,45304.6]","[0,0]","[1.55614,1.53188]","[0.743495,0.765398]",0,"[]","[]","[]","[]","[]","[]","[]","[]","[]","[]",0,"[208.307]",580.211,"[5486.16,3719.5]","[]","[8551.38,585.781]","[]"
498,284500,11763621,364173,-1,618.688,5.35969e+06,0,1.01378,1,1,1,0.999312,1.00936,1,1,0,0,1,"[1]","[1]","[244992]","[0.0980094]","[2.45277]","[246170]","[0.0668857]","[1]","[11]","[1]","[0]","[1358.15]","[-0.0119466]","[0.724886]",146071,-0.752492,1,"[78894.6]","[-1.87814]","[-0.735188]","[264210]","[0.999482]","[0]","[0]","[-0.51]",0,"[]","[]","[]","[]","[]","[]","[]","[]","[]","[]",1,"[265686]","[0.0988499]","[2.44508]","[266991]","[1816.28]","[0]","[69.3704]","[-1]",0,"[]","[]","[]","[]","[]","[]","[]","[]","[]","[]",0,"[3569.4]",3402.81,"[4025.2]","[]","[3778.09]","[]"
499,284500,14853974,364173,1,618.688,5.35969e+06,0.696077,0.97994,1,1,1,0.997492,1.00632,1,1,0,0,1,"[1]","[1]","[273358]","[0.263546]","[0.0199536]","[282906]","[0.101845]","[1]","[11]","[1]","[0]","[-48.0372]","[0.0119125]","[1.07678]",370335,-2.96819,2,"[92486.8,20530.5]","[1.57057,2.4452]","[0.234725,1.56898]","[232370,119356]","[0.999532,0.181462]","[0,0]","[0,0]","[-0.969497,-0.652977]",0,"[]","[]","[]","[]","[]","[]","[]","[]","[]","[]",1,"[288055]","[0.239954]","[0.0242419]","[296409]","[3553.05]","[0]","[26.7902]","[0.25468]",0,"[]","[]","[]","[]","[]","[]","[]","[]","[]","[]",0,"[1598.99]",3421.97,"[6582.64,1159.72]","[]","[24403.2]","[]"
500,284500,4436082,364173,1.88352,618.688,5.35969e+06,1.21412,0.96972,1,1,1,0.999556,0.99544,1,1,0,0,1,"[1]","[1]","[296214]","[1.22062]","[-0.380494]","[545676]","[-0.0398254]","[1]","[11]","[1]","[0]","[458.686]","[0.0148344]","[1.81107]",298944,2.4692,1,"[76928.8]","[0.881596]","[-2.02807]","[109378]","[0.999191]","[0]","[0]","[-0.768441]",0,"[]","[]","[]","[]","[]","[]","[]","[]","[]","[]",1,"[324444]","[1.21996]","[-0.374856]","[597349]","[0]","[0]","[0]","[-1]",0,"[]","[]","[]","[]","[]","[]","[]","[]","[]","[]",0,"[3662.26]",1503.78,"[7747.12]","[]","[11413.3]","[]"
501,284500,10639287,364173,1,618.688,5.35969e+06,0.923924,0.97996,1,1,1,0.999653,1.01265,1,1,0,0,1,"[1]","[1]","[213618]","[1.53712]","[1.57509]","[519753]","[0.152229]","[1]","[11]","[1]","[0]","[1724.63]","[-0.0127294]","[1.40366]",223740,-1.35464,1,"[64598.4]","[-0.919672]","[-3.07883]","[94370.8]","[0.998495]","[0]","[0]","[-0.790474]",0,"[]","[]","[]","[]","[]","[]","[]","[]","[]","[]",1,"[253928]","[1.53524]","[1.58272]","[616798]","[6014.34]","[0]","[4.26575]","[0.222294]",0,"[]","[]","[]","[]","[]","[]","[]","[]","[]","[]",0,"[3621.44]",469.172,"[2844.06]","[]","[12628.6]","[]"
502,284500,14577984,364173,-1,618.688,5.35969e+06,1.32095,0.96392,1,1,1,0.998661,1.01012,1,1,0,0,1,"[1]","[1]","[256696]","[1.99743]","[-0.520333]","[963354]","[-0.0202866]","[-1]","[11]","[1]","[0]","[281.245]","[0.0269742]","[3.06077]",129801,2.27783,1,"[143667]","[0.645239]","[2.84485]","[175161]","[0.995475]","[0]","[0]","[-0.606936]",0,"[]","[]","[]","[]","[]","[]","[]","[]","[]","[]",1,"[274769]","[1.99162]","[-0.520529]","[1.02542e+06]","[-0.015625]","[0]","[0]","[-1]",0,"[]","[]","[]","[]","[]","[]","[]","[]","[]","[]",0,"[2772.26]",4460.77,"[5694.54]","[]","[7330.69]","[]"
503,284500,9863251,364173,1,618.688,5.35969e+06,1.1961,0.97332,1,1,1,0.996156,1,1,1,0,0,1,"[1]","[1]","[66079.7]","[-0.948625]","[-2.5525]","[98109.5]","[-18.1837]","[-1]","[11]","[0]","[0]","[258.163]","[-0.00919097]","[0.329751]",47804.8,1.93257,4,"[267673,141100,77157.8,30639.2]","[1.08883,2.1517,-1.43503,2.49443]","[2.7289,-0.344161,0.211874,-0.593844]","[443778,615349,171496,186921]","[1,0.998772,0,0.984505]","[0,0,0,0]","[0,0,0,0]","[-0.794971,-0.88376,-0.618446,-0.79288]",0,"[]","[]","[]","[]","[]","[]","[]","[]","[]","[]",1,"[296710]","[1.09502]","[2.73289]","[494326]","[34804.6]","[0]","[2.11878]","[0.810906]",0,"[]","[]","[]","[]","[]","[]","[]","[]","[]","[]",0,"[122.307]",5300.96,"[4157.91,7453.22,5158.82,4893.48]","[]","[4742.28]","[]"
504,284500,13800487,364173,-1,618.688,5.35969e+06,1.32095,0.96126,1,1,1,0.998764,0.96978,1,1,0,0,1,"[1]","[1]","[29106.7]","[0.337349]","[-2.31376]","[30778.7]","[-0.0363312]","[1]","[11]","[1]","[1651.85]","[-15.727]","[0.0310577]","[1.4153]",39526,-0.429553,3,"[317170,314937,38342.7]","[-0.0478548,2.31794,-0.854291]","[1.2213,-1.90942,2.25165]","[318128,1.61473e+06,53369.6]","[0.995442,0.992422,1]","[0,0,0]","[0,0,0]","[-0.56615,-0.960339,-0.738617]",0,"[]","[]","[]","[]","[]","[]","[]","[]","[]","[]",1,"[320888]","[-0.0361782]","[1.218]","[321211]","[8538.19]","[0]","[1.78161]","[0.411272]",0,"[]","[]","[]","[]","[]","[]","[]","[]","[]","[]",0,"[40.8637]",4043.5,"[7864.65,6398.68,4303.73]","[]","[4778.38]","[]"
505,284500,11412130,364173,1,618.688,5.35969e+06,1.26205,0.97826,1,1,1,0.998274,1.00493,1,1,0,0,1,"[1]","[1]","[97097.1]","[-1.35344]","[-2.16938]","[200460]","[0.012351]","[-1]","[11]","[1]","[0]","[2427.56]","[-0.00242488]","[0.182292]",36086.4,2.3086,2,"[134560,92198.4]","[-0.790469,-1.24444]","[0.846069,0.689264]","[179411,173836]","[0.196973,0.998052]","[0,0]","[0,0]","[-0.737381,-0.965623]",0,"[]","[]","[]","[]","[]","[]","[]","[]","[]","[]",1,"[263765]","[-1.2881]","[-2.26263]","[514992]","[20989.5]","[0]","[0.558764]","[0.50222]",0,"[]","[]","[]","[]","[]","[]","[]","[]","[]","[]",0,"[1278.13]",1016.29,"[5173.27,4103.27]","[]","[14303.6]","[]"
506,284500,6320706,364173,-1,618.688,5.35969e+06,0.619412,0.96203,1,1,1,0.998976,1.01508,1,1,0,0,1,"[1]","[1]","[355095]","[-1.66859]","[-0.602065]","[975305]","[0.0163794]","[1]","[11]","[1]","[0]","[1526.7]","[-0.0145929]","[1.49927]",249436,2.39486,2,"[92182.5,35050.2]","[-1.36967,-0.053625]","[3.10245,2.41414]","[193557,35850.3]","[0.990998,0.997719]","[0,0]","[0,0]","[-0.95501,-0.839821]",0,"[]","[]","[]","[]","[]","[]","[]","[]","[]","[]",1,"[374982]","[-1.67752]","[-0.61466]","[1.03854e+06]","[2186.77]","[0]","[0]","[-1]",0,"[]","[]","[]","[]","[]","[]","[]","[]","[]","[]",0,"[8336.42]",3494.5,"[6516.63,2193.74]","[]","[55408.5]","[]"
507,284500,10640650,364173,-1,618.688,5.35969e+06,1.1961,0.97994,1,1,1,0.999557,1.00632,1,1,0,0,1,"[1]","[1]","[273272]","[0.468875]","[-2.5031]","[303865]","[-0.0768604]","[-1]","[11]","[1]","[10399.1]","[16544.9]","[0.00687764]","[0.745663]",355201,0.757523,1,"[70053.5]","[0.160842]","[-1.88659]","[71481]","[0.993282]","[0]","[0]","[-0.940377]",0,"[]","[]","[]","[]","[]","[]","[]","[]","[]","[]",1,"[379413]","[0.411443]","[-2.39176]","[424336]","[101641]","[0]","[0.946415]","[0.665675]",0,"[]","[]","[]","[]","[]","[]","[]","[]","[]","[]",0,"[2242.58]",1514.88,"[2394.46]","[]","[5330.81]","[]"
508,284500,13933782,364173,-1,618.688,5.35969e+06,1.26205,0.99242,1,1,1,0.99905,0.99765,1,1,0,0,1,"[1]","[1]","[248766]","[0.674366]","[-2.79457]","[307508]","[-0.0415802]","[1]","[11]","[1]","[0]","[2375.6]","[0.00285962]","[0.488971]",144554,0.594657,1,"[107643]","[-0.707051]","[0.0945733]","[136252]","[0.996893]","[0]","[0]","[-0.596587]",0,"[]","[]","[]","[]","[]","[]","[]","[]","[]","[]",1,"[273099]","[0.64091]","[-2.79249]","[331180]","[5427.9]","[0]","[5.46461]","[0.057407]",0,"[]","[]","[]","[]","[]","[]","[]","[]","[]","[]",0,"[1906.45]",6313.06,"[7532.12]","[]","[19363.6]","[]"
509,284500,9803114,364173,1,618.688,5.35969e+06,0.738662,0.98697,1,1,1,0.999092,1.00582,1,1,0,0,1,"[1]","[1]","[271864]","[-0.422475]","[-0.892195]","[296488]","[0.113461]","[-1]","[11]","[1]","[0]","[-587.472]","[0.00752415]","[1.14995]",181829,2.66156,1,"[103034]","[0.397343]","[1.71631]","[112098]","[1]","[0]","[0]","[-0.804537]",0,"[]","[]","[]","[]","[]","[]","[]","[]","[]","[]",1,"[281174]","[-0.459221]","[-0.89267]","[311346]","[0.00195312]","[0]","[0]","[-1]",0,"[]","[]","[]","[]","[]","[]","[]","[]","[]","[]",0,"[3408.75]",15140.1,"[2658.13]","[]","[23808.7]","[]"
510,284500,607256,364173,1,618.688,5.35969e+06,1.08735,0.97994,1,1,1,0.99904,1.00632,1,1,0,0,1,"[1]","[1]","[237284]","[0.391029]","[-0.352362]","[255657]","[0.0518932]","[-1]","[11]","[1]","[0]","[1135.81]","[-0.00813989]","[1.37659]",191470,-3.07668,1,"[106091]","[0.0696482]","[1.90011]","[107670]","[0.975754]","[0]","[0]","[-0.844441]",0,"[]","[]","[]","[]","[]","[]","[]","[]","[]","[]",1,"[255592]","[0.408615]","[-0.348241]","[277244]","[2901.26]","[0]","[0]","[-1]",0,"[]","[]","[]","[]","[]","[]","[]","[]","[]","[]",0,"[1324.58]",186.375,"[2048.38]","[]","[0]","[]"
