event,runNumber,eventNumber,channelNumber,mcWeight,XSection,SumWeights,scaleFactor_PILEUP,scaleFactor_ELE,scaleFactor_MUON,scaleFactor_PHOTON,scaleFactor_TAU,scaleFactor_BTAG,scaleFactor_LepTRIGGER,scaleFactor_PhotonTRIGGER,trigE,trigM,trigP,lep_n,lep_truthMatched,lep_trigMatched,lep_pt,lep_eta,lep_phi,lep_E,lep_z0,lep_charge,lep_type,lep_isTightID,lep_ptcone30,lep_etcone20,lep_trackd0pvunbiased,lep_tracksigd0pvunbiased,met_et,met_phi,jet_n,jet_pt,jet_eta,jet_phi,jet_E,jet_jvt,jet_trueflav,jet_truthMatched,jet_MV2c10,photon_n,photon_truthMatched,photon_trigMatched,photon_pt,photon_eta,photon_phi,photon_E,photon_isTightID,photon_ptcone30,photon_etcone20,photon_convType,largeRjet_n,largeRjet_pt,largeRjet_eta,largeRjet_phi,largeRjet_E,largeRjet_m,largeRjet_truthMatched,largeRjet_D2,largeRjet_tau32,tau_n,tau_pt,tau_eta,tau_phi,tau_E,tau_charge,tau_isTightID,tau_truthMatched,tau_trigMatched,tau_nTracks,tau_BDTid,ditau_m,lep_pt_syst,met_et_syst,jet_pt_syst,photon_pt_syst,largeRjet_pt_syst,tau_pt_syst
0,284500,12970921,364172,-1,832.204,1.04079e+07,0.738662,0.98428,1,1,1,1,1.00121,1,1,0,0,1,"[1]","[1]","[261776]","[-1.89654]","[2.0894]","[891724]","[0.0920258]","[1]","[11]","[1]","[0]","[918.069]","[-0.01202]","[0.936193]",243102,-1.13799,0,"[]","[]","[]","[]","[]","[]","[]","[]",0,"[]","[]","[]","[]","[]","[]","[]","[]","[]","[]",1,"[295744]","[-1.96827]","[2.15539]","[1.08099e+06]","[62854.1]","[0]","[0.899379]","[0.58235]",0,"[]","[]","[]","[]","[]","[]","[]","[]","[]","[]",0,"[2418.36]",537.188,"[]","[]","[5550.91]","[]"
1,284500,6179193,364172,-1,832.204,1.04079e+07,0.351687,0.97014,1,1,1,0.995666,0.96677,1,1,0,0,2,"[1,0]","[1,0]","[53777.5,8135]","[0.607988,-2.16346]","[1.00623,0.179952]","[64026.8,35859.5]","[-0.0695686,-39.4573]","[1,1]","[11,11]","[1,0]","[0,0]","[1361.67,67.381]","[-0.0101795,-0.321891]","[1.33797,9.69824]",32947.8,-0.82799,5,"[174883,154120,151855,120840,44151.2]","[1.65004,0.85807,-2.05647,-1.30718,0.878279]","[2.47439,2.04195,-0.48487,-1.19424,-2.63484]","[472524,215949,603732,240179,62936.7]","[0,0.014093,0.00232773,0,0.994844]","[0,0,0,0,0]","[0,0,0,0,0]","[-0.801863,-0.989476,-0.785414,-0.735672,-0.792957]",0,"[]","[]","[]","[]","[]","[]","[]","[]","[]","[]",1,"[328069]","[1.37547]","[2.27344]","[705246]","[143329]","[0]","[0.786608]","[0.682908]",0,"[]","[]","[]","[]","[]","[]","[]","[]","[]","[]",0,"[177.3,132.526]",16847.3,"[4296.82,2776.16,10007.6,12195.5,4957.07]","[]","[22127.7]","[]"
2,284500,5552230,364172,1.7862,832.204,1.04079e+07,1.25133,0.98089,1,1,1,0.998608,0.99866,1,1,0,0,1,"[0]","[1]","[212549]","[-1.07882]","[1.25299]","[348708]","[-0.00673008]","[-1]","[11]","[1]","[0]","[3548.73]","[0.045937]","[4.65702]",240011,-1.7815,2,"[31466.8,21882.1]","[0.929851,-0.349426]","[2.82035,1.11397]","[46487.9,23748.7]","[0.987343,0.98492]","[0,0]","[0,0]","[-0.894097,-0.820466]",0,"[]","[]","[]","[]","[]","[]","[]","[]","[]","[]",1,"[260217]","[-1.07789]","[1.24659]","[426620]","[4112.73]","[0]","[4.21232]","[0.0711448]",0,"[]","[]","[]","[]","[]","[]","[]","[]","[]","[]",0,"[3153.1]",14342.5,"[5017.72,1635.54]","[]","[14492]","[]"
3,284500,10376340,364172,1,832.204,1.04079e+07,1.22586,0.95055,1,1,1,0.974714,0.97731,1,1,0,0,1,"[1]","[1]","[27545.6]","[0.837037]","[3.09682]","[37771.9]","[0.0193977]","[1]","[11]","[1]","[0]","[-413.261]","[-0.022077]","[1.93318]",28568.5,-0.328213,2,"[415347,406602]","[-0.233504,0.761529]","[2.3753,-0.763059]","[427874,531022]","[0.995373,0.99]","[4,5]","[0,0]","[0.621885,-0.631506]",0,"[]","[]","[]","[]","[]","[]","[]","[]","[]","[]",2,"[413992,407610]","[0.782585,-0.205912]","[-0.763743,2.37528]","[547743,417070]","[20259.8,25628.2]","[0,0]","[2.03143,1.53905]","[0.534986,0.102227]",0,"[]","[]","[]","[]","[]","[]","[]","[]","[]","[]",0,"[269.403]",8099.06,"[6664.35,4914.17]","[]","[25068,32393.9]","[]"
4,284500,11667121,364172,1,832.204,1.04079e+07,1.26205,0.96654,1,1,1,0.996197,0.99197,1,1,0,0,1,"[1]","[1]","[31914.7]","[-0.191877]","[-2.04865]","[32504.1]","[123.458]","[1]","[11]","[1]","[0]","[-459.339]","[0.00590011]","[0.661782]",76434.7,-2.60713,5,"[262419,144424,112034,87384.3,40668.7]","[0.656471,-0.86345,0.412615,-0.173459,-0.270947]","[-0.592497,2.14585,-2.371,2.13739,1.42394]","[322027,202946,122951,89956.8,42920.6]","[0.993341,0.996976,0.975468,1,0.987976]","[0,0,0,0,0]","[0,0,0,0,0]","[-0.831228,-0.582178,-0.256159,-0.533904,-0.703157]",0,"[]","[]","[]","[]","[]","[]","[]","[]","[]","[]",1,"[274321]","[0.625017]","[-0.595174]","[330791]","[27220.6]","[0]","[1.65996]","[0.596719]",0,"[]","[]","[]","[]","[]","[]","[]","[]","[]","[]",0,"[52.5265]",2654.7,"[3570.22,4978.43,3113.7,2936.81,5761.79]","[]","[1701.91]","[]"
5,284500,8144311,364172,1,832.204,1.04079e+07,0.696077,0.96819,1,1,1,0.998087,0.95922,1,1,0,0,1,"[1]","[1]","[45902.3]","[-1.08636]","[-1.23934]","[75759.9]","[-74.0969]","[-1]","[11]","[1]","[0]","[-589.802]","[-0.0144357]","[1.49656]",66880.9,1.87232,4,"[358838,280413,43579.1,24347.6]","[-0.819447,0.0844485,0.907172,0.470668]","[-1.55235,1.57762,1.48611,1.86488]","[486588,283140,63056.8,27365.1]","[0.993323,0.998494,0.982723,0.937567]","[0,0,0,0]","[0,0,0,0]","[-0.947855,-0.90407,-0.92419,-0.92885]",0,"[]","[]","[]","[]","[]","[]","[]","[]","[]","[]",2,"[407247,318112]","[-0.841517,0.232297]","[-1.5134,1.56812]","[562683,341081]","[53269.3,97882.1]","[0,0]","[1.57008,1.83716]","[0.645085,0.776838]",0,"[]","[]","[]","[]","[]","[]","[]","[]","[]","[]",0,"[132.604]",7656.38,"[9035.19,3188.46,3355.4,2709.67]","[]","[3586.81,332.156]","[]"
6,284500,8785601,364172,-1,832.204,1.04079e+07,1.26459,0.94641,1,1,1,0.996992,1.02175,1,1,0,0,1,"[1]","[1]","[37599.8]","[-2.06172]","[1.45116]","[150149]","[0.0550232]","[1]","[11]","[1]","[0]","[308.607]","[0.00941481]","[0.863581]",91534.2,-0.535318,4,"[351216,163388,103235,77131]","[1.80716,0.0101574,-0.148071,-1.00345]","[2.95778,-0.755838,0.0131712,0.95034]","[1.09916e+06,163783,105398,120163]","[0,0,0.240106,0]","[0,0,0,0]","[0,0,0,0]","[-0.811625,-0.796686,-0.727999,-0.80746]",0,"[]","[]","[]","[]","[]","[]","[]","[]","[]","[]",1,"[352988]","[1.78254]","[2.9568]","[1.07929e+06]","[27712]","[0]","[2.09236]","[0.572805]",0,"[]","[]","[]","[]","[]","[]","[]","[]","[]","[]",0,"[450.143]",2004.11,"[5457.49,3117.65,3418.36,2098.55]","[]","[8865.91]","[]"
7,284500,5712916,364172,1,832.204,1.04079e+07,1.22586,0.9623,1,1,1,0.997316,0.96784,1,1,0,0,1,"[1]","[1]","[28319.2]","[-0.395436]","[-0.753374]","[30562.4]","[0.00902557]","[-1]","[11]","[1]","[0]","[-273.173]","[-0.0120393]","[0.967099]",113413,2.4319,3,"[223630,128391,22503.2]","[-0.853004,1.1844,-0.0130177]","[-0.847842,2.10719,-1.01105]","[311259,230582,22623.2]","[0.0163217,0,0.993507]","[0,0,0]","[0,0,0]","[-0.736731,-0.776597,-0.826976]",0,"[]","[]","[]","[]","[]","[]","[]","[]","[]","[]",1,"[273990]","[-0.757513]","[-0.832684]","[366884]","[86944.1]","[0]","[1.93381]","[0.725128]",0,"[]","[]","[]","[]","[]","[]","[]","[]","[]","[]",0,"[46.8609]",2550.98,"[11527,7614.64,1806.09]","[]","[21476.6]","[]"
8,284500,16755603,364172,1,832.204,1.04079e+07,1.22586,1.00588,1,1,1,1,1.00306,1,1,0,0,1,"[1]","[1]","[229176]","[1.13677]","[0.54962]","[393901]","[-117.196]","[1]","[11]","[1]","[1208.28]","[869.141]","[0.0307516]","[3.55295]",230536,-2.59147,0,"[]","[]","[]","[]","[]","[]","[]","[]",0,"[]","[]","[]","[]","[]","[]","[]","[]","[]","[]",1,"[251268]","[1.14598]","[0.544991]","[435839]","[24968.9]","[0]","[31.3311]","[0.16643]",0,"[]","[]","[]","[]","[]","[]","[]","[]","[]","[]",0,"[3042.5]",0,"[]","[]","[0]","[]"
9,284500,15936741,364172,-1,832.204,1.04079e+07,1.21412,0.96435,1,1,1,0.997911,0.9595,1,1,0,0,1,"[1]","[1]","[40931.2]","[-0.664802]","[2.23764]","[50314.3]","[-61.6668]","[1]","[11]","[1]","[1314.8]","[-222.596]","[0.0153303]","[1.18418]",47817.5,-1.07488,3,"[262272,208421,46595.3]","[-0.570457,0.412111,1.64848]","[-0.429225,2.86044,2.04689]","[306703,229470,125690]","[0.994985,0.98833,0.995332]","[0,0,0]","[0,0,0]","[-0.95592,-0.832907,-0.673252]",0,"[]","[]","[]","[]","[]","[]","[]","[]","[]","[]",1,"[264584]","[-0.563783]","[-0.433079]","[308499]","[21356.1]","[0]","[1.76466]","[0.743454]",0,"[]","[]","[]","[]","[]","[]","[]","[]","[]","[]",0,"[72.4607]",5737.67,"[7139.43,2711.89,2264.5]","[]","[0]","[]"
10,284500,8129533,364172,1,832.204,1.04079e+07,0.619412,0.92831,1,1,1,0.996687,1.01883,1,1,0,0,1,"[1]","[1]","[30395.6]","[1.89995]","[-2.60693]","[103879]","[-0.117886]","[-1]","[11]","[1]","[0]","[2518.13]","[0.0178649]","[0.70856]",67291.6,-0.847404,4,"[265835,225715,103736,33809.8]","[1.05561,-1.31778,-1.02754,1.93725]","[2.25034,-1.40038,0.615415,0.5894]","[429312,452508,163963,120002]","[0.219162,0.00423785,0.136643,0.99472]","[0,0,0,0]","[0,0,0,0]","[-0.799044,-0.840499,-0.720291,-0.528196]",0,"[]","[]","[]","[]","[]","[]","[]","[]","[]","[]",1,"[252451]","[1.07221]","[2.2412]","[414237]","[42900.9]","[0]","[2.82366]","[0.78214]",0,"[]","[]","[]","[]","[]","[]","[]","[]","[]","[]",0,"[859.686]",14361.5,"[3607.76,20338.1,3541.6,9457.33]","[]","[104.453]","[]"
11,284500,3918797,364172,1,832.204,1.04079e+07,0.696077,0.97199,1,1,1,0.996345,0.98736,1,1,0,0,1,"[1]","[1]","[40537.8]","[0.110935]","[-1.5994]","[40787.5]","[-22.8752]","[-1]","[11]","[1]","[0]","[-240.233]","[0.016995]","[2.04241]",47495,0.0700128,5,"[292709,235166,59364.2,37988.1,22877]","[0.039841,0.201192,1.95571,0.178446,-1.21128]","[2.88485,-0.255276,0.507438,2.37836,-2.81409]","[294581,241426,214155,39173.8,42164.3]","[0.998658,0.999608,0.989749,0.937808,0.666943]","[0,0,0,0,0]","[0,0,0,0,0]","[-0.9087,-0.937999,-0.742695,-0.92837,-0.444851]",0,"[]","[]","[]","[]","[]","[]","[]","[]","[]","[]",1,"[308751]","[0.0812048]","[2.84936]","[313773]","[49961.8]","[0]","[1.99764]","[0.621131]",0,"[]","[]","[]","[]","[]","[]","[]","[]","[]","[]",0,"[100.701]",7752.08,"[11110.6,7664.33,5648.23,8591.02,1684.06]","[]","[43669.2]","[]"
12,284500,15556525,364172,-1,832.204,1.04079e+07,0.75088,0.96825,1,1,1,0.997443,0.99461,1,1,0,0,1,"[1]","[1]","[66920.4]","[-1.98899]","[0.433689]","[249110]","[-59.7927]","[1]","[11]","[1]","[0]","[9.82376]","[-0.0219968]","[1.67933]",82969,-2.80377,4,"[287455,267855,83899,21044.7]","[1.49727,-1.33923,0.0112811,-0.696945]","[2.35625,-1.1415,0.354064,-0.00849201]","[675725,546942,84461.3,26791.4]","[0.993765,0.99,0.993015,0.955735]","[0,0,0,0]","[0,0,0,0]","[-0.847545,-0.952954,-0.926077,-0.708655]",0,"[]","[]","[]","[]","[]","[]","[]","[]","[]","[]",2,"[286220,267908]","[1.48515,-1.35427]","[2.34655,-1.13931]","[665298,553866]","[35874,19988.7]","[0,0]","[1.91631,1.78048]","[0.745443,0.6071]",0,"[]","[]","[]","[]","[]","[]","[]","[]","[]","[]",0,"[288.85]",11754.2,"[8557.2,4088.17,5865.28,2744.64]","[]","[8922.31,16905.7]","[]"
13,284500,7026214,364172,1,832.204,1.04079e+07,0.696077,0.9523,1,1,1,0.998881,1.00099,1,1,0,0,1,"[1]","[1]","[35666]","[1.79918]","[2.3225]","[110746]","[0.0704961]","[-1]","[11]","[1]","[0]","[1424.12]","[-0.0271746]","[1.53552]",41605.4,0.557885,2,"[257635,215195]","[0.352316,1.04557]","[-1.85835,1.2726]","[274066,344320]","[0.219893,0.2125]","[0,0]","[0,0]","[-0.74353,-0.761315]",0,"[]","[]","[]","[]","[]","[]","[]","[]","[]","[]",1,"[251145]","[0.357322]","[-1.85989]","[269914]","[37123.4]","[0]","[4.48205]","[0.367175]",0,"[]","[]","[]","[]","[]","[]","[]","[]","[]","[]",0,"[127.305]",7301.39,"[2947.84,7528.37]","[]","[302.672]","[]"
14,284500,17462804,364172,1,832.204,1.04079e+07,1.1961,0.97097,1,1,1,0.97549,0.99737,1,1,0,0,1,"[1]","[1]","[36599.3]","[0.191952]","[1.33641]","[37275.7]","[-0.086647]","[1]","[11]","[1]","[0]","[1539.81]","[-0.00344954]","[0.208287]",74707.9,-2.30829,2,"[287062,252261]","[-0.232537,2.46451]","[0.362721,-2.76521]","[295594,1.49392e+06]","[0.996174,0.987316]","[5,0]","[0,0]","[0.99875,0.630593]",0,"[]","[]","[]","[]","[]","[]","[]","[]","[]","[]",1,"[304630]","[-0.213458]","[0.372182]","[312085]","[17453.5]","[0]","[3.00698]","[0.668612]",0,"[]","[]","[]","[]","[]","[]","[]","[]","[]","[]",0,"[262.461]",3100.89,"[6726.75,4667]","[]","[4107.06]","[]"
15,284500,17445887,364172,0.798934,832.204,1.04079e+07,1.24168,0.96218,1,1,1,0.936066,0.97108,1,1,0,0,1,"[1]","[1]","[38968.6]","[0.61715]","[0.543457]","[46628.2]","[0.0078764]","[-1]","[11]","[1]","[0]","[572.002]","[-0.0196898]","[2.1075]",8348.65,-2.72329,3,"[574172,557754,21384.7]","[-0.944113,0.469975,0.787735]","[2.90411,-0.24077,-2.99371]","[850265,621708,28787]","[0.992907,0.995109,0.970548]","[5,4,4]","[0,0,0]","[0.904111,-0.113617,-0.434226]",0,"[]","[]","[]","[]","[]","[]","[]","[]","[]","[]",2,"[588990,584444]","[0.493995,-0.945734]","[-0.187336,2.90893]","[675741,866316]","[133962,27445.3]","[0,0]","[2.65988,3.12016]","[0.576603,0.563822]",0,"[]","[]","[]","[]","[]","[]","[]","[]","[]","[]",0,"[19.6723]",11122.9,"[7046.01,12370.9,1185.33]","[]","[19839.4,30992.4]","[]"
16,284500,7354818,364172,1,832.204,1.04079e+07,1.24168,0.96484,1,1,1,0.979212,0.9566,1,1,0,0,1,"[1]","[1]","[37218.5]","[1.08923]","[2.24316]","[61567.9]","[-0.00502014]","[-1]","[11]","[1]","[0]","[-20.072]","[-0.0246353]","[2.50663]",29437.9,-0.158502,2,"[379186,354727]","[-0.52712,-0.412681]","[-1.76837,1.35669]","[433452,385793]","[1,0.997586]","[0,5]","[0,0]","[-0.851128,0.986159]",0,"[]","[]","[]","[]","[]","[]","[]","[]","[]","[]",2,"[359373,354891]","[-0.546649,-0.430496]","[-1.76929,1.35611]","[414687,388558]","[14931.2,14505.4]","[0,0]","[4.85889,0.283173]","[0.495242,-1]",0,"[]","[]","[]","[]","[]","[]","[]","[]","[]","[]",0,"[57.8452]",647.531,"[6920.2,3825.79]","[]","[35291.8,15343.8]","[]"
17,284500,14192406,364172,1,832.204,1.04079e+07,1.32095,0.96558,1,1,1,1.27798,0.99746,1,1,0,0,1,"[1]","[1]","[76571.1]","[-1.55359]","[0.9228]","[189127]","[39.5148]","[-1]","[11]","[1]","[1687]","[-728.283]","[0.022662]","[2.09182]",81699.4,-2.5866,4,"[283898,200139,132011,22299.3]","[0.917951,1.105,-0.683859,2.23055]","[1.21996,-1.40666,-2.40327,1.41919]","[412520,335893,164844,105047]","[1,0.991335,0.998478,0.933528]","[0,0,0,0]","[0,0,0,0]","[-0.907895,0.999485,-0.590518,-0.694651]",0,"[]","[]","[]","[]","[]","[]","[]","[]","[]","[]",1,"[299263]","[0.91781]","[1.22502]","[434636]","[14018.9]","[0]","[2.42245]","[0.709639]",0,"[]","[]","[]","[]","[]","[]","[]","[]","[]","[]",0,"[1098.67]",13134.3,"[14338.3,3268.75,3694.02,1832.1]","[]","[5627.22]","[]"
18,284500,13309078,364172,1,832.204,1.04079e+07,0.923924,0.96455,1,1,1,1,0.99626,1,1,0,0,1,"[1]","[1]","[217996]","[1.52498]","[-0.855309]","[524573]","[-0.00406265]","[-1]","[11]","[1]","[0]","[7779.77]","[-0.0010957]","[0.143393]",199420,2.28231,0,"[]","[]","[]","[]","[]","[]","[]","[]",0,"[]","[]","[]","[]","[]","[]","[]","[]","[]","[]",1,"[289386]","[1.53752]","[-0.877116]","[704715]","[22460.4]","[0]","[3.10575]","[0.565199]",0,"[]","[]","[]","[]","[]","[]","[]","[]","[]","[]",0,"[3768.82]",3331.25,"[]","[]","[16326.1]","[]"
19,284500,5961528,364172,1,832.204,1.04079e+07,0.75088,0.9354,1,1,1,0.997284,1.0512,1,1,0,0,1,"[1]","[1]","[43482.6]","[-1.36876]","[1.10958]","[90985.2]","[-34.8022]","[1]","[11]","[1]","[0]","[-973.557]","[-0.028851]","[1.36885]",33325.5,-2.3769,4,"[291038,275480,42875.2,35830]","[-1.95347,-0.493842,-0.0495571,-1.77788]","[-2.0478,1.00606,0.92519,-2.50752]","[1.0477e+06,311170,43196.6,109099]","[0.994119,1,0.978739,0.998692]","[0,0,0,0]","[0,0,0,0]","[-0.967713,-0.805486,-0.926911,-0.877331]",0,"[]","[]","[]","[]","[]","[]","[]","[]","[]","[]",2,"[359674,325801]","[-0.604421,-1.94308]","[1.01629,-2.09871]","[443113,1.16214e+06]","[116961,63315]","[0,0]","[1.99522,1.69403]","[0.454284,0.794687]",0,"[]","[]","[]","[]","[]","[]","[]","[]","[]","[]",0,"[398.593]",5462.25,"[6016.36,3975.91,2215.89,2255.93]","[]","[7638.44,9222.44]","[]"
20,284500,6150197,364172,-1,832.204,1.04079e+07,1.32095,0.94157,1,1,1,0.971804,0.99746,1,1,0,0,1,"[1]","[1]","[39265.7]","[-1.9175]","[-2.66058]","[136466]","[0.0217304]","[1]","[11]","[1]","[0]","[-542.044]","[-0.0317296]","[1.6444]",52085.8,-0.336571,5,"[270726,264881,29471.3,23819.5,20495.7]","[-1.25693,-0.696915,-1.90775,-2.4072,-2.42207]","[-0.143539,2.99951,1.21885,2.62948,-0.759105]","[514656,332456,101570,133346,116496]","[0.99,0.995177,0.738247,1,0.0204666]","[5,0,0,0,0]","[0,0,0,0,0]","[0.967708,-0.838635,-0.391776,-0.810378,-0.823757]",0,"[]","[]","[]","[]","[]","[]","[]","[]","[]","[]",2,"[261586,268513]","[-0.703971,-1.26935]","[2.99763,-0.147047]","[329266,515613]","[9633.83,11558.2]","[0,0]","[1.98023,2.44187]","[0.233395,0.401333]",0,"[]","[]","[]","[]","[]","[]","[]","[]","[]","[]",0,"[156.198]",47399.8,"[5724.23,6641.52,1927.53,5664.05,1265.69]","[]","[8121.7,11014.4]","[]"
21,284500,17226397,364172,0.762709,832.204,1.04079e+07,1.08735,0.97097,1,1,1,0.946234,0.99468,1,1,0,0,1,"[1]","[1]","[38021]","[0.244428]","[-2.35737]","[39162.5]","[-0.0118256]","[1]","[11]","[1]","[0]","[3171.29]","[-0.0261749]","[0.552451]",54742.6,-0.0832053,2,"[1.30204e+06,1.2558e+06]","[-0.294588,0.687288]","[2.16899,-0.973741]","[1.35945e+06,1.56475e+06]","[0.922009,0.989153]","[4,0]","[0,0]","[-0.164811,-0.917649]",0,"[]","[]","[]","[]","[]","[]","[]","[]","[]","[]",2,"[1.3124e+06,1.31254e+06]","[0.669886,-0.317812]","[-0.97378,2.16929]","[1.61827e+06,1.37989e+06]","[26466.8,37244.5]","[0,0]","[3.51304,10.2186]","[0.0140841,0.191991]",0,"[]","[]","[]","[]","[]","[]","[]","[]","[]","[]",0,"[284.275]",11997.8,"[22093.8,29014.9]","[]","[45436.6,25157]","[]"
22,284500,5446804,364172,1,832.204,1.04079e+07,0.187531,0.97994,1,1,1,0.97493,1.00632,1,1,0,0,1,"[1]","[1]","[242550]","[0.338929]","[-2.61951]","[256616]","[-0.0016861]","[1]","[11]","[1]","[0]","[-1853.92]","[0.00598717]","[1.08037]",295085,0.53835,2,"[33176,21079.1]","[0.356394,-0.416761]","[-1.97929,-2.74633]","[35801.6,23586.2]","[0.989708,0.79579]","[4,0]","[0,0]","[-0.378331,-0.863483]",0,"[]","[]","[]","[]","[]","[]","[]","[]","[]","[]",1,"[277231]","[0.299124]","[-2.56481]","[294182]","[51002.2]","[0]","[1.26244]","[0.636454]",0,"[]","[]","[]","[]","[]","[]","[]","[]","[]","[]",0,"[2603.43]",3479.03,"[2337.62,1363.46]","[]","[6034.38]","[]"
23,284500,76652,364172,1,832.204,1.04079e+07,0.696077,0.95613,1,1,1,1.0288,1.00278,1,1,0,0,1,"[1]","[1]","[42432.9]","[-2.00525]","[2.74316]","[160451]","[-0.00729799]","[-1]","[11]","[1]","[0]","[281.309]","[0.00322082]","[0.233642]",44776,-0.268441,3,"[292467,272137,20173.9]","[1.94769,0.0153506,-0.712386]","[3.02613,-0.121258,1.06998]","[1.04658e+06,272888,25949.9]","[0.240757,0.154116,0.968111]","[0,0,5]","[0,0,0]","[-0.77452,-0.855485,-0.766046]",0,"[]","[]","[]","[]","[]","[]","[]","[]","[]","[]",2,"[293962,270486]","[1.93667,0.010954]","[3.02473,-0.124716]","[1.0418e+06,270651]","[50129.5,8981.98]","[0,0]","[2.51989,4.79735]","[0.682145,0.184106]",0,"[]","[]","[]","[]","[]","[]","[]","[]","[]","[]",0,"[96.2058]",18871.2,"[7593.51,4664.85,3333.62]","[]","[3199.06,11791.5]","[]"
24,284500,282440,364172,0.147478,832.204,1.04079e+07,1.1961,0.93214,1,1,1,0.998151,0,1,1,0,0,1,"[1]","[1]","[25845.5]","[-1.55815]","[1.78405]","[64103.9]","[-26.5533]","[1]","[11]","[1]","[0]","[-189.388]","[-0.0125525]","[0.645986]",9856.56,0.475028,4,"[361460,342523,83341.5,61780.2]","[1.54041,-1.03144,0.613412,-0.348953]","[-1.98318,0.951032,-2.84486,1.06281]","[882569,542512,100100,66811.5]","[0.957676,0.998705,0.996895,0.996569]","[0,0,0,0]","[0,0,0,0]","[-0.773204,-0.387042,-0.602305,-0.744902]",0,"[]","[]","[]","[]","[]","[]","[]","[]","[]","[]",2,"[392452,350758]","[1.5356,-0.998726]","[-1.97905,0.972035]","[954084,546903]","[31997.9,81978.5]","[0,0]","[1.96333,2.14206]","[0.598228,0.676852]",0,"[]","[]","[]","[]","[]","[]","[]","[]","[]","[]",0,"[400.342]",2638.77,"[7481.32,4286.1,10686.5,2021.22]","[]","[30238.5,3413.62]","[]"
25,284500,272479,364172,-599.841,832.204,1.04079e+07,0.923924,0.98697,1,1,1,0.998453,1.00582,1,1,0,0,1,"[1]","[1]","[374091]","[-0.337231]","[-1.11647]","[395565]","[-0.0127449]","[1]","[11]","[1]","[0]","[6338.5]","[0.0176524]","[2.70574]",362802,2.00859,1,"[21187.2]","[1.33929]","[2.09047]","[43269.5]","[0.865115]","[0]","[0]","[-0.762551]",0,"[]","[]","[]","[]","[]","[]","[]","[]","[]","[]",1,"[398319]","[-0.358358]","[-1.11902]","[424408]","[14222.7]","[0]","[13.3202]","[0.71726]",0,"[]","[]","[]","[]","[]","[]","[]","[]","[]","[]",0,"[2919.82]",2127.06,"[2686.42]","[]","[33272.4]","[]"
26,284500,279829,364172,1,832.204,1.04079e+07,0.738662,0.99211,1,1,1,0.99738,0.9918,1,1,0,0,1,"[1]","[1]","[298737]","[-0.622921]","[-2.99239]","[358596]","[0.0379333]","[-1]","[11]","[1]","[0]","[-511.054]","[-0.0328621]","[4.36794]",292392,0.164868,2,"[28758.9,25214.9]","[0.57892,1.6633]","[-0.521187,2.25093]","[34213.3,69044.1]","[0.990886,0.994847]","[0,0]","[0,0]","[-0.666179,-0.942711]",0,"[]","[]","[]","[]","[]","[]","[]","[]","[]","[]",1,"[317184]","[-0.65673]","[-2.99075]","[388078]","[0.00552427]","[0]","[0]","[-1]",0,"[]","[]","[]","[]","[]","[]","[]","[]","[]","[]",0,"[2356.68]",2726.72,"[1854.76,3039.38]","[]","[35039]","[]"
27,284500,1962579,364172,-1,832.204,1.04079e+07,1.26205,1.00588,1,1,1,0.996694,1.00306,1,1,0,0,1,"[1]","[1]","[324543]","[0.963692]","[0.217086]","[487275]","[-0.0431099]","[1]","[11]","[1]","[0]","[1206.26]","[-0.00190305]","[0.2715]",325118,-2.85454,3,"[29074.8,22779.4,20029.4]","[1.07639,-1.61262,-0.510026]","[-2.97549,-0.558074,1.2884]","[48048.4,59586.7,22990.1]","[1,0.991325,0.917606]","[0,0,0]","[0,0,0]","[-0.733056,-0.778956,-0.935548]",0,"[]","[]","[]","[]","[]","[]","[]","[]","[]","[]",1,"[352288]","[0.944836]","[0.21763]","[521587]","[0]","[0]","[0]","[-1]",0,"[]","[]","[]","[]","[]","[]","[]","[]","[]","[]",0,"[3880.61]",5105.84,"[5110.45,1816.53,1295.64]","[]","[22331.6]","[]"
28,284500,873372,364172,1,832.204,1.04079e+07,1.26459,0.96392,1,1,1,0.996108,1.01012,1,1,0,0,1,"[1]","[1]","[331119]","[1.85471]","[2.02341]","[1.08381e+06]","[0.0051651]","[1]","[11]","[1]","[0]","[-543.05]","[-0.0178916]","[2.2133]",337577,-1.27967,3,"[31887.5,24726.8,21323.9]","[1.26907,-1.31586,-0.802668]","[-0.0728435,0.224733,-1.14879]","[61591.2,49491.1,29101.9]","[0.992876,0.999819,0.957415]","[0,0,0]","[0,0,0]","[-0.93207,-0.912275,-0.434354]",0,"[]","[]","[]","[]","[]","[]","[]","[]","[]","[]",1,"[351485]","[1.84915]","[2.02129]","[1.1444e+06]","[0]","[0]","[0]","[-1]",0,"[]","[]","[]","[]","[]","[]","[]","[]","[]","[]",0,"[3969.76]",4834.34,"[2699.93,1985.5,3545.52]","[]","[31446.9]","[]"
29,284500,882844,364172,1,832.204,1.04079e+07,0.923924,0.99242,1,1,1,1,0.99765,1,1,0,0,1,"[1]","[1]","[316398]","[0.736008]","[0.927279]","[406035]","[-0.0109787]","[1]","[11]","[1]","[0]","[95.0651]","[0.0042392]","[0.745721]",325976,-2.19962,0,"[]","[]","[]","[]","[]","[]","[]","[]",0,"[]","[]","[]","[]","[]","[]","[]","[]","[]","[]",1,"[336478]","[0.703473]","[0.927177]","[423231]","[1957.83]","[0]","[0]","[-1]",0,"[]","[]","[]","[]","[]","[]","[]","[]","[]","[]",0,"[2375.65]",0,"[]","[]","[17233.5]","[]"
30,284500,2021290,364172,1,832.204,1.04079e+07,0.553627,0.9724,1,1,1,0.997979,0.96574,1,1,0,0,1,"[1]","[1]","[51799.4]","[0.93314]","[2.14602]","[76036.3]","[132.132]","[-1]","[11]","[1]","[0]","[-285.221]","[-0.00224807]","[0.184062]",59273.2,-0.679295,3,"[412317,342629,87542.6]","[0.527085,-1.59049,-0.304371]","[-0.603254,2.54386,2.25033]","[471570,875826,92320.8]","[0.993314,0.983748,1]","[0,0,0]","[0,0,0]","[-0.9047,-0.695453,-0.815888]",0,"[]","[]","[]","[]","[]","[]","[]","[]","[]","[]",2,"[410150,323330]","[0.490422,-1.61292]","[-0.606569,2.53903]","[461077,843639]","[23669.2,21452.2]","[0,0]","[2.75631,4.57804]","[0.654159,0.634848]",0,"[]","[]","[]","[]","[]","[]","[]","[]","[]","[]",0,"[84.5615]",1550.81,"[5960.88,9011.27,5388.91]","[]","[2568.62,37160.1]","[]"
31,284500,1443009,364172,1,832.204,1.04079e+07,1.26459,1.00588,1,1,1,1,1.00306,1,1,0,0,1,"[1]","[1]","[248734]","[0.825656]","[2.43891]","[338443]","[-0.0126972]","[-1]","[11]","[1]","[0]","[2075.34]","[-0.0186419]","[2.04931]",264781,-0.687999,0,"[]","[]","[]","[]","[]","[]","[]","[]",0,"[]","[]","[]","[]","[]","[]","[]","[]","[]","[]",1,"[274296]","[0.841625]","[2.43609]","[377356]","[5627.13]","[0]","[32.9885]","[0.621828]",0,"[]","[]","[]","[]","[]","[]","[]","[]","[]","[]",0,"[3600.59]",1611.56,"[]","[]","[7215.5]","[]"
32,284500,4013876,364172,-1,832.204,1.04079e+07,1.1961,0.955,1,1,1,1.02027,1.02555,1,1,0,0,1,"[1]","[1]","[46447.5]","[1.95672]","[0.818068]","[167615]","[-0.100435]","[-1]","[11]","[1]","[0]","[1503.16]","[0.0153838]","[0.811522]",73892.6,-2.89936,3,"[505780,426734,39450.5]","[-0.911652,-0.226661,1.08303]","[0.975722,-2.15588,-2.04118]","[731156,438285,65202.5]","[0.996273,0.979999,0.999062]","[0,5,0]","[0,0,0]","[-0.94541,0.819012,-0.737845]",0,"[]","[]","[]","[]","[]","[]","[]","[]","[]","[]",2,"[492688,443482]","[-0.916535,-0.233437]","[0.976802,-2.1563]","[714576,455948]","[8611.45,17282.6]","[0,0]","[0,5.38492]","[-1,0.498054]",0,"[]","[]","[]","[]","[]","[]","[]","[]","[]","[]",0,"[281.568]",19941.3,"[6881.68,4339.91,3083.53]","[]","[13565.7,2146.38]","[]"
33,284500,1810556,364172,1,832.204,1.04079e+07,1.74563,0.93241,1,1,1,0.995236,0.94939,1,1,0,0,1,"[1]","[1]","[33301]","[1.22098]","[-1.39487]","[61364.3]","[-0.0603638]","[-1]","[11]","[1]","[0]","[33.5444]","[0.0153727]","[1.18639]",17739.8,0.782609,4,"[262560,154351,116182,23634.8]","[-1.48448,-0.119733,-0.461078,-1.65122]","[-0.00623578,2.77751,-2.85717,-2.90903]","[609753,156066,129197,64099.8]","[0.0496858,0.17885,0.233342,0.899723]","[0,0,0,0]","[0,0,0,0]","[-0.87155,-0.767326,-0.740248,-0.699176]",0,"[]","[]","[]","[]","[]","[]","[]","[]","[]","[]",1,"[255422]","[-1.49769]","[0.00403283]","[601136]","[42918.9]","[0]","[2.10503]","[0.834974]",0,"[]","[]","[]","[]","[]","[]","[]","[]","[]","[]",0,"[139.492]",3318.31,"[4785.98,5622.7,3482.26,2572.65]","[]","[3006.56]","[]"
34,284500,3360558,364172,-1,832.204,1.04079e+07,0.187531,0.96311,1,1,1,0.996083,1.00058,1,1,0,0,1,"[1]","[1]","[56345.7]","[-1.54197]","[-0.622549]","[137702]","[113.022]","[-1]","[11]","[1]","[0]","[-1466.15]","[-0.00115431]","[0.0811627]",82631.4,0.975797,4,"[318637,135633,87419.1,30107]","[0.870798,0.0504575,1.04601,-2.17305]","[-2.84314,-0.0961416,0.847369,1.0414]","[448275,138040,140327,134051]","[0.998291,1,1,1]","[0,0,0,0]","[0,0,0,0]","[-0.893232,-0.66981,-0.572996,-0.764241]",0,"[]","[]","[]","[]","[]","[]","[]","[]","[]","[]",1,"[317483]","[0.837187]","[-2.85103]","[435818]","[19217.4]","[0]","[1.54556]","[0.472838]",0,"[]","[]","[]","[]","[]","[]","[]","[]","[]","[]",0,"[378.869]",15250.2,"[21027.8,3663.48,4232.4,4632.48]","[]","[8607.12]","[]"
35,284500,1281733,364172,1,832.204,1.04079e+07,0.923924,0.95734,1,1,1,0.997466,0.97256,1,1,0,0,1,"[1]","[1]","[31069.7]","[0.825131]","[3.13468]","[42260.4]","[159.386]","[-1]","[11]","[1]","[1399.49]","[431.997]","[0.0135777]","[1.32723]",44361.1,0.176181,3,"[262593,170030,38574]","[0.709578,2.0236,1.59335]","[-2.12505,0.964082,0.76835]","[332004,654664,98961.5]","[1,1,0.99794]","[0,0,0]","[0,0,0]","[-0.960609,-0.919079,-0.820822]",0,"[]","[]","[]","[]","[]","[]","[]","[]","[]","[]",1,"[255262]","[0.689773]","[-2.12562]","[318893]","[17119.8]","[0]","[1.93084]","[0.589364]",0,"[]","[]","[]","[]","[]","[]","[]","[]","[]","[]",0,"[82.1881]",18381.4,"[3232.24,16553.9,2088.23]","[]","[5521.69]","[]"
36,284500,3150574,364172,0.807432,832.204,1.04079e+07,0.738662,1,1,1,1,0.998254,1,1,1,0,0,1,"[1]","[1]","[50932.8]","[2.4427]","[-1.06833]","[295180]","[-11.3185]","[-1]","[11]","[0]","[0]","[-907.504]","[0.068802]","[2.10347]",57002.3,3.1195,2,"[277824,57260]","[-1.71324,-2.4124]","[-0.217665,-2.30882]","[795785,322185]","[1,0.999046]","[0,0]","[0,0]","[-0.901077,-0.795529]",0,"[]","[]","[]","[]","[]","[]","[]","[]","[]","[]",1,"[287430]","[-1.70355]","[-0.216707]","[815755]","[13071.7]","[0]","[3.21505]","[0.622875]",0,"[]","[]","[]","[]","[]","[]","[]","[]","[]","[]",0,"[427.909]",29815,"[4316.74,8583.54]","[]","[17202.1]","[]"
37,284500,3141578,364172,1,832.204,1.04079e+07,0.75088,0.96435,1,1,1,0.974821,0.96697,1,1,0,0,1,"[1]","[1]","[43909.9]","[-0.609837]","[-1.83415]","[52331.1]","[0.0529804]","[1]","[11]","[1]","[0]","[-225.771]","[-0.0120275]","[1.08438]",34662.1,3.04866,3,"[286667,276386,49739]","[-1.22464,-0.270386,-2.07766]","[2.10955,-1.01984,0.585582]","[530113,287163,202051]","[0.992142,0.99441,0.986459]","[5,0,0]","[0,0,0]","[0.995064,0.59737,-0.201218]",0,"[]","[]","[]","[]","[]","[]","[]","[]","[]","[]",2,"[320017,300181]","[-0.344346,-1.23321]","[-1.12269,2.11527]","[359143,559155]","[118076,17608.8]","[0,0]","[0.961473,4.77749]","[0.562515,0.737138]",0,"[]","[]","[]","[]","[]","[]","[]","[]","[]","[]",0,"[69.643]",16601.2,"[11228.7,12163.8,2697.18]","[]","[17775,180.188]","[]"
38,284500,5413608,364172,1,832.204,1.04079e+07,0,0.96611,1,1,1,0.983221,0.97191,1,1,0,0,1,"[1]","[1]","[40126.3]","[0.803477]","[0.400207]","[53790.6]","[-0.0301342]","[1]","[11]","[1]","[0]","[-645.956]","[-0.0102026]","[0.845681]",57785.6,-1.08161,2,"[425563,20772.7]","[-0.806584,-2.42825]","[2.69051,2.91355]","[572107,118764]","[0.993245,0]","[5,0]","[0,0]","[0.98961,-0.981755]",0,"[]","[]","[]","[]","[]","[]","[]","[]","[]","[]",2,"[421632,411199]","[-0.818374,-0.288399]","[2.68743,-0.45222]","[570959,428537]","[9473.84,10106.6]","[0,0]","[102.259,0]","[-1,-1]",0,"[]","[]","[]","[]","[]","[]","[]","[]","[]","[]",0,"[177.031]",799.766,"[8065.35,4363.54]","[]","[56177.4,22034.4]","[]"
39,284500,2218240,364172,-1,832.204,1.04079e+07,0.696077,0.99242,1,1,1,1,0.99765,1,1,0,0,1,"[1]","[1]","[272588]","[0.689218]","[0.709822]","[339935]","[0.0652962]","[1]","[11]","[1]","[1364.2]","[581.356]","[0.00190132]","[0.356279]",265143,-2.40058,0,"[]","[]","[]","[]","[]","[]","[]","[]",0,"[]","[]","[]","[]","[]","[]","[]","[]","[]","[]",1,"[287023]","[0.671031]","[0.713127]","[354128]","[4064.99]","[0]","[0]","[-1]",0,"[]","[]","[]","[]","[]","[]","[]","[]","[]","[]",0,"[1819.16]",0,"[]","[]","[685.031]","[]"
40,284500,4958911,364172,1,832.204,1.04079e+07,0.619412,0.95734,1,1,1,0.996783,0.97256,1,1,0,0,1,"[1]","[1]","[32248.8]","[0.884244]","[-2.61087]","[45699.5]","[-0.022089]","[-1]","[11]","[1]","[1486.05]","[20.95]","[-0.0171123]","[1.68053]",97747.5,0.0448852,4,"[250612,147863,123889,107386]","[-0.230153,1.32807,-0.408778,-0.942416]","[-0.735399,2.71722,2.20294,2.70294]","[257334,298974,137090,159372]","[0,0,0.148134,0.55]","[0,0,0,0]","[0,0,0,0]","[-0.702851,-0.83887,-0.744462,-0.737763]",0,"[]","[]","[]","[]","[]","[]","[]","[]","[]","[]",1,"[260849]","[-0.222408]","[-0.735979]","[267327]","[-0.00248976]","[0]","[0]","[-1]",0,"[]","[]","[]","[]","[]","[]","[]","[]","[]","[]",0,"[45.0456]",4946.7,"[3709.3,4007.18,2190.88,4277.31]","[]","[27571.7]","[]"
41,284500,1111108,364172,-0.370197,832.204,1.04079e+07,1.21412,0.98697,1,1,1,0.998153,1.00582,1,1,0,0,1,"[1]","[1]","[435476]","[-0.0725764]","[0.278456]","[436624]","[-0.0598984]","[1]","[11]","[1]","[1643.43]","[-558.89]","[0.0131213]","[1.05588]",430840,-2.82139,1,"[22760.4]","[-2.42712]","[1.73759]","[129976]","[0.497735]","[0]","[0]","[-0.713826]",0,"[]","[]","[]","[]","[]","[]","[]","[]","[]","[]",1,"[451491]","[-0.11391]","[0.270062]","[454467]","[6284.43]","[0]","[0]","[-1]",0,"[]","[]","[]","[]","[]","[]","[]","[]","[]","[]",0,"[6392.37]",208.594,"[2203.01]","[]","[27764.3]","[]"
42,284500,2342098,364172,-1,832.204,1.04079e+07,0.619412,1,1,1,1,1,1,1,1,0,0,1,"[1]","[1]","[455821]","[-1.6048]","[1.12593]","[1.18007e+06]","[-0.0432653]","[1]","[11]","[0]","[0]","[-428.711]","[-0.0164944]","[2.54041]",451652,-2.01278,0,"[]","[]","[]","[]","[]","[]","[]","[]",0,"[]","[]","[]","[]","[]","[]","[]","[]","[]","[]",1,"[479593]","[-1.60929]","[1.12601]","[1.24678e+06]","[5873.34]","[0]","[37.7382]","[0.0576717]",0,"[]","[]","[]","[]","[]","[]","[]","[]","[]","[]",0,"[8469.49]",0,"[]","[]","[46289.1]","[]"
43,284500,1146392,364172,3.65964,832.204,1.04079e+07,0,0.98697,1,1,1,0.996916,1.00582,1,1,0,0,1,"[1]","[1]","[312558]","[-0.188844]","[1.55914]","[318148]","[0.0792694]","[1]","[11]","[1]","[0]","[-1574.5]","[-0.0130437]","[1.5736]",329439,-1.80248,2,"[51307.2,21930.5]","[-2.38074,2.16433]","[0.0291165,0.394208]","[279869,96834.5]","[0.988101,0.965024]","[0,0]","[0,0]","[-0.770229,-0.822077]",0,"[]","[]","[]","[]","[]","[]","[]","[]","[]","[]",1,"[328999]","[-0.109494]","[1.54845]","[330980]","[2068.55]","[0]","[0]","[-1]",0,"[]","[]","[]","[]","[]","[]","[]","[]","[]","[]",0,"[4948.14]",2976.78,"[6865.87,2726.09]","[]","[5061.41]","[]"
44,284500,6425925,364172,1,832.204,1.04079e+07,1.55465,0.93319,1,1,1,0.996704,0.99419,1,1,0,0,1,"[1]","[1]","[32690.4]","[-1.56336]","[2.48923]","[81469]","[82.8248]","[1]","[11]","[1]","[0]","[21.5452]","[-0.0298791]","[1.8831]",23764.4,-0.953889,4,"[386616,301356,70487.1,21560.6]","[0.354066,1.04503,-0.52598,2.45604]","[-1.859,1.26932,0.911517,2.13916]","[411303,481751,80590.7,126635]","[0.990522,0.998993,0.997071,0.99251]","[0,0,0,0]","[0,0,0,0]","[-0.777369,-0.882098,-0.455096,-0.862315]",0,"[]","[]","[]","[]","[]","[]","[]","[]","[]","[]",2,"[384101,301420]","[0.354808,1.0494]","[-1.85903,1.27099]","[408624,483288]","[8643.65,9843.05]","[0,0]","[9.9332,4.34827]","[0.378667,0.558039]",0,"[]","[]","[]","[]","[]","[]","[]","[]","[]","[]",0,"[201.775]",7568.42,"[13968.5,10581.8,4539.21,1670.03]","[]","[7429.72,34036.8]","[]"
45,284500,1078712,364172,32.4136,832.204,1.04079e+07,1.32095,0.98089,1,1,1,0.99775,0.99866,1,1,0,0,1,"[1]","[1]","[493405]","[-1.01875]","[-2.57533]","[772369]","[0.10751]","[1]","[11]","[1]","[1574.39]","[204.401]","[-0.00760961]","[1.26064]",484325,0.645266,2,"[44456.1,21636.1]","[-0.057507,-1.71454]","[-1.08605,-1.51267]","[45026.4,62266.9]","[0.999766,0.711768]","[0,0]","[0,0]","[-0.670886,-0.754659]",0,"[]","[]","[]","[]","[]","[]","[]","[]","[]","[]",1,"[560412]","[-1.00231]","[-2.57693]","[866304]","[5517.6]","[0]","[0]","[-1]",0,"[]","[]","[]","[]","[]","[]","[]","[]","[]","[]",0,"[6383.92]",10328.7,"[2096.28,1548.13]","[]","[31825]","[]"
46,284500,548370,364172,-1,832.204,1.04079e+07,0.596562,0.99211,1,1,1,1,0.9918,1,1,0,0,1,"[1]","[1]","[295168]","[-0.702614]","[1.61344]","[371072]","[-0.0871887]","[1]","[11]","[1]","[0]","[-1380.89]","[0.00207151]","[0.30912]",294122,-1.54246,0,"[]","[]","[]","[]","[]","[]","[]","[]",0,"[]","[]","[]","[]","[]","[]","[]","[]","[]","[]",1,"[306954]","[-0.708936]","[1.6136]","[387375]","[0.00390625]","[0]","[0]","[-1]",0,"[]","[]","[]","[]","[]","[]","[]","[]","[]","[]",0,"[1885.21]",0,"[]","[]","[6280.88]","[]"
47,284500,6892747,364172,1,832.204,1.04079e+07,0.696077,1.00588,1,1,1,1,1.00306,1,1,0,0,1,"[1]","[1]","[259117]","[0.840267]","[2.26328]","[356102]","[-0.032814]","[1]","[11]","[1]","[0]","[311.376]","[0.00739874]","[0.864517]",269658,-0.822119,0,"[]","[]","[]","[]","[]","[]","[]","[]",0,"[]","[]","[]","[]","[]","[]","[]","[]","[]","[]",1,"[281104]","[0.822643]","[2.26482]","[381711]","[1527.06]","[0]","[0]","[-1]",0,"[]","[]","[]","[]","[]","[]","[]","[]","[]","[]",0,"[2504.67]",0,"[]","[]","[4084.75]","[]"
48,284500,7171969,364172,1,832.204,1.04079e+07,0.75088,0.96126,1,1,1,0.993868,0,1,1,0,0,1,"[1]","[1]","[26567.9]","[0.553042]","[-2.86373]","[30735.5]","[-47.0845]","[1]","[11]","[1]","[0]","[721.3]","[0.0101183]","[1.10099]",14225.8,1.04238,8,"[279091,121922,69226.9,68090,37221.3,26861.5,23599.6,20526]","[-0.727964,0.691657,-0.854946,-0.899855,-0.035444,0.248071,0.840809,-1.75944]","[-1.9209,0.843905,1.20192,-3.08218,-3.06065,1.26669,0.350529,-1.45256]","[357125,153408,96567.7,97915.6,37843.9,28162.9,32853.1,61444.9]","[0.989072,0.994025,0.982473,1,0.990178,0.927767,0.995189,0.993504]","[0,0,0,0,0,0,0,0]","[0,0,0,0,0,0,0,0]","[-0.837901,-0.167737,-0.837761,-0.854545,-0.890095,-0.77728,-0.969482,-0.820213]",0,"[]","[]","[]","[]","[]","[]","[]","[]","[]","[]",1,"[279057]","[-0.733724]","[-1.92085]","[358134]","[19495.7]","[0]","[2.72507]","[0.402987]",0,"[]","[]","[]","[]","[]","[]","[]","[]","[]","[]",0,"[158.769]",10182.4,"[3453.36,6640.89,3561.92,2718.53,1975.46,3025.52,1733.3,1964.82]","[]","[31408.1]","[]"
49,284500,3286480,364172,-1,832.204,1.04079e+07,1.25133,0.99211,1,1,1,0.983225,0.9918,1,1,0,0,1,"[1]","[1]","[230768]","[-0.745855]","[2.67836]","[297987]","[-0.0217056]","[1]","[11]","[1]","[14223.5]","[10629.8]","[-0.0122745]","[1.49086]",227979,-0.505319,3,"[24673.5,22878.9,20651.3]","[0.74963,-0.731287,0.807451]","[-0.684651,1.75722,-0.0537336]","[32362.3,29593.2,28191.2]","[0.965481,0.979002,0.988546]","[0,4,0]","[0,0,0]","[-0.865612,0.351859,-0.719751]",0,"[]","[]","[]","[]","[]","[]","[]","[]","[]","[]",1,"[288171]","[-0.756643]","[2.70701]","[375872]","[30008.5]","[0]","[2.67373]","[0.666538]",0,"[]","[]","[]","[]","[]","[]","[]","[]","[]","[]",0,"[1374.94]",3409.88,"[1714.59,1850.54,1387.95]","[]","[2312]","[]"
50,284500,8223213,364172,1.02833,832.204,1.04079e+07,0.619412,0.98089,1,1,1,1,0.99866,1,1,0,0,1,"[1]","[1]","[300945]","[-1.09003]","[-2.74916]","[498148]","[0.03895]","[-1]","[11]","[1]","[0]","[3674.39]","[0.0210409]","[2.403]",347900,0.366291,0,"[]","[]","[]","[]","[]","[]","[]","[]",0,"[]","[]","[]","[]","[]","[]","[]","[]","[]","[]",1,"[391842]","[-1.07367]","[-2.84225]","[646864]","[92319.6]","[0]","[0.104702]","[0.584613]",0,"[]","[]","[]","[]","[]","[]","[]","[]","[]","[]",0,"[3963.05]",8305.91,"[]","[]","[19688.8]","[]"
51,284500,3955933,364172,1,832.204,1.04079e+07,1.21412,0.9623,1,1,1,0.976599,0.96784,1,1,0,0,1,"[1]","[1]","[27294.1]","[-0.253883]","[1.436]","[28178.5]","[-0.0442467]","[1]","[11]","[1]","[0]","[830.824]","[-0.0174674]","[1.96983]",40149,-1.89974,2,"[317226,315781]","[0.541473,0.511872]","[0.514351,-2.6289]","[365699,358389]","[0.993572,0.996293]","[0,5]","[0,0]","[-0.946585,0.958837]",0,"[]","[]","[]","[]","[]","[]","[]","[]","[]","[]",2,"[319735,317466]","[0.55202,0.525817]","[0.515206,-2.63012]","[370244,362746]","[20051.6,16420.3]","[0,0]","[2.2977,5.67939]","[0.682976,0.31538]",0,"[]","[]","[]","[]","[]","[]","[]","[]","[]","[]",0,"[198.275]",6381.23,"[8506.63,14439.1]","[]","[17135.7,389.906]","[]"
52,284500,6235907,364172,1,832.204,1.04079e+07,0,0.97994,1,1,1,0.997536,1.00632,1,1,0,0,1,"[1]","[1]","[413700]","[0.287541]","[1.54914]","[430920]","[-0.0170116]","[1]","[11]","[1]","[0]","[289.597]","[-0.0196449]","[3.07257]",402184,-1.531,2,"[31788.6,24963.1]","[-0.709978,-1.61417]","[-1.89032,1.89309]","[40583.4,65511.8]","[1,0.690363]","[0,0]","[0,0]","[-0.728134,-0.735028]",0,"[]","[]","[]","[]","[]","[]","[]","[]","[]","[]",1,"[418324]","[0.309626]","[1.54375]","[438537]","[0.00617632]","[0]","[0]","[-1]",0,"[]","[]","[]","[]","[]","[]","[]","[]","[]","[]",0,"[4706.06]",10376.6,"[5195.33,2364.2]","[]","[16105.1]","[]"
53,284500,6295515,364172,-1,832.204,1.04079e+07,0.619412,0.94707,1,1,1,1.2659,0.94238,1,1,0,0,1,"[1]","[1]","[27833.6]","[-0.92821]","[2.40073]","[40710]","[27.1361]","[1]","[11]","[1]","[0]","[216.091]","[-0.0168982]","[1.51566]",22595.6,-2.4264,2,"[252227,207908]","[-0.516214,0.0215166]","[0.201746,-3.05523]","[287880,209002]","[0.99,0.960019]","[0,0]","[0,0]","[-0.97684,0.865197]",0,"[]","[]","[]","[]","[]","[]","[]","[]","[]","[]",1,"[268976]","[-0.0657963]","[3.11236]","[271664]","[33760.9]","[0]","[1.43619]","[0.788821]",0,"[]","[]","[]","[]","[]","[]","[]","[]","[]","[]",0,"[115.076]",5592.76,"[9787.72,8028.92]","[]","[5080.97]","[]"
54,284500,2680239,364172,-1,832.204,1.04079e+07,1.1961,0.93214,1,1,1,0.99704,0.84537,1,1,0,0,1,"[1]","[1]","[27225.8]","[-1.58683]","[1.71089]","[69328.2]","[9.89573]","[1]","[11]","[1]","[0]","[3585.23]","[0.0358771]","[1.9882]",46021.6,-3.04156,3,"[263893,227373,20061.8]","[-0.488451,0.942625,1.94901]","[-0.560281,2.60223,0.869588]","[296615,337092,71966.1]","[0.994791,0.980339,0.787032]","[0,0,0]","[0,0,0]","[-0.95331,-0.797068,-0.884654]",0,"[]","[]","[]","[]","[]","[]","[]","[]","[]","[]",1,"[255944]","[-0.450587]","[-0.556522]","[282837]","[16273.3]","[0]","[3.23005]","[0.715743]",0,"[]","[]","[]","[]","[]","[]","[]","[]","[]","[]",0,"[252.325]",35409.9,"[7692,16947.1,3818.93]","[]","[2291.89]","[]"
55,284500,2845544,364172,0.0212334,832.204,1.04079e+07,0.923924,1.01378,1,1,1,1,1.00936,1,1,0,0,1,"[1]","[1]","[243305]","[-0.00149886]","[2.93624]","[243305]","[-0.051796]","[-1]","[11]","[1]","[0]","[-493.36]","[0.00748532]","[0.958124]",236018,-0.215405,0,"[]","[]","[]","[]","[]","[]","[]","[]",0,"[]","[]","[]","[]","[]","[]","[]","[]","[]","[]",1,"[251851]","[0.0230565]","[2.93185]","[251918]","[0.00225583]","[0]","[0]","[-1]",0,"[]","[]","[]","[]","[]","[]","[]","[]","[]","[]",0,"[1335.34]",0,"[]","[]","[10770.8]","[]"
56,284500,2173659,364172,1,832.204,1.04079e+07,1.08735,0.96203,1,1,1,0.98985,1.01508,1,1,0,0,1,"[1]","[1]","[325939]","[-1.5893]","[1.82423]","[831861]","[0.0198059]","[1]","[11]","[1]","[0]","[-2511.1]","[0.0219854]","[3.19441]",299560,-1.37803,1,"[25389.4]","[-1.47446]","[-1.0238]","[58535]","[0.986446]","[5]","[0]","[0.139202]",0,"[]","[]","[]","[]","[]","[]","[]","[]","[]","[]",1,"[343844]","[-1.60616]","[1.8221]","[891298]","[2623.08]","[0]","[0]","[-1]",0,"[]","[]","[]","[]","[]","[]","[]","[]","[]","[]",0,"[7778.4]",293.344,"[1225.27]","[]","[39311.8]","[]"
57,284500,8442585,364172,-3.85721,832.204,1.04079e+07,1.26205,0.97994,1,1,1,1,1,1,1,0,0,1,"[1]","[1]","[412176]","[0.380459]","[-2.01976]","[442368]","[0.0889301]","[-1]","[11]","[0]","[0]","[3975.03]","[-0.00978984]","[1.56498]",427758,1.15927,0,"[]","[]","[]","[]","[]","[]","[]","[]",0,"[]","[]","[]","[]","[]","[]","[]","[]","[]","[]",1,"[435382]","[0.397327]","[-2.018]","[470205]","[1236.64]","[0]","[0]","[-1]",0,"[]","[]","[]","[]","[]","[]","[]","[]","[]","[]",0,"[2776.57]",3248.25,"[]","[]","[7234.12]","[]"
58,284500,3498619,364172,-1,832.204,1.04079e+07,0.696077,0.94443,1,1,1,0.978367,1.01758,1,1,0,0,1,"[1]","[1]","[37927.4]","[2.17643]","[1.50473]","[169312]","[0.0893574]","[-1]","[11]","[1]","[0]","[-154.02]","[0.0402204]","[1.92772]",48188.3,2.96362,4,"[583523,531135,33393.9,23132.9]","[0.266622,0.175631,1.91835,-1.76164]","[-0.646944,2.48744,-1.31319,2.85313]","[604784,539432,116376,69396.7]","[0.991307,1,0.844851,0.997322]","[0,5,4,0]","[0,0,0,0]","[-0.859848,-0.733262,-0.714343,-0.230263]",0,"[]","[]","[]","[]","[]","[]","[]","[]","[]","[]",2,"[564719,548140]","[0.271027,0.180554]","[-0.645726,2.48678]","[585801,557126]","[15834.8,5514.27]","[0,0]","[5.84196,2.53258]","[0.573969,-1]",0,"[]","[]","[]","[]","[]","[]","[]","[]","[]","[]",0,"[79.5789]",8845.2,"[11619.7,6057.62,1283.14,2114.45]","[]","[14870.1,2988.88]","[]"
59,284500,2990365,364172,1,832.204,1.04079e+07,0.75088,0.96392,1,1,1,1,1.01012,1,1,0,0,1,"[1]","[1]","[301792]","[1.85914]","[2.24015]","[991991]","[0.0215254]","[1]","[11]","[1]","[1165.51]","[-1044.41]","[-0.0170954]","[1.49383]",299214,-0.950609,0,"[]","[]","[]","[]","[]","[]","[]","[]",0,"[]","[]","[]","[]","[]","[]","[]","[]","[]","[]",1,"[314422]","[1.85605]","[2.23266]","[1.03051e+06]","[8140.29]","[0]","[0]","[-1]",0,"[]","[]","[]","[]","[]","[]","[]","[]","[]","[]",0,"[5493.34]",0,"[]","[]","[22114.2]","[]"
60,284500,2887005,364172,-1,832.204,1.04079e+07,0.553627,0.95471,0.985404,1,1,0.912788,1.01564,1,1,0,0,2,"[1,0]","[1,0]","[43603.5,14296.9]","[2.22555,1.13877]","[-2.8028,2.03514]","[204207,24613.3]","[-0.120552,-0.00613403]","[1,-1]","[11,13]","[1,1]","[0,1850.83]","[-762.325,1329.32]","[-0.000530095,0.0702281]","[0.0467618,4.66254]",60500.3,-0.433424,3,"[396785,386231,28180.7]","[-0.676865,0.0129167,1.3258]","[2.99168,-0.148726,1.46286]","[491362,386499,57053.7]","[0.99487,0.984293,0.99]","[0,4,5]","[0,0,0]","[-0.506868,-0.473304,0.665063]",0,"[]","[]","[]","[]","[]","[]","[]","[]","[]","[]",2,"[390133,373120]","[-0.642865,0.0545344]","[2.98993,-0.149056]","[473676,373880]","[10302.2,12366.3]","[0,0]","[4.75912,3.38843]","[0.401222,-1]",0,"[]","[]","[]","[]","[]","[]","[]","[]","[]","[]",0,"[83.283,42.571]",4227.88,"[5468.5,3536.47,3010.53]","[]","[4723,32945.3]","[]"
61,284500,261948,364172,1,832.204,1.04079e+07,1.22586,0.97095,1,1,1,0.976639,0.99593,1,1,0,0,1,"[1]","[1]","[36588.5]","[-0.377781]","[-0.360372]","[39230.6]","[-0.0809155]","[-1]","[11]","[1]","[0]","[1048.81]","[-0.0187312]","[2.41102]",70150.2,2.45628,3,"[360944,327375,27559.6]","[0.221407,1.10157,0.84392]","[-0.739739,2.40294,-1.16625]","[370455,547307,38329.3]","[1,0.99,0.999172]","[0,5,0]","[0,0,0]","[-0.719921,0.997529,-0.878219]",0,"[]","[]","[]","[]","[]","[]","[]","[]","[]","[]",2,"[387144,336622]","[0.167343,1.1075]","[-0.696204,2.40626]","[403422,565278]","[92908.9,16169.1]","[0,0]","[1.41173,2.79384]","[0.5122,0.620156]",0,"[]","[]","[]","[]","[]","[]","[]","[]","[]","[]",0,"[148.845]",3190.07,"[4583.37,9088.91,4904.04]","[]","[34278.6,33330.2]","[]"
62,284500,5668711,364172,1,832.204,1.04079e+07,1.21412,0.97994,1,1,1,0.995601,1.00632,1,1,0,0,1,"[1]","[1]","[404528]","[0.392696]","[-2.19842]","[436122]","[0.105408]","[-1]","[11]","[1]","[0]","[-1728.54]","[-0.0182828]","[2.98233]",406045,0.892952,3,"[32181.8,23138.6,20068.4]","[2.18735,-2.39117,-0.475851]","[-1.80063,2.12533,1.27046]","[145259,127531,22837.2]","[0.99847,0.900477,0.996021]","[0,0,0]","[0,0,0]","[-0.671608,-0.663681,-0.839187]",0,"[]","[]","[]","[]","[]","[]","[]","[]","[]","[]",1,"[412402]","[0.436496]","[-2.19903]","[452337]","[4240.4]","[0]","[6.20039]","[-1]",0,"[]","[]","[]","[]","[]","[]","[]","[]","[]","[]",0,"[2465.61]",3981.56,"[2687.47,2253.62,2278.44]","[]","[19325]","[]"
63,284500,4148021,364172,1,832.204,1.04079e+07,0,0.94038,1,1,1,0.998036,0.99919,1,1,0,0,1,"[1]","[1]","[34677.2]","[-2.26027]","[-1.49074]","[168011]","[-24.3964]","[1]","[11]","[1]","[2714.09]","[-881.094]","[-0.0207803]","[1.17237]",72031.6,2.8989,4,"[284824,207833,53064.3,39108.7]","[0.672311,0.44769,-0.124331,-0.128554]","[0.640625,-2.81766,-0.906456,-1.4334]","[352692,230439,54615,40243.9]","[0.995557,0.997463,0.994558,0.996182]","[0,0,0,0]","[0,0,0,0]","[-0.741398,-0.763092,-0.905002,-0.844561]",0,"[]","[]","[]","[]","[]","[]","[]","[]","[]","[]",1,"[285111]","[0.695684]","[0.648148]","[357319]","[16612.3]","[0]","[3.09769]","[0.569674]",0,"[]","[]","[]","[]","[]","[]","[]","[]","[]","[]",0,"[355.813]",18783.4,"[5895.52,3217.79,2617.12,5162.11]","[]","[9696.47]","[]"
64,284500,5396160,364172,1,832.204,1.04079e+07,1.26205,0.94602,1,1,1,1.0827,0.99806,1,1,0,0,1,"[1]","[1]","[38975]","[-1.74583]","[-2.52701]","[115077]","[-11.9398]","[-1]","[11]","[1]","[0]","[178.033]","[0.0322814]","[1.81904]",76060,0.766781,8,"[267412,179835,94797.2,56324.8,55634.1,23789.6,23699.8,20109.8]","[0.701956,0.574986,0.675304,0.866303,1.01595,-0.245113,0.0843213,-0.269576]","[1.33348,-2.19948,-1.38403,-1.80704,0.460159,2.95152,-1.03095,-1.65045]","[338694,212671,118447,78934.1,87279.5,25139.7,24097.2,21270]","[0.995095,0.984206,0.994039,0.987406,0.99,0.984856,0.988442,0.862897]","[0,0,0,0,0,0,0,0]","[0,0,0,0,0,0,0,0]","[0.990566,-0.835804,-0.719621,-0.522293,0.579217,-0.586013,-0.841653,-0.921711]",0,"[]","[]","[]","[]","[]","[]","[]","[]","[]","[]",2,"[311206,266538]","[0.768962,0.686255]","[1.22885,-1.90321]","[421590,353386]","[106796,121610]","[0,0]","[1.71714,1.05549]","[0.57794,0.389944]",0,"[]","[]","[]","[]","[]","[]","[]","[]","[]","[]",0,"[118.388]",12043.2,"[3814.58,2819.19,5050.55,2989.01,2477.87,3787.08,2778.84,1156.61]","[]","[13233.5,6324.59]","[]"
65,284500,6385984,364172,1,832.204,1.04079e+07,0,0.93962,1,1,1,1.14671,1.01876,1,1,0,0,1,"[1]","[1]","[36803]","[1.90327]","[-1.43291]","[126176]","[-0.0237932]","[1]","[11]","[1]","[1461.39]","[1026.64]","[-0.0272124]","[1.19295]",42226.1,1.71652,4,"[237671,203410,56120.1,21601]","[-1.45616,1.28342,-0.793477,0.675999]","[-2.40429,0.811806,0.8169,-0.00680366]","[538041,396200,75363.2,27025.9]","[0.999345,0.993156,0.984537,0.899405]","[0,0,0,0]","[0,0,0,0]","[0.86341,-0.725887,-0.729765,-0.677278]",0,"[]","[]","[]","[]","[]","[]","[]","[]","[]","[]",1,"[256393]","[-1.45295]","[-2.38147]","[578912]","[30402.5]","[0]","[2.71146]","[0.75834]",0,"[]","[]","[]","[]","[]","[]","[]","[]","[]","[]",0,"[213.222]",13446,"[3874.43,7558.89,2218.39,3711.35]","[]","[17907.7]","[]"
66,284500,783905,364172,1,832.204,1.04079e+07,0.619412,0.94943,1,1,1,0.993697,0.94658,1,1,0,0,1,"[1]","[1]","[44419.7]","[1.26429]","[0.910234]","[84908.5]","[-8.74646]","[-1]","[11]","[1]","[0]","[627.604]","[-0.00575471]","[0.570279]",63180,-2.23507,6,"[219994,148961,87558.2,30712.2,22829.2,20042.9]","[1.97973,0.0311244,2.38486,2.32586,-1.11704,-0.70088]","[0.375813,-2.52528,3.02126,2.46724,-0.229997,0.518326]","[811925,150885,479569,158800,39062.5,25509.7]","[0.998346,0.998924,1,0.74392,0.715692,0.943585]","[0,0,0,0,0,0]","[0,0,0,0,0,0]","[-0.897387,-0.906365,-0.627671,-0.832056,-0.271319,-0.780462]",0,"[]","[]","[]","[]","[]","[]","[]","[]","[]","[]",1,"[255727]","[1.91396]","[0.472743]","[888321]","[67448.6]","[0]","[0.983627]","[0.673057]",0,"[]","[]","[]","[]","[]","[]","[]","[]","[]","[]",0,"[185.302]",7980.22,"[5396.4,5509.91,3334.7,2359.93,1823.1,1186.2]","[]","[4788.11]","[]"
67,284500,2848658,364172,1,832.204,1.04079e+07,1.25133,0.98697,1,1,1,1,1.00582,1,1,0,0,1,"[1]","[1]","[267519]","[-0.545368]","[-0.472753]","[308298]","[-0.0495987]","[1]","[11]","[1]","[0]","[-697.317]","[-0.00589704]","[0.599183]",272310,2.67383,0,"[]","[]","[]","[]","[]","[]","[]","[]",0,"[]","[]","[]","[]","[]","[]","[]","[]","[]","[]",1,"[274375]","[-0.541178]","[-0.471643]","[315544]","[0.00585938]","[0]","[0]","[-1]",0,"[]","[]","[]","[]","[]","[]","[]","[]","[]","[]",0,"[3350.88]",0,"[]","[]","[4310.66]","[]"
68,284500,125306,364172,1,832.204,1.04079e+07,1.25133,0.96988,1,1,1,1.02726,1.00441,1,1,0,0,1,"[1]","[1]","[67762.5]","[1.70894]","[-0.104394]","[193265]","[-0.0246201]","[1]","[11]","[1]","[0]","[373.909]","[0.0211197]","[1.47383]",100497,2.65336,4,"[133561,125095,105648,28645.3]","[1.81931,1.78638,1.44762,0.862669]","[2.45351,-0.960718,-0.54096,-2.85487]","[422961,384008,237395,40443.3]","[0,0,0,1]","[0,0,0,5]","[0,0,0,0]","[-0.822659,-0.795525,-0.823845,0.999703]",0,"[]","[]","[]","[]","[]","[]","[]","[]","[]","[]",1,"[266958]","[1.71673]","[-0.607407]","[773075]","[97028]","[0]","[1.06463]","[0.31913]",0,"[]","[]","[]","[]","[]","[]","[]","[]","[]","[]",0,"[614.8]",6293.96,"[5174.79,5711.58,2871.37,1227.26]","[]","[9731.31]","[]"
69,284500,10333622,364172,1,832.204,1.04079e+07,1.21412,0.92001,1,1,1,0.995975,0.87288,1,1,0,0,1,"[1]","[1]","[28769.9]","[1.87115]","[-1.36219]","[95655.5]","[-0.118144]","[-1]","[11]","[1]","[0]","[2320.41]","[-0.0131165]","[0.701722]",2111.75,3.04672,5,"[271318,230984,157238,20799,20727]","[-1.13993,1.41665,0.508737,0.547957,0.465908]","[0.643581,3.0631,-1.4943,0.787327,3.13426]","[468241,505018,178831,24284.4,23349.4]","[0.102618,0.2986,0.0514388,0.988593,0.945181]","[0,0,0,0,0]","[0,0,0,0,0]","[-0.728356,-0.933518,-0.722157,-0.899575,-0.575025]",0,"[]","[]","[]","[]","[]","[]","[]","[]","[]","[]",1,"[276779]","[-1.11443]","[0.627177]","[468899]","[39971.2]","[0]","[2.61395]","[0.539577]",0,"[]","[]","[]","[]","[]","[]","[]","[]","[]","[]",0,"[276.731]",8147.8,"[5175.06,11783.8,2241.41,3669.68,1210.29]","[]","[1088.06]","[]"
70,284500,2904612,364172,3.64547,832.204,1.04079e+07,1.26205,0.98697,1,1,1,1,1.00582,1,1,0,0,1,"[1]","[1]","[265821]","[-0.15219]","[2.92165]","[268906]","[0.00184822]","[1]","[11]","[1]","[0]","[1231.68]","[0.00973027]","[1.81836]",271601,-0.0620708,0,"[]","[]","[]","[]","[]","[]","[]","[]",0,"[]","[]","[]","[]","[]","[]","[]","[]","[]","[]",1,"[274428]","[-0.139111]","[2.91894]","[277088]","[0.00352105]","[0]","[0]","[-1]",0,"[]","[]","[]","[]","[]","[]","[]","[]","[]","[]",0,"[2722.22]",825.062,"[]","[]","[17153.1]","[]"
71,284500,2616188,364172,1,832.204,1.04079e+07,0.619412,0.96833,1,1,1,0.977907,0.97476,1,1,0,0,1,"[1]","[1]","[49592.7]","[0.735609]","[1.22157]","[63626.5]","[-0.00471592]","[-1]","[11]","[1]","[6210.02]","[-281.278]","[0.00789003]","[0.844502]",40621.8,-1.07246,3,"[412149,366159,23150.5]","[-0.680849,-0.428338,-2.09984]","[2.76097,-0.384595,-1.22543]","[511805,400787,96033.6]","[0.991389,0.998106,0.990326]","[0,5,0]","[0,0,0]","[-0.876634,0.994134,-0.702806]",0,"[]","[]","[]","[]","[]","[]","[]","[]","[]","[]",2,"[404152,353063]","[-0.678206,-0.425211]","[2.76199,-0.390081]","[500903,385688]","[13629.6,13128.2]","[0,0]","[3.61322,3.738]","[0.0775283,0.338324]",0,"[]","[]","[]","[]","[]","[]","[]","[]","[]","[]",0,"[82.6487]",10719.8,"[9745.71,4229.26,3238.84]","[]","[6539.34,8061.5]","[]"
72,284500,5006592,364172,1,832.204,1.04079e+07,1.21412,0.95684,1,1,1,0.999143,0.96441,1,1,0,0,1,"[1]","[1]","[31944.7]","[-1.05862]","[-2.38105]","[51580.1]","[-0.0673218]","[1]","[11]","[1]","[3373.19]","[8.72498]","[-0.0301925]","[2.95003]",42156.3,0.369814,2,"[321886,304363]","[2.25494,-0.250786]","[-2.21096,0.925689]","[1.55152e+06,314492]","[0.998778,0.994749]","[0,0]","[0,0]","[-0.954043,-0.82898]",0,"[]","[]","[]","[]","[]","[]","[]","[]","[]","[]",1,"[317018]","[-0.263076]","[0.930608]","[328602]","[19006.8]","[0]","[5.17018]","[0.275008]",0,"[]","[]","[]","[]","[]","[]","[]","[]","[]","[]",0,"[117.05]",8811.23,"[19697,8022.93]","[]","[964.25]","[]"
73,284500,10191326,364172,-0.148771,832.204,1.04079e+07,0.553627,0.98428,1,1,1,0.980512,1.00121,1,1,0,0,1,"[1]","[1]","[229870]","[-1.98194]","[0.143844]","[849897]","[0.0492001]","[1]","[11]","[1]","[0]","[-785.658]","[0.014753]","[1.02386]",251655,3.11983,2,"[26586.3,20266.2]","[-0.938998,0.576979]","[-0.701176,-2.00806]","[39498.1,23872.8]","[0.991355,0.981515]","[4,0]","[0,0]","[-0.742254,-0.734206]",0,"[]","[]","[]","[]","[]","[]","[]","[]","[]","[]",1,"[252808]","[-1.98297]","[0.144373]","[935640]","[2164.62]","[0]","[0]","[-1]",0,"[]","[]","[]","[]","[]","[]","[]","[]","[]","[]",0,"[3660.71]",1576.44,"[2193.43,1145.76]","[]","[7787.2]","[]"
74,284500,1289075,364172,0.459425,832.204,1.04079e+07,0.738662,0.93652,1,1,1,0.996258,0.94568,1,1,0,0,1,"[1]","[1]","[39884.8]","[-1.30278]","[2.78876]","[78797.9]","[14.2734]","[1]","[11]","[1]","[0]","[121.886]","[-0.00676191]","[0.440607]",51108.6,0.300376,5,"[349347,329632,87367.4,40374.8,25126.8]","[-0.102561,-1.774,1.53425,2.47941,0.475183]","[0.0114296,-2.48721,2.03357,2.67264,1.35049]","[352612,999842,212739,242642,28464.4]","[0.985864,1,0.983246,1,0.995386]","[0,0,0,0,0]","[0,0,0,0,0]","[-0.933943,-0.946301,-0.486563,-0.801033,-0.254165]",0,"[]","[]","[]","[]","[]","[]","[]","[]","[]","[]",2,"[352296,322576]","[-0.053738,-1.75492]","[0.0136092,-2.4853]","[354521,960886]","[34838.6,22711.5]","[0,0]","[1.86492,2.00692]","[0.70489,0.731623]",0,"[]","[]","[]","[]","[]","[]","[]","[]","[]","[]",0,"[81.0314]",14424.4,"[5393.83,14249.5,6764.55,3344.78,2145.23]","[]","[14766.2,33347.5]","[]"
75,284500,2067472,364172,-2.09745,832.204,1.04079e+07,1.21412,1.01378,1,1,1,0.997629,1.00936,1,1,0,0,1,"[1]","[1]","[270341]","[0.0682784]","[-3.01514]","[270972]","[-0.0438871]","[-1]","[11]","[1]","[1703.01]","[451.707]","[-0.0474835]","[8.13417]",293640,-0.0802047,3,"[24901.5,24137.6,20789.3]","[0.486746,-0.582173,0.731095]","[0.272353,2.28231,2.27946]","[28104.6,28620.9,27176.2]","[1,0.965655,1]","[0,0,0]","[0,0,0]","[-0.911731,-0.435856,0.258358]",0,"[]","[]","[]","[]","[]","[]","[]","[]","[]","[]",1,"[280626]","[0.0687368]","[-3.00999]","[281341]","[5370.25]","[0]","[21.5486]","[-1]",0,"[]","[]","[]","[]","[]","[]","[]","[]","[]","[]",0,"[5054.05]",8756.12,"[1764.28,1787.22,1135.14]","[]","[10876.8]","[]"
76,284500,3582265,364172,-1,832.204,1.04079e+07,0.553627,0.87677,1,1,1,1.02657,0.98992,1,1,0,0,1,"[1]","[1]","[34665.1]","[2.37158]","[-3.01435]","[187323]","[-0.108672]","[-1]","[11]","[1]","[1544.78]","[1759.61]","[0.008269]","[0.533484]",21079.4,0.106036,2,"[372765,371370]","[-0.359739,1.41405]","[-1.72195,1.41655]","[397290,809184]","[0.991447,0.765721]","[0,5]","[0,0]","[-0.934269,-0.88614]",0,"[]","[]","[]","[]","[]","[]","[]","[]","[]","[]",2,"[373970,369721]","[-0.360944,1.41421]","[-1.72103,1.42197]","[398745,805531]","[10913.4,18582.9]","[0,0]","[5.58244,3.37836]","[0.286133,0.529256]",0,"[]","[]","[]","[]","[]","[]","[]","[]","[]","[]",0,"[123.158]",27306.5,"[3823.18,13846.2]","[]","[21667,19664.6]","[]"
77,284500,3681661,364172,-1,832.204,1.04079e+07,0.923924,1.00588,1,1,1,0.998189,1.00306,1,1,0,0,1,"[1]","[1]","[232098]","[1.14216]","[-2.52778]","[400676]","[-0.00328064]","[1]","[11]","[1]","[0]","[2383.78]","[0.0167764]","[1.51827]",228024,0.666528,1,"[32858.4]","[-2.494]","[-1.79756]","[200410]","[0.0239312]","[0]","[0]","[-0.841642]",0,"[]","[]","[]","[]","[]","[]","[]","[]","[]","[]",1,"[252837]","[1.14926]","[-2.52333]","[439072]","[6837.19]","[0]","[11.9946]","[0.602372]",0,"[]","[]","[]","[]","[]","[]","[]","[]","[]","[]",0,"[2439.91]",2913.09,"[3264.12]","[]","[662.406]","[]"
78,284500,2380110,364172,1,832.204,1.04079e+07,0.619412,0.97695,1,1,1,1,0.98743,1,1,0,0,1,"[1]","[1]","[330513]","[-0.0660435]","[2.99272]","[331234]","[-0.0315714]","[1]","[11]","[1]","[0]","[-1648.82]","[0.0162877]","[2.80391]",313919,-0.184113,0,"[]","[]","[]","[]","[]","[]","[]","[]",0,"[]","[]","[]","[]","[]","[]","[]","[]","[]","[]",1,"[341516]","[-0.0616213]","[2.99161]","[342164]","[0.00201324]","[0]","[0]","[-1]",0,"[]","[]","[]","[]","[]","[]","[]","[]","[]","[]",0,"[3324.59]",2860,"[]","[]","[3187.94]","[]"
79,284500,9945450,364172,-1,832.204,1.04079e+07,1.32095,0.97994,1,1,1,0.99902,1.00632,1,1,0,0,1,"[1]","[1]","[278880]","[0.374288]","[-2.17588]","[298643]","[-0.0971756]","[1]","[11]","[1]","[0]","[2696.16]","[-0.00774498]","[1.3604]",282148,0.99764,1,"[38371.5]","[1.23285]","[-1.77367]","[71921.6]","[0.988214]","[0]","[0]","[-0.607146]",0,"[]","[]","[]","[]","[]","[]","[]","[]","[]","[]",1,"[305626]","[0.315763]","[-2.1821]","[321030]","[5120.49]","[0]","[15.9019]","[0.37919]",0,"[]","[]","[]","[]","[]","[]","[]","[]","[]","[]",0,"[2411.35]",7694.62,"[9916.55]","[]","[12230.3]","[]"
80,284500,9950398,364172,1,832.204,1.04079e+07,0.553627,0.98697,1,1,1,1,1,1,1,0,0,1,"[1]","[1]","[255949]","[-0.395363]","[1.2013]","[276214]","[-0.120722]","[-1]","[11]","[0]","[0]","[411.179]","[0.00128308]","[0.172784]",217099,-1.91038,0,"[]","[]","[]","[]","[]","[]","[]","[]",0,"[]","[]","[]","[]","[]","[]","[]","[]","[]","[]",1,"[267490]","[-0.389916]","[1.20945]","[288089]","[1904.54]","[0]","[0]","[-1]",0,"[]","[]","[]","[]","[]","[]","[]","[]","[]","[]",0,"[1479.84]",21563.3,"[]","[]","[17125.8]","[]"
81,284500,5502958,364172,1,832.204,1.04079e+07,0.75088,0.97994,1,1,1,0.997552,1.00632,1,1,0,0,1,"[1]","[1]","[416608]","[0.383408]","[-1.13063]","[447606]","[-0.0524826]","[1]","[11]","[1]","[0]","[-1845.84]","[-0.0035497]","[0.38603]",415124,1.99835,2,"[33225.9,21220.1]","[-2.28575,-0.878442]","[-2.78833,-0.15239]","[165154,30336.7]","[0.97596,0.95347]","[0,0]","[0,0]","[-0.500137,-0.885859]",0,"[]","[]","[]","[]","[]","[]","[]","[]","[]","[]",1,"[432499]","[0.365054]","[-1.13182]","[461638]","[-0.00676582]","[0]","[0]","[-1]",0,"[]","[]","[]","[]","[]","[]","[]","[]","[]","[]",0,"[3401.78]",1447.69,"[9885.36,1950.01]","[]","[3175.41]","[]"
82,284500,10634487,364172,1,832.204,1.04079e+07,0.351687,0.95734,1,1,1,0.999911,0.97256,1,1,0,0,1,"[1]","[1]","[32293.3]","[0.975977]","[-2.3093]","[48933.7]","[0.0120969]","[-1]","[11]","[1]","[0]","[250.078]","[0.0316306]","[2.45611]",69765.5,1.64273,3,"[221655,184732,22778.3]","[1.28669,-0.523509,0.00776737]","[-1.63002,1.51083,-0.129098]","[432640,211075,23186.1]","[0.995191,0.992675,0.982728]","[0,5,0]","[0,0,0]","[-0.663278,-0.0838822,-0.109834]",0,"[]","[]","[]","[]","[]","[]","[]","[]","[]","[]",1,"[256475]","[1.27678]","[-1.74027]","[500382]","[69659.5]","[0]","[1.12923]","[0.49342]",0,"[]","[]","[]","[]","[]","[]","[]","[]","[]","[]",0,"[34.0225]",369.156,"[4356.21,3768.35,1770.4]","[]","[4477.88]","[]"
83,284500,10206253,364172,-1,832.204,1.04079e+07,1.26459,0.97994,1,1,1,1,1.00632,1,1,0,0,1,"[1]","[1]","[263719]","[0.559896]","[0.265431]","[306146]","[-0.0273019]","[-1]","[11]","[1]","[0]","[-2393.36]","[0.014187]","[2.23022]",264278,-2.87418,0,"[]","[]","[]","[]","[]","[]","[]","[]",0,"[]","[]","[]","[]","[]","[]","[]","[]","[]","[]",1,"[272263]","[0.566895]","[0.26415]","[317196]","[0.00195312]","[0]","[0]","[-1]",0,"[]","[]","[]","[]","[]","[]","[]","[]","[]","[]",0,"[1377.03]",0,"[]","[]","[4234.72]","[]"
84,284500,10311515,364172,1,832.204,1.04079e+07,0.923924,0.9655,1,1,1,0.998977,1.00324,1,1,0,0,1,"[1]","[1]","[34628.1]","[0.346857]","[-3.05485]","[36732.1]","[-37.8386]","[-1]","[11]","[1]","[0]","[602.119]","[0.0371161]","[2.10381]",42476.3,0.452017,2,"[342328,341953]","[-1.83816,-0.899273]","[2.1791,-0.989281]","[1.10317e+06,492986]","[1,0.994835]","[0,0]","[0,0]","[-0.938292,0.370828]",0,"[]","[]","[]","[]","[]","[]","[]","[]","[]","[]",2,"[349793,354892]","[-0.897354,-1.82865]","[-0.995037,2.1776]","[503876,1.13329e+06]","[59628.8,15883.3]","[0,0]","[1.80875,4.2882]","[0.723624,0.448703]",0,"[]","[]","[]","[]","[]","[]","[]","[]","[]","[]",0,"[162.864]",505.914,"[6065.22,4261.22]","[]","[23735.4,29999.1]","[]"
85,284500,3301322,364172,1,832.204,1.04079e+07,1.21412,0.97199,1,1,1,0.974,0.99121,1,1,0,0,1,"[1]","[1]","[43759.2]","[0.0856681]","[1.42959]","[43919.8]","[-0.00933075]","[-1]","[11]","[1]","[4222.16]","[783.705]","[0.0050561]","[0.731419]",5015.66,2.78235,3,"[297073,292727,39297.3]","[1.40999,2.14316,-1.37415]","[2.38105,-0.835008,-1.2275]","[645231,1.26525e+06,82757.1]","[0.985899,0.99808,0.60389]","[5,0,0]","[0,0,0]","[0.998918,-0.74857,-0.552909]",0,"[]","[]","[]","[]","[]","[]","[]","[]","[]","[]",1,"[283914]","[1.42882]","[2.38248]","[626749]","[17428.7]","[0]","[2.17944]","[0.659817]",0,"[]","[]","[]","[]","[]","[]","[]","[]","[]","[]",0,"[110.187]",50732.3,"[3267,11296.3,1572.11]","[]","[16015.4]","[]"
86,284500,5505395,364172,-1,832.204,1.04079e+07,0,0.94196,1,1,1,0.993811,0.9876,1,1,0,0,1,"[1]","[1]","[34980.1]","[-1.97514]","[-2.4086]","[128489]","[143.609]","[1]","[11]","[1]","[0]","[710.43]","[-0.0205565]","[1.33717]",47700.7,1.20899,7,"[215112,214257,62495.7,29086.9,22946.6,21630.4,20413.7]","[0.94094,2.17905,0.548525,-0.534222,2.38831,-1.04056,0.0432236]","[0.799814,-2.63893,-0.0416204,-1.52452,2.95792,-1.26191,-1.50361]","[318388,959138,73397.3,33953.3,126173,34718.2,20865.4]","[0.999465,0.999584,0.991906,0.998136,0.988774,1,0.991976]","[0,0,0,0,0,0,0]","[0,0,0,0,0,0,0]","[-0.969021,-0.925033,-0.840348,-0.333,-0.41786,-0.755539,-0.867091]",0,"[]","[]","[]","[]","[]","[]","[]","[]","[]","[]",1,"[272636]","[0.862275]","[0.659254]","[393215]","[99458.6]","[0]","[1.48142]","[0.718052]",0,"[]","[]","[]","[]","[]","[]","[]","[]","[]","[]",0,"[230.657]",8670.6,"[2774.17,3775.72,2388.85,4029.01,2263.72,2097.71,1226.91]","[]","[22158.8]","[]"
87,284500,5622727,364172,1,832.204,1.04079e+07,0.75088,0.98697,1,1,1,1,1.00582,1,1,0,0,1,"[1]","[1]","[253411]","[-0.334484]","[-2.68987]","[267719]","[-0.00334167]","[-1]","[11]","[1]","[2824.39]","[1762.77]","[0.0372078]","[1.85591]",239170,0.499239,0,"[]","[]","[]","[]","[]","[]","[]","[]",0,"[]","[]","[]","[]","[]","[]","[]","[]","[]","[]",1,"[263183]","[-0.375101]","[-2.69083]","[281916]","[0.00390625]","[0]","[0]","[-1]",0,"[]","[]","[]","[]","[]","[]","[]","[]","[]","[]",0,"[1581.57]",0,"[]","[]","[10657.9]","[]"
88,284500,4702421,364172,1,832.204,1.04079e+07,0.553627,0.97996,1,1,1,1.00185,1.01265,1,1,0,0,1,"[1]","[1]","[276339]","[1.59983]","[2.56749]","[712142]","[-0.0515327]","[1]","[11]","[1]","[0]","[754.485]","[0.00346764]","[0.417367]",254860,-0.665779,1,"[23598.5]","[0.267479]","[-0.00582997]","[25085.7]","[1]","[5]","[0]","[0.740379]",0,"[]","[]","[]","[]","[]","[]","[]","[]","[]","[]",1,"[304104]","[1.60036]","[2.5712]","[784113]","[7348.57]","[0]","[15.5362]","[0.249911]",0,"[]","[]","[]","[]","[]","[]","[]","[]","[]","[]",0,"[6098.6]",22690.2,"[1676.35]","[]","[1991.91]","[]"
89,284500,15144550,364172,1,832.204,1.04079e+07,0.75088,0.96654,1,1,1,0.997471,0.99197,1,1,0,0,1,"[1]","[1]","[31719.2]","[-0.553445]","[-2.3824]","[36702.3]","[-27.9511]","[1]","[11]","[1]","[0]","[-308.621]","[-0.00100731]","[0.0714404]",59501.9,0.151468,4,"[346764,89472.7,82649.2,25073]","[1.76054,1.78453,0.700727,-0.70109]","[2.81566,-0.0953785,-0.30445,-0.41232]","[1.03848e+06,274148,104667,31796.6]","[1,0.990699,0.993906,0.99]","[0,0,0,0]","[0,0,0,0]","[-0.888999,-0.892243,-0.866484,-0.852378]",0,"[]","[]","[]","[]","[]","[]","[]","[]","[]","[]",1,"[339194]","[1.76346]","[2.80725]","[1.01838e+06]","[14652.3]","[0]","[3.09279]","[0.661789]",0,"[]","[]","[]","[]","[]","[]","[]","[]","[]","[]",0,"[201.831]",18116.8,"[6704.12,6392.22,4890.95,2138.8]","[]","[2864.66]","[]"
90,284500,14407491,364172,1,832.204,1.04079e+07,0.934886,0.96689,1,1,1,0.996229,1.00136,1,1,0,0,1,"[1]","[1]","[50871]","[1.59925]","[-1.04551]","[131027]","[-71.6687]","[-1]","[11]","[1]","[2910.01]","[1368.45]","[-0.0192607]","[1.92978]",53380.6,2.51337,5,"[215269,132581,113777,79679.6,62647]","[1.01594,0.989808,1.96432,1.25617,1.41015]","[-2.98987,0.400152,-2.72364,-2.22702,-0.412144]","[337050,203873,413877,151495,136288]","[1,1,0.990584,0.992007,0.995605]","[0,0,0,0,0]","[0,0,0,0,0]","[-0.931995,-0.75991,-0.9527,-0.793481,-0.77151]",0,"[]","[]","[]","[]","[]","[]","[]","[]","[]","[]",1,"[391485]","[1.42744]","[-2.77412]","[888542]","[212253]","[0]","[1.18863]","[0.44483]",0,"[]","[]","[]","[]","[]","[]","[]","[]","[]","[]",0,"[421.821]",12838.9,"[10661.6,6741.61,3061.42,3582.56,6137.17]","[]","[23467.2]","[]"
91,284500,13683228,364172,1,832.204,1.04079e+07,1.25133,0.97994,1,1,1,0.99905,1.00632,1,1,0,0,1,"[1]","[1]","[243511]","[0.533216]","[1.7105]","[278956]","[0.0302391]","[-1]","[11]","[1]","[0]","[555.752]","[-0.009877]","[1.42821]",223093,-1.43484,1,"[20132.6]","[0.22978]","[-1.63443]","[21156]","[0.987249]","[0]","[0]","[-0.758816]",0,"[]","[]","[]","[]","[]","[]","[]","[]","[]","[]",1,"[255076]","[0.521245]","[1.71321]","[290520]","[0.00676582]","[0]","[0]","[-1]",0,"[]","[]","[]","[]","[]","[]","[]","[]","[]","[]",0,"[1747.21]",14258.9,"[1119.21]","[]","[11754.3]","[]"
92,284500,16870874,364172,1,832.204,1.04079e+07,1.25133,0.98697,1,1,1,0.999248,1.00582,1,1,0,0,1,"[1]","[1]","[430179]","[-0.211218]","[-2.7623]","[439810]","[0.0577269]","[1]","[11]","[1]","[0]","[1108.08]","[0.0231792]","[2.65642]",422061,0.313615,1,"[22185.9]","[0.877891]","[1.28091]","[31571.9]","[0.908893]","[0]","[0]","[-0.862195]",0,"[]","[]","[]","[]","[]","[]","[]","[]","[]","[]",1,"[439455]","[-0.214685]","[-2.76804]","[449628]","[2403.51]","[0]","[44.6757]","[-1]",0,"[]","[]","[]","[]","[]","[]","[]","[]","[]","[]",0,"[3148.71]",2258.5,"[4323.8]","[]","[21252.2]","[]"
93,284500,16872613,364172,1,832.204,1.04079e+07,0.75088,0.97199,1,1,1,0.996609,0.98736,1,1,0,0,1,"[1]","[1]","[42049.1]","[0.572177]","[0.309221]","[49122.1]","[2.97192]","[-1]","[11]","[1]","[0]","[-630.544]","[0.0221785]","[1.33429]",41103.7,3.01364,5,"[287817,268703,43753.8,24711.9,23896.3]","[0.468704,0.780778,-1.00786,0.985269,1.2842]","[2.60653,-0.65688,0.760781,-2.85511,-1.91218]","[320424,357887,68621.8,38038.7,46625.4]","[0.99921,0.996513,0.876604,0.994092,0.879166]","[0,0,0,0,0]","[0,0,0,0,0]","[-0.970284,-0.626236,-0.0626102,0.0223919,-0.30356]",0,"[]","[]","[]","[]","[]","[]","[]","[]","[]","[]",1,"[301276]","[0.453427]","[2.60426]","[333158]","[15845.2]","[0]","[2.50131]","[0.476832]",0,"[]","[]","[]","[]","[]","[]","[]","[]","[]","[]",0,"[29.5689]",1438.84,"[4327.01,2972.94,3541.92,1963.68,1650.68]","[]","[8134.09]","[]"
94,284500,15384059,364172,1,832.204,1.04079e+07,0.923924,0.95847,1,1,1,1.73673,0.97785,1,1,0,0,1,"[1]","[1]","[42679.7]","[0.039597]","[1.75265]","[42713.2]","[20.8028]","[-1]","[11]","[1]","[0]","[1101.3]","[-0.0125888]","[1.48181]",96044.4,-0.967664,8,"[206101,88742.1,53827,52679.1,38680.8,26444.7,25144.4,22966]","[-1.31353,1.75575,-0.889,-0.956625,-0.444595,-1.35819,-1.47576,-1.36437]","[3.02063,-0.461373,-2.74515,-0.0526412,2.87659,-1.98116,0.233182,2.52169]","[411339,264781,76840.3,78866.1,42982,55062.9,58069.3,48081]","[1,0.996401,0.984413,0.996936,1,0.924655,0.972297,0.961204]","[0,0,0,0,0,0,0,0]","[0,0,0,0,0,0,0,0]","[-0.967663,-0.798531,-0.726556,-0.691913,-0.83874,-0.882975,0.8881,-0.8467]",0,"[]","[]","[]","[]","[]","[]","[]","[]","[]","[]",1,"[277887]","[-1.15967]","[3.09669]","[500379]","[116421]","[0]","[1.47231]","[0.402084]",0,"[]","[]","[]","[]","[]","[]","[]","[]","[]","[]",0,"[123.467]",12641.7,"[4720.28,4810.18,2168.18,2667.46,3712.43,3342.13,4269.87,1611.69]","[]","[25941]","[]"
95,284500,2784039,364172,1,832.204,1.04079e+07,1.32095,1.00588,1,1,1,0.99919,1.00306,1,1,0,0,1,"[1]","[1]","[243857]","[1.02665]","[-2.16691]","[384062]","[0.00366211]","[-1]","[11]","[1]","[1580.22]","[494.367]","[0.00161967]","[0.243733]",221647,0.886066,1,"[26747.1]","[-0.534324]","[2.7349]","[31143.4]","[0.977987]","[0]","[0]","[-0.0917993]",0,"[]","[]","[]","[]","[]","[]","[]","[]","[]","[]",1,"[293406]","[1.00153]","[-2.16698]","[453278]","[1190.1]","[0]","[47.9645]","[-1]",0,"[]","[]","[]","[]","[]","[]","[]","[]","[]","[]",0,"[3040.13]",12814.2,"[2089.69]","[]","[8290.97]","[]"
96,284500,4407350,364172,-1,832.204,1.04079e+07,0.923924,0.99211,1,1,1,0.999253,0.9918,1,1,0,0,1,"[1]","[1]","[320813]","[-0.631418]","[1.02893]","[386919]","[0.0144806]","[1]","[11]","[1]","[0]","[65.0891]","[-0.00663547]","[0.989406]",331736,-2.02827,1,"[23247.1]","[-0.961147]","[2.34885]","[34985.9]","[0.997736]","[0]","[0]","[-0.499701]",0,"[]","[]","[]","[]","[]","[]","[]","[]","[]","[]",1,"[330574]","[-0.663191]","[1.0277]","[405975]","[0.00390625]","[0]","[0]","[-1]",0,"[]","[]","[]","[]","[]","[]","[]","[]","[]","[]",0,"[2488.93]",424.719,"[2119.59]","[]","[847.531]","[]"
97,284500,10885632,364172,1,832.204,1.04079e+07,1.25133,0.96484,1,1,1,0.976927,0.96343,1,1,0,0,1,"[1]","[1]","[38955.7]","[0.853787]","[3.02579]","[54037.9]","[0.0149193]","[1]","[11]","[1]","[0]","[1144.03]","[0.010417]","[0.766816]",43702.3,-0.305503,2,"[273759,260730]","[-1.77068,-1.7824]","[1.84618,-1.32399]","[827575,797063]","[0.999389,0.990035]","[5,0]","[0,0]","[0.986107,-0.375552]",0,"[]","[]","[]","[]","[]","[]","[]","[]","[]","[]",2,"[268326,260573]","[-1.76252,-1.77625]","[1.84503,-1.32301]","[804881,791921]","[11142.2,16805.4]","[0,0]","[3.21015,2.93227]","[0.0747355,0.674889]",0,"[]","[]","[]","[]","[]","[]","[]","[]","[]","[]",0,"[259.649]",17548.3,"[12607.5,13904.6]","[]","[15946.6,0]","[]"
98,284500,4054893,364172,1,832.204,1.04079e+07,1.55465,0.98428,1,1,1,1.01782,1.00121,1,1,0,0,1,"[1]","[1]","[233803]","[-1.9699]","[1.63544]","[854484]","[0.0949974]","[-1]","[11]","[1]","[0]","[943.883]","[0.00578469]","[0.366188]",227772,-1.55967,2,"[22987.4,21870.7]","[0.904207,-0.160831]","[-0.969547,1.3507]","[33426.1,22793.5]","[0.911008,0.986162]","[0,5]","[0,0]","[-0.87394,0.623466]",0,"[]","[]","[]","[]","[]","[]","[]","[]","[]","[]",1,"[252495]","[-1.97983]","[1.63485]","[931655]","[1784.89]","[0]","[21.7518]","[-1]",0,"[]","[]","[]","[]","[]","[]","[]","[]","[]","[]",0,"[2792.49]",20664.3,"[1880.73,1188.43]","[]","[32475.6]","[]"
99,284500,12952982,364172,1,832.204,1.04079e+07,0.696077,0.95098,1,1,1,0.993436,0.94612,1,1,0,0,1,"[1]","[1]","[28876.9]","[0.766606]","[-1.19425]","[37786]","[48.6226]","[1]","[11]","[1]","[0]","[-1364.67]","[-0.00150075]","[0.142234]",41735,2.31765,7,"[266982,147598,118741,46531.3,40218.1,31270.2,22199.4]","[-1.04163,1.05003,2.19412,-1.10937,-0.369179,1.81414,-1.60442]","[2.91593,-0.304667,-1.03563,1.0862,0.836722,-0.218959,2.06659]","[427244,237417,539441,78694.2,43849.9,98752,57652.8]","[1,0.992104,0.904216,0.990745,0.99308,0.930098,0.985248]","[0,0,0,0,0,0,0]","[0,0,0,0,0,0,0]","[-0.935034,-0.435701,-0.85247,-0.755004,-0.805846,-0.892859,-0.833942]",0,"[]","[]","[]","[]","[]","[]","[]","[]","[]","[]",1,"[273950]","[-1.06628]","[2.91712]","[446387]","[35015.7]","[0]","[1.5915]","[0.71537]",0,"[]","[]","[]","[]","[]","[]","[]","[]","[]","[]",0,"[75.1217]",10824.5,"[5541.15,2630.09,7925.93,4411.39,3680.4,2036.46,6600.95]","[]","[14381.3]","[]"
100,284500,9476431,364172,-1,832.204,1.04079e+07,0.738662,0.98089,1,1,1,0.999228,0.99866,1,1,0,0,1,"[1]","[1]","[269581]","[-1.15061]","[-0.43771]","[468608]","[-0.006567]","[-1]","[11]","[1]","[0]","[2557.6]","[-0.0110719]","[1.47319]",274970,2.56624,1,"[25430]","[-0.075305]","[3.07749]","[26037.8]","[0.71675]","[0]","[0]","[-0.520386]",0,"[]","[]","[]","[]","[]","[]","[]","[]","[]","[]",1,"[289080]","[-1.14639]","[-0.437613]","[500771]","[838.147]","[0]","[0]","[-1]",0,"[]","[]","[]","[]","[]","[]","[]","[]","[]","[]",0,"[4455.99]",34818.6,"[1777.58]","[]","[2445.84]","[]"
101,284500,5689603,364172,-1,832.204,1.04079e+07,1.26205,0.93306,1,1,1,0.998882,0.94953,1,1,0,0,1,"[1]","[1]","[34808.7]","[-1.19392]","[-1.52668]","[62708.3]","[178.859]","[1]","[11]","[1]","[0]","[-240.848]","[0.0324916]","[2.57689]",52808.7,1.23367,2,"[251225,208835]","[0.98513,-1.21998]","[2.54875,-0.674816]","[385670,384716]","[0.995625,0.991278]","[0,0]","[0,0]","[-0.895454,-0.943771]",0,"[]","[]","[]","[]","[]","[]","[]","[]","[]","[]",1,"[252236]","[0.933901]","[2.54354]","[372602]","[39870.2]","[0]","[1.50128]","[0.619662]",0,"[]","[]","[]","[]","[]","[]","[]","[]","[]","[]",0,"[154.946]",2812.37,"[5830.53,3690.18]","[]","[0]","[]"
102,284500,8986650,364172,1,832.204,1.04079e+07,1.21412,0.97361,1,1,1,0.997598,0.98448,1,1,0,0,1,"[1]","[1]","[45885.7]","[-0.370171]","[1.85233]","[49065.6]","[32.375]","[-1]","[11]","[1]","[0]","[-74.303]","[-0.00438095]","[0.471907]",135274,-1.97295,4,"[437819,290528,235097,51701.4]","[0.506514,-1.11724,-1.30702,-0.914879]","[-2.42175,1.03506,0.568819,0.279858]","[496806,491902,467002,75406.3]","[0.99187,0.999456,0.989091,1]","[0,0,0,0]","[0,0,0,0]","[-0.628412,-0.830323,-0.948565,-0.878004]",0,"[]","[]","[]","[]","[]","[]","[]","[]","[]","[]",2,"[465794,449262]","[-1.23805,0.481999]","[0.83012,-2.42381]","[879519,504222]","[123780,42028.1]","[0,0]","[0.875729,1.83096]","[0.726304,0.616079]",0,"[]","[]","[]","[]","[]","[]","[]","[]","[]","[]",0,"[168.518]",1472.86,"[9854.43,5426.89,8696.71,3553.02]","[]","[30628.5,17979.9]","[]"
103,284500,6209172,364172,1,832.204,1.04079e+07,1.55465,0.9523,1,1,1,0.976566,1.00043,1,1,0,0,1,"[1]","[1]","[37827.8]","[1.80397]","[-0.999937]","[117992]","[0.0473938]","[-1]","[11]","[1]","[0]","[1647.35]","[-0.00806819]","[0.626661]",32875.5,1.91406,2,"[285845,280763]","[0.996874,1.08116]","[2.26569,-0.89065]","[440136,461754]","[1,0.990463]","[0,5]","[0,0]","[-0.883757,0.998155]",0,"[]","[]","[]","[]","[]","[]","[]","[]","[]","[]",2,"[335582,293056]","[1.18883,0.976295]","[-0.90447,2.26694]","[609304,444256]","[94061.2,8648.06]","[0,0]","[1.34843,7.03647]","[0.696972,0.541302]",0,"[]","[]","[]","[]","[]","[]","[]","[]","[]","[]",0,"[120.909]",5977.24,"[6347.47,3245.49]","[]","[12058.4,7545.09]","[]"
104,284500,15804319,364172,-1,832.204,1.04079e+07,0.738662,0.95061,1,1,1,1.36897,0.95105,1,1,0,0,1,"[1]","[1]","[30600.7]","[-0.610272]","[0.0310068]","[36478.1]","[-64.57]","[-1]","[11]","[1]","[0]","[-1191.24]","[0.0129251]","[0.950639]",27695.4,-2.27116,8,"[319869,199115,72713.7,58251.2,35345.3,28772.3,26081.1,24925]","[0.721858,0.595365,0.594124,1.01456,0.00421969,-0.0869316,1.05966,0.0451518]","[1.35243,-2.15337,-1.40782,0.485249,-1.03424,-3.03774,-1.84457,-2.23036]","[409788,238945,87127.2,91453.5,36003.2,29595.6,42517.5,25607.5]","[0.995345,0.990361,1,0.982792,0.946524,0.981419,0.926227,0.68225]","[0,0,0,0,0,0,0,0]","[0,0,0,0,0,0,0,0]","[0.985203,-0.737429,0.82557,-0.802383,-0.870142,-0.282061,0.162544,-0.61832]",0,"[]","[]","[]","[]","[]","[]","[]","[]","[]","[]",1,"[341055]","[0.832987]","[1.22427]","[485393]","[134523]","[0]","[1.57492]","[0.6312]",0,"[]","[]","[]","[]","[]","[]","[]","[]","[]","[]",0,"[165.167]",15738,"[5997.27,4292.09,2986.94,2530.67,2244.6,5785.04,5528.52,2190.02]","[]","[434.312]","[]"
105,284500,9621579,364172,1,832.204,1.04079e+07,0.923924,0.95586,1,1,1,0.997276,0.96932,1,1,0,0,1,"[1]","[1]","[31256.3]","[0.61565]","[-2.67446]","[37369.2]","[42.2211]","[1]","[11]","[1]","[0]","[-703.767]","[-0.0175729]","[0.834523]",15418.9,0.818148,4,"[284202,153709,84075.4,41740]","[-1.41114,0.116087,-0.155869,0.323821]","[-0.680667,2.62001,2.03171,2.23354]","[618477,155820,85881,44116.4]","[0.999255,0.998836,0.992893,0.997337]","[0,0,0,0]","[0,0,0,0]","[-0.723405,-0.48191,-0.625221,-0.718041]",0,"[]","[]","[]","[]","[]","[]","[]","[]","[]","[]",1,"[271076]","[-1.41695]","[-0.680706]","[592811]","[32951.3]","[0]","[1.53227]","[0.710004]",0,"[]","[]","[]","[]","[]","[]","[]","[]","[]","[]",0,"[234.057]",2037.56,"[3923.51,5189.21,1956.62,2492.79]","[]","[6367.97]","[]"
106,284500,11573994,364172,1,832.204,1.04079e+07,0.75088,0.96323,1,1,1,1,1.00493,1,1,0,0,1,"[1]","[1]","[251217]","[-1.3036]","[0.791174]","[496668]","[0.0613616]","[1]","[11]","[1]","[6526.84]","[2711.19]","[-0.010895]","[0.652497]",251277,-2.32398,0,"[]","[]","[]","[]","[]","[]","[]","[]",0,"[]","[]","[]","[]","[]","[]","[]","[]","[]","[]",1,"[292294]","[-1.31838]","[0.785891]","[585502]","[15123.8]","[0]","[13.693]","[0.579856]",0,"[]","[]","[]","[]","[]","[]","[]","[]","[]","[]",0,"[3108.72]",0,"[]","[]","[17823.6]","[]"
107,284500,9041042,364172,1,832.204,1.04079e+07,1.26459,0.97435,1,1,1,0.995918,0.98425,1,1,0,0,1,"[1]","[1]","[47843]","[0.487841]","[2.10279]","[53649.8]","[-119.013]","[-1]","[11]","[1]","[1976.05]","[155.876]","[0.00775331]","[0.712892]",48071.6,-1.30674,5,"[264979,158609,146860,42904.6,26275.6]","[0.857475,0.302662,0.470629,0.648375,0.612512]","[1.16632,-2.20387,-1.63639,1.62261,0.676641]","[371062,166693,164727,52516,31768]","[0.997424,0.996104,0.997807,0.997753,0.982353]","[0,0,0,0,0]","[0,0,0,0,0]","[-0.874041,-0.939794,0.549138,-0.916134,-0.849031]",0,"[]","[]","[]","[]","[]","[]","[]","[]","[]","[]",2,"[356315,259696]","[0.851007,0.434735]","[1.33861,-1.95417]","[513832,299951]","[143742,94652.6]","[0,0]","[1.46985,0.894977]","[0.751989,0.641058]",0,"[]","[]","[]","[]","[]","[]","[]","[]","[]","[]",0,"[104.057]",27385.8,"[21491.8,6586.9,3614.62,5919.36,3059.55]","[]","[5079.72,21967.8]","[]"
108,284500,11571638,364172,1.12727,832.204,1.04079e+07,0.75088,0.9666,1,1,1,0.996813,0.95498,1,1,0,0,1,"[1]","[1]","[50304.7]","[-0.755781]","[-1.97307]","[65368.9]","[89.1175]","[-1]","[11]","[1]","[1082.57]","[259.984]","[0.0177962]","[1.54743]",108460,0.693586,3,"[303469,92586.3,20102.5]","[0.593433,2.48092,-2.36336]","[0.344584,2.53511,2.17461]","[359677,557447,107858]","[0.99999,0.965777,0.968333]","[0,0,0]","[0,0,0]","[-0.939652,-0.422871,-0.899308]",0,"[]","[]","[]","[]","[]","[]","[]","[]","[]","[]",2,"[337710,298997]","[1.2963,0.581213]","[-2.45909,0.347491]","[663616,352496]","[13410.9,33118.9]","[0,0]","[7.55408,2.2428]","[0.277174,0.722468]",0,"[]","[]","[]","[]","[]","[]","[]","[]","[]","[]",0,"[53.3465]",5181.16,"[12195,9545.62,1092.86]","[]","[11519,16054.9]","[]"
109,284500,17093085,364172,-1,832.204,1.04079e+07,0,0.96611,1,1,1,0.999689,0.97504,1,1,0,0,1,"[1]","[1]","[42704.4]","[0.70882]","[1.94122]","[53889.1]","[-0.0144997]","[-1]","[11]","[1]","[0]","[1627.47]","[0.0166479]","[1.63492]",18583.2,0.777835,1,"[295504]","[-0.744479]","[-1.47357]","[381991]","[0.997918]","[0]","[0]","[-0.137149]",0,"[]","[]","[]","[]","[]","[]","[]","[]","[]","[]",1,"[301983]","[-0.735917]","[-1.48473]","[387935]","[18084.7]","[0]","[3.0004]","[0.753464]",0,"[]","[]","[]","[]","[]","[]","[]","[]","[]","[]",0,"[30.1747]",16723.5,"[10821.9]","[]","[11105.9]","[]"
110,284500,11950381,364172,1,832.204,1.04079e+07,1.26459,0.96218,1,1,1,0.997508,0.97108,1,1,0,0,1,"[1]","[1]","[39413]","[0.683881]","[1.80964]","[48994.5]","[-35.856]","[-1]","[11]","[1]","[0]","[1188.72]","[-0.0143076]","[1.22524]",33090.1,-2.18294,4,"[276521,158503,82353.8,68174.1]","[-0.158377,2.22027,0.496168,-1.47673]","[2.89046,-0.209579,-1.13585,-0.320849]","[282350,738722,93265.3,157302]","[0.995014,0.99944,0.996692,1]","[0,0,0,0]","[0,0,0,0]","[-0.915712,-0.787392,-0.918703,-0.876409]",0,"[]","[]","[]","[]","[]","[]","[]","[]","[]","[]",1,"[291886]","[-0.121981]","[2.87622]","[298673]","[52292.4]","[0]","[1.6482]","[0.698233]",0,"[]","[]","[]","[]","[]","[]","[]","[]","[]","[]",0,"[17.7189]",24151.8,"[2992.56,4784.52,2378.68,6669.97]","[]","[2051.19]","[]"
111,284500,13754791,364172,1,832.204,1.04079e+07,1.22586,0.93319,1,1,1,0.998907,0.99419,1,1,0,0,1,"[1]","[1]","[33023]","[-1.76654]","[1.20635]","[99423.5]","[-0.0740128]","[-1]","[11]","[1]","[0]","[-738.07]","[-0.0247403]","[1.10055]",39344.9,-2.12204,1,"[434562]","[-0.520157]","[2.15725]","[495272]","[0.314321]","[0]","[0]","[-0.676296]",0,"[]","[]","[]","[]","[]","[]","[]","[]","[]","[]",2,"[435939,428240]","[0.163152,-0.464276]","[-0.997033,2.15522]","[441754,477432]","[-0.00710948,45803.1]","[0,0]","[0,4.16967]","[-1,0.26081]",0,"[]","[]","[]","[]","[]","[]","[]","[]","[]","[]",0,"[102.865]",1870.48,"[5013.32]","[]","[2071.72,16448.5]","[]"
112,284500,15926018,364172,1,832.204,1.04079e+07,1.32095,0.96611,1,1,1,0.99782,0.97504,1,1,0,0,1,"[1]","[1]","[43898]","[0.684779]","[-2.23181]","[54598.9]","[-59.8021]","[-1]","[11]","[1]","[0]","[978.105]","[-0.000770477]","[0.0989997]",33860.9,-1.66764,2,"[448962,176567]","[0.770174,0.133204]","[1.93193,-1.8698]","[589781,179597]","[0.990652,0.990719]","[0,0]","[0,0]","[-0.935959,-0.702108]",0,"[]","[]","[]","[]","[]","[]","[]","[]","[]","[]",1,"[422472]","[0.761273]","[1.93704]","[551686]","[29099.9]","[0]","[2.5909]","[0.654838]",0,"[]","[]","[]","[]","[]","[]","[]","[]","[]","[]",0,"[222.038]",830.797,"[17115,4787.83]","[]","[21544.9]","[]"
113,284500,17058471,364172,-1,832.204,1.04079e+07,0.351687,0.94443,1,1,1,0.987034,1.00395,1,1,0,0,1,"[1]","[1]","[36222.2]","[2.39118]","[1.38024]","[199546]","[-121.747]","[1]","[11]","[1]","[0]","[-689.214]","[0.00809968]","[0.564689]",63737.3,2.00002,2,"[1.71089e+06,1.61193e+06]","[1.35504,-0.704734]","[-1.0185,2.13243]","[3.53775e+06,2.02941e+06]","[0.89215,0.986745]","[0,0]","[0,0]","[-0.777927,-0.892772]",0,"[]","[]","[]","[]","[]","[]","[]","[]","[]","[]",2,"[1.78027e+06,1.61746e+06]","[1.36391,-0.693007]","[-1.02133,2.13197]","[3.70937e+06,2.02172e+06]","[24829.4,15958.7]","[0,0]","[4.20514,0]","[0.482484,-1]",0,"[]","[]","[]","[]","[]","[]","[]","[]","[]","[]",0,"[185.387]",60540.3,"[43587.6,34522.3]","[]","[88706.2,75279.9]","[]"
114,284500,13792099,364172,-1,832.204,1.04079e+07,1.1961,0.93319,1,1,1,0.996653,0.99419,1,1,0,0,1,"[1]","[1]","[34477.5]","[-1.76774]","[0.364686]","[103921]","[-72.5465]","[-1]","[11]","[1]","[0]","[-616.044]","[-0.00966391]","[0.43016]",5435.32,-2.56338,5,"[256697,221626,85389.8,37242.7,31202.3]","[0.00294833,1.25704,1.06504,1.50031,-0.899818]","[-3.08721,-0.197545,0.723913,2.06848,-1.87474]","[257936,421544,138771,87899.6,44949.1]","[1,0.994096,0.991874,0.990342,0.994392]","[0,0,0,0,0]","[0,0,0,0,0]","[-0.757316,-0.92205,0.778061,-0.5564,-0.925566]",0,"[]","[]","[]","[]","[]","[]","[]","[]","[]","[]",2,"[277896,257028]","[1.30894,0.0550692]","[0.0431796,-3.08132]","[568563,258402]","[136427,22539.1]","[0,0]","[0.787158,1.86745]","[0.669387,0.779549]",0,"[]","[]","[]","[]","[]","[]","[]","[]","[]","[]",0,"[78.931]",3448.93,"[9410.71,3475.19,4104.45,7837.94,5501.77]","[]","[5390.88,6898.06]","[]"
115,284500,11576560,364172,1,832.204,1.04079e+07,1.22586,0.96654,1,1,1,1.07527,0.99589,1,1,0,0,1,"[1]","[1]","[34119.1]","[-0.585265]","[-1.48129]","[40131.3]","[-40.6066]","[1]","[11]","[1]","[0]","[-488.338]","[0.0151869]","[1.41314]",40303.2,1.98083,3,"[313256,260439,54296.6]","[-0.301997,-1.09528,0.463035]","[-2.10767,1.18017,0.695442]","[328934,433851,60653.3]","[0.993681,0.998708,0.997958]","[0,0,0]","[0,0,0]","[0.973182,-0.806621,-0.774473]",0,"[]","[]","[]","[]","[]","[]","[]","[]","[]","[]",1,"[341858]","[-0.325651]","[-2.04334]","[366899]","[70069.7]","[0]","[1.86979]","[0.602415]",0,"[]","[]","[]","[]","[]","[]","[]","[]","[]","[]",0,"[219.276]",1669.35,"[3543.9,3306.19,3427.94]","[]","[10982]","[]"
116,284500,7675891,364172,1,832.204,1.04079e+07,1.32095,0.97994,1,1,1,0.999202,1.00632,1,1,0,0,1,"[1]","[1]","[240050]","[0.525735]","[-1.35707]","[273996]","[-0.0226746]","[-1]","[11]","[1]","[0]","[4187.84]","[-0.0069591]","[1.04373]",219182,1.74872,1,"[23850.7]","[0.398633]","[2.13718]","[26113.5]","[0.683023]","[0]","[0]","[0.0390744]",0,"[]","[]","[]","[]","[]","[]","[]","[]","[]","[]",1,"[250391]","[0.563865]","[-1.34968]","[291299]","[4658.87]","[0]","[31.1502]","[-1]",0,"[]","[]","[]","[]","[]","[]","[]","[]","[]","[]",0,"[1560.86]",21012.4,"[1699.37]","[]","[0]","[]"
117,284500,9018668,364172,1,832.204,1.04079e+07,1.55465,0.97994,1,1,1,0.998909,1.00632,1,1,0,0,1,"[1]","[1]","[245524]","[0.322629]","[0.0835959]","[258414]","[-0.0891457]","[1]","[11]","[1]","[0]","[446.291]","[0.0207187]","[3.20458]",268397,-2.92332,1,"[38627.6]","[-1.35308]","[0.953964]","[79964.8]","[0.99]","[0]","[0]","[-0.417065]",0,"[]","[]","[]","[]","[]","[]","[]","[]","[]","[]",1,"[253926]","[0.29477]","[0.0734366]","[265038]","[-0.00239208]","[0]","[0]","[-1]",0,"[]","[]","[]","[]","[]","[]","[]","[]","[]","[]",0,"[3227.37]",1582.69,"[3007.65]","[]","[3847.38]","[]"
118,284500,11262439,364172,1,832.204,1.04079e+07,0.738662,0.96257,1,1,1,0.998691,1.00557,1,1,0,0,1,"[1]","[1]","[41449.9]","[-1.75116]","[-2.78206]","[122999]","[0.0863161]","[1]","[11]","[1]","[0]","[-122.116]","[0.0044704]","[0.313815]",49006.3,-0.797139,1,"[450450]","[0.662485]","[-1.89932]","[553194]","[0.998702]","[0]","[0]","[-0.767568]",0,"[]","[]","[]","[]","[]","[]","[]","[]","[]","[]",2,"[472747,447009]","[0.143135,0.659393]","[1.26256,-1.90021]","[477844,547900]","[15338.3,12363.9]","[0,0]","[2.45185,4.35839]","[0.322467,0.181454]",0,"[]","[]","[]","[]","[]","[]","[]","[]","[]","[]",0,"[426.074]",15421.5,"[6783.46]","[]","[28748.4,56870.5]","[]"
119,284500,13090565,364172,1,832.204,1.04079e+07,1.32095,0.96218,1,1,1,0.996075,0.97108,1,1,0,0,1,"[1]","[1]","[39393.6]","[0.749676]","[2.53171]","[50991.8]","[4.59996]","[1]","[11]","[1]","[0]","[-293.408]","[-0.0260878]","[2.80173]",53614.2,-1.24586,6,"[237494,185521,56939.5,36760.4,29285.6,22273.5]","[0.188543,-0.51946,-1.08191,-0.144477,-0.32685,-0.203347]","[0.825689,-2.33641,-2.9189,-1.80331,1.28776,-0.166413]","[243050,212357,94362.3,38435.1,31420,23124.6]","[0.992959,0.990027,0.982311,0.997271,0.998323,1]","[0,0,0,0,0,0]","[0,0,0,0,0,0]","[-0.950078,-0.688513,-0.686294,-0.820005,-0.840934,-0.801107]",0,"[]","[]","[]","[]","[]","[]","[]","[]","[]","[]",1,"[254764]","[0.198793]","[0.8626]","[262601]","[38148.6]","[0]","[2.67602]","[0.516016]",0,"[]","[]","[]","[]","[]","[]","[]","[]","[]","[]",0,"[35.3362]",4568.27,"[2586.58,2147.39,3028,4164.44,2128.21,1977.7]","[]","[12500.1]","[]"
120,284500,7530295,364172,0.672941,832.204,1.04079e+07,1.26459,0.97996,1,1,1,1,1.01265,1,1,0,0,1,"[1]","[1]","[357458]","[1.82055]","[-0.588439]","[1.13264e+06]","[0.040535]","[1]","[11]","[1]","[0]","[1484.54]","[0.00164982]","[0.269438]",348995,2.60342,0,"[]","[]","[]","[]","[]","[]","[]","[]",0,"[]","[]","[]","[]","[]","[]","[]","[]","[]","[]",1,"[404470]","[1.79955]","[-0.589142]","[1.25634e+06]","[1061.94]","[0]","[0]","[-1]",0,"[]","[]","[]","[]","[]","[]","[]","[]","[]","[]",0,"[6857.68]",2126.25,"[]","[]","[48946.1]","[]"
121,284500,15650204,364172,1,832.204,1.04079e+07,1.21412,0.96484,1,1,1,0.998432,0.9566,1,1,0,0,1,"[1]","[1]","[37333.8]","[1.0712]","[0.878651]","[60881.8]","[-0.0438995]","[-1]","[11]","[1]","[0]","[-1252.75]","[0.019993]","[1.52039]",87258.3,-0.00236884,2,"[235723,171257]","[-0.299811,0.296918]","[-2.081,1.65728]","[246771,179247]","[0,0.17605]","[0,0]","[0,0]","[-0.73866,-0.768523]",0,"[]","[]","[]","[]","[]","[]","[]","[]","[]","[]",1,"[251699]","[-0.371424]","[-2.10097]","[272088]","[39118]","[0]","[3.21289]","[0.413024]",0,"[]","[]","[]","[]","[]","[]","[]","[]","[]","[]",0,"[47.2753]",7228.48,"[4514.24,7226.61]","[]","[13004.7]","[]"
122,284500,11318710,364172,-1,832.204,1.04079e+07,1.55465,0.97994,1,1,1,0.998807,1.00632,1,1,0,0,1,"[1]","[1]","[281368]","[0.177828]","[2.85872]","[285829]","[0.0558739]","[-1]","[11]","[1]","[0]","[1115.49]","[0.00315896]","[0.300631]",270196,-0.526805,1,"[35379.5]","[-1.37998]","[1.32863]","[75227.9]","[0.994431]","[0]","[0]","[-0.869748]",0,"[]","[]","[]","[]","[]","[]","[]","[]","[]","[]",1,"[287905]","[0.195379]","[2.86547]","[293418]","[-0.00276214]","[0]","[0]","[-1]",0,"[]","[]","[]","[]","[]","[]","[]","[]","[]","[]",0,"[1463.96]",17450.5,"[9628.14]","[]","[16002.2]","[]"
123,284500,12764334,364172,0.902868,832.204,1.04079e+07,0.696077,0.98697,1,1,1,0.999689,1.00582,1,1,0,0,1,"[1]","[1]","[407020]","[-0.106249]","[-0.746318]","[409320]","[0.0795746]","[-1]","[11]","[1]","[0]","[1355.56]","[-0.00818475]","[0.686048]",379079,2.19113,1,"[59618.2]","[-1.05172]","[-2.81477]","[96056.9]","[0.991436]","[0]","[0]","[-0.934563]",0,"[]","[]","[]","[]","[]","[]","[]","[]","[]","[]",1,"[411009]","[-0.185097]","[-0.745013]","[418094]","[4454.06]","[0]","[28.0116]","[0.428146]",0,"[]","[]","[]","[]","[]","[]","[]","[]","[]","[]",0,"[4367.69]",16950,"[8165.41]","[]","[16223.8]","[]"
124,284500,17158553,364172,-1,832.204,1.04079e+07,1.24168,0.94038,1,1,1,0.967322,0.99929,1,1,0,0,1,"[1]","[1]","[30534.8]","[-2.07817]","[1.19118]","[123895]","[0.0218124]","[1]","[11]","[1]","[0]","[466.902]","[-0.014333]","[0.730829]",20010.2,-2.97299,3,"[448207,443242,26292.8]","[0.975466,-0.247799,-0.437958]","[-1.18294,1.96378,-0.614178]","[679176,457290,29146.5]","[0.99854,0.993205,0.990306]","[0,5,4]","[0,0,0]","[-0.901183,0.995971,0.0597447]",0,"[]","[]","[]","[]","[]","[]","[]","[]","[]","[]",2,"[456220,423255]","[-0.231079,0.99336]","[1.96129,-1.1846]","[468781,649882]","[17500.2,8362.59]","[0,0]","[3.66794,1.86049]","[0.605871,0.179139]",0,"[]","[]","[]","[]","[]","[]","[]","[]","[]","[]",0,"[271.967]",8080.97,"[10304.6,5340.33,3036.95]","[]","[36088,12337.2]","[]"
125,284500,14470894,364172,-1,832.204,1.04079e+07,1.74563,0.96392,1,1,1,1,1.01012,1,1,0,0,1,"[1]","[1]","[252904]","[1.91798]","[-1.281]","[879355]","[0.00122833]","[1]","[11]","[1]","[1235.01]","[-461.92]","[-0.0437382]","[5.0787]",200247,1.81274,0,"[]","[]","[]","[]","[]","[]","[]","[]",0,"[]","[]","[]","[]","[]","[]","[]","[]","[]","[]",1,"[275529]","[1.90189]","[-1.28328]","[943382]","[0]","[0]","[0]","[-1]",0,"[]","[]","[]","[]","[]","[]","[]","[]","[]","[]",0,"[2005.3]",3667.31,"[]","[]","[4353.59]","[]"
126,284500,14292480,364172,1,832.204,1.04079e+07,1.26205,0.94943,1,1,1,0.994689,0.94658,1,1,0,0,1,"[1]","[1]","[44149.7]","[1.35372]","[2.77637]","[91170.9]","[-100.91]","[1]","[11]","[1]","[0]","[-621.485]","[0.00316058]","[0.196889]",24888.2,-2.03895,7,"[199288,128374,81171.6,57370.4,54111.9,42876.2,26558.7]","[0.28155,-2.32587,-0.781997,-0.542469,-0.096744,0.646385,1.82196]","[-2.86869,-0.162289,0.696941,-1.33698,-3.13754,1.47439,-0.592828]","[208409,663407,108139,66901.9,54448.2,52706.1,84401.7]","[0.992926,0.993864,0.991397,0.998314,1,0.986814,0.977998]","[0,0,0,0,0,0,0]","[0,0,0,0,0,0,0]","[-0.572468,-0.589642,-0.888684,-0.735121,-0.491998,-0.818789,0.313742]",0,"[]","[]","[]","[]","[]","[]","[]","[]","[]","[]",1,"[266315]","[0.246301]","[-2.92597]","[282251]","[65968]","[0]","[0.587479]","[0.429659]",0,"[]","[]","[]","[]","[]","[]","[]","[]","[]","[]",0,"[93.7706]",14209.6,"[2302.52,12243.1,4060.96,2726.69,2430.03,3138.21,2743.85]","[]","[4162.41]","[]"
127,284500,16981143,364172,-0.576552,832.204,1.04079e+07,1.25133,0.96126,1,1,1,0.994368,0.96978,1,1,0,0,1,"[1]","[1]","[29595.8]","[0.281637]","[-1.55908]","[30777.3]","[-0.00935936]","[1]","[11]","[1]","[0]","[458.86]","[0.0344206]","[2.23287]",62770.3,1.47317,2,"[574830,537400]","[-0.518127,0.138018]","[-1.75671,1.3864]","[653839,542947]","[0.993031,0.997439]","[0,0]","[0,0]","[-0.649881,-0.386863]",0,"[]","[]","[]","[]","[]","[]","[]","[]","[]","[]",2,"[584305,570375]","[0.128612,-0.530106]","[1.38759,-1.75741]","[589348,652410]","[15480.2,0.010335]","[0,0]","[6.31638,0]","[0.258418,-1]",0,"[]","[]","[]","[]","[]","[]","[]","[]","[]","[]",0,"[48.2624]",20625.3,"[12802.2,11737.1]","[]","[27921.4,7011.75]","[]"
128,284500,4725039,364172,0.672676,832.204,1.04079e+07,0.923924,0.92407,1,1,1,2.11998,0,1,1,0,0,1,"[1]","[1]","[26460.9]","[-1.21922]","[0.916226]","[48688.2]","[0.0198288]","[1]","[11]","[1]","[0]","[610.934]","[0.0176322]","[0.252941]",23272.1,-1.19162,5,"[1.29388e+06,1.25462e+06,37302.6,24719.9,22561.3]","[-1.53167,0.968299,-0.0323807,-1.51845,-1.19209]","[1.28669,-1.8663,-2.57576,2.06057,-1.27399]","[3.13289e+06,1.89099e+06,37665.3,59415.4,40923.3]","[0.00412333,0,0.987081,0.995905,0.601484]","[0,0,0,0,0]","[0,0,0,0,0]","[0.936067,-0.762204,-0.972821,-0.791715,-0.897522]",0,"[]","[]","[]","[]","[]","[]","[]","[]","[]","[]",2,"[1.25076e+06,1.13323e+06]","[-1.53752,0.964234]","[1.28522,-1.86867]","[3.04441e+06,1.7023e+06]","[22418.6,23306.3]","[0,0]","[3.09439,3.18698]","[0.599681,0.474613]",0,"[]","[]","[]","[]","[]","[]","[]","[]","[]","[]",0,"[100.679]",230.311,"[41133.9,21300.7,4744.04,3736.93,2225.65]","[]","[78621.1,33330.6]","[]"
129,284500,16090009,364172,1,832.204,1.04079e+07,1.32095,0.97062,1,1,1,1.01156,0.98871,1,1,0,0,1,"[1]","[1]","[79985.7]","[-0.655611]","[-2.33581]","[97800.3]","[0.00473022]","[-1]","[11]","[1]","[0]","[-314.745]","[0.0054943]","[0.516573]",82464,0.204478,7,"[145021,141952,126065,96743.5,37965,26873.3,26740.2]","[-0.071287,0.445355,-0.12067,1.11527,-1.57775,-0.874788,0.645099]","[-0.204371,2.20462,-1.71718,2.6977,0.636884,1.08266,-2.55498]","[146760,156787,127734,164659,96138.2,38293.9,32799.6]","[0.936697,0,0.555249,0,0.997268,0.956681,0.878023]","[0,0,0,0,0,5,0]","[0,0,0,0,0,0,0]","[-0.990207,-0.753185,-0.986752,-0.70926,-0.200048,0.989609,-0.847547]",0,"[]","[]","[]","[]","[]","[]","[]","[]","[]","[]",1,"[252085]","[0.753809]","[2.41136]","[350287]","[125162]","[0]","[0.980351]","[0.569987]",0,"[]","[]","[]","[]","[]","[]","[]","[]","[]","[]",0,"[205.383]",8426.54,"[4855.34,2996.59,6886.43,9344.89,3271.85,4107.8,1641.8]","[]","[0]","[]"
130,284500,7234157,364172,1,832.204,1.04079e+07,1.1961,0.97994,1,1,1,0.997495,1.00632,1,1,0,0,1,"[1]","[1]","[260946]","[0.414899]","[-2.93746]","[283730]","[-0.100663]","[-1]","[11]","[1]","[0]","[4178.06]","[-0.0276229]","[3.9332]",274919,0.0913527,2,"[30577.2,20221.4]","[0.887492,2.45259]","[2.43237,0.815708]","[43681.5,118429]","[0.990315,0.140822]","[0,0]","[0,0]","[0.00213052,-0.614456]",0,"[]","[]","[]","[]","[]","[]","[]","[]","[]","[]",1,"[279957]","[0.42181]","[-2.92423]","[305417]","[10579.9]","[0]","[8.58793]","[0.421027]",0,"[]","[]","[]","[]","[]","[]","[]","[]","[]","[]",0,"[1433.99]",3993.41,"[4906.44,1586.48]","[]","[364.969]","[]"
131,284500,14938855,364172,1,832.204,1.04079e+07,0.596562,0.98697,1,1,1,0.915587,1.00582,1,1,0,0,1,"[1]","[1]","[242322]","[-0.286615]","[-0.119714]","[252343]","[0.00357819]","[1]","[11]","[1]","[0]","[1335.07]","[-0.0240164]","[2.73412]",244939,2.80695,1,"[50383]","[-2.22854]","[-1.77611]","[236809]","[0.99773]","[5]","[0]","[-0.550544]",0,"[]","[]","[]","[]","[]","[]","[]","[]","[]","[]",1,"[252827]","[-0.313083]","[-0.12326]","[265336]","[2912.31]","[0]","[16.3471]","[-1]",0,"[]","[]","[]","[]","[]","[]","[]","[]","[]","[]",0,"[1316.35]",81.2188,"[1548.72]","[]","[23349.6]","[]"
132,284500,16392090,364172,1,832.204,1.04079e+07,1.25133,0.96218,1,1,1,0.997927,0.95786,1,1,0,0,1,"[1]","[1]","[35029.2]","[0.646561]","[0.473527]","[42609.6]","[-25.3574]","[1]","[11]","[1]","[0]","[14.2415]","[-0.000360827]","[0.0379077]",36582.1,3.12263,4,"[288571,277473,45240.4,41050.4]","[1.20102,0.187126,1.79029,-0.713767]","[-1.40582,1.75385,-1.38406,1.59618]","[523895,284044,139546,52345.3]","[0.997318,0.996427,0.983681,0.985014]","[0,0,0,0]","[0,0,0,0]","[0.589707,0.232946,-0.73853,-0.91865]",0,"[]","[]","[]","[]","[]","[]","[]","[]","[]","[]",2,"[313035,301341]","[0.103039,1.29044]","[1.73361,-1.39594]","[329614,595122]","[98030.8,84784.2]","[0,0]","[1.81699,2.28371]","[0.716181,0.715046]",0,"[]","[]","[]","[]","[]","[]","[]","[]","[]","[]",0,"[53.0663]",692.973,"[4062.51,7840.64,6440.07,5441.94]","[]","[16559.2,4908.81]","[]"
133,284500,11902672,364172,1.06602,832.204,1.04079e+07,0.402058,0.99211,1,1,1,0.998941,0.9918,1,1,0,0,1,"[1]","[1]","[273562]","[-0.79991]","[-0.810731]","[365849]","[0.0223999]","[-1]","[11]","[1]","[0]","[-254.867]","[-0.0101893]","[1.92117]",268002,2.13238,2,"[50901.4,28016.1]","[0.338475,0.46783]","[-2.73652,0.0758279]","[54151.9,31735.9]","[0.995735,0.998155]","[0,0]","[0,0]","[-0.766876,-0.927986]",0,"[]","[]","[]","[]","[]","[]","[]","[]","[]","[]",1,"[293753]","[-0.770235]","[-0.813123]","[385283]","[0.00617632]","[0]","[0]","[-1]",0,"[]","[]","[]","[]","[]","[]","[]","[]","[]","[]",0,"[2947.3]",2010.81,"[2016.47,4352.55]","[]","[15042.5]","[]"
134,284500,9066496,364172,1,832.204,1.04079e+07,0.553627,0.96615,1,1,1,0.997426,0.98962,1,1,0,0,1,"[1]","[1]","[78475.8]","[1.26202]","[-2.79656]","[149717]","[-0.0475082]","[1]","[11]","[1]","[0]","[-1008.64]","[0.0237315]","[2.84585]",61033,0.497971,5,"[292461,260913,224186,40597.1,29424]","[0.421152,1.88122,0.09451,0.973922,-0.832179]","[-2.17573,1.95322,-0.157698,0.132966,1.64179]","[319712,876572,226510,61828,40398.2]","[0,0,0.00187001,0.99,0.991198]","[0,0,0,0,0]","[0,0,0,0,0]","[-0.689671,-0.194072,-0.729911,-0.946229,-0.884163]",0,"[]","[]","[]","[]","[]","[]","[]","[]","[]","[]",3,"[303604,285113,271241]","[0.384068,0.180872,1.86715]","[-2.16919,-0.0785999,1.9613]","[326991,298742,899332]","[21666.9,72586.4,40941.6]","[0,0,0]","[1.66503,1.73253,1.50763]","[0.496149,0.590755,0.788563]",0,"[]","[]","[]","[]","[]","[]","[]","[]","[]","[]",0,"[917.148]",17093.2,"[3398.71,6180.93,5484.18,9354.2,2293.93]","[]","[8309.12,15860,0]","[]"
135,284500,16348928,364172,1,832.204,1.04079e+07,0.696077,0.94157,1,1,1,1.17495,0.99623,1,1,0,0,1,"[1]","[1]","[35552]","[-1.89096]","[1.27852]","[120462]","[7.6424]","[1]","[11]","[1]","[4157.58]","[-428.426]","[0.0236718]","[1.50554]",57319,-1.82345,5,"[354052,213942,203110,47513.2,45903.7]","[-0.681754,1.70259,-2.41497,-2.04532,1.42064]","[-0.711492,2.92587,1.66664,1.97671,-1.8727]","[443271,606701,1.14572e+06,186898,100826]","[0.995613,0.991027,1,0.893056,0.995822]","[0,0,0,0,0]","[0,0,0,0,0]","[-0.935773,0.998184,-0.951286,-0.828469,-0.906441]",0,"[]","[]","[]","[]","[]","[]","[]","[]","[]","[]",1,"[390380]","[-0.620816]","[-0.703083]","[473226]","[69764.9]","[0]","[1.33708]","[0.541757]",0,"[]","[]","[]","[]","[]","[]","[]","[]","[]","[]",0,"[355.501]",1784.98,"[18264.5,6833.39,5408.54,5875.94,4055.85]","[]","[20449.2]","[]"
136,284500,11878164,364172,1,832.204,1.04079e+07,0.619412,0.98697,1,1,1,1,1.00582,1,1,0,0,1,"[1]","[1]","[241880]","[-0.364233]","[2.67834]","[258102]","[-0.00673676]","[1]","[11]","[1]","[0]","[2447.56]","[-0.0231565]","[3.26716]",239900,-0.46859,0,"[]","[]","[]","[]","[]","[]","[]","[]",0,"[]","[]","[]","[]","[]","[]","[]","[]","[]","[]",1,"[259901]","[-0.350089]","[2.6828]","[276068]","[6491.29]","[0]","[37.3557]","[0.46266]",0,"[]","[]","[]","[]","[]","[]","[]","[]","[]","[]",0,"[1411.68]",13729.1,"[]","[]","[472.797]","[]"
137,284500,5715648,364172,1,832.204,1.04079e+07,1.22586,0.9724,1,1,1,0.996906,0.96574,1,1,0,0,1,"[1]","[1]","[51596.7]","[0.912368]","[0.95051]","[74603.3]","[63.8285]","[-1]","[11]","[1]","[0]","[-339.865]","[0.0186358]","[1.46446]",45302.5,-3.03644,4,"[200560,125709,109006,67225.4]","[-1.23716,-2.20025,0.0348747,-0.18691]","[-1.31836,1.48966,2.14962,-1.33227]","[375286,574736,110135,68899.2]","[0.993694,0.99467,1,0.985986]","[0,0,0,0]","[0,0,0,0]","[-0.673566,-0.947908,0.0505544,-0.855996]",0,"[]","[]","[]","[]","[]","[]","[]","[]","[]","[]",1,"[259151]","[-1.06568]","[-1.38317]","[446237]","[148591]","[0]","[1.17949]","[0.556175]",0,"[]","[]","[]","[]","[]","[]","[]","[]","[]","[]",0,"[50.0908]",6935.04,"[8378.33,13225.2,3130.13,4513.02]","[]","[0]","[]"
138,284500,12632918,364172,1,832.204,1.04079e+07,1.21412,0.96323,1,1,1,0.999286,1.00493,1,1,0,0,1,"[1]","[1]","[287201]","[-1.23095]","[-1.33343]","[533690]","[-0.10693]","[1]","[11]","[1]","[1780.22]","[1205.42]","[0.0030954]","[0.10669]",294016,1.58582,1,"[27733.2]","[0.779216]","[3.03835]","[36940]","[0.904589]","[0]","[0]","[-0.784481]",0,"[]","[]","[]","[]","[]","[]","[]","[]","[]","[]",1,"[315270]","[-1.22459]","[-1.33199]","[582722]","[0.0078125]","[0]","[0]","[-1]",0,"[]","[]","[]","[]","[]","[]","[]","[]","[]","[]",0,"[3774.06]",910.531,"[2164.3]","[]","[11240.3]","[]"
139,284500,3437453,364172,1,832.204,1.04079e+07,0.738662,0.97429,1,1,1,0.99734,1,1,1,0,0,1,"[1]","[1]","[51443.6]","[0.369343]","[2.7569]","[54992.4]","[-0.112795]","[1]","[11]","[0]","[1172.19]","[677.187]","[-0.0170535]","[1.74226]",15223.5,-1.29805,4,"[287147,126140,118200,45641.5]","[0.396974,1.9847,0.156806,-0.0695584]","[0.389945,-2.50918,-3.0676,-1.68254]","[311700,468199,120375,46429.5]","[0.054594,0.0462569,0,0.969699]","[0,0,0,0]","[0,0,0,0]","[-0.858435,-0.81439,-0.73731,-0.345725]",0,"[]","[]","[]","[]","[]","[]","[]","[]","[]","[]",1,"[281567]","[0.400507]","[0.391187]","[306513]","[35471.6]","[0]","[1.4147]","[0.410253]",0,"[]","[]","[]","[]","[]","[]","[]","[]","[]","[]",0,"[310.442]",3152.08,"[8867.54,2923.24,2811.28,2310.93]","[]","[7292.75]","[]"
140,284500,13688725,364172,1.09739,832.204,1.04079e+07,1.22586,0.97361,1,1,1,0.976755,0.98448,1,1,0,0,1,"[1]","[1]","[49058.8]","[-0.352163]","[2.22773]","[52132.5]","[-0.00366783]","[1]","[11]","[1]","[1271.13]","[964.589]","[0.023952]","[2.96751]",37125.2,-0.430002,3,"[339606,328153,23174.7]","[-2.09981,-1.02074,1.32284]","[-0.953094,2.21839,1.2581]","[1.40737e+06,514896,46840.4]","[0.994077,1,0.9518]","[5,0,0]","[0,0,0]","[0.835314,-0.886479,-0.838729]",0,"[]","[]","[]","[]","[]","[]","[]","[]","[]","[]",1,"[381764]","[-0.938436]","[2.21929]","[572170]","[104365]","[0]","[1.18184]","[0.67899]",0,"[]","[]","[]","[]","[]","[]","[]","[]","[]","[]",0,"[122.957]",9848.66,"[16313.4,5598.51,1805.87]","[]","[2656.66]","[]"
141,284500,11874944,364172,1,832.204,1.04079e+07,0.923924,0.97994,1,1,1,0.999604,1.00632,1,1,0,0,1,"[1]","[1]","[395556]","[0.0837387]","[1.42348]","[396944]","[0.0516129]","[1]","[11]","[1]","[0]","[1494.67]","[-0.0084873]","[1.60487]",326024,-1.78966,1,"[70761.8]","[-1.0754]","[-1.45345]","[116355]","[0.992598]","[0]","[0]","[-0.828431]",0,"[]","[]","[]","[]","[]","[]","[]","[]","[]","[]",1,"[412436]","[0.11255]","[1.42331]","[415068]","[3792.57]","[0]","[31.2107]","[0.239964]",0,"[]","[]","[]","[]","[]","[]","[]","[]","[]","[]",0,"[7532.59]",340.875,"[2224.75]","[]","[6430.34]","[]"
142,284500,5607064,364172,1,832.204,1.04079e+07,1.22586,0.97695,1,1,1,0.998939,0.98743,1,1,0,0,1,"[1]","[1]","[347388]","[-0.103904]","[-0.344536]","[349265]","[-0.00335026]","[1]","[11]","[1]","[0]","[-354.178]","[-0.00640215]","[0.907442]",354546,2.69088,2,"[38971,29773.2]","[-0.435755,0.647256]","[-2.6164,-0.832255]","[43341.4,36581.6]","[0.984817,0.995294]","[0,0]","[0,0]","[-0.938703,-0.437235]",0,"[]","[]","[]","[]","[]","[]","[]","[]","[]","[]",1,"[360566]","[-0.102002]","[-0.345666]","[362445]","[1153.95]","[0]","[0]","[-1]",0,"[]","[]","[]","[]","[]","[]","[]","[]","[]","[]",0,"[5922.5]",6820.97,"[6470.65,4079.16]","[]","[1843.97]","[]"
143,284500,4673828,364172,1,832.204,1.04079e+07,1.21412,0.98428,1,1,1,0.994455,1.00121,1,1,0,0,1,"[1]","[1]","[240701]","[-1.99421]","[1.63268]","[900525]","[-0.0265656]","[-1]","[11]","[1]","[0]","[1817.24]","[0.00375376]","[0.399814]",186965,-1.7074,5,"[58131.3,35437.9,29926.8,26917.2,21384.1]","[-1.68946,2.36528,-0.128744,-1.57532,-0.705542]","[-1.50908,-0.364146,-0.0562507,2.88702,0.471173]","[162976,190468,30800.6,68107.1,27267.3]","[0.994105,0.892288,0.993466,0.660644,0.927561]","[0,0,0,0,0]","[0,0,0,0,0]","[-0.779347,-0.682932,-0.886867,-0.698481,-0.773362]",0,"[]","[]","[]","[]","[]","[]","[]","[]","[]","[]",1,"[268892]","[-1.96251]","[1.63259]","[975902]","[16482.8]","[0]","[0]","[-1]",0,"[]","[]","[]","[]","[]","[]","[]","[]","[]","[]",0,"[2230.39]",11092.5,"[11623,2471.78,1926.48,5324.61,1151.31]","[]","[10081.3]","[]"
144,284500,12966443,364172,1,832.204,1.04079e+07,0.923924,0.96435,1,1,1,0.975116,0.9595,1,1,0,0,1,"[1]","[1]","[40424.6]","[-0.739913]","[-2.57386]","[52004.4]","[0.0253563]","[-1]","[11]","[1]","[0]","[-643.271]","[0.00397446]","[0.434667]",74376.6,-2.2358,3,"[371787,291634,23149.1]","[0.885862,-0.313359,0.570248]","[0.929885,-2.18981,0.562296]","[529547,306382,27483.5]","[0.997721,0.99932,0.997239]","[0,5,0]","[0,0,0]","[-0.735266,0.939195,-0.761328]",0,"[]","[]","[]","[]","[]","[]","[]","[]","[]","[]",2,"[390419,329450]","[0.869286,-0.394579]","[0.92728,-2.23402]","[549606,364916]","[48558.3,82662.2]","[0,0]","[2.51633,0.471607]","[0.72777,0.172682]",0,"[]","[]","[]","[]","[]","[]","[]","[]","[]","[]",0,"[44.5562]",16079.4,"[5713.46,10068.3,3888.27]","[]","[42563.8,9950.03]","[]"
145,284500,6356591,364172,1,832.204,1.04079e+07,0.619412,0.96819,1,1,1,1.02735,0.95922,1,1,0,0,1,"[1]","[1]","[47179.9]","[-1.05955]","[2.77411]","[76235.4]","[0.0123653]","[1]","[11]","[1]","[0]","[429.541]","[-0.0219373]","[2.27157]",20168.3,-2.90979,4,"[217169,160455,61264.4,28807.8]","[0.805967,0.388569,1.28927,-1.13068]","[-1.16392,1.78031,2.21422,0.101695]","[292908,172963,120165,49649.9]","[0,0,0,0.989584]","[0,0,0,5]","[0,0,0,0]","[-0.678876,-0.776868,-0.843683,0.998165]",0,"[]","[]","[]","[]","[]","[]","[]","[]","[]","[]",1,"[270261]","[0.795444]","[-1.08205]","[368989]","[79305.6]","[0]","[1.68316]","[0.53539]",0,"[]","[]","[]","[]","[]","[]","[]","[]","[]","[]",0,"[46.0702]",3214.52,"[5605.25,9929.66,33516.9,1188]","[]","[5951.62]","[]"
146,284500,6061388,364172,1,832.204,1.04079e+07,0.923924,0.99211,1,1,1,0.999196,0.9918,1,1,0,0,1,"[1]","[1]","[466681]","[-0.655288]","[-1.66046]","[570515]","[0.0116796]","[1]","[11]","[1]","[1691.76]","[-2333.83]","[0.0051811]","[0.610031]",468965,1.52201,1,"[21732.7]","[0.592981]","[-0.057998]","[26148.1]","[0.810547]","[0]","[0]","[-0.597749]",0,"[]","[]","[]","[]","[]","[]","[]","[]","[]","[]",1,"[472704]","[-0.663792]","[-1.65759]","[580726]","[-0.00552427]","[0]","[0]","[-1]",0,"[]","[]","[]","[]","[]","[]","[]","[]","[]","[]",0,"[3518.55]",5.1875,"[1770.06]","[]","[31896.4]","[]"
147,284500,14146638,364172,-1,832.204,1.04079e+07,1.1961,0.9523,1,1,1,0.996222,1.00043,1,1,0,0,1,"[0]","[1]","[39874.6]","[1.66795]","[-1.71598]","[109454]","[-86.5215]","[1]","[11]","[1]","[0]","[-296.824]","[-0.0680277]","[1.85654]",85843.5,2.39074,5,"[259112,186202,80869.3,24500.5,23501.2]","[-1.45583,-0.952954,-0.305412,-0.884394,0.367431]","[-1.21128,2.50892,0.0537277,1.76564,1.49828]","[586911,278066,85297.1,34951.2,25631.1]","[0.97566,0.999802,0.993303,0.983941,0.828492]","[0,0,0,0,0]","[0,0,0,0,0]","[-0.59598,-0.437166,-0.93745,-0.854679,-0.766936]",0,"[]","[]","[]","[]","[]","[]","[]","[]","[]","[]",1,"[259107]","[-1.45076]","[-1.20914]","[584206]","[36158.1]","[0]","[1.71164]","[0.798055]",0,"[]","[]","[]","[]","[]","[]","[]","[]","[]","[]",0,"[282.225]",1944.13,"[3521.2,4963.7,2006.35,3267.01,3071.32]","[]","[15271.7]","[]"
148,284500,12965449,364172,1,832.204,1.04079e+07,1.22586,0.94943,1,1,1,0.994022,0.93819,1,1,0,0,1,"[1]","[1]","[41791.5]","[1.15839]","[3.05748]","[73109.9]","[26.4299]","[-1]","[11]","[1]","[1046.3]","[498.125]","[-0.0275133]","[1.04077]",16278.5,-0.620102,7,"[282528,171322,81349.1,56579.2,48367.7,40247.9,20787.9]","[1.64799,0.945904,2.44175,2.47597,1.0261,1.92284,0.733545]","[-1.20783,1.7395,2.10586,1.10209,-2.66012,-1.69875,0.112665]","[763627,254962,471061,338949,76471.8,140794,26948.5]","[0.992619,0.99583,1,0.992587,0.990289,0.983285,0.99222]","[0,0,0,0,0,0,0]","[0,0,0,0,0,0,0]","[-0.593082,-0.931696,-0.87659,0.363477,-0.947109,0.71424,-0.642672]",0,"[]","[]","[]","[]","[]","[]","[]","[]","[]","[]",1,"[310224]","[1.71976]","[-1.16016]","[898442]","[91178.2]","[0]","[1.59089]","[0.60831]",0,"[]","[]","[]","[]","[]","[]","[]","[]","[]","[]",0,"[136.885]",1596.22,"[4675.99,6920.09,3957.64,3619.34,2697.52,5830.67,2635.79]","[]","[14639.9]","[]"
149,284500,3666271,364172,1,832.204,1.04079e+07,1.32095,0.95847,1,1,1,0.99684,0.97785,1,1,0,0,1,"[1]","[1]","[43774.4]","[0.0560364]","[1.59075]","[43843.1]","[0.0502853]","[-1]","[11]","[1]","[0]","[1334.07]","[-0.0106443]","[1.05121]",41098.4,-1.74036,3,"[381730,353687,26976.2]","[-0.61526,-1.77434,-2.24545]","[0.973719,-2.18702,-1.8664]","[456569,1.07288e+06,128870]","[0.213893,0.248789,0.996361]","[0,0,0]","[0,0,0]","[-0.896056,-0.957515,-0.736508]",0,"[]","[]","[]","[]","[]","[]","[]","[]","[]","[]",2,"[418794,395402]","[-0.525759,-1.80002]","[1.04095,-2.16847]","[492439,1.2317e+06]","[118288,85604.9]","[0,0]","[0.770882,3.98038]","[0.508217,0.647097]",0,"[]","[]","[]","[]","[]","[]","[]","[]","[]","[]",0,"[47.5306]",10452.7,"[10973.7,6302.63,2081.67]","[]","[5598.5,11712.6]","[]"
150,284500,2816756,364172,1.33228,832.204,1.04079e+07,0.696077,0.96323,1,1,1,0.999345,1.00493,1,1,0,0,1,"[1]","[1]","[315758]","[-1.35319]","[1.70019]","[651754]","[0.00413322]","[1]","[11]","[1]","[0]","[-551.489]","[-0.0143146]","[1.38983]",302047,-1.38653,1,"[32863.9]","[-0.607966]","[2.30257]","[39373.7]","[0.987218]","[0]","[0]","[-0.916876]",0,"[]","[]","[]","[]","[]","[]","[]","[]","[]","[]",1,"[361314]","[-1.3321]","[1.73843]","[736515]","[79733.1]","[0]","[1.29813]","[0.50605]",0,"[]","[]","[]","[]","[]","[]","[]","[]","[]","[]",0,"[5786.15]",5026.56,"[3231.59]","[]","[484.125]","[]"
151,284500,5952409,364172,1,832.204,1.04079e+07,0.934886,1.00588,1,1,1,0.998101,1.00306,1,1,0,0,1,"[1]","[1]","[294680]","[0.976354]","[-1.43819]","[446652]","[-0.0443497]","[-1]","[11]","[1]","[0]","[554.089]","[0.00514635]","[0.837846]",276317,1.70915,1,"[24381.9]","[1.63978]","[2.00207]","[65309.3]","[0.99]","[0]","[0]","[0.746075]",0,"[]","[]","[]","[]","[]","[]","[]","[]","[]","[]",1,"[317486]","[0.963995]","[-1.4381]","[476805]","[4003.08]","[0]","[28.9099]","[0.426038]",0,"[]","[]","[]","[]","[]","[]","[]","[]","[]","[]",0,"[3064.11]",2508.88,"[3118.31]","[]","[11273]","[]"
152,284500,12761876,364172,1,832.204,1.04079e+07,0.696077,0.94038,1,1,1,0.99542,0.99919,1,1,0,0,1,"[1]","[1]","[34447.5]","[-2.2055]","[-2.50422]","[158200]","[-25.6669]","[1]","[11]","[1]","[0]","[1864.43]","[0.0117458]","[0.407829]",16508.3,0.273895,5,"[399298,163308,38241.1,30960.2,23292.5]","[-1.51182,-1.76978,-0.396664,2.09115,0.304332]","[0.445299,-2.9533,-1.55482,-2.65408,-2.7183]","[949894,493610,41922,127372,25011.3]","[0.993607,0.997023,0.989026,0.9598,0.970373]","[0,0,0,0,0]","[0,0,0,0,0]","[-0.718479,0.501005,-0.83415,-0.870976,-0.87188]",0,"[]","[]","[]","[]","[]","[]","[]","[]","[]","[]",1,"[376445]","[-1.51557]","[0.439748]","[898432]","[23022.2]","[0]","[2.08707]","[0.70994]",0,"[]","[]","[]","[]","[]","[]","[]","[]","[]","[]",0,"[70.9608]",13078.2,"[8273.16,3044.17,2598.15,7968.99,1683.73]","[]","[3102.44]","[]"
153,284500,14860817,364172,1,832.204,1.04079e+07,1.1961,0.96484,1,1,1,0.978753,0.9566,1,1,0,0,1,"[1]","[1]","[35308.5]","[1.1157]","[-0.926301]","[59660.9]","[-0.0150299]","[1]","[11]","[1]","[0]","[-282.238]","[0.0113745]","[1.23612]",61906.3,2.63732,2,"[275903,258284]","[1.54314,0.697172]","[-0.296295,2.87138]","[675252,324336]","[0.99,0.996528]","[0,5]","[0,0]","[-0.855031,0.994601]",0,"[]","[]","[]","[]","[]","[]","[]","[]","[]","[]",2,"[323901,264870]","[1.51214,0.68204]","[-0.362966,2.8686]","[777618,329363]","[105868,17437.7]","[0,0]","[1.67965,1.53606]","[0.704321,0.63443]",0,"[]","[]","[]","[]","[]","[]","[]","[]","[]","[]",0,"[29.7225]",3743.76,"[16474.1,5804.09]","[]","[6697.25,0]","[]"
154,284500,14848725,364172,1,832.204,1.04079e+07,0.696077,0.97949,1,1,1,0.955508,0.99672,1,1,0,0,1,"[1]","[1]","[63474.6]","[0.857216]","[-1.86393]","[88259.4]","[-46.4505]","[-1]","[11]","[1]","[0]","[364.596]","[-0.00521674]","[0.294209]",38144.3,-2.86948,6,"[217476,160108,71976.8,71260.9,47579.6,44613]","[1.35613,1.79591,0.582286,0.578287,1.78482,-2.06112]","[-2.22004,0.859735,1.36569,0.914115,-2.45319,0.925064]","[450902,495728,85331.2,83955.8,145946,178382]","[1,0.99929,0.440659,0.997175,0.98731,1]","[0,0,4,0,0,0]","[0,0,0,0,0,0]","[-0.749429,-0.658731,-0.700556,-0.786125,-0.715922,-0.871396]",0,"[]","[]","[]","[]","[]","[]","[]","[]","[]","[]",1,"[341886]","[1.30863]","[-2.16545]","[686622]","[102915]","[0]","[1.42538]","[0.555243]",0,"[]","[]","[]","[]","[]","[]","[]","[]","[]","[]",0,"[198.865]",22302.8,"[9324.55,8885.68,1125.14,1911.83,3384.58,3952.54]","[]","[3575.12]","[]"
155,284500,9796008,364172,1,832.204,1.04079e+07,1.1961,0.96435,1,1,1,0.997162,0.96697,1,1,0,0,1,"[1]","[1]","[43374.3]","[-0.759543]","[2.19317]","[56498.9]","[16.0237]","[-1]","[11]","[1]","[0]","[504.965]","[0.00369004]","[0.235468]",45895.5,-1.97119,4,"[207692,207517,31875.9,29888.8]","[-1.20741,0.474493,-0.509008,-0.995168]","[-2.93572,0.276188,0.322554,-0.186495]","[379168,231742,36560.1,46539.3]","[0.994214,0.990911,1,0.825905]","[0,0,0,0]","[0,0,0,0]","[-0.770553,-0.81877,-0.570854,-0.88169]",0,"[]","[]","[]","[]","[]","[]","[]","[]","[]","[]",1,"[255279]","[0.348386]","[0.282485]","[282671]","[80626.7]","[0]","[2.04624]","[0.564423]",0,"[]","[]","[]","[]","[]","[]","[]","[]","[]","[]",0,"[30.4218]",4457.47,"[3597.26,2574.09,2040.97,2667.17]","[]","[0]","[]"
156,284500,16208803,364172,1,832.204,1.04079e+07,1.1961,0.9407,1,1,1,0.975996,0.99124,1,1,0,0,1,"[1]","[1]","[33507.7]","[1.53427]","[2.54855]","[81315.9]","[0.047905]","[1]","[11]","[1]","[0]","[-327.943]","[0.0235138]","[1.45856]",58651.3,-0.664831,2,"[305757,286330]","[1.26462,-0.175383]","[2.89126,-0.248447]","[585292,291055]","[0.950494,0.999236]","[5,0]","[0,0]","[0.965977,-0.870107]",0,"[]","[]","[]","[]","[]","[]","[]","[]","[]","[]",2,"[363105,304599]","[1.30946,-0.159345]","[2.8523,-0.250869]","[725059,308614]","[71629.7,9292.71]","[0,0]","[1.95046,8.47606]","[0.731479,0.211811]",0,"[]","[]","[]","[]","[]","[]","[]","[]","[]","[]",0,"[257.062]",15269.7,"[4750.86,5247.07]","[]","[3811.56,32041.8]","[]"
157,284500,9796015,364172,1,832.204,1.04079e+07,1.1961,0.88227,1,1,1,0.99799,0.966,1,1,0,0,1,"[1]","[1]","[34493.4]","[-2.42393]","[1.00576]","[196246]","[56.4013]","[-1]","[11]","[1]","[0]","[75.9739]","[0.0345016]","[2.48873]",67951,-2.37432,3,"[223809,214031,33477.5]","[0.465901,-1.20365,-0.512172]","[0.282261,-2.93258,0.365604]","[249290,389471,38335]","[1,0.991152,0.990472]","[0,0,0]","[0,0,0]","[-0.719726,-0.772835,-0.65459]",0,"[]","[]","[]","[]","[]","[]","[]","[]","[]","[]",1,"[258741]","[0.345437]","[0.289294]","[285046]","[77415]","[0]","[1.64973]","[0.817489]",0,"[]","[]","[]","[]","[]","[]","[]","[]","[]","[]",0,"[450.775]",9200.12,"[2444.99,9237.45,1893.59]","[]","[10475.9]","[]"
158,284500,8882638,364172,0.572787,832.204,1.04079e+07,1.26459,0.97199,1,1,1,0.978144,0.99121,1,1,0,0,1,"[1]","[1]","[42732.4]","[0.170583]","[0.672082]","[43355.6]","[-0.0225289]","[1]","[11]","[1]","[0]","[270.687]","[0.0189392]","[1.27699]",94411.9,-1.78219,4,"[632860,589123,32294.5,27519.7]","[0.661564,-1.41786,-1.91377,2.00184]","[1.06344,-2.08833,-3.00731,1.58239]","[777009,1.28785e+06,112053,103802]","[0.987798,1,0.98385,0.983007]","[5,0,4,0]","[0,0,0,0]","[-0.637199,-0.707784,-0.83004,-0.708285]",0,"[]","[]","[]","[]","[]","[]","[]","[]","[]","[]",2,"[658885,596388]","[0.635866,-1.41778]","[1.03446,-2.08636]","[805818,1.30343e+06]","[121298,26099.8]","[0,0]","[1.6549,2.95326]","[-1,0.646189]",0,"[]","[]","[]","[]","[]","[]","[]","[]","[]","[]",0,"[206.874]",5029.78,"[8638.66,8473.34,2673.58,5387.6]","[]","[16989.8,4906]","[]"
159,284500,14983036,364172,1,832.204,1.04079e+07,1.32095,0.95055,1,1,1,0.968329,0.97731,1,1,0,0,1,"[1]","[1]","[27845.7]","[1.08392]","[2.50287]","[45869]","[0.11557]","[1]","[11]","[1]","[0]","[676.612]","[0.0029635]","[0.122684]",69478.9,-1.44443,7,"[140074,128928,105431,78199.8,74226.9,64133.1,38227.1]","[-0.420883,-0.0957379,-2.20106,-0.699399,0.520456,-0.526811,-0.209499]","[0.887565,-2.56152,-1.70527,0.423427,2.94655,1.36839,0.0863888]","[153678,130452,482314,98208.2,85602.6,73554.8,39412.1]","[0.0488512,0,0.322282,0.55,0,0,0.997833]","[0,0,0,0,0,0,4]","[0,0,0,0,0,0,0]","[-0.71463,-0.75655,-0.960843,-0.841557,-0.813526,-0.793286,-0.871495]",0,"[]","[]","[]","[]","[]","[]","[]","[]","[]","[]",1,"[271684]","[-0.480484]","[0.79909]","[319294]","[98710]","[0]","[1.39398]","[0.534131]",0,"[]","[]","[]","[]","[]","[]","[]","[]","[]","[]",0,"[428.043]",16451,"[3780.86,4148.32,2748.45,2127.97,3085.78,6591.42,4507.19]","[]","[20274.3]","[]"
160,284500,15428590,364172,1,832.204,1.04079e+07,0.738662,0.93962,1,1,1,0.997641,1.01876,1,1,0,0,1,"[1]","[1]","[35283.1]","[1.93595]","[-0.790592]","[124813]","[-25.1192]","[-1]","[11]","[1]","[1888.84]","[-215.712]","[-0.0263918]","[2.15886]",36051,2.81891,3,"[274140,262124,24333.2]","[0.476322,0.776834,-1.21504]","[2.60168,-0.673796,0.873462]","[306630,348337,45043]","[1,0.997101,0.9977]","[0,0,0]","[0,0,0]","[-0.675623,-0.868784,-0.866986]",0,"[]","[]","[]","[]","[]","[]","[]","[]","[]","[]",2,"[287970,266790]","[0.833287,0.477465]","[-0.601332,2.60057]","[398312,298312]","[59323.4,17771.5]","[0,0]","[1.56935,2.1666]","[0.668891,0.507899]",0,"[]","[]","[]","[]","[]","[]","[]","[]","[]","[]",0,"[337.622]",6544.3,"[3161.8,8593.91,3126.36]","[]","[2317.25,8928.36]","[]"
161,284500,6917645,364172,1,832.204,1.04079e+07,1.26205,0.97994,1,1,1,1,1.00632,1,1,0,0,1,"[1]","[1]","[385452]","[0.300132]","[-0.13232]","[402944]","[0.006917]","[1]","[11]","[1]","[0]","[-525.149]","[-0.0232515]","[0.727842]",372520,3.06984,0,"[]","[]","[]","[]","[]","[]","[]","[]",0,"[]","[]","[]","[]","[]","[]","[]","[]","[]","[]",1,"[401408]","[0.293168]","[-0.137951]","[418782]","[0.00195312]","[0]","[0]","[-1]",0,"[]","[]","[]","[]","[]","[]","[]","[]","[]","[]",0,"[5795.49]",1863,"[]","[]","[15364.5]","[]"
162,284500,9028739,364172,1,832.204,1.04079e+07,1.24168,0.96972,1,1,1,1,0.99544,1,1,0,0,1,"[1]","[1]","[641218]","[1.21413]","[0.730963]","[1.17482e+06]","[-0.0174561]","[1]","[11]","[1]","[0]","[-748.792]","[0.0136819]","[2.32459]",647878,-2.48548,0,"[]","[]","[]","[]","[]","[]","[]","[]",0,"[]","[]","[]","[]","[]","[]","[]","[]","[]","[]",1,"[700850]","[1.19568]","[0.729905]","[1.26444e+06]","[0]","[0]","[0]","[-1]",0,"[]","[]","[]","[]","[]","[]","[]","[]","[]","[]",0,"[9079.41]",357.562,"[]","[]","[5725.56]","[]"
163,284500,3685728,364172,1,832.204,1.04079e+07,1.26459,0.93319,1,1,1,0.933785,0.94581,1,1,0,0,1,"[1]","[1]","[31251.2]","[-1.73475]","[-0.642142]","[91315.2]","[0.0206165]","[-1]","[11]","[1]","[0]","[1019.34]","[-0.0446964]","[2.87695]",310851,1.07101,3,"[732936,393222,44480.9]","[-0.243642,-0.322101,-2.4584]","[-2.10653,0.999632,1.84798]","[755666,416202,261853]","[0.991198,0.995232,0]","[4,5,0]","[0,0,0]","[-0.518107,0.959449,-0.805664]",0,"[]","[]","[]","[]","[]","[]","[]","[]","[]","[]",2,"[725285,392400]","[-0.242099,-0.324458]","[-2.1063,0.99481]","[746989,415347]","[22688.2,41812.3]","[0,0]","[4.26515,1.59046]","[0.0212125,0.576713]",0,"[]","[]","[]","[]","[]","[]","[]","[]","[]","[]",0,"[530.266]",3409.53,"[10885.1,5303.2,2636.57]","[]","[40280.2,32176.7]","[]"
164,284500,5861105,364172,-1,832.204,1.04079e+07,0,0.96323,1,1,1,0.96765,1.00493,1,1,0,0,1,"[1]","[1]","[384693]","[-1.33737]","[-2.12859]","[783145]","[0.005373]","[-1]","[11]","[1]","[0]","[-3155.98]","[-0.00940259]","[1.26448]",386448,0.947267,2,"[22134.3,20185.3]","[2.34743,-2.49947]","[1.07572,2.61514]","[116902,123773]","[0.947028,0.976345]","[0,5]","[0,0]","[-0.684438,0.929103]",0,"[]","[]","[]","[]","[]","[]","[]","[]","[]","[]",1,"[420218]","[-1.35045]","[-2.12448]","[865293]","[1282.81]","[0]","[0]","[-1]",0,"[]","[]","[]","[]","[]","[]","[]","[]","[]","[]",0,"[5555.59]",3383.5,"[4047.98,1966.78]","[]","[7907.59]","[]"
165,284500,7699342,364172,-1,832.204,1.04079e+07,0.738662,0.92237,1,1,1,0.9565,0.96413,1,1,0,0,1,"[1]","[1]","[75047.6]","[2.4417]","[0.711753]","[434508]","[-0.0156326]","[1]","[11]","[1]","[0]","[641.343]","[-0.0236008]","[1.38016]",23198.1,2.68215,2,"[280837,209174]","[1.49003,-2.07394]","[-2.06154,1.0888]","[654797,845356]","[0.965379,0.999917]","[4,0]","[0,0]","[-0.894564,-0.942062]",0,"[]","[]","[]","[]","[]","[]","[]","[]","[]","[]",1,"[294301]","[1.46988]","[-2.06146]","[673832]","[10374.3]","[0]","[2.41686]","[0.585774]",0,"[]","[]","[]","[]","[]","[]","[]","[]","[]","[]",0,"[1416.89]",3893.24,"[9583.51,6235.03]","[]","[1026.56]","[]"
166,284500,15138392,364172,1,832.204,1.04079e+07,1.24168,0.97996,1,1,1,0.998416,1.01265,1,1,0,0,1,"[1]","[1]","[228433]","[1.67103]","[-2.29943]","[628840]","[-0.0385246]","[1]","[11]","[1]","[2616.83]","[1613.94]","[0.0183499]","[2.10452]",226259,0.684476,2,"[23674.7,22654]","[1.02333,-0.349691]","[3.01272,1.83301]","[37408.7,24380.6]","[0.986059,1]","[0,0]","[0,0]","[-0.683622,-0.768669]",0,"[]","[]","[]","[]","[]","[]","[]","[]","[]","[]",1,"[251191]","[1.66181]","[-2.30273]","[685576]","[0]","[0]","[0]","[-1]",0,"[]","[]","[]","[]","[]","[]","[]","[]","[]","[]",0,"[6187.26]",1023.98,"[2956.61,2269.63]","[]","[0]","[]"
167,284500,12275458,364172,1,832.204,1.04079e+07,0.934886,0.90752,1,1,1,0.956814,0.93647,1,1,0,0,1,"[1]","[1]","[45413.7]","[-2.39765]","[-1.58833]","[251779]","[0.175198]","[-1]","[11]","[1]","[0]","[93.408]","[0.0216592]","[1.14743]",47337.6,2.06071,2,"[455734,434857]","[-0.344426,0.644775]","[-0.0655169,3.07203]","[483377,528604]","[0.993318,0.997699]","[0,4]","[0,0]","[-0.930082,-0.583609]",0,"[]","[]","[]","[]","[]","[]","[]","[]","[]","[]",2,"[434801,425593]","[-0.319391,0.666814]","[-0.0657886,3.07165]","[457194,523904]","[4926.72,11858.6]","[0,0]","[0,4.97806]","[-1,0.195592]",0,"[]","[]","[]","[]","[]","[]","[]","[]","[]","[]",0,"[382.719]",388.844,"[7081.6,7198.49]","[]","[22353,10728.9]","[]"
168,284500,7705651,364172,-1,832.204,1.04079e+07,0.351687,0.96445,1,1,1,0.995074,1.00001,1,1,0,0,1,"[1]","[1]","[45349.5]","[-1.96768]","[-2.89863]","[165385]","[-79.8244]","[1]","[11]","[1]","[1412.14]","[223.958]","[0.00409816]","[0.211291]",29208.2,1.79874,6,"[198353,122688,71958.9,44021.2,40197.6,32119.9]","[-1.07912,2.16536,1.01022,-2.4527,-0.224459,0.614103]","[-2.89413,0.62842,0.172787,-0.420381,-1.90261,0.567656]","[326028,542010,113538,257711,42281.6,38950.5]","[0.994451,0.994568,0.99117,0,1,0.987783]","[0,0,0,0,0,0]","[0,0,0,0,0,0]","[-0.965057,-0.368049,-0.865646,-0.84338,-0.901265,-0.876036]",0,"[]","[]","[]","[]","[]","[]","[]","[]","[]","[]",1,"[267893]","[-1.3356]","[-2.89304]","[550345]","[79812.3]","[0]","[0.750745]","[0.655513]",0,"[]","[]","[]","[]","[]","[]","[]","[]","[]","[]",0,"[98.7102]",5620.21,"[2892.33,5370.61,8071,2821.4,2228.91,5730.12]","[]","[5428.94]","[]"
169,284500,12593646,364172,1,832.204,1.04079e+07,1.26205,1.01378,1,1,1,0.999214,1.00936,1,1,0,0,1,"[1]","[1]","[312186]","[0.00389358]","[1.2779]","[312188]","[0.0458584]","[1]","[11]","[1]","[1401.59]","[1674.39]","[-0.0353558]","[3.28821]",331589,-1.87248,1,"[22674.9]","[0.528974]","[0.311187]","[26294.9]","[0.996584]","[0]","[0]","[-0.835729]",0,"[]","[]","[]","[]","[]","[]","[]","[]","[]","[]",1,"[314927]","[0.0108492]","[1.27458]","[315215]","[13030]","[0]","[26.6025]","[0.222479]",0,"[]","[]","[]","[]","[]","[]","[]","[]","[]","[]",0,"[2116.63]",19560.9,"[5015.84]","[]","[4495.47]","[]"
170,284500,1399905,364172,1,832.204,1.04079e+07,1.74563,0.94641,1,1,1,1.01585,1.02175,1,1,0,0,1,"[1]","[1]","[38203.4]","[-2.22912]","[3.05697]","[179544]","[0.121208]","[1]","[11]","[1]","[0]","[-138.333]","[0.0526609]","[3.24826]",50972.7,0.102238,2,"[262212,250222]","[0.513979,1.59289]","[-2.18199,0.972408]","[298412,641036]","[1,0.997663]","[5,5]","[0,0]","[0.999662,-0.846829]",0,"[]","[]","[]","[]","[]","[]","[]","[]","[]","[]",1,"[259906]","[0.473043]","[-2.17861]","[290039]","[17150.8]","[0]","[1.84483]","[0.379402]",0,"[]","[]","[]","[]","[]","[]","[]","[]","[]","[]",0,"[373.43]",8913.3,"[8359.89,3882.66]","[]","[24750.8]","[]"
171,284500,5660833,364172,1,832.204,1.04079e+07,1.55465,0.9407,1,1,1,1,0.94055,1,1,0,0,1,"[1]","[1]","[30063.6]","[1.58474]","[-0.284348]","[76406.9]","[0.0764198]","[1]","[11]","[1]","[0]","[672.817]","[-0.00340638]","[0.22111]",84625.8,2.37688,0,"[]","[]","[]","[]","[]","[]","[]","[]",0,"[]","[]","[]","[]","[]","[]","[]","[]","[]","[]",1,"[328698]","[1.40552]","[-0.877768]","[719182]","[111672]","[0]","[0.890909]","[0.386354]",0,"[]","[]","[]","[]","[]","[]","[]","[]","[]","[]",0,"[235.327]",3772.19,"[]","[]","[33323.5]","[]"
172,284500,5362278,364172,1,832.204,1.04079e+07,1.74563,1.01378,1,1,1,1,1.00936,1,1,0,0,1,"[1]","[1]","[234734]","[0.118946]","[1.76859]","[236396]","[-0.0557404]","[1]","[11]","[1]","[0]","[200.319]","[-0.0342159]","[5.93762]",211053,-1.42662,0,"[]","[]","[]","[]","[]","[]","[]","[]",0,"[]","[]","[]","[]","[]","[]","[]","[]","[]","[]",1,"[256663]","[0.0736648]","[1.76599]","[257405]","[4829.27]","[0]","[21.6868]","[0.497586]",0,"[]","[]","[]","[]","[]","[]","[]","[]","[]","[]",0,"[1495.96]",16014.5,"[]","[]","[4832.55]","[]"
173,284500,5856891,364172,1,832.204,1.04079e+07,0.923924,0.95613,1,1,1,0.885261,1.00278,1,1,0,0,1,"[1]","[1]","[40369.9]","[-1.87988]","[-2.32303]","[135347]","[-0.0411835]","[1]","[11]","[1]","[0]","[829.022]","[0.0143406]","[1.19047]",86783.3,1.1204,4,"[212551,101580,84590.2,36798]","[1.47499,-1.04995,0.665459,0.802475]","[-2.96574,-0.339503,0.406714,3.0525]","[489102,164278,105389,49682.8]","[0.206647,0.758645,0.524567,0.99266]","[0,5,0,0]","[0,0,0,0]","[-0.899771,-0.200456,-0.907681,-0.763924]",0,"[]","[]","[]","[]","[]","[]","[]","[]","[]","[]",1,"[258223]","[1.36984]","[-3.00337]","[543460]","[53367.3]","[0]","[1.27633]","[0.802195]",0,"[]","[]","[]","[]","[]","[]","[]","[]","[]","[]",0,"[107.788]",20138.9,"[8695.11,9114.29,2098.97,6022.17]","[]","[4724.12]","[]"
174,284500,4932809,364172,1,832.204,1.04079e+07,0.696077,0.97106,1,1,1,0.996441,0.96201,1,1,0,0,1,"[1]","[1]","[48094.6]","[1.081]","[1.26171]","[79040.3]","[0.0180664]","[1]","[11]","[1]","[0]","[-784.361]","[0.00170504]","[0.167926]",87861.8,-1.63862,3,"[217409,157061,22611.3]","[1.57026,1.48182,2.47146]","[1.14444,-2.08685,-1.75374]","[545425,363660,134869]","[0.227323,0,0]","[0,0,0]","[0,0,0]","[-0.760059,-0.861817,-0.728131]",0,"[]","[]","[]","[]","[]","[]","[]","[]","[]","[]",1,"[277788]","[1.45455]","[1.16238]","[628580]","[40829.3]","[0]","[0.856658]","[0.773755]",0,"[]","[]","[]","[]","[]","[]","[]","[]","[]","[]",0,"[184.127]",14555.5,"[3682.23,7301.31,1659.63]","[]","[1434.84]","[]"
175,284500,10407147,364172,-1,832.204,1.04079e+07,1.32095,0.96203,1,1,1,1,1.01508,1,1,0,0,1,"[1]","[1]","[295925]","[-1.59563]","[2.0858]","[759669]","[0.045332]","[-1]","[11]","[1]","[1077.06]","[-106.133]","[-0.0140691]","[0.535798]",302229,-1.00018,0,"[]","[]","[]","[]","[]","[]","[]","[]",0,"[]","[]","[]","[]","[]","[]","[]","[]","[]","[]",1,"[331344]","[-1.60575]","[2.09301]","[858576]","[3020.74]","[0]","[8.16898]","[-1]",0,"[]","[]","[]","[]","[]","[]","[]","[]","[]","[]",0,"[7811.17]",0,"[]","[]","[18332.2]","[]"
176,284500,12269837,364172,0.0218853,832.204,1.04079e+07,1.25133,0.96972,1,1,1,1,0.99544,1,1,0,0,1,"[1]","[1]","[234028]","[1.28628]","[-3.05802]","[455839]","[54.5841]","[1]","[11]","[1]","[0]","[343.941]","[-0.0294129]","[2.2745]",205049,0.246213,0,"[]","[]","[]","[]","[]","[]","[]","[]",0,"[]","[]","[]","[]","[]","[]","[]","[]","[]","[]",1,"[264900]","[1.3099]","[-3.06606]","[526573]","[0.00552427]","[0]","[0]","[-1]",0,"[]","[]","[]","[]","[]","[]","[]","[]","[]","[]",0,"[3282.53]",43987.2,"[]","[]","[10269.4]","[]"
177,284500,11309137,364172,1,832.204,1.04079e+07,0.619412,0.97388,1,1,1,0.979295,0.98886,1,1,0,0,1,"[1]","[1]","[40566.3]","[-0.472186]","[-2.70489]","[45173.2]","[0.0418816]","[1]","[11]","[1]","[0]","[784.584]","[0.0300296]","[2.13791]",72167.1,-0.310845,2,"[311177,261769]","[0.196134,-0.62812]","[2.38937,-0.727529]","[317528,315562]","[0.994653,0.991901]","[0,5]","[0,0]","[-0.797548,0.850367]",0,"[]","[]","[]","[]","[]","[]","[]","[]","[]","[]",2,"[306620,273219]","[0.216748,-0.614375]","[2.38801,-0.726969]","[314059,326788]","[11442.4,15370.5]","[0,0]","[7.90461,2.37784]","[0.590573,0.459799]",0,"[]","[]","[]","[]","[]","[]","[]","[]","[]","[]",0,"[50.558]",4370.23,"[8480.46,3862.67]","[]","[3549.12,12960.3]","[]"
178,284500,16825226,364172,1,832.204,1.04079e+07,1.21412,0.97388,1,1,1,0.959742,0.98886,1,1,0,0,1,"[1]","[1]","[40947.4]","[-0.402104]","[-0.6671]","[44302.6]","[-0.0156922]","[-1]","[11]","[1]","[0]","[1472.39]","[-0.00648679]","[0.736641]",62925.3,2.11208,3,"[345607,345286,20724.1]","[1.23951,0.000745244,-0.870677]","[-0.26588,2.91249,-3.0253]","[647374,345652,29254.5]","[0.989368,1,0.992859]","[4,5,5]","[0,0,0]","[-0.564992,0.997779,0.607305]",0,"[]","[]","[]","[]","[]","[]","[]","[]","[]","[]",2,"[330215,280782]","[1.23908,-0.000787272]","[-0.261973,2.91482]","[618179,280919]","[20299.9,8782.09]","[0,0]","[2.33499,15.9579]","[0.818357,0.346331]",0,"[]","[]","[]","[]","[]","[]","[]","[]","[]","[]",0,"[58.0254]",1542.86,"[7799,7759,868.039]","[]","[18464.8,440.156]","[]"
179,284500,3879455,364172,1,832.204,1.04079e+07,1.32095,0.99242,1,1,1,0.999374,0.99765,1,1,0,0,1,"[1]","[1]","[258955]","[0.733423]","[-2.12293]","[331781]","[0.00126076]","[1]","[11]","[1]","[3080.84]","[4551.69]","[0.0154408]","[2.15863]",266065,0.901829,1,"[32404.6]","[0.350738]","[2.84677]","[34877.1]","[0.994317]","[0]","[0]","[0.0124265]",0,"[]","[]","[]","[]","[]","[]","[]","[]","[]","[]",1,"[271899]","[0.746075]","[-2.11945]","[351148]","[0.00390625]","[0]","[0]","[-1]",0,"[]","[]","[]","[]","[]","[]","[]","[]","[]","[]",0,"[1591.19]",1176.09,"[3797.58]","[]","[4731.88]","[]"
180,284500,15462207,364172,1,832.204,1.04079e+07,0.696077,0.94272,1,1,1,0.95634,0.94155,1,1,0,0,1,"[1]","[1]","[39040.2]","[1.23916]","[1.56926]","[73050.9]","[-0.0257874]","[-1]","[11]","[1]","[0]","[-1273.45]","[-0.0289868]","[2.31608]",39319.8,-1.63995,2,"[368931,363515]","[2.05432,-0.576515]","[1.61771,-1.50996]","[1.463e+06,426488]","[0.996039,1]","[0,4]","[0,0]","[-0.963033,0.525686]",0,"[]","[]","[]","[]","[]","[]","[]","[]","[]","[]",2,"[433536,344158]","[1.96474,-0.634187]","[1.61296,-1.51068]","[1.58074e+06,416058]","[114263,16832.6]","[0,0]","[1.54383,2.66461]","[0.763085,0.343721]",0,"[]","[]","[]","[]","[]","[]","[]","[]","[]","[]",0,"[130.672]",6842.64,"[17370.3,10135]","[]","[4340.66,8626.97]","[]"
181,284500,16883054,364172,1,832.204,1.04079e+07,0.619412,0.97994,1,1,1,1.02593,1.00632,1,1,0,0,1,"[1]","[1]","[271618]","[0.343223]","[1.06684]","[287774]","[-0.0596027]","[1]","[11]","[1]","[1002.17]","[-1311.82]","[0.00838085]","[1.30415]",241118,-2.06812,1,"[27865.2]","[-1.17985]","[-1.1479]","[49885.6]","[0.906421]","[5]","[0]","[0.978071]",0,"[]","[]","[]","[]","[]","[]","[]","[]","[]","[]",1,"[285998]","[0.36097]","[1.06242]","[304858]","[3817.5]","[0]","[0]","[-1]",0,"[]","[]","[]","[]","[]","[]","[]","[]","[]","[]",0,"[5274.57]",3469.62,"[2311.92]","[]","[18456.5]","[]"
182,284500,15975299,364172,1,832.204,1.04079e+07,0.619412,0.90435,1,1,1,1.0245,0.93374,1,1,0,0,1,"[1]","[1]","[44623.2]","[-2.45932]","[-0.212977]","[262884]","[-114.892]","[1]","[11]","[1]","[0]","[579.922]","[-0.0137739]","[0.526194]",36347,2.26691,6,"[341680,339645,102390,43352.5,36183.7,24713.6]","[-0.102073,-1.77104,1.50659,2.48134,0.489101,1.63061]","[0.0141293,-2.48735,2.05824,2.66507,1.42509,1.46975]","[344700,1.02731e+06,243176,261023,41182.3,65684.9]","[0.991951,0.997098,0.954457,0.991263,1,0.961718]","[0,5,0,0,0,0]","[0,0,0,0,0,0]","[-0.832587,-0.934712,-0.537293,-0.695214,-0.0039769,-0.754214]",0,"[]","[]","[]","[]","[]","[]","[]","[]","[]","[]",2,"[344012,339830]","[-0.0503982,-1.7491]","[0.013905,-2.48278]","[345892,1.00679e+06]","[31563,25365.8]","[0,0]","[1.81685,2.13925]","[0.678395,0.707761]",0,"[]","[]","[]","[]","[]","[]","[]","[]","[]","[]",0,"[299.256]",1881.67,"[4702.55,17573.2,2679.09,4348.17,1977.38,1765.08]","[]","[4338.47,17523.8]","[]"
183,284500,11798223,364172,-1,832.204,1.04079e+07,0.738662,1.00038,1,1,1,1,0.99765,1,1,0,0,2,"[1,0]","[1,0]","[260255,7532.73]","[0.673802,1.32488]","[0.0719672,1.2225]","[321604,15169.2]","[-0.052475,123.925]","[1,-1]","[11,11]","[1,0]","[0,0]","[-471.62,-666.591]","[-0.00869076,-0.0228669]","[1.64007,0.794255]",269642,-3.09334,0,"[]","[]","[]","[]","[]","[]","[]","[]",0,"[]","[]","[]","[]","[]","[]","[]","[]","[]","[]",1,"[277841]","[0.616861]","[0.067179]","[332400]","[0.00516748]","[0]","[0]","[-1]",0,"[]","[]","[]","[]","[]","[]","[]","[]","[]","[]",0,"[2824.82,207.859]",196.75,"[]","[]","[3910.88]","[]"
184,284500,14236216,364172,0.298872,832.204,1.04079e+07,1.55465,0.96972,1,1,1,0.998122,0.99544,1,1,0,0,1,"[1]","[1]","[265299]","[1.20601]","[0.781518]","[482780]","[-0.0201321]","[1]","[11]","[1]","[0]","[1929.23]","[0.000348044]","[0.0560192]",275554,-2.48316,1,"[24868.5]","[2.27852]","[-0.462817]","[122741]","[0.994871]","[0]","[0]","[-0.91335]",0,"[]","[]","[]","[]","[]","[]","[]","[]","[]","[]",1,"[281363]","[1.22629]","[0.782976]","[520805]","[3192.31]","[0]","[16.4526]","[-1]",0,"[]","[]","[]","[]","[]","[]","[]","[]","[]","[]",0,"[3217.94]",737.875,"[2469.74]","[]","[5160.69]","[]"
185,284500,13399296,364172,3.3826,832.204,1.04079e+07,1.24168,0.98089,1,1,1,1,1,1,1,0,0,1,"[1]","[1]","[283827]","[-1.01549]","[-2.35519]","[443189]","[-0.072732]","[1]","[11]","[0]","[0]","[235.025]","[-0.054783]","[2.50107]",313271,0.85255,0,"[]","[]","[]","[]","[]","[]","[]","[]",0,"[]","[]","[]","[]","[]","[]","[]","[]","[]","[]",1,"[314984]","[-1.01702]","[-2.35873]","[492543]","[11211.2]","[0]","[17.8897]","[-1]",0,"[]","[]","[]","[]","[]","[]","[]","[]","[]","[]",0,"[3651.34]",4517.25,"[]","[]","[29997.9]","[]"
186,284500,13391008,364172,1,832.204,1.04079e+07,1.22586,0.98089,1,1,1,1,0.99866,1,1,0,0,1,"[1]","[1]","[248970]","[-0.981418]","[-2.04811]","[378809]","[0.00357819]","[1]","[11]","[1]","[0]","[436.549]","[-0.0315542]","[2.51568]",257346,1.09376,0,"[]","[]","[]","[]","[]","[]","[]","[]",0,"[]","[]","[]","[]","[]","[]","[]","[]","[]","[]",1,"[276369]","[-0.952969]","[-2.04505]","[411650]","[0]","[0]","[0]","[-1]",0,"[]","[]","[]","[]","[]","[]","[]","[]","[]","[]",0,"[2638.4]",2237.7,"[]","[]","[614.156]","[]"
187,284500,15391710,364172,1,832.204,1.04079e+07,0.619412,0.96819,1,1,1,1.00644,0.95922,1,1,0,0,1,"[1]","[1]","[47581.9]","[-1.00126]","[-2.19167]","[73493.5]","[-0.00415039]","[1]","[11]","[1]","[1305.47]","[989.105]","[-0.0106875]","[1.07751]",53210.9,1.48672,3,"[529041,29482.3,22769.9]","[-0.0988407,0.382888,-0.104364]","[-1.59363,0.778716,1.52197]","[532607,32000.5,23355]","[1,0.948101,0.633761]","[5,0,0]","[0,0,0]","[0.450481,-0.918172,-0.589519]",0,"[]","[]","[]","[]","[]","[]","[]","[]","[]","[]",1,"[527706]","[-0.134974]","[-1.59363]","[533170]","[26311.2]","[0]","[3.32714]","[0.125626]",0,"[]","[]","[]","[]","[]","[]","[]","[]","[]","[]",0,"[134.361]",451.355,"[8202.96,8762.71,2621.77]","[]","[42845.4]","[]"
188,284500,11568046,364172,-1,832.204,1.04079e+07,1.26205,0.96484,1,1,1,1.03327,0.96343,1,1,0,0,1,"[1]","[1]","[39006.7]","[0.929481]","[2.7707]","[57104.9]","[0.0147285]","[-1]","[11]","[1]","[0]","[776.252]","[-0.0175841]","[1.88234]",10898.8,-1.43933,3,"[372000,371913,25029.9]","[-0.0984858,-1.28061,0.730181]","[1.9054,-1.22989,-0.415881]","[374162,721244,32241.4]","[1,0.998032,0.971809]","[5,0,0]","[0,0,0]","[0.405741,-0.845654,-0.927646]",0,"[]","[]","[]","[]","[]","[]","[]","[]","[]","[]",2,"[383892,357379]","[-1.27508,-0.0831248]","[-1.22981,1.90066]","[740764,358614]","[15564.3,0.00341797]","[0,0]","[3.78707,0]","[0.551667,-1]",0,"[]","[]","[]","[]","[]","[]","[]","[]","[]","[]",0,"[108.006]",2690.96,"[9370.11,7433.99,1868.09]","[]","[2863.34,2439.84]","[]"
189,284500,8168762,364172,-1.06758,832.204,1.04079e+07,1.26205,0.99242,1,1,1,0.89457,0.99765,1,1,0,0,1,"[1]","[1]","[250893]","[0.671568]","[1.26415]","[309628]","[-0.00239182]","[-1]","[11]","[1]","[0]","[-716.478]","[0.00554731]","[0.377745]",267316,-2.03858,2,"[32268.6,28494.6]","[1.84279,1.45202]","[0.280311,0.669383]","[104480,64224.5]","[0.985742,0.975544]","[5,5]","[0,0]","[-0.474899,-0.609012]",0,"[]","[]","[]","[]","[]","[]","[]","[]","[]","[]",1,"[270162]","[0.771735]","[1.22135]","[366602]","[92712]","[0]","[0.580214]","[0.548054]",0,"[]","[]","[]","[]","[]","[]","[]","[]","[]","[]",0,"[1562.43]",9446.62,"[1333.49,4974.23]","[]","[14189.7]","[]"
190,284500,11035225,364172,1,832.204,1.04079e+07,1.24168,0.97695,1,1,1,1,0.98743,1,1,0,0,1,"[1]","[1]","[441274]","[-0.0823159]","[-0.700539]","[442770]","[0.0091362]","[1]","[11]","[1]","[0]","[-1492.13]","[0.0201095]","[2.6542]",443373,2.47274,0,"[]","[]","[]","[]","[]","[]","[]","[]",0,"[]","[]","[]","[]","[]","[]","[]","[]","[]","[]",1,"[446771]","[-0.102468]","[-0.706913]","[449118]","[0.00258374]","[0]","[0]","[-1]",0,"[]","[]","[]","[]","[]","[]","[]","[]","[]","[]",0,"[3413.67]",0,"[]","[]","[4873.53]","[]"
191,284500,11534662,364172,-2.55597,832.204,1.04079e+07,1.1961,0.96972,1,1,1,0.996994,1,1,1,0,0,1,"[1]","[1]","[461918]","[1.32659]","[-1.59799]","[931583]","[37.2551]","[1]","[11]","[0]","[0]","[1546.29]","[-0.110961]","[2.32655]",444480,1.64369,3,"[45824.2,29058.9,21693.4]","[1.11434,-0.364434,-1.92724]","[-0.146834,-2.96925,0.190907]","[77497.8,31827.7,76245.5]","[0.951646,0.72751,0.98103]","[0,0,0]","[0,0,0]","[-0.914212,-0.22225,-0.449477]",0,"[]","[]","[]","[]","[]","[]","[]","[]","[]","[]",1,"[510101]","[1.33891]","[-1.60536]","[1.03988e+06]","[8470.81]","[0]","[1.55766]","[-1]",0,"[]","[]","[]","[]","[]","[]","[]","[]","[]","[]",0,"[8351.91]",4220.78,"[3626.69,2984.82,1755.88]","[]","[21549.3]","[]"
192,284500,14297060,364172,1,832.204,1.04079e+07,0.75088,0.97994,1,1,1,1,1.00632,1,1,0,0,1,"[1]","[1]","[251078]","[0.415728]","[0.578929]","[273089]","[0.0666237]","[-1]","[11]","[1]","[0]","[-474.831]","[-0.00674039]","[0.720474]",271410,-2.50875,0,"[]","[]","[]","[]","[]","[]","[]","[]",0,"[]","[]","[]","[]","[]","[]","[]","[]","[]","[]",1,"[259256]","[0.441574]","[0.575667]","[284982]","[4628.29]","[0]","[20.2207]","[-1]",0,"[]","[]","[]","[]","[]","[]","[]","[]","[]","[]",0,"[1291.17]",912.969,"[]","[]","[8289.47]","[]"
193,284500,13461742,364172,1,832.204,1.04079e+07,1.32095,0.97388,1,1,1,0.998283,0.98886,1,1,0,0,1,"[1]","[1]","[42369.8]","[-0.30225]","[0.684743]","[44320]","[0.0214806]","[1]","[11]","[1]","[0]","[1003.18]","[-0.00337831]","[0.233696]",74203.3,-2.32595,3,"[369305,74555.8,31766.7]","[-1.96004,-0.733524,0.341358]","[1.24272,-0.137764,-2.47488]","[1.33717e+06,95752.2,33983.4]","[0,0.155924,0.98765]","[0,0,0]","[0,0,0]","[-0.898811,-0.842337,-0.728351]",0,"[]","[]","[]","[]","[]","[]","[]","[]","[]","[]",2,"[399293,356049]","[-1.94649,-0.241695]","[1.24274,-2.06556]","[1.42706e+06,373461]","[24759.5,71773.9]","[0,0]","[2.80355,2.67437]","[0.634586,0.76001]",0,"[]","[]","[]","[]","[]","[]","[]","[]","[]","[]",0,"[77.416]",26782.9,"[17182.7,3064.34,4177.51]","[]","[7611.03,24390.7]","[]"
