event,runNumber,eventNumber,channelNumber,mcWeight,XSection,SumWeights,scaleFactor_PILEUP,scaleFactor_ELE,scaleFactor_MUON,scaleFactor_PHOTON,scaleFactor_TAU,scaleFactor_BTAG,scaleFactor_LepTRIGGER,scaleFactor_PhotonTRIGGER,trigE,trigM,trigP,lep_n,lep_truthMatched,lep_trigMatched,lep_pt,lep_eta,lep_phi,lep_E,lep_z0,lep_charge,lep_type,lep_isTightID,lep_ptcone30,lep_etcone20,lep_trackd0pvunbiased,lep_tracksigd0pvunbiased,met_et,met_phi,jet_n,jet_pt,jet_eta,jet_phi,jet_E,jet_jvt,jet_trueflav,jet_truthMatched,jet_MV2c10,photon_n,photon_truthMatched,photon_trigMatched,photon_pt,photon_eta,photon_phi,photon_E,photon_isTightID,photon_ptcone30,photon_etcone20,photon_convType,largeRjet_n,largeRjet_pt,largeRjet_eta,largeRjet_phi,largeRjet_E,largeRjet_m,largeRjet_truthMatched,largeRjet_D2,largeRjet_tau32,tau_n,tau_pt,tau_eta,tau_phi,tau_E,tau_charge,tau_isTightID,tau_truthMatched,tau_trigMatched,tau_nTracks,tau_BDTid,ditau_m,lep_pt_syst,met_et_syst,jet_pt_syst,photon_pt_syst,largeRjet_pt_syst,tau_pt_syst
0,284500,18717378,361105,8433.74,8579.63,1.65196e+11,0.738662,0.95175,1,1,1,0.999466,0.9244,1,1,0,0,1,"[0]","[1]","[46302.1]","[1.19752]","[1.91323]","[83663.7]","[-0.0707436]","[-1]","[11]","[1]","[0]","[-1726.11]","[-0.0184004]","[1.56723]",289063,2.01883,1,"[283285]","[-0.537565]","[-1.16819]","[325630]","[0.992025]","[0]","[0]","[-0.335234]",0,"[]","[]","[]","[]","[]","[]","[]","[]","[]","[]",1,"[286247]","[-0.567155]","[-1.16672]","[333632]","[8162.65]","[0]","[3.2109]","[0.0382629]",0,"[]","[]","[]","[]","[]","[]","[]","[]","[]","[]",0,"[177.659]",1036.44,"[6312.4]","[]","[240.406]","[]"
1,284500,18965632,361105,8433.03,8579.63,1.65196e+11,0,1,1.00099,1,1,0.989866,0.980103,1,0,1,0,1,"[0]","[1]","[208972]","[1.22891]","[-0.722976]","[387654]","[-0.0144005]","[-1]","[13]","[1]","[0]","[-236.049]","[-0.00735888]","[1.46089]",51331.9,-0.899844,1,"[267807]","[1.71609]","[2.41986]","[769074]","[1]","[4]","[0]","[0.351571]",0,"[]","[]","[]","[]","[]","[]","[]","[]","[]","[]",1,"[252799]","[1.72816]","[2.41516]","[734229]","[12822.9]","[0]","[3.21901]","[0.307682]",0,"[]","[]","[]","[]","[]","[]","[]","[]","[]","[]",0,"[20211.3]",9977.31,"[10585.6]","[]","[0]","[]"
2,284500,18949996,361105,8438.77,8579.63,1.65196e+11,1.08735,1,1.00183,1,1,0.998862,0.99823,1,0,1,0,1,"[0]","[1]","[116789]","[1.03371]","[3.01337]","[184945]","[0.0803928]","[-1]","[13]","[1]","[0]","[-505.779]","[-0.0310572]","[3.6924]",92993.7,2.77277,3,"[237583,46299,21361.5]","[0.864846,-0.688748,-0.910188]","[-0.0774074,-2.35456,-2.70641]","[332429,58318.8,30927.5]","[0.948877,0.994172,0.929105]","[0,0,0]","[0,0,0]","[-0.874549,-0.544682,-0.691386]",0,"[]","[]","[]","[]","[]","[]","[]","[]","[]","[]",1,"[251986]","[0.877762]","[-0.0531567]","[356709]","[29897.6]","[0]","[3.17898]","[0.309618]",0,"[]","[]","[]","[]","[]","[]","[]","[]","[]","[]",0,"[232.827]",6031.58,"[3631.64,4295.17,4089.52]","[]","[10558.9]","[]"
3,284500,18776564,361105,8439.73,8579.63,1.65196e+11,0.619412,0.95586,1,1,1,0.998462,0.97537,1,1,0,0,1,"[0]","[1]","[32523.1]","[0.757079]","[2.8185]","[42297.5]","[-4.10952]","[-1]","[11]","[1]","[0]","[-650.588]","[0.0153539]","[1.60508]",25840.4,-0.904345,3,"[275743,54442.8,22652.9]","[-1.79567,-0.0539559,-1.18612]","[-2.58468,0.502812,2.53961]","[853641,54761.9,40783.6]","[0.994217,0.997205,0.971142]","[0,0,0]","[0,0,0]","[-0.936551,-0.924498,-0.823553]",0,"[]","[]","[]","[]","[]","[]","[]","[]","[]","[]",1,"[303342]","[-1.78964]","[-2.58403]","[933605]","[18099.1]","[0]","[2.04312]","[0.748183]",0,"[]","[]","[]","[]","[]","[]","[]","[]","[]","[]",0,"[63.6194]",2477.05,"[13770.1,5348.58,5602.64]","[]","[15360.3]","[]"
4,284500,19131789,361105,8436.95,8579.63,1.65196e+11,1.74563,0.97921,1,1,1,0.995857,1.00192,1,1,0,0,1,"[0]","[1]","[72197.1]","[-0.317936]","[-2.56787]","[75876.9]","[0.00883001]","[-1]","[11]","[1]","[1296.14]","[142.945]","[-0.0370337]","[5.49692]",231428,-2.55473,6,"[286992,38705.5,35128.2,26241.3,25951.4,23143.3]","[-0.66977,-1.58701,1.13742,-0.724503,-1.58163,-1.09825]","[0.546322,-0.120521,1.25079,3.09718,-2.70157,-0.409083]","[355697,98801.9,60691.6,34113.8,65912.5,38745.1]","[1,1,0.995252,0.99268,0.994963,0.969412]","[0,0,0,0,0,0]","[0,0,0,0,0,0]","[-0.725931,-0.831352,-0.834591,-0.867358,-0.857731,-0.848212]",0,"[]","[]","[]","[]","[]","[]","[]","[]","[]","[]",1,"[341506]","[-0.621702]","[0.50996]","[415142]","[67257.9]","[0]","[1.42977]","[0.642921]",0,"[]","[]","[]","[]","[]","[]","[]","[]","[]","[]",0,"[325.167]",56765.2,"[5376.51,21592.2,3612.54,5714.75,3973.9,2987.29]","[]","[31107.8]","[]"
5,284500,19078211,361105,8432.84,8579.63,1.65196e+11,1.55465,0.97076,1,1,1,0.99953,0.95972,1,1,0,0,1,"[0]","[1]","[56700.3]","[-1.07339]","[0.638249]","[92623.7]","[0.211632]","[-1]","[11]","[1]","[0]","[567.32]","[-0.0571833]","[6.27919]",368660,0.658908,1,"[21190.5]","[0.499005]","[-2.34922]","[24022.7]","[0.98]","[0]","[0]","[-0.906641]",0,"[]","[]","[]","[]","[]","[]","[]","[]","[]","[]",1,"[395825]","[0.897224]","[-2.49936]","[567534]","[39967.5]","[0]","[0.958392]","[0.527466]",0,"[]","[]","[]","[]","[]","[]","[]","[]","[]","[]",0,"[92.1839]",22789.6,"[1692.82]","[]","[6817.09]","[]"
6,284500,18909518,361105,8433.81,8579.63,1.65196e+11,0.402058,0.96853,1,1,1,0.998946,0.98869,1,1,0,0,1,"[0]","[1]","[64786.7]","[-2.01226]","[0.750636]","[246640]","[0.251713]","[-1]","[11]","[1]","[0]","[-385.689]","[0.0578221]","[3.35364]",199998,0.862376,3,"[328797,50621.3,30949.3]","[1.00054,0.00605149,0.625007]","[-2.27406,1.1676,-1.48061]","[508559,50871.7,37666.2]","[0.994422,0.988478,0.976923]","[0,0,0]","[0,0,0]","[-0.860231,0.0672631,-0.777263]",0,"[]","[]","[]","[]","[]","[]","[]","[]","[]","[]",1,"[335192]","[1.02018]","[-2.28169]","[526084]","[29021.3]","[0]","[2.03675]","[0.681976]",0,"[]","[]","[]","[]","[]","[]","[]","[]","[]","[]",0,"[915.914]",13404.3,"[10853.7,3185.83,3039.03]","[]","[18718.9]","[]"
7,284500,18936215,361105,8433.99,8579.63,1.65196e+11,0.596562,0.9623,1,1,1,0.997042,0.96784,1,1,0,0,1,"[0]","[1]","[29777.9]","[-0.306392]","[1.61438]","[31186.6]","[0.409981]","[-1]","[11]","[1]","[0]","[252.193]","[-0.0151264]","[0.890217]",418089,1.77936,2,"[466060,26110.9]","[-0.351025,1.49349]","[-1.31759,2.92926]","[495565,61170.4]","[1,0.977]","[0,0]","[0,0]","[-0.454261,-0.911036]",0,"[]","[]","[]","[]","[]","[]","[]","[]","[]","[]",1,"[454496]","[-0.356251]","[-1.31813]","[483923]","[16441.4]","[0]","[3.53535]","[0.591454]",0,"[]","[]","[]","[]","[]","[]","[]","[]","[]","[]",0,"[44.6681]",8113.28,"[8671.43,3516.35]","[]","[3916.19]","[]"
8,284500,19075988,361105,8440.22,8579.63,1.65196e+11,0.934886,1,0.996325,1,1,0.989321,1.05163,1,0,1,0,1,"[0]","[1]","[137496]","[-0.704773]","[-0.773789]","[173081]","[-0.00578308]","[-1]","[13]","[0]","[0]","[-275.162]","[-0.032834]","[6.86327]",79887.2,-0.472736,3,"[257013,93581.7,33465]","[0.625404,1.99197,0.348517]","[1.98478,-2.09182,-2.37823]","[309898,349421,36168]","[0.997963,0.933348,0.992067]","[4,0,4]","[0,0,0]","[-0.844854,-0.884573,0.727325]",0,"[]","[]","[]","[]","[]","[]","[]","[]","[]","[]",1,"[269246]","[0.631164]","[1.98549]","[325563]","[23972.1]","[0]","[1.61322]","[0.553817]",0,"[]","[]","[]","[]","[]","[]","[]","[]","[]","[]",0,"[606.51]",1713.95,"[3183.18,3377.07,1499.23]","[]","[980.375]","[]"
9,284500,19135906,361105,8443.01,8579.63,1.65196e+11,0.596562,1,0.997331,1,1,0.999404,0.669553,1,0,1,0,1,"[0]","[1]","[116550]","[0.743805]","[-1.61937]","[150304]","[-0.026226]","[-1]","[13]","[1]","[0]","[-151.272]","[-0.0141254]","[2.41708]",166259,-1.57956,1,"[281865]","[1.0706]","[1.54376]","[460007]","[0.997965]","[0]","[0]","[-0.882863]",0,"[]","[]","[]","[]","[]","[]","[]","[]","[]","[]",1,"[264977]","[1.09132]","[1.53828]","[439598]","[21702.1]","[0]","[2.15327]","[0.657574]",0,"[]","[]","[]","[]","[]","[]","[]","[]","[]","[]",0,"[954.693]",501.438,"[3866.57]","[]","[13680.4]","[]"
10,284500,14958504,361105,8432.09,8579.63,1.65196e+11,0.934886,0.96323,1,1,1,0.999269,1.00493,1,1,0,0,1,"[0]","[1]","[178528]","[-1.19744]","[-0.789598]","[322566]","[0.0276699]","[-1]","[11]","[1]","[0]","[998.33]","[0.0668726]","[5.70188]",118119,-0.657077,2,"[267220,91305.1]","[0.130749,0.628597]","[2.18069,-2.98676]","[270023,110163]","[1,0.99601]","[0,0]","[0,0]","[-0.976227,-0.912198]",0,"[]","[]","[]","[]","[]","[]","[]","[]","[]","[]",1,"[263230]","[0.140322]","[2.17874]","[266099]","[12045.6]","[0]","[3.7347]","[0.618754]",0,"[]","[]","[]","[]","[]","[]","[]","[]","[]","[]",0,"[2165.1]",6547.68,"[7689.18,5044.76]","[]","[17423.2]","[]"
11,284500,19127001,361105,8431.7,8579.63,1.65196e+11,1.74563,1,1,1,1,0.998893,1,1,1,0,0,1,"[0]","[1]","[303436]","[-1.00774]","[-0.917673]","[471001]","[-0.00146484]","[-1]","[11]","[0]","[0]","[7510.14]","[0.0291738]","[3.7955]",80674.7,-1.08142,1,"[381861]","[-1.35995]","[2.17421]","[793436]","[0.989362]","[0]","[0]","[-0.692274]",0,"[]","[]","[]","[]","[]","[]","[]","[]","[]","[]",2,"[380490,336452]","[-1.38038,-1.04564]","[2.18376,-0.919239]","[804809,537764]","[27655,563.876]","[0,0]","[2.42796,9.25952]","[0.683111,-1]",0,"[]","[]","[]","[]","[]","[]","[]","[]","[]","[]",0,"[3850.44]",9247.84,"[10822.1]","[]","[2252.06,5664.91]","[]"
12,284500,19095514,361105,8432.65,8579.63,1.65196e+11,0.934886,1,0.997014,1,1,0.999374,0.97976,1,0,1,0,1,"[0]","[1]","[129600]","[-1.19988]","[-1.56884]","[234638]","[0.0646019]","[-1]","[13]","[1]","[0]","[-501.006]","[-0.0404217]","[7.72977]",81499.3,-2.19733,1,"[236706]","[-0.895025]","[1.57638]","[338623]","[0.99]","[0]","[0]","[-0.799879]",0,"[]","[]","[]","[]","[]","[]","[]","[]","[]","[]",1,"[284809]","[-0.927979]","[1.46014]","[419509]","[50181]","[0]","[1.28773]","[0.675548]",0,"[]","[]","[]","[]","[]","[]","[]","[]","[]","[]",0,"[3950.89]",829.844,"[4079.27]","[]","[2464.47]","[]"
13,284500,15693593,361105,8437.78,8579.63,1.65196e+11,1.08735,1,0.989435,1,1,0.997446,1.0074,1,0,1,0,1,"[0]","[1]","[206417]","[1.81452]","[2.50344]","[650318]","[-0.0464859]","[-1]","[13]","[1]","[0]","[-193.681]","[0.00868755]","[1.83285]",110418,2.90667,3,"[272354,27597,20129.8]","[-0.649644,2.01107,-0.759574]","[-0.548106,-0.137545,-1.11004]","[332608,105047,26506.5]","[0.980087,0.988562,0.737829]","[0,0,0]","[0,0,0]","[-0.920364,0.0273024,-0.904811]",0,"[]","[]","[]","[]","[]","[]","[]","[]","[]","[]",1,"[274254]","[-0.628976]","[-0.545951]","[331483]","[27802.7]","[0]","[1.56426]","[0.69263]",0,"[]","[]","[]","[]","[]","[]","[]","[]","[]","[]",0,"[2667.43]",940.258,"[8157.04,2572.52,1118.87]","[]","[21050.8]","[]"
14,284500,16620647,361105,8431.36,8579.63,1.65196e+11,1.55465,1,1.00431,1,1,0.997417,0.867651,1,0,1,0,1,"[0]","[1]","[174337]","[0.09055]","[0.0348638]","[175052]","[0.0898285]","[-1]","[13]","[1]","[0]","[-517.137]","[-0.045247]","[10.5349]",133502,-0.181435,2,"[287857,20790.9]","[1.33123,1.68768]","[3.0603,-2.53623]","[583919,58260.5]","[0.99984,0.96523]","[0,0]","[0,0]","[-0.968243,-0.823676]",0,"[]","[]","[]","[]","[]","[]","[]","[]","[]","[]",1,"[284597]","[1.36007]","[3.05207]","[592256]","[38810.9]","[0]","[2.03126]","[0.750141]",0,"[]","[]","[]","[]","[]","[]","[]","[]","[]","[]",0,"[2496.94]",7474.24,"[10355.1,3197.29]","[]","[503.688]","[]"
15,284500,15649054,361105,8429.72,8579.63,1.65196e+11,1.08735,1,0.997386,1,1,0.982475,0.928843,1,0,1,0,1,"[0]","[1]","[192867]","[0.682772]","[1.75327]","[239596]","[0.0389595]","[-1]","[13]","[0]","[0]","[-407.861]","[-0.142169]","[20.5158]",101646,1.702,5,"[215768,107247,87479.1,76815.4,39706.3]","[-0.0968496,-0.00348724,0.609233,-0.509052,-0.356132]","[-1.97692,-0.560378,1.01102,-2.13909,-0.917139]","[217043,108818,104784,87145,42617.8]","[0.996891,0.999846,0.99391,0.985111,0.943089]","[4,0,0,0,4]","[0,0,0,0,0]","[0.736392,-0.896956,-0.826087,-0.841902,-0.915112]",0,"[]","[]","[]","[]","[]","[]","[]","[]","[]","[]",1,"[283396]","[-0.188478]","[-2.01737]","[293330]","[53310]","[0]","[0.512445]","[0.775842]",0,"[]","[]","[]","[]","[]","[]","[]","[]","[]","[]",0,"[5982.04]",12096.4,"[8320.46,9222.48,7805.59,2408.21,1534.62]","[]","[957.219]","[]"
16,284500,16611722,361105,8441.08,8579.63,1.65196e+11,0.402058,1,0.97553,1,1,0.996187,0.852763,1,0,1,0,1,"[0]","[1]","[57389.8]","[0.471025]","[-0.338667]","[63874.8]","[0.0124893]","[-1]","[13]","[1]","[0]","[-98.8522]","[-0.0612441]","[11.9153]",318316,-0.188344,4,"[345272,91493.5,24909.9,21141.1]","[-0.481746,-1.89715,-2.31246,-2.32731]","[2.62029,-1.90925,-2.31783,2.52098]","[386265,311938,127115,109459]","[0.993287,0.986168,0.88,0.99]","[0,0,0,0]","[0,0,0,0]","[-0.876376,-0.235239,-0.536511,-0.684738]",0,"[]","[]","[]","[]","[]","[]","[]","[]","[]","[]",1,"[338841]","[-0.522983]","[2.62505]","[386384]","[10347.6]","[0]","[0]","[-1]",0,"[]","[]","[]","[]","[]","[]","[]","[]","[]","[]",0,"[363.998]",3033.88,"[8271.38,2533.51,2439.59,3851.64]","[]","[29908.8]","[]"
17,284500,15652787,361105,8433.15,8579.63,1.65196e+11,1.74563,1,0.998077,1,1,0.987074,0.91657,1,0,1,0,1,"[0]","[1]","[107426]","[-0.936846]","[-2.18749]","[158119]","[0.0667772]","[-1]","[13]","[1]","[0]","[740.842]","[-0.0310986]","[5.48005]",153211,-2.46407,1,"[258845]","[0.338124]","[0.780816]","[275282]","[0.997011]","[4]","[0]","[0.656705]",0,"[]","[]","[]","[]","[]","[]","[]","[]","[]","[]",1,"[279285]","[0.334326]","[0.779378]","[296868]","[32896.1]","[0]","[1.57545]","[0.811053]",0,"[]","[]","[]","[]","[]","[]","[]","[]","[]","[]",0,"[4249.77]",2393.72,"[3476.83]","[]","[3635.94]","[]"
18,284500,19288877,361105,8435.42,8579.63,1.65196e+11,1.74563,1,0.997951,1,1,0.988844,0.976117,1,0,1,0,1,"[0]","[1]","[36125]","[-0.146854]","[0.167172]","[36515.4]","[0.0337753]","[-1]","[13]","[1]","[0]","[99.3029]","[0.000199431]","[0.0203479]",231998,0.00717163,1,"[267513]","[-0.868288]","[-3.09626]","[375298]","[0.99]","[4]","[0]","[-0.921336]",0,"[]","[]","[]","[]","[]","[]","[]","[]","[]","[]",1,"[276983]","[-0.902255]","[-3.09683]","[397761]","[11895.1]","[0]","[3.50934]","[0.801874]",0,"[]","[]","[]","[]","[]","[]","[]","[]","[]","[]",0,"[212.302]",8609.31,"[9042.1]","[]","[8358.56]","[]"
19,284500,19284951,361105,8433.44,8579.63,1.65196e+11,0,1,0.99322,1,1,0.999438,0.81689,1,0,1,0,1,"[0]","[1]","[112981]","[0.208449]","[-2.12317]","[115445]","[-0.295929]","[-1]","[13]","[0]","[0]","[-605.311]","[0.103455]","[11.5782]",184233,-1.64269,1,"[273666]","[-0.940207]","[1.21355]","[404953]","[0.975156]","[0]","[0]","[-0.751388]",0,"[]","[]","[]","[]","[]","[]","[]","[]","[]","[]",1,"[280661]","[-0.939647]","[1.21855]","[415421]","[34896.3]","[0]","[2.0642]","[0.520591]",0,"[]","[]","[]","[]","[]","[]","[]","[]","[]","[]",0,"[8274.73]",25195,"[6650.8]","[]","[4085.91]","[]"
20,284500,19334517,361105,8431.9,8579.63,1.65196e+11,1.08735,1,0.996476,1,1,0.997794,0.99664,1,0,1,0,1,"[0]","[1]","[136436]","[-1.24001]","[0.925403]","[255479]","[-0.0216179]","[-1]","[13]","[1]","[0]","[264.724]","[-0.0416505]","[7.75934]",227195,1.09528,3,"[267999,47395.8,26262.1]","[1.14039,0.95737,1.47407]","[-1.81625,-2.45503,-2.60785]","[462929,71452.6,60454.1]","[0.997719,0.990792,0.994074]","[0,0,0]","[0,0,0]","[-0.876359,-0.760017,-0.789756]",0,"[]","[]","[]","[]","[]","[]","[]","[]","[]","[]",1,"[279089]","[1.14874]","[-1.8775]","[490450]","[76844.2]","[0]","[2.09335]","[0.789324]",0,"[]","[]","[]","[]","[]","[]","[]","[]","[]","[]",0,"[5426.9]",5035.12,"[6431.33,2199.3,2588.35]","[]","[683.344]","[]"
21,284500,19332848,361105,8437.31,8579.63,1.65196e+11,0.596562,1.00588,1,1,1,0.995028,1.00306,1,1,0,0,1,"[0]","[1]","[178138]","[0.754627]","[2.73443]","[231313]","[-0.0235901]","[-1]","[11]","[1]","[0]","[-1632.95]","[0.000850021]","[0.118882]",158574,2.75195,5,"[290587,119833,35118.6,25504.6,22361.6]","[-1.95294,-1.17445,-0.801584,-1.5799,-2.4826]","[-0.880634,0.569427,0.188796,0.840907,-0.1239]","[1.0452e+06,213163,47315,64601.5,134833]","[0.99,0.996607,0.964656,0.978599,0.995922]","[0,0,0,0,0]","[0,0,0,0,0]","[-0.882275,-0.897527,-0.794208,-0.704562,-0.752856]",0,"[]","[]","[]","[]","[]","[]","[]","[]","[]","[]",1,"[303093]","[-1.92142]","[-0.888061]","[1.05759e+06]","[22371.2]","[0]","[3.15492]","[0.863172]",0,"[]","[]","[]","[]","[]","[]","[]","[]","[]","[]",0,"[1582.98]",29315.1,"[7428.79,3326.09,2666.96,1777.67,2381.04]","[]","[12720.3]","[]"
22,284500,19402364,361105,8438.26,8579.63,1.65196e+11,0.596562,0.98413,1,1,1,0.997141,0.99866,1,1,0,0,1,"[0]","[1]","[129205]","[-0.856527]","[-3.06081]","[179570]","[-0.0404205]","[-1]","[11]","[1]","[0]","[893.232]","[0.02512]","[3.82319]",496480,-2.89369,4,"[282903,234409,120391,30727]","[-1.12792,1.66133,-1.59981,1.27371]","[0.0541689,0.658276,-0.376706,0.396589]","[484316,641363,310311,59343.6]","[0.997681,0.98934,0.972968,0.974944]","[0,0,0,0]","[0,0,0,0]","[-0.862152,-0.805691,-0.85578,-0.655126]",0,"[]","[]","[]","[]","[]","[]","[]","[]","[]","[]",2,"[378764,268218]","[-1.34507,1.60615]","[-0.0895343,0.627552]","[784425,698538]","[112780,67609.9]","[0,0]","[0.960514,1.3348]","[0.580424,0.851622]",0,"[]","[]","[]","[]","[]","[]","[]","[]","[]","[]",0,"[986.248]",22366.1,"[6172.36,19019.3,4113.04,2437.55]","[]","[6849.19,14486.2]","[]"
23,284500,16444459,361105,8430.74,8579.63,1.65196e+11,0,0.96689,1,1,1,0.997876,1.00136,1,1,0,0,1,"[0]","[1]","[59991.9]","[1.74556]","[2.98454]","[177086]","[0.0270271]","[-1]","[11]","[1]","[3221.44]","[4507.62]","[0.0830206]","[1.88002]",231243,2.93818,2,"[323889,30882.3]","[1.06772,1.85995]","[-0.137929,-2.77478]","[527402,101731]","[0.990511,0.96643]","[0,0]","[0,0]","[-0.686547,-0.103344]",0,"[]","[]","[]","[]","[]","[]","[]","[]","[]","[]",1,"[342467]","[1.04794]","[-0.135133]","[548648]","[17676.7]","[0]","[4.02307]","[0.656508]",0,"[]","[]","[]","[]","[]","[]","[]","[]","[]","[]",0,"[372.431]",13595,"[7393.7,3393.33]","[]","[8050.25]","[]"
24,284500,19458401,361105,8434.99,8579.63,1.65196e+11,1.08735,1,0.994187,1,1,0.999353,1.027,1,0,1,0,1,"[0]","[1]","[191474]","[0.345175]","[-0.955348]","[202994]","[0.193237]","[-1]","[13]","[1]","[0]","[-373.844]","[-0.0512407]","[7.92933]",127282,-1.13502,1,"[312958]","[0.810782]","[2.09216]","[421582]","[0.996932]","[0]","[0]","[-0.270688]",0,"[]","[]","[]","[]","[]","[]","[]","[]","[]","[]",1,"[299918]","[0.85042]","[2.09239]","[415066]","[-0.00390625]","[0]","[0]","[-1]",0,"[]","[]","[]","[]","[]","[]","[]","[]","[]","[]",0,"[12402.1]",5852.77,"[6820.25]","[]","[10906.2]","[]"
25,284500,19463558,361105,8439.79,8579.63,1.65196e+11,0.596562,0.97435,1,1,1,0.998935,0.98425,1,1,0,0,1,"[0]","[1]","[45419.4]","[0.203159]","[-1.56021]","[46360]","[0.112908]","[-1]","[11]","[1]","[0]","[-358.216]","[-0.0241549]","[1.66996]",240348,-1.77115,2,"[250941,21753.1]","[0.0763873,-0.517929]","[1.41375,1.56726]","[252376,24972.4]","[0.993931,0.977785]","[0,0]","[0,0]","[-0.924189,-0.852611]",0,"[]","[]","[]","[]","[]","[]","[]","[]","[]","[]",1,"[271471]","[0.0306664]","[1.42221]","[274567]","[40263.4]","[0]","[2.26541]","[0.673133]",0,"[]","[]","[]","[]","[]","[]","[]","[]","[]","[]",0,"[572.818]",5878.08,"[7237.74,1741.67]","[]","[5121.66]","[]"
26,284500,19513582,361105,8439.44,8579.63,1.65196e+11,1.74563,1,0.994261,1,1,0.999466,0.888263,1,0,1,0,1,"[0]","[1]","[150286]","[-0.132789]","[-1.8045]","[151613]","[-0.0155373]","[-1]","[13]","[1]","[0]","[249.835]","[-0.0196017]","[3.30281]",123335,-1.40343,1,"[266026]","[-0.506985]","[1.50875]","[301752]","[1]","[0]","[0]","[-0.877967]",0,"[]","[]","[]","[]","[]","[]","[]","[]","[]","[]",1,"[255096]","[-0.495016]","[1.50776]","[287837]","[22018.8]","[0]","[1.77226]","[0.7208]",0,"[]","[]","[]","[]","[]","[]","[]","[]","[]","[]",0,"[11983.1]",3120.91,"[4375.44]","[]","[8888.61]","[]"
27,284500,19507445,361105,8437.54,8579.63,1.65196e+11,0.596562,1,0.993445,1,1,0.997988,0.931335,1,0,1,0,1,"[0]","[1]","[97657.4]","[-0.227085]","[1.46413]","[100186]","[0.0342569]","[-1]","[13]","[1]","[0]","[2369.99]","[0.0123823]","[2.65401]",149633,1.54575,3,"[123874,123804,36768.4]","[-0.225353,0.179934,-1.42499]","[-1.65008,-1.13335,-2.83922]","[127830,125968,81062.3]","[0.979747,1,1]","[0,0,0]","[0,0,0]","[-0.449039,-0.952231,-0.760911]",0,"[]","[]","[]","[]","[]","[]","[]","[]","[]","[]",1,"[252459]","[0.00376216]","[-1.36521]","[266487]","[85315]","[0]","[0.664902]","[0.676069]",0,"[]","[]","[]","[]","[]","[]","[]","[]","[]","[]",0,"[2788.26]",798.266,"[6982.34,8881.02,2409.05]","[]","[0]","[]"
28,284500,19545471,361105,8439.82,8579.63,1.65196e+11,1.24168,1,0.995759,1,1,0.999125,0.995884,1,0,1,0,1,"[0]","[1]","[61063.1]","[2.35958]","[0.574806]","[326107]","[-0.300553]","[-1]","[13]","[1]","[0]","[-274.095]","[0.0717902]","[7.91417]",224418,0.363507,2,"[322337,90614]","[0.0683035,-0.551318]","[-2.96319,-0.722682]","[323818,105776]","[0.999937,0.999679]","[0,0]","[0,0]","[-0.898361,-0.828722]",0,"[]","[]","[]","[]","[]","[]","[]","[]","[]","[]",1,"[338478]","[0.0728127]","[-2.96286]","[339733]","[15580.3]","[0]","[2.10676]","[0.393626]",0,"[]","[]","[]","[]","[]","[]","[]","[]","[]","[]",0,"[5201.49]",3378.78,"[5581.4,2937.28]","[]","[8289.94]","[]"
29,284500,19561425,361105,8439.36,8579.63,1.65196e+11,1.74563,1,1.0003,1,1,0.999108,0.98219,1,0,1,0,1,"[0]","[1]","[60481.7]","[1.09303]","[0.904072]","[100355]","[0.0107346]","[-1]","[13]","[1]","[0]","[-33.9778]","[-0.0749436]","[12.8283]",303818,0.652124,1,"[362911]","[-0.63479]","[-2.49782]","[438789]","[0.99718]","[0]","[0]","[-0.86933]",0,"[]","[]","[]","[]","[]","[]","[]","[]","[]","[]",1,"[346908]","[-0.662757]","[-2.49707]","[425927]","[0.00676582]","[0]","[0]","[-1]",0,"[]","[]","[]","[]","[]","[]","[]","[]","[]","[]",0,"[349.818]",22339.9,"[4913.86]","[]","[19080.2]","[]"
30,284500,19591112,361105,8441.2,8579.63,1.65196e+11,1.08735,0.98916,1,1,1,1.00964,0.99765,1,1,0,0,1,"[0]","[1]","[110350]","[0.562216]","[-2.59758]","[128255]","[0.0221939]","[-1]","[11]","[1]","[0]","[-253.766]","[-0.0475569]","[6.19041]",152438,-2.46856,2,"[269695,22981.4]","[1.61055,0.194085]","[0.725861,-1.26968]","[702051,23478.5]","[1,0.995375]","[0,4]","[0,0]","[-0.941276,-0.833825]",0,"[]","[]","[]","[]","[]","[]","[]","[]","[]","[]",1,"[279441]","[1.62454]","[0.725182]","[736839]","[10984.4]","[0]","[0.731798]","[0.167683]",0,"[]","[]","[]","[]","[]","[]","[]","[]","[]","[]",0,"[845.656]",5534.34,"[7815.48,2538.85]","[]","[10593.7]","[]"
31,284500,19739822,361105,8433.48,8579.63,1.65196e+11,0.0132185,0.9823,1,1,1,0.999438,1.00632,1,1,0,0,1,"[0]","[1]","[129543]","[0.513238]","[2.8828]","[146982]","[-0.187281]","[-1]","[11]","[1]","[0]","[-218.777]","[0.029564]","[5.0556]",165795,2.92064,1,"[294728]","[-0.583497]","[-0.240131]","[346533]","[0.996229]","[0]","[0]","[-0.775276]",0,"[]","[]","[]","[]","[]","[]","[]","[]","[]","[]",1,"[312235]","[-0.5726]","[-0.240407]","[364987]","[10515.8]","[0]","[3.15026]","[0.419757]",0,"[]","[]","[]","[]","[]","[]","[]","[]","[]","[]",0,"[682.376]",7768.62,"[8539.49]","[]","[19026.6]","[]"
32,284500,19832084,361105,8432.91,8579.63,1.65196e+11,0.402058,1,0.998053,1,1,0.997257,1.02113,1,0,1,0,1,"[0]","[1]","[115436]","[1.15261]","[1.38913]","[200988]","[0.0983658]","[-1]","[13]","[1]","[0]","[151.985]","[-0.0653267]","[10.9664]",290636,1.45044,3,"[336354,29269,20834.5]","[0.553887,-2.17112,0.469581]","[-1.61907,-1.80557,-2.27732]","[390842,130045,23537.5]","[0.99161,0.994756,0.958858]","[0,0,0]","[0,0,0]","[-0.535965,-0.824491,-0.917745]",0,"[]","[]","[]","[]","[]","[]","[]","[]","[]","[]",1,"[341172]","[0.538119]","[-1.62585]","[394089]","[42664.3]","[0]","[2.15544]","[0.71495]",0,"[]","[]","[]","[]","[]","[]","[]","[]","[]","[]",0,"[13466.6]",3758.84,"[7882.81,3365.31,2594.95]","[]","[18574.1]","[]"
33,284500,19937694,361105,-8431.48,8579.63,1.65196e+11,0.934886,0.97199,1,1,1,0.984,0.98736,1,1,0,0,1,"[0]","[1]","[41031.2]","[0.390902]","[-0.770948]","[44206.2]","[-0.0232925]","[-1]","[11]","[1]","[0]","[782.892]","[-0.0289263]","[1.09605]",249866,-1.30007,2,"[400945,192808]","[-0.274207,-1.86086]","[2.35645,-0.0543175]","[416922,634912]","[1,0.996525]","[4,0]","[0,0]","[-0.971532,-0.835965]",0,"[]","[]","[]","[]","[]","[]","[]","[]","[]","[]",1,"[380802]","[-0.298076]","[2.35815]","[398181]","[16371.1]","[0]","[2.10779]","[0.353598]",0,"[]","[]","[]","[]","[]","[]","[]","[]","[]","[]",0,"[303.671]",3594.19,"[3915.79,8974.52]","[]","[7269.09]","[]"
34,284500,19908668,361105,8432.53,8579.63,1.65196e+11,0.934886,1,0.992671,1,1,0.999981,0.984198,1,0,1,0,1,"[0]","[1]","[67379.8]","[0.327068]","[-1.47779]","[71016]","[-0.0239067]","[-1]","[13]","[1]","[0]","[241.791]","[0.0068796]","[0.844663]",184215,-1.97472,1,"[48983.1]","[0.456544]","[2.6694]","[54525.2]","[0.992004]","[0]","[0]","[-0.904141]",0,"[]","[]","[]","[]","[]","[]","[]","[]","[]","[]",1,"[282586]","[1.12779]","[1.02434]","[482332]","[12400.1]","[0]","[1.54514]","[-1]",0,"[]","[]","[]","[]","[]","[]","[]","[]","[]","[]",0,"[770.893]",8965.69,"[3585.58]","[]","[8936.97]","[]"
35,284500,13506184,361105,8432.75,8579.63,1.65196e+11,0.934886,0.98089,1,1,1,0.999446,0.99866,1,1,0,0,1,"[0]","[1]","[213017]","[-1.13024]","[1.41218]","[364191]","[0.0304756]","[-1]","[11]","[1]","[0]","[235.993]","[-0.00425282]","[0.598271]",86463.1,1.75994,2,"[296454,77230.9]","[-0.549021,0.903346]","[-1.3893,3.04145]","[344118,111327]","[1,0.990116]","[0,0]","[0,0]","[-0.396054,-0.933375]",0,"[]","[]","[]","[]","[]","[]","[]","[]","[]","[]",1,"[295850]","[-0.536705]","[-1.39301]","[341319]","[35259]","[0]","[1.36427]","[0.590152]",0,"[]","[]","[]","[]","[]","[]","[]","[]","[]","[]",0,"[2411.69]",36600.1,"[10537.4,10400.2]","[]","[8916.88]","[]"
36,284500,19892352,361105,8434.9,8579.63,1.65196e+11,1.08735,1,0.995207,1,1,0.986723,0.988774,1,0,1,0,1,"[0]","[1]","[111271]","[-0.676587]","[0.717874]","[137725]","[-0.173882]","[-1]","[13]","[1]","[0]","[290.967]","[0.0827005]","[16.2529]",161868,0.767777,2,"[327688,147605]","[0.619097,1.19863]","[-2.79595,-0.714295]","[393609,267260]","[0.975243,0.995149]","[4,0]","[0,0]","[-0.207544,-0.948761]",0,"[]","[]","[]","[]","[]","[]","[]","[]","[]","[]",1,"[326363]","[0.635726]","[-2.79525]","[396355]","[37637.8]","[0]","[2.12464]","[0.645581]",0,"[]","[]","[]","[]","[]","[]","[]","[]","[]","[]",0,"[2807.68]",15877.4,"[3242.78,5393.9]","[]","[12775.5]","[]"
37,284500,19549903,361105,8438.69,8579.63,1.65196e+11,0.00292683,0.97996,1,1,1,0.998193,1.01265,1,1,0,0,1,"[0]","[1]","[268922]","[1.71717]","[-0.769289]","[772928]","[0.166445]","[-1]","[11]","[1]","[0]","[3098.74]","[-0.0747696]","[10.3465]",182074,-0.215343,1,"[452922]","[1.46906]","[2.58624]","[1.03649e+06]","[0.997942]","[0]","[0]","[-0.961997]",0,"[]","[]","[]","[]","[]","[]","[]","[]","[]","[]",2,"[453128,277540]","[1.4624,1.71482]","[2.58716,-0.760696]","[1.03062e+06,795940]","[20813.9,-0.0110485]","[0,1]","[3.66677,0]","[0.611154,-1]",0,"[]","[]","[]","[]","[]","[]","[]","[]","[]","[]",0,"[4778.62]",9113.33,"[11120.5]","[]","[20390.1,14415.3]","[]"
38,284500,19895565,361105,8447.74,8579.63,1.65196e+11,0.187531,0.97332,1,1,1,0.998833,0.98683,1,1,0,0,1,"[0]","[1]","[69988.5]","[-1.0377]","[0.930218]","[111176]","[0.0180664]","[-1]","[11]","[1]","[1618.45]","[-260.248]","[0.0492136]","[4.64053]",157427,1.25718,4,"[233648,65165,36691.5,26376.1]","[0.303942,0.0344233,-0.288482,0.481005]","[-1.9949,0.827989,-1.49444,3.13172]","[245384,66628.7,39029.3,30081.6]","[0.996044,0.00880803,0.985315,0.766433]","[0,0,0,0]","[0,0,0,0]","[-0.942845,-0.779922,-0.908456,-0.892701]",0,"[]","[]","[]","[]","[]","[]","[]","[]","[]","[]",1,"[267577]","[0.381048]","[-1.94028]","[299411]","[84502.8]","[0]","[3.10205]","[0.0955398]",0,"[]","[]","[]","[]","[]","[]","[]","[]","[]","[]",0,"[560.05]",3325.95,"[2939.39,1892.39,2822.88,2075.25]","[]","[5218.09]","[]"
39,284500,19895858,361105,8447.74,8579.63,1.65196e+11,0,0.95175,1,1,1,0.998701,0.9244,1,1,0,0,1,"[0]","[1]","[45557.4]","[1.32064]","[2.88249]","[91405.7]","[0.692694]","[-1]","[11]","[1]","[0]","[-198.685]","[-0.193233]","[14.1651]",348484,2.78117,2,"[244640,143235]","[0.923672,0.148916]","[-0.466935,-0.294891]","[358105,145494]","[1,0.9836]","[0,0]","[0,0]","[-0.94859,-0.858666]",0,"[]","[]","[]","[]","[]","[]","[]","[]","[]","[]",1,"[371643]","[0.693145]","[-0.413627]","[490655]","[157901]","[0]","[0.743943]","[0.565258]",0,"[]","[]","[]","[]","[]","[]","[]","[]","[]","[]",0,"[114.504]",3124.91,"[3517.09,2415.71]","[]","[10162.5]","[]"
40,284500,14024797,361105,8439.32,8579.63,1.65196e+11,0.934886,0.99211,1,1,1,0.998684,0.9918,1,1,0,0,1,"[0]","[1]","[220297]","[-0.737595]","[2.07915]","[282990]","[-0.0324173]","[-1]","[11]","[1]","[0]","[-1187.72]","[0.0177295]","[1.06663]",218850,2.11066,1,"[433097]","[-0.00408242]","[-1.05404]","[434724]","[1]","[0]","[0]","[-0.976525]",0,"[]","[]","[]","[]","[]","[]","[]","[]","[]","[]",1,"[425140]","[0.0307305]","[-1.05082]","[426573]","[32402.1]","[0]","[1.91837]","[0.726754]",0,"[]","[]","[]","[]","[]","[]","[]","[]","[]","[]",0,"[1340.1]",12252.7,"[13150]","[]","[19067.9]","[]"
41,284500,19756241,361105,8433.73,8579.63,1.65196e+11,1.74563,0.9823,1,1,1,0.999446,1.00632,1,1,0,0,1,"[0]","[1]","[89486.2]","[0.285313]","[-1.19203]","[93153.3]","[-0.0521431]","[-1]","[11]","[1]","[0]","[612.835]","[0.0598668]","[3.78575]",187306,-1.31812,2,"[257923,47167.9]","[-0.563699,0.0254988]","[1.78266,1.76577]","[300933,47677.8]","[0.999192,0.99]","[0,0]","[0,0]","[-0.649194,-0.880425]",0,"[]","[]","[]","[]","[]","[]","[]","[]","[]","[]",1,"[284824]","[-0.525829]","[1.79208]","[327781]","[41707]","[0]","[1.77729]","[0.487498]",0,"[]","[]","[]","[]","[]","[]","[]","[]","[]","[]",0,"[339.086]",6500.89,"[10959.2,1949.59]","[]","[4460.72]","[]"
42,284500,13184688,361105,8432.8,8579.63,1.65196e+11,0.596562,0.99093,1,1,1,0.999058,1.00306,1,1,0,0,1,"[0]","[1]","[117666]","[0.956169]","[0.490199]","[175680]","[0.0204182]","[-1]","[11]","[1]","[2752.09]","[1113.65]","[0.00966338]","[1.32882]",121238,0.0381645,3,"[258092,100481,42840.3]","[-0.111815,-0.796495,0.938665]","[-3.0519,-0.438637,-3.12518]","[259923,134642,63371.9]","[0.990071,0.994206,0.995411]","[0,0,0]","[0,0,0]","[-0.822639,-0.451073,-0.944396]",0,"[]","[]","[]","[]","[]","[]","[]","[]","[]","[]",1,"[269694]","[-0.0988862]","[-3.05148]","[271309]","[12655.9]","[0]","[4.81455]","[0.664188]",0,"[]","[]","[]","[]","[]","[]","[]","[]","[]","[]",0,"[662.331]",4562.41,"[3085.81,2514.54,3459.83]","[]","[8392]","[]"
43,284500,19913141,361105,8437.38,8579.63,1.65196e+11,0.934886,1,0.997305,1,1,0.99941,0.922917,1,0,1,0,1,"[0]","[1]","[150311]","[-0.709247]","[2.91023]","[189728]","[0.0112104]","[-1]","[13]","[1]","[0]","[2906.55]","[-0.020958]","[3.92738]",95568.2,3.07693,1,"[256907]","[-0.0925704]","[-0.172772]","[258628]","[0.997034]","[0]","[0]","[-0.74512]",0,"[]","[]","[]","[]","[]","[]","[]","[]","[]","[]",1,"[258264]","[-0.0982837]","[-0.169032]","[260012]","[16108.2]","[0]","[1.65552]","[-1]",0,"[]","[]","[]","[]","[]","[]","[]","[]","[]","[]",0,"[6848.82]",1576.63,"[3186.11]","[]","[6029.14]","[]"
44,284500,19671854,361105,8441.61,8579.63,1.65196e+11,1.21412,0.9823,1,1,1,0.999446,1.00632,1,1,0,0,1,"[0]","[1]","[81044]","[0.355218]","[-3.08062]","[86211.1]","[0.00110245]","[-1]","[11]","[1]","[0]","[5068.44]","[0.00888119]","[1.21963]",186314,-3.13145,1,"[260544]","[0.861965]","[0.00174099]","[363935]","[0.994695]","[0]","[0]","[-0.874793]",0,"[]","[]","[]","[]","[]","[]","[]","[]","[]","[]",1,"[265381]","[0.877972]","[0.00641628]","[375131]","[23333.1]","[0]","[3.32076]","[0.638398]",0,"[]","[]","[]","[]","[]","[]","[]","[]","[]","[]",0,"[552.76]",12349,"[12752.6]","[]","[7388.66]","[]"
45,284500,19780142,361105,8429.19,8579.63,1.65196e+11,0,1,0.993445,1,1,0.997627,0.952143,1,0,1,0,1,"[0]","[1]","[38978.3]","[-0.356846]","[1.69325]","[41486.6]","[0.031723]","[-1]","[13]","[1]","[0]","[-1035.52]","[0.104169]","[15.9299]",240951,1.77901,2,"[258247,20998]","[-0.75841,-1.77136]","[-1.45544,0.287585]","[336972,63640.6]","[0.99887,0.951559]","[0,0]","[0,0]","[-0.929764,-0.491595]",0,"[]","[]","[]","[]","[]","[]","[]","[]","[]","[]",1,"[260872]","[-0.799671]","[-1.4536]","[349542]","[22408.7]","[0]","[2.32386]","[0.486139]",0,"[]","[]","[]","[]","[]","[]","[]","[]","[]","[]",0,"[313.941]",8948.42,"[6282.09,1281.15]","[]","[96.2031]","[]"
46,284500,19790253,361105,8436.9,8579.63,1.65196e+11,0.402058,1,0.91215,1,1,0.998659,0.838598,1,0,1,0,1,"[0]","[1]","[146375]","[-0.0869093]","[-3.00225]","[146928]","[0.0181046]","[-1]","[13]","[1]","[0]","[-731.538]","[0.00774368]","[1.69492]",55605.3,-2.80919,3,"[269036,99926,22242.8]","[0.766247,-0.249127,-0.569139]","[0.604531,-2.00472,-0.991641]","[352163,103909,26530.3]","[0.981712,0.996924,0.972728]","[0,0,0]","[0,0,0]","[-0.866172,-0.750681,-0.901457]",0,"[]","[]","[]","[]","[]","[]","[]","[]","[]","[]",1,"[281387]","[0.744894]","[0.601535]","[363411]","[14296.5]","[0]","[3.77961]","[0.600277]",0,"[]","[]","[]","[]","[]","[]","[]","[]","[]","[]",0,"[4022.37]",4843.52,"[5043.71,2124.26,1675.22]","[]","[16883.4]","[]"
47,284500,19787311,361105,8437.93,8579.63,1.65196e+11,0.596562,1,0.986868,1,1,0.99789,0.770355,1,0,1,0,1,"[0]","[1]","[46607.2]","[0.361553]","[0.719662]","[49686.9]","[-0.0797844]","[-1]","[13]","[1]","[0]","[11.4712]","[0.0119342]","[1.40276]",269513,0.568401,2,"[289886,28631.4]","[-1.0635,-2.38448]","[-2.61935,-1.57909]","[470053,156761]","[1,0.985827]","[0,0]","[0,0]","[-0.821331,-0.757407]",0,"[]","[]","[]","[]","[]","[]","[]","[]","[]","[]",1,"[279577]","[-1.06788]","[-2.62395]","[454838]","[10134.9]","[0]","[3.52923]","[0.0786124]",0,"[]","[]","[]","[]","[]","[]","[]","[]","[]","[]",0,"[91.041]",6236.16,"[5032.69,5409.61]","[]","[10560.2]","[]"
48,284500,16887048,361105,8442.4,8579.63,1.65196e+11,1.74563,1,0.99168,1,1,0.998715,0.759796,1,0,1,0,1,"[0]","[1]","[114139]","[0.973399]","[-1.99807]","[172619]","[-0.00668526]","[-1]","[13]","[1]","[0]","[-594.949]","[0.00926581]","[1.52685]",88126,-1.89984,4,"[255428,74923.2,56283,26985]","[0.708884,-1.65227,-1.49073,0.272057]","[0.607049,-2.9947,2.76383,1.51831]","[323799,203419,131537,28594.3]","[0.999536,0.995112,0.993885,0.943177]","[0,0,0,0]","[0,0,0,0]","[-0.793362,-0.552204,-0.875933,-0.81907]",0,"[]","[]","[]","[]","[]","[]","[]","[]","[]","[]",1,"[250256]","[0.715412]","[0.601931]","[318370]","[28658.9]","[0]","[1.89259]","[0.436919]",0,"[]","[]","[]","[]","[]","[]","[]","[]","[]","[]",0,"[2563.98]",4966.38,"[6807.21,4926.6,8173.87,2984.74]","[]","[15.6719]","[]"
49,284500,14030680,361105,8442.51,8579.63,1.65196e+11,1.74563,0.98536,1,1,1,0.998898,0.9918,1,1,0,0,1,"[0]","[1]","[129455]","[-0.689179]","[-2.07989]","[161435]","[0.00860786]","[-1]","[11]","[1]","[0]","[-344.563]","[0.0673941]","[4.90153]",85604.4,-1.68079,2,"[252058,47076]","[-0.392734,-1.64462]","[1.45674,-2.9563]","[272144,126851]","[1,0.834401]","[0,0]","[0,0]","[-0.75127,-0.903062]",0,"[]","[]","[]","[]","[]","[]","[]","[]","[]","[]",1,"[252452]","[-0.396425]","[1.45071]","[272909]","[13991.8]","[0]","[1.08102]","[0.3141]",0,"[]","[]","[]","[]","[]","[]","[]","[]","[]","[]",0,"[580.496]",5528.92,"[4839.34,2296.22]","[]","[998.562]","[]"
50,284500,16892541,361105,8432.09,8579.63,1.65196e+11,1.74563,1,0.985082,1,1,1.13721,0.998628,1,0,1,0,1,"[0]","[1]","[111662]","[1.60862]","[1.63679]","[290102]","[0.032897]","[-1]","[13]","[1]","[0]","[249.41]","[-0.00348104]","[0.453115]",257306,1.67328,3,"[260342,122247,60827.7]","[-0.159596,-0.0511644,0.995011]","[-1.52279,-2.06127,0.291075]","[266239,123766,93975.1]","[0.991229,0.99,0.998182]","[0,0,0]","[0,0,0]","[0.938398,-0.94335,-0.921303]",0,"[]","[]","[]","[]","[]","[]","[]","[]","[]","[]",1,"[326812]","[-0.135689]","[-1.65841]","[341463]","[88388.4]","[0]","[1.19923]","[0.839164]",0,"[]","[]","[]","[]","[]","[]","[]","[]","[]","[]",0,"[2446.12]",21028.2,"[12725.6,12315.6,2201.99]","[]","[361.656]","[]"
51,284500,16805807,361105,8437.13,8579.63,1.65196e+11,0.596562,0.97446,1,1,1,0.997805,1,1,1,0,0,1,"[0]","[1]","[58330]","[-0.527963]","[0.0728743]","[66650.2]","[1.42081]","[-1]","[11]","[0]","[0]","[-172.484]","[-0.329903]","[30.9365]",75053.5,0.51093,5,"[238159,89552.6,64287.4,35012.3,31699.8]","[-1.44954,-1.03573,-0.800308,-1.69277,-0.783853]","[-3.08736,-0.522005,-2.66619,0.337517,2.04022]","[535836,143257,87227,98627.6,42344.5]","[0.99,0.99265,0.994226,0.989986,1]","[0,0,0,0,0]","[0,0,0,0,0]","[-0.847292,-0.659492,-0.860174,-0.540257,-0.791039]",0,"[]","[]","[]","[]","[]","[]","[]","[]","[]","[]",1,"[268948]","[-1.35854]","[-2.99847]","[565848]","[95470.6]","[0]","[1.49395]","[0.809267]",0,"[]","[]","[]","[]","[]","[]","[]","[]","[]","[]",0,"[425.01]",6680.55,"[4193.91,3079.34,3037.85,4568.16,2390.57]","[]","[7315.73]","[]"
52,284500,16886929,361105,8437.89,8579.63,1.65196e+11,1.08735,0.95586,1,1,1,0.997719,0.96932,1,1,0,0,1,"[0]","[1]","[30512.6]","[0.736196]","[-2.14096]","[39161.6]","[0.233913]","[-1]","[11]","[1]","[0]","[355.412]","[-0.21329]","[23.4689]",500979,-2.11274,1,"[537490]","[1.26949]","[1.01413]","[1.03241e+06]","[1]","[0]","[0]","[-0.961721]",0,"[]","[]","[]","[]","[]","[]","[]","[]","[]","[]",1,"[518149]","[1.28216]","[1.01423]","[1.0058e+06]","[14752.2]","[0]","[2.76699]","[0.50547]",0,"[]","[]","[]","[]","[]","[]","[]","[]","[]","[]",0,"[178.868]",2242.25,"[7455.08]","[]","[34040.2]","[]"
53,284500,19366176,361105,8435.85,8579.63,1.65196e+11,0.934886,1,0.993882,1,1,0.997503,0.759899,1,0,1,0,1,"[0]","[1]","[75253.8]","[-0.27578]","[-2.99422]","[78133.7]","[-0.0336189]","[-1]","[13]","[1]","[0]","[-541.535]","[-0.0281087]","[5.23956]",186178,-3.07924,4,"[271377,138142,59276.5,29910.9]","[-0.800778,1.66532,2.17337,-1.77107]","[-0.781836,1.12541,1.64184,1.17956]","[363543,378729,263982,90529.3]","[0.998224,0.999867,0.991139,1]","[0,0,0,0]","[0,0,0,0]","[-0.828386,-0.761532,-0.770447,-0.87272]",0,"[]","[]","[]","[]","[]","[]","[]","[]","[]","[]",1,"[260181]","[-0.781237]","[-0.772616]","[343957]","[13252.8]","[0]","[1.9875]","[0.520552]",0,"[]","[]","[]","[]","[]","[]","[]","[]","[]","[]",0,"[746.862]",5220.31,"[4450.47,3698.39,3218.57,5232.38]","[]","[1903.16]","[]"
54,284500,19358439,361105,8430.16,8579.63,1.65196e+11,1.25133,1,0.979958,1,1,0.988383,1.0019,1,0,1,0,1,"[0]","[1]","[32184.3]","[1.90375]","[2.6736]","[110393]","[0.243206]","[-1]","[13]","[1]","[0]","[780.639]","[-0.0194449]","[1.99385]",145836,-2.72679,2,"[270597,163815]","[0.995161,-0.845986]","[0.870452,-1.70407]","[416764,226841]","[0.995407,0.994221]","[4,0]","[0,0]","[-0.864125,-0.944004]",0,"[]","[]","[]","[]","[]","[]","[]","[]","[]","[]",1,"[273496]","[1.01076]","[0.868211]","[426747]","[32488.9]","[0]","[1.90394]","[0.679841]",0,"[]","[]","[]","[]","[]","[]","[]","[]","[]","[]",0,"[150.66]",881.719,"[5816.74,3620.28]","[]","[16268.6]","[]"
55,284500,18973670,361105,8432.51,8579.63,1.65196e+11,1.08735,0.97332,1,1,1,0.99865,0.98683,1,1,0,0,1,"[0]","[1]","[69236.2]","[-0.919919]","[0.569344]","[100657]","[0.0769386]","[-1]","[11]","[1]","[0]","[-846.182]","[-0.0382161]","[4.71803]",243431,0.921524,2,"[287104,32086.1]","[-1.78582,-0.719623]","[-2.59234,-0.218698]","[880894,41323.9]","[0.999512,0.998905]","[0,0]","[0,0]","[-0.345878,-0.876482]",0,"[]","[]","[]","[]","[]","[]","[]","[]","[]","[]",1,"[271897]","[-1.78577]","[-2.59208]","[834082]","[28005]","[0]","[1.95614]","[0.639262]",0,"[]","[]","[]","[]","[]","[]","[]","[]","[]","[]",0,"[163.905]",5181.16,"[10167.4,3173.67]","[]","[14239.4]","[]"
56,284500,19210080,361105,8439.23,8579.63,1.65196e+11,3.34815,1,0.996828,1,1,0.998649,0.991888,1,0,1,0,1,"[0]","[1]","[241111]","[-0.485691]","[2.60877]","[270113]","[0.0427818]","[-1]","[13]","[1]","[0]","[-244.263]","[-0.0154898]","[3.43809]",38325.8,2.20159,2,"[246019,42060.5]","[-0.662226,1.63729]","[-0.722016,0.375712]","[302250,112292]","[0.996865,0.997992]","[0,0]","[0,0]","[-0.900652,-0.928174]",0,"[]","[]","[]","[]","[]","[]","[]","[]","[]","[]",1,"[253390]","[-0.648946]","[-0.720364]","[308865]","[11689.5]","[0]","[3.57506]","[0.414052]",0,"[]","[]","[]","[]","[]","[]","[]","[]","[]","[]",0,"[7645.94]",3676.99,"[6297.58,6247.92]","[]","[0]","[]"
57,284500,19330904,361105,8439.86,8579.63,1.65196e+11,0.00133961,1,0.995759,1,1,0.999118,0.947791,1,0,1,0,1,"[0]","[1]","[100706]","[2.19701]","[0.988492]","[458675]","[0.102741]","[-1]","[13]","[1]","[0]","[0]","[-0.0145923]","[3.00085]",236390,0.67761,1,"[328609]","[-1.23162]","[-2.40311]","[611396]","[0.996155]","[0]","[0]","[-0.897028]",0,"[]","[]","[]","[]","[]","[]","[]","[]","[]","[]",1,"[303009]","[-1.21664]","[-2.4037]","[556728]","[20956]","[0]","[1.52588]","[0.304403]",0,"[]","[]","[]","[]","[]","[]","[]","[]","[]","[]",0,"[3326.95]",6558.77,"[7881.36]","[]","[26921.2]","[]"
58,284500,19374765,361105,8435.85,8579.63,1.65196e+11,1.08735,1,1.00077,1,1,0.992394,0.990681,1,0,1,0,1,"[0]","[1]","[40099.5]","[1.31176]","[0.0244109]","[79838.8]","[-0.125257]","[-1]","[13]","[1]","[0]","[-473.528]","[-0.0579192]","[7.3224]",259744,0.39267,3,"[414453,198654,42371.2]","[0.551753,0.556719,0.52401]","[-3.03831,-0.688596,-2.56243]","[480962,230472,48605.3]","[0.982306,0.948151,0.998297]","[0,0,4]","[0,0,0]","[-0.607222,-0.92761,-0.892462]",0,"[]","[]","[]","[]","[]","[]","[]","[]","[]","[]",1,"[456059]","[0.546969]","[-3.00398]","[531794]","[78301]","[0]","[2.0917]","[0.674103]",0,"[]","[]","[]","[]","[]","[]","[]","[]","[]","[]",0,"[177.131]",9208.06,"[8515.51,4836.96,3330.69]","[]","[16120.8]","[]"
59,284500,15088094,361105,8432.01,8579.63,1.65196e+11,1.08735,0.97663,1,1,1,0.998399,1.00121,1,1,0,0,1,"[0]","[1]","[134795]","[-1.88247]","[0.0382068]","[453039]","[0.0977554]","[-1]","[11]","[1]","[0]","[596.634]","[-0.0722487]","[9.00916]",232957,0.0140264,3,"[336939,29170.9,23721.8]","[-0.700057,0.206042,-0.791683]","[-3.0901,3.13547,2.57094]","[425118,30777,32181.5]","[0.993837,0.988461,0.956172]","[0,0,0]","[0,0,0]","[-0.637361,-0.255969,-0.60767]",0,"[]","[]","[]","[]","[]","[]","[]","[]","[]","[]",1,"[336660]","[-0.728876]","[-3.09929]","[432767]","[47820.1]","[0]","[1.7431]","[0.827952]",0,"[]","[]","[]","[]","[]","[]","[]","[]","[]","[]",0,"[1325.66]",17787.4,"[5437.57,5017.33,2828.52]","[]","[7503.34]","[]"
60,284500,15092926,361105,8432.23,8579.63,1.65196e+11,0.596562,1,0.993124,1,1,0.999471,0.939534,1,0,1,0,1,"[0]","[1]","[88772.2]","[-0.875413]","[-2.82467]","[125016]","[-0.0259461]","[-1]","[13]","[1]","[0]","[1743.77]","[0.0225287]","[3.87746]",195889,3.12176,2,"[284286,54334.1]","[-0.112574,0.373288]","[-0.134065,1.63511]","[286484,58589.5]","[0.994166,0.964094]","[0,0]","[0,0]","[-0.853557,-0.919051]",0,"[]","[]","[]","[]","[]","[]","[]","[]","[]","[]",1,"[293170]","[-0.11446]","[-0.136238]","[295337]","[12002.1]","[0]","[5.29389]","[0.34933]",0,"[]","[]","[]","[]","[]","[]","[]","[]","[]","[]",0,"[1960.06]",11337.4,"[6806.21,3040.19]","[]","[24461.2]","[]"
61,284500,14050590,361105,8441.04,8579.63,1.65196e+11,1.08735,0.96538,1,1,1,0.999091,0.99741,1,1,0,0,1,"[0]","[1]","[45601.9]","[1.54131]","[0.410144]","[111378]","[-0.71344]","[-1]","[11]","[1]","[0]","[378.596]","[-0.353929]","[22.4554]",253618,0.55228,1,"[41969.4]","[1.96862]","[-2.65151]","[153306]","[0.922858]","[0]","[0]","[-0.671897]",0,"[]","[]","[]","[]","[]","[]","[]","[]","[]","[]",1,"[252050]","[-0.676831]","[-2.61635]","[313081]","[25752.4]","[0]","[2.95503]","[0.623645]",0,"[]","[]","[]","[]","[]","[]","[]","[]","[]","[]",0,"[313.115]",7780.78,"[2829.09]","[]","[0]","[]"
62,284500,19139724,361105,8439.48,8579.63,1.65196e+11,0,0.97095,1,1,1,0.999431,0.99593,1,1,0,0,1,"[0]","[1]","[36653.3]","[-0.498014]","[-0.257797]","[41293.4]","[0.0194678]","[-1]","[11]","[1]","[0]","[-360.153]","[-0.00914292]","[0.883486]",215083,0.18268,1,"[245227]","[0.684338]","[-3.03266]","[305862]","[0.55688]","[0]","[0]","[-0.862927]",0,"[]","[]","[]","[]","[]","[]","[]","[]","[]","[]",1,"[258080]","[0.678643]","[-3.02473]","[321109]","[28679.6]","[0]","[2.8007]","[0.505554]",0,"[]","[]","[]","[]","[]","[]","[]","[]","[]","[]",0,"[210.815]",2201.53,"[7202.91]","[]","[2808.56]","[]"
63,284500,18877344,361105,8432.17,8579.63,1.65196e+11,0.934886,1,0.986746,1,1,0.998498,1.01884,1,0,1,0,1,"[0]","[1]","[210720]","[-1.72691]","[-0.0743021]","[611200]","[0.0451813]","[-1]","[13]","[1]","[0]","[-191.096]","[0.0294423]","[5.47206]",77030.1,0.0940466,1,"[27646.1]","[-1.39867]","[0.762896]","[59636.6]","[0.992078]","[0]","[0]","[-0.867352]",0,"[]","[]","[]","[]","[]","[]","[]","[]","[]","[]",1,"[307773]","[-0.204613]","[-3.1064]","[314596]","[15016]","[0]","[8.50315]","[0.460598]",0,"[]","[]","[]","[]","[]","[]","[]","[]","[]","[]",0,"[7781.61]",2992.35,"[2050.04]","[]","[13043.1]","[]"
64,284500,14066878,361105,8432.24,8579.63,1.65196e+11,0.402058,1,0.991705,1,1,0.999211,0.822565,1,0,1,0,1,"[0]","[1]","[142833]","[0.264779]","[1.38099]","[147869]","[-0.0507965]","[-1]","[13]","[1]","[0]","[339.193]","[-0.0506007]","[7.03294]",134431,1.68381,2,"[235801,37554.2]","[-0.731731,-0.0367114]","[-1.55917,-1.82278]","[303246,38288.9]","[0.995423,0.986963]","[0,0]","[0,0]","[-0.883306,-0.904755]",0,"[]","[]","[]","[]","[]","[]","[]","[]","[]","[]",1,"[259102]","[-0.645272]","[-1.58176]","[322136]","[67698.1]","[0]","[2.12907]","[0.584559]",0,"[]","[]","[]","[]","[]","[]","[]","[]","[]","[]",0,"[8322.44]",3036,"[3362.52,2834.92]","[]","[0]","[]"
65,284500,18856264,361105,8432.79,8579.63,1.65196e+11,1.08735,1,0.986648,1,1,0.99831,0.985422,1,0,1,0,1,"[0]","[1]","[128075]","[1.82648]","[1.91398]","[408106]","[0.265423]","[-1]","[13]","[1]","[0]","[-394.327]","[-0.0235712]","[4.88329]",239548,2.11554,2,"[319983,226782]","[-1.6017,0.517367]","[-0.5241,-1.70211]","[827054,259503]","[0.997241,0.990819]","[0,0]","[0,0]","[-0.713634,-0.82472]",0,"[]","[]","[]","[]","[]","[]","[]","[]","[]","[]",1,"[294609]","[-1.60482]","[-0.5338]","[763353]","[30869.4]","[0]","[1.74723]","[0.795497]",0,"[]","[]","[]","[]","[]","[]","[]","[]","[]","[]",0,"[2288.97]",37115.9,"[18429.4,3124.01]","[]","[4368.03]","[]"
66,284500,18894301,361105,8433.28,8579.63,1.65196e+11,1.55465,1,0.998439,1,1,0.999465,0.987272,1,0,1,0,1,"[0]","[1]","[29505.5]","[2.45348]","[-0.752578]","[172824]","[-0.158031]","[-1]","[13]","[1]","[0]","[1123.48]","[-0.0621064]","[5.31759]",247452,-0.680292,1,"[270920]","[0.649332]","[2.44218]","[330490]","[0.996904]","[0]","[0]","[-0.909899]",0,"[]","[]","[]","[]","[]","[]","[]","[]","[]","[]",1,"[267056]","[0.65673]","[2.44132]","[327083]","[14847.8]","[0]","[2.15831]","[0.518261]",0,"[]","[]","[]","[]","[]","[]","[]","[]","[]","[]",0,"[171.422]",1845.36,"[3437.27]","[]","[21709.6]","[]"
67,284500,18808929,361105,8439.04,8579.63,1.65196e+11,0.402058,0.99093,1,1,1,0.99804,1.00306,1,1,0,0,1,"[0]","[1]","[95380.2]","[0.805922]","[-2.97489]","[128069]","[-0.0196047]","[-1]","[11]","[1]","[0]","[-67.9694]","[0.0376292]","[3.84991]",237471,-2.7144,3,"[341379,37082.1,28466.6]","[0.853448,1.20328,0.137848]","[0.158709,1.88097,2.03473]","[473836,67628.4,29289.1]","[0.993987,0.986056,0.988299]","[0,0,0]","[0,0,0]","[-0.41974,-0.929733,-0.792562]",0,"[]","[]","[]","[]","[]","[]","[]","[]","[]","[]",1,"[349499]","[0.857173]","[0.153636]","[486376]","[20316.3]","[0]","[3.0387]","[0.387113]",0,"[]","[]","[]","[]","[]","[]","[]","[]","[]","[]",0,"[465.027]",10103.7,"[4837.13,4402.48,5119.97]","[]","[6298.22]","[]"
68,284500,18817216,361105,8434.66,8579.63,1.65196e+11,0.402058,1,0.996439,1,1,0.997104,0.610199,1,0,1,0,1,"[0]","[1]","[27619.2]","[0.681319]","[-1.94613]","[34281.5]","[0.00543213]","[-1]","[13]","[1]","[0]","[-326.572]","[-0.0237935]","[2.63644]",148966,-0.810391,5,"[253223,116643,59878.3,33699.5,21535.1]","[0.505613,-0.836044,0.82784,1.11291,-2.19968]","[1.92301,-2.38876,-0.364014,1.03689,-1.10651]","[286557,160325,82060.3,57023.7,98412.3]","[1,1,0.987291,1,1]","[0,0,0,0,0]","[0,0,0,0,0]","[-0.879282,-0.956081,0.640491,-0.912179,-0.641841]",0,"[]","[]","[]","[]","[]","[]","[]","[]","[]","[]",1,"[262585]","[0.491428]","[1.92205]","[295195]","[12366.7]","[0]","[1.83061]","[0.553079]",0,"[]","[]","[]","[]","[]","[]","[]","[]","[]","[]",0,"[135.86]",29445,"[3340.06,4830.35,2180.64,2962.09,4658.64]","[]","[8682.98]","[]"
69,284500,19801019,361105,8435.45,8579.63,1.65196e+11,0.596562,0.99242,1,1,1,0.997289,0.99765,1,1,0,0,1,"[0]","[1]","[374761]","[0.652998]","[3.05349]","[457541]","[-0.0964165]","[-1]","[11]","[1]","[0]","[1002.02]","[0.0392363]","[5.61123]",262999,3.08994,3,"[574561,106244,103376]","[-0.582015,0.174988,0.766627]","[0.264902,-1.13481,-1.22146]","[675207,108785,135569]","[0.969482,0.997648,0.995651]","[0,0,0]","[0,0,0]","[0.108859,-0.609363,-0.802388]",0,"[]","[]","[]","[]","[]","[]","[]","[]","[]","[]",2,"[570013,379585]","[-0.56195,0.68254]","[0.261362,3.06122]","[663244,471488]","[33294.8,-0.00552427]","[0,0]","[6.21678,0]","[0.636491,-1]",0,"[]","[]","[]","[]","[]","[]","[]","[]","[]","[]",0,"[2723.01]",3145.62,"[6807.02,1950.19,6723]","[]","[5829,6873.09]","[]"
70,284500,16760384,361105,8437.12,8579.63,1.65196e+11,1.08735,1,0.997816,1,1,0.998374,0.962708,1,0,1,0,1,"[0]","[1]","[65981]","[-0.55032]","[-0.974408]","[76227]","[-0.0329438]","[-1]","[13]","[1]","[3338.8]","[-492.829]","[-0.0456997]","[6.25967]",238018,-1.33665,3,"[356234,118713,43185.4]","[1.15764,-0.156687,1.05058]","[1.40086,-2.88297,-2.59996]","[623215,121435,69737.8]","[0.946096,0.995951,1]","[0,0,0]","[0,0,0]","[-0.359632,-0.842206,-0.892518]",0,"[]","[]","[]","[]","[]","[]","[]","[]","[]","[]",1,"[358907]","[1.15798]","[1.40509]","[628081]","[22973.6]","[0]","[3.02589]","[0.534649]",0,"[]","[]","[]","[]","[]","[]","[]","[]","[]","[]",0,"[1912.5]",7458.17,"[8517.48,7002.84,2578.4]","[]","[427.781]","[]"
71,284500,16764886,361105,8429.8,8579.63,1.65196e+11,0,1,0.996294,1,1,0.998755,0.767265,1,0,1,0,1,"[0]","[1]","[82683.7]","[-0.272809]","[2.97171]","[85779.7]","[0.012845]","[-1]","[13]","[1]","[0]","[71.1136]","[-0.0644541]","[10.4545]",56682.3,2.68896,3,"[205172,65873.6,21019.7]","[1.14185,-0.974949,-0.62901]","[-0.482204,2.91038,-0.611732]","[354796,100294,25746.5]","[0.989321,0.99345,0.826361]","[0,0,0]","[0,0,0]","[-0.836407,-0.884043,-0.880338]",0,"[]","[]","[]","[]","[]","[]","[]","[]","[]","[]",1,"[257818]","[1.04836]","[-0.446433]","[415154]","[42659.2]","[0]","[1.63124]","[0.711625]",0,"[]","[]","[]","[]","[]","[]","[]","[]","[]","[]",0,"[1260.54]",6819.82,"[7123.48,3414.89,3770.23]","[]","[9013.55]","[]"
72,284500,6867622,361105,8439.02,8579.63,1.65196e+11,0.596562,0.97429,1,1,1,0.998184,0.98653,1,1,0,0,1,"[0]","[1]","[50477.5]","[0.369158]","[-2.62028]","[53956.2]","[0.0510178]","[-1]","[11]","[1]","[0]","[218.56]","[-0.0398564]","[5.76718]",332633,-2.74242,3,"[303467,85091.8,38239.9]","[0.486079,-0.0210175,-2.35049]","[0.269252,0.393023,1.87882]","[340603,85641.5,202474]","[0.998935,0.998018,0.98695]","[0,0,0]","[0,0,0]","[-0.586828,-0.824128,-0.835751]",0,"[]","[]","[]","[]","[]","[]","[]","[]","[]","[]",1,"[382254]","[0.34541]","[0.299644]","[415913]","[93426.9]","[0]","[0.996029]","[0.7724]",0,"[]","[]","[]","[]","[]","[]","[]","[]","[]","[]",0,"[86.8327]",2550.44,"[3352.79,2401.86,2319.1]","[]","[13094]","[]"
73,284500,13311279,361105,8431.71,8579.63,1.65196e+11,1.55465,1,1.00771,1,1,0.996913,0.971317,1,0,1,0,1,"[0]","[1]","[111014]","[0.0824936]","[2.85179]","[111392]","[0.0643501]","[-1]","[13]","[1]","[0]","[-640.354]","[0.120598]","[21.0088]",303219,2.92007,3,"[490067,48777.7,25752.8]","[0.408754,-0.624093,1.61294]","[-0.165831,-2.89258,-2.82346]","[532425,59444.8,67333.7]","[0.990717,0.999106,0.993696]","[0,0,0]","[0,0,0]","[-0.934146,-0.880997,-0.807737]",0,"[]","[]","[]","[]","[]","[]","[]","[]","[]","[]",1,"[494801]","[0.427946]","[-0.165232]","[541574]","[28843.9]","[0]","[2.49262]","[0.253996]",0,"[]","[]","[]","[]","[]","[]","[]","[]","[]","[]",0,"[338.661]",15343.1,"[14332.3,2100.49,2828.54]","[]","[12712.2]","[]"
74,284500,19044926,361105,8430.73,8579.63,1.65196e+11,0.738662,0.98916,1,1,1,0.998752,0.99765,1,1,0,0,1,"[0]","[1]","[147515]","[0.759941]","[-0.47619]","[192201]","[-0.0184898]","[-1]","[11]","[1]","[0]","[1838.43]","[0.0249328]","[3.63962]",145938,-0.461012,3,"[318716,57745.1,31189.6]","[0.0990384,-1.62606,-0.213545]","[2.80578,0.223364,2.23306]","[320996,152595,32336.7]","[0.9968,0.951962,1]","[0,0,0]","[0,0,0]","[-0.924311,-0.862375,-0.892967]",0,"[]","[]","[]","[]","[]","[]","[]","[]","[]","[]",1,"[352670]","[0.0586366]","[2.77205]","[359212]","[65035.3]","[0]","[2.89977]","[0.867382]",0,"[]","[]","[]","[]","[]","[]","[]","[]","[]","[]",0,"[1566.51]",123.703,"[3581.16,2370.25,2871.73]","[]","[13650.6]","[]"
75,284500,13871211,361105,8435.36,8579.63,1.65196e+11,0.934886,0.97553,1,1,1,0.987199,1.01265,1,1,0,0,1,"[0]","[1]","[101745]","[1.81377]","[2.80414]","[320324]","[0.00378418]","[-1]","[11]","[1]","[0]","[1335.39]","[-0.0137138]","[1.7401]",84578.6,-3.03493,5,"[272522,51700.1,24748.9,23268.4,20431.3]","[0.556991,-0.616901,1.05402,-0.0635791,-0.0459389]","[-0.0363759,-2.00972,2.83749,-3.13622,2.21878]","[317590,62153.3,40149.5,23579.3,20694.9]","[0.990576,0.99,0.984898,1,1]","[0,4,0,0,0]","[0,0,0,0,0]","[-0.818145,0.607377,-0.553092,-0.684583,-0.357474]",0,"[]","[]","[]","[]","[]","[]","[]","[]","[]","[]",1,"[276347]","[0.4912]","[-0.0393667]","[311961]","[31557.3]","[0]","[1.45508]","[0.606325]",0,"[]","[]","[]","[]","[]","[]","[]","[]","[]","[]",0,"[1348.5]",12611.2,"[11871.1,3579.07,2412.31,2056.22,1312.37]","[]","[16269.6]","[]"
76,284500,19063887,361105,8439.53,8579.63,1.65196e+11,1.08735,1,0.994662,1,1,0.99945,0.841751,1,0,1,0,1,"[0]","[1]","[38971.9]","[-0.771333]","[3.02036]","[51151.5]","[0.103302]","[-1]","[13]","[1]","[0]","[-307.707]","[-0.198274]","[26.6481]",228096,2.43795,1,"[258892]","[-0.817895]","[-0.628804]","[350601]","[0.998766]","[0]","[0]","[-0.675824]",0,"[]","[]","[]","[]","[]","[]","[]","[]","[]","[]",1,"[278744]","[-0.771202]","[-0.630259]","[365952]","[9606.05]","[0]","[1.84442]","[0.0699124]",0,"[]","[]","[]","[]","[]","[]","[]","[]","[]","[]",0,"[130.12]",4240.25,"[5790.1]","[]","[1751.84]","[]"
77,284500,19307704,361105,8436.08,8579.63,1.65196e+11,0.596562,1,0.995185,1,1,0.95543,0.951846,1,0,1,0,1,"[0]","[1]","[32401.6]","[-0.684481]","[-0.0953641]","[40293]","[0.0371666]","[-1]","[13]","[1]","[0]","[3581.71]","[0.00381]","[0.350111]",469945,-0.338177,2,"[491787,33431]","[-1.00678,-1.15646]","[2.82472,-2.92923]","[763193,58633.4]","[0.957954,0.99]","[0,5]","[0,0]","[-0.955129,-0.402334]",0,"[]","[]","[]","[]","[]","[]","[]","[]","[]","[]",1,"[487272]","[-0.994237]","[2.82738]","[749010]","[24408.2]","[0]","[3.41441]","[0.430505]",0,"[]","[]","[]","[]","[]","[]","[]","[]","[]","[]",0,"[79.8643]",21038.8,"[13419.2,1279.48]","[]","[4092.59]","[]"
78,284500,13884809,361105,8433.31,8579.63,1.65196e+11,1.55465,0.96484,1,1,1,0.996694,0.9566,1,1,0,0,1,"[0]","[1]","[35540.4]","[0.842688]","[1.24397]","[48924]","[0.10667]","[-1]","[11]","[1]","[0]","[557.436]","[0.0136955]","[1.0825]",184468,1.2924,4,"[278066,125492,34743.4,22796.9]","[0.00779488,-1.29772,-1.8652,-1.49716]","[-2.39689,-0.19256,-0.585877,2.39567]","[278894,247260,114938,53585.5]","[0.992447,0.990626,0.995465,0.958467]","[0,0,0,0]","[0,0,0,0]","[-0.683655,-0.959529,-0.849323,-0.779759]",0,"[]","[]","[]","[]","[]","[]","[]","[]","[]","[]",1,"[271223]","[0.00805005]","[-2.4012]","[272384]","[25031.1]","[0]","[2.49284]","[0.464824]",0,"[]","[]","[]","[]","[]","[]","[]","[]","[]","[]",0,"[31.2968]",5637.98,"[4784.88,16166.8,2064.82,1641.02]","[]","[15548.2]","[]"
79,284500,16289054,361105,8432.41,8579.63,1.65196e+11,0.596562,0.97199,1,1,1,0.998948,0.99121,1,1,0,0,1,"[0]","[1]","[43834.9]","[0.233434]","[-0.528715]","[45034.7]","[0.11731]","[-1]","[11]","[1]","[0]","[1339.48]","[0.000805408]","[0.0811487]",206152,-0.875779,1,"[246578]","[-1.84051]","[2.27754]","[796553]","[0.99]","[0]","[0]","[-0.907875]",0,"[]","[]","[]","[]","[]","[]","[]","[]","[]","[]",1,"[250850]","[-1.86164]","[2.27691]","[826592]","[11277]","[0]","[2.4573]","[0.71647]",0,"[]","[]","[]","[]","[]","[]","[]","[]","[]","[]",0,"[123.181]",7590.83,"[8470.19]","[]","[20985.5]","[]"
80,284500,16595978,361105,8435.38,8579.63,1.65196e+11,0.596562,1,0.995731,1,1,0.99818,0.745543,1,0,1,0,1,"[0]","[1]","[60009.7]","[0.851509]","[0.442579]","[83112]","[0.00292206]","[-1]","[13]","[1]","[0]","[-476.598]","[0.0222346]","[3.31521]",282239,0.818328,3,"[175458,138841,28106]","[0.299554,1.13201,1.12119]","[-2.1591,-2.48294,-2.97386]","[183652,239699,47878.6]","[0.987818,0.992675,0.978353]","[0,0,0]","[0,0,0]","[-0.863709,-0.941156,-0.908447]",0,"[]","[]","[]","[]","[]","[]","[]","[]","[]","[]",1,"[338623]","[0.730395]","[-2.35408]","[470469]","[183907]","[0]","[0.979468]","[0.578636]",0,"[]","[]","[]","[]","[]","[]","[]","[]","[]","[]",0,"[181.681]",15824.2,"[4971.98,10348.6,2594.99]","[]","[20332.8]","[]"
81,284500,15825704,361105,8429.44,8579.63,1.65196e+11,1.24168,1,0.993124,1,1,0.951971,0.939534,1,0,1,0,1,"[0]","[1]","[94153.2]","[-0.877458]","[-2.73821]","[132785]","[0.00701523]","[-1]","[13]","[1]","[0]","[-259.553]","[0.00202506]","[0.365207]",185953,-2.72132,1,"[276094]","[-0.554489]","[0.445149]","[321405]","[1]","[5]","[0]","[0.916015]",0,"[]","[]","[]","[]","[]","[]","[]","[]","[]","[]",1,"[257971]","[-0.530844]","[0.442852]","[297199]","[34580]","[0]","[1.73771]","[0.455233]",0,"[]","[]","[]","[]","[]","[]","[]","[]","[]","[]",0,"[1103.75]",1445.56,"[2808.7]","[]","[737.406]","[]"
82,284500,18119725,361105,8435.38,8579.63,1.65196e+11,0.351687,1,0.999528,1,1,0.999464,0.948081,1,0,1,0,1,"[0]","[1]","[106533]","[1.50469]","[2.22832]","[251677]","[-0.137166]","[-1]","[13]","[1]","[0]","[41.7596]","[0.112508]","[22.6155]",173686,2.15124,1,"[273671]","[0.340119]","[-0.935418]","[291144]","[0.998552]","[0]","[0]","[-0.0447273]",0,"[]","[]","[]","[]","[]","[]","[]","[]","[]","[]",1,"[292818]","[0.37742]","[-0.932442]","[317309]","[46236.3]","[0]","[2.35218]","[0.598649]",0,"[]","[]","[]","[]","[]","[]","[]","[]","[]","[]",0,"[1889.98]",1879.77,"[3479.86]","[]","[17387.9]","[]"
83,284500,13031740,361105,8433.08,8579.63,1.65196e+11,1.55465,0.96203,1,1,1,0.998053,1.01508,1,1,0,0,1,"[0]","[1]","[263497]","[-1.7586]","[0.876699]","[787407]","[-0.079361]","[-1]","[11]","[1]","[0]","[-126.559]","[-0.00561089]","[0.57394]",277373,0.898458,1,"[533131]","[-0.951396]","[-2.23223]","[795910]","[0.992355]","[0]","[0]","[-0.959801]",0,"[]","[]","[]","[]","[]","[]","[]","[]","[]","[]",2,"[520055,281607]","[-0.961335,-1.76929]","[-2.24193,0.872883]","[781967,850051]","[62699,-0.0110485]","[0,1]","[1.76607,0]","[0.723958,-1]",0,"[]","[]","[]","[]","[]","[]","[]","[]","[]","[]",0,"[4128.21]",8445.59,"[10855.5]","[]","[3547,1701.25]","[]"
84,284500,13031106,361105,8433.08,8579.63,1.65196e+11,0.402058,0.99211,1,1,1,0.998332,0.9918,1,1,0,0,1,"[0]","[1]","[431121]","[-0.602516]","[-2.86471]","[511771]","[0.0542336]","[-1]","[11]","[1]","[0]","[-593.154]","[-0.00201497]","[0.329131]",37513.7,-0.240804,3,"[244203,125834,22066.8]","[0.451276,-0.246144,-0.94664]","[0.316777,0.474054,-0.201647]","[269715,130085,32889.3]","[1,0.99,0.71521]","[0,0,0]","[0,0,0]","[-0.966545,-0.403038,0.31078]",0,"[]","[]","[]","[]","[]","[]","[]","[]","[]","[]",2,"[444859,358616]","[-0.633384,0.185644]","[-2.8679,0.374794]","[537115,388441]","[-0.00873464,133408]","[1,0]","[0,0.503099]","[-1,0.721754]",0,"[]","[]","[]","[]","[]","[]","[]","[]","[]","[]",0,"[5373.68]",9578.9,"[7187.89,9307.29,1745.38]","[]","[15475.3,17637.9]","[]"
85,284500,12946531,361105,8432.44,8579.63,1.65196e+11,0,0.97014,1,1,1,0.997046,0.96677,1,1,0,0,1,"[0]","[1]","[50245.1]","[0.611485]","[0.21793]","[59935.2]","[-0.235332]","[-1]","[11]","[1]","[0]","[-407.508]","[-0.104068]","[9.46011]",322760,0.393777,3,"[346155,35226.9,28023.1]","[-1.87556,-1.15169,1.44898]","[-2.88282,-2.77681,-1.42475]","[1.15713e+06,61507,63180.1]","[0.991749,0.99,0.89012]","[0,0,0]","[0,0,0]","[-0.904342,-0.860376,-0.868291]",0,"[]","[]","[]","[]","[]","[]","[]","[]","[]","[]",1,"[340749]","[-1.87285]","[-2.88377]","[1.1362e+06]","[56761.2]","[0]","[1.63547]","[0.770406]",0,"[]","[]","[]","[]","[]","[]","[]","[]","[]","[]",0,"[58.5616]",621.531,"[8343.29,7180.23,6375.36]","[]","[8695.44]","[]"
86,284500,13056315,361105,8438.31,8579.63,1.65196e+11,0.596562,1,0.996615,1,1,0.986644,0.926666,1,0,1,0,1,"[0]","[1]","[140865]","[-0.216804]","[-0.623149]","[144189]","[-0.208139]","[-1]","[13]","[1]","[1591.72]","[-28.1261]","[0.0394968]","[7.54134]",332704,-0.694944,3,"[444392,140830,26613.5]","[0.381108,-0.41511,-1.26857]","[2.10859,-2.36683,-2.69612]","[478348,154423,51351.3]","[1,0.996191,0.988698]","[0,4,0]","[0,0,0]","[-0.844406,-0.698313,-0.722687]",0,"[]","[]","[]","[]","[]","[]","[]","[]","[]","[]",1,"[439468]","[0.390824]","[2.12154]","[474616]","[33100.6]","[0]","[2.67873]","[0.637046]",0,"[]","[]","[]","[]","[]","[]","[]","[]","[]","[]",0,"[2942.06]",17606.7,"[5740.85,6754.79,1784.05]","[]","[22190.2]","[]"
87,284500,13078083,361105,8437.07,8579.63,1.65196e+11,1.25133,0.97538,1,1,1,0.999253,1.01508,1,1,0,0,1,"[0]","[1]","[95929.1]","[-1.77138]","[-2.91721]","[290141]","[-0.221172]","[-1]","[11]","[1]","[0]","[3464.2]","[0.0181789]","[0.770904]",143732,-2.40513,2,"[225277,42631.7]","[-0.745547,0.63309]","[0.639151,-1.07611]","[291125,52107.8]","[0.998767,1]","[0,0]","[0,0]","[-0.904643,-0.86654]",0,"[]","[]","[]","[]","[]","[]","[]","[]","[]","[]",1,"[252999]","[-0.776428]","[0.705687]","[334561]","[30513.8]","[0]","[1.50431]","[0.637486]",0,"[]","[]","[]","[]","[]","[]","[]","[]","[]","[]",0,"[1278.16]",8926.62,"[6057.11,2529.5]","[]","[2512.38]","[]"
88,284500,14597931,361105,8433.47,8579.63,1.65196e+11,0.934886,1,0.990487,1,1,0.998277,1.02356,1,0,1,0,1,"[0]","[1]","[105368]","[1.77514]","[0.136211]","[319820]","[-0.0423393]","[-1]","[13]","[1]","[0]","[832.682]","[0.0622493]","[11.0542]",234299,0.223295,3,"[373281,32304.6,29551.9]","[1.39813,0.689464,0.378251]","[-3.09755,-1.1096,-0.640943]","[802088,40501.4,31909.2]","[0.99599,0.99,1]","[0,0,0]","[0,0,0]","[-0.700608,-0.735607,-0.497839]",0,"[]","[]","[]","[]","[]","[]","[]","[]","[]","[]",1,"[385427]","[1.41104]","[-3.09755]","[837341]","[16948.4]","[0]","[2.09787]","[0.278702]",0,"[]","[]","[]","[]","[]","[]","[]","[]","[]","[]",0,"[818.059]",15082.8,"[16300.4,2893.64,1938.13]","[]","[20536.4]","[]"
89,284500,14599610,361105,8434.06,8579.63,1.65196e+11,0.596562,0.97446,1,1,1,0.998214,0.98483,1,1,0,0,1,"[0]","[1]","[59179]","[-0.171571]","[-2.27696]","[60052.1]","[0.0402908]","[-1]","[11]","[1]","[0]","[-342.771]","[0.00585026]","[0.662882]",494386,-2.18917,1,"[534436]","[-0.194022]","[0.895697]","[545260]","[0.99]","[0]","[0]","[-0.896972]",0,"[]","[]","[]","[]","[]","[]","[]","[]","[]","[]",1,"[519836]","[-0.144769]","[0.893378]","[525847]","[24130.6]","[0]","[1.78528]","[0.311901]",0,"[]","[]","[]","[]","[]","[]","[]","[]","[]","[]",0,"[146.971]",2178.5,"[6403.32]","[]","[17466.7]","[]"
90,284500,13053889,361105,8436.15,8579.63,1.65196e+11,1.24168,1,0.995858,1,1,0.984315,0.841751,1,0,1,0,1,"[0]","[1]","[124865]","[-0.673706]","[-3.11007]","[154290]","[0.0777206]","[-1]","[13]","[1]","[0]","[-313.944]","[-0.0271772]","[5.94467]",133976,-2.92587,3,"[259775,30826.9,23746.5]","[1.23484,0.223944,1.72553]","[0.0331999,0.823243,2.93123]","[484510,32294.3,68899.6]","[0.959364,0.995987,0.950208]","[0,0,5]","[0,0,0]","[0.710702,-0.880186,0.864284]",0,"[]","[]","[]","[]","[]","[]","[]","[]","[]","[]",1,"[284564]","[1.27232]","[-0.00571557]","[550266]","[53221.4]","[0]","[3.23456]","[0.760409]",0,"[]","[]","[]","[]","[]","[]","[]","[]","[]","[]",0,"[2107.96]",1938.62,"[4219.1,1941.78,1197.36]","[]","[20026.7]","[]"
91,284500,13080161,361105,8436.36,8579.63,1.65196e+11,1.74563,0.97826,1,1,1,1.10674,1.00493,1,1,0,0,1,"[0]","[1]","[99881.5]","[-1.22834]","[-3.04143]","[185196]","[-0.0495243]","[-1]","[11]","[1]","[0]","[-154.227]","[0.0150119]","[2.04739]",214860,3.04093,1,"[328088]","[-0.854523]","[-0.0692444]","[456791]","[0.972545]","[4]","[0]","[0.926634]",0,"[]","[]","[]","[]","[]","[]","[]","[]","[]","[]",1,"[321878]","[-0.862833]","[-0.0730206]","[452341]","[52238.5]","[0]","[2.08667]","[0.778506]",0,"[]","[]","[]","[]","[]","[]","[]","[]","[]","[]",0,"[1002.54]",32827.1,"[14537.1]","[]","[5870.94]","[]"
92,284500,14598305,361105,8431.15,8579.63,1.65196e+11,0.596562,1,0.998963,1,1,0.97831,0.998104,1,0,1,0,1,"[0]","[1]","[76135.1]","[-2.33613]","[-0.373765]","[397342]","[-0.0120564]","[-1]","[13]","[1]","[0]","[-104.635]","[-0.00490715]","[0.648635]",165751,0.126225,3,"[264430,97140.7,38469.2]","[-0.714308,0.297266,1.05211]","[-2.62588,1.64133,1.51145]","[335201,101630,61975.7]","[0.998641,0.989199,0.986959]","[0,4,4]","[0,0,0]","[-0.771269,-0.669828,-0.891569]",0,"[]","[]","[]","[]","[]","[]","[]","[]","[]","[]",1,"[253911]","[-0.723685]","[-2.63082]","[323577]","[12015.6]","[0]","[3.44892]","[0.727943]",0,"[]","[]","[]","[]","[]","[]","[]","[]","[]","[]",0,"[1048.14]",67.4531,"[3289.43,2441.93,3499.71]","[]","[0]","[]"
93,284500,10099133,361105,-8434.22,8579.63,1.65196e+11,1.74563,1,0.996013,1,1,0.998691,0.93729,1,0,1,0,1,"[0]","[1]","[70521.1]","[0.442095]","[-2.17696]","[77525.7]","[0.00359726]","[-1]","[13]","[1]","[0]","[527.674]","[0.00831326]","[1.52659]",240728,-2.03211,3,"[358976,82467.8,55761.7]","[1.45006,-2.45034,1.34656]","[1.38065,-0.744709,-0.907179]","[808138,481628,114728]","[1,0.993831,0.985825]","[0,0,0]","[0,0,0]","[-0.966499,-0.797407,-0.937174]",0,"[]","[]","[]","[]","[]","[]","[]","[]","[]","[]",1,"[362108]","[1.43008]","[1.37624]","[800421]","[27325.5]","[0]","[2.07735]","[0.665918]",0,"[]","[]","[]","[]","[]","[]","[]","[]","[]","[]",0,"[2212.38]",37388,"[37444,11369.6,6427.23]","[]","[15983.6]","[]"
94,284500,14510780,361105,8441.73,8579.63,1.65196e+11,0.402058,1,0.980129,1,1,0.999381,1.0265,1,0,1,0,1,"[0]","[1]","[33470.3]","[1.05616]","[1.62505]","[53938.9]","[-0.0540161]","[-1]","[13]","[1]","[0]","[-204.212]","[-0.0107878]","[1.22406]",165824,1.50155,1,"[243048]","[0.613591]","[-0.888663]","[290827]","[1]","[0]","[0]","[-0.799171]",0,"[]","[]","[]","[]","[]","[]","[]","[]","[]","[]",1,"[254407]","[0.578158]","[-0.887656]","[298622]","[17219.9]","[0]","[3.18298]","[0.703075]",0,"[]","[]","[]","[]","[]","[]","[]","[]","[]","[]",0,"[279.383]",272.953,"[2843.36]","[]","[8331.52]","[]"
95,284500,14862614,361105,8434.81,8579.63,1.65196e+11,0.506784,1,0.997072,1,1,0.996499,0.840087,1,0,1,0,1,"[0]","[1]","[83025.7]","[-0.411846]","[-2.40201]","[90167.1]","[0.0141335]","[-1]","[13]","[1]","[0]","[-320.691]","[-0.0028615]","[0.401913]",194956,-2.39292,2,"[263482,23935.9]","[-0.207106,-0.170143]","[0.835119,-0.272778]","[269199,24852.6]","[0.99792,0.987148]","[4,4]","[0,0]","[-0.15373,0.82356]",0,"[]","[]","[]","[]","[]","[]","[]","[]","[]","[]",1,"[262943]","[-0.235547]","[0.834117]","[270271]","[-0.00138107]","[0]","[0]","[-1]",0,"[]","[]","[]","[]","[]","[]","[]","[]","[]","[]",0,"[378.134]",1402.64,"[2542.66,2055.23]","[]","[0]","[]"
96,284500,14500291,361105,8436.07,8579.63,1.65196e+11,3.34815,1,0.99254,1,1,0.999387,1.01352,1,0,1,0,1,"[0]","[1]","[32391.9]","[1.75749]","[-0.73618]","[96695.4]","[0.0480194]","[-1]","[13]","[1]","[0]","[153.138]","[-0.00358142]","[0.374551]",231196,-1.09321,1,"[264621]","[1.17238]","[2.09266]","[468556]","[1]","[0]","[0]","[-0.945268]",0,"[]","[]","[]","[]","[]","[]","[]","[]","[]","[]",1,"[270367]","[1.15081]","[2.09005]","[470229]","[12903]","[0]","[1.80268]","[0.524046]",0,"[]","[]","[]","[]","[]","[]","[]","[]","[]","[]",0,"[83.3325]",1774.88,"[4139.34]","[]","[8831.19]","[]"
97,284500,12962410,361105,8433.78,8579.63,1.65196e+11,0.934886,1,0.995111,1,1,0.996371,0.986771,1,0,1,0,1,"[0]","[1]","[67705.2]","[-0.554939]","[0.0650813]","[78400.8]","[0.185303]","[-1]","[13]","[1]","[0]","[103.853]","[0.198505]","[35.3382]",471336,0.205455,2,"[538145,22536.5]","[-0.170488,-1.89167]","[-2.98074,-1.18428]","[546413,76504.1]","[0.99,0.96717]","[0,0]","[0,0]","[-0.45432,-0.633617]",0,"[]","[]","[]","[]","[]","[]","[]","[]","[]","[]",1,"[545637]","[-0.139085]","[-2.98255]","[551240]","[18701.8]","[0]","[5.50137]","[0.188659]",0,"[]","[]","[]","[]","[]","[]","[]","[]","[]","[]",0,"[1715.93]",25739.7,"[12929.5,1637.59]","[]","[29403.9]","[]"
98,284500,14871630,361105,8430.24,8579.63,1.65196e+11,0.351687,1,0.993639,1,1,0.986775,0.842471,1,0,1,0,1,"[0]","[1]","[35491.2]","[-0.7714]","[1.24429]","[46585]","[0.211929]","[-1]","[13]","[1]","[0]","[3776.01]","[0.0395028]","[4.35538]",274353,1.30385,1,"[283863]","[0.144353]","[-1.86264]","[287287]","[0.996056]","[4]","[0]","[-0.343543]",0,"[]","[]","[]","[]","[]","[]","[]","[]","[]","[]",1,"[327258]","[0.160852]","[-1.85978]","[331854]","[15298.9]","[0]","[2.85345]","[0.730244]",0,"[]","[]","[]","[]","[]","[]","[]","[]","[]","[]",0,"[119.61]",14258.9,"[5722.92]","[]","[2198.75]","[]"
99,284500,12933596,361105,8426.39,8579.63,1.65196e+11,0.402058,0.98089,1,1,1,0.998961,0.99866,1,1,0,0,1,"[0]","[1]","[191221]","[-1.11733]","[-1.96119]","[323531]","[0.00256157]","[-1]","[11]","[1]","[0]","[-287.719]","[0.0105487]","[1.05511]",91742.3,-2.11757,2,"[277715,24068.9]","[-0.674628,1.14031]","[1.02511,2.65145]","[343999,41717.5]","[0.994222,0.622723]","[0,0]","[0,0]","[-0.936961,-0.930329]",0,"[]","[]","[]","[]","[]","[]","[]","[]","[]","[]",1,"[270293]","[-0.692145]","[1.03133]","[338187]","[18817.2]","[0]","[1.79924]","[0.65885]",0,"[]","[]","[]","[]","[]","[]","[]","[]","[]","[]",0,"[2667.98]",11812.4,"[4058.39,3550.63]","[]","[7779.44]","[]"
100,284500,14661893,361105,8432.18,8579.63,1.65196e+11,0.402058,0.98413,1,1,1,0.986745,0.99866,1,1,0,0,1,"[0]","[1]","[83670.7]","[-0.916622]","[1.64129]","[121352]","[0.130806]","[-1]","[11]","[1]","[0]","[631.327]","[-0.0256898]","[2.43499]",159739,1.517,2,"[287290,40644.4]","[0.539653,1.48752]","[-1.81059,0.91499]","[330793,94750.1]","[0.990243,0.99]","[4,0]","[0,0]","[0.581387,-0.855299]",0,"[]","[]","[]","[]","[]","[]","[]","[]","[]","[]",1,"[272213]","[0.502689]","[-1.81814]","[307597]","[12644.9]","[0]","[4.78998]","[0.521454]",0,"[]","[]","[]","[]","[]","[]","[]","[]","[]","[]",0,"[281.893]",1625.45,"[7525.71,11233.6]","[]","[10643.7]","[]"
101,284500,12959373,361105,8433.75,8579.63,1.65196e+11,1.26205,1,1.0003,1,1,0.998761,1.00501,1,0,1,0,1,"[0]","[1]","[47065.9]","[1.22774]","[0.683561]","[87223.7]","[-0.0747695]","[-1]","[13]","[1]","[1968.55]","[-337.028]","[8.04629e-05]","[0.00924533]",279464,0.534162,2,"[340048,26030.5]","[0.430418,1.15949]","[-2.6663,-0.0610708]","[372732,45882.1]","[0.991289,0.944941]","[0,0]","[0,0]","[-0.90677,-0.726423]",0,"[]","[]","[]","[]","[]","[]","[]","[]","[]","[]",1,"[382096]","[0.379182]","[-2.67187]","[413027]","[50759.9]","[0]","[2.10003]","[0.431646]",0,"[]","[]","[]","[]","[]","[]","[]","[]","[]","[]",0,"[426.359]",8306.72,"[6462.05,4131.84]","[]","[6757]","[]"
102,284500,13384526,361105,8433.35,8579.63,1.65196e+11,0.934886,0.9617,1,1,1,0.948054,0.97432,1,1,0,0,1,"[0]","[1]","[53807.8]","[-0.0147187]","[2.76534]","[53813.6]","[-0.025528]","[-1]","[11]","[1]","[0]","[-444.405]","[0.160913]","[25.1362]",363444,3.13155,3,"[315914,235758,157629]","[-0.460615,-1.96267,0.492953]","[-0.515772,1.51606,-0.743909]","[350400,855730,178414]","[0.99,0.964235,0.992092]","[0,5,4]","[0,0,0]","[-0.689619,0.985531,-0.778375]",0,"[]","[]","[]","[]","[]","[]","[]","[]","[]","[]",1,"[459336]","[-0.135187]","[-0.57966]","[513704]","[221410]","[0]","[0.520038]","[0.529624]",0,"[]","[]","[]","[]","[]","[]","[]","[]","[]","[]",0,"[415.784]",3900.78,"[4641.71,8253.4,1725.27]","[]","[28494.2]","[]"
103,284500,13705990,361105,8432.4,8579.63,1.65196e+11,0.934886,0.97553,1,1,1,0.997753,1,1,1,0,0,1,"[0]","[1]","[84523.5]","[1.57907]","[2.53523]","[213702]","[0.240283]","[-1]","[11]","[0]","[0]","[-772.678]","[-0.0661336]","[7.63376]",125103,2.35415,2,"[233398,29659]","[1.25805,2.48496]","[-0.752885,1.95391]","[444480,179274]","[0.954808,0]","[0,0]","[0,0]","[-0.894939,-0.837906]",0,"[]","[]","[]","[]","[]","[]","[]","[]","[]","[]",1,"[272101]","[1.24754]","[-0.681968]","[514215]","[38498.1]","[0]","[1.9351]","[0.807982]",0,"[]","[]","[]","[]","[]","[]","[]","[]","[]","[]",0,"[1044.9]",6018.31,"[5665.34,2566.7]","[]","[45.4062]","[]"
104,284500,13363080,361105,8426.91,8579.63,1.65196e+11,0.596562,1,0.998476,1,1,0.998209,0.820608,1,0,1,0,1,"[0]","[1]","[112421]","[0.999167]","[0.962215]","[173365]","[0.0200065]","[-1]","[13]","[1]","[0]","[-229.435]","[-0.00201728]","[0.348041]",239930,1.18095,3,"[387642,126120,23702.3]","[0.753298,1.98308,1.19976]","[-2.44253,-0.348688,-1.48001]","[504092,467094,43109.1]","[0.99619,0.993078,0.986148]","[0,0,0]","[0,0,0]","[-0.711486,-0.800068,-0.514891]",0,"[]","[]","[]","[]","[]","[]","[]","[]","[]","[]",1,"[378291]","[0.762381]","[-2.44767]","[496133]","[49508.2]","[0]","[1.87801]","[0.514812]",0,"[]","[]","[]","[]","[]","[]","[]","[]","[]","[]",0,"[4656.46]",10078.2,"[5641.7,3087.19,3942.01]","[]","[42845.7]","[]"
105,284500,13113218,361105,8436.48,8579.63,1.65196e+11,0.596562,1,0.998569,1,1,1.07991,0.732615,1,0,1,0,1,"[0]","[1]","[365699]","[0.769319]","[2.52595]","[479363]","[0.0363197]","[-1]","[13]","[1]","[0]","[-23.8484]","[-0.0148469]","[3.20308]",129871,2.7365,4,"[414973,65724.4,47894.2,26609.2]","[-0.593414,-2.15387,-2.48594,0.280545]","[-0.723811,0.293708,-0.682013,1.34902]","[491067,287066,289721,27860.6]","[1,0.990429,0.999372,0.974973]","[0,4,4,0]","[0,0,0,0]","[-0.987124,-0.217375,0.961924,-0.907618]",0,"[]","[]","[]","[]","[]","[]","[]","[]","[]","[]",1,"[400761]","[-0.587078]","[-0.722836]","[472658]","[27937.4]","[0]","[2.58351]","[0.732385]",0,"[]","[]","[]","[]","[]","[]","[]","[]","[]","[]",0,"[4376.95]",4073.79,"[5313.4,1913.59,2985.26,3135.89]","[]","[7154]","[]"
106,284500,13737110,361105,8430.5,8579.63,1.65196e+11,0.934886,0.98697,1,1,1,0.991533,1.00582,1,1,0,0,1,"[0]","[1]","[216509]","[-0.263824]","[-1.35029]","[224088]","[-0.0445099]","[-1]","[11]","[1]","[0]","[-437.68]","[-0.00681143]","[1.02848]",124100,-1.35018,2,"[40479.4,39487.6]","[0.0968234,-0.444398]","[2.81834,2.5091]","[41160.3,43854.3]","[1,0.996363]","[4,4]","[0,0]","[-0.936189,0.478154]",0,"[]","[]","[]","[]","[]","[]","[]","[]","[]","[]",1,"[335959]","[0.64376]","[1.67664]","[411902]","[56478.3]","[0]","[1.43682]","[0.77365]",0,"[]","[]","[]","[]","[]","[]","[]","[]","[]","[]",0,"[1103.26]",469.82,"[1195.67,1143.01]","[]","[12514.6]","[]"
107,284500,13791617,361105,8437.5,8579.63,1.65196e+11,1.24168,0.97538,1,1,1,0.99927,1.01508,1,1,0,0,1,"[0]","[1]","[88918.8]","[-1.7992]","[-0.940671]","[276104]","[0.116249]","[-1]","[11]","[1]","[0]","[1882.32]","[-0.0236745]","[2.12531]",224303,-1.05613,1,"[315357]","[-0.925795]","[2.11854]","[460550]","[0.999326]","[0]","[0]","[-0.804421]",0,"[]","[]","[]","[]","[]","[]","[]","[]","[]","[]",1,"[321691]","[-0.898533]","[2.11861]","[460613]","[8897.81]","[0]","[0.522274]","[0.124]",0,"[]","[]","[]","[]","[]","[]","[]","[]","[]","[]",0,"[822.607]",8981,"[9845.49]","[]","[6357.84]","[]"
108,284500,13789552,361105,8435.91,8579.63,1.65196e+11,0.934886,1,0.995737,1,1,0.998759,0.964984,1,0,1,0,1,"[0]","[1]","[279352]","[-0.263946]","[-0.0541368]","[289140]","[-0.0406837]","[-1]","[13]","[1]","[0]","[105.542]","[-0.00785461]","[1.78446]",124964,-0.0599502,1,"[386402]","[1.13282]","[3.05912]","[662399]","[1]","[0]","[0]","[-0.875604]",0,"[]","[]","[]","[]","[]","[]","[]","[]","[]","[]",1,"[383770]","[1.11852]","[3.0563]","[650126]","[15972]","[0]","[4.64873]","[0.578317]",0,"[]","[]","[]","[]","[]","[]","[]","[]","[]","[]",0,"[81997.7]",14344.7,"[15251.4]","[]","[8751.06]","[]"
109,284500,13792900,361105,8436.58,8579.63,1.65196e+11,1.25133,1,0.987741,1,1,0.998983,0.947147,1,0,1,0,1,"[0]","[1]","[141667]","[-1.63778]","[2.08277]","[378119]","[0.0450516]","[-1]","[13]","[1]","[0]","[1397.55]","[0.0153936]","[2.757]",107621,2.24088,1,"[243034]","[-1.81842]","[-1.01619]","[768589]","[0.990918]","[0]","[0]","[-0.904765]",0,"[]","[]","[]","[]","[]","[]","[]","[]","[]","[]",1,"[254527]","[-1.81687]","[-1.01469]","[803745]","[9698.28]","[0]","[2.89023]","[0.197423]",0,"[]","[]","[]","[]","[]","[]","[]","[]","[]","[]",0,"[4960.49]",19326,"[10464.2]","[]","[27980.3]","[]"
110,284500,13935519,361105,8436.78,8579.63,1.65196e+11,1.08735,0.97332,1,1,1,0.997771,0.98683,1,1,0,0,1,"[0]","[1]","[62818.5]","[-1.03024]","[-0.53356]","[99211.4]","[-0.0167198]","[-1]","[11]","[1]","[0]","[522.085]","[-0.0404809]","[4.36677]",96820.5,-0.421923,3,"[232348,70007.6,29016.1]","[-1.26212,-1.45244,2.02837]","[2.83507,0.308334,-1.40094]","[443556,158360,112279]","[0.998568,0.995848,0.999637]","[0,0,0]","[0,0,0]","[-0.953427,-0.931476,-0.659988]",0,"[]","[]","[]","[]","[]","[]","[]","[]","[]","[]",1,"[258753]","[-1.22883]","[2.82705]","[481178]","[34111]","[0]","[3.86201]","[0.575766]",0,"[]","[]","[]","[]","[]","[]","[]","[]","[]","[]",0,"[293.623]",11438.3,"[6654.89,4382.28,1847.05]","[]","[0]","[]"
111,284500,13940756,361105,8430.55,8579.63,1.65196e+11,1.24168,0.97332,1,1,1,0.999008,0.98683,1,1,0,0,1,"[0]","[1]","[65350.4]","[-0.902746]","[2.34967]","[93837.3]","[-0.0254879]","[-1]","[11]","[1]","[0]","[-295.436]","[0.00591882]","[0.882874]",286534,2.11358,3,"[311580,57058.7,26073.7]","[-0.0798959,0.265543,0.1927]","[-0.972609,-1.44757,1.17263]","[314367,59521.2,26897.3]","[1,0.99931,0.996585]","[0,0,0]","[0,0,0]","[-0.742759,-0.707524,-0.701228]",0,"[]","[]","[]","[]","[]","[]","[]","[]","[]","[]",1,"[352861]","[-0.0239543]","[-1.03185]","[364241]","[89940.7]","[0]","[1.6813]","[0.529898]",0,"[]","[]","[]","[]","[]","[]","[]","[]","[]","[]",0,"[396.694]",53.625,"[4992.12,2332.34,4511.55]","[]","[19198.6]","[]"
112,284500,14893595,361105,8435.34,8579.63,1.65196e+11,0.596562,1,0.996687,1,1,0.984224,0.856385,1,0,1,0,1,"[0]","[1]","[59014.6]","[0.0501071]","[1.98034]","[59088.8]","[-0.0525131]","[-1]","[13]","[1]","[0]","[2323.84]","[0.147616]","[23.1218]",213296,1.92747,5,"[294491,120339,66958.1,33357.3,23064.6]","[0.254852,-0.737789,-1.11206,0.747295,2.42168]","[-1.50819,1.23962,-1.31232,-1.50841,0.537448]","[305166,155206,113109,43579,130999]","[0.999007,0.99127,0.987892,0.99814,0]","[4,0,0,0,0]","[0,0,0,0,0]","[0.705742,-0.928702,-0.926271,-0.880184,-0.678841]",0,"[]","[]","[]","[]","[]","[]","[]","[]","[]","[]",1,"[304352]","[0.305944]","[-1.50347]","[322974]","[52326]","[0]","[2.85481]","[0.549831]",0,"[]","[]","[]","[]","[]","[]","[]","[]","[]","[]",0,"[97.6621]",1606.34,"[3922.75,3991.3,4174.63,1949.13,1970.91]","[]","[8039.16]","[]"
113,284500,12901241,361105,8442.9,8579.63,1.65196e+11,1.74563,1,0.994404,1,1,1.03819,0.89652,1,0,1,0,1,"[0]","[1]","[312551]","[0.0949757]","[1.23989]","[313962]","[0.0311527]","[-1]","[13]","[1]","[0]","[247.817]","[-0.00658388]","[1.50109]",75574.7,1.01278,2,"[246907,43625.7]","[0.0812226,0.613145]","[-2.26442,-1.64873]","[248964,52364.7]","[1,1]","[5,5]","[0,0]","[0.215304,-0.473114]",0,"[]","[]","[]","[]","[]","[]","[]","[]","[]","[]",1,"[281253]","[0.167511]","[-2.16914]","[299227]","[90515.7]","[0]","[1.55638]","[0.604629]",0,"[]","[]","[]","[]","[]","[]","[]","[]","[]","[]",0,"[19391]",4096.12,"[2413.6,5093.18]","[]","[11921.9]","[]"
114,284500,12911350,361105,8431.4,8579.63,1.65196e+11,0.934886,1,0.994378,1,1,0.984757,1.04435,1,0,1,0,1,"[0]","[1]","[42260.1]","[-0.850738]","[-0.29768]","[58498.1]","[0.0252953]","[-1]","[13]","[0]","[0]","[1189.41]","[0.00274479]","[0.394628]",102016,-0.215184,3,"[323458,133463,57497.2]","[0.130515,2.11941,1.30228]","[2.16579,-1.7707,-1.59973]","[326557,563969,113989]","[0.986776,0.99472,0.954573]","[0,0,4]","[0,0,0]","[-0.942149,-0.775323,-0.948514]",0,"[]","[]","[]","[]","[]","[]","[]","[]","[]","[]",1,"[329084]","[0.140204]","[2.16785]","[332556]","[12414.1]","[0]","[1.27917]","[0.0574638]",0,"[]","[]","[]","[]","[]","[]","[]","[]","[]","[]",0,"[106.871]",3033.7,"[4426.97,3966.19,4585.69]","[]","[21210.4]","[]"
115,284500,12919999,361105,8430.39,8579.63,1.65196e+11,1.74563,0.98413,1,1,1,0.997883,0.99866,1,1,0,0,1,"[0]","[1]","[110601]","[-0.846228]","[1.81767]","[152622]","[0.0821152]","[-1]","[11]","[1]","[0]","[1306.12]","[0.0595968]","[6.36883]",472303,2.10864,1,"[560962]","[-1.01679]","[-1.07952]","[879625]","[0.996022]","[0]","[0]","[-0.912324]",0,"[]","[]","[]","[]","[]","[]","[]","[]","[]","[]",1,"[519101]","[-1.02134]","[-1.08435]","[816541]","[61535.8]","[0]","[1.55062]","[0.691473]",0,"[]","[]","[]","[]","[]","[]","[]","[]","[]","[]",0,"[748.72]",11388.1,"[8310.24]","[]","[22379.3]","[]"
116,284500,12927865,361105,8433.98,8579.63,1.65196e+11,0.934886,0.98536,1,1,1,0.998535,0.9918,1,1,0,0,1,"[0]","[1]","[113150]","[-0.641758]","[0.302478]","[137262]","[-0.0634079]","[-1]","[11]","[1]","[0]","[3561.9]","[0.0864135]","[7.93124]",322767,0.530007,1,"[428991]","[-1.064]","[-2.66583]","[695998]","[0.995028]","[0]","[0]","[-0.878917]",0,"[]","[]","[]","[]","[]","[]","[]","[]","[]","[]",1,"[450078]","[-1.06024]","[-2.6702]","[728036]","[23721.6]","[0]","[5.44303]","[0.628774]",0,"[]","[]","[]","[]","[]","[]","[]","[]","[]","[]",0,"[561.705]",13685.2,"[14910.2]","[]","[1731.69]","[]"
117,284500,13232444,361105,8433.56,8579.63,1.65196e+11,0.934886,0.97738,1,1,1,0.998644,1.00056,1,1,0,0,1,"[0]","[1]","[79488]","[0.203148]","[-2.40293]","[81133.9]","[-0.028904]","[-1]","[11]","[1]","[0]","[684.409]","[-0.0186929]","[1.16783]",182075,-2.33976,3,"[207558,103311,60915]","[1.01504,0.620889,2.26556]","[0.727486,0.568577,-2.90456]","[325142,124111,296687]","[0.99,1,0.98]","[0,0,0]","[0,0,0]","[-0.87513,-0.814019,-0.928881]",0,"[]","[]","[]","[]","[]","[]","[]","[]","[]","[]",1,"[306909]","[0.910083]","[0.669939]","[449325]","[74969.9]","[0]","[1.18641]","[0.655802]",0,"[]","[]","[]","[]","[]","[]","[]","[]","[]","[]",0,"[170.074]",9739.62,"[3673.31,10566.4,3503.51]","[]","[1593.06]","[]"
118,284500,13099320,361105,8434.57,8579.63,1.65196e+11,1.24168,0.97994,1,1,1,0.985926,1.00632,1,1,0,0,1,"[0]","[1]","[166541]","[0.134179]","[-1.04162]","[168042]","[-0.0892448]","[-1]","[11]","[1]","[0]","[-60.4943]","[-0.0081854]","[1.00955]",120204,-0.939112,2,"[264634,24184.5]","[-0.492481,1.62338]","[2.11096,2.29949]","[297546,63765.3]","[0.97563,0.981151]","[4,0]","[0,0]","[-0.388983,-0.749169]",0,"[]","[]","[]","[]","[]","[]","[]","[]","[]","[]",1,"[275813]","[-0.465704]","[2.11261]","[306335]","[6496.01]","[0]","[0]","[-1]",0,"[]","[]","[]","[]","[]","[]","[]","[]","[]","[]",0,"[2385.77]",31157.5,"[3496.23,5353.37]","[]","[8426.78]","[]"
119,284500,13236926,361105,8439.58,8579.63,1.65196e+11,0.402058,0.98089,1,1,1,0.997379,0.99866,1,1,0,0,1,"[0]","[1]","[200173]","[-1.07124]","[-0.434816]","[326441]","[-0.0817986]","[-1]","[11]","[1]","[0]","[-915.218]","[-0.00515877]","[0.698058]",62934,-0.691905,2,"[267158,20972.1]","[-1.26191,-1.76139]","[2.58012,-1.62878]","[510242,62886.8]","[1,0.986771]","[0,0]","[0,0]","[-0.924376,-0.652301]",0,"[]","[]","[]","[]","[]","[]","[]","[]","[]","[]",1,"[272648]","[-1.26067]","[2.58437]","[520250]","[26678.5]","[0]","[2.32715]","[0.575065]",0,"[]","[]","[]","[]","[]","[]","[]","[]","[]","[]",0,"[2557.35]",2729.95,"[4426.99,1223.49]","[]","[2829.88]","[]"
120,284500,13449615,361105,8431.38,8579.63,1.65196e+11,0.596562,1,0.993171,1,1,0.999203,0.763373,1,0,1,0,1,"[0]","[1]","[205378]","[0.47772]","[2.01067]","[229262]","[-0.0722551]","[-1]","[13]","[1]","[0]","[-335.645]","[0.0468495]","[10.6694]",131328,1.80198,1,"[345372]","[0.037694]","[-1.23432]","[345920]","[1]","[0]","[0]","[-0.960543]",0,"[]","[]","[]","[]","[]","[]","[]","[]","[]","[]",1,"[351969]","[0.0466082]","[-1.23559]","[352645]","[14381.7]","[0]","[3.30577]","[0.693428]",0,"[]","[]","[]","[]","[]","[]","[]","[]","[]","[]",0,"[10441.7]",3113.24,"[4756.51]","[]","[4810.53]","[]"
121,284500,13376751,361105,8437.31,8579.63,1.65196e+11,1.08735,0.97429,1,1,1,1,0.98653,1,1,0,0,1,"[0]","[1]","[55078.5]","[0.466313]","[0.461756]","[61176.1]","[0.0152054]","[-1]","[11]","[1]","[0]","[167.915]","[-0.0262712]","[3.43363]",266974,0.359555,0,"[]","[]","[]","[]","[]","[]","[]","[]",0,"[]","[]","[]","[]","[]","[]","[]","[]","[]","[]",1,"[316693]","[-0.217414]","[-2.49527]","[325843]","[32600.7]","[0]","[3.08629]","[0.439426]",0,"[]","[]","[]","[]","[]","[]","[]","[]","[]","[]",0,"[102.023]",19857,"[]","[]","[4593.38]","[]"
122,284500,13251276,361105,8435.69,8579.63,1.65196e+11,0.596562,1,0.987759,1,1,0.987902,0.98075,1,0,1,0,1,"[0]","[1]","[70431.6]","[-1.69755]","[-2.01624]","[198746]","[0.0238495]","[-1]","[13]","[1]","[0]","[78.0247]","[0.0241839]","[2.87342]",178187,-2.0602,2,"[329340,93378.8]","[0.812742,1.66455]","[0.981819,-2.40235]","[444505,256008]","[1,0.996326]","[4,0]","[0,0]","[-0.899468,-0.849954]",0,"[]","[]","[]","[]","[]","[]","[]","[]","[]","[]",1,"[310767]","[0.845279]","[0.983159]","[428756]","[13028.8]","[0]","[3.86881]","[0.219288]",0,"[]","[]","[]","[]","[]","[]","[]","[]","[]","[]",0,"[269.11]",2324.08,"[10760.3,8685.88]","[]","[36283.2]","[]"
123,284500,13379167,361105,8436.73,8579.63,1.65196e+11,1.74563,0.9364,1,1,1,0.998669,0.8297,1,1,0,0,1,"[0]","[1]","[28458.6]","[2.13419]","[0.905391]","[121924]","[-0.35619]","[-1]","[11]","[1]","[0]","[-370.134]","[0.0744315]","[5.23934]",234051,1.06893,2,"[257363,32607.7]","[1.93484,1.08572]","[-2.07145,-2.40904]","[909568,53957.3]","[0.99853,1]","[0,0]","[0,0]","[-0.855531,-0.909978]",0,"[]","[]","[]","[]","[]","[]","[]","[]","[]","[]",1,"[271370]","[1.90631]","[-2.08914]","[934145]","[44538.2]","[0]","[2.82362]","[0.717175]",0,"[]","[]","[]","[]","[]","[]","[]","[]","[]","[]",0,"[117.06]",3641.69,"[7689.38,3442.68]","[]","[17103.1]","[]"
124,284500,13393724,361105,8446.67,8579.63,1.65196e+11,0.934886,0.97446,1,1,1,0.999483,0.98483,1,1,0,0,1,"[0]","[1]","[55490.4]","[-0.43851]","[-0.60461]","[60911.6]","[-0.0471649]","[-1]","[11]","[1]","[0]","[2047.08]","[0.052377]","[6.44118]",350483,-0.820204,2,"[268765,91684.4]","[-0.455098,-1.90463]","[2.68856,2.04718]","[297370,314904]","[1,0.97539]","[0,0]","[0,0]","[-0.814255,-0.908831]",0,"[]","[]","[]","[]","[]","[]","[]","[]","[]","[]",1,"[299552]","[-0.432849]","[2.69067]","[328419]","[15475]","[0]","[4.1686]","[0.697259]",0,"[]","[]","[]","[]","[]","[]","[]","[]","[]","[]",0,"[394.366]",1271.72,"[4261.48,3406.37]","[]","[4461.84]","[]"
125,284500,13424896,361105,8433.12,8579.63,1.65196e+11,1.55465,1,0.998822,1,1,0.98919,0.99692,1,0,1,0,1,"[0]","[1]","[65109.1]","[1.1626]","[-2.91226]","[114296]","[-0.0147247]","[-1]","[13]","[1]","[0]","[-660.38]","[-0.0290666]","[2.90898]",202084,-2.76368,2,"[326018,176966]","[-0.504653,-1.15397]","[0.680123,-2.40126]","[369124,309026]","[1,0.999815]","[0,4]","[0,0]","[-0.941342,-0.508932]",0,"[]","[]","[]","[]","[]","[]","[]","[]","[]","[]",1,"[339066]","[-0.469681]","[0.678841]","[377673]","[19722.6]","[0]","[2.28068]","[0.580285]",0,"[]","[]","[]","[]","[]","[]","[]","[]","[]","[]",0,"[281.933]",9242.27,"[12046.2,5398.46]","[]","[28882.8]","[]"
126,284500,13596909,361105,8429.94,8579.63,1.65196e+11,1.08735,1,1.00016,1,1,0.988142,1.00626,1,0,1,0,1,"[0]","[1]","[115080]","[-1.51341]","[-1.78532]","[274026]","[-0.0718079]","[-1]","[13]","[1]","[0]","[-161.625]","[-0.0144997]","[2.07374]",205120,-1.95655,1,"[313709]","[-0.836515]","[1.28637]","[430527]","[0.987756]","[4]","[0]","[-0.157612]",0,"[]","[]","[]","[]","[]","[]","[]","[]","[]","[]",1,"[339583]","[-0.814616]","[1.28395]","[459322]","[25254.4]","[0]","[2.43495]","[0.445401]",0,"[]","[]","[]","[]","[]","[]","[]","[]","[]","[]",0,"[4134.5]",350.516,"[3031.17]","[]","[28918.1]","[]"
127,284500,13598268,361105,8437.3,8579.63,1.65196e+11,1.08735,1,0.997036,1,1,0.997124,1.00043,1,0,1,0,1,"[0]","[1]","[376111]","[1.19232]","[1.96539]","[676671]","[0.0211258]","[-1]","[13]","[1]","[0]","[-412.972]","[0.0125992]","[2.2867]",37152.7,2.01337,3,"[362368,23063.5,21489.8]","[-0.00154466,-1.41911,-0.916683]","[-1.15221,-1.14178,-1.61028]","[363993,50571.8,31634.1]","[0.989915,0.994162,0.984731]","[0,0,0]","[0,0,0]","[-0.514742,-0.849344,-0.720339]",0,"[]","[]","[]","[]","[]","[]","[]","[]","[]","[]",1,"[371044]","[0.0231865]","[-1.15602]","[373962]","[45824.7]","[0]","[2.68309]","[0.725692]",0,"[]","[]","[]","[]","[]","[]","[]","[]","[]","[]",0,"[24162.8]",11573.3,"[4602.91,3206.1,1615.63]","[]","[6397.03]","[]"
128,284500,13827585,361105,8438.65,8579.63,1.65196e+11,1.55465,0.97361,1,1,1,0.999445,0.98448,1,1,0,0,1,"[0]","[1]","[45697.1]","[-0.116171]","[2.17738]","[46005.8]","[0.0323157]","[-1]","[11]","[1]","[0]","[-620.632]","[0.00358851]","[0.30413]",226671,2.07727,1,"[275128]","[-0.852401]","[-1.02625]","[381505]","[1]","[0]","[0]","[-0.80294]",0,"[]","[]","[]","[]","[]","[]","[]","[]","[]","[]",1,"[278281]","[-0.855798]","[-1.02806]","[386682]","[9724.65]","[0]","[6.58668]","[0.343469]",0,"[]","[]","[]","[]","[]","[]","[]","[]","[]","[]",0,"[178.879]",10245,"[10740.4]","[]","[19117.3]","[]"
129,284500,13610940,361105,8434.54,8579.63,1.65196e+11,1.26459,1,0.997255,1,1,0.999235,0.880457,1,0,1,0,1,"[0]","[1]","[63156.8]","[-0.593765]","[-1.86611]","[74621]","[0.0340042]","[-1]","[13]","[1]","[0]","[-189.248]","[0.0547319]","[9.19053]",153771,-2.64251,2,"[217268,71010]","[-1.17666,-1.11029]","[0.649651,0.202155]","[386415,119540]","[0.995069,0.511223]","[0,0]","[0,0]","[-0.872364,-0.983883]",0,"[]","[]","[]","[]","[]","[]","[]","[]","[]","[]",1,"[278329]","[-1.19803]","[0.558556]","[504846]","[41586.6]","[0]","[1.39648]","[0.756288]",0,"[]","[]","[]","[]","[]","[]","[]","[]","[]","[]",0,"[598.716]",13784.3,"[11126.1,4420.8]","[]","[17774.9]","[]"
130,284500,13629341,361105,8435.22,8579.63,1.65196e+11,1.55465,1,0.994458,1,1,0.99886,0.964895,1,0,1,0,1,"[0]","[1]","[150415]","[-0.412676]","[-0.775883]","[163406]","[0.0140524]","[-1]","[13]","[1]","[0]","[-404.04]","[-0.00532834]","[1.168]",125885,-0.626484,2,"[339018,88303.3]","[1.49007,-0.415425]","[2.57052,-0.199478]","[790681,96541.7]","[0.999398,0.978642]","[0,0]","[0,0]","[-0.774073,-0.880617]",0,"[]","[]","[]","[]","[]","[]","[]","[]","[]","[]",1,"[334659]","[1.48786]","[2.56381]","[778838]","[16580.2]","[0]","[2.52493]","[0.771018]",0,"[]","[]","[]","[]","[]","[]","[]","[]","[]","[]",0,"[5052.37]",15539,"[7191.32,3522.39]","[]","[14075.2]","[]"
131,284500,13650338,361105,8425.92,8579.63,1.65196e+11,1.55465,1,0.993018,1,1,0.999432,0.906811,1,0,1,0,1,"[0]","[1]","[126169]","[0.283558]","[1.88289]","[131276]","[0.0753784]","[-1]","[13]","[1]","[0]","[-322.643]","[0.141506]","[28.5333]",173940,1.85873,1,"[299275]","[-0.335367]","[-1.27296]","[317848]","[0.998221]","[0]","[0]","[-0.740675]",0,"[]","[]","[]","[]","[]","[]","[]","[]","[]","[]",1,"[292164]","[-0.303439]","[-1.29211]","[307779]","[35555.2]","[0]","[1.69088]","[0.532931]",0,"[]","[]","[]","[]","[]","[]","[]","[]","[]","[]",0,"[4037.83]",9508.14,"[10048.2]","[]","[10153.2]","[]"
132,284500,13847505,361105,8434.03,8579.63,1.65196e+11,0.934886,1,0.995711,1,1,0.997112,0.967804,1,0,1,0,1,"[0]","[1]","[45871.6]","[-2.06686]","[-1.36806]","[184096]","[-0.115479]","[-1]","[13]","[1]","[0]","[1383.22]","[0.0256301]","[2.99371]",209014,-1.22546,4,"[288331,55039.8,29213.5,23881]","[-1.11217,-1.84757,-1.90404,-0.705723]","[1.90612,-0.998304,2.08418,-1.18156]","[486248,179106,100287,30297.6]","[0.992813,0.991216,0.733367,0.949758]","[0,0,0,0]","[0,0,0,0]","[-0.899691,-0.42036,-0.833282,-0.463182]",0,"[]","[]","[]","[]","[]","[]","[]","[]","[]","[]",1,"[321372]","[-1.2051]","[1.91851]","[587045]","[55937.6]","[0]","[1.50378]","[0.558206]",0,"[]","[]","[]","[]","[]","[]","[]","[]","[]","[]",0,"[1614.89]",16774.3,"[6309.33,5864.96,2467.1,1772.19]","[]","[27529.7]","[]"
133,284500,13958348,361105,8433.78,8579.63,1.65196e+11,0.934886,0.96615,1,1,1,0.999044,0.98962,1,1,0,0,1,"[0]","[1]","[72753.5]","[1.28204]","[0.283445]","[141194]","[-0.260887]","[-1]","[11]","[1]","[1812.47]","[20.0033]","[0.0819899]","[5.65509]",220096,0.100849,1,"[294033]","[1.54191]","[-2.88388]","[719586]","[0.996191]","[0]","[0]","[-0.455665]",0,"[]","[]","[]","[]","[]","[]","[]","[]","[]","[]",1,"[294305]","[1.51892]","[-2.87585]","[705184]","[35116.3]","[0]","[1.59452]","[0.585439]",0,"[]","[]","[]","[]","[]","[]","[]","[]","[]","[]",0,"[289.977]",34091.2,"[15495.8]","[]","[4750.38]","[]"
134,284500,14605398,361105,8428.9,8579.63,1.65196e+11,1.08735,1,0.992404,1,1,0.9964,0.964703,1,0,1,0,1,"[0]","[1]","[132677]","[0.112159]","[0.528652]","[133513]","[-0.0449524]","[-1]","[13]","[1]","[0]","[-650.957]","[0.00834325]","[1.67364]",127838,0.0793804,3,"[59623.7,26732.2,20489.9]","[2.2208,-1.22364,-1.72832]","[0.614195,2.27439,3.09667]","[278086,49624.9,59661.8]","[1,0.936433,0.640102]","[0,0,0]","[0,0,0]","[-0.862901,-0.627039,-0.873783]",0,"[]","[]","[]","[]","[]","[]","[]","[]","[]","[]",1,"[276144]","[0.643198]","[-2.62035]","[335659]","[16334.5]","[0]","[5.04746]","[0.567125]",0,"[]","[]","[]","[]","[]","[]","[]","[]","[]","[]",0,"[2559.48]",14007.6,"[5097.23,4255.62,1113.53]","[]","[1153.66]","[]"
135,284500,8677936,361105,8433.48,8579.63,1.65196e+11,0.402058,1,0.989708,1,1,0.999327,1.00736,1,0,1,0,1,"[0]","[1]","[109308]","[-1.34978]","[1.54384]","[224949]","[-0.0422516]","[-1]","[13]","[1]","[0]","[90.5044]","[-0.0613986]","[10.3024]",69256,1.04913,2,"[261775,119569]","[-0.0129018,-2.0454]","[-2.17352,0.477346]","[261863,470177]","[0.990994,0.988642]","[0,0]","[0,0]","[0.544437,-0.149131]",0,"[]","[]","[]","[]","[]","[]","[]","[]","[]","[]",1,"[271426]","[-0.0574676]","[-2.17294]","[271972]","[7310.02]","[0]","[1.23382]","[-1]",0,"[]","[]","[]","[]","[]","[]","[]","[]","[]","[]",0,"[8881.68]",3221.93,"[5615.31,3526.85]","[]","[12257.7]","[]"
136,284500,10356226,361105,8434.03,8579.63,1.65196e+11,1.26459,1,1.00049,1,1,0.997453,0.978935,1,0,1,0,1,"[0]","[1]","[77325.6]","[-0.944066]","[2.34741]","[114421]","[0.0237885]","[-1]","[13]","[1]","[0]","[4340.38]","[0.00840154]","[1.73029]",325064,2.18026,5,"[428478,47655,39248.8,35485.6,23276.9]","[0.581465,1.42992,0.675114,0.912022,0.0381488]","[-0.825537,-1.90524,2.64602,-0.520796,2.61882]","[503442,105605,49197,51469.5,23487.1]","[1,0.996995,0.997699,0.847342,0.984794]","[0,0,0,0,0]","[0,0,0,0,0]","[0.778539,-0.462102,-0.881053,-0.695569,-0.918819]",0,"[]","[]","[]","[]","[]","[]","[]","[]","[]","[]",1,"[433214]","[0.646804]","[-0.799426]","[529383]","[49799.5]","[0]","[0.249252]","[0.542809]",0,"[]","[]","[]","[]","[]","[]","[]","[]","[]","[]",0,"[517.378]",1903.56,"[4570.73,2954.18,3507.3,5029.82,1667.18]","[]","[13414.3]","[]"
137,284500,10338348,361105,8435.21,8579.63,1.65196e+11,1.74563,0.98089,1,1,1,0.999391,0.99866,1,1,0,0,1,"[0]","[1]","[227382]","[-0.872598]","[1.02179]","[319584]","[-0.0116997]","[-1]","[11]","[1]","[0]","[1499.51]","[-0.00869487]","[0.727248]",107638,0.586606,2,"[258619,115519]","[-0.185017,-1.57442]","[-1.91086,-3.09241]","[263398,291553]","[0.997949,0.990313]","[0,0]","[0,0]","[-0.737605,-0.934439]",0,"[]","[]","[]","[]","[]","[]","[]","[]","[]","[]",1,"[278605]","[-0.203372]","[-1.91093]","[284909]","[17248.4]","[0]","[1.85443]","[0.478522]",0,"[]","[]","[]","[]","[]","[]","[]","[]","[]","[]",0,"[2543.97]",1.34375,"[3262.36,3085.77]","[]","[7813.25]","[]"
138,284500,14236308,361105,8431.41,8579.63,1.65196e+11,0.596562,1,0.991885,1,1,0.996943,0.893165,1,0,1,0,1,"[0]","[1]","[53510.1]","[0.901276]","[0.496501]","[76754.9]","[-0.110844]","[-1]","[13]","[1]","[0]","[-236.493]","[0.0111066]","[1.60268]",253193,0.504099,3,"[280786,22937.7,20007.6]","[1.71565,-0.970622,2.4877]","[-2.79918,-0.671889,-2.41238]","[806766,34861.7,121240]","[0.96239,0.987774,0.985628]","[0,0,0]","[0,0,0]","[-0.778512,0.388177,-0.465921]",0,"[]","[]","[]","[]","[]","[]","[]","[]","[]","[]",1,"[281163]","[1.70617]","[-2.79778]","[800813]","[39753.5]","[0]","[1.06944]","[0.726925]",0,"[]","[]","[]","[]","[]","[]","[]","[]","[]","[]",0,"[94.0972]",14429.9,"[17472.6,4312.05,2843.61]","[]","[578.188]","[]"
139,284500,13369901,361105,8438.52,8579.63,1.65196e+11,0.619412,1,0.993171,1,1,0.997713,0.750637,1,0,1,0,1,"[0]","[1]","[103694]","[0.628462]","[2.09125]","[124855]","[-0.0088501]","[-1]","[13]","[1]","[0]","[1872.01]","[0.0117375]","[1.94959]",424923,2.0072,1,"[527535]","[-1.28092]","[-1.11952]","[1.02352e+06]","[0.993636]","[0]","[0]","[-0.927033]",0,"[]","[]","[]","[]","[]","[]","[]","[]","[]","[]",1,"[555821]","[-1.26919]","[-1.11949]","[1.06783e+06]","[44549]","[0]","[3.01072]","[0.834865]",0,"[]","[]","[]","[]","[]","[]","[]","[]","[]","[]",0,"[2216.94]",9702.5,"[11912.5]","[]","[7909.62]","[]"
140,284500,15199355,361105,8433.45,8579.63,1.65196e+11,0.402058,0.9655,1,1,1,0.995105,1.00324,1,1,0,0,1,"[0]","[1]","[34068.9]","[0.509922]","[-1.67195]","[38595]","[0.0623798]","[-1]","[11]","[1]","[0]","[-235.887]","[0.0187567]","[1.44254]",207208,-2.13933,5,"[264428,28663.2,25690.1,23319.1,20438]","[1.59526,1.8421,1.31799,0.803283,-0.561353]","[1.10573,2.77874,-0.707298,-0.471564,3.10389]","[679035,92896.6,51587.4,31583.2,23869.3]","[0.998899,0.987581,0.779809,1,0.941273]","[0,0,0,0,0]","[0,0,0,0,0]","[-0.898604,-0.648711,-0.874038,-0.612935,-0.825693]",0,"[]","[]","[]","[]","[]","[]","[]","[]","[]","[]",1,"[264953]","[1.59003]","[1.10878]","[677156]","[25763.3]","[0]","[1.57743]","[0.71643]",0,"[]","[]","[]","[]","[]","[]","[]","[]","[]","[]",0,"[22.3015]",15553.7,"[10642,3457.54,1943.15,2619.71,1163.03]","[]","[12972.4]","[]"
141,284500,15237357,361105,8435.52,8579.63,1.65196e+11,1.55465,0.97994,1,1,1,0.999381,1.00632,1,1,0,0,1,"[0]","[1]","[165493]","[0.345827]","[-0.0451052]","[175488]","[-0.031249]","[-1]","[11]","[1]","[0]","[1697.76]","[0.0208627]","[3.01694]",91324,0.654169,1,"[239749]","[0.369304]","[-2.97943]","[257561]","[0.999791]","[0]","[0]","[-0.615434]",0,"[]","[]","[]","[]","[]","[]","[]","[]","[]","[]",1,"[251165]","[0.376418]","[-2.98693]","[269848]","[19123.7]","[0]","[1.79416]","[0.774101]",0,"[]","[]","[]","[]","[]","[]","[]","[]","[]","[]",0,"[1078.53]",3926.05,"[5291.88]","[]","[0]","[]"
142,284500,15236476,361105,8434.96,8579.63,1.65196e+11,0,0.99242,1,1,1,0.999214,0.99765,1,1,0,0,1,"[0]","[1]","[156126]","[0.792132]","[-0.327144]","[207724]","[-0.0233955]","[-1]","[11]","[1]","[0]","[-540.584]","[-0.0338063]","[4.49832]",202627,-0.594422,1,"[327222]","[1.12156]","[2.78029]","[555796]","[0.938424]","[0]","[0]","[-0.257242]",0,"[]","[]","[]","[]","[]","[]","[]","[]","[]","[]",1,"[384020]","[1.10825]","[2.77603]","[645433]","[23639.8]","[0]","[5.57875]","[0.468435]",0,"[]","[]","[]","[]","[]","[]","[]","[]","[]","[]",0,"[1191.37]",23955.2,"[5476.89]","[]","[1334.78]","[]"
143,284500,13002911,361105,8429.7,8579.63,1.65196e+11,0,0.97553,1,1,1,0.997188,1.01265,1,1,0,0,1,"[0]","[1]","[101688]","[1.78647]","[2.55852]","[311974]","[-0.0860424]","[-1]","[11]","[1]","[0]","[1200.62]","[0.0301762]","[1.78873]",182599,2.4021,5,"[342349,100928,70460.2,39738.8,20341.3]","[0.469651,0.593303,-2.03911,1.08022,2.4338]","[-1.03503,0.572208,2.20896,1.07333,-2.75125]","[381732,119993,275332,65691.4,116975]","[0.998383,0.998019,0.994086,1,0]","[0,0,0,0,0]","[0,0,0,0,0]","[-0.906584,-0.593363,-0.812634,-0.7852,-0.983062]",0,"[]","[]","[]","[]","[]","[]","[]","[]","[]","[]",1,"[379661]","[0.473874]","[-1.03853]","[423687]","[22426.9]","[0]","[2.66102]","[0.701877]",0,"[]","[]","[]","[]","[]","[]","[]","[]","[]","[]",0,"[1013.06]",6879.72,"[5387.63,9821.53,6702.18,6966.24,4558.94]","[]","[37452.4]","[]"
144,284500,13746927,361105,8435.13,8579.63,1.65196e+11,1.08735,0.97062,1,1,1,0.998541,0.98871,1,1,0,0,1,"[0]","[1]","[62260.6]","[-0.609308]","[-1.71802]","[74180]","[-0.0146809]","[-1]","[11]","[1]","[0]","[-651.732]","[0.0115075]","[1.71132]",444209,-1.60108,3,"[235974,141206,46307.2]","[1.33728,-0.331666,-0.166267]","[1.47007,0.985449,2.38761]","[481146,149721,47758.9]","[0.99,1,0.995773]","[0,0,0]","[0,0,0]","[-0.81443,-0.00391548,-0.771661]",0,"[]","[]","[]","[]","[]","[]","[]","[]","[]","[]",1,"[281952]","[1.24899]","[1.61012]","[536107]","[66311]","[0]","[0.869961]","[0.639075]",0,"[]","[]","[]","[]","[]","[]","[]","[]","[]","[]",0,"[357.248]",1003.44,"[3726.62,3149.06,3335.6]","[]","[4538.34]","[]"
145,284500,14377168,361105,8437.74,8579.63,1.65196e+11,1.08735,1,0.998865,1,1,0.998824,0.99823,1,0,1,0,1,"[0]","[1]","[43465.4]","[0.983155]","[2.92499]","[66219.8]","[0.0595856]","[-1]","[13]","[1]","[0]","[568.946]","[0.00941218]","[1.13858]",102266,-2.77817,2,"[282770,148216]","[0.66292,1.06423]","[0.410536,-2.53847]","[347560,240552]","[0.992851,0.99755]","[0,0]","[0,0]","[-0.827482,-0.769899]",0,"[]","[]","[]","[]","[]","[]","[]","[]","[]","[]",1,"[279411]","[0.696905]","[0.406391]","[350287]","[12793.9]","[0]","[2.66505]","[0.631303]",0,"[]","[]","[]","[]","[]","[]","[]","[]","[]","[]",0,"[145.02]",2261.67,"[3933.67,2412.76]","[]","[5613.81]","[]"
146,284500,14097575,361105,8432.59,8579.63,1.65196e+11,0.351687,0.99093,1,1,1,0.986742,1.00306,1,1,0,0,1,"[0]","[1]","[94869.8]","[0.963399]","[-1.01843]","[142408]","[0.00588226]","[-1]","[11]","[1]","[0]","[3251.68]","[-0.019795]","[2.15099]",210658,-0.962606,2,"[321494,24936.3]","[0.988021,2.41865]","[2.19388,-0.65329]","[491887,141148]","[1,0.0643343]","[4,0]","[0,0]","[0.458719,-0.663794]",0,"[]","[]","[]","[]","[]","[]","[]","[]","[]","[]",1,"[314209]","[1.00933]","[2.19473]","[488425]","[10277]","[0]","[3.2273]","[0.29879]",0,"[]","[]","[]","[]","[]","[]","[]","[]","[]","[]",0,"[655.072]",2064.64,"[3606.99,1947.48]","[]","[6272.19]","[]"
147,284500,13675101,361105,8434.71,8579.63,1.65196e+11,0.506784,0.97166,1,1,1,1.10639,1.0005,1,1,0,0,1,"[0]","[1]","[81206.9]","[2.09004]","[-0.731955]","[333309]","[-0.400017]","[-1]","[11]","[1]","[0]","[-153.849]","[0.0780113]","[1.45392]",164726,-0.966765,4,"[169925,125900,47878.1,39467.4]","[1.72932,1.63766,0.177972,1.04178]","[1.9687,2.66685,0.199173,-2.114]","[494276,336507,48988.4,63293.7]","[0.995523,0.996288,0.99,0.998226]","[4,0,0,0]","[0,0,0,0]","[0.948026,-0.779508,-0.720902,-0.924311]",0,"[]","[]","[]","[]","[]","[]","[]","[]","[]","[]",1,"[259102]","[1.77538]","[2.29152]","[794737]","[113269]","[0]","[0.917705]","[0.75925]",0,"[]","[]","[]","[]","[]","[]","[]","[]","[]","[]",0,"[599.511]",5490.39,"[2847.98,5999.68,3006.38,2125.82]","[]","[2426.19]","[]"
148,284500,13684057,361105,8441.55,8579.63,1.65196e+11,1.74563,0.95098,1,1,1,0.996877,0.94612,1,1,0,0,1,"[0]","[1]","[29692.4]","[0.710694]","[-1.77518]","[37511.9]","[-0.192783]","[-1]","[11]","[1]","[0]","[162.031]","[-0.0549623]","[3.62541]",360929,-1.64486,7,"[293300,190610,36092.9,32931.1,26228.6,25942.2,22373.1]","[-0.0938425,-0.569577,0.835886,0.319088,-0.0150729,-0.304818,-0.299936]","[1.0595,2.68438,2.37684,0.854082,2.67333,0.135289,0.601285]","[299027,223524,49796.3,35066,26574.8,27416.8,23710.5]","[1,0.99667,0.994962,0.992981,1,0.980083,0.833451]","[0,0,0,0,0,0,0]","[0,0,0,0,0,0,0]","[-0.794694,0.239042,-0.602154,-0.596022,-0.767808,-0.64249,-0.730885]",0,"[]","[]","[]","[]","[]","[]","[]","[]","[]","[]",1,"[308393]","[-0.0793531]","[1.05937]","[315600]","[62429.8]","[0]","[1.37403]","[0.564263]",0,"[]","[]","[]","[]","[]","[]","[]","[]","[]","[]",0,"[44.1201]",21767.2,"[19523.9,3640.62,5574.07,3418.86,3202.33,2244.72,2126.81]","[]","[11026.9]","[]"
149,284500,14399917,361105,8434.55,8579.63,1.65196e+11,1.24168,0.97553,1,1,1,0.998453,1.01265,1,1,0,0,1,"[0]","[1]","[116482]","[1.71526]","[-2.07817]","[334188]","[-0.0344639]","[1]","[11]","[1]","[0]","[762.96]","[-0.0759962]","[4.05436]",59864.4,-2.56484,2,"[273702,128968]","[1.54982,0.0665124]","[1.29867,-1.35002]","[673938,130654]","[0.99915,1]","[0,0]","[0,0]","[-0.955664,-0.919543]",0,"[]","[]","[]","[]","[]","[]","[]","[]","[]","[]",1,"[278089]","[1.54434]","[1.29879]","[681186]","[11698.8]","[0]","[2.36556]","[0.239297]",0,"[]","[]","[]","[]","[]","[]","[]","[]","[]","[]",0,"[1479.48]",12.2305,"[4449.17,3360.14]","[]","[2643.22]","[]"
150,284500,14670899,361105,8429.95,8579.63,1.65196e+11,0.934886,0.98089,1,1,1,0.998838,0.99866,1,1,0,0,1,"[0]","[1]","[180524]","[-1.09309]","[-0.80998]","[299548]","[0.0495224]","[-1]","[11]","[1]","[0]","[477.114]","[-0.00342585]","[0.423857]",55909.1,-0.493703,3,"[269116,83019.1,28601.7]","[-1.22233,-1.47506,-1.03693]","[1.46128,-2.48758,-1.35288]","[497093,191303,45741.8]","[0.995237,0.948982,0.986514]","[0,0,0]","[0,0,0]","[-0.859636,-0.924458,0.442812]",0,"[]","[]","[]","[]","[]","[]","[]","[]","[]","[]",1,"[277521]","[-1.19994]","[1.46401]","[502775]","[17479.4]","[0]","[1.95693]","[0.699063]",0,"[]","[]","[]","[]","[]","[]","[]","[]","[]","[]",0,"[2135.89]",7918.45,"[7589.4,8522.28,5978.52]","[]","[3678.12]","[]"
151,284500,14688742,361105,8431.98,8579.63,1.65196e+11,0.506784,0.97446,1,1,1,0.997647,0.98483,1,1,0,0,1,"[0]","[1]","[57986.6]","[-0.257018]","[1.07432]","[59912.4]","[0.0956573]","[-1]","[11]","[1]","[0]","[2765.7]","[0.0170325]","[1.31721]",213711,0.817454,2,"[269318,23873.9]","[-0.36444,1.90805]","[-2.34132,-1.18722]","[288796,82303.3]","[0.993507,0.974839]","[0,0]","[0,0]","[-0.836588,-0.778292]",0,"[]","[]","[]","[]","[]","[]","[]","[]","[]","[]",1,"[254807]","[-0.326921]","[-2.34156]","[269780]","[25782]","[0]","[1.38055]","[0.35893]",0,"[]","[]","[]","[]","[]","[]","[]","[]","[]","[]",0,"[64.7167]",4422.33,"[6272.94,5328.47]","[]","[0]","[]"
152,284500,14622916,361105,8428.96,8579.63,1.65196e+11,0.402058,0.98697,1,1,1,0.985511,1.00582,1,1,0,0,1,"[0]","[1]","[154043]","[-0.370774]","[-2.7599]","[164753]","[-0.0112839]","[-1]","[11]","[1]","[0]","[27.7008]","[0.00283776]","[0.497941]",289608,-2.90698,1,"[445299]","[-0.165001]","[0.292897]","[453023]","[1]","[4]","[0]","[-0.86331]",0,"[]","[]","[]","[]","[]","[]","[]","[]","[]","[]",1,"[444167]","[-0.142738]","[0.294919]","[450897]","[44465.6]","[0]","[1.85827]","[0.684738]",0,"[]","[]","[]","[]","[]","[]","[]","[]","[]","[]",0,"[659.14]",8053.59,"[9167.57]","[]","[19392.9]","[]"
153,284500,15124500,361105,8433.41,8579.63,1.65196e+11,0.402058,1,0.995702,1,1,0.999114,0.999422,1,0,1,0,1,"[0]","[1]","[56005.3]","[-0.972399]","[2.22438]","[84636.8]","[0.0921898]","[-1]","[13]","[1]","[1141.92]","[-276.953]","[-0.00888845]","[1.2332]",240058,2.71329,2,"[312340,34289.2]","[0.0273402,-0.245419]","[-0.448202,1.54395]","[312696,35955.4]","[0.999354,0.998699]","[0,0]","[0,0]","[-0.935814,-0.758919]",0,"[]","[]","[]","[]","[]","[]","[]","[]","[]","[]",1,"[298056]","[0.0527693]","[-0.446979]","[298793]","[13853.1]","[0]","[3.96975]","[0.258802]",0,"[]","[]","[]","[]","[]","[]","[]","[]","[]","[]",0,"[256.536]",3961.45,"[3370.57,1905.22]","[]","[4714.25]","[]"
154,284500,10347672,361105,8436.59,8579.63,1.65196e+11,1.08735,0.96126,1,1,1,0.997462,0.96978,1,1,0,0,1,"[0]","[1]","[29066.5]","[0.473101]","[-0.339924]","[32380.6]","[-0.00521088]","[-1]","[11]","[1]","[0]","[1181.05]","[0.181008]","[21.6641]",184110,-0.167789,3,"[264486,161644,38348.1]","[1.7506,1.96946,-1.73801]","[-2.81656,1.45912,-0.803863]","[784546,591046,112501]","[1,0.99,0.990648]","[0,0,0]","[0,0,0]","[-0.86867,-0.938393,-0.592773]",0,"[]","[]","[]","[]","[]","[]","[]","[]","[]","[]",1,"[256235]","[1.76922]","[-2.81931]","[773470]","[9487.58]","[0]","[2.83709]","[0.526017]",0,"[]","[]","[]","[]","[]","[]","[]","[]","[]","[]",0,"[178.314]",6145.05,"[6677,3933.62,2782.32]","[]","[0]","[]"
155,284500,14703089,361105,8432.55,8579.63,1.65196e+11,0.934886,1,0.999929,1,1,0.999152,0.863802,1,0,1,0,1,"[0]","[1]","[81490.1]","[0.790485]","[-2.34239]","[108304]","[0.067009]","[-1]","[13]","[1]","[0]","[1560.03]","[0.0312198]","[4.32962]",210388,-2.00411,1,"[288569]","[1.32992]","[1.02941]","[583874]","[0.982934]","[0]","[0]","[-0.897576]",0,"[]","[]","[]","[]","[]","[]","[]","[]","[]","[]",1,"[272779]","[1.34492]","[1.03233]","[559140]","[13224.2]","[0]","[2.05681]","[0.575588]",0,"[]","[]","[]","[]","[]","[]","[]","[]","[]","[]",0,"[1468.1]",992.188,"[4244.07]","[]","[3618.94]","[]"
156,284500,14722261,361105,8434.52,8579.63,1.65196e+11,0.596562,1,0.994261,1,1,0.999435,1.00686,1,0,1,0,1,"[0]","[1]","[81948]","[-0.357676]","[-1.68272]","[87246]","[-0.0878868]","[-1]","[13]","[1]","[0]","[-111.427]","[-0.0256522]","[4.93308]",204743,-1.80751,1,"[299232]","[0.37952]","[1.37705]","[321341]","[0.945841]","[0]","[0]","[-0.819643]",0,"[]","[]","[]","[]","[]","[]","[]","[]","[]","[]",1,"[311729]","[0.383832]","[1.37519]","[335377]","[16402.5]","[0]","[2.29659]","[0.4254]",0,"[]","[]","[]","[]","[]","[]","[]","[]","[]","[]",0,"[4411.41]",1555.25,"[3621.98]","[]","[22304.6]","[]"
157,284500,10078427,361105,8438.03,8579.63,1.65196e+11,1.55465,0.97749,1,1,1,0.986791,1.00021,1,1,0,0,1,"[0]","[1]","[70367.3]","[0.662358]","[2.82503]","[86375.6]","[0.0412827]","[-1]","[11]","[1]","[0]","[-904.655]","[0.127996]","[10.432]",147644,-2.93304,4,"[237870,94701.2,65557.9,28215.4]","[0.810438,-0.314156,-1.28445,1.46339]","[-0.122576,1.86181,-1.64148,0.995391]","[320756,99620.7,128096,64312.4]","[0.995387,1,0.971522,0.892632]","[4,0,0,0]","[0,0,0,0]","[-0.465351,-0.93508,-0.958061,-0.928514]",0,"[]","[]","[]","[]","[]","[]","[]","[]","[]","[]",1,"[253933]","[0.76673]","[-0.121432]","[332484]","[11017.8]","[0]","[3.33394]","[0.500906]",0,"[]","[]","[]","[]","[]","[]","[]","[]","[]","[]",0,"[327.287]",2395.09,"[3730.07,3132.31,4165.09,1793.53]","[]","[22564.7]","[]"
158,284500,14699960,361105,8436.98,8579.63,1.65196e+11,0.596562,1,0.98783,1,1,0.998505,0.976321,1,0,1,0,1,"[0]","[1]","[75429.6]","[-1.74467]","[-0.755985]","[222469]","[0.0558195]","[-1]","[13]","[1]","[0]","[479.779]","[-0.0241929]","[3.21851]",158870,-1.10127,2,"[312554,184641]","[-1.17658,-0.115335]","[1.55136,-2.45068]","[555395,187315]","[1,0.996664]","[0,0]","[0,0]","[-0.744238,-0.383325]",0,"[]","[]","[]","[]","[]","[]","[]","[]","[]","[]",1,"[329592]","[-1.18238]","[1.54922]","[588199]","[10500.9]","[0]","[1.35163]","[0.250352]",0,"[]","[]","[]","[]","[]","[]","[]","[]","[]","[]",0,"[2851.19]",1611.52,"[5386.74,7232.22]","[]","[18590.9]","[]"
159,284500,14747018,361105,8429.37,8579.63,1.65196e+11,0.402058,1,0.999196,1,1,0.999124,1.01476,1,0,1,0,1,"[0]","[1]","[69813.3]","[1.18764]","[0.514812]","[125115]","[0.0836468]","[-1]","[13]","[1]","[0]","[-262.524]","[-0.00573112]","[0.909781]",273660,0.809453,1,"[338198]","[-1.08235]","[-2.37188]","[557008]","[1]","[0]","[0]","[-0.963353]",0,"[]","[]","[]","[]","[]","[]","[]","[]","[]","[]",1,"[362003]","[-1.07942]","[-2.37336]","[594667]","[23989.1]","[0]","[2.76672]","[0.650488]",0,"[]","[]","[]","[]","[]","[]","[]","[]","[]","[]",0,"[1715.8]",1009.28,"[4296.87]","[]","[21577.1]","[]"
160,284500,14764235,361105,8429.49,8579.63,1.65196e+11,0.934886,0.96654,1,1,1,0.987981,0.9995,1,1,0,0,1,"[0]","[1]","[73783.9]","[2.20473]","[1.04317]","[338597]","[0.00178051]","[-1]","[11]","[1]","[0]","[-246.677]","[-0.0231678]","[2.16976]",89975.1,1.02247,3,"[251039,124907,38232.3]","[1.40973,-1.07713,2.118]","[-2.39683,0.35242,-2.45462]","[546117,204789,161335]","[0.997257,0.579986,0.995817]","[4,0,0]","[0,0,0]","[-0.0835975,-0.925622,-0.773363]",0,"[]","[]","[]","[]","[]","[]","[]","[]","[]","[]",1,"[284029]","[1.49765]","[-2.40455]","[670836]","[74076.5]","[0]","[1.69658]","[0.775697]",0,"[]","[]","[]","[]","[]","[]","[]","[]","[]","[]",0,"[528.656]",6861.6,"[6133.85,3179.93,2179.56]","[]","[2322.69]","[]"
161,284500,14773025,361105,8431.61,8579.63,1.65196e+11,1.08735,1,1.00078,1,1,0.998826,1.002,1,0,1,0,1,"[0]","[1]","[113575]","[-1.19014]","[-0.236978]","[203966]","[0.0542679]","[-1]","[13]","[1]","[0]","[-383.949]","[-0.0108376]","[1.68521]",75102.9,-0.338773,2,"[267658,133988]","[-0.147672,-0.0995545]","[-2.89508,0.995976]","[271244,134891]","[0.991166,0.992904]","[0,0]","[0,0]","[-0.958761,-0.841997]",0,"[]","[]","[]","[]","[]","[]","[]","[]","[]","[]",1,"[268738]","[-0.179004]","[-2.89266]","[274158]","[24571.9]","[0]","[3.0208]","[0.685165]",0,"[]","[]","[]","[]","[]","[]","[]","[]","[]","[]",0,"[380.89]",6120.05,"[8963.63,4566.94]","[]","[23509.8]","[]"
162,284500,15254705,361105,8433.25,8579.63,1.65196e+11,1.08735,0.98536,1,1,1,0.999428,0.9918,1,1,0,0,1,"[0]","[1]","[133241]","[-0.665469]","[-2.92942]","[163849]","[-0.054966]","[-1]","[11]","[1]","[0]","[34.2801]","[-0.011429]","[1.50405]",94707,3.07742,2,"[239142,67070.4]","[-0.373352,0.607266]","[-0.236321,1.77719]","[256426,80403.7]","[1,0.981974]","[0,0]","[0,0]","[-0.911018,-0.914172]",0,"[]","[]","[]","[]","[]","[]","[]","[]","[]","[]",1,"[298618]","[-0.434411]","[-0.188749]","[332341]","[58003.4]","[0]","[2.82805]","[0.439082]",0,"[]","[]","[]","[]","[]","[]","[]","[]","[]","[]",0,"[773.618]",10075.1,"[9706.73,3917.51]","[]","[15043.4]","[]"
163,284500,14769575,361105,8438.39,8579.63,1.65196e+11,1.25133,1,0.998564,1,1,0.998222,1.00045,1,0,1,0,1,"[0]","[1]","[112752]","[-2.3683]","[1.63729]","[607332]","[0.212377]","[-1]","[13]","[1]","[0]","[1359.56]","[-0.0491882]","[5.33812]",190557,1.63422,3,"[318304,171285,65295.9]","[-1.75923,-0.985861,-0.477741]","[-0.732611,-2.57876,2.97938]","[951979,261921,73606.8]","[1,0.995417,0.995726]","[0,0,0]","[0,0,0]","[-0.936245,-0.587192,-0.900559]",0,"[]","[]","[]","[]","[]","[]","[]","[]","[]","[]",1,"[317817]","[-1.76379]","[-0.72982]","[954530]","[16413.2]","[0]","[2.87685]","[0.410976]",0,"[]","[]","[]","[]","[]","[]","[]","[]","[]","[]",0,"[5495.09]",21519.8,"[12896.3,13970.4,5713.73]","[]","[23394.4]","[]"
164,284500,15168406,361105,8434.09,8579.63,1.65196e+11,0,1.00588,1,1,1,0.997138,1.00306,1,1,0,0,1,"[0]","[1]","[192808]","[0.96063]","[-2.55984]","[288826]","[-0.0824947]","[-1]","[11]","[1]","[0]","[3169.1]","[-0.048047]","[6.68084]",60706.9,-2.37591,5,"[320952,101402,61847.5,44077.8,39572.4]","[0.0689996,0.916927,1.75891,-2.05935,1.45256]","[-0.0327527,1.85941,-1.83222,2.66929,2.15082]","[321988,148931,185062,175797,89437.7]","[1,0.969639,0,0.977841,0.99907]","[0,0,0,0,0]","[0,0,0,0,0]","[-0.450422,-0.869123,-0.837147,-0.866231,-0.865167]",0,"[]","[]","[]","[]","[]","[]","[]","[]","[]","[]",1,"[340305]","[0.0652765]","[-0.0322778]","[341271]","[12832.6]","[0]","[2.87733]","[0.127355]",0,"[]","[]","[]","[]","[]","[]","[]","[]","[]","[]",0,"[1779.16]",5942.11,"[4413.02,4981.35,2401.55,3381.74,3302.82]","[]","[13127.1]","[]"
165,284500,15274395,361105,8438.73,8579.63,1.65196e+11,0.596562,1,0.995711,1,1,0.998,0.967804,1,0,1,0,1,"[0]","[1]","[72634.1]","[-2.35618]","[-1.69962]","[386606]","[0.0844803]","[-1]","[13]","[1]","[1912.29]","[-104.536]","[-0.0219793]","[3.41206]",206200,-1.7481,2,"[298074,30011.1]","[-0.702315,2.44755]","[1.41738,-1.14457]","[375398,174817]","[0.999372,0.99]","[0,0]","[0,0]","[-0.719753,-0.642388]",0,"[]","[]","[]","[]","[]","[]","[]","[]","[]","[]",1,"[297872]","[-0.732488]","[1.41441]","[382183]","[24151.5]","[0]","[1.68263]","[0.649283]",0,"[]","[]","[]","[]","[]","[]","[]","[]","[]","[]",0,"[2523.21]",1331.02,"[3342.21,2590.51]","[]","[9762.31]","[]"
166,284500,14772665,361105,8431.2,8579.63,1.65196e+11,0.934886,1,1.00069,1,1,0.997267,0.990311,1,0,1,0,1,"[0]","[1]","[42367.5]","[-0.495323]","[1.54913]","[47672.1]","[-0.025959]","[-1]","[13]","[1]","[0]","[-622.127]","[0.0313199]","[4.33866]",101531,1.37803,3,"[268237,117075,23439.8]","[-0.748341,0.90352,-2.12947]","[-2.12626,0.452635,0.727155]","[347959,169571,100051]","[1,0.991257,1]","[0,0,0]","[0,0,0]","[-0.828763,-0.841681,-0.478749]",0,"[]","[]","[]","[]","[]","[]","[]","[]","[]","[]",1,"[286220]","[-0.769704]","[-2.12244]","[376533]","[30762.7]","[0]","[1.94662]","[0.765222]",0,"[]","[]","[]","[]","[]","[]","[]","[]","[]","[]",0,"[209.993]",7793.05,"[5293.81,2272.68,5296.29]","[]","[7854.25]","[]"
167,284500,15171005,361105,8436.77,8579.63,1.65196e+11,0.402058,0.99093,1,1,1,0.995862,1.00306,1,1,0,0,1,"[0]","[1]","[129047]","[0.955486]","[1.90611]","[192574]","[-0.271581]","[-1]","[11]","[1]","[0]","[-141.208]","[-0.0862861]","[13.2051]",239160,1.87377,4,"[236316,116306,27482.2,23988.6]","[-0.344681,0.0771828,-1.67887,-1.34464]","[-0.940286,-1.39082,-2.22518,-1.7638]","[251275,117124,76393.3,49377.3]","[0.991911,0.995228,0.985166,1]","[0,0,0,0]","[0,0,0,0]","[-0.834255,-0.929975,-0.774149,-0.833498]",0,"[]","[]","[]","[]","[]","[]","[]","[]","[]","[]",1,"[347066]","[-0.203531]","[-1.09537]","[371805]","[112806]","[0]","[0.647872]","[0.783755]",0,"[]","[]","[]","[]","[]","[]","[]","[]","[]","[]",0,"[971.548]",6241.83,"[6293.19,3180.52,1790.63,2131.02]","[]","[2776.28]","[]"
168,284500,13584542,361105,8433.13,8579.63,1.65196e+11,0.934886,1,0.998077,1,1,0.999299,0.836634,1,0,1,0,1,"[0]","[1]","[115404]","[-0.79438]","[-2.13834]","[153772]","[-0.0363922]","[-1]","[13]","[1]","[0]","[-341.513]","[-0.0660179]","[14.816]",213065,-2.26248,1,"[326420]","[-0.669695]","[0.887715]","[402786]","[0.994168]","[0]","[0]","[-0.975375]",0,"[]","[]","[]","[]","[]","[]","[]","[]","[]","[]",1,"[347754]","[-0.62993]","[0.881701]","[419206]","[10982.1]","[0]","[3.60603]","[0.350187]",0,"[]","[]","[]","[]","[]","[]","[]","[]","[]","[]",0,"[4734.89]",5801.11,"[6865.54]","[]","[19566.8]","[]"
169,284500,13583455,361105,8434.19,8579.63,1.65196e+11,1.08735,1,0.999887,1,1,0.999208,0.961158,1,0,1,0,1,"[0]","[1]","[138390]","[-0.863497]","[1.70701]","[193270]","[0.0824289]","[-1]","[13]","[1]","[1179.7]","[545.871]","[-0.0608787]","[12.6513]",209437,1.83609,1,"[343215]","[-0.185093]","[-1.33827]","[350152]","[0.98]","[0]","[0]","[-0.812174]",0,"[]","[]","[]","[]","[]","[]","[]","[]","[]","[]",1,"[340065]","[-0.18074]","[-1.34198]","[347334]","[34318.1]","[0]","[2.32187]","[0.480967]",0,"[]","[]","[]","[]","[]","[]","[]","[]","[]","[]",0,"[1347.1]",4842.44,"[6796.61]","[]","[20932.8]","[]"
170,284500,13416520,361105,8434.34,8579.63,1.65196e+11,1.26205,1,0.999721,1,1,1.02076,1.00547,1,0,1,0,1,"[0]","[1]","[54612.9]","[-1.25983]","[0.838271]","[103997]","[-0.0434313]","[-1]","[13]","[1]","[0]","[-375.721]","[-0.00059804]","[0.0833986]",200566,1.3137,3,"[316402,32750.2,32692.5]","[-0.642814,1.4777,1.39892]","[-1.88237,1.27724,1.82489]","[384669,75861.1,70556]","[0.994018,0.99,0.990504]","[0,5,0]","[0,0,0]","[-0.783324,0.961533,-0.272035]",0,"[]","[]","[]","[]","[]","[]","[]","[]","[]","[]",1,"[314253]","[-0.643655]","[-1.89042]","[381912]","[14715.4]","[0]","[3.63233]","[0.446869]",0,"[]","[]","[]","[]","[]","[]","[]","[]","[]","[]",0,"[670.025]",1833.67,"[4637.17,1923.19,4662.71]","[]","[25545.2]","[]"
171,284500,13557657,361105,8435.49,8579.63,1.65196e+11,0.402058,1,0.9968,1,1,0.998911,0.969667,1,0,1,0,1,"[0]","[1]","[115636]","[-0.642025]","[1.61498]","[140298]","[0.0219688]","[-1]","[13]","[1]","[0]","[-420.291]","[-0.0139581]","[1.89019]",166510,2.05405,1,"[265845]","[-1.84783]","[-1.24489]","[864868]","[0.99]","[0]","[0]","[0.610501]",0,"[]","[]","[]","[]","[]","[]","[]","[]","[]","[]",1,"[271177]","[-1.83708]","[-1.24249]","[873092]","[20866.1]","[0]","[1.94032]","[0.660361]",0,"[]","[]","[]","[]","[]","[]","[]","[]","[]","[]",0,"[2068.62]",874.406,"[4412.5]","[]","[9492.5]","[]"
172,284500,13163250,361105,8438.11,8579.63,1.65196e+11,0.402058,1,0.995734,1,1,1.16155,0.960866,1,0,1,0,1,"[0]","[1]","[47724.6]","[-2.02819]","[-1.36438]","[184501]","[-0.0113349]","[-1]","[13]","[1]","[0]","[-165.162]","[-0.0271493]","[2.79573]",137954,-1.64474,3,"[242453,55902.7,31181.9]","[0.557009,2.16664,-0.346055]","[1.58981,-2.11515,-0.263239]","[281333,247245,33199.3]","[0.990492,0.980218,0.994246]","[0,0,0]","[0,0,0]","[0.839606,-0.673164,-0.758373]",0,"[]","[]","[]","[]","[]","[]","[]","[]","[]","[]",1,"[261646]","[0.562188]","[1.59151]","[304370]","[12948.7]","[0]","[3.4082]","[0.547617]",0,"[]","[]","[]","[]","[]","[]","[]","[]","[]","[]",0,"[1343.64]",668.656,"[2735.22,2401.61,2691.59]","[]","[18069]","[]"
173,284500,14528883,361105,8436.11,8579.63,1.65196e+11,0.934886,1,0.995833,1,1,0.999337,0.9786,1,0,1,0,1,"[0]","[1]","[264270]","[0.507283]","[-2.34794]","[299009]","[-0.0102921]","[-1]","[13]","[1]","[0]","[-809.605]","[0.0214567]","[4.66886]",130188,-2.81385,3,"[50564.6,30171.6,27780.5]","[0.00680654,0.38686,0.163857]","[0.732289,1.00164,3.1029]","[51175.6,32754.2,28565.5]","[0.995122,1,0.987651]","[0,0,0]","[0,0,0]","[-0.942693,-0.875179,-0.892524]",0,"[]","[]","[]","[]","[]","[]","[]","[]","[]","[]",1,"[314329]","[1.19919]","[0.652013]","[583609]","[130834]","[0]","[0.488951]","[0.478321]",0,"[]","[]","[]","[]","[]","[]","[]","[]","[]","[]",0,"[42358.5]",5100.9,"[2131.17,2300.55,3757.01]","[]","[9125.66]","[]"
174,284500,15037944,361105,8437.56,8579.63,1.65196e+11,1.24168,0.99242,1,1,1,1.10525,0.99765,1,1,0,0,1,"[0]","[1]","[196068]","[0.661181]","[-1.87407]","[240509]","[-0.0304413]","[-1]","[11]","[1]","[0]","[-746.499]","[-0.0344762]","[5.94475]",84599.9,-1.79111,2,"[319498,32506.3]","[0.930423,-2.27313]","[1.46682,2.05879]","[469573,159534]","[0.982197,0.993178]","[4,0]","[0,0]","[0.848543,-0.803368]",0,"[]","[]","[]","[]","[]","[]","[]","[]","[]","[]",1,"[321581]","[0.90307]","[1.47025]","[463456]","[38323.2]","[0]","[1.57085]","[0.598155]",0,"[]","[]","[]","[]","[]","[]","[]","[]","[]","[]",0,"[1205.37]",6051.45,"[3364.19,3231.86]","[]","[6369.28]","[]"
175,284500,14633282,361105,8434.7,8579.63,1.65196e+11,0.596562,0.97994,1,1,1,0.989595,1.00632,1,1,0,0,1,"[0]","[1]","[478280]","[0.415198]","[0.760008]","[520101]","[-0.0320568]","[-1]","[11]","[1]","[0]","[-899.635]","[0.00459258]","[0.53517]",236483,-2.59554,1,"[250913]","[-1.53294]","[-2.18586]","[610359]","[0.993975]","[4]","[0]","[-0.602306]",0,"[]","[]","[]","[]","[]","[]","[]","[]","[]","[]",2,"[493656,251152]","[0.429485,-1.52117]","[0.758674,-2.16492]","[539889,604842]","[0.00478416,55776.8]","[0,0]","[0,1.4006]","[-1,0.82381]",0,"[]","[]","[]","[]","[]","[]","[]","[]","[]","[]",0,"[3000.97]",1515.62,"[3183.69]","[]","[62200.1,13649.9]","[]"
176,284500,14623607,361105,8429.35,8579.63,1.65196e+11,1.55465,1,0.994187,1,1,0.998103,1.027,1,0,1,0,1,"[0]","[1]","[119650]","[0.340894]","[-0.753911]","[126670]","[0.127808]","[-1]","[13]","[1]","[0]","[2580.46]","[0.0297979]","[4.83263]",150943,-1.1308,2,"[276593,30555.6]","[0.926658,1.62946]","[2.30058,0.428938]","[404517,81134.9]","[0.952569,0.977036]","[0,0]","[0,0]","[-0.838093,-0.778539]",0,"[]","[]","[]","[]","[]","[]","[]","[]","[]","[]",1,"[254453]","[0.939618]","[2.30261]","[375723]","[18048.5]","[0]","[2.67346]","[0.613001]",0,"[]","[]","[]","[]","[]","[]","[]","[]","[]","[]",0,"[4061.18]",18179.1,"[19386,1856.87]","[]","[0]","[]"
177,284500,14379560,361105,8438.03,8579.63,1.65196e+11,0.596562,0.96972,1,1,1,0.983551,0.99544,1,1,0,0,1,"[0]","[1]","[156469]","[1.35391]","[1.98505]","[323168]","[0.0445449]","[-1]","[11]","[1]","[0]","[3627.41]","[-0.00148085]","[0.162841]",252062,1.98653,6,"[375944,202282,132775,96445.6,37626.8,23063.8]","[-0.592927,1.91066,-0.876844,1.41868,-2.1709,-1.20839]","[-1.12548,2.25655,-1.50817,-0.887289,0.344852,-2.24728]","[449433,698695,188305,211179,167244,42210.6]","[0.999868,0.999788,0.995611,0.99,0.993019,0.923138]","[0,5,0,5,0,0]","[0,0,0,0,0,0]","[-0.871379,0.979727,-0.965018,0.928571,-0.267462,-0.717524]",0,"[]","[]","[]","[]","[]","[]","[]","[]","[]","[]",2,"[504800,382122]","[-0.692672,1.66947]","[-1.21571,2.09104]","[647707,1.05858e+06]","[146935,131392]","[0,0]","[1.38091,0.814922]","[0.643182,0.467716]",0,"[]","[]","[]","[]","[]","[]","[]","[]","[]","[]",0,"[1726.24]",13288.7,"[4269.54,7389.01,2341.57,5651.45,3554.81,2384.55]","[]","[37518.6,11538]","[]"
178,284500,10327082,361105,8436.09,8579.63,1.65196e+11,1.74563,1,0.998476,1,1,0.999125,0.669586,1,0,1,0,1,"[0]","[1]","[53592.9]","[0.79059]","[0.669526]","[71232.4]","[-0.0158234]","[-1]","[13]","[1]","[0]","[-344.343]","[0.0524112]","[7.41529]",279139,0.621892,2,"[265576,147611]","[-0.442631,-1.75058]","[-2.9713,-1.60779]","[292650,438424]","[0.99,0.990872]","[0,0]","[0,0]","[-0.926175,-0.917239]",0,"[]","[]","[]","[]","[]","[]","[]","[]","[]","[]",1,"[273184]","[-0.475595]","[-2.97314]","[305007]","[14418.9]","[0]","[1.78405]","[0.176063]",0,"[]","[]","[]","[]","[]","[]","[]","[]","[]","[]",0,"[97.8765]",1264.31,"[4179.04,3753.31]","[]","[346.219]","[]"
179,284500,14557133,361105,8438.32,8579.63,1.65196e+11,1.08735,0.96323,1,1,1,0.998836,1.00493,1,1,0,0,1,"[0]","[1]","[156973]","[-1.34579]","[1.05498]","[321918]","[0.0624247]","[-1]","[11]","[1]","[0]","[-692.056]","[0.00839054]","[0.865943]",196008,0.684629,1,"[343148]","[-1.97186]","[-2.32122]","[1.25666e+06]","[0.993131]","[0]","[0]","[-0.951283]",0,"[]","[]","[]","[]","[]","[]","[]","[]","[]","[]",1,"[343312]","[-1.9674]","[-2.32814]","[1.25174e+06]","[11033.8]","[0]","[3.42473]","[0.0481464]",0,"[]","[]","[]","[]","[]","[]","[]","[]","[]","[]",0,"[2318.04]",14895,"[15522.8]","[]","[9826.03]","[]"
180,284500,14513142,361105,8437.84,8579.63,1.65196e+11,0.402058,0.96392,1,1,1,0.998514,1.01012,1,1,0,0,1,"[0]","[1]","[267291]","[1.8838]","[1.2301]","[899501]","[-0.0379524]","[-1]","[11]","[1]","[0]","[3.50635]","[-0.0309481]","[3.63196]",213159,1.46506,1,"[480767]","[0.519511]","[-1.80955]","[548102]","[1]","[0]","[0]","[-0.977785]",0,"[]","[]","[]","[]","[]","[]","[]","[]","[]","[]",2,"[464837,282852]","[0.522005,1.88385]","[-1.81436,1.22987]","[529973,951911]","[19364.8,0]","[0,1]","[3.13987,0]","[0.439907,-1]",0,"[]","[]","[]","[]","[]","[]","[]","[]","[]","[]",0,"[2845.69]",4611.12,"[7085.67]","[]","[10538.8,8347.88]","[]"
181,284500,14528244,361105,8436.11,8579.63,1.65196e+11,0.596562,0.96323,1,1,1,0.999452,1.00493,1,1,0,0,1,"[0]","[1]","[157145]","[-1.28204]","[1.11592]","[304974]","[-0.0872841]","[-1]","[11]","[1]","[0]","[2523.86]","[0.00082798]","[0.0822621]",117949,1.44896,1,"[273595]","[0.0630838]","[-1.86395]","[274868]","[0.99595]","[0]","[0]","[-0.887528]",0,"[]","[]","[]","[]","[]","[]","[]","[]","[]","[]",1,"[271508]","[0.0703789]","[-1.86475]","[272934]","[20264]","[0]","[1.88488]","[0.443146]",0,"[]","[]","[]","[]","[]","[]","[]","[]","[]","[]",0,"[2239.3]",2189.18,"[3737.74]","[]","[3961.88]","[]"
182,284500,14552186,361105,8433.58,8579.63,1.65196e+11,1.55465,0.97828,1,1,1,0.998878,1.0005,1,1,0,0,1,"[0]","[1]","[158293]","[2.26214]","[-2.03393]","[768336]","[0.00595474]","[-1]","[11]","[1]","[0]","[5373.38]","[-0.00463202]","[0.442777]",127222,-1.6414,2,"[160284,112823]","[0.643266,0.505626]","[1.16547,1.71859]","[195018,127847]","[0.995344,0.997171]","[0,0]","[0,0]","[-0.966864,-0.946252]",0,"[]","[]","[]","[]","[]","[]","[]","[]","[]","[]",1,"[261150]","[0.597005]","[1.39071]","[319847]","[82262.5]","[0]","[0.7874]","[0.771256]",0,"[]","[]","[]","[]","[]","[]","[]","[]","[]","[]",0,"[1973.47]",10214.6,"[5106.23,4988.36]","[]","[7114.88]","[]"
183,284500,14558125,361105,8436.25,8579.63,1.65196e+11,0.596562,1,0.99332,1,1,0.997845,0.964819,1,0,1,0,1,"[0]","[1]","[221930]","[-0.322522]","[-2.84439]","[233573]","[-0.013895]","[-1]","[13]","[1]","[0]","[1654.18]","[0.000821133]","[0.158994]",325114,-2.55771,2,"[609260,54117]","[-0.15493,-0.643213]","[0.234144,0.0694239]","[622169,66402.8]","[1,0.988174]","[0,0]","[0,0]","[-0.901057,-0.71064]",0,"[]","[]","[]","[]","[]","[]","[]","[]","[]","[]",1,"[594348]","[-0.154682]","[0.247967]","[606110]","[74835.2]","[0]","[1.8739]","[0.839548]",0,"[]","[]","[]","[]","[]","[]","[]","[]","[]","[]",0,"[12635]",4482.91,"[7661.81,2061.3]","[]","[31798.9]","[]"
184,284500,14553219,361105,8432.39,8579.63,1.65196e+11,0.596562,0.96203,1,1,1,0.99758,1.01508,1,1,0,0,1,"[0]","[1]","[188481]","[-1.52228]","[-2.88226]","[452436]","[-0.00785923]","[-1]","[11]","[1]","[0]","[804.701]","[0.0126346]","[1.37751]",183105,3.03641,3,"[417990,25062.5,21398.8]","[-1.49966,-0.178268,0.00208161]","[0.0913023,-2.85508,2.99425]","[983981,26019.5,21640.5]","[0.999783,0.97109,0.985323]","[0,0,0]","[0,0,0]","[-0.844306,-0.833276,-0.90256]",0,"[]","[]","[]","[]","[]","[]","[]","[]","[]","[]",1,"[385064]","[-1.51312]","[0.100148]","[916986]","[24374.3]","[0]","[2.30118]","[0.738439]",0,"[]","[]","[]","[]","[]","[]","[]","[]","[]","[]",0,"[3324.94]",7794.56,"[6522.7,2466.04,1627.28]","[]","[22511.9]","[]"
185,284500,17313763,361105,8432.8,8579.63,1.65196e+11,0.934886,1,0.989255,1,1,0.999456,1.01606,1,0,1,0,1,"[0]","[1]","[119052]","[1.69593]","[-0.487762]","[335437]","[0.00764465]","[-1]","[13]","[1]","[0]","[-70.2205]","[-0.00604474]","[1.00872]",163283,-0.48234,1,"[280793]","[0.27884]","[2.65806]","[292709]","[0.99635]","[0]","[0]","[-0.739226]",0,"[]","[]","[]","[]","[]","[]","[]","[]","[]","[]",1,"[292770]","[0.259599]","[2.65902]","[304043]","[28641.6]","[0]","[1.28366]","[0.589899]",0,"[]","[]","[]","[]","[]","[]","[]","[]","[]","[]",0,"[3708.14]",5639.58,"[6473.38]","[]","[33806]","[]"
186,284500,17314788,361105,8433.25,8579.63,1.65196e+11,1.08735,1,0.98926,1,1,0.997696,0.999379,1,0,1,0,1,"[0]","[1]","[126498]","[-1.87239]","[-1.4904]","[421086]","[-0.330218]","[-1]","[13]","[1]","[1830.06]","[282.946]","[-0.0397309]","[6.41441]",192273,-1.42371,3,"[198750,76315.6,27758.4]","[-1.79529,-1.07115,-1.55899]","[1.94804,1.40123,1.04158]","[615016,124853,69118.5]","[0.995454,0.985343,1]","[0,0,0]","[0,0,0]","[-0.930604,-0.417435,0.0147015]",0,"[]","[]","[]","[]","[]","[]","[]","[]","[]","[]",1,"[258047]","[-1.68189]","[1.81677]","[723730]","[94050.7]","[0]","[0.813628]","[0.786801]",0,"[]","[]","[]","[]","[]","[]","[]","[]","[]","[]",0,"[622.059]",20956.7,"[7304.55,2589.58,2656.83]","[]","[0]","[]"
187,284500,17339421,361105,8434.1,8579.63,1.65196e+11,1.08735,1,1.00073,1,1,0.999384,0.906919,1,0,1,0,1,"[0]","[1]","[66630]","[-1.08737]","[-0.0520613]","[110058]","[0.128447]","[-1]","[13]","[1]","[0]","[-354.392]","[-0.0296957]","[4.83938]",236252,0.105608,1,"[301032]","[-0.661494]","[-3.09072]","[369753]","[0.992444]","[0]","[0]","[-0.965592]",0,"[]","[]","[]","[]","[]","[]","[]","[]","[]","[]",1,"[324551]","[-0.664411]","[-3.09112]","[399613]","[24502]","[0]","[4.32373]","[0.3172]",0,"[]","[]","[]","[]","[]","[]","[]","[]","[]","[]",0,"[1011.88]",2667.67,"[4189.28]","[]","[23043.4]","[]"
188,284500,17266012,361105,8431.17,8579.63,1.65196e+11,0.596562,1,0.992904,1,1,0.996723,0.942752,1,0,1,0,1,"[0]","[1]","[39117]","[0.265025]","[-0.45523]","[40498.9]","[-0.0918555]","[-1]","[13]","[1]","[0]","[-221.079]","[0.00566562]","[0.70862]",235455,-0.753936,5,"[267457,141994,79588.5,48717.9,28768.5]","[0.737052,0.378278,2.1769,2.07575,1.52258]","[2.78144,2.30304,0.081877,-0.889934,-0.243135]","[343816,154485,355526,197316,69133.8]","[0.993995,0.995073,0.994086,0.995375,0.998673]","[0,0,0,0,0]","[0,0,0,0,0]","[-0.412588,-0.835428,-0.742234,-0.0851803,-0.813858]",0,"[]","[]","[]","[]","[]","[]","[]","[]","[]","[]",1,"[388537]","[0.631997]","[2.60887]","[487137]","[132578]","[0]","[0.977845]","[0.746389]",0,"[]","[]","[]","[]","[]","[]","[]","[]","[]","[]",0,"[142.546]",18083.8,"[3405.98,9221.15,4517.35,5629.17,3669.75]","[]","[8542.41]","[]"
189,284500,17524921,361105,8438.35,8579.63,1.65196e+11,1.08735,1,0.999915,1,1,0.997099,0.999803,1,0,1,0,1,"[0]","[1]","[55381.1]","[-1.33321]","[0.765543]","[112336]","[-0.0347061]","[-1]","[13]","[1]","[0]","[458.632]","[0.0144269]","[1.76634]",164894,1.44791,4,"[320099,182374,70008.7,27178.3]","[-1.17356,1.66921,-1.06418,1.35284]","[-1.5794,2.08109,-0.512448,-2.93808]","[567835,502119,113696,56329.1]","[0.996992,0.993884,0,0.98281]","[0,0,0,0]","[0,0,0,0]","[-0.363404,-0.832646,-0.837631,-0.229094]",0,"[]","[]","[]","[]","[]","[]","[]","[]","[]","[]",1,"[334537]","[-1.19073]","[-1.58072]","[601742]","[28231.2]","[0]","[2.06253]","[0.715895]",0,"[]","[]","[]","[]","[]","[]","[]","[]","[]","[]",0,"[436.63]",20278.6,"[13433.5,8751.38,2761.98,3463.45]","[]","[1625.62]","[]"
190,284500,17404127,361105,8441.54,8579.63,1.65196e+11,1.08735,0.98697,1,1,1,0.999214,1.00582,1,1,0,0,1,"[0]","[1]","[163911]","[-0.448752]","[2.35787]","[180693]","[0.0433369]","[-1]","[11]","[1]","[0]","[88.0764]","[0.046465]","[6.41223]",164919,2.44404,1,"[343590]","[-0.63099]","[-0.697184]","[414418]","[0.983936]","[0]","[0]","[-0.896132]",0,"[]","[]","[]","[]","[]","[]","[]","[]","[]","[]",1,"[313226]","[-0.641576]","[-0.694384]","[380067]","[10080.7]","[0]","[0]","[-1]",0,"[]","[]","[]","[]","[]","[]","[]","[]","[]","[]",0,"[881.549]",9474,"[5670.51]","[]","[305.75]","[]"
191,284500,17406043,361105,8435.96,8579.63,1.65196e+11,0.934886,0.96787,1,1,1,0.999367,0.98743,1,1,0,0,1,"[0]","[1]","[95782.7]","[-0.0649431]","[-0.588291]","[95984.7]","[0.0143013]","[-1]","[11]","[1]","[0]","[487.366]","[0.107247]","[7.49999]",223934,-0.294491,1,"[312355]","[0.71214]","[2.78279]","[395544]","[0.99]","[0]","[0]","[-0.713227]",0,"[]","[]","[]","[]","[]","[]","[]","[]","[]","[]",1,"[302603]","[0.725867]","[2.78625]","[386324]","[18457.3]","[0]","[0.821291]","[0.039395]",0,"[]","[]","[]","[]","[]","[]","[]","[]","[]","[]",0,"[292.798]",5931.3,"[6927.68]","[]","[14924.5]","[]"
192,284500,17379171,361105,8437.39,8579.63,1.65196e+11,1.24168,1,0.996099,1,1,0.997195,0.878788,1,0,1,0,1,"[0]","[1]","[110654]","[-0.649665]","[-1.65558]","[134839]","[0.0187683]","[-1]","[13]","[1]","[0]","[773.973]","[0.060719]","[11.3764]",263105,-1.85018,2,"[422400,28268]","[0.827354,2.00882]","[0.942852,0.636592]","[577007,107345]","[1,0.971157]","[0,0]","[0,0]","[-0.880826,-0.728428]",0,"[]","[]","[]","[]","[]","[]","[]","[]","[]","[]",1,"[443180]","[0.902334]","[0.962496]","[640160]","[71278.2]","[0]","[2.25916]","[0.612091]",0,"[]","[]","[]","[]","[]","[]","[]","[]","[]","[]",0,"[5697.64]",10323,"[9942.24,1834.04]","[]","[3256.12]","[]"
193,284500,17283838,361105,8438.56,8579.63,1.65196e+11,1.74563,1,0.996703,1,1,0.998922,0.895514,1,0,1,0,1,"[0]","[1]","[30767.1]","[0.582607]","[0.163842]","[36138.3]","[-0.0143719]","[-1]","[13]","[1]","[0]","[-480.05]","[0.00268376]","[0.350359]",314516,-0.502093,2,"[281378,98063.2]","[1.2976,0.973499]","[2.97229,1.91133]","[553838,148498]","[0.99253,0.989045]","[0,0]","[0,0]","[-0.885683,-0.941405]",0,"[]","[]","[]","[]","[]","[]","[]","[]","[]","[]",1,"[285847]","[1.30641]","[2.96748]","[566756]","[16974]","[0]","[2.48539]","[0.691913]",0,"[]","[]","[]","[]","[]","[]","[]","[]","[]","[]",0,"[40.3553]",8553.72,"[13140,5103.24]","[]","[12170.1]","[]"
194,284500,17701517,361105,8439.3,8579.63,1.65196e+11,1.08735,0.99211,1,1,1,1.10674,0.9918,1,1,0,0,1,"[0]","[1]","[279872]","[-0.621714]","[-0.282233]","[335726]","[-0.0892029]","[-1]","[11]","[1]","[0]","[113.492]","[0.036108]","[4.25178]",65580.2,-0.0224756,1,"[349442]","[-1.38462]","[2.91229]","[741737]","[0.999872]","[4]","[0]","[0.955438]",0,"[]","[]","[]","[]","[]","[]","[]","[]","[]","[]",2,"[339229,285541]","[-1.3895,-0.647512]","[2.91436,-0.274959]","[722963,347525]","[9362.71,1353.72]","[0,1]","[0.942885,0]","[0.234802,-1]",0,"[]","[]","[]","[]","[]","[]","[]","[]","[]","[]",0,"[2047.26]",17743.8,"[18465.6]","[]","[24219.2,22709.5]","[]"
195,284500,12585779,361105,8438.23,8579.63,1.65196e+11,0.934886,1,0.998569,1,1,0.996786,1.01933,1,0,1,0,1,"[0]","[1]","[99728.5]","[0.98531]","[2.55496]","[152184]","[0.0347519]","[-1]","[13]","[1]","[0]","[1549.07]","[-0.00442635]","[0.754098]",233926,2.62242,5,"[339030,60380,45335.3,32099.9,20474]","[1.1931,1.96284,-1.35755,-1.22014,-0.85301]","[-0.538367,2.60576,0.0229745,-1.97038,0.0778442]","[610881,219380,94131.1,59367,28412.8]","[1,0.996916,0.995753,0.985241,0.994939]","[0,0,0,0,0]","[0,0,0,0,0]","[-0.944609,-0.796374,-0.545379,-0.0783836,-0.831136]",0,"[]","[]","[]","[]","[]","[]","[]","[]","[]","[]",1,"[347410]","[1.19692]","[-0.540496]","[627930]","[25068.4]","[0]","[1.84469]","[0.470112]",0,"[]","[]","[]","[]","[]","[]","[]","[]","[]","[]",0,"[424.129]",10793.5,"[10496.3,5916,4567.98,3389.64,1141.58]","[]","[3890.5]","[]"
196,284500,17585492,361105,8433.69,8579.63,1.65196e+11,3.34815,0.9652,1,1,1,1.10674,0.98592,1,1,0,0,1,"[0]","[1]","[70832.8]","[-1.27732]","[-0.443589]","[136913]","[0.0521736]","[-1]","[11]","[1]","[0]","[817.888]","[-0.000536968]","[0.0479922]",220006,-0.730844,1,"[278613]","[0.131864]","[2.52361]","[281406]","[0.995921]","[4]","[0]","[0.947105]",0,"[]","[]","[]","[]","[]","[]","[]","[]","[]","[]",1,"[259467]","[0.138717]","[2.53089]","[262151]","[9796.69]","[0]","[2.55027]","[0.218892]",0,"[]","[]","[]","[]","[]","[]","[]","[]","[]","[]",0,"[317.216]",7965.72,"[8418.5]","[]","[0]","[]"
197,284500,17592254,361105,8430.33,8579.63,1.65196e+11,1.24168,0.99093,1,1,1,0.997554,1.00306,1,1,0,0,1,"[0]","[1]","[113672]","[1.03743]","[1.5671]","[180529]","[-0.00148201]","[-1]","[11]","[1]","[0]","[1106.59]","[-0.0190263]","[2.19309]",397379,1.72453,2,"[529739,124377]","[0.824874,0.260176]","[-1.22972,3.10714]","[721358,128860]","[0.998963,0.999103]","[0,0]","[0,0]","[-0.869434,-0.909018]",0,"[]","[]","[]","[]","[]","[]","[]","[]","[]","[]",1,"[514495]","[0.821522]","[-1.23684]","[698749]","[30174.2]","[0]","[1.88057]","[0.621651]",0,"[]","[]","[]","[]","[]","[]","[]","[]","[]","[]",0,"[780.995]",8529.38,"[10347.4,3785.83]","[]","[9434.22]","[]"
198,284500,17704997,361105,8433.07,8579.63,1.65196e+11,0.596562,0.98916,1,1,1,0.997497,0.99765,1,1,0,0,1,"[0]","[1]","[83485.8]","[0.674908]","[-2.80666]","[103233]","[-0.00518799]","[-1]","[11]","[1]","[0]","[-439.491]","[0.0208331]","[2.72358]",205000,-2.72685,2,"[278539,21493.3]","[1.62497,2.4127]","[0.337302,1.22851]","[734899,120999]","[0.997403,1]","[0,0]","[0,0]","[-0.0449968,-0.88466]",0,"[]","[]","[]","[]","[]","[]","[]","[]","[]","[]",1,"[285078]","[1.63486]","[0.339239]","[758995]","[15527.3]","[0]","[2.11471]","[0.510256]",0,"[]","[]","[]","[]","[]","[]","[]","[]","[]","[]",0,"[327.568]",1876.33,"[5709.45,1771.78]","[]","[4797.28]","[]"
199,284500,17721523,361105,8437.45,8579.63,1.65196e+11,0.596562,0.99093,1,1,1,0.998724,1.00306,1,1,0,0,1,"[0]","[1]","[141333]","[0.87204]","[0.41846]","[198564]","[-0.0145726]","[-1]","[11]","[1]","[0]","[-410.905]","[0.0194315]","[2.71991]",168075,0.672728,3,"[212205,62502.5,61443.3]","[1.77063,1.90085,1.45818]","[-2.2679,-2.96728,-2.57975]","[642776,214048,139260]","[0.987826,1,0.994997]","[0,0,0]","[0,0,0]","[-0.920742,-0.24912,-0.863503]",0,"[]","[]","[]","[]","[]","[]","[]","[]","[]","[]",1,"[304313]","[1.77543]","[-2.41887]","[930653]","[111654]","[0]","[1.42099]","[0.600034]",0,"[]","[]","[]","[]","[]","[]","[]","[]","[]","[]",0,"[1006.15]",4703.94,"[5834.29,2361.7,5485.67]","[]","[6745.22]","[]"
200,284500,17800751,361105,8433.95,8579.63,1.65196e+11,0.402058,1,0.995795,1,1,0.990129,1.00303,1,0,1,0,1,"[0]","[1]","[41556.8]","[-2.26762]","[0.160259]","[202796]","[-0.541016]","[-1]","[13]","[1]","[0]","[-119.361]","[0.00467313]","[0.461172]",200334,0.162741,2,"[280760,58907.2]","[-1.80016,-0.55716]","[-3.09239,-1.03494]","[872741,68987.3]","[0.99773,1]","[4,0]","[0,0]","[0.323364,-0.837111]",0,"[]","[]","[]","[]","[]","[]","[]","[]","[]","[]",1,"[282661]","[-1.80718]","[-3.09538]","[884461]","[13539.4]","[0]","[2.78665]","[0.63785]",0,"[]","[]","[]","[]","[]","[]","[]","[]","[]","[]",0,"[261.1]",22331,"[18161.2,2923.92]","[]","[2517.47]","[]"
201,284500,17567090,361105,8433.52,8579.63,1.65196e+11,0.923924,0.97553,1,1,1,0.998855,1.01265,1,1,0,0,1,"[0]","[1]","[115117]","[1.71087]","[1.24573]","[328919]","[-0.0154648]","[-1]","[11]","[1]","[0]","[5182.69]","[-0.0447538]","[3.5546]",101260,1.39856,2,"[250057,44259.9]","[1.85484,0.974368]","[-2.01686,0.523843]","[818724,67349.3]","[0.997369,0.993406]","[0,0]","[0,0]","[-0.760464,-0.558459]",0,"[]","[]","[]","[]","[]","[]","[]","[]","[]","[]",1,"[257930]","[1.86707]","[-2.01709]","[854320]","[10818.2]","[0]","[3.31933]","[0.582168]",0,"[]","[]","[]","[]","[]","[]","[]","[]","[]","[]",0,"[1083.39]",9872.02,"[10869,2111.83]","[]","[3134.25]","[]"
202,284500,17688347,361105,8433.05,8579.63,1.65196e+11,0.923924,1,0.995753,1,1,0.997526,0.753185,1,0,1,0,1,"[0]","[1]","[31677.3]","[-0.287909]","[3.11088]","[32999.4]","[-0.0428238]","[-1]","[13]","[1]","[0]","[257.311]","[-0.0522962]","[5.85763]",380924,-3.12415,7,"[257309,145737,56033.7,36397.5,32354.4,32237.4,22624.6]","[-1.09577,-0.360907,0.717751,0.697252,0.708737,-0.0650976,0.752802]","[0.488293,-0.0936752,-2.47523,0.181833,-1.10291,-1.23532,-0.511609]","[428770,156593,71387.6,46290.4,41043.8,32905,29736.2]","[0.953733,0.990513,0.999276,0.907292,0.988463,0.980853,0.849755]","[0,0,0,0,0,0,0]","[0,0,0,0,0,0,0]","[-0.889505,-0.943989,-0.884575,-0.907071,-0.702356,-0.893812,-0.864664]",0,"[]","[]","[]","[]","[]","[]","[]","[]","[]","[]",1,"[352853]","[-0.899715]","[0.300092]","[540031]","[189835]","[0]","[0.709527]","[0.739399]",0,"[]","[]","[]","[]","[]","[]","[]","[]","[]","[]",0,"[94.4597]",3321.41,"[4496.82,8517.59,9253.21,2051.5,2045.72,3974.86,2560.26]","[]","[5913.06]","[]"
203,284500,17711970,361105,8437.52,8579.63,1.65196e+11,1.55465,0.98916,1,1,1,0.998624,0.99765,1,1,0,0,1,"[0]","[1]","[89512.9]","[0.626015]","[-0.624233]","[107633]","[-0.0620403]","[-1]","[11]","[1]","[0]","[1134.16]","[0.060528]","[2.45507]",228278,-0.83388,3,"[272526,33596.1,20762]","[0.740046,0.1878,-0.0115838]","[2.5904,2.2091,1.26546]","[355154,35068.9,21049.2]","[1,0.99,0.95684]","[0,0,0]","[0,0,0]","[-0.913214,-0.844565,-0.819365]",0,"[]","[]","[]","[]","[]","[]","[]","[]","[]","[]",1,"[272707]","[0.745229]","[2.59456]","[356642]","[57333.4]","[0]","[1.2639]","[0.691929]",0,"[]","[]","[]","[]","[]","[]","[]","[]","[]","[]",0,"[337.324]",1204.38,"[3554.55,1857.27,1335.63]","[]","[0]","[]"
204,284500,17451927,361105,8432.16,8579.63,1.65196e+11,1.25133,1,0.994149,1,1,0.998631,0.826334,1,0,1,0,1,"[0]","[1]","[33922.2]","[0.851038]","[-1.89456]","[46966.2]","[0.353321]","[-1]","[13]","[1]","[0]","[-541.181]","[-0.162593]","[18.767]",237900,-1.83773,2,"[343992,96173.5]","[1.67865,0.877071]","[1.19734,3.10103]","[953877,136288]","[1,0.987012]","[0,0]","[0,0]","[-0.683894,0.486037]",0,"[]","[]","[]","[]","[]","[]","[]","[]","[]","[]",1,"[365744]","[1.66827]","[1.19681]","[1.00431e+06]","[10208.8]","[0]","[2.9146]","[0.171861]",0,"[]","[]","[]","[]","[]","[]","[]","[]","[]","[]",0,"[163.318]",27918.5,"[28670.6,2177.15]","[]","[25192.3]","[]"
205,284500,17747171,361105,8435.09,8579.63,1.65196e+11,1.55465,1,0.996212,1,1,0.999487,1.0266,1,0,1,0,1,"[0]","[1]","[131261]","[-1.67333]","[2.81922]","[362117]","[-0.0502167]","[-1]","[13]","[1]","[0]","[2956.16]","[0.0681123]","[9.01581]",153503,3.0311,2,"[244993,62731.8]","[-0.70851,-0.779654]","[-0.365092,0.0846806]","[310087,83216.2]","[0.999946,0.998401]","[0,0]","[0,0]","[-0.920274,-0.635896]",0,"[]","[]","[]","[]","[]","[]","[]","[]","[]","[]",1,"[293354]","[-0.702812]","[-0.277927]","[375089]","[68201]","[0]","[1.26831]","[0.72336]",0,"[]","[]","[]","[]","[]","[]","[]","[]","[]","[]",0,"[7257.35]",844.453,"[3013.75,2853.59]","[]","[30632.6]","[]"
206,284500,17928759,361105,8431.58,8579.63,1.65196e+11,1.08735,1,1.00049,1,1,0.998524,0.978935,1,0,1,0,1,"[0]","[1]","[105729]","[-0.970247]","[2.39312]","[159524]","[0.0889435]","[-1]","[13]","[1]","[1868.4]","[-688.904]","[-0.120008]","[23.5919]",205066,2.47809,2,"[317553,21395.6]","[-1.47965,-0.266561]","[-0.784976,0.819595]","[734360,22466.1]","[0.994978,0.983727]","[0,0]","[0,0]","[-0.938662,-0.44047]",0,"[]","[]","[]","[]","[]","[]","[]","[]","[]","[]",1,"[321705]","[-1.48913]","[-0.78419]","[750019]","[30888.8]","[0]","[1.72405]","[0.816956]",0,"[]","[]","[]","[]","[]","[]","[]","[]","[]","[]",0,"[1463.55]",4003.92,"[6203.4,1638.17]","[]","[39393.8]","[]"
207,284500,17927588,361105,8435.94,8579.63,1.65196e+11,0.596562,0.96654,1,1,1,0.997355,0.99197,1,1,0,0,1,"[0]","[1]","[31892.4]","[-0.503631]","[-1.11675]","[36023.3]","[0.112083]","[-1]","[11]","[1]","[0]","[205.877]","[0.0738628]","[5.62724]",279702,-1.29239,3,"[307931,51531.3,22694.7]","[-0.00826974,1.72848,-2.47367]","[1.61424,-2.86949,2.78996]","[308595,149910,135691]","[0.999927,0.994537,0.89]","[0,0,0]","[0,0,0]","[-0.935789,-0.689065,-0.812725]",0,"[]","[]","[]","[]","[]","[]","[]","[]","[]","[]",1,"[286432]","[0.0179058]","[1.61167]","[286742]","[12290.2]","[0]","[3.38825]","[0.394921]",0,"[]","[]","[]","[]","[]","[]","[]","[]","[]","[]",0,"[21.6599]",9999.19,"[10330.7,2466.28,1982.65]","[]","[10974.5]","[]"
208,284500,17890892,361105,8434.41,8579.63,1.65196e+11,1.74563,0.98089,1,1,1,0.997839,0.99866,1,1,0,0,1,"[0]","[1]","[170412]","[-0.808927]","[1.04049]","[229275]","[0.025369]","[-1]","[11]","[1]","[1270.8]","[3681.5]","[-0.0294894]","[3.4894]",267822,1.13578,3,"[335565,85179.1,21784.9]","[0.607571,1.50741,1.28826]","[-1.98971,-2.26918,-1.63791]","[400445,202312,42677.3]","[0.892334,0.99218,0.644477]","[0,0,0]","[0,0,0]","[-0.873734,-0.700911,-0.93097]",0,"[]","[]","[]","[]","[]","[]","[]","[]","[]","[]",1,"[362067]","[0.821245]","[-2.03565]","[515383]","[156074]","[0]","[1.08717]","[0.547905]",0,"[]","[]","[]","[]","[]","[]","[]","[]","[]","[]",0,"[1666.95]",6062.94,"[6586.29,9460.79,1414.62]","[]","[1942.28]","[]"
209,284500,17888791,361105,8432.55,8579.63,1.65196e+11,1.55465,0.97553,1,1,1,1.11869,1.01265,1,1,0,0,1,"[0]","[1]","[118068]","[1.7919]","[0.436858]","[364091]","[0.00502777]","[-1]","[11]","[1]","[0]","[-530.986]","[-0.0165288]","[1.72634]",227626,0.245425,6,"[244941,60644.1,58483.3,29796.1,21367.4,20042.5]","[0.338272,0.0476616,2.1826,0.909981,1.81011,0.412695]","[-2.98725,-2.62319,-2.43714,0.0829971,2.28196,-0.459594]","[264363,61264.7,262742,43328.4,67084.4,22386.6]","[0.99281,0.983983,0.991086,0.944844,0.814815,0.989643]","[5,0,0,0,0,0]","[0,0,0,0,0,0]","[0.710658,-0.936329,-0.908869,-0.0744128,-0.730754,-0.752512]",0,"[]","[]","[]","[]","[]","[]","[]","[]","[]","[]",1,"[268764]","[0.244091]","[-2.94963]","[285314]","[69139.6]","[0]","[1.21741]","[0.80076]",0,"[]","[]","[]","[]","[]","[]","[]","[]","[]","[]",0,"[1343.49]",4066.47,"[2176.23,2948.76,2775.82,2231.91,1946.28,2262.71]","[]","[4938.31]","[]"
210,284500,17851430,361105,8437.59,8579.63,1.65196e+11,0.75088,1,0.999251,1,1,0.989248,0.817035,1,0,1,0,1,"[0]","[1]","[155925]","[0.725285]","[0.675591]","[198766]","[-0.195988]","[-1]","[13]","[1]","[0]","[-694.892]","[0.0666392]","[12.0734]",133203,0.902311,1,"[290421]","[1.26646]","[-2.32354]","[556780]","[0.986469]","[4]","[0]","[-0.411391]",0,"[]","[]","[]","[]","[]","[]","[]","[]","[]","[]",1,"[286100]","[1.28026]","[-2.33322]","[554642]","[16541.1]","[0]","[2.14307]","[0.571711]",0,"[]","[]","[]","[]","[]","[]","[]","[]","[]","[]",0,"[1764.96]",1180,"[3331.54]","[]","[19449.3]","[]"
211,284500,17895018,361105,8430.47,8579.63,1.65196e+11,0.934886,1,0.99586,1,1,0.987644,0.834439,1,0,1,0,1,"[0]","[1]","[47822.2]","[-0.299534]","[0.489112]","[49983.7]","[0.0354176]","[-1]","[13]","[1]","[0]","[592.378]","[-0.0318913]","[4.92412]",323300,0.253035,2,"[315232,47365.2]","[-0.869814,-1.69659]","[-2.79712,3.06042]","[442688,133705]","[1,0.999732]","[4,0]","[0,0]","[0.681241,0.0231392]",0,"[]","[]","[]","[]","[]","[]","[]","[]","[]","[]",1,"[335446]","[-0.984495]","[-2.84586]","[521159]","[99512.3]","[0]","[1.29222]","[0.4936]",0,"[]","[]","[]","[]","[]","[]","[]","[]","[]","[]",0,"[130.013]",4031.06,"[4108.57,2903.76]","[]","[1647.66]","[]"
212,284500,12490840,361105,8438.27,8579.63,1.65196e+11,1.74563,1,0.996017,1,1,0.986263,0.909105,1,0,1,0,1,"[0]","[1]","[88910.9]","[-0.355529]","[2.28082]","[94589.6]","[-0.258455]","[-1]","[13]","[1]","[3965.27]","[-472.549]","[-0.0536962]","[10.3296]",212259,2.22498,1,"[299703]","[-0.32234]","[-0.871247]","[316761]","[0.992513]","[4]","[0]","[-0.900746]",0,"[]","[]","[]","[]","[]","[]","[]","[]","[]","[]",1,"[292650]","[-0.314737]","[-0.86405]","[308349]","[25833.5]","[0]","[1.43157]","[0.585007]",0,"[]","[]","[]","[]","[]","[]","[]","[]","[]","[]",0,"[475.335]",5078.94,"[5869.14]","[]","[11500.2]","[]"
213,284500,13106105,361105,8435.99,8579.63,1.65196e+11,0.934886,1,0.994065,1,1,0.999,0.820392,1,0,1,0,1,"[0]","[1]","[189430]","[0.320378]","[-1.92799]","[199235]","[0.0122147]","[-1]","[13]","[1]","[0]","[343.723]","[0.0198328]","[3.67323]",129154,-1.47313,1,"[305066]","[1.59974]","[1.41288]","[786886]","[0.997322]","[0]","[0]","[-0.934585]",0,"[]","[]","[]","[]","[]","[]","[]","[]","[]","[]",1,"[290239]","[1.60827]","[1.40832]","[754398]","[29872.9]","[0]","[1.61208]","[0.801478]",0,"[]","[]","[]","[]","[]","[]","[]","[]","[]","[]",0,"[27879.3]",5719.38,"[7377.85]","[]","[11269.2]","[]"
214,284500,18031947,361105,8430.36,8579.63,1.65196e+11,1.74563,1,0.999025,1,1,0.988189,0.988041,1,0,1,0,1,"[0]","[1]","[61429.6]","[2.34984]","[-0.0918424]","[324939]","[0.143473]","[-1]","[13]","[1]","[0]","[-295.326]","[-0.0149839]","[1.84739]",233647,-0.509813,2,"[326602,31889.5]","[1.61963,-2.04182]","[2.67804,-0.757166]","[857549,125041]","[0.995316,0.82762]","[4,0]","[0,0]","[-0.0492476,-0.573663]",0,"[]","[]","[]","[]","[]","[]","[]","[]","[]","[]",1,"[324036]","[1.63143]","[2.67645]","[860141]","[24129.4]","[0]","[2.66576]","[0.777062]",0,"[]","[]","[]","[]","[]","[]","[]","[]","[]","[]",0,"[2014.09]",14008.2,"[18415.1,4579.57]","[]","[13565.8]","[]"
215,284500,12659713,361105,8436.33,8579.63,1.65196e+11,0.506784,0.94943,1,1,1,0.997891,0.93819,1,1,0,0,1,"[0]","[1]","[41524.5]","[1.26065]","[-2.66137]","[79128.8]","[0.0320129]","[-1]","[11]","[1]","[0]","[126.977]","[0.0279082]","[2.64594]",297117,-3.10701,5,"[275699,78440,30807.5,25003.4,22418.8]","[1.34032,0.983332,-0.739058,1.01026,1.11229]","[0.325864,-0.750532,2.15457,-1.26937,-0.146899]","[562955,120838,40110.9,39005.6,38112.1]","[0.990891,0.995183,0.999592,0.965488,0.939996]","[0,0,0,0,0]","[0,0,0,0,0]","[-0.661972,-0.821182,-0.87167,-0.822464,-0.829395]",0,"[]","[]","[]","[]","[]","[]","[]","[]","[]","[]",1,"[269347]","[1.33157]","[0.327736]","[545653]","[9564.51]","[0]","[1.69145]","[0.457246]",0,"[]","[]","[]","[]","[]","[]","[]","[]","[]","[]",0,"[53.8567]",4768.69,"[7804.36,2761.93,3400.81,3084.81,1687.43]","[]","[1607.5]","[]"
216,284500,12768002,361105,8430.45,8579.63,1.65196e+11,0.402058,0.975717,1,1,1,0.99889,0.99544,1,1,0,0,2,"[0,0]","[1,0]","[134973,11950.3]","[1.27515,-1.77702]","[-1.93923,-1.23989]","[260405,36337]","[0.0419083,-3.67171]","[-1,-1]","[11,11]","[1,1]","[1000.91,0]","[426.174,-53.1445]","[-0.00431735,0.0939621]","[0.373215,4.11178]",164130,-1.62221,2,"[375677,86754.2]","[0.0312003,0.951264]","[1.26767,-2.40143]","[376284,129632]","[1,0.954399]","[0,0]","[0,0]","[-0.818043,-0.814526]",0,"[]","[]","[]","[]","[]","[]","[]","[]","[]","[]",1,"[375180]","[0.0404085]","[1.26538]","[375707]","[12866.7]","[0]","[3.55398]","[0.572906]",0,"[]","[]","[]","[]","[]","[]","[]","[]","[]","[]",0,"[1321.51,175.697]",3155.14,"[3957.27,4539.19]","[]","[6797.28]","[]"
217,284500,13917572,361105,8432.83,8579.63,1.65196e+11,0.402058,1,1.00115,1,1,1.02662,0.938421,1,0,1,0,1,"[0]","[1]","[103275]","[2.03604]","[1.90355]","[402294]","[-0.164066]","[-1]","[13]","[1]","[0]","[1061.25]","[-0.171198]","[29.5887]",339278,1.84396,5,"[411851,142598,65243.1,56489.7,51453.8]","[0.895252,1.69973,-1.05623,-0.197165,-0.804756]","[-2.02335,-0.438453,0.414323,-0.273896,-0.123141]","[588644,403571,105689,58662.9,69816.5]","[0.999896,0.982278,0.983377,0.993463,0.985874]","[0,0,0,5,0]","[0,0,0,0,0]","[-0.795561,-0.916581,-0.863643,0.997706,-0.114939]",0,"[]","[]","[]","[]","[]","[]","[]","[]","[]","[]",1,"[404120]","[0.872387]","[-2.02233]","[568072]","[13867.8]","[0]","[3.0276]","[-1]",0,"[]","[]","[]","[]","[]","[]","[]","[]","[]","[]",0,"[4536.64]",12875.8,"[12320.3,4153.77,7371.37,1249.25,3768.09]","[]","[13032.3]","[]"
218,284500,13912835,361105,8440.61,8579.63,1.65196e+11,0.596562,1,1.00069,1,1,0.996358,0.990311,1,0,1,0,1,"[0]","[1]","[55610.6]","[-0.584001]","[1.67025]","[65366.5]","[0.0808411]","[-1]","[13]","[1]","[0]","[-272.924]","[0.108521]","[12.3424]",201282,1.58847,5,"[200001,82913.3,35790.5,27019.8,20904.1]","[-1.23652,-1.1675,-1.58721,-0.796345,2.24653]","[-1.69638,-0.788821,2.812,-1.12523,1.80863]","[374077,146684,91322.8,36192.5,99975.5]","[1,1,0.991206,0.881383,0.969824]","[0,0,0,0,0]","[0,0,0,0,0]","[-0.20742,-0.935457,-0.916917,-0.831306,-0.828579]",0,"[]","[]","[]","[]","[]","[]","[]","[]","[]","[]",1,"[253972]","[-1.27724]","[-1.50444]","[501968]","[104968]","[0]","[1.30825]","[0.733994]",0,"[]","[]","[]","[]","[]","[]","[]","[]","[]","[]",0,"[288.846]",5188.19,"[13346.2,67050,13314.5,9069.06,1262.3]","[]","[0]","[]"
219,284500,13273463,361105,8439,8579.63,1.65196e+11,0.596562,0.99093,1,1,1,0.997908,1.00306,1,1,0,0,1,"[0]","[1]","[93159.4]","[0.929621]","[-0.22997]","[136397]","[-0.100462]","[-1]","[11]","[1]","[0]","[2063.63]","[0.0593147]","[4.8241]",240793,-0.719695,4,"[293204,215978,52619,34558.4]","[0.139746,-1.45088,-2.13114,1.19291]","[-2.74206,1.3887,2.02598,-1.99361]","[297138,486830,224886,62574.6]","[0.987659,0.994622,0.884257,0.988467]","[0,0,0,0]","[0,0,0,0]","[-0.565377,-0.96109,0.275221,-0.923987]",0,"[]","[]","[]","[]","[]","[]","[]","[]","[]","[]",1,"[302300]","[0.15147]","[-2.74519]","[306986]","[27251]","[0]","[2.96937]","[0.736174]",0,"[]","[]","[]","[]","[]","[]","[]","[]","[]","[]",0,"[443.554]",259.125,"[3912.03,6004.1,3480.42,2358.14]","[]","[7959.22]","[]"
220,284500,13971283,361105,8428.36,8579.63,1.65196e+11,1.74563,0.97361,1,1,1,0.999047,0.98448,1,1,0,0,1,"[0]","[1]","[46193.9]","[-0.307179]","[2.99707]","[48390.5]","[0.0750732]","[-1]","[11]","[1]","[0]","[111.793]","[-0.0213514]","[2.40876]",308189,3.07628,1,"[364998]","[-0.869838]","[-0.0983629]","[512326]","[0.999263]","[0]","[0]","[-0.914436]",0,"[]","[]","[]","[]","[]","[]","[]","[]","[]","[]",1,"[371278]","[-0.830952]","[-0.0991398]","[507170]","[12917.4]","[0]","[3.87882]","[0.284558]",0,"[]","[]","[]","[]","[]","[]","[]","[]","[]","[]",0,"[75.5251]",5297.28,"[5610.42]","[]","[1756.97]","[]"
221,284500,18389411,361105,8439.88,8579.63,1.65196e+11,0.934886,0.97199,1,1,1,1.00684,0.99121,1,1,0,0,1,"[0]","[1]","[44995.7]","[0.438511]","[2.6175]","[49391.7]","[-0.0814743]","[-1]","[11]","[1]","[0]","[339.099]","[-0.0477301]","[3.4759]",167449,2.89606,4,"[256308,117144,50414.7,25370.9]","[-0.23352,-1.86282,-1.99786,-0.441736]","[-1.02314,1.06287,0.533365,2.09657]","[263839,386548,189473,28426.8]","[0.98694,0.987163,0.997344,0.973067]","[0,0,0,4]","[0,0,0,0]","[-0.917966,-0.804853,-0.871156,-0.0575971]",0,"[]","[]","[]","[]","[]","[]","[]","[]","[]","[]",1,"[264726]","[-0.228865]","[-1.01895]","[272065]","[14281.3]","[0]","[2.11673]","[0.249292]",0,"[]","[]","[]","[]","[]","[]","[]","[]","[]","[]",0,"[67.9836]",2963.39,"[5444.5,2883.99,2861.59,2389.75]","[]","[4510.92]","[]"
222,284500,18402795,361105,8431.98,8579.63,1.65196e+11,0.402058,0.98697,1,1,1,0.99904,1.00582,1,1,0,0,1,"[0]","[1]","[167432]","[-0.318133]","[-2.72169]","[175977]","[-0.0467587]","[-1]","[11]","[1]","[2130.24]","[-385.597]","[0.0592178]","[4.60988]",201483,-2.83624,1,"[376216]","[-0.54246]","[0.369377]","[433977]","[0.99859]","[0]","[0]","[-0.749969]",0,"[]","[]","[]","[]","[]","[]","[]","[]","[]","[]",1,"[364061]","[-0.554055]","[0.369721]","[421911]","[21092.9]","[0]","[2.45574]","[0.423803]",0,"[]","[]","[]","[]","[]","[]","[]","[]","[]","[]",0,"[1012.64]",27410.4,"[7853.09]","[]","[6871.53]","[]"
223,284500,18421067,361105,8433.18,8579.63,1.65196e+11,1.25133,0.98916,1,1,1,0.975046,0.99765,1,1,0,0,1,"[0]","[1]","[92769.9]","[0.698432]","[0.384051]","[116332]","[0.0830879]","[-1]","[11]","[1]","[0]","[-631.442]","[0.0459319]","[3.31756]",242277,0.404313,4,"[394887,232423,108433,25802.8]","[-0.642963,-1.50709,0.772418,0.839577]","[-1.73019,2.29771,2.10386,-2.854]","[479988,550537,142904,35900.2]","[1,0.997202,0.992132,0.717557]","[4,4,0,0]","[0,0,0,0]","[-0.891107,-0.252976,-0.913144,-0.403382]",0,"[]","[]","[]","[]","[]","[]","[]","[]","[]","[]",1,"[384688]","[-0.655084]","[-1.7315]","[470534]","[17070.3]","[0]","[3.31648]","[0.585015]",0,"[]","[]","[]","[]","[]","[]","[]","[]","[]","[]",0,"[308.952]",7994.44,"[15926.2,3223.79,2116.41,1861.88]","[]","[33809.2]","[]"
224,284500,18388611,361105,8431.63,8579.63,1.65196e+11,0.934886,1,0.995121,1,1,0.998411,1.00721,1,0,1,0,1,"[0]","[1]","[178246]","[0.430356]","[-0.889273]","[195009]","[-0.0234947]","[-1]","[13]","[1]","[0]","[-433.474]","[0.0104545]","[1.87496]",82015.2,-1.29228,2,"[358730,44110.8]","[1.21705,-1.33972]","[1.70954,-1.37502]","[659608,90271.6]","[1,0.972214]","[0,0]","[0,0]","[-0.932289,-0.77342]",0,"[]","[]","[]","[]","[]","[]","[]","[]","[]","[]",1,"[329798]","[1.2343]","[1.70902]","[615826]","[39129.4]","[0]","[2.51407]","[0.678049]",0,"[]","[]","[]","[]","[]","[]","[]","[]","[]","[]",0,"[15418]",1248.96,"[6432.43,3178.2]","[]","[7174.84]","[]"
225,284500,17868708,361105,8440.19,8579.63,1.65196e+11,0.934886,1,1.00277,1,1,0.998662,0.958939,1,0,1,0,1,"[0]","[1]","[136135]","[1.26351]","[2.32601]","[260050]","[0.01229]","[-1]","[13]","[1]","[1896.73]","[-570.1]","[-0.0204467]","[3.75404]",146581,2.59306,2,"[299969,24149.9]","[1.24494,1.12665]","[-0.639555,-2.87095]","[564356,41525.2]","[0.98779,0.970587]","[0,0]","[0,0]","[-0.832281,-0.866931]",0,"[]","[]","[]","[]","[]","[]","[]","[]","[]","[]",1,"[284492]","[1.241]","[-0.641703]","[533549]","[20324.5]","[0]","[3.0454]","[0.101644]",0,"[]","[]","[]","[]","[]","[]","[]","[]","[]","[]",0,"[3813.44]",13755.7,"[23814.8,1857.75]","[]","[12005.8]","[]"
226,284500,12193022,361105,8434.85,8579.63,1.65196e+11,1.08735,0.97435,1,1,1,0.989031,0.98425,1,1,0,0,1,"[0]","[1]","[48828.9]","[0.523883]","[-0.907068]","[55684.2]","[0.0895081]","[-1]","[11]","[1]","[0]","[0.407257]","[-0.0320768]","[3.87556]",267962,-0.531592,2,"[388679,245539]","[-1.68434,-0.916856]","[1.85699,-2.17508]","[1.08452e+06,356904]","[0.995604,1]","[4,0]","[0,0]","[-0.226359,-0.834393]",0,"[]","[]","[]","[]","[]","[]","[]","[]","[]","[]",2,"[408247,260156]","[-1.66745,-0.896443]","[1.86008,-2.17857]","[1.12157e+06,372814]","[57455.5,26389.8]","[0,0]","[1.70899,1.90935]","[0.688745,0.655259]",0,"[]","[]","[]","[]","[]","[]","[]","[]","[]","[]",0,"[244.429]",2655.28,"[5879.39,3847.69]","[]","[27315.4,1756.77]","[]"
227,284500,12169443,361105,8437.17,8579.63,1.65196e+11,1.25133,0.97538,1,1,1,0.998959,1.01508,1,1,0,0,1,"[0]","[1]","[109392]","[-1.62475]","[2.8056]","[288475]","[0.0243273]","[-1]","[11]","[1]","[1565.77]","[4314.65]","[0.0133591]","[1.32878]",45875.2,-2.71973,3,"[250474,78836.2,42972.6]","[-1.60866,-0.0484475,-0.366841]","[-0.371962,2.68959,2.1402]","[651401,79662.2,46853.9]","[0.999157,0.984132,0.973569]","[0,0,0]","[0,0,0]","[-0.89635,0.579552,-0.877552]",0,"[]","[]","[]","[]","[]","[]","[]","[]","[]","[]",1,"[253159]","[-1.60851]","[-0.384032]","[658125]","[24938.6]","[0]","[2.15994]","[0.647942]",0,"[]","[]","[]","[]","[]","[]","[]","[]","[]","[]",0,"[1159.36]",6726.5,"[10326.6,2104.54,1951.9]","[]","[0]","[]"
228,284500,12162808,361105,8431.95,8579.63,1.65196e+11,0.351687,1,0.997514,1,1,0.999393,0.996734,1,0,1,0,1,"[0]","[1]","[101297]","[-2.16378]","[0.260961]","[446661]","[0.426361]","[-1]","[13]","[1]","[0]","[-615.754]","[0.208984]","[23.149]",190230,0.0459381,1,"[289305]","[-1.00214]","[-3.0261]","[447834]","[0.994772]","[0]","[0]","[-0.735608]",0,"[]","[]","[]","[]","[]","[]","[]","[]","[]","[]",1,"[307754]","[-0.958915]","[-3.01824]","[461070]","[24352]","[0]","[3.01005]","[0.466355]",0,"[]","[]","[]","[]","[]","[]","[]","[]","[]","[]",0,"[15412.5]",75.375,"[4005.65]","[]","[9004.72]","[]"
229,284500,12271450,361105,8433.33,8579.63,1.65196e+11,1.08735,0.92525,1,1,1,0.999244,0.94691,1,1,0,0,1,"[0]","[1]","[50501]","[-2.3637]","[0.0429019]","[270793]","[0.00893402]","[-1]","[11]","[1]","[0]","[298.031]","[-0.0334382]","[2.53307]",217413,0.160611,2,"[265593,62919]","[-1.2977,-0.603216]","[-2.74983,1.94782]","[523419,76008.8]","[0.999928,0.990752]","[0,0]","[0,0]","[-0.730872,-0.944603]",0,"[]","[]","[]","[]","[]","[]","[]","[]","[]","[]",1,"[251308]","[-1.31955]","[-2.75868]","[504859]","[33496.7]","[0]","[2.03643]","[0.718516]",0,"[]","[]","[]","[]","[]","[]","[]","[]","[]","[]",0,"[380.981]",2439.78,"[4974.99,3532.97]","[]","[34412.2]","[]"
230,284500,12178375,361105,8439.31,8579.63,1.65196e+11,1.08735,1,0.987889,1,1,0.99935,0.994531,1,0,1,0,1,"[0]","[1]","[218511]","[-1.9379]","[3.0144]","[774424]","[-0.0376892]","[-1]","[13]","[1]","[0]","[519.478]","[-0.00064088]","[0.0992628]",64786.9,-2.89222,1,"[255974]","[-1.17908]","[-0.0856903]","[456987]","[0.998985]","[0]","[0]","[-0.699647]",0,"[]","[]","[]","[]","[]","[]","[]","[]","[]","[]",1,"[254395]","[-1.16974]","[-0.0678855]","[451164]","[41937.1]","[0]","[1.44598]","[0.699964]",0,"[]","[]","[]","[]","[]","[]","[]","[]","[]","[]",0,"[7981.6]",9030.3,"[8871.88]","[]","[0]","[]"
231,284500,12167435,361105,8438.7,8579.63,1.65196e+11,0.934886,0.97553,1,1,1,0.999474,1.01265,1,1,0,0,1,"[0]","[1]","[90317.7]","[1.802]","[3.10709]","[281191]","[-0.112239]","[1]","[11]","[1]","[0]","[1461.28]","[-0.0845985]","[4.01448]",172326,-3.12493,1,"[271503]","[-0.519487]","[0.00813373]","[309100]","[1]","[0]","[0]","[-0.904924]",0,"[]","[]","[]","[]","[]","[]","[]","[]","[]","[]",1,"[263848]","[-0.521835]","[0.00683623]","[300895]","[13422.5]","[0]","[4.29837]","[0.528982]",0,"[]","[]","[]","[]","[]","[]","[]","[]","[]","[]",0,"[808.145]",5102.75,"[5986.32]","[]","[0]","[]"
232,284500,12249449,361105,8435.4,8579.63,1.65196e+11,0,0.97166,1,1,1,0.996461,1.0005,1,1,0,0,1,"[0]","[1]","[124804]","[2.0339]","[-2.851]","[485155]","[-0.0535145]","[-1]","[11]","[1]","[9734.04]","[-489.974]","[0.0100058]","[0.626854]",53390.1,-1.63615,4,"[283812,47383.5,28218.1,21617.5]","[0.694897,2.46641,0.714334,1.82655]","[0.291451,3.1363,-3.03814,2.94277]","[356396,281188,36086.5,69040.4]","[0.994867,0.99,0.987088,0.735909]","[0,0,0,0]","[0,0,0,0]","[-0.295932,-0.754549,-0.861522,-0.816862]",0,"[]","[]","[]","[]","[]","[]","[]","[]","[]","[]",1,"[283350]","[0.686872]","[0.275838]","[353247]","[16496.1]","[0]","[3.25474]","[0.679153]",0,"[]","[]","[]","[]","[]","[]","[]","[]","[]","[]",0,"[1003.81]",4548.1,"[6952.23,3381.85,2977.88,2296.91]","[]","[15221.2]","[]"
233,284500,18291028,361105,8431.63,8579.63,1.65196e+11,0.75088,1,0.985906,1,1,0.99928,0.988807,1,0,1,0,1,"[0]","[1]","[142390]","[1.96403]","[-1.70263]","[517466]","[-0.126099]","[-1]","[13]","[1]","[0]","[-420.578]","[-0.0171326]","[3.55267]",177134,-1.58475,3,"[139890,118954,58316.7]","[1.69431,0.808426,0.0897735]","[1.70123,1.48293,1.18579]","[393702,161601,58875.2]","[0.966354,0.999739,0.996482]","[0,0,0]","[0,0,0]","[-0.830719,-0.568071,-0.85019]",0,"[]","[]","[]","[]","[]","[]","[]","[]","[]","[]",1,"[262272]","[1.37058]","[1.60501]","[566387]","[136587]","[0]","[0.727185]","[0.427812]",0,"[]","[]","[]","[]","[]","[]","[]","[]","[]","[]",0,"[1533.11]",7628.27,"[11006.9,4168.51,2066.79]","[]","[12636.1]","[]"
234,284500,18275039,361105,8432.36,8579.63,1.65196e+11,0.934886,0.98089,1,1,1,1,0.99866,1,1,0,0,1,"[0]","[1]","[169055]","[-0.896495]","[-0.224599]","[241664]","[0.000461578]","[-1]","[11]","[1]","[1619.24]","[355.103]","[-0.0254305]","[3.47255]",140588,0.0339493,0,"[]","[]","[]","[]","[]","[]","[]","[]",0,"[]","[]","[]","[]","[]","[]","[]","[]","[]","[]",1,"[357304]","[-0.52964]","[3.059]","[409182]","[21788.6]","[0]","[3.26534]","[0.518659]",0,"[]","[]","[]","[]","[]","[]","[]","[]","[]","[]",0,"[1658.46]",6685.7,"[]","[]","[1638.41]","[]"
235,284500,14199180,361105,8441.85,8579.63,1.65196e+11,0.402058,1,0.99119,1,1,1,1.01986,1,0,1,0,1,"[0]","[1]","[279124]","[-1.79404]","[0.33718]","[862489]","[-0.244518]","[-1]","[13]","[1]","[0]","[-76.9133]","[0.00955093]","[1.8589]",81995.5,0.339263,0,"[]","[]","[]","[]","[]","[]","[]","[]",0,"[]","[]","[]","[]","[]","[]","[]","[]","[]","[]",1,"[351564]","[0.572617]","[-2.80355]","[413181]","[44357.3]","[0]","[2.31095]","[0.765996]",0,"[]","[]","[]","[]","[]","[]","[]","[]","[]","[]",0,"[21211.3]",729.695,"[]","[]","[31273]","[]"
236,284500,18457932,361105,8436.59,8579.63,1.65196e+11,1.55465,0.96323,1,1,1,0.985214,1.00493,1,1,0,0,1,"[0]","[1]","[176454]","[-1.29745]","[-2.4271]","[347012]","[-0.0640945]","[-1]","[11]","[1]","[0]","[299.722]","[0.00913503]","[0.861646]",123454,-2.73501,2,"[287255,20310]","[0.00129547,-2.25988]","[0.513796,1.2903]","[288221,98456.1]","[0.998492,0.961945]","[4,0]","[0,0]","[-0.863832,-0.692901]",0,"[]","[]","[]","[]","[]","[]","[]","[]","[]","[]",1,"[288172]","[0.0283904]","[0.515689]","[288554]","[12371.5]","[0]","[3.50561]","[0.558368]",0,"[]","[]","[]","[]","[]","[]","[]","[]","[]","[]",0,"[1834.06]",7605.95,"[4932.87,5352.84]","[]","[21500.1]","[]"
237,284500,14156773,361105,8431.23,8579.63,1.65196e+11,1.08735,0.96194,1,1,1,0.997415,1.01532,1,1,0,0,1,"[0]","[1]","[54993.2]","[2.1438]","[0.319842]","[237817]","[-0.0590668]","[-1]","[11]","[1]","[0]","[-428.522]","[0.0299156]","[1.96296]",220120,0.357516,4,"[319548,178114,48467.9,28325.2]","[0.90675,1.27019,0.359146,1.20511]","[2.81575,-1.43859,-0.726899,2.20439]","[460657,343056,51823.7,51624.9]","[0.997883,0.999086,0.989555,0.988226]","[0,0,0,0]","[0,0,0,0]","[-0.783535,-0.926602,-0.930342,-0.0111016]",0,"[]","[]","[]","[]","[]","[]","[]","[]","[]","[]",1,"[339854]","[0.88823]","[2.81848]","[483356]","[19363.3]","[0]","[2.59701]","[0.570846]",0,"[]","[]","[]","[]","[]","[]","[]","[]","[]","[]",0,"[142.828]",6913.73,"[7824.75,4628.55,3252.58,7742.18]","[]","[20098]","[]"
238,284500,14219400,361105,8434.88,8579.63,1.65196e+11,0.934886,1,0.990487,1,1,0.998222,1.02356,1,0,1,0,1,"[0]","[1]","[198802]","[1.64523]","[0.115623]","[534295]","[-0.0291977]","[-1]","[13]","[1]","[0]","[-204.485]","[0.0301274]","[5.81192]",332764,0.0766549,1,"[498059]","[0.878364]","[3.08415]","[703309]","[0.997284]","[0]","[0]","[-0.860825]",0,"[]","[]","[]","[]","[]","[]","[]","[]","[]","[]",1,"[512867]","[0.84589]","[3.08617]","[707998]","[24953.3]","[0]","[4.30615]","[0.526423]",0,"[]","[]","[]","[]","[]","[]","[]","[]","[]","[]",0,"[7494.62]",22294.1,"[15239.9]","[]","[1595.25]","[]"
239,284500,18494606,361105,8433.28,8579.63,1.65196e+11,0.738662,1,0.99322,1,1,0.996884,0.859979,1,0,1,0,1,"[0]","[1]","[114038]","[0.281329]","[-2.34522]","[118580]","[0.0243034]","[-1]","[13]","[0]","[0]","[-152.63]","[0.0283312]","[5.50065]",408414,-2.09286,5,"[356509,352415,36270.9,29229.8,20466.4]","[-1.72164,-0.342147,0.941037,-0.423937,0.752019]","[0.132569,1.82787,1.83428,0.995071,0.989908]","[1.0294e+06,374405,54027.5,32557.1,26975.6]","[0.974474,0.996533,0.997806,0.935142,0.656345]","[0,0,0,0,0]","[0,0,0,0,0]","[-0.308225,-0.537943,-0.94502,-0.929569,-0.480867]",0,"[]","[]","[]","[]","[]","[]","[]","[]","[]","[]",2,"[352946,336871]","[-0.35859,-1.73072]","[1.83114,0.135787]","[376359,980857]","[18930.8,22070.7]","[0,0]","[3.48469,2.93059]","[0.626444,0.487559]",0,"[]","[]","[]","[]","[]","[]","[]","[]","[]","[]",0,"[8729.59]",10163.9,"[10658.1,4776.43,2230.35,1928.36,1148.14]","[]","[3407.38,11466.8]","[]"
240,284500,18535582,361105,8439.11,8579.63,1.65196e+11,0.402058,0.97994,1,1,1,0.999218,1.00632,1,1,0,0,1,"[0]","[1]","[223600]","[0.301054]","[1.62129]","[233810]","[0.07057]","[-1]","[11]","[1]","[0]","[-1988.34]","[0.0406946]","[6.67281]",28788.6,1.57157,1,"[256403]","[1.24986]","[-1.5447]","[484532]","[0.996705]","[0]","[0]","[-0.819676]",0,"[]","[]","[]","[]","[]","[]","[]","[]","[]","[]",1,"[259996]","[1.25724]","[-1.53791]","[494144]","[11450.6]","[0]","[2.59016]","[0.589322]",0,"[]","[]","[]","[]","[]","[]","[]","[]","[]","[]",0,"[1433.75]",782.967,"[3772.58]","[]","[0]","[]"
241,284500,18518454,361105,8434.56,8579.63,1.65196e+11,0.596562,1,0.996666,1,1,0.988127,1.00382,1,0,1,0,1,"[0]","[1]","[30226.3]","[-2.31481]","[-2.32044]","[154483]","[-0.00182915]","[-1]","[13]","[1]","[0]","[-72.2028]","[-0.0140836]","[1.18999]",236634,-2.33931,2,"[270906,23252.2]","[0.765786,0.818768]","[0.911596,-0.88343]","[354574,31618.3]","[0.999563,0.987734]","[4,0]","[0,0]","[0.37795,-0.891697]",0,"[]","[]","[]","[]","[]","[]","[]","[]","[]","[]",1,"[262328]","[0.774196]","[0.905115]","[345378]","[17171]","[0]","[2.19361]","[0.14743]",0,"[]","[]","[]","[]","[]","[]","[]","[]","[]","[]",0,"[450.847]",4933.95,"[5460.12,2107.97]","[]","[9426.78]","[]"
242,284500,18533032,361105,8437.33,8579.63,1.65196e+11,1.26205,1,0.997374,1,1,0.998799,0.964573,1,0,1,0,1,"[0]","[1]","[25523.4]","[-0.663342]","[0.890144]","[31348]","[0.0818863]","[-1]","[13]","[1]","[0]","[826.094]","[0.262724]","[14.8705]",422793,0.924463,1,"[417901]","[0.173009]","[-2.23074]","[425268]","[0.989729]","[0]","[0]","[-0.844923]",0,"[]","[]","[]","[]","[]","[]","[]","[]","[]","[]",1,"[370050]","[0.188411]","[-2.22798]","[376680]","[5629.48]","[0]","[10.1832]","[0.154747]",0,"[]","[]","[]","[]","[]","[]","[]","[]","[]","[]",0,"[96.4831]",3984.16,"[5457.3]","[]","[15586.4]","[]"
243,284500,18574164,361105,8430.61,8579.63,1.65196e+11,0.596562,0.96304,1,1,1,0.99896,0.9991,1,1,0,0,1,"[0]","[1]","[46752.7]","[-1.57389]","[1.6845]","[117644]","[-0.0689526]","[-1]","[11]","[1]","[0]","[2507.76]","[0.0849642]","[4.64459]",205673,1.93153,2,"[254264,21493.4]","[-0.581731,-0.758283]","[-1.26671,2.51152]","[298886,28181.7]","[1,0.987344]","[0,0]","[0,0]","[-0.769994,-0.76829]",0,"[]","[]","[]","[]","[]","[]","[]","[]","[]","[]",1,"[263319]","[-0.595825]","[-1.26875]","[311706]","[12438.6]","[0]","[3.84745]","[0.778481]",0,"[]","[]","[]","[]","[]","[]","[]","[]","[]","[]",0,"[165.354]",24120,"[11671.6,1635.05]","[]","[0]","[]"
244,284500,18675336,361105,8435.76,8579.63,1.65196e+11,1.08735,1,0.995772,1,1,0.998591,0.938722,1,0,1,0,1,"[0]","[1]","[33149.8]","[-2.02741]","[0.974216]","[128058]","[-0.21899]","[-1]","[13]","[1]","[0]","[-255.973]","[-0.0220611]","[2.248]",395935,1.20229,2,"[397177,31043.7]","[0.124008,0.163069]","[-1.8884,-2.76628]","[402650,31819.6]","[1,0.98]","[0,0]","[0,0]","[-0.947029,-0.905212]",0,"[]","[]","[]","[]","[]","[]","[]","[]","[]","[]",1,"[405907]","[0.137475]","[-1.93724]","[420823]","[95904.2]","[0]","[2.62587]","[0.559831]",0,"[]","[]","[]","[]","[]","[]","[]","[]","[]","[]",0,"[146.548]",6995.44,"[7343.1,2352.62]","[]","[2195.56]","[]"
245,284500,18642125,361105,8429.98,8579.63,1.65196e+11,0.00220911,1,0.991819,1,1,0.998887,1.00372,1,0,1,0,1,"[0]","[1]","[33468.2]","[-1.84935]","[-2.94845]","[108990]","[-0.275928]","[-1]","[13]","[0]","[0]","[-67.038]","[-0.0098187]","[0.855697]",267346,-3.07952,1,"[310387]","[-1.90843]","[0.0230857]","[1.06951e+06]","[0.98]","[0]","[0]","[-0.40844]",0,"[]","[]","[]","[]","[]","[]","[]","[]","[]","[]",1,"[313742]","[-1.9228]","[0.0227735]","[1.0961e+06]","[18287.8]","[0]","[6.27438]","[0.643673]",0,"[]","[]","[]","[]","[]","[]","[]","[]","[]","[]",0,"[132.497]",11263.5,"[12373.3]","[]","[23410.2]","[]"
246,284500,17300255,361105,8433.18,8579.63,1.65196e+11,1.74563,0.96819,1,1,1,0.999432,1,1,1,0,0,1,"[0]","[1]","[46618.2]","[-0.874237]","[-2.18698]","[65597.1]","[0.0756111]","[-1]","[11]","[0]","[0]","[-729.836]","[0.0347126]","[3.42647]",213620,-2.2706,1,"[262532]","[-0.959834]","[0.899651]","[393674]","[0.991263]","[0]","[0]","[-0.870731]",0,"[]","[]","[]","[]","[]","[]","[]","[]","[]","[]",1,"[274453]","[-0.950611]","[0.895704]","[408963]","[26792]","[0]","[2.10782]","[0.715978]",0,"[]","[]","[]","[]","[]","[]","[]","[]","[]","[]",0,"[137.023]",3333.72,"[4616.45]","[]","[24931.8]","[]"
247,284500,9476283,361105,8435.96,8579.63,1.65196e+11,0.934886,1,0.995302,1,1,0.998108,0.98636,1,0,1,0,1,"[0]","[1]","[30773.9]","[1.48138]","[-2.57452]","[71185.1]","[0.00798035]","[-1]","[13]","[1]","[0]","[-244.41]","[0.00860482]","[1.14337]",180862,-2.39674,3,"[287475,156237,47022.3]","[1.54908,-1.42245,-1.80904]","[0.155289,2.30061,-2.21914]","[707376,343301,147433]","[0.991158,0.999469,0.999846]","[0,0,0]","[0,0,0]","[-0.93122,-0.925213,-0.846448]",0,"[]","[]","[]","[]","[]","[]","[]","[]","[]","[]",1,"[281165]","[1.53836]","[0.158818]","[685311]","[24458.5]","[0]","[3.1379]","[0.716437]",0,"[]","[]","[]","[]","[]","[]","[]","[]","[]","[]",0,"[176.904]",13021.3,"[18364.9,4826.27,3037.47]","[]","[4283.16]","[]"
248,284500,17412325,361105,8435.47,8579.63,1.65196e+11,1.74563,1,0.983793,1,1,0.999426,0.917626,1,0,1,0,1,"[0]","[1]","[54801.7]","[1.60162]","[-2.05085]","[141460]","[0.109427]","[-1]","[13]","[1]","[0]","[87.113]","[0.0205045]","[2.60263]",209308,-1.87752,1,"[288365]","[-0.0942245]","[1.46947]","[290010]","[1]","[0]","[0]","[-0.702065]",0,"[]","[]","[]","[]","[]","[]","[]","[]","[]","[]",1,"[286005]","[-0.0904037]","[1.46899]","[287311]","[8861.53]","[0]","[8.96693]","[0.420021]",0,"[]","[]","[]","[]","[]","[]","[]","[]","[]","[]",0,"[737.041]",11985.3,"[12166.2]","[]","[3736.06]","[]"
249,284500,18447069,361105,8435.72,8579.63,1.65196e+11,1.74563,1,0.998473,1,1,0.987647,0.908798,1,0,1,0,1,"[0]","[1]","[162532]","[-1.20849]","[2.05943]","[296383]","[0.00977325]","[-1]","[13]","[1]","[0]","[-321.409]","[0.00430205]","[0.564122]",252005,2.18801,2,"[443751,57966.9]","[-1.09747,-0.987602]","[-1.10391,0.678459]","[739208,88915.3]","[0.993611,0.998962]","[4,0]","[0,0]","[0.65073,-0.836365]",0,"[]","[]","[]","[]","[]","[]","[]","[]","[]","[]",1,"[472061]","[-1.08612]","[-1.10991]","[779081]","[13252.9]","[0]","[5.24682]","[0.51671]",0,"[]","[]","[]","[]","[]","[]","[]","[]","[]","[]",0,"[8649.99]",4453.06,"[7294.34,3539.49]","[]","[24663]","[]"
250,284500,18464971,361105,8436.07,8579.63,1.65196e+11,1.08735,1,0.995469,1,1,0.98688,0.799462,1,0,1,0,1,"[0]","[1]","[252876]","[0.639534]","[0.706891]","[306377]","[0.0270195]","[-1]","[13]","[1]","[0]","[-504.333]","[0.024489]","[5.09511]",222061,0.724637,1,"[462601]","[-0.683551]","[-2.4163]","[575915]","[0.983653]","[4]","[0]","[-0.845531]",0,"[]","[]","[]","[]","[]","[]","[]","[]","[]","[]",1,"[451378]","[-0.698422]","[-2.41461]","[566560]","[24831.4]","[0]","[3.21047]","[0.77551]",0,"[]","[]","[]","[]","[]","[]","[]","[]","[]","[]",0,"[8238.64]",7796.64,"[8665.77]","[]","[7978.12]","[]"
251,284500,18473343,361105,8432.11,8579.63,1.65196e+11,1.08735,1,0.999364,1,1,0.979829,0.91148,1,0,1,0,1,"[0]","[1]","[105364]","[-1.38887]","[2.32349]","[224408]","[0.013607]","[-1]","[13]","[1]","[0]","[-353.828]","[-0.0418752]","[7.09699]",219532,2.51191,3,"[414444,94606.5,35081.7]","[-1.27541,1.98096,-0.328227]","[-0.367627,-2.9465,-2.71616]","[800257,349827,37648.5]","[0.994591,0.997093,0.990011]","[0,4,0]","[0,0,0]","[-0.27028,0.745812,-0.881105]",0,"[]","[]","[]","[]","[]","[]","[]","[]","[]","[]",1,"[427282]","[-1.27809]","[-0.368736]","[826885]","[27240.8]","[0]","[2.75122]","[0.669754]",0,"[]","[]","[]","[]","[]","[]","[]","[]","[]","[]",0,"[563.116]",2283.55,"[5521.97,3472.48,2334.72]","[]","[25472.2]","[]"
252,284500,18302811,361105,8434,8579.63,1.65196e+11,0,1,0.999727,1,1,0.998948,0.973486,1,0,1,0,1,"[0]","[1]","[88763.5]","[0.923831]","[0.735001]","[129414]","[0.0467873]","[-1]","[13]","[1]","[0]","[-542.179]","[0.0163713]","[2.77451]",289662,0.650744,1,"[387998]","[0.52257]","[-2.46019]","[442739]","[0.996392]","[0]","[0]","[0.685942]",0,"[]","[]","[]","[]","[]","[]","[]","[]","[]","[]",1,"[390580]","[0.507429]","[-2.46141]","[442601]","[23952]","[0]","[2.29373]","[0.29529]",0,"[]","[]","[]","[]","[]","[]","[]","[]","[]","[]",0,"[1483.68]",4083.38,"[4402.44]","[]","[11039.8]","[]"
253,284500,18268217,361105,8436.51,8579.63,1.65196e+11,0.402058,0.97553,1,1,1,0.999038,1.01265,1,1,0,0,1,"[0]","[1]","[131373]","[1.54801]","[1.9286]","[322835]","[-0.0379887]","[-1]","[11]","[1]","[0]","[1362.35]","[0.0142193]","[1.26049]",159260,2.04296,1,"[292677]","[1.55579]","[-1.15352]","[724584]","[0.993829]","[0]","[0]","[-0.242409]",0,"[]","[]","[]","[]","[]","[]","[]","[]","[]","[]",1,"[302786]","[1.55262]","[-1.14825]","[747352]","[14794.1]","[0]","[2.4326]","[0.516656]",0,"[]","[]","[]","[]","[]","[]","[]","[]","[]","[]",0,"[2078.39]",2075.25,"[4600.58]","[]","[18529.6]","[]"
254,284500,18302654,361105,8434,8579.63,1.65196e+11,0.351687,0.97994,1,1,1,0.999055,1.00632,1,1,0,0,1,"[0]","[1]","[214166]","[0.374285]","[0.348274]","[229344]","[0.0140038]","[-1]","[11]","[1]","[0]","[-297.329]","[0.0331953]","[5.46742]",143991,0.315333,3,"[47033.6,24710.9,22703.8]","[0.0825951,0.739348,-0.804054]","[2.492,-3.13825,-0.0671938]","[47712.3,32170.4,30816.5]","[0.99,0.995199,0.947184]","[0,0,0]","[0,0,0]","[-0.538887,-0.822938,-0.904304]",0,"[]","[]","[]","[]","[]","[]","[]","[]","[]","[]",1,"[365439]","[0.94773]","[-2.752]","[545742]","[61946.9]","[0]","[1.97789]","[0.766939]",0,"[]","[]","[]","[]","[]","[]","[]","[]","[]","[]",0,"[1233.74]",9225.88,"[2147.49,1790.12,1731.69]","[]","[7121.81]","[]"
255,284500,18609487,361105,8435.15,8579.63,1.65196e+11,1.55465,0.98413,1,1,1,1,0.99866,1,1,0,0,1,"[0]","[1]","[80540.2]","[-0.858764]","[-0.452003]","[112109]","[0.00790024]","[-1]","[11]","[1]","[0]","[2373.21]","[0.00848674]","[1.1084]",207656,-0.166392,0,"[]","[]","[]","[]","[]","[]","[]","[]",0,"[]","[]","[]","[]","[]","[]","[]","[]","[]","[]",1,"[254943]","[-0.820335]","[2.88127]","[345649]","[1779.4]","[0]","[0]","[-1]",0,"[]","[]","[]","[]","[]","[]","[]","[]","[]","[]",0,"[340.295]",7447.8,"[]","[]","[9505.66]","[]"
256,284500,11151302,361105,8440.11,8579.63,1.65196e+11,0.934886,1,0.999615,1,1,0.998797,0.974729,1,0,1,0,1,"[0]","[1]","[51917.9]","[-1.23328]","[-1.42487]","[96665.6]","[-0.0534515]","[-1]","[13]","[1]","[0]","[27.8605]","[0.0105278]","[1.46714]",225671,-1.32305,3,"[324790,59597.3,22252]","[-1.15555,-0.679478,-0.662893]","[1.82182,-1.18789,2.02958]","[567256,74577.3,27489.4]","[0.99796,0.998538,0.994457]","[0,0,0]","[0,0,0]","[-0.917148,-0.587581,-0.780805]",0,"[]","[]","[]","[]","[]","[]","[]","[]","[]","[]",1,"[316028]","[-1.18897]","[1.81699]","[567111]","[11590.1]","[0]","[2.11585]","[0.0911886]",0,"[]","[]","[]","[]","[]","[]","[]","[]","[]","[]",0,"[348.141]",13196.7,"[4185.28,2175.58,1718.7]","[]","[34471.4]","[]"
257,284500,17879869,361105,8429.05,8579.63,1.65196e+11,0.596562,1,0.995711,1,1,0.986078,0.967804,1,0,1,0,1,"[0]","[1]","[235985]","[-2.19203]","[-1.68103]","[1.06961e+06]","[0.176603]","[-1]","[13]","[1]","[0]","[435.578]","[-0.00574877]","[1.25681]",61399.6,-1.2561,2,"[294171,22679.6]","[0.215161,0.242621]","[1.36609,3.05272]","[304079,23697.1]","[0.997523,0.999851]","[4,0]","[0,0]","[-0.929302,-0.625261]",0,"[]","[]","[]","[]","[]","[]","[]","[]","[]","[]",1,"[289354]","[0.225843]","[1.3671]","[300495]","[47198.4]","[0]","[1.59866]","[0.786117]",0,"[]","[]","[]","[]","[]","[]","[]","[]","[]","[]",0,"[26122.2]",4208.15,"[4811.6,2023.9]","[]","[18373.2]","[]"
258,284500,18580647,361105,8437.8,8579.63,1.65196e+11,1.26205,1,0.993836,1,1,0.996388,0.965041,1,0,1,0,1,"[0]","[1]","[25519.5]","[-1.49556]","[-0.876147]","[59791.5]","[0.554283]","[-1]","[13]","[1]","[0]","[-714.774]","[-0.261433]","[12.0037]",536956,-0.78444,2,"[544686,21315.4]","[0.851414,-1.71072]","[2.3178,-2.38963]","[755712,60981.1]","[0.990321,0.785325]","[0,0]","[0,0]","[-0.967629,-0.735256]",0,"[]","[]","[]","[]","[]","[]","[]","[]","[]","[]",1,"[546048]","[0.884953]","[2.3146]","[775416]","[43618.1]","[0]","[2.4124]","[0.668633]",0,"[]","[]","[]","[]","[]","[]","[]","[]","[]","[]",0,"[129.243]",14386.9,"[12666.6,1553.59]","[]","[23496.8]","[]"
259,284500,18427828,361105,8432.38,8579.63,1.65196e+11,0.75088,1,0.994482,1,1,0.986805,0.962049,1,0,1,0,1,"[0]","[1]","[297263]","[0.560471]","[-2.75396]","[345187]","[-0.00756836]","[-1]","[13]","[1]","[0]","[-773.301]","[-0.0369817]","[8.19078]",205886,-2.67465,2,"[455804,31970.9]","[0.821407,0.0576989]","[0.43104,0.813316]","[619210,32521]","[0.990145,0.989745]","[4,0]","[0,0]","[-0.25115,-0.752234]",0,"[]","[]","[]","[]","[]","[]","[]","[]","[]","[]",1,"[490695]","[0.771891]","[0.427872]","[644735]","[24207.2]","[0]","[2.53001]","[0.161575]",0,"[]","[]","[]","[]","[]","[]","[]","[]","[]","[]",0,"[22190.3]",7474.73,"[6890.9,3743.76]","[]","[9994.22]","[]"
260,284500,17879629,361105,8429.05,8579.63,1.65196e+11,0.934886,0.96654,1,1,1,0.987131,1,1,1,0,0,1,"[0]","[1]","[34086.1]","[-0.329374]","[3.05577]","[35951.8]","[0.117452]","[-1]","[11]","[0]","[0]","[-1187.84]","[-0.178014]","[10.9924]",218001,2.85775,3,"[213328,51806.3,38119.3]","[0.954192,1.64711,0.591836]","[-0.314107,-0.773603,0.615627]","[318925,139725,45657.1]","[0.995344,0.986347,0.998833]","[0,4,0]","[0,0,0]","[-0.981955,0.651188,-0.801213]",0,"[]","[]","[]","[]","[]","[]","[]","[]","[]","[]",1,"[259288]","[1.13106]","[-0.395763]","[454548]","[99188.2]","[0]","[1.48105]","[0.790584]",0,"[]","[]","[]","[]","[]","[]","[]","[]","[]","[]",0,"[93.8345]",29675.7,"[7874.58,5500.47,3027.64]","[]","[3040.22]","[]"
261,284500,12248038,361105,8430.45,8579.63,1.65196e+11,1.1961,0.99211,1,1,1,0.998001,0.9918,1,1,0,0,1,"[0]","[1]","[260452]","[-0.724409]","[2.021]","[331831]","[0.00867653]","[-1]","[11]","[1]","[4316.34]","[-20.9622]","[-0.00245255]","[0.313933]",34028.3,1.72738,2,"[310209,31126]","[-0.572908,2.05183]","[-1.21918,1.03932]","[362999,123236]","[1,0.993791]","[0,0]","[0,0]","[-0.791165,-0.680319]",0,"[]","[]","[]","[]","[]","[]","[]","[]","[]","[]",2,"[323374,274771]","[-0.583943,-0.742719]","[-1.21776,2.02027]","[380312,354117]","[12922.2,2848.25]","[0,1]","[2.8787,15.1134]","[0.15448,0.0434936]",0,"[]","[]","[]","[]","[]","[]","[]","[]","[]","[]",0,"[2175.04]",817.398,"[3813.83,3692.68]","[]","[9457.78,11187.6]","[]"
262,284500,18226049,361105,8433.3,8579.63,1.65196e+11,1.74563,0.99093,1,1,1,0.999457,1.00306,1,1,0,0,1,"[0]","[1]","[85786.9]","[1.09098]","[-2.46876]","[142110]","[0.0824418]","[-1]","[11]","[1]","[0]","[-210.017]","[0.0178801]","[1.87483]",184854,-2.36124,1,"[273168]","[0.226239]","[0.73227]","[280428]","[1]","[0]","[0]","[-0.808674]",0,"[]","[]","[]","[]","[]","[]","[]","[]","[]","[]",1,"[276679]","[0.230937]","[0.732067]","[284252]","[9610.52]","[0]","[3.59134]","[0.265674]",0,"[]","[]","[]","[]","[]","[]","[]","[]","[]","[]",0,"[876.842]",27475.8,"[15602.1]","[]","[7897.88]","[]"
263,284500,13199572,361105,8430.74,8579.63,1.65196e+11,0.596562,0.97826,1,1,1,0.989282,1.00493,1,1,0,0,1,"[0]","[1]","[145800]","[-1.23816]","[2.704]","[272587]","[0.0450363]","[-1]","[11]","[1]","[0]","[-796.141]","[-0.00977741]","[1.35901]",104282,2.6206,2,"[285367,84779.6]","[-1.22606,-2.20497]","[-0.758826,1.38344]","[528459,389470]","[0.993409,0.970514]","[4,0]","[0,0]","[-0.263948,-0.838258]",0,"[]","[]","[]","[]","[]","[]","[]","[]","[]","[]",1,"[274761]","[-1.24368]","[-0.759467]","[516397]","[17643.4]","[0]","[2.86312]","[0.428824]",0,"[]","[]","[]","[]","[]","[]","[]","[]","[]","[]",0,"[1338.24]",13272.9,"[14524,3062.87]","[]","[0]","[]"
264,284500,18408467,361105,8438.06,8579.63,1.65196e+11,1.74563,1,0.995146,1,1,0.9993,1.01302,1,0,1,0,1,"[0]","[1]","[55512.2]","[1.56554]","[-1.03345]","[138620]","[-0.00300455]","[-1]","[13]","[1]","[0]","[293.887]","[-0.000638587]","[0.0731879]",278404,-0.713612,1,"[326006]","[0.197965]","[2.37418]","[333720]","[1]","[0]","[0]","[-0.939988]",0,"[]","[]","[]","[]","[]","[]","[]","[]","[]","[]",1,"[309602]","[0.188539]","[2.37697]","[316091]","[24733.4]","[0]","[2.1229]","[0.647957]",0,"[]","[]","[]","[]","[]","[]","[]","[]","[]","[]",0,"[1083.94]",307.406,"[3418.81]","[]","[3466.66]","[]"
265,284500,18466896,361105,8434.47,8579.63,1.65196e+11,1.74563,0.97994,1,1,1,0.98813,1,1,1,0,0,1,"[0]","[1]","[154549]","[0.554411]","[1.5656]","[178916]","[0.00956726]","[-1]","[11]","[0]","[0]","[-136.351]","[0.133107]","[2.60186]",261439,1.54029,2,"[361048,65987.5]","[-1.22942,-1.21287]","[-1.49586,-2.18383]","[671020,121307]","[0.991493,0.996962]","[4,0]","[0,0]","[-0.667569,-0.542217]",0,"[]","[]","[]","[]","[]","[]","[]","[]","[]","[]",1,"[359164]","[-1.2409]","[-1.54772]","[680791]","[102385]","[0]","[2.4134]","[0.722458]",0,"[]","[]","[]","[]","[]","[]","[]","[]","[]","[]",0,"[832.871]",14103.9,"[16871.2,3366.85]","[]","[21845]","[]"
266,284500,13281030,361105,8436.84,8579.63,1.65196e+11,0.934886,1,1.00053,1,1,0.999441,0.991343,1,0,1,0,1,"[0]","[1]","[124268]","[-0.625885]","[-0.390883]","[149413]","[0.126829]","[-1]","[13]","[1]","[0]","[-403.106]","[0.0389495]","[7.85811]",174385,-0.42286,1,"[285996]","[-0.333561]","[2.75568]","[303591]","[1]","[0]","[0]","[-0.652101]",0,"[]","[]","[]","[]","[]","[]","[]","[]","[]","[]",1,"[289190]","[-0.340442]","[2.75583]","[307661]","[30840.7]","[0]","[1.42338]","[0.678899]",0,"[]","[]","[]","[]","[]","[]","[]","[]","[]","[]",0,"[2299.8]",2370.19,"[3981.76]","[]","[11770.1]","[]"
267,284500,18353905,361105,8431.06,8579.63,1.65196e+11,1.74563,1,0.995255,1,1,0.998702,1.027,1,0,1,0,1,"[0]","[1]","[26340.5]","[0.41481]","[-1.08182]","[28639.5]","[0.0174904]","[-1]","[13]","[1]","[0]","[-519.261]","[-0.0313122]","[2.86633]",187424,-1.61729,3,"[273846,102969,90298.6]","[1.67871,0.520623,-1.71598]","[1.96344,0.701324,-1.26853]","[759367,117778,259700]","[1,0.992571,1]","[0,0,0]","[0,0,0]","[-0.887298,-0.928094,-0.945595]",0,"[]","[]","[]","[]","[]","[]","[]","[]","[]","[]",1,"[271759]","[1.66778]","[1.96574]","[745934]","[11331.5]","[0]","[6.63544]","[0.607404]",0,"[]","[]","[]","[]","[]","[]","[]","[]","[]","[]",0,"[149.645]",8385.98,"[8560.92,5494.63,7496.79]","[]","[23683.1]","[]"
268,284500,18371778,361105,8438.94,8579.63,1.65196e+11,1.24168,1,0.986328,1,1,0.999464,0.979119,1,0,1,0,1,"[0]","[1]","[62325.8]","[1.76442]","[-2.82476]","[187272]","[-0.106941]","[-1]","[13]","[1]","[0]","[665.594]","[-0.0344247]","[3.21389]",210687,-2.7681,2,"[262282,51691.6]","[0.654419,0.150628]","[0.527762,-1.20977]","[321148,53425.2]","[0.998526,0.989253]","[0,0]","[0,0]","[-0.902787,-0.654823]",0,"[]","[]","[]","[]","[]","[]","[]","[]","[]","[]",1,"[262654]","[0.64699]","[0.530157]","[320025]","[17034.3]","[0]","[3.089]","[0.475375]",0,"[]","[]","[]","[]","[]","[]","[]","[]","[]","[]",0,"[585.765]",3877.17,"[4971.47,2312.48]","[]","[0]","[]"
269,284500,17999857,361105,8437.43,8579.63,1.65196e+11,1.74563,0.98697,1,1,1,0.99753,1.00582,1,1,0,0,1,"[0]","[1]","[321846]","[-0.158014]","[1.70606]","[325872]","[-0.0659637]","[-1]","[11]","[1]","[0]","[-237.46]","[0.0455486]","[4.45775]",46827.4,1.15688,5,"[157930,103489,86550.7,30287.1,23666.8]","[1.55732,-1.01786,-1.74576,-1.45484,0.196572]","[-1.1603,-1.23545,-2.34279,-2.64981,-2.36126]","[391674,162239,255877,68498.1,24454.7]","[0.999742,1,0.997987,0.934548,0.99691]","[0,0,0,0,0]","[0,0,0,0,0]","[-0.872183,-0.675082,-0.821664,-0.8515,-0.84278]",0,"[]","[]","[]","[]","[]","[]","[]","[]","[]","[]",1,"[335686]","[-0.105864]","[1.70966]","[337599]","[4524.18]","[1]","[0]","[-1]",0,"[]","[]","[]","[]","[]","[]","[]","[]","[]","[]",0,"[5511.49]",11307.9,"[4863.26,4419.75,2955.83,2414.63,1727.89]","[]","[193.75]","[]"
270,284500,13216509,361105,8428.99,8579.63,1.65196e+11,1.55465,0.96787,1,1,1,0.998041,0.98743,1,1,0,0,1,"[0]","[1]","[128323]","[-0.0872179]","[1.37895]","[128812]","[-0.0439014]","[-1]","[11]","[1]","[0]","[-515.642]","[-0.0239017]","[2.58537]",293660,1.39507,3,"[389210,29771.3,22767]","[-0.77455,0.715297,1.17017]","[-1.63045,-2.81251,-2.49173]","[512335,38073.1,40430.9]","[0.998405,0.989147,0.960081]","[0,0,0]","[0,0,0]","[-0.885922,-0.885146,-0.395524]",0,"[]","[]","[]","[]","[]","[]","[]","[]","[]","[]",1,"[393141]","[-0.763249]","[-1.62864]","[513577]","[16207.7]","[0]","[4.10515]","[0.0607785]",0,"[]","[]","[]","[]","[]","[]","[]","[]","[]","[]",0,"[994.025]",21428.1,"[11751.2,2209.37,1629.63]","[]","[4785.66]","[]"
271,284500,13302906,361105,8433.32,8579.63,1.65196e+11,1.08735,0.96323,1,1,1,0.986674,1.00493,1,1,0,0,1,"[0]","[1]","[270690]","[-1.24672]","[-2.77683]","[509759]","[-0.0169449]","[-1]","[11]","[1]","[0]","[10448.1]","[-0.0336225]","[4.00252]",60468.3,-1.72082,3,"[278552,74955.5,69089.1]","[-0.367512,2.0215,-0.302017]","[0.0683952,1.85241,1.57702]","[297742,288229,72787.5]","[1,0.992886,0.958149]","[4,0,0]","[0,0,0]","[-0.708191,-0.838798,-0.919246]",0,"[]","[]","[]","[]","[]","[]","[]","[]","[]","[]",2,"[317725,289096]","[-1.27973,-0.401858]","[-2.779,0.0696088]","[615419,312961]","[5242.12,11365.5]","[1,0]","[6.92131,1.87297]","[0.552565,-1]",0,"[]","[]","[]","[]","[]","[]","[]","[]","[]","[]",0,"[3480.48]",8156.29,"[9664.59,2394.92,5600.45]","[]","[6086.72,20359.1]","[]"
272,284500,18695206,361105,8432.1,8579.63,1.65196e+11,1.08735,0.98697,1,1,1,0.998527,1.00582,1,1,0,0,1,"[0]","[1]","[152553]","[-0.575815]","[-2.80198]","[178550]","[0.00244141]","[-1]","[11]","[1]","[0]","[-1116.33]","[0.0128789]","[1.61041]",242894,-2.56311,2,"[194089,190766]","[-1.57836,-1.75702]","[0.101247,0.941551]","[490707,569461]","[0.99,0.994306]","[0,0]","[0,0]","[-0.428472,-0.115458]",0,"[]","[]","[]","[]","[]","[]","[]","[]","[]","[]",1,"[376037]","[-1.80642]","[0.511921]","[1.19209e+06]","[197310]","[0]","[1.04451]","[0.532318]",0,"[]","[]","[]","[]","[]","[]","[]","[]","[]","[]",0,"[663.584]",1468.09,"[4676.08,3649.09]","[]","[10503.1]","[]"
273,284500,17986608,361105,8438.59,8579.63,1.65196e+11,0.402058,0.98697,1,1,1,0.997996,1.00582,1,1,0,0,1,"[0]","[1]","[191216]","[-0.157957]","[-1.5831]","[193607]","[0.0149727]","[-1]","[11]","[1]","[0]","[-290.5]","[0.0215697]","[3.58772]",387232,-1.56576,1,"[577018]","[0.582004]","[1.57802]","[681567]","[0.98752]","[0]","[0]","[-0.816972]",0,"[]","[]","[]","[]","[]","[]","[]","[]","[]","[]",1,"[551956]","[0.601133]","[1.59474]","[658805]","[73225.5]","[0]","[1.51426]","[0.635087]",0,"[]","[]","[]","[]","[]","[]","[]","[]","[]","[]",0,"[1082.56]",4403.16,"[8359.78]","[]","[30619]","[]"
274,284500,18666149,361105,8439.99,8579.63,1.65196e+11,1.08735,1,0.991979,1,1,0.998239,0.836291,1,0,1,0,1,"[0]","[1]","[186665]","[-0.412389]","[-1.2537]","[202764]","[0.0434685]","[-1]","[13]","[1]","[0]","[654.201]","[0.160216]","[22.1981]",223973,-1.1816,2,"[431376,51289.5]","[0.301444,1.76496]","[2.06995,0.2832]","[451290,154322]","[0.998837,0.987006]","[0,0]","[0,0]","[-0.526733,-0.859841]",0,"[]","[]","[]","[]","[]","[]","[]","[]","[]","[]",1,"[416309]","[0.324838]","[2.07095]","[438981]","[21224.8]","[0]","[0]","[-1]",0,"[]","[]","[]","[]","[]","[]","[]","[]","[]","[]",0,"[29398.7]",5946.25,"[7641.43,2380.57]","[]","[1679.09]","[]"
275,284500,12569406,361105,8433.31,8579.63,1.65196e+11,0.934886,0.97332,1,1,1,0.997881,0.98683,1,1,0,0,1,"[0]","[1]","[75887.5]","[-0.904234]","[0.773868]","[109084]","[-0.0118866]","[-1]","[11]","[1]","[0]","[-328.25]","[-0.0122422]","[1.33444]",277500,0.505523,3,"[396993,153705,32348.3]","[-1.29798,0.583582,-0.493587]","[-2.29409,1.72439,-2.62072]","[781874,181206,36625.9]","[0.977724,0.99213,0.993634]","[0,0,0]","[0,0,0]","[-0.744608,-0.807452,-0.938492]",0,"[]","[]","[]","[]","[]","[]","[]","[]","[]","[]",1,"[395784]","[-1.28377]","[-2.30973]","[776886]","[108666]","[0]","[3.2238]","[0.72922]",0,"[]","[]","[]","[]","[]","[]","[]","[]","[]","[]",0,"[725.115]",5179.5,"[16487.5,2458.09,1892.35]","[]","[15121.2]","[]"
276,284500,18317590,361105,8430.48,8579.63,1.65196e+11,0.351687,0.96896,1,1,1,0.998874,0.97492,1,1,0,0,1,"[0]","[1]","[47036.8]","[-0.0563049]","[-1.84421]","[47111.4]","[0.381648]","[-1]","[11]","[1]","[0]","[83.2165]","[0.0183554]","[1.65438]",315187,-1.7205,3,"[334075,127497,62688.5]","[0.367272,-2.01487,-1.64166]","[1.67939,0.359651,0.987759]","[358198,486908,168224]","[0.990873,0.997571,0.999094]","[0,0,0]","[0,0,0]","[-0.682556,-0.670759,-0.264311]",0,"[]","[]","[]","[]","[]","[]","[]","[]","[]","[]",1,"[325872]","[0.375702]","[1.66163]","[349669]","[19170.1]","[0]","[2.05666]","[0.593851]",0,"[]","[]","[]","[]","[]","[]","[]","[]","[]","[]",0,"[33.1725]",22412.8,"[4112.06,3536.24,2695.16]","[]","[8554.78]","[]"
277,284500,11122971,361105,8434.56,8579.63,1.65196e+11,1.74563,1,0.998019,1,1,0.999005,1.0226,1,0,1,0,1,"[0]","[1]","[30538.2]","[-1.37856]","[0.0374892]","[64453.1]","[0.0321274]","[-1]","[13]","[1]","[0]","[186.454]","[0.0347739]","[4.06989]",253299,-0.0573247,1,"[267259]","[-1.67132]","[3.12435]","[736120]","[0.997539]","[0]","[0]","[0.189492]",0,"[]","[]","[]","[]","[]","[]","[]","[]","[]","[]",1,"[272228]","[-1.66538]","[3.13244]","[745522]","[8545.05]","[0]","[4.21828]","[0.572533]",0,"[]","[]","[]","[]","[]","[]","[]","[]","[]","[]",0,"[117.086]",529.281,"[3988.43]","[]","[3868.84]","[]"
278,284500,13277943,361105,8435.19,8579.63,1.65196e+11,0.596562,1,0.998264,1,1,1.19298,0.954216,1,0,1,0,1,"[0]","[1]","[102048]","[0.397223]","[-1.7525]","[110206]","[-0.0346584]","[-1]","[13]","[1]","[0]","[1119.74]","[-0.0277061]","[4.45087]",191244,-1.89672,3,"[149636,97650.8,79290.3]","[-1.14601,-1.44487,-1.70647]","[1.32579,1.88453,0.875393]","[259721,218693,225917]","[0.99995,1,0.98]","[0,0,4]","[0,0,0]","[-0.833458,-0.903693,0.950418]",0,"[]","[]","[]","[]","[]","[]","[]","[]","[]","[]",1,"[335070]","[-1.43802]","[1.37094]","[763580]","[165231]","[0]","[1.29157]","[0.343747]",0,"[]","[]","[]","[]","[]","[]","[]","[]","[]","[]",0,"[3470.67]",23345.5,"[8694.33,7712.83,2728.91]","[]","[8228.44]","[]"
279,284500,4615185,361105,8431.57,8579.63,1.65196e+11,0.596562,0.98089,1,1,1,0.989101,0.99866,1,1,0,0,1,"[0]","[1]","[166458]","[-1.06615]","[1.906]","[270370]","[-0.0432892]","[-1]","[11]","[1]","[0]","[2017.6]","[-0.00169861]","[0.263724]",51314.2,1.98764,3,"[247166,51428.4,20628.9]","[-1.66491,-0.286477,-1.07526]","[-1.34671,1.54769,-0.527801]","[676801,53936.3,33924.3]","[0.975304,0.980421,0.903553]","[4,0,0]","[0,0,0]","[-0.938139,-0.974298,-0.930509]",0,"[]","[]","[]","[]","[]","[]","[]","[]","[]","[]",1,"[254972]","[-1.65987]","[-1.34975]","[694785]","[14089.3]","[0]","[2.07691]","[0.724545]",0,"[]","[]","[]","[]","[]","[]","[]","[]","[]","[]",0,"[2051]",17559.9,"[2930.36,5384.37,1157.06]","[]","[0]","[]"
280,284500,4626069,361105,8439.97,8579.63,1.65196e+11,1.08735,1,0.994065,1,1,0.999457,0.820392,1,0,1,0,1,"[0]","[1]","[101083]","[0.15166]","[-1.92111]","[102248]","[0.168552]","[-1]","[13]","[1]","[0]","[180.553]","[0.0614098]","[9.49942]",180745,-2.19008,1,"[278368]","[0.27512]","[1.06503]","[290839]","[1]","[0]","[0]","[-0.815967]",0,"[]","[]","[]","[]","[]","[]","[]","[]","[]","[]",1,"[269087]","[0.287411]","[1.07028]","[282019]","[31296.2]","[0]","[1.22698]","[0.73246]",0,"[]","[]","[]","[]","[]","[]","[]","[]","[]","[]",0,"[4802.26]",2090.03,"[3756.6]","[]","[11749.5]","[]"
281,284500,4587549,361105,8433.39,8579.63,1.65196e+11,1.74563,1,0.979958,1,1,0.988315,1.00835,1,0,1,0,1,"[0]","[1]","[108902]","[1.6001]","[2.84594]","[280718]","[0.00187445]","[-1]","[13]","[1]","[0]","[224.648]","[0.00024126]","[0.0343589]",134925,2.72974,4,"[367143,149477,41723.9,41550.5]","[1.83913,1.81855,1.90072,1.43525]","[-0.199565,-2.89359,1.66847,1.97839]","[1.18425e+06,473038,142845,92661.2]","[0.993753,0.977839,1,0.994092]","[4,0,0,0]","[0,0,0,0]","[-0.112402,-0.706151,-0.841085,-0.904379]",0,"[]","[]","[]","[]","[]","[]","[]","[]","[]","[]",1,"[366174]","[1.8417]","[-0.200575]","[1.18395e+06]","[18376.2]","[0]","[4.29868]","[0.776663]",0,"[]","[]","[]","[]","[]","[]","[]","[]","[]","[]",0,"[7816.72]",14969.4,"[13290.4,3504.96,3150.92,9157.81]","[]","[28936.6]","[]"
282,284500,4795184,361105,8437.7,8579.63,1.65196e+11,1.08735,1,1,1,1,0.999456,1,1,1,0,0,1,"[0]","[1]","[203766]","[2.42827]","[1.75155]","[1.16426e+06]","[2.76042]","[1]","[11]","[0]","[0]","[9712.06]","[-0.187083]","[10.7935]",64492.1,2.14128,1,"[268092]","[0.62206]","[-1.21489]","[321990]","[0.996717]","[0]","[0]","[-0.894937]",0,"[]","[]","[]","[]","[]","[]","[]","[]","[]","[]",1,"[262713]","[0.610548]","[-1.21691]","[313501]","[13284]","[0]","[4.62509]","[0.602429]",0,"[]","[]","[]","[]","[]","[]","[]","[]","[]","[]",0,"[8352.54]",6450.45,"[4413.54]","[]","[0]","[]"
283,284500,4585200,361105,8428.85,8579.63,1.65196e+11,0,0.97738,1,1,1,0.996547,1.00056,1,1,0,0,1,"[0]","[1]","[66675.6]","[0.40182]","[-2.92733]","[72131.2]","[0.0692596]","[-1]","[11]","[1]","[0]","[2456.93]","[-0.0869598]","[11.978]",167414,-2.74753,4,"[302544,88405.1,46440.8,22936.3]","[1.45584,1.02033,2.25115,2.46431]","[0.591971,-2.09467,-0.675547,2.46045]","[684424,138868,223140,135894]","[0.996768,0.986134,0.933126,0]","[0,0,0,0]","[0,0,0,0]","[-0.866925,-0.942966,-0.885205,-0.714513]",0,"[]","[]","[]","[]","[]","[]","[]","[]","[]","[]",1,"[288674]","[1.47308]","[0.587741]","[662931]","[14258.3]","[0]","[1.73232]","[0.404464]",0,"[]","[]","[]","[]","[]","[]","[]","[]","[]","[]",0,"[657.775]",16632,"[13015.4,3062.42,2566.54,1888.7]","[]","[15320.8]","[]"
284,284500,4783261,361105,8430.62,8579.63,1.65196e+11,0.934886,1,0.99651,1,1,0.981678,0.927834,1,0,1,0,1,"[0]","[1]","[52427.8]","[-0.859821]","[-2.27374]","[73031.4]","[0.0112476]","[-1]","[13]","[1]","[0]","[1122.37]","[-0.0373002]","[4.25842]",207379,-2.58927,2,"[257966,75084.4]","[-1.89374,0.549243]","[0.299909,1.96875]","[876778,87401.7]","[0.992053,0.997299]","[0,4]","[0,0]","[-0.803637,-0.889946]",0,"[]","[]","[]","[]","[]","[]","[]","[]","[]","[]",1,"[260131]","[-1.88891]","[0.29861]","[880042]","[25081.4]","[0]","[2.00157]","[0.572259]",0,"[]","[]","[]","[]","[]","[]","[]","[]","[]","[]",0,"[405.513]",9134.62,"[10848.1,3308.32]","[]","[5340.86]","[]"
285,284500,4949606,361105,8431.73,8579.63,1.65196e+11,0,0.99093,1,1,1,0.999439,1.00306,1,1,0,0,1,"[0]","[1]","[145600]","[1.08895]","[1.09177]","[240803]","[0.069519]","[-1]","[11]","[1]","[0]","[3828.82]","[-0.0014167]","[0.174093]",174647,0.945061,1,"[267398]","[0.862268]","[-2.09551]","[373612]","[0.973347]","[0]","[0]","[-0.664418]",0,"[]","[]","[]","[]","[]","[]","[]","[]","[]","[]",1,"[268332]","[0.839155]","[-2.09618]","[368636]","[10540.2]","[0]","[0.603122]","[0.557104]",0,"[]","[]","[]","[]","[]","[]","[]","[]","[]","[]",0,"[1178.57]",19109.2,"[6544.18]","[]","[12046.6]","[]"
286,284500,4956870,361105,8434.64,8579.63,1.65196e+11,1.08735,0.99093,1,1,1,0.99881,1.00306,1,1,0,0,1,"[0]","[1]","[80722.2]","[1.06115]","[-0.562874]","[130598]","[-0.0704231]","[-1]","[11]","[1]","[0]","[-365.331]","[0.00824491]","[0.643255]",283838,0.499461,1,"[332299]","[-1.80542]","[-2.79338]","[1.03975e+06]","[0.99961]","[0]","[0]","[-0.824386]",0,"[]","[]","[]","[]","[]","[]","[]","[]","[]","[]",1,"[334148]","[-1.80899]","[-2.80822]","[1.0489e+06]","[58972.7]","[0]","[1.3513]","[0.633855]",0,"[]","[]","[]","[]","[]","[]","[]","[]","[]","[]",0,"[421.891]",2801.28,"[5283.17]","[]","[11289.8]","[]"
287,284500,4951851,361105,8434.81,8579.63,1.65196e+11,1.55465,1,0.999518,1,1,0.998959,0.964219,1,0,1,0,1,"[0]","[1]","[80535.4]","[2.17983]","[2.71811]","[360712]","[0.298088]","[-1]","[13]","[1]","[0]","[567.348]","[0.0123927]","[1.58895]",178760,2.43676,1,"[257711]","[1.77668]","[-0.617108]","[783470]","[0.985123]","[0]","[0]","[-0.832162]",0,"[]","[]","[]","[]","[]","[]","[]","[]","[]","[]",1,"[258133]","[1.76769]","[-0.618548]","[778146]","[14374.2]","[0]","[3.04663]","[0.692223]",0,"[]","[]","[]","[]","[]","[]","[]","[]","[]","[]",0,"[1417.45]",958.266,"[3983.41]","[]","[0]","[]"
288,284500,4792291,361105,8434.37,8579.63,1.65196e+11,0.596562,0.95734,1,1,1,0.998535,0.97256,1,1,0,0,1,"[0]","[1]","[31046]","[1.15857]","[2.5891]","[54319.9]","[-0.0881042]","[-1]","[11]","[1]","[0]","[-322.168]","[0.128727]","[9.03938]",333309,3.00199,2,"[219210,154160]","[1.1787,0.496264]","[-0.279994,-0.164451]","[390181,173726]","[0.995204,0.978353]","[0,0]","[0,0]","[-0.956172,-0.938679]",0,"[]","[]","[]","[]","[]","[]","[]","[]","[]","[]",1,"[371244]","[0.908554]","[-0.234083]","[551716]","[133568]","[0]","[0.345867]","[0.605185]",0,"[]","[]","[]","[]","[]","[]","[]","[]","[]","[]",0,"[55.1839]",10244,"[7844.53,4042.53]","[]","[25676]","[]"
289,284500,5064126,361105,8433.7,8579.63,1.65196e+11,1.74563,1,0.996212,1,1,0.992613,1.0266,1,0,1,0,1,"[0]","[1]","[139688]","[-1.69354]","[2.60033]","[392703]","[0.0713043]","[-1]","[13]","[1]","[0]","[-59.8251]","[0.0283859]","[5.28027]",93166.6,2.46908,4,"[370632,42318.6,41163.9,35235.4]","[0.314249,2.05635,-0.991566,0.923637]","[-0.0305654,-2.77695,-2.34562,-0.662517]","[390296,168344,63427.2,51933.4]","[0.992179,0.99,0.989962,0.999226]","[0,4,0,0]","[0,0,0,0]","[-0.817749,-0.473964,-0.88987,-0.826611]",0,"[]","[]","[]","[]","[]","[]","[]","[]","[]","[]",1,"[364826]","[0.275639]","[-0.0314896]","[379682]","[26257.8]","[0]","[2.03407]","[0.645824]",0,"[]","[]","[]","[]","[]","[]","[]","[]","[]","[]",0,"[2306.23]",6249.27,"[6626.05,1343.3,4571.68,2001.27]","[]","[10721.4]","[]"
290,284500,5126941,361105,8433.49,8579.63,1.65196e+11,0.934886,1,1.0002,1,1,0.999463,0.984056,1,0,1,0,1,"[0]","[1]","[58144.8]","[1.0467]","[0.0423694]","[93012.3]","[0.0603638]","[-1]","[13]","[1]","[0]","[664.019]","[-0.0320093]","[4.64999]",78177.9,-0.224522,2,"[261755,52218]","[0.94479,-0.019939]","[2.97082,-0.419672]","[388916,53017.8]","[1,0.979486]","[0,0]","[0,0]","[-0.868701,-0.90773]",0,"[]","[]","[]","[]","[]","[]","[]","[]","[]","[]",1,"[274022]","[0.90142]","[2.97013]","[394226]","[29817.5]","[0]","[1.54401]","[0.716404]",0,"[]","[]","[]","[]","[]","[]","[]","[]","[]","[]",0,"[132.096]",5445.07,"[4645.63,1882.54]","[]","[577.5]","[]"
291,284500,5102155,361105,8436.77,8579.63,1.65196e+11,0.596562,1,0.994796,1,1,0.997752,0.816701,1,0,1,0,1,"[0]","[1]","[93788.1]","[0.46706]","[0.494575]","[104205]","[-43.1709]","[-1]","[13]","[1]","[1247.77]","[79.4217]","[-0.13431]","[24.89]",230032,0.244001,4,"[315853,50114.4,48405.9,20894]","[1.9553,0.0930933,-2.08112,-0.889066]","[-2.84912,-2.94498,0.419522,-1.6998]","[1.13849e+06,50855.2,197013,29956.1]","[0.00788513,0.98953,0.99919,0.984388]","[0,0,0,0]","[0,0,0,0]","[-0.755425,-0.318353,-0.429854,-0.881138]",0,"[]","[]","[]","[]","[]","[]","[]","[]","[]","[]",1,"[331804]","[1.95758]","[-2.8526]","[1.20073e+06]","[75258.1]","[0]","[3.65695]","[0.738285]",0,"[]","[]","[]","[]","[]","[]","[]","[]","[]","[]",0,"[748.484]",21934.7,"[21530.4,2039.21,2322.31,1185.26]","[]","[10997.6]","[]"
292,284500,5131176,361105,8434.56,8579.63,1.65196e+11,0.738662,0.96972,1,1,1,0.998779,0.99544,1,1,0,0,1,"[0]","[1]","[279667]","[1.21257]","[1.31461]","[511729]","[0.0349731]","[-1]","[11]","[1]","[0]","[9728.42]","[-0.0103292]","[1.05992]",150623,1.20227,3,"[257227,153333,73175.9]","[0.565824,-0.298615,-0.517775]","[-1.80353,-2.23596,-1.83037]","[300110,162926,84311]","[0.999577,0.980199,0.973028]","[0,0,0]","[0,0,0]","[-0.928411,-0.897626,-0.775433]",0,"[]","[]","[]","[]","[]","[]","[]","[]","[]","[]",2,"[433501,331688]","[0.175382,1.20496]","[-1.95076,1.31979]","[495350,603062]","[227177,1441.6]","[0,1]","[0.883441,0]","[0.537931,-1]",0,"[]","[]","[]","[]","[]","[]","[]","[]","[]","[]",0,"[4554.66]",1750.94,"[4087.65,2407.16,3154.37]","[]","[755.75,5539.16]","[]"
293,284500,5176596,361105,8438.43,8579.63,1.65196e+11,0,0.96558,1,1,1,1,0.99746,1,1,0,0,1,"[0]","[1]","[71697]","[-1.64593]","[2.62337]","[192817]","[0.0587883]","[-1]","[11]","[1]","[1216.49]","[-475.718]","[-0.0595053]","[5.95583]",174869,2.78421,0,"[]","[]","[]","[]","[]","[]","[]","[]",0,"[]","[]","[]","[]","[]","[]","[]","[]","[]","[]",1,"[253863]","[-0.832607]","[-0.997187]","[347343]","[14060.4]","[0]","[4.47892]","[0.689549]",0,"[]","[]","[]","[]","[]","[]","[]","[]","[]","[]",0,"[498.888]",5951.09,"[]","[]","[13820.4]","[]"
294,284500,5200076,361105,8437.22,8579.63,1.65196e+11,1.55465,0.9549,1,1,1,0.99851,1.03188,1,1,0,0,1,"[0]","[1]","[42448.7]","[-2.36311]","[2.41453]","[227484]","[0.20211]","[-1]","[11]","[1]","[0]","[257.689]","[0.0235659]","[1.47849]",283242,2.54863,3,"[261383,54435.6,27889]","[-0.245411,2.48525,-0.832754]","[-0.560512,-1.24163,0.364394]","[271809,329099,38641.8]","[1,0.996409,0.975348]","[0,0,0]","[0,0,0]","[-0.944735,-0.885488,-0.89532]",0,"[]","[]","[]","[]","[]","[]","[]","[]","[]","[]",1,"[254415]","[-0.221966]","[-0.555227]","[263753]","[39963.1]","[0]","[1.44347]","[0.59807]",0,"[]","[]","[]","[]","[]","[]","[]","[]","[]","[]",0,"[136.931]",3928.59,"[3329.23,9895.56,3745.94]","[]","[0]","[]"
295,284500,5195580,361105,-8436.85,8579.63,1.65196e+11,0.934886,0.96709,1,1,1,0.982038,1.00936,1,1,0,0,1,"[0]","[1]","[120771]","[0.0237761]","[2.66648]","[120806]","[-0.0970116]","[-1]","[11]","[1]","[0]","[-1300.89]","[-0.00399975]","[0.249079]",186151,3.10003,2,"[154329,102994]","[1.44855,1.80986]","[-0.557461,-0.369492]","[346894,323081]","[0.993957,0.992367]","[0,4]","[0,0]","[-0.9286,-0.228851]",0,"[]","[]","[]","[]","[]","[]","[]","[]","[]","[]",1,"[253814]","[1.62241]","[-0.484786]","[670478]","[59033]","[0]","[0.929492]","[0.742221]",0,"[]","[]","[]","[]","[]","[]","[]","[]","[]","[]",0,"[688.283]",5106.36,"[3596.99,10378.4]","[]","[16167.8]","[]"
296,284500,5210254,361105,8434.93,8579.63,1.65196e+11,1.55465,1,0.98926,1,1,0.996764,0.999379,1,0,1,0,1,"[0]","[1]","[33132.6]","[-1.68292]","[-1.55226]","[92225.8]","[-0.212835]","[-1]","[13]","[1]","[0]","[-271.884]","[0.204769]","[19.8363]",482430,-1.60883,3,"[434971,96756.5,31239.2]","[-1.79147,-1.23264,1.84669]","[1.72696,1.58731,0.0975176]","[1.34105e+06,180649,101596]","[0.985383,1,1]","[0,0,0]","[0,0,0]","[-0.899878,-0.143937,-0.311855]",0,"[]","[]","[]","[]","[]","[]","[]","[]","[]","[]",1,"[504521]","[-1.73308]","[1.7173]","[1.47545e+06]","[102438]","[0]","[1.70524]","[0.792032]",0,"[]","[]","[]","[]","[]","[]","[]","[]","[]","[]",0,"[91.4836]",11439.5,"[11925.9,2474.97,1907.04]","[]","[13250.9]","[]"
297,284500,5372290,361105,8434.21,8579.63,1.65196e+11,1.74563,1,0.99525,1,1,0.999302,0.770355,1,0,1,0,1,"[0]","[1]","[50580.7]","[0.401536]","[0.477873]","[54713.5]","[-0.145523]","[-1]","[13]","[1]","[0]","[-477.477]","[0.120597]","[16.5774]",241997,0.36665,2,"[211850,74346.6]","[0.61833,0.205793]","[-2.90299,-2.45099]","[254006,76592.4]","[0.990235,0.999707]","[0,0]","[0,0]","[-0.826757,-0.791912]",0,"[]","[]","[]","[]","[]","[]","[]","[]","[]","[]",1,"[279996]","[0.535692]","[-2.79494]","[329230]","[72533.1]","[0]","[1.08622]","[0.781311]",0,"[]","[]","[]","[]","[]","[]","[]","[]","[]","[]",0,"[81.6924]",13718.9,"[4418.91,3777.45]","[]","[5983.84]","[]"
298,284500,5461760,361105,8434.99,8579.63,1.65196e+11,1.08735,0.96825,1,1,1,0.999461,0.99461,1,1,0,0,1,"[0]","[1]","[67223.4]","[-2.01494]","[0.439063]","[256579]","[-0.178185]","[-1]","[11]","[1]","[0]","[-839.083]","[-0.0271921]","[1.53327]",191107,0.513425,2,"[280747,52609]","[-0.909994,0.228337]","[-2.4492,1.86836]","[405782,54257.1]","[0.967873,0.996006]","[0,0]","[0,0]","[-0.832803,-0.928085]",0,"[]","[]","[]","[]","[]","[]","[]","[]","[]","[]",1,"[268159]","[-0.9328]","[-2.47901]","[395048]","[34573.1]","[0]","[2.56643]","[0.556962]",0,"[]","[]","[]","[]","[]","[]","[]","[]","[]","[]",0,"[384.342]",1143.03,"[4049.89,5209.37]","[]","[1718.12]","[]"
299,284500,5278334,361105,8436.67,8579.63,1.65196e+11,0.402058,1,0.997085,1,1,0.997424,1.00224,1,0,1,0,1,"[0]","[1]","[178127]","[-1.42578]","[-0.473119]","[392006]","[-0.0893345]","[-1]","[13]","[1]","[0]","[-118.305]","[-0.016824]","[3.18302]",127365,-0.422336,4,"[294168,173846,119075,24048.6]","[-1.21151,-0.115468,-0.0434623,-0.573791]","[1.90031,-1.82824,2.6472,-1.9679]","[538412,177441,121196,28350.5]","[0.99754,0.998689,0.999679,0.98]","[0,0,0,0]","[0,0,0,0]","[-0.909239,0.184782,-0.924801,-0.878543]",0,"[]","[]","[]","[]","[]","[]","[]","[]","[]","[]",1,"[281271]","[-1.2197]","[1.90013]","[518141]","[20184.1]","[0]","[2.45513]","[0.557332]",0,"[]","[]","[]","[]","[]","[]","[]","[]","[]","[]",0,"[11179.9]",7289.88,"[11381.1,2392.19,2071.26,1841.49]","[]","[7466.44]","[]"
300,284500,5294392,361105,8429.86,8579.63,1.65196e+11,1.74563,1,0.998281,1,1,0.998999,1.0065,1,0,1,0,1,"[0]","[1]","[26676.4]","[1.30384]","[0.218092]","[52751.3]","[0.0358772]","[-1]","[13]","[1]","[0]","[-417.433]","[0.0455803]","[5.25363]",267771,0.285226,1,"[296517]","[1.62061]","[-2.8718]","[779274]","[0.999884]","[0]","[0]","[-0.854454]",0,"[]","[]","[]","[]","[]","[]","[]","[]","[]","[]",1,"[302988]","[1.62212]","[-2.87118]","[797368]","[22433.7]","[0]","[1.66712]","[0.726043]",0,"[]","[]","[]","[]","[]","[]","[]","[]","[]","[]",0,"[229.396]",16462.8,"[17009.4]","[]","[11209.2]","[]"
301,284500,5428333,361105,8441.68,8579.63,1.65196e+11,0.934886,1,0.994259,1,1,0.997871,0.917328,1,0,1,0,1,"[0]","[1]","[98448.7]","[0.270768]","[2.43302]","[102080]","[-0.148979]","[-1]","[13]","[1]","[0]","[-422.142]","[0.0172822]","[2.71818]",121725,2.58651,2,"[254500,20872.9]","[-0.837404,2.29186]","[-0.436458,-2.97553]","[349698,104361]","[0.998286,1]","[0,0]","[0,0]","[-0.696393,-0.704669]",0,"[]","[]","[]","[]","[]","[]","[]","[]","[]","[]",1,"[268263]","[-0.786566]","[-0.443481]","[356461]","[24542]","[0]","[3.04809]","[0.685193]",0,"[]","[]","[]","[]","[]","[]","[]","[]","[]","[]",0,"[1785.23]",476.422,"[3878.58,2549.98]","[]","[9517.34]","[]"
302,284500,5280434,361105,8433.23,8579.63,1.65196e+11,0.934886,0.9823,1,1,1,0.998855,1.00632,1,1,0,0,1,"[0]","[1]","[131677]","[0.365148]","[0.894646]","[140553]","[-0.0246553]","[-1]","[11]","[1]","[0]","[955.744]","[0.0538235]","[9.05049]",175092,1.05041,2,"[305422,21282.9]","[0.529561,0.122759]","[-2.22039,-0.394446]","[349717,21819.4]","[0.997805,0.720554]","[0,0]","[0,0]","[-0.852369,-0.683324]",0,"[]","[]","[]","[]","[]","[]","[]","[]","[]","[]",1,"[300274]","[0.536545]","[-2.22174]","[344967]","[17107.7]","[0]","[2.40543]","[0.442411]",0,"[]","[]","[]","[]","[]","[]","[]","[]","[]","[]",0,"[549.068]",3720.48,"[7222.3,1633.92]","[]","[2858.5]","[]"
303,284500,5364578,361105,8430.48,8579.63,1.65196e+11,0.934886,1,0.994261,1,1,0.997645,0.881445,1,0,1,0,1,"[0]","[1]","[119022]","[-0.205905]","[-1.67793]","[121554]","[0.0282021]","[-1]","[13]","[1]","[0]","[-164.945]","[0.0213733]","[4.3915]",569199,-1.87952,2,"[677035,73946.8]","[0.545565,-0.945234]","[1.4086,-0.195194]","[780687,109676]","[0.996631,0.99]","[0,0]","[0,0]","[-0.433571,-0.932313]",0,"[]","[]","[]","[]","[]","[]","[]","[]","[]","[]",1,"[670117]","[0.571448]","[1.40705]","[782882]","[23089.2]","[0]","[8.51939]","[0.372109]",0,"[]","[]","[]","[]","[]","[]","[]","[]","[]","[]",0,"[9056.31]",6403.62,"[10968.5,5026.8]","[]","[21578.1]","[]"
304,284500,5283178,361105,8435.52,8579.63,1.65196e+11,0.506784,1,0.997305,1,1,0.999357,1.15755,1,0,1,0,1,"[0]","[1]","[120679]","[-0.970753]","[3.11447]","[182149]","[-0.0459671]","[-1]","[13]","[1]","[0]","[-342.055]","[0.0342171]","[7.3897]",146343,3.10412,3,"[264786,63203.6,39220.4]","[-0.0568478,-0.0459169,0.597948]","[0.165209,-0.562199,-2.84239]","[265518,63984.3,46923.7]","[0.999152,0.991373,0.999019]","[0,0,0]","[0,0,0]","[-0.904278,-0.825957,-0.88618]",0,"[]","[]","[]","[]","[]","[]","[]","[]","[]","[]",1,"[304665]","[-0.122937]","[0.0490892]","[321913]","[96941.3]","[0]","[1.1183]","[0.688663]",0,"[]","[]","[]","[]","[]","[]","[]","[]","[]","[]",0,"[2260.6]",3380.27,"[2938.59,2191.73,5126.84]","[]","[189.344]","[]"
305,284500,5379745,361105,8439.02,8579.63,1.65196e+11,1.08735,0.97076,1,1,1,0.994173,0.95972,1,1,0,0,1,"[0]","[1]","[56138.3]","[-1.06216]","[-0.269718]","[90896.8]","[0.0215378]","[-1]","[11]","[1]","[0]","[-687.852]","[0.00129374]","[0.139053]",297631,-1.76642,4,"[520346,215440,26181.1,20402.9]","[-0.12125,1.1997,1.54556,-2.14984]","[1.17861,-2.34244,-3.01779,-2.56151]","[524365,390464,64394.6,88822]","[1,0.989217,1,0.995715]","[0,0,0,0]","[0,0,0,0]","[-0.86517,-0.802826,0.738152,-0.593293]",0,"[]","[]","[]","[]","[]","[]","[]","[]","[]","[]",1,"[527646]","[-0.137843]","[1.17694]","[532781]","[11014.1]","[0]","[0]","[-1]",0,"[]","[]","[]","[]","[]","[]","[]","[]","[]","[]",0,"[580.022]",9248.91,"[6113.27,8294.99,2591.7,2257.88]","[]","[18373.4]","[]"
306,284500,6261129,361105,8440.92,8579.63,1.65196e+11,1.74563,0.98697,1,1,1,0.998755,1.00582,1,1,0,0,1,"[0]","[1]","[164502]","[-0.232654]","[1.26028]","[168974]","[-0.0245361]","[-1]","[11]","[1]","[0]","[1158.69]","[-0.00252221]","[0.349545]",236151,1.44975,2,"[390429,39830]","[-0.62335,-1.19806]","[-1.71225,-2.36402]","[470784,72480.9]","[1,0.988819]","[0,0]","[0,0]","[-0.298019,-0.868971]",0,"[]","[]","[]","[]","[]","[]","[]","[]","[]","[]",1,"[362012]","[-0.674191]","[-1.72138]","[448449]","[29931.4]","[0]","[1.84615]","[0.602065]",0,"[]","[]","[]","[]","[]","[]","[]","[]","[]","[]",0,"[911.511]",3790.45,"[6286.66,2130.23]","[]","[24769.9]","[]"
307,284500,6455216,361105,8434.93,8579.63,1.65196e+11,0.402058,1,0.995174,1,1,0.997429,0.988044,1,0,1,0,1,"[0]","[1]","[27545.5]","[1.88597]","[1.90027]","[92888.9]","[0.186368]","[-1]","[13]","[1]","[0]","[355.968]","[-0.0292473]","[2.95279]",182703,1.51777,3,"[271339,52256.9,25114.2]","[0.351037,-1.87969,1.5931]","[-1.43923,2.56925,1.18208]","[290177,175349,64544.2]","[0.987979,0.99,0.972116]","[0,0,0]","[0,0,0]","[-0.952439,-0.803521,-0.134892]",0,"[]","[]","[]","[]","[]","[]","[]","[]","[]","[]",1,"[277190]","[0.350982]","[-1.43787]","[296766]","[37085.4]","[0]","[2.41837]","[0.624073]",0,"[]","[]","[]","[]","[]","[]","[]","[]","[]","[]",0,"[115.944]",687.875,"[3183.29,4687.95,3566.77]","[]","[11995.1]","[]"
308,284500,6338590,361105,8431.07,8579.63,1.65196e+11,0.596562,0.96654,1,1,1,0.986698,0.9995,1,1,0,0,1,"[0]","[1]","[72098]","[2.28175]","[1.5051]","[356738]","[-0.393555]","[-1]","[11]","[1]","[0]","[112.479]","[-0.0183001]","[1.18107]",268569,1.49705,2,"[348070,24835.5]","[0.624595,-0.539555]","[-1.55819,2.73938]","[418942,28759.7]","[1,0.988176]","[4,0]","[0,0]","[0.553171,-0.868137]",0,"[]","[]","[]","[]","[]","[]","[]","[]","[]","[]",1,"[321979]","[0.657426]","[-1.54652]","[394470]","[17022.2]","[0]","[2.89613]","[0.473935]",0,"[]","[]","[]","[]","[]","[]","[]","[]","[]","[]",0,"[349.405]",9909.73,"[9307.97,4363.34]","[]","[9059.06]","[]"
309,284500,6497161,361105,8439.22,8579.63,1.65196e+11,0.934886,1,1.00069,1,1,0.999436,0.856682,1,0,1,0,1,"[0]","[1]","[92316.4]","[-0.682756]","[1.46775]","[114682]","[0.0320892]","[-1]","[13]","[1]","[0]","[169.952]","[0.00988497]","[1.85148]",209527,1.61121,2,"[286152,80849.3]","[-0.704903,1.20626]","[-1.78329,-0.0690227]","[360649,147548]","[0.988901,1]","[0,0]","[0,0]","[-0.817109,-0.611905]",0,"[]","[]","[]","[]","[]","[]","[]","[]","[]","[]",1,"[301070]","[-0.664078]","[-1.77864]","[370130]","[12102.6]","[0]","[1.09817]","[0.0450081]",0,"[]","[]","[]","[]","[]","[]","[]","[]","[]","[]",0,"[2491.6]",1865.81,"[4937.72,5291.75]","[]","[8617.38]","[]"
310,284500,6529384,361105,8429.32,8579.63,1.65196e+11,0.934886,1,0.993355,1,1,0.998134,0.97034,1,0,1,0,1,"[0]","[1]","[80312.7]","[-1.94239]","[-0.844864]","[285863]","[-0.169044]","[-1]","[13]","[1]","[0]","[556.464]","[-0.0189511]","[2.20797]",239643,-0.772139,3,"[308554,50397.8,25183.2]","[-1.2641,-1.97915,1.04477]","[2.63538,1.50309,1.62279]","[590483,185959,40479.5]","[1,0.99,0.963257]","[0,0,0]","[0,0,0]","[-0.898558,-0.844579,-0.547368]",0,"[]","[]","[]","[]","[]","[]","[]","[]","[]","[]",1,"[315625]","[-1.28248]","[2.6335]","[613265]","[24576.9]","[0]","[1.94109]","[0.725675]",0,"[]","[]","[]","[]","[]","[]","[]","[]","[]","[]",0,"[1922.01]",8430.36,"[12772.8,4223.31,2721.59]","[]","[1084.22]","[]"
311,284500,5063583,361105,8438.01,8579.63,1.65196e+11,0.596562,1,0.993604,1,1,0.99937,0.979059,1,0,1,0,1,"[0]","[1]","[61441.2]","[-0.53435]","[-2.59512]","[70423.7]","[0.0296822]","[-1]","[13]","[1]","[0]","[-369.665]","[0.00778837]","[1.06229]",204484,-2.70094,3,"[292854,102628,46657.4]","[0.253991,-1.67199,-0.952129]","[0.0355027,2.4586,0.945018]","[302847,282973,69999.5]","[0.983468,1,0.994905]","[0,0,0]","[0,0,0]","[-0.597391,-0.661489,-0.870731]",0,"[]","[]","[]","[]","[]","[]","[]","[]","[]","[]",1,"[281952]","[0.261283]","[0.0363606]","[292079]","[16160.1]","[0]","[3.08123]","[0.221469]",0,"[]","[]","[]","[]","[]","[]","[]","[]","[]","[]",0,"[768.701]",8483.41,"[5429.72,4522.94,3856.74]","[]","[10263.4]","[]"
312,284500,5154975,361105,8433.94,8579.63,1.65196e+11,0.934886,0.97375,1,1,1,0.986571,0.9741,1,1,0,0,1,"[0]","[1]","[57247.5]","[0.0464815]","[2.74065]","[57309.4]","[-0.140602]","[-1]","[11]","[1]","[0]","[234.198]","[0.0153835]","[1.34854]",228777,2.81663,1,"[284897]","[-0.311075]","[-0.331279]","[300037]","[0.994059]","[4]","[0]","[-0.878481]",0,"[]","[]","[]","[]","[]","[]","[]","[]","[]","[]",1,"[289084]","[-0.317311]","[-0.314434]","[306821]","[43231.7]","[0]","[2.6577]","[0.403599]",0,"[]","[]","[]","[]","[]","[]","[]","[]","[]","[]",0,"[106.15]",10516.7,"[10885.4]","[]","[48558.2]","[]"
313,284500,4749150,361105,8429.52,8579.63,1.65196e+11,0.934886,0.98458,1,1,1,0.998245,1.00582,1,1,0,0,1,"[0]","[1]","[131147]","[-0.221479]","[2.49347]","[134377]","[-0.0229263]","[-1]","[11]","[1]","[0]","[2977.58]","[0.01133]","[1.07021]",212547,2.30611,3,"[216558,125456,25021.7]","[-0.0405339,0.159957,0.545139]","[-0.988242,-0.335874,-0.805804]","[221000,127787,29353.5]","[0.99348,0.994067,0.98]","[0,0,0]","[0,0,0]","[-0.970084,-0.664987,-0.75592]",0,"[]","[]","[]","[]","[]","[]","[]","[]","[]","[]",1,"[288321]","[0.0040946]","[-0.755269]","[307163]","[105917]","[0]","[1.03997]","[0.758163]",0,"[]","[]","[]","[]","[]","[]","[]","[]","[]","[]",0,"[553.209]",10460.7,"[2544.51,2728.93,2759.11]","[]","[21349.5]","[]"
314,284500,5154038,361105,8433.94,8579.63,1.65196e+11,1.08735,0.95684,1,1,1,1.10521,0.96497,1,1,0,0,1,"[0]","[1]","[33183.8]","[-0.786106]","[0.874614]","[43976]","[0.0422668]","[-1]","[11]","[1]","[0]","[-708.562]","[-0.0610663]","[6.57937]",267842,0.69302,4,"[264449,63503.3,41556.3,21949.3]","[-0.00220189,2.07355,-1.49659,1.08982]","[-2.68178,-0.86202,-2.82423,-1.33005]","[264649,256643,97767.9,36466.6]","[1,0.99151,0.984684,0.986406]","[4,0,0,0]","[0,0,0,0]","[0.897739,-0.890514,-0.756777,-0.911263]",0,"[]","[]","[]","[]","[]","[]","[]","[]","[]","[]",1,"[268718]","[-0.0718518]","[-2.68061]","[269412]","[0.00305907]","[0]","[0]","[-1]",0,"[]","[]","[]","[]","[]","[]","[]","[]","[]","[]",0,"[32.4562]",29120.3,"[2458.3,4049.56,2201.74,1871.61]","[]","[16587.1]","[]"
315,284500,4981232,361105,8438.42,8579.63,1.65196e+11,1.21412,0.96203,1,1,1,0.997621,1.01508,1,1,0,0,1,"[0]","[1]","[160668]","[-1.60903]","[-0.236135]","[417580]","[-0.00631809]","[-1]","[11]","[1]","[0]","[643.873]","[-0.0175148]","[1.26556]",177111,-0.103774,2,"[323481,21439.3]","[0.0560052,2.0942]","[3.01371,2.22133]","[324443,88418.9]","[0.996316,0.99333]","[0,0]","[0,0]","[-0.865883,-0.837559]",0,"[]","[]","[]","[]","[]","[]","[]","[]","[]","[]",1,"[326794]","[0.0630109]","[3.00895]","[327790]","[15083.2]","[0]","[1.96844]","[0.445253]",0,"[]","[]","[]","[]","[]","[]","[]","[]","[]","[]",0,"[3299.09]",11101.1,"[3800.33,1584.39]","[]","[15868.4]","[]"
316,284500,4834729,361105,8435.87,8579.63,1.65196e+11,0.934886,0.97095,1,1,1,0.998549,0.99593,1,1,0,0,1,"[0]","[1]","[36213.5]","[-0.517149]","[-2.7976]","[41164.9]","[0.000166893]","[-1]","[11]","[1]","[0]","[1191.1]","[-0.0624627]","[5.67882]",246135,-2.71205,3,"[328186,35312.9,21385.7]","[0.00101186,0.537882,-0.159068]","[0.123649,0.228272,1.53399]","[333295,40672.9,22026]","[1,0.724843,0.986782]","[0,0,0]","[0,0,0]","[-0.913753,-0.927246,-0.66985]",0,"[]","[]","[]","[]","[]","[]","[]","[]","[]","[]",1,"[353596]","[0.0493032]","[0.137679]","[361963]","[75385.6]","[0]","[1.5968]","[0.688463]",0,"[]","[]","[]","[]","[]","[]","[]","[]","[]","[]",0,"[120.791]",936.844,"[5693.01,3711.07,1626.32]","[]","[6021.88]","[]"
317,284500,4600793,361105,8438.99,8579.63,1.65196e+11,1.24168,0.98089,1,1,1,0.997317,0.99866,1,1,0,0,1,"[0]","[1]","[283233]","[-0.924289]","[-1.39728]","[413079]","[-0.0247421]","[-1]","[11]","[1]","[0]","[1065.82]","[-0.00311205]","[0.292098]",34671.9,-1.25517,4,"[376798,33997.9,33849.3,31786.7]","[0.72883,-1.90243,-0.351323,0.595298]","[1.91169,-1.28527,0.190338,-0.814729]","[483167,116571,36240.8,37905.2]","[1,0.997252,0.90588,0.822881]","[0,0,0,0]","[0,0,0,0]","[-0.949894,-0.408126,-0.92737,-0.768144]",0,"[]","[]","[]","[]","[]","[]","[]","[]","[]","[]",2,"[354121,336214]","[0.761929,-0.987748]","[1.91765,-1.3909]","[462698,520195]","[25740.6,80018.4]","[0,1]","[2.74261,1.06479]","[0.565256,0.631525]",0,"[]","[]","[]","[]","[]","[]","[]","[]","[]","[]",0,"[3103.53]",7154.62,"[9032.5,3606.39,3353.55,4127.7]","[]","[8937.97,99.8125]","[]"
318,284500,4761773,361105,8440.11,8579.63,1.65196e+11,1.26205,0.97429,1,1,1,0.997436,0.98653,1,1,0,0,1,"[0]","[1]","[52247.1]","[0.362073]","[0.862113]","[55709.4]","[0.0358543]","[-1]","[11]","[1]","[0]","[2451.35]","[-0.0750474]","[4.89141]",338594,1.15928,3,"[327562,35095.4,24644.3]","[-0.92242,1.19329,-2.26525]","[-2.03986,-1.80061,-2.91721]","[477811,63469.2,120123]","[0.997456,1,0.787574]","[0,0,0]","[0,0,0]","[-0.913588,-0.865649,-0.632735]",0,"[]","[]","[]","[]","[]","[]","[]","[]","[]","[]",1,"[342651]","[-0.911385]","[-2.03448]","[495881]","[28086.7]","[0]","[2.61012]","[0.687256]",0,"[]","[]","[]","[]","[]","[]","[]","[]","[]","[]",0,"[244.796]",3791.88,"[4513.76,2688.87,1973.66]","[]","[14169.8]","[]"
319,284500,5764096,361105,8434.47,8579.63,1.65196e+11,0.596562,1,0.993556,1,1,0.994894,0.91655,1,0,1,0,1,"[0]","[1]","[146598]","[-0.347118]","[0.507208]","[155519]","[-0.0456488]","[-1]","[13]","[1]","[0]","[813.697]","[-0.00965255]","[1.84933]",273338,0.830686,4,"[482386,30271.3,22966.3,20409.3]","[-0.257881,-1.36727,-0.754296,1.99233]","[-2.3726,1.18007,0.814906,0.596728]","[499132,63612.4,30195.5,76366.8]","[1,0.904435,0.99,0.984103]","[0,0,0,0]","[0,0,0,0]","[-0.839566,-0.885074,-0.926953,-0.708198]",0,"[]","[]","[]","[]","[]","[]","[]","[]","[]","[]",1,"[494925]","[-0.260504]","[-2.37613]","[512170]","[19086.4]","[0]","[2.65873]","[0.344497]",0,"[]","[]","[]","[]","[]","[]","[]","[]","[]","[]",0,"[6057.34]",4600.34,"[10581.6,1441.35,5696.65,524.762]","[]","[31097.7]","[]"
320,284500,5884290,361105,8434.25,8579.63,1.65196e+11,0,0.94772,1,1,1,0.999409,0.94369,1,1,0,0,1,"[0]","[1]","[43334.1]","[-1.36766]","[0.461829]","[90586.8]","[-0.63488]","[-1]","[11]","[1]","[0]","[299]","[0.0563123]","[5.08402]",194662,0.815611,1,"[257328]","[0.137256]","[-2.41473]","[260358]","[0.99473]","[0]","[0]","[-0.904976]",0,"[]","[]","[]","[]","[]","[]","[]","[]","[]","[]",1,"[270363]","[0.164959]","[-2.41883]","[274296]","[11605.7]","[0]","[0.713905]","[0.186587]",0,"[]","[]","[]","[]","[]","[]","[]","[]","[]","[]",0,"[217.547]",6211.97,"[10741]","[]","[5933.16]","[]"
321,284500,5913717,361105,8436.27,8579.63,1.65196e+11,0.738662,0.97749,1,1,1,0.999433,1.00021,1,1,0,0,1,"[0]","[1]","[68950.2]","[0.668561]","[3.12509]","[84942.3]","[-0.0679474]","[-1]","[11]","[1]","[0]","[111.719]","[-0.00174432]","[0.241065]",178718,3.07132,1,"[245911]","[-0.375052]","[-0.0754985]","[264149]","[0.999127]","[0]","[0]","[-0.935147]",0,"[]","[]","[]","[]","[]","[]","[]","[]","[]","[]",1,"[252683]","[-0.323484]","[-0.0758853]","[266429]","[14776]","[0]","[1.88882]","[0.535116]",0,"[]","[]","[]","[]","[]","[]","[]","[]","[]","[]",0,"[171.589]",5415,"[6019.14]","[]","[0]","[]"
322,284500,6052249,361105,8439.24,8579.63,1.65196e+11,0.934886,1,0.989283,1,1,0.99535,1.01297,1,0,1,0,1,"[0]","[1]","[122213]","[-1.76611]","[3.05358]","[367802]","[0.121964]","[-1]","[13]","[1]","[0]","[-57.3659]","[0.00669658]","[0.941209]",248211,2.67495,6,"[449893,95795.1,29075.6,24991.4,21759.1,21371.1]","[-1.01942,-0.253824,1.54862,-0.460037,0.601253,0.453451]","[-0.411608,1.89885,-1.9752,2.90697,-2.82254,0.0299909]","[704890,100460,71603.3,27988.6,25968.1,24057.7]","[1,0.984513,0.990386,0.984614,0.976804,0.685018]","[0,0,0,0,0,0]","[0,0,0,0,0,0]","[-0.947979,-0.690108,-0.762678,-0.870032,0.0386126,-0.899992]",0,"[]","[]","[]","[]","[]","[]","[]","[]","[]","[]",1,"[408123]","[-1.0321]","[-0.41362]","[645572]","[10295.4]","[0]","[3.19464]","[-1]",0,"[]","[]","[]","[]","[]","[]","[]","[]","[]","[]",0,"[4782.33]",6270.33,"[9093.22,5396.02,3802.76,2485.74,1795.18,1801.74]","[]","[11160]","[]"
323,284500,6138761,361105,8440.79,8579.63,1.65196e+11,1.08735,1,0.999906,1,1,0.997851,1.02978,1,0,1,0,1,"[0]","[1]","[110730]","[-1.52032]","[-2.99572]","[265328]","[0.148207]","[-1]","[13]","[1]","[0]","[-208.879]","[0.1908]","[21.3926]",358799,-2.89497,1,"[484026]","[-1.58696]","[0.196421]","[1.23319e+06]","[0.996592]","[0]","[0]","[-0.983614]",0,"[]","[]","[]","[]","[]","[]","[]","[]","[]","[]",1,"[527616]","[-1.58706]","[0.198694]","[1.34409e+06]","[27517]","[0]","[3.28068]","[0.700887]",0,"[]","[]","[]","[]","[]","[]","[]","[]","[]","[]",0,"[4163.91]",25541.3,"[28420.6]","[]","[12080.3]","[]"
324,284500,6523457,361105,8432.97,8579.63,1.65196e+11,1.26205,1,0.995698,1,1,0.998897,1.00459,1,0,1,0,1,"[0]","[1]","[41384.1]","[0.825159]","[-0.710376]","[56290.9]","[-0.0410004]","[-1]","[13]","[1]","[0]","[-887.677]","[0.00178875]","[0.16959]",181758,-0.606909,2,"[258670,165399]","[0.151768,-2.35756]","[-3.00021,1.10117]","[262736,881655]","[0.99371,0.986868]","[0,0]","[0,0]","[-0.755478,-0.973641]",0,"[]","[]","[]","[]","[]","[]","[]","[]","[]","[]",1,"[270764]","[0.112116]","[-3.00373]","[273682]","[25755.3]","[0]","[2.19262]","[0.660025]",0,"[]","[]","[]","[]","[]","[]","[]","[]","[]","[]",0,"[137.257]",20261.1,"[3470.41,11081.3]","[]","[8518.12]","[]"
325,284500,6561567,361105,8435.15,8579.63,1.65196e+11,0.402058,1,0.993657,1,1,0.99804,0.810601,1,0,1,0,1,"[0]","[1]","[94075.4]","[0.0448181]","[-2.80868]","[94169.9]","[0.101627]","[-1]","[13]","[1]","[0]","[-341.765]","[0.0456958]","[7.14528]",270492,-2.71943,4,"[325092,30574.1,24086.9,21866.9]","[0.432851,0.810906,1.12879,0.984193]","[0.564403,-0.633697,-0.0630574,-1.20464]","[356520,41671,41334,33507.5]","[0.993391,0.99,0.973322,0.992923]","[0,0,0,0]","[0,0,0,0]","[-0.9098,-0.908605,-0.910456,-0.966686]",0,"[]","[]","[]","[]","[]","[]","[]","[]","[]","[]",1,"[311286]","[0.4493]","[0.562018]","[343582]","[15367.1]","[0]","[2.9291]","[0.358596]",0,"[]","[]","[]","[]","[]","[]","[]","[]","[]","[]",0,"[1170.47]",24249.9,"[6587.96,1934.06,3401.99,1945.29]","[]","[10751.6]","[]"
326,284500,6041866,361105,8435.91,8579.63,1.65196e+11,1.55465,1,0.994088,1,1,0.997704,0.874767,1,0,1,0,1,"[0]","[1]","[73131]","[-0.336135]","[-3.0943]","[77301.5]","[-0.0936508]","[-1]","[13]","[1]","[0]","[-549.325]","[-0.106055]","[17.1003]",355698,2.99673,5,"[293137,95080.7,76326.8,35182.2,20713.8]","[0.273387,-1.81742,-0.223205,0.487689,2.43968]","[0.257493,2.54382,-0.956941,-0.31886,2.16946]","[307037,300523,79040.7,39745.4,119737]","[0.990077,0.994923,0.99078,0.999867,0.0279534]","[0,0,0,0,0]","[0,0,0,0,0]","[-0.943015,-0.419623,-0.506468,-0.0534065,-0.757788]",0,"[]","[]","[]","[]","[]","[]","[]","[]","[]","[]",1,"[330034]","[0.369323]","[0.221674]","[363966]","[89464.9]","[0]","[1.99222]","[0.647039]",0,"[]","[]","[]","[]","[]","[]","[]","[]","[]","[]",0,"[886.361]",26949.8,"[8559.41,4356.09,5091.9,5309.39,1227.5]","[]","[13021.7]","[]"
327,284500,6061782,361105,8437.92,8579.63,1.65196e+11,1.24168,1,0.998691,1,1,0.988916,1.00455,1,0,1,0,1,"[0]","[1]","[84999.3]","[-1.77918]","[-1.41162]","[258984]","[-0.461769]","[-1]","[13]","[1]","[0]","[-136.747]","[0.125425]","[20.6946]",231081,-1.3001,4,"[299446,223312,46248.5,22089.8]","[-1.35997,1.5618,1.46754,-0.605748]","[1.0666,2.8196,-1.31358,2.48464]","[622171,555966,105825,26568.4]","[0.973667,1,1,0.975102]","[0,0,4,0]","[0,0,0,0]","[0.492969,-0.729511,-0.458,-0.778632]",0,"[]","[]","[]","[]","[]","[]","[]","[]","[]","[]",1,"[285738]","[-1.37352]","[1.07315]","[600594]","[15208.4]","[0]","[3.29361]","[0.693695]",0,"[]","[]","[]","[]","[]","[]","[]","[]","[]","[]",0,"[1645.44]",18487,"[8451.02,9844.07,7045.71,1680.89]","[]","[9425.25]","[]"
328,284500,6645954,361105,8433.46,8579.63,1.65196e+11,0.00183436,1,0.996715,1,1,0.998934,0.891463,1,0,1,0,1,"[0]","[1]","[63433]","[0.504137]","[0.189262]","[71666.2]","[-0.0218658]","[-1]","[13]","[1]","[1053.12]","[-186.597]","[0.0186373]","[2.39968]",168239,0.786615,2,"[252015,22064.9]","[0.288924,-1.04197]","[-2.53308,0.372725]","[263546,35265.7]","[1,0.679187]","[0,0]","[0,0]","[-0.911768,-0.772752]",0,"[]","[]","[]","[]","[]","[]","[]","[]","[]","[]",1,"[257875]","[0.26297]","[-2.52647]","[267555]","[19503.1]","[0]","[1.69743]","[0.354704]",0,"[]","[]","[]","[]","[]","[]","[]","[]","[]","[]",0,"[510.999]",4075.7,"[3301.03,3164.57]","[]","[0]","[]"
329,284500,6623945,361105,8433.94,8579.63,1.65196e+11,1.08735,0.98697,1,1,1,0.997281,1.00582,1,1,0,0,1,"[0]","[1]","[176723]","[-0.467452]","[0.095795]","[196385]","[-0.015213]","[-1]","[11]","[1]","[0]","[-265.013]","[-0.000407897]","[0.0648101]",221417,0.219682,3,"[329424,28933.8,23485.7]","[-0.974783,-0.519504,-1.58809]","[-2.96726,3.13922,-2.80206]","[500257,33235.9,60097.8]","[0.999808,0.989325,0.973832]","[0,0,0]","[0,0,0]","[-0.948926,-0.728992,0.332851]",0,"[]","[]","[]","[]","[]","[]","[]","[]","[]","[]",1,"[320612]","[-0.998734]","[-2.97802]","[496829]","[50526.8]","[0]","[2.17921]","[0.595732]",0,"[]","[]","[]","[]","[]","[]","[]","[]","[]","[]",0,"[1693.42]",8810.64,"[6634.9,3267.91,1817.87]","[]","[16575.4]","[]"
330,284500,6625687,361105,8433.06,8579.63,1.65196e+11,1.08735,0.97538,1,1,1,1,1.01508,1,1,0,0,1,"[0]","[1]","[105172]","[-1.64502]","[1.11675]","[282603]","[0.0318203]","[-1]","[11]","[1]","[0]","[1565.87]","[-0.00204747]","[0.178791]",266374,1.15222,0,"[]","[]","[]","[]","[]","[]","[]","[]",0,"[]","[]","[]","[]","[]","[]","[]","[]","[]","[]",1,"[354508]","[-1.69814]","[-1.97966]","[1.00128e+06]","[26840.7]","[0]","[7.80078]","[0.431304]",0,"[]","[]","[]","[]","[]","[]","[]","[]","[]","[]",0,"[1899.97]",26238.5,"[]","[]","[22166.1]","[]"
331,284500,6626602,361105,8434.47,8579.63,1.65196e+11,1.08735,0.97097,1,1,1,0.998918,0.99737,1,1,0,0,1,"[0]","[1]","[36556.6]","[0.458798]","[-0.871804]","[40472.1]","[0.0370007]","[-1]","[11]","[1]","[0]","[70.0048]","[0.0164238]","[2.22878]",246257,-1.22623,1,"[260528]","[1.8454]","[2.24545]","[845357]","[0.997987]","[0]","[0]","[-0.883717]",0,"[]","[]","[]","[]","[]","[]","[]","[]","[]","[]",1,"[253606]","[1.84243]","[2.24479]","[820559]","[13308.4]","[0]","[3.94255]","[0.398751]",0,"[]","[]","[]","[]","[]","[]","[]","[]","[]","[]",0,"[150.847]",1450.59,"[9097.03]","[]","[0]","[]"
332,284500,6693313,361105,8435.56,8579.63,1.65196e+11,1.55465,1,0.984251,1,1,0.999462,0.958246,1,0,1,0,1,"[0]","[1]","[64844.9]","[-1.67802]","[2.10712]","[179675]","[0.0325499]","[-1]","[13]","[1]","[0]","[-235.65]","[-0.0183993]","[2.21503]",281543,2.00378,2,"[289412,71720.3]","[0.695509,-0.366072]","[-0.960006,-1.83582]","[365149,77124.6]","[0.999765,0.995301]","[0,0]","[0,0]","[-0.938066,-0.550363]",0,"[]","[]","[]","[]","[]","[]","[]","[]","[]","[]",1,"[292029]","[0.690634]","[-0.94131]","[368350]","[53205]","[0]","[1.51265]","[0.833281]",0,"[]","[]","[]","[]","[]","[]","[]","[]","[]","[]",0,"[767.011]",3589.19,"[6970.03,3733.2]","[]","[6209.69]","[]"
333,284500,4661194,361105,8436.15,8579.63,1.65196e+11,0.596562,1,0.998327,1,1,0.998861,0.959812,1,0,1,0,1,"[0]","[1]","[115509]","[2.14538]","[1.0036]","[500290]","[-0.493696]","[-1]","[13]","[1]","[0]","[-100.117]","[0.00174583]","[0.345588]",121418,1.28136,3,"[307292,68816.7,20270.5]","[-0.367805,-0.685634,-0.0816752]","[-2.13372,0.557257,-0.364397]","[328758,85945.3,20778.9]","[1,0.993354,0.967372]","[0,0,0]","[0,0,0]","[-0.0547473,0.162474,-0.811215]",0,"[]","[]","[]","[]","[]","[]","[]","[]","[]","[]",1,"[306026]","[-0.358651]","[-2.13863]","[326153]","[12327.6]","[0]","[3.83917]","[0.0206387]",0,"[]","[]","[]","[]","[]","[]","[]","[]","[]","[]",0,"[4042.81]",3787.08,"[3693.15,2043.54,3028.39]","[]","[6906.56]","[]"
334,284500,4619021,361105,8437.52,8579.63,1.65196e+11,1.55465,1,0.996839,1,1,0.998309,0.940294,1,0,1,0,1,"[0]","[1]","[43435]","[-0.417761]","[0.10302]","[47280.8]","[0.0228481]","[-1]","[13]","[1]","[0]","[179.566]","[-0.022909]","[3.06088]",358316,-0.134931,2,"[354325,44351.3]","[-1.13882,-1.5936]","[3.13913,2.56034]","[614079,114003]","[0.99908,0.941697]","[0,0]","[0,0]","[-0.730625,-0.811231]",0,"[]","[]","[]","[]","[]","[]","[]","[]","[]","[]",1,"[381420]","[-1.18068]","[3.10732]","[686553]","[97286.4]","[0]","[1.57227]","[0.583841]",0,"[]","[]","[]","[]","[]","[]","[]","[]","[]","[]",0,"[330.148]",11646.2,"[14550.6,3866.99]","[]","[27043.4]","[]"
335,284500,6711209,361105,8437.93,8579.63,1.65196e+11,0.506784,0.99211,1,1,1,0.999392,0.9918,1,1,0,0,1,"[0]","[1]","[174306]","[-0.63736]","[-0.94038]","[210925]","[-0.0828586]","[-1]","[11]","[1]","[0]","[-1591.08]","[0.0814174]","[9.14818]",147580,-1.38738,1,"[303912]","[-0.577805]","[2.07236]","[357251]","[1]","[0]","[0]","[-0.904139]",0,"[]","[]","[]","[]","[]","[]","[]","[]","[]","[]",1,"[296795]","[-0.575248]","[2.07511]","[348424]","[28329.5]","[0]","[1.87687]","[0.550949]",0,"[]","[]","[]","[]","[]","[]","[]","[]","[]","[]",0,"[1141.38]",1121.81,"[3748.95]","[]","[17230.7]","[]"
336,284500,5907281,361105,8435.64,8579.63,1.65196e+11,1.08735,0.97245,1,1,1,1,0.99544,1,1,0,0,1,"[0]","[1]","[101689]","[1.20015]","[2.83067]","[184147]","[0.00442505]","[-1]","[11]","[1]","[0]","[304.469]","[0.0479253]","[5.56622]",153284,2.87162,0,"[]","[]","[]","[]","[]","[]","[]","[]",0,"[]","[]","[]","[]","[]","[]","[]","[]","[]","[]",1,"[318956]","[1.19556]","[-0.278322]","[578834]","[63078]","[0]","[1.97917]","[0.436605]",0,"[]","[]","[]","[]","[]","[]","[]","[]","[]","[]",0,"[1680.75]",1633.81,"[]","[]","[19830.2]","[]"
337,284500,5895170,361105,8436.9,8579.63,1.65196e+11,1.08735,1,0.983793,1,1,0.988444,0.980575,1,0,1,0,1,"[0]","[1]","[124935]","[1.96318]","[-2.10027]","[453662]","[-0.0526905]","[-1]","[13]","[1]","[0]","[-326.628]","[-0.000134977]","[0.0199569]",79276,-2.69056,2,"[240094,24786.9]","[-1.04225,0.363004]","[1.04649,-0.0177114]","[382950,26850]","[0.717683,0.908801]","[4,0]","[0,0]","[-0.734307,0.24165]",0,"[]","[]","[]","[]","[]","[]","[]","[]","[]","[]",1,"[261492]","[-1.03714]","[1.0445]","[415918]","[24445.1]","[0]","[4.7944]","[0.701148]",0,"[]","[]","[]","[]","[]","[]","[]","[]","[]","[]",0,"[7130.1]",8258.85,"[2489.85,4021.34]","[]","[8932.48]","[]"
338,284500,6027720,361105,8438.25,8579.63,1.65196e+11,0.506784,0.9617,1,1,1,0.999411,0.97432,1,1,0,0,1,"[0]","[1]","[55794]","[-0.0456807]","[2.18472]","[55852.2]","[0.0761566]","[-1]","[11]","[1]","[0]","[-790.526]","[-0.0121727]","[1.31261]",212681,2.35319,4,"[253120,62152.6,57748.7,41297.1]","[-0.0353349,1.13469,0.0570002,1.02288]","[-1.29945,1.19304,-0.215675,0.00183982]","[253896,106888,58560.8,65408]","[0.986309,0.995856,0.99,0.99988]","[0,0,0,0]","[0,0,0,0]","[-0.362779,-0.833243,-0.64792,-0.886263]",0,"[]","[]","[]","[]","[]","[]","[]","[]","[]","[]",1,"[269002]","[0.0371426]","[-1.30035]","[269907]","[19694.8]","[0]","[1.74743]","[0.400133]",0,"[]","[]","[]","[]","[]","[]","[]","[]","[]","[]",0,"[426.005]",7455.62,"[7498.5,2710.15,2476.13,2361.8]","[]","[4990.47]","[]"
339,284500,6174717,361105,8433.06,8579.63,1.65196e+11,0,0.97994,1,1,1,0.9982,1.00632,1,1,0,0,1,"[0]","[1]","[240286]","[0.137835]","[-2.65204]","[242572]","[0.157127]","[-1]","[11]","[1]","[0]","[1671.86]","[0.063279]","[4.60343]",102286,-2.88023,2,"[303893,35017.6]","[-0.172777,2.21902]","[0.480903,-1.43976]","[309163,163094]","[0.992263,0.999659]","[0,0]","[0,0]","[-0.692767,-0.881568]",0,"[]","[]","[]","[]","[]","[]","[]","[]","[]","[]",2,"[317540,267656]","[-0.136476,0.166446]","[0.486055,-2.69335]","[320720,273649]","[11815.3,35227]","[0,1]","[0.506585,1.36798]","[0.0216929,0.372186]",0,"[]","[]","[]","[]","[]","[]","[]","[]","[]","[]",0,"[1233.15]",17476.4,"[3926.53,2673.71]","[]","[30902.7,8827.12]","[]"
340,284500,6147247,361105,8432.72,8579.63,1.65196e+11,0.934886,1,0.986259,1,1,0.988357,0.992543,1,0,1,0,1,"[0]","[1]","[127697]","[-1.98352]","[-2.65436]","[472851]","[-0.0279312]","[-1]","[13]","[1]","[0]","[3200.34]","[-0.00758811]","[1.15981]",181586,-2.74034,3,"[254448,85005.2,39605]","[-0.635007,-1.82567,-1.01488]","[0.577286,0.160688,-3.04593]","[310060,270667,61969.7]","[0.983421,0.99311,0.99]","[4,0,0]","[0,0,0]","[-0.956139,-0.948306,-0.95097]",0,"[]","[]","[]","[]","[]","[]","[]","[]","[]","[]",1,"[259024]","[-0.583573]","[0.574755]","[308408]","[49580.2]","[0]","[1.39899]","[0.712127]",0,"[]","[]","[]","[]","[]","[]","[]","[]","[]","[]",0,"[1331.1]",3066.11,"[4277.21,4206.12,4192.03]","[]","[9125.12]","[]"
341,284500,6211138,361105,8434.38,8579.63,1.65196e+11,0.506784,1,0.994283,1,1,0.99956,0.989412,1,0,1,0,1,"[0]","[1]","[137067]","[0.625277]","[2.60416]","[164747]","[-0.0120754]","[-1]","[13]","[0]","[0]","[-219.486]","[0.0026033]","[0.494735]",137535,2.78132,1,"[51322.6]","[1.61763]","[1.47277]","[134651]","[0.995059]","[0]","[0]","[-0.893532]",0,"[]","[]","[]","[]","[]","[]","[]","[]","[]","[]",1,"[261983]","[-0.648244]","[-0.670299]","[319854]","[23584.6]","[0]","[1.19508]","[0.660059]",0,"[]","[]","[]","[]","[]","[]","[]","[]","[]","[]",0,"[2949.67]",12506.3,"[6418]","[]","[0]","[]"
342,284500,6217980,361105,8437.18,8579.63,1.65196e+11,0,0.97994,1,1,1,0.99876,1.00632,1,1,0,0,1,"[0]","[1]","[188572]","[0.354073]","[0.272792]","[200517]","[-0.0283318]","[-1]","[11]","[1]","[0]","[875.162]","[0.00850799]","[1.21093]",273467,0.081014,1,"[400751]","[1.12921]","[-3.03776]","[685424]","[1]","[0]","[0]","[-0.890582]",0,"[]","[]","[]","[]","[]","[]","[]","[]","[]","[]",1,"[397587]","[1.13749]","[-3.03609]","[684410]","[29791]","[0]","[2.55506]","[0.770343]",0,"[]","[]","[]","[]","[]","[]","[]","[]","[]","[]",0,"[867.837]",1582.97,"[5875.39]","[]","[21008]","[]"
343,284500,6212755,361105,8435.04,8579.63,1.65196e+11,1.08735,1,0.997112,1,1,0.998937,0.86578,1,0,1,0,1,"[0]","[1]","[68857.6]","[0.737224]","[-2.35155]","[88432.7]","[-0.500999]","[-1]","[13]","[1]","[0]","[-307.51]","[0.111953]","[9.71548]",345403,-2.3429,1,"[398672]","[0.554987]","[0.793993]","[461939]","[1]","[0]","[0]","[-0.935638]",0,"[]","[]","[]","[]","[]","[]","[]","[]","[]","[]",1,"[393873]","[0.574212]","[0.793239]","[461098]","[21207.7]","[0]","[1.70996]","[0.0289667]",0,"[]","[]","[]","[]","[]","[]","[]","[]","[]","[]",0,"[849.77]",1259,"[5558.44]","[]","[859.031]","[]"
344,284500,6270449,361105,8440.22,8579.63,1.65196e+11,0.596562,0.9652,1,1,1,0.994994,0.98592,1,1,0,0,1,"[0]","[1]","[64692.7]","[-1.1613]","[-1.97831]","[113444]","[0.0476151]","[-1]","[11]","[1]","[0]","[-756.822]","[0.00367366]","[0.437693]",243651,-1.78322,5,"[305638,54305.7,25719.8,24071.1,22788.1]","[1.47251,-2.48884,-1.06478,1.56887,1.29779]","[1.66444,-0.352702,-0.703622,0.444941,1.07979]","[702660,329404,41873.1,60517.2,45107.8]","[1,0.99554,0.984346,0.938192,0.988081]","[0,0,0,0,0]","[0,0,0,0,0]","[-0.721705,-0.186123,-0.893993,-0.596077,-0.8503]",0,"[]","[]","[]","[]","[]","[]","[]","[]","[]","[]",1,"[307155]","[1.45691]","[1.67329]","[696779]","[49255.1]","[0]","[1.5281]","[0.694105]",0,"[]","[]","[]","[]","[]","[]","[]","[]","[]","[]",0,"[191.899]",2353.36,"[10972.9,2808.93,3194.58,2318.7,1626.65]","[]","[19251.2]","[]"
345,284500,6196904,361105,8434.02,8579.63,1.65196e+11,3.34815,1,0.997072,1,1,0.999445,1.01363,1,0,1,0,1,"[0]","[1]","[44050.4]","[-0.42867]","[-2.14316]","[48160.2]","[-0.10586]","[-1]","[13]","[1]","[0]","[-76.2366]","[-0.136549]","[24.3225]",234651,-2.40327,1,"[268352]","[0.202849]","[0.807198]","[274105]","[0.99681]","[0]","[0]","[-0.848329]",0,"[]","[]","[]","[]","[]","[]","[]","[]","[]","[]",1,"[267454]","[0.210869]","[0.807854]","[273473]","[5283.23]","[0]","[24.0799]","[0.282587]",0,"[]","[]","[]","[]","[]","[]","[]","[]","[]","[]",0,"[290.541]",7690.61,"[8236.05]","[]","[7799.84]","[]"
346,284500,4837678,361105,8430.29,8579.63,1.65196e+11,1.55465,1,0.995469,1,1,0.997888,0.799462,1,0,1,0,1,"[0]","[1]","[42605.6]","[0.528763]","[0.779268]","[48701.8]","[-0.00494099]","[-1]","[13]","[1]","[1077.78]","[-657.977]","[-0.0181672]","[2.04327]",309277,0.727838,2,"[308570,25175.6]","[0.129434,-1.26196]","[-2.22861,-2.71676]","[312195,48276.8]","[0.999838,0.866505]","[0,0]","[0,0]","[-0.643615,-0.917067]",0,"[]","[]","[]","[]","[]","[]","[]","[]","[]","[]",1,"[292016]","[0.150046]","[-2.23447]","[295309]","[0.00422864]","[0]","[0]","[-1]",0,"[]","[]","[]","[]","[]","[]","[]","[]","[]","[]",0,"[114.461]",723.375,"[3330.44,1791.03]","[]","[26038]","[]"
347,284500,5745362,361105,8432.42,8579.63,1.65196e+11,0,1,0.993171,1,1,0.983876,0.750637,1,0,1,0,1,"[0]","[1]","[28913.6]","[0.542212]","[2.01147]","[33269.1]","[0.451069]","[-1]","[13]","[1]","[0]","[-208.535]","[0.0158606]","[1.80046]",146746,2.14267,3,"[243276,111667,51847.1]","[1.13624,-1.04183,0.45008]","[-0.650571,2.93481,-1.04742]","[418612,178616,58292.3]","[0.99422,0.487343,0.997004]","[0,4,0]","[0,0,0]","[-0.914803,-0.451586,-0.738194]",0,"[]","[]","[]","[]","[]","[]","[]","[]","[]","[]",1,"[264807]","[1.04922]","[-0.69804]","[439300]","[113305]","[0]","[1.63237]","[0.599239]",0,"[]","[]","[]","[]","[]","[]","[]","[]","[]","[]",0,"[83.8697]",31378.8,"[8024.11,5281.81,3035.95]","[]","[6569.44]","[]"
348,284500,4896872,361105,8438.36,8579.63,1.65196e+11,0.402058,0.97826,1,1,1,0.999004,1.00493,1,1,0,0,1,"[0]","[1]","[129094]","[-1.21815]","[-0.821768]","[237320]","[0.0800858]","[-1]","[11]","[1]","[0]","[-796.548]","[-0.00505231]","[0.458817]",237159,-0.735935,1,"[364504]","[-1.04405]","[2.38269]","[582244]","[0.99]","[0]","[0]","[-0.873481]",0,"[]","[]","[]","[]","[]","[]","[]","[]","[]","[]",1,"[395446]","[-1.02365]","[2.38199]","[621831]","[24026.8]","[0]","[3.43581]","[0.5581]",0,"[]","[]","[]","[]","[]","[]","[]","[]","[]","[]",0,"[2338.6]",525.844,"[4585.69]","[]","[23749.6]","[]"
349,284500,4897138,361105,8437.19,8579.63,1.65196e+11,0.402058,1,1.00061,1,1,1.03127,0.988261,1,0,1,0,1,"[0]","[1]","[113439]","[1.09787]","[2.74425]","[188954]","[-0.0163994]","[-1]","[13]","[1]","[0]","[-152.544]","[-0.0062252]","[1.06059]",411732,2.72674,7,"[303592,283994,119907,93368.7,23981.7,23652.8,20144.8]","[1.21958,-0.374972,1.19214,-2.32723,-2.17665,-0.862259,0.182991]","[0.524462,-0.52801,-1.96365,-1.95209,1.19671,-0.101283,-0.887215]","[559896,307614,216088,483257,107139,33309.5,20622.8]","[0.999879,0.997751,1,0.998721,0.605994,0.997257,0.968884]","[0,0,0,5,0,0,4]","[0,0,0,0,0,0,0]","[-0.928182,-0.978629,-0.918073,0.963083,-0.604795,-0.702222,-0.568322]",0,"[]","[]","[]","[]","[]","[]","[]","[]","[]","[]",2,"[286377,279989]","[-0.349244,1.22945]","[-0.522875,0.52326]","[306064,520391]","[35315.5,28068]","[0,0]","[1.41171,1.63822]","[0.643415,0.747124]",0,"[]","[]","[]","[]","[]","[]","[]","[]","[]","[]",0,"[1462.41]",25553.7,"[10216.5,6616.18,2987,5296.47,2499.34,2339.15,879.521]","[]","[1104.47,12323.4]","[]"
350,284500,5390330,361105,8439.14,8579.63,1.65196e+11,1.55465,1,0.993882,1,1,0.998911,0.759899,1,0,1,0,1,"[0]","[1]","[42922.1]","[-0.15178]","[-3.03815]","[43417.5]","[0.0145513]","[-1]","[13]","[1]","[1011.18]","[1315.36]","[0.0482562]","[7.98479]",363956,2.91956,1,"[402557]","[-0.636449]","[-0.183914]","[487766]","[0.989359]","[0]","[0]","[-0.878918]",0,"[]","[]","[]","[]","[]","[]","[]","[]","[]","[]",1,"[401727]","[-0.64246]","[-0.182963]","[488971]","[37570.4]","[0]","[2.56818]","[0.791368]",0,"[]","[]","[]","[]","[]","[]","[]","[]","[]","[]",0,"[188.751]",11854.9,"[12421.3]","[]","[293.25]","[]"
351,284500,5385033,361105,8437.55,8579.63,1.65196e+11,1.74563,1,0.998124,1,1,0.996108,1.01302,1,0,1,0,1,"[0]","[1]","[213997]","[1.36808]","[-0.909179]","[447512]","[0.0368996]","[-1]","[13]","[1]","[0]","[-304.481]","[-0.0141925]","[3.02559]",266522,-0.973221,5,"[516921,47343.3,43874.5,23358.4,21026.1]","[0.00138112,-0.581958,-0.282257,-1.6143,0.711073]","[2.54751,1.07231,0.313243,-0.498504,2.6893]","[520118,56083.8,46353,61083.8,26791.9]","[0.996673,0.989019,0.959796,0.981177,0.98]","[0,0,0,0,0]","[0,0,0,0,0]","[-0.524336,-0.873282,-0.715571,-0.811809,-0.894758]",0,"[]","[]","[]","[]","[]","[]","[]","[]","[]","[]",1,"[507404]","[-0.0107697]","[2.54013]","[509389]","[44594.7]","[0]","[0.667494]","[0.497591]",0,"[]","[]","[]","[]","[]","[]","[]","[]","[]","[]",0,"[22122.3]",38744.5,"[11047.5,2177.95,2652.88,1858.63,1151.23]","[]","[18027.6]","[]"
352,284500,5671900,361105,8429.16,8579.63,1.65196e+11,0.596562,0.98458,1,1,1,0.999108,1,1,1,0,0,1,"[0]","[1]","[83153.4]","[-0.324297]","[-2.6026]","[87564.5]","[-0.0975475]","[-1]","[11]","[0]","[0]","[5572.89]","[-0.0227758]","[2.80568]",298869,-2.83576,2,"[353008,77632.3]","[-0.56151,0.511775]","[0.578938,-0.773224]","[410844,89787.6]","[0.987875,1]","[0,0]","[0,0]","[-0.328056,-0.934805]",0,"[]","[]","[]","[]","[]","[]","[]","[]","[]","[]",1,"[344173]","[-0.57455]","[0.579105]","[402743]","[12142.6]","[0]","[0]","[-1]",0,"[]","[]","[]","[]","[]","[]","[]","[]","[]","[]",0,"[249.616]",10552.6,"[12887.2,3330.8]","[]","[33561.1]","[]"
353,284500,5569789,361105,8434.2,8579.63,1.65196e+11,0.596562,1,0.995968,1,1,0.998822,0.958895,1,0,1,0,1,"[0]","[1]","[57668.4]","[0.674891]","[2.98068]","[71307.9]","[0.100106]","[-1]","[13]","[1]","[0]","[-374.948]","[-1.36541]","[207.345]",89458.1,2.81945,2,"[328626,23142.1]","[-0.389985,-1.01132]","[-0.300552,-0.756247]","[354536,36411.3]","[0.997809,0.818328]","[0,0]","[0,0]","[-0.695116,-0.461906]",0,"[]","[]","[]","[]","[]","[]","[]","[]","[]","[]",1,"[319645]","[-0.398191]","[-0.299186]","[345635]","[14706]","[0]","[3.38539]","[0.593947]",0,"[]","[]","[]","[]","[]","[]","[]","[]","[]","[]",0,"[217.023]",3989.19,"[4450.02,2528.83]","[]","[4730.97]","[]"
354,284500,6377278,361105,8426.98,8579.63,1.65196e+11,0.934886,1,0.999764,1,1,0.995786,1.02229,1,0,1,0,1,"[0]","[1]","[27529.2]","[-1.38367]","[0.752494]","[58364.2]","[0.310038]","[-1]","[13]","[1]","[0]","[-363.041]","[-0.163537]","[13.24]",278765,0.664405,3,"[276448,25601.6,23693.4]","[-1.3491,2.35038,-2.02487]","[-2.59265,-2.25754,-0.843616]","[570039,135539,91341.7]","[0.998366,0.99,0.969988]","[0,0,0]","[0,0,0]","[-0.974083,-0.758015,-0.136875]",0,"[]","[]","[]","[]","[]","[]","[]","[]","[]","[]",1,"[269448]","[-1.35234]","[-2.58072]","[556986]","[37078.3]","[0]","[1.50094]","[0.707813]",0,"[]","[]","[]","[]","[]","[]","[]","[]","[]","[]",0,"[129.34]",856.219,"[4913.98,3116.16,3384.39]","[]","[835.312]","[]"
355,284500,6377178,361105,8426.98,8579.63,1.65196e+11,0.934886,0.96689,1,1,1,0.999433,1.00136,1,1,0,0,1,"[0]","[1]","[50442.4]","[1.78222]","[-3.10208]","[154135]","[0.0331497]","[-1]","[11]","[1]","[0]","[174.14]","[-0.068941]","[5.57664]",206168,2.45485,1,"[246160]","[-0.64198]","[-0.58431]","[299261]","[1]","[0]","[0]","[-0.940825]",0,"[]","[]","[]","[]","[]","[]","[]","[]","[]","[]",1,"[259629]","[-0.617918]","[-0.589596]","[311321]","[18123.7]","[0]","[1.48748]","[0.308226]",0,"[]","[]","[]","[]","[]","[]","[]","[]","[]","[]",0,"[447.616]",837.531,"[2839.19]","[]","[8169.45]","[]"
356,284500,6543205,361105,8435.53,8579.63,1.65196e+11,1.55465,1,0.995207,1,1,0.998206,0.977996,1,0,1,0,1,"[0]","[1]","[96646.8]","[-0.418777]","[0.615131]","[105246]","[-0.0801096]","[-1]","[13]","[1]","[0]","[-460.591]","[-0.0653594]","[10.0237]",187653,0.466009,2,"[248173,33708.3]","[-0.32607,2.11632]","[-2.66138,-2.53927]","[262252,142078]","[0.996237,0.998462]","[0,0]","[0,0]","[-0.865573,-0.825475]",0,"[]","[]","[]","[]","[]","[]","[]","[]","[]","[]",1,"[254954]","[-0.323386]","[-2.66196]","[269020]","[18220.6]","[0]","[1.83605]","[0.517242]",0,"[]","[]","[]","[]","[]","[]","[]","[]","[]","[]",0,"[1355.32]",12487.8,"[7226,6319.18]","[]","[0]","[]"
357,284500,6362426,361105,8433.2,8579.63,1.65196e+11,0.402058,0.97738,1,1,1,0.997809,1.00056,1,1,0,0,1,"[0]","[1]","[78368.4]","[0.427296]","[-0.439045]","[85632.3]","[0.0428257]","[-1]","[11]","[1]","[1278.39]","[-250.622]","[-0.0656001]","[10.4836]",73088.2,-0.820983,4,"[257605,84871.3,35264.8,21336.2]","[-0.802818,3.48277e-06,-1.6556,-0.148123]","[2.1774,-2.49054,0.437998,-0.165008]","[346074,85961.3,95868.3,21738.1]","[0.993017,0.999043,0.986214,1]","[0,0,0,0]","[0,0,0,0]","[-0.749927,-0.739026,-0.619056,-0.86548]",0,"[]","[]","[]","[]","[]","[]","[]","[]","[]","[]",1,"[273313]","[-0.803262]","[2.17509]","[367538]","[29755.2]","[0]","[2.03252]","[0.756271]",0,"[]","[]","[]","[]","[]","[]","[]","[]","[]","[]",0,"[331.23]",2935.07,"[4797.55,2084.31,8045.43,1741.9]","[]","[23437.6]","[]"
358,284500,6304767,361105,8440.38,8579.63,1.65196e+11,0.553627,0.97446,1,1,1,0.997835,0.98483,1,1,0,0,1,"[0]","[1]","[59606.9]","[-0.268131]","[-1.06836]","[61762.4]","[0.138954]","[-1]","[11]","[1]","[0]","[-1398.44]","[-0.0860624]","[8.65061]",217652,-1.04361,2,"[305969,25807.1]","[0.458826,1.5569]","[2.13347,-0.527296]","[340511,64152]","[0.995934,0.99]","[0,0]","[0,0]","[-0.882301,-0.545026]",0,"[]","[]","[]","[]","[]","[]","[]","[]","[]","[]",1,"[312963]","[0.490933]","[2.13223]","[353258]","[35782.2]","[0]","[1.70176]","[0.531104]",0,"[]","[]","[]","[]","[]","[]","[]","[]","[]","[]",0,"[146.664]",1798.67,"[3472.47,3429.51]","[]","[8950.88]","[]"
359,284500,6776897,361105,8440.45,8579.63,1.65196e+11,1.55465,0.96654,1,1,1,0.998526,0.99197,1,1,0,0,1,"[0]","[1]","[30860.7]","[-0.581853]","[1.537]","[36233.8]","[0.0384293]","[-1]","[11]","[1]","[0]","[951.75]","[0.230877]","[25.2157]",371494,1.47331,2,"[381394,22932.4]","[0.159502,-0.71639]","[-1.70421,-0.775624]","[386634,29375.8]","[0.995065,0.809622]","[0,0]","[0,0]","[-0.927903,-0.738721]",0,"[]","[]","[]","[]","[]","[]","[]","[]","[]","[]",1,"[368662]","[0.194584]","[-1.70925]","[376038]","[16771.5]","[0]","[3.26072]","[0.414462]",0,"[]","[]","[]","[]","[]","[]","[]","[]","[]","[]",0,"[128.8]",2324.19,"[4021.87,2993.59]","[]","[1791.28]","[]"
360,284500,5604242,361105,8435.32,8579.63,1.65196e+11,0.596562,1,0.987889,1,1,0.998419,1.00468,1,0,1,0,1,"[0]","[1]","[59321.2]","[-1.79888]","[3.09647]","[184144]","[-0.00696182]","[-1]","[13]","[1]","[0]","[140.505]","[-0.000211366]","[0.0232393]",162349,2.89761,3,"[373973,106257,68101.1]","[-1.56257,-0.161093,-0.478807]","[0.11225,-2.466,-2.9575]","[931744,108760,77157.4]","[0.990362,0.997947,0.99]","[0,0,0]","[0,0,0]","[-0.826121,-0.0899049,-0.903355]",0,"[]","[]","[]","[]","[]","[]","[]","[]","[]","[]",1,"[391020]","[-1.57107]","[0.110704]","[981838]","[29762.4]","[0]","[2.29547]","[0.468374]",0,"[]","[]","[]","[]","[]","[]","[]","[]","[]","[]",0,"[927.252]",27811.8,"[26367.6,1953.08,4930.62]","[]","[5701]","[]"
361,284500,4640486,361105,8438.53,8579.63,1.65196e+11,1.08735,1,0.994161,1,1,0.99703,0.925018,1,0,1,0,1,"[0]","[1]","[209494]","[-0.246807]","[1.94804]","[215907]","[0.0255208]","[-1]","[13]","[1]","[0]","[460.797]","[0.00560287]","[0.775851]",167541,2.04012,3,"[307780,115973,24062.8]","[0.0256729,-0.141154,1.8781]","[-0.817655,-2.16964,-0.504021]","[309089,118013,80654]","[0.999665,0.993619,0.923436]","[0,0,0]","[0,0,0]","[-0.916488,-0.861241,-0.889629]",0,"[]","[]","[]","[]","[]","[]","[]","[]","[]","[]",1,"[299752]","[0.0253248]","[-0.821454]","[300836]","[24358.5]","[0]","[2.01225]","[0.484393]",0,"[]","[]","[]","[]","[]","[]","[]","[]","[]","[]",0,"[6436.29]",8540.92,"[10424.7,2470.14,2600.33]","[]","[7987.31]","[]"
362,284500,5754376,361105,8431.97,8579.63,1.65196e+11,1.24168,1,0.985938,1,1,0.997724,0.992472,1,0,1,0,1,"[0]","[1]","[237940]","[-1.97699]","[1.3555]","[875553]","[-0.131957]","[-1]","[13]","[1]","[0]","[-275.469]","[0.0881305]","[15.8882]",405882,1.46485,3,"[643856,64336.2,41994.9]","[-0.449824,-0.383863,-0.664557]","[-1.89096,-0.405356,0.124885]","[710558,69776.1,52097.6]","[0.993344,0.996836,1]","[0,0,0]","[0,0,0]","[-0.846639,-0.910049,-0.920955]",0,"[]","[]","[]","[]","[]","[]","[]","[]","[]","[]",1,"[618223]","[-0.451895]","[-1.88803]","[682648]","[17336.7]","[0]","[4.58647]","[0.201841]",0,"[]","[]","[]","[]","[]","[]","[]","[]","[]","[]",0,"[19519]",15227.5,"[14577.6,6178.56,7304.51]","[]","[2570.25]","[]"
363,284500,5609797,361105,8437.05,8579.63,1.65196e+11,1.08735,0.9617,1,1,1,0.999392,0.97432,1,1,0,0,1,"[0]","[1]","[51889.6]","[0.0206802]","[-0.862587]","[51900.7]","[0.0537186]","[-1]","[11]","[1]","[0]","[-452.325]","[-0.000821052]","[0.127182]",211818,-0.961518,1,"[258646]","[1.17386]","[2.14758]","[458581]","[0.99]","[0]","[0]","[-0.845]",0,"[]","[]","[]","[]","[]","[]","[]","[]","[]","[]",1,"[262187]","[1.20059]","[2.14408]","[475073]","[10239.7]","[0]","[0.56273]","[-1]",0,"[]","[]","[]","[]","[]","[]","[]","[]","[]","[]",0,"[243.748]",4592.17,"[5663.94]","[]","[9287.69]","[]"
364,284500,5339407,361105,8432.73,8579.63,1.65196e+11,1.55465,0.96988,1,1,1,0.999611,1.00441,1,1,0,0,1,"[0]","[1]","[71920.3]","[1.60364]","[-2.30343]","[185996]","[0.050128]","[-1]","[11]","[1]","[0]","[-70.209]","[0.0131413]","[0.759241]",241713,-2.25891,1,"[27698.8]","[0.898447]","[0.977552]","[39963.3]","[1]","[0]","[0]","[-0.924135]",0,"[]","[]","[]","[]","[]","[]","[]","[]","[]","[]",1,"[308500]","[1.52435]","[0.865269]","[746074]","[78521.8]","[0]","[2.37911]","[0.703615]",0,"[]","[]","[]","[]","[]","[]","[]","[]","[]","[]",0,"[765.845]",5540.16,"[2534.97]","[]","[1532.09]","[]"
365,284500,7697585,361105,8427.79,8579.63,1.65196e+11,0.402058,0.96024,1,1,1,0.998338,0.93884,1,1,0,0,1,"[0]","[1]","[56397.6]","[1.20276]","[-2.68088]","[102352]","[-0.00189972]","[-1]","[11]","[1]","[0]","[-116.206]","[0.0266516]","[2.48677]",129742,-2.29925,2,"[358613,188661]","[0.422141,-0.0742131]","[0.227457,2.92741]","[391499,190166]","[0.989957,0.990845]","[0,0]","[0,0]","[-0.812276,-0.667046]",0,"[]","[]","[]","[]","[]","[]","[]","[]","[]","[]",1,"[370175]","[0.398961]","[0.22978]","[400296]","[14661]","[0]","[4.12397]","[0.504265]",0,"[]","[]","[]","[]","[]","[]","[]","[]","[]","[]",0,"[445.842]",2423.55,"[7367.84,5644.35]","[]","[3237.19]","[]"
366,284500,7626211,361105,8431.91,8579.63,1.65196e+11,0.506784,0.97663,1,1,1,0.990201,1.00121,1,1,0,0,1,"[0]","[1]","[90944.1]","[-1.98673]","[-1.14793]","[337802]","[0.272559]","[-1]","[11]","[1]","[0]","[2708.42]","[0.0618712]","[5.44474]",94532.4,-0.628286,2,"[267507,93826.1]","[-1.84359,-2.48823]","[2.51136,-0.23408]","[866464,568823]","[0.991664,1]","[4,0]","[0,0]","[-0.847987,0.636171]",0,"[]","[]","[]","[]","[]","[]","[]","[]","[]","[]",1,"[266416]","[-1.84925]","[2.51245]","[867508]","[0]","[0]","[0]","[-1]",0,"[]","[]","[]","[]","[]","[]","[]","[]","[]","[]",0,"[651.536]",13323.5,"[12971.1,3202.96]","[]","[0]","[]"
367,284500,6814055,361105,8434.97,8579.63,1.65196e+11,0.00220911,0.98089,1,1,1,0.988813,0.99866,1,1,0,0,1,"[0]","[1]","[154996]","[-1.1473]","[-0.0145368]","[268699]","[0.0356865]","[-1]","[11]","[1]","[0]","[-1006.4]","[-0.015063]","[1.60924]",63385.9,0.305631,1,"[220280]","[-0.652613]","[-3.10379]","[269366]","[1]","[4]","[0]","[0.819064]",0,"[]","[]","[]","[]","[]","[]","[]","[]","[]","[]",1,"[258451]","[-0.597147]","[-3.09744]","[307285]","[28977.3]","[0]","[2.49599]","[0.601674]",0,"[]","[]","[]","[]","[]","[]","[]","[]","[]","[]",0,"[1745.01]",4823.86,"[5541.18]","[]","[9217.56]","[]"
368,284500,7005767,361105,8433,8579.63,1.65196e+11,0.934886,0.97921,1,1,1,0.99732,1,1,1,0,0,1,"[0]","[1]","[73304.2]","[-0.478814]","[2.93878]","[81868.9]","[0.0553312]","[-1]","[11]","[0]","[0]","[-681.422]","[-0.187972]","[9.87816]",304036,2.9644,2,"[407968,30992.4]","[1.15159,-1.52406]","[-0.161427,-2.9021]","[709983,74789.4]","[1,0.93459]","[0,0]","[0,0]","[-0.873781,-0.783848]",0,"[]","[]","[]","[]","[]","[]","[]","[]","[]","[]",1,"[394546]","[1.1529]","[-0.161402]","[687268]","[14329.5]","[0]","[2.57489]","[0.174908]",0,"[]","[]","[]","[]","[]","[]","[]","[]","[]","[]",0,"[143.155]",10317.2,"[9017.63,3921.59]","[]","[4980.78]","[]"
369,284500,6854203,361105,8435.16,8579.63,1.65196e+11,0.506784,0.97994,1,1,1,0.989526,1.00632,1,1,0,0,1,"[0]","[1]","[163538]","[0.278157]","[2.59485]","[169906]","[-0.0782356]","[-1]","[11]","[1]","[0]","[-719.762]","[0.00799954]","[0.34567]",154950,2.54032,3,"[280780,62933.8,21188.4]","[-1.86758,-2.41791,-0.729306]","[-0.55118,-0.321881,-3.07878]","[931680,356034,27301.2]","[0.994809,0.934385,0.617036]","[4,0,0]","[0,0,0]","[0.800856,-0.741443,-0.674707]",0,"[]","[]","[]","[]","[]","[]","[]","[]","[]","[]",1,"[324218]","[-1.9919]","[-0.511333]","[1.21309e+06]","[82557.5]","[0]","[1.07569]","[0.381147]",0,"[]","[]","[]","[]","[]","[]","[]","[]","[]","[]",0,"[825.28]",1512.69,"[11329.9,5472.73,1177.85]","[]","[42589.5]","[]"
370,284500,7003955,361105,8441.27,8579.63,1.65196e+11,0.596562,1,0.98926,1,1,0.997697,0.999379,1,0,1,0,1,"[0]","[1]","[88085.6]","[-1.75351]","[-1.56091]","[261966]","[-0.0929875]","[-1]","[13]","[1]","[0]","[-159.016]","[-0.00172504]","[0.182594]",313736,-1.65985,4,"[370289,131420,25761.7,22926]","[-1.19524,1.84934,1.05828,-1.08163]","[1.10344,2.75794,0.936935,1.93957]","[668421,428043,41729.3,37846.8]","[0.991262,1,0.977773,0.64158]","[0,0,0,0]","[0,0,0,0]","[-0.0689284,-0.758864,-0.833395,-0.85489]",0,"[]","[]","[]","[]","[]","[]","[]","[]","[]","[]",1,"[369580]","[-1.19603]","[1.10041]","[667344]","[22331.4]","[0]","[1.97337]","[0.61917]",0,"[]","[]","[]","[]","[]","[]","[]","[]","[]","[]",0,"[1962.81]",19420.8,"[6495.97,6005.72,2187.89,1691.88]","[]","[1773.28]","[]"
371,284500,7004072,361105,8434.04,8579.63,1.65196e+11,1.55465,0.97577,1,1,1,1.10595,1.00531,1,1,0,0,1,"[0]","[1]","[61401.6]","[-0.0232555]","[-0.125336]","[61418.2]","[-0.134838]","[-1]","[11]","[1]","[0]","[-412.469]","[0.0256296]","[3.25844]",152347,0.01317,2,"[244038,45870]","[0.547892,1.93179]","[3.06593,-0.40174]","[281946,161699]","[0.996644,0.969927]","[4,0]","[0,0]","[0.980583,-0.524323]",0,"[]","[]","[]","[]","[]","[]","[]","[]","[]","[]",1,"[258516]","[0.521575]","[3.06176]","[294786]","[13329.1]","[0]","[2.07583]","[0.41419]",0,"[]","[]","[]","[]","[]","[]","[]","[]","[]","[]",0,"[197.833]",4272.5,"[2499.84,5644.68]","[]","[0]","[]"
372,284500,6921211,361105,8434.58,8579.63,1.65196e+11,0.596562,0.95055,1,1,1,0.996753,0.97731,1,1,0,0,1,"[0]","[1]","[28369]","[1.07536]","[0.188761]","[46414.9]","[0.294212]","[-1]","[11]","[1]","[0]","[-642.55]","[-0.0610447]","[2.90537]",516207,0.103192,4,"[379566,300522,40470.1,37595.6]","[-2.04677,1.42594,-0.672914,-1.60257]","[2.46178,-2.14418,-1.50064,3.06151]","[1.49402e+06,661952,50365.9,97469.9]","[1,1,0.994758,0.999803]","[0,0,0,0]","[0,0,0,0]","[-0.785532,-0.931543,-0.874008,-0.841931]",0,"[]","[]","[]","[]","[]","[]","[]","[]","[]","[]",1,"[277869]","[1.4168]","[-2.1551]","[607131]","[24345.4]","[0]","[2.3971]","[0.70714]",0,"[]","[]","[]","[]","[]","[]","[]","[]","[]","[]",0,"[300.487]",8424.47,"[8750.46,5107.52,4769.88,3084.52]","[]","[9672.88]","[]"
373,284500,7578729,361105,8433.68,8579.63,1.65196e+11,0.923924,1,0.993397,1,1,0.998885,0.972345,1,0,1,0,1,"[0]","[1]","[138357]","[-0.252126]","[-2.2683]","[142778]","[-0.0247803]","[-1]","[13]","[0]","[0]","[343.693]","[0.0364468]","[7.29685]",118898,-2.21968,2,"[256187,20276.6]","[-1.09296,0.624145]","[0.803738,2.31479]","[425291,24667.3]","[0.992432,0.995445]","[0,0]","[0,0]","[-0.855655,-0.676727]",0,"[]","[]","[]","[]","[]","[]","[]","[]","[]","[]",1,"[270366]","[-1.15577]","[0.836401]","[473145]","[33414.2]","[0]","[3.59232]","[0.700822]",0,"[]","[]","[]","[]","[]","[]","[]","[]","[]","[]",0,"[13429.2]",12039.7,"[13880.3,1129.54]","[]","[20280.2]","[]"
374,284500,7779430,361105,8438.12,8579.63,1.65196e+11,0.596562,1,0.993563,1,1,0.998303,0.933946,1,0,1,0,1,"[0]","[1]","[32241.5]","[-0.036219]","[-0.484532]","[32262.8]","[0.0877876]","[-1]","[13]","[1]","[0]","[91.1023]","[-0.0161203]","[2.44061]",233105,-0.650416,2,"[271556,31262.2]","[-0.416176,-1.20146]","[2.40001,-1.95391]","[295601,57086.3]","[1,0.993584]","[0,0]","[0,0]","[-0.642212,-0.378758]",0,"[]","[]","[]","[]","[]","[]","[]","[]","[]","[]",1,"[257965]","[-0.38906]","[2.39855]","[277892]","[9308.02]","[0]","[42.8782]","[0.238307]",0,"[]","[]","[]","[]","[]","[]","[]","[]","[]","[]",0,"[127.011]",7540.64,"[6608.95,6192.97]","[]","[7007.73]","[]"
375,284500,7547988,361105,8439.06,8579.63,1.65196e+11,1.74563,0.98162,1,1,1,0.998482,0.92551,1,1,0,0,1,"[0]","[1]","[107332]","[-2.44275]","[-0.750569]","[622073]","[0.228292]","[-1]","[11]","[1]","[0]","[369.566]","[-0.00417688]","[0.293633]",234237,-0.901894,3,"[245628,67180.1,29445.4]","[-1.8327,-2.4094,-0.929902]","[2.29078,2.37361,2.17482]","[787621,376857,43788.1]","[0.976291,0.978439,0.992119]","[0,0,0]","[0,0,0]","[-0.858072,-0.72326,-0.569655]",0,"[]","[]","[]","[]","[]","[]","[]","[]","[]","[]",1,"[290618]","[-1.99198]","[2.30779]","[1.08811e+06]","[83011]","[0]","[1.22202]","[0.789546]",0,"[]","[]","[]","[]","[]","[]","[]","[]","[]","[]",0,"[3023.51]",15002.4,"[12137.8,2479.72,3583.8]","[]","[7738.72]","[]"
376,284500,7714621,361105,8433.93,8579.63,1.65196e+11,0.596562,1,1.00466,1,1,0.998227,1.01127,1,0,1,0,1,"[0]","[1]","[160819]","[1.14079]","[0.770316]","[277318]","[0.0110931]","[-1]","[13]","[1]","[0]","[2792.09]","[0.019757]","[3.33206]",30139.6,0.339322,7,"[155274,108990,81343.6,58062.8,46631.9,24531.6,21105.1]","[1.36571,2.13195,-0.744636,-0.939813,1.30157,1.12227,-0.768102]","[-2.33478,-2.5836,1.30993,0.335155,-2.83059,-1.28928,0.825272]","[325549,466248,106207,85870.6,92380.5,41985.7,28041.9]","[0.991834,0.994609,0.98,0.990154,0.996429,0.990333,0.978458]","[0,0,0,0,0,0,0]","[0,0,0,0,0,0,0]","[-0.884736,-0.855015,-0.46616,-0.952107,-0.884695,-0.781397,-0.768524]",0,"[]","[]","[]","[]","[]","[]","[]","[]","[]","[]",1,"[261534]","[1.71167]","[-2.46331]","[759689]","[133726]","[0]","[1.15193]","[0.600563]",0,"[]","[]","[]","[]","[]","[]","[]","[]","[]","[]",0,"[2511.39]",10980.3,"[4457.48,8749.6,3665.19,4657.36,6432.51,3575.42,1162.69]","[]","[8539.47]","[]"
377,284500,7783124,361105,8433.01,8579.63,1.65196e+11,1.08735,1,1.00073,1,1,0.999422,1.1034,1,0,1,0,1,"[0]","[1]","[25373.5]","[-1.02772]","[-0.157271]","[39995.2]","[-0.02314]","[-1]","[13]","[1]","[0]","[-349.756]","[-0.0133016]","[1.37206]",232790,0.240214,1,"[280376]","[-0.984858]","[2.88864]","[427776]","[1]","[0]","[0]","[-0.891791]",0,"[]","[]","[]","[]","[]","[]","[]","[]","[]","[]",1,"[307670]","[-0.981584]","[2.88922]","[468253]","[8220.85]","[0]","[3.1481]","[0.0825222]",0,"[]","[]","[]","[]","[]","[]","[]","[]","[]","[]",0,"[31.8471]",5005.28,"[6501.83]","[]","[1043.44]","[]"
378,284500,7758424,361105,8434.45,8579.63,1.65196e+11,1.24168,0.98458,1,1,1,0.995562,1.00582,1,1,0,0,1,"[0]","[1]","[135454]","[-0.220173]","[1.27609]","[138751]","[0.0134621]","[-1]","[11]","[1]","[0]","[176.899]","[0.0949354]","[7.35449]",456491,1.15899,3,"[557308,229909,25867.9]","[-0.0640041,-1.71852,-2.11622]","[-2.37796,-0.759752,-1.13646]","[558978,662790,108987]","[0.993858,0.997248,0.98779]","[0,0,0]","[0,0,0]","[-0.753776,-0.283655,-0.748977]",0,"[]","[]","[]","[]","[]","[]","[]","[]","[]","[]",1,"[564970]","[-0.0392688]","[-2.3795]","[565594]","[14602.7]","[0]","[3.25789]","[-1]",0,"[]","[]","[]","[]","[]","[]","[]","[]","[]","[]",0,"[516.561]",17125.3,"[10330.8,3652.43,2850.98]","[]","[7141.12]","[]"
379,284500,7969397,361105,8431.41,8579.63,1.65196e+11,0.596562,1.00588,1,1,1,0.999166,1.00306,1,1,0,0,1,"[0]","[1]","[224326]","[0.890845]","[2.38483]","[319383]","[0.00487518]","[-1]","[11]","[1]","[0]","[57.9612]","[0.000129335]","[0.0200188]",117590,2.33403,2,"[294968,86164.9]","[1.3513,-2.00915]","[-1.00367,0.120691]","[608545,327172]","[0.993732,0.99377]","[0,0]","[0,0]","[-0.782088,-0.699659]",0,"[]","[]","[]","[]","[]","[]","[]","[]","[]","[]",1,"[285475]","[1.34052]","[-1.00532]","[583298]","[25101.3]","[0]","[1.96419]","[0.801436]",0,"[]","[]","[]","[]","[]","[]","[]","[]","[]","[]",0,"[2261.55]",16215.4,"[16063.3,3046.46]","[]","[22126.5]","[]"
380,284500,7048793,361105,8431.51,8579.63,1.65196e+11,1.74563,1,1.00057,1,1,0.999377,1.01188,1,0,1,0,1,"[0]","[1]","[147066]","[-1.20838]","[1.26337]","[268157]","[0.0403805]","[-1]","[13]","[1]","[0]","[-707.469]","[0.0152962]","[3.19804]",86733.4,1.38909,2,"[273785,47533.1]","[1.14896,0.728598]","[-1.73167,1.93892]","[476211,61091.1]","[0.998637,0.996603]","[0,0]","[0,0]","[-0.605266,-0.910264]",0,"[]","[]","[]","[]","[]","[]","[]","[]","[]","[]",1,"[253615]","[1.14646]","[-1.74117]","[440222]","[27511.9]","[0]","[1.62949]","[0.740442]",0,"[]","[]","[]","[]","[]","[]","[]","[]","[]","[]",0,"[7384.93]",13915.7,"[9113.29,6735.29]","[]","[0]","[]"
381,284500,7102643,361105,8434.55,8579.63,1.65196e+11,0.934886,0.98536,1,1,1,0.997403,0.9918,1,1,0,0,1,"[0]","[1]","[86424.6]","[-0.627722]","[-0.977046]","[104018]","[0.0171204]","[-1]","[11]","[1]","[0]","[-815.467]","[0.0955326]","[7.01582]",212620,-1.31168,5,"[294668,72950.3,45905.7,32824.5,26983.2]","[-0.250775,1.97463,-0.160111,-0.204004,-2.38328]","[1.31976,-3.10957,2.80669,-2.11865,2.95669]","[304191,268008,47048.4,33866.9,147598]","[0.995195,0.992348,0.977338,0.987092,0.97733]","[0,0,0,0,0]","[0,0,0,0,0]","[-0.772631,-0.311264,-0.919905,-0.899094,-0.654659]",0,"[]","[]","[]","[]","[]","[]","[]","[]","[]","[]",1,"[295196]","[-0.279054]","[1.31655]","[306845]","[6999.8]","[0]","[0]","[-1]",0,"[]","[]","[]","[]","[]","[]","[]","[]","[]","[]",0,"[285.886]",1228.22,"[3126.36,4050.98,3004.37,1891.26,2818.43]","[]","[1424.56]","[]"
382,284500,8099964,361105,8437.29,8579.63,1.65196e+11,1.55465,0.98697,1,1,1,0.998684,1.00582,1,1,0,0,1,"[0]","[1]","[196770]","[-0.273112]","[1.18758]","[204154]","[0.0280914]","[-1]","[11]","[1]","[0]","[-1616.46]","[0.0101721]","[1.23852]",92497.9,1.181,3,"[286240,43292.9,39113.8]","[-0.69085,-1.40019,-0.0188856]","[-1.81835,1.94011,-2.09653]","[358548,93486.5,39744.6]","[0.995092,1,0.992808]","[0,0,0]","[0,0,0]","[-0.288521,-0.65276,-0.658129]",0,"[]","[]","[]","[]","[]","[]","[]","[]","[]","[]",1,"[277596]","[-0.683464]","[-1.80517]","[345800]","[23571.5]","[0]","[0.9231]","[0.186687]",0,"[]","[]","[]","[]","[]","[]","[]","[]","[]","[]",0,"[988.633]",1831.01,"[3711.46,5822.75,4645.54]","[]","[21067.7]","[]"
383,284500,8548991,361105,8440.95,8579.63,1.65196e+11,1.08735,0.93912,1,1,1,0.988366,0,1,1,0,0,1,"[0]","[1]","[25839.4]","[-2.24466]","[0.377356]","[123295]","[0.0387759]","[-1]","[11]","[1]","[0]","[1505.48]","[0.06587]","[1.6045]",334455,0.245513,1,"[373381]","[-1.32874]","[-3.12508]","[757178]","[0.98057]","[4]","[0]","[-0.944937]",0,"[]","[]","[]","[]","[]","[]","[]","[]","[]","[]",1,"[384599]","[-1.33434]","[-3.12563]","[783351]","[61993.4]","[0]","[1.20808]","[0.742013]",0,"[]","[]","[]","[]","[]","[]","[]","[]","[]","[]",0,"[396.894]",11091.7,"[9333.3]","[]","[18108.5]","[]"
384,284500,9178835,361105,8433.14,8579.63,1.65196e+11,0.596562,1,0.998029,1,1,0.999446,0.979958,1,0,1,0,1,"[0]","[1]","[129457]","[-0.151444]","[-2.51067]","[130944]","[0.000450134]","[-1]","[13]","[1]","[0]","[490.949]","[-0.00104498]","[0.133448]",148789,-2.78544,1,"[278999]","[0.796495]","[0.4659]","[372594]","[0.997938]","[0]","[0]","[-0.855865]",0,"[]","[]","[]","[]","[]","[]","[]","[]","[]","[]",1,"[290978]","[0.838275]","[0.469959]","[399599]","[14310.3]","[0]","[2.19244]","[0.496308]",0,"[]","[]","[]","[]","[]","[]","[]","[]","[]","[]",0,"[7246.32]",5747.61,"[6781.34]","[]","[4313.94]","[]"
385,284500,8879668,361105,8434.14,8579.63,1.65196e+11,0.934886,1,1.00008,1,1,0.99944,0.829614,1,0,1,0,1,"[0]","[1]","[122955]","[-0.244402]","[-1.55649]","[126646]","[-0.086338]","[-1]","[13]","[1]","[1688.88]","[-245.112]","[0.00562859]","[0.703175]",159849,-1.72021,1,"[282998]","[0.821769]","[1.55731]","[384278]","[0.997247]","[0]","[0]","[-0.978659]",0,"[]","[]","[]","[]","[]","[]","[]","[]","[]","[]",1,"[265905]","[0.809333]","[1.55109]","[357874]","[4120.44]","[0]","[15.0929]","[-1]",0,"[]","[]","[]","[]","[]","[]","[]","[]","[]","[]",0,"[7229.2]",962.156,"[3545.67]","[]","[4585.75]","[]"
386,284500,9178758,361105,8433.14,8579.63,1.65196e+11,0.596562,1,0.999641,1,1,0.998123,0.975961,1,0,1,0,1,"[0]","[1]","[101736]","[1.5961]","[-2.20081]","[261280]","[0.197931]","[-1]","[13]","[1]","[0]","[-205.923]","[-0.0456332]","[7.48378]",222423,-2.32177,4,"[267284,97022.4,46109.1,26983.2]","[0.760725,-0.203351,1.74724,-0.855672]","[0.486792,2.23329,0.487159,1.68859]","[349916,99785,136520,37802.4]","[0.991877,0.998161,0.994379,0.944562]","[0,0,0,0]","[0,0,0,0]","[-0.898451,-0.859439,-0.614585,-0.616575]",0,"[]","[]","[]","[]","[]","[]","[]","[]","[]","[]",1,"[288739]","[0.87853]","[0.493552]","[419337]","[98852.4]","[0]","[2.35321]","[0.461146]",0,"[]","[]","[]","[]","[]","[]","[]","[]","[]","[]",0,"[1971.64]",7394.59,"[3534.77,2984.56,7053.75,2072.03]","[]","[27777.9]","[]"
387,284500,8043423,361105,8432.21,8579.63,1.65196e+11,1.08735,0.96203,1,1,1,0.998991,1.01508,1,1,0,0,1,"[0]","[1]","[209299]","[-1.62334]","[-2.44572]","[551213]","[-0.100231]","[-1]","[11]","[1]","[0]","[-244.982]","[0.0449363]","[4.43026]",49291.4,-1.93324,1,"[253364]","[1.74541]","[0.794643]","[748476]","[0.994574]","[0]","[0]","[-0.310304]",0,"[]","[]","[]","[]","[]","[]","[]","[]","[]","[]",1,"[252649]","[1.7594]","[0.800425]","[756207]","[31283.4]","[0]","[1.5669]","[0.761251]",0,"[]","[]","[]","[]","[]","[]","[]","[]","[]","[]",0,"[3551.16]",1394.8,"[4267.08]","[]","[4535.73]","[]"
388,284500,8265320,361105,8434.09,8579.63,1.65196e+11,1.55465,1,1,1,1,0.999205,1,1,1,0,0,1,"[0]","[1]","[157639]","[-1.60846]","[0.228526]","[409492]","[0.104462]","[-1]","[11]","[0]","[0]","[37.8943]","[-0.0920617]","[7.11516]",159471,0.166021,1,"[343310]","[0.0762086]","[-2.91128]","[344920]","[1]","[0]","[0]","[-0.923725]",0,"[]","[]","[]","[]","[]","[]","[]","[]","[]","[]",1,"[344901]","[0.102106]","[-2.91224]","[347113]","[16910]","[0]","[3.96656]","[0.252454]",0,"[]","[]","[]","[]","[]","[]","[]","[]","[]","[]",0,"[3520.33]",14102.8,"[12784.9]","[]","[24147.1]","[]"
389,284500,8024107,361105,8437.02,8579.63,1.65196e+11,1.55465,0.97921,1,1,1,1.00359,1.00192,1,1,0,0,1,"[0]","[1]","[73623.5]","[-0.113672]","[0.102012]","[74099.6]","[0.0642381]","[-1]","[11]","[1]","[0]","[-172.303]","[0.0180674]","[2.93493]",231696,0.268103,5,"[255339,55998.6,54047.7,28858.4,22690.6]","[-0.00920642,0.350916,0.509624,-0.684096,1.00079]","[-3.08057,-0.934568,2.54868,-2.47065,-1.72558]","[255378,60022.8,61689,36241.2,35230.5]","[1,0.883384,0.923876,0.986773,0.990574]","[0,4,0,0,4]","[0,0,0,0,0]","[-0.792179,0.828942,-0.912257,-0.533041,0.891394]",0,"[]","[]","[]","[]","[]","[]","[]","[]","[]","[]",1,"[298522]","[0.0608959]","[3.12019]","[309300]","[78867.9]","[0]","[0.709808]","[0.643396]",0,"[]","[]","[]","[]","[]","[]","[]","[]","[]","[]",0,"[459.369]",5459.52,"[6826.38,4186.03,2198.42,2743.85,1568.98]","[]","[2882.16]","[]"
390,284500,7811133,361105,8440.63,8579.63,1.65196e+11,1.21412,0.9823,1,1,1,0.999424,1.00632,1,1,0,0,1,"[0]","[1]","[91904.9]","[0.128218]","[-1.66481]","[92661.4]","[0.0286369]","[-1]","[11]","[1]","[0]","[-686.542]","[-0.0263627]","[3.88783]",165424,-1.8593,1,"[251391]","[0.715378]","[1.39166]","[319604]","[0.997822]","[0]","[0]","[0.654787]",0,"[]","[]","[]","[]","[]","[]","[]","[]","[]","[]",1,"[265641]","[0.7273]","[1.39046]","[340016]","[25615]","[0]","[1.76961]","[0.595275]",0,"[]","[]","[]","[]","[]","[]","[]","[]","[]","[]",0,"[523.263]",3625.28,"[4777.24]","[]","[11833.8]","[]"
391,284500,8621017,361105,8433.47,8579.63,1.65196e+11,1.55465,0.96179,1,1,1,0.998221,0,1,1,0,0,1,"[0]","[1]","[26107.3]","[-0.0300901]","[0.940345]","[26119.2]","[-0.0110064]","[-1]","[11]","[1]","[0]","[1345.94]","[-0.0124678]","[1.4027]",355338,1.33141,2,"[343181,42506.6]","[-1.92444,-1.27563]","[-1.91154,-1.31549]","[1.2008e+06,82361.9]","[0.996928,0.99373]","[0,0]","[0,0]","[-0.615943,-0.672976]",0,"[]","[]","[]","[]","[]","[]","[]","[]","[]","[]",1,"[335635]","[-1.92592]","[-1.91496]","[1.17595e+06]","[7741.25]","[0]","[9.17407]","[0.257038]",0,"[]","[]","[]","[]","[]","[]","[]","[]","[]","[]",0,"[38.5338]",23707.2,"[21250.2,4235.72]","[]","[7496.25]","[]"
392,284500,8049285,361105,8438.91,8579.63,1.65196e+11,0.402058,1,0.997552,1,1,0.998795,0.967783,1,0,1,0,1,"[0]","[1]","[110204]","[-0.856365]","[-3.13011]","[153144]","[0.133423]","[-1]","[13]","[0]","[0]","[-385.451]","[-0.0623649]","[11.4379]",209608,-3.02503,2,"[310438,20716]","[-0.0517532,0.0314513]","[0.055734,0.723893]","[312358,21356.2]","[0.998098,0.932473]","[0,0]","[0,0]","[0.491582,-0.936108]",0,"[]","[]","[]","[]","[]","[]","[]","[]","[]","[]",1,"[307058]","[-0.0604228]","[0.0567191]","[309007]","[29255.3]","[0]","[3.20026]","[0.755886]",0,"[]","[]","[]","[]","[]","[]","[]","[]","[]","[]",0,"[334.978]",29308.8,"[3351.08,1160.97]","[]","[23319.3]","[]"
393,284500,7992744,361105,8432.39,8579.63,1.65196e+11,0.934886,1,0.995454,1,1,0.997674,0.928946,1,0,1,0,1,"[0]","[1]","[40828]","[0.14793]","[-0.108346]","[41275.6]","[-0.17672]","[-1]","[13]","[1]","[0]","[-398.956]","[-0.0942854]","[10.0058]",466494,-0.100254,2,"[462709,22183.3]","[-1.52057,1.01561]","[2.92399,1.94423]","[1.10931e+06,34993.4]","[0.999341,0.899966]","[0,0]","[0,0]","[-0.856448,-0.919345]",0,"[]","[]","[]","[]","[]","[]","[]","[]","[]","[]",1,"[467527]","[-1.51032]","[2.9182]","[1.11025e+06]","[14689]","[0]","[3.92164]","[0.448526]",0,"[]","[]","[]","[]","[]","[]","[]","[]","[]","[]",0,"[197.559]",11300.5,"[14014.6,1719.25]","[]","[15299.7]","[]"
394,284500,7206415,361105,8435.13,8579.63,1.65196e+11,1.55465,1,1.00065,1,1,0.994617,1.02725,1,0,1,0,1,"[0]","[1]","[76559]","[-0.813604]","[0.619247]","[103327]","[-0.022995]","[-1]","[13]","[1]","[1205.17]","[2833.77]","[0.0241257]","[4.23701]",533706,0.363105,3,"[576063,26427.9,20391.9]","[-0.809982,-1.41553,-2.1406]","[-2.81302,-2.85873,-1.37993]","[777752,57834.3,88017.1]","[0.993083,0.98176,0.99293]","[0,0,0]","[0,0,0]","[-0.825998,-0.90502,-0.871902]",0,"[]","[]","[]","[]","[]","[]","[]","[]","[]","[]",1,"[581122]","[-0.798044]","[-2.81241]","[778526]","[60084.1]","[0]","[2.05026]","[0.779255]",0,"[]","[]","[]","[]","[]","[]","[]","[]","[]","[]",0,"[263.18]",2258.38,"[8609.97,5059.52,1159.39]","[]","[6915.31]","[]"
395,284500,7151596,361105,8430.9,8579.63,1.65196e+11,0.934886,1,0.997247,1,1,0.986073,1.01452,1,0,1,0,1,"[0]","[1]","[100552]","[-1.10904]","[2.7674]","[168993]","[0.0224018]","[-1]","[13]","[1]","[1577.46]","[-490.603]","[0.0149727]","[2.51208]",102278,3.04508,5,"[274623,133099,28410.4,25342.4,21913.8]","[-0.956344,-2.46001,-0.608124,-0.277718,1.79329]","[-0.517585,2.34285,-0.983912,-0.192165,3.11791]","[410366,784771,34118.7,26660.2,67777.8]","[0.99632,0.990399,1,0.997725,0.990237]","[4,0,0,0,0]","[0,0,0,0,0]","[-0.838808,-0.817778,0.0642692,-0.536868,-0.781937]",0,"[]","[]","[]","[]","[]","[]","[]","[]","[]","[]",1,"[279592]","[-0.947909]","[-0.517496]","[415108]","[13281.3]","[0]","[1.77849]","[0.316244]",0,"[]","[]","[]","[]","[]","[]","[]","[]","[]","[]",0,"[2255.28]",3500.88,"[7395.63,5047.5,1898.55,2261.26,1660.76]","[]","[7892.59]","[]"
396,284500,7219194,361105,8433.99,8579.63,1.65196e+11,0.402058,0.97921,1,1,1,0.996863,1.00192,1,1,0,0,1,"[0]","[1]","[68949.9]","[-0.132834]","[0.18636]","[69559.1]","[0.0701599]","[-1]","[11]","[1]","[0]","[1898.55]","[0.0136418]","[1.10553]",346704,0.337944,2,"[434947,26604]","[1.48925,1.27162]","[-2.88945,-0.342499]","[1.01449e+06,51405.8]","[0.998772,0.991773]","[0,0]","[0,0]","[-0.922245,-0.945862]",0,"[]","[]","[]","[]","[]","[]","[]","[]","[]","[]",1,"[430984]","[1.48309]","[-2.89657]","[999149]","[36619.6]","[0]","[2.8341]","[0.780802]",0,"[]","[]","[]","[]","[]","[]","[]","[]","[]","[]",0,"[182.945]",10365.1,"[13281.2,2336.06]","[]","[24265]","[]"
397,284500,7218580,361105,8433.9,8579.63,1.65196e+11,1.55465,0.97435,1,1,1,0.998582,0.98425,1,1,0,0,1,"[0]","[1]","[45359.5]","[0.294334]","[3.08494]","[47338.5]","[0.147972]","[-1]","[11]","[1]","[0]","[668.353]","[-0.0466448]","[4.40962]",250930,2.93966,2,"[283405,21478.1]","[1.54219,-0.624215]","[-0.120319,-0.950868]","[693174,26149.2]","[0.989902,0.973688]","[0,0]","[0,0]","[-0.435229,-0.898952]",0,"[]","[]","[]","[]","[]","[]","[]","[]","[]","[]",1,"[301103]","[1.54584]","[-0.119766]","[738817]","[22974.4]","[0]","[2.25535]","[0.779782]",0,"[]","[]","[]","[]","[]","[]","[]","[]","[]","[]",0,"[115.419]",9853.98,"[10184,1782.59]","[]","[28735.5]","[]"
398,284500,7181917,361105,8435.55,8579.63,1.65196e+11,0.596562,1,0.998448,1,1,1.00689,1.1034,1,0,1,0,1,"[0]","[1]","[89591.7]","[-0.919849]","[-0.119507]","[130244]","[0.0372849]","[-1]","[13]","[1]","[0]","[-363.031]","[0.0417412]","[5.76406]",421338,-0.324349,2,"[520543,24732]","[-1.27717,1.29068]","[2.81212,-1.33182]","[1.00654e+06,48693.8]","[0.995451,0.72603]","[0,4]","[0,0]","[-0.961393,-0.803193]",0,"[]","[]","[]","[]","[]","[]","[]","[]","[]","[]",1,"[523832]","[-1.25154]","[2.81531]","[990930]","[28862]","[0]","[4.27052]","[0.551485]",0,"[]","[]","[]","[]","[]","[]","[]","[]","[]","[]",0,"[1415.93]",10482.7,"[13849.9,2905.67]","[]","[13855.5]","[]"
399,284500,7283172,361105,8441.58,8579.63,1.65196e+11,0.596562,1,0.997422,1,1,0.999454,0.911087,1,0,1,0,1,"[0]","[1]","[100053]","[-0.0798215]","[-0.522621]","[100372]","[0.0429459]","[-1]","[13]","[1]","[0]","[154.12]","[-0.0501523]","[8.68621]",180812,-0.298525,1,"[268689]","[0.637906]","[2.76467]","[326318]","[0.99383]","[0]","[0]","[-0.55208]",0,"[]","[]","[]","[]","[]","[]","[]","[]","[]","[]",1,"[288363]","[0.607496]","[2.76604]","[344169]","[25406.5]","[0]","[2.28836]","[0.650601]",0,"[]","[]","[]","[]","[]","[]","[]","[]","[]","[]",0,"[1305.12]",4362.75,"[5436.85]","[]","[14555.2]","[]"
400,284500,8344140,361105,8433.55,8579.63,1.65196e+11,1.26459,1,0.998696,1,1,0.997675,0.921506,1,0,1,0,1,"[0]","[1]","[43626.9]","[1.03443]","[-2.39637]","[69125.3]","[0.0817833]","[-1]","[13]","[0]","[0]","[-173.547]","[-0.0348507]","[4.6593]",301373,-2.05823,2,"[333972,21022.6]","[-0.0933531,2.48083]","[1.11758,0.235091]","[336116,126574]","[0.942169,0.0737543]","[0,0]","[0,0]","[-0.971875,-0.392071]",0,"[]","[]","[]","[]","[]","[]","[]","[]","[]","[]",1,"[355301]","[-0.111042]","[1.11456]","[359419]","[37155]","[0]","[2.55134]","[0.57602]",0,"[]","[]","[]","[]","[]","[]","[]","[]","[]","[]",0,"[199.651]",14627.3,"[8930.97,1510]","[]","[16068.6]","[]"
401,284500,8124916,361105,8427.36,8579.63,1.65196e+11,1.08735,1,0.998191,1,1,0.946112,0.994982,1,0,1,0,1,"[0]","[1]","[47962.1]","[-2.2364]","[-2.37828]","[227014]","[-0.0151939]","[-1]","[13]","[1]","[0]","[-353.712]","[0.0286449]","[2.31757]",285336,-2.89058,2,"[314213,24425.3]","[-0.251794,-2.05397]","[0.258836,1.26868]","[326752,96858.4]","[0.995042,1]","[5,0]","[0,0]","[0.985135,-0.82394]",0,"[]","[]","[]","[]","[]","[]","[]","[]","[]","[]",1,"[314309]","[-0.239748]","[0.262014]","[326192]","[42699.6]","[0]","[1.17966]","[0.612393]",0,"[]","[]","[]","[]","[]","[]","[]","[]","[]","[]",0,"[192.219]",11562.9,"[6513.68,2957.51]","[]","[10485.1]","[]"
402,284500,7819138,361105,8434.53,8579.63,1.65196e+11,0.596562,1,0.9968,1,1,0.998818,0.969667,1,0,1,0,1,"[0]","[1]","[71430.8]","[-0.619387]","[1.69619]","[85576.4]","[0.230907]","[-1]","[13]","[1]","[0]","[-162.09]","[0.299278]","[39.8229]",326316,1.64056,1,"[398487]","[-1.22387]","[-1.48892]","[736455]","[0.99024]","[0]","[0]","[-0.707172]",0,"[]","[]","[]","[]","[]","[]","[]","[]","[]","[]",1,"[398918]","[-1.2157]","[-1.4866]","[732012]","[15541.7]","[0]","[2.79665]","[0.664656]",0,"[]","[]","[]","[]","[]","[]","[]","[]","[]","[]",0,"[1360.51]",6365.81,"[8460.93]","[]","[4363.5]","[]"
403,284500,8069961,361105,8442.69,8579.63,1.65196e+11,1.55465,1,0.994482,1,1,0.999377,0.863802,1,0,1,0,1,"[0]","[1]","[71611]","[0.696881]","[-2.73385]","[89715]","[-0.031147]","[-1]","[13]","[1]","[0]","[12.4453]","[0.0171153]","[2.57166]",182073,-2.19853,1,"[240300]","[0.745414]","[0.835343]","[310534]","[1]","[0]","[0]","[-0.716802]",0,"[]","[]","[]","[]","[]","[]","[]","[]","[]","[]",1,"[253077]","[0.72682]","[0.841538]","[323192]","[13301.7]","[0]","[2.27465]","[0.231474]",0,"[]","[]","[]","[]","[]","[]","[]","[]","[]","[]",0,"[1071.99]",9231.45,"[9696.92]","[]","[23851.9]","[]"
404,284500,8041034,361105,8435.12,8579.63,1.65196e+11,1.74563,1,0.996325,1,1,0.999375,1.03821,1,0,1,0,1,"[0]","[1]","[94873.2]","[-0.783038]","[-0.910503]","[125476]","[-0.0367813]","[-1]","[13]","[1]","[0]","[1502.1]","[0.0238411]","[3.98965]",199940,-0.840786,1,"[303804]","[-0.16373]","[2.30203]","[309051]","[1]","[0]","[0]","[-0.803347]",0,"[]","[]","[]","[]","[]","[]","[]","[]","[]","[]",1,"[288088]","[-0.211848]","[2.29586]","[295832]","[27226.2]","[0]","[2.40456]","[0.204635]",0,"[]","[]","[]","[]","[]","[]","[]","[]","[]","[]",0,"[955.139]",201.953,"[3353.13]","[]","[2831.75]","[]"
405,284500,7759809,361105,8432.03,8579.63,1.65196e+11,0.934886,0.9548,1,1,1,0.986639,1.02819,1,1,0,0,1,"[0]","[1]","[45178.6]","[2.10913]","[-1.34768]","[188902]","[-0.154579]","[-1]","[11]","[1]","[0]","[337.725]","[-0.0102324]","[0.854877]",119344,-1.88024,3,"[255513,74363.8,25551.7]","[0.300405,0.4841,1.18839]","[1.23541,-2.6592,-2.33544]","[267712,83640.7,46036.4]","[0.995006,0.989441,0.640207]","[4,0,0]","[0,0,0]","[0.177875,-0.918117,-0.790121]",0,"[]","[]","[]","[]","[]","[]","[]","[]","[]","[]",1,"[261033]","[0.281696]","[1.23213]","[271943]","[16225]","[0]","[3.64502]","[0.69798]",0,"[]","[]","[]","[]","[]","[]","[]","[]","[]","[]",0,"[104.773]",16390.5,"[5703.51,3267.23,1708.77]","[]","[0]","[]"
406,284500,8315860,361105,8435.7,8579.63,1.65196e+11,0.402058,1,0.994796,1,1,0.997106,0.816701,1,0,1,0,1,"[0]","[1]","[74570.4]","[0.448666]","[0.265013]","[82202.7]","[-0.0240936]","[-1]","[13]","[1]","[0]","[552.782]","[-0.000899393]","[0.132632]",45372.7,0.453819,5,"[246439,120820,42603.6,29631.2,25820]","[1.46685,2.28463,0.217319,-1.51115,-0.260078]","[-2.51414,0.827166,0.96808,2.95812,-1.80684]","[562913,599709,44178.3,70516.6,27040.2]","[0.99468,1,1,0.958809,0.999798]","[0,0,0,0,0]","[0,0,0,0,0]","[-0.850103,-0.844598,-0.25979,-0.814706,-0.859448]",0,"[]","[]","[]","[]","[]","[]","[]","[]","[]","[]",1,"[252303]","[1.47573]","[-2.51896]","[580741]","[10006.5]","[0]","[3.2861]","[0.633846]",0,"[]","[]","[]","[]","[]","[]","[]","[]","[]","[]",0,"[771.573]",6555.6,"[10359.6,3268.54,2264.62,2463.61,4239.7]","[]","[7522.09]","[]"
407,284500,8605107,361105,8437.85,8579.63,1.65196e+11,0.506784,1,1.00174,1,1,1.10041,0.991768,1,0,1,0,1,"[0]","[1]","[103677]","[2.24019]","[-2.36703]","[492544]","[-0.0462933]","[-1]","[13]","[1]","[0]","[644.31]","[0.0124204]","[1.9939]",174356,-2.45027,2,"[279806,27860.9]","[1.56431,0.683954]","[0.574169,1.76139]","[698839,34716.7]","[0.986428,0.990437]","[5,0]","[0,0]","[0.535912,-0.843845]",0,"[]","[]","[]","[]","[]","[]","[]","[]","[]","[]",1,"[296221]","[1.57196]","[0.581989]","[745211]","[41328.5]","[0]","[2.17027]","[0.76396]",0,"[]","[]","[]","[]","[]","[]","[]","[]","[]","[]",0,"[11820.7]",7037.48,"[7845,3870.39]","[]","[10769]","[]"
408,284500,8611423,361105,8434.08,8579.63,1.65196e+11,1.08735,0.95138,1,1,1,0.998917,0.98331,1,1,0,0,1,"[0]","[1]","[39832.6]","[0.0312702]","[0.605416]","[39852.1]","[-0.0179791]","[-1]","[11]","[1]","[0]","[331.161]","[0.00624177]","[0.631443]",213684,0.384589,4,"[263972,55024.8,40557,22954.6]","[-0.313163,-0.905236,0.842191,0.121838]","[-2.88196,-1.60605,1.27914,-0.620548]","[277498,79770.3,56030.2,23605]","[1,1,0.99,0.940796]","[0,0,0,0]","[0,0,0,0]","[-0.964476,-0.858077,-0.956479,-0.718157]",0,"[]","[]","[]","[]","[]","[]","[]","[]","[]","[]",1,"[280996]","[-0.315449]","[-2.9262]","[297427]","[37190.5]","[0]","[3.19088]","[0.352773]",0,"[]","[]","[]","[]","[]","[]","[]","[]","[]","[]",0,"[222.174]",1416.92,"[2822.16,3072.97,3149.13,1982.94]","[]","[13413.5]","[]"
409,284500,8866248,361105,8436.44,8579.63,1.65196e+11,0.596562,0.95205,0.994927,1,1,0.987236,0.742186,1,0,1,0,2,"[0,0]","[1,0]","[34445.6,7682.79]","[0.51101,-2.46164]","[0.713866,2.50917]","[39041.9,45364.1]","[-0.0169487,61.1102]","[-1,1]","[13,11]","[1,0]","[0,0]","[-113.076,353.994]","[-0.0510877,-0.0036501]","[6.36567,0.132196]",142933,1.08917,2,"[245815,23239.4]","[0.960888,1.64479]","[-2.77571,-1.71581]","[368669,62506.3]","[0.99601,0.973795]","[4,0]","[0,0]","[0.392996,-0.777995]",0,"[]","[]","[]","[]","[]","[]","[]","[]","[]","[]",1,"[251446]","[0.952427]","[-2.77181]","[374626]","[13635.8]","[0]","[2.93055]","[0.578016]",0,"[]","[]","[]","[]","[]","[]","[]","[]","[]","[]",0,"[49.9578,312.285]",4098.19,"[6683.06,2655.7]","[]","[2332.92]","[]"
410,284500,9057091,361105,8427.89,8579.63,1.65196e+11,1.55465,0.97994,1,1,1,0.983866,1.00632,1,1,0,0,1,"[0]","[1]","[210357]","[0.28863]","[-0.90237]","[219180]","[0.0247841]","[-1]","[11]","[1]","[0]","[-738.227]","[-0.0273789]","[4.31794]",382012,-0.952731,3,"[549208,53264.1,25512.4]","[-0.0301769,-0.0555952,2.01437]","[2.1924,2.87594,0.544094]","[549875,53977.4,97468.2]","[0.991054,0.988832,0.995113]","[0,4,0]","[0,0,0]","[-0.566766,-0.660398,-0.869411]",0,"[]","[]","[]","[]","[]","[]","[]","[]","[]","[]",1,"[607428]","[-0.018571]","[2.23056]","[614755]","[93954.4]","[0]","[3.18041]","[0.589819]",0,"[]","[]","[]","[]","[]","[]","[]","[]","[]","[]",0,"[2005.77]",2936.94,"[6795.99,1385.45,1743.26]","[]","[20877.4]","[]"
411,284500,9039266,361105,8428.59,8579.63,1.65196e+11,0.402058,1,0.990716,1,1,0.983899,0.820403,1,0,1,0,1,"[0]","[1]","[116896]","[0.0774572]","[-1.41547]","[117247]","[0.00568008]","[-1]","[13]","[1]","[0]","[-238.981]","[-0.00956875]","[1.66806]",713535,-1.41917,3,"[790543,29567.6,22863.1]","[-0.562719,0.253082,-1.99903]","[2.13608,2.66687,1.69073]","[930674,31003,86042.2]","[0.9997,0.913036,1]","[4,0,0]","[0,0,0]","[-0.859641,0.183022,-0.734719]",0,"[]","[]","[]","[]","[]","[]","[]","[]","[]","[]",1,"[793402]","[-0.557303]","[2.14463]","[931976]","[149946]","[0]","[1.00883]","[0.628462]",0,"[]","[]","[]","[]","[]","[]","[]","[]","[]","[]",0,"[3134.4]",3641.56,"[10384.6,2247.84,3147.19]","[]","[2968.19]","[]"
412,284500,8944073,361105,8435.03,8579.63,1.65196e+11,0.596562,0.97994,1,1,1,0.998949,1.00632,1,1,0,0,1,"[0]","[1]","[164474]","[0.419576]","[1.30035]","[179165]","[-0.0783691]","[-1]","[11]","[1]","[0]","[-471.254]","[0.00927378]","[1.12219]",112322,1.2946,2,"[251017,24269.9]","[0.22606,0.648919]","[-1.88358,-1.38684]","[258279,29946.1]","[0.997773,0.956748]","[0,0]","[0,0]","[-0.960568,-0.515374]",0,"[]","[]","[]","[]","[]","[]","[]","[]","[]","[]",1,"[256092]","[0.198877]","[-1.88132]","[261819]","[18373.5]","[0]","[2.99715]","[0.710593]",0,"[]","[]","[]","[]","[]","[]","[]","[]","[]","[]",0,"[757.659]",821.492,"[4037.88,2826.62]","[]","[0]","[]"
413,284500,9044445,361105,8438.02,8579.63,1.65196e+11,1.26205,1.01378,1,1,1,0.983244,1.00936,1,1,0,0,1,"[0]","[1]","[199883]","[0.0395175]","[-1.03147]","[200039]","[-0.0433159]","[-1]","[11]","[1]","[0]","[-776.311]","[-0.0166462]","[1.96056]",324829,-0.913586,3,"[536591,158874,154976]","[-0.423696,-0.0429706,0.296719]","[1.60938,-2.44145,-3.09588]","[586510,159959,162350]","[0.996359,0.995905,0.998374]","[4,0,0]","[0,0,0]","[0.816436,-0.882482,-0.96188]",0,"[]","[]","[]","[]","[]","[]","[]","[]","[]","[]",2,"[532057,290285]","[-0.418999,0.137699]","[1.60627,-2.77433]","[579826,316332]","[20916.9,119133]","[0,0]","[0.081578,0.580257]","[0.286075,0.765453]",0,"[]","[]","[]","[]","[]","[]","[]","[]","[]","[]",0,"[1184.86]",2471.84,"[5776.13,3029.22,6500.13]","[]","[63221.1,4965.38]","[]"
414,284500,9060127,361105,8441.07,8579.63,1.65196e+11,0.934886,0.96323,1,1,1,1.10491,1.00493,1,1,0,0,1,"[0]","[1]","[192922]","[-1.26092]","[1.05713]","[367715]","[-0.159103]","[1]","[11]","[1]","[0]","[4700.97]","[-0.128528]","[1.06583]",221686,1.30417,3,"[340055,42215.9,40798.5]","[0.419901,-1.45651,2.13154]","[-1.7364,-2.26228,-2.80271]","[371231,96079.9,174426]","[1,0.987932,0.991211]","[4,0,0]","[0,0,0]","[0.908803,-0.719686,0.162636]",0,"[]","[]","[]","[]","[]","[]","[]","[]","[]","[]",1,"[336643]","[0.444015]","[-1.73578]","[371043]","[22236.5]","[0]","[1.57803]","[0.0857083]",0,"[]","[]","[]","[]","[]","[]","[]","[]","[]","[]",0,"[2444.92]",24420,"[19201.3,3463.05,4842.78]","[]","[2638.62]","[]"
415,284500,8054844,361105,8435.84,8579.63,1.65196e+11,1.21412,0.9823,1,1,1,0.986802,1.00632,1,1,0,0,1,"[0]","[1]","[125893]","[0.317158]","[2.76313]","[132278]","[-0.0730667]","[-1]","[11]","[1]","[0]","[-29.6184]","[-0.0108428]","[0.630004]",174950,2.52772,2,"[189968,130415]","[0.237764,0.433643]","[-0.169762,-0.999403]","[198141,144129]","[1,1]","[0,4]","[0,0]","[-0.940343,0.716632]",0,"[]","[]","[]","[]","[]","[]","[]","[]","[]","[]",1,"[315113]","[0.225398]","[-0.407591]","[373993]","[188265]","[0]","[1.18742]","[0.531038]",0,"[]","[]","[]","[]","[]","[]","[]","[]","[]","[]",0,"[960.668]",2748.83,"[2353.32,3432.86]","[]","[2949.06]","[]"
416,284500,8560948,361105,8436.37,8579.63,1.65196e+11,0.402058,0.98458,1,1,1,0.997777,1.00582,1,1,0,0,1,"[0]","[1]","[91940]","[-0.250779]","[-1.72576]","[94846.3]","[-0.0761452]","[-1]","[11]","[1]","[0]","[-173.932]","[0.0437187]","[5.14154]",235108,-1.4,2,"[308428,24470.6]","[-0.438893,-1.6289]","[1.71288,0.96133]","[338639,64861.9]","[0.998088,0.960428]","[0,0]","[0,0]","[-0.872486,-0.750699]",0,"[]","[]","[]","[]","[]","[]","[]","[]","[]","[]",1,"[301626]","[-0.430279]","[1.71471]","[330070]","[7689.98]","[0]","[65.8189]","[-1]",0,"[]","[]","[]","[]","[]","[]","[]","[]","[]","[]",0,"[318.567]",5252.39,"[6984.49,2103.53]","[]","[20232.3]","[]"
417,284500,7963039,361105,8428.75,8579.63,1.65196e+11,1.08735,0.98413,1,1,1,0.988112,0.99866,1,1,0,0,1,"[0]","[1]","[93097.4]","[-1.09881]","[1.29195]","[155187]","[0.016449]","[-1]","[11]","[1]","[0]","[4286.58]","[0.0129526]","[1.39307]",195366,1.13493,2,"[294878,32219.8]","[-1.54829,-2.32335]","[-2.08303,-0.23113]","[725552,166141]","[1,1]","[4,0]","[0,0]","[-0.692717,-0.724068]",0,"[]","[]","[]","[]","[]","[]","[]","[]","[]","[]",1,"[305995]","[-1.53455]","[-2.08127]","[743264]","[27168.1]","[0]","[1.80514]","[0.738615]",0,"[]","[]","[]","[]","[]","[]","[]","[]","[]","[]",0,"[464.564]",7325.84,"[8798.27,2971.85]","[]","[3110.31]","[]"
418,284500,7421209,361105,8430.93,8579.63,1.65196e+11,1.21412,1,0.994931,1,1,0.99904,0.929146,1,0,1,0,1,"[0]","[1]","[78982.9]","[-0.783079]","[-0.858552]","[104463]","[-0.0477476]","[-1]","[13]","[1]","[1340.1]","[-115.776]","[0.113778]","[17.1345]",190612,-0.750987,2,"[267371,29245.2]","[-1.19756,-0.144541]","[2.42644,-1.75823]","[483758,30547.1]","[0.997115,0.984907]","[0,0]","[0,0]","[-0.667819,-0.907697]",0,"[]","[]","[]","[]","[]","[]","[]","[]","[]","[]",1,"[276860]","[-1.19562]","[2.43971]","[499848]","[19411.1]","[0]","[2.43922]","[0.583688]",0,"[]","[]","[]","[]","[]","[]","[]","[]","[]","[]",0,"[407.74]",22333.7,"[13134.5,5469.58]","[]","[13820.1]","[]"
419,284500,8959063,361105,8435.55,8579.63,1.65196e+11,0.596562,0.9823,1,1,1,0.992482,1.00632,1,1,0,0,1,"[0]","[1]","[119346]","[0.155938]","[-3.09924]","[120800]","[0.0803547]","[-1]","[11]","[1]","[0]","[762.831]","[0.0875318]","[10.1988]",183568,3.05242,2,"[277704,44052.7]","[-0.56873,-1.35739]","[-0.0839686,0.738998]","[324171,91414.3]","[0.999323,0.970992]","[0,4]","[0,0]","[-0.957519,-0.03794]",0,"[]","[]","[]","[]","[]","[]","[]","[]","[]","[]",1,"[277510]","[-0.559102]","[-0.0820091]","[322496]","[17390.9]","[0]","[6.48025]","[0.234373]",0,"[]","[]","[]","[]","[]","[]","[]","[]","[]","[]",0,"[514.107]",1073.36,"[3363.22,2387.89]","[]","[7626.31]","[]"
420,284500,8953238,361105,8440.31,8579.63,1.65196e+11,1.08735,1,0.998203,1,1,0.998822,0.955122,1,0,1,0,1,"[0]","[1]","[45058.9]","[-0.875095]","[3.01951]","[63441.4]","[-0.475868]","[-1]","[13]","[1]","[0]","[-512.508]","[-0.0668911]","[4.19114]",303275,-3.06958,3,"[341181,105455,72488.4]","[-0.478724,0.509533,1.51729]","[-0.653467,-0.187291,0.501169]","[381700,119940,173818]","[0.998071,0.99986,1]","[0,0,0]","[0,0,0]","[-0.839898,-0.913827,-0.943912]",0,"[]","[]","[]","[]","[]","[]","[]","[]","[]","[]",1,"[345852]","[-0.452741]","[-0.656715]","[382741]","[25246.7]","[0]","[2.74949]","[0.592208]",0,"[]","[]","[]","[]","[]","[]","[]","[]","[]","[]",0,"[128.675]",511.562,"[3746.4,9038.2,9309.37]","[]","[8821.59]","[]"
421,284500,7490313,361105,8435.12,8579.63,1.65196e+11,1.55465,1,0.998924,1,1,0.999202,0.978073,1,0,1,0,1,"[0]","[1]","[72269.1]","[-2.14397]","[2.25131]","[312581]","[0.127408]","[-1]","[13]","[1]","[0]","[1708.35]","[0.0264433]","[4.07946]",218761,1.7976,1,"[260264]","[-1.26443]","[-1.2346]","[498094]","[0.914776]","[0]","[0]","[-0.862004]",0,"[]","[]","[]","[]","[]","[]","[]","[]","[]","[]",1,"[272695]","[-1.26296]","[-1.22825]","[520890]","[15204.8]","[0]","[3.37295]","[0.633278]",0,"[]","[]","[]","[]","[]","[]","[]","[]","[]","[]",0,"[2417.98]",104.5,"[4205.14]","[]","[22430.2]","[]"
422,284500,8598929,361105,8437.22,8579.63,1.65196e+11,1.24168,0.9823,1,1,1,0.998572,1.00632,1,1,0,0,1,"[0]","[1]","[96202.5]","[0.169708]","[-1.37004]","[97591.2]","[0.00417328]","[-1]","[11]","[1]","[0]","[47.5881]","[0.00720881]","[0.780442]",255235,-1.37869,2,"[298883,46096.6]","[-0.609695,2.36197]","[1.71773,2.0722]","[356244,246873]","[0.999687,0.993906]","[0,0]","[0,0]","[-0.930398,-0.830809]",0,"[]","[]","[]","[]","[]","[]","[]","[]","[]","[]",1,"[298166]","[-0.62659]","[1.71833]","[358737]","[8376.58]","[0]","[0.962898]","[0.154761]",0,"[]","[]","[]","[]","[]","[]","[]","[]","[]","[]",0,"[921.283]",9808.78,"[3911.22,8297.97]","[]","[1916.16]","[]"
423,284500,8976829,361105,8437.09,8579.63,1.65196e+11,0.934886,1,0.999034,1,1,0.999085,0.955526,1,0,1,0,1,"[0]","[1]","[261147]","[-0.737088]","[-0.129634]","[335358]","[0.0199866]","[-1]","[13]","[1]","[0]","[-74.3801]","[0.00697336]","[1.46326]",151370,-0.359509,3,"[264492,102925,100860]","[-1.49794,1.95302,-1.52145]","[2.52081,-2.52349,-3.11196]","[621586,370313,242094]","[0.997614,1,0.99]","[0,0,0]","[0,0,0]","[-0.833037,-0.834865,-0.44173]",0,"[]","[]","[]","[]","[]","[]","[]","[]","[]","[]",1,"[324239]","[-1.54445]","[2.71295]","[801158]","[105420]","[0]","[0.916535]","[0.735996]",0,"[]","[]","[]","[]","[]","[]","[]","[]","[]","[]",0,"[8207.43]",2188.28,"[4854.53,5250.2,3438.02]","[]","[419.781]","[]"
424,284500,7755504,361105,8431.77,8579.63,1.65196e+11,0.923924,0.97245,1,1,1,0.999101,0.99544,1,1,0,0,1,"[0]","[1]","[123884]","[1.17161]","[0.198196]","[219093]","[0.0311813]","[-1]","[11]","[1]","[0]","[1043.31]","[0.00480016]","[0.529468]",238089,0.456099,1,"[360962]","[0.0687508]","[-2.84835]","[363298]","[0.997162]","[0]","[0]","[-0.796993]",0,"[]","[]","[]","[]","[]","[]","[]","[]","[]","[]",1,"[348067]","[0.0811961]","[-2.84843]","[350025]","[23806]","[0]","[2.77891]","[0.58597]",0,"[]","[]","[]","[]","[]","[]","[]","[]","[]","[]",0,"[1318.34]",5567.72,"[7812.2]","[]","[8235.53]","[]"
425,284500,7736056,361105,8435.64,8579.63,1.65196e+11,0.596562,1,0.996468,1,1,0.988949,0.979958,1,0,1,0,1,"[0]","[1]","[133561]","[-0.270224]","[-2.84509]","[138467]","[-0.106903]","[-1]","[13]","[1]","[0]","[398.813]","[0.111987]","[14.0254]",180029,-2.95164,2,"[285527,24330.2]","[-1.44795,-1.01343]","[0.273236,-0.0509434]","[641525,38232.6]","[0.995101,0.973698]","[4,0]","[0,0]","[-0.855773,-0.763891]",0,"[]","[]","[]","[]","[]","[]","[]","[]","[]","[]",1,"[269701]","[-1.47098]","[0.264286]","[618218]","[14440.3]","[0]","[2.67542]","[0.480655]",0,"[]","[]","[]","[]","[]","[]","[]","[]","[]","[]",0,"[5703.1]",4386.72,"[5946.38,1772.4]","[]","[1948.47]","[]"
426,284500,6996474,361105,8433.9,8579.63,1.65196e+11,0,0.99211,1,1,1,0.999438,0.9918,1,1,0,0,1,"[0]","[1]","[228076]","[-0.72461]","[0.943176]","[290619]","[-0.0238848]","[-1]","[11]","[1]","[0]","[3683.65]","[-0.00406296]","[0.683305]",43907.5,1.5615,1,"[293295]","[-0.590554]","[-2.18783]","[346518]","[1]","[0]","[0]","[-0.843902]",0,"[]","[]","[]","[]","[]","[]","[]","[]","[]","[]",1,"[298103]","[-0.589653]","[-2.19001]","[351827]","[16363.2]","[0]","[2.16207]","[0.697388]",0,"[]","[]","[]","[]","[]","[]","[]","[]","[]","[]",0,"[1358.73]",10486.1,"[3315.38]","[]","[31523.1]","[]"
427,284500,6983804,361105,8434.03,8579.63,1.65196e+11,0.596562,0.97994,1,1,1,0.998318,1.00632,1,1,0,0,1,"[0]","[1]","[397756]","[0.518947]","[-2.33128]","[452528]","[0.0410728]","[-1]","[11]","[1]","[0]","[-243.411]","[-0.0079824]","[1.30862]",123886,-2.49864,2,"[380557,170096]","[0.308347,0.6977]","[1.01553,0.190585]","[401462,213602]","[0.99354,0.989852]","[0,0]","[0,0]","[-0.868607,-0.93832]",0,"[]","[]","[]","[]","[]","[]","[]","[]","[]","[]",2,"[504446,406353]","[0.477115,0.54322]","[0.77763,-2.32798]","[612853,467797]","[242211,-0.00478416]","[0,1]","[0.901706,0]","[0.572047,-1]",0,"[]","[]","[]","[]","[]","[]","[]","[]","[]","[]",0,"[3135.48]",6626.38,"[9889.6,5236.79]","[]","[40031.2,17000.2]","[]"
428,284500,7023484,361105,8431.6,8579.63,1.65196e+11,0.934886,1,0.999915,1,1,0.981989,1.00515,1,0,1,0,1,"[0]","[1]","[61130.8]","[-1.30774]","[0.647698]","[121291]","[-0.0709555]","[-1]","[13]","[1]","[0]","[-562.891]","[-0.0269435]","[2.72547]",187106,0.266676,3,"[286184,103947,21168]","[1.17136,0.54785,1.07998]","[-2.56144,1.11533,2.81664]","[506923,121057,34852.3]","[0.998365,0.994688,0.999842]","[0,4,0]","[0,0,0]","[-0.898472,-0.753841,-0.91549]",0,"[]","[]","[]","[]","[]","[]","[]","[]","[]","[]",1,"[287152]","[1.16882]","[-2.55763]","[507488]","[28802.9]","[0]","[1.54306]","[0.730354]",0,"[]","[]","[]","[]","[]","[]","[]","[]","[]","[]",0,"[223.066]",5398.09,"[3755.19,4435.9,4229.4]","[]","[4459.34]","[]"
429,284500,7801128,361105,8438.38,8579.63,1.65196e+11,0.00279311,1,0.994378,1,1,0.99745,1.05401,1,0,1,0,1,"[0]","[1]","[65040.7]","[-0.840076]","[-0.291214]","[89373.2]","[-0.151962]","[-1]","[13]","[1]","[0]","[-44.6506]","[-0.0668712]","[11.4134]",406963,-0.153734,4,"[314437,86523.5,43249,23085]","[0.754424,-0.539721,0.458389,1.63958]","[2.74896,-2.77099,-2.58917,2.65612]","[409475,99514.5,48514.6,61921.3]","[0.984383,1,0.995433,1]","[0,0,0,0]","[0,0,0,0]","[-0.833491,-0.924939,-0.891595,-0.818579]",0,"[]","[]","[]","[]","[]","[]","[]","[]","[]","[]",1,"[317842]","[0.72808]","[2.80264]","[415810]","[90353.3]","[0]","[2.68954]","[0.767905]",0,"[]","[]","[]","[]","[]","[]","[]","[]","[]","[]",0,"[292.191]",11059.5,"[11909.5,5960.79,3203.66,2238.72]","[]","[2256.34]","[]"
430,284500,7123075,361105,8432.02,8579.63,1.65196e+11,0.934886,1,0.986648,1,1,0.997545,0.985422,1,0,1,0,1,"[0]","[1]","[67338.3]","[1.73661]","[2.03665]","[197105]","[0.119534]","[-1]","[13]","[1]","[0]","[-323.676]","[-0.0256151]","[2.45911]",191465,2.12433,2,"[283798,29908.7]","[1.81877,-1.78006]","[-0.962565,2.82648]","[897934,91479.8]","[0.993662,0.922008]","[0,0]","[0,0]","[-0.84091,-0.914959]",0,"[]","[]","[]","[]","[]","[]","[]","[]","[]","[]",1,"[288813]","[1.80853]","[-0.957127]","[904864]","[14083]","[0]","[3.46021]","[0.396227]",0,"[]","[]","[]","[]","[]","[]","[]","[]","[]","[]",0,"[737.933]",984.797,"[4271.4,2349.73]","[]","[1137.31]","[]"
431,284500,6989991,361105,8431.57,8579.63,1.65196e+11,1.08735,0.96853,1,1,1,0.998661,0.98869,1,1,0,0,1,"[0]","[1]","[73735.8]","[-1.82951]","[1.32453]","[235636]","[0.0516357]","[-1]","[11]","[1]","[0]","[-336.348]","[-0.00672454]","[0.499828]",147696,1.43777,3,"[289454,107188,52868.4]","[-1.11136,0.0595216,-1.22956]","[-1.77428,1.50545,-1.3147]","[488668,108852,98201.8]","[0.995292,0.994962,0.99048]","[0,0,0]","[0,0,0]","[-0.863322,-0.629752,-0.551866]",0,"[]","[]","[]","[]","[]","[]","[]","[]","[]","[]",1,"[322524]","[-1.12111]","[-1.71053]","[551906]","[70762.1]","[0]","[1.50632]","[0.575363]",0,"[]","[]","[]","[]","[]","[]","[]","[]","[]","[]",0,"[363.344]",5905.5,"[4266,3022.37,6115.01]","[]","[21196.6]","[]"
432,284500,6992673,361105,8432.99,8579.63,1.65196e+11,1.08735,1,0.998634,1,1,0.987808,0.928508,1,0,1,0,1,"[0]","[1]","[40780.1]","[0.309608]","[2.30693]","[42750.4]","[-0.088459]","[-1]","[13]","[0]","[0]","[-228.169]","[0.0987752]","[13.1616]",256317,2.28354,2,"[302222,36619.1]","[0.670638,0.172724]","[-0.734086,-2.75742]","[374585,37416.8]","[0.998832,0.867017]","[4,0]","[0,0]","[-0.726954,-0.889835]",0,"[]","[]","[]","[]","[]","[]","[]","[]","[]","[]",1,"[294437]","[0.665012]","[-0.731835]","[364803]","[45312.9]","[0]","[1.87205]","[0.61272]",0,"[]","[]","[]","[]","[]","[]","[]","[]","[]","[]",0,"[74.5647]",5629.44,"[6711.92,2033.97]","[]","[2195.12]","[]"
433,284500,7216965,361105,8435.29,8579.63,1.65196e+11,0.934886,1,0.998569,1,1,0.999107,1.05699,1,0,1,0,1,"[0]","[1]","[45502.9]","[0.84134]","[2.56759]","[62580.3]","[-0.00242615]","[-1]","[13]","[1]","[0]","[3318.03]","[-0.0239373]","[3.18114]",105529,2.21936,2,"[243713,140834]","[0.0842437,1.65066]","[-0.0742614,-2.60096]","[245085,380673]","[0.995421,0.989978]","[0,0]","[0,0]","[-0.710433,-0.893116]",0,"[]","[]","[]","[]","[]","[]","[]","[]","[]","[]",1,"[252732]","[0.031702]","[-0.0757762]","[253270]","[14420.6]","[0]","[3.90945]","[0.42728]",0,"[]","[]","[]","[]","[]","[]","[]","[]","[]","[]",0,"[54.4879]",1410.59,"[3510.27,8959.73]","[]","[11587.3]","[]"
434,284500,7338643,361105,8429.5,8579.63,1.65196e+11,0.934886,0.96853,1,1,1,0.998487,1,1,1,0,0,1,"[0]","[1]","[72797.4]","[-1.91902]","[-2.14153]","[253373]","[0.0770912]","[-1]","[11]","[0]","[3284.12]","[4616.51]","[0.0441461]","[4.41147]",321262,-2.46229,1,"[390909]","[-1.92127]","[0.731093]","[1.3639e+06]","[0.977268]","[0]","[0]","[-0.0226412]",0,"[]","[]","[]","[]","[]","[]","[]","[]","[]","[]",1,"[391620]","[-1.91303]","[0.726869]","[1.35552e+06]","[27710]","[0]","[2.77459]","[0.714088]",0,"[]","[]","[]","[]","[]","[]","[]","[]","[]","[]",0,"[779.655]",23587.8,"[24460.9]","[]","[2284.53]","[]"
435,284500,7298850,361105,8435.7,8579.63,1.65196e+11,0.596562,0.99093,1,1,1,0.996306,1.00306,1,1,0,0,1,"[0]","[1]","[97073.7]","[1.07706]","[-1.44081]","[159037]","[-0.0804749]","[-1]","[11]","[1]","[0]","[-1775.28]","[0.0909489]","[3.56049]",309422,-1.45671,3,"[449225,42144.6,23549]","[1.46331,-1.02288,-1.7617]","[1.68854,-1.34933,-1.0738]","[1.02272e+06,66444.2,70793.4]","[0.99,0.99774,0.998216]","[0,0,0]","[0,0,0]","[-0.570648,-0.764194,-0.861688]",0,"[]","[]","[]","[]","[]","[]","[]","[]","[]","[]",1,"[456239]","[1.45327]","[1.68922]","[1.02909e+06]","[12071.5]","[0]","[2.00974]","[0.49754]",0,"[]","[]","[]","[]","[]","[]","[]","[]","[]","[]",0,"[814.507]",10374.1,"[19324.6,3183.89,6208.61]","[]","[13002.4]","[]"
436,284500,7391429,361105,8436.86,8579.63,1.65196e+11,1.74563,0.92407,1,1,1,0.99945,0.93264,1,1,0,0,1,"[0]","[1]","[28316.7]","[-1.1845]","[-2.62005]","[50615.4]","[0.261414]","[-1]","[11]","[1]","[0]","[183.545]","[0.0630464]","[4.72001]",253431,-3.09421,1,"[276734]","[0.148525]","[0.093346]","[280087]","[0.738296]","[0]","[0]","[-0.90286]",0,"[]","[]","[]","[]","[]","[]","[]","[]","[]","[]",1,"[275250]","[0.176414]","[0.0943735]","[279578]","[4384.72]","[0]","[0]","[-1]",0,"[]","[]","[]","[]","[]","[]","[]","[]","[]","[]",0,"[604.771]",4248.14,"[5152.62]","[]","[1720.41]","[]"
437,284500,7296868,361105,8434.69,8579.63,1.65196e+11,0.00133961,0.96558,1,1,1,0.999219,0.99746,1,1,0,0,1,"[0]","[1]","[77407.8]","[-1.6475]","[0.535062]","[208479]","[-0.106716]","[-1]","[11]","[1]","[0]","[1848.55]","[0.0393717]","[3.10425]",123013,0.371305,1,"[247397]","[-1.28781]","[3.13389]","[482709]","[1]","[0]","[0]","[-0.881063]",0,"[]","[]","[]","[]","[]","[]","[]","[]","[]","[]",1,"[252625]","[-1.27519]","[3.12817]","[487507]","[9785.76]","[0]","[2.64958]","[0.469887]",0,"[]","[]","[]","[]","[]","[]","[]","[]","[]","[]",0,"[1227.4]",8898.19,"[9956.69]","[]","[5366.05]","[]"
438,284500,7382177,361105,8434.38,8579.63,1.65196e+11,0.402058,0.99242,1,1,1,0.998829,0.99765,1,1,0,0,1,"[0]","[1]","[246251]","[0.74139]","[2.84712]","[317086]","[-0.221512]","[-1]","[11]","[1]","[0]","[3288.77]","[-0.00728098]","[0.377911]",182936,2.78918,3,"[422238,82440.1,81209.9]","[0.384596,2.09687,0.822459]","[-0.140997,-3.05693,-0.874299]","[455148,340837,110652]","[1,0.992788,0.940039]","[0,0,0]","[0,0,0]","[-0.951768,-0.0796781,-0.91478]",0,"[]","[]","[]","[]","[]","[]","[]","[]","[]","[]",2,"[470916,268803]","[0.47651,0.74413]","[-0.244961,2.84581]","[546117,346723]","[148994,0.00390625]","[0,0]","[1.4193,0]","[0.584143,-1]",0,"[]","[]","[]","[]","[]","[]","[]","[]","[]","[]",0,"[1498.93]",10518.5,"[18077.9,5309.93,9500.5]","[]","[487.875,13228.1]","[]"
439,284500,8383989,361105,8434.57,8579.63,1.65196e+11,1.55465,0.9666,1,1,1,0.998806,0.95498,1,1,0,0,1,"[0]","[1]","[59475.1]","[-0.765902]","[1.85685]","[77788.9]","[-0.0976257]","[-1]","[11]","[1]","[0]","[311.78]","[-0.0486522]","[3.5911]",369577,1.98629,1,"[423003]","[0.215559]","[-1.16887]","[433910]","[0.999759]","[0]","[0]","[-0.954253]",0,"[]","[]","[]","[]","[]","[]","[]","[]","[]","[]",1,"[413113]","[0.203857]","[-1.16672]","[422433]","[24420.4]","[0]","[1.55826]","[0.367876]",0,"[]","[]","[]","[]","[]","[]","[]","[]","[]","[]",0,"[101.347]",4375.12,"[6342.9]","[]","[346.938]","[]"
440,284500,8895371,361105,8433.89,8579.63,1.65196e+11,0.596562,1,0.999456,1,1,1.10164,0.989642,1,0,1,0,1,"[0]","[1]","[103306]","[-1.31499]","[-0.736666]","[206261]","[0.119995]","[-1]","[13]","[1]","[0]","[-548.018]","[0.115787]","[15.5153]",435721,-0.841246,7,"[306572,162348,151832,47929.7,29789.4,28083.6,24219.2]","[-0.725664,2.16755,-0.72095,-0.130038,-2.0305,-1.60407,-0.846633]","[2.80598,1.35577,2.07514,2.5612,-0.652975,3.09151,-2.83814]","[392025,718569,193635,49244.2,115635,72817.9,33817.5]","[1,0.981861,1,0.995521,0.797681,0.986442,0.968501]","[4,0,0,0,0,0,0]","[0,0,0,0,0,0,0]","[0.961175,-0.835997,-0.295617,-0.738397,-0.881432,-0.827019,-0.892312]",0,"[]","[]","[]","[]","[]","[]","[]","[]","[]","[]",1,"[410220]","[-0.777557]","[2.57783]","[563867]","[160292]","[0]","[0.91153]","[0.804652]",0,"[]","[]","[]","[]","[]","[]","[]","[]","[]","[]",0,"[816.799]",20516.5,"[14037.3,5838.93,3924.12,2916.27,3756.43,2956.75,2755.15]","[]","[19313.5]","[]"
441,284500,7439761,361105,8440.28,8579.63,1.65196e+11,1.24168,0.9823,1,1,1,0.998271,1.00632,1,1,0,0,1,"[0]","[1]","[128684]","[0.609093]","[0.320003]","[153301]","[0.0122566]","[-1]","[11]","[1]","[0]","[-1239.51]","[0.00573654]","[0.632766]",163004,0.00154896,3,"[311928,42299.9,31487.8]","[-1.15822,1.54144,-0.911106]","[-3.05221,0.688811,-1.57221]","[546714,103584,45990.7]","[0.992773,0.988285,1]","[0,0,0]","[0,0,0]","[-0.786195,-0.81025,-0.850252]",0,"[]","[]","[]","[]","[]","[]","[]","[]","[]","[]",1,"[328214]","[-1.17833]","[-3.05395]","[584629]","[33230.3]","[0]","[1.68755]","[0.716482]",0,"[]","[]","[]","[]","[]","[]","[]","[]","[]","[]",0,"[566.626]",13569.3,"[11887.7,4497.27,2391.88]","[]","[10011.5]","[]"
442,284500,8786831,361105,8440.55,8579.63,1.65196e+11,1.24168,1,0.998448,1,1,1.10446,1.04855,1,0,1,0,1,"[0]","[1]","[73325.8]","[-0.833521]","[0.160496]","[100307]","[-0.0554199]","[-1]","[13]","[1]","[0]","[-938.365]","[-0.019408]","[3.18376]",191051,-0.0548677,3,"[294215,25817.2,24253.8]","[-0.352115,-1.65852,-0.933776]","[3.10309,0.122359,-1.11402]","[312952,70417.1,35894]","[1,0.995352,0.984299]","[4,0,0]","[0,0,0]","[0.854778,-0.831258,-0.868813]",0,"[]","[]","[]","[]","[]","[]","[]","[]","[]","[]",1,"[292711]","[-0.372152]","[3.10396]","[313437]","[11773.2]","[0]","[0.695353]","[-1]",0,"[]","[]","[]","[]","[]","[]","[]","[]","[]","[]",0,"[193.33]",1630.58,"[4774.3,3555.24,3419.2]","[]","[14564.1]","[]"
443,284500,7402918,361105,8431.69,8579.63,1.65196e+11,1.24168,1,1,1,1,0.998339,1,1,1,0,0,1,"[0]","[1]","[42942.5]","[0.247608]","[-1.67534]","[44265.6]","[0.0619469]","[-1]","[11]","[0]","[0]","[5115.27]","[0.117543]","[11.5051]",335486,-1.93006,3,"[333215,55731.2,21443.5]","[0.259515,-1.96973,0.276903]","[1.05769,2.1096,2.7125]","[344719,203735,22888.7]","[0.990814,0.995837,0.99235]","[0,0,0]","[0,0,0]","[-0.693328,-0.877059,-0.916513]",0,"[]","[]","[]","[]","[]","[]","[]","[]","[]","[]",1,"[352669]","[0.283738]","[1.0607]","[367134]","[11277.2]","[0]","[3.05212]","[0.333286]",0,"[]","[]","[]","[]","[]","[]","[]","[]","[]","[]",0,"[115.628]",16638.6,"[12807.4,3752.85,1624.37]","[]","[2881.59]","[]"
444,284500,7305054,361105,8431.55,8579.63,1.65196e+11,1.08735,1,0.986328,1,1,0.999415,1.02582,1,0,1,0,1,"[0]","[1]","[63224.6]","[1.90513]","[-2.72276]","[217147]","[-0.553101]","[-1]","[13]","[1]","[0]","[242.504]","[-0.00984234]","[1.39902]",166503,-2.8148,1,"[252186]","[0.856036]","[0.558812]","[351163]","[0.983715]","[0]","[0]","[-0.886678]",0,"[]","[]","[]","[]","[]","[]","[]","[]","[]","[]",1,"[280875]","[0.879447]","[0.563807]","[397560]","[26476.6]","[0]","[1.7133]","[0.528412]",0,"[]","[]","[]","[]","[]","[]","[]","[]","[]","[]",0,"[933.706]",5414.84,"[6992.39]","[]","[31132.3]","[]"
445,284500,7439553,361105,8440.28,8579.63,1.65196e+11,0.00133961,0.95586,1,1,1,1.00965,0.97537,1,1,0,0,1,"[0]","[1]","[33718.7]","[0.774947]","[-1.76391]","[44360.4]","[-0.0243835]","[-1]","[11]","[1]","[0]","[-137.433]","[0.118376]","[9.10086]",232207,-1.01355,2,"[260317,23687]","[0.410748,0.0561376]","[1.91607,-2.49974]","[282622,23996.1]","[0.99902,1]","[0,4]","[0,0]","[-0.85381,-0.619586]",0,"[]","[]","[]","[]","[]","[]","[]","[]","[]","[]",1,"[260813]","[0.375657]","[1.91605]","[279493]","[5768.11]","[0]","[15.2144]","[0.301685]",0,"[]","[]","[]","[]","[]","[]","[]","[]","[]","[]",0,"[83.5023]",1915.06,"[3383.4,5099.35]","[]","[0]","[]"
446,284500,9186676,361105,8432.46,8579.63,1.65196e+11,0.696077,0.9823,1,1,1,0.999445,1.00632,1,1,0,0,1,"[0]","[1]","[133085]","[0.502862]","[-2.45386]","[150269]","[-0.000659943]","[-1]","[11]","[1]","[0]","[214.097]","[-0.0317273]","[1.44095]",115730,-2.44601,1,"[263390]","[-0.136039]","[0.668125]","[266590]","[0.99246]","[0]","[0]","[-0.905039]",0,"[]","[]","[]","[]","[]","[]","[]","[]","[]","[]",1,"[269062]","[-0.148347]","[0.672942]","[272575]","[17260.7]","[0]","[2.1817]","[0.594098]",0,"[]","[]","[]","[]","[]","[]","[]","[]","[]","[]",0,"[539.337]",1421.14,"[3126.64]","[]","[11851.4]","[]"
447,284500,8922996,361105,8433.74,8579.63,1.65196e+11,1.26459,1,0.997425,1,1,0.99935,0.999985,1,0,1,0,1,"[0]","[1]","[53689.2]","[-1.23557]","[0.820699]","[100158]","[0.0780563]","[-1]","[13]","[1]","[1852.88]","[1224.49]","[0.013339]","[1.31091]",115217,0.582716,3,"[277969,75951.4,41325.2]","[-0.275076,-0.872643,-0.50828]","[-2.53824,0.608824,0.293385]","[288767,107182,46922]","[0.993853,0.990489,0.99082]","[0,0,0]","[0,0,0]","[-0.890909,-0.774223,-0.877123]",0,"[]","[]","[]","[]","[]","[]","[]","[]","[]","[]",1,"[284359]","[-0.295777]","[-2.53847]","[297005]","[8352.66]","[0]","[2.4008]","[0.135668]",0,"[]","[]","[]","[]","[]","[]","[]","[]","[]","[]",0,"[542.155]",2598.42,"[3003.01,2363.55,2634.26]","[]","[24445.6]","[]"
448,284500,8950273,361105,8435.13,8579.63,1.65196e+11,0.596562,1,0.985938,1,1,0.997898,1.00414,1,0,1,0,1,"[0]","[1]","[85522.1]","[-1.62812]","[1.60986]","[226232]","[0.00892448]","[-1]","[13]","[1]","[3228.67]","[106.683]","[0.0425265]","[4.80436]",159567,1.4241,4,"[300298,90182.6,32937.5,29335.5]","[-0.447307,1.43915,-1.51084,-0.726523]","[-1.92335,0.398648,2.90845,-0.068025]","[331394,201029,78531.8,38216.1]","[1,0.99,1,1]","[0,0,0,0]","[0,0,0,0]","[-0.879459,-0.915872,-0.732738,-0.866048]",0,"[]","[]","[]","[]","[]","[]","[]","[]","[]","[]",1,"[284046]","[-0.444509]","[-1.92105]","[312574]","[0.00569429]","[0]","[0]","[-1]",0,"[]","[]","[]","[]","[]","[]","[]","[]","[]","[]",0,"[4510.32]",8435.77,"[7523.75,4587.56,6489.85,2035.34]","[]","[5587.97]","[]"
449,284500,8446131,361105,8431.47,8579.63,1.65196e+11,1.08735,0.96194,1,1,1,0.986621,1.01532,1,1,0,0,1,"[0]","[1]","[53648.4]","[2.20017]","[2.3348]","[245102]","[-0.24976]","[-1]","[11]","[1]","[1705.93]","[401.119]","[0.00662286]","[0.761548]",233306,2.2476,1,"[281710]","[0.383738]","[-0.923629]","[303573]","[0.991062]","[4]","[0]","[0.736922]",0,"[]","[]","[]","[]","[]","[]","[]","[]","[]","[]",1,"[269741]","[0.411088]","[-0.928847]","[293380]","[17515.4]","[0]","[2.35918]","[-1]",0,"[]","[]","[]","[]","[]","[]","[]","[]","[]","[]",0,"[393.738]",4182.14,"[4896.54]","[]","[17922.6]","[]"
450,284500,9271315,361105,8431.95,8579.63,1.65196e+11,0.934886,0.98089,1,1,1,0.999239,0.99866,1,1,0,0,1,"[0]","[1]","[273495]","[-1.09197]","[0.674254]","[453413]","[-0.0455494]","[-1]","[11]","[1]","[0]","[48.9816]","[0.00899055]","[0.78368]",124866,0.819311,2,"[343431,58598.9]","[-0.775129,-0.00648881]","[-2.37797,-2.69043]","[452349,59993.6]","[0.998447,0.999899]","[0,0]","[0,0]","[-0.480514,-0.689244]",0,"[]","[]","[]","[]","[]","[]","[]","[]","[]","[]",2,"[353180,295555]","[-0.767197,-1.08976]","[-2.37754,0.67194]","[462445,489120]","[10798.4,0.0078125]","[0,1]","[1.29567,0]","[0.0914003,-1]",0,"[]","[]","[]","[]","[]","[]","[]","[]","[]","[]",0,"[3256.36]",5105.75,"[11054.6,5820.16]","[]","[10270.5,739.875]","[]"
451,284500,8747716,361105,8436.66,8579.63,1.65196e+11,1.26459,0.97553,1,1,1,0.999259,1.01265,1,1,0,0,1,"[0]","[1]","[84588.4]","[1.59628]","[1.24689]","[217277]","[-0.109966]","[-1]","[11]","[1]","[1765.96]","[-26.0482]","[0.0274981]","[3.28547]",182006,1.39511,2,"[267897,65538.4]","[1.23534,-0.242864]","[-2.11029,-0.121315]","[500027,68663.4]","[0.994982,0.995363]","[0,0]","[0,0]","[-0.800531,-0.917964]",0,"[]","[]","[]","[]","[]","[]","[]","[]","[]","[]",1,"[256690]","[1.25629]","[-2.10851]","[487602]","[16131.8]","[0]","[2.75821]","[0.600998]",0,"[]","[]","[]","[]","[]","[]","[]","[]","[]","[]",0,"[958.397]",4868.67,"[5808.63,2984.39]","[]","[3843.33]","[]"
452,284500,9124848,361105,8435.88,8579.63,1.65196e+11,0.934886,0.96819,1,1,1,0.997565,0.95922,1,1,0,0,1,"[0]","[1]","[47094.1]","[-0.787529]","[-2.86047]","[62468.6]","[-0.0241318]","[-1]","[11]","[1]","[0]","[-797.794]","[-0.0443447]","[4.17819]",234692,-2.88039,2,"[294700,21606.4]","[-0.520425,-1.8475]","[0.142458,2.26527]","[336432,70280.6]","[0.998735,0.963496]","[0,0]","[0,0]","[-0.943523,-0.728848]",0,"[]","[]","[]","[]","[]","[]","[]","[]","[]","[]",1,"[288147]","[-0.542302]","[0.140576]","[332602]","[26231.5]","[0]","[1.72684]","[0.716997]",0,"[]","[]","[]","[]","[]","[]","[]","[]","[]","[]",0,"[89.1678]",8927.02,"[3285.23,4767.99]","[]","[15144.3]","[]"
453,284500,8699573,361105,8436.29,8579.63,1.65196e+11,0.596562,0.94772,1,1,1,0.998977,0.94369,1,1,0,0,1,"[0]","[1]","[42916.3]","[-1.18268]","[1.87744]","[76596.1]","[0.183609]","[-1]","[11]","[1]","[0]","[382.911]","[0.0386733]","[3.03104]",195860,2.05086,2,"[225673,29021]","[-0.174085,-0.0522054]","[-1.01733,-2.12917]","[230262,29602.3]","[0.981665,0.999009]","[0,0]","[0,0]","[-0.607233,-0.817726]",0,"[]","[]","[]","[]","[]","[]","[]","[]","[]","[]",1,"[271535]","[-0.206639]","[-1.01471]","[279373]","[33537.1]","[0]","[2.17771]","[0.588005]",0,"[]","[]","[]","[]","[]","[]","[]","[]","[]","[]",0,"[82.1266]",2499.77,"[2504.4,5000.04]","[]","[0]","[]"
454,284500,9134993,361105,8432.62,8579.63,1.65196e+11,1.24168,0.97429,1,1,1,0.986957,0.98653,1,1,0,0,1,"[0]","[1]","[56771.3]","[0.430025]","[0.947058]","[62101.8]","[0.111559]","[-1]","[11]","[1]","[0]","[-599.874]","[0.156378]","[17.8076]",293814,0.65399,2,"[309560,32551.3]","[0.792099,-1.40285]","[-2.41696,-2.58597]","[412185,70587.7]","[0.99559,0.999901]","[4,0]","[0,0]","[0.17803,-0.610558]",0,"[]","[]","[]","[]","[]","[]","[]","[]","[]","[]",1,"[301919]","[0.785285]","[-2.42029]","[400090]","[12485.6]","[0]","[2.11621]","[0.427242]",0,"[]","[]","[]","[]","[]","[]","[]","[]","[]","[]",0,"[71.0684]",3460.41,"[3116.69,4343.66]","[]","[12380.2]","[]"
455,284500,8301732,361105,8434.68,8579.63,1.65196e+11,1.26459,1,1,1,1,0.997737,1,1,1,0,0,1,"[0]","[1]","[73983.2]","[2.1192]","[1.31983]","[312379]","[0.202301]","[-1]","[11]","[0]","[0]","[339.173]","[-0.134765]","[5.88914]",247881,1.20338,2,"[323126,20046.9]","[-0.84958,-2.4752]","[-1.84498,2.43331]","[448526,119995]","[0.99,0]","[0,0]","[0,0]","[-0.631745,-0.723432]",0,"[]","[]","[]","[]","[]","[]","[]","[]","[]","[]",1,"[320680]","[-0.867559]","[-1.84217]","[451117]","[42367.1]","[0]","[1.11451]","[0.469791]",0,"[]","[]","[]","[]","[]","[]","[]","[]","[]","[]",0,"[386.644]",14216,"[16108,4395.58]","[]","[802.25]","[]"
456,284500,9150353,361105,8435.45,8579.63,1.65196e+11,1.08735,0.97663,1,1,1,0.998846,1.00121,1,1,0,0,1,"[0]","[1]","[138160]","[-1.84223]","[2.03426]","[446882]","[-0.113781]","[-1]","[11]","[1]","[0]","[1353.31]","[0.0523649]","[2.29485]",85979.3,2.60662,3,"[278301,32351.2,29571.8]","[0.643281,-0.0924841,0.530784]","[-0.92751,1.6751,2.20976]","[338641,32987.5,34575.4]","[1,1,0.993224]","[0,0,0]","[0,0,0]","[-0.90075,-0.687638,0.285993]",0,"[]","[]","[]","[]","[]","[]","[]","[]","[]","[]",1,"[292192]","[0.616259]","[-0.925355]","[350150]","[22059.9]","[0]","[1.81225]","[0.715082]",0,"[]","[]","[]","[]","[]","[]","[]","[]","[]","[]",0,"[2353.69]",1147.84,"[4351.84,2227.95,3995.59]","[]","[3829.28]","[]"
457,284500,9133468,361105,8432.86,8579.63,1.65196e+11,1.24168,0.98413,1,1,1,0.999428,0.99866,1,1,0,0,1,"[0]","[1]","[88793.3]","[-0.80977]","[3.01764]","[119531]","[0.035368]","[-1]","[11]","[1]","[0]","[-1500.63]","[0.0107528]","[1.3613]",36212,2.36031,1,"[252054]","[-0.363185]","[0.158037]","[270067]","[1]","[0]","[0]","[-0.821081]",0,"[]","[]","[]","[]","[]","[]","[]","[]","[]","[]",1,"[260665]","[-0.428171]","[0.193098]","[287043]","[34794.1]","[0]","[2.33927]","[0.517919]",0,"[]","[]","[]","[]","[]","[]","[]","[]","[]","[]",0,"[483.42]",7089.48,"[7468.61]","[]","[3091.64]","[]"
458,284500,9143191,361105,8435.14,8579.63,1.65196e+11,0.596562,0.98162,1,1,1,0.995731,0.92551,1,1,0,0,1,"[0]","[1]","[138956]","[-2.36334]","[-1.88112]","[744833]","[-0.246243]","[-1]","[11]","[1]","[0]","[262.993]","[-0.040771]","[3.86445]",114474,-2.05552,3,"[264175,21444.6,20987.1]","[-1.6934,1.33438,-1.87728]","[1.29864,-1.23874,-0.15375]","[742722,43664.1,70340.9]","[0.998125,0.757858,0.691227]","[0,0,0]","[0,0,0]","[-0.93077,-0.908982,-0.918295]",0,"[]","[]","[]","[]","[]","[]","[]","[]","[]","[]",1,"[259166]","[-1.70174]","[1.30183]","[734282]","[10980]","[0]","[4.68679]","[0.346251]",0,"[]","[]","[]","[]","[]","[]","[]","[]","[]","[]",0,"[1285.8]",7294.67,"[6293.49,1635.15,1158.82]","[]","[6409.14]","[]"
459,284500,8312945,361105,8436.58,8579.63,1.65196e+11,0.934886,1,0.995454,1,1,0.998995,0.928946,1,0,1,0,1,"[0]","[1]","[44078.5]","[0.266457]","[-0.0604386]","[45652.7]","[0.0505104]","[-1]","[13]","[1]","[0]","[244.27]","[-0.0164092]","[1.89641]",96912.7,2.01542,2,"[239968,145702]","[-0.710781,-2.11936]","[-1.5115,1.65087]","[303790,615614]","[0,0]","[0,0]","[0,0]","[-0.701791,-0.796053]",0,"[]","[]","[]","[]","[]","[]","[]","[]","[]","[]",1,"[254507]","[-0.69603]","[-1.50838]","[319446]","[22021.3]","[0]","[1.91736]","[0.568761]",0,"[]","[]","[]","[]","[]","[]","[]","[]","[]","[]",0,"[362.574]",8619.27,"[6408.39,4750.86]","[]","[23324.4]","[]"
460,284500,8697413,361105,8440.2,8579.63,1.65196e+11,1.55465,1,0.999512,1,1,0.9858,1.00252,1,0,1,0,1,"[0]","[1]","[119054]","[1.19167]","[-0.250953]","[214077]","[-0.0658875]","[-1]","[13]","[1]","[0]","[-846.771]","[-0.0584549]","[9.72515]",238554,-0.440169,1,"[345475]","[0.456863]","[2.78133]","[383209]","[0.996437]","[4]","[0]","[-0.743117]",0,"[]","[]","[]","[]","[]","[]","[]","[]","[]","[]",1,"[367148]","[0.430079]","[2.77854]","[402439]","[25515]","[0]","[2.30641]","[0.639648]",0,"[]","[]","[]","[]","[]","[]","[]","[]","[]","[]",0,"[2158.7]",699.203,"[3309.82]","[]","[13240.1]","[]"
461,284500,2274170,361105,8433.85,8579.63,1.65196e+11,0.596562,1,0.997463,1,1,0.999214,0.955418,1,0,1,0,1,"[0]","[1]","[49908.2]","[0.798827]","[-2.91963]","[66697.1]","[-0.0440674]","[-1]","[13]","[1]","[0]","[-354.152]","[0.113424]","[16.269]",264838,-2.82054,1,"[320153]","[1.15966]","[0.286992]","[561279]","[0.994943]","[0]","[0]","[-0.867432]",0,"[]","[]","[]","[]","[]","[]","[]","[]","[]","[]",1,"[306958]","[1.17858]","[0.286471]","[546520]","[23830.4]","[0]","[2.33499]","[0.724932]",0,"[]","[]","[]","[]","[]","[]","[]","[]","[]","[]",0,"[90.0118]",11060,"[11772.2]","[]","[14145.6]","[]"
462,284500,2372608,361105,8435.03,8579.63,1.65196e+11,1.26205,1,0.989837,1,1,0.988092,0.89514,1,0,1,0,1,"[0]","[1]","[28409.4]","[-1.69683]","[-1.42299]","[80112.9]","[-0.110756]","[-1]","[13]","[1]","[0]","[661.482]","[-0.0115393]","[1.08707]",255945,-1.49909,4,"[200139,80553.6,31037.4,25270.9]","[-1.23841,-1.94259,-0.716474,-0.82771]","[1.66736,1.86069,1.26922,-1.30072]","[374602,287058,39645,34789.4]","[0.984037,0.990872,0.984711,0.999864]","[4,0,0,0]","[0,0,0,0]","[0.572377,-0.737588,-0.882973,-0.451295]",0,"[]","[]","[]","[]","[]","[]","[]","[]","[]","[]",1,"[312671]","[-1.42306]","[1.67775]","[699938]","[136815]","[0]","[1.70962]","[0.547402]",0,"[]","[]","[]","[]","[]","[]","[]","[]","[]","[]",0,"[126.077]",11040.4,"[17877.4,2457.68,3900.07,1855.38]","[]","[39836.2]","[]"
463,284500,2374605,361105,8435.19,8579.63,1.65196e+11,1.74563,0.98916,1,1,1,0.999443,0.99765,1,1,0,0,1,"[0]","[1]","[93338.1]","[0.796448]","[-2.11674]","[124540]","[-0.0144415]","[-1]","[11]","[1]","[0]","[937.725]","[-0.00699119]","[0.738335]",179729,-2.12111,1,"[266301]","[-0.817012]","[1.01214]","[360900]","[0.994987]","[0]","[0]","[-0.850309]",0,"[]","[]","[]","[]","[]","[]","[]","[]","[]","[]",1,"[270673]","[-0.820966]","[1.01359]","[367520]","[16977.4]","[0]","[2.13141]","[0.50826]",0,"[]","[]","[]","[]","[]","[]","[]","[]","[]","[]",0,"[318.791]",3703.2,"[4822.2]","[]","[12047.4]","[]"
464,284500,2706855,361105,8438.28,8579.63,1.65196e+11,1.21412,0.98413,1,1,1,0.998634,0.99866,1,1,0,0,1,"[0]","[1]","[127442]","[-1.01484]","[-1.5091]","[198898]","[-0.0587749]","[-1]","[11]","[1]","[1291.64]","[1734.27]","[-0.0543203]","[5.55604]",189943,-1.60647,2,"[335559,20838.5]","[-1.15687,-0.815096]","[1.64931,-0.786844]","[587051,28378.8]","[1,0.987647]","[0,0]","[0,0]","[-0.923438,-0.849527]",0,"[]","[]","[]","[]","[]","[]","[]","[]","[]","[]",1,"[350587]","[-1.15515]","[1.64523]","[612105]","[22519.8]","[0]","[2.07058]","[0.582298]",0,"[]","[]","[]","[]","[]","[]","[]","[]","[]","[]",0,"[1056]",23575,"[15131.1,1143.43]","[]","[21464.3]","[]"
465,284500,2725718,361105,8439.58,8579.63,1.65196e+11,1.08735,1,0.998635,1,1,0.998028,0.999611,1,0,1,0,1,"[0]","[1]","[187233]","[2.1384]","[-0.590692]","[805449]","[-0.174301]","[-1]","[13]","[1]","[4457.5]","[7549.3]","[-0.0327409]","[6.24869]",94588.3,-0.304076,2,"[292820,28065.5]","[0.649314,-1.25136]","[2.60126,-0.964511]","[357013,53278]","[0.994954,0.986056]","[0,0]","[0,0]","[-0.899737,-0.952716]",0,"[]","[]","[]","[]","[]","[]","[]","[]","[]","[]",1,"[292269]","[0.63484]","[2.6035]","[353414]","[13161.8]","[0]","[1.9539]","[0.461357]",0,"[]","[]","[]","[]","[]","[]","[]","[]","[]","[]",0,"[49541]",94588.3,"[2660.34,1300.88]","[]","[1564.09]","[]"
466,284500,2749176,361105,8427.84,8579.63,1.65196e+11,1.21412,1,0.998823,1,1,0.999432,0.975222,1,0,1,0,1,"[0]","[1]","[27223.6]","[-1.06894]","[-3.06257]","[44315.5]","[-0.18922]","[-1]","[13]","[1]","[0]","[136.463]","[0.0471032]","[5.02147]",256367,3.03365,1,"[255764]","[-0.540477]","[-0.369167]","[294749]","[0.980832]","[0]","[0]","[-0.926076]",0,"[]","[]","[]","[]","[]","[]","[]","[]","[]","[]",1,"[255501]","[-0.52563]","[-0.372491]","[292081]","[16461.3]","[0]","[2.45755]","[0.709844]",0,"[]","[]","[]","[]","[]","[]","[]","[]","[]","[]",0,"[130.179]",1042.75,"[3581.11]","[]","[4616]","[]"
467,284500,2619837,361105,8436.19,8579.63,1.65196e+11,0.596562,1,0.994927,1,1,0.997434,0.805856,1,0,1,0,1,"[0]","[1]","[228326]","[0.655898]","[0.877827]","[279225]","[-0.0170898]","[-1]","[13]","[1]","[0]","[111.466]","[0.0077574]","[1.66673]",155301,0.70895,3,"[323970,61037.3,33275.9]","[1.84976,-1.7458,2.02573]","[-2.43595,-1.47098,-2.87519]","[1.05658e+06,180339,128396]","[0.993627,0.992086,0.994082]","[0,0,0]","[0,0,0]","[-0.870573,-0.667682,-0.804416]",0,"[]","[]","[]","[]","[]","[]","[]","[]","[]","[]",1,"[345155]","[1.85859]","[-2.47204]","[1.1361e+06]","[70105.3]","[0]","[1.67435]","[0.630154]",0,"[]","[]","[]","[]","[]","[]","[]","[]","[]","[]",0,"[15954]",12001.8,"[8560.9,6338.27,2830.5]","[]","[9327.06]","[]"
468,284500,2709635,361105,8435.59,8579.63,1.65196e+11,1.24168,1,0.995637,1,1,0.997013,0.986393,1,0,1,0,1,"[0]","[1]","[191183]","[0.643591]","[-3.06357]","[232164]","[0.023283]","[-1]","[13]","[1]","[0]","[102.411]","[0.0064263]","[1.48897]",184757,2.7729,4,"[357120,61758.6,27197.9,22065.5]","[-0.430904,1.14707,0.969585,2.0202]","[0.0343346,-0.561903,0.1869,-2.68977]","[392680,107642,41412.7,84826.8]","[0.99117,0.944962,0.961472,0.616633]","[0,0,0,0]","[0,0,0,0]","[-0.744344,-0.856317,-0.755877,-0.882426]",0,"[]","[]","[]","[]","[]","[]","[]","[]","[]","[]",1,"[344972]","[-0.420566]","[0.0373048]","[378107]","[40484]","[0]","[2.81838]","[0.561329]",0,"[]","[]","[]","[]","[]","[]","[]","[]","[]","[]",0,"[1447.44]",20401.6,"[4293.19,3648.37,1885.8,1593.42]","[]","[20964.4]","[]"
469,284500,2754573,361105,8433.29,8579.63,1.65196e+11,1.08735,1,0.998799,1,1,0.998957,0.959422,1,0,1,0,1,"[0]","[1]","[149962]","[1.39733]","[-2.17162]","[321792]","[-0.026701]","[-1]","[13]","[1]","[0]","[-228.408]","[-0.0260283]","[4.87773]",159165,-2.58279,1,"[296085]","[1.69818]","[0.771552]","[836250]","[1]","[0]","[0]","[-0.868819]",0,"[]","[]","[]","[]","[]","[]","[]","[]","[]","[]",1,"[283208]","[1.71089]","[0.773142]","[809310]","[12700.4]","[0]","[2.48002]","[0.402236]",0,"[]","[]","[]","[]","[]","[]","[]","[]","[]","[]",0,"[1652.6]",6611.77,"[7940.34]","[]","[10629.5]","[]"
470,284500,3213847,361105,8437.05,8579.63,1.65196e+11,1.08735,1,0.998635,1,1,0.998718,0.999611,1,0,1,0,1,"[0]","[1]","[148545]","[2.08321]","[-0.634018]","[605675]","[-0.0441628]","[-1]","[13]","[1]","[0]","[-121.783]","[-0.0047877]","[0.697417]",143583,-0.493964,2,"[278504,26163]","[1.40261,-0.365726]","[2.70539,1.26286]","[601094,28243.4]","[1,0.991598]","[0,0]","[0,0]","[-0.930066,-0.610404]",0,"[]","[]","[]","[]","[]","[]","[]","[]","[]","[]",1,"[292946]","[1.40469]","[2.71127]","[633231]","[25489.8]","[0]","[1.60999]","[0.592273]",0,"[]","[]","[]","[]","[]","[]","[]","[]","[]","[]",0,"[23883.2]",2153.5,"[4389.09,1885.53]","[]","[10110.1]","[]"
471,284500,2889422,361105,8430.66,8579.63,1.65196e+11,0.596562,0.98458,1,1,1,0.996797,1.00582,1,1,0,0,1,"[0]","[1]","[133371]","[-0.108004]","[0.474815]","[134149]","[0.0484543]","[-1]","[11]","[1]","[0]","[-239.961]","[0.0104734]","[0.961967]",62032.9,1.34449,4,"[281825,95204.8,24006.3,21743.5]","[1.70294,1.93373,2.0844,0.822012]","[-1.95848,1.71326,1.1533,2.49344]","[799509,336230,98082.2,29783.4]","[0.987482,0.98,0.99,1]","[0,0,0,0]","[0,0,0,0]","[-0.901844,-0.702871,-0.729296,-0.830895]",0,"[]","[]","[]","[]","[]","[]","[]","[]","[]","[]",1,"[297039]","[1.69341]","[-1.95933]","[835563]","[31786.6]","[0]","[3.49046]","[0.82348]",0,"[]","[]","[]","[]","[]","[]","[]","[]","[]","[]",0,"[572.722]",2635.64,"[4164.54,5240.11,2158.85,1923.19]","[]","[33957.3]","[]"
472,284500,3237269,361105,8434.1,8579.63,1.65196e+11,0.596562,1,1.00211,1,1,0.998678,1.01118,1,0,1,0,1,"[0]","[1]","[248238]","[1.71854]","[0.59388]","[714389]","[-0.0616121]","[-1]","[13]","[1]","[0]","[231.217]","[0.00280612]","[0.652397]",63824.4,0.943703,2,"[277665,47521.2]","[1.03963,2.25155]","[-2.56881,-1.82504]","[442452,228317]","[1,0.9901]","[0,0]","[0,0]","[-0.705358,-0.59111]",0,"[]","[]","[]","[]","[]","[]","[]","[]","[]","[]",1,"[265256]","[1.04803]","[-2.56676]","[425327]","[21908]","[0]","[2.49251]","[0.615267]",0,"[]","[]","[]","[]","[]","[]","[]","[]","[]","[]",0,"[20852.9]",3864.36,"[5320.25,2346.24]","[]","[10534.1]","[]"
473,284500,3347558,361105,8433.18,8579.63,1.65196e+11,0.402058,1,0.997676,1,1,0.99904,0.970746,1,0,1,0,1,"[0]","[1]","[46279]","[2.44698]","[2.21171]","[269342]","[-0.281544]","[-1]","[13]","[1]","[0]","[-64.4433]","[0.0280913]","[2.38588]",231455,2.09095,1,"[274807]","[1.58667]","[-1.03553]","[700069]","[0.99449]","[0]","[0]","[-0.92758]",0,"[]","[]","[]","[]","[]","[]","[]","[]","[]","[]",1,"[277702]","[1.59776]","[-1.04649]","[714889]","[29299.2]","[0]","[2.34812]","[0.707709]",0,"[]","[]","[]","[]","[]","[]","[]","[]","[]","[]",0,"[473.538]",9773.8,"[10496.2]","[]","[10700.3]","[]"
474,284500,3506038,361105,8431.79,8579.63,1.65196e+11,3.34815,0.98428,1,1,1,0.948133,1.00121,1,1,0,0,1,"[0]","[1]","[198188]","[-1.85367]","[3.08764]","[648061]","[0.00239372]","[-1]","[11]","[1]","[0]","[-840.591]","[-0.00290472]","[0.312849]",191639,-3.07714,2,"[295787,82118.5]","[-1.21265,-2.40955]","[0.0447378,-0.0874006]","[542679,460710]","[1,1]","[5,0]","[0,0]","[0.974856,-0.674828]",0,"[]","[]","[]","[]","[]","[]","[]","[]","[]","[]",1,"[299691]","[-1.20414]","[0.0319942]","[546150]","[42252]","[0]","[1.61842]","[0.689245]",0,"[]","[]","[]","[]","[]","[]","[]","[]","[]","[]",0,"[1963.49]",3547.45,"[6296.9,3485.37]","[]","[2221.69]","[]"
475,284500,3381512,361105,8436.3,8579.63,1.65196e+11,0.402058,1,0.988416,1,1,0.997661,1.01571,1,0,1,0,1,"[0]","[1]","[39439.4]","[1.81499]","[0.624203]","[124310]","[-0.0444641]","[-1]","[13]","[1]","[0]","[160.108]","[0.00903544]","[1.07501]",273577,0.341473,3,"[222900,93012.5,22461.5]","[-1.16317,-0.736185,1.38349]","[-3.09336,-2.2281,-0.526314]","[392169,119844,47810.4]","[0.98,0.987261,0.993453]","[0,0,0]","[0,0,0]","[-0.880408,-0.906568,-0.727835]",0,"[]","[]","[]","[]","[]","[]","[]","[]","[]","[]",1,"[266075]","[-1.16476]","[-2.89346]","[485346]","[128910]","[0]","[0.923955]","[0.680963]",0,"[]","[]","[]","[]","[]","[]","[]","[]","[]","[]",0,"[37.9668]",13161,"[3607.05,2536.02,1676.26]","[]","[5852.44]","[]"
476,284500,3323887,361105,8430.41,8579.63,1.65196e+11,1.08735,1,1,1,1,0.986636,1,1,1,0,0,1,"[0]","[1]","[393318]","[-2.04893]","[2.26072]","[1.55133e+06]","[0.203575]","[-1]","[11]","[0]","[0]","[14877.7]","[0.0271769]","[2.50579]",98565,2.28896,2,"[413280,310982]","[-0.942489,-0.804908]","[-1.54055,0.0821969]","[611260,418375]","[0.995584,0.997878]","[4,0]","[0,0]","[-0.928784,-0.754672]",0,"[]","[]","[]","[]","[]","[]","[]","[]","[]","[]",2,"[392457,320329]","[-0.940442,-0.802279]","[-1.54256,0.0765269]","[579436,430076]","[17167.8,29411.4]","[0,0]","[5.18128,2.09998]","[0.153916,0.729584]",0,"[]","[]","[]","[]","[]","[]","[]","[]","[]","[]",0,"[4308.11]",8089.52,"[7821.69,6959.41]","[]","[17565.2,20966.3]","[]"
477,284500,3531014,361105,8427.51,8579.63,1.65196e+11,1.08735,1,1.00036,1,1,0.998458,0.867904,1,0,1,0,1,"[0]","[1]","[49152.9]","[-1.05928]","[-0.119634]","[79406.6]","[0.14716]","[-1]","[13]","[0]","[0]","[2140.72]","[-0.135785]","[18.0867]",258088,0.0649183,2,"[293162,20315.1]","[-1.74507,0.815693]","[-3.1078,-2.37756]","[865417,27577.2]","[0.999425,0.899664]","[0,0]","[0,0]","[-0.712522,-0.807317]",0,"[]","[]","[]","[]","[]","[]","[]","[]","[]","[]",1,"[283408]","[-1.74605]","[-3.10313]","[837246]","[21924]","[0]","[1.72748]","[0.699752]",0,"[]","[]","[]","[]","[]","[]","[]","[]","[]","[]",0,"[183.283]",20447,"[8758.23,1134.45]","[]","[27119.8]","[]"
478,284500,3249296,361105,8445.4,8579.63,1.65196e+11,0.596562,1,0.991972,1,1,0.998301,0.859979,1,0,1,0,1,"[0]","[1]","[100577]","[0.237596]","[-2.8821]","[103429]","[0.0309792]","[-1]","[13]","[1]","[0]","[-400.982]","[0.0106995]","[1.9269]",165647,-2.86824,4,"[198418,99999.3,36654.1,24864.1]","[-0.611701,-0.606491,-0.308274,-0.769554]","[0.163964,-0.243294,2.05344,1.89649]","[237167,119085,39151.9,32852.8]","[0.99,1,0.997597,0.812456]","[0,0,0,0]","[0,0,0,0]","[-0.846078,-0.935538,0.0668801,-0.849986]",0,"[]","[]","[]","[]","[]","[]","[]","[]","[]","[]",1,"[286269]","[-0.599226]","[0.0339355]","[344664]","[61011.9]","[0]","[0.519054]","[0.66605]",0,"[]","[]","[]","[]","[]","[]","[]","[]","[]","[]",0,"[1722.45]",8888.77,"[8970.57,2624.94,8051.49,2146.4]","[]","[15471.2]","[]"
479,284500,3519812,361105,8430.09,8579.63,1.65196e+11,1.08735,0.96392,1,1,1,0.998287,1.01012,1,1,0,0,1,"[0]","[1]","[276958]","[1.99941]","[1.02664]","[1.04138e+06]","[0.000370979]","[-1]","[11]","[1]","[1247.29]","[1314.32]","[-0.0107986]","[1.02656]",271204,1.12706,1,"[535306]","[0.493966]","[-2.04075]","[602151]","[0.993548]","[0]","[0]","[-0.614653]",0,"[]","[]","[]","[]","[]","[]","[]","[]","[]","[]",2,"[518859,301313]","[0.494978,1.99983]","[-2.04119,1.02703]","[584030,1.13343e+06]","[18783.8,5836.48]","[0,1]","[5.17683,17.5295]","[-1,-1]",0,"[]","[]","[]","[]","[]","[]","[]","[]","[]","[]",0,"[2417.51]",4209.44,"[9722.67]","[]","[18608.9,9267.47]","[]"
480,284500,3498315,361105,8434.97,8579.63,1.65196e+11,0.738662,0.93306,1,1,1,0.998631,0.94612,1,1,0,0,1,"[0]","[1]","[31958.1]","[-1.2097]","[2.49133]","[58335.7]","[-0.0626373]","[-1]","[11]","[1]","[4315.91]","[-370.04]","[0.0643544]","[4.21259]",249584,2.12883,3,"[285757,28381.5,26602.2]","[-0.0867711,-0.485604,-0.802964]","[-1.17141,2.36327,2.08607]","[287888,32058.2,35756.8]","[0.991041,1,0.996514]","[0,0,0]","[0,0,0]","[-0.951323,-0.869835,-0.851703]",0,"[]","[]","[]","[]","[]","[]","[]","[]","[]","[]",1,"[280560]","[-0.1155]","[-1.17065]","[283082]","[19143.8]","[0]","[2.03699]","[0.510089]",0,"[]","[]","[]","[]","[]","[]","[]","[]","[]","[]",0,"[191.63]",15464,"[8509.57,1902.21,2051.61]","[]","[114.688]","[]"
481,284500,3619855,361105,8437.41,8579.63,1.65196e+11,0.402058,0.9549,1,1,1,0.999127,1.01807,1,1,0,0,1,"[0]","[1]","[44283.6]","[-2.14719]","[-0.751951]","[192138]","[0.143661]","[-1]","[11]","[1]","[0]","[-252.909]","[0.0452544]","[1.72113]",172241,-1.06835,2,"[261538,31607.8]","[-0.682779,1.19193]","[2.04804,-1.05431]","[326050,57027.2]","[0.994294,0.996618]","[0,0]","[0,0]","[-0.943309,-0.793948]",0,"[]","[]","[]","[]","[]","[]","[]","[]","[]","[]",1,"[262690]","[-0.701221]","[2.04716]","[330869]","[24451.5]","[0]","[1.59085]","[0.609579]",0,"[]","[]","[]","[]","[]","[]","[]","[]","[]","[]",0,"[408.03]",3822.41,"[4053.47,2618.94]","[]","[21377.1]","[]"
482,284500,3643503,361105,8434.3,8579.63,1.65196e+11,0.934886,1,0.995146,1,1,0.998838,1.01302,1,0,1,0,1,"[0]","[1]","[27983.7]","[1.42323]","[-1.15035]","[61444.6]","[0.0949707]","[-1]","[13]","[1]","[0]","[10.043]","[-0.00352702]","[0.282956]",260673,-0.0338634,2,"[256218,27676.1]","[1.22211,0.834224]","[3.00337,-2.90637]","[473196,38105.1]","[1,0.987655]","[0,0]","[0,0]","[-0.760328,-0.68071]",0,"[]","[]","[]","[]","[]","[]","[]","[]","[]","[]",1,"[269571]","[1.23392]","[3.01489]","[503536]","[36826.2]","[0]","[2.43933]","[0.654381]",0,"[]","[]","[]","[]","[]","[]","[]","[]","[]","[]",0,"[227.054]",14604.5,"[14530.2,1909.86]","[]","[9569.09]","[]"
483,284500,3663489,361105,8434.15,8579.63,1.65196e+11,0.934886,0.94707,1,1,1,0.999416,0,1,1,0,0,1,"[0]","[1]","[26891.4]","[-0.923274]","[0.498215]","[39190.6]","[-0.18129]","[-1]","[11]","[1]","[0]","[-209.878]","[0.0503497]","[5.13132]",224059,1.10019,1,"[250611]","[-0.182665]","[-2.10431]","[255194]","[0.9932]","[0]","[0]","[-0.833492]",0,"[]","[]","[]","[]","[]","[]","[]","[]","[]","[]",1,"[263537]","[-0.193888]","[-2.08385]","[270599]","[33592.7]","[0]","[2.71608]","[0.484144]",0,"[]","[]","[]","[]","[]","[]","[]","[]","[]","[]",0,"[142.442]",2340.52,"[3791.67]","[]","[39378.4]","[]"
484,284500,3652852,361105,8430.52,8579.63,1.65196e+11,0.164755,1,0.992387,1,1,1.00131,1.00272,1,0,1,0,1,"[0]","[1]","[50106.8]","[-1.26413]","[1.36586]","[95766.4]","[-0.0325623]","[-1]","[13]","[1]","[0]","[-272.292]","[-0.0453295]","[5.73149]",191845,1.79229,4,"[272184,35107.1,29741.5,23113.1]","[-1.7055,-0.138726,-0.367427,-2.20156]","[-1.64844,0.767139,-0.46853,1.68402]","[774291,36094.2,31897.2,105870]","[0.998637,0.994242,0.998625,0.992679]","[0,0,4,0]","[0,0,0,0]","[-0.915081,-0.430115,-0.740918,-0.645273]",0,"[]","[]","[]","[]","[]","[]","[]","[]","[]","[]",1,"[269138]","[-1.66326]","[-1.64413]","[735800]","[19077.9]","[0]","[2.33358]","[0.771271]",0,"[]","[]","[]","[]","[]","[]","[]","[]","[]","[]",0,"[724.853]",25785.3,"[13695.7,1980.97,1786.37,1790.39]","[]","[29907.5]","[]"
485,284500,3766314,361105,8429.69,8579.63,1.65196e+11,0.187531,1,0.986328,1,1,0.997863,1.00988,1,0,1,0,1,"[0]","[1]","[68883]","[1.60487]","[-2.63928]","[178343]","[-0.217808]","[-1]","[13]","[1]","[0]","[-585.885]","[-0.0826119]","[11.3222]",176269,-2.85625,2,"[270150,20224.5]","[-0.708523,2.24192]","[0.598515,-1.00003]","[341619,96347.7]","[0.952185,0.959793]","[0,0]","[0,0]","[-0.78534,-0.477611]",0,"[]","[]","[]","[]","[]","[]","[]","[]","[]","[]",1,"[269670]","[-0.719894]","[0.588372]","[345290]","[42867.8]","[0]","[3.14843]","[0.665605]",0,"[]","[]","[]","[]","[]","[]","[]","[]","[]","[]",0,"[3536.75]",1434.33,"[7114.99,1298.78]","[]","[2211.38]","[]"
486,284500,3991583,361105,8433.08,8579.63,1.65196e+11,0.619412,0.98458,1,1,1,0.99827,1.00582,1,1,0,0,1,"[0]","[1]","[145157]","[-0.109272]","[-1.51263]","[146025]","[0.0188997]","[-1]","[11]","[1]","[0]","[-1862.17]","[0.0257655]","[1.29766]",87023,-0.633074,3,"[218898,42722.7,33600.8]","[-1.75086,-1.34624,-0.890768]","[1.7834,1.45718,-2.04306]","[649880,87959.5,48284.1]","[1,0.98332,0.997226]","[0,0,0]","[0,0,0]","[-0.811968,-0.61091,-0.84813]",0,"[]","[]","[]","[]","[]","[]","[]","[]","[]","[]",1,"[276299]","[-1.6994]","[1.7779]","[782700]","[51247.7]","[0]","[2.18705]","[0.652475]",0,"[]","[]","[]","[]","[]","[]","[]","[]","[]","[]",0,"[566.231]",20160.6,"[9412.74,6311.86,2063.03]","[]","[2955.62]","[]"
487,284500,3847893,361105,8436.58,8579.63,1.65196e+11,1.08735,1,0.996441,1,1,0.99877,0.985843,1,0,1,0,1,"[0]","[1]","[99588.7]","[-2.23733]","[-1.55716]","[471802]","[0.137888]","[-1]","[13]","[1]","[0]","[-239.424]","[0.052111]","[5.6837]",79622.1,-1.36207,4,"[186961,82160,74817.3,28543.8]","[-0.168086,0.743394,0.332297,1.02957]","[1.40177,-2.09511,1.57139,-1.77198]","[192376,106966,79510.2,45116]","[1,0.987204,0.997429,0.98]","[0,0,0,0]","[0,0,0,0]","[-0.955504,-0.85479,-0.58793,-0.842626]",0,"[]","[]","[]","[]","[]","[]","[]","[]","[]","[]",1,"[266279]","[-0.0493497]","[1.44403]","[277707]","[77741.2]","[0]","[1.23624]","[0.707338]",0,"[]","[]","[]","[]","[]","[]","[]","[]","[]","[]",0,"[807.046]",6663.44,"[3559.66,4279.98,2303.27,4734.69]","[]","[15636.9]","[]"
488,284500,3960679,361105,8436.3,8579.63,1.65196e+11,1.08735,0.97867,1,1,1,0.996489,1.01012,1,1,0,0,1,"[0]","[1]","[91044.2]","[1.93715]","[2.39634]","[322435]","[-0.0315256]","[-1]","[11]","[1]","[0]","[1724.88]","[0.0281866]","[2.01602]",350374,2.38879,4,"[385933,61167.9,27344.2,24847]","[1.15759,1.51431,0.473211,1.80023]","[-1.011,0.399932,-0.495863,1.73846]","[675463,146151,30681.9,77325.6]","[0.989692,0.984314,0.988486,0.999872]","[0,0,0,0]","[0,0,0,0]","[-0.961889,-0.848233,-0.791916,-0.718438]",0,"[]","[]","[]","[]","[]","[]","[]","[]","[]","[]",1,"[358317]","[1.16041]","[-1.01402]","[628058]","[14929.2]","[0]","[3.54253]","[0.271646]",0,"[]","[]","[]","[]","[]","[]","[]","[]","[]","[]",0,"[1078.13]",11743.7,"[12030.7,3436.31,1981.11,2085.37]","[]","[15915.3]","[]"
489,284500,3835245,361105,8433.97,8579.63,1.65196e+11,0.00292683,1,0.998917,1,1,0.998498,0.975746,1,0,1,0,1,"[0]","[1]","[61449.3]","[-1.22095]","[-2.23945]","[113231]","[0.0183206]","[-1]","[13]","[1]","[0]","[1648.5]","[0.0325303]","[4.90297]",83714.6,-1.90316,5,"[212103,106467,101273,77265.8,26940.6]","[0.601302,0.193656,-1.69933,-0.454469,0.124924]","[2.15196,1.31206,-1.8617,0.0498436,2.54367]","[252759,109493,286524,86186.9,27869.7]","[1,0.0157098,0,0.990544,0.974428]","[0,0,0,0,0]","[0,0,0,0,0]","[-0.864198,-0.702339,-0.75597,-0.8952,-0.784528]",0,"[]","[]","[]","[]","[]","[]","[]","[]","[]","[]",1,"[258759]","[0.51634]","[1.87277]","[312362]","[105445]","[0]","[0.286472]","[0.714851]",0,"[]","[]","[]","[]","[]","[]","[]","[]","[]","[]",0,"[1152.17]",8632.48,"[2526.07,6863.93,6509.89,4707.87,3431.92]","[]","[4154.33]","[]"
490,284500,4314655,361105,8432.19,8579.63,1.65196e+11,1.08735,0.96689,1,1,1,0.997539,1.00136,1,1,0,0,1,"[0]","[1]","[52490]","[1.70576]","[-0.487223]","[149261]","[0.056282]","[-1]","[11]","[1]","[0]","[41.5517]","[0.0194656]","[1.39428]",293661,-0.575738,2,"[297801,25745.6]","[-1.25384,-1.82718]","[2.58297,2.79047]","[564901,82189.8]","[0.999356,0.930043]","[0,0]","[0,0]","[-0.600849,-0.308744]",0,"[]","[]","[]","[]","[]","[]","[]","[]","[]","[]",1,"[299648]","[-1.24849]","[2.58598]","[565387]","[16718.1]","[0]","[1.74875]","[0.704462]",0,"[]","[]","[]","[]","[]","[]","[]","[]","[]","[]",0,"[207.414]",3413.25,"[6954.1,1914.48]","[]","[16025.8]","[]"
491,284500,4046857,361105,8435.55,8579.63,1.65196e+11,3.34815,0.96787,1,1,1,0.98537,0.98743,1,1,0,0,1,"[0]","[1]","[98226.9]","[-0.0466624]","[2.49421]","[98333.9]","[0.0424234]","[-1]","[11]","[1]","[0]","[792.458]","[0.0423298]","[4.26421]",306470,2.50433,1,"[394915]","[0.499225]","[-0.656733]","[447953]","[1]","[4]","[0]","[-0.502104]",0,"[]","[]","[]","[]","[]","[]","[]","[]","[]","[]",1,"[379147]","[0.503629]","[-0.649877]","[431297]","[51131.5]","[0]","[1.46168]","[0.791124]",0,"[]","[]","[]","[]","[]","[]","[]","[]","[]","[]",0,"[561.826]",5352.03,"[6645.52]","[]","[24405.6]","[]"
492,284500,4215646,361105,8434.98,8579.63,1.65196e+11,1.32095,1,0.988987,1,1,0.999389,0.987523,1,0,1,0,1,"[0]","[1]","[74514.5]","[-1.63026]","[-0.335992]","[197503]","[0.0219345]","[-1]","[13]","[1]","[1149.6]","[-40.6056]","[0.0282459]","[4.78871]",180998,0.0335665,1,"[249287]","[-1.03489]","[3.07476]","[396622]","[0.990198]","[0]","[0]","[-0.831796]",0,"[]","[]","[]","[]","[]","[]","[]","[]","[]","[]",1,"[263941]","[-1.07684]","[3.07289]","[433813]","[35659.2]","[0]","[1.60832]","[0.849295]",0,"[]","[]","[]","[]","[]","[]","[]","[]","[]","[]",0,"[1789.04]",5172.72,"[6065.61]","[]","[153.344]","[]"
493,284500,4189890,361105,8434.14,8579.63,1.65196e+11,1.08735,1,0.999196,1,1,1.10674,1.00501,1,0,1,0,1,"[0]","[1]","[75943.8]","[1.17331]","[0.466031]","[134497]","[0.0324326]","[-1]","[13]","[1]","[0]","[-350.49]","[-0.00573032]","[0.809171]",190165,0.312407,1,"[292040]","[0.127342]","[-2.74357]","[295588]","[0.993445]","[4]","[0]","[0.921972]",0,"[]","[]","[]","[]","[]","[]","[]","[]","[]","[]",1,"[283845]","[0.163022]","[-2.73564]","[288892]","[27025.9]","[0]","[2.28137]","[0.479378]",0,"[]","[]","[]","[]","[]","[]","[]","[]","[]","[]",0,"[2830.05]",1165.38,"[2782.86]","[]","[25517.9]","[]"
494,284500,3873415,361105,8433.82,8579.63,1.65196e+11,0.596562,1,1.00043,1,1,0.995956,0.996719,1,0,1,0,1,"[0]","[1]","[72356.6]","[1.33272]","[2.53024]","[146707]","[0.163453]","[-1]","[13]","[1]","[0]","[-442.725]","[0.0653787]","[9.8957]",343258,2.36806,3,"[395704,23980.1,23770.3]","[0.0177427,-1.39895,1.24186]","[-0.851313,-0.0799343,0.628795]","[396028,51746.5,44820.7]","[0.990993,0.970196,0.952805]","[0,0,0]","[0,0,0]","[-0.699685,-0.641051,-0.79767]",0,"[]","[]","[]","[]","[]","[]","[]","[]","[]","[]",1,"[332896]","[0.0158413]","[-0.854193]","[333257]","[14598]","[0]","[3.02153]","[0.138071]",0,"[]","[]","[]","[]","[]","[]","[]","[]","[]","[]",0,"[411.915]",18390.2,"[15066.4,5830.24,2504.97]","[]","[19940.8]","[]"
495,284500,4191389,361105,8437.14,8579.63,1.65196e+11,0.506784,1,0.99927,1,1,0.997551,0.87423,1,0,1,0,1,"[0]","[1]","[190374]","[-0.547419]","[-1.49153]","[219619]","[0.025301]","[-1]","[13]","[1]","[0]","[-633.901]","[-0.00912323]","[1.7242]",213140,-1.53701,6,"[230968,228487,41859.6,33755.1,31499.2,22555.4]","[0.516238,-0.881157,1.17087,0.849195,-0.285572,0.677673]","[0.882661,2.0013,-2.54352,0.482238,2.65221,1.48791]","[263699,323722,74117.2,47084,33544.6,28253]","[1,0.996556,0.994296,0.976477,0.9822,0.999393]","[0,0,0,0,0,0]","[0,0,0,0,0,0]","[-0.96684,0.818806,-0.907897,-0.870424,-0.690747,-0.890706]",0,"[]","[]","[]","[]","[]","[]","[]","[]","[]","[]",1,"[276843]","[-0.916368]","[2.07072]","[409428]","[80457.9]","[0]","[2.53239]","[0.573955]",0,"[]","[]","[]","[]","[]","[]","[]","[]","[]","[]",0,"[19416.6]",19590.4,"[2724.66,2921.69,7221.98,2256.8,3429.16,1841.44]","[]","[5395.16]","[]"
496,284500,2606069,361105,8437.48,8579.63,1.65196e+11,0,0.99211,1,1,1,1,0.9918,1,1,0,0,1,"[0]","[1]","[298458]","[-0.763536]","[-2.33663]","[389767]","[-0.00247574]","[-1]","[11]","[1]","[0]","[540.446]","[0.0120897]","[1.39471]",313302,0.892852,0,"[]","[]","[]","[]","[]","[]","[]","[]",0,"[]","[]","[]","[]","[]","[]","[]","[]","[]","[]",1,"[303164]","[-0.791638]","[-2.326]","[403232]","[2346.7]","[0]","[41.0661]","[-1]",0,"[]","[]","[]","[]","[]","[]","[]","[]","[]","[]",0,"[1949.58]",9000.16,"[]","[]","[14016.9]","[]"
497,284500,3587506,361105,8438.61,8579.63,1.65196e+11,0.934886,0.98697,1,1,1,0.997835,1.00582,1,1,0,0,1,"[0]","[1]","[244277]","[-0.561733]","[0.882366]","[283842]","[0.0283408]","[-1]","[11]","[1]","[0]","[1124.33]","[0.0116873]","[2.16796]",329069,0.949781,1,"[571722]","[-1.11169]","[-2.2263]","[963326]","[1]","[0]","[0]","[-0.721528]",0,"[]","[]","[]","[]","[]","[]","[]","[]","[]","[]",2,"[539387,253459]","[-1.11177,-0.567395]","[-2.22858,0.885183]","[908639,295370]","[14573.3,1876.09]","[0,1]","[6.05844,72.1489]","[0.285781,-1]",0,"[]","[]","[]","[]","[]","[]","[]","[]","[]","[]",0,"[1253.22]",25989.9,"[27068.7]","[]","[6167.06,0]","[]"
498,284500,4217854,361105,8434.85,8579.63,1.65196e+11,1.74563,0.94272,1,1,1,0.999309,1,1,1,0,0,1,"[0]","[1]","[38082.2]","[1.33614]","[-3.07632]","[77443.7]","[0.0766144]","[-1]","[11]","[0]","[0]","[-250.352]","[-0.19346]","[12.6574]",283989,-2.92899,1,"[316536]","[0.210895]","[0.1691]","[323968]","[0.9993]","[0]","[0]","[-0.743002]",0,"[]","[]","[]","[]","[]","[]","[]","[]","[]","[]",1,"[317736]","[0.218889]","[0.166404]","[325794]","[16465]","[0]","[4.45389]","[0.4251]",0,"[]","[]","[]","[]","[]","[]","[]","[]","[]","[]",0,"[143.048]",10045.8,"[10597.5]","[]","[15006]","[]"
499,284500,4309999,361105,8433,8579.63,1.65196e+11,1.24168,0.93652,1,1,1,0.997519,0.94568,1,1,0,0,1,"[0]","[1]","[39525.9]","[-1.22455]","[2.68442]","[73054.1]","[-0.00629807]","[-1]","[11]","[1]","[0]","[-472.259]","[0.00940483]","[0.880916]",233151,-2.97888,2,"[270042,30161]","[-1.9246,2.36281]","[-0.137117,2.14773]","[945161,161739]","[0.996721,0.964932]","[0,0]","[0,0]","[-0.909737,-0.889267]",0,"[]","[]","[]","[]","[]","[]","[]","[]","[]","[]",1,"[287543]","[-1.90749]","[-0.125498]","[990027]","[20776.7]","[0]","[3.58512]","[0.834718]",0,"[]","[]","[]","[]","[]","[]","[]","[]","[]","[]",0,"[223.794]",23816.9,"[6171.11,3961.53]","[]","[30092.2]","[]"
500,284500,4320439,361105,8434.81,8579.63,1.65196e+11,0.00220911,0.96825,1,1,1,0.998911,0.99461,1,1,0,0,1,"[0]","[1]","[78871.4]","[-2.12771]","[1.09015]","[335784]","[0.0415764]","[-1]","[11]","[1]","[0]","[-3.54199]","[0.021592]","[1.34306]",146898,1.43889,2,"[298980,76386.3]","[-1.7873,-1.06527]","[-1.73904,1.5597]","[918133,124215]","[1,1]","[0,0]","[0,0]","[-0.753311,-0.951338]",0,"[]","[]","[]","[]","[]","[]","[]","[]","[]","[]",1,"[265260]","[-1.78271]","[-1.73308]","[810930]","[3599.47]","[0]","[0.468672]","[-1]",0,"[]","[]","[]","[]","[]","[]","[]","[]","[]","[]",0,"[369.988]",2218.41,"[5740.11,2466.04]","[]","[4274.42]","[]"
501,284500,4226711,361105,8437.76,8579.63,1.65196e+11,0.934886,0.98458,1,1,1,0.999268,1.00582,1,1,0,0,1,"[0]","[1]","[93213.4]","[-0.136138]","[-0.264395]","[94078.5]","[-0.00604248]","[-1]","[11]","[1]","[0]","[-304.808]","[0.074436]","[2.82501]",241048,-0.214345,1,"[330508]","[-0.823494]","[2.90905]","[449393]","[0.991177]","[0]","[0]","[-0.866905]",0,"[]","[]","[]","[]","[]","[]","[]","[]","[]","[]",1,"[320905]","[-0.823159]","[2.90377]","[436116]","[13571.1]","[0]","[3.54812]","[0.7417]",0,"[]","[]","[]","[]","[]","[]","[]","[]","[]","[]",0,"[506.726]",17870.2,"[5425.38]","[]","[6777.97]","[]"
502,284500,4244345,361105,8441.63,8579.63,1.65196e+11,1.08735,0.98178,1,1,1,0.979126,0.99604,1,1,0,0,1,"[0]","[1]","[82915.9]","[-2.29943]","[-3.0776]","[417431]","[0.252663]","[-1]","[11]","[1]","[0]","[-411.335]","[0.0626315]","[4.12569]",340193,3.05615,4,"[299748,64525.1,22034.3,21856.5]","[-0.848614,-1.58307,-2.45345,1.8677]","[0.0535886,0.273492,1.22666,1.14023]","[415094,163903,129141,72576.8]","[0.993982,0.989506,0,0.996217]","[0,4,0,0]","[0,0,0,0]","[-0.977982,-0.934557,-0.795537,-0.759329]",0,"[]","[]","[]","[]","[]","[]","[]","[]","[]","[]",1,"[344915]","[-1.00596]","[0.0977341]","[545844]","[109938]","[0]","[1.1037]","[0.715968]",0,"[]","[]","[]","[]","[]","[]","[]","[]","[]","[]",0,"[600.641]",10023.4,"[5852.2,1318.58,1836.2,1735.63]","[]","[6373.94]","[]"
503,284500,4283002,361105,8440.24,8579.63,1.65196e+11,0.934886,0.98458,1,1,1,0.998603,1.00582,1,1,0,0,1,"[0]","[1]","[87225.8]","[-0.184768]","[-2.67107]","[88719]","[-0.015583]","[-1]","[11]","[1]","[1965.22]","[2001.84]","[0.0325625]","[2.70248]",334974,-2.67338,2,"[394413,31028.4]","[-0.0922934,0.363387]","[0.467378,1.36713]","[396452,33784.4]","[0.99,0.844034]","[0,0]","[0,0]","[-0.882084,-0.722234]",0,"[]","[]","[]","[]","[]","[]","[]","[]","[]","[]",1,"[389864]","[-0.111671]","[0.463189]","[392417]","[9662.45]","[0]","[0]","[-1]",0,"[]","[]","[]","[]","[]","[]","[]","[]","[]","[]",0,"[553.205]",7075.84,"[6870.27,2643.67]","[]","[30271.4]","[]"
504,284500,4336607,361105,8435.95,8579.63,1.65196e+11,1.08735,0.95884,1,1,1,0.998622,0.94761,1,1,0,0,1,"[0]","[1]","[37408.2]","[-0.671506]","[-0.894655]","[46164]","[-0.24279]","[-1]","[11]","[1]","[0]","[28.8762]","[0.0798809]","[4.75098]",388185,-1.01315,3,"[346835,147447,31213.7]","[-0.199362,1.54672,0.442901]","[1.74386,-2.92145,2.2032]","[354655,362224,35105]","[0.99989,0.951854,0.983207]","[0,0,0]","[0,0,0]","[-0.415717,-0.576601,-0.886319]",0,"[]","[]","[]","[]","[]","[]","[]","[]","[]","[]",1,"[337142]","[-0.182015]","[1.73938]","[343612]","[24433.7]","[0]","[2.89051]","[0.50385]",0,"[]","[]","[]","[]","[]","[]","[]","[]","[]","[]",0,"[19.6742]",43302.9,"[13671.5,9169.75,7136.76]","[]","[17388.8]","[]"
505,284500,4089712,361105,8434.33,8579.63,1.65196e+11,0.402058,0.94067,1,1,1,0.998707,0.84038,1,1,0,0,1,"[0]","[1]","[28937.7]","[1.57524]","[-2.1169]","[72906.7]","[1.10544]","[-1]","[11]","[1]","[0]","[-279.742]","[0.108667]","[7.732]",265610,-2.2639,3,"[229330,66267.4,25980.7]","[1.16676,1.46819,0.831198]","[1.07037,0.102408,0.551602]","[404264,151737,35698.8]","[0.994888,1,0.966955]","[0,0,0]","[0,0,0]","[-0.756653,-0.859416,-0.654529]",0,"[]","[]","[]","[]","[]","[]","[]","[]","[]","[]",1,"[292196]","[1.24813]","[0.874967]","[565100]","[125819]","[0]","[1.32979]","[0.600181]",0,"[]","[]","[]","[]","[]","[]","[]","[]","[]","[]",0,"[386.105]",3764.78,"[7121.51,2988.98,2064.85]","[]","[19553.7]","[]"
506,284500,2552619,361105,8434.19,8579.63,1.65196e+11,1.21412,1,0.988738,1,1,0.999068,0.993119,1,0,1,0,1,"[0]","[1]","[143727]","[-1.96404]","[-2.49354]","[522327]","[0.289911]","[-1]","[13]","[1]","[0]","[-677.019]","[-0.0398855]","[6.32105]",182340,-2.20664,2,"[223141,94720.6]","[0.161717,-0.261259]","[0.866769,0.671931]","[227268,98653]","[0.99539,0.998752]","[0,0]","[0,0]","[-0.891559,-0.904837]",0,"[]","[]","[]","[]","[]","[]","[]","[]","[]","[]",1,"[305142]","[0.0713426]","[0.807524]","[313954]","[70574.8]","[0]","[1.10421]","[0.523577]",0,"[]","[]","[]","[]","[]","[]","[]","[]","[]","[]",0,"[3875.81]",23998.3,"[8244.57,2902.98]","[]","[23398.8]","[]"
507,284500,4486349,361105,8431.89,8579.63,1.65196e+11,1.26205,0.98428,1,1,1,0.998986,1.00121,1,1,0,0,1,"[0]","[1]","[251831]","[-1.97923]","[2.02747]","[928666]","[0.075943]","[1]","[11]","[1]","[0]","[1538.14]","[-0.0933567]","[3.66331]",100675,2.13728,2,"[340088,36063.2]","[-0.724961,0.490548]","[-1.00731,-2.29163]","[435823,41097.2]","[1,1]","[0,0]","[0,0]","[-0.0478047,-0.835229]",0,"[]","[]","[]","[]","[]","[]","[]","[]","[]","[]",2,"[294568,286863]","[-0.730393,-1.96007]","[-1.01078,2.02016]","[377795,1.03914e+06]","[28791.6,35366.9]","[0,0]","[1.78555,1.44152]","[0.590427,0.427909]",0,"[]","[]","[]","[]","[]","[]","[]","[]","[]","[]",0,"[2347.21]",2882.59,"[5990.58,5510.55]","[]","[2058.25,11406]","[]"
508,284500,3946396,361105,8432.5,8579.63,1.65196e+11,1.08735,1,0.996325,1,1,0.998905,0.855332,1,0,1,0,1,"[0]","[1]","[166119]","[-0.884941]","[-0.767304]","[235522]","[-0.0333633]","[-1]","[13]","[0]","[1387.69]","[687.482]","[-0.0354017]","[7.12611]",224967,-0.711253,3,"[265533,117891,22823.8]","[-0.479978,1.33771,-0.448628]","[2.69293,2.3217,1.994]","[297420,240427,25435.2]","[1,0.99,0.999977]","[0,0,0]","[0,0,0]","[-0.954,-0.878211,-0.62238]",0,"[]","[]","[]","[]","[]","[]","[]","[]","[]","[]",1,"[277957]","[-0.440628]","[2.65287]","[311917]","[63528.3]","[0]","[3.08313]","[0.581772]",0,"[]","[]","[]","[]","[]","[]","[]","[]","[]","[]",0,"[3266.67]",27412.6,"[7535.14,7627.77,2095.11]","[]","[24276.6]","[]"
509,284500,4484182,361105,8433.07,8579.63,1.65196e+11,1.74563,0.96709,1,1,1,0.999448,1.00936,1,1,0,0,1,"[0]","[1]","[137566]","[0.017736]","[2.61976]","[137588]","[0.107788]","[-1]","[11]","[1]","[0]","[-329.13]","[-0.0369334]","[6.42284]",106132,2.46975,1,"[262071]","[0.178987]","[-0.632612]","[266546]","[0.997234]","[0]","[0]","[-0.844386]",0,"[]","[]","[]","[]","[]","[]","[]","[]","[]","[]",1,"[261927]","[0.180432]","[-0.629272]","[266558]","[13766.2]","[0]","[2.70041]","[0.506544]",0,"[]","[]","[]","[]","[]","[]","[]","[]","[]","[]",0,"[2094.44]",5983.7,"[9573.73]","[]","[13872.4]","[]"
510,284500,3774310,361105,8439.45,8579.63,1.65196e+11,0.506784,0.96972,1,1,1,1.16254,0.99544,1,1,0,0,1,"[0]","[1]","[220946]","[1.28603]","[1.37802]","[430267]","[-0.0166512]","[-1]","[11]","[1]","[0]","[3877.29]","[-0.0351804]","[4.19507]",105864,1.53327,1,"[320159]","[0.223827]","[-1.71023]","[328725]","[0.995704]","[0]","[0]","[0.835941]",0,"[]","[]","[]","[]","[]","[]","[]","[]","[]","[]",2,"[301896,260114]","[0.213515,1.28654]","[-1.70294,1.38527]","[308911,506763]","[8140.54,0.00552427]","[0,1]","[49.9958,0]","[0.144244,-1]",0,"[]","[]","[]","[]","[]","[]","[]","[]","[]","[]",0,"[2914.57]",5933.88,"[6917.19]","[]","[14270.5,10688.2]","[]"
511,284500,4444524,361105,8431.11,8579.63,1.65196e+11,0.619412,1,0.997389,1,1,1.10674,0.991258,1,0,1,0,1,"[0]","[1]","[77180.2]","[-1.18607]","[2.78635]","[138137]","[0.0405605]","[-1]","[13]","[1]","[0]","[-296.664]","[0.00111875]","[0.205766]",274659,2.77155,1,"[348321]","[0.265385]","[-0.370663]","[361584]","[0.993419]","[4]","[0]","[0.947769]",0,"[]","[]","[]","[]","[]","[]","[]","[]","[]","[]",1,"[377447]","[0.411575]","[-0.3797]","[425463]","[114133]","[0]","[1.51939]","[0.642692]",0,"[]","[]","[]","[]","[]","[]","[]","[]","[]","[]",0,"[513.273]",4405.56,"[5389.19]","[]","[9928.69]","[]"
512,284500,2617597,361105,8439.09,8579.63,1.65196e+11,1.22586,0.9823,1,1,1,0.999426,1.00632,1,1,0,0,1,"[0]","[1]","[102320]","[0.308997]","[1.26196]","[107243]","[0.061451]","[-1]","[11]","[1]","[0]","[-594.905]","[0.0133182]","[1.62478]",153547,1.42751,1,"[265280]","[-0.975117]","[-1.71472]","[401907]","[0.98]","[0]","[0]","[-0.473402]",0,"[]","[]","[]","[]","[]","[]","[]","[]","[]","[]",1,"[269010]","[-0.970682]","[-1.71418]","[406173]","[11399]","[0]","[4.89264]","[0.126425]",0,"[]","[]","[]","[]","[]","[]","[]","[]","[]","[]",0,"[328.856]",2668.69,"[4167.24]","[]","[3375.22]","[]"
513,284500,4553135,361105,8435.31,8579.63,1.65196e+11,1.08735,0.98697,1,1,1,0.987254,1.00582,1,1,0,0,1,"[0]","[1]","[172230]","[-0.310979]","[1.77317]","[180625]","[-0.00180817]","[-1]","[11]","[1]","[0]","[-701.927]","[-0.0237946]","[3.80883]",232132,1.80563,2,"[229166,191299]","[0.527351,0.974091]","[-1.16949,-1.5959]","[262111,290278]","[1,0.995938]","[4,0]","[0,0]","[0.670472,-0.877265]",0,"[]","[]","[]","[]","[]","[]","[]","[]","[]","[]",1,"[402189]","[0.797684]","[-1.34367]","[553568]","[134114]","[0]","[0.748525]","[0.823868]",0,"[]","[]","[]","[]","[]","[]","[]","[]","[]","[]",0,"[1783.27]",4849.64,"[8278.19,4183.83]","[]","[30872.5]","[]"
514,284500,4557068,361105,8438.23,8579.63,1.65196e+11,0.934886,1,0.997951,1,1,0.999463,0.918657,1,0,1,0,1,"[0]","[1]","[106594]","[-0.38929]","[-0.114033]","[114773]","[0.0847349]","[-1]","[13]","[1]","[0]","[-295.089]","[-0.0166378]","[2.2543]",162821,0.118875,1,"[263900]","[-0.423875]","[-3.11202]","[288292]","[0.944178]","[0]","[0]","[-0.858883]",0,"[]","[]","[]","[]","[]","[]","[]","[]","[]","[]",1,"[267258]","[-0.432835]","[-3.11894]","[293002]","[13594.9]","[0]","[2.43394]","[0.0898968]",0,"[]","[]","[]","[]","[]","[]","[]","[]","[]","[]",0,"[7840.1]",1879.95,"[11447.3]","[]","[11861.3]","[]"
515,284500,4555469,361105,8434.72,8579.63,1.65196e+11,0.934886,0.96392,1,1,1,0.99836,1.01012,1,1,0,0,1,"[0]","[1]","[315132]","[1.82472]","[0.477021]","[1.00249e+06]","[0.121458]","[-1]","[11]","[1]","[0]","[1634.11]","[-0.0270758]","[3.39264]",199446,0.593385,1,"[504806]","[0.595911]","[-2.60079]","[597884]","[0.833612]","[0]","[0]","[-0.922563]",0,"[]","[]","[]","[]","[]","[]","[]","[]","[]","[]",2,"[517536,335260]","[0.584765,1.82153]","[-2.59793,0.47335]","[609144,1.06329e+06]","[26391.4,0.0191366]","[0,1]","[1.49935,0]","[0.372058,-1]",0,"[]","[]","[]","[]","[]","[]","[]","[]","[]","[]",0,"[5610.5]",2340.73,"[6290.96]","[]","[19726.5,3460.62]","[]"
516,284500,4541631,361105,8438.13,8579.63,1.65196e+11,1.26205,1,0.998731,1,1,0.999083,0.997022,1,0,1,0,1,"[0]","[1]","[163945]","[1.45662]","[1.23259]","[370879]","[0.0394669]","[-1]","[13]","[1]","[1344.03]","[-302.781]","[-0.0246566]","[4.11905]",174183,1.09452,2,"[338691,85801.1]","[0.0732228,-0.0220591]","[-2.2533,-0.5277]","[341059,86257.5]","[1,0.99]","[0,0]","[0,0]","[-0.868778,-0.640793]",0,"[]","[]","[]","[]","[]","[]","[]","[]","[]","[]",1,"[326402]","[0.0529147]","[-2.2657]","[327633]","[22505.3]","[0]","[2.09381]","[0.363827]",0,"[]","[]","[]","[]","[]","[]","[]","[]","[]","[]",0,"[14841.8]",2996.33,"[4622.44,1876.41]","[]","[1952.22]","[]"
517,284500,4536924,361105,8438.39,8579.63,1.65196e+11,1.1961,1,0.988201,1,1,0.996419,0.987726,1,0,1,0,1,"[0]","[1]","[30395.7]","[-2.39941]","[-2.34852]","[168810]","[0.110003]","[-1]","[13]","[1]","[0]","[-365.419]","[0.014719]","[1.13948]",170564,-2.33291,5,"[252390,243369,77447,27232.2,21670.7]","[-0.304188,-1.36004,-0.570507,0.18406,-1.78932]","[2.18721,0.202261,-1.18123,-1.33802,-2.30079]","[264380,506301,90539.5,28209.3,66669.9]","[0.991708,0.995878,0.995504,0.99,1]","[0,0,0,0,0]","[0,0,0,0,0]","[-0.50215,-0.554982,-0.859642,-0.717831,-0.783801]",0,"[]","[]","[]","[]","[]","[]","[]","[]","[]","[]",1,"[255847]","[-1.35455]","[0.200014]","[530366]","[41799.2]","[0]","[1.4838]","[0.733898]",0,"[]","[]","[]","[]","[]","[]","[]","[]","[]","[]",0,"[2282.05]",5239.44,"[2706.39,8175.44,5445.66,2148.28,1979.48]","[]","[1057.89]","[]"
518,284500,3343271,361105,8430.25,8579.63,1.65196e+11,1.1961,1,0.997821,1,1,0.998971,0.968027,1,0,1,0,1,"[0]","[1]","[95609]","[2.15721]","[1.39107]","[418891]","[0.281287]","[-1]","[13]","[1]","[1389.88]","[-299.343]","[-0.0257251]","[4.01593]",224668,1.67071,1,"[325271]","[1.58887]","[-1.53081]","[830248]","[0.994637]","[0]","[0]","[-0.321572]",0,"[]","[]","[]","[]","[]","[]","[]","[]","[]","[]",1,"[362200]","[1.58621]","[-1.53329]","[922273]","[30066.7]","[0]","[2.22347]","[0.702592]",0,"[]","[]","[]","[]","[]","[]","[]","[]","[]","[]",0,"[2404.18]",12148.9,"[12996.4]","[]","[3260.22]","[]"
519,284500,2592738,361105,8429.35,8579.63,1.65196e+11,0.596562,1,0.997141,1,1,0.998224,0.981455,1,0,1,0,1,"[0]","[1]","[86546.5]","[1.20658]","[-2.10298]","[157568]","[-0.0265083]","[-1]","[13]","[1]","[0]","[-95.7036]","[-0.0723623]","[10.7071]",197767,-2.47321,2,"[355316,236343]","[0.027479,1.57783]","[0.0884957,2.3754]","[356187,597128]","[1,0.998984]","[0,0]","[0,0]","[-0.482394,-0.706628]",0,"[]","[]","[]","[]","[]","[]","[]","[]","[]","[]",1,"[346982]","[0.0159934]","[0.0821522]","[347596]","[19886.1]","[0]","[1.90475]","[0.310547]",0,"[]","[]","[]","[]","[]","[]","[]","[]","[]","[]",0,"[3261.43]",2540.22,"[3679.29,3510.93]","[]","[22925.1]","[]"
520,284500,2528572,361105,8429.61,8579.63,1.65196e+11,0.402058,1,0.998183,1,1,0.998206,0.996715,1,0,1,0,1,"[0]","[1]","[188506]","[2.0171]","[-0.424125]","[720987]","[-0.011879]","[-1]","[13]","[1]","[0]","[4681.37]","[0.0317163]","[5.12807]",182460,-0.30613,2,"[394050,26396.7]","[1.5627,-0.973856]","[2.78847,-0.940432]","[981900,40244.2]","[0.997555,0.881244]","[0,0]","[0,0]","[-0.127115,-0.666521]",0,"[]","[]","[]","[]","[]","[]","[]","[]","[]","[]",1,"[387043]","[1.57206]","[2.81382]","[974335]","[63174.1]","[0]","[3.17076]","[0.535534]",0,"[]","[]","[]","[]","[]","[]","[]","[]","[]","[]",0,"[2794.75]",7706.97,"[8459.81,2478.69]","[]","[10270.3]","[]"
521,284500,2784554,361105,8431.61,8579.63,1.65196e+11,1.08735,1,0.993433,1,1,0.996931,0.856332,1,0,1,0,1,"[0]","[1]","[448602]","[-0.558006]","[1.92254]","[520274]","[0.0412636]","[-1]","[13]","[1]","[0]","[-310.816]","[0.00426975]","[0.591221]",45999.8,2.14815,2,"[482081,23285.6]","[-0.106119,-1.48173]","[-1.24895,0.229938]","[486950,54066.6]","[0.990914,1]","[0,0]","[0,0]","[-0.842885,-0.656072]",0,"[]","[]","[]","[]","[]","[]","[]","[]","[]","[]",1,"[457798]","[-0.133183]","[-1.25523]","[463478]","[38637.3]","[0]","[1.75615]","[0.625706]",0,"[]","[]","[]","[]","[]","[]","[]","[]","[]","[]",0,"[14042.2]",1462.42,"[5784.47,2139.11]","[]","[5526.81]","[]"
522,284500,2855062,361105,8432.47,8579.63,1.65196e+11,1.24168,0.98458,1,1,1,0.999466,1.00582,1,1,0,0,1,"[0]","[1]","[119431]","[-0.347889]","[-1.21772]","[126731]","[0.14115]","[-1]","[11]","[1]","[0]","[-1254.91]","[-0.0897418]","[7.46056]",175064,-1.11882,1,"[281792]","[-0.446081]","[1.94238]","[310388]","[1]","[0]","[0]","[-0.850441]",0,"[]","[]","[]","[]","[]","[]","[]","[]","[]","[]",1,"[280459]","[-0.455963]","[1.9416]","[310122]","[0.00436732]","[0]","[0]","[-1]",0,"[]","[]","[]","[]","[]","[]","[]","[]","[]","[]",0,"[478.477]",6607.48,"[7283.09]","[]","[4390.31]","[]"
523,284500,2625466,361105,8432.5,8579.63,1.65196e+11,0.402058,1,0.997014,1,1,0.999104,0.959246,1,0,1,0,1,"[0]","[1]","[234087]","[-1.1312]","[-1.37946]","[400526]","[-0.0222654]","[-1]","[13]","[1]","[0]","[-473.248]","[-0.100762]","[18.3448]",23488.2,-1.18013,3,"[116868,57439.1,26096.2]","[-0.0678381,-0.576715,-0.927496]","[-1.0031,-1.31039,-0.868538]","[117974,67941.8,38312]","[0.999704,0.999447,1]","[0,0,0]","[0,0,0]","[-0.860257,-0.859729,-0.7201]",0,"[]","[]","[]","[]","[]","[]","[]","[]","[]","[]",1,"[364715]","[0.0467778]","[1.88811]","[365849]","[23182.4]","[0]","[8.47723]","[0.470581]",0,"[]","[]","[]","[]","[]","[]","[]","[]","[]","[]",0,"[3416.76]",30938.2,"[2790.9,4678.03,4521.86]","[]","[8206.59]","[]"
524,284500,2855065,361105,8432.47,8579.63,1.65196e+11,1.24168,1,0.992387,1,1,0.999043,0.990935,1,0,1,0,1,"[0]","[1]","[212197]","[-1.22289]","[1.69543]","[391646]","[-0.0652637]","[-1]","[13]","[1]","[0]","[-349.959]","[0.0352645]","[6.78022]",154437,1.54949,1,"[368120]","[0.432295]","[-1.48539]","[403541]","[1]","[0]","[0]","[-0.831323]",0,"[]","[]","[]","[]","[]","[]","[]","[]","[]","[]",1,"[367113]","[0.428027]","[-1.48603]","[401449]","[12384.7]","[0]","[0.203751]","[0.357281]",0,"[]","[]","[]","[]","[]","[]","[]","[]","[]","[]",0,"[14730.9]",9287.48,"[10070.9]","[]","[2081.81]","[]"
525,284500,2663204,361105,8430.13,8579.63,1.65196e+11,3.34815,0.97429,1,1,1,0.998731,0.98653,1,1,0,0,1,"[0]","[1]","[57184.9]","[0.172913]","[-0.992039]","[58041.9]","[-0.151489]","[-1]","[11]","[1]","[1391.29]","[67.0663]","[0.120339]","[8.92056]",227762,-0.919091,2,"[258807,23083.3]","[1.27139,-0.250572]","[2.17197,2.63126]","[498325,24467.4]","[0.99394,1]","[0,0]","[0,0]","[-0.747412,-0.766228]",0,"[]","[]","[]","[]","[]","[]","[]","[]","[]","[]",1,"[274306]","[1.25133]","[2.16724]","[519076]","[22465.8]","[0]","[2.2944]","[0.716063]",0,"[]","[]","[]","[]","[]","[]","[]","[]","[]","[]",0,"[205.699]",15477.1,"[16037.1,1775.42]","[]","[15446.2]","[]"
526,284500,3089874,361105,8438.08,8579.63,1.65196e+11,0.402058,0.97538,1,1,1,0.999367,1.01508,1,1,0,0,1,"[0]","[1]","[106640]","[-1.79894]","[2.789]","[331047]","[-0.0445518]","[-1]","[11]","[1]","[0]","[-1886.96]","[-0.0151172]","[0.624113]",138964,2.54264,1,"[242001]","[-0.895945]","[-0.509316]","[346392]","[1]","[0]","[0]","[-0.884961]",0,"[]","[]","[]","[]","[]","[]","[]","[]","[]","[]",1,"[265356]","[-0.891938]","[-0.509065]","[378513]","[17782.9]","[0]","[1.56838]","[0.597941]",0,"[]","[]","[]","[]","[]","[]","[]","[]","[]","[]",0,"[1297.24]",1535.06,"[3444.93]","[]","[26149.9]","[]"
527,284500,3092381,361105,8438.39,8579.63,1.65196e+11,1.08735,1,0.98491,1,1,0.99943,1.01297,1,0,1,0,1,"[0]","[1]","[54834.6]","[-1.90017]","[-3.04719]","[187441]","[-0.0776825]","[-1]","[13]","[1]","[0]","[-282.52]","[0.0146074]","[2.38815]",233279,-2.99448,1,"[293629]","[0.257814]","[0.121196]","[303652]","[0.982266]","[0]","[0]","[-0.511752]",0,"[]","[]","[]","[]","[]","[]","[]","[]","[]","[]",1,"[294065]","[0.182893]","[0.119764]","[299236]","[11958.7]","[0]","[0]","[-1]",0,"[]","[]","[]","[]","[]","[]","[]","[]","[]","[]",0,"[366.553]",4755.45,"[5762.71]","[]","[28063.8]","[]"
528,284500,2940932,361105,8435.74,8579.63,1.65196e+11,0.506784,1,0.986868,1,1,0.997954,0.770355,1,0,1,0,1,"[0]","[1]","[170403]","[0.346852]","[0.832204]","[180757]","[0.00200653]","[-1]","[13]","[1]","[0]","[-416.865]","[0.0227009]","[4.01061]",332061,0.788886,1,"[469760]","[1.70877]","[-2.3598]","[1.33994e+06]","[0.986947]","[0]","[0]","[-0.635226]",0,"[]","[]","[]","[]","[]","[]","[]","[]","[]","[]",1,"[459455]","[1.721]","[-2.36154]","[1.32555e+06]","[25842.3]","[0]","[1.40773]","[0.582621]",0,"[]","[]","[]","[]","[]","[]","[]","[]","[]","[]",0,"[9836.38]",13537.7,"[10169.2]","[]","[1657.09]","[]"
529,284500,2876457,361105,8434.95,8579.63,1.65196e+11,0.596562,0.99211,1,1,1,0.995744,0.9918,1,1,0,0,1,"[0]","[1]","[184894]","[-0.798335]","[2.53694]","[247010]","[0.0684814]","[-1]","[11]","[1]","[0]","[1791.01]","[0.0169863]","[1.91039]",446346,2.60839,4,"[601551,51192.3,37345.9,30441.3]","[0.463404,0.62356,-1.7046,1.51542]","[-0.377183,-1.03019,-1.86615,-3.09725]","[671163,62127.6,106330,72776.8]","[0.994958,0.999872,0.993432,0.984752]","[0,0,0,0]","[0,0,0,0]","[-0.809588,-0.655522,-0.69166,-0.875958]",0,"[]","[]","[]","[]","[]","[]","[]","[]","[]","[]",1,"[602750]","[0.47191]","[-0.377183]","[674577]","[68192.9]","[0]","[1.47183]","[0.693188]",0,"[]","[]","[]","[]","[]","[]","[]","[]","[]","[]",0,"[1262.27]",3419.41,"[7593.4,2034.15,7284.82,2399.93]","[]","[5794.69]","[]"
530,284500,2923447,361105,8430.58,8579.63,1.65196e+11,0.596562,1,0.995598,1,1,1.10524,0.973133,1,0,1,0,1,"[0]","[1]","[37006.8]","[-0.452367]","[0.259467]","[40858.4]","[-0.0218048]","[-1]","[13]","[1]","[0]","[-326.452]","[0.00769172]","[0.859852]",214362,-0.022472,2,"[309711,32343.6]","[-0.299823,-2.47252]","[-2.88934,2.11143]","[324199,193107]","[0.99,0.932615]","[4,0]","[0,0]","[0.954726,-0.807788]",0,"[]","[]","[]","[]","[]","[]","[]","[]","[]","[]",1,"[317974]","[-0.358057]","[-2.89212]","[338908]","[14993.4]","[0]","[3.44801]","[0.503801]",0,"[]","[]","[]","[]","[]","[]","[]","[]","[]","[]",0,"[158.851]",526.328,"[3350.33,3344.64]","[]","[22337.7]","[]"
531,284500,3815986,361105,8432.62,8579.63,1.65196e+11,0.934886,0.97867,1,1,1,0.998177,1.01012,1,1,0,0,1,"[0]","[1]","[137859]","[1.95314]","[2.00623]","[495787]","[0.214993]","[-1]","[11]","[1]","[0]","[1508.52]","[-0.0196517]","[0.80075]",74698.6,1.79483,2,"[282526,41412.1]","[1.74392,-1.59936]","[-1.22209,-0.297111]","[833374,107039]","[1,0.936653]","[0,0]","[0,0]","[-0.545453,-0.352148]",0,"[]","[]","[]","[]","[]","[]","[]","[]","[]","[]",1,"[294275]","[1.75432]","[-1.2199]","[876616]","[36888.3]","[0]","[1.62933]","[0.629089]",0,"[]","[]","[]","[]","[]","[]","[]","[]","[]","[]",0,"[1003.74]",10954,"[9875.28,7768.69]","[]","[6734.28]","[]"
532,284500,3893597,361105,8434.06,8579.63,1.65196e+11,0.596562,1,1,1,1,0.999124,1,1,1,0,0,1,"[0]","[1]","[114706]","[-0.790471]","[1.04391]","[152448]","[-0.0336533]","[-1]","[11]","[0]","[2383.91]","[1469.91]","[-0.12533]","[13.51]",143969,1.20616,2,"[266084,28822.5]","[-0.567078,0.529913]","[-2.14045,-0.470873]","[310220,33657.7]","[0.989814,0.815281]","[0,0]","[0,0]","[-0.893099,-0.677237]",0,"[]","[]","[]","[]","[]","[]","[]","[]","[]","[]",1,"[262821]","[-0.58269]","[-2.14144]","[308905]","[10834.2]","[0]","[2.76257]","[0.309602]",0,"[]","[]","[]","[]","[]","[]","[]","[]","[]","[]",0,"[909.892]",314.156,"[3015.27,2052.67]","[]","[5785.47]","[]"
533,284500,3893403,361105,8434.06,8579.63,1.65196e+11,0.596562,0.97994,1,1,1,0.998663,1.00632,1,1,0,0,1,"[0]","[1]","[201522]","[0.0948525]","[-0.594677]","[202430]","[-0.0896759]","[-1]","[11]","[1]","[0]","[-1207.6]","[0.00193362]","[0.312634]",241901,-0.585686,4,"[301557,82469.9,33468.3,27580.1]","[0.693761,-0.699856,0.101826,0.859614]","[2.59916,2.29636,2.3286,3.07625]","[378434,103878,33801,38562.8]","[0.999373,0.961267,0.98385,0.981756]","[0,0,0,0]","[0,0,0,0]","[-0.782538,-0.892137,-0.969309,-0.786365]",0,"[]","[]","[]","[]","[]","[]","[]","[]","[]","[]",1,"[320431]","[0.688042]","[2.6038]","[406914]","[78260]","[0]","[2.38496]","[0.761652]",0,"[]","[]","[]","[]","[]","[]","[]","[]","[]","[]",0,"[1201.27]",9557.73,"[6428.01,7889.52,4814.78,4227.59]","[]","[12861.3]","[]"
534,284500,3602308,361105,8433.59,8579.63,1.65196e+11,0.934886,0.97749,1,1,1,1.00937,1.00021,1,1,0,0,1,"[0]","[1]","[71806.7]","[0.821818]","[2.23379]","[97451.1]","[0.00101852]","[-1]","[11]","[1]","[0]","[107.072]","[0.0236998]","[2.45537]",254148,2.70468,3,"[354367,34329.3,24057]","[0.0516739,-1.29592,-1.56262]","[-0.43567,-3.09992,-2.7571]","[355161,67621.1,59977.7]","[1,0.986768,0.938089]","[0,4,4]","[0,0,0]","[-0.896567,-0.255335,-0.669032]",0,"[]","[]","[]","[]","[]","[]","[]","[]","[]","[]",1,"[346166]","[0.0203484]","[-0.436133]","[346618]","[16226.7]","[0]","[3.5232]","[0.350768]",0,"[]","[]","[]","[]","[]","[]","[]","[]","[]","[]",0,"[217.003]",5085.62,"[8355.36,3368.63,1313.6]","[]","[6187.16]","[]"
535,284500,3790564,361105,8435.66,8579.63,1.65196e+11,1.74563,1,0.993735,1,1,0.985158,0.980912,1,0,1,0,1,"[0]","[1]","[396039]","[-0.617408]","[2.90406]","[473951]","[0.0699005]","[-1]","[13]","[1]","[1420.64]","[-335.638]","[-0.0222807]","[3.81404]",198627,2.85861,4,"[309273,217292,37629.3,21534.4]","[1.11426,0.632794,1.05831,-1.14473]","[-0.459326,-0.128813,0.0937159,-1.14108]","[522447,262854,60953.5,37500.8]","[0.991689,0.993534,0.972665,0.946139]","[4,0,4,0]","[0,0,0,0]","[-0.754083,-0.904285,0.547457,-0.698235]",0,"[]","[]","[]","[]","[]","[]","[]","[]","[]","[]",1,"[603983]","[0.902669]","[-0.301351]","[888113]","[191513]","[0]","[0.821541]","[0.514275]",0,"[]","[]","[]","[]","[]","[]","[]","[]","[]","[]",0,"[44860.9]",14047.2,"[5650.95,3131.74,1178.56,2004.36]","[]","[848.875]","[]"
536,284500,4177550,361105,8431.5,8579.63,1.65196e+11,3.34815,0.96654,1,1,1,0.997337,0.99197,1,1,0,0,1,"[0]","[1]","[31657.3]","[-0.126411]","[-1.47705]","[31910.6]","[-0.183372]","[-1]","[11]","[1]","[0]","[790.92]","[0.0280267]","[2.52317]",307513,-1.12793,3,"[441812,125463,23742.1]","[-1.46404,0.0512015,1.04561]","[2.27869,-0.248119,0.12939]","[1.00674e+06,125878,38291.3]","[1,0.99,0.993757]","[0,0,0]","[0,0,0]","[-0.751996,-0.943344,-0.606401]",0,"[]","[]","[]","[]","[]","[]","[]","[]","[]","[]",1,"[410527]","[-1.47577]","[2.27195]","[945058]","[20736]","[0]","[2.75849]","[0.634803]",0,"[]","[]","[]","[]","[]","[]","[]","[]","[]","[]",0,"[148.897]",3941.53,"[16624.3,8462.24,1722.65]","[]","[1024.53]","[]"
537,284500,4231077,361105,8434.68,8579.63,1.65196e+11,1.25133,1,0.998963,1,1,0.996244,0.998104,1,0,1,0,1,"[0]","[1]","[34880.2]","[-2.03936]","[-0.311725]","[136308]","[-0.000320435]","[-1]","[13]","[1]","[0]","[-252.212]","[0.028828]","[2.94676]",72684.2,-0.594784,4,"[238312,132647,38746.7,22466.3]","[-1.28878,0.107924,1.59698,-2.44574]","[2.55476,-1.15393,-0.263384,2.26153]","[465434,135562,99874.2,130683]","[0.991293,1,0.972088,0.991173]","[0,0,0,0]","[0,0,0,0]","[-0.873588,-0.846767,-0.571193,0.367828]",0,"[]","[]","[]","[]","[]","[]","[]","[]","[]","[]",1,"[250620]","[-1.3527]","[2.66577]","[518682]","[40759.7]","[0]","[1.59189]","[0.490813]",0,"[]","[]","[]","[]","[]","[]","[]","[]","[]","[]",0,"[163.63]",3390.3,"[4365.56,1927.67,2468,1692.89]","[]","[0]","[]"
538,284500,4360567,361105,8435.75,8579.63,1.65196e+11,0.923924,1,0.996831,1,1,0.988328,0.867371,1,0,1,0,1,"[0]","[1]","[85131.7]","[-0.266379]","[-1.43788]","[88170.1]","[0.160267]","[-1]","[13]","[1]","[0]","[638.366]","[-0.182645]","[29.9846]",287921,-1.37156,2,"[290421,30220]","[1.62887,1.32355]","[1.81898,0.998704]","[769377,61246.2]","[0.995706,0.994685]","[4,0]","[0,0]","[-0.721681,-0.694446]",0,"[]","[]","[]","[]","[]","[]","[]","[]","[]","[]",1,"[284687]","[1.62307]","[1.83029]","[749907]","[22390.7]","[0]","[1.62741]","[0.550865]",0,"[]","[]","[]","[]","[]","[]","[]","[]","[]","[]",0,"[2332.11]",304,"[4724.68,1957.04]","[]","[14387.2]","[]"
539,284500,4431383,361105,8431.61,8579.63,1.65196e+11,0.402058,0.97994,1,1,1,0.998825,1.00632,1,1,0,0,1,"[0]","[1]","[168379]","[0.364379]","[1.06013]","[179681]","[-0.00876617]","[-1]","[11]","[1]","[0]","[-585.71]","[-0.0304966]","[4.53164]",112299,1.46002,3,"[262345,31773.2,27488.4]","[-0.449327,0.417968,0.0886393]","[-1.85766,-1.80253,1.86182]","[291971,34654.9,28037.3]","[0.995717,0.991111,0.963261]","[0,0,0]","[0,0,0]","[-0.827392,-0.833076,-0.855785]",0,"[]","[]","[]","[]","[]","[]","[]","[]","[]","[]",1,"[281173]","[-0.343353]","[-1.85648]","[311470]","[90900.8]","[0]","[1.82939]","[0.74866]",0,"[]","[]","[]","[]","[]","[]","[]","[]","[]","[]",0,"[1744.39]",8941.46,"[8087.1,3774.48,2614.36]","[]","[5621.62]","[]"
540,284500,4373063,361105,8435.56,8579.63,1.65196e+11,0.934886,0.96392,1,1,1,0.997854,1.01012,1,1,0,0,1,"[0]","[1]","[178032]","[1.81631]","[-0.424863]","[561849]","[-0.184976]","[-1]","[11]","[1]","[2774.85]","[1519.36]","[-0.04593]","[3.69877]",443853,-0.357264,3,"[454460,141561,22279]","[0.163302,1.25899,-0.267784]","[2.7809,1.69754,3.01568]","[464356,270408,23608.5]","[0.996335,0.995045,0.99559]","[0,0,0]","[0,0,0]","[-0.109874,-0.946619,-0.702055]",0,"[]","[]","[]","[]","[]","[]","[]","[]","[]","[]",1,"[445590]","[0.166907]","[2.79315]","[456897]","[67985.4]","[0]","[2.02369]","[0.650871]",0,"[]","[]","[]","[]","[]","[]","[]","[]","[]","[]",0,"[1876.64]",7804.81,"[5428.94,9879.99,1804.44]","[]","[28170.2]","[]"
541,284500,4322648,361105,8430.34,8579.63,1.65196e+11,0.738662,0.98089,1,1,1,0.999409,0.99866,1,1,0,0,1,"[0]","[1]","[268702]","[-1.03429]","[-3.12567]","[425701]","[-0.130684]","[-1]","[11]","[1]","[2668.26]","[3875.96]","[-0.0214473]","[2.44427]",205343,-3.0176,2,"[308947,53412.8]","[-0.638432,1.11577]","[0.448302,0.706558]","[374771,90600.3]","[0.996505,0.998447]","[0,0]","[0,0]","[-0.877941,-0.706447]",0,"[]","[]","[]","[]","[]","[]","[]","[]","[]","[]",2,"[303608,310958]","[-0.658212,-1.06133]","[0.447093,-3.11951]","[372089,503220]","[15036.5,7502.09]","[0,1]","[3.59745,8.5555]","[0.284021,0.187438]",0,"[]","[]","[]","[]","[]","[]","[]","[]","[]","[]",0,"[3005.15]",2283.27,"[4062.12,5155.44]","[]","[18159.9,7326.59]","[]"
542,284500,4275142,361105,8433.35,8579.63,1.65196e+11,0.934886,0.97994,1,1,1,0.997325,1.00632,1,1,0,0,1,"[0]","[1]","[153550]","[0.512296]","[0.896934]","[174144]","[0.0397888]","[-1]","[11]","[1]","[3592.26]","[228.317]","[0.0217737]","[3.50915]",171152,1.1183,3,"[274794,44737.2,25913.4]","[-0.491649,-1.57214,-1.49321]","[-2.02465,3.05272,-1.69585]","[308867,112527,60714.1]","[1,0.989238,1]","[0,0,0]","[0,0,0]","[-0.910875,-0.589978,0.0226227]",0,"[]","[]","[]","[]","[]","[]","[]","[]","[]","[]",1,"[266151]","[-0.493051]","[-2.02647]","[299285]","[8592.36]","[0]","[3.20846]","[0.381878]",0,"[]","[]","[]","[]","[]","[]","[]","[]","[]","[]",0,"[834.537]",4567.78,"[6897.19,2813.59,2918.78]","[]","[1374.38]","[]"
543,284500,2226144,361105,8432.02,8579.63,1.65196e+11,0.934886,0.97538,1,1,1,0.994731,1.01508,1,1,0,0,1,"[0]","[1]","[93962.8]","[-1.71942]","[-0.906506]","[270635]","[0.0657988]","[-1]","[11]","[1]","[1488.92]","[-669.399]","[-0.0147404]","[1.38013]",210512,-0.829852,3,"[267590,39944.9,21340.8]","[-1.22781,-2.29628,-0.111029]","[2.48964,1.04724,1.09224]","[496339,200518,21832.1]","[0.996798,1,0.988402]","[0,4,0]","[0,0,0]","[-0.821599,0.694906,0.347927]",0,"[]","[]","[]","[]","[]","[]","[]","[]","[]","[]",1,"[257451]","[-1.22442]","[2.48659]","[476116]","[17752.6]","[0]","[3.31464]","[0.436346]",0,"[]","[]","[]","[]","[]","[]","[]","[]","[]","[]",0,"[1204.63]",21447.4,"[17994.2,2136.92,1658.5]","[]","[12243.5]","[]"
544,284500,2778168,361105,8430.19,8579.63,1.65196e+11,0.596562,0.9623,1,1,1,0.997518,0.96784,1,1,0,0,1,"[0]","[1]","[29069.9]","[-0.386222]","[-1.76489]","[31265.1]","[-0.0686855]","[-1]","[11]","[1]","[0]","[-326.928]","[0.03913]","[3.14239]",330094,-1.56665,2,"[359329,25626.1]","[-0.635921,-1.41175]","[1.6189,-0.0371044]","[434589,55874]","[0.991181,0.99391]","[0,0]","[0,0]","[-0.765594,-0.529906]",0,"[]","[]","[]","[]","[]","[]","[]","[]","[]","[]",1,"[368017]","[-0.628457]","[1.61899]","[443215]","[9365.29]","[0]","[2.49011]","[0.0118045]",0,"[]","[]","[]","[]","[]","[]","[]","[]","[]","[]",0,"[50.8886]",92.9062,"[3916.24,3163.25]","[]","[19847]","[]"
545,284500,3078508,361105,8431.07,8579.63,1.65196e+11,3.34815,1,1.00031,1,1,0.998925,0.991343,1,0,1,0,1,"[0]","[1]","[87786.9]","[-0.579043]","[-0.051244]","[102920]","[-0.022728]","[-1]","[13]","[1]","[0]","[-184.676]","[0.00603539]","[1.00299]",181143,-0.218892,1,"[258466]","[-1.864]","[2.99469]","[853777]","[0.99]","[0]","[0]","[-0.529385]",0,"[]","[]","[]","[]","[]","[]","[]","[]","[]","[]",1,"[257777]","[-1.87822]","[2.99273]","[863087]","[19196.5]","[0]","[2.39042]","[0.787207]",0,"[]","[]","[]","[]","[]","[]","[]","[]","[]","[]",0,"[5067.33]",574.031,"[4376.5]","[]","[336.016]","[]"
546,284500,2938314,361105,8439.25,8579.63,1.65196e+11,3.34815,0.97921,1,1,1,0.988826,1.00192,1,1,0,0,1,"[0]","[1]","[71466.8]","[-0.16774]","[2.96474]","[72474.6]","[-0.219612]","[-1]","[11]","[1]","[0]","[146.912]","[-0.0354627]","[4.74012]",219396,2.74503,2,"[242327,48518]","[-1.56054,-1.26664]","[-0.410041,0.0182672]","[603104,92969.9]","[1,0.988496]","[4,0]","[0,0]","[-0.577164,-0.820405]",0,"[]","[]","[]","[]","[]","[]","[]","[]","[]","[]",1,"[266169]","[-1.51574]","[-0.342858]","[638416]","[64618.7]","[0]","[1.42889]","[0.776394]",0,"[]","[]","[]","[]","[]","[]","[]","[]","[]","[]",0,"[176.682]",10869.8,"[10239.1,2519.6]","[]","[12890.7]","[]"
547,284500,3073742,361105,8433.09,8579.63,1.65196e+11,0.402058,0.98458,1,1,1,0.998752,1.00582,1,1,0,0,1,"[0]","[1]","[113033]","[-0.577747]","[1.58436]","[132429]","[-0.0886402]","[-1]","[11]","[1]","[0]","[0.22818]","[0.00879974]","[0.871592]",21676.1,2.02516,2,"[249915,136694]","[-1.02327,0.0164973]","[-2.07609,0.98586]","[394934,137460]","[0.998459,0.982826]","[0,0]","[0,0]","[-0.812316,-0.944678]",0,"[]","[]","[]","[]","[]","[]","[]","[]","[]","[]",1,"[262380]","[-1.03355]","[-2.09328]","[418157]","[47521.8]","[0]","[1.47592]","[0.84059]",0,"[]","[]","[]","[]","[]","[]","[]","[]","[]","[]",0,"[382.97]",6521.8,"[4867.37,6685.34]","[]","[7203.44]","[]"
548,284500,3075594,361105,8435.04,8579.63,1.65196e+11,0.596562,1,0.991307,1,1,0.999095,1.0149,1,0,1,0,1,"[0]","[1]","[177750]","[-1.67681]","[0.829945]","[491964]","[-0.0847778]","[-1]","[13]","[1]","[0]","[393.431]","[0.00166135]","[0.25677]",99291.4,0.801644,1,"[269598]","[-1.5002]","[-2.32192]","[635269]","[1]","[0]","[0]","[-0.808161]",0,"[]","[]","[]","[]","[]","[]","[]","[]","[]","[]",1,"[264272]","[-1.53634]","[-2.31826]","[643310]","[31452.7]","[0]","[1.4335]","[0.404357]",0,"[]","[]","[]","[]","[]","[]","[]","[]","[]","[]",0,"[11917.9]",3370.96,"[5018.96]","[]","[12222.7]","[]"
549,284500,2995959,361105,8433.43,8579.63,1.65196e+11,1.24168,0.96304,1,1,1,0.998534,0.9991,1,1,0,0,1,"[0]","[1]","[48547.1]","[-1.79123]","[-1.39525]","[149612]","[-0.0835876]","[-1]","[11]","[1]","[0]","[458.449]","[0.0664951]","[3.24665]",139188,-1.20165,3,"[268915,127670,104688]","[-1.40991,-0.0197786,-1.76389]","[2.87905,0.650845,0.276738]","[583713,127896,314657]","[1,1,0.99469]","[0,0,0]","[0,0,0]","[-0.946091,-0.959419,-0.540346]",0,"[]","[]","[]","[]","[]","[]","[]","[]","[]","[]",1,"[286385]","[-1.39854]","[2.88219]","[615227]","[6869.4]","[0]","[0.821595]","[0.256262]",0,"[]","[]","[]","[]","[]","[]","[]","[]","[]","[]",0,"[255.54]",427.75,"[5901.66,1930.92,2893.58]","[]","[8363.5]","[]"
550,284500,2179123,361105,8437.05,8579.63,1.65196e+11,0.506784,1,0.997014,1,1,0.999086,0.959246,1,0,1,0,1,"[0]","[1]","[76736.3]","[-1.0728]","[-1.42962]","[125295]","[-0.0413942]","[-1]","[13]","[1]","[1129.25]","[-194.883]","[-0.00869241]","[1.13358]",156713,-1.44734,1,"[238539]","[-1.63261]","[1.72002]","[634042]","[1]","[0]","[0]","[-0.858423]",0,"[]","[]","[]","[]","[]","[]","[]","[]","[]","[]",1,"[252669]","[-1.637]","[1.71407]","[674126]","[17291.1]","[0]","[2.12517]","[0.568068]",0,"[]","[]","[]","[]","[]","[]","[]","[]","[]","[]",0,"[1218.72]",829.375,"[3807.52]","[]","[2417.62]","[]"
551,284500,3182304,361105,8434.56,8579.63,1.65196e+11,0.402058,0.96558,1,1,1,1.10611,0.99746,1,1,0,0,1,"[0]","[1]","[64796.1]","[-1.55494]","[-0.459298]","[160241]","[-0.185546]","[-1]","[11]","[1]","[0]","[-190.827]","[-0.0603867]","[3.67828]",58444.6,-1.32249,3,"[264441,89919.6,25460.6]","[0.922831,-0.968385,0.643133]","[2.75535,0.362654,-0.470084]","[388204,135583,31274.3]","[0.990462,0.382704,0.999173]","[4,0,0]","[0,0,0]","[0.825538,-0.989055,-0.488974]",0,"[]","[]","[]","[]","[]","[]","[]","[]","[]","[]",1,"[255725]","[0.919927]","[2.75815]","[374230]","[42758.9]","[0]","[1.16183]","[0.763935]",0,"[]","[]","[]","[]","[]","[]","[]","[]","[]","[]",0,"[749.578]",1926.68,"[5229.52,11074.5,2243.57]","[]","[13126.5]","[]"
552,284500,3173646,361105,8431.2,8579.63,1.65196e+11,0.934886,1,0.998203,1,1,0.999114,0.86261,1,0,1,0,1,"[0]","[1]","[46879.5]","[0.0408746]","[-0.440824]","[46918.8]","[-0.0127487]","[-1]","[13]","[1]","[0]","[-145.611]","[-0.0202421]","[3.01488]",312614,-0.579894,2,"[312480,31923.9]","[-0.53714,0.294468]","[2.54018,2.28804]","[360310,34141.3]","[0.997739,1]","[0,0]","[0,0]","[0.346775,-0.782585]",0,"[]","[]","[]","[]","[]","[]","[]","[]","[]","[]",1,"[284174]","[-0.569201]","[2.53606]","[332502]","[26236.8]","[0]","[2.71298]","[0.456117]",0,"[]","[]","[]","[]","[]","[]","[]","[]","[]","[]",0,"[190.56]",7551,"[5102.75,4286.2]","[]","[7125.69]","[]"
553,284500,2171239,361105,8437.15,8579.63,1.65196e+11,0.596562,0.95684,1,1,1,0.998834,0.96497,1,1,0,0,1,"[0]","[1]","[33979.5]","[-0.918375]","[0.607821]","[49344.7]","[0.0947571]","[-1]","[11]","[1]","[0]","[1012.28]","[0.054188]","[3.80359]",262851,0.527535,2,"[250419,57252.4]","[-1.28824,1.98936]","[-2.49719,-3.07856]","[488817,213231]","[0.996567,0.996733]","[0,0]","[0,0]","[-0.927887,-0.863485]",0,"[]","[]","[]","[]","[]","[]","[]","[]","[]","[]",1,"[261580]","[-1.26341]","[-2.4986]","[499751]","[10603]","[0]","[1.96447]","[0.337759]",0,"[]","[]","[]","[]","[]","[]","[]","[]","[]","[]",0,"[263.433]",13142.8,"[8272.85,7130.86]","[]","[28004.7]","[]"
554,284500,3193042,361105,-8426.62,8579.63,1.65196e+11,0.00133961,0.97429,1,1,1,0.99659,0.98653,1,1,0,0,1,"[0]","[1]","[59717.5]","[0.55724]","[-3.0217]","[69231.6]","[0.0448742]","[-1]","[11]","[1]","[0]","[298.195]","[-0.0157905]","[0.927163]",273895,2.82198,6,"[425564,150184,74386.6,24719.9,22677.2,20643]","[0.687605,1.16267,0.93884,-0.673652,1.14109,0.673417]","[-0.63857,2.11651,0.169051,2.73572,0.773066,2.69816]","[532732,263903,110040,30590.3,39193.8,25813.9]","[0.991254,0.995676,0.999248,0.953772,0.99,1]","[0,0,0,0,0,0]","[0,0,0,0,0,0]","[-0.966006,-0.769931,-0.952028,-0.889782,-0.659397,-0.908416]",0,"[]","[]","[]","[]","[]","[]","[]","[]","[]","[]",1,"[456160]","[0.744125]","[-0.55802]","[606818]","[148410]","[0]","[1.90053]","[0.763406]",0,"[]","[]","[]","[]","[]","[]","[]","[]","[]","[]",0,"[494.792]",28949.5,"[11712.5,2737.76,2742.86,3111.24,2587.6,1754.71]","[]","[1916.25]","[]"
555,284500,3231402,361105,8437.49,8579.63,1.65196e+11,0.934886,0.9823,1,1,1,0.983615,1.00632,1,1,0,0,1,"[0]","[1]","[103135]","[0.521685]","[-0.66333]","[117491]","[0.0741806]","[-1]","[11]","[1]","[0]","[-271.21]","[3.6202e-06]","[0.000320258]",232357,-0.730211,4,"[335797,99885.4,22432.9,20246.9]","[0.542552,-1.14317,-1.21098,-1.22161]","[2.07436,-2.16185,-2.93229,1.99253]","[388209,173471,41138.1,37635.9]","[1,0.99583,1,0.995017]","[4,0,0,0]","[0,0,0,0]","[0.591178,-0.756939,0.0534564,-0.899694]",0,"[]","[]","[]","[]","[]","[]","[]","[]","[]","[]",1,"[330603]","[0.565866]","[2.07956]","[386561]","[35144.4]","[0]","[1.89706]","[0.777653]",0,"[]","[]","[]","[]","[]","[]","[]","[]","[]","[]",0,"[333.646]",19470.7,"[6839.74,6055.42,3200.42,1820.74]","[]","[2208.78]","[]"
556,284500,3193410,361105,8426.62,8579.63,1.65196e+11,1.26205,1,0.989206,1,1,0.999067,0.949914,1,0,1,0,1,"[0]","[1]","[145493]","[1.68809]","[-1.97041]","[406944]","[0.0181332]","[-1]","[13]","[1]","[1248.39]","[-553.872]","[0.001506]","[0.241962]",109099,-1.97833,1,"[250647]","[1.60934]","[1.18009]","[652155]","[0.995822]","[0]","[0]","[-0.957146]",0,"[]","[]","[]","[]","[]","[]","[]","[]","[]","[]",1,"[260220]","[1.6047]","[1.19115]","[674168]","[27197]","[0]","[2.1727]","[0.799914]",0,"[]","[]","[]","[]","[]","[]","[]","[]","[]","[]",0,"[3895.01]",40125.5,"[17775.6]","[]","[3877.94]","[]"
557,284500,3388814,361105,8442.11,8579.63,1.65196e+11,1.74563,1,0.997086,1,1,0.997407,0.935026,1,0,1,0,1,"[0]","[1]","[111153]","[-2.40312]","[1.40194]","[619570]","[0.174545]","[-1]","[13]","[1]","[1009.91]","[-272.758]","[-0.00687702]","[0.966288]",165393,1.35155,3,"[271430,24044.6,22997.1]","[-0.882641,-0.717616,-1.48925]","[-1.52703,2.85147,-2.89292]","[384815,30717.5,53813.2]","[0.991834,0.991156,0.982169]","[0,0,0]","[0,0,0]","[-0.934662,0.249632,-0.777517]",0,"[]","[]","[]","[]","[]","[]","[]","[]","[]","[]",1,"[253603]","[-0.890281]","[-1.52364]","[361383]","[18244.3]","[0]","[2.99368]","[0.691363]",0,"[]","[]","[]","[]","[]","[]","[]","[]","[]","[]",0,"[8143.45]",3199.86,"[5233.64,3650.41,1950.29]","[]","[12751.1]","[]"
558,284500,3752467,361105,8432.62,8579.63,1.65196e+11,0.934886,0.96727,1,1,1,0.997181,0.99061,1,1,0,0,1,"[0]","[1]","[59893]","[-1.83325]","[-2.49697]","[192080]","[-0.0273514]","[-1]","[11]","[1]","[0]","[-596.768]","[0.00647004]","[0.467355]",201051,-2.50711,4,"[245737,33183.7,31487.1,22579.9]","[-1.69546,-1.03572,-1.23065,0.000425798]","[0.774382,-2.00899,0.584464,-0.111942]","[692457,53120.4,58879.1,23114.9]","[0.999063,0.997882,0.968417,0.97059]","[0,0,0,0]","[0,0,0,0]","[-0.831439,-0.789681,-0.692316,-0.465606]",0,"[]","[]","[]","[]","[]","[]","[]","[]","[]","[]",1,"[254527]","[-1.67899]","[0.780895]","[706227]","[21829.6]","[0]","[2.30877]","[0.665313]",0,"[]","[]","[]","[]","[]","[]","[]","[]","[]","[]",0,"[292.379]",12198.8,"[13902.3,1989.11,1969.71,2281.22]","[]","[27055]","[]"
559,284500,3887101,361105,8428.19,8579.63,1.65196e+11,0.402058,1,1,1,1,0.999069,1,1,1,0,0,1,"[0]","[1]","[75984.2]","[-0.841021]","[1.79533]","[104478]","[-0.0673752]","[-1]","[11]","[0]","[0]","[1107.14]","[-0.122531]","[9.48432]",181632,2.15635,1,"[249808]","[1.60691]","[-1.12925]","[648246]","[0.985622]","[0]","[0]","[-0.918435]",0,"[]","[]","[]","[]","[]","[]","[]","[]","[]","[]",1,"[273111]","[1.68759]","[-1.12436]","[764339]","[35035.5]","[0]","[2.17647]","[0.642557]",0,"[]","[]","[]","[]","[]","[]","[]","[]","[]","[]",0,"[304.933]",20861,"[4750.78]","[]","[20788.7]","[]"
560,284500,3739129,361105,8440.24,8579.63,1.65196e+11,1.74563,1.00588,1,1,1,0.999544,1.00306,1,1,0,0,1,"[0]","[1]","[295809]","[1.14037]","[-3.00133]","[509919]","[0.0241699]","[-1]","[11]","[1]","[0]","[137.139]","[0.00915729]","[1.28961]",302233,0.5485,1,"[115456]","[-0.65382]","[-1.30361]","[141421]","[0.991624]","[0]","[0]","[-0.953241]",0,"[]","[]","[]","[]","[]","[]","[]","[]","[]","[]",1,"[331229]","[1.1109]","[-2.99915]","[557516]","[0.0123526]","[0]","[0]","[-1]",0,"[]","[]","[]","[]","[]","[]","[]","[]","[]","[]",0,"[3741.58]",130.438,"[2141.2]","[]","[7627.38]","[]"
561,284500,3887146,361105,8428.19,8579.63,1.65196e+11,0.402058,1,0.995388,1,1,0.999205,0.893165,1,0,1,0,1,"[0]","[1]","[98419.6]","[0.862806]","[0.812072]","[137383]","[-0.00395966]","[-1]","[13]","[1]","[0]","[-462.73]","[-0.00709879]","[1.22393]",233953,0.927605,2,"[282945,58776.6]","[-1.06168,-1.29116]","[-2.1271,-2.80104]","[458765,115475]","[0.990593,0.989154]","[0,0]","[0,0]","[0.07345,-0.426515]",0,"[]","[]","[]","[]","[]","[]","[]","[]","[]","[]",1,"[298375]","[-1.14934]","[-2.22082]","[526322]","[92548.6]","[0]","[1.79106]","[0.739826]",0,"[]","[]","[]","[]","[]","[]","[]","[]","[]","[]",0,"[285.73]",5202.27,"[3656.66,5961.6]","[]","[1569.59]","[]"
562,284500,4431977,361105,8431.61,8579.63,1.65196e+11,0.596562,1.00588,1,1,1,0.999181,1.00306,1,1,0,0,1,"[0]","[1]","[172427]","[0.922102]","[-1.59005]","[251076]","[-0.0264587]","[-1]","[11]","[1]","[0]","[-10.6571]","[0.00235607]","[0.103487]",173934,-1.64155,2,"[235198,115870]","[-1.22203,-1.33348]","[1.34762,1.82095]","[434828,235305]","[0.994228,0.99]","[0,0]","[0,0]","[-0.983735,-0.724087]",0,"[]","[]","[]","[]","[]","[]","[]","[]","[]","[]",1,"[304755]","[-1.26933]","[1.49006]","[590072]","[76807.1]","[0]","[0.989038]","[0.731492]",0,"[]","[]","[]","[]","[]","[]","[]","[]","[]","[]",0,"[1423.51]",20264.7,"[11550.6,10162.8]","[]","[31606.9]","[]"
563,284500,4474776,361105,8432.55,8579.63,1.65196e+11,1.74563,0.98536,1,1,1,0.98873,0.9918,1,1,0,0,1,"[0]","[1]","[122768]","[-0.762737]","[-2.66088]","[160245]","[0.0140762]","[-1]","[11]","[1]","[0]","[1385.05]","[0.0122925]","[1.477]",124480,-2.13809,1,"[259084]","[-0.758936]","[0.761282]","[337730]","[0.980335]","[4]","[0]","[-0.14768]",0,"[]","[]","[]","[]","[]","[]","[]","[]","[]","[]",1,"[258546]","[-0.78622]","[0.762163]","[342986]","[15019.5]","[0]","[1.1897]","[0.0481161]",0,"[]","[]","[]","[]","[]","[]","[]","[]","[]","[]",0,"[695.958]",6113.98,"[4202.02]","[]","[7977.81]","[]"
564,284500,243826,361105,8439.92,8579.63,1.65196e+11,1.55465,0.98089,1,1,1,0.998094,0.99866,1,1,0,0,1,"[0]","[1]","[274433]","[-1.0643]","[2.05431]","[445100]","[-0.0280285]","[-1]","[11]","[1]","[0]","[-611.142]","[0.0393897]","[5.62101]",301040,1.97547,1,"[572462]","[-0.631176]","[-1.13099]","[690592]","[0.988809]","[0]","[0]","[-0.708232]",0,"[]","[]","[]","[]","[]","[]","[]","[]","[]","[]",2,"[553073,306017]","[-0.623326,-1.06048]","[-1.13199,2.04949]","[664350,494841]","[20236.8,2022.7]","[0,1]","[4.73148,0]","[0.530595,-1]",0,"[]","[]","[]","[]","[]","[]","[]","[]","[]","[]",0,"[3317.93]",12691.1,"[14399]","[]","[21472,14516.3]","[]"
565,284500,99487,361105,8431.89,8579.63,1.65196e+11,0.923924,1,0.999857,1,1,0.999061,1.02233,1,0,1,0,1,"[0]","[1]","[219182]","[-1.42731]","[0.196033]","[483015]","[-0.0279593]","[-1]","[13]","[1]","[0]","[766.229]","[-0.014651]","[3.40718]",45935.3,0.782383,1,"[257448]","[-1.60543]","[-2.91295]","[669514]","[0.995534]","[0]","[0]","[-0.364128]",0,"[]","[]","[]","[]","[]","[]","[]","[]","[]","[]",1,"[272725]","[-1.6026]","[-2.93264]","[707073]","[58817.5]","[0]","[1.15]","[0.777086]",0,"[]","[]","[]","[]","[]","[]","[]","[]","[]","[]",0,"[1391.03]",11470.4,"[14925]","[]","[9903.88]","[]"
566,284500,216019,361105,8429.47,8579.63,1.65196e+11,1.08735,1,0.988856,1,1,0.998479,0.976685,1,0,1,0,1,"[0]","[1]","[62900]","[-1.75945]","[-1.03803]","[188115]","[0.136379]","[-1]","[13]","[1]","[0]","[-255.176]","[0.0497804]","[5.99215]",105893,-1.0579,3,"[53128.4,33250.9,22704.6]","[0.0412734,1.38301,0.822153]","[-2.71829,2.89738,-1.38911]","[53805.8,70801.2,30900.7]","[0.998441,1,0.981196]","[0,0,0]","[0,0,0]","[-0.909441,-0.517212,-0.216405]",0,"[]","[]","[]","[]","[]","[]","[]","[]","[]","[]",1,"[255903]","[0.796768]","[1.61488]","[342112]","[20119.2]","[0]","[3.70084]","[0.56036]",0,"[]","[]","[]","[]","[]","[]","[]","[]","[]","[]",0,"[288.827]",7557.16,"[5371.97,2015.56,3007.71]","[]","[0]","[]"
567,284500,168324,361105,8434.28,8579.63,1.65196e+11,0.596562,0.96203,1,1,1,0.997508,1.01508,1,1,0,0,1,"[0]","[1]","[225161]","[-1.59246]","[2.95703]","[576325]","[-0.228981]","[-1]","[11]","[1]","[1176.14]","[4718.53]","[0.0112513]","[0.957427]",114473,-2.98938,3,"[365965,53243.6,29642.8]","[1.37576,1.15336,1.39397]","[0.107146,-1.41993,-2.70455]","[770729,93008.3,63822.4]","[0.986682,0.998335,0.993286]","[0,0,0]","[0,0,0]","[-0.76362,-0.956426,-0.745051]",0,"[]","[]","[]","[]","[]","[]","[]","[]","[]","[]",2,"[377674,274216]","[1.38026,-1.58793]","[0.107334,2.96381]","[798407,699029]","[13176.4,8917.71]","[0,1]","[2.348,3.67856]","[0.614796,0.641877]",0,"[]","[]","[]","[]","[]","[]","[]","[]","[]","[]",0,"[4935.44]",8398.7,"[8422.07,2369.23,2340.03]","[]","[24632.6,5147]","[]"
568,284500,45269,361105,8431.26,8579.63,1.65196e+11,0.596562,1,0.995413,1,1,0.999159,0.96703,1,0,1,0,1,"[0]","[1]","[29252.9]","[2.28706]","[1.81555]","[145498]","[0.0130692]","[-1]","[13]","[1]","[0]","[-195.502]","[-0.0265724]","[2.60858]",105571,1.78613,2,"[274831,144489]","[0.953872,1.49392]","[-0.772614,3.10301]","[410067,339293]","[0.994763,1]","[0,0]","[0,0]","[-0.929156,-0.121038]",0,"[]","[]","[]","[]","[]","[]","[]","[]","[]","[]",1,"[267423]","[0.964695]","[-0.777024]","[402048]","[13708.4]","[0]","[3.38693]","[0.62032]",0,"[]","[]","[]","[]","[]","[]","[]","[]","[]","[]",0,"[246.979]",1765.82,"[5478.11,2995.32]","[]","[9279.75]","[]"
569,284500,90495,361105,8439.2,8579.63,1.65196e+11,1.24168,1,0.99534,1,1,0.986872,0.991139,1,0,1,0,1,"[0]","[1]","[125624]","[-0.533691]","[-0.249749]","[143943]","[-0.0092411]","[-1]","[13]","[1]","[0]","[-425.933]","[-0.00969534]","[2.17005]",74277.5,-0.951649,2,"[302659,225340]","[-1.9579,-0.515036]","[1.8107,-1.98236]","[1.09361e+06,256506]","[0.994935,0.997293]","[0,4]","[0,0]","[-0.900716,-0.462786]",0,"[]","[]","[]","[]","[]","[]","[]","[]","[]","[]",1,"[311802]","[-1.96326]","[1.8073]","[1.13238e+06]","[14378.6]","[0]","[3.90605]","[0.718001]",0,"[]","[]","[]","[]","[]","[]","[]","[]","[]","[]",0,"[6727.45]",3038.64,"[4989.54,8538.46]","[]","[18098.9]","[]"
570,284500,258160,361105,8428.84,8579.63,1.65196e+11,0.402058,0.98458,1,1,1,0.986253,1.00582,1,1,0,0,1,"[0]","[1]","[102127]","[-0.468753]","[1.37489]","[113554]","[-0.00899506]","[-1]","[11]","[1]","[0]","[416.858]","[0.0104517]","[1.17781]",179551,1.50546,1,"[311338]","[-0.424908]","[-1.54955]","[340113]","[1]","[4]","[0]","[-0.48749]",0,"[]","[]","[]","[]","[]","[]","[]","[]","[]","[]",1,"[302096]","[-0.439598]","[-1.54939]","[331914]","[10156.7]","[0]","[4.5912]","[0.403432]",0,"[]","[]","[]","[]","[]","[]","[]","[]","[]","[]",0,"[597.412]",2792.25,"[6071.22]","[]","[9918.91]","[]"
571,284500,37269,361105,8430.9,8579.63,1.65196e+11,0.402058,0.96654,1,1,1,0.997154,0.99197,1,1,0,0,1,"[0]","[1]","[32379.2]","[-0.406025]","[-2.19345]","[35085]","[-0.0586891]","[-1]","[11]","[1]","[0]","[-165.81]","[0.0245218]","[2.75022]",292807,-1.72031,3,"[171370,149680,21262.2]","[-1.03858,-0.950926,-2.31017]","[1.7751,1.08899,0.425203]","[273343,223057,108239]","[0.997879,0.994682,0.990817]","[0,0,0]","[0,0,0]","[-0.887303,-0.912907,0.132493]",0,"[]","[]","[]","[]","[]","[]","[]","[]","[]","[]",1,"[298749]","[-1.04462]","[1.4532]","[491467]","[117863]","[0]","[0.814101]","[0.788435]",0,"[]","[]","[]","[]","[]","[]","[]","[]","[]","[]",0,"[165.032]",6353.47,"[6569.04,9816.4,1723.37]","[]","[36223.2]","[]"
572,284500,375683,361105,8434.85,8579.63,1.65196e+11,0.506784,1,0.988823,1,1,0.998745,1.01491,1,0,1,0,1,"[0]","[1]","[57587.6]","[-1.86519]","[-2.43803]","[190385]","[0.291225]","[-1]","[13]","[1]","[0]","[-57.2963]","[0.0999085]","[12.6953]",355514,-2.12916,1,"[413891]","[-0.804942]","[0.97]","[557027]","[0.997027]","[0]","[0]","[-0.871398]",0,"[]","[]","[]","[]","[]","[]","[]","[]","[]","[]",1,"[416280]","[-0.794868]","[0.969725]","[556656]","[44714.1]","[0]","[1.76898]","[0.751441]",0,"[]","[]","[]","[]","[]","[]","[]","[]","[]","[]",0,"[69.9933]",9789.88,"[10938.1]","[]","[17047.5]","[]"
573,284500,795376,361105,8434.25,8579.63,1.65196e+11,0.402058,1,0.994161,1,1,0.999094,0.90551,1,0,1,0,1,"[0]","[1]","[29271.7]","[-0.36222]","[2.01559]","[31213.2]","[-0.13954]","[-1]","[13]","[0]","[0]","[-127.666]","[0.0122355]","[1.31199]",208185,2.96018,3,"[307203,69681,28664]","[-0.390602,-1.03417,0.675172]","[-0.19505,-2.95774,-2.86664]","[331430,110804,35757]","[0.994151,0.996375,0.975063]","[0,0,0]","[0,0,0]","[-0.949417,-0.813265,-0.75881]",0,"[]","[]","[]","[]","[]","[]","[]","[]","[]","[]",1,"[305954]","[-0.38702]","[-0.19325]","[329654]","[18129.3]","[0]","[2.17246]","[0.476291]",0,"[]","[]","[]","[]","[]","[]","[]","[]","[]","[]",0,"[110.768]",17815.9,"[3694.82,2513.89,1852.72]","[]","[927]","[]"
574,284500,1053997,361105,8431.29,8579.63,1.65196e+11,0.934886,1,0.988313,1,1,0.997787,0.816701,1,0,1,0,1,"[0]","[1]","[138478]","[0.385487]","[0.813715]","[148895]","[-0.0758714]","[-1]","[13]","[1]","[0]","[-440.06]","[0.00600711]","[1.04009]",413838,0.676889,2,"[535281,26681.3]","[-0.0012823,-0.341742]","[-2.46794,-1.51124]","[536169,28584.9]","[0.999156,0.99]","[0,0]","[0,0]","[-0.880556,-0.865853]",0,"[]","[]","[]","[]","[]","[]","[]","[]","[]","[]",1,"[549550]","[-0.00216125]","[-2.46712]","[550248]","[27679.2]","[0]","[1.77483]","[0.268029]",0,"[]","[]","[]","[]","[]","[]","[]","[]","[]","[]",0,"[6106.68]",5924.66,"[7154.43,4884.19]","[]","[2173.5]","[]"
575,284500,903415,361105,8434.19,8579.63,1.65196e+11,0.596562,0.96126,1,1,1,0.999093,0.96978,1,1,0,0,1,"[0]","[1]","[27077.1]","[0.155558]","[-1.17943]","[27405.4]","[0.0283489]","[-1]","[11]","[1]","[1375.65]","[277.333]","[0.0227451]","[2.03066]",113563,-1.82532,3,"[261417,164592,83827.2]","[-0.373712,-1.26395,-2.20211]","[0.756829,-2.46337,2.00449]","[280837,315882,383905]","[1,0.991096,0.999851]","[0,0,0]","[0,0,0]","[-0.949323,-0.419054,-0.904639]",0,"[]","[]","[]","[]","[]","[]","[]","[]","[]","[]",1,"[265479]","[-0.389095]","[0.757649]","[286456]","[18934.6]","[0]","[1.9479]","[0.693387]",0,"[]","[]","[]","[]","[]","[]","[]","[]","[]","[]",0,"[194.683]",4422.89,"[7010.34,2966.56,3606.81]","[]","[0]","[]"
576,284500,1051077,361105,8437.93,8579.63,1.65196e+11,0.596562,1,0.995009,1,1,0.998807,0.820392,1,0,1,0,1,"[0]","[1]","[120494]","[0.269291]","[-1.57907]","[124889]","[0.0145302]","[-1]","[13]","[1]","[0]","[-229.766]","[0.000361169]","[0.0614884]",305803,-1.73149,1,"[423651]","[-0.221969]","[1.43149]","[436603]","[0.99]","[0]","[0]","[-0.972096]",0,"[]","[]","[]","[]","[]","[]","[]","[]","[]","[]",1,"[433999]","[-0.205852]","[1.43725]","[445899]","[48747.3]","[0]","[1.83765]","[0.744541]",0,"[]","[]","[]","[]","[]","[]","[]","[]","[]","[]",0,"[7137.89]",4857.91,"[8092.2]","[]","[3349.81]","[]"
577,284500,935108,361105,8435.29,8579.63,1.65196e+11,1.08735,0.96484,1,1,1,0.98608,0.9566,1,1,0,0,1,"[0]","[1]","[37294.3]","[0.910451]","[-1.3173]","[53849]","[-0.0639753]","[-1]","[11]","[1]","[0]","[-672.458]","[0.0121996]","[0.824548]",363384,-1.44637,2,"[291952,252534]","[-0.133767,-1.11434]","[2.42366,0.881794]","[295687,426802]","[1,0.990439]","[4,0]","[0,0]","[0.192815,-0.837177]",0,"[]","[]","[]","[]","[]","[]","[]","[]","[]","[]",2,"[270478,255451]","[-0.125235,-1.11505]","[2.41827,0.87248]","[273940,431698]","[27042.3,15790.8]","[0,0]","[1.25806,2.1464]","[0.595962,0.677446]",0,"[]","[]","[]","[]","[]","[]","[]","[]","[]","[]",0,"[27.2825]",3363.75,"[6885.47,3765.41]","[]","[5801,0]","[]"
578,284500,776154,361105,8440.83,8579.63,1.65196e+11,1.74563,1,1.0003,1,1,0.997627,0.988566,1,0,1,0,1,"[0]","[1]","[55819.4]","[1.18936]","[0.852964]","[100179]","[0.189499]","[-1]","[13]","[1]","[0]","[-308.413]","[-0.0229981]","[3.65961]",498614,0.824471,3,"[552533,80520.7,23432.6]","[-0.276628,-1.96302,1.19228]","[-2.09861,2.44418,-3.07764]","[574268,292531,42342.4]","[0.991745,0.989814,0.910853]","[0,0,0]","[0,0,0]","[-0.955571,-0.866336,-0.782428]",0,"[]","[]","[]","[]","[]","[]","[]","[]","[]","[]",1,"[546680]","[-0.230934]","[-2.0994]","[561599]","[17643]","[0]","[6.97513]","[0.440014]",0,"[]","[]","[]","[]","[]","[]","[]","[]","[]","[]",0,"[792.447]",3541.81,"[9111.9,2434.36,2648.21]","[]","[21921.4]","[]"
579,284500,1387005,361105,8437.9,8579.63,1.65196e+11,0.596562,1,1.00301,1,1,0.998451,0.841751,1,0,1,0,1,"[0]","[1]","[39618.4]","[-0.74963]","[-2.95833]","[51281.3]","[-0.00196075]","[-1]","[13]","[1]","[0]","[2239.76]","[-0.0247791]","[2.72525]",222820,2.87562,3,"[251446,118675,24702.1]","[0.174784,0.994753,0.417758]","[-0.697301,0.869882,1.41661]","[258047,183901,27087]","[0.979012,0.994754,0.986112]","[0,0,0]","[0,0,0]","[-0.93918,-0.952238,-0.757116]",0,"[]","[]","[]","[]","[]","[]","[]","[]","[]","[]",1,"[255193]","[0.154987]","[-0.70635]","[261212]","[39131.8]","[0]","[1.32066]","[0.739769]",0,"[]","[]","[]","[]","[]","[]","[]","[]","[]","[]",0,"[182.043]",1270.12,"[2921.76,2525.06,4070.43]","[]","[15317.9]","[]"
580,284500,1056869,361105,8431.89,8579.63,1.65196e+11,0.934886,1,0.998124,1,1,0.997227,1.01302,1,0,1,0,1,"[0]","[1]","[104981]","[1.45428]","[-0.894374]","[236993]","[-0.0136795]","[-1]","[13]","[1]","[0]","[-237.53]","[0.00856076]","[1.40519]",309479,-0.60015,3,"[235605,170332,31258.1]","[1.7958,2.1422,1.27708]","[2.44143,2.89326,2.38835]","[730173,735609,60565]","[0.993967,1,0.989318]","[0,0,0]","[0,0,0]","[-0.952489,-0.894772,-0.688854]",0,"[]","[]","[]","[]","[]","[]","[]","[]","[]","[]",1,"[358950]","[1.99441]","[2.65085]","[1.34863e+06]","[121062]","[0]","[1.07217]","[0.773856]",0,"[]","[]","[]","[]","[]","[]","[]","[]","[]","[]",0,"[4773.17]",14192,"[4971.82,12786.3,7326.16]","[]","[11736]","[]"
581,284500,1396724,361105,8433.6,8579.63,1.65196e+11,1.08735,0.9823,1,1,1,1.00397,1.00632,1,1,0,0,1,"[0]","[1]","[116651]","[0.447002]","[-1.49521]","[128501]","[0.000244141]","[-1]","[11]","[1]","[1082.37]","[2580.33]","[-0.0145774]","[1.50447]",194276,-1.84589,3,"[171703,151236,29201.8]","[-0.980876,-1.74533,1.49351]","[1.08615,1.58192,-2.94449]","[261833,446652,68520.2]","[0.990571,0.995783,0.977807]","[0,0,4]","[0,0,0]","[-0.954015,-0.731055,0.572077]",0,"[]","[]","[]","[]","[]","[]","[]","[]","[]","[]",1,"[330578]","[-1.40453]","[1.3071]","[734675]","[173494]","[0]","[0.643425]","[0.858036]",0,"[]","[]","[]","[]","[]","[]","[]","[]","[]","[]",0,"[1333.48]",27558,"[6225.3,6760.75,1173.92]","[]","[11230.5]","[]"
582,284500,138998,361105,8435.24,8579.63,1.65196e+11,1.55465,0.96228,1,1,1,0.997961,0.95211,1,1,0,0,1,"[0]","[1]","[37325.3]","[-0.875257]","[-2.61314]","[52558.7]","[0.0618057]","[-1]","[11]","[1]","[0]","[170.999]","[-0.11156]","[3.30439]",266190,-2.68748,3,"[256014,37042.1,20132.6]","[-0.545648,1.49059,0.15201]","[0.612426,-1.0516,0.423845]","[296003,86692.3,20728.6]","[1,0.946542,0.873166]","[0,0,0]","[0,0,0]","[-0.972235,-0.893504,-0.394061]",0,"[]","[]","[]","[]","[]","[]","[]","[]","[]","[]",1,"[261679]","[-0.511349]","[0.607177]","[297310]","[19912]","[0]","[2.03572]","[0.532501]",0,"[]","[]","[]","[]","[]","[]","[]","[]","[]","[]",0,"[114.796]",3131.78,"[3064.97,3564.41,6069.17]","[]","[2917.23]","[]"
583,284500,154254,361105,8427.94,8579.63,1.65196e+11,1.55465,0.98697,1,1,1,0.999304,1.00582,1,1,0,0,1,"[0]","[1]","[240717]","[-0.324909]","[-1.97738]","[253535]","[-0.0880737]","[-1]","[11]","[1]","[0]","[2494.73]","[0.05583]","[5.79956]",142638,-2.19212,2,"[313036,72074.6]","[-0.753181,2.02805]","[0.95899,1.5496]","[406632,278635]","[0.994983,1]","[0,0]","[0,0]","[-0.920181,-0.873128]",0,"[]","[]","[]","[]","[]","[]","[]","[]","[]","[]",2,"[288446,256730]","[-0.713061,-0.266361]","[0.952947,-1.98187]","[365256,265916]","[15260.3,3630.8]","[0,1]","[1.59466,11.0953]","[0.262658,0.147583]",0,"[]","[]","[]","[]","[]","[]","[]","[]","[]","[]",0,"[1523.72]",2093.03,"[4201.7,5722.73]","[]","[12271.3,219.734]","[]"
584,284500,474622,361105,8434.64,8579.63,1.65196e+11,1.55465,1,0.999291,1,1,0.999411,1.02233,1,0,1,0,1,"[0]","[1]","[40545.9]","[-1.36305]","[0.242728]","[84416]","[0.468182]","[-1]","[13]","[1]","[0]","[-462.444]","[0.0642783]","[7.44474]",193566,0.374142,1,"[246347]","[-0.952198]","[-2.82806]","[367268]","[0.995284]","[0]","[0]","[-0.917432]",0,"[]","[]","[]","[]","[]","[]","[]","[]","[]","[]",1,"[256378]","[-0.93276]","[-2.82161]","[376470]","[13370.9]","[0]","[2.67777]","[0.539875]",0,"[]","[]","[]","[]","[]","[]","[]","[]","[]","[]",0,"[136.468]",8931.11,"[9440.07]","[]","[10865.7]","[]"
585,284500,207864,361105,8438.94,8579.63,1.65196e+11,0.402058,0.9823,1,1,1,0.997228,1.00632,1,1,0,0,1,"[0]","[1]","[121890]","[0.423568]","[0.4979]","[132989]","[0.0550461]","[-1]","[11]","[1]","[0]","[1310.4]","[0.00985856]","[1.50157]",377774,0.323166,6,"[302764,121461,67900.8,61720.1,31918.9,29705.7]","[-0.431803,-1.12129,1.65526,-0.775087,-1.62755,0.117422]","[-2.36091,-3.09555,1.80457,-2.6453,-3.05178,2.85069]","[336160,206656,184420,81570.1,84584.3,30513.1]","[0.994601,0.994775,0.992002,0.989976,0.994682,0.968783]","[0,0,0,0,0,0]","[0,0,0,0,0,0]","[0.571663,-0.539305,-0.763845,-0.647056,-0.882303,-0.901045]",0,"[]","[]","[]","[]","[]","[]","[]","[]","[]","[]",1,"[440686]","[-0.634918]","[-2.55958]","[576784]","[221554]","[0]","[1.11108]","[0.47067]",0,"[]","[]","[]","[]","[]","[]","[]","[]","[]","[]",0,"[1046.57]",8758.16,"[4899.95,6440.7,7280.66,4169.3,3823.76,2348.42]","[]","[1145.62]","[]"
586,284500,1518612,361105,8435.24,8579.63,1.65196e+11,0.934886,0.96284,1,1,1,0.999452,0.99117,1,1,0,0,1,"[0]","[1]","[35664.6]","[-0.0171309]","[2.20925]","[35669.8]","[-0.0553484]","[-1]","[11]","[1]","[0]","[1172.48]","[0.0278304]","[2.52742]",241827,2.11456,1,"[273781]","[0.0451823]","[-1.00557]","[274697]","[1]","[0]","[0]","[-0.924196]",0,"[]","[]","[]","[]","[]","[]","[]","[]","[]","[]",1,"[252439]","[0.0607381]","[-1.00803]","[253320]","[14497.2]","[0]","[1.52101]","[0.345812]",0,"[]","[]","[]","[]","[]","[]","[]","[]","[]","[]",0,"[148.816]",6025.83,"[6696.07]","[]","[3605.22]","[]"
587,284500,748624,361105,8436.55,8579.63,1.65196e+11,1.08735,0.96654,1,1,1,0.99921,0.99197,1,1,0,0,1,"[0]","[1]","[31350.7]","[-0.2631]","[2.64311]","[32442]","[0.0502892]","[-1]","[11]","[1]","[2667.69]","[-63.0046]","[-0.0437815]","[2.95171]",305899,1.92688,1,"[337516]","[0.023894]","[-1.14828]","[338515]","[1]","[0]","[0]","[-0.952332]",0,"[]","[]","[]","[]","[]","[]","[]","[]","[]","[]",1,"[326625]","[0.0377087]","[-1.14408]","[328027]","[27677.6]","[0]","[1.65243]","[0.343262]",0,"[]","[]","[]","[]","[]","[]","[]","[]","[]","[]",0,"[39.8677]",3517.03,"[5017.31]","[]","[20181.1]","[]"
588,284500,1128641,361105,8434.94,8579.63,1.65196e+11,1.21412,0.97245,1,1,1,0.997304,0.99544,1,1,0,0,1,"[0]","[1]","[100586]","[1.25194]","[0.684116]","[190261]","[0.0674849]","[-1]","[11]","[1]","[0]","[-1628.9]","[0.0177422]","[2.1427]",209622,0.465441,5,"[296371,85471.9,32972.4,29910.4,20476.3]","[0.453,-1.61818,-0.18454,0.615772,2.25901]","[-2.24357,2.50065,-0.119893,-2.87221,2.17766]","[327868,224263,34415.2,36121.5,99190]","[1,0.994592,0.948439,0.939873,0.973688]","[0,0,0,0,0]","[0,0,0,0,0]","[-0.934856,-0.902431,-0.924522,-0.926937,-0.866725]",0,"[]","[]","[]","[]","[]","[]","[]","[]","[]","[]",1,"[298503]","[0.459989]","[-2.24622]","[331117]","[17694.9]","[0]","[2.65661]","[0.56947]",0,"[]","[]","[]","[]","[]","[]","[]","[]","[]","[]",0,"[1220.44]",14134.8,"[3616.62,8540.85,3457.4,2711.43,1201.39]","[]","[19061.4]","[]"
589,284500,1519275,361105,8442.35,8579.63,1.65196e+11,1.08735,0.99242,1,1,1,1.10617,0.99765,1,1,0,0,1,"[0]","[1]","[261716]","[0.613196]","[-2.9369]","[312482]","[-0.0359039]","[-1]","[11]","[1]","[0]","[-1374.23]","[0.0272218]","[0.849556]",116718,-2.42516,3,"[363935,39822.7,30695]","[-0.900946,0.294278,1.18469]","[0.123192,2.43087,-0.870356]","[522422,42147.4,55174.2]","[1,0.983378,0.98906]","[4,0,0]","[0,0,0]","[0.951049,-0.880221,-0.333906]",0,"[]","[]","[]","[]","[]","[]","[]","[]","[]","[]",2,"[361314,265378]","[-0.907091,0.599234]","[0.123304,-2.96747]","[520843,339754]","[20529,128621]","[0,1]","[1.95903,0.161109]","[0.335078,-1]",0,"[]","[]","[]","[]","[]","[]","[]","[]","[]","[]",0,"[2058.49]",13659.8,"[3950.3,6053.96,2689.39]","[]","[329.312,6764.84]","[]"
590,284500,1525976,361105,8432.82,8579.63,1.65196e+11,0.596562,0.98458,1,1,1,0.999429,1.00582,1,1,0,0,1,"[0]","[1]","[92747.9]","[-0.281271]","[-1.30429]","[96441]","[-0.128864]","[-1]","[11]","[1]","[0]","[606.715]","[-0.163161]","[26.4706]",189500,-1.50249,1,"[279237]","[0.953461]","[1.71405]","[417215]","[0.996647]","[0]","[0]","[-0.899285]",0,"[]","[]","[]","[]","[]","[]","[]","[]","[]","[]",1,"[262143]","[0.912539]","[1.70863]","[379978]","[26163]","[0]","[2.03318]","[0.659005]",0,"[]","[]","[]","[]","[]","[]","[]","[]","[]","[]",0,"[594.417]",24866.1,"[8049.82]","[]","[17607]","[]"
591,284500,1522579,361105,8434.67,8579.63,1.65196e+11,0.402058,1,0.998988,1,1,0.998449,0.991786,1,0,1,0,1,"[0]","[1]","[197375]","[1.50607]","[1.08327]","[466865]","[-0.14339]","[-1]","[13]","[1]","[1132.22]","[328.596]","[-0.0488646]","[6.34525]",276056,0.950626,1,"[479643]","[-0.0937093]","[-2.11987]","[482666]","[0.995906]","[0]","[0]","[-0.993345]",0,"[]","[]","[]","[]","[]","[]","[]","[]","[]","[]",1,"[536470]","[-0.0940021]","[-2.11663]","[540086]","[36645]","[0]","[2.61564]","[0.747624]",0,"[]","[]","[]","[]","[]","[]","[]","[]","[]","[]",0,"[14668.7]",2144.78,"[5724.73]","[]","[63916.6]","[]"
592,284500,1416308,361105,8434.55,8579.63,1.65196e+11,1.74563,1,0.974256,1,1,0.990001,0.987726,1,0,1,0,1,"[0]","[1]","[44298.3]","[-1.92334]","[-2.22839]","[154820]","[-0.562013]","[-1]","[13]","[1]","[0]","[-97.8159]","[-0.0533193]","[5.5749]",254121,-2.44477,1,"[284593]","[-1.7711]","[0.727267]","[860628]","[1]","[4]","[0]","[0.370864]",0,"[]","[]","[]","[]","[]","[]","[]","[]","[]","[]",1,"[285865]","[-1.77518]","[0.727076]","[867800]","[12047.5]","[0]","[2.73976]","[0.206466]",0,"[]","[]","[]","[]","[]","[]","[]","[]","[]","[]",0,"[81.5919]",1806.97,"[3621.35]","[]","[16146.1]","[]"
593,284500,1540620,361105,8436.92,8579.63,1.65196e+11,1.08735,1,1.00036,1,1,0.997317,1.002,1,0,1,0,1,"[0]","[1]","[69605.7]","[-1.15772]","[-0.0331614]","[121701]","[-0.174271]","[-1]","[13]","[1]","[1211.66]","[-387.84]","[-0.0146453]","[2.65992]",241886,-0.0208184,5,"[355205,84419.2,77907.2,30659.4,20622.1]","[0.58318,2.30842,-0.660789,-1.54029,-0.574203]","[2.80641,-2.18575,-0.262994,-1.698,0.605461]","[418054,428894,96351.4,74967.1,24290.1]","[1,0.979403,0.992529,0.990074,0.974941]","[0,0,0,0,0]","[0,0,0,0,0]","[-0.943176,-0.838051,-0.759679,-0.847765,-0.848729]",0,"[]","[]","[]","[]","[]","[]","[]","[]","[]","[]",1,"[342214]","[0.632313]","[2.80607]","[413587]","[23190.1]","[0]","[3.58672]","[0.611169]",0,"[]","[]","[]","[]","[]","[]","[]","[]","[]","[]",0,"[1898.04]",5079.06,"[7832.43,7429.92,7062.21,2413.12,1154.72]","[]","[7179.56]","[]"
594,284500,355765,361105,8434.61,8579.63,1.65196e+11,1.74563,1,1.00043,1,1,0.999164,1.00547,1,0,1,0,1,"[0]","[1]","[70803.2]","[-1.3051]","[1.26978]","[140162]","[0.0601578]","[-1]","[13]","[1]","[0]","[-23.8827]","[0.00865147]","[1.3237]",213104,1.31253,1,"[275640]","[-1.33668]","[-1.79763]","[561268]","[0.984822]","[0]","[0]","[-0.202933]",0,"[]","[]","[]","[]","[]","[]","[]","[]","[]","[]",1,"[256030]","[-1.3267]","[-1.80136]","[516622]","[15007]","[0]","[2.5297]","[0.707353]",0,"[]","[]","[]","[]","[]","[]","[]","[]","[]","[]",0,"[728.1]",8493.45,"[6726.03]","[]","[0]","[]"
595,284500,368232,361105,8436.58,8579.63,1.65196e+11,0,0.97332,1,1,1,1.02495,0.98683,1,1,0,0,1,"[0]","[1]","[70702.3]","[-1.05242]","[1.46503]","[113607]","[0.0396919]","[-1]","[11]","[1]","[0]","[1012.9]","[0.02152]","[2.65469]",283691,1.21784,3,"[479045,76652.8,36713.9]","[-0.421562,0.28461,0.289781]","[-1.98342,0.61006,1.07266]","[523754,80792.2,38415]","[0.998848,0.99318,0.992625]","[0,0,5]","[0,0,0]","[-0.820082,-0.798168,0.947576]",0,"[]","[]","[]","[]","[]","[]","[]","[]","[]","[]",1,"[449424]","[-0.451008]","[-1.98398]","[496741]","[28679.5]","[0]","[2.50556]","[0.652048]",0,"[]","[]","[]","[]","[]","[]","[]","[]","[]","[]",0,"[569.865]",12016.8,"[14062.6,4553.67,1364.89]","[]","[42109.7]","[]"
596,284500,61869,361105,8431.25,8579.63,1.65196e+11,1.08735,1,0.995876,1,1,0.999458,0.903157,1,0,1,0,1,"[0]","[1]","[47314.7]","[0.806541]","[-2.60938]","[63556.7]","[-0.0562277]","[-1]","[13]","[1]","[0]","[622.101]","[-0.0452912]","[6.73336]",250681,-2.70368,1,"[261104]","[0.667961]","[0.34382]","[323157]","[0.995749]","[0]","[0]","[-0.913542]",0,"[]","[]","[]","[]","[]","[]","[]","[]","[]","[]",1,"[283696]","[0.67956]","[0.346041]","[353679]","[36771.5]","[0]","[1.42102]","[0.797413]",0,"[]","[]","[]","[]","[]","[]","[]","[]","[]","[]",0,"[56.1925]",9006.78,"[3522.48]","[]","[1854.91]","[]"
597,284500,369344,361105,8429.29,8579.63,1.65196e+11,0.164755,0.98536,1,1,1,0.998957,0.9918,1,1,0,0,1,"[0]","[1]","[96921.3]","[-0.764761]","[-1.4395]","[126673]","[0.0501328]","[-1]","[11]","[1]","[0]","[496.263]","[0.00134334]","[0.17077]",160112,-1.53501,1,"[259107]","[-1.77614]","[1.64238]","[787317]","[0.995717]","[0]","[0]","[-0.573994]",0,"[]","[]","[]","[]","[]","[]","[]","[]","[]","[]",1,"[271283]","[-1.79366]","[1.64464]","[838015]","[9498.91]","[0]","[5.14988]","[0.599222]",0,"[]","[]","[]","[]","[]","[]","[]","[]","[]","[]",0,"[568.35]",5492.52,"[6917.16]","[]","[19337.9]","[]"
598,284500,756255,361105,8433.7,8579.63,1.65196e+11,0.934886,1,1,1,1,0.998449,1,1,1,0,0,1,"[0]","[1]","[196974]","[1.28762]","[0.912077]","[384105]","[0.0358963]","[-1]","[11]","[0]","[0]","[6872.18]","[-0.0340441]","[5.08271]",208999,1.06076,2,"[401161,20319.4]","[-0.315872,-1.03893]","[-2.10299,2.75973]","[422028,32389.6]","[0.992687,0.607948]","[0,0]","[0,0]","[-0.900561,-0.943257]",0,"[]","[]","[]","[]","[]","[]","[]","[]","[]","[]",2,"[400371,254138]","[-0.370191,1.2615]","[-2.10501,0.91343]","[429901,484671]","[39097.4,6066.38]","[0,1]","[3.88568,2.75636]","[0.504742,-1]",0,"[]","[]","[]","[]","[]","[]","[]","[]","[]","[]",0,"[2291.08]",5036.83,"[5722.29,268.356]","[]","[8238.47,3438.14]","[]"
599,284500,16675,361105,8436.55,8579.63,1.65196e+11,0.402058,1,0.999317,1,1,0.998607,0.933879,1,0,1,0,1,"[0]","[1]","[58155]","[0.973151]","[1.66325]","[87935.2]","[-0.00137711]","[-1]","[13]","[1]","[1598.4]","[537.279]","[-0.0250836]","[3.83753]",327506,1.88118,3,"[221706,148492,48181.3]","[1.01559,0.0180549,0.766597]","[-1.49033,-0.715158,-2.27004]","[346789,149511,63805.2]","[0.999987,0.993102,0.993126]","[0,0,0]","[0,0,0]","[-0.874532,-0.694768,-0.943394]",0,"[]","[]","[]","[]","[]","[]","[]","[]","[]","[]",1,"[251996]","[1.01784]","[-1.54972]","[400715]","[71990.8]","[0]","[2.16661]","[0.786978]",0,"[]","[]","[]","[]","[]","[]","[]","[]","[]","[]",0,"[155.759]",5393.66,"[4055.45,2463.03,2911.63]","[]","[18827.3]","[]"
600,284500,565741,361105,8430.44,8579.63,1.65196e+11,1.26205,1,0.984321,1,1,0.988211,1.0019,1,0,1,0,1,"[0]","[1]","[42897.4]","[1.82506]","[2.41658]","[136507]","[0.453417]","[-1]","[13]","[1]","[0]","[207.706]","[0.0658816]","[7.2707]",220977,2.14779,3,"[266862,40721.6,25053.4]","[1.18679,1.6741,-0.442262]","[-1.11628,1.2414,-0.150596]","[478618,112656,27949.9]","[0.999999,0.995432,1]","[4,0,0]","[0,0,0]","[-0.701964,-0.672649,-0.855519]",0,"[]","[]","[]","[]","[]","[]","[]","[]","[]","[]",1,"[276180]","[1.17772]","[-1.11653]","[491593]","[26033.6]","[0]","[1.929]","[0.799789]",0,"[]","[]","[]","[]","[]","[]","[]","[]","[]","[]",0,"[74.0265]",5296.62,"[6312.33,3095.77,2420.18]","[]","[9030.16]","[]"
601,284500,463133,361105,8438.27,8579.63,1.65196e+11,1.21412,0.97429,1,1,1,0.999313,0.98653,1,1,0,0,1,"[0]","[1]","[50215.8]","[0.100876]","[1.81335]","[50471.5]","[-0.0792913]","[-1]","[11]","[1]","[0]","[-1152.84]","[0.0462431]","[5.16302]",201747,1.91027,2,"[312503,42569.8]","[-0.504734,-0.886505]","[-1.23779,1.72466]","[353548,61352]","[0.989784,0.993602]","[0,0]","[0,0]","[-0.950945,-0.827671]",0,"[]","[]","[]","[]","[]","[]","[]","[]","[]","[]",1,"[312235]","[-0.503452]","[-1.23754]","[353148]","[18776.2]","[0]","[3.97804]","[0.482972]",0,"[]","[]","[]","[]","[]","[]","[]","[]","[]","[]",0,"[236.989]",14059.9,"[4282.8,3896.65]","[]","[17086.7]","[]"
602,284500,502627,361105,8438.51,8579.63,1.65196e+11,0.506784,1,1.00211,1,1,0.998085,1.01118,1,0,1,0,1,"[0]","[1]","[121244]","[1.6556]","[0.651617]","[329008]","[-0.203715]","[-1]","[13]","[1]","[0]","[-181.434]","[-0.03952]","[6.84304]",65842.6,0.334902,3,"[338320,94847.1,46746]","[1.21828,1.01562,-2.03868]","[-2.7222,0.211607,0.905999]","[622095,148556,182748]","[0.9985,0.989818,0.995056]","[0,0,0]","[0,0,0]","[-0.793532,-0.47737,-0.917626]",0,"[]","[]","[]","[]","[]","[]","[]","[]","[]","[]",1,"[345332]","[1.21795]","[-2.72152]","[634774]","[6827.47]","[0]","[5.6704]","[0.0885581]",0,"[]","[]","[]","[]","[]","[]","[]","[]","[]","[]",0,"[2365.49]",32984,"[12025,4621.34,4115.51]","[]","[4283.81]","[]"
603,284500,519764,361105,8436.65,8579.63,1.65196e+11,0.934886,1,0.991705,1,1,0.997847,0.894894,1,0,1,0,1,"[0]","[1]","[125038]","[0.333265]","[1.76872]","[132046]","[-0.0523148]","[-1]","[13]","[1]","[0]","[-411.648]","[-0.0692737]","[12.4583]",55309.8,2.00394,3,"[244481,39375.6,20798.2]","[-0.622316,-1.85047,0.0464737]","[-1.22762,1.94217,2.60131]","[294657,128420,21186.6]","[0.99,1,0.901228]","[0,0,0]","[0,0,0]","[-0.909398,-0.865951,-0.871907]",0,"[]","[]","[]","[]","[]","[]","[]","[]","[]","[]",1,"[259857]","[-0.584987]","[-1.21475]","[307536]","[34433.4]","[0]","[1.9076]","[0.716519]",0,"[]","[]","[]","[]","[]","[]","[]","[]","[]","[]",0,"[2303.41]",25186.9,"[8261.29,4296.9,1311.74]","[]","[9884.95]","[]"
604,284500,484965,361105,8434.24,8579.63,1.65196e+11,0.506784,1,0.994946,1,1,0.880825,0.973935,1,0,1,0,1,"[0]","[1]","[146504]","[-1.86788]","[-0.990916]","[485586]","[0.0314522]","[-1]","[13]","[1]","[0]","[908.665]","[-0.00831515]","[0.967341]",142543,-1.10616,3,"[285289,32204.7,31151.5]","[-1.22476,-0.795223,-1.59672]","[2.21305,1.81008,-0.329724]","[528360,43085.5,80207.5]","[0.987419,0.995644,0.912977]","[5,5,5]","[0,0,0]","[0.997277,-0.908324,0.407762]",0,"[]","[]","[]","[]","[]","[]","[]","[]","[]","[]",1,"[294661]","[-1.21964]","[2.17555]","[547825]","[77138.8]","[0]","[2.31381]","[0.603141]",0,"[]","[]","[]","[]","[]","[]","[]","[]","[]","[]",0,"[3601.03]",23226.7,"[19111.2,1815.65,4693.37]","[]","[14280.6]","[]"
605,284500,1103129,361105,8436.12,8579.63,1.65196e+11,1.08735,0.97663,1,1,1,0.998922,1.00121,1,1,0,0,1,"[0]","[1]","[148468]","[-1.90333]","[-2.94507]","[509042]","[-0.0253754]","[-1]","[11]","[1]","[0]","[-29.5739]","[-0.0149589]","[1.2532]",251568,-3.04392,1,"[375664]","[-1.24047]","[0.179734]","[704635]","[0.981744]","[0]","[0]","[-0.865663]",0,"[]","[]","[]","[]","[]","[]","[]","[]","[]","[]",1,"[359055]","[-1.21322]","[0.180517]","[658276]","[34997.6]","[0]","[2.49851]","[0.556492]",0,"[]","[]","[]","[]","[]","[]","[]","[]","[]","[]",0,"[2322.98]",29918.5,"[14887.7]","[]","[15159.1]","[]"
606,284500,603378,361105,8436.3,8579.63,1.65196e+11,1.08735,0.95061,1,1,1,0.999372,0.95105,1,1,0,0,1,"[0]","[1]","[30699.9]","[-0.644239]","[-1.30703]","[37294.2]","[-0.0321465]","[-1]","[11]","[1]","[0]","[-499.505]","[0.00269195]","[0.303024]",264832,-1.12959,1,"[307964]","[-0.703778]","[1.96375]","[388252]","[0.998231]","[0]","[0]","[-0.740937]",0,"[]","[]","[]","[]","[]","[]","[]","[]","[]","[]",1,"[300042]","[-0.691398]","[1.96092]","[375037]","[16835.6]","[0]","[2.2501]","[0.704622]",0,"[]","[]","[]","[]","[]","[]","[]","[]","[]","[]",0,"[136.988]",3667.91,"[5139.58]","[]","[18723]","[]"
607,284500,1102285,361105,8433.16,8579.63,1.65196e+11,0.934886,0.97577,1,1,1,0.997823,1.00531,1,1,0,0,1,"[0]","[1]","[77554.4]","[0.00205179]","[-0.468996]","[77554.6]","[-0.0623932]","[-1]","[11]","[1]","[0]","[3275.85]","[-0.0184104]","[3.04897]",196585,-0.267274,5,"[257148,61144.7,31466.8,23513,22359.1]","[1.25849,-1.74632,0.587948,0.488717,0.735765]","[3.0014,0.417389,-2.93089,2.85893,1.75679]","[492427,180919,37536.1,26670.4,29018]","[1,0.98868,0.994,0.737544,0.989569]","[0,0,0,0,0]","[0,0,0,0,0]","[-0.863962,-0.613779,-0.367467,-0.849278,-0.759197]",0,"[]","[]","[]","[]","[]","[]","[]","[]","[]","[]",1,"[255290]","[1.22418]","[3.03049]","[479214]","[84563]","[0]","[1.70963]","[0.733923]",0,"[]","[]","[]","[]","[]","[]","[]","[]","[]","[]",0,"[697.759]",457.453,"[3589.14,3897.63,2104.4,2479.03,1660.23]","[]","[20376.5]","[]"
608,284500,678348,361105,8436.07,8579.63,1.65196e+11,1.55465,1,0.980285,1,1,0.99918,1.01112,1,0,1,0,1,"[0]","[1]","[49365.3]","[-1.67834]","[2.88141]","[136825]","[-0.758545]","[-1]","[13]","[1]","[0]","[-847.375]","[-0.143555]","[16.2492]",284610,2.83638,2,"[344639,102707]","[-0.737939,-2.1575]","[0.128433,-1.75334]","[443300,450532]","[0.994779,0.991191]","[0,0]","[0,0]","[-0.764201,-0.570633]",0,"[]","[]","[]","[]","[]","[]","[]","[]","[]","[]",1,"[392957]","[-0.786244]","[0.131958]","[521168]","[19500.3]","[0]","[2.51521]","[0.157232]",0,"[]","[]","[]","[]","[]","[]","[]","[]","[]","[]",0,"[575.423]",2513.75,"[4983.75,4185.75]","[]","[21026.7]","[]"
609,284500,1096557,361105,8437.64,8579.63,1.65196e+11,0.00133961,1,0.995838,1,1,0.999129,0.367521,1,0,1,0,1,"[0]","[1]","[162068]","[0.944453]","[2.50091]","[239885]","[0.0731888]","[-1]","[13]","[1]","[0]","[249.165]","[-0.0324156]","[5.81507]",204221,2.27127,1,"[359339]","[0.376898]","[-0.832824]","[385569]","[0.991375]","[0]","[0]","[-0.896223]",0,"[]","[]","[]","[]","[]","[]","[]","[]","[]","[]",1,"[374640]","[0.339811]","[-0.832001]","[397156]","[23161.9]","[0]","[2.55577]","[0.688256]",0,"[]","[]","[]","[]","[]","[]","[]","[]","[]","[]",0,"[1480.62]",2840.56,"[7999.22]","[]","[24977.6]","[]"
610,284500,1139941,361105,8436.57,8579.63,1.65196e+11,1.24168,1,0.99731,1,1,0.998402,0.979339,1,0,1,0,1,"[0]","[1]","[211558]","[-1.48988]","[2.60749]","[493138]","[-0.166456]","[-1]","[13]","[1]","[0]","[-388.063]","[0.0188851]","[3.44794]",155736,2.42221,2,"[328594,43715.4]","[-0.202511,2.16117]","[-0.648569,-0.539635]","[335868,192434]","[0.998776,0.997649]","[0,0]","[0,0]","[-0.668439,-0.836396]",0,"[]","[]","[]","[]","[]","[]","[]","[]","[]","[]",1,"[350347]","[-0.193361]","[-0.645455]","[357515]","[20656.7]","[0]","[2.87464]","[0.675773]",0,"[]","[]","[]","[]","[]","[]","[]","[]","[]","[]",0,"[9054.34]",6675.75,"[8517.55,2489.65]","[]","[50167.5]","[]"
611,284500,1125480,361105,8432.87,8579.63,1.65196e+11,0.934886,0.98178,1,1,1,0.997014,0.99604,1,1,0,0,1,"[0]","[1]","[83683]","[-2.16662]","[1.42804]","[370018]","[-0.352276]","[-1]","[11]","[1]","[0]","[394.333]","[0.00403071]","[0.160116]",109978,0.911478,3,"[281057,140712,25545.6]","[-1.68902,2.31416,-2.39795]","[-2.30215,0.217968,2.79898]","[786842,718813,141697]","[0.987425,1,0.883616]","[0,0,0]","[0,0,0]","[-0.719773,-0.677738,-0.843466]",0,"[]","[]","[]","[]","[]","[]","[]","[]","[]","[]",1,"[280853]","[-1.68875]","[-2.30321]","[786082]","[9222.37]","[0]","[5.34869]","[0.269327]",0,"[]","[]","[]","[]","[]","[]","[]","[]","[]","[]",0,"[1532.63]",11654.6,"[5358.94,10243.7,4691.31]","[]","[3572.56]","[]"
612,284500,1244239,361105,8432.29,8579.63,1.65196e+11,1.26205,0.97867,1,1,1,0.999859,1.01012,1,1,0,0,1,"[0]","[1]","[80407.5]","[1.995]","[0.445244]","[301054]","[0.07687]","[-1]","[11]","[1]","[1250.65]","[437.124]","[0.0191763]","[1.52801]",215866,0.216759,1,"[39310.4]","[-0.239321]","[2.96157]","[41292.8]","[0.868804]","[0]","[0]","[-0.779514]",0,"[]","[]","[]","[]","[]","[]","[]","[]","[]","[]",1,"[280112]","[0.469241]","[2.87476]","[317224]","[59882.6]","[0]","[2.14785]","[0.651044]",0,"[]","[]","[]","[]","[]","[]","[]","[]","[]","[]",0,"[992.965]",3619.33,"[2885.79]","[]","[17268.9]","[]"
613,284500,1148535,361105,8434.99,8579.63,1.65196e+11,1.24168,0.97921,1,1,1,0.99933,1.00192,1,1,0,0,1,"[0]","[1]","[63468.6]","[-0.363902]","[-2.29977]","[67717.6]","[0.0119553]","[-1]","[11]","[1]","[0]","[236.554]","[-0.00573123]","[0.789044]",145828,-2.88348,2,"[271092,68345.1]","[-0.963911,-2.03084]","[0.406469,-2.78041]","[407467,265068]","[0.998494,0.988911]","[0,0]","[0,0]","[-0.926589,-0.897166]",0,"[]","[]","[]","[]","[]","[]","[]","[]","[]","[]",1,"[303723]","[-0.942852]","[0.406842]","[449441]","[19319.9]","[0]","[2.11609]","[0.645472]",0,"[]","[]","[]","[]","[]","[]","[]","[]","[]","[]",0,"[91.0055]",8276.05,"[8771.08,2481.41]","[]","[4884.53]","[]"
614,284500,1189448,361105,8437.57,8579.63,1.65196e+11,0.934886,0.95055,1,1,1,0.99756,0,1,1,0,0,1,"[0]","[1]","[26561.3]","[0.864249]","[-0.457537]","[37114]","[0.0276003]","[-1]","[11]","[1]","[0]","[720.93]","[-0.026628]","[2.71674]",227603,0.333958,2,"[258885,22864.3]","[-1.07928,1.90668]","[-2.97164,-0.877857]","[425135,78706.4]","[0.749193,0.990097]","[0,0]","[0,0]","[-0.937723,-0.846944]",0,"[]","[]","[]","[]","[]","[]","[]","[]","[]","[]",1,"[266116]","[-1.09078]","[-2.97332]","[441184]","[19303]","[0]","[3.02016]","[0.453853]",0,"[]","[]","[]","[]","[]","[]","[]","[]","[]","[]",0,"[321.061]",14359.2,"[14826.6,1677.35]","[]","[10375.2]","[]"
615,284500,1226861,361105,8436.78,8579.63,1.65196e+11,1.74563,0.96896,1,1,1,0.980161,0.97492,1,1,0,0,1,"[0]","[1]","[47943.4]","[-0.065904]","[-1.58928]","[48047.6]","[0.0921898]","[-1]","[11]","[1]","[1070.97]","[-983.107]","[-0.0354011]","[4.11797]",241325,-1.59291,3,"[291842,90606.1,20153.6]","[1.27994,1.51059,-0.177171]","[1.98113,0.415748,0.942316]","[565646,215416,20879.6]","[0.996217,0.997032,0.973253]","[0,4,0]","[0,0,0]","[-0.506573,0.442289,-0.607881]",0,"[]","[]","[]","[]","[]","[]","[]","[]","[]","[]",1,"[297512]","[1.26701]","[1.97865]","[570336]","[19019.3]","[0]","[2.52345]","[0.394002]",0,"[]","[]","[]","[]","[]","[]","[]","[]","[]","[]",0,"[27.6501]",395.5,"[4534.6,2458.49,2266.28]","[]","[9741.25]","[]"
616,284500,1122938,361105,8441.11,8579.63,1.65196e+11,0.934886,1,0.986746,1,1,0.998414,0.991067,1,0,1,0,1,"[0]","[1]","[156978]","[-1.9388]","[0.0647973]","[556820]","[-1.17575]","[-1]","[13]","[1]","[1601.61]","[-85.4921]","[-0.214881]","[12.5122]",372708,0.123437,3,"[414608,99791.7,41672.1]","[-1.50212,-2.13286,0.234893]","[-3.01267,3.03805,3.11505]","[978009,427194,43294.8]","[0.992247,0.994225,0.988557]","[0,0,0]","[0,0,0]","[-0.979814,-0.826321,-0.850402]",0,"[]","[]","[]","[]","[]","[]","[]","[]","[]","[]",1,"[446065]","[-1.69711]","[-3.06193]","[1.26454e+06]","[126374]","[0]","[1.37024]","[0.77058]",0,"[]","[]","[]","[]","[]","[]","[]","[]","[]","[]",0,"[8751.61]",2851.41,"[8381.67,5291.34,2088.87]","[]","[24979.7]","[]"
617,284500,1289957,361105,8430.31,8579.63,1.65196e+11,0.923924,0.9523,1,1,1,0.99933,1.00099,1,1,0,0,1,"[0]","[1]","[37198.5]","[1.72792]","[2.61868]","[107998]","[0.331596]","[-1]","[11]","[1]","[0]","[-155.64]","[-0.0027553]","[0.206268]",113158,2.89808,2,"[245564,116344]","[0.26047,-1.60287]","[-0.737512,1.91633]","[254214,300996]","[0.998655,0.994774]","[0,0]","[0,0]","[-0.921738,-0.810394]",0,"[]","[]","[]","[]","[]","[]","[]","[]","[]","[]",1,"[252233]","[0.281636]","[-0.734825]","[262780]","[15836.3]","[0]","[3.59055]","[0.324831]",0,"[]","[]","[]","[]","[]","[]","[]","[]","[]","[]",0,"[105.955]",5015.64,"[7664.96,3465.58]","[]","[0]","[]"
618,284500,1270023,361105,8435.91,8579.63,1.65196e+11,0.696077,0.97199,1,1,1,0.998445,0.99121,1,1,0,0,1,"[0]","[1]","[43927.2]","[0.137784]","[-2.27854]","[44344.9]","[-0.0240383]","[-1]","[11]","[1]","[3803.07]","[693.886]","[-0.00854333]","[1.02438]",242580,-1.65185,3,"[207426,103195,22788.5]","[-0.628505,-0.10539,0.987787]","[1.58555,0.781748,2.52211]","[250847,104816,35012.3]","[0.980039,0.994968,0.887796]","[0,0,0]","[0,0,0]","[-0.837601,-0.767263,-0.90721]",0,"[]","[]","[]","[]","[]","[]","[]","[]","[]","[]",1,"[273613]","[-0.516936]","[1.32357]","[340511]","[138679]","[0]","[0.861043]","[0.700615]",0,"[]","[]","[]","[]","[]","[]","[]","[]","[]","[]",0,"[18.0725]",11465.7,"[4112.26,1982.25,1698.74]","[]","[18142.6]","[]"
619,284500,1280391,361105,8428.28,8579.63,1.65196e+11,0.923924,0.96484,1,1,1,0.999022,0.96343,1,1,0,0,1,"[0]","[1]","[38336.2]","[0.802919]","[-0.796014]","[51371.8]","[-0.00287247]","[-1]","[11]","[1]","[0]","[-575.751]","[0.0051038]","[0.661973]",324359,-1.05958,1,"[348742]","[1.04252]","[2.15998]","[556811]","[0.991221]","[0]","[0]","[-0.969563]",0,"[]","[]","[]","[]","[]","[]","[]","[]","[]","[]",1,"[314387]","[1.05847]","[2.16776]","[507844]","[16646.3]","[0]","[1.70104]","[0.0132874]",0,"[]","[]","[]","[]","[]","[]","[]","[]","[]","[]",0,"[25.4905]",387.781,"[4162.89]","[]","[23818.8]","[]"
620,284500,1209268,361105,8432.41,8579.63,1.65196e+11,0.934886,1,1.00098,1,1,0.948616,1.00043,1,0,1,0,1,"[0]","[1]","[27239.3]","[1.33112]","[-1.60444]","[55152.6]","[-0.700796]","[-1]","[13]","[1]","[0]","[89.3579]","[-0.105599]","[11.6636]",240154,-1.9696,4,"[201734,121174,77716.4,24229.2]","[1.25789,1.18752,2.22802,0.349429]","[0.798074,1.27333,-2.43092,1.29015]","[384239,217496,365115,26004.3]","[0.990271,0.999391,0.960532,0.998681]","[0,0,5,0]","[0,0,0,0]","[-0.863,-0.813726,0.518708,-0.91747]",0,"[]","[]","[]","[]","[]","[]","[]","[]","[]","[]",1,"[312087]","[1.24495]","[0.967914]","[592454]","[81389.5]","[0]","[1.00153]","[0.685478]",0,"[]","[]","[]","[]","[]","[]","[]","[]","[]","[]",0,"[198.271]",3772.31,"[5442.2,2473.93,1740.23,1892.77]","[]","[36643.2]","[]"
621,284500,613244,361105,8435.21,8579.63,1.65196e+11,1.08735,0.97553,1,1,1,0.997004,1.01265,1,1,0,0,1,"[0]","[1]","[147333]","[1.799]","[2.69119]","[457399]","[0.0983467]","[-1]","[11]","[1]","[0]","[759.612]","[0.0297669]","[3.36162]",355031,2.74431,3,"[498490,52966.7,21161.7]","[-1.45426,1.36519,0.910216]","[-0.497202,0.856224,-2.85798]","[1.12578e+06,110811,30840.3]","[0.987197,0.891772,0.803689]","[0,0,0]","[0,0,0]","[-0.645284,-0.744896,-0.904708]",0,"[]","[]","[]","[]","[]","[]","[]","[]","[]","[]",1,"[485938]","[-1.46165]","[-0.495399]","[1.10452e+06]","[23467.5]","[0]","[2.34501]","[0.738757]",0,"[]","[]","[]","[]","[]","[]","[]","[]","[]","[]",0,"[1841.06]",8397.22,"[9020.46,5081.23,1609.01]","[]","[377.75]","[]"
622,284500,669791,361105,8428.91,8579.63,1.65196e+11,1.55465,1,0.999004,1,1,0.999453,0.890319,1,0,1,0,1,"[0]","[1]","[31535.7]","[0.739846]","[-1.00497]","[40567.6]","[0.148289]","[-1]","[13]","[1]","[0]","[-285.09]","[-0.0290296]","[3.28306]",235066,-0.932416,1,"[271336]","[0.075442]","[2.18784]","[272302]","[0.99]","[0]","[0]","[-0.894253]",0,"[]","[]","[]","[]","[]","[]","[]","[]","[]","[]",1,"[280548]","[0.0921245]","[2.18532]","[282086]","[13989.9]","[0]","[4.60557]","[0.512056]",0,"[]","[]","[]","[]","[]","[]","[]","[]","[]","[]",0,"[34.9309]",1138.77,"[3162.22]","[]","[5314.06]","[]"
623,284500,673857,361105,8433.09,8579.63,1.65196e+11,0.934886,1,0.995149,1,1,0.99944,1.04855,1,0,1,0,1,"[0]","[1]","[70354.2]","[-0.798035]","[-0.434546]","[93971.7]","[0.0157394]","[-1]","[13]","[1]","[0]","[346.16]","[-0.0457735]","[8.80858]",161194,-0.531586,2,"[250767,52670.5]","[-0.0427262,-0.354481]","[2.85302,0.694486]","[251837,56611.5]","[0.990253,0.982173]","[0,0]","[0,0]","[-0.887413,-0.708405]",0,"[]","[]","[]","[]","[]","[]","[]","[]","[]","[]",1,"[258025]","[-0.0948164]","[2.84435]","[259881]","[18996.7]","[0]","[3.06397]","[0.487683]",0,"[]","[]","[]","[]","[]","[]","[]","[]","[]","[]",0,"[85.1567]",952.391,"[4108.28,5545.3]","[]","[1727.69]","[]"
624,284500,513793,361105,8433.99,8579.63,1.65196e+11,0.596562,0.97738,1,1,1,0.997575,1.00056,1,1,0,0,1,"[0]","[1]","[68488.8]","[0.39634]","[-1.59674]","[73938.9]","[0.0576134]","[-1]","[11]","[1]","[0]","[-1248.27]","[0.000761002]","[0.0771424]",199953,-1.79839,2,"[246049,22041.7]","[-0.395733,-1.92004]","[1.40251,1.20661]","[267134,76793.3]","[0.995507,1]","[0,0]","[0,0]","[-0.958922,-0.787189]",0,"[]","[]","[]","[]","[]","[]","[]","[]","[]","[]",1,"[256336]","[-0.415797]","[1.39516]","[280597]","[31569.8]","[0]","[1.83949]","[0.691104]",0,"[]","[]","[]","[]","[]","[]","[]","[]","[]","[]",0,"[237.126]",3544.25,"[4531.52,1592.61]","[]","[0]","[]"
625,284500,858408,361105,8428.99,8579.63,1.65196e+11,1.08735,1,0.99447,1,1,0.936167,0.992957,1,0,1,0,1,"[0]","[1]","[110304]","[0.626083]","[-1.1361]","[132638]","[0.148689]","[-1]","[13]","[1]","[0]","[-586.573]","[0.332768]","[42.4961]",467422,-1.04304,6,"[328090,194453,159241,58228.8,53090.6,41653.3]","[1.86617,1.13251,0.0177988,0.874192,0.450889,-1.16631]","[2.50138,0.222695,2.62176,1.59126,2.29968,2.48437]","[1.08614e+06,333474,160848,82354.1,59863.7,73678.8]","[0.999747,0.989593,1,0.982919,0.983747,1]","[5,4,0,0,0,0]","[0,0,0,0,0,0]","[0.892227,0.571118,-0.912506,-0.931987,-0.847878,-0.192395]",0,"[]","[]","[]","[]","[]","[]","[]","[]","[]","[]",1,"[302595]","[1.89902]","[2.50481]","[1.03343e+06]","[20682.7]","[0]","[1.92439]","[0.799261]",0,"[]","[]","[]","[]","[]","[]","[]","[]","[]","[]",0,"[794.574]",11811.5,"[8077.68,6358.64,2541.09,5604.83,2071.38,2477.48]","[]","[1902.16]","[]"
626,284500,723674,361105,8434.65,8579.63,1.65196e+11,1.55465,1,0.99265,1,1,0.999147,1.01302,1,0,1,0,1,"[0]","[1]","[51792.1]","[-1.45194]","[1.0629]","[116675]","[-0.0238266]","[-1]","[13]","[1]","[0]","[-704.415]","[0.0086652]","[1.11642]",196595,0.939486,2,"[307827,74564.5]","[-1.27921,0.783005]","[-2.53489,-0.106692]","[596454,99211.5]","[1,0.992103]","[0,0]","[0,0]","[-0.839863,-0.947188]",0,"[]","[]","[]","[]","[]","[]","[]","[]","[]","[]",1,"[339766]","[-1.26377]","[-2.53289]","[649534]","[21515.9]","[0]","[2.1907]","[0.719546]",0,"[]","[]","[]","[]","[]","[]","[]","[]","[]","[]",0,"[368.676]",16542.2,"[17090.8,2446.99]","[]","[1462.75]","[]"
627,284500,865776,361105,8437.8,8579.63,1.65196e+11,0.402058,1,0.993926,1,1,0.999188,0.75481,1,0,1,0,1,"[0]","[1]","[106947]","[-0.318506]","[2.78159]","[112417]","[0.135159]","[-1]","[13]","[1]","[3589.33]","[-26.8882]","[0.0460216]","[8.29926]",175821,2.70588,2,"[243908,54901.1]","[1.513,1.02188]","[-0.481356,-0.304215]","[580914,86392.9]","[1,0.99344]","[0,0]","[0,0]","[-0.802094,-0.944896]",0,"[]","[]","[]","[]","[]","[]","[]","[]","[]","[]",1,"[273155]","[1.46807]","[-0.444652]","[626240]","[48934.9]","[0]","[1.5894]","[0.72954]",0,"[]","[]","[]","[]","[]","[]","[]","[]","[]","[]",0,"[2820.85]",11627.5,"[8682.74,4445.67]","[]","[1191.12]","[]"
628,284500,1847462,361105,8436.89,8579.63,1.65196e+11,0.402058,0.96853,1,1,1,0.999078,0.98869,1,1,0,0,1,"[0]","[1]","[79102.4]","[-1.98834]","[-1.29962]","[294275]","[-0.0378075]","[-1]","[11]","[1]","[0]","[132.587]","[-0.0624482]","[4.7052]",182513,-0.963031,1,"[273781]","[-1.51999]","[2.12622]","[656207]","[0.958245]","[0]","[0]","[-0.518784]",0,"[]","[]","[]","[]","[]","[]","[]","[]","[]","[]",1,"[278785]","[-1.51044]","[2.12616]","[662490]","[24193.5]","[0]","[2.39147]","[0.745616]",0,"[]","[]","[]","[]","[]","[]","[]","[]","[]","[]",0,"[314.693]",757.578,"[5581.05]","[]","[9003.19]","[]"
629,284500,1858587,361105,8433.09,8579.63,1.65196e+11,1.25133,0.97003,1,1,1,1.06606,0.97484,1,1,0,0,1,"[0]","[1]","[41373.7]","[1.00924]","[2.0743]","[64294.8]","[-0.000472546]","[-1]","[11]","[1]","[0]","[-565.677]","[-0.00937976]","[0.719836]",561355,1.97876,1,"[551326]","[0.889588]","[-1.09775]","[785378]","[0.997249]","[5]","[0]","[-0.931535]",0,"[]","[]","[]","[]","[]","[]","[]","[]","[]","[]",1,"[527232]","[0.892876]","[-1.08453]","[752088]","[23095]","[0]","[1.29128]","[0.36884]",0,"[]","[]","[]","[]","[]","[]","[]","[]","[]","[]",0,"[24.1572]",11642.1,"[8999.71]","[]","[6554.75]","[]"
630,284500,1042947,361105,8440.86,8579.63,1.65196e+11,0.934886,1,0.993171,1,1,0.997415,0.674765,1,0,1,0,1,"[0]","[1]","[180805]","[-0.0633999]","[0.513521]","[181168]","[0.0067749]","[-1]","[13]","[1]","[0]","[-626.812]","[-0.00542119]","[0.887974]",54989.8,1.13209,5,"[219550,76865.8,50482.3,25864.4,24756.9]","[1.36357,0.935821,0.672216,1.2823,0.188606]","[-2.62322,-2.33653,0.502216,-1.70354,1.75781]","[458388,113616,62872.8,50484.8,25650.3]","[0.998758,0.995021,0.98442,0.974608,0.991863]","[0,0,0,0,0]","[0,0,0,0,0]","[-0.930248,-0.790125,-0.93438,-0.862976,-0.906864]",0,"[]","[]","[]","[]","[]","[]","[]","[]","[]","[]",1,"[270081]","[1.23627]","[-2.55995]","[510951]","[83185.9]","[0]","[1.16739]","[0.787456]",0,"[]","[]","[]","[]","[]","[]","[]","[]","[]","[]",0,"[4210.47]",9149.57,"[6633.58,3038.93,3749.28,3848.71,2581.7]","[]","[9048.45]","[]"
631,284500,724726,361105,8433.68,8579.63,1.65196e+11,0.00279311,0.97577,1,1,1,0.986661,1.00531,1,1,0,0,1,"[0]","[1]","[66497.9]","[-0.0731843]","[3.0809]","[66676.1]","[0.0104313]","[-1]","[11]","[1]","[0]","[242.12]","[0.0267509]","[1.9726]",148241,-3.10789,2,"[382365,29221.5]","[0.711702,0.305386]","[-0.722854,-0.340692]","[485647,30762.5]","[0.99,1]","[4,0]","[0,0]","[-0.606604,-0.963914]",0,"[]","[]","[]","[]","[]","[]","[]","[]","[]","[]",1,"[416676]","[0.668732]","[-0.726392]","[524640]","[108162]","[0]","[2.39618]","[0.503382]",0,"[]","[]","[]","[]","[]","[]","[]","[]","[]","[]",0,"[402.266]",106.016,"[3983.13,5759.05]","[]","[5944.19]","[]"
632,284500,1195813,361105,8432.45,8579.63,1.65196e+11,0.402058,0.97245,1,1,1,0.997285,0.99544,1,1,0,0,1,"[0]","[1]","[103884]","[1.25084]","[1.72284]","[196318]","[-0.00225639]","[-1]","[11]","[1]","[0]","[-574.194]","[-0.0105173]","[1.26566]",194936,1.76808,2,"[316589,24159.2]","[-1.76052,-2.4423]","[-1.33874,2.15603]","[948456,140003]","[0.999263,0.996283]","[0,0]","[0,0]","[-0.890857,-0.810104]",0,"[]","[]","[]","[]","[]","[]","[]","[]","[]","[]",1,"[313311]","[-1.76017]","[-1.3345]","[938289]","[34517.5]","[0]","[1.75896]","[0.641175]",0,"[]","[]","[]","[]","[]","[]","[]","[]","[]","[]",0,"[903.358]",9573.64,"[11108.5,1961.14]","[]","[17131.4]","[]"
633,284500,1335292,361105,8435.08,8579.63,1.65196e+11,0.934886,1,0.996991,1,1,0.998752,0.945492,1,0,1,0,1,"[0]","[1]","[39698.1]","[-2.03222]","[1.07499]","[154069]","[-0.0127273]","[-1]","[13]","[1]","[0]","[-210.903]","[0.00993049]","[0.875983]",129371,0.262904,2,"[274206,153771]","[-1.11722,0.625032]","[3.09356,-0.555406]","[464344,186406]","[0.981239,1]","[0,0]","[0,0]","[0.618808,-0.957242]",0,"[]","[]","[]","[]","[]","[]","[]","[]","[]","[]",1,"[286414]","[-1.11843]","[3.09538]","[485397]","[19100.4]","[0]","[2.39642]","[0.531697]",0,"[]","[]","[]","[]","[]","[]","[]","[]","[]","[]",0,"[183.815]",1254.37,"[6107.22,5439.38]","[]","[2550.88]","[]"
634,284500,953215,361105,8434.95,8579.63,1.65196e+11,1.26205,0.94157,1,1,1,0.996621,0.99623,1,1,0,0,1,"[0]","[1]","[36927.9]","[-1.81997]","[-1.42457]","[116946]","[0.0139503]","[-1]","[11]","[1]","[0]","[1434.61]","[-0.0430062]","[2.45822]",467875,-1.27928,2,"[519801,27382.6]","[-1.86435,1.03153]","[1.90093,-0.403785]","[1.7173e+06,43676.3]","[0.99204,0.922692]","[0,0]","[0,0]","[-0.868246,-0.84413]",0,"[]","[]","[]","[]","[]","[]","[]","[]","[]","[]",1,"[507838]","[-1.87591]","[1.90123]","[1.69629e+06]","[20282]","[0]","[3.62377]","[0.537896]",0,"[]","[]","[]","[]","[]","[]","[]","[]","[]","[]",0,"[521.721]",711.031,"[7942.64,3281.48]","[]","[65440.5]","[]"
635,284500,1368546,361105,8436.62,8579.63,1.65196e+11,1.08735,1,0.995207,1,1,0.998608,1.03042,1,0,1,0,1,"[0]","[1]","[58469.8]","[-0.523159]","[0.706917]","[66655.5]","[-0.0681775]","[-1]","[13]","[1]","[0]","[-374.796]","[-0.014182]","[2.25262]",218144,0.508556,2,"[319181,48992.3]","[-0.352907,2.17639]","[-2.59342,1.11484]","[339652,218867]","[0.992164,0.952255]","[0,0]","[0,0]","[-0.959468,-0.772757]",0,"[]","[]","[]","[]","[]","[]","[]","[]","[]","[]",1,"[310989]","[-0.353092]","[-2.59495]","[331047]","[17620]","[0]","[4.44235]","[0.661232]",0,"[]","[]","[]","[]","[]","[]","[]","[]","[]","[]",0,"[402.633]",3309.27,"[5108.85,2887.28]","[]","[13402.7]","[]"
636,284500,1611528,361105,8439.71,8579.63,1.65196e+11,0.402058,1,1.00001,1,1,0.999458,0.927976,1,0,1,0,1,"[0]","[1]","[102520]","[0.970463]","[-2.57112]","[154706]","[-0.0332003]","[-1]","[13]","[1]","[0]","[551.506]","[0.00210779]","[0.399406]",157738,-2.52737,1,"[273422]","[0.242913]","[0.649389]","[281611]","[0.998548]","[0]","[0]","[-0.794721]",0,"[]","[]","[]","[]","[]","[]","[]","[]","[]","[]",1,"[270908]","[0.246991]","[0.650093]","[279214]","[0.00458048]","[0]","[0]","[-1]",0,"[]","[]","[]","[]","[]","[]","[]","[]","[]","[]",0,"[1059.58]",4058.91,"[4610.62]","[]","[17228.1]","[]"
637,284500,1440528,361105,8440.32,8579.63,1.65196e+11,0.402058,1,1.00053,1,1,0.999315,0.991343,1,0,1,0,1,"[0]","[1]","[38455.3]","[-0.512935]","[-0.41444]","[43626.2]","[0.0527706]","[-1]","[13]","[1]","[0]","[800.718]","[-0.0096341]","[1.34114]",235604,0.00781781,2,"[211668,57232.4]","[0.0532041,0.203872]","[2.98526,-2.84801]","[212849,58906.4]","[0.999758,0.998469]","[0,0]","[0,0]","[-0.465765,-0.585603]",0,"[]","[]","[]","[]","[]","[]","[]","[]","[]","[]",1,"[253655]","[0.0729442]","[3.06506]","[262117]","[63413.3]","[0]","[1.6559]","[0.682957]",0,"[]","[]","[]","[]","[]","[]","[]","[]","[]","[]",0,"[125.856]",22340.5,"[4440.82,4306.69]","[]","[23079.9]","[]"
638,284500,1616529,361105,8432.19,8579.63,1.65196e+11,0.596562,1,1.00065,1,1,0.9985,1.02725,1,0,1,0,1,"[0]","[1]","[151774]","[-0.81323]","[0.827631]","[204789]","[-0.314236]","[-1]","[13]","[1]","[0]","[783.677]","[-0.000255864]","[0.0366851]",227717,0.76393,2,"[433279,74753.9]","[1.18122,0.905734]","[-2.11509,2.00164]","[772578,107820]","[0.984294,0.987439]","[0,0]","[0,0]","[-0.933315,-0.689915]",0,"[]","[]","[]","[]","[]","[]","[]","[]","[]","[]",1,"[461684]","[1.16056]","[-2.11702]","[809212]","[13015.2]","[0]","[2.87709]","[0.3735]",0,"[]","[]","[]","[]","[]","[]","[]","[]","[]","[]",0,"[2856]",13828.7,"[10213.7,8461.99]","[]","[13769.4]","[]"
639,284500,1626084,361105,8436.78,8579.63,1.65196e+11,0.596562,1,1.00615,1,1,0.969938,0.94264,1,0,1,0,1,"[0]","[1]","[96457.1]","[0.184582]","[3.12909]","[98105]","[-0.025959]","[-1]","[13]","[1]","[0]","[539.414]","[0.0349209]","[6.18267]",116655,-3.01621,4,"[251931,103204,44420.1,33373.3]","[0.486146,0.676815,-1.63298,-0.949217]","[0.959667,-1.29322,-0.915894,-1.93096]","[282603,128323,118138,50052.9]","[0.997448,0.985351,0.989716,0.681015]","[4,0,4,4]","[0,0,0,0]","[-0.421649,-0.934344,-0.857812,0.917069]",0,"[]","[]","[]","[]","[]","[]","[]","[]","[]","[]",1,"[251251]","[0.46359]","[0.95883]","[278837]","[7499.36]","[0]","[3.32992]","[0.226875]",0,"[]","[]","[]","[]","[]","[]","[]","[]","[]","[]",0,"[1475.83]",779.469,"[9684.57,4341.63,3221.3,1208.49]","[]","[6707.62]","[]"
640,284500,1819967,361105,8438.92,8579.63,1.65196e+11,0.402058,0.98458,1,1,1,0.996891,1.00582,1,1,0,0,1,"[0]","[1]","[110474]","[-0.328289]","[-0.913567]","[116481]","[-0.0444489]","[-1]","[11]","[1]","[0]","[2794.3]","[-0.0236053]","[4.40224]",134711,-0.786913,3,"[293519,35356.1,29346.6]","[0.466997,1.98099,1.7279]","[2.38162,-0.220662,-0.767294]","[327159,130823,85368]","[0.992425,0.997287,1]","[0,0,0]","[0,0,0]","[-0.896228,-0.926395,-0.788418]",0,"[]","[]","[]","[]","[]","[]","[]","[]","[]","[]",1,"[294278]","[0.427549]","[2.37758]","[323824]","[37998.7]","[0]","[1.67694]","[0.578019]",0,"[]","[]","[]","[]","[]","[]","[]","[]","[]","[]",0,"[882.245]",12679.5,"[10476.7,2099.32,3356.34]","[]","[18871.1]","[]"
641,284500,1877544,361105,8435.3,8579.63,1.65196e+11,0.402058,1,0.992824,1,1,0.998678,1.00686,1,0,1,0,1,"[0]","[1]","[156868]","[-0.454911]","[-1.99284]","[173381]","[0.112694]","[-1]","[13]","[1]","[1405.02]","[221.735]","[0.00680573]","[1.14395]",159163,-1.67608,2,"[160548,144445]","[-1.06828,-0.575574]","[1.25219,1.02745]","[261468,169311]","[0.99,0.999941]","[0,0]","[0,0]","[-0.645096,-0.713447]",0,"[]","[]","[]","[]","[]","[]","[]","[]","[]","[]",1,"[278305]","[-0.886724]","[1.14257]","[404169]","[85243.8]","[0]","[0.54454]","[0.504846]",0,"[]","[]","[]","[]","[]","[]","[]","[]","[]","[]",0,"[24754.2]",5362.11,"[4370.12,2260.17]","[]","[783.719]","[]"
642,284500,1699394,361105,8436.44,8579.63,1.65196e+11,0,0.97166,1,1,1,0.999022,1.0005,1,1,0,0,1,"[0]","[1]","[114134]","[2.07824]","[-2.03329]","[463129]","[0.0913849]","[-1]","[11]","[1]","[0]","[991.278]","[0.0781658]","[5.91558]",240507,-2.10559,3,"[326102,55208.2,31136.6]","[0.474321,0.310223,-1.08844]","[1.23923,-0.427566,0.938436]","[364088,58679.4,51655.2]","[0.997323,0.987535,0.943751]","[0,0,0]","[0,0,0]","[-0.715428,-0.534615,-0.746823]",0,"[]","[]","[]","[]","[]","[]","[]","[]","[]","[]",1,"[318729]","[0.443977]","[1.23885]","[350861]","[11834.5]","[0]","[3.07128]","[0.500805]",0,"[]","[]","[]","[]","[]","[]","[]","[]","[]","[]",0,"[838.772]",3430.31,"[3736.69,5245.31,2282.07]","[]","[5780.59]","[]"
643,284500,359596,361105,8429.96,8579.63,1.65196e+11,1.74563,1,0.996615,1,1,0.999157,0.926666,1,0,1,0,1,"[0]","[1]","[71423]","[-0.166025]","[-0.642577]","[72409.7]","[-0.0435333]","[-1]","[13]","[1]","[0]","[112.726]","[-0.0360105]","[5.91604]",267982,-0.644105,3,"[263853,40391.1,36743.5]","[-0.339102,0.0178287,1.10171]","[2.61919,2.09017,2.30217]","[279654,41256.1,61499.4]","[0.991818,0.996764,0.984701]","[0,0,0]","[0,0,0]","[-0.741586,-0.83645,-0.59845]",0,"[]","[]","[]","[]","[]","[]","[]","[]","[]","[]",1,"[279994]","[-0.309323]","[2.62184]","[293708]","[11167.5]","[0]","[3.61024]","[0.508953]",0,"[]","[]","[]","[]","[]","[]","[]","[]","[]","[]",0,"[440.237]",8457.66,"[6046.09,4087.86,2049.52]","[]","[4470.16]","[]"
644,284500,1677743,361105,8440.25,8579.63,1.65196e+11,0.0132185,0.99211,1,1,1,0.995088,0.9918,1,1,0,0,1,"[0]","[1]","[214861]","[-0.609855]","[-1.4679]","[256070]","[-0.00142288]","[-1]","[11]","[1]","[0]","[88.2358]","[0.0098385]","[1.62573]",362401,-1.42268,2,"[690042,482198]","[0.964723,1.68879]","[0.927829,3.1137]","[1.0376e+06,1.34987e+06]","[0.998828,1]","[0,0]","[0,0]","[-0.818116,-0.782661]",0,"[]","[]","[]","[]","[]","[]","[]","[]","[]","[]",2,"[681265,479928]","[0.960073,1.68136]","[0.928765,3.11398]","[1.02039e+06,1.33409e+06]","[24132.6,18756.1]","[0,0]","[2.44995,4.43187]","[0.442172,0.681323]",0,"[]","[]","[]","[]","[]","[]","[]","[]","[]","[]",0,"[1559.39]",3462.56,"[11452.4,8651.76]","[]","[10822.5,10198.8]","[]"
645,284500,1947942,361105,8436.51,8579.63,1.65196e+11,1.08735,0.97245,1,1,1,0.999274,0.99544,1,1,0,0,1,"[0]","[1]","[117407]","[1.31407]","[1.43446]","[234227]","[0.0290909]","[-1]","[11]","[1]","[0]","[-2859.74]","[0.0229164]","[1.27869]",169837,1.54302,2,"[213428,77679]","[1.36169,1.13828]","[-1.46555,-2.24359]","[444105,134180]","[0.990635,0.941297]","[0,0]","[0,0]","[-0.919848,-0.940246]",0,"[]","[]","[]","[]","[]","[]","[]","[]","[]","[]",1,"[266112]","[1.38416]","[-1.65467]","[569745]","[77667.2]","[0]","[0.954524]","[0.664817]",0,"[]","[]","[]","[]","[]","[]","[]","[]","[]","[]",0,"[938.632]",14126.5,"[12060.5,3988.1]","[]","[0]","[]"
646,284500,744395,361105,8441.21,8579.63,1.65196e+11,0.402058,1,0.993222,1,1,0.99918,0.989794,1,0,1,0,1,"[0]","[1]","[51022.5]","[-2.04661]","[0.0124828]","[200793]","[0.0384636]","[-1]","[13]","[1]","[0]","[0]","[0.0284213]","[2.83048]",145910,0.0650736,2,"[266250,76482.5]","[-1.34621,-0.942527]","[-2.88499,0.6798]","[547475,113145]","[0.997527,0.995356]","[0,0]","[0,0]","[-0.90067,-0.849329]",0,"[]","[]","[]","[]","[]","[]","[]","[]","[]","[]",1,"[279538]","[-1.33437]","[-2.89031]","[569118]","[41633.4]","[0]","[1.67619]","[0.776049]",0,"[]","[]","[]","[]","[]","[]","[]","[]","[]","[]",0,"[993.991]",7397.67,"[3653.73,9210.16]","[]","[25426.7]","[]"
647,284500,242053,361105,8441.17,8579.63,1.65196e+11,0.934886,0.96592,1,1,1,0.998946,0.95452,1,1,0,0,1,"[0]","[1]","[45976]","[-0.712045]","[-2.23955]","[58131.9]","[0.0769577]","[-1]","[11]","[1]","[0]","[369.715]","[0.0629012]","[6.17806]",277803,-2.39014,2,"[332885,29931.9]","[-0.51915,0.319847]","[0.672087,2.66678]","[379331,31990.9]","[0.994567,0.99]","[0,0]","[0,0]","[-0.907358,-0.38118]",0,"[]","[]","[]","[]","[]","[]","[]","[]","[]","[]",1,"[309619]","[-0.55747]","[0.672719]","[359327]","[15608.7]","[0]","[2.75168]","[0.500439]",0,"[]","[]","[]","[]","[]","[]","[]","[]","[]","[]",0,"[56.4161]",8363.94,"[8177.18,3694.1]","[]","[18685.9]","[]"
648,284500,107701,361105,8441.06,8579.63,1.65196e+11,1.74563,0.97388,1,1,1,1.00137,0.98854,1,1,0,0,1,"[0]","[1]","[42557.3]","[-0.148455]","[-0.180099]","[43027.1]","[0.0432186]","[-1]","[11]","[1]","[0]","[-91.2884]","[-0.0220025]","[2.3938]",157122,-0.183417,3,"[385017,194313,30919.7]","[0.488353,0.726442,0.975044]","[-3.01106,0.536485,-1.30129]","[432164,248380,47188.2]","[1,0.99788,0.974686]","[0,0,4]","[0,0,0]","[-0.60005,-0.905461,0.0683876]",0,"[]","[]","[]","[]","[]","[]","[]","[]","[]","[]",1,"[383785]","[0.501144]","[-3.01059]","[433219]","[13901.8]","[0]","[3.06574]","[0.37444]",0,"[]","[]","[]","[]","[]","[]","[]","[]","[]","[]",0,"[155.195]",451.906,"[4355.99,2856.1,2818.83]","[]","[17747]","[]"
649,284500,1934884,361105,8434.35,8579.63,1.65196e+11,0,0.98089,1,1,1,0.996702,1,1,1,0,0,1,"[0]","[1]","[284397]","[-1.08448]","[1.49718]","[468682]","[0.0366249]","[-1]","[11]","[0]","[0]","[1032.79]","[0.00856592]","[0.662862]",193351,1.29579,5,"[394164,63794.3,54665.2,34319,21804.5]","[-0.207081,-1.29635,-0.672267,-1.14171,-1.83164]","[-2.05598,-0.80402,-1.15814,-1.39252,-0.0893452]","[404072,125757,68124.7,59474.2,69945.7]","[0.99345,0.995949,1,0.99072,0.96811]","[0,0,0,0,0]","[0,0,0,0,0]","[-0.865393,-0.860072,-0.834496,-0.462882,-0.844453]",0,"[]","[]","[]","[]","[]","[]","[]","[]","[]","[]",2,"[413183,323559]","[-0.213122,-1.06403]","[-2.00294,1.5082]","[437191,524708]","[111999,6841.35]","[0,1]","[3.22551,11.4265]","[0.550191,0.4711]",0,"[]","[]","[]","[]","[]","[]","[]","[]","[]","[]",0,"[3626.17]",14794.8,"[4143.82,3042.22,3473.62,3073.25,2010.69]","[]","[38795.4,6335.5]","[]"
650,284500,1889550,361105,8441.63,8579.63,1.65196e+11,1.08735,0.98458,1,1,1,0.989055,1.00582,1,1,0,0,1,"[0]","[1]","[121263]","[-0.636348]","[2.67113]","[146655]","[-0.0534821]","[-1]","[11]","[1]","[0]","[833.81]","[0.0235937]","[3.19703]",189291,2.63258,3,"[296203,35288.6,32529.9]","[-1.94627,-2.24011,0.0695197]","[-0.737026,1.00062,0.657565]","[1.05841e+06,167741,33491.3]","[1,0.993562,0.940494]","[4,0,0]","[0,0,0]","[0.693992,-0.920353,-0.817804]",0,"[]","[]","[]","[]","[]","[]","[]","[]","[]","[]",1,"[301315]","[-1.9146]","[-0.738957]","[1.04449e+06]","[19814.2]","[0]","[2.04828]","[0.673095]",0,"[]","[]","[]","[]","[]","[]","[]","[]","[]","[]",0,"[696.199]",2839,"[4552.67,2127.19,2864.74]","[]","[7978.22]","[]"
651,284500,1964935,361105,8439.07,8579.63,1.65196e+11,0,1,0.997255,1,1,0.983549,0.880457,1,0,1,0,1,"[0]","[1]","[165128]","[-0.521687]","[-1.81243]","[188113]","[-0.0316467]","[-1]","[13]","[1]","[0]","[1041.04]","[-0.00704044]","[1.09526]",450632,-1.59626,3,"[414329,204564,43897.9]","[0.390335,-1.41641,-0.396954]","[1.88653,0.534125,2.10206]","[451538,448233,48606.8]","[0.99467,0.997743,0.980005]","[4,0,0]","[0,0,0]","[-0.914302,-0.59635,-0.875734]",0,"[]","[]","[]","[]","[]","[]","[]","[]","[]","[]",1,"[412031]","[0.404535]","[1.88964]","[451666]","[70011.2]","[0]","[1.36124]","[0.745034]",0,"[]","[]","[]","[]","[]","[]","[]","[]","[]","[]",0,"[13207.5]",16656.4,"[6378.45,5018.47,2246.04]","[]","[3147.53]","[]"
652,284500,1965599,361105,8435.42,8579.63,1.65196e+11,1.26205,0.94676,1,1,1,0.999418,0,1,1,0,0,1,"[0]","[1]","[25128.6]","[0.0603103]","[0.583423]","[25174.3]","[-0.0579453]","[-1]","[11]","[1]","[0]","[-506.778]","[-0.0226006]","[1.92548]",223319,0.492426,1,"[249445]","[-0.854903]","[-2.5905]","[346812]","[0.977615]","[0]","[0]","[0.377801]",0,"[]","[]","[]","[]","[]","[]","[]","[]","[]","[]",1,"[263220]","[-0.873652]","[-2.58618]","[371498]","[30688.6]","[0]","[3.02498]","[0.678326]",0,"[]","[]","[]","[]","[]","[]","[]","[]","[]","[]",0,"[124.276]",965.078,"[3291.38]","[]","[4252.28]","[]"
653,284500,1957304,361105,8435.07,8579.63,1.65196e+11,1.74563,0.98697,1,1,1,0.985071,1.00582,1,1,0,0,1,"[0]","[1]","[198435]","[-0.294166]","[1.50867]","[207082]","[-0.0860367]","[-1]","[11]","[1]","[0]","[273.759]","[-0.00236347]","[0.356525]",81782.9,1.4973,3,"[295895,177555,24396.9]","[-0.348272,-0.228337,0.843791]","[-2.21648,-0.145196,-2.36138]","[314223,182638,34009.8]","[0.992975,0.968889,0.996803]","[4,0,0]","[0,0,0]","[0.284037,-0.893504,-0.631596]",0,"[]","[]","[]","[]","[]","[]","[]","[]","[]","[]",1,"[298925]","[-0.373121]","[-2.21537]","[320110]","[9303.42]","[0]","[1.69613]","[-1]",0,"[]","[]","[]","[]","[]","[]","[]","[]","[]","[]",0,"[992.791]",7772.61,"[4870.91,8892.81,5237.32]","[]","[1108]","[]"
654,284500,1974438,361105,8432.07,8579.63,1.65196e+11,0.596562,0.97245,1,1,1,1.01189,1,1,1,0,0,1,"[0]","[1]","[85652.5]","[1.26746]","[1.97056]","[164169]","[-0.0146399]","[-1]","[11]","[0]","[0]","[-1243.67]","[-0.112055]","[11.5028]",220698,2.29616,3,"[340866,83057,20060.5]","[1.90084,0.802323,0.24851]","[-1.25727,1.11708,0.107196]","[1.16605e+06,112266,21068.9]","[0.989516,0.9999,0.979229]","[0,0,4]","[0,0,0]","[-0.897941,-0.836241,-0.166923]",0,"[]","[]","[]","[]","[]","[]","[]","[]","[]","[]",1,"[343264]","[1.90128]","[-1.26007]","[1.17476e+06]","[17940.5]","[0]","[2.62632]","[0.167446]",0,"[]","[]","[]","[]","[]","[]","[]","[]","[]","[]",0,"[494.948]",5723.02,"[7451.74,2116.49,1641.85]","[]","[10117.6]","[]"
655,284500,2024860,361105,8433.83,8579.63,1.65196e+11,1.74563,0.92736,1,1,1,0.998022,0,1,1,0,0,1,"[0]","[1]","[25018]","[-1.87199]","[1.07704]","[83247.8]","[-0.152885]","[-1]","[11]","[1]","[0]","[-137.745]","[0.0133172]","[0.657206]",334062,0.91526,2,"[27207.2,22138.2]","[-1.5323,-1.03481]","[-2.68191,-2.29815]","[66122.5,35307]","[0.934131,0.832434]","[0,0]","[0,0]","[-0.549677,-0.82514]",0,"[]","[]","[]","[]","[]","[]","[]","[]","[]","[]",1,"[351442]","[1.29102]","[-2.14939]","[687958]","[29455]","[0]","[2.20559]","[0.780184]",0,"[]","[]","[]","[]","[]","[]","[]","[]","[]","[]",0,"[167.891]",15197.3,"[7357.45,1649.33]","[]","[21596.4]","[]"
656,284500,1575801,361105,8434.69,8579.63,1.65196e+11,1.55465,0.96284,1,1,1,0.999105,0.97938,1,1,0,0,1,"[0]","[1]","[39800.5]","[-0.0638043]","[-0.738142]","[39881.6]","[0.00695419]","[-1]","[11]","[1]","[0]","[-19.6605]","[0.00359237]","[0.297648]",294602,-0.935424,1,"[333275]","[1.19347]","[2.23742]","[600546]","[0.993092]","[0]","[0]","[-0.858024]",0,"[]","[]","[]","[]","[]","[]","[]","[]","[]","[]",1,"[318146]","[1.2123]","[2.23393]","[582171]","[13954.7]","[0]","[1.43565]","[0.278783]",0,"[]","[]","[]","[]","[]","[]","[]","[]","[]","[]",0,"[22.0749]",5902.69,"[7494.23]","[]","[15816.2]","[]"
657,284500,1588000,361105,8434.84,8579.63,1.65196e+11,0.596562,0.98697,1,1,1,0.997522,1.00582,1,1,0,0,1,"[0]","[1]","[256049]","[-0.289367]","[-2.68383]","[266844]","[-0.00728917]","[-1]","[11]","[1]","[0]","[747.809]","[-0.0239541]","[3.59618]",485054,-2.61076,1,"[728010]","[0.422345]","[0.47853]","[794211]","[0.99942]","[0]","[0]","[-0.866772]",0,"[]","[]","[]","[]","[]","[]","[]","[]","[]","[]",2,"[724191,267247]","[0.423036,-0.291326]","[0.478997,-2.68555]","[790156,278693]","[17405.9,3710.89]","[0,1]","[4.44198,33.4489]","[0.481844,-1]",0,"[]","[]","[]","[]","[]","[]","[]","[]","[]","[]",0,"[1393.76]",22849.7,"[24766.1]","[]","[18370.6,18374.5]","[]"
658,284500,1563329,361105,8437.84,8579.63,1.65196e+11,0.75088,0.98536,1,1,1,0.978803,0.9918,1,1,0,0,1,"[0]","[1]","[93044.2]","[-0.749381]","[0.0756588]","[120415]","[-0.0233841]","[-1]","[11]","[1]","[0]","[1401.86]","[-0.00741643]","[0.859905]",279504,-0.292542,2,"[281449,47855.9]","[-0.644741,-0.184266]","[2.88689,2.59878]","[343828,49927.7]","[0.999175,0.990145]","[4,4]","[0,0]","[-0.893716,-0.694338]",0,"[]","[]","[]","[]","[]","[]","[]","[]","[]","[]",1,"[258308]","[-0.61831]","[2.90683]","[310959]","[32291.9]","[0]","[2.05134]","[0.744066]",0,"[]","[]","[]","[]","[]","[]","[]","[]","[]","[]",0,"[361.33]",29446.8,"[3400.57,1564.85]","[]","[11505]","[]"
659,284500,1146669,361105,8425.81,8579.63,1.65196e+11,1.74563,0.98697,1,1,1,0.997653,1.00582,1,1,0,0,1,"[0]","[1]","[204616]","[-0.401408]","[0.343173]","[221323]","[0.0223053]","[-1]","[11]","[1]","[0]","[-598.21]","[0.0325878]","[3.89694]",206231,0.446938,3,"[405296,42649.2,28047.4]","[0.550396,1.76051,1.13465]","[-2.79149,0.0139069,-2.72307]","[469218,127917,48357]","[0.999503,0.98011,0.977654]","[0,0,0]","[0,0,0]","[-0.882014,-0.886648,-0.914513]",0,"[]","[]","[]","[]","[]","[]","[]","[]","[]","[]",2,"[404627,250782]","[0.549791,-0.298352]","[-2.78917,0.384069]","[468183,266805]","[28137.6,50268.2]","[0,1]","[1.40742,0.463897]","[0.507745,0.326031]",0,"[]","[]","[]","[]","[]","[]","[]","[]","[]","[]",0,"[2276.63]",10281.6,"[7544.95,2197.69,4555.93]","[]","[9810.38,0]","[]"
660,284500,1572606,361105,8428.13,8579.63,1.65196e+11,1.55465,0.98458,1,1,1,0.998907,1.00582,1,1,0,0,1,"[0]","[1]","[137210]","[-0.479767]","[-2.99068]","[153307]","[-0.143915]","[-1]","[11]","[1]","[0]","[408.218]","[-0.0597883]","[5.51798]",183671,3.13092,1,"[312809]","[-1.75284]","[0.0261693]","[930094]","[1]","[0]","[0]","[-0.880334]",0,"[]","[]","[]","[]","[]","[]","[]","[]","[]","[]",1,"[314743]","[-1.75186]","[0.0236149]","[934985]","[27043.3]","[0]","[2.79374]","[0.747193]",0,"[]","[]","[]","[]","[]","[]","[]","[]","[]","[]",0,"[1060.15]",10687.2,"[11668.6]","[]","[15628.8]","[]"
661,284500,1573792,361105,8434.29,8579.63,1.65196e+11,0,1,0.996476,1,1,0.983907,0.942734,1,0,1,0,1,"[0]","[1]","[116199]","[-1.10547]","[0.579486]","[194733]","[-0.0903931]","[-1]","[13]","[1]","[0]","[172.308]","[-0.0794216]","[13.5445]",581983,0.626562,2,"[735273,28278.7]","[-0.181972,1.66345]","[-2.50667,1.83569]","[748950,77599]","[0.999846,0.947929]","[4,0]","[0,0]","[-0.719874,-0.824373]",0,"[]","[]","[]","[]","[]","[]","[]","[]","[]","[]",1,"[768015]","[-0.139963]","[-2.50529]","[777047]","[48203.8]","[0]","[1.86181]","[0.638115]",0,"[]","[]","[]","[]","[]","[]","[]","[]","[]","[]",0,"[3069.04]",13854.2,"[12150.6,2708.93]","[]","[43951.6]","[]"
662,284500,1579040,361105,8430.87,8579.63,1.65196e+11,1.08735,0.95138,1,1,1,0.998193,0.99031,1,1,0,0,1,"[0]","[1]","[35731.2]","[0.0416004]","[-0.0208762]","[35762.1]","[-0.210175]","[-1]","[11]","[1]","[0]","[-117.707]","[-0.052175]","[4.61388]",339686,0.180668,3,"[301680,70396.3,31814.9]","[0.657327,-1.39785,-1.31117]","[3.09047,-2.41255,-1.83681]","[369861,151722,63389.3]","[0.997918,0.99,0.986269]","[0,0,0]","[0,0,0]","[-0.941107,-0.773384,-0.754305]",0,"[]","[]","[]","[]","[]","[]","[]","[]","[]","[]",1,"[309373]","[0.635906]","[3.09295]","[374514]","[18400]","[0]","[3.52404]","[0.44679]",0,"[]","[]","[]","[]","[]","[]","[]","[]","[]","[]",0,"[113.734]",1740.09,"[5890.95,7350.94,2256.62]","[]","[32900.5]","[]"
663,284500,2099372,361105,8436.22,8579.63,1.65196e+11,0.596562,0.9823,1,1,1,0.997951,1.00632,1,1,0,0,1,"[0]","[1]","[118593]","[0.29923]","[-1.39704]","[123942]","[-0.0572357]","[-1]","[11]","[1]","[0]","[-1917.92]","[0.0734903]","[4.15478]",316772,-1.55916,2,"[449001,50396.8]","[-0.337034,-2.38028]","[1.50487,-2.73677]","[475865,274789]","[0.997836,1]","[0,0]","[0,0]","[-0.860418,-0.890297]",0,"[]","[]","[]","[]","[]","[]","[]","[]","[]","[]",1,"[455568]","[-0.310624]","[1.49694]","[478504]","[27322.3]","[0]","[2.82076]","[0.778364]",0,"[]","[]","[]","[]","[]","[]","[]","[]","[]","[]",0,"[761.618]",5850.72,"[8036.89,2693.33]","[]","[17320.7]","[]"
664,284500,1978193,361105,8439.51,8579.63,1.65196e+11,0.402058,0.92407,1,1,1,0.987089,0.93264,1,1,0,0,1,"[0]","[1]","[29038.3]","[-1.31696]","[1.11529]","[58076.9]","[0.0533485]","[-1]","[11]","[1]","[1273.07]","[-305.369]","[0.176707]","[9.5385]",241192,1.22425,3,"[232811,35900.8,25223.3]","[-1.46801,0.36327,-1.99912]","[-2.07661,-0.792872,-1.89611]","[533308,38514.8,94892.8]","[0.9936,1,0.981717]","[4,0,0]","[0,0,0]","[0.225514,-0.882472,-0.808586]",0,"[]","[]","[]","[]","[]","[]","[]","[]","[]","[]",1,"[255181]","[-1.50472]","[-2.0701]","[606019]","[61786.4]","[0]","[1.95]","[0.719645]",0,"[]","[]","[]","[]","[]","[]","[]","[]","[]","[]",0,"[76.1516]",4898.48,"[4390.58,3197.29,3126.31]","[]","[3573.28]","[]"
665,284500,2092304,361105,8435.11,8579.63,1.65196e+11,0,0.96203,1,1,1,0.966019,1.01508,1,1,0,0,1,"[0]","[1]","[243407]","[-1.69586]","[-1.88035]","[685773]","[0.0463943]","[-1]","[11]","[1]","[0]","[-1375.52]","[0.0231337]","[3.11108]",158752,-1.66751,3,"[434048,94418.2,58752.5]","[-0.297109,-1.72454,-1.1966]","[0.982924,3.0657,-2.52189]","[454682,273584,106668]","[0.994069,0.99914,0.99619]","[0,4,4]","[0,0,0]","[-0.798049,-0.819001,-0.470054]",0,"[]","[]","[]","[]","[]","[]","[]","[]","[]","[]",2,"[424187,286931]","[-0.340071,-1.69672]","[0.977201,-1.93938]","[449862,813204]","[28586.2,82160.7]","[0,0]","[0.551692,1.0967]","[0.246333,0.527172]",0,"[]","[]","[]","[]","[]","[]","[]","[]","[]","[]",0,"[4472]",28783.1,"[9796.25,1530.84,9380.83]","[]","[12560.8,13218.6]","[]"
666,284500,1768907,361105,8430.38,8579.63,1.65196e+11,0.596562,0.96654,1,1,1,0.999296,0.99589,1,1,0,0,1,"[0]","[1]","[34635.4]","[-0.32578]","[-2.14485]","[36489.7]","[0.00764465]","[-1]","[11]","[1]","[0]","[-727.599]","[-0.020873]","[2.76379]",302932,-1.86373,1,"[325744]","[0.106077]","[1.20082]","[327899]","[0.994653]","[0]","[0]","[-0.949174]",0,"[]","[]","[]","[]","[]","[]","[]","[]","[]","[]",1,"[324284]","[0.0349504]","[1.19714]","[324612]","[9172.34]","[0]","[2.09417]","[-1]",0,"[]","[]","[]","[]","[]","[]","[]","[]","[]","[]",0,"[515.695]",5780.09,"[4842.14]","[]","[28377.4]","[]"
667,284500,1178560,361105,8435.31,8579.63,1.65196e+11,1.08735,1,0.99265,1,1,0.998457,1.01302,1,0,1,0,1,"[0]","[1]","[42176]","[-1.52724]","[1.21626]","[101699]","[-0.0616436]","[-1]","[13]","[1]","[1570.53]","[1641.31]","[-0.00877459]","[0.950727]",177242,0.924041,3,"[264918,48188.8,23590.7]","[-1.19638,-1.36198,-0.803362]","[-1.85614,1.78346,-2.41886]","[479466,100566,32009.3]","[1,1,0.946395]","[0,0,0]","[0,0,0]","[-0.789364,-0.890511,-0.799344]",0,"[]","[]","[]","[]","[]","[]","[]","[]","[]","[]",1,"[267789]","[-1.19911]","[-1.85652]","[485683]","[33701.5]","[0]","[1.72464]","[0.735338]",0,"[]","[]","[]","[]","[]","[]","[]","[]","[]","[]",0,"[891.669]",5033.38,"[6672.29,2224.22,1848.34]","[]","[3729.81]","[]"
668,284500,2084372,361105,8434.91,8579.63,1.65196e+11,1.21412,1,0.998917,1,1,0.998977,0.973461,1,0,1,0,1,"[0]","[1]","[28275.8]","[-1.18096]","[-2.53157]","[50394.5]","[0.196459]","[-1]","[13]","[1]","[0]","[-567.474]","[-0.257989]","[30.2736]",221456,-2.58486,2,"[267933,21061.1]","[-0.267085,0.477851]","[0.461936,2.69295]","[277937,23991.2]","[0.999309,0.978105]","[0,0]","[0,0]","[-0.834888,-0.133925]",0,"[]","[]","[]","[]","[]","[]","[]","[]","[]","[]",1,"[268401]","[-0.257779]","[0.460814]","[277600]","[11325.4]","[0]","[2.65757]","[0.386316]",0,"[]","[]","[]","[]","[]","[]","[]","[]","[]","[]",0,"[43.7704]",1910.88,"[5205.89,4738.2]","[]","[11865.9]","[]"
669,284500,59105,361105,8435.41,8579.63,1.65196e+11,0.506784,1,0.997791,1,1,0.986593,0.815821,1,0,1,0,1,"[0]","[1]","[57856.1]","[0.168582]","[1.49383]","[58680.3]","[0.0980148]","[-1]","[13]","[1]","[0]","[-125.12]","[0.066228]","[11.6516]",253479,1.92686,2,"[257620,49171.9]","[-0.293461,1.55709]","[-1.2391,-1.59939]","[268992,122058]","[0.872975,0.974442]","[4,0]","[0,0]","[-0.652681,-0.90592]",0,"[]","[]","[]","[]","[]","[]","[]","[]","[]","[]",1,"[257387]","[-0.306429]","[-1.23921]","[270984]","[27687.1]","[0]","[3.36442]","[0.261284]",0,"[]","[]","[]","[]","[]","[]","[]","[]","[]","[]",0,"[343.497]",2270.44,"[6167.19,4343.14]","[]","[4850.23]","[]"
670,284500,118269,361105,8433.94,8579.63,1.65196e+11,3.34815,0.96988,1,1,1,0.999422,1.00441,1,1,0,0,1,"[0]","[1]","[65965.5]","[1.65489]","[0.797853]","[178885]","[-0.0648804]","[-1]","[11]","[1]","[0]","[-596.623]","[0.0163303]","[0.971948]",237490,1.29861,1,"[295753]","[-0.724302]","[-1.9346]","[377293]","[1]","[0]","[0]","[-0.918496]",0,"[]","[]","[]","[]","[]","[]","[]","[]","[]","[]",1,"[287639]","[-0.704423]","[-1.94037]","[362527]","[19451.1]","[0]","[2.16497]","[0.346752]",0,"[]","[]","[]","[]","[]","[]","[]","[]","[]","[]",0,"[936.18]",1340.39,"[3518.07]","[]","[7299.28]","[]"
671,284500,2088646,361105,8432.94,8579.63,1.65196e+11,1.74563,0.96203,1,1,1,0.99845,1.01508,1,1,0,0,1,"[0]","[1]","[228215]","[-1.70482]","[2.59127]","[648381]","[-0.174286]","[-1]","[11]","[1]","[0]","[107.344]","[0.00966972]","[1.09105]",130037,2.62175,2,"[389329,26290.5]","[0.212166,1.07937]","[-0.462354,-2.85925]","[398954,43634]","[0.999925,0.933371]","[0,0]","[0,0]","[-0.861513,-0.815815]",0,"[]","[]","[]","[]","[]","[]","[]","[]","[]","[]",1,"[382907]","[0.177472]","[-0.462532]","[389619]","[22781.7]","[0]","[2.71081]","[0.708501]",0,"[]","[]","[]","[]","[]","[]","[]","[]","[]","[]",0,"[3301.44]",4349.64,"[5003.95,2795.39]","[]","[16747.8]","[]"
672,284500,1183964,361105,8426.94,8579.63,1.65196e+11,0.619412,0.97921,1,1,1,0.997671,1.00192,1,1,0,0,1,"[0]","[1]","[62829.2]","[-0.388464]","[0.357107]","[67629.8]","[0.0320129]","[-1]","[11]","[1]","[0]","[-362.941]","[0.00822251]","[1.10324]",191491,0.335458,2,"[257907,20509.9]","[0.0657017,1.72622]","[-2.97218,-1.68593]","[259200,59606.6]","[0.991598,0.946387]","[0,0]","[0,0]","[-0.643931,-0.780618]",0,"[]","[]","[]","[]","[]","[]","[]","[]","[]","[]",1,"[263868]","[0.0863649]","[-2.97668]","[265429]","[17488.4]","[0]","[2.67614]","[0.602992]",0,"[]","[]","[]","[]","[]","[]","[]","[]","[]","[]",0,"[233.973]",7689.08,"[6219.27,2599.13]","[]","[11420.3]","[]"
673,284500,9548186,361105,8436.71,8579.63,1.65196e+11,0.402058,1,0.995262,1,1,0.998648,1.02809,1,0,1,0,1,"[0]","[1]","[72695.7]","[-1.63073]","[1.29061]","[192767]","[0.0122719]","[-1]","[13]","[1]","[0]","[408.805]","[-0.0238649]","[2.84588]",174652,1.3373,2,"[342006,105260]","[-1.39858,-0.379273]","[-2.00866,0.694128]","[735044,113320]","[1,0.999373]","[0,0]","[0,0]","[-0.780563,-0.941707]",0,"[]","[]","[]","[]","[]","[]","[]","[]","[]","[]",1,"[348804]","[-1.41045]","[-2.00953]","[757322]","[12001.5]","[0]","[2.41985]","[0.357306]",0,"[]","[]","[]","[]","[]","[]","[]","[]","[]","[]",0,"[1184.74]",3662.34,"[10053.1,6569.32]","[]","[7132.38]","[]"
674,284500,9599941,361105,8432.93,8579.63,1.65196e+11,0.596562,0.96988,1,1,1,0.98141,1.00441,1,1,0,0,1,"[0]","[1]","[67460.6]","[1.55848]","[-0.133992]","[167371]","[0.0167847]","[-1]","[11]","[1]","[0]","[840.037]","[0.0247135]","[1.87214]",148374,0.035074,2,"[292595,92169.1]","[0.31425,-1.36339]","[-2.97518,0.612821]","[309013,192274]","[1,0.998319]","[0,4]","[0,0]","[-0.834635,0.405913]",0,"[]","[]","[]","[]","[]","[]","[]","[]","[]","[]",1,"[297776]","[0.30468]","[-2.97495]","[314188]","[39428]","[0]","[1.80787]","[0.748092]",0,"[]","[]","[]","[]","[]","[]","[]","[]","[]","[]",0,"[689.278]",9095.69,"[9680.26,1330.32]","[]","[3612.84]","[]"
675,284500,9599712,361105,8432.93,8579.63,1.65196e+11,1.55465,0.97921,1,1,1,0.998387,1.00192,1,1,0,0,1,"[0]","[1]","[70673.3]","[-0.0963817]","[3.03804]","[71001.9]","[0.0663719]","[-1]","[11]","[1]","[0]","[346.146]","[0.122618]","[18.2009]",262845,2.93434,3,"[317324,61853.6,38488.1]","[0.504993,-1.39863,1.44197]","[-0.0180573,-0.936489,0.150124]","[359271,133412,86269.2]","[0.999092,0.999203,0.984956]","[0,0,0]","[0,0,0]","[-0.847873,-0.835739,-0.790522]",0,"[]","[]","[]","[]","[]","[]","[]","[]","[]","[]",1,"[340172]","[0.566816]","[-0.0112049]","[404414]","[80623.9]","[0]","[2.68144]","[0.626655]",0,"[]","[]","[]","[]","[]","[]","[]","[]","[]","[]",0,"[201.577]",1815.03,"[7544.74,2210.94,6037.22]","[]","[50733.3]","[]"
676,284500,9563074,361105,8435.84,8579.63,1.65196e+11,1.55465,0.97488,1,1,1,0.998871,0.99626,1,1,0,0,1,"[0]","[1]","[105459]","[1.35859]","[2.67791]","[218707]","[0.0679398]","[-1]","[11]","[1]","[0]","[-835.054]","[-0.00514267]","[0.599747]",406040,2.45792,2,"[419439,56885.7]","[0.339614,1.01286]","[-0.715676,-0.239187]","[443981,89223.9]","[0.936709,0.995986]","[0,0]","[0,0]","[-0.900149,-0.860527]",0,"[]","[]","[]","[]","[]","[]","[]","[]","[]","[]",1,"[431948]","[0.434785]","[-0.669543]","[486627]","[112592]","[0]","[0.976779]","[0.343571]",0,"[]","[]","[]","[]","[]","[]","[]","[]","[]","[]",0,"[4150.83]",1896.59,"[4831.79,2568.03]","[]","[6546.53]","[]"
677,284500,9749866,361105,8441.12,8579.63,1.65196e+11,0.596562,1,0.996125,1,1,0.999219,0.975281,1,0,1,0,1,"[0]","[1]","[61126.1]","[-1.2932]","[-2.4062]","[119771]","[-0.0224152]","[-1]","[13]","[1]","[0]","[1030.25]","[0.00367496]","[0.4005]",277399,-2.28223,1,"[347350]","[-0.589938]","[0.854011]","[409854]","[0.995568]","[0]","[0]","[-0.821632]",0,"[]","[]","[]","[]","[]","[]","[]","[]","[]","[]",1,"[357883]","[-0.523183]","[0.850567]","[408243]","[14356.2]","[0]","[2.664]","[0.524496]",0,"[]","[]","[]","[]","[]","[]","[]","[]","[]","[]",0,"[379.695]",16974.5,"[4680.21]","[]","[9338]","[]"
678,284500,9584929,361105,8436.11,8579.63,1.65196e+11,0.596562,1,0.989098,1,1,0.998114,0.988445,1,0,1,0,1,"[0]","[1]","[51924.4]","[-1.7219]","[-1.89269]","[149902]","[0.0814342]","[-1]","[13]","[1]","[0]","[-53.7608]","[-0.0246321]","[2.6203]",169379,-1.89791,4,"[346948,96373.6,36437.6,33065.6]","[-1.79197,-0.808823,-0.206975,-0.672716]","[1.62605,-1.17716,-0.688145,-0.491914]","[1.07025e+06,130806,37520,41267.5]","[1,0.994082,0.999564,0.999022]","[0,0,0,0]","[0,0,0,0]","[-0.885545,-0.29932,-0.131994,-0.645889]",0,"[]","[]","[]","[]","[]","[]","[]","[]","[]","[]",1,"[352219]","[-1.79294]","[1.62766]","[1.08744e+06]","[21329.9]","[0]","[2.86967]","[0.712315]",0,"[]","[]","[]","[]","[]","[]","[]","[]","[]","[]",0,"[165.512]",6251.78,"[5021.22,8484.54,3179.54,2192.13]","[]","[1491.38]","[]"
679,284500,9485459,361105,8438.89,8579.63,1.65196e+11,0.506784,1,1.00211,1,1,0.986255,0.959812,1,0,1,0,1,"[0]","[1]","[79062.1]","[1.98543]","[0.841681]","[293300]","[-0.0697906]","[-1]","[13]","[1]","[0]","[0]","[-0.0752682]","[10.4577]",118366,0.78799,3,"[267973,128515,65633.7]","[-0.0319412,-1.0532,-1.28346]","[-2.63795,0.362465,-1.97615]","[269363,207264,127777]","[0.995502,0.998717,1]","[4,0,0]","[0,0,0]","[0.223039,-0.930495,-0.663259]",0,"[]","[]","[]","[]","[]","[]","[]","[]","[]","[]",1,"[253189]","[-0.0344623]","[-2.64063]","[254512]","[24400.2]","[0]","[2.02899]","[0.740734]",0,"[]","[]","[]","[]","[]","[]","[]","[]","[]","[]",0,"[1789.39]",475.367,"[2635.95,6859.25,5220.66]","[]","[3202.95]","[]"
680,284500,9708310,361105,8435.88,8579.63,1.65196e+11,1.74563,1,0.995421,1,1,0.996333,0.981429,1,0,1,0,1,"[0]","[1]","[167714]","[-0.636327]","[-2.815]","[202830]","[0.00856972]","[-1]","[13]","[1]","[0]","[-250.315]","[-0.0688395]","[13.1504]",721195,-2.9551,2,"[842545,40346.7]","[-0.188404,1.56849]","[0.22931,-0.0911639]","[857997,101201]","[1,0.985158]","[0,0]","[0,0]","[-0.843882,-0.775376]",0,"[]","[]","[]","[]","[]","[]","[]","[]","[]","[]",1,"[815020]","[-0.177307]","[0.230992]","[827951]","[11912.9]","[0]","[1.05733]","[-1]",0,"[]","[]","[]","[]","[]","[]","[]","[]","[]","[]",0,"[11645.5]",2359.56,"[13234,4837.33]","[]","[44226.1]","[]"
681,284500,9761633,361105,8440.79,8579.63,1.65196e+11,0.696077,1,1.00099,1,1,0.985261,0.967356,1,0,1,0,1,"[0]","[1]","[110450]","[1.1423]","[-0.614778]","[190696]","[0.00433159]","[-1]","[13]","[1]","[0]","[-286.587]","[-0.00991009]","[1.59637]",137816,0.0577405,2,"[342245,102584]","[-0.355825,-2.04018]","[2.94464,0.21512]","[366117,401309]","[0.997614,1]","[4,0]","[0,0]","[0.609293,-0.934239]",0,"[]","[]","[]","[]","[]","[]","[]","[]","[]","[]",1,"[340222]","[-0.370913]","[2.95005]","[366170]","[40750.7]","[0]","[1.4032]","[0.548572]",0,"[]","[]","[]","[]","[]","[]","[]","[]","[]","[]",0,"[5296.21]",9835.02,"[8426.13,5098.06]","[]","[14453.8]","[]"
682,284500,1478702,361105,8438.69,8579.63,1.65196e+11,0.164755,0.98162,1,1,1,0.998164,1,1,1,0,0,1,"[0]","[1]","[148072]","[-2.37934]","[-0.593098]","[806284]","[0.095396]","[-1]","[11]","[0]","[0]","[4265.57]","[-0.0199473]","[1.53629]",78334,-1.31675,3,"[262972,48016.5,30407.3]","[-1.88965,1.4568,0.497669]","[2.51852,0.495809,-0.667354]","[890269,109110,34862.7]","[0.999712,0.993637,0.962512]","[0,0,0]","[0,0,0]","[-0.628937,-0.8558,-0.84042]",0,"[]","[]","[]","[]","[]","[]","[]","[]","[]","[]",1,"[252817]","[-1.89191]","[2.51911]","[857771]","[25091.7]","[0]","[1.63952]","[0.820798]",0,"[]","[]","[]","[]","[]","[]","[]","[]","[]","[]",0,"[1365.2]",11018.4,"[11513.8,2371.45,3689.73]","[]","[16907.1]","[]"
683,284500,2306582,361105,8431.78,8579.63,1.65196e+11,0.934886,1,1.00065,1,1,0.985963,0.969816,1,0,1,0,1,"[0]","[1]","[49496.7]","[-0.757909]","[0.896596]","[64406.6]","[-0.0535812]","[-1]","[13]","[1]","[0]","[1494.96]","[-0.0407693]","[5.9754]",314439,1.10242,5,"[359434,26206.4,25307.8,24698.5,23662.4]","[-0.984069,-0.360049,-1.09541,-0.947238,-0.687764]","[-2.06656,-1.17363,1.80794,-1.63008,1.46033]","[549055,28427.8,42398.9,36723.8,29748.2]","[1,1,1,0.971744,0.987313]","[4,0,0,0,0]","[0,0,0,0,0]","[-0.653934,-0.811629,-0.93264,-0.877666,-0.896181]",0,"[]","[]","[]","[]","[]","[]","[]","[]","[]","[]",1,"[344676]","[-1.02183]","[-2.04015]","[542692]","[44906.3]","[0]","[2.03284]","[0.684898]",0,"[]","[]","[]","[]","[]","[]","[]","[]","[]","[]",0,"[219.976]",52.7188,"[5408.88,3478.1,2237.67,1857.14,2139.62]","[]","[3290.44]","[]"
684,284500,2341970,361105,8431.31,8579.63,1.65196e+11,0.596562,1,0.995149,1,1,0.999302,0.95285,1,0,1,0,1,"[0]","[1]","[48827.8]","[-0.745112]","[-0.511003]","[63021.2]","[-0.0330124]","[-1]","[13]","[1]","[0]","[-266.981]","[0.00382374]","[0.51899]",241537,-0.518927,1,"[319365]","[-0.165429]","[2.64997]","[324195]","[0.999036]","[0]","[0]","[-0.955126]",0,"[]","[]","[]","[]","[]","[]","[]","[]","[]","[]",1,"[314419]","[-0.183526]","[2.64709]","[319899]","[10437.4]","[0]","[2.33829]","[0.00809895]",0,"[]","[]","[]","[]","[]","[]","[]","[]","[]","[]",0,"[133.548]",7115.45,"[5127.56]","[]","[11434.8]","[]"
685,284500,2495779,361105,8429.52,8579.63,1.65196e+11,1.74563,0.96709,1,1,1,0.985277,1.00936,1,1,0,0,1,"[0]","[1]","[106629]","[0.00266]","[0.883884]","[106629]","[-0.0392075]","[-1]","[11]","[1]","[0]","[-395.867]","[0.0202703]","[2.63739]",217800,0.70877,3,"[118187,95167.8,69627.1]","[-1.08955,-0.680205,-1.43322]","[-2.65553,-2.4041,-2.19611]","[195950,118182,154670]","[0.98211,1,0.992479]","[4,0,0]","[0,0,0]","[-0.690418,-0.536345,-0.854958]",0,"[]","[]","[]","[]","[]","[]","[]","[]","[]","[]",1,"[251044]","[-1.0189]","[-2.44333]","[403833]","[92795.3]","[0]","[1.22679]","[0.370461]",0,"[]","[]","[]","[]","[]","[]","[]","[]","[]","[]",0,"[892.668]",2839.73,"[1326.82,2163.77,2216.9]","[]","[0]","[]"
686,284500,543035,361105,8432.97,8579.63,1.65196e+11,0.351687,1,1.00075,1,1,0.999006,0.980308,1,0,1,0,1,"[0]","[1]","[94647.9]","[1.3345]","[0.323527]","[192201]","[0.0475769]","[-1]","[13]","[1]","[0]","[-1801.34]","[0.0140676]","[2.3079]",155428,0.286945,2,"[266942,25347.3]","[-0.202504,-0.379262]","[-2.85043,-0.125437]","[272768,27922.9]","[0.988971,0.979002]","[0,0]","[0,0]","[-0.907893,-0.894425]",0,"[]","[]","[]","[]","[]","[]","[]","[]","[]","[]",1,"[267759]","[-0.253094]","[-2.85357]","[276642]","[12036.5]","[0]","[3.36781]","[0.371892]",0,"[]","[]","[]","[]","[]","[]","[]","[]","[]","[]",0,"[2298.61]",8589.02,"[7923.23,2486.76]","[]","[4054.44]","[]"
687,284500,9938932,361105,8428.38,8579.63,1.65196e+11,0.506784,0.98697,1,1,1,0.976481,1.00582,1,1,0,0,1,"[0]","[1]","[164284]","[-0.2724]","[-1.93401]","[170417]","[0.0222855]","[-1]","[11]","[1]","[0]","[-915.303]","[0.0278178]","[4.22838]",143644,-1.54177,3,"[280026,131174,22047.5]","[-1.28491,-2.10663,-0.962251]","[0.828323,2.54974,2.32431]","[545148,547416,33484.1]","[1,0.999321,0.840118]","[4,4,0]","[0,0,0]","[-0.907125,-0.871884,-0.839964]",0,"[]","[]","[]","[]","[]","[]","[]","[]","[]","[]",1,"[289320]","[-1.2801]","[0.831525]","[560825]","[17254.2]","[0]","[2.36294]","[0.55376]",0,"[]","[]","[]","[]","[]","[]","[]","[]","[]","[]",0,"[723.149]",11394.2,"[4189.7,4952.27,12979.7]","[]","[6651.53]","[]"
688,284500,3471394,361105,8434.94,8579.63,1.65196e+11,0.934886,1,0.99935,1,1,0.998917,1.01009,1,0,1,0,1,"[0]","[1]","[39193.6]","[1.59339]","[0.498841]","[100407]","[0.427306]","[-1]","[13]","[1]","[0]","[238.467]","[-0.300727]","[38.02]",225434,0.355381,2,"[245588,24453.9]","[1.16412,0.768129]","[-2.85469,-2.31345]","[432358,32329]","[0.984731,0.662294]","[0,0]","[0,0]","[-0.555022,-0.606066]",0,"[]","[]","[]","[]","[]","[]","[]","[]","[]","[]",1,"[262023]","[1.16181]","[-2.85719]","[460449]","[26734.5]","[0]","[1.10383]","[0.697535]",0,"[]","[]","[]","[]","[]","[]","[]","[]","[]","[]",0,"[183.764]",944.094,"[3516.13,3001.48]","[]","[7130.39]","[]"
689,284500,3475646,361105,8433.71,8579.63,1.65196e+11,0.506784,0.93894,1,1,1,0.999023,0.99124,1,1,0,0,1,"[0]","[1]","[33561.8]","[2.11594]","[1.40101]","[141259]","[-0.223617]","[-1]","[11]","[1]","[1086.91]","[13.531]","[0.048153]","[2.8376]",204001,1.15823,1,"[262987]","[1.64631]","[-1.94924]","[707625]","[0.998593]","[0]","[0]","[-0.792364]",0,"[]","[]","[]","[]","[]","[]","[]","[]","[]","[]",1,"[255334]","[1.6457]","[-1.94671]","[686627]","[11350.5]","[0]","[2.94591]","[0.437669]",0,"[]","[]","[]","[]","[]","[]","[]","[]","[]","[]",0,"[73.5922]",21446.7,"[20304]","[]","[14225.2]","[]"
690,284500,3425649,361105,8433.01,8579.63,1.65196e+11,0.506784,1,0.986868,1,1,0.999127,0.820933,1,0,1,0,1,"[0]","[1]","[82128.1]","[0.182982]","[0.976948]","[83507]","[0.0200729]","[-1]","[13]","[1]","[0]","[1180.95]","[0.0136026]","[2.74138]",245609,0.925585,1,"[360892]","[0.564788]","[-1.7239]","[420964]","[1]","[0]","[0]","[-0.353757]",0,"[]","[]","[]","[]","[]","[]","[]","[]","[]","[]",1,"[332840]","[0.558633]","[-1.72439]","[387214]","[28814.4]","[0]","[2.95107]","[0.729748]",0,"[]","[]","[]","[]","[]","[]","[]","[]","[]","[]",0,"[2135.06]",1687.97,"[8022.8]","[]","[2810.34]","[]"
691,284500,4409633,361105,8439.99,8579.63,1.65196e+11,0.596562,1,0.995951,1,1,0.999069,1.03534,1,0,1,0,1,"[0]","[1]","[162756]","[-1.91288]","[-0.0182019]","[563157]","[0.147916]","[-1]","[13]","[1]","[1160.25]","[-87.2743]","[0.0425917]","[6.64136]",109605,0.046557,1,"[267431]","[-1.5518]","[-3.13003]","[659787]","[0.996527]","[0]","[0]","[-0.904296]",0,"[]","[]","[]","[]","[]","[]","[]","[]","[]","[]",1,"[258518]","[-1.5522]","[-3.13859]","[638122]","[22700.1]","[0]","[2.04598]","[0.331083]",0,"[]","[]","[]","[]","[]","[]","[]","[]","[]","[]",0,"[10920.4]",8087.18,"[8965.08]","[]","[18185.4]","[]"
692,284500,4413275,361105,8436.79,8579.63,1.65196e+11,1.08735,0.97538,1,1,1,0.98775,1.01508,1,1,0,0,1,"[0]","[1]","[140329]","[-1.61186]","[0.0957893]","[365674]","[-0.0051752]","[-1]","[11]","[1]","[0]","[-400.547]","[0.0272824]","[3.31935]",178477,0.771199,2,"[281453,30780.9]","[1.08751,-1.60362]","[-2.75859,-1.34076]","[465276,79992.2]","[0.989474,0.759545]","[4,0]","[0,0]","[-0.888576,-0.850288]",0,"[]","[]","[]","[]","[]","[]","[]","[]","[]","[]",1,"[276483]","[1.08894]","[-2.75368]","[457536]","[15822.4]","[0]","[2.67395]","[0.536215]",0,"[]","[]","[]","[]","[]","[]","[]","[]","[]","[]",0,"[1631.32]",10756.9,"[8726.21,7331.83]","[]","[15220.2]","[]"
693,284500,10158888,361105,8431.14,8579.63,1.65196e+11,1.26459,0.92237,1,1,1,1.0143,0.96413,1,1,0,0,1,"[0]","[1]","[66473.5]","[2.4498]","[-2.47583]","[387951]","[0.0327148]","[-1]","[11]","[1]","[0]","[-641.799]","[-0.00378444]","[0.0713152]",181337,-1.70437,4,"[308458,74693.5,29981.4,21064]","[0.494479,-0.383265,-0.902211,-0.27564]","[1.21045,3.10624,-2.21637,-2.54727]","[347147,82123.9,43453.1,22371.3]","[0.993725,0.993075,1,0.738731]","[0,0,5,0]","[0,0,0,0]","[-0.88175,-0.939197,0.990918,-0.797905]",0,"[]","[]","[]","[]","[]","[]","[]","[]","[]","[]",1,"[312784]","[0.480812]","[1.21211]","[349945]","[14617.3]","[0]","[0.478691]","[0.432159]",0,"[]","[]","[]","[]","[]","[]","[]","[]","[]","[]",0,"[1166.1]",10771,"[3846.01,7409.24,1457.68,1144]","[]","[35216.8]","[]"
694,284500,10212137,361105,8428.07,8579.63,1.65196e+11,0.402058,1,0.982264,1,1,0.998192,1.01571,1,0,1,0,1,"[0]","[1]","[154843]","[1.87541]","[0.425084]","[516928]","[0.0297799]","[-1]","[13]","[1]","[0]","[-73.6847]","[-0.00528016]","[0.917329]",125048,0.527698,2,"[241899,39924.3]","[1.25935,2.20754]","[-2.63497,-3.04834]","[460902,183916]","[0.945666,1]","[0,0]","[0,0]","[-0.916883,-0.885052]",0,"[]","[]","[]","[]","[]","[]","[]","[]","[]","[]",1,"[273701]","[1.36036]","[-2.65792]","[578284]","[105926]","[0]","[2.98203]","[0.748696]",0,"[]","[]","[]","[]","[]","[]","[]","[]","[]","[]",0,"[4782.82]",7070.35,"[4058.78,5627.75]","[]","[14873.7]","[]"
695,284500,10208798,361105,8430.92,8579.63,1.65196e+11,0.934886,0.97446,1,1,1,1.10606,0.98483,1,1,0,0,1,"[0]","[1]","[53794.7]","[-0.341836]","[2.65182]","[56968.5]","[0.0762024]","[-1]","[11]","[1]","[0]","[1047.07]","[-0.00849662]","[1.03853]",276676,2.51752,4,"[309307,50644.3,42062.3,41124.5]","[-0.67622,-1.28071,-1.1035,-0.494534]","[-0.749777,-2.64778,0.5241,0.324231]","[383625,98653,70515.3,46573.2]","[0.99868,1,0.999875,1]","[4,0,0,0]","[0,0,0,0]","[0.934105,-0.872088,-0.838292,-0.81576]",0,"[]","[]","[]","[]","[]","[]","[]","[]","[]","[]",1,"[287583]","[-0.71319]","[-0.74936]","[364913]","[27513]","[0]","[1.91081]","[0.587011]",0,"[]","[]","[]","[]","[]","[]","[]","[]","[]","[]",0,"[397.562]",2191.56,"[3814.37,5265.11,2276.44,6168.93]","[]","[4917.12]","[]"
696,284500,9375333,361105,8434.22,8579.63,1.65196e+11,0.596562,0.955,1,1,1,0.999411,1,1,1,0,0,1,"[0]","[1]","[47494.6]","[1.92094]","[-2.04294]","[165611]","[0.13081]","[-1]","[11]","[0]","[1228.94]","[220.597]","[0.0301421]","[1.4872]",226048,-2.35266,1,"[260830]","[1.0695]","[0.976307]","[425649]","[1]","[0]","[0]","[-0.961904]",0,"[]","[]","[]","[]","[]","[]","[]","[]","[]","[]",1,"[270026]","[1.0799]","[0.984148]","[444288]","[28313.1]","[0]","[2.28212]","[0.793026]",0,"[]","[]","[]","[]","[]","[]","[]","[]","[]","[]",0,"[545.838]",1950.92,"[3699.8]","[]","[15643]","[]"
697,284500,3462395,361105,8431.24,8579.63,1.65196e+11,0.934886,1,0.998019,1,1,0.995489,0.984831,1,0,1,0,1,"[0]","[1]","[106516]","[-1.32542]","[-0.057108]","[214601]","[-0.0157509]","[-1]","[13]","[1]","[0]","[-489.981]","[0.0237932]","[3.80407]",191384,0.18345,4,"[324680,31377,24905.8,23011.6]","[-0.782077,0.800091,1.63357,-1.90505]","[-2.94072,1.08716,1.31864,-1.44795]","[429576,42670.9,66418.8,79171.5]","[0.99731,0.997249,0.974817,0.974813]","[0,0,0,0]","[0,0,0,0]","[-0.886348,-0.787119,-0.74386,-0.21237]",0,"[]","[]","[]","[]","[]","[]","[]","[]","[]","[]",1,"[334870]","[-0.765463]","[-2.93825]","[437974]","[9937.01]","[0]","[2.02605]","[0.214722]",0,"[]","[]","[]","[]","[]","[]","[]","[]","[]","[]",0,"[2038.27]",1800.62,"[4569.64,2071.77,2070.84,1718.72]","[]","[16372.6]","[]"
698,284500,10284967,361105,8433.42,8579.63,1.65196e+11,1.24168,1,0.98926,1,1,0.999441,0.999379,1,0,1,0,1,"[0]","[1]","[99268.7]","[-1.64065]","[-1.55579]","[265661]","[0.0544262]","[-1]","[13]","[1]","[1098.98]","[280.62]","[0.0971156]","[12.8447]",167824,-1.68208,1,"[269950]","[0.0133183]","[1.57956]","[270369]","[0.99507]","[0]","[0]","[-0.797894]",0,"[]","[]","[]","[]","[]","[]","[]","[]","[]","[]",1,"[256131]","[0.0250844]","[1.57101]","[256251]","[4474.81]","[0]","[4.28171]","[-1]",0,"[]","[]","[]","[]","[]","[]","[]","[]","[]","[]",0,"[1607.3]",1341.36,"[3208.79]","[]","[5888.44]","[]"
699,284500,3492670,361105,8436.46,8579.63,1.65196e+11,0.402058,0.98916,1,1,1,0.9988,0.99765,1,1,0,0,1,"[0]","[1]","[98939.6]","[0.597388]","[2.69086]","[117125]","[0.128834]","[-1]","[11]","[1]","[0]","[-299.885]","[-0.050739]","[6.49726]",293034,2.57199,3,"[298857,52082.8,43793]","[0.710579,0.140773,1.50108]","[-0.7232,-0.43438,0.286731]","[378180,52929.4,103325]","[1,1,1]","[0,0,0]","[0,0,0]","[-0.492639,-0.843084,0.449488]",0,"[]","[]","[]","[]","[]","[]","[]","[]","[]","[]",1,"[316485]","[0.666471]","[-0.699479]","[397842]","[81452.8]","[0]","[1.24023]","[0.387834]",0,"[]","[]","[]","[]","[]","[]","[]","[]","[]","[]",0,"[645.066]",1739.81,"[7724.32,4016.61,3315.69]","[]","[4030.72]","[]"
700,284500,2318073,361105,8435.93,8579.63,1.65196e+11,0.934886,0.9823,1,1,1,0.999394,1.00632,1,1,0,0,1,"[0]","[1]","[82679.5]","[0.464422]","[-1.18444]","[91757.4]","[-0.0288277]","[-1]","[11]","[1]","[0]","[1982.58]","[-0.0126355]","[1.53013]",233571,-1.10152,1,"[307460]","[0.440611]","[1.91075]","[338154]","[0.995998]","[0]","[0]","[-0.784367]",0,"[]","[]","[]","[]","[]","[]","[]","[]","[]","[]",1,"[306535]","[0.415402]","[1.91204]","[333612]","[12831.8]","[0]","[6.02022]","[0.248082]",0,"[]","[]","[]","[]","[]","[]","[]","[]","[]","[]",0,"[303.215]",3732.53,"[5660.9]","[]","[20407]","[]"
701,284500,10613060,361105,8435.88,8579.63,1.65196e+11,0.934886,0.94943,1,1,1,0.971895,0.94658,1,1,0,0,1,"[0]","[1]","[42539.4]","[1.3178]","[-1.30979]","[85140.8]","[0.01931]","[-1]","[11]","[1]","[0]","[-72.601]","[-0.023527]","[2.69004]",161267,-1.31294,4,"[297928,55955.2,54163.8,26079.4]","[1.10254,0.802172,-2.26187,-1.98014]","[1.29982,-3.12417,-2.12534,-1.80359]","[498771,75084.3,262922,96330.7]","[0.998085,0.998202,0.996415,0.990063]","[0,4,4,0]","[0,0,0,0]","[-0.773941,0.785204,0.816718,-0.183761]",0,"[]","[]","[]","[]","[]","[]","[]","[]","[]","[]",1,"[287994]","[1.1246]","[1.2998]","[490664]","[22787.4]","[0]","[1.74316]","[0.674689]",0,"[]","[]","[]","[]","[]","[]","[]","[]","[]","[]",0,"[120.916]",20455.3,"[8646.19,3574.84,4150.38,1778.4]","[]","[9915.78]","[]"
702,284500,10486073,361105,8435.61,8579.63,1.65196e+11,0.934886,0.93912,1,1,1,0.998701,0,1,1,0,0,1,"[0]","[1]","[26012.3]","[-2.09435]","[3.09641]","[107214]","[0.267247]","[-1]","[11]","[1]","[1029.15]","[-150.531]","[-0.0517737]","[1.84104]",257036,2.91484,3,"[165207,141015,21481.9]","[-2.00605,-1.70568,-0.82117]","[-0.0504771,-0.496382,2.28029]","[625693,401482,29401.9]","[0.994788,0.998679,0.711404]","[0,0,0]","[0,0,0]","[-0.809636,-0.932525,-0.913398]",0,"[]","[]","[]","[]","[]","[]","[]","[]","[]","[]",1,"[295688]","[-1.89713]","[-0.255316]","[1.01211e+06]","[93140.9]","[0]","[1.16353]","[0.80178]",0,"[]","[]","[]","[]","[]","[]","[]","[]","[]","[]",0,"[86.5374]",6333.2,"[10008.3,4058.32,1691.79]","[]","[26741.2]","[]"
703,284500,10492616,361105,8428.05,8579.63,1.65196e+11,0.596562,1,0.996375,1,1,0.99713,0.677264,1,0,1,0,1,"[0]","[1]","[60015.5]","[-0.0427076]","[0.356364]","[60070.4]","[-0.0508347]","[-1]","[13]","[1]","[0]","[-27.2516]","[-0.00703101]","[1.0146]",272737,0.499689,5,"[491280,122142,105520,66305,20690.1]","[1.25501,0.86722,1.41904,0.863363,-1.09272]","[-2.70764,0.109214,1.02706,-2.44079,-2.59495]","[932463,171553,231117,93262.6,34460.5]","[0.997064,0.97716,0.992575,1,0.98]","[0,0,0,0,0]","[0,0,0,0,0]","[-0.897522,-0.926368,-0.947925,-0.901722,-0.553752]",0,"[]","[]","[]","[]","[]","[]","[]","[]","[]","[]",1,"[539215]","[1.23498]","[-2.68664]","[1.00865e+06]","[80760.3]","[0]","[2.32087]","[0.726397]",0,"[]","[]","[]","[]","[]","[]","[]","[]","[]","[]",0,"[748.595]",18415.1,"[16801,5810.14,2414.63,2680.88,2922.27]","[]","[41249.1]","[]"
704,284500,9519157,361105,8437.14,8579.63,1.65196e+11,0.596562,0.97577,1,1,1,0.996382,1.00531,1,1,0,0,1,"[0]","[1]","[79276.7]","[-0.0384645]","[1.73927]","[79335.4]","[-0.0569]","[-1]","[11]","[1]","[0]","[1111.78]","[0.0223746]","[2.64384]",349028,1.75535,4,"[378509,26433.2,25305.9,24313.5]","[1.40694,1.18644,1.31928,0.946909]","[-1.35052,-2.23357,-0.340139,-0.932935]","[819288,47503.9,50944,36259.1]","[0.995834,0.978564,0.932075,1]","[0,0,0,0]","[0,0,0,0]","[-0.893168,-0.834135,-0.799541,-0.112338]",0,"[]","[]","[]","[]","[]","[]","[]","[]","[]","[]",1,"[398435]","[1.3906]","[-1.34983]","[850063]","[16558]","[0]","[5.50037]","[0.692068]",0,"[]","[]","[]","[]","[]","[]","[]","[]","[]","[]",0,"[320.12]",39217.8,"[9864.8,2454.34,2903.58,1730.05]","[]","[26215.3]","[]"
705,284500,9677848,361105,8431.26,8579.63,1.65196e+11,1.55465,1,0.996423,1,1,0.999394,0.922705,1,0,1,0,1,"[0]","[1]","[108066]","[0.632356]","[-1.6234]","[130402]","[-0.0444946]","[-1]","[13]","[1]","[1218.49]","[1570.14]","[0.0228342]","[4.29548]",150203,-1.90441,1,"[255272]","[-0.984241]","[1.31669]","[390249]","[0.983162]","[0]","[0]","[-0.86343]",0,"[]","[]","[]","[]","[]","[]","[]","[]","[]","[]",1,"[280318]","[-0.948926]","[1.31585]","[417534]","[32264.6]","[0]","[1.80648]","[0.733281]",0,"[]","[]","[]","[]","[]","[]","[]","[]","[]","[]",0,"[2336.67]",4711.53,"[5686.17]","[]","[3591.53]","[]"
706,284500,1496955,361105,8435.32,8579.63,1.65196e+11,0.596562,1,0.995111,1,1,1.01156,0.953995,1,0,1,0,1,"[0]","[1]","[47942.7]","[2.33565]","[0.834292]","[250093]","[-0.204796]","[-1]","[13]","[1]","[0]","[-138.046]","[0.0742384]","[7.44736]",58478.3,1.46926,4,"[219496,119815,113792,24208.7]","[0.835446,1.09719,2.0125,-0.295574]","[-1.10783,2.49265,2.13883,2.17109]","[301173,199854,433658,25754.9]","[0.995004,0.999971,0.987646,0.787591]","[0,5,0,0]","[0,0,0,0]","[-0.788944,0.986548,-0.841792,-0.850288]",0,"[]","[]","[]","[]","[]","[]","[]","[]","[]","[]",1,"[279222]","[0.668824]","[-1.0905]","[356591]","[93789.8]","[0]","[1.0486]","[0.514529]",0,"[]","[]","[]","[]","[]","[]","[]","[]","[]","[]",0,"[2300.07]",11.832,"[4774.12,7259.56,3081.56,4544.18]","[]","[10040.7]","[]"
707,284500,9681672,361105,8430.18,8579.63,1.65196e+11,0.934886,0.98413,1,1,1,0.997622,0.99866,1,1,0,0,1,"[0]","[1]","[100715]","[-0.98515]","[1.23561]","[153671]","[0.0504169]","[-1]","[11]","[1]","[0]","[-104.678]","[0.0473752]","[4.58223]",376543,1.58986,3,"[391380,152490,21974.7]","[1.03119,1.13683,1.06972]","[-1.90068,-0.693561,-1.21488]","[619021,262608,35843.7]","[0.998822,0.993949,0.983733]","[0,0,0]","[0,0,0]","[-0.937151,-0.691719,-0.82623]",0,"[]","[]","[]","[]","[]","[]","[]","[]","[]","[]",1,"[367542]","[1.04094]","[-1.89675]","[585483]","[14159.7]","[0]","[4.18251]","[0.218099]",0,"[]","[]","[]","[]","[]","[]","[]","[]","[]","[]",0,"[884.642]",38599.4,"[19682.9,7987.34,1636.39]","[]","[11143.3]","[]"
708,284500,7708081,361105,8433.48,8579.63,1.65196e+11,0.934886,1,0.986328,1,1,0.99847,1.00535,1,0,1,0,1,"[0]","[1]","[310957]","[1.96363]","[-2.83564]","[1.12963e+06]","[-0.112831]","[-1]","[13]","[1]","[0]","[223.492]","[0.0100988]","[2.03396]",96259,-2.78908,3,"[283395,279201,25894.2]","[0.938787,0.677726,0.335639]","[-0.503002,1.07511,1.39506]","[418161,350537,27530.8]","[1,0.993418,0.984197]","[0,0,0]","[0,0,0]","[-0.88705,-0.493744,-0.828486]",0,"[]","[]","[]","[]","[]","[]","[]","[]","[]","[]",2,"[271335,261328]","[0.695091,0.961331]","[1.10059,-0.49496]","[344424,391810]","[57650.6,10342.8]","[0,0]","[0.980839,2.96192]","[0.842714,0.608406]",0,"[]","[]","[]","[]","[]","[]","[]","[]","[]","[]",0,"[76723.6]",3183.65,"[5500.86,3906.27,2029.78]","[]","[8950.47,0]","[]"
709,284500,8004793,361105,8435.22,8579.63,1.65196e+11,1.08735,1,0.999264,1,1,0.999078,0.97395,1,0,1,0,1,"[0]","[1]","[118851]","[-2.18769]","[-0.937459]","[536417]","[-0.232704]","[-1]","[13]","[1]","[0]","[-63.0968]","[0.0182599]","[2.63003]",175484,-0.659058,3,"[265950,55400.3,24512.1]","[-0.697741,0.562196,0.110149]","[2.62384,0.972585,2.20845]","[333880,64818.5,25310.9]","[1,0.999742,0.965823]","[0,0,0]","[0,0,0]","[-0.977407,-0.939164,-0.913909]",0,"[]","[]","[]","[]","[]","[]","[]","[]","[]","[]",1,"[266470]","[-0.719833]","[2.62566]","[338930]","[16272]","[0]","[3.4688]","[0.305512]",0,"[]","[]","[]","[]","[]","[]","[]","[]","[]","[]",0,"[7733.09]",5765.86,"[3156.96,5194.15,1770.76]","[]","[10326.9]","[]"
710,284500,10318101,361105,8429.6,8579.63,1.65196e+11,1.08735,1,1.00077,1,1,0.997411,1.0239,1,0,1,0,1,"[0]","[1]","[75132.5]","[1.36588]","[0.187989]","[156814]","[0.0194321]","[-1]","[13]","[1]","[0]","[-721.641]","[0.0064385]","[0.762302]",223235,0.14994,3,"[168332,153703,28438.2]","[1.46206,1.1075,2.04746]","[-2.74306,3.12778,0.893132]","[383369,258642,112109]","[0.997169,1,0.985713]","[0,0,0]","[0,0,0]","[-0.925208,-0.596997,-0.689462]",0,"[]","[]","[]","[]","[]","[]","[]","[]","[]","[]",1,"[314296]","[1.33527]","[-2.95622]","[646161]","[98137.3]","[0]","[1.06038]","[0.839447]",0,"[]","[]","[]","[]","[]","[]","[]","[]","[]","[]",0,"[1655.85]",13217.7,"[6968.44,3014.44,7638.42]","[]","[9739.41]","[]"
711,284500,3024985,361105,8441.63,8579.63,1.65196e+11,0.934886,0.96709,1,1,1,0.999001,1.00936,1,1,0,0,1,"[0]","[1]","[93806.9]","[0.106342]","[2.50863]","[94337.8]","[0.0570145]","[-1]","[11]","[1]","[0]","[-150.895]","[0.0635032]","[3.40518]",155256,2.92821,1,"[243622]","[-1.92082]","[-0.361976]","[849399]","[1]","[0]","[0]","[-0.893392]",0,"[]","[]","[]","[]","[]","[]","[]","[]","[]","[]",1,"[261570]","[-1.9253]","[-0.361563]","[915896]","[3199.47]","[0]","[0]","[-1]",0,"[]","[]","[]","[]","[]","[]","[]","[]","[]","[]",0,"[365.237]",628.312,"[4704.55]","[]","[12454.7]","[]"
712,284500,9488366,361105,8437.83,8579.63,1.65196e+11,0.596562,1,0.986746,1,1,0.988349,1.01884,1,0,1,0,1,"[0]","[1]","[82560.9]","[-1.85836]","[-0.00482273]","[271178]","[-0.0349367]","[-1]","[13]","[1]","[0]","[90.0847]","[-0.0149764]","[2.63964]",203526,0.148414,2,"[182791,123096]","[-0.559256,-1.00586]","[-2.77279,2.85229]","[212891,191168]","[0.996425,0.98203]","[4,0]","[0,0]","[-0.37077,-0.776455]",0,"[]","[]","[]","[]","[]","[]","[]","[]","[]","[]",1,"[272306]","[-0.779938]","[-3.01151]","[378350]","[118197]","[0]","[0.549554]","[0.785642]",0,"[]","[]","[]","[]","[]","[]","[]","[]","[]","[]",0,"[1411.44]",9684.75,"[2521.21,9052.77]","[]","[6093.56]","[]"
713,284500,10724322,361105,8432.12,8579.63,1.65196e+11,0.934886,0.98458,1,1,1,0.998716,1.00582,1,1,0,0,1,"[0]","[1]","[136365]","[-0.172189]","[1.17092]","[138392]","[-0.0343765]","[-1]","[11]","[1]","[0]","[-229.693]","[0.0119659]","[1.74954]",185390,1.34383,2,"[277685,40195.7]","[-0.758419,-1.29015]","[-1.87649,-1.90726]","[362142,78692]","[0.299996,0.997342]","[0,0]","[0,0]","[-0.851913,-0.703032]",0,"[]","[]","[]","[]","[]","[]","[]","[]","[]","[]",1,"[293466]","[-0.80696]","[-1.88517]","[397799]","[52526]","[0]","[2.23685]","[0.469499]",0,"[]","[]","[]","[]","[]","[]","[]","[]","[]","[]",0,"[2442.84]",15502,"[11160.9,5362.02]","[]","[5557.53]","[]"
714,284500,9406666,361105,8439.28,8579.63,1.65196e+11,1.55465,0.97828,1,1,1,0.986048,1.0005,1,1,0,0,1,"[0]","[1]","[156341]","[2.01095]","[-1.8328]","[594430]","[-0.0260963]","[1]","[11]","[1]","[0]","[-10.5594]","[-0.0371509]","[2.51272]",176497,-1.67069,3,"[400180,76124.6,22062.2]","[1.12639,-1.68586,-2.24794]","[1.50498,-1.03905,-1.31967]","[682554,212689,105661]","[0.992381,0.999865,0.976946]","[4,0,0]","[0,0,0]","[-0.162541,-0.843018,-0.697903]",0,"[]","[]","[]","[]","[]","[]","[]","[]","[]","[]",1,"[389358]","[1.13279]","[1.5086]","[667576]","[26324.4]","[0]","[2.87934]","[0.610737]",0,"[]","[]","[]","[]","[]","[]","[]","[]","[]","[]",0,"[1445.6]",10386.2,"[9773.57,7110.53,1691.6]","[]","[24573.5]","[]"
715,284500,9813240,361105,8431.46,8579.63,1.65196e+11,0.934886,0.99211,1,1,1,0.983844,0.9918,1,1,0,0,1,"[0]","[1]","[258708]","[-0.7178]","[2.67236]","[328267]","[0.033617]","[-1]","[11]","[1]","[0]","[-1705.43]","[0.0217012]","[3.20644]",241275,2.38841,2,"[491608,24735.7]","[0.389502,0.841282]","[-0.563671,-1.63561]","[529796,34132.4]","[1,0.991918]","[4,0]","[0,0]","[-0.883339,-0.877783]",0,"[]","[]","[]","[]","[]","[]","[]","[]","[]","[]",2,"[493019,265792]","[0.379131,-0.73803]","[-0.563539,2.68107]","[529236,341524]","[19445.1,0.00390625]","[0,1]","[3.77875,0]","[0.397619,-1]",0,"[]","[]","[]","[]","[]","[]","[]","[]","[]","[]",0,"[1810.25]",1938.62,"[5077.01,3152.98]","[]","[20089.4,671.781]","[]"
716,284500,415508,361105,8439.46,8579.63,1.65196e+11,0.402058,1,0.996889,1,1,0.999468,0.976117,1,0,1,0,1,"[0]","[1]","[40607.1]","[-0.191758]","[-0.301962]","[41356.1]","[-0.00100517]","[-1]","[13]","[1]","[0]","[-479.164]","[-0.00527353]","[0.742623]",164201,0.357383,2,"[260745,90806.2]","[-0.185907,-1.57717]","[-2.81639,0.673409]","[267725,229304]","[0.990408,1]","[0,0]","[0,0]","[-0.91953,-0.848318]",0,"[]","[]","[]","[]","[]","[]","[]","[]","[]","[]",1,"[256999]","[-0.181575]","[-2.82321]","[263705]","[35921.9]","[0]","[2.24205]","[0.778496]",0,"[]","[]","[]","[]","[]","[]","[]","[]","[]","[]",0,"[67.1281]",4379.97,"[6090.06,2853.11]","[]","[0]","[]"
717,284500,417317,361105,8436.01,8579.63,1.65196e+11,0.596562,1,0.990714,1,1,1.00821,0.994531,1,0,1,0,1,"[0]","[1]","[39336.2]","[-1.932]","[-3.111]","[138624]","[-0.160706]","[-1]","[13]","[1]","[2040.92]","[647.79]","[-0.00100059]","[0.110714]",278951,3.09508,3,"[71515,22779.1,21413.1]","[-2.14417,1.29736,-1.73239]","[-2.22774,2.4275,-0.654764]","[309610,44934.9,62509]","[1,0.927807,0.988542]","[0,4,0]","[0,0,0]","[-0.414776,-0.939919,-0.889787]",0,"[]","[]","[]","[]","[]","[]","[]","[]","[]","[]",1,"[341617]","[0.0391074]","[0.189841]","[343144]","[29451]","[0]","[10.1522]","[0.185566]",0,"[]","[]","[]","[]","[]","[]","[]","[]","[]","[]",0,"[224.372]",10903,"[3583.17,1190.66,1558.56]","[]","[12441]","[]"
718,284500,4682160,361105,8438.42,8579.63,1.65196e+11,0.596562,1,0.998203,1,1,0.979828,0.922077,1,0,1,0,1,"[0]","[1]","[28543.6]","[-0.072533]","[-0.479058]","[28618.9]","[0.071701]","[-1]","[13]","[1]","[0]","[-470.88]","[-0.0291866]","[3.05828]",433188,0.00600172,2,"[378277,79507.3]","[1.97112,0.141838]","[-3.07556,2.8729]","[1.38464e+06,81409.2]","[0.984304,0.989561]","[0,4]","[0,0]","[-0.858319,-0.0500239]",0,"[]","[]","[]","[]","[]","[]","[]","[]","[]","[]",1,"[350770]","[1.9571]","[-3.06763]","[1.2668e+06]","[35867.1]","[0]","[2.08316]","[0.677651]",0,"[]","[]","[]","[]","[]","[]","[]","[]","[]","[]",0,"[91.4539]",10377.6,"[10778.4,2149.49]","[]","[12205.8]","[]"
719,284500,5969507,361105,8429.83,8579.63,1.65196e+11,1.74563,1,0.993735,1,1,0.987412,0.974594,1,0,1,0,1,"[0]","[1]","[84518.7]","[-0.557225]","[2.88536]","[97983.3]","[0.0333915]","[-1]","[13]","[1]","[1554.85]","[1016.97]","[0.0120145]","[1.87958]",27389.3,-3.0258,3,"[253207,124493,31576.5]","[0.9496,-0.455912,1.91342]","[0.0187589,-2.85559,2.91807]","[376321,139230,109457]","[0.996242,0.992591,1]","[4,0,0]","[0,0,0]","[0.704596,-0.910021,-0.515788]",0,"[]","[]","[]","[]","[]","[]","[]","[]","[]","[]",1,"[269916]","[0.949046]","[0.0192183]","[400915]","[5815.39]","[0]","[1.45953]","[0.202526]",0,"[]","[]","[]","[]","[]","[]","[]","[]","[]","[]",0,"[1933.22]",23251.1,"[10928.1,5307.27,3692.33]","[]","[5401.25]","[]"
720,284500,5822149,361105,-8430.63,8579.63,1.65196e+11,1.32095,1,0.993926,1,1,0.985917,0.875311,1,0,1,0,1,"[0]","[1]","[180577]","[-0.380297]","[2.69013]","[193793]","[0.00574493]","[-1]","[13]","[1]","[0]","[-786.661]","[-0.00836661]","[1.97751]",64029.9,2.09145,3,"[328372,75444,28025.6]","[0.101568,1.7198,-1.09249]","[-0.48501,3.00346,2.59342]","[330964,217835,46935.3]","[0.996339,0.990539,0.899549]","[4,0,0]","[0,0,0]","[0.794091,-0.947,-0.905205]",0,"[]","[]","[]","[]","[]","[]","[]","[]","[]","[]",1,"[335703]","[0.136506]","[-0.485059]","[340267]","[31173.4]","[0]","[2.77678]","[0.573775]",0,"[]","[]","[]","[]","[]","[]","[]","[]","[]","[]",0,"[6906.14]",6162.96,"[4002.22,4739.6,6799.72]","[]","[13788.4]","[]"
721,284500,4682968,361105,8438.42,8579.63,1.65196e+11,1.08735,1,0.997345,1,1,0.996873,0.946696,1,0,1,0,1,"[0]","[1]","[130440]","[-0.336062]","[0.139655]","[137876]","[0.0238075]","[-1]","[13]","[1]","[0]","[-174.096]","[0.125637]","[13.867]",247311,0.041078,4,"[354110,96500.7,62253.8,20385.3]","[-0.319707,1.15374,-2.31269,-2.07546]","[-2.96675,2.17142,-0.249318,-2.65197]","[372798,168793,317811,82653.7]","[0.99,0.998954,0.996722,0.769895]","[0,0,0,0]","[0,0,0,0]","[-0.867484,-0.914701,-0.117827,-0.480236]",0,"[]","[]","[]","[]","[]","[]","[]","[]","[]","[]",1,"[354080]","[-0.306917]","[-2.96104]","[371260]","[16598.4]","[0]","[2.87629]","[0.607472]",0,"[]","[]","[]","[]","[]","[]","[]","[]","[]","[]",0,"[3868.93]",6524.72,"[6526.28,3189.44,6187.27,3949.33]","[]","[1838.44]","[]"
722,284500,5829790,361105,8435.2,8579.63,1.65196e+11,0.934886,1,1.00301,1,1,0.982255,1.12081,1,0,1,0,1,"[0]","[1]","[55090.8]","[-0.966071]","[-2.97388]","[82861.4]","[-0.311804]","[-1]","[13]","[1]","[0]","[-684.192]","[0.114822]","[16.3036]",287460,-2.64652,2,"[263147,74761.2]","[-0.387297,-0.764046]","[0.252424,0.764586]","[284288,98698.1]","[1,0.98133]","[0,4]","[0,0]","[-0.971165,-0.421223]",0,"[]","[]","[]","[]","[]","[]","[]","[]","[]","[]",1,"[303541]","[-0.488425]","[0.363957]","[349067]","[76980.1]","[0]","[1.42215]","[0.753234]",0,"[]","[]","[]","[]","[]","[]","[]","[]","[]","[]",0,"[422.785]",1708.28,"[2907.08,1455.36]","[]","[13309.2]","[]"
723,284500,9919053,361105,8433.64,8579.63,1.65196e+11,0.596562,0.94272,1,1,1,0.996788,0.94155,1,1,0,0,1,"[0]","[1]","[39712.3]","[1.32613]","[0.99865]","[80058.6]","[0.0146165]","[-1]","[11]","[1]","[0]","[1199.04]","[0.0393072]","[4.487]",263152,1.20574,4,"[395312,280790,57389.7,30823.5]","[0.766374,2.48974,-0.186435,-1.31391]","[-2.81431,-0.679329,1.26665,-0.929204]","[517807,1.70536e+06,58778.4,61691.2]","[1,0.977496,1,0.956191]","[0,0,0,0]","[0,0,0,0]","[-0.669701,-0.536228,-0.555705,0.101458]",0,"[]","[]","[]","[]","[]","[]","[]","[]","[]","[]",1,"[408694]","[0.773995]","[-2.81585]","[537899]","[24371.1]","[0]","[1.20934]","[0.113523]",0,"[]","[]","[]","[]","[]","[]","[]","[]","[]","[]",0,"[264.879]",6730.16,"[10549.7,6312.61,2430.17,2007.2]","[]","[8002]","[]"
724,284500,5855131,361105,8433.23,8579.63,1.65196e+11,0.596562,0.95684,1,1,1,0.985806,0.96497,1,1,0,0,1,"[0]","[1]","[33969.9]","[-0.958988]","[0.512487]","[50824.7]","[0.00974274]","[-1]","[11]","[1]","[2158.02]","[1615.94]","[0.0238342]","[1.97942]",112907,0.479012,4,"[271277,113056,23773.4,20253]","[-0.123019,-1.53326,1.19346,0.0836932]","[-2.43564,0.622921,1.76603,2.39545]","[274532,274895,43070,20540.5]","[0.998677,0.999885,0.990875,0.827054]","[4,0,0,0]","[0,0,0,0]","[0.405734,-0.872698,-0.535674,-0.621234]",0,"[]","[]","[]","[]","[]","[]","[]","[]","[]","[]",1,"[261137]","[-0.116382]","[-2.42636]","[264311]","[27203.8]","[0]","[2.08609]","[0.564369]",0,"[]","[]","[]","[]","[]","[]","[]","[]","[]","[]",0,"[95.5068]",12370.1,"[4234.75,9972.54,1734.61,2045.25]","[]","[0]","[]"
725,284500,10050649,361105,8436.34,8579.63,1.65196e+11,0.934886,1,0.969083,1,1,0.999437,1.0149,1,0,1,0,1,"[0]","[1]","[44017.5]","[-1.8002]","[1.19192]","[136810]","[0.0684776]","[-1]","[13]","[1]","[0]","[-184.318]","[0.041345]","[5.15383]",270134,0.941275,1,"[245809]","[0.437329]","[-2.18792]","[272613]","[0.999909]","[0]","[0]","[-0.851561]",0,"[]","[]","[]","[]","[]","[]","[]","[]","[]","[]",1,"[316210]","[0.580632]","[-2.14239]","[381660]","[89463.6]","[0]","[1.3058]","[0.685154]",0,"[]","[]","[]","[]","[]","[]","[]","[]","[]","[]",0,"[60.6365]",2881.03,"[3393.78]","[]","[3429]","[]"
726,284500,5834565,361105,8428.52,8579.63,1.65196e+11,0.506784,0.96323,1,1,1,0.998672,1.00493,1,1,0,0,1,"[0]","[1]","[152141]","[-1.33312]","[-2.87978]","[308579]","[-0.130257]","[-1]","[11]","[1]","[0]","[2869.17]","[0.0588255]","[2.65248]",91933.4,3.13472,2,"[253597,47877.9]","[-1.28023,1.68647]","[-0.00688979,2.33535]","[491691,133880]","[0.996563,0.99]","[0,0]","[0,0]","[-0.700904,-0.636547]",0,"[]","[]","[]","[]","[]","[]","[]","[]","[]","[]",1,"[258727]","[-1.24957]","[0.0188634]","[489403]","[31219.2]","[0]","[2.27065]","[0.616282]",0,"[]","[]","[]","[]","[]","[]","[]","[]","[]","[]",0,"[1566.29]",21295,"[4386.21,3324.54]","[]","[2219.38]","[]"
727,284500,10109933,361105,8430.54,8579.63,1.65196e+11,0.596562,0.97209,1,1,1,0.986822,0.99756,1,1,0,0,1,"[0]","[1]","[60339.6]","[0.0754728]","[0.847336]","[60511.5]","[-0.0429678]","[-1]","[11]","[1]","[0]","[1057.65]","[0.0599891]","[8.14065]",348193,0.965411,1,"[281227]","[-0.00583524]","[-1.73331]","[282492]","[0.999945]","[4]","[0]","[-0.656422]",0,"[]","[]","[]","[]","[]","[]","[]","[]","[]","[]",1,"[274111]","[-0.00343947]","[-1.72818]","[275423]","[26836.5]","[0]","[1.75612]","[0.677421]",0,"[]","[]","[]","[]","[]","[]","[]","[]","[]","[]",0,"[485.077]",6056.5,"[5687.34]","[]","[11424.3]","[]"
728,284500,10112162,361105,8436.62,8579.63,1.65196e+11,1.08735,1,1.00098,1,1,0.997597,0.975431,1,0,1,0,1,"[0]","[1]","[217763]","[-1.41593]","[-2.36006]","[475052]","[0.00607681]","[-1]","[13]","[1]","[0]","[-499.831]","[0.0931366]","[14.9015]",142685,-2.29932,3,"[192548,190818,39144.6]","[-1.55068,-1.03592,-1.78249]","[1.19407,0.709078,-0.961897]","[474651,303302,119680]","[0.996275,1,0.984774]","[0,0,0]","[0,0,0]","[-0.895503,-0.495182,-0.886645]",0,"[]","[]","[]","[]","[]","[]","[]","[]","[]","[]",1,"[379436]","[-1.38406]","[0.968967]","[818245]","[148177]","[0]","[0.747075]","[0.769882]",0,"[]","[]","[]","[]","[]","[]","[]","[]","[]","[]",0,"[8586.87]",3697,"[4575.74,2763.29,2144.54]","[]","[21538.1]","[]"
729,284500,5970935,361105,8432.13,8579.63,1.65196e+11,0.00220911,1,0.975164,1,1,0.998813,0.823059,1,0,1,0,1,"[0]","[1]","[136513]","[0.0942682]","[-2.35143]","[137120]","[0.0660419]","[-1]","[13]","[1]","[0]","[-69.6835]","[-0.024233]","[4.24414]",293799,-2.59347,1,"[423303]","[-0.612898]","[0.639283]","[505940]","[0.99533]","[0]","[0]","[-0.882254]",0,"[]","[]","[]","[]","[]","[]","[]","[]","[]","[]",1,"[409479]","[-0.602522]","[0.642833]","[487056]","[30789.4]","[0]","[2.1016]","[0.559216]",0,"[]","[]","[]","[]","[]","[]","[]","[]","[]","[]",0,"[14730.7]",6374.31,"[7978.52]","[]","[28914.2]","[]"
730,284500,8818291,361105,8439.07,8579.63,1.65196e+11,0.402058,0.96654,1,1,1,0.975914,1,1,1,0,0,1,"[0]","[1]","[61682.4]","[2.24531]","[-0.75161]","[294509]","[-0.0447884]","[-1]","[11]","[0]","[0]","[447.302]","[-0.0654143]","[5.00738]",222195,-1.11666,3,"[314247,249459,23425.7]","[1.33188,-0.280935,0.00877879]","[1.32327,-2.71401,1.39305]","[636942,261116,23634.1]","[1,0.989285,1]","[4,4,0]","[0,0,0]","[-0.594731,-0.817058,-0.889432]",0,"[]","[]","[]","[]","[]","[]","[]","[]","[]","[]",1,"[317323]","[1.34206]","[1.32438]","[648829]","[15489.1]","[0]","[3.37128]","[0.464602]",0,"[]","[]","[]","[]","[]","[]","[]","[]","[]","[]",0,"[366.268]",2677.69,"[3471.96,4243.14,3586.85]","[]","[2734.59]","[]"
731,284500,10552035,361105,8439.29,8579.63,1.65196e+11,1.1961,0.96709,1,1,1,0.986649,1.00936,1,1,0,0,1,"[0]","[1]","[82288]","[0.125304]","[-0.533017]","[82934.8]","[-0.0635452]","[-1]","[11]","[1]","[0]","[-542.595]","[-0.0219488]","[2.82218]",183976,-0.65025,2,"[251136,20086.1]","[-0.188565,-0.579202]","[2.46074,-2.91828]","[256189,23892.4]","[0.985361,0.81994]","[4,0]","[0,0]","[-0.964373,-0.641047]",0,"[]","[]","[]","[]","[]","[]","[]","[]","[]","[]",1,"[250805]","[-0.227033]","[2.45969]","[257822]","[16441.8]","[0]","[4.37333]","[0.463255]",0,"[]","[]","[]","[]","[]","[]","[]","[]","[]","[]",0,"[470.438]",12638.4,"[3054.69,1121.94]","[]","[21068.6]","[]"
732,284500,10617412,361105,8439.22,8579.63,1.65196e+11,1.55465,1,0.99092,1,1,0.998933,0.906895,1,0,1,0,1,"[0]","[1]","[87724.8]","[0.341384]","[2.35247]","[92886.6]","[0.0191936]","[-1]","[13]","[1]","[0]","[33.0329]","[0.015242]","[3.33321]",181511,2.25969,3,"[281521,53040.6,38466.8]","[0.25171,1.69798,-0.235107]","[-0.737339,2.98302,-0.757816]","[291401,149940,39890.6]","[1,0.995616,0.995244]","[0,0,0]","[0,0,0]","[-0.880312,-0.76482,-0.914504]",0,"[]","[]","[]","[]","[]","[]","[]","[]","[]","[]",1,"[300054]","[0.202895]","[-0.73503]","[309842]","[47032.1]","[0]","[1.11462]","[0.417174]",0,"[]","[]","[]","[]","[]","[]","[]","[]","[]","[]",0,"[785.615]",1380.59,"[2954.79,2263.37,2080.83]","[]","[12801.4]","[]"
733,284500,10644311,361105,8430.79,8579.63,1.65196e+11,0.934886,0.98089,1,1,1,0.998895,0.99866,1,1,0,0,1,"[0]","[1]","[157955]","[-1.01204]","[-1.02685]","[245990]","[0.0403366]","[-1]","[11]","[1]","[0]","[-916.818]","[-0.00286784]","[0.37415]",277068,-1.15294,2,"[413721,59726.4]","[0.433368,0.354203]","[2.18115,2.67378]","[454201,64057.3]","[0.997644,0.98737]","[0,0]","[0,0]","[-0.928489,-0.915891]",0,"[]","[]","[]","[]","[]","[]","[]","[]","[]","[]",1,"[441610]","[0.422509]","[2.21674]","[486192]","[66547.7]","[0]","[2.29869]","[0.523652]",0,"[]","[]","[]","[]","[]","[]","[]","[]","[]","[]",0,"[1431.95]",393.625,"[6202.77,7331.55]","[]","[27811.6]","[]"
734,284500,10133521,361105,8432.79,8579.63,1.65196e+11,0.402058,0.97166,1,1,1,0.999104,1.0005,1,1,0,0,1,"[0]","[1]","[144295]","[2.21802]","[-0.952491]","[670823]","[0.0249074]","[-1]","[11]","[1]","[0]","[-99.445]","[0.000457077]","[0.0420873]",127088,-1.05757,1,"[309120]","[1.39894]","[2.31384]","[664386]","[0.999978]","[0]","[0]","[-0.80556]",0,"[]","[]","[]","[]","[]","[]","[]","[]","[]","[]",1,"[319001]","[1.40132]","[2.31756]","[687042]","[11689.4]","[0]","[2.50841]","[0.428947]",0,"[]","[]","[]","[]","[]","[]","[]","[]","[]","[]",0,"[1986.04]",1229.67,"[4314.95]","[]","[13769.4]","[]"
735,284500,10460886,361105,8429.19,8579.63,1.65196e+11,1.25133,1,0.990812,1,1,0.999399,0.890319,1,0,1,0,1,"[0]","[1]","[39033.4]","[0.763086]","[-1.279]","[50960.4]","[-0.155375]","[-1]","[13]","[1]","[0]","[-466.309]","[0.0591446]","[7.22637]",231068,-1.31696,1,"[269783]","[1.08606]","[1.85449]","[445684]","[0.999569]","[0]","[0]","[-0.92553]",0,"[]","[]","[]","[]","[]","[]","[]","[]","[]","[]",1,"[271899]","[1.0908]","[1.8455]","[451109]","[26207.7]","[0]","[4.06283]","[0.583173]",0,"[]","[]","[]","[]","[]","[]","[]","[]","[]","[]",0,"[46.2499]",6784.83,"[7743.64]","[]","[4644.47]","[]"
736,284500,10368077,361105,8432.6,8579.63,1.65196e+11,0.596562,0.97097,1,1,1,0.99938,0.99737,1,1,0,0,1,"[0]","[1]","[35321.1]","[0.212815]","[-2.24975]","[36124]","[0.0657234]","[-1]","[11]","[1]","[0]","[-314.28]","[0.0338767]","[3.45175]",222761,-2.82065,1,"[300641]","[-0.200812]","[0.475381]","[306858]","[0.994965]","[0]","[0]","[-0.701053]",0,"[]","[]","[]","[]","[]","[]","[]","[]","[]","[]",1,"[309162]","[-0.232369]","[0.474543]","[317855]","[13991.7]","[0]","[0.928549]","[-1]",0,"[]","[]","[]","[]","[]","[]","[]","[]","[]","[]",0,"[78.2177]",8687.38,"[5904.34]","[]","[13366.7]","[]"
737,284500,10569790,361105,8433.25,8579.63,1.65196e+11,1.08735,1,1.00077,1,1,0.997956,1.0239,1,0,1,0,1,"[0]","[1]","[57470]","[1.47459]","[-0.125229]","[132127]","[-0.240746]","[-1]","[13]","[1]","[0]","[290.274]","[0.0475824]","[5.82667]",185678,-0.454049,4,"[345769,85946,45597.7,34988.3]","[0.934185,-0.121794,-2.41168,0.918809]","[3.02138,-0.188142,0.721857,1.53208]","[509931,86968.8,256378,51067.2]","[0.990754,0.99216,0.997673,0.866605]","[0,0,0,0]","[0,0,0,0]","[-0.927515,-0.774206,-0.917673,-0.572662]",0,"[]","[]","[]","[]","[]","[]","[]","[]","[]","[]",1,"[379591]","[0.902782]","[3.02448]","[546795]","[43373.5]","[0]","[1.29764]","[0.805439]",0,"[]","[]","[]","[]","[]","[]","[]","[]","[]","[]",0,"[517.5]",1105.52,"[10878.5,9881.17,2849.41,2178.53]","[]","[2338.34]","[]"
738,284500,10700193,361105,8434.02,8579.63,1.65196e+11,0.934886,0.97994,1,1,1,0.998922,1.00632,1,1,0,0,1,"[0]","[1]","[160375]","[0.298409]","[-0.83051]","[167568]","[0.148636]","[-1]","[11]","[1]","[0]","[2117.43]","[-0.043934]","[5.30933]",134214,-0.978255,3,"[215925,63520.8,26558]","[0.516207,1.09327,0.748403]","[2.38227,2.09409,1.07107]","[246884,105798,34686.7]","[1,0.980924,0.960591]","[0,0,0]","[0,0,0]","[-0.976721,-0.808886,0.0643297]",0,"[]","[]","[]","[]","[]","[]","[]","[]","[]","[]",1,"[252281]","[0.707484]","[2.31869]","[326977]","[75687.2]","[0]","[1.35621]","[0.78536]",0,"[]","[]","[]","[]","[]","[]","[]","[]","[]","[]",0,"[1466.57]",5972.76,"[7978.82,2256.5,4232.38]","[]","[3786.69]","[]"
739,284500,10703897,361105,8436.14,8579.63,1.65196e+11,0.402058,0.97332,1,1,1,0.988565,0.98683,1,1,0,0,1,"[0]","[1]","[63554.6]","[-1.06576]","[-0.610117]","[103197]","[-0.0245724]","[-1]","[11]","[1]","[0]","[-453.584]","[-0.0204314]","[1.75934]",209004,-0.69729,2,"[287131,43760.4]","[-0.906677,0.200948]","[2.622,0.932662]","[413820,44977.9]","[0.997603,0.985088]","[4,0]","[0,0]","[-0.912487,-0.900898]",0,"[]","[]","[]","[]","[]","[]","[]","[]","[]","[]",1,"[280456]","[-0.898578]","[2.61525]","[401679]","[11704.7]","[0]","[3.85377]","[0.591443]",0,"[]","[]","[]","[]","[]","[]","[]","[]","[]","[]",0,"[607.021]",5006.14,"[5948.53,2164.25]","[]","[14094.2]","[]"
740,284500,9349471,361105,8430.77,8579.63,1.65196e+11,1.08735,0.99242,1,1,1,0.999096,0.99765,1,1,0,0,1,"[0]","[1]","[345892]","[0.683527]","[-2.06715]","[429889]","[-0.144875]","[-1]","[11]","[1]","[0]","[3846.17]","[-0.0328117]","[2.49025]",129626,-1.92957,1,"[359469]","[-0.685079]","[1.11271]","[449912]","[1]","[0]","[0]","[-0.825136]",0,"[]","[]","[]","[]","[]","[]","[]","[]","[]","[]",2,"[448539,376386]","[-0.626505,0.655431]","[1.10494,-2.06499]","[547537,460167]","[93562,-0.00390625]","[0,0]","[1.19005,0]","[0.495316,-1]",0,"[]","[]","[]","[]","[]","[]","[]","[]","[]","[]",0,"[2707.36]",6180.05,"[5712.9]","[]","[15583.4,3751.03]","[]"
741,284500,9639628,361105,8433.07,8579.63,1.65196e+11,0.402058,0.97388,1,1,1,0.999452,0.98854,1,1,0,0,1,"[0]","[1]","[43271.7]","[-0.295584]","[-0.241233]","[45175.9]","[0.0241852]","[-1]","[11]","[1]","[0]","[42.938]","[-0.0590912]","[5.99366]",231921,-0.169625,1,"[268830]","[0.303108]","[2.96626]","[281733]","[0.983013]","[0]","[0]","[-0.897706]",0,"[]","[]","[]","[]","[]","[]","[]","[]","[]","[]",1,"[267568]","[0.33796]","[2.96656]","[283243]","[11864.8]","[0]","[1.33301]","[0.0535596]",0,"[]","[]","[]","[]","[]","[]","[]","[]","[]","[]",0,"[47.889]",21570,"[3035.35]","[]","[631.438]","[]"
742,284500,9702972,361105,8435.31,8579.63,1.65196e+11,0.596562,1,0.99908,1,1,1.00805,0.958669,1,0,1,0,1,"[0]","[1]","[36169.6]","[-0.821883]","[-3.0606]","[49089.1]","[0.0607224]","[-1]","[13]","[1]","[1537.54]","[2089.5]","[0.0110743]","[1.49248]",268788,-2.50122,2,"[294436,24972.9]","[-0.115635,-0.320394]","[0.515655,-0.343382]","[296857,26730]","[0.976169,0.976224]","[0,4]","[0,0]","[-0.112169,-0.449479]",0,"[]","[]","[]","[]","[]","[]","[]","[]","[]","[]",1,"[285537]","[-0.0748538]","[0.517182]","[287434]","[25080.5]","[0]","[2.18072]","[0.501161]",0,"[]","[]","[]","[]","[]","[]","[]","[]","[]","[]",0,"[95.021]",7454.47,"[5037.28,4920.04]","[]","[16437.9]","[]"
743,284500,9348003,361105,8433.67,8579.63,1.65196e+11,0.934886,0.99941,1,1,1,0.989037,0.92551,1,1,0,0,1,"[0]","[1]","[211809]","[-2.38905]","[-1.76766]","[1.16441e+06]","[-0.0679884]","[-1]","[11]","[1]","[0]","[3041.84]","[0.0562354]","[5.45058]",230129,-2.03317,5,"[232257,142917,95368.6,47159.6,26371.6]","[-0.594389,0.0178323,-1.88506,-0.379322,0.434004]","[1.26499,1.23576,0.9216,1.7266,1.72141]","[275991,143767,321700,51422.3,28966.9]","[1,0.999929,1,0.994021,1]","[0,0,0,4,0]","[0,0,0,0,0]","[-0.768608,-0.934158,-0.808166,-0.00939133,0.691598]",0,"[]","[]","[]","[]","[]","[]","[]","[]","[]","[]",1,"[350947]","[-0.399215]","[1.27208]","[399903]","[126744]","[0]","[0.99823]","[0.598117]",0,"[]","[]","[]","[]","[]","[]","[]","[]","[]","[]",0,"[2439.76]",9680.69,"[4050.76,2002.39,2601.53,5760.54,2731.13]","[]","[43383.9]","[]"
744,284500,9306789,361105,8437.32,8579.63,1.65196e+11,0.934886,1,0.995968,1,1,0.998205,0.97072,1,0,1,0,1,"[0]","[1]","[65117]","[0.46594]","[3.0916]","[72314.3]","[-0.565414]","[-1]","[13]","[1]","[0]","[1174.19]","[-0.44536]","[41.9324]",402572,2.98154,3,"[453199,64941.6,28033]","[0.741767,-0.499496,0.896288]","[-0.0791047,-1.67589,1.232]","[584118,74436.3,40739.3]","[0.999838,0.999854,0.955626]","[0,0,0]","[0,0,0]","[-0.935137,-0.296384,-0.353916]",0,"[]","[]","[]","[]","[]","[]","[]","[]","[]","[]",1,"[442043]","[0.768256]","[-0.0769528]","[579387]","[20121.3]","[0]","[2.81903]","[0.0653723]",0,"[]","[]","[]","[]","[]","[]","[]","[]","[]","[]",0,"[374.084]",803.875,"[5346.96,4320.45,7501.29]","[]","[29814.6]","[]"
745,284500,10516121,361105,8434.72,8579.63,1.65196e+11,0,0.97062,1,1,1,0.999203,0.98871,1,1,0,0,1,"[0]","[1]","[62783.1]","[-0.59103]","[2.66044]","[74071.6]","[-0.0887451]","[-1]","[11]","[1]","[0]","[3830.66]","[-0.0801901]","[10.0123]",194971,2.55585,1,"[259755]","[-1.26296]","[-0.532117]","[497129]","[0.992439]","[0]","[0]","[-0.819013]",0,"[]","[]","[]","[]","[]","[]","[]","[]","[]","[]",1,"[255388]","[-1.276]","[-0.538879]","[494287]","[34514.2]","[0]","[1.63933]","[0.803969]",0,"[]","[]","[]","[]","[]","[]","[]","[]","[]","[]",0,"[392.221]",3939.61,"[5777.29]","[]","[14452]","[]"
746,284500,5982149,361105,8430.9,8579.63,1.65196e+11,1.74563,0.96654,1,1,1,0.988016,0.9995,1,1,0,0,1,"[0]","[1]","[69098.4]","[2.33663]","[-0.523898]","[360795]","[-0.227827]","[-1]","[11]","[1]","[0]","[107.935]","[0.0611546]","[2.46621]",257687,-0.402423,1,"[327563]","[0.873076]","[2.70274]","[461396]","[0.997846]","[4]","[0]","[-0.132036]",0,"[]","[]","[]","[]","[]","[]","[]","[]","[]","[]",1,"[335714]","[0.868534]","[2.69595]","[471021]","[22134.4]","[0]","[1.83143]","[0.72293]",0,"[]","[]","[]","[]","[]","[]","[]","[]","[]","[]",0,"[324.735]",3580.2,"[5013.06]","[]","[24479.9]","[]"
747,284500,10432566,361105,8429.48,8579.63,1.65196e+11,1.55465,1,1,1,1,0.996226,1,1,1,0,0,1,"[0]","[1]","[192489]","[-0.379041]","[-2.68685]","[206483]","[-0.19253]","[-1]","[11]","[0]","[0]","[5373.59]","[-0.0192258]","[1.46243]",281942,-2.61887,6,"[416657,64628,35058,28090.5,24470.2,23415.9]","[0.163604,0.791099,0.999815,1.61638,-0.267094,0.993657]","[0.460247,1.03011,0.353225,0.65444,1.28146,-0.102726]","[423430,86661.2,54252.7,73550.6,25791.5,36156.9]","[0.990334,0.995362,0.994797,0.986152,0.598327,0.972769]","[0,0,0,0,0,0]","[0,0,0,0,0,0]","[-0.739878,-0.878959,-0.0891866,-0.0536995,-0.59344,-0.80009]",0,"[]","[]","[]","[]","[]","[]","[]","[]","[]","[]",2,"[449340,292646]","[0.232859,-0.380498]","[0.510081,-2.66833]","[479143,319471]","[128548,58403.2]","[0,1]","[2.47383,2.50473]","[0.717596,0.118102]",0,"[]","[]","[]","[]","[]","[]","[]","[]","[]","[]",0,"[1008.71]",15581,"[6574.95,2921.91,4052.03,3610.53,2225.23,282.42]","[]","[13982.3,12768]","[]"
748,284500,5997515,361105,8434.85,8579.63,1.65196e+11,1.55465,0.97921,1,1,1,0.997644,1.00192,1,1,0,0,1,"[0]","[1]","[68114.1]","[-0.157794]","[-0.224888]","[68963.9]","[0.149446]","[-1]","[11]","[1]","[0]","[260.215]","[-0.0891359]","[10.7951]",288120,-0.265204,2,"[351693,23411]","[0.836321,1.29844]","[2.85015,2.76773]","[482507,46252.1]","[0.99985,0.992779]","[0,0]","[0,0]","[-0.826688,-0.556896]",0,"[]","[]","[]","[]","[]","[]","[]","[]","[]","[]",1,"[335758]","[0.850866]","[2.85172]","[465232]","[19805.9]","[0]","[3.06483]","[0.467559]",0,"[]","[]","[]","[]","[]","[]","[]","[]","[]","[]",0,"[379.347]",22795.5,"[6693.48,3411.68]","[]","[1978.78]","[]"
749,284500,10439996,361105,8426.05,8579.63,1.65196e+11,0.402058,1,0.989155,1,1,0.997765,0.653812,1,0,1,0,1,"[0]","[1]","[87646]","[-0.0578951]","[-1.77856]","[87793]","[-0.0106659]","[-1]","[13]","[1]","[1288.04]","[369.343]","[0.137754]","[25.2445]",171109,-1.57977,5,"[424852,231883,104124,97841.8,54372.8]","[-1.24353,0.670037,-1.71582,-1.15941,0.941213]","[1.64381,0.098138,-2.28599,-2.21789,-2.64167]","[798798,286168,299021,172201,80607.1]","[0.998252,0.992828,0.995374,1,0.992185]","[0,0,0,0,0]","[0,0,0,0,0]","[-0.938486,-0.845298,0.426809,-0.942766,-0.756754]",0,"[]","[]","[]","[]","[]","[]","[]","[]","[]","[]",1,"[441711]","[-1.23693]","[1.64758]","[825874]","[38864.1]","[0]","[1.36564]","[0.47176]",0,"[]","[]","[]","[]","[]","[]","[]","[]","[]","[]",0,"[1908.39]",79.2031,"[12175,10210.2,3903.8,2870.3,3961.77]","[]","[11034]","[]"
750,284500,9704201,361105,8440.11,8579.63,1.65196e+11,0.596562,1,0.998301,1,1,0.998486,0.994377,1,0,1,0,1,"[0]","[1]","[29925.6]","[2.04121]","[-1.40341]","[117156]","[-0.043972]","[-1]","[13]","[1]","[0]","[-111.781]","[0.000280745]","[0.0278093]",86695.7,2.71072,2,"[254291,182343]","[-1.21129,0.966824]","[-0.635235,2.25237]","[465598,276828]","[-0.1,0.114317]","[0,0]","[0,0]","[-0.814163,-0.752025]",0,"[]","[]","[]","[]","[]","[]","[]","[]","[]","[]",1,"[260217]","[-1.20214]","[-0.630421]","[472796]","[27362.7]","[0]","[1.45377]","[0.793198]",0,"[]","[]","[]","[]","[]","[]","[]","[]","[]","[]",0,"[290.02]",5658.27,"[6100.23,2566.54]","[]","[166.844]","[]"
751,284500,9710360,361105,8435.19,8579.63,1.65196e+11,0.619412,1,0.997816,1,1,0.998972,0.962708,1,0,1,0,1,"[0]","[1]","[44290.3]","[-0.573246]","[-0.724235]","[51769]","[-0.0599976]","[-1]","[13]","[1]","[0]","[2201.66]","[0.0109594]","[1.65268]",209562,-0.893162,3,"[241039,59884.2,24554.5]","[0.0247091,0.946865,0.60849]","[2.08822,-2.65849,0.364569]","[241305,89107.7,29453.9]","[0.996008,0.998011,0.991576]","[0,0,0]","[0,0,0]","[-0.942193,-0.849394,-0.882394]",0,"[]","[]","[]","[]","[]","[]","[]","[]","[]","[]",1,"[258978]","[-0.0149135]","[2.07088]","[259779]","[20021.1]","[0]","[2.97572]","[0.558593]",0,"[]","[]","[]","[]","[]","[]","[]","[]","[]","[]",0,"[176.756]",5065.34,"[4948.91,4199.19,1902.52]","[]","[9126.44]","[]"
752,284500,10438521,361105,8436.75,8579.63,1.65196e+11,0.596562,0.96323,1,1,1,0.999123,1.00493,1,1,0,0,1,"[0]","[1]","[162939]","[-1.31803]","[2.16805]","[326181]","[-0.0457535]","[-1]","[11]","[1]","[0]","[108.459]","[0.00892645]","[1.09475]",193340,1.96768,2,"[338474,55873.5]","[-1.23042,-0.278091]","[-1.32929,-0.288752]","[628992,58454.7]","[0.99,0.998692]","[0,0]","[0,0]","[-0.91451,-0.886268]",0,"[]","[]","[]","[]","[]","[]","[]","[]","[]","[]",1,"[339382]","[-1.21619]","[-1.32605]","[623148]","[18318.8]","[0]","[2.57136]","[0.613176]",0,"[]","[]","[]","[]","[]","[]","[]","[]","[]","[]",0,"[1991.96]",4698.44,"[8273.47,5254.57]","[]","[27919.2]","[]"
753,284500,10222519,361105,8431.66,8579.63,1.65196e+11,0.934886,0.98697,1,1,1,0.998516,1.00582,1,1,0,0,1,"[0]","[1]","[311244]","[-0.252586]","[1.97467]","[321226]","[-0.169834]","[-1]","[11]","[1]","[0]","[-390.659]","[-0.00112543]","[0.143412]",104904,2.01293,2,"[399327,27268.9]","[-0.172219,0.594216]","[-1.11837,-1.77074]","[405810,32467.4]","[0.897199,0.98]","[0,0]","[0,0]","[-0.906286,-0.792461]",0,"[]","[]","[]","[]","[]","[]","[]","[]","[]","[]",2,"[397294,321079]","[-0.156755,-0.237997]","[-1.11962,1.98118]","[403400,330219]","[31282.1,1730.23]","[0,1]","[4.35799,0]","[0.644742,-1]",0,"[]","[]","[]","[]","[]","[]","[]","[]","[]","[]",0,"[1794.67]",9585.81,"[9768.21,2099.25]","[]","[27952.8,7513.19]","[]"
754,284500,5988490,361105,8433.79,8579.63,1.65196e+11,0.0132185,0.98428,1,1,1,0.862382,1.00121,1,1,0,0,1,"[0]","[1]","[191596]","[-1.90806]","[-2.83202]","[659893]","[0.161327]","[-1]","[11]","[1]","[0]","[-97.3984]","[-0.0252803]","[1.87213]",70916.2,-3.05462,5,"[227899,41790.7,27833.8,23148.5,20855.3]","[-0.456738,-0.482537,2.35311,-1.43648,0.0255368]","[-0.070164,0.359373,2.2495,1.20538,-1.73702]","[255397,46890.1,147788,51515.5,21163.1]","[1,0.99,0.987575,0.961857,0.847897]","[0,0,0,4,4]","[0,0,0,0,0]","[-0.894648,-0.92737,-0.884876,-0.767169,0.941593]",0,"[]","[]","[]","[]","[]","[]","[]","[]","[]","[]",1,"[263178]","[-0.479406]","[-0.0117189]","[301867]","[68445.7]","[0]","[1.30678]","[0.610336]",0,"[]","[]","[]","[]","[]","[]","[]","[]","[]","[]",0,"[1366.38]",4622.81,"[2828.25,2555.3,4936.61,2333.44,943.365]","[]","[3941.53]","[]"
755,284500,10459291,361105,8437.99,8579.63,1.65196e+11,0,0.97553,1,1,1,0.999048,1.01265,1,1,0,0,1,"[0]","[1]","[88763.9]","[1.73509]","[-1.48204]","[259449]","[-0.0353726]","[-1]","[11]","[1]","[0]","[-166.897]","[0.124837]","[2.30697]",272164,-1.58827,1,"[373155]","[0.469005]","[1.54167]","[415426]","[1]","[0]","[0]","[-0.940729]",0,"[]","[]","[]","[]","[]","[]","[]","[]","[]","[]",1,"[366352]","[0.467939]","[1.54047]","[407808]","[22277.2]","[0]","[3.69378]","[0.313674]",0,"[]","[]","[]","[]","[]","[]","[]","[]","[]","[]",0,"[979.107]",2017.5,"[4244.38]","[]","[21623.4]","[]"
756,284500,10736222,361105,8432.42,8579.63,1.65196e+11,1.08735,0.99242,1,1,1,0.998658,0.99765,1,1,0,0,1,"[0]","[1]","[171539]","[0.723584]","[1.34564]","[218439]","[0.0414276]","[-1]","[11]","[1]","[1158.2]","[-541.562]","[-0.0131954]","[2.08965]",228077,1.46923,1,"[408888]","[1.30605]","[-1.68649]","[810466]","[0.993215]","[0]","[0]","[-0.788362]",0,"[]","[]","[]","[]","[]","[]","[]","[]","[]","[]",1,"[431821]","[1.27847]","[-1.68654]","[835657]","[16930.3]","[0]","[2.54016]","[0.256007]",0,"[]","[]","[]","[]","[]","[]","[]","[]","[]","[]",0,"[954.28]",7803.69,"[5501.63]","[]","[24436.3]","[]"
757,284500,10642007,361105,8434.45,8579.63,1.65196e+11,1.74563,0.98428,1,1,1,0.998699,1.00121,1,1,0,0,1,"[0]","[1]","[272943]","[-1.967]","[1.01016]","[994753]","[0.0665112]","[-1]","[11]","[1]","[0]","[675.643]","[-0.0208113]","[3.51622]",54262.9,0.741432,3,"[258399,33943.6,21054.6]","[-0.256687,-1.0666,0.375428]","[-2.38765,-0.68337,-2.6081]","[267974,55364.8,22942.1]","[0.994267,0.9976,1]","[0,0,0]","[0,0,0]","[-0.918024,-0.948619,0.124628]",0,"[]","[]","[]","[]","[]","[]","[]","[]","[]","[]",2,"[297883,287480]","[-1.97259,-0.266184]","[1.01242,-2.29484]","[1.09151e+06,303349]","[3367.17,58141.9]","[1,0]","[26.0729,1.34627]","[-1,0.595357]",0,"[]","[]","[]","[]","[]","[]","[]","[]","[]","[]",0,"[2358.83]",3494.61,"[2876.34,2105.38,1167.08]","[]","[18367.5,8228.38]","[]"
758,284500,415228,361105,8439.46,8579.63,1.65196e+11,0.596562,0.98916,1,1,1,1.10674,0.99765,1,1,0,0,1,"[0]","[1]","[82737.1]","[0.690032]","[-2.0724]","[103229]","[0.0875931]","[-1]","[11]","[1]","[0]","[1844]","[-0.0542758]","[5.85705]",222249,-2.12696,1,"[310246]","[0.0784658]","[1.14586]","[313252]","[1]","[4]","[0]","[0.940154]",0,"[]","[]","[]","[]","[]","[]","[]","[]","[]","[]",1,"[319534]","[0.074155]","[1.1436]","[321824]","[30107.3]","[0]","[1.61536]","[0.64165]",0,"[]","[]","[]","[]","[]","[]","[]","[]","[]","[]",0,"[256.161]",2276.98,"[3795.67]","[]","[35065.3]","[]"
759,284500,9874902,361105,8439.35,8579.63,1.65196e+11,1.32095,0.98697,1,1,1,0.998394,1.00582,1,1,0,0,1,"[0]","[1]","[337804]","[-0.264141]","[-2.69037]","[349657]","[0.0275192]","[-1]","[11]","[1]","[0]","[4325.17]","[0.0502505]","[8.05088]",189390,-2.8236,4,"[412164,80004.1,75298.8,31168.7]","[0.0177011,0.116696,1.90332,1.12376]","[0.381146,0.944265,-0.170254,-2.74329]","[412643,81322.9,258484,53323.3]","[0.995013,0.987997,0.999587,0.985435]","[0,0,0,0]","[0,0,0,0]","[-0.783191,-0.904596,-0.660678,0.491784]",0,"[]","[]","[]","[]","[]","[]","[]","[]","[]","[]",2,"[487609,355752]","[0.0379239,-0.255075]","[0.449684,-2.69078]","[497232,367388]","[95576.5,-0.00138107]","[0,1]","[1.47172,0]","[0.668281,-1]",0,"[]","[]","[]","[]","[]","[]","[]","[]","[]","[]",0,"[2943.72]",8957.05,"[5166.79,3065.39,3362.5,2739.09]","[]","[12330,17394.5]","[]"
760,284500,10131768,361105,8433.83,8579.63,1.65196e+11,0,0.97245,1,1,1,0.999466,0.99544,1,1,0,0,1,"[0]","[1]","[145035]","[1.20131]","[2.3947]","[262895]","[-0.0301819]","[-1]","[11]","[1]","[0]","[2378.44]","[0.0217073]","[2.07562]",127656,2.62535,1,"[272696]","[-0.366391]","[-0.638017]","[294693]","[0.99466]","[0]","[0]","[-0.685034]",0,"[]","[]","[]","[]","[]","[]","[]","[]","[]","[]",1,"[282444]","[-0.33033]","[-0.628143]","[302241]","[50487.9]","[0]","[1.49008]","[0.719477]",0,"[]","[]","[]","[]","[]","[]","[]","[]","[]","[]",0,"[2560.61]",5668.23,"[6425.3]","[]","[5463.81]","[]"
761,284500,428808,361105,8428.64,8579.63,1.65196e+11,0.596562,0.96484,1,1,1,0.997443,0.96343,1,1,0,0,1,"[0]","[1]","[39977.2]","[0.97948]","[0.221]","[60736.9]","[0.129913]","[-1]","[11]","[1]","[1367.08]","[1058.82]","[-0.0651458]","[4.21845]",276613,-0.0264316,2,"[349850,25200.5]","[0.801057,1.62191]","[-3.13898,-0.119967]","[470363,66346.1]","[0.99786,1]","[0,0]","[0,0]","[-0.687671,0.0904314]",0,"[]","[]","[]","[]","[]","[]","[]","[]","[]","[]",1,"[344901]","[0.824154]","[3.13958]","[471058]","[45905.7]","[0]","[1.46466]","[0.686684]",0,"[]","[]","[]","[]","[]","[]","[]","[]","[]","[]",0,"[180.332]",10140.5,"[6948.33,2609.6]","[]","[776.75]","[]"
762,284500,9838643,361105,8432.24,8579.63,1.65196e+11,0.596562,1,0.991763,1,1,0.998833,0.9309,1,0,1,0,1,"[0]","[1]","[74918.1]","[0.920386]","[1.13339]","[108954]","[0.0279694]","[-1]","[13]","[0]","[0]","[-743.018]","[0.0320709]","[5.21887]",213816,0.713834,2,"[255992,124566]","[0.346873,1.19216]","[-2.78876,-1.31418]","[272340,224591]","[1,0.997067]","[0,0]","[0,0]","[-0.943581,-0.545032]",0,"[]","[]","[]","[]","[]","[]","[]","[]","[]","[]",1,"[253337]","[0.329361]","[-2.78862]","[267852]","[18656.2]","[0]","[0.863501]","[0.280675]",0,"[]","[]","[]","[]","[]","[]","[]","[]","[]","[]",0,"[1743.86]",2522.91,"[5318.15,4571.88]","[]","[12453.7]","[]"
763,284500,9873391,361105,8437.66,8579.63,1.65196e+11,0.00133961,0.97332,1,1,1,0.998102,0.98683,1,1,0,0,1,"[0]","[1]","[62107.5]","[-0.832622]","[-2.74468]","[84908.6]","[-0.0299377]","[-1]","[11]","[1]","[0]","[3876.84]","[0.0224634]","[1.40661]",162393,2.94429,3,"[257184,125160,45729.1]","[1.20763,1.05889,1.45608]","[-0.322627,2.11106,-0.850141]","[469230,202649,103606]","[0.990991,1,0.99265]","[0,0,0]","[0,0,0]","[-0.894911,-0.826475,-0.76414]",0,"[]","[]","[]","[]","[]","[]","[]","[]","[]","[]",1,"[264852]","[1.24538]","[-0.359407]","[500999]","[52902.7]","[0]","[2.51378]","[0.635898]",0,"[]","[]","[]","[]","[]","[]","[]","[]","[]","[]",0,"[105.257]",4119.98,"[4559.66,4524.7,2916.1]","[]","[3448.64]","[]"
764,284500,10841246,361105,8433.05,8579.63,1.65196e+11,1.08735,1,0.997386,1,1,0.999434,0.964071,1,0,1,0,1,"[0]","[1]","[84773.4]","[0.416514]","[1.46883]","[92233.8]","[-0.0482635]","[-1]","[13]","[1]","[0]","[802.462]","[-0.054119]","[9.3627]",175642,1.24899,1,"[268704]","[0.904614]","[-1.82305]","[387001]","[0.987243]","[0]","[0]","[-0.913067]",0,"[]","[]","[]","[]","[]","[]","[]","[]","[]","[]",1,"[259470]","[0.931827]","[-1.82609]","[381092]","[21037.9]","[0]","[2.69054]","[0.801403]",0,"[]","[]","[]","[]","[]","[]","[]","[]","[]","[]",0,"[2953.37]",1807.94,"[3766.97]","[]","[24017.5]","[]"
765,284500,10800533,361105,8435.61,8579.63,1.65196e+11,1.74563,1,0.997881,1,1,0.998917,0.991244,1,0,1,0,1,"[0]","[1]","[109139]","[-1.43722]","[-0.447902]","[242646]","[-0.0313749]","[-1]","[13]","[1]","[0]","[-278.818]","[0.0190814]","[3.52301]",186603,-0.30238,3,"[310377,82726.4,27131.8]","[0.0612533,-0.635268,-0.371589]","[2.51297,-1.56298,2.89081]","[311519,100372,29303.9]","[0.997551,0.999961,0.996441]","[0,0,0]","[0,0,0]","[-0.93149,-0.668851,-0.677156]",0,"[]","[]","[]","[]","[]","[]","[]","[]","[]","[]",1,"[306764]","[0.0634674]","[2.51461]","[308037]","[20063.3]","[0]","[2.96813]","[0.549802]",0,"[]","[]","[]","[]","[]","[]","[]","[]","[]","[]",0,"[3505.94]",2782.84,"[4200.46,2013.35,1810.5]","[]","[13187.8]","[]"
766,284500,10812459,361105,8439.61,8579.63,1.65196e+11,0.934886,1,0.995731,1,1,0.997256,0.745543,1,0,1,0,1,"[0]","[1]","[27054.9]","[0.854819]","[0.382386]","[37556.5]","[0.22216]","[-1]","[13]","[1]","[0]","[574.23]","[-0.050159]","[5.25436]",617472,0.39266,3,"[614319,178931,77738.1]","[0.334592,-1.64446,-0.472877]","[-2.59946,2.5826,-0.297386]","[649520,481923,87335]","[0.996776,1,0.993609]","[0,0,0]","[0,0,0]","[-0.709833,-0.907959,-0.852186]",0,"[]","[]","[]","[]","[]","[]","[]","[]","[]","[]",1,"[603735]","[0.364686]","[-2.60328]","[644466]","[13261.4]","[0]","[0.414024]","[-1]",0,"[]","[]","[]","[]","[]","[]","[]","[]","[]","[]",0,"[79.0166]",24732.4,"[11588.3,3298.35,1963.22]","[]","[27780.6]","[]"
767,284500,11052321,361105,8432.14,8579.63,1.65196e+11,1.55465,0.955,1,1,1,0.999337,1.02555,1,1,0,0,1,"[0]","[1]","[49895.4]","[1.86149]","[1.58961]","[164375]","[0.178631]","[-1]","[11]","[1]","[0]","[816.929]","[0.027569]","[0.738478]",290899,2.20348,3,"[342515,32070,26561]","[1.94807,-1.33953,2.35928]","[-1.19149,1.11575,0.149722]","[1.22604e+06,65530.3,141855]","[1,0.997946,0.76487]","[0,4,0]","[0,0,0]","[-0.418714,-0.0566557,-0.214815]",0,"[]","[]","[]","[]","[]","[]","[]","[]","[]","[]",1,"[332706]","[1.93786]","[-1.19592]","[1.17923e+06]","[17505.3]","[0]","[2.174]","[0.666795]",0,"[]","[]","[]","[]","[]","[]","[]","[]","[]","[]",0,"[187.982]",13577.4,"[10322.4,1780.79,1918.26]","[]","[1868.78]","[]"
768,284500,11065089,361105,8435.59,8579.63,1.65196e+11,1.08735,1,0.993018,1,1,0.999381,0.917328,1,0,1,0,1,"[0]","[1]","[174292]","[0.248233]","[1.93407]","[179690]","[-0.00136089]","[-1]","[13]","[1]","[0]","[1516.49]","[0.0103276]","[1.78104]",76243.1,1.31908,1,"[240948]","[0.646479]","[-1.3275]","[293702]","[0.999497]","[0]","[0]","[-0.908738]",0,"[]","[]","[]","[]","[]","[]","[]","[]","[]","[]",1,"[254393]","[0.592078]","[-1.30496]","[301849]","[30532.5]","[0]","[2.57721]","[0.670837]",0,"[]","[]","[]","[]","[]","[]","[]","[]","[]","[]",0,"[7665.11]",1033.92,"[2948.09]","[]","[0]","[]"
769,284500,10823148,361105,8439.65,8579.63,1.65196e+11,0.596562,1,0.996274,1,1,1.01647,0.916691,1,0,1,0,1,"[0]","[1]","[36661]","[-0.272264]","[0.994479]","[38028.3]","[-0.00354004]","[-1]","[13]","[1]","[0]","[1003.07]","[-0.0125667]","[2.05497]",282170,0.726764,4,"[359166,105474,86123.9,23122.5]","[-0.739047,-0.215853,-0.487652,-0.515978]","[-2.42795,-0.219005,2.85363,0.505979]","[463833,108471,96926.5,26907.4]","[1,0.994367,0.991223,0.984366]","[0,5,0,0]","[0,0,0,0]","[0.100415,0.999594,-0.736478,-0.805918]",0,"[]","[]","[]","[]","[]","[]","[]","[]","[]","[]",1,"[370641]","[-0.708962]","[-2.43078]","[470401]","[49819]","[0]","[1.72404]","[0.697328]",0,"[]","[]","[]","[]","[]","[]","[]","[]","[]","[]",0,"[193.402]",7744.47,"[7194.41,6051.33,2082,2139.93]","[]","[31199.2]","[]"
770,284500,10936721,361105,8437.23,8579.63,1.65196e+11,0.934886,0.98458,1,1,1,0.99942,1.00582,1,1,0,0,1,"[0]","[1]","[82341.8]","[-0.159974]","[0.118633]","[83397.7]","[0.0480499]","[-1]","[11]","[1]","[0]","[71.4545]","[0.0204309]","[1.62967]",184984,0.15584,2,"[272311,46257.7]","[0.53991,0.0113527]","[3.09452,-1.3441]","[313639,47134]","[0.999894,0.999355]","[0,0]","[0,0]","[-0.931838,-0.897018]",0,"[]","[]","[]","[]","[]","[]","[]","[]","[]","[]",1,"[260255]","[0.528852]","[3.09913]","[297988]","[16936.8]","[0]","[1.86955]","[0.299454]",0,"[]","[]","[]","[]","[]","[]","[]","[]","[]","[]",0,"[817.903]",6647.72,"[7731.42,4989.71]","[]","[3048.14]","[]"
771,284500,11053554,361105,8431.63,8579.63,1.65196e+11,1.24168,0.98697,1,1,1,0.996498,1.00582,1,1,0,0,1,"[0]","[1]","[182548]","[-0.360961]","[-2.10199]","[194570]","[-0.00222111]","[-1]","[11]","[1]","[0]","[236.901]","[0.017606]","[2.75755]",217242,-2.01779,6,"[304310,51145.7,39439.5,34063.1,32615.4,25002.9]","[1.43474,-1.52389,0.232991,2.32293,-0.311595,-1.10509]","[0.830224,2.5224,2.75399,1.27235,1.8908,1.12418]","[675502,123302,40825.3,175525,34362.5,42138]","[0.991871,0.997857,0.992536,1,0.990972,0.907807]","[0,0,0,0,0,0]","[0,0,0,0,0,0]","[-0.858999,0.0649443,-0.930234,-0.827411,-0.546073,-0.779292]",0,"[]","[]","[]","[]","[]","[]","[]","[]","[]","[]",1,"[299607]","[1.5604]","[0.87136]","[751219]","[99217.1]","[0]","[2.20314]","[0.766723]",0,"[]","[]","[]","[]","[]","[]","[]","[]","[]","[]",0,"[1129.55]",11683.8,"[17096.3,3599.48,2328.96,2830.2,2664.83,3778.14]","[]","[1640.56]","[]"
772,284500,10943957,361105,8440.88,8579.63,1.65196e+11,0.596562,0.96709,1,1,1,0.985657,1.00936,1,1,0,0,1,"[0]","[1]","[135360]","[0.0276877]","[0.187484]","[135412]","[0.0068512]","[-1]","[11]","[1]","[0]","[-10.5774]","[-0.00216598]","[0.18315]",71996.2,-0.0659703,2,"[257219,29338.2]","[0.168701,1.60496]","[-3.0613,0.977125]","[261148,76135.9]","[1,0.980708]","[4,0]","[0,0]","[0.589562,-0.798231]",0,"[]","[]","[]","[]","[]","[]","[]","[]","[]","[]",1,"[257444]","[0.219777]","[-3.06064]","[263848]","[9209.17]","[0]","[2.07738]","[0.141893]",0,"[]","[]","[]","[]","[]","[]","[]","[]","[]","[]",0,"[1588.99]",1754.66,"[3807.4,6375.57]","[]","[4989.38]","[]"
773,284500,11302365,361105,8429.28,8579.63,1.65196e+11,0.934886,1,0.987569,1,1,0.999435,1.00538,1,0,1,0,1,"[0]","[1]","[57487.9]","[-1.77612]","[2.82417]","[174653]","[-0.0756989]","[-1]","[13]","[1]","[0]","[-152.869]","[0.0099222]","[1.29942]",239344,2.90332,1,"[290643]","[-0.639066]","[-0.261039]","[353992]","[0.997384]","[0]","[0]","[-0.96451]",0,"[]","[]","[]","[]","[]","[]","[]","[]","[]","[]",1,"[284584]","[-0.65834]","[-0.264712]","[350692]","[39013.3]","[0]","[2.54038]","[0.614123]",0,"[]","[]","[]","[]","[]","[]","[]","[]","[]","[]",0,"[136.773]",328.812,"[3257.14]","[]","[17146]","[]"
774,284500,11326771,361105,8436.05,8579.63,1.65196e+11,1.08735,0.97538,1,1,1,0.999228,1.01508,1,1,0,0,1,"[0]","[1]","[116192]","[-1.76858]","[-0.763983]","[350501]","[0.110039]","[-1]","[11]","[1]","[0]","[-650.832]","[0.0344738]","[2.71486]",79647.8,-0.375535,2,"[227449,42624.4]","[0.0809755,1.03103]","[2.54029,-0.420683]","[228420,67854.1]","[1,0.993643]","[0,0]","[0,0]","[-0.941534,-0.926757]",0,"[]","[]","[]","[]","[]","[]","[]","[]","[]","[]",1,"[268094]","[-0.0227096]","[2.46121]","[271836]","[44532.5]","[0]","[1.29798]","[0.236778]",0,"[]","[]","[]","[]","[]","[]","[]","[]","[]","[]",0,"[1214.43]",3908.4,"[3246.96,6344.24]","[]","[12699.4]","[]"
775,284500,11327071,361105,8430.95,8579.63,1.65196e+11,0.934886,1,1.00015,1,1,0.998428,0.972136,1,0,1,0,1,"[0]","[1]","[149458]","[1.15019]","[-1.76378]","[259711]","[0.150654]","[-1]","[13]","[1]","[0]","[-148.152]","[0.103736]","[22.1293]",128089,-1.75887,3,"[263819,71799.2,23192.9]","[1.97683,-1.55983,1.13251]","[1.05427,2.92988,1.85612]","[970683,178556,39898.7]","[0.986253,0.998978,0.82929]","[0,0,0]","[0,0,0]","[-0.758019,-0.88014,0.0384311]",0,"[]","[]","[]","[]","[]","[]","[]","[]","[]","[]",1,"[279155]","[1.96873]","[1.05095]","[1.01916e+06]","[12935.3]","[0]","[5.74258]","[0.664304]",0,"[]","[]","[]","[]","[]","[]","[]","[]","[]","[]",0,"[5730.48]",9692.26,"[4907,3010,3185.7]","[]","[13273.3]","[]"
776,284500,11306455,361105,8439.41,8579.63,1.65196e+11,1.55465,0.97488,1,1,1,0.988975,0.99626,1,1,0,0,1,"[0]","[1]","[80346.4]","[1.52737]","[2.81434]","[193762]","[-0.400581]","[-1]","[11]","[1]","[0]","[-710.192]","[0.0419838]","[4.05026]",288705,2.83729,3,"[266871,97012.7,44623.1]","[1.08615,0.405888,-0.533088]","[-0.19817,-1.27193,0.625282]","[441103,106666,51607.6]","[1,0.997925,0.969877]","[4,0,0]","[0,0,0]","[-0.489544,-0.622929,-0.572832]",0,"[]","[]","[]","[]","[]","[]","[]","[]","[]","[]",1,"[285334]","[1.06789]","[-0.20414]","[465700]","[38678.1]","[0]","[2.37719]","[0.721143]",0,"[]","[]","[]","[]","[]","[]","[]","[]","[]","[]",0,"[741.959]",15443,"[15103.6,2110.18,6281.14]","[]","[2280.25]","[]"
777,284500,11388419,361105,8436.71,8579.63,1.65196e+11,0.506784,1,0.995073,1,1,1.00959,0.993383,1,0,1,0,1,"[0]","[1]","[98606.4]","[-2.13775]","[1.93042]","[423923]","[0.0655346]","[-1]","[13]","[1]","[0]","[275.088]","[0.0303075]","[3.71206]",331572,2.22329,3,"[373434,28560.9,24658.2]","[-1.87507,-1.24814,2.44275]","[-0.897688,-0.605448,-2.23951]","[1.24687e+06,54099.3,142996]","[0.991602,0.996323,0.996705]","[0,5,0]","[0,0,0]","[-0.703428,0.989688,-0.669789]",0,"[]","[]","[]","[]","[]","[]","[]","[]","[]","[]",1,"[377934]","[-1.86867]","[-0.900632]","[1.25428e+06]","[40972]","[0]","[2.28037]","[0.579192]",0,"[]","[]","[]","[]","[]","[]","[]","[]","[]","[]",0,"[1950.24]",6827.22,"[9368.08,1256.83,4953.38]","[]","[29492.7]","[]"
778,284500,11380468,361105,8435.18,8579.63,1.65196e+11,0.934886,1,0.998003,1,1,0.986718,0.873044,1,0,1,0,1,"[0]","[1]","[171050]","[-0.887099]","[-0.888047]","[242885]","[-0.0626602]","[-1]","[13]","[1]","[0]","[-172.393]","[0.0213914]","[4.27598]",134142,-1.22086,3,"[281772,52787.6,26899.7]","[-0.926681,-2.06206,-1.52862]","[2.36426,1.26635,1.00294]","[412019,211184,65176.9]","[0.98521,1,0.99]","[4,0,0]","[0,0,0]","[-0.858827,-0.897552,-0.889681]",0,"[]","[]","[]","[]","[]","[]","[]","[]","[]","[]",1,"[285112]","[-0.906199]","[2.36478]","[410804]","[17933.6]","[0]","[0.461911]","[0.464773]",0,"[]","[]","[]","[]","[]","[]","[]","[]","[]","[]",0,"[2275.78]",26709.5,"[3214.45,7574.96,3124.4]","[]","[23041.3]","[]"
779,284500,11433687,361105,8430.27,8579.63,1.65196e+11,0,1,0.996017,1,1,0.99539,0.93614,1,0,1,0,1,"[0]","[1]","[222281]","[-0.277096]","[2.35096]","[230869]","[-0.00653839]","[-1]","[13]","[1]","[0]","[-1272.36]","[-0.00423158]","[1.01186]",130555,1.84072,4,"[300636,34977.6,30322.4,23306.9]","[-0.149062,-1.66869,2.44563,-2.44677]","[-0.814693,-1.77587,-0.885636,-3.0702]","[305213,96456,176282,135648]","[1,0.986723,0,0]","[0,0,0,0]","[0,0,0,0]","[-0.979681,-0.826831,-0.847841,-0.77458]",0,"[]","[]","[]","[]","[]","[]","[]","[]","[]","[]",1,"[278571]","[-0.183352]","[-0.813968]","[284148]","[22362.3]","[0]","[1.69055]","[0.525586]",0,"[]","[]","[]","[]","[]","[]","[]","[]","[]","[]",0,"[2926.6]",7418.77,"[7833.32,2203.96,3554.14,2457.37]","[]","[5850]","[]"
780,284500,11414278,361105,8437.4,8579.63,1.65196e+11,0.934886,1,0.998017,1,1,0.999211,0.97034,1,0,1,0,1,"[0]","[1]","[56903.7]","[-2.14487]","[-1.03117]","[246338]","[0.727142]","[-1]","[13]","[1]","[0]","[227.102]","[-0.10353]","[14.5258]",223584,-0.872566,2,"[334550,79096.7]","[-0.401885,1.0325]","[2.41376,-0.0639295]","[362030,125663]","[0.996893,0.992141]","[0,0]","[0,0]","[-0.925917,-0.888619]",0,"[]","[]","[]","[]","[]","[]","[]","[]","[]","[]",1,"[331474]","[-0.439564]","[2.41361]","[364085]","[7098.06]","[0]","[8.09013]","[0.472739]",0,"[]","[]","[]","[]","[]","[]","[]","[]","[]","[]",0,"[663.516]",5198.28,"[7841.1,3273.34]","[]","[3773.06]","[]"
781,284500,10832102,361105,8437.04,8579.63,1.65196e+11,0.934886,1,0.998822,1,1,0.999343,0.982548,1,0,1,0,1,"[0]","[1]","[191403]","[1.17514]","[-2.93328]","[339489]","[-0.0432281]","[-1]","[13]","[1]","[0]","[-193.622]","[-0.000726452]","[0.1246]",108950,3.01177,1,"[304978]","[0.944387]","[0.0284093]","[452060]","[0.989302]","[0]","[0]","[-0.601887]",0,"[]","[]","[]","[]","[]","[]","[]","[]","[]","[]",1,"[298557]","[0.960299]","[0.0327872]","[447625]","[21106.7]","[0]","[1.38925]","[0.48617]",0,"[]","[]","[]","[]","[]","[]","[]","[]","[]","[]",0,"[2895.02]",5245.17,"[6212.78]","[]","[19342.6]","[]"
782,284500,11392146,361105,8436.33,8579.63,1.65196e+11,1.55465,1,0.998472,1,1,0.999384,0.987081,1,0,1,0,1,"[0]","[1]","[88637.4]","[1.57292]","[0.916148]","[222840]","[1.09425]","[-1]","[13]","[1]","[0]","[-291.741]","[0.338001]","[26.317]",205667,0.874238,1,"[311018]","[-0.598415]","[-2.29231]","[368653]","[0.997673]","[0]","[0]","[-0.261182]",0,"[]","[]","[]","[]","[]","[]","[]","[]","[]","[]",1,"[312701]","[-0.590536]","[-2.29155]","[368954]","[9610.84]","[0]","[0]","[-1]",0,"[]","[]","[]","[]","[]","[]","[]","[]","[]","[]",0,"[842.131]",3000.81,"[5129.22]","[]","[9475.12]","[]"
783,284500,7101022,361105,8431.91,8579.63,1.65196e+11,1.26459,0.98536,1,1,1,0.999457,0.9918,1,1,0,0,1,"[0]","[1]","[126193]","[-0.713657]","[0.482776]","[159715]","[0.0882645]","[-1]","[11]","[1]","[0]","[-102.464]","[0.110181]","[13.2596]",164811,0.910655,1,"[282233]","[-0.317018]","[-2.42151]","[297164]","[0.984914]","[0]","[0]","[-0.227468]",0,"[]","[]","[]","[]","[]","[]","[]","[]","[]","[]",1,"[280806]","[-0.294352]","[-2.42533]","[293861]","[21696.6]","[0]","[3.46273]","[0.424368]",0,"[]","[]","[]","[]","[]","[]","[]","[]","[]","[]",0,"[895.206]",861.453,"[3156.73]","[]","[21486.3]","[]"
784,284500,11505690,361105,8435,8579.63,1.65196e+11,1.08735,1,0.999835,1,1,0.997444,0.990681,1,0,1,0,1,"[0]","[1]","[86890.7]","[1.27357]","[0.169888]","[167413]","[0.0172691]","[-1]","[13]","[1]","[0]","[-546.561]","[0.0133822]","[1.73616]",224536,0.329814,4,"[305508,64082.7,28484.8,24093.6]","[1.01861,-0.253185,0.631577,2.48574]","[-2.85328,0.43665,-2.29715,-3.03643]","[479264,66549.4,34570.7,145724]","[0.99,0.991402,0.965572,0.982105]","[0,0,0,0]","[0,0,0,0]","[-0.695535,-0.924262,0.668511,-0.491416]",0,"[]","[]","[]","[]","[]","[]","[]","[]","[]","[]",1,"[306967]","[1.01199]","[-2.85748]","[479118]","[32216.1]","[0]","[1.4811]","[0.626323]",0,"[]","[]","[]","[]","[]","[]","[]","[]","[]","[]",0,"[3698.54]",3525.12,"[7106.67,1953.37,3595.45,2012.08]","[]","[10201.2]","[]"
785,284500,11796633,361105,8433.55,8579.63,1.65196e+11,0.596562,0.96203,1,1,1,0.992228,1.01508,1,1,0,0,1,"[0]","[1]","[305797]","[-1.55465]","[1.51158]","[756038]","[-0.0110035]","[-1]","[11]","[1]","[0]","[1788.73]","[0.0182215]","[2.31307]",25588,1.03586,4,"[239558,107781,60797,38741]","[-2.31563,-1.44039,-2.43254,-1.93888]","[-1.89626,-2.1086,-0.174347,0.316925]","[1.22554e+06,240421,348915,137502]","[0.990684,0.986675,0.989184,1]","[4,0,0,0]","[0,0,0,0]","[-0.313183,-0.875505,-0.816199,-0.884948]",0,"[]","[]","[]","[]","[]","[]","[]","[]","[]","[]",1,"[337358]","[-1.56212]","[1.51396]","[839789]","[1737.52]","[1]","[0]","[-1]",0,"[]","[]","[]","[]","[]","[]","[]","[]","[]","[]",0,"[7456.51]",15750.5,"[10839.3,2952.62,5638.01,6693.14]","[]","[15927.3]","[]"
786,284500,11727475,361105,8434.18,8579.63,1.65196e+11,1.08735,0.97663,1,1,1,0.998608,1.00121,1,1,0,0,1,"[0]","[1]","[134608]","[-2.01372]","[-0.731842]","[513168]","[-0.0491924]","[-1]","[11]","[1]","[0]","[595.077]","[-0.0176147]","[1.72746]",105670,-0.806521,2,"[257009,21093.4]","[-1.58013,-0.53595]","[2.42301,-0.23767]","[650501,24471.6]","[0.983137,0.977004]","[0,0]","[0,0]","[-0.85095,-0.570515]",0,"[]","[]","[]","[]","[]","[]","[]","[]","[]","[]",1,"[252060]","[-1.5756]","[2.4208]","[635395]","[13282.5]","[0]","[4.06311]","[0.478744]",0,"[]","[]","[]","[]","[]","[]","[]","[]","[]","[]",0,"[1015.29]",7239.03,"[7370.16,1191.93]","[]","[3965.81]","[]"
787,284500,11796959,361105,8433.55,8579.63,1.65196e+11,0.596562,0.98697,1,1,1,0.996675,1.00582,1,1,0,0,1,"[0]","[1]","[232124]","[-0.480479]","[0.996365]","[259438]","[-0.0159988]","[-1]","[11]","[1]","[0]","[1347.53]","[0.0904878]","[13.8465]",679851,1.05269,2,"[822925,166980]","[-0.0681631,-1.28417]","[-1.92384,-3.0562]","[826067,325183]","[0.998966,0.987711]","[0,0]","[0,0]","[-0.598624,-0.805473]",0,"[]","[]","[]","[]","[]","[]","[]","[]","[]","[]",1,"[806597]","[-0.0396525]","[-1.92134]","[807921]","[33376.2]","[0]","[4.72487]","[0.536012]",0,"[]","[]","[]","[]","[]","[]","[]","[]","[]","[]",0,"[1309.22]",18940.2,"[17687.5,9867.51]","[]","[32717.4]","[]"
788,284500,7670407,361105,8435.45,8579.63,1.65196e+11,0.934886,0.97949,1,1,1,0.945256,0.99672,1,1,0,0,1,"[0]","[1]","[79808.5]","[0.833839]","[0.594965]","[109199]","[0.0102539]","[-1]","[11]","[1]","[0]","[1933.18]","[0.0469519]","[6.27333]",289182,0.503391,2,"[374604,30551.9]","[0.209822,1.95826]","[-2.68398,-0.40168]","[386620,110523]","[0.999378,0.997982]","[5,0]","[0,0]","[0.992958,-0.814757]",0,"[]","[]","[]","[]","[]","[]","[]","[]","[]","[]",1,"[405083]","[0.235293]","[-2.67939]","[421264]","[64166.1]","[0]","[1.98582]","[0.714823]",0,"[]","[]","[]","[]","[]","[]","[]","[]","[]","[]",0,"[341.037]",3883.56,"[6016.97,4078.85]","[]","[5507.72]","[]"
789,284500,11848243,361105,8435.25,8579.63,1.65196e+11,0.596562,0.97076,1,1,1,0.999422,0.95972,1,1,0,0,1,"[0]","[1]","[59009.7]","[-0.785198]","[0.265367]","[78154.5]","[-0.0161057]","[-1]","[11]","[1]","[0]","[2426.47]","[-0.0031315]","[0.229997]",240261,0.490473,1,"[295118]","[-0.143743]","[-2.72508]","[298548]","[0.99942]","[0]","[0]","[-0.752766]",0,"[]","[]","[]","[]","[]","[]","[]","[]","[]","[]",1,"[293926]","[-0.186976]","[-2.72285]","[299657]","[18607.9]","[0]","[4.08596]","[0.535919]",0,"[]","[]","[]","[]","[]","[]","[]","[]","[]","[]",0,"[78.925]",1496.92,"[3442.58]","[]","[9416.44]","[]"
790,284500,11982025,361105,8431.31,8579.63,1.65196e+11,0,1,1,1,1,0.999052,1,1,1,0,0,1,"[0]","[1]","[72468.9]","[-1.85137]","[-0.825409]","[236449]","[-0.318085]","[-1]","[11]","[0]","[0]","[1519.79]","[-0.0973566]","[5.48599]",225002,-0.935975,2,"[279596,60561.1]","[-1.66123,-0.357472]","[2.40251,0.51698]","[763323,65152.5]","[1,0.996638]","[0,0]","[0,0]","[-0.70781,-0.670365]",0,"[]","[]","[]","[]","[]","[]","[]","[]","[]","[]",1,"[279850]","[-1.62957]","[2.40311]","[741615]","[22355.8]","[0]","[1.77]","[0.659889]",0,"[]","[]","[]","[]","[]","[]","[]","[]","[]","[]",0,"[338.023]",1438.03,"[11713.3,7596.59]","[]","[9742.31]","[]"
791,284500,11997135,361105,8434.92,8579.63,1.65196e+11,0,0.9666,1,1,1,0.996503,0.95498,1,1,0,0,1,"[0]","[1]","[50555.9]","[-0.782459]","[3.09018]","[66838.1]","[0.0734959]","[-1]","[11]","[1]","[0]","[241.841]","[0.0427903]","[5.41103]",248112,3.11756,3,"[312144,31070.3,27283.8]","[-0.432019,-2.0162,-1.53021]","[-0.247603,1.8226,1.47899]","[342087,118934,66134.3]","[1,0.918494,0.963573]","[0,0,0]","[0,0,0]","[-0.613009,-0.85307,-0.0867335]",0,"[]","[]","[]","[]","[]","[]","[]","[]","[]","[]",1,"[302886]","[-0.440121]","[-0.25001]","[333080]","[15929.2]","[0]","[2.61981]","[0.122699]",0,"[]","[]","[]","[]","[]","[]","[]","[]","[]","[]",0,"[134.133]",9260.62,"[8927.21,5387.54,2170.92]","[]","[19215.5]","[]"
792,284500,11985093,361105,8437.85,8579.63,1.65196e+11,0.596562,0.97921,1,1,1,0.99875,1.00192,1,1,0,0,1,"[0]","[1]","[71607.6]","[-0.301004]","[2.64573]","[74876.1]","[0.0211601]","[-1]","[11]","[1]","[0]","[-406.771]","[0.0210405]","[2.93631]",316509,2.50673,4,"[269242,127924,87143.9,29846.2]","[0.637304,-2.07314,-0.124123,0.887675]","[-1.25791,0.325837,-0.394948,-1.86873]","[328988,516677,88152.3,42701]","[0.996036,0.994108,1,0.996809]","[0,0,0,0]","[0,0,0,0]","[-0.851615,-0.176792,-0.919112,-0.792096]",0,"[]","[]","[]","[]","[]","[]","[]","[]","[]","[]",1,"[255739]","[0.663149]","[-1.25449]","[317275]","[45037]","[0]","[0.990049]","[0.649271]",0,"[]","[]","[]","[]","[]","[]","[]","[]","[]","[]",0,"[160.407]",3016.78,"[3411.79,4139.91,6431.41,2028.77]","[]","[0]","[]"
793,284500,8343530,361105,8430.53,8579.63,1.65196e+11,1.08735,1,1.00098,1,1,0.997493,0.999777,1,0,1,0,1,"[0]","[1]","[144718]","[-1.54671]","[-2.21575]","[355205]","[0.0301733]","[-1]","[13]","[1]","[0]","[-422.956]","[0.00478924]","[0.861154]",224621,-2.05246,2,"[338590,28363.2]","[-1.30009,2.32964]","[0.94249,2.96609]","[667812,147131]","[0.990759,0.963727]","[0,0]","[0,0]","[-0.963897,-0.799602]",0,"[]","[]","[]","[]","[]","[]","[]","[]","[]","[]",1,"[338176]","[-1.29672]","[0.94698]","[665026]","[22818.4]","[0]","[3.39071]","[0.730729]",0,"[]","[]","[]","[]","[]","[]","[]","[]","[]","[]",0,"[1530.19]",11499.5,"[10084.1,2507.38]","[]","[15134.8]","[]"
794,284500,11654607,361105,8431.42,8579.63,1.65196e+11,1.24168,0.97553,1,1,1,0.987445,1.01265,1,1,0,0,1,"[0]","[1]","[135482]","[1.82986]","[2.85346]","[433097]","[-0.109444]","[-1]","[11]","[1]","[0]","[2520.96]","[-0.025206]","[3.27642]",347930,2.92735,1,"[477398]","[-1.02739]","[-0.244623]","[752660]","[1]","[4]","[0]","[-0.240794]",0,"[]","[]","[]","[]","[]","[]","[]","[]","[]","[]",1,"[498454]","[-1.06018]","[-0.241516]","[806049]","[19127.1]","[0]","[4.225]","[0.423701]",0,"[]","[]","[]","[]","[]","[]","[]","[]","[]","[]",0,"[1180.02]",6999.19,"[8890.12]","[]","[37633.8]","[]"
795,284500,8133911,361105,8437.8,8579.63,1.65196e+11,1.74563,1.01378,1,1,1,0.988319,1.00936,1,1,0,0,1,"[0]","[1]","[211136]","[0.078357]","[1.723]","[211785]","[0.0220413]","[-1]","[11]","[1]","[0]","[2602.57]","[0.0128533]","[1.5017]",22236.3,-2.00063,2,"[274005,68211.1]","[0.707318,-2.06736]","[-1.67287,0.337146]","[351702,273924]","[1,0.989593]","[4,0]","[0,0]","[-0.908381,-0.530996]",0,"[]","[]","[]","[]","[]","[]","[]","[]","[]","[]",2,"[271462,265342]","[0.169241,0.712427]","[1.68614,-1.66972]","[279261,341191]","[46520.7,61643]","[1,0]","[0.367049,1.25742]","[0.335849,0.667485]",0,"[]","[]","[]","[]","[]","[]","[]","[]","[]","[]",0,"[1041.32]",2040.64,"[3042.26,2362.8]","[]","[7205.06,10327.7]","[]"
796,284500,11588640,361105,8435.88,8579.63,1.65196e+11,0.596562,1,0.996279,1,1,0.985504,0.740132,1,0,1,0,1,"[0]","[1]","[137635]","[0.617184]","[1.89375]","[164691]","[-0.227108]","[-1]","[13]","[1]","[0]","[-303.903]","[-0.0181382]","[2.70141]",283274,1.87619,1,"[388409]","[0.51297]","[-1.26113]","[441968]","[0.999229]","[4]","[0]","[-0.874155]",0,"[]","[]","[]","[]","[]","[]","[]","[]","[]","[]",1,"[350202]","[0.541434]","[-1.25927]","[404609]","[38227.7]","[0]","[2.25411]","[0.506482]",0,"[]","[]","[]","[]","[]","[]","[]","[]","[]","[]",0,"[6503.69]",7486.69,"[9536.25]","[]","[4868.06]","[]"
797,284500,12227507,361105,8436.7,8579.63,1.65196e+11,1.08735,0.9523,1,1,1,1.00541,1.00099,1,1,0,0,1,"[0]","[1]","[36419]","[1.65975]","[-2.76852]","[99208.9]","[0.12065]","[-1]","[11]","[1]","[0]","[1524.3]","[0.0333418]","[2.60735]",308760,3.11089,2,"[280546,27101.2]","[0.661128,-2.23279]","[0.108118,0.180688]","[345188,127999]","[0.991462,0.967308]","[0,4]","[0,0]","[-0.798069,-0.712471]",0,"[]","[]","[]","[]","[]","[]","[]","[]","[]","[]",1,"[267578]","[0.666439]","[0.110735]","[329910]","[21135.1]","[0]","[1.62058]","[0.681112]",0,"[]","[]","[]","[]","[]","[]","[]","[]","[]","[]",0,"[422.128]",11546.7,"[3407.35,3420.93]","[]","[12306.9]","[]"
798,284500,11840177,361105,8432.26,8579.63,1.65196e+11,0,1,0.999615,1,1,0.998294,0.983624,1,0,1,0,1,"[0]","[1]","[80886]","[-1.18145]","[-1.69053]","[144217]","[0.0283546]","[-1]","[13]","[1]","[0]","[-362.579]","[-0.00361086]","[0.696819]",326583,-1.13596,2,"[389162,22078.5]","[-1.35787,1.03911]","[1.84849,2.7025]","[806810,35409.2]","[0.998148,0.974986]","[0,0]","[0,0]","[-0.631264,-0.796942]",0,"[]","[]","[]","[]","[]","[]","[]","[]","[]","[]",1,"[410819]","[-1.36973]","[1.85022]","[860467]","[14299.8]","[0]","[3.96509]","[0.647793]",0,"[]","[]","[]","[]","[]","[]","[]","[]","[]","[]",0,"[3140.23]",2535.22,"[6345.88,2030.24]","[]","[21020.2]","[]"
799,284500,11742953,361105,8435.01,8579.63,1.65196e+11,0.934886,1,0.995562,1,1,0.995898,0.856877,1,0,1,0,1,"[0]","[1]","[59538.7]","[0.166323]","[-2.42883]","[60364.2]","[-0.0159836]","[-1]","[13]","[1]","[0]","[-344.008]","[-0.00365861]","[0.562028]",306573,-2.12012,3,"[331257,22323.8,21514.6]","[1.42313,-2.45529,2.18569]","[0.669908,2.36653,1.66028]","[728752,131083,96955.2]","[0.999013,0.150553,1]","[0,0,0]","[0,0,0]","[-0.818103,-0.620587,-0.9028]",0,"[]","[]","[]","[]","[]","[]","[]","[]","[]","[]",1,"[348047]","[1.40979]","[0.66917]","[756763]","[49539.7]","[0]","[1.7566]","[0.773083]",0,"[]","[]","[]","[]","[]","[]","[]","[]","[]","[]",0,"[557.458]",21978.1,"[4454.11,1840.5,1916.73]","[]","[32851.5]","[]"
800,284500,12030497,361105,8434.45,8579.63,1.65196e+11,1.08735,0.96323,1,1,1,0.999322,1.00493,1,1,0,0,1,"[0]","[1]","[166007]","[-1.29924]","[2.13824]","[326969]","[0.00611115]","[-1]","[11]","[1]","[0]","[562.967]","[-0.00321796]","[0.364819]",146478,2.36168,1,"[318622]","[0.377207]","[-0.845746]","[341668]","[0.99482]","[0]","[0]","[-0.654684]",0,"[]","[]","[]","[]","[]","[]","[]","[]","[]","[]",1,"[325934]","[0.337517]","[-0.844257]","[344675]","[0.00617632]","[0]","[0]","[-1]",0,"[]","[]","[]","[]","[]","[]","[]","[]","[]","[]",0,"[1718.44]",212.312,"[3391.22]","[]","[19383.7]","[]"
801,284500,11910631,361105,8434.36,8579.63,1.65196e+11,1.08735,1,0.997086,1,1,0.998957,0.992472,1,0,1,0,1,"[0]","[1]","[90520]","[-2.31578]","[1.53754]","[463078]","[0.0748596]","[-1]","[13]","[1]","[0]","[-109.882]","[-0.0135175]","[1.73669]",200094,1.54817,3,"[244034,59611.3,22613]","[0.321307,-1.06304,0.715385]","[-1.63099,-1.06737,-2.87769]","[256917,96968.8,28857.8]","[0.98079,0.986979,0.9505]","[0,0,0]","[0,0,0]","[-0.907277,0.149179,-0.836969]",0,"[]","[]","[]","[]","[]","[]","[]","[]","[]","[]",1,"[264569]","[0.300161]","[-1.6311]","[276822]","[11647.4]","[0]","[9.58189]","[0.525629]",0,"[]","[]","[]","[]","[]","[]","[]","[]","[]","[]",0,"[3119.29]",4830.12,"[2646.83,4535.44,3590.21]","[]","[7289.59]","[]"
802,284500,7635345,361105,8430.84,8579.63,1.65196e+11,1.08735,0.99093,1,1,1,0.999355,1.00306,1,1,0,0,1,"[0]","[1]","[109226]","[0.923402]","[3.09501]","[159197]","[0.0553532]","[-1]","[11]","[1]","[0]","[-128.135]","[-0.0442747]","[3.95432]",207086,2.67969,1,"[300510]","[-0.90426]","[-0.0603627]","[432967]","[1]","[0]","[0]","[-0.483803]",0,"[]","[]","[]","[]","[]","[]","[]","[]","[]","[]",1,"[303523]","[-0.909078]","[-0.0622253]","[438106]","[15794]","[0]","[1.81887]","[0.461216]",0,"[]","[]","[]","[]","[]","[]","[]","[]","[]","[]",0,"[648.045]",5430.61,"[5610.52]","[]","[3586.25]","[]"
803,284500,12135306,361105,8433.36,8579.63,1.65196e+11,1.25133,1,0.995759,1,1,0.999408,0.635071,1,0,1,0,1,"[0]","[1]","[149491]","[-0.911213]","[1.21233]","[215968]","[-0.0438156]","[-1]","[13]","[1]","[0]","[-592.222]","[-0.121039]","[22.8652]",152528,1.06304,1,"[254481]","[0.924934]","[-2.09711]","[371643]","[0.994171]","[0]","[0]","[-0.886053]",0,"[]","[]","[]","[]","[]","[]","[]","[]","[]","[]",1,"[258077]","[0.952339]","[-2.09827]","[384475]","[13882.8]","[0]","[4.06806]","[0.513897]",0,"[]","[]","[]","[]","[]","[]","[]","[]","[]","[]",0,"[4326.31]",4573.23,"[4375.86]","[]","[0]","[]"
804,284500,12011692,361105,8427.58,8579.63,1.65196e+11,0,1,0.999959,1,1,0.980103,0.967212,1,0,1,0,1,"[0]","[1]","[61832.7]","[1.08126]","[2.1322]","[101639]","[0.00634861]","[-1]","[13]","[1]","[0]","[301.074]","[0.00735839]","[1.09831]",212648,2.28168,3,"[250031,76139.1,41387.8]","[0.285082,0.0327398,-1.59264]","[-1.4556,0.389531,0.282992]","[261264,76523.8,106330]","[0.992711,0.997647,0.98545]","[0,4,0]","[0,0,0]","[0.283743,-0.453412,-0.794041]",0,"[]","[]","[]","[]","[]","[]","[]","[]","[]","[]",1,"[257326]","[0.313547]","[-1.40362]","[272718]","[37847.8]","[0]","[2.65903]","[0.559039]",0,"[]","[]","[]","[]","[]","[]","[]","[]","[]","[]",0,"[488.421]",1392.81,"[3754.28,4890.35,3105.59]","[]","[6551.11]","[]"
805,284500,8165124,361105,8436.06,8579.63,1.65196e+11,1.55465,1,0.990654,1,1,0.986821,0.86356,1,0,1,0,1,"[0]","[1]","[288537]","[-0.920382]","[-2.84307]","[419622]","[0.0290756]","[-1]","[13]","[0]","[0]","[-700.71]","[0.0106672]","[2.21936]",85488,2.9033,3,"[300273,68236.2,29684.7]","[-1.08443,1.2518,1.43185]","[0.40862,-0.801436,0.138761]","[495578,129242,65949.7]","[0.997618,1,0.998333]","[0,4,4]","[0,0,0]","[-0.622217,-0.371792,-0.607531]",0,"[]","[]","[]","[]","[]","[]","[]","[]","[]","[]",1,"[304710]","[-1.07616]","[0.406092]","[499315]","[21456.4]","[0]","[2.35918]","[0.747495]",0,"[]","[]","[]","[]","[]","[]","[]","[]","[]","[]",0,"[31028.3]",9922.85,"[10136.5,4315.64,1662.17]","[]","[9795.09]","[]"
806,284500,9216395,361105,8439.62,8579.63,1.65196e+11,0.934886,0.96392,1,1,1,0.997611,1.01012,1,1,0,0,1,"[0]","[1]","[223354]","[1.95523]","[-2.16035]","[804863]","[0.333687]","[-1]","[11]","[1]","[0]","[487.711]","[-0.0012485]","[0.0968615]",129886,-2.05837,2,"[329926,30821.7]","[1.62467,1.6921]","[0.923252,1.93987]","[870318,86795.3]","[1,0.979306]","[0,0]","[0,0]","[-0.746396,-0.603183]",0,"[]","[]","[]","[]","[]","[]","[]","[]","[]","[]",2,"[318238,250086]","[1.60516,1.93662]","[0.934381,-2.15839]","[824953,885246]","[36222.7,3449.75]","[0,1]","[2.6346,8.47363]","[0.677206,-1]",0,"[]","[]","[]","[]","[]","[]","[]","[]","[]","[]",0,"[4739.13]",130.914,"[4875.2,2461.56]","[]","[6361.62,22533.1]","[]"
807,284500,8352418,361105,8433.31,8579.63,1.65196e+11,1.74563,0.98162,1,1,1,0.999332,0.92551,1,1,0,0,1,"[0]","[1]","[128344]","[-2.37053]","[1.07171]","[692829]","[0.0938969]","[-1]","[11]","[1]","[0]","[-1862.68]","[-0.0272662]","[2.38169]",186938,1.14388,1,"[311816]","[-0.959586]","[-2.04623]","[466940]","[0.99041]","[0]","[0]","[-0.58445]",0,"[]","[]","[]","[]","[]","[]","[]","[]","[]","[]",1,"[308900]","[-0.967905]","[-2.04467]","[465486]","[14797.3]","[0]","[5.66821]","[0.512889]",0,"[]","[]","[]","[]","[]","[]","[]","[]","[]","[]",0,"[1180.27]",1635.66,"[4065.81]","[]","[6370.78]","[]"
808,284500,8356285,361105,8431.62,8579.63,1.65196e+11,0,1,1,1,1,1.00409,1,1,1,0,0,1,"[0]","[1]","[343983]","[-1.16307]","[1.3247]","[604078]","[0.112366]","[-1]","[11]","[0]","[5298.37]","[19454]","[-0.0331583]","[2.56561]",324496,-1.84445,2,"[34862.1,21355]","[-0.812299,-0.978436]","[-2.08675,-1.14002]","[47480.7,32723.1]","[0.989343,0.950552]","[0,15]","[0,1]","[-0.919325,0.66007]",0,"[]","[]","[]","[]","[]","[]","[]","[]","[]","[]",1,"[428406]","[-1.13744]","[1.31927]","[736894]","[15420.7]","[0]","[2.44837]","[-1]",0,"[]","[]","[]","[]","[]","[]","[]","[]","[]","[]",0,"[4654.27]",9434.69,"[5874.37,1857.07]","[]","[32678.4]","[]"
809,284500,7852489,361105,8439.28,8579.63,1.65196e+11,0.402058,1,0.99582,1,1,0.998536,1.00515,1,0,1,0,1,"[0]","[1]","[157357]","[-1.24973]","[0.266929]","[297088]","[0.0515556]","[-1]","[13]","[1]","[0]","[-177.511]","[-0.00856626]","[1.4243]",82024.1,0.262474,4,"[256998,93783.3,58892.9,45859.4]","[-1.09158,1.38118,-2.1037,1.35383]","[2.93725,-0.672565,-2.99732,-1.28091]","[426168,198824,245274,94798.4]","[0.997983,0.990933,0.961134,0.990984]","[0,0,0,0]","[0,0,0,0]","[-0.938406,-0.606906,-0.680376,-0.930827]",0,"[]","[]","[]","[]","[]","[]","[]","[]","[]","[]",1,"[275537]","[-1.2335]","[2.97044]","[517981]","[70800.8]","[0]","[1.94948]","[0.620843]",0,"[]","[]","[]","[]","[]","[]","[]","[]","[]","[]",0,"[5522.52]",6603.87,"[3779.46,2493.71,6497.18,5803.06]","[]","[11943.8]","[]"
810,284500,12048786,361105,8433.5,8579.63,1.65196e+11,1.08735,1,0.999915,1,1,0.99537,1.02314,1,0,1,0,1,"[0]","[1]","[84205.4]","[-1.38543]","[0.911941]","[178800]","[-0.0190735]","[-1]","[13]","[1]","[0]","[-389.817]","[-0.00258044]","[0.386947]",259204,0.811478,4,"[349462,83118.6,21768.5,21249.8]","[-0.83258,0.211161,1.74095,1.85723]","[-2.54182,-1.48921,0.476995,1.87461]","[477911,85633.5,64106.4,69834.7]","[0.993504,1,0.964543,0.718381]","[0,0,0,0]","[0,0,0,0]","[0.235249,0.150732,0.626705,-0.545473]",0,"[]","[]","[]","[]","[]","[]","[]","[]","[]","[]",1,"[341373]","[-0.863755]","[-2.54147]","[476976]","[11633.7]","[0]","[4.35903]","[0.34758]",0,"[]","[]","[]","[]","[]","[]","[]","[]","[]","[]",0,"[2216.82]",3719.84,"[4484.66,6169.44,1917.67,1555.45]","[]","[9784.41]","[]"
811,284500,7678823,361105,8435.02,8579.63,1.65196e+11,0.934886,0.9823,1,1,1,0.999163,1.00632,1,1,0,0,1,"[0]","[1]","[146849]","[0.156363]","[-2.16546]","[148647]","[-0.0333271]","[-1]","[11]","[1]","[0]","[-690.216]","[-0.0779866]","[12.6483]",134327,-1.89334,1,"[278791]","[-1.32608]","[1.0612]","[562418]","[0.998831]","[0]","[0]","[-0.891167]",0,"[]","[]","[]","[]","[]","[]","[]","[]","[]","[]",1,"[257727]","[-1.33183]","[1.0537]","[522299]","[12453.8]","[0]","[1.71781]","[0.463811]",0,"[]","[]","[]","[]","[]","[]","[]","[]","[]","[]",0,"[706.144]",1800.25,"[4127.4]","[]","[7109.08]","[]"
812,284500,11967109,361105,8435.03,8579.63,1.65196e+11,1.74563,1,0.990654,1,1,0.985266,0.967942,1,0,1,0,1,"[0]","[1]","[94975]","[-0.863103]","[-2.75926]","[132602]","[-0.0591965]","[-1]","[13]","[1]","[0]","[-757.016]","[-0.0219182]","[4.30998]",265461,-2.7476,1,"[378207]","[0.224751]","[0.246323]","[390604]","[0.994343]","[4]","[0]","[-0.888111]",0,"[]","[]","[]","[]","[]","[]","[]","[]","[]","[]",1,"[382518]","[0.250972]","[0.249074]","[398114]","[52573.9]","[0]","[1.75832]","[0.703815]",0,"[]","[]","[]","[]","[]","[]","[]","[]","[]","[]",0,"[2314.01]",9436.03,"[10458.5]","[]","[23492.4]","[]"
813,284500,12032898,361105,8433.27,8579.63,1.65196e+11,1.74563,1,0.99586,1,1,0.999225,0.674765,1,0,1,0,1,"[0]","[1]","[45241.6]","[-0.10091]","[0.461598]","[45472.2]","[-0.0274391]","[-1]","[13]","[1]","[0]","[-543.381]","[0.0146441]","[2.18739]",205399,0.0109294,1,"[245336]","[-1.2749]","[-2.99975]","[473802]","[0.990161]","[0]","[0]","[-0.878418]",0,"[]","[]","[]","[]","[]","[]","[]","[]","[]","[]",1,"[274712]","[-1.25688]","[-2.98911]","[522300]","[22528.6]","[0]","[2.24095]","[0.809256]",0,"[]","[]","[]","[]","[]","[]","[]","[]","[]","[]",0,"[208.811]",30815.6,"[8188.22]","[]","[7125.62]","[]"
814,284500,12098418,361105,8433.49,8579.63,1.65196e+11,1.08735,0.97695,1,1,1,0.998508,0.98743,1,1,0,0,1,"[0]","[1]","[176887]","[-0.0258671]","[2.10555]","[176946]","[-0.0612181]","[-1]","[11]","[1]","[0]","[-78.3172]","[0.0171121]","[2.20509]",65135.8,2.46251,2,"[254558,37692.2]","[-0.244255,1.53191]","[-1.15149,0.470502]","[262548,91323.4]","[0.991975,1]","[0,0]","[0,0]","[0.401923,-0.642998]",0,"[]","[]","[]","[]","[]","[]","[]","[]","[]","[]",1,"[258038]","[-0.24662]","[-1.14786]","[266096]","[9548.62]","[0]","[2.16936]","[0.0219756]",0,"[]","[]","[]","[]","[]","[]","[]","[]","[]","[]",0,"[1044.04]",6688.02,"[8333.32,2175.34]","[]","[7997.44]","[]"
815,284500,12116065,361105,8438.74,8579.63,1.65196e+11,1.08735,0.97332,1,1,1,0.999446,0.98683,1,1,0,0,1,"[0]","[1]","[75151.4]","[-0.788935]","[2.44543]","[99777.7]","[0.0681839]","[-1]","[11]","[1]","[0]","[-718.224]","[0.00721956]","[0.743687]",227522,2.34981,2,"[237309,64148.1]","[0.427595,0.082121]","[-0.843606,-0.321783]","[259589,64443.1]","[0.998933,1]","[0,0]","[0,0]","[-0.939455,-0.925495]",0,"[]","[]","[]","[]","[]","[]","[]","[]","[]","[]",1,"[284674]","[0.335015]","[-0.743695]","[309679]","[73630]","[0]","[0.443596]","[0.328435]",0,"[]","[]","[]","[]","[]","[]","[]","[]","[]","[]",0,"[196.391]",4870.14,"[4847.54,2043.84]","[]","[6603.5]","[]"
816,284500,9238914,361105,8431.35,8579.63,1.65196e+11,0.506784,1,0.998921,1,1,0.999464,1.02276,1,0,1,0,1,"[0]","[1]","[29511.2]","[0.434491]","[-0.844089]","[32341.1]","[0.0582638]","[-1]","[13]","[1]","[0]","[3347.03]","[0.00908608]","[1.18554]",250512,-0.978324,1,"[276091]","[-0.354606]","[2.16157]","[293978]","[0.994429]","[0]","[0]","[-0.8544]",0,"[]","[]","[]","[]","[]","[]","[]","[]","[]","[]",1,"[288079]","[-0.350175]","[2.15643]","[306055]","[8996.46]","[0]","[6.56692]","[-1]",0,"[]","[]","[]","[]","[]","[]","[]","[]","[]","[]",0,"[159.525]",5822.31,"[9925.37]","[]","[1092.38]","[]"
817,284500,9241761,361105,8432.66,8579.63,1.65196e+11,0.402058,1,0.99322,1,1,0.998701,0.944936,1,0,1,0,1,"[0]","[1]","[291620]","[0.358147]","[-2.40071]","[310524]","[-0.0123825]","[-1]","[13]","[1]","[0]","[-491.194]","[0.00466375]","[0.683999]",110976,-2.37978,2,"[365039,24510.5]","[0.276616,0.150356]","[0.661862,1.78769]","[380628,25270.4]","[0.989986,0.981036]","[0,0]","[0,0]","[-0.616201,-0.920179]",0,"[]","[]","[]","[]","[]","[]","[]","[]","[]","[]",1,"[360302]","[0.243777]","[0.667883]","[372485]","[32534.9]","[0]","[1.47432]","[0.652046]",0,"[]","[]","[]","[]","[]","[]","[]","[]","[]","[]",0,"[35560]",4110.13,"[5466.95,1827.39]","[]","[8723.66]","[]"
818,284500,12667984,361105,8433.92,8579.63,1.65196e+11,0.934886,1,0.997505,1,1,0.999411,0.9309,1,0,1,0,1,"[0]","[1]","[29028.3]","[1.02782]","[1.58542]","[45759.8]","[0.00922394]","[-1]","[13]","[1]","[0]","[-388.008]","[-0.011926]","[1.25104]",198831,1.22707,1,"[255208]","[0.135354]","[-2.13481]","[258397]","[1]","[0]","[0]","[-0.941986]",0,"[]","[]","[]","[]","[]","[]","[]","[]","[]","[]",1,"[256449]","[0.138613]","[-2.13112]","[259633]","[19281.9]","[0]","[3.33981]","[0.65006]",0,"[]","[]","[]","[]","[]","[]","[]","[]","[]","[]",0,"[105.621]",1013.95,"[2993.5]","[]","[20276.6]","[]"
819,284500,12662716,361105,8434.03,8579.63,1.65196e+11,0,1,0.985263,1,1,0.996981,1.02127,1,0,1,0,1,"[0]","[1]","[61720.1]","[1.81232]","[0.195496]","[194045]","[-0.199796]","[-1]","[13]","[1]","[0]","[237.011]","[0.0214066]","[2.02062]",214602,0.238888,3,"[276096,36818.8,21245.3]","[1.09246,-1.58137,-2.3013]","[-2.86627,1.31753,-1.05419]","[458275,93433.6,107233]","[0.984072,0.978726,0.8301]","[0,0,0]","[0,0,0]","[-0.498186,0.559739,-0.543929]",0,"[]","[]","[]","[]","[]","[]","[]","[]","[]","[]",1,"[300167]","[1.09117]","[-2.86628]","[497723]","[20183.4]","[0]","[1.03387]","[0.204902]",0,"[]","[]","[]","[]","[]","[]","[]","[]","[]","[]",0,"[124.404]",6274.02,"[5150.28,2124.86,2611.7]","[]","[4441.69]","[]"
820,284500,12711551,361105,8429.29,8579.63,1.65196e+11,1.55465,1,0.996394,1,1,0.997143,0.727758,1,0,1,0,1,"[0]","[1]","[77251.7]","[0.641857]","[0.759543]","[93718.7]","[0.027565]","[-1]","[13]","[1]","[0]","[-505.919]","[0.0181223]","[2.65634]",265546,1.15238,4,"[263641,38125.1,26638.1,20550.5]","[1.17352,-0.0284614,1.49739,0.509318]","[-2.07598,-2.3019,-1.3387,-1.99026]","[467471,38979.9,62871.5,23547.6]","[1,0.983438,0.934651,0.99829]","[0,0,0,0]","[0,0,0,0]","[-0.873352,-0.563164,-0.85981,-0.765225]",0,"[]","[]","[]","[]","[]","[]","[]","[]","[]","[]",1,"[254913]","[1.19809]","[-2.07979]","[461089]","[15601.2]","[0]","[1.48398]","[0.48738]",0,"[]","[]","[]","[]","[]","[]","[]","[]","[]","[]",0,"[501.889]",24198.4,"[6468.79,3505.92,3066.88,1595.02]","[]","[3602.05]","[]"
821,284500,12615430,361105,8428.6,8579.63,1.65196e+11,1.08735,1,0.999919,1,1,0.99888,0.999873,1,0,1,0,1,"[0]","[1]","[29778.8]","[-2.19515]","[-2.7373]","[135385]","[0.208561]","[-1]","[13]","[1]","[0]","[-221.408]","[0.0326697]","[2.63309]",298839,-2.65564,1,"[321211]","[-1.94342]","[0.466375]","[1.1447e+06]","[0.987491]","[0]","[0]","[-0.909935]",0,"[]","[]","[]","[]","[]","[]","[]","[]","[]","[]",1,"[319913]","[-1.93993]","[0.468833]","[1.13618e+06]","[19744.2]","[0]","[3.0645]","[0.762916]",0,"[]","[]","[]","[]","[]","[]","[]","[]","[]","[]",0,"[493.592]",827.844,"[6013.57]","[]","[11316.3]","[]"
822,284500,12311230,361105,8439.44,8579.63,1.65196e+11,1.08735,0.96727,1,1,1,0.998596,0.99061,1,1,0,0,1,"[0]","[1]","[50923.9]","[-1.96725]","[0.0477581]","[185638]","[-0.0042038]","[-1]","[11]","[1]","[0]","[883.76]","[0.0212707]","[1.45905]",136757,0.122283,4,"[258165,88184.1,63948.9,20326]","[-1.28249,-2.17193,-1.80517,-1.18795]","[-3.09816,-0.736684,1.88838,-0.715159]","[501493,392138,199830,36612.8]","[0.99065,0.997109,0.99,0.958225]","[0,0,0,0]","[0,0,0,0]","[-0.88328,0.0276476,-0.896431,-0.928116]",0,"[]","[]","[]","[]","[]","[]","[]","[]","[]","[]",1,"[252387]","[-1.29771]","[-3.08984]","[496571]","[10921.7]","[0]","[2.60911]","[0.49771]",0,"[]","[]","[]","[]","[]","[]","[]","[]","[]","[]",0,"[276.303]",17231.5,"[17559.7,2793.48,2539.88,1398.22]","[]","[25764.1]","[]"
823,284500,12413728,361105,8432.35,8579.63,1.65196e+11,0,0.97538,1,1,1,0.999222,1.01508,1,1,0,0,1,"[0]","[1]","[82546.1]","[-1.72439]","[-1.34607]","[238863]","[0.090678]","[-1]","[11]","[1]","[0]","[1106.03]","[-0.00966482]","[0.971188]",250804,-1.44791,1,"[338884]","[-0.281964]","[1.80855]","[353060]","[1]","[0]","[0]","[-0.931401]",0,"[]","[]","[]","[]","[]","[]","[]","[]","[]","[]",1,"[314642]","[-0.278624]","[1.80236]","[327059]","[9033.46]","[0]","[0.981266]","[0.0525892]",0,"[]","[]","[]","[]","[]","[]","[]","[]","[]","[]",0,"[689.35]",9890.61,"[5449.23]","[]","[3446.22]","[]"
824,284500,11740900,361105,8434.41,8579.63,1.65196e+11,0.596562,0.97332,1,1,1,0.998816,0.98683,1,1,0,0,1,"[0]","[1]","[79218.9]","[-1.01332]","[2.7667]","[123492]","[0.0918226]","[-1]","[11]","[1]","[0]","[-558.082]","[-0.0021154]","[0.271871]",261008,2.75052,4,"[293444,38027.7,37563.2,30576.8]","[-1.12378,-0.938418,1.24971,-2.22187]","[-0.315099,-1.5734,1.08416,0.64346]","[500196,56455,71069.8,142742]","[0.996973,0.920404,0.98246,0.895116]","[0,4,0,4]","[0,0,0,0]","[-0.856611,-0.748597,-0.347144,-0.030799]",0,"[]","[]","[]","[]","[]","[]","[]","[]","[]","[]",1,"[280077]","[-1.13694]","[-0.321675]","[481867]","[19934.5]","[0]","[2.15635]","[0.753069]",0,"[]","[]","[]","[]","[]","[]","[]","[]","[]","[]",0,"[520.828]",2617.45,"[10588,1316.48,2520.71,1667.04]","[]","[13189.9]","[]"
825,284500,12364552,361105,8441.47,8579.63,1.65196e+11,0.923924,0.98458,1,1,1,0.999377,1.00582,1,1,0,0,1,"[0]","[1]","[93756.7]","[-0.158469]","[-0.613327]","[94936.4]","[-0.0313244]","[-1]","[11]","[1]","[0]","[2235.39]","[0.00693211]","[0.568514]",216095,-0.694727,1,"[299379]","[0.0639118]","[2.5137]","[300383]","[0.990279]","[0]","[0]","[-0.9462]",0,"[]","[]","[]","[]","[]","[]","[]","[]","[]","[]",1,"[302793]","[0.0554416]","[2.51956]","[303481]","[11607.3]","[0]","[6.63925]","[-1]",0,"[]","[]","[]","[]","[]","[]","[]","[]","[]","[]",0,"[890.851]",7841.69,"[8366.93]","[]","[17147]","[]"
826,284500,12367440,361105,8434.19,8579.63,1.65196e+11,0.596562,0.96024,1,1,1,0.999299,0.93884,1,1,0,0,1,"[0]","[1]","[51239.2]","[1.33543]","[2.74513]","[104135]","[-0.00797009]","[-1]","[11]","[1]","[0]","[220.235]","[-0.00775884]","[0.795867]",251686,2.74118,1,"[321746]","[-0.136062]","[-0.406693]","[325127]","[0.998912]","[0]","[0]","[-0.955971]",0,"[]","[]","[]","[]","[]","[]","[]","[]","[]","[]",1,"[314385]","[-0.137322]","[-0.411679]","[317679]","[14376.5]","[0]","[7.72118]","[0.454547]",0,"[]","[]","[]","[]","[]","[]","[]","[]","[]","[]",0,"[307.654]",3478.94,"[4091.67]","[]","[14434.1]","[]"
827,284500,12355453,361105,8435.97,8579.63,1.65196e+11,0.506784,0.97166,1,1,1,0.997364,1.0005,1,1,0,0,1,"[0]","[1]","[127143]","[2.2971]","[-0.0503534]","[638632]","[-0.155365]","[-1]","[11]","[1]","[0]","[2135.99]","[0.0209586]","[1.07245]",150819,-0.280459,2,"[251821,21608.7]","[1.63568,2.09649]","[2.92348,-3.02277]","[671154,89359.5]","[0.993325,0.991354]","[0,0]","[0,0]","[-0.932152,-0.894187]",0,"[]","[]","[]","[]","[]","[]","[]","[]","[]","[]",1,"[251737]","[1.64306]","[2.91614]","[675284]","[10305.7]","[0]","[2.25458]","[0.681448]",0,"[]","[]","[]","[]","[]","[]","[]","[]","[]","[]",0,"[2241.11]",29370.1,"[21360.4,1645.96]","[]","[1535.83]","[]"
828,284500,8359551,361105,8428.56,8579.63,1.65196e+11,1.08735,1,0.996796,1,1,0.998991,0.977623,1,0,1,0,1,"[0]","[1]","[69567.5]","[-0.396271]","[0.672257]","[75101.6]","[-0.115822]","[-1]","[13]","[1]","[1480]","[657.146]","[0.103847]","[16.6214]",272993,0.619374,2,"[317539,29396.7]","[0.394429,0.627829]","[-2.49193,-1.95052]","[344018,35835.4]","[0.999921,0.970315]","[0,0]","[0,0]","[-0.914736,-0.732214]",0,"[]","[]","[]","[]","[]","[]","[]","[]","[]","[]",1,"[307347]","[0.433998]","[-2.49412]","[338065]","[29793.8]","[0]","[1.89592]","[0.677347]",0,"[]","[]","[]","[]","[]","[]","[]","[]","[]","[]",0,"[813.278]",4422.16,"[4341.54,2294.34]","[]","[9402.5]","[]"
829,284500,12374046,361105,8429.71,8579.63,1.65196e+11,0.596562,0.96311,1,1,1,1.10634,1.00058,1,1,0,0,1,"[0]","[1]","[51174.9]","[-1.79322]","[-0.298856]","[158007]","[-0.0401039]","[-1]","[11]","[1]","[0]","[810.104]","[0.015435]","[0.48281]",189782,-0.171114,4,"[287559,77891.1,52070.1,27281.1]","[-0.697912,-1.78358,-0.667953,-0.679334]","[-2.89492,0.823014,0.989943,2.75419]","[362137,239035,64764.5,34224.6]","[0.999475,0.988717,0.867174,0.894432]","[4,0,0,0]","[0,0,0,0]","[0.954882,-0.876449,-0.766444,-0.177525]",0,"[]","[]","[]","[]","[]","[]","[]","[]","[]","[]",1,"[268148]","[-0.683984]","[-2.91308]","[336984]","[49309.8]","[0]","[2.2208]","[0.813717]",0,"[]","[]","[]","[]","[]","[]","[]","[]","[]","[]",0,"[322.046]",383.594,"[5369.63,4454.53,2126.2,2327.41]","[]","[1368.16]","[]"
830,284500,11698650,361105,8435.68,8579.63,1.65196e+11,0.402058,1,0.989771,1,1,0.998858,1.03183,1,0,1,0,1,"[0]","[1]","[51379.1]","[1.85816]","[-1.4781]","[168726]","[-0.122696]","[-1]","[13]","[1]","[0]","[-210.151]","[-0.000825817]","[0.104951]",95878.3,-0.474476,2,"[246159,123827]","[0.178116,0.305038]","[2.3909,-0.693756]","[250187,130483]","[0.990883,0.984464]","[0,0]","[0,0]","[-0.932288,-0.928844]",0,"[]","[]","[]","[]","[]","[]","[]","[]","[]","[]",1,"[257012]","[0.14779]","[2.38982]","[259945]","[7936.92]","[0]","[4.97102]","[0.521738]",0,"[]","[]","[]","[]","[]","[]","[]","[]","[]","[]",0,"[128.621]",6178.38,"[6860.47,2040.89]","[]","[18091.4]","[]"
831,284500,11723577,361105,8431.83,8579.63,1.65196e+11,0.75088,0.98458,1,1,1,0.999451,1.00582,1,1,0,0,1,"[0]","[1]","[122774]","[-0.220311]","[2.19757]","[125765]","[-0.0761719]","[-1]","[11]","[1]","[0]","[996.733]","[0.0284757]","[4.17546]",145125,2.15846,1,"[274307]","[-0.049509]","[-0.931965]","[276118]","[0.994459]","[0]","[0]","[0.613916]",0,"[]","[]","[]","[]","[]","[]","[]","[]","[]","[]",1,"[261335]","[-0.104726]","[-0.933596]","[264552]","[30660]","[0]","[1.83428]","[0.773284]",0,"[]","[]","[]","[]","[]","[]","[]","[]","[]","[]",0,"[492.325]",630.062,"[2935.74]","[]","[0]","[]"
832,284500,8154797,361105,8433.97,8579.63,1.65196e+11,0.402058,0.99242,1,1,1,0.999421,0.99765,1,1,0,0,1,"[0]","[1]","[167929]","[0.613812]","[-2.98953]","[200569]","[0.0227661]","[-1]","[11]","[1]","[0]","[1249.84]","[-0.00274497]","[0.302874]",85969.7,-2.84756,2,"[284970,76014.8]","[0.648679,1.65917]","[0.476301,-1.71671]","[347785,207231]","[0.994926,1]","[0,0]","[0,0]","[-0.906581,0.694794]",0,"[]","[]","[]","[]","[]","[]","[]","[]","[]","[]",1,"[271067]","[0.679503]","[0.479625]","[336713]","[20457.3]","[0]","[1.72495]","[0.460978]",0,"[]","[]","[]","[]","[]","[]","[]","[]","[]","[]",0,"[1109.61]",4757.69,"[3341.88,8754.67]","[]","[7653.19]","[]"
833,284500,12105675,361105,8436.64,8579.63,1.65196e+11,0.934886,1,1.00126,1,1,0.982207,1.01367,1,0,1,0,1,"[0]","[1]","[104880]","[1.17266]","[0.259249]","[185644]","[-0.0220299]","[-1]","[13]","[1]","[0]","[-498.662]","[-0.0155185]","[2.5316]",200694,0.657277,3,"[201799,150413,43899.7]","[1.08415,1.38904,2.37087]","[-2.47592,-2.96532,-0.000579715]","[333025,320875,237101]","[0.986115,0.998712,0.842071]","[0,4,4]","[0,0,0]","[-0.867876,-0.915528,0.374663]",0,"[]","[]","[]","[]","[]","[]","[]","[]","[]","[]",1,"[339578]","[1.24176]","[-2.69201]","[645412]","[105047]","[0]","[0.750196]","[0.803681]",0,"[]","[]","[]","[]","[]","[]","[]","[]","[]","[]",0,"[6419.1]",3059.22,"[9779.16,12823.6,6501.9]","[]","[4189.59]","[]"
834,284500,8156609,361105,8435.33,8579.63,1.65196e+11,0.934886,0.99211,1,1,1,0.998718,0.9918,1,1,0,0,1,"[0]","[1]","[163579]","[-0.603183]","[0.67731]","[194249]","[-0.00963211]","[-1]","[11]","[1]","[0]","[-1216.36]","[0.0121429]","[1.18808]",160937,0.770798,2,"[409499,120177]","[-0.632862,-1.41439]","[-2.19653,1.61112]","[494430,261948]","[0.98714,0.998781]","[0,0]","[0,0]","[-0.679552,-0.920824]",0,"[]","[]","[]","[]","[]","[]","[]","[]","[]","[]",1,"[407408]","[-0.63956]","[-2.19948]","[493610]","[-0.0078125]","[0]","[0]","[-1]",0,"[]","[]","[]","[]","[]","[]","[]","[]","[]","[]",0,"[1025.32]",6006.69,"[6523.54,3153.38]","[]","[22997.5]","[]"
835,284500,12539308,361105,8438.53,8579.63,1.65196e+11,1.32095,1,0.994662,1,1,0.998839,1.12081,1,0,1,0,1,"[0]","[1]","[52780.4]","[-0.934531]","[3.01346]","[77555.3]","[-0.0171356]","[-1]","[13]","[1]","[0]","[-1035.8]","[0.0105904]","[1.21508]",88047.3,-3.09915,2,"[253513,126266]","[-0.0466735,1.06782]","[-0.29388,2.5295]","[254226,206114]","[0.999378,1]","[0,0]","[0,0]","[-0.215993,-0.884141]",0,"[]","[]","[]","[]","[]","[]","[]","[]","[]","[]",1,"[255535]","[-0.0887989]","[-0.302723]","[256738]","[9980.88]","[0]","[2.09143]","[0.466668]",0,"[]","[]","[]","[]","[]","[]","[]","[]","[]","[]",0,"[386.425]",21691,"[3130.48,6974.72]","[]","[0]","[]"
836,284500,12651987,361105,8430.64,8579.63,1.65196e+11,0,1,0.982255,1,1,0.998707,0.96028,1,0,1,0,1,"[0]","[1]","[71224.9]","[-0.539405]","[1.26486]","[81840.4]","[-0.0415955]","[-1]","[13]","[1]","[0]","[-773.289]","[-0.0201033]","[2.97959]",280388,0.933722,2,"[313931,25015.3]","[-1.31519,0.0793977]","[-1.89867,2.9946]","[629803,25825.8]","[0.995758,0.944433]","[0,0]","[0,0]","[-0.588276,-0.862689]",0,"[]","[]","[]","[]","[]","[]","[]","[]","[]","[]",1,"[322231]","[-1.34156]","[-1.88993]","[661701]","[66106.9]","[0]","[1.55432]","[0.778517]",0,"[]","[]","[]","[]","[]","[]","[]","[]","[]","[]",0,"[1362.68]",6822.16,"[6038.89,1769.27]","[]","[18628.1]","[]"
837,284500,12545655,361105,8436.09,8579.63,1.65196e+11,1.74563,0.97921,1,1,1,0.986037,1.00192,1,1,0,0,1,"[0]","[1]","[64761.8]","[-0.519312]","[-1.41385]","[73692.4]","[-0.0244884]","[-1]","[11]","[1]","[0]","[2512.64]","[-0.0132304]","[1.22934]",197256,-1.05061,4,"[263209,91214.5,58036.1,20153.1]","[-0.311424,-0.223835,1.9715,0.776344]","[1.75202,2.64694,-1.06835,-1.43915]","[277351,93940.7,212589,26930]","[0.980522,0.979254,0.990882,0.979278]","[4,0,0,0]","[0,0,0,0]","[-0.252592,-0.906104,-0.579382,-0.360916]",0,"[]","[]","[]","[]","[]","[]","[]","[]","[]","[]",1,"[315657]","[-0.287292]","[1.95866]","[355172]","[134368]","[0]","[0.924428]","[0.474582]",0,"[]","[]","[]","[]","[]","[]","[]","[]","[]","[]",0,"[391.247]",69.0312,"[2574.94,3446.2,4872.79,2690.06]","[]","[7812.75]","[]"
838,284500,11281626,361105,8435.62,8579.63,1.65196e+11,1.08735,0.9823,1,1,1,0.999148,1.00632,1,1,0,0,1,"[0]","[1]","[120173]","[0.495636]","[2.00004]","[135238]","[-0.00497532]","[-1]","[11]","[1]","[0]","[-556.302]","[-0.0107165]","[1.48991]",246099,2.12547,2,"[310350,131448]","[-0.680739,1.92079]","[-0.627649,-1.91257]","[386996,458469]","[0.993954,0.996018]","[0,0]","[0,0]","[-0.253611,-0.107447]",0,"[]","[]","[]","[]","[]","[]","[]","[]","[]","[]",1,"[276402]","[-0.682]","[-0.632325]","[345009]","[35152.8]","[0]","[1.51549]","[0.637549]",0,"[]","[]","[]","[]","[]","[]","[]","[]","[]","[]",0,"[503.147]",5107.2,"[4175.83,6675.51]","[]","[6431.47]","[]"
839,284500,11735527,361105,8432.29,8579.63,1.65196e+11,0.934886,0.97826,1,1,1,0.997653,1.00493,1,1,0,0,1,"[0]","[1]","[86574.3]","[-1.21381]","[2.90243]","[158575]","[-0.0631142]","[-1]","[11]","[1]","[1423.58]","[587.154]","[0.0689992]","[7.97875]",288765,-3.11577,6,"[236212,177809,84265.5,58952.3,25765.4,20134.2]","[-1.40955,-1.25914,-1.28976,-1.24714,0.613918,-0.66915]","[-0.809625,0.777193,-0.319555,1.78677,0.39125,1.85736]","[513093,338945,164685,111644,31262.5,25082.9]","[1,0.994937,0.995101,0.995691,0.910312,0.95656]","[0,0,0,0,0,0]","[0,0,0,0,0,0]","[-0.707758,-0.686885,-0.938657,-0.922445,-0.842973,-0.937353]",0,"[]","[]","[]","[]","[]","[]","[]","[]","[]","[]",1,"[310941]","[-1.38326]","[-0.673752]","[663346]","[75962.9]","[0]","[0.913908]","[0.760789]",0,"[]","[]","[]","[]","[]","[]","[]","[]","[]","[]",0,"[1064.42]",8572.53,"[5524.41,11890.4,3016.32,7869.92,2508.43,4338.62]","[]","[6932.69]","[]"
840,284500,11870358,361105,8436.65,8579.63,1.65196e+11,0.934886,0.97921,1,1,1,0.997915,1.00192,1,1,0,0,1,"[0]","[1]","[79505]","[-0.414068]","[-1.60481]","[86418.6]","[-0.0481911]","[-1]","[11]","[1]","[0]","[-314.497]","[0.0130938]","[2.12949]",155773,-1.4026,4,"[288597,83995.1,49748,25005.1]","[0.410273,-0.907976,-0.866583,-1.25883]","[2.1331,-0.0692551,-0.659625,1.64114]","[313334,122101,70313.6,47863.8]","[0.982941,0.993456,1,0.969077]","[0,0,0,0]","[0,0,0,0]","[-0.629525,-0.903614,-0.949311,-0.921448]",0,"[]","[]","[]","[]","[]","[]","[]","[]","[]","[]",1,"[282250]","[0.39584]","[2.13295]","[304726]","[6690.29]","[0]","[16.1942]","[0.151254]",0,"[]","[]","[]","[]","[]","[]","[]","[]","[]","[]",0,"[760.019]",13211,"[6406.79,3695.45,4488.73,4599.06]","[]","[21182.7]","[]"
841,284500,12698933,361105,8432.17,8579.63,1.65196e+11,1.55465,1,0.998207,1,1,0.998649,0.910991,1,0,1,0,1,"[0]","[1]","[285705]","[-1.11562]","[-2.84329]","[482721]","[-0.0494766]","[-1]","[13]","[1]","[0]","[-152.023]","[-0.0048246]","[0.95395]",67731.8,-2.92238,3,"[292708,30428.4,22616.4]","[0.17446,0.605138,0.067161]","[0.37418,-0.0739177,-0.204856]","[298685,36392.1,22922.4]","[0.999488,0.612523,0.963125]","[0,0,0]","[0,0,0]","[-0.767293,-0.899459,-0.0308724]",0,"[]","[]","[]","[]","[]","[]","[]","[]","[]","[]",1,"[307330]","[0.20542]","[0.352144]","[317460]","[47821.1]","[0]","[1.91124]","[0.722765]",0,"[]","[]","[]","[]","[]","[]","[]","[]","[]","[]",0,"[33142.8]",29224.9,"[6928.52,8758.3,1179.26]","[]","[7945.22]","[]"
842,284500,12750951,361105,8435.62,8579.63,1.65196e+11,1.08735,1.00588,1,1,1,0.998903,1.00306,1,1,0,0,1,"[0]","[1]","[294520]","[1.041]","[1.62737]","[469047]","[-0.031498]","[-1]","[11]","[1]","[0]","[259.215]","[-0.0144963]","[1.63308]",121052,1.63311,1,"[400800]","[0.108277]","[-1.51521]","[403932]","[0.990208]","[0]","[0]","[-0.827914]",0,"[]","[]","[]","[]","[]","[]","[]","[]","[]","[]",2,"[402195,307965]","[0.140398,1.06807]","[-1.51608,1.62627]","[406615,500977]","[19111.7,2577.73]","[0,1]","[4.03995,0]","[0.1099,-1]",0,"[]","[]","[]","[]","[]","[]","[]","[]","[]","[]",0,"[3971.65]",1269.45,"[4708.17]","[]","[8212.53,8250.75]","[]"
843,284500,12848795,361105,8433.55,8579.63,1.65196e+11,0.402058,0.98413,1,1,1,0.997805,1,1,1,0,0,1,"[0]","[1]","[80240.3]","[-0.911634]","[-2.64029]","[115957]","[-0.00163031]","[-1]","[11]","[0]","[1744.48]","[372.262]","[0.0718086]","[8.22941]",309546,-2.50954,3,"[402955,29419.3,22745]","[-1.51507,1.12899,0.730968]","[0.634052,-1.46165,1.6933]","[961314,50586.6,29189.5]","[0.98,0.989274,1]","[0,0,0]","[0,0,0]","[-0.937768,-0.941996,-0.609438]",0,"[]","[]","[]","[]","[]","[]","[]","[]","[]","[]",1,"[397854]","[-1.51663]","[0.641981]","[950368]","[21242.5]","[0]","[2.82992]","[0.58749]",0,"[]","[]","[]","[]","[]","[]","[]","[]","[]","[]",0,"[641.273]",3072.31,"[5576.47,2131.73,2715.46]","[]","[46278.3]","[]"
844,284500,12812547,361105,8436.5,8579.63,1.65196e+11,1.55465,1,0.995995,1,1,0.997612,1.00608,1,0,1,0,1,"[0]","[1]","[110334]","[-1.10911]","[2.86018]","[185445]","[0.0290985]","[-1]","[13]","[1]","[0]","[-791.696]","[-0.0578632]","[10.4]",148786,3.13548,2,"[267690,25696.7]","[-1.50724,-1.32089]","[-0.232287,1.64349]","[634040,51968.6]","[0.996534,0.806309]","[0,0]","[0,0]","[-0.937243,-0.162556]",0,"[]","[]","[]","[]","[]","[]","[]","[]","[]","[]",1,"[287727]","[-1.48445]","[-0.234082]","[667541]","[13546]","[0]","[2.78164]","[0.722256]",0,"[]","[]","[]","[]","[]","[]","[]","[]","[]","[]",0,"[3784.42]",1233.03,"[4049.88,2042.14]","[]","[19899.8]","[]"
845,284500,6828718,361105,8435.37,8579.63,1.65196e+11,0.596562,1,0.99254,1,1,0.99894,1.01352,1,0,1,0,1,"[0]","[1]","[239103]","[1.72393]","[-0.595079]","[691590]","[0.118906]","[-1]","[13]","[1]","[0]","[870.279]","[0.0322201]","[6.38828]",132448,-0.509494,1,"[372501]","[0.886566]","[2.5862]","[529210]","[0.99561]","[0]","[0]","[-0.586167]",0,"[]","[]","[]","[]","[]","[]","[]","[]","[]","[]",1,"[366747]","[0.876623]","[2.57474]","[516974]","[7355.57]","[0]","[2.99779]","[0.412181]",0,"[]","[]","[]","[]","[]","[]","[]","[]","[]","[]",0,"[10634.6]",6149.33,"[7674.31]","[]","[6638.78]","[]"
846,284500,11172748,361105,8433.58,8579.63,1.65196e+11,0.596562,1,0.988403,1,1,0.997354,1.0079,1,0,1,0,1,"[0]","[1]","[89700.6]","[1.74837]","[-3.11364]","[265483]","[0.137151]","[-1]","[13]","[1]","[0]","[-227.167]","[-0.00591765]","[0.904567]",245042,-2.83838,3,"[319253,50178.7,25720.8]","[0.669321,-1.30345,2.49778]","[0.370902,-1.17512,1.77953]","[394014,99431,157440]","[0.989515,0.991764,0]","[0,0,0]","[0,0,0]","[-0.897632,-0.285366,-0.845484]",0,"[]","[]","[]","[]","[]","[]","[]","[]","[]","[]",1,"[304889]","[0.675451]","[0.365981]","[377438]","[15401.8]","[0]","[3.58899]","[0.0647886]",0,"[]","[]","[]","[]","[]","[]","[]","[]","[]","[]",0,"[3768.73]",6375.53,"[7505.41,4589.97,3182.67]","[]","[4352.5]","[]"
847,284500,11230216,361105,8434.65,8579.63,1.65196e+11,0.596562,1,1.00036,1,1,0.99886,1.02371,1,0,1,0,1,"[0]","[1]","[34226.7]","[-1.51833]","[0.213151]","[81864.7]","[-0.00693893]","[-1]","[13]","[1]","[0]","[-385.746]","[0.00120556]","[0.101588]",295236,-0.242952,2,"[306053,22756.5]","[0.969742,0.772618]","[2.82093,-3.03814]","[464486,30174.2]","[0.991888,0.639406]","[0,0]","[0,0]","[-0.735714,-0.144604]",0,"[]","[]","[]","[]","[]","[]","[]","[]","[]","[]",1,"[312626]","[0.983464]","[2.83148]","[479987]","[58582.2]","[0]","[1.41796]","[0.849747]",0,"[]","[]","[]","[]","[]","[]","[]","[]","[]","[]",0,"[404.702]",3511.72,"[4174.11,2760.49]","[]","[25356]","[]"
848,284500,11827360,361105,8433.01,8579.63,1.65196e+11,1.55465,1,0.988176,1,1,0.999138,0.989653,1,0,1,0,1,"[0]","[1]","[114198]","[1.71626]","[2.19669]","[327944]","[-0.0677338]","[-1]","[13]","[1]","[0]","[-233.769]","[-0.026843]","[3.70796]",240479,2.6081,1,"[348166]","[0.363373]","[-0.662083]","[371847]","[0.99217]","[0]","[0]","[-0.900129]",0,"[]","[]","[]","[]","[]","[]","[]","[]","[]","[]",1,"[350367]","[0.348618]","[-0.662529]","[372333]","[18471.1]","[0]","[2.39015]","[0.0664138]",0,"[]","[]","[]","[]","[]","[]","[]","[]","[]","[]",0,"[878.541]",2192.53,"[4346.36]","[]","[17055.2]","[]"
849,284500,8337131,361105,8427.68,8579.63,1.65196e+11,0.596562,1,0.997505,1,1,0.997674,0.992679,1,0,1,0,1,"[0]","[1]","[189972]","[1.27887]","[1.34015]","[367687]","[-0.0318756]","[-1]","[13]","[1]","[0]","[-249.179]","[0.0451369]","[7.5349]",79884.5,1.56863,4,"[446745,101468,43281.6,37799.5]","[0.915251,1.88601,-1.10042,-1.29978]","[-1.96475,0.632388,1.23502,0.806092]","[647689,342363,72269.9,74518.5]","[0.990186,0.998522,0.993084,0.982462]","[0,0,0,0]","[0,0,0,0]","[-0.980141,-0.869485,-0.887539,-0.909829]",0,"[]","[]","[]","[]","[]","[]","[]","[]","[]","[]",1,"[429410]","[0.893902]","[-1.9644]","[612794]","[10446.7]","[0]","[3.04192]","[0.304833]",0,"[]","[]","[]","[]","[]","[]","[]","[]","[]","[]",0,"[53210.2]",1305.58,"[7646.05,5548.97,2188.52,2179.49]","[]","[5597.34]","[]"
850,284500,12345605,361105,8431.97,8579.63,1.65196e+11,0.402058,0.99093,1,1,1,0.985998,1.00306,1,1,0,0,1,"[0]","[1]","[100052]","[0.860655]","[0.197022]","[139452]","[4.29153e-05]","[-1]","[11]","[1]","[0]","[-963.45]","[0.0626203]","[5.44978]",182729,0.151501,5,"[256085,55291.2,25907.5,20712,20165.9]","[1.52681,0.460399,-1.3204,0.615901,2.05897]","[-2.79835,2.02617,-0.807789,2.60277,-2.75149]","[617520,61500.8,52118.8,25091.1,80405.1]","[0.992656,0.997274,0.98,1,0.91013]","[4,0,0,0,0]","[0,0,0,0,0]","[0.32219,-0.52648,0.358414,-0.861252,-0.302335]",0,"[]","[]","[]","[]","[]","[]","[]","[]","[]","[]",1,"[265363]","[1.52283]","[-2.79694]","[637340]","[6700.31]","[0]","[0.752392]","[0.294445]",0,"[]","[]","[]","[]","[]","[]","[]","[]","[]","[]",0,"[905.044]",2932.8,"[2742.48,2086.9,5180.94,5653.42,1593.64]","[]","[5125.81]","[]"
851,284500,10654371,361105,8430,8579.63,1.65196e+11,1.08735,0.96558,1,1,1,0.999134,0.99746,1,1,0,0,1,"[0]","[1]","[70409.5]","[-1.59588]","[2.83745]","[180791]","[-0.192744]","[-1]","[11]","[1]","[0]","[261.102]","[-0.0802695]","[5.54197]",246947,2.68715,1,"[311835]","[-1.29016]","[-0.239884]","[609963]","[1]","[0]","[0]","[0.4872]",0,"[]","[]","[]","[]","[]","[]","[]","[]","[]","[]",1,"[291673]","[-1.29198]","[-0.233993]","[571096]","[14710.7]","[0]","[2.35431]","[0.747547]",0,"[]","[]","[]","[]","[]","[]","[]","[]","[]","[]",0,"[659.617]",4050.56,"[5796.71]","[]","[20671.4]","[]"
852,284500,12332003,361105,8436.75,8579.63,1.65196e+11,1.55465,0.97826,1,1,1,0.998821,1.00493,1,1,0,0,1,"[0]","[1]","[133396]","[-1.28924]","[1.86185]","[260488]","[0.0607224]","[-1]","[11]","[1]","[0]","[-1055.15]","[0.0518343]","[7.66952]",225989,1.97163,1,"[349606]","[-1.64573]","[-1.23142]","[940419]","[0.996572]","[0]","[0]","[-0.873056]",0,"[]","[]","[]","[]","[]","[]","[]","[]","[]","[]",1,"[336929]","[-1.65818]","[-1.22989]","[916729]","[21194.7]","[0]","[3.4395]","[0.785433]",0,"[]","[]","[]","[]","[]","[]","[]","[]","[]","[]",0,"[1487.38]",13028.4,"[13994.2]","[]","[5299.81]","[]"
853,284500,10837444,361105,8427.63,8579.63,1.65196e+11,0.75088,0.97921,1,1,1,1,1.00192,1,1,0,0,1,"[0]","[1]","[75434.6]","[-0.385858]","[-0.680339]","[81120.2]","[0.0272903]","[-1]","[11]","[1]","[0]","[-1001.87]","[0.0102834]","[1.01377]",370434,-0.712619,0,"[]","[]","[]","[]","[]","[]","[]","[]",0,"[]","[]","[]","[]","[]","[]","[]","[]","[]","[]",1,"[423102]","[0.551536]","[2.45117]","[489303]","[14036.2]","[0]","[5.45136]","[0.310663]",0,"[]","[]","[]","[]","[]","[]","[]","[]","[]","[]",0,"[180.625]",1244.56,"[]","[]","[52274.8]","[]"
854,284500,11403339,361105,8435.93,8579.63,1.65196e+11,1.32095,1,0.987593,1,1,0.998621,0.984151,1,0,1,0,1,"[0]","[1]","[30071.2]","[1.92648]","[-2.02442]","[105414]","[-0.0636063]","[-1]","[13]","[1]","[0]","[-347.804]","[0.0780878]","[5.47953]",235419,-2.01489,3,"[261918,27577.6,25267.4]","[0.888006,0.936176,-0.246388]","[0.981219,-2.90449,1.82133]","[374705,40817.5,26263.2]","[0.989385,0.988193,1]","[0,0,0]","[0,0,0]","[-0.602871,-0.645366,-0.861913]",0,"[]","[]","[]","[]","[]","[]","[]","[]","[]","[]",1,"[264997]","[0.836036]","[0.966955]","[366216]","[47449.7]","[0]","[1.77944]","[0.767346]",0,"[]","[]","[]","[]","[]","[]","[]","[]","[]","[]",0,"[192.589]",712.391,"[3822.34,3554.14,2138.61]","[]","[5876.12]","[]"
855,284500,12652663,361105,8436.48,8579.63,1.65196e+11,1.24168,0.97209,1,1,1,0.999014,0.99756,1,1,0,0,1,"[0]","[1]","[61318.1]","[0.0198763]","[1.37458]","[61330.2]","[-0.0249901]","[-1]","[11]","[1]","[2921.5]","[1911.8]","[-0.0218565]","[2.14876]",138945,1.7155,4,"[292072,54547.3,48219,23307.1]","[0.387617,-0.46584,0.333689,0.317689]","[-1.28795,2.57562,1.98114,-2.44263]","[314915,61416.5,51525.4,24799.7]","[0.995891,0.996927,0.995085,0.99]","[0,0,0,0]","[0,0,0,0]","[-0.979662,-0.953354,-0.645264,-0.421262]",0,"[]","[]","[]","[]","[]","[]","[]","[]","[]","[]",1,"[294201]","[0.416695]","[-1.29136]","[320659]","[18678.5]","[0]","[3.6459]","[0.56386]",0,"[]","[]","[]","[]","[]","[]","[]","[]","[]","[]",0,"[444.07]",26514.3,"[3343.61,2807.81,2771.51,2610.11]","[]","[2901.03]","[]"
856,284500,12624578,361105,8437.82,8579.63,1.65196e+11,0.596562,1,0.998865,1,1,0.999459,0.958895,1,0,1,0,1,"[0]","[1]","[68482.6]","[0.742603]","[3.1064]","[88249.2]","[0.156639]","[-1]","[13]","[1]","[0]","[-380.874]","[0.0144696]","[2.54956]",217173,-2.94137,1,"[282446]","[0.618724]","[0.145242]","[338387]","[0.999759]","[0]","[0]","[-0.793427]",0,"[]","[]","[]","[]","[]","[]","[]","[]","[]","[]",1,"[296119]","[0.567647]","[0.144189]","[345152]","[4544.54]","[0]","[0]","[-1]",0,"[]","[]","[]","[]","[]","[]","[]","[]","[]","[]",0,"[634.222]",10565.8,"[11004.7]","[]","[12173.8]","[]"
857,284500,12646921,361105,8438.53,8579.63,1.65196e+11,1.08735,1,0.993424,1,1,0.99918,0.754642,1,0,1,0,1,"[0]","[1]","[44372.2]","[0.67411]","[2.42048]","[54841.8]","[0.271698]","[-1]","[13]","[1]","[0]","[-352.664]","[0.094806]","[12.306]",217512,2.53218,1,"[273698]","[1.28164]","[-0.618495]","[531229]","[1]","[0]","[0]","[-0.840356]",0,"[]","[]","[]","[]","[]","[]","[]","[]","[]","[]",1,"[288789]","[1.29713]","[-0.618899]","[567908]","[12257.9]","[0]","[3.09107]","[0.608181]",0,"[]","[]","[]","[]","[]","[]","[]","[]","[]","[]",0,"[134.209]",10959.1,"[11531.5]","[]","[2404.47]","[]"
858,284500,11450460,361105,8436.1,8579.63,1.65196e+11,0.402058,1,0.994235,1,1,0.999191,0.899631,1,0,1,0,1,"[0]","[1]","[138032]","[0.860858]","[1.06128]","[192416]","[0.0198808]","[-1]","[13]","[1]","[0]","[-428.109]","[0.026201]","[5.25797]",141265,1.28799,1,"[271312]","[1.24986]","[-1.96158]","[512734]","[1]","[0]","[0]","[-0.860377]",0,"[]","[]","[]","[]","[]","[]","[]","[]","[]","[]",1,"[282038]","[1.25583]","[-1.95715]","[535379]","[11825]","[0]","[2.47055]","[0.539771]",0,"[]","[]","[]","[]","[]","[]","[]","[]","[]","[]",0,"[3187.88]",7692.34,"[8688.94]","[]","[8154.44]","[]"
859,284500,12351966,361105,8429.53,8579.63,1.65196e+11,1.55465,1,1.00099,1,1,0.998295,0.967356,1,0,1,0,1,"[0]","[1]","[102845]","[1.12685]","[-0.688965]","[175350]","[-0.0421162]","[-1]","[13]","[1]","[0]","[-484.15]","[-0.00265073]","[0.354285]",245058,-0.473739,3,"[317364,21673.8,20729.2]","[0.326144,-1.15721,0.288094]","[2.65378,1.55519,-2.58296]","[335046,38183.8,21934.6]","[0.992745,0.993888,0.983977]","[0,0,0]","[0,0,0]","[-0.924076,-0.806587,-0.850243]",0,"[]","[]","[]","[]","[]","[]","[]","[]","[]","[]",1,"[318347]","[0.33325]","[2.66043]","[336749]","[19420.4]","[0]","[3.11338]","[0.480243]",0,"[]","[]","[]","[]","[]","[]","[]","[]","[]","[]",0,"[4960.36]",18865.2,"[6542.24,1656.61,1150.95]","[]","[10397.4]","[]"
860,284500,11469280,361105,8436.29,8579.63,1.65196e+11,0.402058,0.97553,1,1,1,0.98775,1.01265,1,1,0,0,1,"[0]","[1]","[123329]","[1.65524]","[1.58073]","[334552]","[0.00166702]","[-1]","[11]","[1]","[0]","[130.138]","[0.00943312]","[0.693415]",134035,1.68367,3,"[284151,90399,25997.3]","[1.54914,0.334697,2.33415]","[-1.14564,2.95787,0.181497]","[699385,95986.2,135501]","[0.99344,0.980616,0.993502]","[4,0,0]","[0,0,0]","[-0.143392,-0.91357,-0.661645]",0,"[]","[]","[]","[]","[]","[]","[]","[]","[]","[]",1,"[285172]","[1.56127]","[-1.14168]","[709588]","[19116.5]","[0]","[2.53362]","[0.776771]",0,"[]","[]","[]","[]","[]","[]","[]","[]","[]","[]",0,"[2939.75]",15396.4,"[16588.2,3614.7,1948.18]","[]","[1965.97]","[]"
861,284500,11470553,361105,8433.04,8579.63,1.65196e+11,1.74563,1.01378,1,1,1,0.97573,1.00936,1,1,0,0,1,"[0]","[1]","[198035]","[0.101056]","[1.15251]","[199047]","[0.147125]","[-1]","[11]","[1]","[0]","[2061.97]","[0.0255079]","[3.11367]",102698,1.31888,2,"[272199,31031.8]","[-0.735273,-2.22882]","[-1.9436,-2.30706]","[350348,145997]","[0.997886,0.9926]","[0,5]","[0,0]","[-0.669115,0.323019]",0,"[]","[]","[]","[]","[]","[]","[]","[]","[]","[]",1,"[267293]","[-0.765489]","[-1.94126]","[351822]","[40301.4]","[0]","[1.98586]","[0.864545]",0,"[]","[]","[]","[]","[]","[]","[]","[]","[]","[]",0,"[2600.51]",6436.76,"[9243.43,2650.87]","[]","[7099.53]","[]"
862,284500,10984454,361105,8433.12,8579.63,1.65196e+11,0.402058,0.97388,1,1,1,0.998081,0.98854,1,1,0,0,1,"[0]","[1]","[43793.7]","[-0.515195]","[-0.317719]","[49735.4]","[0.275368]","[-1]","[11]","[1]","[0]","[-176.642]","[-0.100131]","[11.9759]",152416,-0.501946,4,"[211187,52573.1,47081.9,45107.1]","[0.398036,2.40007,1.90876,-0.554907]","[2.94216,1.03393,0.105923,-3.03659]","[228361,292340,162401,52493.2]","[1,0.992868,0.955651,0.879119]","[0,0,0,0]","[0,0,0,0]","[-0.908552,-0.774233,-0.902558,-0.905143]",0,"[]","[]","[]","[]","[]","[]","[]","[]","[]","[]",1,"[266473]","[0.222718]","[2.99544]","[286214]","[85615.8]","[0]","[0.803377]","[0.420805]",0,"[]","[]","[]","[]","[]","[]","[]","[]","[]","[]",0,"[188.089]",1741.44,"[3685.47,2830.63,2646.69,2081.5]","[]","[15094.1]","[]"
863,284500,15313039,361105,8436.49,8579.63,1.65196e+11,1.24168,0.98458,1,1,1,0.999311,1.00582,1,1,0,0,1,"[0]","[1]","[135780]","[-0.293792]","[-2.61873]","[141682]","[0.0111237]","[-1]","[11]","[1]","[0]","[-862.353]","[0.0127005]","[1.49631]",68810.2,-3.02115,2,"[241015,73963.3]","[-1.08595,-1.38386]","[0.245014,2.62517]","[397862,157103]","[0.996641,1]","[0,0]","[0,0]","[-0.679134,-0.737136]",0,"[]","[]","[]","[]","[]","[]","[]","[]","[]","[]",1,"[260119]","[-1.06276]","[0.248703]","[421526]","[11404]","[0]","[4.76847]","[0.593838]",0,"[]","[]","[]","[]","[]","[]","[]","[]","[]","[]",0,"[530.683]",4186.75,"[4302.11,2734.78]","[]","[4260.09]","[]"
864,284500,16174443,361105,8431.58,8579.63,1.65196e+11,1.08735,1,0.999672,1,1,0.996796,0.892679,1,0,1,0,1,"[0]","[1]","[35456.3]","[-0.0870083]","[-1.27607]","[35590.8]","[0.0443802]","[-1]","[13]","[1]","[0]","[-613.977]","[-0.20826]","[26.9263]",375522,-1.45762,3,"[419955,28815.3,26874.8]","[-0.855679,0.718005,1.48635]","[1.75387,-0.355787,-1.75389]","[583717,36852.2,62778.8]","[0.991201,0.999958,0.819561]","[0,0,0]","[0,0,0]","[-0.611527,-0.85511,-0.883316]",0,"[]","[]","[]","[]","[]","[]","[]","[]","[]","[]",1,"[393920]","[-0.893951]","[1.75334]","[562568]","[23271.7]","[0]","[4.69293]","[0.535183]",0,"[]","[]","[]","[]","[]","[]","[]","[]","[]","[]",0,"[290.653]",34554.5,"[9263.04,3414.75,2111.16]","[]","[26266.6]","[]"
865,284500,15525820,361105,8432.48,8579.63,1.65196e+11,0.00133961,0.97332,1,1,1,0.998987,0.98683,1,1,0,0,1,"[0]","[1]","[66521.9]","[-1.08141]","[0.538395]","[109361]","[-0.0152016]","[-1]","[11]","[1]","[0]","[-1.16182]","[-0.0107736]","[0.499153]",199118,0.398498,2,"[252925,25009.3]","[-0.312373,0.363618]","[-2.74179,-2.10907]","[266364,26984.4]","[0.988047,1]","[0,0]","[0,0]","[-0.906637,-0.807524]",0,"[]","[]","[]","[]","[]","[]","[]","[]","[]","[]",1,"[253696]","[-0.300367]","[-2.73942]","[267100]","[31574.9]","[0]","[1.50859]","[0.141916]",0,"[]","[]","[]","[]","[]","[]","[]","[]","[]","[]",0,"[250.587]",794.547,"[4088.46,2133.47]","[]","[8502.36]","[]"
866,284500,15284381,361105,8435.44,8579.63,1.65196e+11,1.26459,1.00588,1,1,1,0.998122,1.00306,1,1,0,0,1,"[0]","[1]","[242285]","[0.95943]","[0.484975]","[362617]","[0.0292015]","[-1]","[11]","[1]","[0]","[5151.6]","[-0.000243193]","[0.0226078]",114795,0.103513,3,"[338547,20379.8,20135]","[1.07248,0.785131,0.3449]","[-2.77927,3.00586,-0.540722]","[553688,27448.9,21991.7]","[0.993726,0.955391,0.943121]","[0,0,0]","[0,0,0]","[-0.7963,-0.901582,-0.944374]",0,"[]","[]","[]","[]","[]","[]","[]","[]","[]","[]",2,"[334167,271988]","[1.05088,0.940213]","[-2.76685,0.486294]","[536982,401335]","[26967,2196.17]","[0,1]","[2.23331,4.71917]","[0.747538,-1]",0,"[]","[]","[]","[]","[]","[]","[]","[]","[]","[]",0,"[2471.8]",24221.8,"[9145.56,3973.69,1188.96]","[]","[19793.3,449.812]","[]"
867,284500,15598510,361105,8438.85,8579.63,1.65196e+11,0.934886,0.97949,1,1,1,0.999001,0.99672,1,1,0,0,1,"[0]","[1]","[76578.3]","[0.920487]","[-1.96809]","[111377]","[0.000717163]","[-1]","[11]","[1]","[1493.26]","[764.016]","[-0.0282286]","[2.36804]",239298,-1.90452,1,"[319079]","[1.54923]","[1.22676]","[785084]","[0.987743]","[0]","[0]","[-0.813507]",0,"[]","[]","[]","[]","[]","[]","[]","[]","[]","[]",1,"[316735]","[1.52904]","[1.22512]","[765215]","[18464.3]","[0]","[2.89869]","[0.671323]",0,"[]","[]","[]","[]","[]","[]","[]","[]","[]","[]",0,"[445.986]",285,"[4534.33]","[]","[5794.19]","[]"
868,284500,15895115,361105,8436.58,8579.63,1.65196e+11,1.1961,0.99242,1,1,1,0.995511,0.99765,1,1,0,0,1,"[0]","[1]","[242694]","[0.70746]","[1.60248]","[306004]","[-0.0343361]","[-1]","[11]","[1]","[0]","[217.398]","[0.0390107]","[2.5552]",80810.4,1.49114,4,"[259270,170658,26776.5,21668.6]","[1.03006,-2.17744,1.44176,-1.73804]","[-2.43486,-0.427099,-2.00738,-0.683186]","[410048,763242,60005.4,63629.4]","[0.903735,0.994301,0.805943,0.672942]","[0,0,0,0]","[0,0,0,0]","[-0.899642,-0.771251,-0.662077,-0.808656]",0,"[]","[]","[]","[]","[]","[]","[]","[]","[]","[]",2,"[262659,250648]","[1.05339,0.743299]","[-2.43081,1.60881]","[422988,323136]","[22861.3,0.00478416]","[0,1]","[1.64954,0]","[0.451136,-1]",0,"[]","[]","[]","[]","[]","[]","[]","[]","[]","[]",0,"[1546.28]",16479.2,"[5787.75,3455.71,3267.26,1546.26]","[]","[29090.3,0]","[]"
869,284500,15575967,361105,8440.79,8579.63,1.65196e+11,1.08735,0.97245,1,1,1,0.998915,0.99544,1,1,0,0,1,"[0]","[1]","[108935]","[1.18502]","[2.77138]","[194802]","[-0.0140839]","[-1]","[11]","[1]","[0]","[-1325.71]","[-0.0405737]","[4.57074]",181834,2.60191,1,"[298612]","[-1.93614]","[-0.452259]","[1.05665e+06]","[0.999653]","[0]","[0]","[-0.942083]",0,"[]","[]","[]","[]","[]","[]","[]","[]","[]","[]",1,"[279086]","[-1.94309]","[-0.450939]","[994168]","[15664.4]","[0]","[4.91887]","[0.345132]",0,"[]","[]","[]","[]","[]","[]","[]","[]","[]","[]",0,"[826.663]",11825.4,"[12736]","[]","[2546.5]","[]"
870,284500,15572535,361105,8432.28,8579.63,1.65196e+11,3.34815,1,0.99927,1,1,0.998519,0.87423,1,0,1,0,1,"[0]","[1]","[31547.1]","[-0.481437]","[-1.78234]","[35274.5]","[0.040597]","[-1]","[13]","[1]","[0]","[-312.146]","[0.00992404]","[1.18591]",310076,-1.69736,2,"[174205,172671]","[0.134696,-0.591202]","[1.22472,1.67172]","[176275,204327]","[0.99,1]","[0,0]","[0,0]","[-0.945614,-0.890696]",0,"[]","[]","[]","[]","[]","[]","[]","[]","[]","[]",1,"[333024]","[-0.252087]","[1.44957]","[378022]","[157471]","[0]","[0.46925]","[0.670395]",0,"[]","[]","[]","[]","[]","[]","[]","[]","[]","[]",0,"[222.105]",2515.94,"[2673.12,2647.9]","[]","[10503.3]","[]"
871,284500,16200754,361105,8440.41,8579.63,1.65196e+11,0,0.97921,1,1,1,0.985916,1.00192,1,1,0,0,1,"[0]","[1]","[60434.5]","[-0.539441]","[2.93889]","[69442.9]","[0.114902]","[-1]","[11]","[1]","[0]","[280.394]","[-0.0510265]","[6.37168]",153737,2.66202,3,"[211982,54393.9,47241.5]","[1.11643,1.27895,-0.963008]","[-0.660053,0.0606745,2.07903]","[358985,105460,71068.2]","[0.981395,0.993553,0.904059]","[0,4,0]","[0,0,0]","[-0.928135,0.723361,-0.968774]",0,"[]","[]","[]","[]","[]","[]","[]","[]","[]","[]",1,"[251399]","[1.19813]","[-0.522658]","[463311]","[89985.7]","[0]","[1.37713]","[0.708295]",0,"[]","[]","[]","[]","[]","[]","[]","[]","[]","[]",0,"[167.519]",1907.67,"[3590.46,2157.69,2733.63]","[]","[98.4688]","[]"
872,284500,16349186,361105,8432.02,8579.63,1.65196e+11,0.00279311,1,0.999569,1,1,0.999389,0.99716,1,0,1,0,1,"[0]","[1]","[42050]","[-1.29153]","[-0.00653706]","[82274.8]","[0.234108]","[-1]","[13]","[1]","[2301.76]","[0]","[0.116744]","[14.0787]",215390,-0.0669177,1,"[251837]","[-1.02166]","[3.13766]","[396315]","[1]","[0]","[0]","[-0.298634]",0,"[]","[]","[]","[]","[]","[]","[]","[]","[]","[]",1,"[258071]","[-1.01144]","[3.12943]","[402278]","[21141.2]","[0]","[1.49015]","[0.784495]",0,"[]","[]","[]","[]","[]","[]","[]","[]","[]","[]",0,"[344.928]",5459.78,"[6384.19]","[]","[4391.25]","[]"
873,284500,16176338,361105,8437.59,8579.63,1.65196e+11,0.351687,0.97062,1,1,1,0.999107,0.98871,1,1,0,0,1,"[0]","[1]","[75989.2]","[-0.586313]","[-2.59424]","[89428.8]","[-0.0862503]","[-1]","[11]","[1]","[0]","[216.176]","[0.0748004]","[11.8142]",192901,-2.65172,2,"[298224,31493.2]","[-0.578453,-1.18365]","[0.561452,-1.26197]","[350115,56541.5]","[0.991288,0.959342]","[0,0]","[0,0]","[-0.803853,-0.871846]",0,"[]","[]","[]","[]","[]","[]","[]","[]","[]","[]",1,"[297824]","[-0.59688]","[0.562482]","[352872]","[16823.4]","[0]","[2.60952]","[0.662614]",0,"[]","[]","[]","[]","[]","[]","[]","[]","[]","[]",0,"[316.075]",1811.05,"[4136.84,6128.82]","[]","[6330.22]","[]"
874,284500,11004183,361105,8434.18,8579.63,1.65196e+11,1.55465,0.96073,1,1,1,0.998739,0.98941,1,1,0,0,1,"[0]","[1]","[34967.1]","[0.0256242]","[0.51798]","[34978.6]","[0.285492]","[-1]","[11]","[1]","[0]","[-290.955]","[0.0102984]","[1.07229]",257477,0.609037,2,"[339795,52066.5]","[0.973738,1.84467]","[-2.60088,0.211513]","[514390,168977]","[0.994183,0.983597]","[0,0]","[0,0]","[-0.901954,-0.829627]",0,"[]","[]","[]","[]","[]","[]","[]","[]","[]","[]",1,"[347662]","[0.954624]","[-2.59948]","[518688]","[14766.3]","[0]","[2.31524]","[0.521996]",0,"[]","[]","[]","[]","[]","[]","[]","[]","[]","[]",0,"[53.338]",478.578,"[4808.54,3448.85]","[]","[4038.03]","[]"
875,284500,11005019,361105,8434.32,8579.63,1.65196e+11,1.55465,0.96972,1,1,1,0.99676,0.99544,1,1,0,0,1,"[0]","[1]","[229783]","[1.26563]","[0.75252]","[439735]","[0.414322]","[-1]","[11]","[1]","[0]","[737.149]","[0.00922882]","[1.10469]",174875,0.627075,5,"[369973,55783.5,40749.1,40204.5,27521.8]","[0.805185,1.9985,1.13122,-0.413095,2.4528]","[-2.37264,-3.07849,2.24501,-0.210544,-0.569747]","[497154,209635,69825,44009.1,161138]","[0.999,0.990867,0.690146,0.97705,0.988244]","[0,0,0,0,0]","[0,0,0,0,0]","[-0.786561,-0.924936,-0.864373,-0.926138,-0.431561]",0,"[]","[]","[]","[]","[]","[]","[]","[]","[]","[]",1,"[357470]","[0.835548]","[-2.37475]","[490033]","[18520.1]","[0]","[2.43174]","[0.613102]",0,"[]","[]","[]","[]","[]","[]","[]","[]","[]","[]",0,"[2691.97]",933,"[4135.52,4066.1,2239.96,1988.78,3620.89]","[]","[6800.44]","[]"
876,284500,16915934,361105,8440.72,8579.63,1.65196e+11,1.74563,0.97921,1,1,1,0.987664,1.00192,1,1,0,0,1,"[0]","[1]","[60678.7]","[-0.287385]","[-0.570277]","[63201.7]","[-0.118828]","[-1]","[11]","[1]","[1613.72]","[113.815]","[0.134323]","[13.643]",170342,-0.440704,4,"[296136,54703.9,22550.6,20363.4]","[-0.935971,0.152972,-0.166697,0.53635]","[2.80329,-0.172651,0.232361,2.30043]","[435826,55831.5,23106.8,23389.6]","[1,0.989453,0.985452,0.994172]","[4,0,0,0]","[0,0,0,0]","[0.704748,-0.75547,-0.769655,-0.823348]",0,"[]","[]","[]","[]","[]","[]","[]","[]","[]","[]",1,"[306880]","[-0.93228]","[2.80383]","[450320]","[10982.8]","[0]","[2.74451]","[0.0964598]",0,"[]","[]","[]","[]","[]","[]","[]","[]","[]","[]",0,"[101.96]",5232.83,"[8408.09,2141.59,6683.18,1156.82]","[]","[6880.94]","[]"
877,284500,16918245,361105,8433.75,8579.63,1.65196e+11,0,0.97332,1,1,1,0.989184,0.98683,1,1,0,0,1,"[0]","[1]","[66352.5]","[-1.01315]","[-2.3876]","[103422]","[-0.032073]","[-1]","[11]","[1]","[0]","[-272.867]","[0.0152012]","[1.55776]",247447,-2.13307,2,"[370746,171578]","[-0.751128,-1.24765]","[1.29796,-1.42141]","[482106,324050]","[0.994872,0.996659]","[0,4]","[0,0]","[-0.658252,-0.089817]",0,"[]","[]","[]","[]","[]","[]","[]","[]","[]","[]",1,"[365892]","[-0.7523]","[1.28807]","[475268]","[28589.9]","[0]","[2.51088]","[0.776618]",0,"[]","[]","[]","[]","[]","[]","[]","[]","[]","[]",0,"[206.249]",18337.6,"[4062.43,3581.72]","[]","[3956.75]","[]"
878,284500,5942943,361105,8431.4,8579.63,1.65196e+11,0.402058,1,1.00043,1,1,0.999438,1.02314,1,0,1,0,1,"[0]","[1]","[45652.9]","[-1.4902]","[1.26083]","[106447]","[-0.211288]","[-1]","[13]","[1]","[0]","[-294.372]","[-0.208518]","[27.6548]",225111,1.56624,1,"[267420]","[-0.870445]","[-1.6467]","[375970]","[1]","[0]","[0]","[-0.71744]",0,"[]","[]","[]","[]","[]","[]","[]","[]","[]","[]",1,"[283108]","[-0.854666]","[-1.64708]","[393331]","[17172.6]","[0]","[2.65978]","[0.730163]",0,"[]","[]","[]","[]","[]","[]","[]","[]","[]","[]",0,"[439.089]",2623.17,"[4197.52]","[]","[2552.41]","[]"
879,284500,10421399,361105,8436.77,8579.63,1.65196e+11,0.596562,0.98536,1,1,1,0.998915,0.9918,1,1,0,0,1,"[0]","[1]","[133196]","[-0.618343]","[1.83909]","[159481]","[-0.0573311]","[-1]","[11]","[1]","[0]","[1283.46]","[0.0150045]","[2.08989]",148463,1.79219,2,"[307468,20838.9]","[0.48641,0.630813]","[-1.33414,1.57085]","[345147,25628.6]","[1,0.89]","[0,0]","[0,0]","[0.367567,-0.846905]",0,"[]","[]","[]","[]","[]","[]","[]","[]","[]","[]",1,"[289324]","[0.487924]","[-1.3341]","[324679]","[12138.5]","[0]","[1.10716]","[0.640656]",0,"[]","[]","[]","[]","[]","[]","[]","[]","[]","[]",0,"[698.457]",6055.95,"[10489.7,1415.38]","[]","[16634.7]","[]"
880,284500,16916436,361105,8435.74,8579.63,1.65196e+11,0.596562,1,0.99192,1,1,0.996363,0.986727,1,0,1,0,1,"[0]","[1]","[34306.8]","[1.94914]","[2.97698]","[122904]","[-0.0540161]","[-1]","[13]","[1]","[0]","[-235.493]","[-0.00065476]","[0.0603405]",218096,-2.61927,4,"[296307,132308,28531.1,21042.7]","[1.88599,-0.208701,-1.96701,0.524379]","[1.00913,-0.871276,-1.23068,-2.88061]","[999326,135612,104039,24499.1]","[0.991256,0.534279,0.96,0.99228]","[0,0,0,0]","[0,0,0,0]","[-0.957225,-0.895704,-0.84034,-0.429689]",0,"[]","[]","[]","[]","[]","[]","[]","[]","[]","[]",1,"[277121]","[1.90655]","[1.00902]","[953115]","[8592.61]","[0]","[5.04085]","[0.226129]",0,"[]","[]","[]","[]","[]","[]","[]","[]","[]","[]",0,"[164.631]",16047.6,"[5345.39,5915.96,4062.57,1182.57]","[]","[16380.1]","[]"
881,284500,16825576,361105,8432.84,8579.63,1.65196e+11,0.00292683,0.97921,1,1,1,0.998812,1.00192,1,1,0,0,1,"[0]","[1]","[63891.5]","[-0.263008]","[1.86792]","[66114.1]","[-0.0266266]","[-1]","[11]","[1]","[0]","[-1519.02]","[0.0253716]","[3.17068]",286925,1.48919,4,"[205350,106503,57366.2,23241.5]","[-0.370545,1.48015,-0.146599,0.149491]","[-1.11921,-2.4403,-1.86743,-1.26983]","[220604,246375,58799.7,24033.9]","[0.998473,0.79064,0.999858,0.944453]","[0,0,0,0]","[0,0,0,0]","[-0.624836,-0.897682,-0.918849,-0.727016]",0,"[]","[]","[]","[]","[]","[]","[]","[]","[]","[]",1,"[253744]","[-0.266285]","[-1.26368]","[279651]","[95626.2]","[0]","[1.31591]","[0.690026]",0,"[]","[]","[]","[]","[]","[]","[]","[]","[]","[]",0,"[91.1323]",7345.69,"[12513.5,2734.44,2195.04,3990.56]","[]","[8336.56]","[]"
882,284500,17200158,361105,8437.03,8579.63,1.65196e+11,0.619412,1,0.991048,1,1,0.99911,0.933914,1,0,1,0,1,"[0]","[1]","[138164]","[0.382991]","[-0.23597]","[148422]","[-0.00378418]","[-1]","[13]","[1]","[0]","[-218.345]","[0.0191336]","[3.84823]",283085,0.0141034,3,"[227736,136635,62230]","[0.349705,-1.83152,1.17697]","[3.02476,-2.86468,2.48912]","[246375,437774,110912]","[0.99827,0.997551,0.995504]","[0,0,0]","[0,0,0]","[-0.879353,-0.905409,-0.956444]",0,"[]","[]","[]","[]","[]","[]","[]","[]","[]","[]",1,"[264020]","[0.581959]","[2.92282]","[332224]","[119456]","[0]","[1.45621]","[0.471345]",0,"[]","[]","[]","[]","[]","[]","[]","[]","[]","[]",0,"[3221.25]",5806.28,"[4768.38,4775.65,8036.97]","[]","[9839.44]","[]"
883,284500,11766940,361105,8432.55,8579.63,1.65196e+11,0,0.97738,1,1,1,0.998994,1.00056,1,1,0,0,1,"[0]","[1]","[70974.4]","[0.200893]","[0.197576]","[72411.5]","[0.0542984]","[-1]","[11]","[1]","[0]","[2295.82]","[-0.0356309]","[1.67454]",252246,-0.234128,2,"[284668,25224.6]","[0.126012,0.79744]","[-3.01285,2.02141]","[287626,33949.2]","[1,0.99]","[0,0]","[0,0]","[0.429639,-0.905271]",0,"[]","[]","[]","[]","[]","[]","[]","[]","[]","[]",1,"[312551]","[0.152109]","[-2.95533]","[320683]","[53588.8]","[0]","[2.20984]","[0.590942]",0,"[]","[]","[]","[]","[]","[]","[]","[]","[]","[]",0,"[154.183]",6469.2,"[7696.54,5940.37]","[]","[12174.5]","[]"
884,284500,17200645,361105,8437.03,8579.63,1.65196e+11,1.24168,0.95061,1,1,1,0.999207,0.96294,1,1,0,0,1,"[0]","[1]","[34764]","[-0.695266]","[-2.52746]","[43510.4]","[-0.0639725]","[-1]","[11]","[1]","[0]","[975.062]","[0.0460074]","[3.02389]",287159,3.00933,1,"[327559]","[1.15258]","[-0.0150543]","[570735]","[0.977292]","[0]","[0]","[-0.802428]",0,"[]","[]","[]","[]","[]","[]","[]","[]","[]","[]",1,"[327718]","[1.17418]","[-0.0185735]","[581329]","[24617.1]","[0]","[2.2326]","[0.723351]",0,"[]","[]","[]","[]","[]","[]","[]","[]","[]","[]",0,"[25.3982]",4853.25,"[6219.09]","[]","[31074.6]","[]"
885,284500,15388674,361105,8438.13,8579.63,1.65196e+11,1.24168,1,0.995272,1,1,0.9992,1.02219,1,0,1,0,1,"[0]","[1]","[121023]","[0.341498]","[-0.599164]","[128149]","[0.0314636]","[-1]","[13]","[1]","[1804.71]","[623.745]","[0.0237765]","[4.50233]",147416,-0.380989,1,"[263125]","[-1.26008]","[2.68352]","[501564]","[0.997035]","[0]","[0]","[-0.825084]",0,"[]","[]","[]","[]","[]","[]","[]","[]","[]","[]",1,"[258359]","[-1.29187]","[2.68483]","[505878]","[15113.8]","[0]","[1.79415]","[0.328008]",0,"[]","[]","[]","[]","[]","[]","[]","[]","[]","[]",0,"[1984.99]",27019.8,"[11365.5]","[]","[15358]","[]"
886,284500,15375590,361105,8435.2,8579.63,1.65196e+11,1.74563,1,0.985938,1,1,0.998797,0.992472,1,0,1,0,1,"[0]","[1]","[71085.2]","[-1.93486]","[1.38473]","[251198]","[-0.0553489]","[-1]","[13]","[1]","[0]","[-197.147]","[-0.00202227]","[0.275427]",137210,1.31157,2,"[244651,45425.9]","[-1.08358,1.34421]","[-1.66096,2.26599]","[403317,93214.4]","[0.993322,0.990192]","[0,0]","[0,0]","[-0.966004,-0.753539]",0,"[]","[]","[]","[]","[]","[]","[]","[]","[]","[]",1,"[250517]","[-1.0911]","[-1.66525]","[415308]","[15141.9]","[0]","[2.24328]","[0.496882]",0,"[]","[]","[]","[]","[]","[]","[]","[]","[]","[]",0,"[1092.05]",7754.12,"[6633.94,4402.64]","[]","[0]","[]"
887,284500,15430202,361105,8433.86,8579.63,1.65196e+11,0.596562,1,0.998712,1,1,0.986249,0.990997,1,0,1,0,1,"[0]","[1]","[174937]","[0.911977]","[-0.0584011]","[252869]","[-0.0136032]","[-1]","[13]","[1]","[0]","[1636.76]","[0.0095935]","[1.70445]",167292,-0.122091,1,"[329997]","[-0.151759]","[2.99355]","[334307]","[0.99045]","[4]","[0]","[0.775102]",0,"[]","[]","[]","[]","[]","[]","[]","[]","[]","[]",1,"[319942]","[-0.123882]","[2.99959]","[322644]","[12549.4]","[0]","[0.590101]","[-1]",0,"[]","[]","[]","[]","[]","[]","[]","[]","[]","[]",0,"[6776.68]",16307.7,"[3802.01]","[]","[23286.3]","[]"
888,284500,15298326,361105,8438.23,8579.63,1.65196e+11,1.08735,0.96654,1,1,1,0.997792,0.99589,1,1,0,0,1,"[0]","[1]","[32830.4]","[-0.448328]","[-1.02898]","[36185.4]","[0.0472336]","[-1]","[11]","[1]","[0]","[2025.02]","[-0.00559367]","[0.566676]",249522,-1.71681,2,"[269900,25460]","[0.980637,2.40587]","[1.41915,2.94338]","[410859,142335]","[0.994781,0.96336]","[0,0]","[0,0]","[-0.754429,0.383477]",0,"[]","[]","[]","[]","[]","[]","[]","[]","[]","[]",1,"[272509]","[0.966444]","[1.41833]","[410492]","[20258.9]","[0]","[2.08757]","[0.659259]",0,"[]","[]","[]","[]","[]","[]","[]","[]","[]","[]",0,"[154.994]",5084.09,"[6263.78,4491.49]","[]","[6581.12]","[]"
889,284500,15463599,361105,8439.35,8579.63,1.65196e+11,0.402058,1,0.998221,1,1,0.999404,0.988159,1,0,1,0,1,"[0]","[1]","[175788]","[-1.32184]","[-2.1426]","[353066]","[0.199415]","[-1]","[13]","[1]","[0]","[-261.092]","[0.116448]","[14.2956]",132717,-2.40811,1,"[291551]","[-0.928699]","[0.873741]","[427388]","[0.995068]","[0]","[0]","[0.230804]",0,"[]","[]","[]","[]","[]","[]","[]","[]","[]","[]",1,"[303167]","[-0.929218]","[0.871045]","[444606]","[27675.9]","[0]","[1.63488]","[0.662006]",0,"[]","[]","[]","[]","[]","[]","[]","[]","[]","[]",0,"[7301.42]",6513.8,"[4859.92]","[]","[7501.75]","[]"
890,284500,15485253,361105,8430.8,8579.63,1.65196e+11,0.934886,1,0.995372,1,1,0.998746,0.836634,1,0,1,0,1,"[0]","[1]","[173988]","[-0.864141]","[-1.64717]","[243094]","[0.0515509]","[-1]","[13]","[1]","[0]","[613.599]","[-0.0364093]","[7.32906]",60585.5,-1.47614,3,"[283120,116121,20439.5]","[0.159994,2.23493,-0.160369]","[2.66682,0.535746,0.580898]","[286997,549013,21256.7]","[1,0.989089,0.917308]","[0,0,0]","[0,0,0]","[-0.901309,-0.874557,-0.737921]",0,"[]","[]","[]","[]","[]","[]","[]","[]","[]","[]",1,"[295665]","[0.170099]","[2.66552]","[300113]","[9801.32]","[0]","[1.55925]","[-1]",0,"[]","[]","[]","[]","[]","[]","[]","[]","[]","[]",0,"[8342.1]",876.738,"[5592.18,14359.4,2223.28]","[]","[1778.16]","[]"
891,284500,15463484,361105,8439.35,8579.63,1.65196e+11,0.506784,0.97867,1,1,1,0.998897,1.01012,1,1,0,0,1,"[0]","[1]","[127811]","[1.83071]","[1.8435]","[408907]","[0.463186]","[-1]","[11]","[1]","[0]","[1979.71]","[-0.0535574]","[6.74824]",211245,1.76803,2,"[372198,48453.4]","[1.26322,0.368049]","[-1.36918,1.86015]","[713280,52000]","[0.995489,0.972767]","[0,0]","[0,0]","[-0.460428,-0.930174]",0,"[]","[]","[]","[]","[]","[]","[]","[]","[]","[]",1,"[354319]","[1.2606]","[-1.36456]","[677700]","[58668.8]","[0]","[1.45399]","[0.737323]",0,"[]","[]","[]","[]","[]","[]","[]","[]","[]","[]",0,"[809.626]",14950.7,"[15926.2,2037.35]","[]","[2484.06]","[]"
892,284500,15506870,361105,8434.32,8579.63,1.65196e+11,1.08735,0.96228,1,1,1,0.994886,0.95211,1,1,0,0,1,"[0]","[1]","[36698.4]","[-0.977519]","[-1.01498]","[55673.3]","[-0.16819]","[-1]","[11]","[1]","[0]","[-681.646]","[-0.0494924]","[5.16662]",441430,-0.696922,3,"[453722,25304.6,22458]","[1.10906,1.64405,1.85068]","[2.52411,1.00921,1.69982]","[762909,68118.2,73339.6]","[0.995493,0.98296,0.995642]","[0,0,0]","[0,0,0]","[-0.957944,-0.830277,-0.763909]",0,"[]","[]","[]","[]","[]","[]","[]","[]","[]","[]",1,"[420174]","[1.11022]","[2.52809]","[706907]","[9759.38]","[0]","[3.12243]","[-1]",0,"[]","[]","[]","[]","[]","[]","[]","[]","[]","[]",0,"[86.7558]",6793.78,"[5979.03,2080.16,1623.02]","[]","[15731.4]","[]"
893,284500,15737894,361105,8436.96,8579.63,1.65196e+11,0.596562,1,0.994161,1,1,1,0.90551,1,0,1,0,1,"[0]","[1]","[77773.5]","[-0.363032]","[1.83385]","[82955.1]","[0.215904]","[-1]","[13]","[1]","[0]","[59.4977]","[0.108313]","[16.2724]",286510,1.7692,0,"[]","[]","[]","[]","[]","[]","[]","[]",0,"[]","[]","[]","[]","[]","[]","[]","[]","[]","[]",1,"[353911]","[-0.356647]","[-1.36419]","[377027]","[16667.9]","[0]","[10.9963]","[0.642936]",0,"[]","[]","[]","[]","[]","[]","[]","[]","[]","[]",0,"[378.679]",2143.97,"[]","[]","[10547.8]","[]"
894,284500,15815712,361105,8428.41,8579.63,1.65196e+11,1.08735,0.99211,1,1,1,0.965407,0.9918,1,1,0,0,1,"[0]","[1]","[175261]","[-0.692727]","[-0.989894]","[219021]","[0.124123]","[-1]","[11]","[1]","[3005.68]","[2800.45]","[-0.0020943]","[0.227082]",143585,-0.787339,5,"[218322,69083.9,66507.1,66091,21548.4]","[0.0223937,-0.157901,0.415785,-0.996447,-0.579582]","[-2.86741,2.77104,2.49836,0.444112,1.79167]","[219002,70561.4,73607.8,101936,25547.7]","[0.991336,0.99378,0.0323438,0.994615,0.959249]","[0,4,0,4,0]","[0,0,0,0,0]","[-0.927826,-0.867149,-0.966376,-0.0302649,-0.86275]",0,"[]","[]","[]","[]","[]","[]","[]","[]","[]","[]",1,"[305499]","[-0.0249261]","[-3.11949]","[327351]","[117349]","[0]","[1.26985]","[0.358471]",0,"[]","[]","[]","[]","[]","[]","[]","[]","[]","[]",0,"[926.002]",6734.02,"[3732.51,2236.63,2286.93,3181.07,2348.4]","[]","[24243.7]","[]"
895,284500,15815023,361105,8428.41,8579.63,1.65196e+11,0.934886,0.98458,1,1,1,0.982268,1.00582,1,1,0,0,1,"[0]","[1]","[110816]","[-0.336532]","[-3.05805]","[117150]","[-0.0216217]","[-1]","[11]","[1]","[0]","[-1352.59]","[-0.00733334]","[0.893502]",254365,3.13152,3,"[272755,64116.7,34261.3]","[-1.77608,0.368073,1.29714]","[0.267765,-0.891246,-0.151009]","[829260,68850,67458.6]","[0.978755,0.99,0.98852]","[0,4,0]","[0,0,0]","[0.222048,-0.868553,-0.917274]",0,"[]","[]","[]","[]","[]","[]","[]","[]","[]","[]",1,"[259606]","[-1.81935]","[0.266757]","[822270]","[31848.7]","[0]","[2.01296]","[0.813121]",0,"[]","[]","[]","[]","[]","[]","[]","[]","[]","[]",0,"[887.992]",9277.47,"[6171.14,3729.68,3715.3]","[]","[3794.77]","[]"
896,284500,15873893,361105,8432.4,8579.63,1.65196e+11,0.402058,1,0.998524,1,1,0.999296,0.91655,1,0,1,0,1,"[0]","[1]","[65207]","[-0.444965]","[0.766915]","[71769.6]","[0.0672874]","[-1]","[13]","[1]","[0]","[-546.467]","[-0.0487249]","[5.67387]",271803,0.877087,1,"[330649]","[-0.19257]","[-2.29433]","[337496]","[1]","[0]","[0]","[-0.796273]",0,"[]","[]","[]","[]","[]","[]","[]","[]","[]","[]",1,"[351635]","[-0.172382]","[-2.2914]","[357823]","[26069.3]","[0]","[2.38463]","[0.688678]",0,"[]","[]","[]","[]","[]","[]","[]","[]","[]","[]",0,"[703.678]",5575.03,"[6618.22]","[]","[17711.1]","[]"
897,284500,10882790,361105,8432.42,8579.63,1.65196e+11,1.74563,0.97994,1,1,1,0.997696,1.00632,1,1,0,0,1,"[0]","[1]","[214229]","[0.495544]","[-0.955899]","[241075]","[0.0307674]","[-1]","[11]","[1]","[0]","[-1005.27]","[0.0039847]","[0.516533]",187406,-1.03205,3,"[303038,95016.4,28706.7]","[0.650462,-0.307353,1.75033]","[2.33284,1.49061,1.03506]","[369544,100010,85187.1]","[1,0.979727,0.992915]","[0,0,0]","[0,0,0]","[-0.953934,-0.930118,-0.866208]",0,"[]","[]","[]","[]","[]","[]","[]","[]","[]","[]",1,"[303874]","[0.642829]","[2.33357]","[369038]","[11749.9]","[0]","[4.01795]","[0.316228]",0,"[]","[]","[]","[]","[]","[]","[]","[]","[]","[]",0,"[1153.23]",4471.8,"[6919.12,9942.41,2804.54]","[]","[29278.4]","[]"
898,284500,10912370,361105,8432.5,8579.63,1.65196e+11,0.934886,1,0.993639,1,1,0.999193,1.00883,1,0,1,0,1,"[0]","[1]","[119829]","[-0.904852]","[1.2431]","[172324]","[0.0391884]","[-1]","[13]","[1]","[0]","[-347.519]","[0.0062422]","[1.29153]",153780,1.31461,1,"[272769]","[1.23321]","[-1.86246]","[508370]","[0.99]","[0]","[0]","[-0.781399]",0,"[]","[]","[]","[]","[]","[]","[]","[]","[]","[]",1,"[264162]","[1.24623]","[-1.87604]","[498281]","[31872.8]","[0]","[1.93308]","[0.4234]",0,"[]","[]","[]","[]","[]","[]","[]","[]","[]","[]",0,"[2933]",10392.9,"[11053]","[]","[9241.12]","[]"
899,284500,16561874,361105,8434.91,8579.63,1.65196e+11,0.75088,0.97332,1,1,1,0.998449,0.98683,1,1,0,0,1,"[0]","[1]","[73494.8]","[-1.06835]","[1.7105]","[119581]","[-0.0017128]","[-1]","[11]","[1]","[0]","[467.275]","[-0.0187304]","[1.60782]",473129,1.69929,1,"[488283]","[-0.0555365]","[-1.26841]","[489671]","[0.991317]","[0]","[0]","[-0.960714]",0,"[]","[]","[]","[]","[]","[]","[]","[]","[]","[]",1,"[490068]","[-0.0640554]","[-1.26921]","[491381]","[17372.3]","[0]","[1.22355]","[-1]",0,"[]","[]","[]","[]","[]","[]","[]","[]","[]","[]",0,"[391.996]",8153.66,"[11479.3]","[]","[21966.2]","[]"
900,284500,16510483,361105,8438.29,8579.63,1.65196e+11,1.25133,0.97332,1,1,1,0.996191,0.98683,1,1,0,0,1,"[0]","[1]","[65331.9]","[-0.886047]","[0.125247]","[92699.6]","[0.081202]","[-1]","[11]","[1]","[0]","[-1089.82]","[-0.0158531]","[1.80621]",257429,0.102739,3,"[332635,21169.3,20151.8]","[0.154811,2.34268,2.49808]","[-2.97714,2.08304,0.399293]","[337943,111213,123392]","[0.992347,0.816489,0.952968]","[0,0,0]","[0,0,0]","[-0.0643077,0.338693,-0.718946]",0,"[]","[]","[]","[]","[]","[]","[]","[]","[]","[]",1,"[325559]","[0.146437]","[-2.98794]","[329557]","[18164.3]","[0]","[2.88733]","[0.489762]",0,"[]","[]","[]","[]","[]","[]","[]","[]","[]","[]",0,"[119.551]",18021.7,"[4290.34,1618.33,1140.56]","[]","[11086.2]","[]"
901,284500,16927943,361105,8429.41,8579.63,1.65196e+11,1.74563,1,0.997505,1,1,1.10665,0.992679,1,0,1,0,1,"[0]","[1]","[61625.2]","[1.25734]","[1.65643]","[117102]","[0.0366898]","[-1]","[13]","[1]","[0]","[-5.2348]","[-0.0212973]","[2.75573]",264549,1.95112,3,"[281999,111476,48025.6]","[0.860115,1.82207,0.704379]","[-1.22221,-1.3123,2.08167]","[392988,353828,61044.2]","[0.99712,1,0.631221]","[4,0,0]","[0,0,0]","[0.910939,-0.812147,-0.937253]",0,"[]","[]","[]","[]","[]","[]","[]","[]","[]","[]",1,"[402311]","[1.19026]","[-1.24274]","[747813]","[192669]","[0]","[0.489288]","[0.769696]",0,"[]","[]","[]","[]","[]","[]","[]","[]","[]","[]",0,"[278.347]",23973.3,"[3834.44,4320.7,2059.04]","[]","[7668.56]","[]"
902,284500,4690744,361105,8436.16,8579.63,1.65196e+11,0.402058,1,1.00107,1,1,0.997786,0.971075,1,0,1,0,1,"[0]","[1]","[37186.5]","[1.30977]","[0.658243]","[73912.3]","[-0.015461]","[-1]","[13]","[1]","[0]","[-328.008]","[-0.0359949]","[4.13875]",214951,1.18541,2,"[255205,25074.4]","[-0.554904,-2.13739]","[-2.13863,-0.270278]","[296134,107867]","[0.965383,0.989238]","[0,0]","[0,0]","[-0.957141,-0.8027]",0,"[]","[]","[]","[]","[]","[]","[]","[]","[]","[]",1,"[258323]","[-0.546138]","[-2.13971]","[298173]","[14605]","[0]","[2.21408]","[0.599142]",0,"[]","[]","[]","[]","[]","[]","[]","[]","[]","[]",0,"[292.897]",1665.75,"[3385.63,1984.17]","[]","[11664]","[]"
903,284500,10388770,361105,8436.44,8579.63,1.65196e+11,0.596562,1,0.99786,1,1,0.999029,0.975015,1,0,1,0,1,"[0]","[1]","[26737.6]","[1.13433]","[-0.609022]","[45864.7]","[0.0173531]","[-1]","[13]","[1]","[0]","[-403.489]","[0.014893]","[1.62119]",309893,-1.18914,2,"[273098,56967.8]","[0.535287,2.24615]","[1.90711,2.60061]","[314032,272393]","[0.997901,0.988015]","[0,0]","[0,0]","[0.444973,-0.300357]",0,"[]","[]","[]","[]","[]","[]","[]","[]","[]","[]",1,"[272450]","[0.509807]","[1.91795]","[309226]","[19210.6]","[0]","[1.9942]","[0.618976]",0,"[]","[]","[]","[]","[]","[]","[]","[]","[]","[]",0,"[157.794]",8170.88,"[11274.3,4129.77]","[]","[6910.56]","[]"
904,284500,16938737,361105,8436.66,8579.63,1.65196e+11,1.74563,1.00588,1,1,1,0.995947,1.00306,1,1,0,0,1,"[0]","[1]","[300732]","[0.818799]","[2.35387]","[407301]","[0.0053063]","[-1]","[11]","[1]","[2160.56]","[-2134.09]","[-0.00119351]","[0.212199]",560130,2.45771,5,"[456672,437057,27768.3,23199.9,21508.8]","[-0.191727,-0.613728,0.26117,-0.667043,1.12979]","[-0.29524,-1.15935,-0.518732,0.0182731,-2.85602]","[468806,522906,29169.2,28957.4,37069.2]","[0.997948,0.99974,0.993779,0.97033,0.607147]","[0,0,0,0,0]","[0,0,0,0,0]","[-0.916341,-0.937128,-0.423736,-0.818321,-0.881627]",0,"[]","[]","[]","[]","[]","[]","[]","[]","[]","[]",2,"[700186,316086]","[-0.440506,0.821217]","[-0.722563,2.35642]","[850132,428796]","[361961,0.00552427]","[0,0]","[0.359247,0]","[0.76335,-1]",0,"[]","[]","[]","[]","[]","[]","[]","[]","[]","[]",0,"[3519.73]",8046.19,"[5629.41,4896.83,1848.47,1685.31,1153.75]","[]","[46608,28628.6]","[]"
905,284500,4722797,361105,8434.83,8579.63,1.65196e+11,0.934886,1,0.995751,1,1,0.998966,0.886576,1,0,1,0,1,"[0]","[1]","[34803.2]","[0.948982]","[-0.989416]","[51686.5]","[-0.0046463]","[-1]","[13]","[1]","[0]","[132.07]","[0.0144605]","[1.54181]",217229,-1.02604,2,"[291970,25522.6]","[0.913033,0.360453]","[2.02365,0.723852]","[422646,27564.8]","[0.996999,0.982473]","[0,0]","[0,0]","[-0.534248,-0.481748]",0,"[]","[]","[]","[]","[]","[]","[]","[]","[]","[]",1,"[285292]","[0.923065]","[2.02183]","[415903]","[12576.1]","[0]","[2.60328]","[0.236924]",0,"[]","[]","[]","[]","[]","[]","[]","[]","[]","[]",0,"[220.414]",21615.3,"[16061.5,3761.96]","[]","[29786.7]","[]"
906,284500,10396710,361105,8436.66,8579.63,1.65196e+11,1.24168,0.9548,1,1,1,0.99778,1.02819,1,1,0,0,1,"[0]","[1]","[48293.3]","[2.17087]","[2.78082]","[214421]","[0.053081]","[-1]","[11]","[1]","[0]","[-316.169]","[0.0106204]","[1.19859]",202163,3.1205,2,"[255936,26828]","[-0.0140706,2.48389]","[-0.0241588,-1.07429]","[256553,161966]","[0.994442,0.000904237]","[0,0]","[0,0]","[-0.830139,-0.59151]",0,"[]","[]","[]","[]","[]","[]","[]","[]","[]","[]",1,"[256690]","[-0.0236018]","[-0.0310787]","[257106]","[13298.2]","[0]","[3.42924]","[0.250614]",0,"[]","[]","[]","[]","[]","[]","[]","[]","[]","[]",0,"[151.744]",1437.86,"[3370.08,3005.63]","[]","[2340.52]","[]"
907,284500,10392830,361105,8431.35,8579.63,1.65196e+11,1.08735,0.98458,1,1,1,0.998795,1.00582,1,1,0,0,1,"[0]","[1]","[100276]","[-0.217784]","[2.55326]","[102663]","[-0.0367203]","[-1]","[11]","[1]","[0]","[1227.44]","[0.0151567]","[1.72553]",275377,2.8807,2,"[235242,146551]","[0.524182,0.819079]","[-0.261606,-0.61047]","[269585,198721]","[1,0.993306]","[0,0]","[0,0]","[-0.892972,-0.845912]",0,"[]","[]","[]","[]","[]","[]","[]","[]","[]","[]",1,"[380195]","[0.597482]","[-0.39164]","[460328]","[96496.7]","[0]","[1.02031]","[0.811267]",0,"[]","[]","[]","[]","[]","[]","[]","[]","[]","[]",0,"[321.764]",1383.38,"[4480.36,3258.81]","[]","[17706.2]","[]"
908,284500,16365970,361105,8430,8579.63,1.65196e+11,0,0.96323,1,1,1,0.99875,1.00493,1,1,0,0,1,"[0]","[1]","[189652]","[-1.17111]","[-0.435778]","[335268]","[-0.0322952]","[-1]","[11]","[1]","[0]","[-754.675]","[-0.0266467]","[4.35335]",161453,-0.769692,2,"[340589,20406.1]","[-0.333188,-0.829998]","[2.63815,1.16994]","[359922,28256.9]","[0.999595,0.615611]","[0,0]","[0,0]","[-0.89979,-0.817599]",0,"[]","[]","[]","[]","[]","[]","[]","[]","[]","[]",1,"[317928]","[-0.382269]","[2.6354]","[341463]","[3820.38]","[0]","[0]","[-1]",0,"[]","[]","[]","[]","[]","[]","[]","[]","[]","[]",0,"[2008.24]",437.188,"[3592.53,2929.64]","[]","[8877.09]","[]"
909,284500,16388535,361105,8434.02,8579.63,1.65196e+11,0,0.97826,1,1,1,0.997825,1.00493,1,1,0,0,1,"[0]","[1]","[83205.7]","[-1.22035]","[-0.857472]","[153244]","[0.0278778]","[-1]","[11]","[1]","[0]","[2065.65]","[0.0183999]","[1.89223]",256774,-1.1862,2,"[349704,35169.8]","[-1.052,-2.27677]","[2.14899,-0.0739266]","[563013,173239]","[0.992959,0.905316]","[0,0]","[0,0]","[-0.935867,-0.619968]",0,"[]","[]","[]","[]","[]","[]","[]","[]","[]","[]",1,"[332207]","[-1.03736]","[2.14445]","[528058]","[22734.5]","[0]","[2.33199]","[0.757574]",0,"[]","[]","[]","[]","[]","[]","[]","[]","[]","[]",0,"[448.947]",4561.48,"[8832.1,6846.62]","[]","[3543.03]","[]"
910,284500,16402863,361105,8433.37,8579.63,1.65196e+11,1.25133,0.98697,1,1,1,0.984996,1.00582,1,1,0,0,1,"[0]","[1]","[436758]","[-0.603966]","[2.29565]","[518869]","[-6.10352e-05]","[-1]","[11]","[1]","[0]","[-1450.29]","[0.00342578]","[0.573014]",34495.8,2.91676,1,"[467575]","[0.244586]","[-0.788071]","[482947]","[0.992348]","[4]","[0]","[-0.976573]",0,"[]","[]","[]","[]","[]","[]","[]","[]","[]","[]",2,"[492973,450911]","[0.27229,-0.581076]","[-0.789784,2.2981]","[513020,529202]","[41217.6,0.0117188]","[0,0]","[1.91051,0]","[0.597898,-1]",0,"[]","[]","[]","[]","[]","[]","[]","[]","[]","[]",0,"[3172.47]",7654.54,"[9900.08]","[]","[27363.4,707.031]","[]"
911,284500,16379308,361105,8435.83,8579.63,1.65196e+11,1.74563,1,0.985082,1,1,0.997114,0.939087,1,0,1,0,1,"[0]","[1]","[90598.9]","[1.70219]","[1.71033]","[256768]","[-0.0413685]","[-1]","[13]","[1]","[0]","[572.982]","[0.00519477]","[0.769151]",234819,1.8663,3,"[404346,52263.4,37475.7]","[-0.754474,2.26786,-2.1943]","[-1.34577,1.45072,1.82364]","[526658,255191,170332]","[1,0.995547,0.986478]","[0,0,0]","[0,0,0]","[-0.675843,-0.797427,-0.888983]",0,"[]","[]","[]","[]","[]","[]","[]","[]","[]","[]",1,"[401673]","[-0.757842]","[-1.34815]","[523306]","[26276]","[0]","[2.55285]","[0.680366]",0,"[]","[]","[]","[]","[]","[]","[]","[]","[]","[]",0,"[780.837]",1447.39,"[4950.13,3121.69,2770.1]","[]","[28155.1]","[]"
912,284500,17072767,361105,8433.71,8579.63,1.65196e+11,0.596562,1,1.00061,1,1,0.999012,1.01526,1,0,1,0,1,"[0]","[1]","[40195.5]","[1.21402]","[2.67415]","[73637.9]","[0.0505753]","[-1]","[13]","[1]","[0]","[-327.647]","[-0.204563]","[23.6173]",250657,3.08399,1,"[287050]","[1.61602]","[-0.123533]","[751086]","[0.999789]","[0]","[0]","[-0.929211]",0,"[]","[]","[]","[]","[]","[]","[]","[]","[]","[]",1,"[279130]","[1.62093]","[-0.120094]","[733622]","[14158.2]","[0]","[2.20294]","[0.243517]",0,"[]","[]","[]","[]","[]","[]","[]","[]","[]","[]",0,"[329.516]",11637.6,"[4630.07]","[]","[3196.91]","[]"
913,284500,16383011,361105,8430.04,8579.63,1.65196e+11,1.74563,0.99093,1,1,1,0.99851,1.00306,1,1,0,0,1,"[0]","[1]","[127436]","[1.12524]","[1.9875]","[216993]","[-0.376888]","[-1]","[11]","[1]","[0]","[-1132.06]","[0.0194354]","[2.41335]",326706,1.96305,1,"[488243]","[0.436677]","[-1.21579]","[540458]","[0.989316]","[0]","[0]","[-0.837035]",0,"[]","[]","[]","[]","[]","[]","[]","[]","[]","[]",1,"[474669]","[0.415531]","[-1.21093]","[521204]","[71752.5]","[0]","[2.29013]","[0.46344]",0,"[]","[]","[]","[]","[]","[]","[]","[]","[]","[]",0,"[1104.82]",11413.8,"[7588.7]","[]","[31406.3]","[]"
914,284500,17254516,361105,8433.57,8579.63,1.65196e+11,1.08735,0.9823,1,1,1,0.998047,1.00632,1,1,0,0,1,"[0]","[1]","[81244.6]","[0.345258]","[-0.285036]","[86135.2]","[0.00733566]","[-1]","[11]","[1]","[0]","[191.369]","[-0.00390941]","[0.356117]",181540,-0.330322,2,"[269879,36103.6]","[1.79375,-1.25036]","[2.69939,-1.52116]","[834022,68435.6]","[0.999811,0.997037]","[0,0]","[0,0]","[-0.745718,0.115711]",0,"[]","[]","[]","[]","[]","[]","[]","[]","[]","[]",1,"[270852]","[1.79981]","[2.69387]","[841789]","[21485.6]","[0]","[1.55383]","[0.587145]",0,"[]","[]","[]","[]","[]","[]","[]","[]","[]","[]",0,"[774.288]",9128.34,"[9905.21,2146.35]","[]","[3.65625]","[]"
915,284500,17256433,361105,8436.03,8579.63,1.65196e+11,1.24168,0.97826,1,1,1,0.998976,1.00493,1,1,0,0,1,"[0]","[1]","[106949]","[-1.21916]","[-2.00422]","[196777]","[-0.0245476]","[-1]","[11]","[1]","[0]","[-332.951]","[-0.0106373]","[1.12362]",236138,-2.01201,1,"[330298]","[-1.57014]","[1.12089]","[829162]","[0.99]","[0]","[0]","[-0.277173]",0,"[]","[]","[]","[]","[]","[]","[]","[]","[]","[]",1,"[320270]","[-1.55689]","[1.10105]","[795529]","[57559.7]","[0]","[2.70795]","[0.597746]",0,"[]","[]","[]","[]","[]","[]","[]","[]","[]","[]",0,"[781.421]",30901.4,"[31233.7]","[]","[12534.5]","[]"
916,284500,16658059,361105,8440.06,8579.63,1.65196e+11,0.596562,0.9623,1,1,1,0.999389,0,1,1,0,0,1,"[0]","[1]","[26762.2]","[-0.103685]","[1.31137]","[26906.2]","[-0.205101]","[-1]","[11]","[1]","[0]","[-74.7332]","[-0.0129398]","[1.12279]",292704,1.0363,1,"[299684]","[-0.304652]","[-2.16665]","[313796]","[1]","[0]","[0]","[-0.346104]",0,"[]","[]","[]","[]","[]","[]","[]","[]","[]","[]",1,"[287223]","[-0.304522]","[-2.16589]","[300733]","[7294.17]","[0]","[1.524]","[-1]",0,"[]","[]","[]","[]","[]","[]","[]","[]","[]","[]",0,"[62.8871]",622.281,"[3520.68]","[]","[494.031]","[]"
917,284500,15053356,361105,8440.76,8579.63,1.65196e+11,1.08735,0.96203,1,1,1,0.998599,1.01508,1,1,0,0,1,"[0]","[1]","[167326]","[-1.80575]","[-2.5836]","[522798]","[0.123369]","[-1]","[11]","[1]","[0]","[1536.47]","[0.00211449]","[0.162603]",131347,-2.375,3,"[281740,29908.8,21012.5]","[-1.09008,0.023744,-0.48005]","[0.806734,-0.162131,-1.07404]","[466995,30189,24016.6]","[0.996235,1,1]","[0,0,0]","[0,0,0]","[-0.821245,-0.909992,-0.755917]",0,"[]","[]","[]","[]","[]","[]","[]","[]","[]","[]",1,"[264062]","[-1.09148]","[0.799926]","[437828]","[13948.3]","[0]","[2.69837]","[0.649182]",0,"[]","[]","[]","[]","[]","[]","[]","[]","[]","[]",0,"[1787.57]",2151.46,"[3716.86,2949.95,1162.29]","[]","[7165.03]","[]"
918,284500,17096607,361105,8434.02,8579.63,1.65196e+11,0.402058,1,0.999317,1,1,0.998379,0.899631,1,0,1,0,1,"[0]","[1]","[200694]","[0.903309]","[1.72609]","[288294]","[0.0893936]","[-1]","[13]","[1]","[0]","[-213.971]","[0.0492616]","[9.11392]",155008,1.63716,4,"[364814,172720,90123.6,67306.5]","[0.969379,-0.976818,-2.28333,-0.324267]","[-1.7524,-0.0540848,2.64177,-1.83707]","[551396,262702,446812,71727.2]","[0.987116,0.99912,0.976104,0.996558]","[0,0,0,0]","[0,0,0,0]","[-0.742328,-0.943197,-0.927485,-0.706667]",0,"[]","[]","[]","[]","[]","[]","[]","[]","[]","[]",1,"[364086]","[0.933236]","[-1.75813]","[536746]","[49285.2]","[0]","[1.86702]","[0.687287]",0,"[]","[]","[]","[]","[]","[]","[]","[]","[]","[]",0,"[12126.1]",4726.81,"[4585.76,2450.89,2759.56,2912.37]","[]","[17606.5]","[]"
919,284500,17095382,361105,8431.29,8579.63,1.65196e+11,0.596562,0.97828,1,1,1,0.996939,1.0005,1,1,0,0,1,"[0]","[1]","[164340]","[2.08857]","[-1.20155]","[673564]","[-0.00741005]","[-1]","[11]","[1]","[0]","[-1441.63]","[0.0220343]","[1.12454]",230429,-1.15379,3,"[497690,46153.7,21722.2]","[0.397635,0.746501,1.27691]","[1.92439,-0.898458,-1.18384]","[537904,60027.6,42092.7]","[0.991795,0.974943,1]","[0,0,0]","[0,0,0]","[-0.963873,-0.439954,-0.87476]",0,"[]","[]","[]","[]","[]","[]","[]","[]","[]","[]",1,"[486223]","[0.41108]","[1.92526]","[528042]","[12797.3]","[0]","[6.6572]","[0.458932]",0,"[]","[]","[]","[]","[]","[]","[]","[]","[]","[]",0,"[1763.61]",570.469,"[5678.13,2214.81,1657.8]","[]","[22496.8]","[]"
920,284500,17245234,361105,8434.49,8579.63,1.65196e+11,1.08735,1,0.99543,1,1,0.998745,0.89692,1,0,1,0,1,"[0]","[1]","[31508.5]","[-0.215527]","[-1.42279]","[32243.3]","[0.0366039]","[-1]","[13]","[1]","[0]","[91.2349]","[-0.0152227]","[1.86421]",226467,-1.16136,4,"[242308,47574.6,36324.2,26876.5]","[-0.54557,-0.615019,0.207191,0.271828]","[1.95015,2.69028,0.243996,-0.802105]","[279407,57014.3,37700.3,28319.2]","[0.99,0.99,0.971897,0.991791]","[0,0,0,0]","[0,0,0,0]","[-0.771739,-0.869773,-0.93963,-0.687783]",0,"[]","[]","[]","[]","[]","[]","[]","[]","[]","[]",1,"[267048]","[-0.579865]","[2.04714]","[321582]","[72871.5]","[0]","[0.470404]","[0.360343]",0,"[]","[]","[]","[]","[]","[]","[]","[]","[]","[]",0,"[74.133]",6500.28,"[3133.81,5517.65,2617.29,2009.32]","[]","[0]","[]"
921,284500,17197097,361105,8435.12,8579.63,1.65196e+11,1.74563,0.95254,1,1,1,1.56957,1.0295,1,1,0,0,1,"[0]","[1]","[42800.3]","[1.95729]","[2.04251]","[154538]","[0.122873]","[-1]","[11]","[1]","[0]","[-319.042]","[0.0155369]","[0.758269]",190813,2.00337,3,"[248537,34900.7,25685.4]","[1.75401,1.42168,-1.63265]","[-1.07869,3.0799,-0.0584051]","[739834,77103.7,68368.6]","[0.997752,0.961783,0.974358]","[0,0,0]","[0,0,0]","[-0.915035,-0.502938,0.860053]",0,"[]","[]","[]","[]","[]","[]","[]","[]","[]","[]",1,"[259658]","[1.76005]","[-1.08193]","[777407]","[25300.8]","[0]","[2.16142]","[0.665132]",0,"[]","[]","[]","[]","[]","[]","[]","[]","[]","[]",0,"[565.493]",1633.7,"[4782.37,2171.08,3199.66]","[]","[8331.86]","[]"
922,284500,5956448,361105,8433.91,8579.63,1.65196e+11,1.74563,1,0.995472,1,1,0.991207,0.977996,1,0,1,0,1,"[0]","[1]","[35065.4]","[-0.360089]","[0.611428]","[37363.5]","[24.6591]","[-1]","[13]","[1]","[0]","[-606.521]","[-0.0397087]","[5.97601]",13819.2,1.01925,10,"[194098,149871,141748,119832,93542.6,48361.4,32127.8,25087.4,23577.3,23426.1]","[0.559328,-1.65733,0.530982,-2.1871,-0.0377794,-1.27958,-1.95669,-2.11813,-2.32486,-1.81095]","[1.80568,-0.845399,-1.99576,-0.452152,2.06226,2.52954,2.87689,-1.16587,-1.78912,-2.9846]","[226999,407768,162763,540638,93937.8,93875.2,115984,105909,121736,73665.2]","[-0.1,0.71756,0,0.986737,0.998513,0.996698,0.999089,1,0.953588,0.996451]","[0,0,0,0,0,0,0,0,0,0]","[0,0,0,0,0,0,0,0,0,0]","[-0.784856,-0.982039,-0.714226,-0.484766,-0.857771,-0.802641,-0.960934,-0.576114,-0.913601,-0.766613]",0,"[]","[]","[]","[]","[]","[]","[]","[]","[]","[]",2,"[285981,267208]","[0.385726,-1.93864]","[1.88732,-0.676454]","[313815,950740]","[62533.7,76214.4]","[0,0]","[0.993797,0.909355]","[0.374048,0.771139]",0,"[]","[]","[]","[]","[]","[]","[]","[]","[]","[]",0,"[117.172]",682.812,"[2221.03,5707.89,6018.52,3108.76,3691.35,4828.51,2040.16,4663.56,2712.96,3271.55]","[]","[3734.44,0]","[]"
923,284500,16171205,361105,8437.33,8579.63,1.65196e+11,1.24168,0.97553,1,1,1,0.998549,1.01265,1,1,0,0,1,"[0]","[1]","[145811]","[1.56212]","[1.58078]","[362967]","[-0.0554638]","[-1]","[11]","[1]","[0]","[949.532]","[-0.0130598]","[1.67833]",236052,1.98157,3,"[281086,64693.1,33625.8]","[1.88393,1.49383,0.789616]","[-1.4557,-0.824864,-1.13497]","[946077,151655,45098.2]","[1,0.997927,0.990338]","[0,0,0]","[0,0,0]","[-0.486771,-0.873315,-0.681456]",0,"[]","[]","[]","[]","[]","[]","[]","[]","[]","[]",1,"[317996]","[1.8461]","[-1.37363]","[1.03559e+06]","[81644.1]","[0]","[1.20165]","[0.676832]",0,"[]","[]","[]","[]","[]","[]","[]","[]","[]","[]",0,"[3046.3]",9926.06,"[5960.65,8087.75,1964.39]","[]","[25329.5]","[]"
924,284500,15931495,361105,8431.63,8579.63,1.65196e+11,0.402058,1,0.998983,1,1,0.999185,0.987341,1,0,1,0,1,"[0]","[1]","[108856]","[1.27882]","[-1.30438]","[210678]","[0.0245934]","[-1]","[13]","[1]","[0]","[-319.009]","[-0.0190617]","[4.09729]",131022,-0.870284,2,"[245991,33179.5]","[0.66081,0.324255]","[1.96023,-2.1342]","[302127,35270.2]","[0.990851,0.99]","[0,0]","[0,0]","[-0.911951,-0.663527]",0,"[]","[]","[]","[]","[]","[]","[]","[]","[]","[]",1,"[253965]","[0.64311]","[1.95934]","[308781]","[16881]","[0]","[1.69577]","[0.591912]",0,"[]","[]","[]","[]","[]","[]","[]","[]","[]","[]",0,"[650.739]",3066.1,"[6259.68,8207.64]","[]","[29033.1]","[]"
925,284500,15936685,361105,8433.7,8579.63,1.65196e+11,0.934886,0.99211,1,1,1,0.989322,0.9918,1,1,0,0,1,"[0]","[1]","[164253]","[-0.647062]","[1.3749]","[199855]","[0.00287056]","[-1]","[11]","[1]","[0]","[-1172.77]","[0.0120692]","[1.70756]",139852,1.39156,1,"[278968]","[-1.21234]","[-1.81366]","[512094]","[1]","[4]","[0]","[-0.724046]",0,"[]","[]","[]","[]","[]","[]","[]","[]","[]","[]",1,"[263065]","[-1.2295]","[-1.80726]","[489551]","[35776.2]","[0]","[1.87134]","[0.610896]",0,"[]","[]","[]","[]","[]","[]","[]","[]","[]","[]",0,"[908.743]",396.641,"[3337.18]","[]","[10534.8]","[]"
926,284500,17143027,361105,8433.97,8579.63,1.65196e+11,3.34815,1,1.00111,1,1,0.988709,0.925345,1,0,1,0,1,"[0]","[1]","[124717]","[-0.140247]","[2.36981]","[125945]","[-0.0111885]","[-1]","[13]","[1]","[0]","[-202.832]","[-0.101864]","[19.0747]",136662,2.17676,1,"[259270]","[-0.749907]","[-0.821372]","[335859]","[0.995598]","[4]","[0]","[-0.89851]",0,"[]","[]","[]","[]","[]","[]","[]","[]","[]","[]",1,"[261627]","[-0.771593]","[-0.822557]","[343587]","[9715.89]","[0]","[1.94951]","[0.403862]",0,"[]","[]","[]","[]","[]","[]","[]","[]","[]","[]",0,"[2296.13]",997.219,"[2636.95]","[]","[8834.06]","[]"
927,284500,17246629,361105,8438.36,8579.63,1.65196e+11,0.596562,1,1.00008,1,1,0.99932,1.01363,1,0,1,0,1,"[0]","[1]","[264732]","[-0.386514]","[-1.54324]","[284754]","[-0.00268555]","[-1]","[13]","[1]","[0]","[558.217]","[-0.0260273]","[3.93618]",5447.52,-0.387068,2,"[219617,60612.5]","[0.0746319,0.477825]","[1.49211,1.77806]","[221645,67781.4]","[0.990107,0.953173]","[0,0]","[0,0]","[-0.869089,-0.945093]",0,"[]","[]","[]","[]","[]","[]","[]","[]","[]","[]",1,"[268610]","[0.197202]","[1.54064]","[282137]","[67882]","[0]","[1.29491]","[0.750587]",0,"[]","[]","[]","[]","[]","[]","[]","[]","[]","[]",0,"[26465.9]",30074.1,"[2697.35,2684.47]","[]","[6430.19]","[]"
928,284500,16405800,361105,8434.21,8579.63,1.65196e+11,0.00279311,0.96819,1,1,1,0.997539,0.95922,1,1,0,0,1,"[0]","[1]","[45860.1]","[-0.854366]","[-0.133687]","[63640.9]","[-0.0220261]","[-1]","[11]","[1]","[0]","[-164.419]","[-0.000467573]","[0.0389353]",351514,-0.177606,3,"[357859,36525.9,21270.3]","[1.4822,1.50442,0.68649]","[2.8773,-2.86129,-2.63195]","[829295,86667.1,26829.3]","[0.993305,0.99,0.973326]","[0,0,0]","[0,0,0]","[-0.918031,-0.934349,-0.675969]",0,"[]","[]","[]","[]","[]","[]","[]","[]","[]","[]",1,"[350994]","[1.49834]","[2.88427]","[825911]","[49257.4]","[0]","[2.10908]","[0.552584]",0,"[]","[]","[]","[]","[]","[]","[]","[]","[]","[]",0,"[74.0598]",14888.2,"[7156.09,2134.41,1706.32]","[]","[12419.2]","[]"
929,284500,15961478,361105,8432.25,8579.63,1.65196e+11,1.08735,1,0.996394,1,1,0.983747,0.727758,1,0,1,0,1,"[0]","[1]","[145125]","[0.5204]","[0.573392]","[165224]","[-0.0541458]","[-1]","[13]","[1]","[0]","[-732.987]","[0.00580145]","[1.27153]",235313,0.631511,4,"[495248,117146,47077.2,22114.4]","[-0.345224,1.77682,-1.18412,-0.378435]","[-2.67245,-0.569019,1.03001,1.26701]","[525747,356484,84460.8,24232.7]","[0.999178,0.994099,0.995486,0.973641]","[4,0,0,0]","[0,0,0,0]","[-0.144531,-0.902686,-0.866349,-0.683763]",0,"[]","[]","[]","[]","[]","[]","[]","[]","[]","[]",1,"[490602]","[-0.319159]","[-2.67394]","[516227]","[20941]","[0]","[1.90446]","[0.458241]",0,"[]","[]","[]","[]","[]","[]","[]","[]","[]","[]",0,"[915.218]",3683.55,"[9566.45,9279.19,8918.33,2536.32]","[]","[30259.5]","[]"
930,284500,16685005,361105,8429.29,8579.63,1.65196e+11,0.934886,0.96126,1,1,1,0.998394,0,1,1,0,0,1,"[0]","[1]","[25739.7]","[0.142535]","[-0.64449]","[26001.6]","[-0.0211372]","[-1]","[11]","[1]","[0]","[444.505]","[-0.010685]","[0.575764]",472621,-0.716837,1,"[488105]","[0.785718]","[2.40104]","[646957]","[0.994651]","[0]","[0]","[-0.552426]",0,"[]","[]","[]","[]","[]","[]","[]","[]","[]","[]",1,"[524953]","[0.760565]","[2.40253]","[684505]","[18809.7]","[0]","[4.79391]","[-1]",0,"[]","[]","[]","[]","[]","[]","[]","[]","[]","[]",0,"[223.784]",7989.69,"[9838.2]","[]","[300.938]","[]"
931,284500,16951458,361105,8428.67,8579.63,1.65196e+11,3.34815,0.98178,1,1,1,0.999187,0.99604,1,1,0,0,1,"[0]","[1]","[95546.6]","[-2.05877]","[-1.64372]","[380464]","[-0.026741]","[-1]","[11]","[1]","[0]","[-166.082]","[0.0958009]","[9.14726]",179285,-1.94692,1,"[261000]","[-1.31989]","[1.29419]","[523819]","[0.991826]","[0]","[0]","[-0.939951]",0,"[]","[]","[]","[]","[]","[]","[]","[]","[]","[]",1,"[252365]","[-1.34188]","[1.29118]","[516538]","[27981]","[0]","[3.31593]","[0.510016]",0,"[]","[]","[]","[]","[]","[]","[]","[]","[]","[]",0,"[618.132]",3700.62,"[5178.59]","[]","[2100.66]","[]"
932,284500,16064997,361105,8436.93,8579.63,1.65196e+11,1.24168,0.97166,1,1,1,0.998197,1.0005,1,1,0,0,1,"[0]","[1]","[137144]","[2.28237]","[0.476541]","[678996]","[0.0672379]","[-1]","[11]","[1]","[0]","[-54.0945]","[-0.0233942]","[2.62184]",109852,0.436424,2,"[251020,34141.4]","[-0.585257,-2.15453]","[-2.39369,2.14112]","[295565,149380]","[1,0.994693]","[0,0]","[0,0]","[-0.886888,-0.905877]",0,"[]","[]","[]","[]","[]","[]","[]","[]","[]","[]",1,"[257072]","[-0.590733]","[-2.39353]","[303426]","[10454.3]","[0]","[1.75403]","[0.491299]",0,"[]","[]","[]","[]","[]","[]","[]","[]","[]","[]",0,"[1586.26]",1176.62,"[3392.79,2220.65]","[]","[2919.8]","[]"
933,284500,16058058,361105,8427.73,8579.63,1.65196e+11,1.74563,1,1.00187,1,1,0.998596,0.998811,1,0,1,0,1,"[0]","[1]","[133475]","[1.18995]","[2.97538]","[239666]","[-0.00806046]","[-1]","[13]","[1]","[0]","[206.248]","[0.0187369]","[3.22385]",169556,-3.12228,3,"[280766,28162,20481.6]","[-0.442678,-0.851108,0.538377]","[-0.131258,0.0370225,1.82158]","[313838,39239.3,24020.2]","[0.993398,0.989133,0.991998]","[0,0,0]","[0,0,0]","[-0.961069,-0.915177,-0.898267]",0,"[]","[]","[]","[]","[]","[]","[]","[]","[]","[]",1,"[292490]","[-0.448157]","[-0.124958]","[328671]","[64116.8]","[0]","[1.62903]","[0.760198]",0,"[]","[]","[]","[]","[]","[]","[]","[]","[]","[]",0,"[6109.79]",2614.64,"[3153.74,3790.22,2187.79]","[]","[14187.1]","[]"
934,284500,16686478,361105,8429.65,8579.63,1.65196e+11,1.55465,0.96988,1,1,1,0.997588,1.00441,1,1,0,0,1,"[0]","[1]","[65886.4]","[1.62402]","[-2.78279]","[173628]","[0.103026]","[-1]","[11]","[1]","[0]","[-1085.94]","[0.199679]","[7.41146]",154375,-2.66847,2,"[254832,21160.9]","[0.208552,1.87903]","[0.441967,-1.61635]","[261304,71007.6]","[0.99279,0.978659]","[0,0]","[0,0]","[-0.87722,-0.755269]",0,"[]","[]","[]","[]","[]","[]","[]","[]","[]","[]",1,"[251129]","[0.213243]","[0.441856]","[258052]","[24777.4]","[0]","[2.00616]","[0.461585]",0,"[]","[]","[]","[]","[]","[]","[]","[]","[]","[]",0,"[513.318]",6193.95,"[3298.27,1546.13]","[]","[17197]","[]"
935,284500,16704189,361105,8437.92,8579.63,1.65196e+11,1.55465,1,1.00069,1,1,0.998997,0.980306,1,0,1,0,1,"[0]","[1]","[113922]","[-0.475726]","[1.41283]","[127058]","[-0.0137825]","[-1]","[13]","[1]","[0]","[1413.13]","[-0.0382066]","[6.95893]",191734,1.36868,2,"[306765,27496.3]","[-0.316702,0.702342]","[-1.87041,-0.326683]","[322887,34964.5]","[0.999638,0.967001]","[0,0]","[0,0]","[-0.857689,-0.557558]",0,"[]","[]","[]","[]","[]","[]","[]","[]","[]","[]",1,"[274175]","[-0.298297]","[-1.86317]","[286694]","[11489.8]","[0]","[2.00083]","[-1]",0,"[]","[]","[]","[]","[]","[]","[]","[]","[]","[]",0,"[5260.99]",18307.4,"[4020.89,1804.82]","[]","[14833.1]","[]"
936,284500,16722005,361105,8435.24,8579.63,1.65196e+11,0.934886,1,0.998264,1,1,0.998906,0.826478,1,0,1,0,1,"[0]","[1]","[63933.1]","[0.143228]","[-1.62464]","[64590.1]","[-0.093792]","[-1]","[13]","[1]","[1134.73]","[304.861]","[-0.00736585]","[1.11883]",310695,-1.55792,1,"[379348]","[1.30418]","[1.5838]","[750967]","[1]","[0]","[0]","[-0.761841]",0,"[]","[]","[]","[]","[]","[]","[]","[]","[]","[]",1,"[398367]","[1.29523]","[1.58345]","[782760]","[36044.5]","[0]","[1.55537]","[0.501296]",0,"[]","[]","[]","[]","[]","[]","[]","[]","[]","[]",0,"[794.149]",6579.53,"[8411.86]","[]","[40084.9]","[]"
937,284500,15711803,361105,8432.76,8579.63,1.65196e+11,0.596562,0.9523,1,1,1,0.986644,1.00043,1,1,0,0,1,"[0]","[1]","[38839.7]","[1.62327]","[1.05452]","[102282]","[-0.0951958]","[-1]","[11]","[1]","[0]","[369.443]","[0.0505457]","[4.03994]",267891,1.01328,3,"[236238,54575.8,20068.4]","[0.334152,0.955004,0.403443]","[-2.07669,-1.98876,-2.97271]","[251278,81664.6,22042.2]","[0.991283,0.742082,0.955427]","[4,0,0]","[0,0,0]","[-0.929906,-0.921078,-0.929465]",0,"[]","[]","[]","[]","[]","[]","[]","[]","[]","[]",1,"[269259]","[0.484576]","[-2.06836]","[309295]","[69021.5]","[0]","[1.36238]","[0.644956]",0,"[]","[]","[]","[]","[]","[]","[]","[]","[]","[]",0,"[320.917]",9610.41,"[3063.38,10916.9,2175.6]","[]","[1112.44]","[]"
938,284500,11947394,361105,8433.89,8579.63,1.65196e+11,0.934886,0.97577,1,1,1,0.998433,1.00531,1,1,0,0,1,"[0]","[1]","[61900.2]","[-0.113505]","[-0.272036]","[62299.4]","[0.0890732]","[-1]","[11]","[1]","[0]","[545.398]","[0.0782553]","[5.37728]",332809,-0.279897,4,"[291831,189268,63976.6,51964.4]","[-0.544988,-2.00362,0.576718,-1.60654]","[2.43684,-2.44377,1.0499,-2.8489]","[336864,714768,75373,134979]","[1,0.99,0.998543,0.98781]","[0,0,0,0]","[0,0,0,0]","[-0.401442,-0.801757,-0.905798,-0.382738]",0,"[]","[]","[]","[]","[]","[]","[]","[]","[]","[]",1,"[296890]","[-0.52967]","[2.44105]","[339812]","[14107.2]","[0]","[2.10865]","[0.451229]",0,"[]","[]","[]","[]","[]","[]","[]","[]","[]","[]",0,"[118.606]",3467.97,"[5933.34,4420.39,4516.61,2727.73]","[]","[1714.69]","[]"
939,284500,17038707,361105,8429.8,8579.63,1.65196e+11,1.08735,0.92237,1,1,1,1.1342,0.96413,1,1,0,0,1,"[0]","[1]","[60723.3]","[2.37379]","[-2.78828]","[328851]","[-0.113165]","[-1]","[11]","[1]","[0]","[-697.992]","[0.0593628]","[2.30748]",239591,-2.92717,3,"[278064,41380.5,39073.4]","[1.1458,0.518747,-0.482586]","[0.345404,0.479561,-1.69261]","[481973,47501.1,44255.4]","[0.999856,0.963991,0.983772]","[0,0,0]","[0,0,0]","[0.969626,-0.840437,-0.776321]",0,"[]","[]","[]","[]","[]","[]","[]","[]","[]","[]",1,"[302650]","[1.09985]","[0.359847]","[507522]","[51386.8]","[0]","[2.58971]","[0.716962]",0,"[]","[]","[]","[]","[]","[]","[]","[]","[]","[]",0,"[277.332]",86.25,"[4245.9,3563.9,2727.8]","[]","[12057.2]","[]"
940,284500,15638077,361105,8433.1,8579.63,1.65196e+11,0.596562,0.97429,1,1,1,1.12493,0.98653,1,1,0,0,1,"[0]","[1]","[51055.5]","[0.315974]","[0.314027]","[53625.4]","[-0.11488]","[-1]","[11]","[1]","[0]","[2550.71]","[0.00110324]","[0.0507868]",255547,0.0337575,2,"[209929,90454.7]","[-0.340352,-0.325998]","[3.02271,-2.45367]","[222863,96068.2]","[0.994696,0.99051]","[5,5]","[0,0]","[-0.475241,0.845943]",0,"[]","[]","[]","[]","[]","[]","[]","[]","[]","[]",1,"[262680]","[-0.350471]","[-3.04191]","[296712]","[101039]","[0]","[0.649415]","[0.53871]",0,"[]","[]","[]","[]","[]","[]","[]","[]","[]","[]",0,"[127.379]",20414.5,"[5069.18,2146.34]","[]","[3290.84]","[]"
941,284500,16135636,361105,8427.89,8579.63,1.65196e+11,1.74563,1,1.00344,1,1,0.999421,0.997018,1,0,1,0,1,"[0]","[1]","[53960.8]","[1.18716]","[2.26842]","[96667.1]","[-0.108624]","[-1]","[13]","[1]","[1181.39]","[769.521]","[-0.0452342]","[7.35789]",184013,1.98989,1,"[256041]","[0.307958]","[-1.0579]","[269724]","[0.998765]","[0]","[0]","[-0.953969]",0,"[]","[]","[]","[]","[]","[]","[]","[]","[]","[]",1,"[272010]","[0.291342]","[-1.06337]","[285101]","[28862.9]","[0]","[1.59357]","[0.567909]",0,"[]","[]","[]","[]","[]","[]","[]","[]","[]","[]",0,"[308.102]",228.094,"[3003.92]","[]","[2567.75]","[]"
942,284500,16047843,361105,8433.31,8579.63,1.65196e+11,0.402058,0.97435,1,1,1,0.999405,0.98425,1,1,0,0,1,"[0]","[1]","[46745.5]","[0.56867]","[-1.95193]","[54509.8]","[0.0671329]","[-1]","[11]","[1]","[0]","[-277.102]","[-0.0201338]","[2.07951]",249058,-2.10641,2,"[307062,76992.5]","[0.504146,-0.448423]","[1.3743,-0.526711]","[347282,85688.1]","[1,0.99]","[0,0]","[0,0]","[-0.946564,-0.781461]",0,"[]","[]","[]","[]","[]","[]","[]","[]","[]","[]",1,"[297649]","[0.513128]","[1.37147]","[337887]","[11196.3]","[0]","[2.36902]","[-1]",0,"[]","[]","[]","[]","[]","[]","[]","[]","[]","[]",0,"[205.341]",6371.78,"[7492.42,5760.61]","[]","[14497.7]","[]"
943,284500,16110948,361105,8435,8579.63,1.65196e+11,0.0132185,1,0.995624,1,1,0.998118,0.954494,1,0,1,0,1,"[0]","[1]","[28343.4]","[0.655343]","[2.74054]","[34650.9]","[0.124483]","[-1]","[13]","[1]","[0]","[-48.4232]","[0.0959963]","[10.9217]",378512,2.88177,2,"[387408,43385.9]","[0.717505,-1.8253]","[-0.185291,-1.16077]","[494849,138153]","[0.989882,0.995313]","[0,0]","[0,0]","[-0.87599,-0.856132]",0,"[]","[]","[]","[]","[]","[]","[]","[]","[]","[]",1,"[371989]","[0.722067]","[-0.198561]","[477071]","[60262.8]","[0]","[1.17264]","[0.758959]",0,"[]","[]","[]","[]","[]","[]","[]","[]","[]","[]",0,"[85.6092]",28.3438,"[5348.58,4644.23]","[]","[23416.7]","[]"
944,284500,16118095,361105,8436.49,8579.63,1.65196e+11,1.08735,1,0.998771,1,1,0.997265,0.973872,1,0,1,0,1,"[0]","[1]","[89217.6]","[-0.690082]","[0.459564]","[111317]","[0.112076]","[-1]","[13]","[1]","[0]","[-259.132]","[0.171656]","[18.6996]",120358,0.533272,3,"[318798,37354.2,21801.5]","[-0.589221,-0.351066,-1.87622]","[-2.33114,1.38282,0.592413]","[375990,40110,72938.1]","[1,0.996307,0.996571]","[0,0,0]","[0,0,0]","[-0.86703,-0.887308,-0.840322]",0,"[]","[]","[]","[]","[]","[]","[]","[]","[]","[]",1,"[357231]","[-0.62008]","[-2.31775]","[433438]","[67580.4]","[0]","[2.19563]","[0.554904]",0,"[]","[]","[]","[]","[]","[]","[]","[]","[]","[]",0,"[2380.72]",15410.3,"[7596.3,4494.89,4750.58]","[]","[7392.44]","[]"
945,284500,16055930,361105,8433.92,8579.63,1.65196e+11,0,0.96052,1,1,1,0.999173,1.01448,1,1,0,0,1,"[0]","[1]","[58037.5]","[1.82172]","[-2.03305]","[184101]","[0.0643406]","[-1]","[11]","[1]","[2673.37]","[823.109]","[0.0798205]","[2.28152]",161102,-1.99549,2,"[135420,131288]","[1.15794,1.59362]","[0.749133,1.45494]","[237990,336608]","[0.993802,0.98911]","[0,0]","[0,0]","[-0.923113,-0.941951]",0,"[]","[]","[]","[]","[]","[]","[]","[]","[]","[]",1,"[251227]","[1.43922]","[1.10119]","[570981]","[113698]","[0]","[0.853982]","[0.559804]",0,"[]","[]","[]","[]","[]","[]","[]","[]","[]","[]",0,"[1054.38]",1477.69,"[5598.78,5508.35]","[]","[17726.2]","[]"
946,284500,16522173,361105,8430.9,8579.63,1.65196e+11,1.08735,0.97446,1,1,1,1.10674,0.98483,1,1,0,0,1,"[0]","[1]","[57241.1]","[-0.164599]","[1.60348]","[58018.3]","[0.00719357]","[-1]","[11]","[1]","[0]","[1142.79]","[-0.00528191]","[0.475565]",213346,1.37959,1,"[264919]","[-0.313152]","[-1.73845]","[278660]","[0.993808]","[4]","[0]","[0.842922]",0,"[]","[]","[]","[]","[]","[]","[]","[]","[]","[]",1,"[251987]","[-0.310924]","[-1.74189]","[264564]","[12574]","[0]","[3.67264]","[0.424352]",0,"[]","[]","[]","[]","[]","[]","[]","[]","[]","[]",0,"[96.3585]",2202.95,"[3249.07]","[]","[16290.2]","[]"
947,284500,5415609,361105,8434.49,8579.63,1.65196e+11,0.596562,0.9823,1,1,1,0.988255,1.00632,1,1,0,0,1,"[0]","[1]","[83865.7]","[0.21294]","[-1.46998]","[85774.3]","[-0.0333939]","[-1]","[11]","[1]","[0]","[359.571]","[0.0178538]","[1.54951]",610453,-1.55825,3,"[469923,171732,21733.1]","[-0.862585,-2.22199,-0.423881]","[1.60518,1.54957,1.21123]","[656328,801980,24039.6]","[0.996971,1,0.934405]","[0,4,0]","[0,0,0]","[-0.799832,-0.853693,-0.740112]",0,"[]","[]","[]","[]","[]","[]","[]","[]","[]","[]",1,"[435859]","[-0.879404]","[1.60861]","[615607]","[9096.59]","[0]","[5.36456]","[0.106151]",0,"[]","[]","[]","[]","[]","[]","[]","[]","[]","[]",0,"[463.006]",7317.12,"[13806.7,2736.08,1711.4]","[]","[8757.94]","[]"
948,284500,5920652,361105,8432.3,8579.63,1.65196e+11,0.75088,1,0.9968,1,1,0.99878,0.804098,1,0,1,0,1,"[0]","[1]","[40255.5]","[-0.685041]","[1.65193]","[50076.4]","[0.135746]","[-1]","[13]","[1]","[0]","[944.879]","[0.0761355]","[10.3547]",341227,1.78628,4,"[305180,47664.4,38708.9,26495.4]","[0.19305,-0.429957,-0.727738,0.506815]","[-1.5408,-1.56304,-0.717629,0.188084]","[311455,52625.5,49867.7,30397.3]","[0.994234,0.998081,0.981528,0.990139]","[0,0,0,0]","[0,0,0,0]","[-0.967226,-0.847594,-0.733451,-0.883123]",0,"[]","[]","[]","[]","[]","[]","[]","[]","[]","[]",1,"[330223]","[0.150631]","[-1.55136]","[343161]","[78865.1]","[0]","[2.05168]","[0.490035]",0,"[]","[]","[]","[]","[]","[]","[]","[]","[]","[]",0,"[65.5945]",8425.41,"[3519.58,6461.44,3735.07,2000.93]","[]","[5794.88]","[]"
949,284500,5418029,361105,8432.73,8579.63,1.65196e+11,1.08735,0.96228,1,1,1,0.998074,0.95211,1,1,0,0,1,"[0]","[1]","[35612.6]","[-1.143]","[-0.676221]","[61520.9]","[0.0201473]","[-1]","[11]","[1]","[2548.38]","[431.472]","[0.0231523]","[1.6112]",465735,-1.19442,2,"[483737,34696.5]","[-0.926216,0.143713]","[1.89979,-2.82797]","[706827,35496.6]","[0.998564,0.989754]","[0,0]","[0,0]","[-0.758101,-0.641705]",0,"[]","[]","[]","[]","[]","[]","[]","[]","[]","[]",1,"[460531]","[-0.919043]","[1.89408]","[670024]","[35098.6]","[0]","[5.96945]","[0.556448]",0,"[]","[]","[]","[]","[]","[]","[]","[]","[]","[]",0,"[125.963]",11840.1,"[13400.2,3518.66]","[]","[13996.7]","[]"
950,284500,16543265,361105,8437.03,8579.63,1.65196e+11,0.596562,1,0.997735,1,1,0.997975,0.958895,1,0,1,0,1,"[0]","[1]","[115270]","[0.771571]","[2.61303]","[151318]","[0.0694923]","[-1]","[13]","[1]","[0]","[-448.548]","[-0.0444799]","[7.72629]",165854,3.12471,3,"[230265,134824,44546.7]","[0.76055,0.822372,-1.80346]","[0.208926,-1.52832,0.75559]","[300453,183883,138975]","[0.688085,0.859084,0.985974]","[0,0,0]","[0,0,0]","[-0.770654,-0.929655,-0.914816]",0,"[]","[]","[]","[]","[]","[]","[]","[]","[]","[]",1,"[251161]","[0.776614]","[0.215659]","[331203]","[16589.6]","[0]","[2.803]","[0.531504]",0,"[]","[]","[]","[]","[]","[]","[]","[]","[]","[]",0,"[128.535]",2191.86,"[4899.38,9893.82,3495.97]","[]","[0]","[]"
951,284500,16738342,361105,8425.35,8579.63,1.65196e+11,1.25133,1,0.995759,1,1,0.999378,0.995884,1,0,1,0,1,"[0]","[1]","[76140.2]","[2.27325]","[0.691468]","[373615]","[-0.0801239]","[-1]","[13]","[1]","[0]","[-143.44]","[-0.0420758]","[6.43411]",258120,0.671569,1,"[294784]","[1.04875]","[-2.94446]","[472594]","[0.976456]","[0]","[0]","[-0.950844]",0,"[]","[]","[]","[]","[]","[]","[]","[]","[]","[]",1,"[331530]","[1.04629]","[-2.9438]","[531481]","[37328.5]","[0]","[5.76153]","[0.593484]",0,"[]","[]","[]","[]","[]","[]","[]","[]","[]","[]",0,"[2495.78]",11951,"[11788.7]","[]","[6918.53]","[]"
952,284500,16483028,361105,8433.3,8579.63,1.65196e+11,1.55465,0.97166,1,1,1,0.986597,1.0005,1,1,0,0,1,"[0]","[1]","[107701]","[2.01055]","[3.02588]","[409336]","[-0.0233784]","[-1]","[11]","[1]","[0]","[109.636]","[0.0527328]","[2.77673]",117374,2.53127,3,"[266327,61629.3,25766.7]","[0.17419,0.201751,-0.808823]","[-0.282454,-2.52641,1.73508]","[270989,63416,34764.4]","[0.99974,0.995086,0.740434]","[4,0,0]","[0,0,0]","[-0.197911,-0.897173,-0.867457]",0,"[]","[]","[]","[]","[]","[]","[]","[]","[]","[]",1,"[270739]","[0.178164]","[-0.283739]","[276024]","[23196.3]","[0]","[1.64251]","[0.344631]",0,"[]","[]","[]","[]","[]","[]","[]","[]","[]","[]",0,"[997.458]",9539.2,"[4668.83,7501.22,2181.56]","[]","[3576.41]","[]"
953,284500,17051640,361105,8430.81,8579.63,1.65196e+11,0.934886,0.96825,1,1,1,0.997674,0.99461,1,1,0,0,1,"[0]","[1]","[64440.4]","[-2.08815]","[-1.17773]","[264008]","[0.237492]","[-1]","[11]","[1]","[0]","[314.299]","[0.00586865]","[0.435042]",176635,-1.39831,3,"[402875,151556,125126]","[0.0159683,-0.265116,0.821092]","[1.3229,-1.3706,-3.01524]","[403206,158314,170089]","[0.996753,0.994651,0.9984]","[0,0,0]","[0,0,0]","[-0.88609,-0.962295,-0.675967]",0,"[]","[]","[]","[]","[]","[]","[]","[]","[]","[]",1,"[417290]","[0.0428479]","[1.32271]","[418333]","[23477.1]","[0]","[1.96385]","[0.250692]",0,"[]","[]","[]","[]","[]","[]","[]","[]","[]","[]",0,"[397.404]",6686.69,"[4703.76,8090.48,8983.96]","[]","[12579]","[]"
954,284500,17217684,361105,8430.86,8579.63,1.65196e+11,0.506784,1,0.995702,1,1,0.99793,0.956621,1,0,1,0,1,"[0]","[1]","[161396]","[-0.830729]","[2.24203]","[220365]","[-0.0299835]","[-1]","[13]","[1]","[1864.35]","[-361.659]","[-0.0543743]","[8.5953]",181391,2.47989,2,"[348320,35035.9]","[0.269366,-2.31366]","[-0.775718,-0.886955]","[361639,178906]","[0.989487,0.968537]","[0,0]","[0,0]","[-0.820021,-0.715444]",0,"[]","[]","[]","[]","[]","[]","[]","[]","[]","[]",1,"[315188]","[0.303737]","[-0.773765]","[330066]","[12230.9]","[0]","[2.67521]","[0.465733]",0,"[]","[]","[]","[]","[]","[]","[]","[]","[]","[]",0,"[4332.49]",10099.8,"[8136.67,6121.42]","[]","[2450.47]","[]"
955,284500,5943030,361105,8431.66,8579.63,1.65196e+11,0.934886,0.97435,1,1,1,0.998411,0.98425,1,1,0,0,1,"[0]","[1]","[45143.5]","[0.427251]","[-2.71589]","[49326.9]","[0.00113678]","[-1]","[11]","[1]","[0]","[-131.213]","[-0.0108757]","[1.18557]",253718,-2.67151,3,"[308605,26031.1,23713.5]","[1.03811,0.602794,1.02957]","[0.561359,-1.98203,-0.12365]","[490576,31501.8,37682.9]","[0.996837,0.964174,0.994303]","[0,0,0]","[0,0,0]","[-0.521775,-0.644173,-0.873608]",0,"[]","[]","[]","[]","[]","[]","[]","[]","[]","[]",1,"[302718]","[1.0575]","[0.561724]","[488426]","[8087.82]","[0]","[3.29778]","[0.472348]",0,"[]","[]","[]","[]","[]","[]","[]","[]","[]","[]",0,"[86.5061]",6299.53,"[6667.09,4092.32,2739.35]","[]","[6156.12]","[]"
956,284500,16208863,361105,8438.32,8579.63,1.65196e+11,0.402058,1,1.00115,1,1,0.989306,0.938421,1,0,1,0,1,"[0]","[1]","[106434]","[2.08467]","[2.04081]","[434584]","[0.0517578]","[-1]","[13]","[1]","[0]","[515.409]","[-0.0271882]","[4.03116]",149136,1.75194,1,"[244077]","[1.17278]","[-1.27855]","[432240]","[1]","[4]","[0]","[-0.856278]",0,"[]","[]","[]","[]","[]","[]","[]","[]","[]","[]",1,"[261501]","[1.13827]","[-1.27665]","[450235]","[14283.4]","[0]","[6.69114]","[0.482527]",0,"[]","[]","[]","[]","[]","[]","[]","[]","[]","[]",0,"[9255.67]",8010.42,"[8543.47]","[]","[8910.77]","[]"
957,284500,16684693,361105,8437.97,8579.63,1.65196e+11,1.08735,0.9724,1,1,1,0.999371,0.96574,1,1,0,0,1,"[0]","[1]","[51622.1]","[0.854865]","[2.34636]","[71661.8]","[0.0353394]","[-1]","[11]","[1]","[0]","[-402.132]","[-0.014098]","[2.02846]",249742,1.85751,1,"[299975]","[0.773947]","[-1.21783]","[394667]","[0.981679]","[0]","[0]","[0.0552098]",0,"[]","[]","[]","[]","[]","[]","[]","[]","[]","[]",1,"[294355]","[0.763713]","[-1.21713]","[384523]","[7416.78]","[0]","[2.53661]","[0.399378]",0,"[]","[]","[]","[]","[]","[]","[]","[]","[]","[]",0,"[125.331]",2321,"[4061.96]","[]","[6852.97]","[]"
958,284500,16709713,361105,8433.07,8579.63,1.65196e+11,0.934886,0.92001,1,1,1,0.998811,0,1,1,0,0,1,"[0]","[1]","[25745.6]","[1.86361]","[0.857605]","[84987.7]","[-0.126009]","[-1]","[11]","[1]","[0]","[-184.022]","[0.00984025]","[0.356177]",349260,1.32058,1,"[366365]","[1.4964]","[-1.84771]","[859848]","[0.993105]","[0]","[0]","[-0.859836]",0,"[]","[]","[]","[]","[]","[]","[]","[]","[]","[]",1,"[355948]","[1.49522]","[-1.84297]","[834239]","[29250.4]","[0]","[2.00126]","[0.746807]",0,"[]","[]","[]","[]","[]","[]","[]","[]","[]","[]",0,"[682.544]",7407.19,"[8962.79]","[]","[36709.2]","[]"
959,284500,15633232,361105,8432.68,8579.63,1.65196e+11,1.74563,0.96972,1,1,1,0.987201,0.99544,1,1,0,0,1,"[0]","[1]","[251864]","[1.21297]","[2.40549]","[461009]","[0.0369034]","[-1]","[11]","[1]","[0]","[1560.23]","[0.0092318]","[1.07269]",143274,2.42031,3,"[397527,218200,191566]","[1.00352,1.9939,-1.2717]","[-1.54579,-0.574359,0.90288]","[615892,816508,369347]","[0.988666,0.989015,0.960953]","[0,0,4]","[0,0,0]","[-0.35416,-0.426697,-0.641774]",0,"[]","[]","[]","[]","[]","[]","[]","[]","[]","[]",2,"[395304,297517]","[0.990623,1.23108]","[-1.55905,2.45348]","[606072,555437]","[22439.5,52826.3]","[0,0]","[2.87798,1.14869]","[0.598255,0.553308]",0,"[]","[]","[]","[]","[]","[]","[]","[]","[]","[]",0,"[2659.52]",821.906,"[9013.96,4463.7,2643.14]","[]","[6785.97,3718.34]","[]"
960,284500,16744685,361105,8432.55,8579.63,1.65196e+11,1.08735,0.97994,1,1,1,0.998609,1.00632,1,1,0,0,1,"[0]","[1]","[169049]","[0.472239]","[-1.92137]","[188252]","[0.020253]","[-1]","[11]","[1]","[2135.39]","[4979.28]","[-0.0242001]","[3.13265]",120270,-1.90953,5,"[271339,70468.7,49660.7,27444.1,24170.3]","[-0.198655,-1.1809,0.497737,-1.09583,0.334796]","[1.30954,-1.91672,1.64222,1.24516,0.195327]","[280181,125837,56726.4,46017.2,26454.8]","[0.997543,0.993563,0.999667,0.899413,0.978579]","[0,0,0,0,0]","[0,0,0,0,0]","[-0.896058,-0.9256,-0.943878,-0.944608,-0.930046]",0,"[]","[]","[]","[]","[]","[]","[]","[]","[]","[]",1,"[271382]","[-0.1882]","[1.30489]","[279512]","[42885]","[0]","[1.50573]","[0.637156]",0,"[]","[]","[]","[]","[]","[]","[]","[]","[]","[]",0,"[2284.64]",19785.5,"[3546,5205.73,4804.38,4197.67,3106.42]","[]","[13642.3]","[]"
961,284500,16473968,361105,8435,8579.63,1.65196e+11,1.24168,0.97245,1,1,1,1.00433,0.99544,1,1,0,0,1,"[0]","[1]","[101805]","[1.31708]","[-2.22269]","[203631]","[0.0105438]","[-1]","[11]","[1]","[0]","[-53.0588]","[-0.0250793]","[2.79963]",417493,-2.27117,3,"[499680,25496.6,21615.5]","[0.760313,-2.00087,0.663754]","[0.809385,2.49208,1.36378]","[652043,96077.4,27033.2]","[0.996245,0.99,0.999859]","[0,5,4]","[0,0,0]","[-0.931188,0.9757,-0.818673]",0,"[]","[]","[]","[]","[]","[]","[]","[]","[]","[]",1,"[498463]","[0.776468]","[0.805128]","[656755]","[20708.8]","[0]","[2.61343]","[0.492633]",0,"[]","[]","[]","[]","[]","[]","[]","[]","[]","[]",0,"[793.26]",4448.31,"[6543.93,1426.03,1924.19]","[]","[36422.4]","[]"
