event,runNumber,eventNumber,channelNumber,mcWeight,XSection,SumWeights,scaleFactor_PILEUP,scaleFactor_ELE,scaleFactor_MUON,scaleFactor_PHOTON,scaleFactor_TAU,scaleFactor_BTAG,scaleFactor_LepTRIGGER,scaleFactor_PhotonTRIGGER,trigE,trigM,trigP,lep_n,lep_truthMatched,lep_trigMatched,lep_pt,lep_eta,lep_phi,lep_E,lep_z0,lep_charge,lep_type,lep_isTightID,lep_ptcone30,lep_etcone20,lep_trackd0pvunbiased,lep_tracksigd0pvunbiased,met_et,met_phi,jet_n,jet_pt,jet_eta,jet_phi,jet_E,jet_jvt,jet_trueflav,jet_truthMatched,jet_MV2c10,photon_n,photon_truthMatched,photon_trigMatched,photon_pt,photon_eta,photon_phi,photon_E,photon_isTightID,photon_ptcone30,photon_etcone20,photon_convType,largeRjet_n,largeRjet_pt,largeRjet_eta,largeRjet_phi,largeRjet_E,largeRjet_m,largeRjet_truthMatched,largeRjet_D2,largeRjet_tau32,tau_n,tau_pt,tau_eta,tau_phi,tau_E,tau_charge,tau_isTightID,tau_truthMatched,tau_trigMatched,tau_nTracks,tau_BDTid,ditau_m,lep_pt_syst,met_et_syst,jet_pt_syst,photon_pt_syst,largeRjet_pt_syst,tau_pt_syst
0,284500,129852,364160,1,225.007,3.69389e+06,1.26459,1,0.999196,1,1,0.997981,0.987022,1,0,1,0,1,"[1]","[1]","[37092.5]","[1.23649]","[0.436378]","[69250.1]","[161.837]","[1]","[13]","[1]","[0]","[-1203.45]","[0.0223603]","[2.89401]",5894.07,1.80905,3,"[235304,116292,33078.2]","[0.799331,-2.16301,0.776692]","[-2.40888,0.552775,-1.71405]","[318119,512786,43983.5]","[0.999315,0.998531,1]","[0,0,0]","[0,0,0]","[-0.898741,-0.271035,-0.869866]",0,"[]","[]","[]","[]","[]","[]","[]","[]","[]","[]",1,"[292529]","[0.729677]","[-2.49839]","[381791]","[77117]","[0]","[1.53972]","[0.527377]",0,"[]","[]","[]","[]","[]","[]","[]","[]","[]","[]",0,"[294.394]",20215.9,"[3371.5,3450.28,1928.59]","[]","[33840.7]","[]"
1,284500,420127,364160,-1,225.007,3.69389e+06,1.26459,1,0.992671,1,1,0.957851,0.982864,1,0,1,0,1,"[1]","[1]","[49295]","[0.398209]","[-1.58449]","[53255.4]","[-3.96986]","[-1]","[13]","[1]","[0]","[-1051.34]","[-0.0210717]","[3.0652]",62115.2,0.366439,8,"[259428,200772,55601,41238.7,35880.5,25062.8,23929.9,21246.9]","[-0.874167,1.72089,0.870972,-1.72768,1.7577,-1.15155,-1.73254,2.16199]","[2.71402,-0.274683,3.10998,1.16289,-1.01193,-2.83571,-1.04149,-0.486442]","[367566,579377,78350.9,119867,107274,44003.5,69970.7,93600.2]","[0.991986,0.987082,0.93226,0.980556,0.982105,0.966187,0.985285,0.95033]","[0,0,4,0,0,0,0,0]","[0,0,0,0,0,0,0,0]","[-0.642211,0.0588987,0.590616,-0.862011,-0.208128,-0.900431,-0.368319,-0.3493]",0,"[]","[]","[]","[]","[]","[]","[]","[]","[]","[]",1,"[251210]","[-0.865495]","[2.71211]","[353410]","[38373.7]","[0]","[1.56389]","[0.765743]",0,"[]","[]","[]","[]","[]","[]","[]","[]","[]","[]",0,"[332.596]",30630.6,"[3372.57,9351.13,4097.49,2165.59,2079.87,2705.06,1642.4,1643.63]","[]","[0]","[]"
2,284500,1646290,364160,1,225.007,3.69389e+06,1.55465,1,0.987927,1,1,0.955086,0.994479,1,0,1,0,1,"[1]","[1]","[30891.5]","[1.65635]","[-3.06605]","[83885.7]","[0.0786362]","[1]","[13]","[1]","[0]","[-172.567]","[-0.00161163]","[0.16627]",50839.3,0.453391,3,"[1.23284e+06,1.19719e+06,42225.5]","[1.6322,-1.71494,2.07393]","[2.02028,-1.12435,-1.46412]","[3.27375e+06,3.43464e+06,170749]","[0,0,0.989094]","[0,0,4]","[0,0,0]","[-0.80705,-0.804979,-0.216307]",0,"[]","[]","[]","[]","[]","[]","[]","[]","[]","[]",2,"[1.25961e+06,1.17246e+06]","[-1.69083,1.66002]","[-1.1242,2.02072]","[3.53282e+06,3.19468e+06]","[67935.1,2055.95]","[0,0]","[2.43669,0]","[0.714313,-1]",0,"[]","[]","[]","[]","[]","[]","[]","[]","[]","[]",0,"[197.654]",749.742,"[24133.7,22105.8,1856.86]","[]","[111848,28080]","[]"
3,284500,114069,364160,-1,225.007,3.69389e+06,0.923924,1,0.986831,1,1,0.996331,1.0132,1,0,1,0,1,"[1]","[1]","[50678]","[1.7928]","[0.275251]","[156411]","[-20.4849]","[-1]","[13]","[1]","[0]","[1374.75]","[0.00147701]","[0.157261]",116061,-0.779599,5,"[309113,258635,56291,56023,21295.1]","[-0.601438,-1.33692,0.0342668,1.25921,-2.41723]","[2.4102,-0.185475,-1.25693,-3.02731,-1.41576]","[367343,526712,57061.1,106828,120458]","[0.992662,1,0.995086,0.999144,0.996717]","[0,0,0,0,0]","[0,0,0,0,0]","[-0.795762,-0.336703,-0.882495,-0.320566,-0.855736]",0,"[]","[]","[]","[]","[]","[]","[]","[]","[]","[]",2,"[311051,262926]","[-0.593041,-1.33059]","[2.41795,-0.185622]","[367659,532370]","[14555.3,16627.6]","[0,0]","[2.72017,1.43562]","[0.653408,0.522391]",0,"[]","[]","[]","[]","[]","[]","[]","[]","[]","[]",0,"[254.077]",18414.2,"[9771.05,11258.6,2250.44,4905.77,2193.64]","[]","[5962.75,1116.45]","[]"
4,284500,3447727,364160,1,225.007,3.69389e+06,0.923924,1,0.997331,1,1,1.40188,0.760669,1,0,1,0,1,"[1]","[1]","[48729.8]","[0.983462]","[-1.44216]","[74257.3]","[-39.9888]","[1]","[13]","[1]","[0]","[-1386.53]","[-0.0253068]","[3.03331]",13476.8,-1.04145,4,"[333357,89240.7,71397.6,40429]","[-0.328997,-0.520045,-0.968087,-2.37949]","[-2.64138,0.496374,1.1557,-1.41848]","[354217,102039,108081,220241]","[0.997859,0.991065,0.986303,0.985044]","[0,0,0,0]","[0,0,0,0]","[-0.930003,-0.965594,-0.879896,0.979366]",0,"[]","[]","[]","[]","[]","[]","[]","[]","[]","[]",1,"[352389]","[-0.298861]","[-2.66979]","[373274]","[61071.1]","[0]","[2.14878]","[0.663411]",0,"[]","[]","[]","[]","[]","[]","[]","[]","[]","[]",0,"[149.994]",5544.51,"[4451.54,2096.67,14093.6,2443.32]","[]","[36207.3]","[]"
5,284500,1939823,364160,1,225.007,3.69389e+06,0.187531,1,0.988073,1,1,0.949092,1.01924,1,0,1,0,1,"[1]","[1]","[34352.7]","[-1.87738]","[1.26296]","[114899]","[71.0631]","[-1]","[13]","[1]","[3226.46]","[338.093]","[0.0107563]","[1.02708]",33038.3,-1.53828,6,"[260974,145368,45578.1,42967.9,27033.6,26996.6]","[-0.343841,1.32461,0.186397,-0.300533,1.51022,1.82884]","[0.776623,-2.27224,-2.32691,-2.74046,-2.84386,-2.16967]","[278410,293176,46791.9,45950.1,64479.6,86298.2]","[0.997931,0.994945,0.986964,0.997579,0.969233,1]","[4,0,0,0,0,0]","[0,0,0,0,0,0]","[-0.886253,-0.323593,-0.615337,-0.883596,-0.497284,-0.922974]",0,"[]","[]","[]","[]","[]","[]","[]","[]","[]","[]",1,"[266557]","[-0.361281]","[0.771778]","[285759]","[30340.9]","[0]","[2.91576]","[0.632289]",0,"[]","[]","[]","[]","[]","[]","[]","[]","[]","[]",0,"[61.7768]",5760.2,"[9906.41,3761.81,2055.38,2897.7,2082.15,2981.34]","[]","[1969.38]","[]"
6,284500,2824780,364160,1,225.007,3.69389e+06,0.75088,1,0.98587,1,1,0.993868,0.450828,1,0,1,0,1,"[0]","[1]","[162887]","[-0.959927]","[-1.18614]","[243876]","[-0.0251269]","[-1]","[13]","[1]","[0]","[-921.728]","[-0.044675]","[7.84266]",99759,-1.18991,7,"[471501,164102,48434.3,31536.9,25445.9,25341.5,23685.8]","[-0.699985,-1.03257,-0.387195,-0.636773,-0.34371,-1.13536,0.201736]","[1.91069,-1.63183,-0.158364,2.43766,0.34539,1.45472,0.504724]","[592538,260342,53205.4,38617.4,27513.3,43729.5,24533.9]","[0.998641,0.999568,0.983699,1,0.987859,0.999542,0.960299]","[0,0,0,0,0,0,0]","[0,0,0,0,0,0,0]","[-0.966363,-0.942065,-0.869828,-0.811053,-0.808993,-0.881284,-0.917443]",0,"[]","[]","[]","[]","[]","[]","[]","[]","[]","[]",1,"[473277]","[-0.703676]","[1.90709]","[596288]","[33151.9]","[0]","[2.99484]","[0.493461]",0,"[]","[]","[]","[]","[]","[]","[]","[]","[]","[]",0,"[5776.06]",21979.4,"[15965.9,7582.6,4266.24,3314.7,4523.77,2970.1,1678.11]","[]","[15351.2]","[]"
7,284500,869652,364160,1,225.007,3.69389e+06,1.26459,1,0.99586,1,1,0.998132,0.834439,1,0,1,0,1,"[0]","[1]","[83718.5]","[-0.224177]","[0.474424]","[85831]","[-0.149358]","[1]","[13]","[1]","[3326.35]","[528.657]","[0.0255948]","[5.22533]",54437.9,2.04464,4,"[324137,94680.1,62754.6,61890.7]","[-0.896105,-0.106223,0.0621827,0.911434]","[-2.22713,0.91061,1.37081,0.508851]","[463813,97064.8,63224.2,90141]","[0.996739,0.986767,1,0.990869]","[0,0,0,0]","[0,0,0,0]","[-0.553945,-0.904347,-0.75491,-0.911874]",0,"[]","[]","[]","[]","[]","[]","[]","[]","[]","[]",1,"[320660]","[-0.902422]","[-2.22987]","[460796]","[20666]","[0]","[3.76542]","[0.623065]",0,"[]","[]","[]","[]","[]","[]","[]","[]","[]","[]",0,"[421.75]",9474.03,"[5740.2,5089.82,2133.77,2183.44]","[]","[18495.9]","[]"
8,284500,1440195,364160,-1,225.007,3.69389e+06,0.75088,1,0.999196,1,1,0.957144,0.987022,1,0,1,0,1,"[1]","[1]","[37475.8]","[1.28279]","[0.535405]","[72777]","[61.0523]","[1]","[13]","[1]","[0]","[-759.009]","[0.00153368]","[0.200378]",45434.6,-0.947472,5,"[258187,163233,73255.7,34239.5,26180.3]","[0.859398,1.37856,0.613227,0.477464,-0.250264]","[-1.52111,1.72153,2.5217,1.07363,2.16307]","[359794,344932,87834.2,38867.3,27377.4]","[0.990629,0.999964,0,0.964305,0.975439]","[0,0,4,0,0]","[0,0,0,0,0]","[-0.872899,-0.928694,-0.839019,-0.538884,-0.843069]",0,"[]","[]","[]","[]","[]","[]","[]","[]","[]","[]",1,"[274096]","[0.849357]","[-1.52117]","[379403]","[16339.7]","[0]","[3.07404]","[0.645227]",0,"[]","[]","[]","[]","[]","[]","[]","[]","[]","[]",0,"[236.835]",57.0156,"[4829.02,5617.1,1156.41,2429.25,6660.06]","[]","[10285.3]","[]"
9,284500,261576,364160,1,225.007,3.69389e+06,0.506784,1,0.998264,1,1,0.997098,0.826478,1,0,1,0,1,"[0]","[1]","[49574.9]","[0.140192]","[-1.52759]","[50063]","[-0.0564117]","[1]","[13]","[1]","[0]","[-538.335]","[0.0122991]","[1.2101]",223560,-2.19561,4,"[444622,102257,61276.8,38422.1]","[0.0649649,1.10827,1.66936,0.540054]","[0.84316,-2.64161,-2.21718,-2.55378]","[446009,172403,168664,44661]","[0.999999,0.999828,0.99968,0.950081]","[0,0,0,0]","[0,0,0,0]","[-0.7915,-0.92371,-0.752978,-0.948923]",0,"[]","[]","[]","[]","[]","[]","[]","[]","[]","[]",1,"[443761]","[0.0438998]","[0.843614]","[444236]","[6437.29]","[0]","[11.6862]","[-1]",0,"[]","[]","[]","[]","[]","[]","[]","[]","[]","[]",0,"[348.906]",9565.36,"[5476.23,2478.3,7137.74,3267.17]","[]","[21256.4]","[]"
10,284500,3746490,364160,1.64908,225.007,3.69389e+06,0.696077,1,1.00087,1,1,0.958818,0.997967,1,0,1,0,1,"[1]","[1]","[45576.9]","[1.50758]","[-0.770131]","[107954]","[157.471]","[-1]","[13]","[1]","[1106.57]","[-372.702]","[-0.0144466]","[1.90762]",31887.1,-3.04816,5,"[266722,247494,72163.7,37083.7,23617.1]","[-0.190154,1.76065,1.43173,-0.0439556,0.814868]","[-0.490425,2.42736,1.96165,-1.33822,-2.87421]","[272285,741760,159865,37828.9,32414.1]","[0.999131,1,0.894579,0.977625,0.995819]","[0,0,4,0,0]","[0,0,0,0,0]","[-0.913124,-0.953171,-0.734491,-0.910372,-0.597316]",0,"[]","[]","[]","[]","[]","[]","[]","[]","[]","[]",2,"[295145,280167]","[1.69964,-0.209033]","[2.32761,-0.572555]","[838558,290952]","[82608.5,51767.2]","[0,0]","[1.38958,1.74753]","[0.695056,0.563955]",0,"[]","[]","[]","[]","[]","[]","[]","[]","[]","[]",0,"[986.547]",3423.49,"[4835.96,16353.5,2192.8,5826.84,3606.57]","[]","[16134.8,12157.9]","[]"
11,284500,4152793,364160,1,225.007,3.69389e+06,1.21412,1,0.988403,1,1,0.972656,1.0079,1,0,1,0,1,"[0]","[1]","[37103.3]","[1.8559]","[-3.10321]","[121583]","[-0.071579]","[-1]","[13]","[1]","[0]","[-99.271]","[-0.00564221]","[0.614232]",115410,-2.05941,4,"[362343,193324,35179.2,29195.5]","[0.0204995,0.318264,2.14265,-0.390796]","[0.944178,-2.20109,-1.93647,-1.91513]","[363190,204520,152070,31959.7]","[0.920883,0.990222,1,0.977826]","[0,0,4,0]","[0,0,0,0]","[-0.901801,-0.964714,-0.934998,-0.92325]",0,"[]","[]","[]","[]","[]","[]","[]","[]","[]","[]",1,"[334003]","[0.0517513]","[0.947931]","[335659]","[28458.1]","[0]","[3.26716]","[0.279498]",0,"[]","[]","[]","[]","[]","[]","[]","[]","[]","[]",0,"[392.852]",11920.8,"[8660.4,2825.49,6023.84,4915.39]","[]","[15058.6]","[]"
12,284500,3856232,364160,1,225.007,3.69389e+06,0.696077,1,1.00236,1,1,0.958476,1.02048,1,0,1,0,1,"[1]","[1]","[91646]","[1.48737]","[0.0764406]","[213142]","[0.0905099]","[1]","[13]","[1]","[0]","[-248.192]","[-0.00751568]","[1.22214]",99228.5,-1.79508,4,"[227500,76419.9,75261.8,36362.1]","[1.54372,0.370319,-1.44414,1.50475]","[2.8749,-0.326206,0.905292,-1.74441]","[557376,82574.9,168745,86098]","[0.911562,0.990189,0.992867,0.989145]","[0,4,0,0]","[0,0,0,0]","[-0.897544,-0.396319,-0.90288,-0.743863]",0,"[]","[]","[]","[]","[]","[]","[]","[]","[]","[]",1,"[271934]","[1.62734]","[2.89767]","[720075]","[42365.3]","[0]","[2.29683]","[0.776983]",0,"[]","[]","[]","[]","[]","[]","[]","[]","[]","[]",0,"[566.062]",3856.39,"[6456.06,1887.77,7821.42,3146.08]","[]","[4425.5]","[]"
13,284500,776423,364160,1,225.007,3.69389e+06,1.22586,1,0.994467,1,1,0.980073,0.337309,1,0,1,0,1,"[1]","[1]","[81199.8]","[0.677287]","[-0.278086]","[100547]","[0.0717659]","[1]","[13]","[1]","[0]","[-300.16]","[-0.00643244]","[1.10392]",35890.5,-0.817668,3,"[270982,61045.9,36417.6]","[-1.64324,1.96437,2.47276]","[2.88047,-0.163973,-0.508928]","[727177,221980,217547]","[1,0.999391,0.767655]","[0,0,4]","[0,0,0]","[-0.847379,-0.680959,-0.372047]",0,"[]","[]","[]","[]","[]","[]","[]","[]","[]","[]",1,"[258506]","[-1.63555]","[2.87892]","[688677]","[13317.3]","[0]","[3.8298]","[0.502989]",0,"[]","[]","[]","[]","[]","[]","[]","[]","[]","[]",0,"[619.577]",250.625,"[7893.31,5154.43,1446.65]","[]","[6631.39]","[]"
14,284500,3787371,364160,1,225.007,3.69389e+06,0.402058,1,0.986259,1,1,0.9609,1.01441,1,0,1,0,1,"[1]","[1]","[43554.6]","[-1.81261]","[-2.60182]","[136972]","[0.0648708]","[1]","[13]","[1]","[0]","[0]","[-0.00834275]","[1.07194]",71446.9,-1.55015,3,"[184292,159335,68053.2]","[-1.51386,-1.28037,-1.09123]","[1.51921,-1.59203,1.28709]","[439510,309288,113019]","[0,0,1]","[0,0,4]","[0,0,0]","[-0.807879,-0.848886,-0.873198]",0,"[]","[]","[]","[]","[]","[]","[]","[]","[]","[]",1,"[253179]","[-1.43161]","[1.47515]","[561011]","[32330.3]","[0]","[1.32039]","[0.647368]",0,"[]","[]","[]","[]","[]","[]","[]","[]","[]","[]",0,"[164.469]",10714.2,"[8485.5,4954.54,1948.36]","[]","[0]","[]"
15,284500,2627426,364160,-1,225.007,3.69389e+06,0.696077,1,0.980129,1,1,0.996293,0.994761,1,0,1,0,1,"[1]","[1]","[84892.9]","[1.15673]","[1.72941]","[148310]","[-19.3478]","[1]","[13]","[1]","[0]","[-336.388]","[-0.00605539]","[0.936082]",35409.8,-1.09072,4,"[254231,219195,31242.3,30333.5]","[1.56473,0.520056,1.54165,0.300654]","[-0.615919,2.52902,-2.72545,1.71421]","[634679,250309,76604.2,32296]","[0.996998,0.992282,0.958323,0.930133]","[0,0,0,0]","[0,0,0,0]","[-0.72174,-0.37538,-0.384416,-0.656553]",0,"[]","[]","[]","[]","[]","[]","[]","[]","[]","[]",1,"[276109]","[1.57579]","[-0.610256]","[696248]","[19024.1]","[0]","[2.28895]","[0.719091]",0,"[]","[]","[]","[]","[]","[]","[]","[]","[]","[]",0,"[1704.13]",24601.5,"[6250.67,2837.64,1975.41,1995.62]","[]","[29584.2]","[]"
16,284500,4530359,364160,-1,225.007,3.69389e+06,0.619412,1,0.997821,1,1,0.96632,0.968027,1,0,1,0,1,"[1]","[1]","[93086.5]","[2.2836]","[1.7804]","[461422]","[0.174644]","[1]","[13]","[1]","[0]","[33.299]","[0.00972345]","[1.30584]",65680.4,2.12971,3,"[157999,88229.7,75518.8]","[1.98783,0.191946,1.97477]","[-1.29234,2.03638,-0.619936]","[587848,90944.3,277794]","[0.533482,0,0]","[4,0,0]","[0,0,0]","[-0.828063,-0.724658,-0.724108]",0,"[]","[]","[]","[]","[]","[]","[]","[]","[]","[]",1,"[281012]","[1.92857]","[-1.13144]","[993563]","[113550]","[0]","[1.46512]","[0.508405]",0,"[]","[]","[]","[]","[]","[]","[]","[]","[]","[]",0,"[4663]",3336.43,"[6449.93,2011.96,3879.64]","[]","[1142.28]","[]"
17,284500,476783,364160,-1,225.007,3.69389e+06,1.32095,1,0.996112,1,1,0.996526,0.902468,1,0,1,0,1,"[1]","[1]","[55224.5]","[1.09301]","[-2.19006]","[91629.9]","[0.00275421]","[-1]","[13]","[1]","[0]","[-708.4]","[0.012419]","[1.86439]",70724.2,2.77146,4,"[235223,157771,128185,72869]","[-1.25597,0.195757,-0.66959,-1.32376]","[-2.5423,0.72426,0.76849,-1.42458]","[447058,163663,159546,146777]","[0,0,0,0.232875]","[0,0,0,0]","[0,0,0,0]","[-0.835154,-0.750955,-0.76953,-0.95125]",0,"[]","[]","[]","[]","[]","[]","[]","[]","[]","[]",1,"[262462]","[-0.223059]","[0.748332]","[298832]","[130114]","[0]","[1.00488]","[0.549763]",0,"[]","[]","[]","[]","[]","[]","[]","[]","[]","[]",0,"[358.763]",4175.76,"[10446.2,2184.76,2176.33,2388.37]","[]","[4623.89]","[]"
18,284500,262797,364160,-1,225.007,3.69389e+06,0.553627,1,0.997799,1,1,0.975674,0.941278,1,0,1,0,1,"[1]","[1]","[33382.2]","[2.16652]","[0.8024]","[147589]","[-19.0424]","[1]","[13]","[1]","[0]","[6.91156]","[-0.0203013]","[1.81015]",49299.2,-0.155191,7,"[256401,151867,129750,90399.2,87812.8,27156.3,22958.8]","[0.218879,1.44074,-0.665736,1.71197,0.0562724,1.05055,-0.0497474]","[2.81106,-0.171652,-0.00787735,3.09448,-2.37183,0.215228,0.207736]","[264095,339149,160552,258708,88981.7,43747.4,23490.6]","[0.998591,0.999221,1,0,0.982761,0.772039,0.992008]","[0,0,0,0,0,4,0]","[0,0,0,0,0,0,0]","[-0.852503,-0.897802,-0.790669,-0.732356,-0.60824,-0.815463,-0.303035]",0,"[]","[]","[]","[]","[]","[]","[]","[]","[]","[]",1,"[258337]","[0.234853]","[2.80949]","[267025]","[28550.2]","[0]","[1.41478]","[0.625614]",0,"[]","[]","[]","[]","[]","[]","[]","[]","[]","[]",0,"[390.753]",27051.9,"[5967.56,12338.5,3515.45,4739.79,2717.08,1618.48,1918.03]","[]","[0]","[]"
19,284500,5753056,364160,-1,225.007,3.69389e+06,1.25133,1,0.999812,1,1,0.996235,0.992733,1,0,1,0,1,"[1]","[1]","[31752.1]","[-2.14078]","[2.95637]","[136909]","[0.00932312]","[1]","[13]","[1]","[1557.94]","[2.98184]","[0.0117587]","[0.947506]",137154,0.567185,5,"[189433,187490,85399.6,84385,37993.8]","[-0.216194,0.599912,-2.03224,0.953921,-0.0893481]","[2.23242,-1.46557,0.941832,-1.95568,-1.33136]","[195023,223697,331617,126164,38501.8]","[0.146338,0,0.222804,-0.1,0.99]","[0,0,0,0,0]","[0,0,0,0,0]","[-0.770199,-0.805921,-0.830615,-0.798502,-0.942184]",0,"[]","[]","[]","[]","[]","[]","[]","[]","[]","[]",1,"[310188]","[0.64116]","[-1.58545]","[396144]","[124235]","[0]","[1.51233]","[0.581522]",0,"[]","[]","[]","[]","[]","[]","[]","[]","[]","[]",0,"[120.601]",2807.69,"[4894.08,5537.96,2923.29,3271.92,2770.6]","[]","[14875.8]","[]"
20,284500,519665,364160,1,225.007,3.69389e+06,1.55465,1,0.996423,1,1,0.95828,0.979787,1,0,1,0,1,"[1]","[1]","[108170]","[0.462527]","[-1.40384]","[119948]","[-101.404]","[-1]","[13]","[1]","[0]","[441.464]","[-0.00364365]","[0.684326]",95786.5,2.3078,6,"[289425,123578,118729,77436.5,61663.1,35616.9]","[-0.648396,0.729284,0.190336,1.27034,0.743523,0.0575203]","[-2.4851,0.585945,0.500102,0.970522,-3.07565,1.38792]","[353356,159055,121476,149129,80217.6,36039.7]","[1,0.987186,0.992999,0.00671283,1,0.723464]","[0,0,0,4,0,0]","[0,0,0,0,0,0]","[-0.854142,-0.749689,-0.909865,-0.972778,-0.879932,-0.867911]",0,"[]","[]","[]","[]","[]","[]","[]","[]","[]","[]",2,"[303281,279822]","[0.660174,-0.610263]","[0.68397,-2.48599]","[398031,334222]","[142088,20934.2]","[0,0]","[1.40336,2.25284]","[0.524531,0.60118]",0,"[]","[]","[]","[]","[]","[]","[]","[]","[]","[]",0,"[8496.96]",11539.9,"[10981.5,3302.45,2026.53,3695.8,8139.83,4594.58]","[]","[306.688,26922.3]","[]"
21,284500,998261,364160,1,225.007,3.69389e+06,0.923924,1,0.986648,1,1,0.99394,0.985422,1,0,1,0,1,"[1]","[1]","[109665]","[1.85757]","[1.95094]","[359931]","[-0.0551186]","[-1]","[13]","[1]","[0]","[3327.04]","[-0.0254201]","[3.77414]",36137.1,1.20053,5,"[147627,102839,50107,30238.2,20418.6]","[0.731942,1.71715,-0.661068,2.24008,-2.41807]","[-1.56809,-1.51974,-1.92173,1.29788,-3.0193]","[189836,295909,61780.9,143727,115607]","[0.999848,0.98802,1,0.991001,0.0015328]","[0,0,0,0,0]","[0,0,0,0,0]","[-0.905684,-0.925131,-0.940017,-0.814972,-0.737857]",0,"[]","[]","[]","[]","[]","[]","[]","[]","[]","[]",1,"[252478]","[1.27068]","[-1.56118]","[504456]","[137859]","[0]","[0.694969]","[0.807759]",0,"[]","[]","[]","[]","[]","[]","[]","[]","[]","[]",0,"[1489.8]",36137.1,"[1548.29,1865.27,1428.2,1424.73,437.946]","[]","[1851.92]","[]"
22,284500,867858,364160,1,225.007,3.69389e+06,0.923924,1,0.98783,1,1,0.99679,0.972841,1,0,1,0,1,"[1]","[1]","[136141]","[-1.66415]","[-1.01634]","[372384]","[0.0342636]","[-1]","[13]","[1]","[1111.1]","[997.421]","[-0.00205043]","[0.347059]",25739.5,1.95188,4,"[257415,120233,37641.2,22908.6]","[-0.902017,1.77259,-1.28887,0.02132]","[1.76598,-1.48064,-2.43114,-1.07856]","[370391,364205,74012.7,23440.3]","[1,0.997388,0.97837,0.665232]","[0,0,0,0]","[0,0,0,0]","[-0.749328,-0.913733,-0.817592,-0.762667]",0,"[]","[]","[]","[]","[]","[]","[]","[]","[]","[]",1,"[254090]","[-0.919395]","[1.76416]","[369953]","[22624.1]","[0]","[1.49393]","[0.51097]",0,"[]","[]","[]","[]","[]","[]","[]","[]","[]","[]",0,"[8664.84]",10701.2,"[6368.74,4971.29,3052.54,2562.13]","[]","[0]","[]"
23,284500,5182875,364160,1,225.007,3.69389e+06,0.351687,1,0.993735,1,1,0.997778,0.974594,1,0,1,0,1,"[1]","[1]","[36858.5]","[-0.5799]","[2.80839]","[43231.7]","[70.0297]","[-1]","[13]","[1]","[0]","[-1606.38]","[-0.00616039]","[1.02528]",50097.8,1.0275,3,"[324941,181010,53674.1]","[-0.0684228,1.17187,1.65601]","[-1.7945,0.679075,-3.03749]","[326494,322240,146028]","[0.994034,0.99,0.998472]","[0,0,0]","[0,0,0]","[-0.84517,-0.879529,-0.918184]",0,"[]","[]","[]","[]","[]","[]","[]","[]","[]","[]",1,"[316500]","[-0.127179]","[-1.79805]","[319390]","[14439]","[0]","[2.45768]","[0.496988]",0,"[]","[]","[]","[]","[]","[]","[]","[]","[]","[]",0,"[232.044]",4473.97,"[6515.59,8220.75,4526.49]","[]","[9956.16]","[]"
24,284500,3687048,364160,1,225.007,3.69389e+06,1.32095,1,0.997799,1,1,0.996214,0.9623,1,0,1,0,1,"[1]","[1]","[45919.2]","[2.38498]","[1.01719]","[251431]","[0.0290756]","[1]","[13]","[1]","[0]","[-402.025]","[-0.0140129]","[1.44025]",122428,2.37304,4,"[269048,237204,133871,21859.6]","[0.931563,1.56358,1.61374,2.39389]","[-0.489637,2.54834,-1.23204,2.503]","[400216,591844,349945,120804]","[0.0280605,0.215902,0.990783,0.989653]","[0,0,0,0]","[0,0,0,0]","[-0.751468,-0.941301,-0.953752,-0.865674]",0,"[]","[]","[]","[]","[]","[]","[]","[]","[]","[]",2,"[368161,259074]","[1.24717,1.65756]","[-0.687526,2.53984]","[719816,713929]","[192583,116846]","[0,0]","[1.05119,2.36341]","[0.382178,0.526207]",0,"[]","[]","[]","[]","[]","[]","[]","[]","[]","[]",0,"[527.103]",3531.55,"[6689.82,5541.8,3391.33,1690.3]","[]","[20571.9,8503.05]","[]"
25,284500,3236391,364160,1,225.007,3.69389e+06,0.696077,1,0.995318,1,1,0.949931,1.018,1,0,1,0,2,"[1,0]","[1,0]","[57912,55052]","[-1.63924,-0.022168]","[0.908231,-1.94524]","[154781,55065.6]","[0.0152702,-80.1373]","[-1,-1]","[13,13]","[1,0]","[0,3372.7]","[-41.48,71.668]","[-0.0109681,4.85924]","[1.58357,317.978]",83311.3,0.323215,3,"[549313,545746,86237.7]","[-0.428654,0.920604,-0.56129]","[-2.14474,1.00037,-2.90034]","[601210,794675,100935]","[0.997059,1,0.999265]","[4,0,0]","[0,0,0]","[-0.918054,-0.509592,-0.691509]",0,"[]","[]","[]","[]","[]","[]","[]","[]","[]","[]",2,"[591547,529458]","[-0.464769,0.923492]","[-2.22723,0.992451]","[674938,771826]","[156280,11642.7]","[0,0]","[1.15161,0.287457]","[0.55745,0.41145]",0,"[]","[]","[]","[]","[]","[]","[]","[]","[]","[]",0,"[653.714,1104.62]",4036.76,"[17972.2,14144.7,1984.6]","[]","[15423.5,10290.1]","[]"
26,284500,596696,364160,1,225.007,3.69389e+06,0.934886,1,1.00099,1,1,0.997395,0.981422,1,0,1,0,1,"[1]","[1]","[31254.9]","[1.2653]","[-0.786917]","[59795.6]","[-9.03181]","[1]","[13]","[1]","[0]","[-743.363]","[0.00371841]","[0.513482]",42382,2.52967,4,"[295480,271192,87255.5,25168.5]","[1.48689,-1.33973,0.0206187,-0.484159]","[2.35648,-1.14219,0.356454,-0.0598794]","[687908,554011,87944.8,28815]","[0.999988,0.99,0.994268,0.92767]","[0,0,0,0]","[0,0,0,0]","[-0.852158,-0.884114,-0.881371,-0.805966]",0,"[]","[]","[]","[]","[]","[]","[]","[]","[]","[]",2,"[290281,266672]","[1.47159,-1.34795]","[2.35088,-1.14131]","[666563,548376]","[36337.4,22460.1]","[0,0]","[1.79601,1.7791]","[0.745951,0.772472]",0,"[]","[]","[]","[]","[]","[]","[]","[]","[]","[]",0,"[341.344]",12852.6,"[13422.7,9564.02,4615.09,3347.33]","[]","[16761.2,2134.31]","[]"
27,284500,2882294,364160,1,225.007,3.69389e+06,0.596562,1,1.00183,1,1,0.995524,0.983348,1,0,1,0,1,"[0]","[1]","[25706]","[1.0852]","[3.11695]","[42387.5]","[0.03269]","[-1]","[13]","[1]","[0]","[-306.451]","[0.00535516]","[0.577981]",78515,1.21999,4,"[476631,119405,30446,30194.3]","[1.50678,1.26771,-0.835828,1.25183]","[0.923332,-1.86747,2.16572,-1.18192]","[1.12908e+06,229655,42058.9,57464.4]","[1,0.990987,0.985145,0.966881]","[0,0,0,0]","[0,0,0,0]","[-0.929116,0.0236407,-0.83449,-0.91074]",0,"[]","[]","[]","[]","[]","[]","[]","[]","[]","[]",1,"[433734]","[1.498]","[0.930038]","[1.01884e+06]","[27256.3]","[0]","[1.98589]","[0.760754]",0,"[]","[]","[]","[]","[]","[]","[]","[]","[]","[]",0,"[105.385]",3807.43,"[24014.4,2687.41,3292.22,2405.77]","[]","[3191.06]","[]"
28,284500,6188280,364160,1,225.007,3.69389e+06,0.75088,1,1.00065,1,1,0.959817,1.02725,1,0,1,0,1,"[0]","[1]","[56940.9]","[-0.795236]","[0.684126]","[75914.7]","[0.0516326]","[1]","[13]","[1]","[0]","[-63.6395]","[-0.00950178]","[1.01744]",75465,-0.407045,3,"[531453,209541,115975]","[-0.692575,-1.02149,-1.83617]","[-3.01722,0.114077,0.288235]","[666789,328864,373061]","[0.998984,0.999296,0.997845]","[0,0,4]","[0,0,0]","[-0.747103,-0.151498,-0.259891]",0,"[]","[]","[]","[]","[]","[]","[]","[]","[]","[]",2,"[529361,332472]","[-0.703224,-1.37722]","[-3.01264,0.173575]","[667990,711805]","[54829.7,124241]","[0,0]","[1.89287,0.43309]","[0.715849,0.750437]",0,"[]","[]","[]","[]","[]","[]","[]","[]","[]","[]",0,"[96.4097]",575.852,"[10166.9,3194.58,5765.16]","[]","[28700.6,9571.41]","[]"
29,284500,6266941,364160,-1,225.007,3.69389e+06,1.1961,1,0.994161,1,1,0.998493,0.925018,1,0,1,0,1,"[1]","[1]","[30502.4]","[-0.203409]","[1.98151]","[31135.8]","[-67.8251]","[-1]","[13]","[1]","[0]","[-206.758]","[0.0225563]","[2.40204]",81647.2,0.718578,2,"[242720,165214]","[-0.134625,-1.96541]","[-2.17677,0.850102]","[246152,601405]","[0.998211,0.999655]","[0,0]","[0,0]","[-0.92214,-0.952278]",0,"[]","[]","[]","[]","[]","[]","[]","[]","[]","[]",1,"[270779]","[-0.104815]","[-2.14379]","[273655]","[27513.2]","[0]","[2.57647]","[0.74253]",0,"[]","[]","[]","[]","[]","[]","[]","[]","[]","[]",0,"[78.6478]",12952.3,"[3374.02,12638.1]","[]","[21874.5]","[]"
30,284500,8155220,364160,1,225.007,3.69389e+06,1.24168,1,0.993869,1,1,0.957892,0.9759,1,0,1,0,1,"[0]","[1]","[96033.6]","[0.563956]","[2.55582]","[111714]","[-0.000431061]","[1]","[13]","[0]","[0]","[-439.763]","[-0.01272]","[2.10596]",77766.7,2.4198,4,"[310631,112842,40745.6,28211.9]","[0.729353,0.51556,1.51628,1.1422]","[-0.763503,2.11362,2.38331,-0.00152553]","[397468,128739,97564.6,49165.2]","[0.999397,0.997614,0.999721,0.984381]","[4,0,0,0]","[0,0,0,0]","[0.544895,-0.931874,-0.669421,-0.888237]",0,"[]","[]","[]","[]","[]","[]","[]","[]","[]","[]",1,"[309708]","[0.722225]","[-0.761996]","[394318]","[14440.7]","[0]","[1.53358]","[0.123287]",0,"[]","[]","[]","[]","[]","[]","[]","[]","[]","[]",0,"[1269.18]",14080.5,"[10970.7,2773.81,2164.78,3108.56]","[]","[20958.5]","[]"
31,284500,2314350,364160,1,225.007,3.69389e+06,1.55465,1,0.995319,1,1,0.984086,0.799386,1,0,1,0,1,"[1]","[1]","[108528]","[-0.571915]","[2.3656]","[126766]","[0.0648155]","[1]","[13]","[1]","[0]","[-177.445]","[-0.00719942]","[1.47244]",64872.4,0.949432,2,"[258636,23528.7]","[-0.151524,1.15877]","[-1.04318,2.04398]","[261719,41594.8]","[0.997766,0.988241]","[0,4]","[0,0]","[-0.856154,0.793705]",0,"[]","[]","[]","[]","[]","[]","[]","[]","[]","[]",1,"[264191]","[-0.146774]","[-1.04302]","[267101]","[5626.23]","[0]","[6.47758]","[0.287448]",0,"[]","[]","[]","[]","[]","[]","[]","[]","[]","[]",0,"[2153.61]",4342.71,"[2880.18,3556.8]","[]","[22491.9]","[]"
32,284500,811201,364160,1,225.007,3.69389e+06,0.596562,1,0.997821,1,1,0.97137,0.96703,1,0,1,0,1,"[1]","[1]","[68210.8]","[2.0593]","[1.3526]","[271753]","[0.0914917]","[-1]","[13]","[1]","[1471.24]","[340.624]","[0.0221142]","[3.09485]",61085.2,0.888072,3,"[183748,111086,38040.2]","[0.950163,0.671107,2.26455]","[-2.60054,-1.88618,0.384783]","[273299,139453,185123]","[0.985908,0.981472,0.976615]","[0,0,4]","[0,0,0]","[-0.869522,-0.0457003,-0.834943]",0,"[]","[]","[]","[]","[]","[]","[]","[]","[]","[]",1,"[264029]","[0.933788]","[-2.32641]","[408935]","[129911]","[0]","[0.957394]","[0.500173]",0,"[]","[]","[]","[]","[]","[]","[]","[]","[]","[]",0,"[1207.57]",6698,"[2554.06,5331.98,4897.47]","[]","[13116.2]","[]"
33,284500,2264567,364160,1,225.007,3.69389e+06,1.26205,1,0.987249,1,1,0.95262,1.00562,1,0,1,0,1,"[1]","[1]","[93024.8]","[1.63077]","[-1.2505]","[246683]","[-0.00492907]","[-1]","[13]","[1]","[0]","[43.5596]","[-0.00356541]","[0.588516]",45949.9,-0.141024,4,"[318724,293175,116641,46992.9]","[-1.14981,-0.432127,-1.07413,-1.34944]","[-0.694567,2.4108,2.01766,-2.84026]","[554372,322752,191390,97265.6]","[0.997893,0.998538,0.990206,1]","[0,4,0,0]","[0,0,0,0]","[-0.750079,-0.896637,-0.653276,-0.881332]",0,"[]","[]","[]","[]","[]","[]","[]","[]","[]","[]",2,"[365073,308498]","[-0.653838,-1.1545]","[2.30445,-0.702845]","[464440,538288]","[129820,18625.4]","[0,0]","[1.11286,2.63148]","[0.764373,0.664667]",0,"[]","[]","[]","[]","[]","[]","[]","[]","[]","[]",0,"[3689.68]",25111.6,"[14327.4,2833.4,6645.9,4953.49]","[]","[34032.2,35898.6]","[]"
34,284500,84679,364160,-1,225.007,3.69389e+06,0.619412,1,0.986076,1,1,0.952585,1.00105,1,0,1,0,1,"[1]","[1]","[125527]","[-1.73005]","[-1.43144]","[365173]","[-0.0294724]","[1]","[13]","[1]","[0]","[533.395]","[0.00769896]","[1.15559]",26007.8,2.51406,3,"[321311,243463,26718.4]","[1.43209,1.9429,-0.730185]","[1.60848,-1.5253,1.28222]","[711365,867205,34544.4]","[0.998343,0.991346,0.991919]","[0,4,0]","[0,0,0]","[-0.936417,0.695276,-0.831356]",0,"[]","[]","[]","[]","[]","[]","[]","[]","[]","[]",1,"[340102]","[1.40143]","[1.61143]","[732515]","[9902.42]","[0]","[3.42591]","[0.554454]",0,"[]","[]","[]","[]","[]","[]","[]","[]","[]","[]",0,"[4509.4]",185.604,"[9292.4,7089.98,2987.25]","[]","[2999]","[]"
35,284500,1107006,364160,1,225.007,3.69389e+06,0.596562,1,0.996824,1,1,0.993749,0.933939,1,0,1,0,1,"[1]","[1]","[36764.9]","[-0.224091]","[1.85239]","[37692]","[-126.147]","[-1]","[13]","[1]","[0]","[-615.537]","[0.0280482]","[4.13039]",17016.7,-2.94111,6,"[490918,170454,128825,127986,127544,30006.4]","[1.43664,0.169737,-0.284916,2.24208,1.50423,-0.373838]","[1.61293,-2.02909,-1.8512,-1.22254,-0.624361,-1.17655]","[1.09182e+06,173993,134699,609223,301694,32785.7]","[0.998272,0.995429,0.99,0.999435,0.923133,0.993042]","[0,0,0,0,0,0]","[0,0,0,0,0,0]","[-0.954913,-0.950256,-0.926745,-0.932453,-0.94236,-0.738251]",0,"[]","[]","[]","[]","[]","[]","[]","[]","[]","[]",2,"[449011,290099]","[1.44434,-0.00951714]","[1.61686,-1.95946]","[1.00513e+06,301837]","[31152.8,83308.5]","[0,0]","[2.40797,1.00057]","[0.80105,0.814302]",0,"[]","[]","[]","[]","[]","[]","[]","[]","[]","[]",0,"[237.23]",2806.41,"[18167.4,5465.62,8413.79,5581.23,3231.06,2607.22]","[]","[16261.2,29977.9]","[]"
36,284500,4396183,364160,1,225.007,3.69389e+06,1.21412,1,1.00345,1,1,0.996664,0.86261,1,0,1,0,1,"[1]","[1]","[79034.5]","[0.0281512]","[-0.128194]","[79065.9]","[-0.047821]","[1]","[13]","[1]","[0]","[-769.84]","[-0.0193254]","[2.51571]",52474.9,-0.453292,5,"[270889,172376,100341,93283.1,74259.3]","[-0.227778,-1.09931,-1.0443,-1.68322,-0.389895]","[2.65299,-0.643246,-0.118602,-2.67646,2.01911]","[281586,288917,160582,259866,80575.1]","[0.952853,0,0.386731,0,0.927185]","[0,0,0,0,0]","[0,0,0,0,0]","[-0.932728,-0.820612,-0.758025,-0.730033,-0.835522]",0,"[]","[]","[]","[]","[]","[]","[]","[]","[]","[]",2,"[338963,261542]","[-0.247058,-1.07526]","[2.5248,-0.467833]","[364202,430619]","[102908,48525.5]","[0,0]","[1.30636,1.15081]","[0.50606,0.836046]",0,"[]","[]","[]","[]","[]","[]","[]","[]","[]","[]",0,"[2205.92]",8791.62,"[2836.98,2662.17,5563.33,2504.06,7941.07]","[]","[3475.31,10581.9]","[]"
37,284500,4113491,364160,1,225.007,3.69389e+06,0,1,0.990487,1,1,0.994002,0.99077,1,0,1,0,1,"[1]","[1]","[54729.8]","[1.96867]","[0.183978]","[199785]","[-75.2318]","[1]","[13]","[1]","[0]","[-75.6445]","[0.00277052]","[0.266719]",58670.9,3.00166,4,"[454479,407744,20223.4,20072.1]","[0.68665,-0.427343,1.80089,2.33395]","[-0.285248,2.8301,1.65917,-2.10234]","[566260,446181,63032.4,104619]","[0.991803,0.993307,0.76111,0.856083]","[0,0,0,0]","[0,0,0,0]","[-0.596281,-0.744443,-0.267518,-0.588621]",0,"[]","[]","[]","[]","[]","[]","[]","[]","[]","[]",2,"[453372,421299]","[0.709071,-0.410518]","[-0.289892,2.82805]","[572392,457655]","[14786.8,18030.1]","[0,0]","[4.95819,4.53437]","[0.543723,0.54218]",0,"[]","[]","[]","[]","[]","[]","[]","[]","[]","[]",0,"[517.058]",5189.39,"[5146.59,5320.46,1143.58,1199.45]","[]","[8763.41,24344.1]","[]"
38,284500,3182618,364160,-1,225.007,3.69389e+06,1.22586,1,0.993018,1,1,0.993282,0.90898,1,0,1,0,1,"[1]","[1]","[31800.9]","[0.32452]","[1.89745]","[33490.4]","[21.9458]","[-1]","[13]","[1]","[0]","[-938.738]","[0.00258752]","[0.404551]",42545.4,-1.40458,7,"[264417,242945,85793.8,30160.2,25495,23447,20571.4]","[0.822542,1.27017,1.58817,-1.75615,-1.78764,0.673315,-0.343385]","[3.05339,0.23137,-1.55222,-1.81906,-0.374715,1.25677,1.48144]","[360419,467877,219008,90005.4,78479,29268.8,22430.1]","[0.998785,1,0.999876,0.922688,0.98971,0.936659,0.976977]","[0,0,0,0,0,0,0]","[0,0,0,0,0,0,0]","[-0.811736,-0.928181,-0.958971,-0.389723,-0.665293,-0.79183,-0.94676]",0,"[]","[]","[]","[]","[]","[]","[]","[]","[]","[]",2,"[301248,286113]","[0.929615,1.40515]","[3.06104,0.140581]","[446165,622449]","[67282.4,72486.8]","[0,0]","[2.35989,1.55874]","[0.678844,0.663935]",0,"[]","[]","[]","[]","[]","[]","[]","[]","[]","[]",0,"[58.8431]",2688.41,"[5512.71,4373.33,9059.82,2780.61,1757.01,2095.37,2695.69]","[]","[9571.12,15037.4]","[]"
39,284500,6912671,364160,-1,225.007,3.69389e+06,0,1,0.995437,1,1,0.999177,0.988683,1,0,1,0,1,"[1]","[1]","[62930.1]","[-0.502903]","[-0.318584]","[71057.2]","[0.0498848]","[1]","[13]","[1]","[0]","[1791.58]","[0.000467124]","[0.0765297]",49086.2,1.33125,2,"[258386,83299.1]","[0.0778735,-1.36757]","[-0.364717,-2.58093]","[260958,174518]","[0,0.99]","[0,0]","[0,0]","[-0.746138,-0.416519]",0,"[]","[]","[]","[]","[]","[]","[]","[]","[]","[]",1,"[270620]","[0.0515249]","[-0.362595]","[274994]","[46817.7]","[0]","[1.5756]","[0.765114]",0,"[]","[]","[]","[]","[]","[]","[]","[]","[]","[]",0,"[170.376]",2313.09,"[9079.91,4279.06]","[]","[7992.25]","[]"
40,284500,4893998,364160,-0.785407,225.007,3.69389e+06,1.26459,1,0.999456,1,1,0.958797,0.991244,1,0,1,0,1,"[1]","[1]","[271285]","[-1.58403]","[-0.630417]","[689022]","[-0.00936127]","[-1]","[13]","[1]","[0]","[562.691]","[0.0216327]","[3.99912]",189699,2.12699,1,"[92194.2]","[0.136714]","[2.77529]","[94056.9]","[0.999722]","[4]","[0]","[-0.749542]",0,"[]","[]","[]","[]","[]","[]","[]","[]","[]","[]",1,"[287043]","[-1.56601]","[-0.636098]","[717095]","[3634.15]","[0]","[18.253]","[-1]",0,"[]","[]","[]","[]","[]","[]","[]","[]","[]","[]",0,"[33409]",4855.38,"[6330.55]","[]","[11396.8]","[]"
41,284500,473376,364160,1,225.007,3.69389e+06,0.923924,0.98697,0.995932,1,1,0.956419,1,1,1,1,0,2,"[0,1]","[1,1]","[1.46189e+06,43337.1]","[-0.561364,0.582072]","[1.05701,1.34936]","[1.69834e+06,50888.4]","[-0.0298615,0.0788651]","[-1,-1]","[11,13]","[0,1]","[1884.1,0]","[41084.1,-299.294]","[-0.0509299,-0.00130906]","[3.78281,0.179106]",15932,-2.54325,3,"[1.53915e+06,46060.6,44423.1]","[0.624994,1.45013,0.462796]","[-2.08918,-2.33903,0.475629]","[1.85088e+06,103995,49817.6]","[0.999496,0.999908,1]","[4,0,0]","[0,0,0]","[-0.457208,-0.721231,-0.867577]",0,"[]","[]","[]","[]","[]","[]","[]","[]","[]","[]",2,"[1.56957e+06,1.54195e+06]","[-0.56857,0.623413]","[1.05519,-2.08893]","[1.83026e+06,1.85198e+06]","[17663.5,45724.1]","[0,0]","[12.0331,4.41172]","[0.354418,0.584117]",0,"[]","[]","[]","[]","[]","[]","[]","[]","[]","[]",0,"[10031.2,274.155]",5461.05,"[24754.9,2416.17,1979.49]","[]","[95956.8,34248]","[]"
42,284500,3483613,364160,1,225.007,3.69389e+06,0.619412,1,0.994115,1,1,0.997228,0.954458,1,0,1,0,1,"[1]","[1]","[36397.9]","[0.280733]","[2.78278]","[37841.7]","[8.55658]","[1]","[13]","[1]","[0]","[-140.811]","[-0.0161946]","[2.66206]",46428.3,0.649331,5,"[261330,117160,63699.8,54656.5,43334.9]","[1.3411,1.56744,-0.67486,0.503935,1.37711]","[2.40794,-1.02338,-1.68725,-0.853614,2.93882]","[535555,293535,79239.8,62582.5,91830.6]","[1,0.997793,0.0076683,0.985497,0.999466]","[0,0,0,0,0]","[0,0,0,0,0]","[-0.930802,-0.839383,-0.969374,-0.946885,-0.851476]",0,"[]","[]","[]","[]","[]","[]","[]","[]","[]","[]",1,"[258715]","[1.35936]","[2.42075]","[538627]","[43103.3]","[0]","[1.48502]","[0.808438]",0,"[]","[]","[]","[]","[]","[]","[]","[]","[]","[]",0,"[123.422]",24519.7,"[19595.6,5168.53,6257.45,7803.3,2262.4]","[]","[15086.3]","[]"
43,284500,6881105,364160,-1,225.007,3.69389e+06,0.75088,1,0.997557,1,1,0.995694,0.805161,1,0,1,0,1,"[1]","[1]","[33948.2]","[0.890727]","[-1.7328]","[48329.8]","[-115.896]","[1]","[13]","[1]","[0]","[-590.561]","[-0.00179552]","[0.226938]",99606.4,2.40697,5,"[318172,249131,64610.8,34279.2,26049]","[1.2099,0.113407,-0.67652,-1.74626,-1.26305]","[-1.45726,2.09508,0.579763,1.92178,0.00382113]","[581350,251977,80379.9,101364,50162.4]","[0.987711,0.996713,0.998896,0.991399,0.614311]","[0,0,0,0,0]","[0,0,0,0,0]","[-0.632965,-0.868233,-0.923209,-0.842071,-0.770188]",0,"[]","[]","[]","[]","[]","[]","[]","[]","[]","[]",2,"[322031,261725]","[1.23027,0.141675]","[-1.4579,2.09183]","[598387,265758]","[19509.6,27261.9]","[0,0]","[1.85896,2.23563]","[0.697456,0.608344]",0,"[]","[]","[]","[]","[]","[]","[]","[]","[]","[]",0,"[99.4159]",3138.26,"[8193.96,4581.66,6076.75,4845.72,1757.11]","[]","[801.688,4989.7]","[]"
44,284500,4937287,364160,1,225.007,3.69389e+06,1.32095,1,0.993432,1,1,0.996737,0.935601,1,0,1,0,1,"[1]","[1]","[53144.6]","[0.218906]","[0.0869135]","[54423.1]","[0.00650406]","[1]","[13]","[1]","[0]","[-448.057]","[0.024076]","[4.57928]",171372,1.41992,4,"[110503,87974,22179.9,20893.2]","[-0.631866,-1.85689,-0.752689,0.626158]","[-2.13201,1.22102,-2.68938,-0.611935]","[133863,289119,29263.3,25359.6]","[0.995697,0.381939,0.692272,0.982926]","[0,0,0,0]","[0,0,0,0]","[-0.91996,-0.934335,-0.822502,-0.80607]",0,"[]","[]","[]","[]","[]","[]","[]","[]","[]","[]",1,"[259254]","[-0.831893]","[-1.87584]","[358096]","[52300.5]","[0]","[0.841976]","[0.821702]",0,"[]","[]","[]","[]","[]","[]","[]","[]","[]","[]",0,"[186.278]",3430.59,"[3874.28,11611.6,3430.69,2630.1]","[]","[2671.5]","[]"
45,284500,4942327,364160,-1,225.007,3.69389e+06,1.32095,1,0.98491,1,1,1.48485,0.992733,1,0,1,0,1,"[1]","[1]","[29236.2]","[-1.93493]","[-3.09188]","[103320]","[-28.8669]","[-1]","[13]","[1]","[1004.62]","[-500.818]","[0.0105298]","[0.967175]",42142.6,-3.08331,5,"[271930,126186,111836,67350.6,25178.4]","[0.174408,-1.4888,-0.360053,1.70701,0.987609]","[0.06005,-2.51589,-2.88376,1.61267,1.41435]","[279572,294189,119429,192043,38605.6]","[0.873614,0.999875,0.993421,0.985349,0.993044]","[4,0,0,0,0]","[0,0,0,0,0]","[0.998078,-0.915625,0.816382,-0.629988,-0.569341]",0,"[]","[]","[]","[]","[]","[]","[]","[]","[]","[]",1,"[290668]","[0.158493]","[0.0582902]","[297071]","[40287]","[0]","[1.48059]","[0.646352]",0,"[]","[]","[]","[]","[]","[]","[]","[]","[]","[]",0,"[98.4651]",5831.57,"[5375.54,5823.52,5704.25,2223.68,1706.7]","[]","[25868.2]","[]"
46,284500,3585191,364160,1,225.007,3.69389e+06,0.619412,1,0.997069,1,1,0.997154,0.751312,1,0,1,0,1,"[0]","[1]","[112729]","[0.724714]","[2.44228]","[143651]","[-0.0234909]","[-1]","[13]","[1]","[1344.41]","[-488.129]","[-0.0106196]","[1.49277]",102896,-2.87402,3,"[329492,105591,30551]","[0.790711,1.13578,1.23151]","[-0.176236,-3.13082,2.5707]","[438483,181948,57050.8]","[0.990199,1,0.989299]","[0,0,0]","[0,0,0]","[-0.581336,-0.905006,-0.688229]",0,"[]","[]","[]","[]","[]","[]","[]","[]","[]","[]",1,"[354849]","[0.835803]","[-0.179643]","[486866]","[25909.4]","[0]","[5.60951]","[0.503656]",0,"[]","[]","[]","[]","[]","[]","[]","[]","[]","[]",0,"[2674.8]",3598.23,"[4172.31,2514.07,5032.35]","[]","[4164.44]","[]"
47,284500,3810021,364160,1,225.007,3.69389e+06,1.32095,1,0.985938,1,1,0.954532,1.00414,1,0,1,0,1,"[1]","[1]","[62791.5]","[-1.91745]","[1.34936]","[218219]","[0.11622]","[-1]","[13]","[1]","[0]","[64.6318]","[0.0136883]","[1.78253]",55765.9,-2.24264,7,"[230499,181562,82484.4,80486.9,36043.4,30589.4,22735.4]","[-0.427376,1.1036,-1.17577,0.405507,2.08295,-1.94928,0.310426]","[0.236352,-3.07562,-2.36549,0.11558,0.147029,-1.81894,-1.80463]","[252445,304506,146851,88032.4,147189,109655,24400.1]","[0,0,0.999423,0,0.999884,0.952055,0.98]","[0,0,4,0,0,0,0]","[0,0,0,0,0,0,0]","[-0.72452,0.36599,-0.899694,-0.79151,-0.837587,0.452875,-0.723594]",0,"[]","[]","[]","[]","[]","[]","[]","[]","[]","[]",1,"[297603]","[-0.227878]","[0.214225]","[326493]","[115545]","[0]","[0.831145]","[0.598036]",0,"[]","[]","[]","[]","[]","[]","[]","[]","[]","[]",0,"[566.43]",2430.76,"[2995.73,11013.6,3643.24,3531.22,2067.42,3836.53,1967.76]","[]","[17639.1]","[]"
48,284500,5490690,364160,1,225.007,3.69389e+06,1.26459,1,0.99651,1,1,0.958966,0.898807,1,0,1,0,1,"[1]","[1]","[63940.8]","[-0.779517]","[-2.33646]","[84371.5]","[-0.00921822]","[1]","[13]","[1]","[0]","[-941.361]","[0.00169064]","[0.264975]",242017,-0.87784,2,"[272739,22412.3]","[-0.667217,-1.97772]","[2.0778,-0.356696]","[340061,82593.2]","[0.832905,1]","[4,0]","[0,0]","[-0.293526,-0.700202]",0,"[]","[]","[]","[]","[]","[]","[]","[]","[]","[]",1,"[277089]","[-0.660494]","[2.06805]","[341590]","[35318.8]","[0]","[1.17209]","[0.604925]",0,"[]","[]","[]","[]","[]","[]","[]","[]","[]","[]",0,"[916.516]",69716.7,"[6876.78,40870.1]","[]","[21132.2]","[]"
49,284500,5471682,364160,-1,225.007,3.69389e+06,0,1,0.992092,1,1,0.961141,0.940094,1,0,1,0,1,"[1]","[1]","[53948.5]","[0.304578]","[-0.513952]","[56470.4]","[-0.12812]","[1]","[13]","[1]","[6101.56]","[1895.73]","[0.0287929]","[4.10694]",86494.3,2.60019,4,"[466702,460382,77020.3,76322.7]","[-0.840498,0.792074,-0.840348,1.28607]","[2.74124,-0.414646,0.987551,-1.77378]","[642316,613215,106685,149086]","[0.994967,0.939851,0,0.00247837]","[4,0,0,0]","[0,0,0,0]","[-0.86186,-0.868535,-0.841067,-0.869738]",0,"[]","[]","[]","[]","[]","[]","[]","[]","[]","[]",2,"[478814,431494]","[0.765772,-0.864727]","[-0.407366,2.73929]","[627208,603343]","[35555,16191.6]","[0,0]","[3.15535,2.92627]","[0.406193,0.0409874]",0,"[]","[]","[]","[]","[]","[]","[]","[]","[]","[]",0,"[144.839]",17334.8,"[6066.21,5925.29,2161.11,2232.64]","[]","[3173.41,44096.8]","[]"
50,284500,4138914,364160,-1,225.007,3.69389e+06,1.24168,1,0.999915,1,1,0.95711,1.02261,1,0,1,0,1,"[1]","[1]","[85356.8]","[-1.57364]","[0.740664]","[214734]","[-0.0332947]","[1]","[13]","[1]","[0]","[-159.245]","[0.00455369]","[0.667935]",4414.34,-0.175659,6,"[175669,103532,99926.6,84826.7,84638.8,66816.6]","[0.113062,0.634105,0.934078,-0.741184,0.0704571,1.15327]","[1.73844,-0.956942,2.11005,-1.31841,-2.18463,-1.52518]","[178061,126719,147541,110027,85599.4,117005]","[0,0,0.0238398,0.0174619,0.999837,0.00105081]","[0,0,0,0,4,0]","[0,0,0,0,0,0]","[-0.770713,-0.770139,-0.731951,-0.795807,-0.903578,-0.826558]",0,"[]","[]","[]","[]","[]","[]","[]","[]","[]","[]",1,"[294658]","[0.439051]","[1.87007]","[343351]","[115009]","[0]","[0.872978]","[0.622405]",0,"[]","[]","[]","[]","[]","[]","[]","[]","[]","[]",0,"[2537.03]",7121.27,"[2208.89,2198.78,2775,7441.23,3965.3,2782.91]","[]","[750.812]","[]"
51,284500,5214886,364160,1,225.007,3.69389e+06,0.619412,1,0.997799,1,1,0.988611,0.941278,1,0,1,0,1,"[1]","[1]","[54499.8]","[2.30273]","[0.786339]","[275264]","[0.255655]","[1]","[13]","[0]","[0]","[-385.408]","[-0.00252228]","[0.297006]",20119.9,-0.0684205,4,"[437512,78789.8,23325.5,20008.2]","[0.219124,1.35301,-0.376778,-2.15231]","[0.936256,-2.81374,1.02297,-0.587946]","[448453,163043,25292.3,87344.1]","[0.996125,0.989842,0.998982,0.990712]","[0,0,0,4]","[0,0,0,0]","[-0.440426,-0.943056,-0.931784,-0.283019]",0,"[]","[]","[]","[]","[]","[]","[]","[]","[]","[]",2,"[437814,419939]","[-0.22049,0.210811]","[-2.20442,0.935272]","[449178,429332]","[24678.5,4837.04]","[0,0]","[4.30291,0]","[-1,-1]",0,"[]","[]","[]","[]","[]","[]","[]","[]","[]","[]",0,"[4006.98]",29433.7,"[4753.05,7781.2,2127.96,796.968]","[]","[51066.9,11672.1]","[]"
52,284500,6116941,364160,1,225.007,3.69389e+06,0.923924,1,0.988416,1,1,0.996219,1.02324,1,0,1,0,1,"[1]","[1]","[92557.2]","[1.71409]","[0.861311]","[265257]","[-0.0469437]","[1]","[13]","[1]","[1349.57]","[-64.4573]","[-0.0045447]","[0.667772]",42824.4,1.36821,5,"[256869,115073,23984.8,22607.8,21647.9]","[1.33212,-2.11245,1.04641,1.16166,-0.309869]","[-1.90539,1.17476,0.577562,-2.95535,2.56661]","[520868,482789,38586.3,39935.5,23009.2]","[0.993483,1,0.995265,0.995612,0.991379]","[0,0,0,0,0]","[0,0,0,0,0]","[-0.919981,-0.952303,-0.0193054,-0.69132,-0.825241]",0,"[]","[]","[]","[]","[]","[]","[]","[]","[]","[]",1,"[255301]","[1.32681]","[-1.89687]","[515181]","[14307.9]","[0]","[3.44834]","[0.47409]",0,"[]","[]","[]","[]","[]","[]","[]","[]","[]","[]",0,"[1177.37]",4719.82,"[5608.26,3716.08,3472.91,1671.13,1673.39]","[]","[11048.6]","[]"
53,284500,5032824,364160,1,225.007,3.69389e+06,0.75088,1,0.993241,1,1,0.995648,0.850143,1,0,1,0,1,"[1]","[1]","[52932.5]","[-0.946238]","[-1.50822]","[78451.3]","[-27.5511]","[1]","[13]","[1]","[0]","[-683.124]","[0.0207221]","[2.20795]",64427.7,-1.46821,5,"[215239,120690,87025.5,74751.3,31182.9]","[-0.56637,2.07943,-1.54229,-0.897905,-1.41787]","[0.621427,-3.13343,-2.02071,1.51235,2.87331]","[251828,490847,212924,107662,68430]","[0.991979,0.990109,0.952928,0.0160666,0.996018]","[0,0,0,0,0]","[0,0,0,0,0]","[-0.634159,-0.933357,-0.931238,-0.954802,-0.837537]",0,"[]","[]","[]","[]","[]","[]","[]","[]","[]","[]",1,"[282206]","[-0.717141]","[0.835571]","[373875]","[107997]","[0]","[1.0399]","[0.768329]",0,"[]","[]","[]","[]","[]","[]","[]","[]","[]","[]",0,"[235.931]",14593,"[2989.42,3543.45,4757.65,5220.43,2094.81]","[]","[6547.47]","[]"
54,284500,194874,364160,1,225.007,3.69389e+06,1.22586,1,0.993571,1,1,0.989291,0.993442,1,0,1,0,1,"[1]","[1]","[37244.1]","[-2.13723]","[-0.169784]","[160036]","[0.0392218]","[-1]","[13]","[1]","[0]","[-244.336]","[0.024446]","[2.0953]",60190.3,2.10894,3,"[213877,198229,20975.5]","[-0.532391,2.11994,-2.28499]","[-2.77705,0.237539,0.676796]","[245320,837725,104205]","[0.851767,0.990602,0.991465]","[0,0,4]","[0,0,0]","[-0.915188,-0.801395,0.667914]",0,"[]","[]","[]","[]","[]","[]","[]","[]","[]","[]",1,"[254748]","[-0.67252]","[-2.78451]","[316694]","[36697.8]","[0]","[1.79297]","[0.627692]",0,"[]","[]","[]","[]","[]","[]","[]","[]","[]","[]",0,"[604.005]",1718.95,"[7348.46,6432.85,1927]","[]","[5681.3]","[]"
55,284500,572129,364160,1,225.007,3.69389e+06,0.619412,1,0.992824,1,1,0.934492,0.336768,1,0,1,0,1,"[0]","[1]","[69244.4]","[0.7372]","[-0.454472]","[88928.1]","[-0.0314903]","[1]","[13]","[0]","[0]","[662.95]","[0.00300265]","[0.490194]",116415,-1.37815,5,"[249521,87748.6,42425.6,35715.8,23965]","[1.00579,-0.626545,0.114013,-2.22702,-0.594312]","[1.90191,-1.05389,-1.06835,-2.57688,1.32158]","[388628,106068,44069.7,167571,28688.2]","[0.995672,0.987338,0.989989,0.887147,0.975395]","[4,0,0,4,0]","[0,0,0,0,0]","[0.712686,-0.801866,-0.691872,-0.885856,-0.835817]",0,"[]","[]","[]","[]","[]","[]","[]","[]","[]","[]",1,"[300690]","[0.938001]","[1.87543]","[449236]","[74840.3]","[0]","[1.84021]","[0.547646]",0,"[]","[]","[]","[]","[]","[]","[]","[]","[]","[]",0,"[419.04]",53559.6,"[2666.69,6102.07,7467.68,7030.35,2452.23]","[]","[25723.2]","[]"
56,284500,4745508,364160,-1,225.007,3.69389e+06,1.25133,1,0.988987,1,1,0.998586,0.976321,1,0,1,0,1,"[1]","[1]","[93563.2]","[-1.85168]","[-0.446043]","[305366]","[0.00456429]","[1]","[13]","[1]","[0]","[-178.402]","[-0.00268889]","[0.4767]",70542.2,-1.10091,4,"[339519,270919,65941.1,42408]","[-0.585489,0.0638776,0.708218,-0.992875]","[2.09013,-1.11726,2.92158,1.54328]","[401267,271685,83547.8,65441.3]","[0,0,0.990021,0.980838]","[0,0,0,0]","[0,0,0,0]","[-0.843286,-0.738335,-0.418679,-0.899957]",0,"[]","[]","[]","[]","[]","[]","[]","[]","[]","[]",2,"[367802,262448]","[-0.634872,0.0534422]","[2.06002,-1.11479]","[449390,262867]","[66459.6,4835.3]","[0,0]","[2.28568,8.79757]","[0.692032,-1]",0,"[]","[]","[]","[]","[]","[]","[]","[]","[]","[]",0,"[4222.84]",1862.1,"[4863.28,3326.59,2406.46,2453.38]","[]","[5434.97,2545.47]","[]"
57,284500,4729237,364160,1,225.007,3.69389e+06,0.75088,1,0.998505,1,1,0.995584,1.00481,1,0,1,0,1,"[1]","[1]","[68090.8]","[-1.57413]","[1.63742]","[171376]","[-0.0791931]","[-1]","[13]","[1]","[0]","[-599.628]","[-0.00446788]","[0.589887]",39853.1,-1.46922,4,"[167830,75571.3,23861.9,21751.4]","[1.17013,0.172196,1.68907,0.553081]","[-1.67539,-1.78786,1.75872,-1.17719]","[296922,77040,67009.2,25822.3]","[0.0114244,0.994313,0.71764,0.873134]","[0,0,0,0]","[0,0,0,0]","[-0.987104,-0.939732,-0.898845,-0.779961]",0,"[]","[]","[]","[]","[]","[]","[]","[]","[]","[]",1,"[257390]","[0.857787]","[-1.71329]","[373619]","[106786]","[0]","[0.623553]","[0.635953]",0,"[]","[]","[]","[]","[]","[]","[]","[]","[]","[]",0,"[2099.87]",2862.49,"[6778.71,4148.86,3195.72,2391.83]","[]","[526.031]","[]"
58,284500,5634528,364160,-1,225.007,3.69389e+06,1.22586,1,0.999929,1,1,0.979585,0.862908,1,0,1,0,1,"[1]","[1]","[218025]","[0.941076]","[-2.36308]","[321908]","[0.0188293]","[1]","[13]","[1]","[0]","[5.40344]","[0.00609068]","[1.15386]",26875.8,-2.19258,7,"[128807,105506,67407.8,27433.7,24885.3,22131.9,21573.9]","[0.644977,-0.0707444,-1.73296,1.57895,-1.02206,-0.707697,0.846375]","[1.12305,1.20375,-0.662185,-1.68289,-0.076728,1.44072,2.45445]","[157048,106429,196766,69488,39380.8,28339.1,29988.4]","[0.99553,0.984769,0.993028,1,0.998964,0.991376,0.971988]","[0,0,0,0,0,4,0]","[0,0,0,0,0,0,0]","[-0.831546,-0.770968,-0.950345,-0.426569,-0.678214,-0.760608,-0.896042]",0,"[]","[]","[]","[]","[]","[]","[]","[]","[]","[]",1,"[250045]","[0.310262]","[1.15225]","[277787]","[91811.9]","[0]","[0.70788]","[0.760899]",0,"[]","[]","[]","[]","[]","[]","[]","[]","[]","[]",0,"[4524.96]",16417.9,"[2831.43,9056.37,3941.01,2287.93,3668.15,1817.62,1627.37]","[]","[29639.9]","[]"
59,284500,5401719,364160,1,225.007,3.69389e+06,1.32095,1,0.998658,1,1,0.992981,1.0541,1,0,1,0,1,"[1]","[1]","[28862.4]","[-1.00068]","[0.858335]","[44560.3]","[-0.0402451]","[1]","[13]","[1]","[0]","[-689.195]","[-0.0249508]","[3.15493]",48348.6,-1.99006,2,"[840746,24099.8]","[-0.374889,-1.90597]","[0.426796,1.20396]","[902148,82882.4]","[0.997822,0.80994]","[0,0]","[0,0]","[-0.714084,-0.861034]",0,"[]","[]","[]","[]","[]","[]","[]","[]","[]","[]",2,"[822512,815402]","[-0.375603,-0.392814]","[-2.71659,0.426525]","[881592,880836]","[25746.2,54881.9]","[0,0]","[4.90752,2.65466]","[0.0175888,0.690645]",0,"[]","[]","[]","[]","[]","[]","[]","[]","[]","[]",0,"[88.7731]",2186.72,"[14634.5,1870.96]","[]","[16171.9,13851.1]","[]"
60,284500,6733460,364160,0.791149,225.007,3.69389e+06,1.26459,1,0.995737,1,1,0.955121,0.834439,1,0,1,0,1,"[1]","[1]","[55510.1]","[-0.303974]","[0.212934]","[58094.6]","[0.00526309]","[-1]","[13]","[1]","[0]","[243.182]","[-0.0209917]","[3.24834]",53916.2,2.22977,3,"[268981,247460,32946.4]","[-1.87185,-0.618124,-0.000923202]","[-2.05021,1.12972,2.1903]","[895269,297299,33446.8]","[0.252755,0,0.989768]","[4,0,0]","[0,0,0]","[-0.598673,-0.789432,-0.917662]",0,"[]","[]","[]","[]","[]","[]","[]","[]","[]","[]",1,"[321828]","[-1.87994]","[-2.00371]","[1.08037e+06]","[53529.9]","[0]","[2.2586]","[0.634781]",0,"[]","[]","[]","[]","[]","[]","[]","[]","[]","[]",0,"[252.377]",9199.02,"[3100.01,2701.84,1838.3]","[]","[6333.47]","[]"
61,284500,3115086,364160,1,225.007,3.69389e+06,0.619412,1,1.00015,1,1,0.958742,0.863203,1,0,1,0,1,"[1]","[1]","[48357.8]","[1.05946]","[-1.6075]","[78133]","[-0.00188446]","[1]","[13]","[1]","[0]","[-1627.25]","[-0.0142685]","[1.74406]",311128,-0.0731017,2,"[299002,86508.8]","[-0.896133,1.29369]","[3.11621,1.64858]","[427956,169925]","[0,0.999814]","[0,4]","[0,0]","[-0.69925,-0.482662]",0,"[]","[]","[]","[]","[]","[]","[]","[]","[]","[]",1,"[294969]","[-0.91493]","[3.11569]","[427818]","[21349.1]","[0]","[2.79327]","[0.538089]",0,"[]","[]","[]","[]","[]","[]","[]","[]","[]","[]",0,"[272.781]",61953.3,"[4968.07,5920.72]","[]","[4529.34]","[]"
62,284500,8482246,364160,1,225.007,3.69389e+06,1.26459,1,0.996341,1,1,0.950285,1.00918,1,0,1,0,1,"[1]","[1]","[33625.5]","[1.27664]","[-2.13388]","[64956.9]","[-0.0471153]","[1]","[13]","[1]","[0]","[-1125.66]","[-0.0143096]","[2.06016]",49680.6,-0.592401,3,"[434739,414331,31366.2]","[1.64981,0.153614,-0.66017]","[1.66301,-1.48296,2.04996]","[1.17403e+06,420377,38989.4]","[0.897029,0.995316,0.969718]","[0,4,0]","[0,0,0]","[-0.57108,0.648893,-0.834955]",0,"[]","[]","[]","[]","[]","[]","[]","[]","[]","[]",2,"[451282,413589]","[1.64962,0.156021]","[1.66674,-1.48831]","[1.21829e+06,419248]","[34115.1,22691.1]","[0,0]","[2.27283,2.59857]","[0.764059,0.376188]",0,"[]","[]","[]","[]","[]","[]","[]","[]","[]","[]",0,"[185.045]",9292.33,"[15828.1,4372.99,1894.6]","[]","[26394.6,3986.72]","[]"
63,284500,5348087,364160,1,225.007,3.69389e+06,1.25133,1,0.998983,1,1,0.993294,0.92836,1,0,1,0,1,"[1]","[1]","[36046]","[1.08173]","[-1.14675]","[59274.2]","[148.607]","[1]","[13]","[0]","[0]","[-311.878]","[-0.0207958]","[2.79114]",38296.8,2.81745,7,"[238873,102898,69347.7,51319.4,33109.7,24918.3,22732.6]","[0.314379,-2.08388,-1.27045,-1.63357,-1.7676,1.95435,-0.349907]","[1.89166,-0.919932,-1.25263,-1.85951,-0.568015,-1.44171,2.5023]","[251023,419976,133416,136711,99934.8,89824,24506.1]","[0.998006,0.982024,0.994038,1,0.998886,0.970184,0.975633]","[0,0,0,0,0,0,0]","[0,0,0,0,0,0,0]","[-0.90584,-0.857769,0.395103,0.0231586,-0.330028,-0.179932,-0.809624]",0,"[]","[]","[]","[]","[]","[]","[]","[]","[]","[]",1,"[257762]","[0.257582]","[1.92933]","[273329]","[61329.6]","[0]","[2.63983]","[0.498393]",0,"[]","[]","[]","[]","[]","[]","[]","[]","[]","[]",0,"[416.733]",4467.77,"[3081.12,7216.95,6187.01,2667.68,2004.85,1909.32,2424.09]","[]","[20877.3]","[]"
64,284500,6853585,364160,-1,225.007,3.69389e+06,1.25133,1,0.997735,1,1,0.957431,0.945822,1,0,1,0,1,"[1]","[1]","[34029.6]","[0.756145]","[2.79525]","[44230.5]","[-0.00100708]","[-1]","[13]","[1]","[0]","[-547.926]","[0.00687445]","[0.951947]",66431.8,-2.64265,4,"[290585,155761,154763,85864.5]","[0.961496,0.7092,-0.46825,0.139695]","[-2.71513,0.0989632,0.55285,0.528447]","[436563,196730,172336,86859.9]","[0,0,0,0.85108]","[0,0,0,4]","[0,0,0,0]","[-0.724942,-0.733521,-0.747797,-0.801579]",0,"[]","[]","[]","[]","[]","[]","[]","[]","[]","[]",1,"[305473]","[0.926511]","[-2.72026]","[447271]","[30388.5]","[0]","[2.04958]","[0.753327]",0,"[]","[]","[]","[]","[]","[]","[]","[]","[]","[]",0,"[86.3426]",3106.89,"[8230.84,4181.98,5967.78,5832.65]","[]","[9112.69]","[]"
65,284500,5954468,364160,1,225.007,3.69389e+06,0.75088,1,0.987215,1,1,1.56856,0.91127,1,0,1,0,1,"[1]","[1]","[110327]","[-0.210314]","[1.21414]","[112776]","[0.0364285]","[1]","[13]","[1]","[0]","[-937.572]","[0.00940422]","[1.77186]",68769.1,1.58626,4,"[120601,87721.4,65740.5,36896.3]","[2.01703,1.24286,1.8518,-2.42891]","[-1.72287,-1.55809,-1.17859,2.49784]","[461959,165614,214854,211076]","[0.965474,0.986255,0,0.00577954]","[0,4,0,0]","[0,0,0,0]","[0.0514213,0.988252,-0.862638,-0.962566]",0,"[]","[]","[]","[]","[]","[]","[]","[]","[]","[]",1,"[251497]","[1.78994]","[-1.5763]","[783576]","[121372]","[0]","[1.274]","[0.629512]",0,"[]","[]","[]","[]","[]","[]","[]","[]","[]","[]",0,"[4288.67]",41189.3,"[7157.6,8486.68,2252.58,2243.66]","[]","[0]","[]"
66,284500,9608005,364160,1,225.007,3.69389e+06,1.26205,1,0.996745,1,1,0.96161,1.00161,1,0,1,0,1,"[0]","[1]","[264444]","[-1.32713]","[1.34925]","[533575]","[0.0611382]","[-1]","[13]","[1]","[0]","[112.208]","[0.00982645]","[2.24699]",78167.8,0.775828,4,"[347130,181174,53602.3,37042.7]","[-0.169379,-1.31559,-0.250432,0.328192]","[-1.59696,2.43284,-1.07152,-1.37384]","[355961,362155,55995.2,39998.2]","[0.998808,0.982883,0.999868,0.963106]","[0,4,0,0]","[0,0,0,0]","[-0.974991,-0.929746,-0.8629,-0.704937]",0,"[]","[]","[]","[]","[]","[]","[]","[]","[]","[]",1,"[337296]","[-0.20015]","[-1.57775]","[350858]","[68657.8]","[0]","[1.59675]","[0.583669]",0,"[]","[]","[]","[]","[]","[]","[]","[]","[]","[]",0,"[90450.3]",477.367,"[6391.56,1941.42,11122.9,2488]","[]","[28785.4]","[]"
67,284500,9489143,364160,1,225.007,3.69389e+06,0.696077,1,0.995121,1,1,0.997453,0.988703,1,0,1,0,1,"[1]","[1]","[43842.5]","[0.481536]","[-0.708613]","[49024.6]","[0.0383558]","[1]","[13]","[1]","[0]","[-158.116]","[-0.0039561]","[0.59746]",133668,-1.69083,3,"[251443,61468.1,44623]","[-0.052728,2.25027,2.17476]","[1.76363,-1.53385,1.13548]","[253148,294995,198919]","[0,0.00116335,0.990944]","[0,0,0]","[0,0,0]","[-0.755231,-0.864096,-0.842086]",0,"[]","[]","[]","[]","[]","[]","[]","[]","[]","[]",1,"[256226]","[-0.0628665]","[1.75673]","[258225]","[27725.1]","[0]","[1.1824]","[0.602848]",0,"[]","[]","[]","[]","[]","[]","[]","[]","[]","[]",0,"[230.848]",15129.1,"[11567,19262.7,1684.71]","[]","[15095]","[]"
68,284500,9011037,364160,-1,225.007,3.69389e+06,1.26459,1,0.998865,1,1,0.966781,0.99823,1,0,1,0,1,"[1]","[1]","[56974.3]","[0.908001]","[2.9102]","[82119.7]","[-0.000732422]","[1]","[13]","[1]","[0]","[-488.984]","[0.02358]","[3.61965]",58908.9,-1.54178,6,"[262402,177961,118416,45258.2,27229.6,20228.3]","[-1.24084,0.220229,-0.675725,-1.29913,-0.603166,-0.160656]","[-2.54539,0.754967,0.754606,-1.43874,0.00204229,1.39068]","[492573,185598,146925,89218.8,33075.3,20966.4]","[0,0.55,0,0.827218,0.986388,0.90291]","[0,0,0,0,4,4]","[0,0,0,0,0,0]","[-0.733474,-0.772108,-0.777945,-0.832594,-0.810537,-0.617583]",0,"[]","[]","[]","[]","[]","[]","[]","[]","[]","[]",2,"[304476,276686]","[-0.103725,-1.22867]","[0.746356,-2.54726]","[330406,513822]","[124344,26024.4]","[0,0]","[0.938393,1.66025]","[0.583551,0.748565]",0,"[]","[]","[]","[]","[]","[]","[]","[]","[]","[]",0,"[191.703]",13012.9,"[13238,3632.21,6640.6,3338.32,2435.01,1967.49]","[]","[6849.06,2549.22]","[]"
69,284500,7765853,364160,1,225.007,3.69389e+06,0.738662,1,1.00004,1,1,1.04261,0.966761,1,0,1,0,1,"[1]","[1]","[38594.1]","[2.04061]","[-2.86462]","[151004]","[-18.1062]","[1]","[13]","[1]","[0]","[-796.172]","[0.0101699]","[0.88796]",104247,1.88504,7,"[261204,119085,103920,73882.5,61649.4,25950.7,24734.7]","[0.322112,1.67993,2.06507,-1.78062,-0.31571,0.0969831,-1.42216]","[-1.07072,2.42383,-0.741604,1.94106,2.07826,-0.272235,2.16395]","[275852,330941,416514,226217,65548.2,26288.3,54304.5]","[0.99736,0.992542,0.0939702,0.999985,0.989011,0.988172,0.939621]","[0,0,4,0,0,0,0]","[0,0,0,0,0,0,0]","[0.826067,-0.851151,-0.773467,-0.654038,-0.894107,-0.845889,-0.873226]",0,"[]","[]","[]","[]","[]","[]","[]","[]","[]","[]",1,"[273949]","[0.317179]","[-1.01293]","[297801]","[76356.1]","[0]","[2.19102]","[0.553353]",0,"[]","[]","[]","[]","[]","[]","[]","[]","[]","[]",0,"[474.81]",5528.48,"[3989.35,9807.89,9647.84,4698.13,2913.63,2012.73,1937.17]","[]","[12757.2]","[]"
70,284500,7780175,364160,1,225.007,3.69389e+06,0.696077,1,0.992404,1,1,0.985352,0.794391,1,0,1,0,1,"[1]","[1]","[44415.2]","[0.345661]","[0.398805]","[47095.3]","[0.0278091]","[1]","[13]","[1]","[0]","[1277.76]","[0.00484125]","[0.794563]",36501.7,-2.04597,6,"[314141,180648,78860.4,33010.2,29698.1,20920.8]","[-1.26225,-0.785353,-0.190466,-1.45658,0.442413,-0.914864]","[2.81041,-0.363837,-0.345174,0.50538,-0.775591,1.67865]","[600095,239784,80928.3,74861.3,33319.1,30622.1]","[0.994821,0.999492,1,0.992955,1,1]","[0,0,0,0,0,4]","[0,0,0,0,0,0]","[-0.496025,-0.882888,-0.710578,-0.867921,-0.846003,-0.728244]",0,"[]","[]","[]","[]","[]","[]","[]","[]","[]","[]",2,"[307267,252011]","[-1.26862,-0.622423]","[2.80565,-0.350077]","[589771,311755]","[17390.3,75703.7]","[0,0]","[2.56594,0.771183]","[0.585019,0.712448]",0,"[]","[]","[]","[]","[]","[]","[]","[]","[]","[]",0,"[73.1508]",31229.9,"[5594,2161.51,9948.64,3586.75,1830.48,3123.92]","[]","[13098.9,8346.45]","[]"
71,284500,8984695,364160,1,225.007,3.69389e+06,1.26459,1,0.98783,1,1,0.978371,0.987523,1,0,1,0,1,"[1]","[1]","[62192.1]","[-1.64471]","[-0.771454]","[167065]","[-0.00222778]","[1]","[13]","[1]","[0]","[-503.758]","[-0.0161658]","[2.2211]",66568.6,0.517247,5,"[192279,79826.5,48577.6,31016.9,27138.7]","[-0.946373,1.00605,-1.53167,0.131715,0.700434]","[2.98436,0.12596,2.71586,-0.378683,-1.85548]","[285550,124322,117803,31805.4,34445.4]","[0.996314,0.995778,0.9876,1,0.997182]","[0,0,0,0,4]","[0,0,0,0,0]","[-0.859372,-0.94176,-0.887341,-0.776741,0.435911]",0,"[]","[]","[]","[]","[]","[]","[]","[]","[]","[]",1,"[252154]","[-1.07255]","[2.929]","[416774]","[65252.2]","[0]","[1.43786]","[0.748755]",0,"[]","[]","[]","[]","[]","[]","[]","[]","[]","[]",0,"[1249.8]",1845.88,"[9076.62,8165.65,3730.22,2011.9,4115.97]","[]","[9143.97]","[]"
72,284500,2699905,364160,1,225.007,3.69389e+06,0.402058,1,0.996838,1,1,0.959016,1.07399,1,0,1,0,1,"[0]","[1]","[58546.9]","[-0.894778]","[-0.282638]","[83590.1]","[0.0120087]","[1]","[13]","[1]","[0]","[633.324]","[-0.0097791]","[1.4099]",50205.3,-0.912995,3,"[265747,89487.7,72560.1]","[-0.610134,1.62369,0.845883]","[2.50397,-0.496237,-2.16486]","[317591,235861,100467]","[0.997162,1,0.99532]","[4,0,0]","[0,0,0]","[-0.898685,-0.91104,-0.919013]",0,"[]","[]","[]","[]","[]","[]","[]","[]","[]","[]",1,"[271615]","[-0.616601]","[2.51001]","[325372]","[17408.5]","[0]","[2.10523]","[0.713624]",0,"[]","[]","[]","[]","[]","[]","[]","[]","[]","[]",0,"[175.799]",8729.55,"[3938.86,2597.86,2181.54]","[]","[15849.8]","[]"
73,284500,9225688,364160,-1,225.007,3.69389e+06,0.75088,1,0.998731,1,1,0.997701,0.994245,1,0,1,0,1,"[1]","[1]","[42329.7]","[1.30262]","[1.27216]","[83616.9]","[38.3013]","[1]","[13]","[1]","[0]","[-550.984]","[-0.0226634]","[2.38669]",37713.6,0.45715,4,"[236128,222249,54501.7,21895.5]","[-0.486455,1.21379,-0.329039,0.559415]","[2.73922,-0.514596,2.25619,-0.820186]","[268039,407806,58172.4,25652.9]","[0.999284,1,0.970873,0.905203]","[0,0,0,0]","[0,0,0,0]","[-0.843863,-0.826047,-0.674402,-0.546687]",0,"[]","[]","[]","[]","[]","[]","[]","[]","[]","[]",1,"[274917]","[-0.442753]","[2.65006]","[309636]","[66976.6]","[0]","[1.40552]","[0.76267]",0,"[]","[]","[]","[]","[]","[]","[]","[]","[]","[]",0,"[561.855]",8011.06,"[2808.4,3437.87,3477.95,3003.49]","[]","[29692.4]","[]"
74,284500,6742429,364160,1,225.007,3.69389e+06,1.1961,1,0.999824,1,1,0.959021,1.0171,1,0,1,0,1,"[1]","[1]","[47322.6]","[-1.40107]","[0.617703]","[101882]","[-0.035958]","[1]","[13]","[1]","[0]","[1244.14]","[-0.000165886]","[0.0219538]",88438.5,1.24642,2,"[265631,25540.5]","[-0.71022,-2.19356]","[-2.72266,-0.219249]","[336084,116058]","[0.990791,0.967729]","[4,0]","[0,0]","[-0.701528,0.0434543]",0,"[]","[]","[]","[]","[]","[]","[]","[]","[]","[]",1,"[271967]","[-0.675118]","[-2.72097]","[337905]","[32516.4]","[0]","[3.15835]","[0.733628]",0,"[]","[]","[]","[]","[]","[]","[]","[]","[]","[]",0,"[192.662]",29083.8,"[9441.26,2350.28]","[]","[2637.59]","[]"
75,284500,5473370,364160,1,225.007,3.69389e+06,1.26459,1,1.00032,1,1,1.48256,1.01444,1,0,1,0,1,"[0]","[1]","[45974.7]","[-1.41914]","[-2.97686]","[100581]","[-0.0296478]","[1]","[13]","[1]","[0]","[-1024.58]","[0.0262322]","[3.22577]",128154,-2.06127,6,"[364937,152892,60540.6,30689.4,30473.2,21038.2]","[-0.900779,1.94512,0.530394,-0.0942432,-1.37645,0.293295]","[0.956442,-1.8216,-2.46041,-1.22077,1.77821,-2.93712]","[524185,545817,69708.8,31296.2,64410,22423.1]","[0.988701,0.999076,1,0.993802,0.991537,1]","[4,0,0,0,0,0]","[0,0,0,0,0,0]","[0.991657,-0.848961,-0.814418,-0.937102,-0.853921,-0.404761]",0,"[]","[]","[]","[]","[]","[]","[]","[]","[]","[]",1,"[380311]","[-0.841925]","[0.957642]","[523752]","[22854.5]","[0]","[3.61324]","[0.625541]",0,"[]","[]","[]","[]","[]","[]","[]","[]","[]","[]",0,"[95.3697]",31294.6,"[5238.91,7340.38,2036.93,1902.66,5539.56,1148.29]","[]","[13323.3]","[]"
76,284500,7549698,364160,1,225.007,3.69389e+06,0.553627,1,1.00283,1,1,0.969743,0.978073,1,0,1,0,1,"[1]","[1]","[31316.1]","[-2.19135]","[1.92052]","[141846]","[-0.0106163]","[-1]","[13]","[1]","[0]","[316.23]","[0.0148489]","[1.19834]",48847.2,-0.851755,5,"[292644,182540,38084.9,27023.6,24422.5]","[0.779405,0.803454,0.182236,-0.411069,-0.909092]","[1.06305,-2.34951,-2.05943,-0.0441291,-2.46902]","[387758,245776,39218.7,29733.9,35692.5]","[1,1,0.985744,0.997702,0.929195]","[0,0,4,0,0]","[0,0,0,0,0]","[-0.791903,-0.759325,-0.363633,-0.826323,-0.790743]",0,"[]","[]","[]","[]","[]","[]","[]","[]","[]","[]",1,"[290320]","[0.754337]","[1.06486]","[378041]","[29212.6]","[0]","[1.46068]","[0.606101]",0,"[]","[]","[]","[]","[]","[]","[]","[]","[]","[]",0,"[253.46]",25705.7,"[10297.5,2415.51,9184.83,2614.61,2538.33]","[]","[7560.53]","[]"
77,284500,8196513,364160,1,225.007,3.69389e+06,0.934886,1,0.999111,1,1,0.969153,1.0124,1,0,1,0,1,"[0]","[1]","[57673.9]","[-1.11544]","[2.49571]","[97430.9]","[0.0116463]","[-1]","[13]","[1]","[2545.62]","[1456.44]","[0.0324509]","[3.68355]",126788,3.10902,3,"[291551,49370.8,44963.2]","[-1.02171,1.2188,2.36624]","[-0.180017,1.15738,-1.94596]","[458527,90990.5,241821]","[0.998387,1,0.998172]","[0,0,4]","[0,0,0]","[-0.231111,-0.773935,-0.684985]",0,"[]","[]","[]","[]","[]","[]","[]","[]","[]","[]",1,"[260584]","[-1.02412]","[-0.177438]","[410134]","[20796.8]","[0]","[1.9897]","[0.781697]",0,"[]","[]","[]","[]","[]","[]","[]","[]","[]","[]",0,"[272.973]",16659.1,"[4996.9,3505.08,1690.81]","[]","[17066.7]","[]"
78,284500,9383970,364160,-1,225.007,3.69389e+06,1.24168,1,1.00283,1,1,0.997338,0.974253,1,0,1,0,1,"[1]","[1]","[49132.8]","[-2.18881]","[1.86984]","[221999]","[-0.00534058]","[1]","[13]","[1]","[0]","[-292.691]","[-0.00680713]","[0.874842]",142751,1.5318,4,"[168206,93597.4,65813.3,21814.2]","[-1.34359,-0.803135,0.406052,0.769261]","[-1.57423,-1.7337,1.10265,-1.90245]","[344480,125561,71821.2,28825.2]","[0.961524,0.55,0.297113,0.983046]","[0,0,0,0]","[0,0,0,0]","[-0.75176,-0.705005,-0.977357,-0.0821896]",0,"[]","[]","[]","[]","[]","[]","[]","[]","[]","[]",1,"[264542]","[-1.14201]","[-1.63473]","[458167]","[37485.9]","[0]","[0.630254]","[0.785316]",0,"[]","[]","[]","[]","[]","[]","[]","[]","[]","[]",0,"[654.892]",11422.8,"[4663.58,5216.37,4566.2,3489.76]","[]","[25834]","[]"
79,284500,7890414,364160,-1,225.007,3.69389e+06,0.923924,1,0.991307,1,1,0.997118,1.00184,1,0,1,0,1,"[1]","[1]","[31183.4]","[-1.90886]","[0.713405]","[107483]","[-66.7487]","[1]","[13]","[1]","[0]","[-167.666]","[0.0124651]","[1.14715]",54027.7,2.18238,5,"[242858,234737,90849.8,39766.5,24714]","[-0.748132,2.12724,-1.2989,0.998201,-0.930927]","[1.72435,-1.10217,-1.9162,3.06952,-1.19125]","[314618,999450,179297,61848,36531.9]","[0.998528,0.994898,0.991014,0.994855,0.973992]","[0,0,0,0,0]","[0,0,0,0,0]","[0.637351,0.476768,-0.914478,-0.561362,-0.440684]",0,"[]","[]","[]","[]","[]","[]","[]","[]","[]","[]",1,"[286046]","[-0.736433]","[1.60952]","[374385]","[73089.6]","[0]","[1.57009]","[0.617134]",0,"[]","[]","[]","[]","[]","[]","[]","[]","[]","[]",0,"[48.9533]",10803.6,"[13858.1,3849.97,4154.96,2127.32,2495.82]","[]","[331.594]","[]"
80,284500,8499990,364160,1,225.007,3.69389e+06,1.24168,1,0.985198,1,1,0.998327,1.00372,1,0,1,0,1,"[1]","[1]","[165629]","[-1.74387]","[0.622723]","[488133]","[-0.0334167]","[-1]","[13]","[1]","[0]","[-132.965]","[-0.0124639]","[2.20887]",69923.6,1.14437,3,"[270357,66411.8,54744.4]","[-0.778748,0.687106,-2.26589]","[-2.24801,1.32249,1.33133]","[357240,83063.5,266818]","[0.991486,1,0.993281]","[0,0,0]","[0,0,0]","[-0.845849,-0.944477,-0.857863]",0,"[]","[]","[]","[]","[]","[]","[]","[]","[]","[]",1,"[273145]","[-0.819878]","[-2.25184]","[370800]","[20938.4]","[0]","[2.04861]","[0.617234]",0,"[]","[]","[]","[]","[]","[]","[]","[]","[]","[]",0,"[876.837]",2686.19,"[3121.72,2798.04,2436.82]","[]","[2628.06]","[]"
81,284500,9092580,364160,1,225.007,3.69389e+06,0,1,0.988856,1,1,0.997083,0.999379,1,0,1,0,1,"[1]","[1]","[33972.4]","[-1.77919]","[-1.32007]","[103511]","[-0.022419]","[1]","[13]","[1]","[0]","[-610.135]","[-0.00338987]","[0.33806]",2489.34,-1.564,3,"[379415,338114,20072.6]","[-1.01409,-0.784937,2.4142]","[2.64937,-0.47574,0.650898]","[593551,449658,113177]","[1,1,0.99037]","[0,0,0]","[0,0,0]","[-0.243681,-0.918707,-0.656155]",0,"[]","[]","[]","[]","[]","[]","[]","[]","[]","[]",2,"[377108,320668]","[-1.0332,-0.808408]","[2.66356,-0.470675]","[598231,433094]","[39182.2,39570.8]","[0,0]","[2.22786,2.36761]","[0.795759,0.502779]",0,"[]","[]","[]","[]","[]","[]","[]","[]","[]","[]",0,"[174.637]",43660.5,"[19345.8,19303.9,1883.06]","[]","[15401.2,5175.91]","[]"
82,284500,9171528,364160,1,225.007,3.69389e+06,1.24168,1,1.00297,1,1,0.997983,0.994745,1,0,1,0,1,"[1]","[1]","[50705]","[-2.26963]","[2.64285]","[247927]","[0.0211029]","[-1]","[13]","[0]","[0]","[-470.147]","[-0.0072525]","[0.871605]",1465.96,2.6429,4,"[259565,231837,59538.7,36590.7]","[0.8861,1.54789,-1.22123,-0.894549]","[-0.487384,2.5523,-1.74194,1.09633]","[373881,570040,110117,52426.5]","[0.00622901,0.206958,0.965788,1]","[0,0,0,0]","[0,0,0,0]","[-0.756268,-0.978264,-0.915998,-0.930712]",0,"[]","[]","[]","[]","[]","[]","[]","[]","[]","[]",1,"[274356]","[0.931473]","[-0.481001]","[408446]","[70959]","[0]","[1.12375]","[0.785192]",0,"[]","[]","[]","[]","[]","[]","[]","[]","[]","[]",0,"[1017.32]",12797.2,"[4929.39,3834.63,2736.36,3993.83]","[]","[14.375]","[]"
83,284500,9085228,364160,1,225.007,3.69389e+06,0,1,0.998564,1,1,0.997106,1.00045,1,0,1,0,1,"[1]","[1]","[128891]","[-2.29647]","[1.6931]","[647007]","[0.0924301]","[-1]","[13]","[1]","[0]","[-251.29]","[0.0305797]","[3.73736]",49214.8,1.51706,4,"[384880,123185,47122.9,39282.8]","[-1.06661,-1.74035,-0.976637,-1.41278]","[-1.82491,1.31989,0.994819,-1.17165]","[626365,362294,71929,85852.6]","[0.975067,0.996478,0.9964,0.998214]","[0,0,0,0]","[0,0,0,0]","[-0.887036,-0.956232,-0.792143,-0.79869]",0,"[]","[]","[]","[]","[]","[]","[]","[]","[]","[]",1,"[371915]","[-1.06283]","[-1.82294]","[603227]","[29470.8]","[0]","[2.45921]","[0.532531]",0,"[]","[]","[]","[]","[]","[]","[]","[]","[]","[]",0,"[18784]",5804.83,"[10037.8,4237.7,2996.48,3344.77]","[]","[4042.72]","[]"
84,284500,3636262,364160,-1,225.007,3.69389e+06,0.351687,1,0.996303,1,1,0.956551,0.996049,1,0,1,0,1,"[1]","[1]","[68264.9]","[-2.03539]","[0.56171]","[265751]","[0.0113177]","[-1]","[13]","[1]","[1095.64]","[-233.997]","[-0.00536071]","[0.764905]",24590.2,1.11619,5,"[325370,224221,50128,23311,22052.4]","[-1.70304,0.649283,-1.76305,-1.50906,-2.10423]","[-2.84062,0.35688,-2.2541,-1.51374,-2.75487]","[924762,273856,150699,55628.2,91839.8]","[0.997815,0.988701,0.998661,0.986838,0.782485]","[0,4,0,0,0]","[0,0,0,0,0]","[-0.0580957,-0.847004,-0.783917,-0.71973,-0.455427]",0,"[]","[]","[]","[]","[]","[]","[]","[]","[]","[]",1,"[351770]","[-1.74963]","[-2.7794]","[1.0461e+06]","[88505.1]","[0]","[1.62228]","[0.51971]",0,"[]","[]","[]","[]","[]","[]","[]","[]","[]","[]",0,"[1129.16]",30165,"[6751.43,5120.83,4455.99,3005.05,2093.27]","[]","[9494.44]","[]"
85,284500,6193561,364160,1,225.007,3.69389e+06,1.24168,1,0.995469,1,1,0.991965,0.817035,1,0,1,0,1,"[1]","[1]","[32075.1]","[0.698147]","[0.622896]","[40214.8]","[11.8106]","[1]","[13]","[1]","[0]","[307.997]","[0.00692039]","[0.9511]",115643,1.53575,7,"[246987,178898,164446,43367.2,32801.6,29064.6,27744.7]","[-0.717108,0.21829,-1.67492,-0.0720558,-2.17658,-1.76019,-1.3366]","[1.35126,-2.32935,-1.17841,2.13664,-1.3759,-1.74914,-1.56928]","[314683,184416,455120,44216,146534,87117.9,56647.8]","[0.996774,0.98941,0.996987,0.988796,0.994575,0.833929,0.987797]","[0,0,0,0,0,0,0]","[0,0,0,0,0,0,0]","[-0.966207,-0.973272,-0.809108,-0.234278,-0.852323,-0.711475,-0.0192592]",0,"[]","[]","[]","[]","[]","[]","[]","[]","[]","[]",1,"[268420]","[-0.693924]","[1.41669]","[343094]","[70935.8]","[0]","[2.15387]","[0.824546]",0,"[]","[]","[]","[]","[]","[]","[]","[]","[]","[]",0,"[140.673]",9533.5,"[4546.64,2652.82,5203.02,2104.09,3117.66,5788.2,2106.62]","[]","[7629.34]","[]"
86,284500,8656904,364160,1,225.007,3.69389e+06,1.26459,1,0.995945,1,1,0.957943,0.986343,1,0,1,0,1,"[1]","[1]","[48590.1]","[-0.0481458]","[1.3334]","[48646.6]","[-0.133031]","[-1]","[13]","[1]","[0]","[-268.239]","[0.01143]","[1.18474]",116927,2.69023,3,"[175684,116676,77160.4]","[-0.56476,0.427018,0.0864834]","[-0.432135,2.85284,-0.912785]","[205154,129497,77850.6]","[0.0710279,0,0.99]","[0,0,4]","[0,0,0]","[-0.806808,-0.722319,-0.194202]",0,"[]","[]","[]","[]","[]","[]","[]","[]","[]","[]",1,"[252350]","[-0.396157]","[-0.571159]","[283393]","[78120]","[0]","[0.764588]","[0.723899]",0,"[]","[]","[]","[]","[]","[]","[]","[]","[]","[]",0,"[455.586]",8017.12,"[2480.82,4508.8,5542.37]","[]","[630.609]","[]"
87,284500,2368917,364160,1,225.007,3.69389e+06,1.25133,1,1.00096,1,1,0.997791,0.993442,1,0,1,0,1,"[1]","[1]","[36898.4]","[-2.06258]","[-0.241316]","[147471]","[0.0426006]","[1]","[13]","[1]","[0]","[-212.036]","[-0.024566]","[2.43373]",110132,1.0687,3,"[262712,113045,21817.2]","[-1.06819,1.11986,0.272419]","[-2.40955,0.473505,-2.92961]","[427588,192222,22875.8]","[0.985186,0.990193,0.992498]","[0,0,0]","[0,0,0]","[-0.851392,-0.833581,-0.742742]",0,"[]","[]","[]","[]","[]","[]","[]","[]","[]","[]",1,"[273848]","[-1.07376]","[-2.41178]","[447791]","[16726.2]","[0]","[2.96156]","[0.627376]",0,"[]","[]","[]","[]","[]","[]","[]","[]","[]","[]",0,"[471.374]",9623.46,"[3482.67,3302,1633]","[]","[2069.78]","[]"
88,284500,6547656,364160,1,225.007,3.69389e+06,1.26459,1,0.98491,1,1,1.19412,1.01112,1,0,1,0,1,"[1]","[1]","[87863.9]","[-1.65856]","[-3.05638]","[239084]","[60.5682]","[1]","[13]","[1]","[0]","[524.722]","[0.00590777]","[0.898892]",42420.5,-0.47876,5,"[397056,389217,55702.7,48127.3,24659.2]","[-0.620967,1.47756,0.63316,-0.694997,-0.374452]","[1.5265,-1.56068,1.05063,2.29965,3.03941]","[477301,897977,67862.8,60753.8,27282.4]","[0.998478,0.99324,0.993039,0.993051,0.976895]","[0,0,0,0,0]","[0,0,0,0,0]","[-0.844318,-0.770679,0.84788,0.613976,-0.738279]",0,"[]","[]","[]","[]","[]","[]","[]","[]","[]","[]",2,"[426396,380924]","[-0.695452,1.45715]","[1.57949,-1.56101]","[541651,862538]","[92271.1,26051.3]","[0,0]","[2.46181,2.76801]","[0.690279,0.679251]",0,"[]","[]","[]","[]","[]","[]","[]","[]","[]","[]",0,"[475.887]",15468.6,"[4821,6031.7,2199.34,4540.08,1815.32]","[]","[26347.4,13621.8]","[]"
89,284500,7589866,364160,1,225.007,3.69389e+06,0.75088,1,0.998782,1,1,0.997314,0.978669,1,0,1,0,1,"[1]","[1]","[26093.5]","[2.08469]","[1.80816]","[106546]","[8.2019]","[-1]","[13]","[1]","[0]","[-590.776]","[0.0221949]","[2.02977]",21153.5,2.45888,4,"[335293,278798,37708,32429.2]","[0.309459,-1.35768,1.27912,0.375774]","[-0.672837,2.52611,2.8842,-0.145396]","[359748,578377,73271.4,35020.9]","[0.988847,0.99,0.999968,1]","[0,0,0,0]","[0,0,0,0]","[-0.969887,-0.696221,-0.514263,-0.845152]",0,"[]","[]","[]","[]","[]","[]","[]","[]","[]","[]",2,"[367267,295776]","[0.288833,-1.37592]","[-0.64059,2.52523]","[395223,623537]","[98728.3,30220]","[0,0]","[1.37823,1.69123]","[0.809081,0.74924]",0,"[]","[]","[]","[]","[]","[]","[]","[]","[]","[]",0,"[178.615]",2788.85,"[6996.12,8857.93,2423.12,1938.99]","[]","[32176.2,12963.8]","[]"
90,284500,8093207,364160,-1,225.007,3.69389e+06,0.738662,1,0.997331,1,1,0.997709,0.760669,1,0,1,0,1,"[1]","[1]","[43685.1]","[0.931836]","[-1.39808]","[64064.2]","[36.1581]","[-1]","[13]","[1]","[0]","[-1165.87]","[0.00831879]","[1.07859]",100755,2.18627,3,"[257476,62978.5,21822.2]","[0.295225,2.31976,0.100436]","[-1.21777,0.0130695,-0.563831]","[270386,323614,22448.9]","[1,0.0061789,0.994001]","[0,0,0]","[0,0,0]","[0.423914,-0.743035,0.169703]",0,"[]","[]","[]","[]","[]","[]","[]","[]","[]","[]",1,"[263030]","[0.267704]","[-1.21182]","[274343]","[31650]","[0]","[2.06026]","[0.56436]",0,"[]","[]","[]","[]","[]","[]","[]","[]","[]","[]",0,"[178.181]",15609.9,"[3143.45,40860.4,1756.88]","[]","[7859.39]","[]"
91,284500,8501919,364160,-1,225.007,3.69389e+06,0.923924,1,0.993926,1,1,0.998448,0.875311,1,0,1,0,1,"[1]","[1]","[47421.6]","[-0.357052]","[2.74736]","[50476.8]","[11.0586]","[-1]","[13]","[1]","[0]","[522.87]","[0.0121876]","[1.82354]",58332.2,-0.493349,3,"[350926,299298,99709]","[2.10437,0.373842,1.79959]","[-2.14376,0.764284,1.92557]","[1.46129e+06,321980,309836]","[0.996444,1,1]","[0,0,0]","[0,0,0]","[-0.784801,-0.947745,-0.804895]",0,"[]","[]","[]","[]","[]","[]","[]","[]","[]","[]",1,"[314561]","[0.360249]","[0.759646]","[337193]","[36660.8]","[0]","[1.39226]","[0.435722]",0,"[]","[]","[]","[]","[]","[]","[]","[]","[]","[]",0,"[303.789]",6095.97,"[6250.75,8584.96,5727.47]","[]","[2546.78]","[]"
92,284500,8386211,364160,1,225.007,3.69389e+06,1.25133,1,0.996986,1,1,0.980573,0.950861,1,0,1,0,1,"[1]","[1]","[36266.9]","[0.651978]","[0.925171]","[44252.1]","[-0.00419235]","[-1]","[13]","[1]","[0]","[254.599]","[-0.000900574]","[0.117172]",49814.1,-3.14117,3,"[361024,348967,27507.3]","[0.448921,-0.892475,1.99079]","[-1.16922,1.92411,-0.907073]","[400518,498397,102598]","[0.998695,1,0.988065]","[0,0,4]","[0,0,0]","[-0.939258,-0.803891,0.0915997]",0,"[]","[]","[]","[]","[]","[]","[]","[]","[]","[]",2,"[353728,353456]","[0.434698,-0.905977]","[-1.16775,1.92745]","[391046,509215]","[51210.5,22643.8]","[0,0]","[1.56013,1.93873]","[0.629798,0.622129]",0,"[]","[]","[]","[]","[]","[]","[]","[]","[]","[]",0,"[172.449]",4393.93,"[8257.8,4647.34,1420.35]","[]","[25205,22261.1]","[]"
93,284500,2798749,364160,1,225.007,3.69389e+06,0.923924,1,0.996986,1,1,0.953575,0.950861,1,0,1,0,1,"[1]","[1]","[53079.4]","[0.513121]","[0.660122]","[60221.9]","[51.4697]","[1]","[13]","[1]","[0]","[-251.013]","[0.0234368]","[3.53975]",69637,-2.73995,3,"[304438,254555,39869.8]","[1.89309,-0.273017,1.55583]","[1.4355,-1.4969,-1.97144]","[1.03372e+06,265908,98931.3]","[1,0.99919,0.990522]","[0,4,0]","[0,0,0]","[-0.840088,-0.975582,-0.863538]",0,"[]","[]","[]","[]","[]","[]","[]","[]","[]","[]",1,"[317441]","[1.88044]","[1.43682]","[1.06491e+06]","[11498.6]","[0]","[5.3437]","[0.350305]",0,"[]","[]","[]","[]","[]","[]","[]","[]","[]","[]",0,"[148.107]",483.477,"[9876.49,6232.55,3923.83]","[]","[11776.6]","[]"
94,284500,7137140,364160,1,225.007,3.69389e+06,0.619412,1,0.997392,1,1,0.993103,0.923452,1,0,1,0,1,"[0]","[1]","[38178.2]","[0.558968]","[1.16784]","[44299.5]","[-0.0141935]","[1]","[13]","[1]","[0]","[-550.36]","[0.0281512]","[3.15359]",38570.1,1.67329,6,"[264058,117472,50097.5,28512,26734.2,25907.9]","[-1.97984,-1.26891,2.24525,-2.04306,-1.45163,0.324312]","[-0.792676,2.85727,1.61819,2.47452,2.14103,2.84037]","[974412,225566,239289,111906,60289.8,27913.9]","[1,0.979994,0.999727,0.922838,0.979417,0.984689]","[0,0,0,0,0,0]","[0,0,0,0,0,0]","[0.695743,0.743608,-0.720608,-0.874431,-0.360741,-0.896788]",0,"[]","[]","[]","[]","[]","[]","[]","[]","[]","[]",1,"[257213]","[-1.9804]","[-0.796606]","[949613]","[7007.78]","[0]","[5.77636]","[0.468409]",0,"[]","[]","[]","[]","[]","[]","[]","[]","[]","[]",0,"[305.864]",21850,"[21876.7,3649.4,2436.01,2082.18,2403.67,1739.8]","[]","[5647.03]","[]"
95,284500,2925726,364160,1,225.007,3.69389e+06,1.25133,1,0.998852,1,1,0.956334,1.05401,1,0,1,0,1,"[1]","[1]","[46890.5]","[-0.855502]","[-0.183102]","[65122.2]","[0.052494]","[1]","[13]","[1]","[0]","[-13.9277]","[-0.00555818]","[0.608649]",155491,-0.342263,5,"[276156,114276,55731.2,22814.6,21391.4]","[-1.21209,0.73856,-1.37369,-0.138231,0.992212]","[2.53169,-0.660981,-0.0755865,3.12948,2.14229]","[507283,147463,117273,23152.6,33159.1]","[0.980945,0.992666,0.966004,1,0.629631]","[4,0,0,0,0]","[0,0,0,0,0]","[-0.696338,-0.590244,-0.89103,-0.918814,0.43532]",0,"[]","[]","[]","[]","[]","[]","[]","[]","[]","[]",1,"[283898]","[-1.23341]","[2.51948]","[531155]","[51556.3]","[0]","[1.60895]","[0.721692]",0,"[]","[]","[]","[]","[]","[]","[]","[]","[]","[]",0,"[84.687]",19110.9,"[5967.35,5004.53,4430.08,3324.06,1149.58]","[]","[5744.94]","[]"
96,284500,9914360,364160,-1,225.007,3.69389e+06,1.32095,1,1.0011,1,1,0.975374,0.994389,1,0,1,0,1,"[1]","[1]","[65912.1]","[1.55412]","[-1.2403]","[162879]","[-109.734]","[1]","[13]","[1]","[0]","[2206.98]","[0.00431314]","[0.699891]",50469.8,1.73144,5,"[320145,199167,88144.9,32600.1,22028.4]","[-0.255933,-1.51592,1.2741,-2.29826,1.36233]","[2.0916,-1.09334,-0.918646,-0.902809,-1.69525]","[331925,475903,170230,164062,46006.1]","[0.99,0.464993,1,0.85745,0.602708]","[0,0,0,4,0]","[0,0,0,0,0]","[-0.480456,-0.915563,-0.931061,-0.854906,-0.249676]",0,"[]","[]","[]","[]","[]","[]","[]","[]","[]","[]",1,"[339264]","[-0.251633]","[2.05741]","[353098]","[46199.5]","[0]","[2.56355]","[0.83818]",0,"[]","[]","[]","[]","[]","[]","[]","[]","[]","[]",0,"[1215.77]",54734.5,"[13171.1,22014.5,4908.49,2671.87,1360.06]","[]","[13951.6]","[]"
97,284500,6840526,364160,1,225.007,3.69389e+06,1.26205,1,0.99752,1,1,0.994472,0.989879,1,0,1,0,1,"[0]","[1]","[33259.5]","[2.10173]","[-1.35103]","[138069]","[-0.0377369]","[-1]","[13]","[1]","[0]","[-368.42]","[0.00403452]","[0.411992]",43908.5,-0.76446,6,"[371828,146366,105218,40853.2,22580.3,20881.5]","[1.35338,1.60033,-0.620481,1.14893,1.94935,-0.543497]","[2.15037,-0.715093,-1.10505,-0.585627,-0.210041,-2.54549]","[768471,378919,126447,71273.9,80964,24187.7]","[0.997134,0.999818,0.995705,0.955464,0.988861,0.990672]","[0,0,0,0,0,0]","[0,0,0,0,0,0]","[-0.947394,-0.909433,-0.639193,-0.94546,-0.522458,-0.921801]",0,"[]","[]","[]","[]","[]","[]","[]","[]","[]","[]",1,"[369639]","[1.35644]","[2.15039]","[765741]","[30438.8]","[0]","[1.87987]","[0.793554]",0,"[]","[]","[]","[]","[]","[]","[]","[]","[]","[]",0,"[680.35]",12829.1,"[4834.48,9602.94,6063.8,6656.76,3615.52,1164.21]","[]","[8677.75]","[]"
98,284500,6343935,364160,1,225.007,3.69389e+06,1.25133,1,0.993424,1,1,1.16396,0.750637,1,0,1,0,1,"[1]","[1]","[74450.4]","[0.507904]","[2.48723]","[84261.5]","[-0.0277519]","[1]","[13]","[1]","[0]","[-401.86]","[-0.00313004]","[0.452679]",10495.3,-0.164397,5,"[225835,163884,104887,26766.5,25154]","[-0.177352,-0.349871,0.126198,-1.38945,0.579722]","[2.00197,-1.21707,-0.895348,-0.219236,-1.46219]","[232479,175970,107328,57441.7,29915.7]","[0,0.00266285,0.0191108,0.975731,0.85446]","[0,0,0,0,4]","[0,0,0,0,0]","[0.933534,-0.0805935,-0.767006,-0.949563,-0.791784]",0,"[]","[]","[]","[]","[]","[]","[]","[]","[]","[]",1,"[257323]","[-0.186591]","[1.99864]","[266073]","[47406.3]","[0]","[1.06972]","[0.658561]",0,"[]","[]","[]","[]","[]","[]","[]","[]","[]","[]",0,"[846.578]",6695.69,"[13424.6,4421.37,2510.01,5587.24,1536.9]","[]","[12493.5]","[]"
99,284500,2232726,364160,-1,225.007,3.69389e+06,1.25133,1,0.996229,1,1,0.996153,0.856332,1,0,1,0,1,"[1]","[1]","[68053]","[-0.59738]","[2.32807]","[80561.3]","[14.7509]","[-1]","[13]","[1]","[0]","[1429.69]","[0.0296528]","[5.47759]",51714.2,-2.75632,6,"[331419,267995,86340.6,82604.7,81597.6,35689.4]","[-0.487862,0.0390804,1.58943,0.470203,0.446265,1.87176]","[-0.0458736,-3.09854,1.38705,-0.497404,-2.17296,2.77873]","[372224,268677,220945,92641.1,90962,118840]","[0.990502,0.400235,0.996246,0.0024537,0.999831,1]","[0,0,0,0,0,0]","[0,0,0,0,0,0]","[-0.952095,-0.872501,-0.919709,-0.782325,-0.933456,-0.808198]",0,"[]","[]","[]","[]","[]","[]","[]","[]","[]","[]",2,"[329826,292181]","[-0.488556,0.120191]","[-0.0495208,-2.96049]","[370146,317281]","[11147.2,118567]","[0,0]","[2.01175,0.668083]","[-1,0.67374]",0,"[]","[]","[]","[]","[]","[]","[]","[]","[]","[]",0,"[512.012]",3403.53,"[4206.82,5176.29,3767.36,4489.76,2820.27,3250.44]","[]","[8588.44,12986.4]","[]"
100,284500,7691542,364160,-1,225.007,3.69389e+06,1.25133,1,0.997041,1,1,0.956609,0.843175,1,0,1,0,1,"[1]","[1]","[84120.4]","[-0.623206]","[2.29997]","[100992]","[-0.0594921]","[1]","[13]","[1]","[0]","[-688.593]","[-0.00290986]","[0.529439]",74341,-2.96795,4,"[255084,226409,82763.6,70879.8]","[1.44173,-2.35182,-1.78301,1.27233]","[-0.270898,3.1065,-0.638713,1.06718]","[569750,1.20011e+06,253274,137175]","[0.221632,0.136715,0.993904,0.206505]","[0,0,4,0]","[0,0,0,0]","[-0.963284,-0.824213,-0.667677,-0.856545]",0,"[]","[]","[]","[]","[]","[]","[]","[]","[]","[]",1,"[276446]","[1.51383]","[-0.278299]","[660444]","[50393.5]","[0]","[1.56054]","[0.772273]",0,"[]","[]","[]","[]","[]","[]","[]","[]","[]","[]",0,"[892.349]",14705.7,"[3823.94,11035.3,8077.82,2837.8]","[]","[20776.3]","[]"
101,284500,8612118,364160,1,225.007,3.69389e+06,0.738662,1,0.998955,1,1,0.960633,0.989061,1,0,1,0,1,"[1]","[1]","[66670.8]","[2.19006]","[-0.507924]","[301609]","[-0.105946]","[-1]","[13]","[1]","[0]","[-60.8775]","[-0.00985957]","[1.19162]",63314.9,-1.58772,2,"[328618,214287]","[0.991045,1.47193]","[2.35954,-0.748443]","[503941,491839]","[1,0.988397]","[0,4]","[0,0]","[0.785582,0.398919]",0,"[]","[]","[]","[]","[]","[]","[]","[]","[]","[]",1,"[323157]","[0.987577]","[2.35181]","[494248]","[16333.6]","[0]","[2.73229]","[0.463282]",0,"[]","[]","[]","[]","[]","[]","[]","[]","[]","[]",0,"[2119.37]",16389.8,"[7441.55,8372.33]","[]","[11555.1]","[]"
102,284500,5346095,364160,1,225.007,3.69389e+06,1.21412,1,0.999887,1,1,0.998286,0.694705,1,0,1,0,1,"[1]","[1]","[46044]","[-0.720478]","[1.78091]","[58520.5]","[-16.7055]","[-1]","[13]","[1]","[1101.47]","[905.611]","[0.00657589]","[1.03452]",72676.6,-1.94647,3,"[239299,234707,38815.3]","[-0.514976,2.19135,0.261955]","[0.468791,-2.78908,-0.290634]","[274164,1.06326e+06,40791.4]","[0.999131,0.985926,0.973701]","[0,0,0]","[0,0,0]","[-0.798368,-0.939044,-0.91821]",0,"[]","[]","[]","[]","[]","[]","[]","[]","[]","[]",1,"[250405]","[-0.569617]","[0.478722]","[293731]","[30534.8]","[0]","[1.62795]","[0.530868]",0,"[]","[]","[]","[]","[]","[]","[]","[]","[]","[]",0,"[151.718]",442.125,"[2934.32,4465.78,21813.1]","[]","[0]","[]"
103,284500,3420174,364160,-1,225.007,3.69389e+06,0.619412,1,0.995802,1,1,0.996734,0.979151,1,0,1,0,2,"[1,0]","[1,0]","[25614.7,16789.3]","[2.10977,-1.14222]","[-0.892684,-1.10394]","[107167,28985.4]","[35.2781,35.3476]","[-1,1]","[13,13]","[1,1]","[0,0]","[1445.28,-876.562]","[-0.0199511,-0.0232991]","[1.81051,2.18774]",17370.7,1.4458,4,"[204902,116521,97741,89920]","[1.02449,1.89189,0.548073,0.115269]","[1.80938,-1.31137,-1.15087,2.15089]","[323542,395632,113470,92189.5]","[0.989696,0.995301,0.994963,0.963737]","[0,0,0,0]","[0,0,0,0]","[-0.937381,-0.93639,-0.926648,-0.880131]",0,"[]","[]","[]","[]","[]","[]","[]","[]","[]","[]",1,"[272568]","[0.837806]","[1.89369]","[401465]","[146050]","[0]","[1.2016]","[0.828671]",0,"[]","[]","[]","[]","[]","[]","[]","[]","[]","[]",0,"[110.697,67.1946]",9677.58,"[6390.15,4610.45,4137.73,9981.18]","[]","[5183.41]","[]"
104,284500,5353086,364160,2.806,225.007,3.69389e+06,0.923924,1,0.998203,1,1,0.979231,0.922077,1,0,1,0,1,"[1]","[1]","[25735.5]","[-0.0651964]","[-0.448211]","[25790.4]","[0.0307198]","[1]","[13]","[1]","[0]","[1038.46]","[-0.0214575]","[1.97844]",70228.7,-0.868693,5,"[150705,136804,80310.4,76706.5,28238.5]","[0.402953,-0.13924,1.14186,-0.11253,2.14116]","[2.21576,-1.73739,2.67266,2.37985,0.812224]","[163416,138510,139637,78293.5,122011]","[0.125437,0,0,0.966992,0.868582]","[0,0,0,0,4]","[0,0,0,0,0]","[-0.765152,-0.749689,-0.786275,-0.947382,-0.151547]",0,"[]","[]","[]","[]","[]","[]","[]","[]","[]","[]",1,"[311620]","[0.496722]","[2.36538]","[379088]","[143541]","[0]","[1.42413]","[0.478184]",0,"[]","[]","[]","[]","[]","[]","[]","[]","[]","[]",0,"[67.8102]",5663.06,"[7727.91,3496.85,11031.3,8175.3,4613]","[]","[3694.5]","[]"
105,284500,8071321,364160,1,225.007,3.69389e+06,0.619412,1,0.998799,1,1,0.996786,0.961178,1,0,1,0,1,"[1]","[1]","[52722.3]","[1.49994]","[-2.51873]","[124017]","[-0.0455065]","[-1]","[13]","[1]","[0]","[22.4164]","[0.00315981]","[0.429736]",148726,-2.02347,5,"[293131,178609,120484,63995.4,35593.8]","[-1.38089,1.39096,0.929181,0.308511,-0.23955]","[2.09381,-1.23942,0.147413,0.441789,1.22141]","[620630,381818,176612,67590.4,37690.8]","[0,0.229561,0,1,0.95517]","[0,0,0,0,0]","[0,0,0,0,0]","[-0.795829,-0.897001,-0.759745,-0.74296,-0.874677]",0,"[]","[]","[]","[]","[]","[]","[]","[]","[]","[]",1,"[276876]","[-1.3759]","[2.08491]","[583452]","[23035.2]","[0]","[2.13435]","[0.72631]",0,"[]","[]","[]","[]","[]","[]","[]","[]","[]","[]",0,"[497.159]",12437.4,"[11239.1,8436.74,2291.94,1840.21,2319.86]","[]","[8184.56]","[]"
106,284500,8668297,364160,1,225.007,3.69389e+06,1.21412,1,0.997364,1,1,0.996581,0.823896,1,0,1,0,1,"[1]","[1]","[79733.1]","[-0.523874]","[2.24375]","[90926.9]","[-0.0268936]","[1]","[13]","[1]","[0]","[-662.779]","[0.0165924]","[2.7486]",93799.1,1.52093,5,"[315759,151941,104271,72366.2,65719.9]","[-1.20702,0.525578,1.88356,-1.22105,0.572486]","[-1.47848,2.5457,-0.29401,0.934325,-0.85101]","[576313,173600,350877,133602,77694.7]","[0.926374,0,-0.1,0,0]","[0,0,0,0,0]","[0,0,0,0,0]","[-0.831474,-0.743859,-0.790216,-0.862699,-0.860571]",0,"[]","[]","[]","[]","[]","[]","[]","[]","[]","[]",1,"[303798]","[-1.2144]","[-1.46124]","[558358]","[42576.7]","[0]","[1.80049]","[0.754812]",0,"[]","[]","[]","[]","[]","[]","[]","[]","[]","[]",0,"[459.353]",15240.5,"[6097.82,4440.15,3262,6043.22,4799.01]","[]","[6243.38]","[]"
107,284500,8063555,364160,1,225.007,3.69389e+06,1.26459,1,0.995111,1,1,0.958639,0.997038,1,0,1,0,1,"[1]","[1]","[110001]","[2.1706]","[0.691285]","[488277]","[-60.2327]","[1]","[13]","[1]","[0]","[370.344]","[-0.00441133]","[0.754612]",57063.2,-0.527215,5,"[254118,232080,144667,112664,21741.9]","[-0.641159,-1.08584,-2.18194,2.13507,-0.092563]","[0.164361,-2.42917,2.21048,-2.63621,-2.78975]","[310098,383149,649364,483181,22132.6]","[0.99964,0.991575,0.992327,0,0.802078]","[0,0,0,4,0]","[0,0,0,0,0]","[-0.822001,-0.907974,-0.813969,-0.782763,-0.813034]",0,"[]","[]","[]","[]","[]","[]","[]","[]","[]","[]",1,"[279613]","[-0.585632]","[0.166949]","[330350]","[30415.5]","[0]","[1.59155]","[0.69507]",0,"[]","[]","[]","[]","[]","[]","[]","[]","[]","[]",0,"[7197.61]",8266.42,"[7659.55,4486.13,4744.1,1919.01,2248.14]","[]","[24041.2]","[]"
108,284500,4380789,364160,1,225.007,3.69389e+06,0.696077,1,0.999887,1,1,0.996883,0.861943,1,0,1,0,1,"[1]","[1]","[60759.8]","[-0.936222]","[1.58334]","[89390.9]","[-0.0219154]","[1]","[13]","[1]","[0]","[858.689]","[-0.0289169]","[3.75964]",113649,2.17922,3,"[132291,127249,120426]","[-0.0724345,1.85751,-0.230686]","[-1.32098,-2.26503,-1.81587]","[132909,417862,125071]","[0.993974,0.979065,0.00953088]","[0,0,0]","[0,0,0]","[-0.939707,0.77285,0.599333]",0,"[]","[]","[]","[]","[]","[]","[]","[]","[]","[]",1,"[270600]","[-0.148336]","[-1.5558]","[276173]","[37738]","[0]","[0.926267]","[0.785313]",0,"[]","[]","[]","[]","[]","[]","[]","[]","[]","[]",0,"[229.602]",1002.12,"[5669.32,3944.18,4784.3]","[]","[8476.19]","[]"
109,284500,4844122,364160,1,225.007,3.69389e+06,0.738662,1,0.996703,1,1,0.995008,0.799462,1,0,1,0,1,"[0]","[1]","[153597]","[0.497607]","[0.203662]","[173009]","[-0.00657654]","[1]","[13]","[1]","[0]","[-971.891]","[-0.0107522]","[1.98269]",67073.3,0.134561,6,"[380205,44711.7,33589,26856.6,22548.2,22385.3]","[0.265364,-0.502117,0.608237,1.05841,-2.14005,0.934102]","[-2.81082,0.878877,-2.16794,-1.78993,-2.50654,1.60488]","[396427,50610.9,40639.6,43569.1,97214,33152.4]","[0.99821,0.983899,0.949907,0.936156,0.999461,0.96779]","[0,0,0,0,0,0]","[0,0,0,0,0,0]","[-0.932107,-0.897241,-0.900206,-0.938249,-0.579961,-0.815956]",0,"[]","[]","[]","[]","[]","[]","[]","[]","[]","[]",1,"[404212]","[0.240764]","[-2.80958]","[420491]","[61402.5]","[0]","[1.69178]","[0.746384]",0,"[]","[]","[]","[]","[]","[]","[]","[]","[]","[]",0,"[4595.28]",2710.16,"[10389.5,1977.4,1916.36,4339.24,2069.24,1634.96]","[]","[23119.3]","[]"
110,284500,1891929,364160,1,225.007,3.69389e+06,1.32095,1,0.987776,1,1,0.959586,0.839179,1,0,1,0,1,"[1]","[1]","[54275.2]","[0.86659]","[-1.86448]","[75962.7]","[38.2118]","[1]","[13]","[0]","[1664.54]","[-756.627]","[0.0170999]","[1.94264]",38160.5,-0.711788,2,"[378968,289723]","[0.717631,1.43509]","[1.75341,-1.36652]","[482464,643217]","[0.930286,0.990812]","[4,0]","[0,0]","[-0.858433,-0.937428]",0,"[]","[]","[]","[]","[]","[]","[]","[]","[]","[]",2,"[381875,259503]","[0.719203,1.43999]","[1.74503,-1.37301]","[486543,578504]","[39109.1,11955]","[0,0]","[1.83821,2.64453]","[0.646142,0.609304]",0,"[]","[]","[]","[]","[]","[]","[]","[]","[]","[]",0,"[114.872]",14654,"[5103.14,14413.1]","[]","[3570.84,8253.45]","[]"
111,284500,4819283,364160,0.0213143,225.007,3.69389e+06,1.32095,1,0.995034,1,1,0.997616,0.94462,1,0,1,0,1,"[1]","[1]","[40017.1]","[-0.0360687]","[2.09234]","[40043.3]","[-30.388]","[1]","[13]","[1]","[0]","[-845.019]","[0.000188226]","[0.0293516]",71434.8,-0.80001,3,"[319431,274890,32204.2]","[-1.67455,-0.799372,1.78056]","[-2.65694,0.428495,1.98822]","[884478,368001,98418.3]","[1,0.998331,0.980492]","[0,0,0]","[0,0,0]","[-0.555403,-0.782252,0.0209779]",0,"[]","[]","[]","[]","[]","[]","[]","[]","[]","[]",2,"[322192,289883]","[-1.68157,-0.821693]","[-2.65626,0.426886]","[898110,393828]","[65740.9,18872.9]","[0,0]","[1.23524,1.66457]","[0.825588,0.432102]",0,"[]","[]","[]","[]","[]","[]","[]","[]","[]","[]",0,"[40.9565]",203.844,"[6984.41,5342.12,2696.08]","[]","[7160.09,1931.66]","[]"
112,284500,2964868,364160,1,225.007,3.69389e+06,0.619412,1,1.00043,1,1,0.931802,1.00547,1,0,1,0,1,"[0]","[1]","[156893]","[-1.32715]","[1.30568]","[316571]","[-0.00784683]","[1]","[13]","[1]","[0]","[-1021.34]","[-0.0133709]","[2.07466]",97359.3,0.159901,6,"[498904,169916,159031,74633.4,22407.2,21627.7]","[-0.358974,2.46365,-0.730038,0.66221,2.31705,-1.75277]","[-2.1982,0.861953,1.66059,-0.310487,-1.28654,-2.96921]","[532222,1.00539e+06,205063,92864,114857,64414]","[0.997439,0.762851,0.997731,0.997048,0.924741,0.994475]","[4,4,0,0,0,0]","[0,0,0,0,0,0]","[-0.933386,0.318486,-0.939972,-0.829141,-0.881881,-0.843279]",0,"[]","[]","[]","[]","[]","[]","[]","[]","[]","[]",1,"[508208]","[-0.342282]","[-2.19666]","[539062]","[29218.2]","[0]","[2.65521]","[0.396396]",0,"[]","[]","[]","[]","[]","[]","[]","[]","[]","[]",0,"[6082.94]",4204,"[11462.2,4080.69,2588.08,7415.57,7104.05,1595.47]","[]","[16295]","[]"
113,284500,7584056,364160,1,225.007,3.69389e+06,1.26205,1,0.999206,1,1,0.99506,0.999701,1,0,1,0,1,"[0]","[1]","[33852.5]","[2.10139]","[-1.34427]","[140485]","[-0.088829]","[-1]","[13]","[1]","[0]","[-208.84]","[-0.0242452]","[2.39497]",84355.4,-0.83468,5,"[380517,173018,101238,33832.2,22681.7]","[1.35747,1.51225,-0.616291,-0.535643,1.83966]","[2.1594,-0.651135,-1.10075,-2.59695,-0.169843]","[788729,413500,121460,39242.2,73362.7]","[1,0.994828,1,0.988479,0.996105]","[0,0,0,0,0]","[0,0,0,0,0]","[-0.921547,-0.698968,-0.930854,-0.0741974,-0.0358396]",0,"[]","[]","[]","[]","[]","[]","[]","[]","[]","[]",1,"[374537]","[1.33158]","[2.15999]","[758904]","[20056]","[0]","[2.60588]","[0.706318]",0,"[]","[]","[]","[]","[]","[]","[]","[]","[]","[]",0,"[413.587]",10916.4,"[7006.98,2916.89,2210.7,2372.63,1589.11]","[]","[10061.4]","[]"
114,284500,9423932,364160,-1,225.007,3.69389e+06,1.21412,1,0.993566,1,1,0.996175,0.965041,1,0,1,0,1,"[1]","[1]","[77665]","[-1.6177]","[-0.82986]","[203477]","[0.0532894]","[-1]","[13]","[1]","[1074.39]","[827.382]","[-0.0225683]","[3.45103]",166583,-1.98711,5,"[232295,130664,96300,84018,20998.5]","[0.168847,-1.82642,-0.504263,-0.40696,0.101362]","[1.87348,-0.242438,1.96718,-1.88753,1.04113]","[236758,416573,109434,91624.7,21684.2]","[0,0.0182471,0.996454,0,0.73098]","[0,0,0,0,0]","[0,0,0,0,0]","[-0.967995,-0.809424,-0.948451,-0.69573,0.6037]",0,"[]","[]","[]","[]","[]","[]","[]","[]","[]","[]",1,"[317644]","[-0.0358386]","[1.8971]","[331158]","[92941.8]","[0]","[0.917949]","[0.788257]",0,"[]","[]","[]","[]","[]","[]","[]","[]","[]","[]",0,"[1633.74]",9247.06,"[5953.43,2930.58,5318.81,1897.71,39302.9]","[]","[6817.72]","[]"
115,284500,5624879,364160,1,225.007,3.69389e+06,1.26459,1,0.989255,1,1,0.996015,1.01606,1,0,1,0,1,"[1]","[1]","[38184.6]","[1.73802]","[-0.514152]","[111919]","[-0.0160942]","[1]","[13]","[1]","[0]","[1158.23]","[0.0212302]","[1.75663]",90374,0.019644,4,"[149861,127509,102681,26036.1]","[0.947292,0.928473,0.120608,-0.808881]","[2.95801,2.3125,-1.02526,0.926165]","[223910,186867,104466,35620.3]","[0.997176,0.966829,0.998739,0.660111]","[0,0,0,0]","[0,0,0,0]","[-0.253259,-0.865497,-0.902814,-0.910153]",0,"[]","[]","[]","[]","[]","[]","[]","[]","[]","[]",1,"[257247]","[0.995949]","[2.65311]","[401287]","[66545.2]","[0]","[0.896122]","[0.685504]",0,"[]","[]","[]","[]","[]","[]","[]","[]","[]","[]",0,"[109.279]",29439.2,"[5350.95,2431.11,4649.3,1735.18]","[]","[4362.22]","[]"
116,284500,6914862,364160,1,225.007,3.69389e+06,0.923924,1,0.996615,1,1,0.963558,0.926666,1,0,1,0,1,"[1]","[1]","[28540.7]","[-0.263417]","[-0.995769]","[29536.8]","[-46.3414]","[-1]","[13]","[1]","[0]","[500.583]","[-0.00611344]","[0.650258]",76980.8,0.428411,4,"[379597,249581,135707,69071]","[0.29184,-1.7656,-0.199544,-0.606301]","[-2.31939,1.16271,0.254042,3.0879]","[396996,750913,139130,82581.9]","[1,0.999581,0.999522,0]","[0,0,4,0]","[0,0,0,0]","[-0.880692,-0.922687,-0.850897,-0.855643]",0,"[]","[]","[]","[]","[]","[]","[]","[]","[]","[]",2,"[369826,267740]","[0.304569,-1.76175]","[-2.3201,1.16011]","[388106,802508]","[27750.1,8280.84]","[0,0]","[2.13746,0.628611]","[0.447265,0.275276]",0,"[]","[]","[]","[]","[]","[]","[]","[]","[]","[]",0,"[197.534]",12297.2,"[4284.42,13803.6,1442.57,3723.39]","[]","[2227.66,8928.03]","[]"
117,284500,2901627,364160,1,225.007,3.69389e+06,1.32095,1,0.999537,1,1,0.997442,0.962774,1,0,1,0,1,"[1]","[1]","[60438.1]","[2.44832]","[3.01039]","[352214]","[-18.7355]","[-1]","[13]","[1]","[0]","[-476.389]","[0.00785223]","[0.948738]",57849,0.0952302,4,"[204384,76085.4,61954.3,53180.9]","[-0.576227,1.41123,0.886975,-1.76896]","[-0.651051,2.62819,2.54462,2.22658]","[239710,165684,88526.3,160630]","[0.995469,0.998967,0.991922,0.98]","[0,0,0,0]","[0,0,0,0]","[-0.871477,-0.754431,-0.926739,-0.821443]",0,"[]","[]","[]","[]","[]","[]","[]","[]","[]","[]",1,"[259713]","[-0.480183]","[-0.566498]","[292215]","[33958.3]","[0]","[1.1056]","[0.736687]",0,"[]","[]","[]","[]","[]","[]","[]","[]","[]","[]",0,"[1450.72]",9292.24,"[7033.2,2309.71,3618.51,8419.47]","[]","[0]","[]"
118,284500,2279263,364160,1,225.007,3.69389e+06,1.1961,1,0.99768,1,1,1.54822,0.98498,1,0,1,0,1,"[1]","[1]","[66625.5]","[-1.38541]","[2.5421]","[141469]","[0.102283]","[-1]","[13]","[1]","[0]","[-723.169]","[0.0157387]","[2.26146]",118573,2.73839,4,"[379338,302121,59144.5,24320.8]","[1.42289,0.0161187,0.870848,0.503448]","[-0.452898,2.71001,-0.25127,0.149755]","[833028,302806,83634.4,27699.2]","[0.993926,0.999594,0.975345,0.998806]","[0,0,4,0]","[0,0,0,0]","[-0.754032,-0.522197,0.946427,-0.480082]",0,"[]","[]","[]","[]","[]","[]","[]","[]","[]","[]",2,"[399606,307736]","[1.3812,0.0178333]","[-0.42931,2.71082]","[847843,308290]","[64843.8,17653.5]","[0,0]","[2.1528,2.36493]","[0.637996,0.564133]",0,"[]","[]","[]","[]","[]","[]","[]","[]","[]","[]",0,"[319.877]",4460.47,"[5183.45,9024.9,6028.56,4800.38]","[]","[24996.9,21529.9]","[]"
119,284500,8216545,364160,1,225.007,3.69389e+06,1.1961,1,0.993604,1,1,0.954909,0.979059,1,0,1,0,1,"[1]","[1]","[58628.7]","[-0.606227]","[-2.70084]","[69736.1]","[38.2028]","[1]","[13]","[1]","[0]","[-874.697]","[-0.00981586]","[1.44984]",47819.7,0.101859,6,"[260005,141214,75343.4,72410,70816.6,37550.1]","[0.665279,0.88952,1.8482,1.65763,-0.974016,-0.221041]","[-0.137937,-3.0459,-2.3012,2.98539,0.866164,1.91179]","[320585,202483,245365,197230,107961,38979.3]","[0.998592,0.994581,0.988958,0.99155,0.0066285,0.911956]","[0,0,4,0,0,0]","[0,0,0,0,0,0]","[-0.868462,-0.0719413,-0.672461,-0.403542,-0.937636,-0.973152]",0,"[]","[]","[]","[]","[]","[]","[]","[]","[]","[]",1,"[270051]","[0.666908]","[-0.133976]","[333068]","[21625.5]","[0]","[1.81792]","[0.637729]",0,"[]","[]","[]","[]","[]","[]","[]","[]","[]","[]",0,"[185.393]",14740.5,"[3002.5,2382.22,9683.89,6085.49,2699.15,2868.84]","[]","[5416.22]","[]"
120,284500,8652932,364160,-1,225.007,3.69389e+06,1.25133,1,0.992404,1,1,0.959919,0.901612,1,0,1,0,1,"[1]","[1]","[105159]","[0.28055]","[0.370653]","[109324]","[-0.0270882]","[-1]","[13]","[1]","[0]","[-1272.55]","[0.00536243]","[0.882246]",56383.7,-1.53957,2,"[172840,94571.1]","[-0.339406,1.84682]","[-2.90036,0.599024]","[185570,307472]","[0.980542,0.00285583]","[4,0]","[0,0]","[-0.862678,-0.7323]",0,"[]","[]","[]","[]","[]","[]","[]","[]","[]","[]",1,"[265032]","[-0.130478]","[-2.80912]","[279418]","[81424.9]","[0]","[1.7648]","[0.705461]",0,"[]","[]","[]","[]","[]","[]","[]","[]","[]","[]",0,"[2567.72]",8719.76,"[6865.38,7164.76]","[]","[11028.2]","[]"
121,284500,5120624,364160,1,225.007,3.69389e+06,0,1,0.996853,1,1,0.954218,0.965755,1,0,1,0,1,"[1]","[1]","[60846.6]","[0.499278]","[-2.36889]","[68589.4]","[33.7186]","[-1]","[13]","[1]","[0]","[1375.59]","[0.00997287]","[1.33946]",73421.4,-0.937188,4,"[496544,427657,93095.3,59235.3]","[1.06834,-0.485868,1.72495,1.15447]","[1.92787,-1.41883,1.30974,-0.548451]","[808863,481710,269666,104092]","[0.999046,0.994712,0,0.998583]","[0,0,4,0]","[0,0,0,0]","[-0.945892,-0.971592,-0.757078,-0.919033]",0,"[]","[]","[]","[]","[]","[]","[]","[]","[]","[]",2,"[574825,422274]","[1.21037,-0.512701]","[1.84517,-1.41928]","[1.06668e+06,480625]","[188659,39490.2]","[0,0]","[1.32426,1.72306]","[0.756712,0.786171]",0,"[]","[]","[]","[]","[]","[]","[]","[]","[]","[]",0,"[382.513]",2433.77,"[11140.5,7809.36,1630.72,4111.78]","[]","[43115.4,3735.62]","[]"
122,284500,6072227,364160,-1.20697,225.007,3.69389e+06,1.32095,1,0.995372,1,1,0.993204,0.857717,1,0,1,0,1,"[1]","[1]","[47589.7]","[-0.908477]","[-1.76772]","[68616.8]","[-123.455]","[-1]","[13]","[1]","[0]","[3111.93]","[0.00542268]","[0.784979]",27081.1,1.65895,6,"[240642,200916,27074.4,23593.1,23265.7,23083.6]","[-1.48081,1.0633,2.01747,0.965277,2.41635,-0.403038]","[-2.71293,0.601091,-0.713587,1.2591,-1.38197,0.788147]","[556971,326390,103737,35893.7,131478,25276.7]","[0.993609,0.994737,1,0.851286,0.99269,0.99]","[0,0,0,0,0,0]","[0,0,0,0,0,0]","[-0.868679,-0.847073,-0.915799,-0.697433,-0.8146,-0.897417]",0,"[]","[]","[]","[]","[]","[]","[]","[]","[]","[]",1,"[259531]","[-1.62474]","[-2.74851]","[686583]","[54849.6]","[0]","[1.88133]","[0.811578]",0,"[]","[]","[]","[]","[]","[]","[]","[]","[]","[]",0,"[187.189]",4506.3,"[3484.6,5007.75,2821.13,1736.64,1811.03,3074.6]","[]","[75.3594]","[]"
123,284500,6281048,364160,-1,225.007,3.69389e+06,0.738662,1,0.993432,1,1,0.958393,0.935601,1,0,1,0,1,"[1]","[1]","[32517.4]","[0.205246]","[-0.113132]","[33204.9]","[-0.00533295]","[1]","[13]","[1]","[0]","[-27.3076]","[0.018058]","[1.525]",91577.1,-0.807607,3,"[230388,106348,20916.7]","[1.14752,-1.85754,1.00624]","[2.26692,-1.22497,-0.447177]","[399704,349148,32578.4]","[0.985541,0.990055,0.989408]","[0,4,0]","[0,0,0]","[-0.908251,0.122679,-0.88236]",0,"[]","[]","[]","[]","[]","[]","[]","[]","[]","[]",1,"[251214]","[1.1365]","[2.26166]","[431743]","[7177.82]","[0]","[1.46801]","[0.337718]",0,"[]","[]","[]","[]","[]","[]","[]","[]","[]","[]",0,"[199.059]",8311.31,"[10598.9,2952.84,1154.93]","[]","[5315.55]","[]"
124,284500,6868817,364160,1,225.007,3.69389e+06,1.1961,1,0.999544,1,1,0.932181,0.984797,1,0,1,0,1,"[1]","[1]","[35786.4]","[2.00744]","[-2.80478]","[135605]","[0.057991]","[-1]","[13]","[1]","[0]","[-522.086]","[-0.0200118]","[1.84117]",34813.9,-0.512029,3,"[236144,215784,25728.1]","[0.984564,-2.3874,1.23043]","[1.98181,-1.06641,0.622061]","[361412,1.18442e+06,48082.2]","[1,0.998837,0.998947]","[4,4,0]","[0,0,0]","[0.80576,-0.628616,-0.886927]",0,"[]","[]","[]","[]","[]","[]","[]","[]","[]","[]",1,"[267338]","[0.969326]","[1.98993]","[403998]","[27225.6]","[0]","[1.89069]","[0.645061]",0,"[]","[]","[]","[]","[]","[]","[]","[]","[]","[]",0,"[221.968]",6069.36,"[8455.22,5168.17,2944.01]","[]","[0]","[]"
