event,runNumber,eventNumber,channelNumber,mcWeight,XSection,SumWeights,scaleFactor_PILEUP,scaleFactor_ELE,scaleFactor_MUON,scaleFactor_PHOTON,scaleFactor_TAU,scaleFactor_BTAG,scaleFactor_LepTRIGGER,scaleFactor_PhotonTRIGGER,trigE,trigM,trigP,lep_n,lep_truthMatched,lep_trigMatched,lep_pt,lep_eta,lep_phi,lep_E,lep_z0,lep_charge,lep_type,lep_isTightID,lep_ptcone30,lep_etcone20,lep_trackd0pvunbiased,lep_tracksigd0pvunbiased,met_et,met_phi,jet_n,jet_pt,jet_eta,jet_phi,jet_E,jet_jvt,jet_trueflav,jet_truthMatched,jet_MV2c10,photon_n,photon_truthMatched,photon_trigMatched,photon_pt,photon_eta,photon_phi,photon_E,photon_isTightID,photon_ptcone30,photon_etcone20,photon_convType,largeRjet_n,largeRjet_pt,largeRjet_eta,largeRjet_phi,largeRjet_E,largeRjet_m,largeRjet_truthMatched,largeRjet_D2,largeRjet_tau32,tau_n,tau_pt,tau_eta,tau_phi,tau_E,tau_charge,tau_isTightID,tau_truthMatched,tau_trigMatched,tau_nTracks,tau_BDTid,ditau_m,lep_pt_syst,met_et_syst,jet_pt_syst,photon_pt_syst,largeRjet_pt_syst,tau_pt_syst
0,284500,176972,364159,1,617.44,5.4184e+06,0.351687,1,0.99524,1,1,0.998263,0.994205,1,0,1,0,1,"[1]","[1]","[59319.8]","[1.33901]","[3.00829]","[120935]","[0.0371094]","[-1]","[13]","[1]","[1002.71]","[-1041.13]","[0.021008]","[2.85123]",22627.7,2.62111,3,"[262802,232592,85818.7]","[-0.571635,-1.8798,1.39136]","[1.12367,-2.06295,-0.582825]","[308288,779983,183333]","[0,0.0432678,0.995349]","[0,0,0]","[0,0,0]","[-0.788252,-0.762048,-0.918314]",0,"[]","[]","[]","[]","[]","[]","[]","[]","[]","[]",1,"[251980]","[-0.5839]","[1.12738]","[296962]","[21682.8]","[0]","[1.61678]","[0.774078]",0,"[]","[]","[]","[]","[]","[]","[]","[]","[]","[]",0,"[612.877]",1578.89,"[7701.16,8417.69,2946.24]","[]","[0]","[]"
1,284500,36920,364159,-1,617.44,5.4184e+06,1.1961,1,0.99322,1,1,0.998225,0.850749,1,0,1,0,1,"[1]","[1]","[56357.1]","[0.235434]","[-2.50017]","[57926.4]","[-112.703]","[1]","[13]","[1]","[0]","[-54.396]","[0.0177303]","[2.70288]",73821.1,0.612326,4,"[361988,343641,80065.9,58802.1]","[1.53659,-1.03741,0.603868,-0.444913]","[-1.98287,0.948424,-2.87396,1.05711]","[880786,546866,95596.2,65664.5]","[0.94026,0.997766,0.992185,0.996455]","[0,0,0,0]","[0,0,0,0]","[-0.833457,-0.49142,-0.852708,-0.750486]",0,"[]","[]","[]","[]","[]","[]","[]","[]","[]","[]",2,"[389182,359927]","[1.53123,-0.99995]","[-1.9844,0.964754]","[942329,561406]","[30271.2,82065.2]","[0,0]","[2.04371,2.13153]","[0.572105,0.746446]",0,"[]","[]","[]","[]","[]","[]","[]","[]","[]","[]",0,"[346.01]",23444.9,"[20915.2,4238.57,1962.15,4819.29]","[]","[23775.1,42278.8]","[]"
2,284500,9512427,364159,-1,617.44,5.4184e+06,0.619412,1,0.994161,1,1,0.997529,0.925018,1,0,1,0,1,"[1]","[1]","[41815]","[-0.173418]","[1.88927]","[42445.4]","[-108.406]","[-1]","[13]","[1]","[0]","[-867.127]","[0.00108883]","[0.172238]",36040.7,-0.87227,4,"[283615,280158,22918.2,21747.4]","[0.120544,2.28554,0.315956,1.03146]","[-0.841542,2.50155,-0.0606632,1.27652]","[286652,1.39153e+06,24729.1,34760.2]","[0.998683,0.999922,0.994227,0.936041]","[0,0,0,0]","[0,0,0,0]","[-0.715717,-0.703097,-0.577374,0.736138]",0,"[]","[]","[]","[]","[]","[]","[]","[]","[]","[]",1,"[275101]","[0.164165]","[-0.842354]","[279586]","[20729.9]","[0]","[2.30004]","[0.653844]",0,"[]","[]","[]","[]","[]","[]","[]","[]","[]","[]",0,"[37.5586]",20325.5,"[9666.85,5015.33,38158.8,3379.71]","[]","[2263.69]","[]"
3,284500,10373272,364159,1,617.44,5.4184e+06,1.25133,1,0.998472,1,1,0.99667,0.987081,1,0,1,0,1,"[1]","[1]","[31184.7]","[1.48343]","[0.882919]","[72269.1]","[101.655]","[1]","[13]","[1]","[0]","[-492.547]","[0.0188116]","[1.86881]",70986.7,-2.92834,5,"[218250,196320,76853.5,36576.5,24635.9]","[0.658226,2.34155,0.609275,-0.154265,-0.430894]","[0.351631,-2.92721,-0.276012,-2.23912,3.02787]","[271081,1.03047e+06,92195.1,37616.9,27577.3]","[0.982528,1,0.00476644,0.981493,0.972337]","[0,0,0,0,0]","[0,0,0,0,0]","[-0.900956,-0.53076,-0.779499,-0.914955,-0.103819]",0,"[]","[]","[]","[]","[]","[]","[]","[]","[]","[]",1,"[279838]","[0.674644]","[0.232845]","[354496]","[77260.5]","[0]","[1.3382]","[0.542976]",0,"[]","[]","[]","[]","[]","[]","[]","[]","[]","[]",0,"[137.834]",5102.91,"[3347.59,5961.64,4032.02,2239.57,2194.8]","[]","[4916.59]","[]"
4,284500,2462114,364159,-1,617.44,5.4184e+06,0.696077,1,1.00099,1,1,0.993593,0.987548,1,0,1,0,1,"[1]","[1]","[82824.8]","[1.24632]","[-0.695833]","[155921]","[-0.00321198]","[1]","[13]","[0]","[0]","[-718.867]","[-8.19538e-05]","[0.0134196]",77147.3,-0.167943,7,"[360850,281506,42119.2,33351.8,25290.2,22617.7,22286.1]","[-0.807899,0.119669,0.474648,1.10684,-0.140616,-1.80557,-1.96718]","[-2.68823,0.545115,2.6351,2.44972,2.13436,-1.64038,2.18885]","[485328,284097,47679.5,56518.5,26260.5,70810.3,81392.8]","[0,0.222991,0.65261,0.999674,0.989948,0.749526,0.729666]","[0,0,0,0,0,0,0]","[0,0,0,0,0,0,0]","[-0.513738,-0.718734,-0.952129,-0.85974,-0.724568,-0.745725,-0.851821]",0,"[]","[]","[]","[]","[]","[]","[]","[]","[]","[]",2,"[373559,304014]","[-0.774096,0.140424]","[-2.68722,0.598691]","[491184,322040]","[0,97215.2]","[0,0]","[0,1.96266]","[-1,0.600922]",0,"[]","[]","[]","[]","[]","[]","[]","[]","[]","[]",0,"[3473.9]",6363.4,"[7887.27,3255.4,18735.2,11374.2,9747.82,4454.12,1906.79]","[]","[2063.66,14215.4]","[]"
5,284500,11917840,364159,1,617.44,5.4184e+06,1.1961,1,0.993355,1,1,0.998451,0.9887,1,0,1,0,1,"[1]","[1]","[94274.5]","[-1.76497]","[-0.555718]","[283417]","[-0.000469208]","[-1]","[13]","[1]","[0]","[-116.095]","[-0.00966742]","[1.37586]",5947.02,-0.551887,3,"[325671,233620,26308.6]","[-0.47765,0.0628171,-0.0944385]","[2.58617,-0.389423,-2.46997]","[364599,235024,26645.7]","[0.99863,0.994244,0.988825]","[0,0,0]","[0,0,0]","[-0.938861,-0.261119,-0.81402]",0,"[]","[]","[]","[]","[]","[]","[]","[]","[]","[]",1,"[306169]","[-0.463214]","[2.58875]","[339870]","[13370.7]","[0]","[2.78596]","[0.614783]",0,"[]","[]","[]","[]","[]","[]","[]","[]","[]","[]",0,"[4383.05]",4340.13,"[5000.57,6986.65,3051.82]","[]","[8040.47]","[]"
6,284500,9707913,364159,-1,617.44,5.4184e+06,0.738662,1,0.993595,1,1,0.995124,0.945822,1,0,1,0,1,"[1]","[1]","[30973.7]","[0.658711]","[2.69048]","[37940.1]","[56.5353]","[1]","[13]","[1]","[2793.88]","[2296.65]","[0.0066292]","[0.849806]",29905.7,2.7552,5,"[213376,159662,78791.8,25628.2,23571.5]","[1.73793,-2.05961,1.23906,-0.978824,1.24196]","[-2.73376,0.564727,-0.365971,0.372227,-2.97794]","[625920,636428,147765,39338.2,44323.1]","[0.99176,1,0.981687,0.726068,0.978767]","[0,0,0,0,0]","[0,0,0,0,0]","[-0.296599,-0.933283,-0.0585137,-0.605008,-0.839184]",0,"[]","[]","[]","[]","[]","[]","[]","[]","[]","[]",1,"[250298]","[1.70531]","[-2.75718]","[713450]","[53450]","[0]","[2.08003]","[0.690041]",0,"[]","[]","[]","[]","[]","[]","[]","[]","[]","[]",0,"[58.4809]",18211.5,"[4391.97,5864.43,9661.66,2288.67,2529.59]","[]","[0]","[]"
7,284500,13686966,364159,1,617.44,5.4184e+06,1.22586,1,0.98926,1,1,0.994181,0.967804,1,0,1,0,1,"[0]","[1]","[119986]","[-1.95042]","[-1.4437]","[430382]","[0.031662]","[1]","[13]","[1]","[0]","[-270.311]","[-0.00762893]","[1.05748]",40263.6,-1.40065,6,"[304456,101018,43244.3,37408.4,29149.7,22375]","[-1.24898,1.51958,-1.55219,1.2861,-2.3558,-0.43428]","[1.94647,-1.30885,-1.06515,-0.679806,3.05415,0.219984]","[574927,242534,107178,73133,155245,24766.5]","[0.999549,0.994227,0.992169,0.930828,0.990552,0.98]","[0,0,0,0,0,0]","[0,0,0,0,0,0]","[-0.844423,-0.902868,-0.57522,-0.932338,-0.867944,-0.803134]",0,"[]","[]","[]","[]","[]","[]","[]","[]","[]","[]",1,"[316678]","[-1.25857]","[1.95041]","[602691]","[18948.6]","[0]","[2.7129]","[0.428373]",0,"[]","[]","[]","[]","[]","[]","[]","[]","[]","[]",0,"[1311.01]",13120.2,"[4993.85,7097.04,3214.18,7196.54,2967.17,3157.23]","[]","[77.2812]","[]"
8,284500,6990404,364159,1,617.44,5.4184e+06,0.619412,1,0.982255,1,1,0.998695,0.952143,1,0,1,0,1,"[1]","[1]","[29724.1]","[-0.444222]","[1.26512]","[32705.6]","[-0.0181465]","[-1]","[13]","[1]","[0]","[1590.91]","[-0.028539]","[3.04667]",161432,2.73746,2,"[239488,77762.2]","[-0.792344,2.30148]","[-0.454001,2.86852]","[323342,392410]","[0.954799,0.160301]","[0,0]","[0,0]","[-0.919835,-0.823704]",0,"[]","[]","[]","[]","[]","[]","[]","[]","[]","[]",1,"[256935]","[-0.809216]","[-0.449514]","[349729]","[52598.6]","[0]","[1.25328]","[0.615778]",0,"[]","[]","[]","[]","[]","[]","[]","[]","[]","[]",0,"[174.097]",3127.86,"[4791.01,7558.41]","[]","[174.906]","[]"
9,284500,9927883,364159,1,617.44,5.4184e+06,0.553627,1,0.995272,1,1,0.998861,1.02219,1,0,1,0,1,"[0]","[1]","[34664.3]","[0.358677]","[-0.781021]","[36918.2]","[0.015213]","[-1]","[13]","[1]","[0]","[-1065.83]","[-0.0192938]","[2.87141]",18654.4,1.90105,3,"[297191,38030.7,35349.6]","[-0.0585919,0.885065,0.0636906]","[-2.10551,2.13569,1.34183]","[300828,54288.8,35847.1]","[0.995223,0.975483,1]","[0,0,0]","[0,0,0]","[-0.691088,-0.219843,-0.869876]",0,"[]","[]","[]","[]","[]","[]","[]","[]","[]","[]",1,"[301218]","[-0.0886171]","[-2.10467]","[305596]","[44072.1]","[0]","[1.18165]","[0.681695]",0,"[]","[]","[]","[]","[]","[]","[]","[]","[]","[]",0,"[121.054]",10948.3,"[9799.67,3532.31,2995.85]","[]","[14765.5]","[]"
10,284500,10706257,364159,1.03069,617.44,5.4184e+06,1.22586,1,0.991665,1,1,0.996276,0.976179,1,0,1,0,1,"[1]","[1]","[134397]","[-0.624289]","[-2.81095]","[161449]","[0.017931]","[1]","[13]","[1]","[0]","[-844.506]","[0.00560822]","[0.952711]",204582,0.492868,5,"[235857,110648,37338.2,32850,31725.5]","[0.695983,2.12718,1.29701,-0.809232,0.636936]","[-1.20859,2.34573,-1.17832,2.93642,2.95549]","[295826,471018,73598.8,44410,39016.3]","[0.0837377,0,0.982302,0.973599,0.704369]","[0,0,0,0,0]","[0,0,0,0,0]","[-0.382061,-0.633591,-0.871325,-0.771998,-0.795544]",0,"[]","[]","[]","[]","[]","[]","[]","[]","[]","[]",1,"[276081]","[0.757374]","[-1.21261]","[367673]","[78838.6]","[0]","[1.82447]","[0.648702]",0,"[]","[]","[]","[]","[]","[]","[]","[]","[]","[]",0,"[7696.55]",6504.94,"[6678.49,8562.66,2652.8,1952.09,2004.95]","[]","[1384.31]","[]"
11,284500,12577426,364159,1,617.44,5.4184e+06,1.1961,1,1.00098,1,1,0.995303,0.999777,1,0,1,0,1,"[1]","[1]","[91347.4]","[-1.42755]","[-2.12835]","[201347]","[0.0114727]","[-1]","[13]","[1]","[0]","[1736.69]","[-0.0186827]","[3.18219]",67647.6,-1.88981,4,"[176607,118793,88980.8,21616.4]","[-0.654481,-0.18898,-1.21945,-2.02287]","[0.605939,-2.78011,1.00127,2.71836]","[216196,124112,164067,83287.2]","[0,0,0.99,0.99965]","[0,0,0,0]","[0,0,0,0]","[-0.789577,-0.71298,-0.944605,-0.901467]",0,"[]","[]","[]","[]","[]","[]","[]","[]","[]","[]",1,"[257467]","[-0.852796]","[0.720459]","[360044]","[47449.7]","[0]","[0.780298]","[0.647494]",0,"[]","[]","[]","[]","[]","[]","[]","[]","[]","[]",0,"[1113.7]",1645.21,"[6596.5,4455.64,14031.7,1566.5]","[]","[9814.84]","[]"
12,284500,14598297,364159,1,617.44,5.4184e+06,0.738662,1,0.993424,1,1,0.997334,0.750637,1,0,1,0,1,"[1]","[1]","[69947.2]","[0.583528]","[2.35309]","[82197.7]","[0.0404434]","[1]","[13]","[1]","[0]","[-1399.53]","[0.0212826]","[4.39684]",8007.86,0.281994,4,"[253948,185820,57865,23336.6]","[1.21617,-1.36286,1.25996,0.475085]","[-0.174109,2.83234,-0.84047,-2.86893]","[467531,387715,110859,26706.6]","[0.0389699,0,0.993092,0.998258]","[0,0,0,0]","[0,0,0,0]","[-0.817258,-0.423465,-0.390898,-0.90986]",0,"[]","[]","[]","[]","[]","[]","[]","[]","[]","[]",1,"[299802]","[1.25212]","[-0.236157]","[573525]","[85114.5]","[0]","[1.90759]","[0.80635]",0,"[]","[]","[]","[]","[]","[]","[]","[]","[]","[]",0,"[743.121]",6424.16,"[4804.42,4540.4,2294.51,4231.45]","[]","[9070.25]","[]"
13,284500,11332371,364159,1,617.44,5.4184e+06,1.22586,1,0.997604,1,1,0.998311,0.998578,1,0,1,0,1,"[1]","[1]","[81659.1]","[1.31386]","[0.969428]","[162881]","[-0.077414]","[-1]","[13]","[1]","[0]","[-376.999]","[-0.0201712]","[2.99149]",30515.6,2.7822,3,"[343657,306627,23509]","[-1.48465,-1.01541,0.13396]","[-0.525164,2.62467,-2.199]","[797575,479439,24189.1]","[0.994764,0.994584,0.974564]","[0,0,0]","[0,0,0]","[-0.873392,-0.929224,-0.75738]",0,"[]","[]","[]","[]","[]","[]","[]","[]","[]","[]",2,"[344722,305935]","[-1.48677,-1.01197]","[-0.528529,2.63096]","[801504,476803]","[18595.5,19110.6]","[0,0]","[5.01765,2.33651]","[0.807509,0.644706]",0,"[]","[]","[]","[]","[]","[]","[]","[]","[]","[]",0,"[2599.83]",16055.6,"[11547,4292.13,1716.64]","[]","[9726.59,26428.2]","[]"
14,284500,1228999,364159,1,617.44,5.4184e+06,1.26459,1,0.996013,1,1,0.997372,0.93729,1,0,1,0,1,"[0]","[1]","[85832]","[0.456222]","[-2.43839]","[94920.6]","[0.0161896]","[-1]","[13]","[1]","[1200.07]","[-1157.38]","[-0.00861866]","[1.51129]",133283,3.09311,4,"[251325,49641.7,25344.2,23320.2]","[0.776468,1.24796,-0.469255,-0.600867]","[0.0597133,1.79815,-2.45567,-0.879198]","[335171,93855.4,28682.9,28114.6]","[0.99001,0.994493,0.97267,0.830252]","[0,0,0,0]","[0,0,0,0]","[-0.827798,-0.711807,-0.831444,-0.330246]",0,"[]","[]","[]","[]","[]","[]","[]","[]","[]","[]",1,"[270998]","[0.757257]","[0.0640296]","[359067]","[68449.8]","[0]","[1.4949]","[0.772849]",0,"[]","[]","[]","[]","[]","[]","[]","[]","[]","[]",0,"[2245.95]",1114.33,"[7586.87,2855.19,4414.8,1720.91]","[]","[3569.47]","[]"
15,284500,8934187,364159,1,617.44,5.4184e+06,1.1961,1,1.00236,1,1,0.995007,1.02048,1,0,1,0,1,"[1]","[1]","[46995.6]","[1.47828]","[0.229221]","[108406]","[-51.698]","[-1]","[13]","[1]","[1302.49]","[-581.848]","[0.0106498]","[1.20694]",32008.5,-0.935843,5,"[210854,160184,74668.2,57003.3,26680.9]","[1.35571,1.7921,0.588537,1.78048,-2.03783]","[-2.22047,0.862668,0.943362,-2.45125,1.01082]","[436910,494136,88437.9,174114,104183]","[1,0.995955,0.993988,0.984017,0.993462]","[0,0,0,0,0]","[0,0,0,0,0]","[-0.545085,-0.769415,-0.768481,-0.645364,-0.68119]",0,"[]","[]","[]","[]","[]","[]","[]","[]","[]","[]",1,"[253922]","[1.40281]","[-2.25573]","[549308]","[44294.6]","[0]","[1.75666]","[0.748488]",0,"[]","[]","[]","[]","[]","[]","[]","[]","[]","[]",0,"[318.381]",941.094,"[5658.98,8102.35,2120.51,3398.84,3061.43]","[]","[343.875]","[]"
16,284500,8078243,364159,1,617.44,5.4184e+06,0.75088,1,0.989701,1,1,0.994868,0.987469,1,0,1,0,1,"[1]","[1]","[29478.2]","[-1.9394]","[2.27434]","[104623]","[-77.4764]","[1]","[13]","[1]","[0]","[175.939]","[0.0176839]","[1.60649]",52361,-2.0603,7,"[258537,98985.2,81192.6,80047.4,33668.4,23411.7,23248.3]","[-0.170323,-1.27421,1.0656,-0.06697,0.349375,0.423675,-2.26327]","[-2.66622,0.393724,0.562391,0.787675,0.584682,-2.70042,0.412604]","[263972,191885,132134,81485.5,36356.6,26028.7,113061]","[0.993408,0.992548,0,0.999566,0.982572,0.996302,0.970712]","[0,0,0,0,0,0,0]","[0,0,0,0,0,0,0]","[-0.966443,0.528054,-0.826139,-0.884776,-0.828492,-0.359929,-0.75091]",0,"[]","[]","[]","[]","[]","[]","[]","[]","[]","[]",1,"[253814]","[-0.160786]","[-2.65917]","[258776]","[29391.2]","[0]","[2.75261]","[0.722096]",0,"[]","[]","[]","[]","[]","[]","[]","[]","[]","[]",0,"[122.844]",769.652,"[2770.9,2366.78,4350.98,2185.11,2250.16,2209.37,3099.2]","[]","[16051]","[]"
17,284500,10651717,364159,1,617.44,5.4184e+06,1.25133,1,0.993802,1,1,1.28754,0.933885,1,0,1,0,1,"[1]","[1]","[55786.4]","[-1.06739]","[1.33504]","[90700.1]","[-121.734]","[-1]","[13]","[1]","[0]","[-761.425]","[-0.00556027]","[0.658535]",71293.9,-1.24086,6,"[234310,199266,103492,42696.6,41320.7,30408.3]","[-0.439609,0.608551,0.0373345,-0.189238,0.0775581,-1.19619]","[-2.06628,1.10085,3.0069,0.936619,0.189268,-0.447699]","[259414,240329,104245,44356.9,41997.9,55271.4]","[0.998679,0.995496,0.992936,0.99938,0.995483,0.995265]","[0,0,0,0,0,0]","[0,0,0,0,0,0]","[-0.956556,-0.924611,0.0414907,-0.638517,-0.902332,0.996541]",0,"[]","[]","[]","[]","[]","[]","[]","[]","[]","[]",1,"[253287]","[-0.322754]","[-2.15425]","[272354]","[55714.2]","[0]","[1.94054]","[0.449775]",0,"[]","[]","[]","[]","[]","[]","[]","[]","[]","[]",0,"[1176.11]",48284.1,"[3267.88,4843.88,11880,17522.3,3167.04,8257.22]","[]","[1844.89]","[]"
18,284500,13606584,364159,1,617.44,5.4184e+06,1.55465,1,0.995752,1,1,0.993925,1.00338,1,0,1,0,1,"[1]","[1]","[54732.7]","[-0.92234]","[-2.30792]","[79711.5]","[0.0593648]","[-1]","[13]","[1]","[0]","[2831.18]","[-0.00376926]","[0.528739]",61171.5,1.89097,5,"[297147,188536,182058,25299.9,24352.3]","[-0.935387,1.70083,-0.651954,1.39778,2.3839]","[1.66261,-1.78013,-1.05978,0.482401,0.944689]","[439354,533778,222474,54385.9,133238]","[0,0,0.14938,0.976592,0.768742]","[0,0,0,0,0]","[0,0,0,0,0]","[-0.759276,-0.810166,-0.789293,-0.856595,-0.875488]",0,"[]","[]","[]","[]","[]","[]","[]","[]","[]","[]",1,"[325001]","[-0.898759]","[1.62066]","[474201]","[91238.9]","[0]","[2.00549]","[0.739626]",0,"[]","[]","[]","[]","[]","[]","[]","[]","[]","[]",0,"[197.381]",12813.2,"[5899.82,12859.6,9046.68,2730.52,3394.27]","[]","[14923.9]","[]"
19,284500,14628361,364159,1,617.44,5.4184e+06,1.25133,1,0.994187,1,1,0.997818,1.027,1,0,1,0,1,"[0]","[1]","[34515.9]","[0.361178]","[-0.78082]","[36792]","[-0.0545654]","[-1]","[13]","[1]","[0]","[-463.758]","[0.0401565]","[6.86813]",80674.1,1.10491,4,"[341476,185240,45591.3,38490.5]","[-0.0650384,0.534599,0.0395436,0.828988]","[-2.11078,1.0417,1.34259,2.12979]","[345257,212861,46031.1,52808.6]","[1,1,0.99,0.999616]","[0,0,0,0]","[0,0,0,0]","[-0.777887,-0.938786,-0.943021,-0.744683]",0,"[]","[]","[]","[]","[]","[]","[]","[]","[]","[]",1,"[333304]","[-0.085324]","[-2.11138]","[337576]","[45335.5]","[0]","[1.09084]","[0.644414]",0,"[]","[]","[]","[]","[]","[]","[]","[]","[]","[]",0,"[120.063]",4177.45,"[5206.49,2563.78,2023.05,2462.9]","[]","[5558.44]","[]"
20,284500,8215632,364159,1,617.44,5.4184e+06,0.923924,1,0.997852,1,1,0.999037,0.987469,1,0,1,0,1,"[1]","[1]","[31619.6]","[-2.33528]","[2.25456]","[164882]","[0.13632]","[1]","[13]","[1]","[1244.47]","[-775.66]","[0.000760871]","[0.0640778]",161584,0.839932,1,"[196956]","[-1.68632]","[-2.0535]","[552037]","[0.895465]","[0]","[0]","[0.588342]",0,"[]","[]","[]","[]","[]","[]","[]","[]","[]","[]",1,"[257374]","[-1.6379]","[-1.99467]","[688630]","[46962.4]","[0]","[1.39706]","[0.653828]",0,"[]","[]","[]","[]","[]","[]","[]","[]","[]","[]",0,"[697.183]",7777.23,"[6552.07]","[]","[0]","[]"
21,284500,12774540,364159,1,617.44,5.4184e+06,0.738662,1,0.987927,1,1,0.997867,0.993883,1,0,1,0,1,"[1]","[1]","[66090]","[1.8322]","[-2.96928]","[211743]","[0.0485306]","[1]","[13]","[1]","[0]","[1070.04]","[-0.0193563]","[2.11224]",80112.2,2.66226,5,"[332333,254299,43838.5,41344.1,30885.1]","[0.637606,0.116844,-1.01365,0.845464,1.13244]","[-0.89403,2.18497,1.93745,-0.359477,-1.06519]","[403336,257320,69112.4,57686.1,53014.9]","[0.153734,0,0.984189,0.994377,0.951666]","[0,0,0,0,0]","[0,0,0,0,0]","[-0.882076,-0.73997,-0.81247,-0.951439,-0.95237]",0,"[]","[]","[]","[]","[]","[]","[]","[]","[]","[]",2,"[387554,259275]","[0.662887,0.0639965]","[-0.888363,2.1912]","[486827,260791]","[102720,22642]","[0,0]","[2.16564,2.13415]","[0.63062,0.650746]",0,"[]","[]","[]","[]","[]","[]","[]","[]","[]","[]",0,"[1224.73]",11648.1,"[11111.7,6901.33,3210.88,3934.52,1962.72]","[]","[3480.38,31716.7]","[]"
22,284500,11864494,364159,-1,617.44,5.4184e+06,0.351687,1,0.999196,1,1,0.992686,1.01476,1,0,1,0,1,"[1]","[1]","[58067.7]","[1.21201]","[0.347663]","[106201]","[-0.031147]","[-1]","[13]","[1]","[0]","[-163.153]","[0.0236186]","[3.86258]",27371.5,2.86805,8,"[315205,152655,126708,72022.5,37924.2,29528.9,27251.2,26992.5]","[2.10717,-0.316134,0.60015,1.95092,2.41451,0.115177,-0.187304,0.503574]","[-2.48072,0.839222,1.02846,-1.7443,-0.967722,0.914149,1.39272,0.400217]","[1.31567e+06,161624,151126,258543,213862,30194.9,28261.4,31060.3]","[0.999725,0.996213,0.995766,0.991604,0.985921,1,0.989778,0.991447]","[0,0,0,0,0,0,0,0]","[0,0,0,0,0,0,0,0]","[-0.752865,-0.933323,-0.848925,-0.842104,-0.851245,-0.859286,-0.68031,-0.868143]",0,"[]","[]","[]","[]","[]","[]","[]","[]","[]","[]",1,"[275152]","[0.0836019]","[0.95038]","[312083]","[145454]","[0]","[0.879498]","[0.704693]",0,"[]","[]","[]","[]","[]","[]","[]","[]","[]","[]",0,"[589.077]",3165.96,"[7424.81,2177.3,5657.6,4315.22,3119.66,2874.94,5142.56,6210.71]","[]","[3851.09]","[]"
23,284500,13516492,364159,-1,617.44,5.4184e+06,0.696077,1,1.00099,1,1,0.993575,0.886576,1,0,1,0,1,"[1]","[1]","[109145]","[1.01802]","[-0.926738]","[170758]","[0.00805664]","[1]","[13]","[1]","[0]","[-1077]","[0.00271312]","[0.32228]",85736.4,-0.497935,6,"[141046,117417,114662,70739.7,29844.8,28744.6]","[0.0515011,1.13636,0.63329,-2.47021,1.96901,-0.412805]","[-0.790727,2.18557,2.28787,-2.73331,1.6551,2.37105]","[142313,202803,138777,421458,109013,31437.6]","[0,0.0150328,0,0,0.986785,0.998565]","[0,0,0,0,0,0]","[0,0,0,0,0,0]","[-0.738778,-0.944251,-0.787839,-0.70987,-0.662444,-0.927556]",0,"[]","[]","[]","[]","[]","[]","[]","[]","[]","[]",1,"[250664]","[0.913575]","[2.22381]","[365484]","[44633.4]","[0]","[1.2084]","[0.69434]",0,"[]","[]","[]","[]","[]","[]","[]","[]","[]","[]",0,"[2344.76]",5338.88,"[6906.7,2256.31,2075.19,4493.47,2918.93,1807.52]","[]","[0]","[]"
24,284500,884879,364159,-1,617.44,5.4184e+06,1.32095,1,1.00003,1,1,0.997153,1.0219,1,0,1,0,1,"[1]","[1]","[62214.8]","[1.49158]","[0.352831]","[145245]","[-0.0640984]","[-1]","[13]","[1]","[0]","[-839.056]","[-0.0137279]","[1.72962]",62069.5,1.63436,4,"[208212,167179,90371.1,39839.1]","[0.769784,-1.22192,-0.322091,0.233934]","[2.60132,-0.98932,-0.609528,-3.11124]","[273560,308838,95608.1,41918.7]","[0.998448,0.995994,0.999097,0.994006]","[0,0,0,0]","[0,0,0,0]","[-0.82866,-0.872704,-0.264586,-0.718826]",0,"[]","[]","[]","[]","[]","[]","[]","[]","[]","[]",1,"[253846]","[-0.958325]","[-0.858906]","[403719]","[137424]","[0]","[0.610211]","[0.704757]",0,"[]","[]","[]","[]","[]","[]","[]","[]","[]","[]",0,"[739.726]",4487.05,"[3695.57,6760.15,2068.23,2727.83]","[]","[3102.48]","[]"
25,284500,1034715,364159,1,617.44,5.4184e+06,0.934886,1,0.998731,1,1,0.996554,0.997022,1,0,1,0,1,"[1]","[1]","[56255.8]","[1.53093]","[1.03836]","[136106]","[0.0417955]","[1]","[13]","[1]","[0]","[222.339]","[-0.00556751]","[0.660064]",145005,1.95006,5,"[271610,66090.7,57712.5,27971.7,25546.8]","[-0.397009,1.89534,2.20285,0.763635,-1.0992]","[-1.6843,1.66135,1.08814,-1.46001,1.36105]","[293970,225120,264494,37049.4,42977.1]","[1,0.991012,0.997615,0.993816,1]","[0,0,0,0,0]","[0,0,0,0,0]","[-0.939076,-0.901527,-0.898725,-0.954342,-0.86553]",0,"[]","[]","[]","[]","[]","[]","[]","[]","[]","[]",1,"[253929]","[-0.397313]","[-1.68374]","[274868]","[18614.3]","[0]","[1.64956]","[0.23951]",0,"[]","[]","[]","[]","[]","[]","[]","[]","[]","[]",0,"[255.099]",2431.97,"[5414.73,3904.96,2815.47,2566.58,2094.82]","[]","[4223.5]","[]"
26,284500,13458242,364159,1,617.44,5.4184e+06,0.75088,1,0.998301,1,1,0.996593,0.988807,1,0,1,0,1,"[1]","[1]","[128578]","[2.04099]","[-1.47132]","[503264]","[0.0352974]","[1]","[13]","[1]","[1572.74]","[-111.54]","[-0.0224149]","[2.89185]",69147.2,1.88732,4,"[168806,104875,99276.8,92355]","[0.905212,0.368607,1.57872,0.552667]","[1.18977,-2.19933,1.65796,-1.63495]","[244178,112596,251116,107632]","[0.196751,0,0.973114,0.220188]","[0,0,0,0]","[0,0,0,0]","[-0.986384,-0.753661,-0.617212,-0.975365]",0,"[]","[]","[]","[]","[]","[]","[]","[]","[]","[]",1,"[321169]","[1.13402]","[1.35345]","[568240]","[139770]","[0]","[1.25705]","[0.762334]",0,"[]","[]","[]","[]","[]","[]","[]","[]","[]","[]",0,"[21346.5]",9520.36,"[13130,2865.16,6706.39,3753.04]","[]","[27054.9]","[]"
27,284500,6434555,364159,1,617.44,5.4184e+06,1.26205,1,0.999973,1,1,0.997675,0.969608,1,0,1,0,1,"[1]","[1]","[37845.9]","[1.17136]","[-0.855603]","[66917.7]","[0.0150719]","[-1]","[13]","[0]","[0]","[-838.022]","[0.00610827]","[0.740927]",118489,-0.372603,3,"[226455,130428,59157.6]","[0.967548,-1.15614,1.43791]","[2.4057,-1.14595,2.01434]","[344056,228206,131899]","[0.994925,0.97649,0.998379]","[0,0,0]","[0,0,0]","[-0.946393,-0.664677,-0.663846]",0,"[]","[]","[]","[]","[]","[]","[]","[]","[]","[]",1,"[256036]","[1.07583]","[2.33009]","[425812]","[75534.4]","[0]","[1.32967]","[0.45618]",0,"[]","[]","[]","[]","[]","[]","[]","[]","[]","[]",0,"[195.265]",5179.12,"[3176.09,3586.35,3622.33]","[]","[4258.02]","[]"
28,284500,13711755,364159,-1,617.44,5.4184e+06,0.402058,1,0.994458,1,1,0.99637,0.964895,1,0,1,0,1,"[1]","[1]","[26868.2]","[-0.404764]","[-0.888273]","[29099.6]","[-28.3814]","[-1]","[13]","[1]","[0]","[-703.665]","[0.00133618]","[0.102256]",33201.7,2.29135,4,"[260434,140732,45145.3,26078.1]","[-0.740874,1.85947,-0.321157,1.81583]","[-2.68161,0.689473,0.1546,-0.372274]","[335956,463061,48688.9,82440.5]","[0.99322,1,0.999235,0.964464]","[0,0,0,0]","[0,0,0,0]","[-0.646476,-0.934032,-0.855328,-0.876724]",0,"[]","[]","[]","[]","[]","[]","[]","[]","[]","[]",1,"[265698]","[-0.730159]","[-2.68186]","[340659]","[25175.1]","[0]","[1.88781]","[0.653176]",0,"[]","[]","[]","[]","[]","[]","[]","[]","[]","[]",0,"[121.305]",7526.39,"[3154.45,6088.07,5828.79,1984.27]","[]","[11243]","[]"
29,284500,1478772,364159,-1,617.44,5.4184e+06,0.738662,1,0.998279,1,1,0.995766,0.955365,1,0,1,0,1,"[1]","[1]","[82923.6]","[-1.59125]","[2.32429]","[212017]","[-47.8569]","[1]","[13]","[1]","[0]","[-350.409]","[0.0232985]","[3.55233]",74487.2,-1.17014,5,"[227850,218664,87395.8,69204.2,25349.6]","[0.61661,-0.228523,-0.845469,-0.593516,-2.30097]","[1.72265,-1.42478,-0.806384,1.76037,-2.34328]","[274044,225102,120999,83768.9,127918]","[1,1,0,0.0430175,0.976961]","[0,0,0,0,0]","[0,0,0,0,0]","[-0.969052,0.586177,-0.789291,-0.683239,0.0820384]",0,"[]","[]","[]","[]","[]","[]","[]","[]","[]","[]",2,"[268009,259580]","[-0.439321,0.560655]","[-1.24475,1.73355]","[310164,308591]","[97951.4,65967.1]","[0,0]","[0.477642,2.45239]","[0.574666,0.59328]",0,"[]","[]","[]","[]","[]","[]","[]","[]","[]","[]",0,"[1594.45]",11773.9,"[8707.42,6912.9,5182.15,4733.46,2048.01]","[]","[1113.28,2508.33]","[]"
30,284500,14768786,364159,1,617.44,5.4184e+06,1.74563,1,0.986525,1,1,0.997919,0.971214,1,0,1,0,1,"[1]","[1]","[40475.2]","[-0.625446]","[1.29557]","[48653.4]","[51.541]","[-1]","[13]","[1]","[0]","[374.475]","[-0.000136247]","[0.0168324]",41371.1,-2.49228,3,"[229878,197860,31784.6]","[-1.13396,-1.34553,-0.377452]","[-0.815427,2.33426,0.410395]","[394770,406195,34459.8]","[0.999477,0.998503,0.999275]","[0,0,0]","[0,0,0]","[-0.924729,-0.21319,-0.723379]",0,"[]","[]","[]","[]","[]","[]","[]","[]","[]","[]",1,"[279176]","[-1.08834]","[-0.91657]","[464633]","[53915.5]","[0]","[1.20172]","[0.631931]",0,"[]","[]","[]","[]","[]","[]","[]","[]","[]","[]",0,"[197.443]",3886.62,"[6028.48,4379.54,1961.88]","[]","[7747.25]","[]"
31,284500,657892,364159,1,617.44,5.4184e+06,1.1961,1,0.999368,1,1,0.996858,0.984056,1,0,1,0,1,"[1]","[1]","[61858]","[0.972511]","[-0.180086]","[93489.4]","[0.103306]","[1]","[13]","[1]","[0]","[-921.365]","[0.00452852]","[0.764809]",39753.3,0.68621,4,"[237705,208290,41497.5,34119.2]","[1.89016,-0.104488,1.71703,1.15505]","[3.00954,-0.0690736,-2.81455,-2.97759]","[805095,210871,119399,60035.7]","[0.192808,0,0.975542,0.977766]","[0,0,0,0]","[0,0,0,0]","[-0.790679,-0.780132,-0.842187,0.011659]",0,"[]","[]","[]","[]","[]","[]","[]","[]","[]","[]",1,"[274361]","[1.8898]","[3.07469]","[929527]","[41549.4]","[0]","[1.73214]","[0.720611]",0,"[]","[]","[]","[]","[]","[]","[]","[]","[]","[]",0,"[85.6521]",18172.8,"[4908.13,4586.86,2545.7,3418.4]","[]","[5412.34]","[]"
32,284500,2092243,364159,1,617.44,5.4184e+06,1.74563,1,0.99524,1,1,0.995828,0.995954,1,0,1,0,1,"[1]","[1]","[38826.2]","[1.31913]","[3.02329]","[77799]","[79.1854]","[-1]","[13]","[1]","[0]","[-603.035]","[0.0168646]","[2.02579]",63990.7,-1.7218,6,"[258491,165319,79221.9,57641.4,27209.8,22586]","[1.81109,2.3893,0.975138,-0.683593,0.51411,0.766492]","[-0.379065,2.53265,0.881967,-2.90287,-3.12785,1.98775]","[812091,909652,120529,72180,31455.8,29879.2]","[0.995673,0.995075,0.002766,0.991623,0.681628,0.976637]","[0,0,0,0,0,0]","[0,0,0,0,0,0]","[-0.88161,0.302297,-0.98502,-0.901397,-0.812728,-0.886936]",0,"[]","[]","[]","[]","[]","[]","[]","[]","[]","[]",1,"[258636]","[1.82245]","[-0.380987]","[821127]","[14796.9]","[0]","[3.50406]","[0.664934]",0,"[]","[]","[]","[]","[]","[]","[]","[]","[]","[]",0,"[371.717]",3011.22,"[7567.35,14193.4,3017.77,4302.12,1816.08,2177.17]","[]","[0]","[]"
33,284500,10152735,364159,1,617.44,5.4184e+06,0.923924,1,0.989255,1,1,0.998493,1.01606,1,0,1,0,1,"[1]","[1]","[32841]","[1.63375]","[-0.501643]","[87328.2]","[18.4044]","[1]","[13]","[1]","[0]","[-12.031]","[-0.0161002]","[1.5354]",52539.7,2.21074,3,"[255368,180764,50753.5]","[0.856491,1.37814,0.533331]","[-1.52149,1.72596,1.13748]","[355527,381914,59181.9]","[0.984559,1,0.985814]","[0,0,0]","[0,0,0]","[-0.658517,-0.649625,-0.81927]",0,"[]","[]","[]","[]","[]","[]","[]","[]","[]","[]",1,"[285171]","[0.924804]","[-1.55542]","[418133]","[41564.6]","[0]","[1.85195]","[0.641465]",0,"[]","[]","[]","[]","[]","[]","[]","[]","[]","[]",0,"[95.5218]",3591.11,"[6381.41,2864.39,3689.58]","[]","[5362.22]","[]"
34,284500,13851324,364159,-1,617.44,5.4184e+06,1.21412,1,0.997112,1,1,0.998131,0.903157,1,0,1,0,1,"[1]","[1]","[58855.8]","[0.842223]","[-2.42118]","[80993.7]","[0.0101204]","[1]","[13]","[1]","[0]","[-10.883]","[-0.00985334]","[1.12428]",33310.8,-0.402924,3,"[265782,175130,66313.1]","[0.663307,-0.267382,1.34815]","[2.41321,-0.635379,-0.450375]","[326968,182201,136384]","[0.997647,0.988378,0.987268]","[0,0,0]","[0,0,0]","[-0.95152,-0.601716,-0.946091]",0,"[]","[]","[]","[]","[]","[]","[]","[]","[]","[]",1,"[258035]","[0.682686]","[2.41152]","[321006]","[17354]","[0]","[1.89255]","[0.233821]",0,"[]","[]","[]","[]","[]","[]","[]","[]","[]","[]",0,"[221.268]",1901.51,"[5929.97,6076.37,3389.55]","[]","[15670.3]","[]"
35,284500,10637959,364159,1,617.44,5.4184e+06,1.22586,1,0.99869,1,1,0.996744,0.980417,1,0,1,0,1,"[1]","[1]","[46532.7]","[-1.51262]","[-2.65577]","[110723]","[-0.0167389]","[-1]","[13]","[1]","[0]","[133.269]","[-0.00422843]","[0.480892]",78701.2,0.121843,3,"[453896,295715,31149]","[-0.327932,-1.14763,-1.63872]","[-2.88324,0.00996975,1.4595]","[479032,514391,83307.2]","[0,0.368167,0.926668]","[0,0,0]","[0,0,0]","[-0.82695,-0.801055,-0.855219]",0,"[]","[]","[]","[]","[]","[]","[]","[]","[]","[]",2,"[446105,318211]","[-0.356563,-1.17175]","[-2.88506,0.0197037]","[475320,564316]","[22965.2,40946.2]","[0,0]","[3.14448,1.60931]","[0.62369,0.862661]",0,"[]","[]","[]","[]","[]","[]","[]","[]","[]","[]",0,"[828.605]",2346.92,"[4982.17,3691.74,2351.82]","[]","[28985.8,21184.2]","[]"
36,284500,12730219,364159,-1,617.44,5.4184e+06,0.619412,1,0.990711,1,1,0.998232,0.98075,1,0,1,0,1,"[1]","[1]","[40871.7]","[-1.7978]","[-2.16267]","[126744]","[115.334]","[1]","[13]","[1]","[0]","[-171.571]","[-0.00657273]","[0.777121]",31774.2,-0.528614,3,"[294267,261289,24533.6]","[-1.61564,-0.704685,0.041124]","[2.19086,-0.946714,-1.03228]","[769870,330755,25245.5]","[0.992338,0.997486,0.67654]","[0,0,0]","[0,0,0]","[-0.894417,-0.4551,-0.840761]",0,"[]","[]","[]","[]","[]","[]","[]","[]","[]","[]",2,"[302962,257596]","[-1.62676,-0.721996]","[2.18782,-0.951933]","[800611,330228]","[17802.8,40759.8]","[0,0]","[1.98885,1.79125]","[0.676526,0.666912]",0,"[]","[]","[]","[]","[]","[]","[]","[]","[]","[]",0,"[139.107]",1022.72,"[5640.35,3529.32,2671.08]","[]","[3097.62,1242.62]","[]"
37,284500,65740,364159,1,617.44,5.4184e+06,1.1961,1,0.999541,1,1,0.996017,0.968484,1,0,1,0,1,"[1]","[1]","[40938]","[1.20514]","[-1.63016]","[74443.3]","[0.01091]","[-1]","[13]","[1]","[0]","[-867.71]","[-0.00308906]","[0.474446]",44641.7,2.92616,5,"[274188,254112,48159.1,31712,24885]","[-0.572304,-1.99991,-0.325652,-2.28025,-0.604115]","[2.40905,-0.622414,-0.36422,-0.281552,2.86176]","[321224,956231,51123.5,156700,29743.5]","[0.997,1,1,0.995782,0.965816]","[0,0,0,0,0]","[0,0,0,0,0]","[-0.902031,-0.801754,-0.891956,-0.740566,-0.859003]",0,"[]","[]","[]","[]","[]","[]","[]","[]","[]","[]",1,"[284178]","[-0.597426]","[2.42937]","[338764]","[39786.8]","[0]","[2.64391]","[0.548792]",0,"[]","[]","[]","[]","[]","[]","[]","[]","[]","[]",0,"[274.886]",68.457,"[8717.18,7949.84,2268.05,2677.98,2303.29]","[]","[32609.6]","[]"
38,284500,2221879,364159,1,617.44,5.4184e+06,1.22586,1,0.998666,1,1,0.99689,0.988065,1,0,1,0,1,"[1]","[1]","[34127.3]","[2.37434]","[2.9686]","[184919]","[0.154331]","[1]","[13]","[1]","[0]","[77.1345]","[-0.0240308]","[2.33911]",59363.3,0.600272,3,"[325240,55511.1,30846.9]","[-0.355774,2.41546,-1.40029]","[1.91367,-1.12105,3.12075]","[346879,313267,66641.5]","[0.999712,1,0.992906]","[0,0,0]","[0,0,0]","[-0.937017,-0.750877,-0.892739]",0,"[]","[]","[]","[]","[]","[]","[]","[]","[]","[]",1,"[321922]","[-0.371697]","[1.90581]","[344975]","[19604]","[0]","[2.50753]","[0.337026]",0,"[]","[]","[]","[]","[]","[]","[]","[]","[]","[]",0,"[2461.02]",1491.02,"[6832.14,8285.29,3182.34]","[]","[15894.5]","[]"
39,284500,8353969,364159,0.272142,617.44,5.4184e+06,0.934886,1,0.999025,1,1,0.997782,0.996642,1,0,1,0,1,"[1]","[1]","[53916.6]","[2.08786]","[-0.184]","[220832]","[0.112492]","[-1]","[13]","[1]","[0]","[277.307]","[0.0179628]","[2.14046]",55894.7,-2.14641,3,"[202172,199591,59700.9]","[-0.626007,0.619715,0.856149]","[-0.608462,2.5236,1.99544]","[244024,241481,83242.5]","[0,0,1]","[0,0,0]","[0,0,0]","[-0.830801,-0.829421,-0.916473]",0,"[]","[]","[]","[]","[]","[]","[]","[]","[]","[]",1,"[267005]","[0.680682]","[2.41792]","[334320]","[44941.7]","[0]","[1.34044]","[0.446924]",0,"[]","[]","[]","[]","[]","[]","[]","[]","[]","[]",0,"[809.102]",2702.25,"[4510.77,5466.19,4384.53]","[]","[14100.5]","[]"
40,284500,1175460,364159,1,617.44,5.4184e+06,1.21412,1,0.991258,1,1,0.996601,0.993262,1,0,1,0,1,"[1]","[1]","[75854.9]","[-1.3201]","[-0.777833]","[152124]","[-129.452]","[-1]","[13]","[1]","[0]","[-857.469]","[0.0026509]","[0.433705]",83356.1,0.955009,6,"[340501,284991,62377.5,44848,24782.8,24564.3]","[1.23787,0.0204901,0.0767971,1.40145,1.02405,0.737631]","[-1.92022,1.14113,2.22588,1.47539,-2.69776,-2.17957]","[637359,285722,63337.3,96831.4,39156.3,31783.1]","[1,0.998087,0,0.974429,1,0.986884]","[0,0,0,0,0,0]","[0,0,0,0,0,0]","[-0.778071,-0.672503,-0.75625,-0.925576,-0.510222,-0.92341]",0,"[]","[]","[]","[]","[]","[]","[]","[]","[]","[]",2,"[348658,306943]","[1.23947,0.0633736]","[-1.93163,1.25751]","[655009,322235]","[56478.1,96137.2]","[0,0]","[2.43222,1.23296]","[0.620378,0.711087]",0,"[]","[]","[]","[]","[]","[]","[]","[]","[]","[]",0,"[722.025]",26121.4,"[17832.8,5617.17,14840.1,10589,1694.69,1701.62]","[]","[6891.75,1679.28]","[]"
41,284500,1472598,364159,-1,617.44,5.4184e+06,1.1961,1,0.996839,1,1,0.989412,0.975029,1,0,1,0,1,"[1]","[1]","[33946.2]","[-0.691962]","[-0.226798]","[42402.7]","[-143.624]","[-1]","[13]","[1]","[0]","[-39.667]","[0.0214616]","[2.55227]",48685.6,3.0241,6,"[687967,596868,71536.5,47765.8,24423.5,24108.1]","[-1.27255,-0.575783,2.27648,-0.297648,-1.14205,-0.650381]","[-0.658878,2.45514,-2.86769,0.904613,3.04957,1.72469]","[1.32472e+06,709671,352252,50909.6,42336.4,29613.7]","[0.999698,0.999897,0.99988,0.98534,0.987284,0.967797]","[0,0,0,0,0,0]","[0,0,0,0,0,0]","[-0.901087,-0.57796,0.208827,-0.636114,-0.864264,0.0700325]",0,"[]","[]","[]","[]","[]","[]","[]","[]","[]","[]",2,"[704103,570712]","[-1.26017,-0.549616]","[-0.658898,2.45566]","[1.34149e+06,668936]","[29011.2,114271]","[0,0]","[4.34945,0.976871]","[0.544958,0.680363]",0,"[]","[]","[]","[]","[]","[]","[]","[]","[]","[]",0,"[48.0222]",33262.4,"[17528,18213.2,5460.83,3331.01,4152.28,1945.13]","[]","[29527.4,2165.19]","[]"
42,284500,1898840,364159,1,617.44,5.4184e+06,0.619412,1,1.0008,1,1,0.997239,0.99828,1,0,1,0,1,"[1]","[1]","[87230.2]","[-2.26301]","[2.88328]","[423767]","[0.0446777]","[-1]","[13]","[1]","[0]","[338.372]","[-0.0130561]","[1.61602]",73427.6,-2.33799,3,"[253180,116446,35677.8]","[-1.24142,1.13221,-1.40336]","[0.406252,-2.91336,-1.37565]","[475006,199673,77129.4]","[1,0.996785,0.990987]","[0,0,0]","[0,0,0]","[-0.372743,-0.947449,-0.891411]",0,"[]","[]","[]","[]","[]","[]","[]","[]","[]","[]",1,"[278836]","[-1.19592]","[0.409956]","[503463]","[17419.5]","[0]","[2.39843]","[0.695839]",0,"[]","[]","[]","[]","[]","[]","[]","[]","[]","[]",0,"[1591.32]",2950.9,"[3565.21,5070.08,2059.48]","[]","[20186.7]","[]"
43,284500,4212211,364159,1,617.44,5.4184e+06,1.21412,1,0.997374,1,1,0.997269,0.976419,1,0,1,0,1,"[1]","[1]","[119942]","[-0.489947]","[1.00043]","[134628]","[0.0445418]","[1]","[13]","[1]","[0]","[321.595]","[0.016913]","[3.71173]",59973,2.67139,4,"[229954,68435.8,23382.4,23274.3]","[-1.03484,1.54695,-0.477155,-0.698264]","[-1.79818,1.71404,-2.53804,-0.579157]","[366508,168197,26459.6,29545.4]","[1,0.991552,0.995727,0.774762]","[0,0,0,0]","[0,0,0,0]","[-0.869498,-0.92754,-0.930511,-0.586352]",0,"[]","[]","[]","[]","[]","[]","[]","[]","[]","[]",1,"[252932]","[-1.00163]","[-1.83814]","[398364]","[77370.5]","[0]","[2.33281]","[0.523139]",0,"[]","[]","[]","[]","[]","[]","[]","[]","[]","[]",0,"[4224.24]",6622.61,"[8363.28,5197.03,1816.79,2095.19]","[]","[0]","[]"
44,284500,2748100,364159,-1,617.44,5.4184e+06,0.619412,1,0.985967,1,1,0.988278,0.979119,1,0,1,0,1,"[1]","[1]","[52567.9]","[1.78084]","[-2.5218]","[160420]","[-163.441]","[-1]","[13]","[1]","[0]","[515.711]","[0.0154937]","[1.7364]",61449.9,0.576747,4,"[1.00705e+06,925056,132441,36385.2]","[-0.742651,-1.04263,-0.807283,-1.10731]","[3.04321,-0.249771,0.650775,1.67921]","[1.30205e+06,1.47553e+06,179875,61380.8]","[0.9987,1,0.995556,0.99321]","[0,0,0,0]","[0,0,0,0]","[-0.898848,-0.898517,-0.8225,-0.854162]",0,"[]","[]","[]","[]","[]","[]","[]","[]","[]","[]",2,"[1.03363e+06,1.03144e+06]","[-0.692405,-1.0031]","[3.0405,-0.184661]","[1.29498e+06,1.61952e+06]","[95417.5,278666]","[0,0]","[1.43287,2.07437]","[0.738466,0.721996]",0,"[]","[]","[]","[]","[]","[]","[]","[]","[]","[]",0,"[490.731]",6137.06,"[16934.3,33138.7,4149.03,4977.89]","[]","[1625.06,60249.4]","[]"
45,284500,2689019,364159,1,617.44,5.4184e+06,0.923924,1,0.985082,1,1,0.996415,0.968027,1,0,1,0,1,"[1]","[1]","[43034.7]","[1.94893]","[1.72931]","[154141]","[-0.0993443]","[-1]","[13]","[1]","[0]","[298.248]","[-0.0309273]","[3.35751]",45284,2.59764,5,"[240961,134441,97930.8,74683.1,23815.5]","[-0.344904,-0.549472,1.38764,0.212616,-1.07352]","[-2.18854,0.816716,-0.71842,0.997931,2.53558]","[257619,156989,208433,77586.8,39122.6]","[0,0.00436007,0.998785,0,0.994262]","[0,0,0,0,0]","[0,0,0,0,0]","[-0.694091,-0.777369,-0.928638,-0.764739,-0.645475]",0,"[]","[]","[]","[]","[]","[]","[]","[]","[]","[]",1,"[261187]","[-0.259127]","[-2.21017]","[282920]","[84502.7]","[0]","[2.2666]","[0.651403]",0,"[]","[]","[]","[]","[]","[]","[]","[]","[]","[]",0,"[343.616]",24680.1,"[4631.32,3395.19,6296.42,2169.61,1701.37]","[]","[2767.36]","[]"
46,284500,7042940,364159,1,617.44,5.4184e+06,0.596562,1,1.0027,1,1,0.998386,1.01367,1,0,1,0,1,"[0]","[1]","[93825.1]","[1.17057]","[-0.11972]","[165790]","[0.00312042]","[1]","[13]","[1]","[2418.73]","[670.908]","[-0.0210146]","[3.46374]",43177.4,-0.013624,3,"[282650,96774,51211.6]","[1.79271,1.58016,-0.118574]","[2.80787,-0.917941,-0.0746875]","[872535,245306,52095.1]","[0.996315,0.994135,0.957312]","[0,0,0]","[0,0,0]","[-0.59353,-0.638365,-0.919787]",0,"[]","[]","[]","[]","[]","[]","[]","[]","[]","[]",1,"[273101]","[1.77574]","[2.80249]","[829467]","[9661.68]","[0]","[7.33289]","[0.279516]",0,"[]","[]","[]","[]","[]","[]","[]","[]","[]","[]",0,"[1359.51]",1914.2,"[5988.73,8042.96,4403.47]","[]","[8190.84]","[]"
47,284500,7864763,364159,-1,617.44,5.4184e+06,0.738662,1,0.998852,1,1,0.99842,0.963316,1,0,1,0,1,"[1]","[1]","[47978.5]","[-0.719782]","[-0.0831833]","[60953]","[12.673]","[-1]","[13]","[1]","[0]","[-985.12]","[-0.00845157]","[1.11503]",78754.1,2.50773,3,"[261550,208473,79506.8]","[-0.962033,-1.26892,-0.895922]","[0.560731,-2.75059,-1.71069]","[393000,400429,114312]","[0.996317,0.992624,0.996263]","[0,0,0]","[0,0,0]","[-0.788344,-0.706054,-0.808361]",0,"[]","[]","[]","[]","[]","[]","[]","[]","[]","[]",2,"[272189,257517]","[-0.95655,-1.27887]","[0.564197,-2.53121]","[407099,516364]","[22028.2,134964]","[0,0]","[2.54382,0.849726]","[0.84863,0.594489]",0,"[]","[]","[]","[]","[]","[]","[]","[]","[]","[]",0,"[198.256]",2099.62,"[4527.1,8195.42,3073.46]","[]","[3771.09,1118.97]","[]"
48,284500,7059817,364159,-1,617.44,5.4184e+06,1.24168,1,1.0012,1,1,0.99711,1.0226,1,0,1,0,1,"[1]","[1]","[101799]","[-1.39486]","[0.257594]","[217966]","[-0.0194225]","[1]","[13]","[1]","[0]","[-693.471]","[-0.00432542]","[0.702429]",57984.5,-2.5492,4,"[268314,109333,101485,69816.3]","[-1.96317,-2.39467,-1.98498,-1.41809]","[1.15303,-2.73957,-2.03632,-1.26337]","[974444,604533,376436,153336]","[0,0.994306,0.0932527,0.00362302]","[0,0,0,0]","[0,0,0,0]","[-0.833444,-0.688328,-0.963166,-0.884487]",0,"[]","[]","[]","[]","[]","[]","[]","[]","[]","[]",1,"[261295]","[-1.9546]","[1.15353]","[941112]","[13294.6]","[0]","[3.47329]","[0.601485]",0,"[]","[]","[]","[]","[]","[]","[]","[]","[]","[]",0,"[2078.84]",20083.6,"[24462.9,3836.09,6920.27,4465.98]","[]","[21437.5]","[]"
49,284500,4685061,364159,1,617.44,5.4184e+06,0,1,0.974256,1,1,0.997702,1.0086,1,0,1,0,1,"[1]","[1]","[31811.1]","[-1.74772]","[-2.21768]","[94091.8]","[-0.135448]","[-1]","[13]","[1]","[0]","[1303.89]","[0.010763]","[0.955317]",57308.2,1.37937,4,"[248167,233020,31038,23008]","[0.706078,-0.480295,0.938605,-0.846956]","[0.251781,-2.87376,1.13506,-2.06404]","[313565,260625,46056.1,32083.4]","[0.981915,0.974149,0.996148,0.938369]","[0,0,0,0]","[0,0,0,0]","[-0.873764,-0.723868,-0.860171,-0.812385]",0,"[]","[]","[]","[]","[]","[]","[]","[]","[]","[]",1,"[257097]","[-0.468562]","[-2.87406]","[286089]","[11931.3]","[0]","[8.42481]","[0.421542]",0,"[]","[]","[]","[]","[]","[]","[]","[]","[]","[]",0,"[94.6116]",3790.16,"[5377.92,5680.02,9183.82,2827.67]","[]","[8555.33]","[]"
50,284500,3274462,364159,1,617.44,5.4184e+06,0.187531,1,0.979958,1,1,0.997966,1.01258,1,0,1,0,1,"[1]","[1]","[50800.7]","[1.80152]","[2.61596]","[158089]","[-29.0379]","[1]","[13]","[1]","[0]","[171.553]","[0.000629701]","[0.062841]",34405.5,-1.28848,3,"[280466,228549,74298]","[-1.71407,0.336371,-2.48472]","[-0.218945,2.55855,-2.32793]","[803808,241912,448922]","[0.998782,0.999923,0.996755]","[0,0,0]","[0,0,0]","[-0.709093,-0.945791,-0.805267]",0,"[]","[]","[]","[]","[]","[]","[]","[]","[]","[]",1,"[267311]","[-1.73113]","[-0.21771]","[778540]","[13614.7]","[0]","[6.98854]","[0.340155]",0,"[]","[]","[]","[]","[]","[]","[]","[]","[]","[]",0,"[136.168]",960.148,"[5150.27,7290.09,9143.45]","[]","[4230.72]","[]"
51,284500,4444460,364159,1,617.44,5.4184e+06,1.26459,1,0.988698,1,1,0.993623,1.00958,1,0,1,0,1,"[1]","[1]","[30181.7]","[1.85336]","[2.67828]","[98662.9]","[129.572]","[-1]","[13]","[1]","[0]","[-144.645]","[0.00889792]","[0.849849]",7786.98,2.05735,6,"[522774,171294,162698,118827,55657.7,54415.3]","[1.43032,0.18134,2.22634,-0.274633,1.52455,-0.383173]","[1.62129,-2.03412,-1.16269,-1.82698,-0.683214,-1.10453]","[1.1559e+06,174782,762908,124005,133957,59233.2]","[0.994137,0.985973,0.966153,0.994361,0.975021,0.893285]","[0,0,0,0,0,0]","[0,0,0,0,0,0]","[-0.986677,-0.91708,-0.901406,-0.900638,-0.873313,-0.747558]",0,"[]","[]","[]","[]","[]","[]","[]","[]","[]","[]",2,"[486912,323319]","[1.42135,-0.052948]","[1.61616,-1.85452]","[1.06782e+06,346233]","[32170.4,122675]","[0,0]","[2.24182,1.40332]","[0.687255,0.425751]",0,"[]","[]","[]","[]","[]","[]","[]","[]","[]","[]",0,"[89.679]",37801.7,"[7391.04,8481.21,5970.73,3747.18,3757.87,2553.63]","[]","[43168.7,8515.34]","[]"
52,284500,4218901,364159,-1,617.44,5.4184e+06,1.21412,1,1.00015,1,1,0.99147,0.953101,1,0,1,0,1,"[1]","[1]","[61602.6]","[1.22679]","[-1.6806]","[114073]","[120.249]","[1]","[13]","[1]","[1273.62]","[-1484.83]","[-0.00800233]","[1.2429]",3956.26,0.0275375,11,"[259041,147030,105540,48844.3,46903.3,44309.2,42837.3,33700.3,26415,23073.7,20195.7]","[0.440218,-1.79834,-0.0581561,-0.623108,-1.98432,-0.985027,-1.44859,1.40064,-0.830236,-0.982474,0.581735]","[1.60783,2.46871,-0.148209,-0.6642,-0.872551,-2.60368,-0.961866,-1.09375,1.76332,-1.69499,-0.401308]","[286092,456465,106235,59414.1,173989,67976.2,96463.2,72862.9,36799.3,35528,24062.4]","[0.999237,0.988347,0.998201,0.997622,0.991274,1,0.993579,0.99045,0.907642,1,0.612579]","[0,0,0,0,0,0,0,0,0,0,0]","[0,0,0,0,0,0,0,0,0,0,0]","[-0.955946,-0.8869,-0.109623,-0.942164,-0.916219,-0.919146,-0.914836,-0.858856,-0.814665,-0.555273,-0.902782]",0,"[]","[]","[]","[]","[]","[]","[]","[]","[]","[]",1,"[302326]","[0.477296]","[1.52838]","[345681]","[75115.8]","[0]","[2.02791]","[0.660227]",0,"[]","[]","[]","[]","[]","[]","[]","[]","[]","[]",0,"[511.595]",23077.6,"[6678.67,4964.83,2476.83,2064.08,3302.52,2259.48,2535.24,2246.54,1776.16,2265.17,188.157]","[]","[950.406]","[]"
53,284500,1282469,364159,1,617.44,5.4184e+06,1.24168,1,0.985082,1,1,0.997191,0.939087,1,0,1,0,1,"[1]","[1]","[67835.1]","[1.79582]","[1.36008]","[209964]","[-39.9352]","[-1]","[13]","[1]","[0]","[-481.424]","[-0.0216707]","[3.31401]",86750.4,0.428504,4,"[198574,148612,55103.1,26246]","[-0.793986,-1.23105,0.0475356,-0.225724]","[-2.77123,-0.0109645,-2.79553,0.638749]","[265691,276713,56109.8,27274.4]","[0.990722,0.992662,0.986814,0.96213]","[0,0,0,0]","[0,0,0,0]","[-0.25696,-0.618603,-0.241238,-0.853037]",0,"[]","[]","[]","[]","[]","[]","[]","[]","[]","[]",1,"[253477]","[-0.668814]","[-2.77824]","[329089]","[103727]","[0]","[1.58216]","[0.720313]",0,"[]","[]","[]","[]","[]","[]","[]","[]","[]","[]",0,"[1210.24]",5961.53,"[5628.4,9610.38,2280.03,3226.53]","[]","[2784.52]","[]"
54,284500,5934504,364159,1.20483,617.44,5.4184e+06,0,1,0.995621,1,1,0.99716,0.940094,1,0,1,0,1,"[1]","[1]","[72846.2]","[0.287478]","[-0.0750392]","[75877.2]","[-72.4388]","[-1]","[13]","[0]","[1258.88]","[-984.666]","[-0.00117234]","[0.151135]",21938.3,-0.381664,5,"[282373,211204,69339.9,59887.3,33195.6]","[1.80142,-1.4478,0.866063,1.05871,-0.544087]","[1.11723,-2.20671,2.77203,-1.81807,-2.09281]","[878770,474556,97328.1,96937.8,38785.4]","[0.98107,0.992172,0,0.98,0.999447]","[0,0,0,0,0]","[0,0,0,0,0]","[-0.541181,-0.921515,-0.841935,-0.887312,-0.235721]",0,"[]","[]","[]","[]","[]","[]","[]","[]","[]","[]",1,"[295722]","[1.80916]","[1.11811]","[927099]","[16097.5]","[0]","[4.40655]","[0.475127]",0,"[]","[]","[]","[]","[]","[]","[]","[]","[]","[]",0,"[1995.51]",5141.47,"[16744.2,3126.12,5114.98,6115.99,2141.8]","[]","[3602.69]","[]"
55,284500,5934639,364159,1,617.44,5.4184e+06,0.619412,1,0.993445,1,1,0.998154,0.931335,1,0,1,0,1,"[1]","[1]","[97582.8]","[-0.309705]","[1.47673]","[102300]","[0.0769043]","[1]","[13]","[1]","[0]","[2610.72]","[0.00960787]","[1.76736]",59829.6,2.38012,3,"[249241,75908,21212.3]","[-0.796485,0.523323,-0.109388]","[-1.66405,1.39368,2.06288]","[332958,87727,21808.2]","[0.998466,0.995096,0.968836]","[0,0,0]","[0,0,0]","[0.70347,-0.709243,-0.478453]",0,"[]","[]","[]","[]","[]","[]","[]","[]","[]","[]",1,"[254143]","[-0.824459]","[-1.66804]","[345651]","[9419.89]","[0]","[3.40515]","[0.641407]",0,"[]","[]","[]","[]","[]","[]","[]","[]","[]","[]",0,"[4083.17]",9764.77,"[3768.94,7810.74,1325.37]","[]","[0]","[]"
56,284500,6522165,364159,1,617.44,5.4184e+06,1.25133,1,0.999528,1,1,1.35865,0.948081,1,0,1,0,1,"[1]","[1]","[29510.7]","[1.598]","[2.18927]","[75922.4]","[-27.8322]","[-1]","[13]","[1]","[0]","[-565.607]","[-0.000338726]","[0.035613]",127304,-0.306795,6,"[192142,184909,104639,55618.7,24565.5,23534.4]","[-0.28817,0.28985,1.24677,-0.115867,-1.28983,-1.10937]","[-0.427962,3.08762,2.90114,1.97445,1.03148,-2.05361]","[201627,195503,197914,56862,48235.4,39801.7]","[0.992392,0.999406,0.00462082,0.9986,0.991098,0.978148]","[0,0,0,0,0,0]","[0,0,0,0,0,0]","[-0.950423,0.93723,-0.984151,-0.752518,-0.677061,0.0597665]",0,"[]","[]","[]","[]","[]","[]","[]","[]","[]","[]",1,"[283089]","[0.745618]","[3.02238]","[382566]","[113009]","[0]","[0.986977]","[0.634291]",0,"[]","[]","[]","[]","[]","[]","[]","[]","[]","[]",0,"[283.504]",16169.5,"[3454.6,6800.95,10639.2,4373.45,2196.68,1665.27]","[]","[18602.7]","[]"
57,284500,4600565,364159,1,617.44,5.4184e+06,1.25133,1,0.997754,1,1,0.99527,0.923753,1,0,1,0,1,"[1]","[1]","[129866]","[-1.11222]","[1.17048]","[218820]","[0.0185938]","[1]","[13]","[1]","[0]","[-764.438]","[0.0115966]","[2.39012]",21910.7,1.08366,4,"[222656,142659,99427.7,20530.3]","[-0.481131,0.340377,0.774947,2.45992]","[2.96998,-0.134149,-0.808519,-2.22888]","[253134,152340,131582,121055]","[0,0,0,0]","[0,0,0,0]","[0,0,0,0]","[-0.722361,-0.738172,-0.72093,-0.820264]",0,"[]","[]","[]","[]","[]","[]","[]","[]","[]","[]",1,"[261872]","[-0.491877]","[2.92]","[301857]","[67576]","[0]","[1.35384]","[0.62161]",0,"[]","[]","[]","[]","[]","[]","[]","[]","[]","[]",0,"[5900.89]",1663.87,"[8893.26,2218.75,4251.83,1181.45]","[]","[4935.2]","[]"
58,284500,4479464,364159,1,617.44,5.4184e+06,0.75088,1,0.997389,1,1,0.995383,1.0008,1,0,1,0,1,"[0]","[1]","[91292.9]","[-1.26817]","[2.76186]","[175086]","[-0.0450478]","[-1]","[13]","[1]","[0]","[-627.948]","[0.00137357]","[0.222383]",53052.7,1.39017,5,"[289210,119605,41011.1,30860.1,22863.1]","[-1.79249,2.15965,-0.785616,0.35277,1.92715]","[-0.688717,2.65838,2.99613,2.13496,2.24588]","[892975,525400,54901,33434.2,80316.1]","[0.990914,0.999997,0.997499,1,0.998438]","[0,0,0,0,0]","[0,0,0,0,0]","[-0.901085,-0.698009,-0.880116,-0.828611,-0.633699]",0,"[]","[]","[]","[]","[]","[]","[]","[]","[]","[]",1,"[284333]","[-1.79909]","[-0.679225]","[883260]","[28512.7]","[0]","[1.87977]","[0.621759]",0,"[]","[]","[]","[]","[]","[]","[]","[]","[]","[]",0,"[1353.96]",31782.6,"[16884.6,8761.84,2660.15,6435.2,2939.3]","[]","[2264.03]","[]"
59,284500,5983285,364159,4.03802,617.44,5.4184e+06,0.696077,1,0.998696,1,1,0.998108,0.914183,1,0,1,0,1,"[1]","[1]","[43264.2]","[1.05888]","[-2.46518]","[69871.5]","[0.00376892]","[1]","[13]","[1]","[0]","[-799.839]","[0.0298719]","[3.78677]",255168,2.50225,2,"[163858,110587]","[-1.31165,-0.403921]","[-0.48977,-0.500301]","[326823,119953]","[0.113914,0.993264]","[0,0]","[0,0]","[-0.867862,-0.98925]",0,"[]","[]","[]","[]","[]","[]","[]","[]","[]","[]",1,"[250195]","[-0.973664]","[-0.489733]","[394549]","[111519]","[0]","[0.42672]","[0.685533]",0,"[]","[]","[]","[]","[]","[]","[]","[]","[]","[]",0,"[369.632]",10309.6,"[8242.86,3243.28]","[]","[0]","[]"
60,284500,8537800,364159,1,617.44,5.4184e+06,0.619412,1,0.999389,1,1,1.89061,0.991697,1,0,1,0,1,"[1]","[1]","[40832.6]","[-1.20399]","[-1.46923]","[74180.1]","[127.724]","[-1]","[13]","[1]","[2422.08]","[-1127.66]","[-0.00146999]","[0.15866]",173358,2.53995,3,"[284497,123444,43104.8]","[-1.61988,-0.361915,0.655919]","[-0.52844,2.58636,-1.87273]","[748286,132346,53571]","[0.996831,0.991042,0.619567]","[0,0,0]","[0,0,0]","[-0.912136,0.944614,0.946497]",0,"[]","[]","[]","[]","[]","[]","[]","[]","[]","[]",1,"[285158]","[-1.62376]","[-0.527165]","[752202]","[37058.1]","[0]","[1.65196]","[0.869233]",0,"[]","[]","[]","[]","[]","[]","[]","[]","[]","[]",0,"[517.45]",3376.92,"[13638.6,2145.61,2102.01]","[]","[12646.5]","[]"
61,284500,4857598,364159,1,617.44,5.4184e+06,0.923924,1,0.999434,1,1,0.994928,0.994531,1,0,1,0,1,"[1]","[1]","[104142]","[-2.34389]","[-2.92766]","[547664]","[-23.2413]","[-1]","[13]","[1]","[0]","[454.146]","[0.0152371]","[1.7011]",17573.2,-2.01955,6,"[283708,153213,112544,57267.5,44782.1,37823]","[-1.25828,0.178716,-1.77761,-0.45641,2.04168,1.51992]","[-3.12672,-0.136772,0.152132,-0.75231,0.795509,1.21818]","[540765,156603,342527,63540,175628,90883.3]","[0.996189,1,0,0.993656,0.976586,0.994299]","[0,0,0,0,0,0]","[0,0,0,0,0,0]","[-0.030066,-0.947133,-0.811824,-0.948865,-0.6461,-0.903123]",0,"[]","[]","[]","[]","[]","[]","[]","[]","[]","[]",1,"[296178]","[-1.27435]","[-3.12772]","[572462]","[40484.7]","[0]","[1.51643]","[0.785295]",0,"[]","[]","[]","[]","[]","[]","[]","[]","[]","[]",0,"[253.206]",1787.45,"[10501.8,4311.35,3554.66,5763.8,6592.77,2301.27]","[]","[1660.22]","[]"
62,284500,6350318,364159,1,617.44,5.4184e+06,1.32095,1,0.998223,1,1,0.997707,1.00366,1,0,1,0,1,"[1]","[1]","[86290.2]","[-2.44151]","[1.59782]","[499509]","[-0.0335999]","[1]","[13]","[1]","[0]","[202.649]","[0.0100224]","[1.00567]",41445.6,-0.966203,4,"[252460,233448,88562.6,36149.7]","[1.93787,0.0156395,-0.697366,-0.929434]","[3.02427,-0.132771,-1.56886,1.57622]","[894871,233885,111507,53234.5]","[0.236377,0.160503,0.998338,0.985961]","[0,0,0,0]","[0,0,0,0]","[-0.880174,-0.973616,-0.470171,-0.791948]",0,"[]","[]","[]","[]","[]","[]","[]","[]","[]","[]",1,"[260413]","[1.94109]","[3.02418]","[925885]","[15726.4]","[0]","[2.35259]","[0.731637]",0,"[]","[]","[]","[]","[]","[]","[]","[]","[]","[]",0,"[896.204]",8150.36,"[15931.3,5107.86,6418.92,6055.38]","[]","[15144.9]","[]"
63,284500,7307510,364159,1,617.44,5.4184e+06,0.619412,1,0.980129,1,1,0.997696,0.999576,1,0,1,0,1,"[1]","[1]","[48999]","[1.29882]","[1.56081]","[96474.6]","[0.0126114]","[-1]","[13]","[1]","[0]","[123.295]","[0.00535227]","[0.667355]",127425,-2.00716,4,"[302808,149520,63258.4,60472.4]","[0.0180516,-0.688263,-0.366008,-1.16494]","[1.91561,-0.893375,-1.72167,-0.746489]","[305073,187711,68518.6,106553]","[0.00340146,0,0,1]","[0,0,0,0]","[0,0,0,0]","[-0.905525,-0.788215,-0.813238,-0.747586]",0,"[]","[]","[]","[]","[]","[]","[]","[]","[]","[]",1,"[330360]","[0.0703883]","[1.91255]","[333854]","[42181.1]","[0]","[1.52853]","[0.712645]",0,"[]","[]","[]","[]","[]","[]","[]","[]","[]","[]",0,"[684.597]",56782.1,"[6352.23,2360.02,2754.78,2139.76]","[]","[20242.1]","[]"
64,284500,4912463,364159,1,617.44,5.4184e+06,1.21412,1,0.998393,1,1,0.997832,0.979008,1,0,1,0,1,"[0]","[1]","[116506]","[-0.402877]","[1.63309]","[126090]","[0.0918198]","[-1]","[13]","[1]","[0]","[1070.47]","[-0.0170464]","[2.17631]",44139.9,2.11075,3,"[292906,117685,45239.8]","[-0.515479,0.101141,1.24272]","[-1.50982,1.97045,1.02629]","[332968,119392,85092.8]","[0.98828,0.999734,0.963929]","[0,0,0]","[0,0,0]","[-0.854276,-0.792369,-0.919311]",0,"[]","[]","[]","[]","[]","[]","[]","[]","[]","[]",1,"[320068]","[-0.45721]","[-1.50766]","[354822]","[22487.2]","[0]","[6.48593]","[0.486509]",0,"[]","[]","[]","[]","[]","[]","[]","[]","[]","[]",0,"[7628.67]",1116.07,"[4592.98,2793.04,4313.05]","[]","[21076.1]","[]"
65,284500,9210218,364159,1,617.44,5.4184e+06,0.738662,1,0.997754,1,1,0.997275,0.923753,1,0,1,0,1,"[1]","[1]","[52557.2]","[-1.08621]","[1.28887]","[86733.2]","[62.242]","[1]","[13]","[1]","[1395.67]","[-1516.7]","[-0.0243256]","[3.72999]",68500,-1.48355,4,"[277341,173009,46375.1,30163.9]","[0.00390671,-1.26713,1.88932,0.735438]","[2.1659,-1.2095,-0.59293,-0.755169]","[278272,333043,157178,39085.5]","[0.998231,0.996195,0.992188,0.912285]","[0,0,0,0]","[0,0,0,0]","[-0.952822,-0.869841,-0.558788,-0.787247]",0,"[]","[]","[]","[]","[]","[]","[]","[]","[]","[]",1,"[273242]","[-0.0305384]","[2.17654]","[273728]","[14006.5]","[0]","[2.52421]","[0.528501]",0,"[]","[]","[]","[]","[]","[]","[]","[]","[]","[]",0,"[691.933]",1895.72,"[3328.59,6353.59,2292.21,4053.94]","[]","[23816.2]","[]"
66,284500,5798131,364159,1,617.44,5.4184e+06,0.75088,1,0.984602,1,1,0.996502,1.02745,1,0,1,0,1,"[1]","[1]","[32657.6]","[1.73374]","[-1.62296]","[95334.7]","[-85.3423]","[1]","[13]","[1]","[1501.47]","[-65.6874]","[0.00567599]","[0.553342]",68207.7,-0.239196,6,"[153931,107647,81547.5,62895.8,58328.8,36032]","[-1.23306,-0.44734,-1.21252,-0.0170428,0.193687,-0.427336]","[2.36137,2.30331,-1.3682,2.48526,0.503964,-0.657042]","[287751,119225,149789,63281.9,60116.9,40089.5]","[1,0.99,0.999529,0,1,0.999979]","[0,0,0,0,0,0]","[0,0,0,0,0,0]","[-0.821865,-0.942039,-0.951138,-0.811722,-0.932362,-0.934988]",0,"[]","[]","[]","[]","[]","[]","[]","[]","[]","[]",1,"[315121]","[-0.810551]","[2.37535]","[457994]","[172097]","[0]","[1.09792]","[0.651339]",0,"[]","[]","[]","[]","[]","[]","[]","[]","[]","[]",0,"[57.1744]",7292.12,"[10995.7,4289.76,8074.54,2442.1,1845.58,5107.68]","[]","[12202.7]","[]"
67,284500,10672933,364159,1,617.44,5.4184e+06,1.26459,1,0.997943,1,1,0.996771,0.942098,1,0,1,0,1,"[1]","[1]","[51780.9]","[-1.14053]","[1.21192]","[89272.6]","[14.0351]","[1]","[13]","[1]","[0]","[-267.03]","[0.0177705]","[2.24757]",12184.6,-1.40478,5,"[274662,237137,148371,114541,71527.4]","[-0.176451,0.58982,-2.00543,1.01653,-1.17288]","[2.22472,-1.46758,0.943352,-1.94247,-0.13646]","[280058,280400,561313,179809,126969]","[0.985661,0.990507,0.997427,1,0.997023]","[0,0,0,0,0]","[0,0,0,0,0]","[-0.898221,-0.964155,-0.555336,-0.729483,0.161272]",0,"[]","[]","[]","[]","[]","[]","[]","[]","[]","[]",2,"[323969,316347]","[-0.114915,0.750742]","[2.2228,-1.61228]","[329715,423051]","[48617.6,105199]","[0,0]","[2.02611,1.03019]","[0.531643,0.764902]",0,"[]","[]","[]","[]","[]","[]","[]","[]","[]","[]",0,"[857.152]",3847.35,"[6675.06,2967.79,4660.08,2456.99,2774.23]","[]","[8705.47,21035.2]","[]"
68,284500,11641200,364159,1,617.44,5.4184e+06,0.923924,1,0.986421,1,1,0.996726,0.929146,1,0,1,0,1,"[0]","[1]","[87036.1]","[-0.762936]","[-1.23174]","[113619]","[0.0214653]","[1]","[13]","[1]","[0]","[2381.36]","[0.00351813]","[0.465932]",26638.7,2.30121,6,"[277407,66930.8,55792.4,50418.1,30404.6,20126.7]","[-1.91631,-1.21304,1.05677,-0.760041,0.722498,0.430743]","[2.09123,-1.5204,-0.822346,-0.422892,-0.199491,-0.81205]","[963128,123145,90492.1,65902.3,39203.7,22476.6]","[1,0.987681,0.99951,0.89,0.993783,0.692269]","[0,0,0,0,0,0]","[0,0,0,0,0,0]","[-0.822917,-0.935361,-0.491336,-0.515963,-0.776515,-0.844912]",0,"[]","[]","[]","[]","[]","[]","[]","[]","[]","[]",1,"[281424]","[-1.91277]","[2.09599]","[973743]","[13012]","[0]","[5.52353]","[0.765983]",0,"[]","[]","[]","[]","[]","[]","[]","[]","[]","[]",0,"[2355.14]",8916.25,"[4528.19,7486.01,2716.78,2026.63,2312.28,1118.9]","[]","[17579.9]","[]"
69,284500,14002158,364159,-1,617.44,5.4184e+06,1.21412,1,0.995534,1,1,1.39063,0.873594,1,0,1,0,1,"[1]","[1]","[45869.6]","[0.157578]","[-1.00626]","[46440.4]","[-88.3748]","[1]","[13]","[1]","[0]","[-565.26]","[-0.00455048]","[0.742688]",70798.4,2.08359,4,"[254028,210543,32549,22445.7]","[-0.571024,0.335147,1.84719,0.951095]","[0.24306,-2.90842,-1.87083,-3.0835]","[297670,223318,105842,33651.2]","[1,0.988457,0.999379,0.997961]","[0,0,0,0]","[0,0,0,0]","[-0.960783,-0.810211,-0.894795,0.996935]",0,"[]","[]","[]","[]","[]","[]","[]","[]","[]","[]",1,"[261754]","[-0.540882]","[0.24099]","[301786]","[21981.3]","[0]","[2.30426]","[0.777672]",0,"[]","[]","[]","[]","[]","[]","[]","[]","[]","[]",0,"[243.06]",11126.1,"[3120.04,2749.49,1965.74,1585.07]","[]","[4813.33]","[]"
70,284500,13264747,364159,1,617.44,5.4184e+06,0.934886,1,0.998634,1,1,0.99513,0.928508,1,0,1,0,1,"[0]","[1]","[59500.8]","[0.275972]","[2.35129]","[61781.1]","[0.000980377]","[1]","[13]","[1]","[0]","[-433.742]","[0.0162621]","[3.19191]",60178.9,-2.6317,4,"[270321,157909,37141.9,25258.7]","[1.35453,0.867911,1.30698,-1.87291]","[-0.364048,2.45369,2.7489,-1.77067]","[559022,222739,74036.8,84260.4]","[0.98617,0.991758,1,0.99]","[0,0,0,0]","[0,0,0,0]","[-0.942764,-0.878354,-0.931476,-0.546463]",0,"[]","[]","[]","[]","[]","[]","[]","[]","[]","[]",1,"[256969]","[1.36746]","[-0.369415]","[537519]","[21713.6]","[0]","[2.32158]","[0.605921]",0,"[]","[]","[]","[]","[]","[]","[]","[]","[]","[]",0,"[179.82]",4893.12,"[3989.45,8689.62,10106.7,3272.65]","[]","[1743.33]","[]"
71,284500,13396019,364159,1,617.44,5.4184e+06,0.738662,1,0.997331,1,1,0.998355,0.759796,1,0,1,0,1,"[1]","[1]","[91136.7]","[0.96569]","[-1.55252]","[137039]","[-0.0117264]","[1]","[13]","[1]","[0]","[3122.28]","[0.0283392]","[3.32516]",40653,2.23579,3,"[270351,101416,25567.3]","[1.02891,-1.24819,0.00862221]","[-2.14809,1.43492,0.691094]","[427048,191873,26004.6]","[0.119122,0.987008,0.936724]","[0,0,0]","[0,0,0]","[-0.961483,-0.860085,-0.627911]",0,"[]","[]","[]","[]","[]","[]","[]","[]","[]","[]",2,"[353326,308940]","[1.03436,1.14561]","[-2.02564,1.05785]","[565610,540171]","[80844.5,75741.2]","[0,0]","[1.05275,2.80366]","[0.686687,0.753005]",0,"[]","[]","[]","[]","[]","[]","[]","[]","[]","[]",0,"[157.316]",2655.53,"[3523.41,3639.1,1769.81]","[]","[4674.84,15372.9]","[]"
72,284500,6407818,364159,1,617.44,5.4184e+06,0.923924,1,0.999721,1,1,0.99346,0.995133,1,0,1,0,1,"[0]","[1]","[109084]","[-1.19116]","[0.752468]","[196067]","[0.0146084]","[1]","[13]","[1]","[0]","[-752.418]","[-0.038479]","[4.75803]",376878,0.464234,4,"[860077,338218,60800.6,27706.6]","[0.0545813,1.62555,-0.525426,-1.17945]","[-2.63473,0.519532,0.37068,-2.49042]","[864420,893787,69773.2,49681.7]","[1,1,0.688889,1]","[0,0,0,0]","[0,0,0,0]","[-0.416588,-0.729317,-0.886233,-0.84685]",0,"[]","[]","[]","[]","[]","[]","[]","[]","[]","[]",2,"[881263,329703]","[0.0699654,1.62712]","[-2.63305,0.514458]","[886359,872592]","[72105.6,46491.8]","[0,0]","[2.6075,1.49371]","[0.73733,0.614573]",0,"[]","[]","[]","[]","[]","[]","[]","[]","[]","[]",0,"[724.012]",27337.1,"[26235,8555.31,3094.43,1957.73]","[]","[57660.7,8391.94]","[]"
73,284500,8141830,364159,1,617.44,5.4184e+06,1.22586,1,0.985409,1,1,0.996684,0.975742,1,0,1,0,1,"[1]","[1]","[121647]","[-1.92551]","[-1.05122]","[426037]","[0.0517502]","[1]","[13]","[1]","[0]","[-416.303]","[0.0197945]","[3.16252]",6460.69,2.53619,4,"[189048,165500,82585.8,22674.3]","[-0.223347,0.199875,0.00579957,-1.06974]","[2.08004,-1.32101,1.51869,1.74469]","[196441,169720,83712.4,37086.2]","[0.977457,0,0,1]","[0,0,0,0]","[0,0,0,0]","[-0.933021,-0.740104,-0.805132,-0.520487]",0,"[]","[]","[]","[]","[]","[]","[]","[]","[]","[]",1,"[265062]","[-0.198337]","[1.93561]","[274697]","[48991.6]","[0]","[1.25128]","[0.597015]",0,"[]","[]","[]","[]","[]","[]","[]","[]","[]","[]",0,"[582.198]",18897.2,"[8279.3,2783.31,3130.93,1623.46]","[]","[19826]","[]"
74,284500,5240031,364159,-1,617.44,5.4184e+06,0.351687,1,0.998208,1,1,0.996018,0.981581,1,0,1,0,1,"[1]","[1]","[52081.7]","[-1.37058]","[2.74967]","[109153]","[-56.0681]","[1]","[13]","[1]","[0]","[-879.752]","[-0.00772344]","[1.01169]",46714.7,1.27044,6,"[280503,124877,118433,73723.2,65676,32586.6]","[-0.648731,0.198282,0.734133,-1.48598,0.742456,0.035166]","[-2.48691,0.494565,0.588098,-0.658097,-3.0886,1.42636]","[342713,128174,152877,172040,85568.7,32711.9]","[0.997067,1,0.992928,0,0.998619,0.697671]","[0,0,0,0,0,0]","[0,0,0,0,0,0]","[-0.739461,-0.873586,-0.826802,-0.864287,-0.897296,-0.760352]",0,"[]","[]","[]","[]","[]","[]","[]","[]","[]","[]",2,"[255965,257483]","[-0.613288,0.465572]","[-2.49351,0.625507]","[305928,302940]","[13501,100179]","[0,0]","[2.0661,1.45778]","[0.544661,0.327951]",0,"[]","[]","[]","[]","[]","[]","[]","[]","[]","[]",0,"[151.177]",12096.8,"[3373.92,1925.71,6024.42,2962.72,8845.43,8003.09]","[]","[6016.45,2119.69]","[]"
75,284500,10813573,364159,2.02406,617.44,5.4184e+06,0.738662,1,0.998207,1,1,0.997932,0.973461,1,0,1,0,1,"[1]","[1]","[74276.7]","[-1.21658]","[-2.81799]","[136367]","[0.019722]","[-1]","[13]","[1]","[0]","[-1493.84]","[0.00491416]","[0.797627]",103908,-2.09973,2,"[206590,148491]","[-1.17354,0.0397484]","[0.136301,2.78449]","[366318,149829]","[0,0]","[0,0]","[0,0]","[-0.793204,-0.736283]",0,"[]","[]","[]","[]","[]","[]","[]","[]","[]","[]",1,"[256171]","[-1.24752]","[0.119239]","[487471]","[67727]","[0]","[2.37709]","[0.657535]",0,"[]","[]","[]","[]","[]","[]","[]","[]","[]","[]",0,"[3133.03]",4632.87,"[6839.21,8173.4]","[]","[0]","[]"
76,284500,13130271,364159,1,617.44,5.4184e+06,1.25133,1,0.996209,1,1,0.99647,0.695754,1,0,1,0,1,"[1]","[1]","[42978.9]","[-0.673356]","[1.91936]","[53096.3]","[70.8913]","[-1]","[13]","[1]","[0]","[-577.672]","[-0.021677]","[2.72103]",92703.5,-3.12373,5,"[284706,112090,58259.8,37685.6,24570.4]","[-1.16642,-1.98613,-0.92007,-1.87045,-0.901661]","[1.24108,-0.384197,0.046548,1.67609,2.98001]","[502203,416200,85058.6,125378,35650.9]","[0.993543,0.0137997,0.967118,0.992375,0.983903]","[0,0,0,0,0]","[0,0,0,0,0]","[-0.959753,-0.834555,-0.635037,-0.16256,-0.312714]",0,"[]","[]","[]","[]","[]","[]","[]","[]","[]","[]",1,"[303625]","[-1.2802]","[1.2794]","[594307]","[84103.2]","[0]","[2.37881]","[0.824445]",0,"[]","[]","[]","[]","[]","[]","[]","[]","[]","[]",0,"[31.6607]",5814.14,"[19270.1,6833.91,2544,2367.26,3027.63]","[]","[8689.31]","[]"
77,284500,6858073,364159,1,617.44,5.4184e+06,0.738662,1,0.997881,1,1,0.997741,0.973631,1,0,1,0,1,"[1]","[1]","[62605.8]","[-1.30727]","[-0.484047]","[124167]","[28.6546]","[1]","[13]","[1]","[0]","[-876.135]","[-0.0227539]","[3.71058]",42122,2.34024,4,"[312288,290398,28673.7,23306.5]","[-1.49063,-0.0174419,0.906631,0.252901]","[0.23748,-2.77599,2.85175,2.26702]","[729260,292023,41548.3,24468.7]","[0.998919,0.995145,0.862832,0.914878]","[0,0,0,0]","[0,0,0,0]","[-0.897432,-0.940507,0.601168,0.158639]",0,"[]","[]","[]","[]","[]","[]","[]","[]","[]","[]",2,"[290542,307000]","[-0.0446207,-1.50148]","[-2.78694,0.230029]","[292371,723692]","[29974.7,27885.6]","[0,0]","[2.36352,1.62732]","[0.697749,0.694953]",0,"[]","[]","[]","[]","[]","[]","[]","[]","[]","[]",0,"[453.742]",2132.32,"[4270.97,3092.68,1878.12,2032.84]","[]","[848.875,1972.88]","[]"
78,284500,10767857,364159,1,617.44,5.4184e+06,1.24168,1,0.987152,1,1,0.996793,0.992713,1,0,1,0,1,"[1]","[1]","[29576.7]","[-0.116981]","[1.12535]","[29779.5]","[-0.0058136]","[1]","[13]","[1]","[0]","[87.8759]","[-0.0028619]","[0.276671]",27167,2.34663,4,"[238124,177992,98080.6,22459.9]","[1.05399,-0.498962,-1.18278,1.0715]","[-2.96691,0.159364,-0.111239,-2.44236]","[384013,202510,175260,36873.8]","[0.988393,0.999575,0.927664,0.937369]","[0,0,0,0]","[0,0,0,0]","[-0.896989,-0.953076,-0.442338,-0.754068]",0,"[]","[]","[]","[]","[]","[]","[]","[]","[]","[]",1,"[264047]","[-0.795276]","[0.0551924]","[363550]","[90748.9]","[0]","[0.932062]","[0.643806]",0,"[]","[]","[]","[]","[]","[]","[]","[]","[]","[]",0,"[231.779]",14608.1,"[6719.43,3102.76,2238.23,2007.96]","[]","[14950.5]","[]"
79,284500,9686710,364159,-1,617.44,5.4184e+06,0.553627,1,0.988201,1,1,0.996189,0.999873,1,0,1,0,1,"[1]","[1]","[44384.4]","[-2.13096]","[-2.50582]","[189558]","[-1.4259]","[1]","[13]","[1]","[0]","[2042]","[-0.00555442]","[0.657755]",46224.2,-0.54171,4,"[205507,191806,44625.5,35420.4]","[0.921045,1.75863,0.904168,2.38116]","[-0.377246,2.75174,-1.06836,2.83606]","[300407,574358,64866.2,193355]","[1,0.997167,0.997018,0.999461]","[0,0,0,0]","[0,0,0,0]","[-0.857804,-0.716113,-0.715736,-0.466754]",0,"[]","[]","[]","[]","[]","[]","[]","[]","[]","[]",1,"[253554]","[0.910168]","[-0.410761]","[378502]","[96359.6]","[0]","[2.15876]","[0.595243]",0,"[]","[]","[]","[]","[]","[]","[]","[]","[]","[]",0,"[809.341]",22930.3,"[5670.92,7185.46,2171.68,2116.59]","[]","[15426]","[]"
80,284500,1178051,364159,-1,617.44,5.4184e+06,0.619412,1,1.00098,1,1,0.998756,0.979445,1,0,1,0,1,"[1]","[1]","[61969.4]","[-1.4171]","[-2.43322]","[135328]","[-26.4442]","[-1]","[13]","[1]","[0]","[979.207]","[0.016823]","[2.28268]",75010.1,1.33159,2,"[293764,275300]","[1.65015,2.32801]","[-1.18847,1.91866]","[793957,1.42546e+06]","[0.997952,0.992595]","[0,0]","[0,0]","[-0.679,-0.819262]",0,"[]","[]","[]","[]","[]","[]","[]","[]","[]","[]",1,"[306677]","[1.5801]","[-1.17243]","[779424]","[71851.9]","[0]","[1.8132]","[0.74824]",0,"[]","[]","[]","[]","[]","[]","[]","[]","[]","[]",0,"[336.732]",696.516,"[8376.4,4639.48]","[]","[3317.28]","[]"
81,284500,1177543,364159,1,617.44,5.4184e+06,0.738662,1,0.999692,1,1,0.996741,0.996719,1,0,1,0,1,"[1]","[1]","[65716.8]","[1.23458]","[2.73908]","[122493]","[-0.00831795]","[1]","[13]","[1]","[0]","[590.545]","[-0.013014]","[1.75796]",33047.9,-0.382537,5,"[241995,176904,61638.5,57005.8,35047]","[2.16889,1.52668,1.98915,-0.354135,0.653955]","[2.19368,-1.00948,-0.648896,-0.130112,-2.6469]","[1.07266e+06,426968,229613,61744.5,43393.2]","[0,0.0319502,0,0.979409,0.968856]","[0,0,0,0,0]","[0,0,0,0,0]","[-0.844929,-0.844746,-0.826995,-0.913814,-0.706261]",0,"[]","[]","[]","[]","[]","[]","[]","[]","[]","[]",1,"[252517]","[1.67228]","[-0.945557]","[696895]","[36240]","[0]","[1.39992]","[0.805631]",0,"[]","[]","[]","[]","[]","[]","[]","[]","[]","[]",0,"[826.656]",402.74,"[4762.16,4105.1,6378.64,23467.6,1459.97]","[]","[423.734]","[]"
82,284500,10486654,364159,1,617.44,5.4184e+06,0.187531,1,0.998419,1,1,0.99747,0.987726,1,0,1,0,1,"[1]","[1]","[49516.7]","[-2.03581]","[-2.06626]","[192843]","[-39.5208]","[-1]","[13]","[1]","[0]","[17.761]","[0.00647212]","[0.716321]",74385.1,-1.87427,3,"[203189,187146,85381.9]","[-0.945082,0.576646,-0.911581]","[0.54783,-2.58386,1.27933]","[301309,220069,123990]","[0.996343,0.990853,0]","[0,0,0]","[0,0,0]","[-0.304273,-0.831678,-0.76505]",0,"[]","[]","[]","[]","[]","[]","[]","[]","[]","[]",1,"[267440]","[-0.967248]","[0.75881]","[410280]","[78971.3]","[0]","[0.845705]","[0.652819]",0,"[]","[]","[]","[]","[]","[]","[]","[]","[]","[]",0,"[777.339]",5706.62,"[6851.09,4281.22,7769.9]","[]","[3038.75]","[]"
83,284500,6541904,364159,1,617.44,5.4184e+06,0.619412,1,0.990675,1,1,0.99524,0.815837,1,0,1,0,1,"[1]","[1]","[75955.8]","[0.150525]","[1.30682]","[76818]","[0.0261803]","[-1]","[13]","[1]","[0]","[-432.312]","[-0.0184565]","[2.03346]",52511.3,-0.609471,7,"[225303,198174,94517.6,76007.3,60260.8,52689.2,27510.4]","[1.58282,0.5632,-2.14246,-1.18685,-0.275402,1.5863,0.842117]","[-1.29515,1.79892,-2.38034,0.764859,1.87136,-1.93697,-2.93347]","[572136,232163,408270,136386,63483.7,134204,38173.8]","[0.187551,0.0940871,0.0425532,0,0,0.954784,0.982615]","[0,0,0,0,0,0,0]","[0,0,0,0,0,0,0]","[-0.802084,-0.826191,-0.712361,-0.821837,-0.809128,-0.961496,-0.443558]",0,"[]","[]","[]","[]","[]","[]","[]","[]","[]","[]",2,"[278961,274991]","[0.447726,1.60299]","[1.78459,-1.3918]","[322774,711888]","[98456.4,40477.8]","[0,0]","[1.73197,1.42408]","[0.73766,0.569329]",0,"[]","[]","[]","[]","[]","[]","[]","[]","[]","[]",0,"[2352.35]",5674.39,"[4591.22,7056.68,10538.3,2298.21,10415,26570.5,1628.21]","[]","[4736.81,7235.44]","[]"
84,284500,597706,364159,1,617.44,5.4184e+06,1.24168,1,0.992983,1,1,0.997286,0.938132,1,0,1,0,1,"[1]","[1]","[72741.5]","[1.88384]","[-2.28067]","[244800]","[0.0955276]","[1]","[13]","[0]","[0]","[-70.4992]","[-0.0123168]","[1.95321]",40376,2.93601,3,"[318975,318009,31104.4]","[0.906253,1.55329,2.1789]","[-0.489776,2.54986,0.210767]","[465832,785825,139219]","[0,0.00541534,1]","[0,0,0]","[0,0,0]","[-0.732687,-0.69221,-0.904613]",0,"[]","[]","[]","[]","[]","[]","[]","[]","[]","[]",2,"[360232,313374]","[0.939628,1.57404]","[-0.487296,2.54265]","[537617,788904]","[82134.4,19878.2]","[0,0]","[1.09575,1.68397]","[0.742254,0.654772]",0,"[]","[]","[]","[]","[]","[]","[]","[]","[]","[]",0,"[137.379]",26688.2,"[4729.29,10862.3,5683.65]","[]","[20508.4,7574.28]","[]"
85,284500,14909780,364159,1,617.44,5.4184e+06,1.22586,1,0.999102,1,1,0.99635,0.968039,1,0,1,0,1,"[0]","[1]","[81846.4]","[0.379931]","[-3.10654]","[87825]","[-0.00424194]","[1]","[13]","[1]","[0]","[337.502]","[-0.0169814]","[2.98739]",100280,-2.33952,4,"[285920,85972.2,23751.3,20001]","[-0.107403,-0.40857,1.17758,1.8674]","[0.68307,-2.14693,-2.18438,-0.382313]","[287952,94584.1,42272.6,66412]","[0.998609,0.993425,0.991704,0.972679]","[0,0,0,0]","[0,0,0,0]","[-0.890809,-0.916815,-0.620826,-0.820401]",0,"[]","[]","[]","[]","[]","[]","[]","[]","[]","[]",1,"[278306]","[-0.0879553]","[0.68242]","[279658]","[12399.8]","[0]","[3.10772]","[0.493957]",0,"[]","[]","[]","[]","[]","[]","[]","[]","[]","[]",0,"[296.269]",5616.75,"[9567.79,4256.09,1651.9,1064.37]","[]","[33617.8]","[]"
86,284500,11791696,364159,1,617.44,5.4184e+06,1.21412,1,0.996873,1,1,0.996767,0.972541,1,0,1,0,1,"[1]","[1]","[40836]","[2.42028]","[1.43125]","[231497]","[-0.170174]","[-1]","[13]","[1]","[1184.12]","[-234.648]","[0.0274607]","[2.96323]",79678.1,-1.89305,4,"[340217,318731,34975.6,20989]","[-0.341661,0.250983,1.18543,2.25623]","[2.40865,-0.720549,0.977178,-1.21049]","[360319,328879,62840.7,101363]","[0.999998,0.99,0.979847,0.994752]","[0,0,0,0]","[0,0,0,0]","[-0.943494,-0.62459,-0.890794,-0.67108]",0,"[]","[]","[]","[]","[]","[]","[]","[]","[]","[]",2,"[332501,327325]","[0.228125,-0.362831]","[-0.721578,2.40932]","[341260,349108]","[6867.68,0.00239208]","[0,0]","[0,0]","[-1,-1]",0,"[]","[]","[]","[]","[]","[]","[]","[]","[]","[]",0,"[266.055]",79.8203,"[6647.45,3439.01,1993.26,2689.49]","[]","[22544.4,18391.9]","[]"
87,284500,14350085,364159,1,617.44,5.4184e+06,1.25133,1,0.993782,1,1,0.997824,0.920251,1,0,1,0,1,"[0]","[1]","[42958.8]","[-0.324561]","[-0.921295]","[45241.5]","[0.0225906]","[-1]","[13]","[1]","[0]","[-970.993]","[-0.0329066]","[4.23567]",148752,-0.372126,4,"[191878,69956.8,56569.8,41036.3]","[0.610827,0.00469847,-0.796113,0.304488]","[2.90335,2.8465,0.107077,0.749294]","[229319,70682.8,75655.9,43656.4]","[0.995628,0.99526,0.996011,0.988877]","[0,0,0,0]","[0,0,0,0]","[-0.873044,-0.822432,-0.78472,-0.825701]",0,"[]","[]","[]","[]","[]","[]","[]","[]","[]","[]",1,"[252240]","[0.436057]","[2.89753]","[286447]","[74447.7]","[0]","[0.877598]","[0.69217]",0,"[]","[]","[]","[]","[]","[]","[]","[]","[]","[]",0,"[444.482]",4249.83,"[3986.77,4596.35,2980.21,3703.68]","[]","[11763.3]","[]"
88,284500,12051122,364159,1,617.44,5.4184e+06,0.696077,1,0.993249,1,1,0.996319,0.978288,1,0,1,0,1,"[1]","[1]","[99832.6]","[0.435697]","[-1.82577]","[109459]","[46.9566]","[1]","[13]","[1]","[0]","[-911.419]","[-0.00790623]","[1.13088]",40817,2.38859,5,"[420841,232771,170855,75258.7,23758.2]","[-1.48797,-0.470999,-0.135231,-0.101191,0.547489]","[-0.00965038,-2.85714,2.77038,1.22092,-3.03423]","[980051,259571,173099,76954.2,27772.8]","[0.967362,0.999712,0.997751,0,0.984995]","[0,0,0,0,0]","[0,0,0,0,0]","[-0.141451,-0.935607,-0.920581,-0.811667,-0.8541]",0,"[]","[]","[]","[]","[]","[]","[]","[]","[]","[]",2,"[444989,382962]","[-1.49359,-0.362926]","[0.00595876,-3.13007]","[1.04168e+06,437118]","[44071.4,155666]","[0,0]","[1.95324,0.607403]","[0.552719,0.507213]",0,"[]","[]","[]","[]","[]","[]","[]","[]","[]","[]",0,"[3949.24]",2110.05,"[5802.95,9568.14,8084.57,2544.42,3401.12]","[]","[5962.72,15254.2]","[]"
89,284500,11784939,364159,-1,617.44,5.4184e+06,0.738662,1,0.997821,1,1,0.997397,0.968027,1,0,1,0,1,"[1]","[1]","[29119.6]","[2.31587]","[1.69097]","[148982]","[-0.0058136]","[1]","[13]","[1]","[0]","[1057.8]","[0.0462774]","[3.71336]",115496,-0.0788748,3,"[151449,95145.2,80121.4]","[-0.0878528,-2.36584,0.341987]","[-2.9628,-0.183423,2.78888]","[153108,511401,85831.4]","[0.995927,0.0549134,0]","[0,0,0]","[0,0,0]","[-0.837893,-0.976286,-0.732947]",0,"[]","[]","[]","[]","[]","[]","[]","[]","[]","[]",1,"[259503]","[0.193775]","[-3.11559]","[282040]","[98205.4]","[0]","[1.29978]","[0.570652]",0,"[]","[]","[]","[]","[]","[]","[]","[]","[]","[]",0,"[295.998]",12705.4,"[3434.97,8761.1,4503.07]","[]","[4485.12]","[]"
90,284500,6768778,364159,1,617.44,5.4184e+06,1.08735,1,1.00016,1,1,0.997597,1.00626,1,0,1,0,1,"[1]","[1]","[67382]","[-1.3571]","[-1.77208]","[139559]","[0.0209379]","[1]","[13]","[1]","[0]","[1374.78]","[0.0267343]","[3.71503]",47355.7,1.24299,3,"[192370,91889.2,45553.3]","[-1.36999,-0.849263,1.59169]","[1.3553,1.44964,-1.83362]","[404001,127327,116658]","[0,0.992483,0.994859]","[0,0,0]","[0,0,0]","[-0.886647,-0.962425,-0.922655]",0,"[]","[]","[]","[]","[]","[]","[]","[]","[]","[]",1,"[278662]","[-1.23329]","[1.38308]","[522071]","[57953.5]","[0]","[1.26697]","[0.551442]",0,"[]","[]","[]","[]","[]","[]","[]","[]","[]","[]",0,"[756.573]",530.84,"[3471.9,4983.47,3108.4]","[]","[22253.3]","[]"
91,284500,12609185,364159,1,617.44,5.4184e+06,1.25133,1,0.999959,1,1,0.993902,1.00034,1,0,1,0,1,"[1]","[1]","[40726.8]","[1.29509]","[2.4015]","[79930.2]","[-0.0495911]","[-1]","[13]","[1]","[0]","[419.268]","[0.0132166]","[1.55742]",72160.4,-0.376058,7,"[219898,37402.3,37387.4,35607,27030.4,25219.2,21786.5]","[-0.251181,0.996571,-0.706191,1.49914,-1.53775,-0.713012,-0.607693]","[-1.9908,1.55657,-1.1039,-1.5046,0.727927,-2.99127,-2.37634]","[228870,57716.7,47283.3,83968.1,65918.8,32017.8,26015.3]","[0.00456095,0.983275,0.971418,0.957805,0.929768,0.992013,0.981741]","[0,0,0,0,0,0,0]","[0,0,0,0,0,0,0]","[-0.939457,-0.894318,-0.882465,-0.500296,-0.688381,-0.892752,-0.701563]",0,"[]","[]","[]","[]","[]","[]","[]","[]","[]","[]",1,"[259398]","[-0.238299]","[-2.0121]","[271421]","[49877.1]","[0]","[1.78654]","[0.79116]",0,"[]","[]","[]","[]","[]","[]","[]","[]","[]","[]",0,"[116.016]",343.453,"[2418.02,2827.34,2247.73,2392.8,3064.78,2869.12,2210.41]","[]","[4697.53]","[]"
92,284500,5436214,364159,-1,617.44,5.4184e+06,1.22586,1,0.999887,1,1,0.995973,0.961158,1,0,1,0,1,"[1]","[1]","[40052.3]","[-0.894618]","[1.55049]","[57178.1]","[0.00801849]","[-1]","[13]","[1]","[0]","[-547.496]","[-0.0199725]","[2.54844]",47639.9,-1.47701,6,"[192517,142479,71772.6,50606.4,42700.2,38865]","[-1.14064,1.77728,1.60202,-1.37171,-0.143015,-0.539141]","[0.00914558,2.77255,-2.68395,-0.497128,-2.77834,-2.95878]","[332330,433875,185465,106376,43301.5,44795.6]","[0.0563787,0,0.00487066,0.972377,0.999898,0.990865]","[0,0,0,0,0,0]","[0,0,0,0,0,0]","[0.684221,-0.826375,-0.03852,-0.919826,-0.505265,-0.883798]",0,"[]","[]","[]","[]","[]","[]","[]","[]","[]","[]",1,"[253430]","[-1.21287]","[-0.073197]","[465842]","[43186.9]","[0]","[1.52919]","[0.754703]",0,"[]","[]","[]","[]","[]","[]","[]","[]","[]","[]",0,"[144.544]",18156.5,"[2691.75,5108.94,6418.05,4835.67,3749.57,2055.23]","[]","[1162.64]","[]"
93,284500,13958499,364159,-1,617.44,5.4184e+06,0.738662,1,0.998352,1,1,0.997014,0.999576,1,0,1,0,1,"[1]","[1]","[82697.5]","[1.32216]","[1.47904]","[166143]","[0.0383911]","[1]","[13]","[1]","[0]","[-891.608]","[-0.0110738]","[1.84569]",55019.7,0.88127,3,"[129969,122072,116510]","[1.25556,0.572674,-0.116091]","[-1.86083,-1.63007,1.16837]","[246956,143236,118857]","[0.997955,0,0.00049007]","[0,0,0]","[0,0,0]","[-0.865449,-0.792986,-0.758023]",0,"[]","[]","[]","[]","[]","[]","[]","[]","[]","[]",1,"[260122]","[0.943186]","[-1.75866]","[392235]","[76710.9]","[0]","[0.73959]","[0.702093]",0,"[]","[]","[]","[]","[]","[]","[]","[]","[]","[]",0,"[1891.56]",7363.98,"[2845.86,3050.27,2630.79]","[]","[0]","[]"
94,284500,13775777,364159,0.872374,617.44,5.4184e+06,0.696077,1,0.992671,1,1,0.996044,0.81689,1,0,1,0,1,"[1]","[1]","[76449.1]","[0.284574]","[-1.52317]","[79565.6]","[0.0697179]","[1]","[13]","[1]","[0]","[-1167.31]","[0.0138981]","[1.84378]",156647,1.5807,4,"[396691,309823,23265.2,20621.9]","[-1.69649,1.66246,-0.440393,1.79033]","[-1.12601,2.01365,2.96613,1.36012]","[1.11859e+06,846487,25935.1,63696.6]","[0,0.606072,0.992423,1]","[0,0,0,0]","[0,0,0,0]","[-0.607403,-0.96076,-0.952546,-0.307679]",0,"[]","[]","[]","[]","[]","[]","[]","[]","[]","[]",2,"[415780,328681]","[-1.696,1.66003]","[-1.12572,2.01065]","[1.17186e+06,895752]","[26215.2,16953.7]","[0,0]","[3.03814,2.84099]","[0.582597,0.244843]",0,"[]","[]","[]","[]","[]","[]","[]","[]","[]","[]",0,"[1989.23]",12917.1,"[11384.6,15339.2,2138.79,1202.67]","[]","[20344.8,20643.5]","[]"
95,284500,8178602,364159,1,617.44,5.4184e+06,1.22586,1,0.992824,1,1,0.995894,0.716555,1,0,1,0,1,"[1]","[1]","[69265.8]","[-0.690815]","[-1.89644]","[86461.4]","[45.8528]","[1]","[13]","[1]","[0]","[-216.245]","[-0.0133507]","[2.22562]",21860.7,0.54462,7,"[304865,212221,63586,62433.8,53372.8,51143.7,36142]","[0.585642,-1.97373,-1.97048,-1.37403,0.831664,-1.6337,0.450278]","[-2.94081,-0.208597,-1.83806,1.17173,1.45293,0.345473,0.040744]","[359044,778876,232697,131478,73207.4,136091,40131.2]","[0.992665,0.977561,0.994922,0.99558,1,0.99176,0.842032]","[0,0,0,0,0,0,0]","[0,0,0,0,0,0,0]","[-0.593694,-0.942643,-0.904348,-0.820461,-0.438008,-0.63262,-0.951393]",0,"[]","[]","[]","[]","[]","[]","[]","[]","[]","[]",2,"[342594,253028]","[0.586241,-1.9269]","[-2.93857,-0.100376]","[403527,891940]","[16967,90443.1]","[0,0]","[2.06023,0.936506]","[0.473666,0.596176]",0,"[]","[]","[]","[]","[]","[]","[]","[]","[]","[]",0,"[1014.04]",2346.64,"[6029.41,8680.12,8756.32,6002.52,3521.37,2540.78,5114.65]","[]","[14910.8,13104.7]","[]"
96,284500,2956733,364159,1,617.44,5.4184e+06,1.26459,1,0.996603,1,1,0.999649,0.759899,1,0,1,0,1,"[1]","[1]","[54774.7]","[-0.323196]","[2.91633]","[57660.5]","[0.0110054]","[-1]","[13]","[1]","[0]","[2157.02]","[-0.0229433]","[3.29611]",160014,-2.28321,1,"[261617]","[-0.793222]","[0.0576222]","[352632]","[0.951133]","[0]","[0]","[-0.556451]",0,"[]","[]","[]","[]","[]","[]","[]","[]","[]","[]",1,"[290165]","[-0.773128]","[0.0517897]","[383807]","[43870.2]","[0]","[1.10129]","[0.702645]",0,"[]","[]","[]","[]","[]","[]","[]","[]","[]","[]",0,"[318.334]",8120.31,"[3296.45]","[]","[21451.1]","[]"
97,284500,2910640,364159,-1,617.44,5.4184e+06,1.32095,1,1.00053,1,1,0.996263,0.981321,1,0,1,0,1,"[1]","[1]","[65481.2]","[0.59857]","[-2.53167]","[77566.2]","[-0.0565567]","[1]","[13]","[1]","[0]","[1285.88]","[-0.00590454]","[0.925542]",164641,-0.862535,5,"[235467,86925.7,33920.8,33807.2,30860.7]","[0.781205,0.10717,1.70737,-0.193237,-1.02075]","[1.93566,-1.8532,1.06188,2.99202,0.611875]","[311680,87984.5,96828.7,34826.8,48853.6]","[0.10739,0,0.993686,0.975514,0.98224]","[0,0,0,0,0]","[0,0,0,0,0]","[-0.673993,-0.750761,-0.829298,-0.753252,-0.916634]",0,"[]","[]","[]","[]","[]","[]","[]","[]","[]","[]",1,"[267534]","[0.743738]","[1.87203]","[350571]","[62243.8]","[0]","[2.27463]","[0.751269]",0,"[]","[]","[]","[]","[]","[]","[]","[]","[]","[]",0,"[1074.61]",6486.56,"[2749.96,4073,2781.99,3039.54,1888.02]","[]","[343.219]","[]"
98,284500,6709377,364159,1,617.44,5.4184e+06,1.24168,1,0.994448,1,1,0.996909,0.708049,1,0,1,0,1,"[1]","[1]","[145591]","[-0.7516]","[-2.02448]","[188687]","[0.0139427]","[1]","[13]","[1]","[0]","[-289.444]","[-0.00359082]","[0.449129]",15983.2,-1.92321,3,"[299964,74072.4,23611.3]","[0.525636,2.48961,1.9477]","[1.18112,-1.61289,-1.76529]","[343046,449765,84638.3]","[0.999706,0.993585,0.985534]","[0,0,0]","[0,0,0]","[-0.754294,-0.18591,-0.747624]",0,"[]","[]","[]","[]","[]","[]","[]","[]","[]","[]",1,"[286929]","[0.544916]","[1.18482]","[331391]","[22990.4]","[0]","[1.9272]","[0.546819]",0,"[]","[]","[]","[]","[]","[]","[]","[]","[]","[]",0,"[18138.2]",4551.1,"[5027.59,7532.59,3167.85]","[]","[17103.1]","[]"
99,284500,5410564,364159,1,617.44,5.4184e+06,0.351687,1,0.998852,1,1,0.995958,0.963316,1,0,1,0,1,"[1]","[1]","[58558.3]","[-0.708625]","[0.0281784]","[73886.6]","[0.00490189]","[1]","[13]","[1]","[0]","[2818.61]","[-0.00790913]","[1.07553]",115938,2.79314,4,"[244719,191322,30151.2,20991.1]","[0.779848,0.0658545,2.16914,0.0310173]","[0.0149882,-2.94459,3.02672,-0.421488]","[323805,193698,133705,21648.8]","[0.00211981,0,0.995482,0.94946]","[0,0,0,0]","[0,0,0,0]","[-0.675339,-0.756708,-0.612426,-0.847149]",0,"[]","[]","[]","[]","[]","[]","[]","[]","[]","[]",1,"[261632]","[0.791406]","[0.0176027]","[351091]","[46990.8]","[0]","[1.60574]","[0.553689]",0,"[]","[]","[]","[]","[]","[]","[]","[]","[]","[]",0,"[270.858]",19877.2,"[3221.13,2525.23,3055.26,3560.83]","[]","[1956.61]","[]"
100,284500,5252642,364159,1,617.44,5.4184e+06,1.21412,1,0.997938,1,1,0.997339,0.989879,1,0,1,0,1,"[1]","[1]","[34650.8]","[2.146]","[-1.31518]","[150168]","[-52.843]","[1]","[13]","[1]","[0]","[-425.905]","[-0.00302007]","[0.296003]",58740.4,1.44993,4,"[355355,296476,159962,52726.6]","[0.706467,-1.91498,1.05659,-0.529211]","[0.554587,-1.84032,-2.98347,2.71196]","[448863,1.02822e+06,259002,61318.2]","[0.997001,0.999143,0.999116,0.998777]","[0,0,0,0]","[0,0,0,0]","[-0.905232,-0.696684,-0.779186,-0.629821]",0,"[]","[]","[]","[]","[]","[]","[]","[]","[]","[]",2,"[329813,304035]","[0.741842,-1.89577]","[0.54041,-1.84108]","[425128,1.03525e+06]","[16570.9,26463.6]","[0,0]","[2.19434,2.15895]","[0.451961,0.757901]",0,"[]","[]","[]","[]","[]","[]","[]","[]","[]","[]",0,"[721.015]",16610.8,"[5180.31,4936.03,2454.23,2865.22]","[]","[31160.4,3715.75]","[]"
101,284500,4934850,364159,1,617.44,5.4184e+06,0.696077,1,0.998124,1,1,0.999443,0.976547,1,0,1,0,1,"[1]","[1]","[169167]","[1.41181]","[-0.631941]","[367690]","[-0.0526638]","[-1]","[13]","[1]","[0]","[1052.27]","[-0.00477605]","[0.989792]",487011,2.97502,1,"[33195.3]","[0.807438]","[-0.2052]","[44955.3]","[0.984416]","[0]","[0]","[-0.68954]",0,"[]","[]","[]","[]","[]","[]","[]","[]","[]","[]",1,"[350351]","[1.14278]","[0.0391028]","[606881]","[46128.7]","[0]","[1.39583]","[0.614751]",0,"[]","[]","[]","[]","[]","[]","[]","[]","[]","[]",0,"[9057.92]",11668.2,"[7872.79]","[]","[22644.7]","[]"
102,284500,3134416,364159,1,617.44,5.4184e+06,1.1961,1,0.99879,1,1,0.9962,0.97172,1,0,1,0,1,"[1]","[1]","[84238.4]","[2.02475]","[2.5323]","[324581]","[0.00635242]","[-1]","[13]","[0]","[0]","[1737.96]","[-0.00207199]","[0.304999]",40737.1,-1.7041,5,"[212058,79331.7,25027.6,23341.9,20240.7]","[-0.281435,2.14203,-1.19708,0.460018,-0.814305]","[-0.79834,-3.00567,1.28894,-2.85735,0.371594]","[224067,342771,45524.8,26263.9,27696.5]","[0.924606,0.00629343,0.954336,0.722924,0.613783]","[0,0,0,0,0]","[0,0,0,0,0]","[-0.931949,-0.827929,-0.559563,-0.679098,-0.909108]",0,"[]","[]","[]","[]","[]","[]","[]","[]","[]","[]",1,"[253821]","[-0.386977]","[-0.842584]","[278971]","[57099.6]","[0]","[1.75767]","[0.47721]",0,"[]","[]","[]","[]","[]","[]","[]","[]","[]","[]",0,"[6344.61]",2178.14,"[8774.34,4895.09,3014,1722.22,208.72]","[]","[23942.1]","[]"
103,284500,1290457,364159,-1,617.44,5.4184e+06,1.26205,1,0.998448,1,1,0.995785,0.969816,1,0,1,0,1,"[1]","[1]","[29453.1]","[-0.714849]","[0.231306]","[37304.6]","[30.1252]","[-1]","[13]","[1]","[0]","[-614.803]","[0.0172726]","[2.00313]",95827.1,-1.33695,6,"[263542,153190,101790,51119.1,38257.6,33565.5]","[-0.401989,1.30277,-2.27927,0.138538,-0.261518,1.83847]","[0.792098,-2.28786,2.01744,-2.37378,-2.82158,-2.1886]","[285394,302976,502542,52263.8,40127.4,108263]","[0.967741,0.997446,0,0.990717,0.902455,0.999068]","[0,0,0,0,0,0]","[0,0,0,0,0,0]","[-0.877936,-0.9283,-0.790015,-0.889369,-0.68101,-0.846728]",0,"[]","[]","[]","[]","[]","[]","[]","[]","[]","[]",1,"[271555]","[-0.399438]","[0.792133]","[293669]","[9720.62]","[0]","[2.58446]","[0.505529]",0,"[]","[]","[]","[]","[]","[]","[]","[]","[]","[]",0,"[32.1276]",685.438,"[4148.76,9301.01,2952.04,5177.93,3177.18,2653.76]","[]","[5555.97]","[]"
104,284500,4337895,364159,1.28413,617.44,5.4184e+06,1.1961,1,0.996394,1,1,0.993556,0.727758,1,0,1,0,1,"[1]","[1]","[51653.6]","[0.64234]","[0.560246]","[62681.4]","[-0.0092659]","[-1]","[13]","[1]","[0]","[-493.877]","[0.00190536]","[0.310835]",47985.8,-0.816267,5,"[194176,186385,40365.6,34676.2,29715.5]","[1.14816,0.617125,2.04384,1.91412,1.20928]","[2.41877,-0.840908,-2.65393,3.0002,0.827003]","[338741,223628,158635,120325,54461.6]","[0,0,0.995896,0.990575,0.998171]","[0,0,0,0,0]","[0,0,0,0,0]","[-0.818618,-0.825589,-0.892622,-0.673523,-0.90076]",0,"[]","[]","[]","[]","[]","[]","[]","[]","[]","[]",1,"[256750]","[1.1232]","[2.3594]","[442639]","[73693.2]","[0]","[1.60709]","[0.73677]",0,"[]","[]","[]","[]","[]","[]","[]","[]","[]","[]",0,"[162.394]",9618.58,"[7418.19,2289.36,4231.21,2103.1,5205.81]","[]","[16992]","[]"
105,284500,6130272,364159,-1,617.44,5.4184e+06,0,1,0.996988,1,1,0.996761,1.05554,1,0,1,0,1,"[1]","[1]","[42316.4]","[0.824072]","[-3.08891]","[57516.7]","[0.00354004]","[1]","[13]","[1]","[0]","[190.848]","[-0.000274553]","[0.0349429]",125379,0.156403,4,"[180867,156871,59649.3,33918.1]","[-0.548087,-1.18593,-0.759636,1.12656]","[-2.02829,1.45859,-1.47809,1.8387]","[209337,281034,77935.4,58111.9]","[0.241948,0,0.863151,0.993218]","[0,0,0,0]","[0,0,0,0]","[-0.808535,-0.796709,-0.906279,-0.354009]",0,"[]","[]","[]","[]","[]","[]","[]","[]","[]","[]",1,"[253729]","[-0.490161]","[-1.87732]","[292819]","[67956.8]","[0]","[1.61576]","[0.316407]",0,"[]","[]","[]","[]","[]","[]","[]","[]","[]","[]",0,"[166.262]",4218.59,"[7649.86,3231.85,5920.87,3171.75]","[]","[0]","[]"
106,284500,4365787,364159,-1,617.44,5.4184e+06,0.696077,1,0.998917,1,1,0.997769,0.963613,1,0,1,0,1,"[1]","[1]","[57245.5]","[-1.26854]","[-2.37348]","[109823]","[46.5379]","[1]","[13]","[1]","[0]","[267.491]","[-0.00452739]","[0.462719]",66073.1,0.946971,3,"[275486,163741,100852]","[-0.892699,-0.0932027,-0.562389]","[2.35811,-0.994972,-0.618589]","[393923,165816,117574]","[0.999611,0.992691,0.981634]","[0,0,0]","[0,0,0]","[-0.919786,-0.70747,-0.925482]",0,"[]","[]","[]","[]","[]","[]","[]","[]","[]","[]",1,"[278895]","[-0.889149]","[2.35962]","[397864]","[31722.3]","[0]","[1.55773]","[0.750039]",0,"[]","[]","[]","[]","[]","[]","[]","[]","[]","[]",0,"[327.236]",1005.41,"[3654.96,4204.19,2110.45]","[]","[7287.34]","[]"
107,284500,4331601,364159,1,617.44,5.4184e+06,0.619412,1,0.993018,1,1,1.08097,0.90898,1,0,1,0,1,"[1]","[1]","[37033.3]","[0.335183]","[2.08925]","[39133.3]","[-41.3787]","[-1]","[13]","[1]","[1605.52]","[437.828]","[-0.0264421]","[3.21287]",35529.9,-0.929027,4,"[328922,262739,56582.6,20997.4]","[-0.303996,-1.09384,0.434363,-0.637497]","[-2.11643,1.18569,0.681547,0.372334]","[345812,437188,62698.1,25780.1]","[1,0.992769,0.993575,0.980091]","[0,0,0,0]","[0,0,0,0]","[0.949398,-0.499968,-0.652404,-0.459185]",0,"[]","[]","[]","[]","[]","[]","[]","[]","[]","[]",2,"[324122,264547]","[-0.287169,-1.2003]","[-2.11059,1.10953]","[338913,481501]","[30037.9,47796.9]","[0,0]","[1.57222,1.96979]","[0.513966,0.694131]",0,"[]","[]","[]","[]","[]","[]","[]","[]","[]","[]",0,"[60.944]",8697.72,"[5226.14,4956.55,2612,1217.9]","[]","[4096.97,0]","[]"
108,284500,6549275,364159,1,617.44,5.4184e+06,1.25133,1,0.997804,1,1,0.995465,0.928843,1,0,1,0,1,"[1]","[1]","[34222.2]","[0.751774]","[1.4365]","[44357]","[-0.0292664]","[-1]","[13]","[1]","[0]","[-9.71039]","[0.0327061]","[4.71167]",52775.9,-1.03611,4,"[262202,221373,43153.9,24051.3]","[-1.24167,-2.04777,1.97491,-1.82138]","[-2.75662,0.395901,2.94291,-0.574981]","[492063,872236,158616,76417.4]","[1,0.993819,0.993283,0.932964]","[0,0,0,0]","[0,0,0,0]","[-0.680409,-0.920789,-0.593367,-0.858704]",0,"[]","[]","[]","[]","[]","[]","[]","[]","[]","[]",1,"[258366]","[-1.23998]","[-2.75759]","[484099]","[17558.8]","[0]","[1.86832]","[0.560371]",0,"[]","[]","[]","[]","[]","[]","[]","[]","[]","[]",0,"[129.121]",5370.23,"[10197.4,3861.71,5301.27,4702.89]","[]","[0]","[]"
109,284500,6399145,364159,-1,617.44,5.4184e+06,0.738662,1,0.995413,1,1,0.996232,0.936284,1,0,1,0,1,"[1]","[1]","[95806.1]","[2.39766]","[1.87777]","[531167]","[-0.107456]","[-1]","[13]","[1]","[0]","[-489.515]","[0.0220198]","[3.19087]",78691.4,-2.35788,5,"[237452,166982,91790.9,50654.4,33145.7]","[0.0652673,2.00966,0.634459,0.789765,1.21231]","[2.37996,-0.336931,-0.728527,-1.19579,-1.16186]","[238717,634267,112069,67613.8,60696.5]","[0,0.00104919,0.00703386,1,0.986252]","[0,0,0,0,0]","[0,0,0,0,0]","[-0.724023,-0.832315,-0.976033,-0.901146,-0.926744]",0,"[]","[]","[]","[]","[]","[]","[]","[]","[]","[]",1,"[263723]","[0.0353889]","[2.54783]","[288428]","[116422]","[0]","[1.14069]","[0.80511]",0,"[]","[]","[]","[]","[]","[]","[]","[]","[]","[]",0,"[3325.91]",53716,"[2796.03,11068.6,3828.42,11317.9,15834.1]","[]","[9766.12]","[]"
110,284500,5285673,364159,1,617.44,5.4184e+06,1.26205,1,1.00188,1,1,0.994253,1.00704,1,0,1,0,1,"[1]","[1]","[68424.4]","[-1.38569]","[3.08437]","[145324]","[47.2211]","[1]","[13]","[1]","[0]","[-735.445]","[0.0040015]","[0.574741]",34470.5,-1.68909,6,"[204150,157288,108261,78444.3,41540.5,25205.9]","[-0.403017,0.751078,1.68224,0.212717,0.52548,-2.02626]","[-2.66232,0.346111,0.394794,0.487914,-2.63397,3.08258]","[222360,205264,301603,81473.9,47873,97328.8]","[0.999686,0.994318,1,0.31209,0.999787,1]","[0,0,0,0,0,0]","[0,0,0,0,0,0]","[-0.127126,-0.680418,-0.923898,-0.927269,-0.945851,-0.742718]",0,"[]","[]","[]","[]","[]","[]","[]","[]","[]","[]",1,"[268046]","[-0.377456]","[-2.61901]","[310104]","[116549]","[0]","[2.05392]","[0.444277]",0,"[]","[]","[]","[]","[]","[]","[]","[]","[]","[]",0,"[1867.09]",1357.49,"[2268.62,3196.73,9526.82,3054.44,8584.65,2650.09]","[]","[6849.88]","[]"
111,284500,2547888,364159,-1,617.44,5.4184e+06,0.75088,1,0.995454,1,1,0.992641,0.928946,1,0,1,0,1,"[1]","[1]","[27478.4]","[0.297823]","[0.188831]","[28706.3]","[-0.0450287]","[1]","[13]","[1]","[0]","[-8.69141]","[-0.00980397]","[1.16058]",43974.6,3.09528,4,"[568988,568027,46010.6,44094.4]","[2.07351,0.847182,2.01501,0.0883673]","[-1.0578,2.08055,0.561946,-2.21219]","[2.2984e+06,785076,175664,44798.4]","[0,0,0.996123,0.980493]","[0,0,0,0]","[0,0,0,0]","[-0.804581,-0.852574,-0.873104,-0.919276]",0,"[]","[]","[]","[]","[]","[]","[]","[]","[]","[]",1,"[516618]","[0.86748]","[2.08283]","[723757]","[19296.8]","[0]","[2.83934]","[0.296216]",0,"[]","[]","[]","[]","[]","[]","[]","[]","[]","[]",0,"[129.29]",15243.5,"[32636.9,32431.4,2271.44,1907.89]","[]","[43525.6]","[]"
112,284500,8751622,364159,1,617.44,5.4184e+06,0.696077,1,0.999835,1,1,0.995618,0.999608,1,0,1,0,1,"[0]","[1]","[45333.4]","[1.26554]","[0.0228294]","[86747.5]","[0.029706]","[1]","[13]","[1]","[0]","[-1403.94]","[0.0182748]","[2.64586]",72379.8,1.59341,5,"[284432,67620.8,60160.1,27373.4,25356.3]","[1.63152,-0.456663,1.93153,-1.25093,0.0165946]","[-2.54314,0.729855,1.10218,0.269707,0.450721]","[755474,76095.7,212097,52040.9,25423.4]","[0.994303,0.988487,0.998312,0.994038,0.995335]","[0,0,0,0,0]","[0,0,0,0,0]","[-0.313947,-0.904229,-0.790349,-0.742248,-0.848777]",0,"[]","[]","[]","[]","[]","[]","[]","[]","[]","[]",1,"[280065]","[1.62595]","[-2.54386]","[739768]","[24365]","[0]","[1.69235]","[0.696576]",0,"[]","[]","[]","[]","[]","[]","[]","[]","[]","[]",0,"[369.363]",15556.9,"[8730.15,7827.96,4781.88,2391.29,3123.49]","[]","[9854.56]","[]"
113,284500,7155244,364159,1,617.44,5.4184e+06,1.25133,1,0.992387,1,1,0.995616,0.999478,1,0,1,0,1,"[1]","[1]","[31826.2]","[-1.28709]","[1.75995]","[62034.3]","[101.607]","[-1]","[13]","[1]","[0]","[-130.57]","[0.000275509]","[0.0311401]",7914.87,1.10827,4,"[271358,143030,103322,21213.3]","[0.139179,0.481655,1.1587,2.11772]","[-1.34446,1.42179,2.46002,1.37149]","[274938,160468,181212,89554.7]","[1,0.994064,0.99111,0.987364]","[0,0,0,0]","[0,0,0,0]","[-0.910253,-0.690936,-0.864839,-0.849036]",0,"[]","[]","[]","[]","[]","[]","[]","[]","[]","[]",1,"[282324]","[0.128609]","[-1.25533]","[288506]","[46939.6]","[0]","[1.87345]","[0.596448]",0,"[]","[]","[]","[]","[]","[]","[]","[]","[]","[]",0,"[155.656]",15926,"[6421.99,2596.66,5467.77,1563.76]","[]","[11967.5]","[]"
114,284500,2878544,364159,1,617.44,5.4184e+06,0.187531,1,0.986076,1,1,0.997401,1.00105,1,0,1,0,1,"[1]","[1]","[35841.3]","[-1.85534]","[-1.75659]","[117386]","[101.2]","[1]","[13]","[1]","[0]","[1647.97]","[-0.0393857]","[4.45989]",33834.5,1.94652,4,"[234630,134197,83528.6,68653.6]","[1.00324,-0.0940789,0.958518,0.80223]","[-1.8611,1.20841,0.198684,1.74419]","[363545,136287,125942,92580]","[0.998302,0.996798,0.968026,0.991162]","[0,0,0,0]","[0,0,0,0]","[-0.915452,-0.909348,-0.844811,-0.871]",0,"[]","[]","[]","[]","[]","[]","[]","[]","[]","[]",1,"[259651]","[0.982108]","[-1.85928]","[395884]","[22110.4]","[0]","[2.41486]","[0.751288]",0,"[]","[]","[]","[]","[]","[]","[]","[]","[]","[]",0,"[67.6306]",5061.99,"[6507.68,3282.47,3117.7,2263.46]","[]","[15087.2]","[]"
115,284500,1324314,364159,-1,617.44,5.4184e+06,1.1961,1,0.998393,1,1,0.998784,0.839747,1,0,1,0,1,"[1]","[1]","[95514.2]","[-0.699527]","[1.53749]","[119852]","[0.0148926]","[1]","[13]","[1]","[0]","[-624.322]","[0.0262887]","[2.69574]",45222.3,-0.504938,2,"[243512,203543]","[-0.65123,-0.166246]","[-1.50234,1.6591]","[299230,207212]","[0.923554,0]","[0,0]","[0,0]","[-0.950943,-0.714623]",0,"[]","[]","[]","[]","[]","[]","[]","[]","[]","[]",1,"[310174]","[-0.800197]","[-1.39476]","[429563]","[111305]","[0]","[1.52926]","[0.558454]",0,"[]","[]","[]","[]","[]","[]","[]","[]","[]","[]",0,"[950.289]",1833.55,"[5924.07,2463.85]","[]","[9172.91]","[]"
116,284500,6548123,364159,1,617.44,5.4184e+06,1.24168,1,1.00053,1,1,1.19197,0.991343,1,0,1,0,1,"[1]","[1]","[91583.9]","[-0.580141]","[-0.426538]","[107433]","[0.0347443]","[1]","[13]","[1]","[0]","[-436.276]","[0.011655]","[1.78321]",52069,-2.71124,4,"[222902,171636,105773,67335.2]","[-0.719162,-2.10764,-1.17651,0.689973]","[2.13163,-0.942527,1.4843,2.78662]","[286078,716846,188069,84421.3]","[0,0,0,0.991037]","[0,0,0,0]","[0,0,0,0]","[0.984746,-0.828114,-0.762422,-0.953291]",0,"[]","[]","[]","[]","[]","[]","[]","[]","[]","[]",1,"[323085]","[-0.938716]","[1.95535]","[491671]","[122370]","[0]","[1.14244]","[0.439825]",0,"[]","[]","[]","[]","[]","[]","[]","[]","[]","[]",0,"[1228.07]",55.0586,"[3989.61,9714.01,4051.36,3531.45]","[]","[8607.69]","[]"
117,284500,7079010,364159,1,617.44,5.4184e+06,0.75088,1,0.999738,1,1,0.99859,0.994688,1,0,1,0,2,"[1,0]","[1,0]","[56513.1,7360.93]","[-1.57601,-1.6794]","[-1.47095,2.31673]","[142481,20422.2]","[-0.0356236,40.0815]","[-1,-1]","[13,11]","[1,0]","[0,0]","[89.8951,1395.76]","[-0.0265478,-0.037932]","[3.46076,1.37663]",80509,2.5446,3,"[266203,60496.8,47748.9]","[1.77271,-0.645766,-0.490244]","[-3.13773,0.743873,-0.472089]","[806768,74379.7,54389]","[0.00134034,0,0.988374]","[0,0,0]","[0,0,0]","[-0.841826,-0.866032,-0.914473]",0,"[]","[]","[]","[]","[]","[]","[]","[]","[]","[]",1,"[282400]","[1.77306]","[-3.13709]","[856463]","[41040]","[0]","[1.90814]","[0.764125]",0,"[]","[]","[]","[]","[]","[]","[]","[]","[]","[]",0,"[364.43,529.557]",10070.9,"[15101.8,19595.8,1494.31]","[]","[6533.16]","[]"
118,284500,11855276,364159,1,617.44,5.4184e+06,1.08735,1,0.983793,1,1,0.997051,0.91429,1,0,1,0,1,"[1]","[1]","[43705.4]","[1.76743]","[-2.01967]","[131696]","[0.0220337]","[1]","[13]","[1]","[0]","[-180.228]","[0.0122265]","[1.21749]",25090.9,0.346075,3,"[260060,215805,30501.2]","[1.34425,0.0763953,1.43291]","[1.1617,-1.91444,-3.08513]","[532916,216603,67867.4]","[0.996719,0.994241,0.980938]","[0,0,0]","[0,0,0]","[-0.918906,-0.920603,-0.778311]",0,"[]","[]","[]","[]","[]","[]","[]","[]","[]","[]",1,"[262263]","[1.33109]","[1.16642]","[531097]","[10220.8]","[0]","[1.75826]","[0.67085]",0,"[]","[]","[]","[]","[]","[]","[]","[]","[]","[]",0,"[165.187]",17836.8,"[19245.7,2468.61,3355.75]","[]","[872]","[]"
119,284500,1368837,364159,1,617.44,5.4184e+06,1.25133,1,0.997781,1,1,0.996041,0.783269,1,0,1,0,1,"[1]","[1]","[87037.9]","[0.589669]","[-1.67489]","[102613]","[-0.00511265]","[-1]","[13]","[1]","[0]","[-396.889]","[-0.00401504]","[0.68149]",40924.5,-2.039,4,"[112278,57493.3,26061.3,22478.1]","[0.216739,-0.802682,1.06247,-2.47081]","[-2.32354,1.65127,0.146166,2.94376]","[116138,77358.4,42599.2,133986]","[0,1,0.667858,0.992416]","[0,0,0,0]","[0,0,0,0]","[-0.752614,-0.855097,-0.691102,-0.735579]",0,"[]","[]","[]","[]","[]","[]","[]","[]","[]","[]",1,"[273811]","[-0.439597]","[1.19337]","[306061]","[57053.9]","[0]","[1.05471]","[0.413463]",0,"[]","[]","[]","[]","[]","[]","[]","[]","[]","[]",0,"[1699.78]",18142.3,"[2418.75,3721.28,1748.49,1689.47]","[]","[10219.2]","[]"
120,284500,9838884,364159,-1,617.44,5.4184e+06,1.24168,1,0.991446,1,1,0.998212,0.919059,1,0,1,0,1,"[1]","[1]","[26289.3]","[-0.174172]","[1.14527]","[26689.3]","[-0.00807953]","[-1]","[13]","[1]","[0]","[-717.994]","[0.0179053]","[2.07723]",159671,-1.45382,3,"[112623,60086.8,28674.3]","[-1.96806,-0.38815,0.845055]","[-1.83826,1.92953,-0.537214]","[411026,64699.5,39928.8]","[0.443336,1,0.99051]","[0,0,0]","[0,0,0]","[-0.786161,-0.912098,-0.914774]",0,"[]","[]","[]","[]","[]","[]","[]","[]","[]","[]",1,"[282943]","[0.399264]","[1.82854]","[322006]","[100879]","[0]","[0.684744]","[0.458723]",0,"[]","[]","[]","[]","[]","[]","[]","[]","[]","[]",0,"[124.798]",2526.25,"[2934.13,3382.91,4068.26]","[]","[12411.7]","[]"
121,284500,2171858,364159,1,617.44,5.4184e+06,1.24168,1,0.994278,1,1,0.989449,0.986238,1,0,1,0,1,"[1]","[1]","[78895]","[-1.2627]","[-1.9691]","[150605]","[-0.0184708]","[1]","[13]","[1]","[0]","[-742.137]","[-0.00847123]","[1.18497]",39490.9,2.79058,4,"[675768,644393,42953.4,23614.1]","[-1.14153,0.852738,-1.42359,2.20139]","[-1.05565,2.07955,1.93521,0.453001]","[1.16643e+06,893342,94707.9,108095]","[0.999115,0.997378,0.991554,0.981241]","[0,0,0,0]","[0,0,0,0]","[0.21459,-0.951831,-0.464401,-0.315786]",0,"[]","[]","[]","[]","[]","[]","[]","[]","[]","[]",2,"[675635,643021]","[0.818319,-1.16758]","[2.08022,-1.05438]","[914848,1.13368e+06]","[12492.5,23830.7]","[0,0]","[0,3.66747]","[-1,0.623332]",0,"[]","[]","[]","[]","[]","[]","[]","[]","[]","[]",0,"[2283.74]",7493.16,"[10526.8,13815.1,9928.27,2566.51]","[]","[10512.6,5643]","[]"
122,284500,232166,364159,1,617.44,5.4184e+06,0.696077,1,0.989255,1,1,0.995182,1.01606,1,0,1,0,1,"[1]","[1]","[60132.9]","[1.84242]","[-0.420347]","[194536]","[-0.113457]","[-1]","[13]","[1]","[0]","[1193.45]","[-0.0106174]","[1.37485]",79080,-0.675753,5,"[141809,99233.3,89105.5,82966.5,26161.6]","[1.68562,0.192496,1.12661,-0.736999,1.33786]","[2.74809,0.598638,2.62209,-1.03122,1.9676]","[395934,102076,152132,106717,53678.7]","[0.997682,0.988116,0.992451,0.99,0.812094]","[0,0,0,0,0]","[0,0,0,0,0]","[-0.403369,-0.947027,-0.955278,-0.899386,-0.308511]",0,"[]","[]","[]","[]","[]","[]","[]","[]","[]","[]",1,"[252621]","[1.51446]","[2.67337]","[607052]","[77309.8]","[0]","[1.15611]","[0.662359]",0,"[]","[]","[]","[]","[]","[]","[]","[]","[]","[]",0,"[706.211]",51050.3,"[14402.9,6639.75,5306.07,2078.26,1726.27]","[]","[5343.02]","[]"
123,284500,13061110,364159,1,617.44,5.4184e+06,1.1961,1,0.997129,1,1,0.996493,0.917248,1,0,1,0,1,"[1]","[1]","[48433.5]","[2.40556]","[1.08086]","[270618]","[-0.127834]","[1]","[13]","[1]","[0]","[-212.126]","[0.022717]","[2.67193]",142366,1.69526,3,"[263054,41947.5,21227.7]","[-0.606424,-1.99529,-1.87005]","[-1.56677,1.24202,-0.196696]","[314541,157390,70641.4]","[0.997416,1,0.973566]","[0,0,0]","[0,0,0]","[-0.884927,-0.871889,-0.609794]",0,"[]","[]","[]","[]","[]","[]","[]","[]","[]","[]",1,"[255895]","[-0.640856]","[-1.57201]","[312386]","[36332.5]","[0]","[2.4625]","[0.599762]",0,"[]","[]","[]","[]","[]","[]","[]","[]","[]","[]",0,"[824.564]",9112.27,"[5394.22,2185.17,1540.57]","[]","[11521.6]","[]"
124,284500,12473566,364159,1,617.44,5.4184e+06,0.553627,1,0.998525,1,1,0.997903,1.00146,1,0,1,0,1,"[1]","[1]","[95750.8]","[-2.11809]","[-0.448558]","[403855]","[0.074604]","[-1]","[13]","[1]","[3878.4]","[1049.14]","[0.0176148]","[2.79484]",40549.6,-0.114716,4,"[270010,79864.2,77716.3,23565.4]","[-0.0704696,-0.978018,-0.978097,-0.356036]","[2.91703,1.67568,-1.13227,0.653419]","[272878,121879,118625,25572.8]","[0.991591,1,0.992288,0.988901]","[0,0,0,0]","[0,0,0,0]","[-0.775751,-0.771632,-0.949259,-0.73058]",0,"[]","[]","[]","[]","[]","[]","[]","[]","[]","[]",1,"[263777]","[-0.043196]","[2.92904]","[266155]","[33625.3]","[0]","[1.35991]","[0.594662]",0,"[]","[]","[]","[]","[]","[]","[]","[]","[]","[]",0,"[1852.17]",8434.28,"[9246.02,2246.05,2242.52,2864.04]","[]","[12974.3]","[]"
125,284500,7066981,364159,1,617.44,5.4184e+06,0.553627,1,0.998439,1,1,0.997432,1.00232,1,0,1,0,1,"[1]","[1]","[40759.7]","[2.42245]","[-0.638397]","[231560]","[95.5668]","[-1]","[13]","[1]","[1573.53]","[1518.11]","[-0.00100714]","[0.0927151]",24306.1,2.86348,3,"[256317,203407,41254]","[-0.940755,1.77453,1.97694]","[2.74377,-0.279883,-0.828012]","[380849,617944,151979]","[0.97778,1,0.998667]","[0,0,0]","[0,0,0]","[-0.913785,-0.722717,0.631691]",0,"[]","[]","[]","[]","[]","[]","[]","[]","[]","[]",1,"[258189]","[-0.967875]","[2.74256]","[391488]","[45254.9]","[0]","[1.4217]","[0.828847]",0,"[]","[]","[]","[]","[]","[]","[]","[]","[]","[]",0,"[619.217]",30.0488,"[3210.41,3374.02,2185.13]","[]","[0]","[]"
126,284500,5327767,364159,1,617.44,5.4184e+06,1.25133,1,0.991903,1,1,0.997763,0.966176,1,0,1,0,1,"[0]","[1]","[150390]","[-0.209823]","[-0.449792]","[153712]","[0.00038147]","[-1]","[13]","[1]","[0]","[-81.7808]","[0.0126498]","[2.47054]",89018.3,0.158967,3,"[370849,24910.4,21481.9]","[-0.108859,0.48291,0.257654]","[2.90749,2.30985,-3.00416]","[373632,28317.6,22391.2]","[0.996386,0.997108,0.975164]","[0,0,0]","[0,0,0]","[-0.867471,-0.89016,-0.82961]",0,"[]","[]","[]","[]","[]","[]","[]","[]","[]","[]",1,"[366712]","[-0.0627473]","[2.91317]","[367656]","[12762.8]","[0]","[3.29694]","[0.501167]",0,"[]","[]","[]","[]","[]","[]","[]","[]","[]","[]",0,"[5890.73]",6085.73,"[6910.29,1350.8,3775.55]","[]","[42956.4]","[]"
127,284500,5189484,364159,-1,617.44,5.4184e+06,1.26459,1,1.00043,1,1,0.996679,1.00547,1,0,1,0,1,"[1]","[1]","[54837.8]","[-1.31105]","[1.273]","[109117]","[-0.0431099]","[1]","[13]","[1]","[0]","[-1109.49]","[0.00799758]","[1.11667]",28219.8,-0.757883,4,"[234160,202417,123831,67315.3]","[-0.436396,-0.560937,-0.796022,-2.05126]","[1.62532,-1.81764,-2.61962,0.322305]","[259755,237273,165548,266363]","[0,0,0.972252,0]","[0,0,0,0]","[0,0,0,0]","[-0.709584,-0.815862,-0.95408,-0.645345]",0,"[]","[]","[]","[]","[]","[]","[]","[]","[]","[]",1,"[291391]","[-0.69366]","[-2.10804]","[386091]","[127730]","[0]","[0.765593]","[0.369471]",0,"[]","[]","[]","[]","[]","[]","[]","[]","[]","[]",0,"[389.932]",5314.04,"[4498.49,9192.4,6601.63,3129.4]","[]","[23284.5]","[]"
128,284500,9697642,364159,1,617.44,5.4184e+06,1.22586,1,0.998629,1,1,0.998398,0.998104,1,0,1,0,1,"[1]","[1]","[43793.3]","[-2.08973]","[-0.654098]","[179694]","[79.8241]","[1]","[13]","[1]","[0]","[-236.172]","[0.0152456]","[1.24832]",41500.9,0.431058,3,"[244037,241136,81639.5]","[-1.1282,0.9046,-1.19903]","[0.303627,-2.8072,2.99857]","[419638,347129,148229]","[0.999287,0.992005,0]","[0,0,0]","[0,0,0]","[-0.451811,-0.936064,-0.811774]",0,"[]","[]","[]","[]","[]","[]","[]","[]","[]","[]",1,"[273795]","[0.87903]","[-2.80726]","[386901]","[16138.8]","[0]","[2.34691]","[0.717689]",0,"[]","[]","[]","[]","[]","[]","[]","[]","[]","[]",0,"[393.354]",11641.2,"[7022.48,5943.3,5932.38]","[]","[2268.19]","[]"
129,284500,14307165,364159,1,617.44,5.4184e+06,1.32095,1,0.995562,1,1,0.997337,0.856877,1,0,1,0,1,"[1]","[1]","[59222.6]","[0.192363]","[-2.38516]","[60321.8]","[0.0618095]","[-1]","[13]","[1]","[0]","[-1208.39]","[-0.0375001]","[6.54565]",10928.6,2.73526,3,"[357526,160478,157134]","[-1.94534,-2.31342,1.64336]","[0.0730908,-2.99065,-2.98073]","[1.27647e+06,819397,421741]","[0.998605,0.991557,0.992616]","[0,0,0]","[0,0,0]","[-0.916144,-0.314791,-0.967632]",0,"[]","[]","[]","[]","[]","[]","[]","[]","[]","[]",1,"[385744]","[-1.92168]","[0.104228]","[1.34781e+06]","[69454.8]","[0]","[3.00708]","[0.681448]",0,"[]","[]","[]","[]","[]","[]","[]","[]","[]","[]",0,"[509.717]",33857.8,"[21512.2,6346.31,3201.51]","[]","[27469]","[]"
130,284500,7647118,364159,1,617.44,5.4184e+06,1.22586,1,0.992824,1,1,0.997879,0.878788,1,0,1,0,1,"[1]","[1]","[75295.4]","[-0.485397]","[-1.99241]","[84341.2]","[0.0135803]","[-1]","[13]","[0]","[0]","[-645.488]","[0.0298153]","[4.88926]",200598,-2.225,2,"[178103,104769]","[-1.13675,-0.556359]","[0.956816,1.05218]","[306621,122713]","[0.00235171,0.99443]","[0,0]","[0,0]","[-0.817776,-0.877271]",0,"[]","[]","[]","[]","[]","[]","[]","[]","[]","[]",1,"[269912]","[-0.967353]","[0.992515]","[413360]","[75747.4]","[0]","[1.19999]","[0.7775]",0,"[]","[]","[]","[]","[]","[]","[]","[]","[]","[]",0,"[3898.96]",2334.25,"[2658.69,3584.63]","[]","[18919.7]","[]"
131,284500,7916614,364159,-1,617.44,5.4184e+06,0.553627,1,0.997514,1,1,0.99863,0.996049,1,0,1,0,1,"[1]","[1]","[90442.9]","[-2.25034]","[0.356004]","[433960]","[0.0612844]","[1]","[13]","[1]","[0]","[348.92]","[-0.00835759]","[1.0806]",10068.1,1.23123,2,"[194330,81087.7]","[-1.43365,-0.870008]","[-1.98734,-2.65575]","[431907,114574]","[0,0.996023]","[0,0]","[0,0]","[-0.89143,-0.916536]",0,"[]","[]","[]","[]","[]","[]","[]","[]","[]","[]",1,"[253329]","[-1.34673]","[-2.20533]","[528127]","[92588.9]","[0]","[1.13163]","[0.738844]",0,"[]","[]","[]","[]","[]","[]","[]","[]","[]","[]",0,"[6497.8]",9328.35,"[7165.22,2650.08]","[]","[3934.36]","[]"
132,284500,6297826,364159,-1,617.44,5.4184e+06,0.75088,1,0.996125,1,1,0.99776,0.640516,1,0,1,0,1,"[1]","[1]","[87831.4]","[-1.07916]","[-2.34013]","[144135]","[-0.00917053]","[1]","[13]","[1]","[0]","[143.279]","[-0.00616022]","[0.812064]",190670,-1.04704,4,"[294610,75911.3,74907.1,74756.8]","[1.44412,0.195598,-0.257641,-1.8374]","[1.61352,-2.03621,-1.82267,1.03476]","[659365,77712.4,77711,240783]","[0.228748,0,0,0.997745]","[0,0,0,0]","[0,0,0,0]","[-0.864764,-0.783195,-0.778289,-0.856866]",0,"[]","[]","[]","[]","[]","[]","[]","[]","[]","[]",1,"[294939]","[1.42864]","[1.60863]","[650921]","[15588.3]","[0]","[2.96135]","[0.598048]",0,"[]","[]","[]","[]","[]","[]","[]","[]","[]","[]",0,"[1451.35]",82567,"[18034.2,6094.14,2136.18,2753.81]","[]","[28833.3]","[]"
133,284500,5161925,364159,1,617.44,5.4184e+06,1.22586,1,1.00035,1,1,0.993836,0.994245,1,0,1,0,1,"[1]","[1]","[30759.9]","[1.32013]","[0.968745]","[61689.1]","[50.5787]","[-1]","[13]","[1]","[0]","[-1053.01]","[-0.0123232]","[1.27207]",77925.1,-1.44386,8,"[276242,180551,85193.5,78718,57032.4,43226.8,24379.4,22480.5]","[1.63101,0.95357,-0.465237,2.45313,0.999525,1.98949,0.784456,-0.669656]","[-1.21009,1.72045,2.39371,2.10108,-2.68135,-1.65592,0.302922,-0.16671]","[735081,270310,94770.2,460946,88485.7,161248,32836.2,28241.3]","[1,0.987433,0,0.989193,0.994458,0.99,0.989052,0.597436]","[0,0,0,0,0,0,0,0]","[0,0,0,0,0,0,0,0]","[-0.808679,-0.859714,-0.70428,-0.848714,-0.910055,0.79403,-0.888517,-0.834463]",0,"[]","[]","[]","[]","[]","[]","[]","[]","[]","[]",1,"[276892]","[1.64438]","[-1.23678]","[747138]","[72778.2]","[0]","[1.44825]","[0.585541]",0,"[]","[]","[]","[]","[]","[]","[]","[]","[]","[]",0,"[179.483]",32426.7,"[7004.33,11164.2,3610.43,3472.76,3603.05,3270.1,3016.72,1530.98]","[]","[8686.53]","[]"
134,284500,5279489,364159,1,617.44,5.4184e+06,0.553627,1,0.998983,1,1,0.992408,0.959646,1,0,1,0,1,"[0]","[1]","[227437]","[1.15386]","[-1.08228]","[396404]","[0.0382748]","[1]","[13]","[1]","[16878.8]","[1959.21]","[-0.00820967]","[1.4246]",462208,-1.24959,3,"[914528,208667,20901.3]","[1.12788,1.55363,1.87678]","[1.93184,-1.31068,-1.6862]","[1.56099e+06,517227,69964.6]","[0.977538,0.994981,0.885937]","[0,0,0]","[0,0,0]","[-0.805584,-0.922385,-0.815913]",0,"[]","[]","[]","[]","[]","[]","[]","[]","[]","[]",1,"[906017]","[1.13354]","[1.92789]","[1.55337e+06]","[26487.4]","[0]","[3.35469]","[0.293795]",0,"[]","[]","[]","[]","[]","[]","[]","[]","[]","[]",0,"[16098.6]",1076.22,"[14659.8,3613.69,1189.85]","[]","[4276.69]","[]"
135,284500,7670928,364159,-1,617.44,5.4184e+06,0.00220911,1,1.00211,1,1,0.989547,1.02521,1,0,1,0,1,"[1]","[1]","[76679.7]","[1.37614]","[-2.79666]","[161493]","[-0.0167999]","[1]","[13]","[1]","[0]","[0]","[-0.0172981]","[2.84905]",80797.4,2.47977,3,"[873221,769782,49022.3]","[0.154743,0.0184845,2.04425]","[-0.454519,2.69365,0.409275]","[883777,770031,192510]","[0.990142,1,0.950748]","[0,0,0]","[0,0,0]","[-0.683548,-0.914102,-0.897888]",0,"[]","[]","[]","[]","[]","[]","[]","[]","[]","[]",2,"[879436,812614]","[0.108834,-0.0221439]","[-0.454601,2.69429]","[884710,813075]","[10328.4,20659.5]","[0,0]","[0,5.9679]","[-1,0.332091]",0,"[]","[]","[]","[]","[]","[]","[]","[]","[]","[]",0,"[851.218]",1397.45,"[20994.5,19772.9,3565.17]","[]","[43826.6,21054.6]","[]"
136,284500,7906944,364159,-1,617.44,5.4184e+06,1.1961,1,0.990724,1,1,0.995717,0.881991,1,0,1,0,1,"[1]","[1]","[80173.2]","[0.294183]","[-1.10089]","[83667.6]","[-0.00294876]","[-1]","[13]","[1]","[0]","[-1588.54]","[0.00564243]","[1.00552]",102939,1.72302,6,"[226368,99309.7,50725.9,39776.2,32486.7,24085.2]","[0.193357,2.15989,-0.116168,0.834653,-1.36328,0.33251]","[-1.70855,0.923747,1.89183,-2.11291,1.42765,2.95375]","[235609,436521,51713.7,54854.3,68061.2,25949.5]","[0,0.291319,0.986023,0.999213,0.956818,0.971798]","[0,0,0,0,0,0]","[0,0,0,0,0,0]","[-0.725411,-0.973573,-0.752592,-0.886243,-0.902956,-0.883192]",0,"[]","[]","[]","[]","[]","[]","[]","[]","[]","[]",1,"[268832]","[0.277818]","[-1.77121]","[285713]","[60319.1]","[0]","[1.73174]","[0.528132]",0,"[]","[]","[]","[]","[]","[]","[]","[]","[]","[]",0,"[1447.49]",9059.38,"[4956.21,7350.26,4884.72,4509.11,3578.48,2477.94]","[]","[9439.16]","[]"
137,284500,1859802,364159,-1,617.44,5.4184e+06,1.26205,1,0.999541,1,1,0.996237,0.968484,1,0,1,0,1,"[1]","[1]","[59453.6]","[1.16273]","[-1.63461]","[104379]","[162.5]","[1]","[13]","[1]","[0]","[-182.176]","[0.00763834]","[1.10532]",6963.97,2.00432,6,"[290366,255797,205774,82147.3,66799.1,26548.1]","[-0.967505,-1.82757,0.604061,-1.00373,0.160212,-0.587997]","[2.427,0.239947,-1.87793,-0.437882,-2.00775,1.67402]","[437867,816887,246677,127916,68088,32047.2]","[0.991132,0.999901,0.999985,1,0.951825,0.990569]","[0,0,0,0,0,0]","[0,0,0,0,0,0]","[-0.884109,-0.834162,0.0101752,0.772556,0.0648056,0.655556]",0,"[]","[]","[]","[]","[]","[]","[]","[]","[]","[]",3,"[292694,271516,251371]","[-0.996465,-1.79827,0.468436]","[2.43128,0.196056,-1.90305]","[450822,850918,285795]","[18646.1,120439,59846.2]","[0,0,0]","[3.06515,1.95974,1.27873]","[0.783907,0.508953,0.724882]",0,"[]","[]","[]","[]","[]","[]","[]","[]","[]","[]",0,"[344.312]",15051.5,"[22828.9,11029.3,6270.45,6146.98,1790.83,3289.96]","[]","[17391.4,15121.7,0]","[]"
138,284500,7671883,364159,-1,617.44,5.4184e+06,0.923924,1,0.997105,1,1,0.99607,0.977623,1,0,1,0,1,"[1]","[1]","[109530]","[-0.441416]","[0.78518]","[120375]","[-0.0402718]","[-1]","[13]","[1]","[0]","[-472.771]","[0.0110244]","[1.27429]",35536.9,-1.94871,4,"[327681,157531,137750,119402]","[1.3344,-0.75493,-0.144858,-0.172327]","[2.17296,-0.937345,-0.637461,-2.377]","[666535,205920,139809,121775]","[0,0,0,0.988181]","[0,0,0,0]","[0,0,0,0]","[-0.810921,-0.750051,-0.745314,-0.800995]",0,"[]","[]","[]","[]","[]","[]","[]","[]","[]","[]",2,"[357346,317737]","[1.36353,-0.520715]","[2.18221,-0.872742]","[746070,380441]","[51290.5,117642]","[0,0]","[2.20803,1.1647]","[0.6923,0.653278]",0,"[]","[]","[]","[]","[]","[]","[]","[]","[]","[]",0,"[3481.23]",17426.5,"[19575.6,6881.78,9748.45,2279.28]","[]","[26023.7,779.312]","[]"
139,284500,8833760,364159,-1,617.44,5.4184e+06,1.32095,1,0.993658,1,1,0.993783,0.906895,1,0,1,0,1,"[1]","[1]","[165721]","[0.385227]","[1.94325]","[178171]","[-0.026207]","[-1]","[13]","[1]","[0]","[-41.9767]","[0.000639776]","[0.144723]",51840.4,1.60804,8,"[368239,234154,190899,96156.9,57330.9,33505.3,26017.7,24128.6]","[-1.56619,-0.634268,1.74611,2.16733,1.10771,1.73544,-1.11904,-0.546264]","[-2.19464,1.63894,-0.576402,-0.161989,-1.03529,1.49468,-1.95751,1.07122]","[922378,283672,564165,425717,96809.3,98072.5,44482.1,28426]","[0.996181,0.994825,0.99,0.995848,0.746782,1,0.790367,0.966924]","[0,0,0,0,0,0,0,0]","[0,0,0,0,0,0,0,0]","[-0.865755,-0.978381,-0.621958,-0.39298,-0.734233,-0.914518,-0.837,-0.378957]",0,"[]","[]","[]","[]","[]","[]","[]","[]","[]","[]",2,"[353701,304414]","[-1.56387,1.78519]","[-2.19336,-0.548335]","[884355,942816]","[66075.7,137096]","[0,0]","[1.6757,1.70232]","[0.592644,0.377176]",0,"[]","[]","[]","[]","[]","[]","[]","[]","[]","[]",0,"[10014.6]",2242.68,"[7995.5,5198.05,7176.88,3417.57,2148.21,1944.21,1874.31,1963.69]","[]","[19051.8,18070.8]","[]"
140,284500,9599041,364159,-1,617.44,5.4184e+06,1.25133,1,0.99795,1,1,0.994133,0.993441,1,0,1,0,1,"[1]","[1]","[100308]","[-1.29457]","[2.36383]","[196776]","[0.0329628]","[1]","[13]","[1]","[0]","[-554.851]","[-0.00125257]","[0.225296]",55265.6,0.62484,5,"[217521,133691,38607.3,35103.7,26925.6]","[0.920851,-1.80086,1.36173,1.72323,-1.2378]","[-1.94262,0.737322,-1.70916,0.607377,2.86405]","[317188,415918,80490.9,101707,50614.2]","[0.995422,0.999197,0.981886,0.997499,0.955775]","[0,0,0,0,0]","[0,0,0,0,0]","[-0.920185,-0.782607,-0.944066,-0.884438,-0.759567]",0,"[]","[]","[]","[]","[]","[]","[]","[]","[]","[]",1,"[253608]","[0.974251]","[-1.90602]","[385959]","[40843.8]","[0]","[2.14813]","[0.698994]",0,"[]","[]","[]","[]","[]","[]","[]","[]","[]","[]",0,"[1219.74]",13678.5,"[6731.86,14596.9,2835.53,3336.02,1992.87]","[]","[0]","[]"
141,284500,2080781,364159,1,617.44,5.4184e+06,0.553627,1,0.985409,1,1,0.996266,0.975742,1,0,1,0,1,"[1]","[1]","[79159.8]","[-1.98115]","[-1.28966]","[292455]","[-0.0966625]","[-1]","[13]","[1]","[0]","[358.032]","[0.003603]","[0.56934]",36129.7,-2.26134,5,"[163797,116069,55795.8,47107.8,20976.3]","[-0.239445,-0.563121,0.0155573,-0.596929,0.696827]","[2.2088,-1.02157,1.59457,1.85907,-0.37454]","[171199,135937,56295.6,56189.5,26572.1]","[0.0326266,0,0.997369,0.992314,1]","[0,0,0,0,0]","[0,0,0,0,0]","[-0.755035,-0.776377,-0.9353,-0.833982,-0.799954]",0,"[]","[]","[]","[]","[]","[]","[]","[]","[]","[]",1,"[287883]","[-0.208786]","[2.06326]","[316214]","[115972]","[0]","[1.48968]","[0.639826]",0,"[]","[]","[]","[]","[]","[]","[]","[]","[]","[]",0,"[1607.19]",9581.45,"[7471.09,4986.7,4177.4,6802.72,6872.01]","[]","[4152.69]","[]"
142,284500,2639354,364159,-1,617.44,5.4184e+06,0.619412,1,0.996325,1,1,0.996381,0.646144,1,0,1,0,1,"[1]","[1]","[40900.3]","[-0.986921]","[-0.673105]","[62489.3]","[79.3075]","[-1]","[13]","[1]","[0]","[-862.626]","[0.0250283]","[2.49772]",36634.1,0.313951,4,"[277334,170131,55851.2,22634.8]","[0.962785,-1.03054,-0.863335,2.47942]","[-3.06175,1.19324,0.618585,2.81553]","[416793,269259,78465,136060]","[1,1,0.995563,0]","[0,0,0,0]","[0,0,0,0]","[-0.921255,-0.211239,-0.623309,-0.583388]",0,"[]","[]","[]","[]","[]","[]","[]","[]","[]","[]",1,"[271071]","[0.965243]","[-3.05736]","[407910]","[19103.3]","[0]","[2.44914]","[0.685817]",0,"[]","[]","[]","[]","[]","[]","[]","[]","[]","[]",0,"[88.3024]",63632.2,"[4438.59,2676.38,5310.56,32525.8]","[]","[34842.2]","[]"
143,284500,3214558,364159,1,617.44,5.4184e+06,1.26205,1,0.9975,1,1,1.29791,0.999611,1,0,1,0,1,"[1]","[1]","[46745.9]","[2.26536]","[-0.51868]","[227615]","[-2.23982]","[-1]","[13]","[1]","[0]","[784.283]","[-0.0115823]","[1.44147]",43372.9,-1.81835,5,"[200043,171690,102956,61596,20005.3]","[-0.179879,1.23563,1.5566,-0.573551,0.879867]","[-1.4979,1.51527,1.95176,1.85139,-1.70164]","[203898,321040,255444,72834.2,28532]","[1,0.996536,0,0.990885,0.98752]","[0,0,0,0,0]","[0,0,0,0,0]","[0.8385,-0.380086,-0.920037,-0.891302,-0.92057]",0,"[]","[]","[]","[]","[]","[]","[]","[]","[]","[]",1,"[262697]","[1.37818]","[1.66013]","[556438]","[49274.7]","[0]","[1.13126]","[0.821364]",0,"[]","[]","[]","[]","[]","[]","[]","[]","[]","[]",0,"[538.458]",8386.78,"[9299.96,3823.1,4739.64,2106.09,4443.79]","[]","[3323.19]","[]"
