event,runNumber,eventNumber,channelNumber,mcWeight,XSection,SumWeights,scaleFactor_PILEUP,scaleFactor_ELE,scaleFactor_MUON,scaleFactor_PHOTON,scaleFactor_TAU,scaleFactor_BTAG,scaleFactor_LepTRIGGER,scaleFactor_PhotonTRIGGER,trigE,trigM,trigP,lep_n,lep_truthMatched,lep_trigMatched,lep_pt,lep_eta,lep_phi,lep_E,lep_z0,lep_charge,lep_type,lep_isTightID,lep_ptcone30,lep_etcone20,lep_trackd0pvunbiased,lep_tracksigd0pvunbiased,met_et,met_phi,jet_n,jet_pt,jet_eta,jet_phi,jet_E,jet_jvt,jet_trueflav,jet_truthMatched,jet_MV2c10,photon_n,photon_truthMatched,photon_trigMatched,photon_pt,photon_eta,photon_phi,photon_E,photon_isTightID,photon_ptcone30,photon_etcone20,photon_convType,largeRjet_n,largeRjet_pt,largeRjet_eta,largeRjet_phi,largeRjet_E,largeRjet_m,largeRjet_truthMatched,largeRjet_D2,largeRjet_tau32,tau_n,tau_pt,tau_eta,tau_phi,tau_E,tau_charge,tau_isTightID,tau_truthMatched,tau_trigMatched,tau_nTracks,tau_BDTid,ditau_m,lep_pt_syst,met_et_syst,jet_pt_syst,photon_pt_syst,largeRjet_pt_syst,tau_pt_syst
0,284500,4452783,361102,11451.2,11500.5,3.38179e+11,0.934886,1,0.988718,1,1,0.998729,0.997022,1,0,1,0,1,"[0]","[1]","[25714.5]","[1.61592]","[1.29684]","[67259]","[-0.240017]","[1]","[13]","[1]","[0]","[-62.5362]","[0.0162804]","[1.32713]",235741,1.37437,2,"[296866,160392]","[0.103281,-0.475028]","[-0.886637,-2.69986]","[301157,179296]","[0.996817,1]","[0,0]","[0,0]","[-0.944403,-0.696834]",0,"[]","[]","[]","[]","[]","[]","[]","[]","[]","[]",1,"[295126]","[0.080644]","[-0.885605]","[299601]","[45755.6]","[0]","[1.38992]","[0.598899]",0,"[]","[]","[]","[]","[]","[]","[]","[]","[]","[]",0,"[118.37]",5909.16,"[3499.81,12129]","[]","[22221.9]","[]"
1,284500,4623653,361102,11461.1,11500.5,3.38179e+11,0.0132185,0.97996,1,1,1,0.986641,1.01265,1,1,0,0,1,"[0]","[1]","[162613]","[1.7516]","[2.31892]","[482743]","[0.0520401]","[1]","[11]","[1]","[0]","[292.755]","[-0.0531117]","[1.09287]",47604.8,1.85294,4,"[296506,128203,80349.3,27950.7]","[0.592278,0.0409171,0.800449,-0.841928]","[-1.62008,0.535984,1.62989,-0.360387]","[350422,128614,108029,38983.8]","[0.985935,0.990638,0.999538,0.962478]","[4,0,0,0]","[0,0,0,0]","[0.403095,-0.930507,-0.911073,-0.869844]",0,"[]","[]","[]","[]","[]","[]","[]","[]","[]","[]",1,"[276821]","[0.642655]","[-1.62121]","[336170]","[11290.7]","[0]","[1.76155]","[0.259669]",0,"[]","[]","[]","[]","[]","[]","[]","[]","[]","[]",0,"[3107.06]",6484.45,"[5205.94,2063.55,2660.82,2597.1]","[]","[7546.34]","[]"
2,284500,4566761,361102,11454,11500.5,3.38179e+11,0.619412,1,0.995207,1,1,0.984079,1.03042,1,0,1,0,1,"[0]","[1]","[127902]","[-0.632728]","[0.929306]","[154371]","[-0.00325775]","[1]","[13]","[1]","[0]","[-1070.93]","[-0.0263506]","[5.6876]",250156,0.725566,3,"[469633,77051,29927.9]","[-0.404573,0.767469,-1.15208]","[-2.2686,0.744453,2.18047]","[511224,101638,52392.1]","[0.980888,0.97049,0.985756]","[4,0,0]","[0,0,0]","[0.514008,0.810509,-0.92756]",0,"[]","[]","[]","[]","[]","[]","[]","[]","[]","[]",1,"[471911]","[-0.351524]","[-2.26358]","[504752]","[58338.6]","[0]","[1.06637]","[0.656729]",0,"[]","[]","[]","[]","[]","[]","[]","[]","[]","[]",0,"[3231.54]",2807.44,"[5585.69,2209.98,3524.19]","[]","[28150.3]","[]"
3,284500,4647614,361102,11449.9,11500.5,3.38179e+11,0.934886,1,0.998476,1,1,0.99884,0.669586,1,0,1,0,1,"[0]","[1]","[249883]","[0.718336]","[0.972769]","[317174]","[-0.0432396]","[1]","[13]","[1]","[1241.59]","[-153.007]","[0.00961885]","[1.92703]",173682,0.739088,1,"[406418]","[-0.424333]","[-2.26088]","[443924]","[0.992559]","[0]","[0]","[-0.787939]",0,"[]","[]","[]","[]","[]","[]","[]","[]","[]","[]",1,"[411852]","[-0.42231]","[-2.26131]","[449337]","[13723.1]","[0]","[0.747582]","[-1]",0,"[]","[]","[]","[]","[]","[]","[]","[]","[]","[]",0,"[14974.4]",10227.6,"[11232.3]","[]","[5093.5]","[]"
4,284500,4444242,361102,11459.6,11500.5,3.38179e+11,1.55465,1,0.997069,1,1,0.999377,1.00315,1,0,1,0,1,"[0]","[1]","[57288.8]","[0.822867]","[2.24512]","[77803.6]","[-0.0271645]","[1]","[13]","[1]","[0]","[-784.762]","[0.0138536]","[2.0101]",128269,2.55908,1,"[236605]","[0.836055]","[-1.10969]","[324456]","[0.988187]","[0]","[0]","[-0.832284]",0,"[]","[]","[]","[]","[]","[]","[]","[]","[]","[]",1,"[257061]","[0.847716]","[-1.153]","[356459]","[31191.9]","[0]","[2.95928]","[0.705396]",0,"[]","[]","[]","[]","[]","[]","[]","[]","[]","[]",0,"[244.569]",8974.34,"[11140.9]","[]","[6291.12]","[]"
5,284500,4694673,361102,11460.3,11500.5,3.38179e+11,0.402058,1,0.999004,1,1,0.982068,0.884101,1,0,1,0,1,"[0]","[1]","[73854.2]","[0.980152]","[-0.729821]","[112263]","[0.00315857]","[1]","[13]","[1]","[0]","[66.0006]","[-0.00996939]","[1.57463]",167327,-0.732195,3,"[321604,111140,20815.6]","[-0.253061,-2.16242,0.0591761]","[2.26185,-1.30594,1.58769]","[333105,489661,20944.5]","[0.999209,0.985897,0.864003]","[0,4,0]","[0,0,0]","[-0.913879,-0.542103,-0.203517]",0,"[]","[]","[]","[]","[]","[]","[]","[]","[]","[]",1,"[292853]","[-0.285288]","[2.26354]","[305707]","[22856.2]","[0]","[1.64832]","[0.430555]",0,"[]","[]","[]","[]","[]","[]","[]","[]","[]","[]",0,"[1684.11]",13048.5,"[6842.5,7995.94,1209.81]","[]","[22440.1]","[]"
6,284500,4845644,361102,11457.3,11500.5,3.38179e+11,1.55465,1,0.995624,1,1,0.99769,0.954494,1,0,1,0,1,"[0]","[1]","[94180]","[0.693237]","[2.63987]","[117731]","[0.0450249]","[1]","[13]","[1]","[0]","[-1168.22]","[-0.0706495]","[13.0913]",215564,2.39623,4,"[227912,58039.9,33058.8,21155.9]","[0.348052,0.735778,1.79853,0.142014]","[-0.403183,-0.93679,-0.929683,0.128623]","[243174,75143.7,102899,22012.6]","[1,0.746224,0.999924,0.997783]","[0,0,0,0]","[0,0,0,0]","[-0.858049,-0.87104,-0.723038,-0.878296]",0,"[]","[]","[]","[]","[]","[]","[]","[]","[]","[]",1,"[283489]","[0.448]","[-0.501531]","[316916]","[53212.5]","[0]","[1.37785]","[0.715306]",0,"[]","[]","[]","[]","[]","[]","[]","[]","[]","[]",0,"[789.803]",5532.05,"[4626.86,2405.82,2647.99,1635.02]","[]","[959.875]","[]"
7,284500,4727578,361102,11458.7,11500.5,3.38179e+11,0.934886,1,0.996703,1,1,0.997695,0.943895,1,0,1,0,1,"[0]","[1]","[60253.5]","[0.4404]","[-0.0695016]","[66191.8]","[0.109763]","[1]","[13]","[1]","[0]","[-560.452]","[-0.42858]","[43.7313]",328520,-0.239875,3,"[470740,61291,23468.3]","[-0.133862,2.25877,-1.16859]","[3.00722,0.178378,0.254722]","[476092,296695,41677.6]","[0.998316,0.943069,0.974633]","[0,0,0]","[0,0,0]","[0.820695,-0.880808,-8.05404e-05]",0,"[]","[]","[]","[]","[]","[]","[]","[]","[]","[]",1,"[477370]","[-0.145577]","[3.00705]","[482774]","[18020.8]","[0]","[3.33447]","[0.126028]",0,"[]","[]","[]","[]","[]","[]","[]","[]","[]","[]",0,"[706.307]",15553.7,"[13816.2,2780.39,2653.77]","[]","[13289]","[]"
8,284500,4841372,361102,11452.8,11500.5,3.38179e+11,0.596562,0.97826,1,1,1,0.996651,1.00493,1,1,0,0,1,"[0]","[1]","[80141]","[-1.28115]","[-1.75294]","[155414]","[-0.0255089]","[1]","[11]","[1]","[1492.81]","[20.6476]","[0.0144123]","[1.3988]",417657,-2.01928,2,"[454543,29921.8]","[-1.7739,-1.25721]","[1.14392,1.52338]","[1.3784e+06,57104.9]","[0.99652,0.993814]","[0,0]","[0,0]","[-0.938788,-0.450409]",0,"[]","[]","[]","[]","[]","[]","[]","[]","[]","[]",1,"[435220]","[-1.77851]","[1.14283]","[1.3256e+06]","[31857.7]","[0]","[2.37143]","[0.598509]",0,"[]","[]","[]","[]","[]","[]","[]","[]","[]","[]",0,"[912.51]",31228.1,"[30554,2445.65]","[]","[3749.88]","[]"
9,284500,4739609,361102,11458.6,11500.5,3.38179e+11,0.934886,1,0.995121,1,1,0.999391,0.992957,1,0,1,0,1,"[0]","[1]","[130675]","[0.542577]","[-0.761499]","[150387]","[0.114468]","[1]","[13]","[1]","[0]","[-304.996]","[-0.121817]","[22.296]",185165,-0.497019,1,"[306386]","[-0.385656]","[2.52887]","[330566]","[0.995945]","[0]","[0]","[-0.88606]",0,"[]","[]","[]","[]","[]","[]","[]","[]","[]","[]",1,"[290118]","[-0.386865]","[2.52229]","[312854]","[21697.6]","[0]","[1.62732]","[0.63288]",0,"[]","[]","[]","[]","[]","[]","[]","[]","[]","[]",0,"[5656.75]",6906.34,"[7668.04]","[]","[18679.3]","[]"
10,284500,4924639,361102,11462.6,11500.5,3.38179e+11,1.55465,1,1.00015,1,1,0.985215,0.891838,1,0,1,0,1,"[0]","[1]","[148544]","[1.11834]","[-1.40769]","[251529]","[-0.0551224]","[1]","[13]","[1]","[0]","[-746.447]","[0.0170626]","[3.3575]",362680,-1.57323,3,"[463912,35001.3,29422.1]","[0.057986,-1.11096,0.599475]","[1.58017,2.51483,1.19524]","[467084,59234.3,35226.4]","[0.896399,0.949296,0.965087]","[4,0,0]","[0,0,0]","[0.0142845,-0.954159,-0.79853]",0,"[]","[]","[]","[]","[]","[]","[]","[]","[]","[]",1,"[445111]","[0.0866602]","[1.58716]","[451170]","[62764.2]","[0]","[1.36295]","[0.205936]",0,"[]","[]","[]","[]","[]","[]","[]","[]","[]","[]",0,"[3754.87]",9476.47,"[7952.19,4970.72,1966.38]","[]","[61351.3]","[]"
11,284500,4978950,361102,11459.9,11500.5,3.38179e+11,1.08735,0.9523,1,1,1,0.997964,1.00099,1,1,0,0,1,"[0]","[1]","[35108.3]","[1.72874]","[0.101149]","[102008]","[0.0341721]","[1]","[11]","[1]","[1363.62]","[-392.947]","[-0.0156518]","[1.65195]",340044,-0.379826,4,"[409066,41926.6,32901.9,25745.3]","[0.249881,0.473949,-0.382387,1.12187]","[2.93426,2.54006,1.00208,3.10232]","[423532,47110.4,35503.1,44022.7]","[1,0.981492,0.85599,0.982278]","[0,0,0,0]","[0,0,0,0]","[-0.942291,-0.771202,-0.821017,-0.0507409]",0,"[]","[]","[]","[]","[]","[]","[]","[]","[]","[]",1,"[448310]","[0.233202]","[2.91033]","[465437]","[67228.9]","[0]","[2.45669]","[0.638631]",0,"[]","[]","[]","[]","[]","[]","[]","[]","[]","[]",0,"[449.479]",18749.1,"[12346.3,1990.06,3158.72,3074.6]","[]","[15207.8]","[]"
12,284500,5005011,361102,11453.1,11500.5,3.38179e+11,1.55465,0.96126,1,1,1,0.999454,0,1,1,0,0,1,"[0]","[1]","[26248.9]","[0.337689]","[0.0991626]","[27759.8]","[-0.0517273]","[1]","[11]","[1]","[0]","[638.103]","[-0.0830013]","[8.39317]",256169,-0.165617,1,"[261957]","[-0.269318]","[3.02306]","[271790]","[0.996395]","[0]","[0]","[-0.917336]",0,"[]","[]","[]","[]","[]","[]","[]","[]","[]","[]",1,"[252048]","[-0.288463]","[3.02634]","[262624]","[2947.95]","[0]","[0]","[-1]",0,"[]","[]","[]","[]","[]","[]","[]","[]","[]","[]",0,"[176.569]",15119.8,"[3115.06]","[]","[177.828]","[]"
13,284500,4262184,361102,11454.3,11500.5,3.38179e+11,0,0.96787,1,1,1,0.99818,0.98743,1,1,0,0,1,"[0]","[1]","[84980.5]","[-0.038318]","[0.747256]","[85042.9]","[0.130695]","[1]","[11]","[1]","[0]","[-177.636]","[0.0267048]","[1.48963]",230659,0.689675,2,"[336048,39696]","[-0.814799,-2.02991]","[-2.55247,-0.569758]","[457701,153874]","[0.999375,0.962511]","[0,0]","[0,0]","[-0.83279,-0.870576]",0,"[]","[]","[]","[]","[]","[]","[]","[]","[]","[]",1,"[337270]","[-0.820722]","[-2.55771]","[461598]","[62255.6]","[0]","[1.21426]","[0.812099]",0,"[]","[]","[]","[]","[]","[]","[]","[]","[]","[]",0,"[661.073]",7150.78,"[10205.5,3020.01]","[]","[18541.1]","[]"
14,284500,4923712,361102,11455.5,11500.5,3.38179e+11,0,0.94707,1,1,1,1.13344,0.94238,1,1,0,0,1,"[0]","[1]","[28596]","[-0.923826]","[2.317]","[41691.6]","[0.044281]","[1]","[11]","[1]","[0]","[2984.85]","[-0.0327337]","[3.20951]",182674,2.78936,5,"[240461,74560.5,45639,25084.5,20777.9]","[-1.33029,0.560879,-0.288291,-2.47229,-0.0412812]","[0.246802,-2.04398,-3.03799,-1.12904,-2.4754]","[487998,87474.5,48528.5,149725,21090.4]","[0.992784,0.999016,0.911247,0,0.999919]","[0,0,4,0,5]","[0,0,0,0,0]","[-0.876762,-0.778205,0.953308,-0.590837,0.683503]",0,"[]","[]","[]","[]","[]","[]","[]","[]","[]","[]",1,"[270671]","[-1.29292]","[0.190906]","[532200]","[45767.7]","[0]","[1.13326]","[0.758122]",0,"[]","[]","[]","[]","[]","[]","[]","[]","[]","[]",0,"[367.55]",8962.47,"[10723.3,3722.12,5604.41,3009.12,2223.09]","[]","[6641.38]","[]"
15,284500,4880614,361102,11453,11500.5,3.38179e+11,1.74563,0.97553,1,1,1,0.998317,1.01265,1,1,0,0,1,"[0]","[1]","[87660]","[1.77414]","[3.04144]","[265821]","[-0.00370121]","[1]","[11]","[1]","[1058.41]","[-171.755]","[0.00602653]","[0.507495]",229881,-3.10304,3,"[168329,117510,25704.2]","[-0.319512,-0.981943,-0.508061]","[-0.075151,0.33138,-0.544411]","[179769,179570,29286.5]","[0.996932,0.994396,0.883088]","[0,0,0]","[0,0,0]","[-0.888654,-0.52633,-0.606121]",0,"[]","[]","[]","[]","[]","[]","[]","[]","[]","[]",1,"[272692]","[-0.634151]","[0.0512067]","[353898]","[129420]","[0]","[1.08326]","[0.659311]",0,"[]","[]","[]","[]","[]","[]","[]","[]","[]","[]",0,"[1579.46]",12035,"[4490.1,8553.48,1810]","[]","[22310.9]","[]"
16,284500,4322506,361102,11459,11500.5,3.38179e+11,0.934886,1,0.998124,1,1,0.99814,1.01302,1,0,1,0,1,"[0]","[1]","[35823.2]","[1.39268]","[-0.847777]","[76554.6]","[0.0888686]","[1]","[13]","[1]","[2103.24]","[-438.499]","[0.000944946]","[0.113437]",197857,-0.571408,3,"[291209,43357.4,39129.1]","[1.42858,-1.98418,0.819669]","[2.43897,-1.71402,-0.367417]","[642755,160780,53211.4]","[0.990668,1,0.99972]","[0,0,0]","[0,0,0]","[-0.872468,-0.647929,-0.461752]",0,"[]","[]","[]","[]","[]","[]","[]","[]","[]","[]",1,"[262324]","[1.42433]","[2.43121]","[576931]","[20831.4]","[0]","[2.58837]","[0.578818]",0,"[]","[]","[]","[]","[]","[]","[]","[]","[]","[]",0,"[313.004]",10447,"[4590.66,6124.3,6378.44]","[]","[12619.8]","[]"
17,284500,4493142,361102,11466.6,11500.5,3.38179e+11,1.08735,0.97062,1,1,1,0.998881,0.98871,1,1,0,0,1,"[0]","[1]","[72894.3]","[-0.742234]","[0.027437]","[93912.3]","[0.0661259]","[1]","[11]","[1]","[0]","[-113.99]","[-0.135597]","[15.6742]",184113,-0.074223,2,"[223564,51580.6]","[-0.587783,-1.708]","[2.88569,-2.17576]","[263353,147263]","[0.990143,0.99]","[0,0]","[0,0]","[-0.855987,-0.520519]",0,"[]","[]","[]","[]","[]","[]","[]","[]","[]","[]",1,"[252890]","[-0.652598]","[2.89718]","[310382]","[32469.2]","[0]","[1.12131]","[0.163331]",0,"[]","[]","[]","[]","[]","[]","[]","[]","[]","[]",0,"[173.918]",1117.27,"[2508.67,2874.15]","[]","[2542.2]","[]"
18,284500,4364745,361102,11445.2,11500.5,3.38179e+11,1.08735,0.96972,1,1,1,0.998853,0.99544,1,1,0,0,1,"[0]","[1]","[171472]","[1.22273]","[0.763732]","[316441]","[0.00625706]","[1]","[11]","[1]","[0]","[204.713]","[-0.0478279]","[5.94249]",160621,0.689585,1,"[328539]","[1.79684]","[-2.42665]","[1.01807e+06]","[0.992882]","[0]","[0]","[-0.524698]",0,"[]","[]","[]","[]","[]","[]","[]","[]","[]","[]",1,"[319791]","[1.79853]","[-2.41729]","[992454]","[13841.2]","[0]","[4.68538]","[0.5825]",0,"[]","[]","[]","[]","[]","[]","[]","[]","[]","[]",0,"[2553.65]",1265.83,"[5258.04]","[]","[29795.5]","[]"
19,284500,4456242,361102,11453.2,11500.5,3.38179e+11,1.08735,1.00588,1,1,1,0.998375,1.00306,1,1,0,0,1,"[0]","[1]","[300056]","[1.06077]","[2.97678]","[485308]","[-0.0433235]","[1]","[11]","[1]","[0]","[-325.264]","[0.00390483]","[0.53797]",133602,2.93833,2,"[409334,27263.3]","[-0.0360633,1.0429]","[-0.230699,0.790752]","[409933,43825.4]","[1,0.970789]","[0,0]","[0,0]","[-0.877207,0.158632]",0,"[]","[]","[]","[]","[]","[]","[]","[]","[]","[]",2,"[413507,326779]","[-0.049265,1.05348]","[-0.229947,2.97868]","[414250,525516]","[14109.9,0]","[0,0]","[2.95052,0]","[0.0588652,-1]",0,"[]","[]","[]","[]","[]","[]","[]","[]","[]","[]",0,"[4697.38]",16655.3,"[17074,1813.9]","[]","[8908.06,23441.4]","[]"
20,284500,4716147,361102,11456.6,11500.5,3.38179e+11,0.596562,0.96304,1,1,1,0.998708,0.9991,1,1,0,0,1,"[0]","[1]","[45349.3]","[-1.66132]","[-0.085292]","[123716]","[-0.123905]","[1]","[11]","[1]","[0]","[1220.69]","[0.119098]","[4.79353]",328322,-0.0456798,1,"[384685]","[-1.47339]","[3.11988]","[883643]","[0.996771]","[0]","[0]","[-0.661325]",0,"[]","[]","[]","[]","[]","[]","[]","[]","[]","[]",1,"[407886]","[-1.46005]","[3.12006]","[925650]","[12116.4]","[0]","[4.68262]","[0.554667]",0,"[]","[]","[]","[]","[]","[]","[]","[]","[]","[]",0,"[308.374]",13256.1,"[14365.7]","[]","[17488.4]","[]"
21,284500,4464029,361102,11459.5,11500.5,3.38179e+11,0.00183436,0.98697,1,1,1,0.986492,1.00582,1,1,0,0,1,"[0]","[1]","[265087]","[-0.540928]","[-0.680988]","[304824]","[0.0414352]","[1]","[11]","[1]","[1335.02]","[-711.498]","[-0.0887731]","[9.76124]",54505.1,-0.944729,2,"[341361,29128.5]","[-0.859619,-1.25478]","[2.36754,-1.25636]","[475472,55526.9]","[0.99196,0.977412]","[4,0]","[0,0]","[-0.947909,-0.895164]",0,"[]","[]","[]","[]","[]","[]","[]","[]","[]","[]",2,"[334560,281737]","[-0.8527,-0.53604]","[2.36822,-0.680049]","[463773,323214]","[5554.56,3706.69]","[0,0]","[0,0]","[-1,-1]",0,"[]","[]","[]","[]","[]","[]","[]","[]","[]","[]",0,"[1379.16]",13847,"[10214.7,5032.32]","[]","[36796.1,13711.6]","[]"
22,284500,4718159,361102,11458.4,11500.5,3.38179e+11,1.08735,1,1.0008,1,1,0.998802,0.993803,1,0,1,0,1,"[0]","[1]","[77399.6]","[-2.10934]","[2.66984]","[323690]","[0.11879]","[1]","[13]","[1]","[0]","[-132.526]","[-0.0325576]","[4.58017]",278331,2.2784,3,"[313514,42156.9,26483.8]","[-1.02667,-0.49032,0.161161]","[-0.704849,-0.570975,-2.48852]","[494202,47740.5,27034.3]","[1,0.991582,0.996359]","[0,0,0]","[0,0,0]","[-0.847642,-0.793345,-0.873298]",0,"[]","[]","[]","[]","[]","[]","[]","[]","[]","[]",1,"[352937]","[-0.967447]","[-0.696119]","[534172]","[54402.8]","[0]","[2.87131]","[0.706229]",0,"[]","[]","[]","[]","[]","[]","[]","[]","[]","[]",0,"[540.835]",5417.88,"[6775.04,1994.36,1782.05]","[]","[6060.03]","[]"
23,284500,5391055,361102,11451.9,11500.5,3.38179e+11,1.55465,0.95734,1,1,1,0.998957,0.96953,1,1,0,0,1,"[0]","[1]","[32941.9]","[1.01759]","[1.7295]","[51520.6]","[0.18906]","[1]","[11]","[1]","[0]","[-350.512]","[0.202836]","[18.329]",233505,1.94144,2,"[372962,43752.9]","[-0.537188,0.016688]","[-1.18489,2.48246]","[429198,43974.1]","[0.989366,0.989965]","[0,0]","[0,0]","[-0.936004,-0.967259]",0,"[]","[]","[]","[]","[]","[]","[]","[]","[]","[]",1,"[353748]","[-0.561025]","[-1.1853]","[412320]","[34253.2]","[0]","[2.9691]","[0.297509]",0,"[]","[]","[]","[]","[]","[]","[]","[]","[]","[]",0,"[68.7973]",19666.3,"[4186.52,4043.58]","[]","[40335.6]","[]"
24,284500,5265407,361102,11458.4,11500.5,3.38179e+11,0.402058,1,0.996889,1,1,0.997918,0.976117,1,0,1,0,1,"[0]","[1]","[50651.5]","[-0.212692]","[-0.531852]","[51801.6]","[0.158928]","[1]","[13]","[1]","[0]","[-369.989]","[0.174595]","[23.5923]",164158,-0.563458,3,"[341001,117053,32559.5]","[0.532348,1.28787,1.78725]","[2.34257,-1.21394,-0.945481]","[391247,228727,100121]","[1,0.994563,0.965316]","[0,0,0]","[0,0,0]","[-0.777588,-0.941821,-0.835121]",0,"[]","[]","[]","[]","[]","[]","[]","[]","[]","[]",1,"[318100]","[0.567359]","[2.33893]","[371199]","[19494.6]","[0]","[1.71501]","[-1]",0,"[]","[]","[]","[]","[]","[]","[]","[]","[]","[]",0,"[622.905]",9432.73,"[7210.15,6236.13,2202.36]","[]","[10061.5]","[]"
25,284500,5438568,361102,11462.5,11500.5,3.38179e+11,0.934886,0.98458,1,1,1,0.998885,1.00582,1,1,0,0,1,"[0]","[1]","[100180]","[-0.403977]","[0.564118]","[108466]","[-0.0213375]","[1]","[11]","[1]","[0]","[-774.57]","[0.0288953]","[4.38362]",195738,0.156408,2,"[331498,86526.6]","[1.46259,1.06222]","[-2.59805,1.56701]","[754432,140812]","[0.991669,1]","[0,0]","[0,0]","[-0.675708,-0.601748]",0,"[]","[]","[]","[]","[]","[]","[]","[]","[]","[]",1,"[340800]","[1.45383]","[-2.60305]","[769599]","[29363.7]","[0]","[3.23694]","[0.716102]",0,"[]","[]","[]","[]","[]","[]","[]","[]","[]","[]",0,"[1083.9]",871.078,"[4469.84,6700.16]","[]","[1538.91]","[]"
26,284500,5464010,361102,11463.4,11500.5,3.38179e+11,0.596562,1,0.997359,1,1,0.999658,0.910967,1,0,1,0,1,"[0]","[1]","[40710]","[-1.12734]","[-1.06542]","[69437.8]","[0.00288773]","[1]","[13]","[1]","[0]","[34.0799]","[0.0253345]","[2.64243]",372994,-0.469825,1,"[28420.8]","[0.451614]","[-2.53235]","[31809.2]","[0.99932]","[0]","[0]","[-0.83393]",0,"[]","[]","[]","[]","[]","[]","[]","[]","[]","[]",1,"[377189]","[0.0568403]","[2.42884]","[377799]","[-0.00699539]","[0]","[0]","[-1]",0,"[]","[]","[]","[]","[]","[]","[]","[]","[]","[]",0,"[542.349]",2869.75,"[2124.37]","[]","[810.406]","[]"
27,284500,5484044,361102,11454.4,11500.5,3.38179e+11,1.74563,0.97553,1,1,1,0.999065,1.01265,1,1,0,0,1,"[0]","[1]","[131677]","[1.74407]","[2.99651]","[388143]","[-0.017746]","[1]","[11]","[1]","[0]","[1675.11]","[-0.0154387]","[1.68732]",133162,2.70226,1,"[265816]","[1.56225]","[-0.322104]","[662117]","[1]","[0]","[0]","[-0.612482]",0,"[]","[]","[]","[]","[]","[]","[]","[]","[]","[]",1,"[258515]","[1.6012]","[-0.321272]","[667391]","[21353.9]","[0]","[1.94301]","[0.760221]",0,"[]","[]","[]","[]","[]","[]","[]","[]","[]","[]",0,"[1586.66]",12710.2,"[13403]","[]","[22309.4]","[]"
28,284500,4819867,361102,11463.3,11500.5,3.38179e+11,1.74563,0.94272,1,1,1,0.999216,0.93175,1,1,0,0,1,"[0]","[1]","[36536.7]","[1.32549]","[-2.3819]","[73616.1]","[-0.00379753]","[1]","[11]","[1]","[0]","[1333.22]","[-0.0292349]","[1.4926]",309596,-2.40857,1,"[343774]","[0.620877]","[0.670362]","[412861]","[0.983166]","[0]","[0]","[-0.529376]",0,"[]","[]","[]","[]","[]","[]","[]","[]","[]","[]",1,"[326046]","[0.615333]","[0.673006]","[390180]","[18443.7]","[0]","[0]","[-1]",0,"[]","[]","[]","[]","[]","[]","[]","[]","[]","[]",0,"[45.0162]",3768.47,"[5250.63]","[]","[29905.1]","[]"
29,284500,4954745,361102,11450.5,11500.5,3.38179e+11,0.402058,1,1,1,1,0.998657,1,1,1,0,0,1,"[0]","[1]","[241582]","[1.15387]","[2.08995]","[421060]","[-0.0702286]","[1]","[11]","[0]","[0]","[11722.2]","[-0.114551]","[6.97317]",127759,1.96523,3,"[352173,74991.1,30014.6]","[1.05963,-2.04892,1.01225]","[-0.806116,-2.15313,-2.74652]","[569714,295868,47152.4]","[1,1,0.9966]","[0,0,0]","[0,0,0]","[-0.951821,-0.778113,-0.883974]",0,"[]","[]","[]","[]","[]","[]","[]","[]","[]","[]",2,"[350362,285563]","[1.07529,1.17312]","[-0.802558,2.09022]","[573758,505684]","[25273.1,5365.58]","[0,1]","[1.97956,7.04896]","[0.828674,0.516843]",0,"[]","[]","[]","[]","[]","[]","[]","[]","[]","[]",0,"[2679.18]",19592.6,"[4487.36,2828.23,2529.84]","[]","[26784.9,24007.9]","[]"
30,284500,5531004,361102,11453.4,11500.5,3.38179e+11,1.55465,1,1.00015,1,1,0.999246,0.953101,1,0,1,0,1,"[0]","[1]","[35142.2]","[1.21541]","[-1.59072]","[64455.4]","[-0.00909758]","[1]","[13]","[1]","[0]","[62.3476]","[0.0119126]","[1.35189]",218979,-1.05523,1,"[240092]","[1.27469]","[2.04727]","[463384]","[1]","[0]","[0]","[-0.925435]",0,"[]","[]","[]","[]","[]","[]","[]","[]","[]","[]",1,"[256066]","[1.28009]","[2.05392]","[496401]","[16541.1]","[0]","[1.95074]","[0.687576]",0,"[]","[]","[]","[]","[]","[]","[]","[]","[]","[]",0,"[380.997]",8247.75,"[8963.07]","[]","[2160.2]","[]"
31,284500,5489019,361102,11455.2,11500.5,3.38179e+11,1.55465,0.99211,1,1,1,0.998245,0.9918,1,1,0,0,1,"[0]","[1]","[283212]","[-0.637563]","[-1.52929]","[342750]","[0.0441704]","[1]","[11]","[1]","[0]","[-1452.24]","[-0.00763222]","[0.788492]",282987,1.73496,1,"[22948.9]","[1.6936]","[-0.524649]","[64629.9]","[0.992305]","[0]","[0]","[0.0316775]",0,"[]","[]","[]","[]","[]","[]","[]","[]","[]","[]",1,"[291959]","[-0.661346]","[-1.5285]","[358169]","[-0.00617632]","[0]","[0]","[-1]",0,"[]","[]","[]","[]","[]","[]","[]","[]","[]","[]",0,"[1786.05]",799.562,"[2069.51]","[]","[9672.59]","[]"
32,284500,5713496,361102,11461.1,11500.5,3.38179e+11,1.08735,1,0.99399,1,1,0.988173,0.972706,1,0,1,0,1,"[0]","[1]","[54024.5]","[-0.173063]","[-0.536704]","[54835.6]","[-0.0323577]","[1]","[13]","[1]","[0]","[-364.032]","[-0.0302198]","[4.4314]",265101,-0.345177,1,"[316979]","[-0.877776]","[2.72049]","[449799]","[0.995557]","[4]","[0]","[-0.813794]",0,"[]","[]","[]","[]","[]","[]","[]","[]","[]","[]",1,"[312722]","[-0.885572]","[2.72295]","[445910]","[45597.8]","[0]","[1.14349]","[0.713708]",0,"[]","[]","[]","[]","[]","[]","[]","[]","[]","[]",0,"[196.296]",7115,"[7804.31]","[]","[17324.1]","[]"
33,284500,5735836,361102,11459.1,11500.5,3.38179e+11,0.934886,1,0.988073,1,1,0.99875,1.018,1,0,1,0,1,"[0]","[1]","[68696.7]","[-1.82571]","[1.24183]","[218742]","[0.0532913]","[1]","[13]","[1]","[0]","[-222.773]","[-0.00913614]","[1.10739]",189494,0.940629,2,"[219837,51692.1]","[-2.00808,-1.32545]","[-2.22808,-1.63188]","[833652,104280]","[0.985977,0.982888]","[0,0]","[0,0]","[-0.941908,-0.71997]",0,"[]","[]","[]","[]","[]","[]","[]","[]","[]","[]",1,"[257595]","[-1.92565]","[-2.13595]","[906617]","[88636.5]","[0]","[1.0536]","[0.688478]",0,"[]","[]","[]","[]","[]","[]","[]","[]","[]","[]",0,"[293.802]",1826.45,"[4440.64,4453.82]","[]","[0]","[]"
34,284500,5820206,361102,11457.5,11500.5,3.38179e+11,1.24168,0.98458,1,1,1,0.999375,1.00582,1,1,0,0,1,"[0]","[1]","[90297.7]","[-0.504307]","[-1.73312]","[102026]","[0.0760193]","[1]","[11]","[1]","[0]","[-227.596]","[0.00607091]","[0.846455]",213217,-1.38063,1,"[239343]","[-0.290751]","[2.09591]","[249869]","[0.999603]","[0]","[0]","[-0.946808]",0,"[]","[]","[]","[]","[]","[]","[]","[]","[]","[]",1,"[253629]","[-0.264815]","[2.09601]","[262837]","[11731.6]","[0]","[3.88946]","[0.524102]",0,"[]","[]","[]","[]","[]","[]","[]","[]","[]","[]",0,"[304.716]",8464.47,"[5640.52]","[]","[10406.4]","[]"
35,284500,5902118,361102,11460.7,11500.5,3.38179e+11,0.402058,0.97245,1,1,1,1.0472,0.99544,1,1,0,0,1,"[0]","[1]","[104384]","[1.30926]","[0.242936]","[207382]","[-0.0297356]","[1]","[11]","[1]","[0]","[1134.16]","[-0.00655366]","[0.616515]",400663,0.813646,3,"[592065,96369,48885.9]","[0.847624,-0.325547,-0.681147]","[-2.25773,1.80459,2.44086]","[818610,101926,60944.5]","[0.979398,0.990636,0.993473]","[0,5,5]","[0,0,0]","[-0.847701,0.9966,0.999484]",0,"[]","[]","[]","[]","[]","[]","[]","[]","[]","[]",1,"[606752]","[0.844193]","[-2.25871]","[836692]","[31313.1]","[0]","[2.14041]","[0.699222]",0,"[]","[]","[]","[]","[]","[]","[]","[]","[]","[]",0,"[756.914]",13874.1,"[7833.05,2744.32,2678.28]","[]","[13789.4]","[]"
36,284500,5959712,361102,11459.9,11500.5,3.38179e+11,1.26205,1,0.997637,1,1,0.985961,0.924243,1,0,1,0,1,"[0]","[1]","[69640.9]","[1.08853]","[-0.449658]","[115138]","[0.248245]","[1]","[13]","[1]","[0]","[562.55]","[-0.0676408]","[11.2244]",259113,-0.338626,1,"[312176]","[0.342976]","[2.77676]","[331112]","[1]","[4]","[0]","[-0.706845]",0,"[]","[]","[]","[]","[]","[]","[]","[]","[]","[]",1,"[322960]","[0.324553]","[2.77572]","[340404]","[13937]","[0]","[2.46659]","[0.415739]",0,"[]","[]","[]","[]","[]","[]","[]","[]","[]","[]",0,"[654.825]",1040.72,"[3164.41]","[]","[9546.41]","[]"
37,284500,5965891,361102,11457.3,11500.5,3.38179e+11,1.08735,0.96709,1,1,1,0.998146,1.00936,1,1,0,0,1,"[0]","[1]","[138941]","[0.053239]","[1.35968]","[139138]","[-0.0141945]","[1]","[11]","[1]","[0]","[-728.835]","[-0.00376415]","[0.516546]",418466,1.45688,1,"[549576]","[0.417887]","[-1.72231]","[598336]","[1]","[0]","[0]","[-0.916726]",0,"[]","[]","[]","[]","[]","[]","[]","[]","[]","[]",1,"[556442]","[0.413906]","[-1.72245]","[604790]","[-0.00916097]","[0]","[0]","[-1]",0,"[]","[]","[]","[]","[]","[]","[]","[]","[]","[]",0,"[2137.2]",26839.1,"[18539.6]","[]","[6861.69]","[]"
38,284500,5918418,361102,11461,11500.5,3.38179e+11,0.402058,1,0.999025,1,1,0.998959,0.996642,1,0,1,0,1,"[0]","[1]","[34401]","[2.20178]","[0.0411856]","[157414]","[-0.0596924]","[1]","[13]","[1]","[0]","[-19.0955]","[0.0279018]","[2.8379]",335547,-0.217595,2,"[356272,75759.9]","[1.34594,-2.1738]","[-3.1354,1.73914]","[731441,337673]","[0.990223,1]","[0,0]","[0,0]","[-0.934756,-0.767654]",0,"[]","[]","[]","[]","[]","[]","[]","[]","[]","[]",1,"[369107]","[1.33437]","[-3.13217]","[750181]","[32890.5]","[0]","[2.00202]","[0.84697]",0,"[]","[]","[]","[]","[]","[]","[]","[]","[]","[]",0,"[503.465]",15030.8,"[14985.3,4341.43]","[]","[10298.6]","[]"
39,284500,6023918,361102,11456.1,11500.5,3.38179e+11,0.596562,1,0.9888,1,1,0.999426,0.987456,1,0,1,0,1,"[0]","[1]","[48812.9]","[1.97731]","[-1.06508]","[179673]","[0.248447]","[1]","[13]","[1]","[0]","[-21.8638]","[0.0470697]","[4.92254]",244975,-1.27257,1,"[294941]","[0.206175]","[1.91623]","[302618]","[0.999059]","[0]","[0]","[-0.932665]",0,"[]","[]","[]","[]","[]","[]","[]","[]","[]","[]",1,"[308779]","[0.240114]","[1.91575]","[319187]","[30532.3]","[0]","[1.93117]","[0.571374]",0,"[]","[]","[]","[]","[]","[]","[]","[]","[]","[]",0,"[419.321]",3041.52,"[4335.08]","[]","[11989.3]","[]"
40,284500,5990881,361102,11457.7,11500.5,3.38179e+11,0.596562,0.97949,1,1,1,0.997858,0.99672,1,1,0,0,1,"[0]","[1]","[65426.8]","[0.916723]","[-0.557029]","[94898.6]","[-0.00476837]","[1]","[11]","[1]","[0]","[91.336]","[0.00571736]","[0.591481]",210127,-0.581402,2,"[288600,26647.4]","[-0.53208,1.46695]","[2.19996,0.328863]","[331788,61240.9]","[0.995158,0.620516]","[0,0]","[0,0]","[-0.749108,-0.702948]",0,"[]","[]","[]","[]","[]","[]","[]","[]","[]","[]",1,"[283196]","[-0.545878]","[2.19403]","[328105]","[32929.8]","[0]","[1.38935]","[0.483719]",0,"[]","[]","[]","[]","[]","[]","[]","[]","[]","[]",0,"[411.843]",16593.1,"[3469.49,1262.68]","[]","[6961.44]","[]"
41,284500,6028900,361102,11452.7,11500.5,3.38179e+11,0.596562,1,0.997033,1,1,0.999429,1.01255,1,0,1,0,1,"[0]","[1]","[36012.3]","[1.64505]","[-3.13695]","[96770]","[0.226704]","[1]","[13]","[1]","[0]","[-134.58]","[0.0841033]","[9.0701]",224709,2.97765,1,"[294356]","[0.244032]","[0.0270151]","[303768]","[0.990012]","[0]","[0]","[-0.725213]",0,"[]","[]","[]","[]","[]","[]","[]","[]","[]","[]",1,"[313023]","[0.261113]","[0.0251278]","[324917]","[27462.8]","[0]","[1.76274]","[0.420341]",0,"[]","[]","[]","[]","[]","[]","[]","[]","[]","[]",0,"[444.068]",6015.25,"[6488.49]","[]","[16972.7]","[]"
42,284500,6182869,361102,11451.3,11500.5,3.38179e+11,1.74563,1,0.997816,1,1,0.999441,0.962708,1,0,1,0,1,"[0]","[1]","[127467]","[-0.538102]","[-0.981667]","[146371]","[0.0439148]","[1]","[13]","[0]","[0]","[-459.545]","[0.0183003]","[2.65755]",146699,-1.31919,1,"[270035]","[0.00669137]","[1.95295]","[274671]","[0.996569]","[0]","[0]","[-0.718595]",0,"[]","[]","[]","[]","[]","[]","[]","[]","[]","[]",1,"[265027]","[-0.0607147]","[1.94989]","[271280]","[55626.3]","[0]","[1.42244]","[0.660644]",0,"[]","[]","[]","[]","[]","[]","[]","[]","[]","[]",0,"[12043.2]",12364.2,"[12799.7]","[]","[7313.44]","[]"
43,284500,6090897,361102,11461.7,11500.5,3.38179e+11,0,0.97867,1,1,1,0.998976,1.01012,1,1,0,0,1,"[0]","[1]","[80358.9]","[1.82237]","[1.81269]","[255065]","[-0.0448074]","[1]","[11]","[1]","[0]","[1074.16]","[0.0127168]","[1.41222]",261992,1.58399,3,"[243766,77289.3,29491.9]","[0.652185,0.0728811,1.17324]","[-1.36998,-1.60858,-2.44968]","[298429,78014.8,52695.6]","[0.995443,0.996584,0.984294]","[0,0,0]","[0,0,0]","[-0.910653,-0.854491,-0.718222]",0,"[]","[]","[]","[]","[]","[]","[]","[]","[]","[]",1,"[298376]","[0.535798]","[-1.43197]","[354007]","[90517.3]","[0]","[0.922298]","[0.399863]",0,"[]","[]","[]","[]","[]","[]","[]","[]","[]","[]",0,"[889.505]",8143.31,"[8420.02,1847.47,1939.91]","[]","[461.125]","[]"
44,284500,6031614,361102,11455.8,11500.5,3.38179e+11,0.402058,0.97245,1,1,1,0.997595,0.99544,1,1,0,0,1,"[0]","[1]","[109646]","[1.29299]","[-1.77666]","[214804]","[0.0295067]","[1]","[11]","[1]","[0]","[-776.346]","[0.0219228]","[2.68043]",223634,-1.73588,3,"[384530,35248.2,20037.9]","[-0.493566,-1.20399,0.663683]","[1.33879,-2.27794,-1.90428]","[432810,64217.2,24928.8]","[0.996231,0.98,0.98]","[0,0,0]","[0,0,0]","[-0.906545,-0.91686,-0.878936]",0,"[]","[]","[]","[]","[]","[]","[]","[]","[]","[]",1,"[383842]","[-0.506693]","[1.34062]","[434448]","[15317.8]","[0]","[3.16759]","[0.507839]",0,"[]","[]","[]","[]","[]","[]","[]","[]","[]","[]",0,"[1288.2]",5008.39,"[4273.09,4060.63,1396.73]","[]","[789.5]","[]"
45,284500,6070703,361102,11454.7,11500.5,3.38179e+11,0.402058,0.98178,1,1,1,0.997623,0.99604,1,1,0,0,1,"[0]","[1]","[108311]","[-2.22793]","[0.952286]","[508436]","[-0.0190268]","[1]","[11]","[1]","[2272.19]","[1192.59]","[0.000493081]","[0.0584651]",156295,1.25303,2,"[243260,23412.6]","[-1.38766,-2.23654]","[-1.99446,-2.13641]","[517722,110874]","[0.990949,0.960583]","[0,0]","[0,0]","[-0.892312,-0.421982]",0,"[]","[]","[]","[]","[]","[]","[]","[]","[]","[]",1,"[262912]","[-1.46125]","[-1.99938]","[599864]","[56008.4]","[0]","[3.11564]","[0.545599]",0,"[]","[]","[]","[]","[]","[]","[]","[]","[]","[]",0,"[1367.11]",2906.53,"[5496.14,2175.33]","[]","[6367.47]","[]"
46,284500,6257652,361102,11454.1,11500.5,3.38179e+11,0.351687,0.96323,1,1,1,0.996146,1.00493,1,1,0,0,1,"[0]","[1]","[178328]","[-1.34203]","[2.07263]","[364512]","[-0.251869]","[1]","[11]","[1]","[0]","[2890.04]","[-0.0101824]","[0.603503]",119848,2.31029,5,"[244895,81983.8,72489.5,24841.6,24229.9]","[-0.542838,1.76532,2.20748,1.29631,1.6855]","[-1.19457,-0.752708,2.36404,0.767081,0.443163]","[283153,246764,333873,49061.4,67695.6]","[0.993207,0.00715168,0,0.929421,0.973363]","[0,0,0,0,0]","[0,0,0,0,0]","[-0.850919,-0.816993,-0.829429,-0.900438,-0.826504]",0,"[]","[]","[]","[]","[]","[]","[]","[]","[]","[]",1,"[251299]","[-0.568144]","[-1.20206]","[296795]","[47559.1]","[0]","[2.43777]","[0.798921]",0,"[]","[]","[]","[]","[]","[]","[]","[]","[]","[]",0,"[2044.42]",3823.54,"[7946.82,2870.23,8642.05,8554.23,2354.38]","[]","[2571.97]","[]"
47,284500,6233226,361102,11451.3,11500.5,3.38179e+11,1.55465,0.96126,1,1,1,0.99859,0,1,1,0,0,1,"[0]","[1]","[25347.5]","[0.549864]","[-2.41821]","[29277]","[0.0101242]","[1]","[11]","[1]","[0]","[1410.49]","[-0.00261873]","[0.16744]",67802.9,1.90482,2,"[274548,256201]","[1.28051,0.103327]","[0.262463,-2.6741]","[532389,258095]","[0.178909,0]","[0,0]","[0,0]","[-0.766404,-0.756595]",0,"[]","[]","[]","[]","[]","[]","[]","[]","[]","[]",2,"[292171,262869]","[0.18999,1.29861]","[-2.65362,0.260903]","[299775,518690]","[37180.9,35536.3]","[1,0]","[2.10172,1.6641]","[0.474736,0.607883]",0,"[]","[]","[]","[]","[]","[]","[]","[]","[]","[]",0,"[210.64]",1825.45,"[8983.48,9937.61]","[]","[23248.9,0]","[]"
48,284500,6112855,361102,11456.3,11500.5,3.38179e+11,0.596562,1,0.998712,1,1,0.988146,0.990997,1,0,1,0,1,"[0]","[1]","[44984.2]","[0.940972]","[0.126135]","[66412.9]","[0.00987959]","[1]","[13]","[1]","[0]","[-553.561]","[0.0133164]","[1.93228]",282167,-0.187529,4,"[272343,79760.5,40520.7,30809.5]","[1.52091,0.676747,-1.04944,1.33651]","[-3.04954,1.88928,2.45557,-1.18517]","[653512,99120.2,65345.6,63134.8]","[0.990053,0.993097,0.99703,0.965043]","[4,0,0,0]","[0,0,0,0]","[0.740569,-0.920379,-0.744723,-0.681709]",0,"[]","[]","[]","[]","[]","[]","[]","[]","[]","[]",1,"[274377]","[1.53499]","[-3.0487]","[666993]","[30640.7]","[0]","[2.45832]","[0.763842]",0,"[]","[]","[]","[]","[]","[]","[]","[]","[]","[]",0,"[96.8216]",2484.41,"[3853.81,4110,3024.36,2116.59]","[]","[6588.03]","[]"
49,284500,6285296,361102,11448.5,11500.5,3.38179e+11,1.74563,1,1.00075,1,1,0.996753,1.0227,1,0,1,0,1,"[0]","[1]","[55139.4]","[1.51534]","[0.266056]","[131526]","[0.0177155]","[1]","[13]","[1]","[0]","[-95.1874]","[-0.014574]","[2.03803]",397179,0.257811,3,"[404783,141269,30415.4]","[1.74689,-1.42857,1.59307]","[-2.76033,2.14514,-1.65389]","[1.19682e+06,311907,78116.7]","[0.997343,0.999369,0.97781]","[0,0,0]","[0,0,0]","[-0.975699,-0.884067,-0.802468]",0,"[]","[]","[]","[]","[]","[]","[]","[]","[]","[]",1,"[371846]","[1.77539]","[-2.76616]","[1.12946e+06]","[34539.9]","[0]","[2.05432]","[0.773233]",0,"[]","[]","[]","[]","[]","[]","[]","[]","[]","[]",0,"[473.378]",18701.7,"[14888.8,18511.6,3295.5]","[]","[841.281]","[]"
50,284500,6179852,361102,11455.1,11500.5,3.38179e+11,0.934886,1,0.99092,1,1,0.999426,0.914018,1,0,1,0,1,"[0]","[1]","[122123]","[0.202244]","[2.371]","[124629]","[-0.0363083]","[1]","[13]","[1]","[0]","[-96.4164]","[-0.0366018]","[6.76584]",145972,2.52376,1,"[266662]","[0.969846]","[-0.691994]","[403041]","[0.990099]","[0]","[0]","[-0.850611]",0,"[]","[]","[]","[]","[]","[]","[]","[]","[]","[]",1,"[295143]","[0.953932]","[-0.691867]","[440732]","[26600.6]","[0]","[2.32852]","[0.771826]",0,"[]","[]","[]","[]","[]","[]","[]","[]","[]","[]",0,"[2441.46]",9804.41,"[10369.8]","[]","[1830.16]","[]"
51,284500,6402868,361102,11465,11500.5,3.38179e+11,0.506784,0.96558,1,1,1,0.998339,0.99746,1,1,0,0,1,"[0]","[1]","[70414.7]","[-1.54306]","[-1.53386]","[172256]","[0.102541]","[1]","[11]","[1]","[0]","[-172.936]","[-0.00327211]","[0.363104]",107374,-1.74039,2,"[288009,132610]","[-1.93195,-0.493678]","[1.15811,-2.36392]","[1.01518e+06,149390]","[0.995872,0.993008]","[0,0]","[0,0]","[-0.86187,-0.890807]",0,"[]","[]","[]","[]","[]","[]","[]","[]","[]","[]",1,"[277068]","[-1.93447]","[1.14995]","[978886]","[17547.3]","[0]","[2.68909]","[0.614445]",0,"[]","[]","[]","[]","[]","[]","[]","[]","[]","[]",0,"[658.422]",17725.4,"[14268.7,5800.32]","[]","[12872]","[]"
52,284500,6375689,361102,11457.4,11500.5,3.38179e+11,1.55465,1,0.996514,1,1,0.997803,0.978253,1,0,1,0,1,"[0]","[1]","[84909.2]","[1.06727]","[-0.544558]","[138036]","[-0.0708427]","[1]","[13]","[1]","[0]","[467.834]","[0.0180362]","[2.86157]",201080,-0.57254,4,"[291736,66699.9,41182.7,27962.9]","[1.03224,0.655108,0.409431,1.63985]","[2.46646,-0.600738,2.65499,-2.69201]","[463683,82003.1,45391.9,74978.5]","[0.969007,0.945517,0.999894,0.944852]","[0,0,0,0]","[0,0,0,0]","[-0.596785,-0.815371,-0.672468,-0.712874]",0,"[]","[]","[]","[]","[]","[]","[]","[]","[]","[]",1,"[270259]","[1.04301]","[2.45268]","[434661]","[55665.3]","[0]","[1.78914]","[0.623261]",0,"[]","[]","[]","[]","[]","[]","[]","[]","[]","[]",0,"[1668.95]",14250.8,"[8554.76,8299.72,1998.95,2650.54]","[]","[10958]","[]"
53,284500,6396711,361102,11459,11500.5,3.38179e+11,0.934886,1,1.00264,1,1,0.983443,0.994502,1,0,1,0,1,"[0]","[1]","[34620.6]","[1.15503]","[-1.66858]","[60398.5]","[-0.157009]","[1]","[13]","[1]","[0]","[-542.135]","[-0.200494]","[26.8987]",465986,-1.74876,6,"[346761,195607,31684.5,26182.2,21087,20388.6]","[1.20014,0.696928,0.63662,-2.4272,1.92171,0.0687567]","[1.35075,1.35891,-2.68239,-1.54367,1.0054,-2.04435]","[628065,245384,38832.4,149527,73702.6,20778.6]","[0.988883,0.998052,0.995156,0.970689,0.988262,0.994199]","[4,0,0,0,0,0]","[0,0,0,0,0,0]","[0.356445,-0.86075,-0.641766,-0.165194,-0.803447,-0.869481]",0,"[]","[]","[]","[]","[]","[]","[]","[]","[]","[]",1,"[567088]","[1.03559]","[1.35423]","[910799]","[144035]","[0]","[0.436554]","[0.752619]",0,"[]","[]","[]","[]","[]","[]","[]","[]","[]","[]",0,"[173.562]",7882.06,"[5399.12,8534.37,2940.78,2269.12,1153.72,1161.14]","[]","[42683.1]","[]"
54,284500,6301813,361102,11458.6,11500.5,3.38179e+11,1.08735,1,0.996603,1,1,0.999416,0.759899,1,0,1,0,1,"[0]","[1]","[31821.8]","[-0.228407]","[3.05307]","[32655.6]","[-0.0312386]","[1]","[13]","[1]","[0]","[817.537]","[0.0955469]","[11.3123]",231268,2.95329,1,"[248218]","[0.904204]","[-0.364154]","[357221]","[0.99]","[0]","[0]","[-0.951684]",0,"[]","[]","[]","[]","[]","[]","[]","[]","[]","[]",1,"[259570]","[0.900883]","[-0.363475]","[372424]","[12278.9]","[0]","[1.20633]","[0.0238406]",0,"[]","[]","[]","[]","[]","[]","[]","[]","[]","[]",0,"[285.193]",244.047,"[3097.45]","[]","[4616.59]","[]"
55,284500,6405464,361102,11453.7,11500.5,3.38179e+11,0.934886,1,0.996745,1,1,0.999077,1.00161,1,0,1,0,1,"[0]","[1]","[75419.1]","[-1.34321]","[1.71001]","[154320]","[-0.0445862]","[1]","[13]","[1]","[0]","[345.391]","[0.0258234]","[3.73519]",356659,1.5855,2,"[378187,63014.4]","[0.609836,0.725689]","[-1.64701,-0.804232]","[452423,80610.6]","[1,0.999413]","[0,0]","[0,0]","[-0.86796,-0.763892]",0,"[]","[]","[]","[]","[]","[]","[]","[]","[]","[]",1,"[378872]","[0.702062]","[-1.53408]","[493022]","[127901]","[0]","[1.63393]","[0.70242]",0,"[]","[]","[]","[]","[]","[]","[]","[]","[]","[]",0,"[1566.16]",188.625,"[4287.43,2556.59]","[]","[42725.5]","[]"
56,284500,5002379,361102,11470.4,11500.5,3.38179e+11,0.402058,0.97429,1,1,1,0.998792,0.98653,1,1,0,0,1,"[0]","[1]","[52994.3]","[0.539361]","[-2.22986]","[60891.3]","[0.0367851]","[1]","[11]","[1]","[0]","[-162.685]","[0.0545087]","[8.15136]",434918,-2.57771,3,"[384184,115543,69164.1]","[1.13661,2.46145,-1.15621]","[0.919814,0.0258636,-0.157561]","[660750,682188,121296]","[0.998828,0.997601,1]","[0,0,0]","[0,0,0]","[-0.490146,-0.546691,-0.947575]",0,"[]","[]","[]","[]","[]","[]","[]","[]","[]","[]",1,"[382613]","[1.14507]","[0.912206]","[662626]","[26709.3]","[0]","[2.83807]","[0.705659]",0,"[]","[]","[]","[]","[]","[]","[]","[]","[]","[]",0,"[135.249]",17490,"[12008.3,7482.12,8071.46]","[]","[3801.78]","[]"
57,284500,4810616,361102,11458.7,11500.5,3.38179e+11,1.55465,0.94707,1,1,1,0.99764,0,1,1,0,0,1,"[0]","[1]","[25859.6]","[-1.12352]","[1.01408]","[43971.6]","[0.0691605]","[1]","[11]","[1]","[0]","[1111.84]","[0.0211349]","[2.00837]",267717,1.02053,4,"[282358,187159,125864,21303.5]","[0.0171317,1.82294,-0.762446,-0.263525]","[-2.35779,-0.0501229,-2.64453,-2.85991]","[283137,594536,164642,22398.4]","[1,0.990222,0.984391,0.985266]","[0,0,0,0]","[0,0,0,0]","[-0.948257,-0.769042,-0.631486,-0.81483]",0,"[]","[]","[]","[]","[]","[]","[]","[]","[]","[]",1,"[324393]","[-0.318002]","[-2.44733]","[366846]","[135428]","[0]","[0.254685]","[0.68824]",0,"[]","[]","[]","[]","[]","[]","[]","[]","[]","[]",0,"[146.346]",3500.31,"[7056.9,4456.56,3332.35,1642.05]","[]","[19643.7]","[]"
58,284500,5028276,361102,11449,11500.5,3.38179e+11,0.934886,0.9523,1,1,1,0.999441,1.00099,1,1,0,0,1,"[0]","[1]","[35556.8]","[1.71]","[-0.811639]","[101512]","[-0.0498314]","[1]","[11]","[1]","[0]","[1563.83]","[-0.0385044]","[1.76957]",245467,-0.159167,1,"[269990]","[-0.0538105]","[2.89089]","[270623]","[0.996773]","[0]","[0]","[-0.738558]",0,"[]","[]","[]","[]","[]","[]","[]","[]","[]","[]",1,"[267902]","[-0.0340707]","[2.88935]","[268299]","[11393.4]","[0]","[4.27602]","[0.685886]",0,"[]","[]","[]","[]","[]","[]","[]","[]","[]","[]",0,"[140.216]",346,"[2877.79]","[]","[0]","[]"
59,284500,5156279,361102,11453.7,11500.5,3.38179e+11,0.553627,1,1.00109,1,1,0.999034,0.993967,1,0,1,0,1,"[0]","[1]","[48840.1]","[1.43721]","[-3.09813]","[108584]","[-0.0267868]","[1]","[13]","[1]","[0]","[-1129.43]","[0.0129795]","[1.78594]",158645,-2.2193,1,"[252401]","[1.66676]","[0.828659]","[693273]","[0.993139]","[0]","[0]","[-0.887623]",0,"[]","[]","[]","[]","[]","[]","[]","[]","[]","[]",1,"[250711]","[1.69108]","[0.819972]","[704478]","[42337.9]","[0]","[1.41835]","[0.761885]",0,"[]","[]","[]","[]","[]","[]","[]","[]","[]","[]",0,"[79.6943]",2442.88,"[6810.32]","[]","[0]","[]"
60,284500,5050742,361102,11455.9,11500.5,3.38179e+11,0.934886,1,0.996125,1,1,0.986462,0.948895,1,0,1,0,1,"[0]","[1]","[51261]","[-1.13765]","[-2.52143]","[88168.7]","[-0.111059]","[1]","[13]","[1]","[0]","[-421.512]","[0.127126]","[18.1066]",246178,-2.41506,2,"[282560,24633.1]","[-0.43227,-0.441295]","[0.638339,1.81405]","[310224,27536.3]","[0.998004,0.993382]","[4,0]","[0,0]","[-0.507292,-0.906503]",0,"[]","[]","[]","[]","[]","[]","[]","[]","[]","[]",1,"[264517]","[-0.427099]","[0.634436]","[290197]","[26191.8]","[0]","[2.20616]","[0.487912]",0,"[]","[]","[]","[]","[]","[]","[]","[]","[]","[]",0,"[132.318]",7692.58,"[8044.87,1762.27]","[]","[109.75]","[]"
61,284500,5062796,361102,11454.2,11500.5,3.38179e+11,1.08735,0.9364,1,1,1,0.999353,0,1,1,0,0,1,"[0]","[1]","[26379.4]","[2.16709]","[-2.78348]","[116694]","[0.148308]","[1]","[11]","[1]","[1159.82]","[-642.459]","[-0.0210845]","[0.288101]",287061,-2.78017,2,"[241015,59741.2]","[1.1932,0.385852]","[0.310507,0.576339]","[434083,64972.6]","[0.999932,0.999147]","[0,0]","[0,0]","[-0.733211,-0.513997]",0,"[]","[]","[]","[]","[]","[]","[]","[]","[]","[]",1,"[286175]","[1.08701]","[0.369709]","[484004]","[104602]","[0]","[0.955997]","[0.60348]",0,"[]","[]","[]","[]","[]","[]","[]","[]","[]","[]",0,"[179.127]",3112.75,"[4162.16,5902.29]","[]","[286.219]","[]"
62,284500,5049051,361102,11451.4,11500.5,3.38179e+11,1.55465,1,0.99569,1,1,0.99932,0.911937,1,0,1,0,1,"[0]","[1]","[77488.1]","[0.269563]","[1.97484]","[80320.6]","[-0.0686722]","[1]","[13]","[1]","[0]","[-176.117]","[-0.0290853]","[5.18181]",320850,2.05917,2,"[329011,52698.3]","[-0.116937,-0.702363]","[-1.41151,-0.324703]","[332344,66725.3]","[0.997438,0.783419]","[0,0]","[0,0]","[-0.267899,-0.895101]",0,"[]","[]","[]","[]","[]","[]","[]","[]","[]","[]",1,"[310193]","[-0.140303]","[-1.41122]","[313874]","[19759.4]","[0]","[2.13197]","[0.486454]",0,"[]","[]","[]","[]","[]","[]","[]","[]","[]","[]",0,"[447.033]",4812.78,"[3393.4,4606.93]","[]","[15249.9]","[]"
63,284500,5153264,361102,11457.1,11500.5,3.38179e+11,1.08735,0.96787,1,1,1,0.912903,0.98743,1,1,0,0,1,"[0]","[1]","[101108]","[-0.0762444]","[0.945851]","[101402]","[0.03936]","[1]","[11]","[1]","[0]","[276.873]","[0.0116516]","[1.72691]",318665,0.643169,5,"[275309,142215,83279.5,36973.8,26092.3]","[0.281281,-0.148228,-0.931553,-0.341701,0.16114]","[-2.63161,-2.84157,-1.11605,-0.465088,-1.75153]","[287169,144058,122489,39698,26799.9]","[0.997177,1,0.998703,0.999591,0.986275]","[0,0,0,4,4]","[0,0,0,0,0]","[0.517873,-0.892231,-0.807121,0.219628,0.925428]",0,"[]","[]","[]","[]","[]","[]","[]","[]","[]","[]",1,"[407272]","[0.163811]","[-2.70843]","[425326]","[102667]","[0]","[0.775616]","[0.730394]",0,"[]","[]","[]","[]","[]","[]","[]","[]","[]","[]",0,"[1692.39]",5922.22,"[8081.72,3085.46,6361.92,2073.32,2015.35]","[]","[20897.9]","[]"
64,284500,5769530,361102,11447.2,11500.5,3.38179e+11,0.402058,0.95098,1,1,1,0.997856,1,1,1,0,0,1,"[0]","[1]","[25751.6]","[0.625983]","[-1.6356]","[30964]","[0.0693283]","[1]","[11]","[0]","[0]","[-95.7249]","[0.141274]","[13.5068]",569716,-1.35586,1,"[610446]","[-0.280082]","[1.74191]","[634952]","[1]","[0]","[0]","[-0.584032]",0,"[]","[]","[]","[]","[]","[]","[]","[]","[]","[]",1,"[615471]","[-0.238387]","[1.74255]","[633587]","[26271.3]","[0]","[0]","[-1]",0,"[]","[]","[]","[]","[]","[]","[]","[]","[]","[]",0,"[64.2687]",21415.4,"[21975.8]","[]","[36034.9]","[]"
65,284500,6436061,361102,11452.8,11500.5,3.38179e+11,1.08735,0.97921,1,1,1,0.998418,1.00192,1,1,0,0,1,"[0]","[1]","[72150.9]","[-0.362549]","[-1.60011]","[76944.9]","[0.0349369]","[1]","[11]","[1]","[0]","[-1477.87]","[-0.0448448]","[6.07442]",220201,-1.98554,2,"[300257,22036.5]","[-1.77956,-1.06672]","[1.32325,-0.862834]","[915592,35961.1]","[0.999055,0.9617]","[0,0]","[0,0]","[-0.755317,-0.948849]",0,"[]","[]","[]","[]","[]","[]","[]","[]","[]","[]",1,"[291937]","[-1.77852]","[1.33045]","[889556]","[33076.1]","[0]","[2.89876]","[0.623969]",0,"[]","[]","[]","[]","[]","[]","[]","[]","[]","[]",0,"[137.775]",16663.2,"[24311,1613.55]","[]","[16862.4]","[]"
66,284500,6465610,361102,11456.1,11500.5,3.38179e+11,1.74563,0.98916,1,1,1,0.996684,0.99765,1,1,0,0,1,"[0]","[1]","[92399.4]","[0.643075]","[0.366295]","[112173]","[0.00318909]","[1]","[11]","[1]","[0]","[52.6882]","[-0.0203893]","[1.6994]",402094,0.387806,6,"[269473,150251,97631.4,85055.6,29563.2,27419.1]","[-1.28344,-1.08389,-1.52744,-1.7887,-0.927382,-1.90762]","[3.1366,-2.72073,-1.24966,-3.12791,2.71855,-1.57809]","[524449,248216,235648,261924,43482.5,94440.9]","[0.993622,0.994927,0.994232,1,0.99,0.967412]","[0,0,0,0,0,0]","[0,0,0,0,0,0]","[-0.857623,-0.78272,-0.799797,-0.925669,-0.845566,-0.861634]",0,"[]","[]","[]","[]","[]","[]","[]","[]","[]","[]",1,"[461897]","[-1.3145]","[-3.03027]","[932761]","[142368]","[0]","[1.47679]","[0.5269]",0,"[]","[]","[]","[]","[]","[]","[]","[]","[]","[]",0,"[396.177]",6609.5,"[8273.46,11833.3,3266.34,5365.94,4486.68,2212.57]","[]","[19394.4]","[]"
67,284500,4661022,361102,11455.2,11500.5,3.38179e+11,0.934886,0.97199,1,1,1,0.999012,0.99121,1,1,0,0,1,"[0]","[1]","[43013.3]","[0.358336]","[-0.932242]","[45804.5]","[0.129431]","[1]","[11]","[1]","[0]","[-599.964]","[0.036286]","[3.20393]",146263,-0.736513,2,"[335201,133164]","[0.429746,-1.93335]","[2.90464,0.155002]","[367130,469946]","[0.998038,0.997089]","[0,0]","[0,0]","[-0.963109,-0.919908]",0,"[]","[]","[]","[]","[]","[]","[]","[]","[]","[]",1,"[335226]","[0.417547]","[2.90401]","[365118]","[13297.1]","[0]","[1.01451]","[0.02182]",0,"[]","[]","[]","[]","[]","[]","[]","[]","[]","[]",0,"[369.291]",5025.66,"[3531.37,5357.28]","[]","[24049.2]","[]"
68,284500,6459706,361102,11454,11500.5,3.38179e+11,0.402058,1,1,1,1,0.997561,1,1,1,0,0,1,"[0]","[1]","[65398.4]","[-0.173921]","[-3.09127]","[66390]","[0.0119057]","[1]","[11]","[0]","[0]","[1427.57]","[-0.009642]","[1.17456]",221294,-2.90842,4,"[426520,150504,96449.1,26380.5]","[-0.0837327,1.14447,-1.6041,1.06945]","[-0.166442,1.99872,-2.66352,1.45033]","[428304,261347,249751,43370]","[0.992455,0.999853,0.984386,0.970081]","[0,0,0,0]","[0,0,0,0]","[-0.713202,-0.681592,-0.920356,-0.767197]",0,"[]","[]","[]","[]","[]","[]","[]","[]","[]","[]",1,"[420080]","[-0.110737]","[-0.162721]","[423142]","[20233.4]","[0]","[3.86446]","[0.178933]",0,"[]","[]","[]","[]","[]","[]","[]","[]","[]","[]",0,"[150.213]",6579.98,"[7072.23,9041.75,3343.03,1810.16]","[]","[6514.34]","[]"
69,284500,6480031,361102,11468.6,11500.5,3.38179e+11,0.402058,1,0.996017,1,1,0.998442,0.93614,1,0,1,0,1,"[0]","[1]","[71186.9]","[-0.262304]","[2.5081]","[73650]","[0.481589]","[1]","[13]","[1]","[0]","[-589.419]","[-0.551214]","[50.4347]",260710,2.43263,4,"[337250,40336.3,29257.8,28695.2]","[-0.493426,0.476764,0.932272,-0.511789]","[-0.820326,0.734804,2.25275,-1.29532]","[380275,45203.2,43162.7,32712.1]","[0.994292,0.991223,0.992405,0.964231]","[0,0,0,0]","[0,0,0,0]","[-0.874138,-0.916913,-0.761785,-0.868861]",0,"[]","[]","[]","[]","[]","[]","[]","[]","[]","[]",1,"[356886]","[-0.490613]","[-0.849423]","[404363]","[54264.4]","[0]","[2.83036]","[0.676526]",0,"[]","[]","[]","[]","[]","[]","[]","[]","[]","[]",0,"[807.862]",1564.16,"[6784.24,3023.28,2646.35,2904.43]","[]","[2030.31]","[]"
70,284500,6458852,361102,11455.3,11500.5,3.38179e+11,1.26205,1,0.995056,1,1,0.997513,0.971777,1,0,1,0,1,"[0]","[1]","[46897.8]","[0.443752]","[-3.12169]","[51591.6]","[0.165657]","[1]","[13]","[1]","[0]","[621.735]","[-0.278558]","[42.8423]",604343,-3.03671,2,"[720170,80586.5]","[0.509838,-0.108571]","[0.162699,-2.62642]","[816199,81738.3]","[0.995884,0.969732]","[0,0]","[0,0]","[-0.930154,-0.634379]",0,"[]","[]","[]","[]","[]","[]","[]","[]","[]","[]",1,"[690501]","[0.518835]","[0.161637]","[785758]","[18370]","[0]","[3.79011]","[0.200392]",0,"[]","[]","[]","[]","[]","[]","[]","[]","[]","[]",0,"[52.3695]",5585.19,"[11013.8,2387.92]","[]","[18496.7]","[]"
71,284500,5911593,361102,11453.3,11500.5,3.38179e+11,0,0.98089,1,1,1,0.997533,0.99866,1,1,0,0,1,"[0]","[1]","[208492]","[-0.857289]","[0.619491]","[289915]","[0.114422]","[1]","[11]","[1]","[0]","[-2004.44]","[-0.00028984]","[0.0402903]",116791,0.907957,4,"[295812,33187.3,31573.2,25327.8]","[-0.898302,-0.853968,1.36412,0.39299]","[-2.56768,-1.42961,-2.86983,-0.874447]","[425326,46370.6,66088.5,27744]","[0.990692,0.977618,0.998687,0.999152]","[0,0,0,0]","[0,0,0,0]","[-0.85424,-0.933742,-0.912532,-0.903296]",0,"[]","[]","[]","[]","[]","[]","[]","[]","[]","[]",1,"[286294]","[-0.889184]","[-2.55794]","[408943]","[38483.7]","[0]","[1.94699]","[0.511506]",0,"[]","[]","[]","[]","[]","[]","[]","[]","[]","[]",0,"[3650.5]",23227.2,"[24118.9,9770.71,3206.06,3712.03]","[]","[22005.8]","[]"
72,284500,5854139,361102,11459.9,11500.5,3.38179e+11,0.402058,1,0.995532,1,1,0.995701,0.831723,1,0,1,0,1,"[0]","[1]","[122780]","[-0.266493]","[0.252189]","[127165]","[0.0315971]","[1]","[13]","[1]","[0]","[833.972]","[0.00477586]","[0.721976]",664648,0.190824,3,"[831935,82838.3,31317.8]","[0.477867,0.280843,2.45003]","[-2.91591,1.37571,-3.13451]","[929164,86609.4,182889]","[0.985497,0.957517,0.985937]","[0,0,0]","[0,0,0]","[-0.847852,-0.0443591,-0.77228]",0,"[]","[]","[]","[]","[]","[]","[]","[]","[]","[]",1,"[797102]","[0.486524]","[-2.91608]","[893614]","[23037.6]","[0]","[0]","[-1]",0,"[]","[]","[]","[]","[]","[]","[]","[]","[]","[]",0,"[3961.27]",2282.88,"[11919.6,2146.79,3941.1]","[]","[8220.81]","[]"
73,284500,5768767,361102,11459,11500.5,3.38179e+11,0.402058,1,0.996017,1,1,0.999178,0.93614,1,0,1,0,1,"[0]","[1]","[40988.1]","[-0.243749]","[2.14113]","[42211.9]","[-0.000137329]","[1]","[13]","[1]","[0]","[120.157]","[-0.0151293]","[1.88978]",227968,2.2788,2,"[295254,98295.4]","[0.623425,-1.09701]","[-1.25671,0.843558]","[355541,163779]","[0.999834,1]","[0,0]","[0,0]","[-0.390897,-0.73514]",0,"[]","[]","[]","[]","[]","[]","[]","[]","[]","[]",1,"[291262]","[0.653179]","[-1.24918]","[356046]","[17102.7]","[0]","[2.04938]","[0.633844]",0,"[]","[]","[]","[]","[]","[]","[]","[]","[]","[]",0,"[23.0854]",5789.38,"[6866.69,4260.98]","[]","[447.438]","[]"
74,284500,5146193,361102,11458.4,11500.5,3.38179e+11,0,0.97826,1,1,1,0.996855,1.00493,1,1,0,0,1,"[0]","[1]","[82623.1]","[-1.25586]","[-0.850601]","[156806]","[-0.0774002]","[1]","[11]","[1]","[0]","[1058.63]","[-0.00910182]","[0.839883]",209908,-1.24895,5,"[265246,82525.2,36586.3,22303.8,20333]","[-0.35633,-0.733216,1.19233,0.0579751,1.79258]","[2.22634,1.38397,-0.950219,1.46349,-1.16891]","[282997,106438,66285.3,22859.7,62861.5]","[0.991576,0.348289,0.94821,0.929638,0.663449]","[0,0,0,0,0]","[0,0,0,0,0]","[-0.76841,-0.960161,-0.84945,-0.818529,-0.790614]",0,"[]","[]","[]","[]","[]","[]","[]","[]","[]","[]",1,"[321748]","[-0.492325]","[2.08871]","[379267]","[114614]","[0]","[0.920255]","[0.637079]",0,"[]","[]","[]","[]","[]","[]","[]","[]","[]","[]",0,"[924.085]",17247.5,"[3076.35,4101.6,6523.25,1784.55,1165.42]","[]","[7575.16]","[]"
75,284500,6274043,361102,11458.8,11500.5,3.38179e+11,0.164755,0.97994,1,1,1,0.997811,1.00632,1,1,0,0,1,"[0]","[1]","[250241]","[0.378557]","[-0.269626]","[268386]","[0.105297]","[1]","[11]","[1]","[0]","[-1104.38]","[0.0355138]","[5.73456]",90900.5,0.303684,2,"[326090,27956]","[-0.386511,-1.50808]","[3.09112,2.20481]","[351230,66439.1]","[0.992661,0.980195]","[0,0]","[0,0]","[-0.932951,-0.801584]",0,"[]","[]","[]","[]","[]","[]","[]","[]","[]","[]",2,"[306181,260872]","[-0.406631,0.360585]","[3.0984,-0.267199]","[332275,278016]","[16904.8,0.00632885]","[0,1]","[2.66984,0]","[0.529572,-1]",0,"[]","[]","[]","[]","[]","[]","[]","[]","[]","[]",0,"[1860.74]",1248.91,"[3631.02,7390.4]","[]","[1603.66,6411.56]","[]"
76,284500,5659920,361102,11456.6,11500.5,3.38179e+11,1.22586,1,1,1,1,1.01359,1,1,1,0,0,1,"[0]","[1]","[257377]","[1.87989]","[-0.792863]","[862905]","[-20.8996]","[-1]","[11]","[0]","[1740.48]","[2447.72]","[-0.0312008]","[0.642372]",94734.5,-0.521025,4,"[225272,113354,23783.8,22740]","[0.494359,0.235505,1.04078,-0.565312]","[2.63583,1.81368,2.39667,3.07113]","[254978,116931,38112.9,26724.6]","[1,0.99362,0.750611,0.897829]","[0,5,0,0]","[0,0,0,0]","[-0.46856,0.96783,-0.910087,-0.801589]",0,"[]","[]","[]","[]","[]","[]","[]","[]","[]","[]",2,"[293688,279951]","[0.483646,1.89282]","[2.37832,-0.796196]","[353660,951166]","[130475,41687.3]","[0,1]","[0.824957,15.0048]","[0.625928,0.565225]",0,"[]","[]","[]","[]","[]","[]","[]","[]","[]","[]",0,"[2254.79]",22231.4,"[2572.55,1533.19,2944.7,1674.75]","[]","[12465.5,29909.9]","[]"
77,284500,5557637,361102,11455.8,11500.5,3.38179e+11,1.08735,1,1,1,1,0.988151,1,1,1,0,0,1,"[0]","[1]","[241780]","[-0.417598]","[-0.862442]","[263170]","[0.00128174]","[1]","[11]","[0]","[1047.82]","[4214.14]","[0.00160872]","[0.236291]",64588,2.04871,2,"[209747,20398.6]","[-1.90887,-0.409583]","[2.15563,-2.05603]","[723100,22470]","[1,0.97352]","[4,0]","[0,0]","[0.243572,-0.840893]",0,"[]","[]","[]","[]","[]","[]","[]","[]","[]","[]",1,"[267106]","[-0.384772]","[-0.858971]","[287146]","[3575.16]","[1]","[25.7303]","[0.394968]",0,"[]","[]","[]","[]","[]","[]","[]","[]","[]","[]",0,"[1336.8]",10127.6,"[6122.58,3754.56]","[]","[1265.19]","[]"
78,284500,18612416,361102,11462,11500.5,3.38179e+11,0.402058,0.97166,1,1,1,0.987648,1.0005,1,1,0,0,1,"[0]","[1]","[80314.4]","[2.32067]","[-1.63455]","[412844]","[0.0406189]","[1]","[11]","[1]","[0]","[2834.08]","[-0.0340542]","[0.443564]",180112,-1.69573,1,"[256840]","[0.476705]","[1.45937]","[287865]","[0.997271]","[4]","[0]","[-0.775714]",0,"[]","[]","[]","[]","[]","[]","[]","[]","[]","[]",1,"[253850]","[0.444608]","[1.46155]","[280531]","[25649.7]","[0]","[1.64932]","[0.862676]",0,"[]","[]","[]","[]","[]","[]","[]","[]","[]","[]",0,"[643.387]",1862.05,"[3312.06]","[]","[0]","[]"
79,284500,18758309,361102,11456.8,11500.5,3.38179e+11,1.08735,0.97695,1,1,1,0.996893,0.98743,1,1,0,0,1,"[0]","[1]","[484084]","[-0.13196]","[-1.96986]","[488305]","[-0.0769272]","[1]","[11]","[1]","[0]","[-1152.39]","[-0.00977526]","[1.2225]",379142,-1.93228,4,"[839244,80522.4,53073,37715.3]","[0.0142648,-0.0823841,0.32976,-0.356737]","[1.10455,2.47827,-1.66828,0.64559]","[840888,81456.8,56377.4,40508.6]","[0.998534,0.995235,0.999098,0.931724]","[0,0,0,0]","[0,0,0,0]","[-0.867587,-0.599591,-0.624367,-0.890819]",0,"[]","[]","[]","[]","[]","[]","[]","[]","[]","[]",2,"[851327,502653]","[0.0711462,-0.0600613]","[1.10514,-1.97409]","[855594,503560]","[60075,-0.0051905]","[0,1]","[2.39406,0]","[0.714644,-1]",0,"[]","[]","[]","[]","[]","[]","[]","[]","[]","[]",0,"[9147.3]",9812.62,"[16427.9,2285.85,1934.94,3542.12]","[]","[24584.1,20900.4]","[]"
80,284500,19863439,361102,11456.2,11500.5,3.38179e+11,0.934886,1,0.992399,1,1,0.999038,0.991067,1,0,1,0,1,"[0]","[1]","[65885.9]","[-2.19336]","[-0.0211611]","[299017]","[-0.0908775]","[1]","[13]","[1]","[0]","[166.892]","[-0.0217399]","[2.99057]",203692,-0.300354,1,"[275736]","[-1.58951]","[2.91794]","[704020]","[0.98714]","[0]","[0]","[-0.799524]",0,"[]","[]","[]","[]","[]","[]","[]","[]","[]","[]",1,"[272450]","[-1.60184]","[2.91727]","[703569]","[14398.9]","[0]","[2.62701]","[0.357533]",0,"[]","[]","[]","[]","[]","[]","[]","[]","[]","[]",0,"[6613.09]",2581.53,"[4630.33]","[]","[15519]","[]"
81,284500,18755919,361102,11459.3,11500.5,3.38179e+11,1.55465,0.98458,1,1,1,0.999047,1.00582,1,1,0,0,1,"[0]","[1]","[112317]","[-0.206553]","[0.849646]","[114722]","[0.0608978]","[1]","[11]","[1]","[0]","[665.798]","[-0.00377282]","[0.556567]",232604,0.80611,1,"[323163]","[-1.45708]","[-2.35822]","[731529]","[0.978523]","[0]","[0]","[-0.884572]",0,"[]","[]","[]","[]","[]","[]","[]","[]","[]","[]",1,"[320822]","[-1.43784]","[-2.35465]","[713814]","[13993.1]","[0]","[6.75739]","[0.581076]",0,"[]","[]","[]","[]","[]","[]","[]","[]","[]","[]",0,"[2434.93]",3370.56,"[12213.5]","[]","[11794.7]","[]"
82,284500,18613554,361102,11463.5,11500.5,3.38179e+11,1.21412,1,0.993424,1,1,0.998647,0.90898,1,0,1,0,1,"[0]","[1]","[68695.4]","[0.441507]","[2.5126]","[75500.3]","[0.00886726]","[1]","[13]","[1]","[0]","[494.688]","[0.0161578]","[1.93242]",171025,3.00733,3,"[309716,106410,30310.5]","[0.966854,-0.548558,0.138853]","[0.130528,-2.19116,-2.38025]","[466799,123399,31488.9]","[0.999093,1,0.969096]","[0,0,0]","[0,0,0]","[-0.860113,-0.800561,-0.897988]",0,"[]","[]","[]","[]","[]","[]","[]","[]","[]","[]",1,"[312868]","[0.974451]","[0.130723]","[474013]","[21076.6]","[0]","[2.51704]","[0.772884]",0,"[]","[]","[]","[]","[]","[]","[]","[]","[]","[]",0,"[706.946]",5789.8,"[7870.74,4020.14,2327.48]","[]","[20584.2]","[]"
83,284500,19600610,361102,11469.7,11500.5,3.38179e+11,0.596562,0.97199,1,1,1,0.999113,0.98736,1,1,0,0,1,"[0]","[1]","[40589.5]","[0.186488]","[-2.42317]","[41297.4]","[-0.017807]","[1]","[11]","[1]","[0]","[341.016]","[-0.00703283]","[0.830366]",336531,-2.64359,1,"[343658]","[1.09831]","[0.302746]","[572787]","[0.998657]","[0]","[0]","[-0.946098]",0,"[]","[]","[]","[]","[]","[]","[]","[]","[]","[]",1,"[342278]","[1.11488]","[0.305027]","[578049]","[10014.9]","[0]","[5.03045]","[0.508597]",0,"[]","[]","[]","[]","[]","[]","[]","[]","[]","[]",0,"[366.197]",14513.7,"[15429.7]","[]","[35349.2]","[]"
84,284500,18663904,361102,11454.3,11500.5,3.38179e+11,1.74563,1,1.00053,1,1,0.997918,0.981321,1,0,1,0,1,"[0]","[1]","[27709.1]","[0.546908]","[-2.42828]","[31957.7]","[0.0912838]","[1]","[13]","[1]","[0]","[-547.899]","[0.0389105]","[4.03959]",293571,-2.6868,4,"[215436,61788.8,34525.1,32470.5]","[-0.327134,-0.130966,1.77708,0.119939]","[0.47422,1.00964,-0.220594,0.586509]","[228423,62714.1,105153,33037.6]","[0.994579,0.997944,0.998389,0.99]","[0,0,0,0]","[0,0,0,0]","[-0.956109,-0.594792,-0.902083,-0.773485]",0,"[]","[]","[]","[]","[]","[]","[]","[]","[]","[]",1,"[271098]","[-0.268662]","[0.589563]","[291553]","[77945.7]","[0]","[1.39345]","[0.742482]",0,"[]","[]","[]","[]","[]","[]","[]","[]","[]","[]",0,"[106.718]",24471.2,"[5963.72,10604.4,3281.25,3214.62]","[]","[11712.4]","[]"
85,284500,18619456,361102,11455.9,11500.5,3.38179e+11,0.934886,0.96484,1,1,1,0.998007,0.9566,1,1,0,0,1,"[0]","[1]","[35468.6]","[1.10756]","[-1.72534]","[59540]","[0.130455]","[1]","[11]","[1]","[0]","[-910.168]","[0.0208264]","[2.09964]",286906,-0.966466,2,"[270001,29064.4]","[0.553981,1.89628]","[2.20171,1.6277]","[317279,99050]","[1,0.9638]","[0,0]","[0,0]","[-0.76295,-0.646443]",0,"[]","[]","[]","[]","[]","[]","[]","[]","[]","[]",1,"[275008]","[0.588148]","[2.20227]","[329390]","[59561]","[0]","[0.872404]","[0.625514]",0,"[]","[]","[]","[]","[]","[]","[]","[]","[]","[]",0,"[346.031]",12020,"[13786.6,2501.62]","[]","[21714.2]","[]"
86,284500,18614333,361102,11466.1,11500.5,3.38179e+11,0.351687,1,0.999004,1,1,0.999463,0.891405,1,0,1,0,1,"[0]","[1]","[184527]","[0.997645]","[-0.977621]","[284230]","[-0.0266495]","[1]","[13]","[1]","[0]","[-446.677]","[-0.0277217]","[4.11573]",60091.9,-0.463971,1,"[266194]","[0.547932]","[2.27551]","[307752]","[0.997994]","[0]","[0]","[-0.978293]",0,"[]","[]","[]","[]","[]","[]","[]","[]","[]","[]",1,"[263411]","[0.562862]","[2.28008]","[306464]","[11419.6]","[0]","[5.15281]","[0.665891]",0,"[]","[]","[]","[]","[]","[]","[]","[]","[]","[]",0,"[2244.16]",18152.2,"[3433.92]","[]","[0]","[]"
87,284500,18678945,361102,11451.5,11500.5,3.38179e+11,1.08735,0.98458,1,1,1,0.983185,1.00582,1,1,0,0,1,"[0]","[1]","[99097.8]","[-0.14764]","[-2.81495]","[100180]","[-0.0435524]","[1]","[11]","[1]","[0]","[-841.537]","[0.00150593]","[0.187044]",122621,3.01027,4,"[269900,182388,32830,21321.9]","[0.278585,-0.490057,1.87255,-1.73523]","[-0.326011,2.43549,0.783686,-1.14314]","[280759,205270,109436,62358.4]","[1,1,0.999905,0.979514]","[4,0,0,0]","[0,0,0,0]","[0.277337,-0.945296,-0.349005,-0.765269]",0,"[]","[]","[]","[]","[]","[]","[]","[]","[]","[]",1,"[290609]","[0.264434]","[-0.327259]","[301075]","[12173]","[0]","[10.992]","[0.524651]",0,"[]","[]","[]","[]","[]","[]","[]","[]","[]","[]",0,"[1010.17]",15028.1,"[2463.98,4886.54,4321.9,1583.87]","[]","[15215.7]","[]"
88,284500,12119405,361102,11458.7,11500.5,3.38179e+11,0.596562,0.96284,1,1,1,0.999086,0.99117,1,1,0,0,1,"[0]","[1]","[36276.5]","[-0.0736772]","[3.07419]","[36375]","[0.0336342]","[1]","[11]","[1]","[0]","[979.704]","[-0.0286426]","[3.92467]",262453,2.76829,1,"[292935]","[1.46709]","[-0.334159]","[669040]","[0.993363]","[0]","[0]","[-0.639595]",0,"[]","[]","[]","[]","[]","[]","[]","[]","[]","[]",1,"[289734]","[1.48004]","[-0.334765]","[669473]","[10130.3]","[0]","[2.41369]","[0.710742]",0,"[]","[]","[]","[]","[]","[]","[]","[]","[]","[]",0,"[38.5736]",10932.4,"[11710.8]","[]","[2721.41]","[]"
89,284500,18661698,361102,11460.1,11500.5,3.38179e+11,1.26205,0.98178,1,1,1,0.999377,0.99604,1,1,0,0,1,"[0]","[1]","[84459.3]","[-2.1138]","[0.821357]","[354745]","[0.165344]","[1]","[11]","[1]","[0]","[-921.495]","[-0.0345874]","[2.65891]",151173,0.569739,1,"[238755]","[-0.783303]","[-2.51301]","[315942]","[0.84982]","[0]","[0]","[-0.861234]",0,"[]","[]","[]","[]","[]","[]","[]","[]","[]","[]",1,"[256439]","[-0.760865]","[-2.51368]","[334543]","[12261.6]","[0]","[4.61369]","[0.433886]",0,"[]","[]","[]","[]","[]","[]","[]","[]","[]","[]",0,"[420.715]",5264.34,"[5956.37]","[]","[3560.77]","[]"
90,284500,18669383,361102,11460.9,11500.5,3.38179e+11,0.934886,0.97429,1,1,1,0.998345,0.98653,1,1,0,0,1,"[0]","[1]","[53134.6]","[0.153649]","[-2.5873]","[53763.1]","[0.049509]","[1]","[11]","[1]","[0]","[-378.315]","[0.0423846]","[4.85134]",463315,-2.71769,3,"[260840,229566,27846.7]","[-0.354763,0.130683,-1.08308]","[0.309662,0.4706,1.11653]","[278142,233168,46178]","[0.999971,0.99,0.821668]","[0,0,0]","[0,0,0]","[-0.354957,-0.961129,-0.831566]",0,"[]","[]","[]","[]","[]","[]","[]","[]","[]","[]",1,"[479950]","[-0.140041]","[0.381607]","[503144]","[135111]","[0]","[0.882431]","[0.781666]",0,"[]","[]","[]","[]","[]","[]","[]","[]","[]","[]",0,"[259.539]",3173.94,"[2867.28,2497.41,1845.01]","[]","[18507.8]","[]"
91,284500,18623681,361102,11462.7,11500.5,3.38179e+11,1.24168,0.98413,1,1,1,0.998269,1,1,1,0,0,1,"[0]","[1]","[83354.8]","[-0.93161]","[-0.164298]","[122219]","[-0.136471]","[1]","[11]","[0]","[1106.57]","[1919.93]","[0.00964383]","[0.664928]",231335,-0.259695,2,"[30486.2,23646.8]","[1.31423,0.563823]","[2.35814,-0.822949]","[61354.6,27876.6]","[0.999716,0.954864]","[0,0]","[0,0]","[-0.609181,-0.681742]",0,"[]","[]","[]","[]","[]","[]","[]","[]","[]","[]",1,"[297017]","[-1.18545]","[2.90085]","[531537]","[14945.8]","[0]","[4.68407]","[0.623028]",0,"[]","[]","[]","[]","[]","[]","[]","[]","[]","[]",0,"[271.171]",4536.31,"[2504.36,3153.76]","[]","[4777.94]","[]"
92,284500,18802984,361102,11458,11500.5,3.38179e+11,1.55465,1,0.990487,1,1,0.998982,1.02356,1,0,1,0,1,"[0]","[1]","[79335]","[1.74966]","[0.207812]","[235089]","[0.0803299]","[1]","[13]","[1]","[0]","[-118.971]","[0.00502672]","[0.776768]",152071,-0.0993751,2,"[279391,59525.3]","[1.78692,0.134576]","[3.12519,0.115856]","[857595,60400.7]","[0.997397,0.988919]","[0,0]","[0,0]","[-0.779559,-0.478605]",0,"[]","[]","[]","[]","[]","[]","[]","[]","[]","[]",1,"[280146]","[1.7925]","[3.12434]","[864444]","[9727.63]","[0]","[3.55919]","[-1]",0,"[]","[]","[]","[]","[]","[]","[]","[]","[]","[]",0,"[2231.58]",9425.42,"[4949.49,7347.12]","[]","[3798.94]","[]"
93,284500,18649146,361102,11459.4,11500.5,3.38179e+11,1.24168,0.97921,1,1,1,0.952309,1.00192,1,1,0,0,1,"[0]","[1]","[65180.3]","[-0.402914]","[-0.0908974]","[70543]","[-0.308458]","[1]","[11]","[1]","[0]","[-1003.06]","[0.0323696]","[3.42116]",159666,-0.0543513,3,"[280942,64045.3,34283.9]","[-1.82318,-0.0804687,1.0987]","[-2.91669,1.4489,0.0111813]","[892637,65240.7,57365.3]","[1,0.997261,0.999848]","[0,0,5]","[0,0,0]","[-0.905676,-0.367348,-0.4676]",0,"[]","[]","[]","[]","[]","[]","[]","[]","[]","[]",1,"[294834]","[-1.82197]","[-2.9139]","[935610]","[16193.1]","[0]","[2.03049]","[0.680958]",0,"[]","[]","[]","[]","[]","[]","[]","[]","[]","[]",0,"[275.682]",1884.67,"[5516.44,6628.2,1251.36]","[]","[8858.19]","[]"
94,284500,18802736,361102,11458,11500.5,3.38179e+11,0.596562,0.9724,1,1,1,0.999434,1,1,1,0,0,1,"[0]","[1]","[51094]","[0.964366]","[-1.19879]","[76752.1]","[0.00956726]","[1]","[11]","[0]","[0]","[-377.219]","[-0.098025]","[12.2989]",263159,-1.17822,1,"[296992]","[-0.339479]","[1.98803]","[315107]","[0.997572]","[0]","[0]","[-0.949032]",0,"[]","[]","[]","[]","[]","[]","[]","[]","[]","[]",1,"[303604]","[-0.366947]","[1.98608]","[326167]","[35087.7]","[0]","[2.68779]","[0.744656]",0,"[]","[]","[]","[]","[]","[]","[]","[]","[]","[]",0,"[222.192]",27354.3,"[6793.6]","[]","[8819.84]","[]"
95,284500,18696279,361102,11460,11500.5,3.38179e+11,1.24168,1,0.998104,1,1,0.987223,0.926913,1,0,1,0,1,"[0]","[1]","[41116.1]","[-2.31725]","[0.941819]","[210644]","[-0.067482]","[1]","[13]","[1]","[0]","[376.405]","[-0.0520804]","[5.36883]",415168,0.560321,1,"[452372]","[-0.91064]","[-2.52629]","[653845]","[1]","[4]","[0]","[0.617294]",0,"[]","[]","[]","[]","[]","[]","[]","[]","[]","[]",1,"[455423]","[-0.922082]","[-2.52481]","[663622]","[25176.9]","[0]","[1.58378]","[0.395959]",0,"[]","[]","[]","[]","[]","[]","[]","[]","[]","[]",0,"[277.355]",11033.7,"[12258.3]","[]","[1401.75]","[]"
96,284500,18723146,361102,11466.7,11500.5,3.38179e+11,1.74563,1,0.993737,1,1,0.988404,0.974594,1,0,1,0,1,"[0]","[1]","[83475.5]","[-0.546028]","[-2.95208]","[96231.9]","[0.0767517]","[1]","[13]","[1]","[0]","[-523.239]","[-0.0800273]","[8.99072]",193826,-3.1176,2,"[250644,50421]","[-0.156895,0.0920468]","[0.295621,-1.31051]","[255094,51161.6]","[0.999979,0.999525]","[0,4]","[0,0]","[-0.670992,0.230621]",0,"[]","[]","[]","[]","[]","[]","[]","[]","[]","[]",1,"[266107]","[-0.190748]","[0.299597]","[272297]","[26928.6]","[0]","[2.04478]","[0.70584]",0,"[]","[]","[]","[]","[]","[]","[]","[]","[]","[]",0,"[1284.94]",3225.64,"[4501.9,1420.7]","[]","[6620.12]","[]"
97,284500,18886443,361102,11451.2,11500.5,3.38179e+11,1.08735,1,0.988073,1,1,0.999052,1.01924,1,0,1,0,1,"[0]","[1]","[46491.6]","[-1.70974]","[1.19101]","[132697]","[-0.15493]","[1]","[13]","[1]","[0]","[-1.44411]","[0.0167102]","[1.81749]",391068,0.959145,2,"[365850,69231.6]","[-0.00864138,0.611144]","[-2.11846,-2.30645]","[366214,83161.4]","[0.999881,1]","[0,0]","[0,0]","[-0.690896,-0.841269]",0,"[]","[]","[]","[]","[]","[]","[]","[]","[]","[]",1,"[403426]","[0.0390237]","[-2.1422]","[415235]","[97056.8]","[0]","[0.612962]","[0.188519]",0,"[]","[]","[]","[]","[]","[]","[]","[]","[]","[]",0,"[206.3]",8758.5,"[8845.88,2080.25]","[]","[14270.2]","[]"
98,284500,18842284,361102,11459.9,11500.5,3.38179e+11,1.08735,0.96615,1,1,1,0.997937,0.98962,1,1,0,0,1,"[0]","[1]","[79213.5]","[1.28062]","[-2.72847]","[153545]","[0.0902691]","[1]","[11]","[1]","[0]","[-265.108]","[-0.00744136]","[0.879889]",120850,-2.76738,4,"[235672,190908,34249.1,22804.3]","[-0.242383,-1.63593,0.371573,0.30225]","[-0.420252,2.09884,-0.16619,1.01148]","[244802,508814,36742.6,24193.9]","[1,1,0.998,1]","[0,0,0,0]","[0,0,0,0]","[-0.945894,-0.965055,-0.924208,-0.89102]",0,"[]","[]","[]","[]","[]","[]","[]","[]","[]","[]",1,"[260687]","[-0.148156]","[-0.393888]","[270529]","[61038.4]","[0]","[1.687]","[0.630672]",0,"[]","[]","[]","[]","[]","[]","[]","[]","[]","[]",0,"[565.956]",14423.5,"[8691.75,14208.3,4019.18,2718.05]","[]","[3884.55]","[]"
99,284500,18853150,361102,11455.1,11500.5,3.38179e+11,0.934886,0.96853,1,1,1,0.997888,0.98869,1,1,0,0,1,"[0]","[1]","[66745.6]","[-1.8239]","[-1.40512]","[212163]","[0.5005]","[-1]","[11]","[1]","[0]","[1966.05]","[-0.0159066]","[0.3058]",442593,-1.63199,2,"[508162,30085.8]","[0.925258,0.8789]","[1.61972,1.15514]","[742139,42667.4]","[0.98,0.99]","[0,0]","[0,0]","[-0.73144,0.663738]",0,"[]","[]","[]","[]","[]","[]","[]","[]","[]","[]",1,"[456469]","[0.916934]","[1.61522]","[662452]","[18662.1]","[0]","[4.44643]","[0.473687]",0,"[]","[]","[]","[]","[]","[]","[]","[]","[]","[]",0,"[224.306]",22674,"[7568,2378.32]","[]","[9613.41]","[]"
100,284500,18893533,361102,11459.5,11500.5,3.38179e+11,1.08735,0.93652,1,1,1,0.998767,1,1,1,0,0,1,"[0]","[1]","[36133.1]","[-1.33325]","[1.25247]","[73295.2]","[0.40683]","[1]","[11]","[0]","[1167.82]","[208.073]","[-0.187883]","[17.7361]",320251,1.29598,2,"[333641,25559.3]","[-0.804111,-0.0939198]","[-1.81321,-2.23331]","[448159,26262.9]","[0.994411,0.973086]","[0,0]","[0,0]","[-0.800273,-0.885976]",0,"[]","[]","[]","[]","[]","[]","[]","[]","[]","[]",1,"[316744]","[-0.793128]","[-1.81671]","[421933]","[13953.4]","[0]","[2.93168]","[0.499415]",0,"[]","[]","[]","[]","[]","[]","[]","[]","[]","[]",0,"[152.049]",11931.2,"[4650.89,4093.1]","[]","[155.844]","[]"
101,284500,19013131,361102,11455.9,11500.5,3.38179e+11,1.08735,0.97199,1,1,1,0.999456,0.98736,1,1,0,0,1,"[0]","[1]","[40865.8]","[0.122173]","[2.46093]","[41171.2]","[0.0315685]","[1]","[11]","[1]","[0]","[230.963]","[0.0322593]","[1.53556]",225782,1.75788,1,"[260873]","[0.702801]","[-1.39265]","[328118]","[0.917205]","[0]","[0]","[-0.83298]",0,"[]","[]","[]","[]","[]","[]","[]","[]","[]","[]",1,"[252096]","[0.713083]","[-1.39403]","[319102]","[9798.2]","[0]","[3.75513]","[0.141151]",0,"[]","[]","[]","[]","[]","[]","[]","[]","[]","[]",0,"[20.3664]",4008.25,"[2963.3]","[]","[0]","[]"
102,284500,19031766,361102,11464,11500.5,3.38179e+11,0.596562,1,0.993154,1,1,0.998676,0.984198,1,0,1,0,1,"[0]","[1]","[117404]","[0.403271]","[-1.97786]","[127080]","[-0.0409002]","[1]","[13]","[1]","[2083.69]","[74.9161]","[-0.0306198]","[5.13533]",156338,-2.32097,2,"[272887,21382.3]","[1.4018,-0.767113]","[1.05015,-1.03222]","[588170,28438.2]","[0.973302,1]","[0,0]","[0,0]","[-0.889386,-0.898148]",0,"[]","[]","[]","[]","[]","[]","[]","[]","[]","[]",1,"[262459]","[1.39708]","[1.04905]","[563597]","[24418.3]","[0]","[3.12024]","[0.335345]",0,"[]","[]","[]","[]","[]","[]","[]","[]","[]","[]",0,"[9810.52]",24767,"[13412.3,1674.25]","[]","[572.422]","[]"
103,284500,18954918,361102,11459.3,11500.5,3.38179e+11,1.08735,0.96988,1,1,1,0.999102,1.00441,1,1,0,0,1,"[0]","[1]","[70428.9]","[1.77338]","[1.70249]","[213417]","[0.230614]","[1]","[11]","[1]","[0]","[-547.031]","[-0.0655452]","[3.52257]",231365,2.15541,3,"[185766,69836,61702.7]","[1.36509,2.03625,2.07967]","[-1.29702,-0.531347,-1.23847]","[387615,272288,250846]","[0.99287,0.990566,0.999559]","[0,0,0]","[0,0,0]","[-0.902428,-0.832848,-0.686954]",0,"[]","[]","[]","[]","[]","[]","[]","[]","[]","[]",1,"[266962]","[1.7703]","[-1.12427]","[818701]","[140160]","[0]","[1.08386]","[0.37858]",0,"[]","[]","[]","[]","[]","[]","[]","[]","[]","[]",0,"[563.374]",3766.94,"[3020.11,3739.57,2342.72]","[]","[10170.8]","[]"
104,284500,19049002,361102,11450.7,11500.5,3.38179e+11,1.24168,1,0.996745,1,1,0.999206,1.00829,1,0,1,0,1,"[0]","[1]","[144521]","[-1.41909]","[1.71303]","[316162]","[-0.0103025]","[1]","[13]","[1]","[0]","[-720.793]","[0.0179326]","[3.02085]",118190,1.52966,2,"[188368,79277.2]","[0.949894,0.228933]","[-1.40556,-1.73275]","[280535,82009.8]","[1,1]","[0,0]","[0,0]","[-0.624197,-0.876892]",0,"[]","[]","[]","[]","[]","[]","[]","[]","[]","[]",1,"[271151]","[0.785371]","[-1.4985]","[375813]","[110625]","[0]","[0.940634]","[0.838588]",0,"[]","[]","[]","[]","[]","[]","[]","[]","[]","[]",0,"[12627.1]",8134.94,"[7467.56,2308.55]","[]","[0]","[]"
105,284500,18955159,361102,11457.4,11500.5,3.38179e+11,1.08735,0.97994,1,1,1,0.99689,1.00632,1,1,0,0,1,"[0]","[1]","[255000]","[0.267535]","[-2.33533]","[264180]","[0.0752945]","[1]","[11]","[1]","[0]","[-1159.77]","[0.00315715]","[0.471725]",726447,-2.34685,1,"[943870]","[0.0252767]","[0.826461]","[945772]","[1]","[0]","[0]","[-0.573385]",0,"[]","[]","[]","[]","[]","[]","[]","[]","[]","[]",2,"[934205,263479]","[0.0149592,0.261917]","[0.828532,-2.33247]","[935853,272568]","[53724.6,0.00276214]","[0,1]","[2.24843,0]","[0.582844,-1]",0,"[]","[]","[]","[]","[]","[]","[]","[]","[]","[]",0,"[1334.67]",14343.1,"[14879.3]","[]","[32541.2,0]","[]"
106,284500,19232171,361102,11461.7,11500.5,3.38179e+11,1.08735,1,0.993167,1,1,0.999458,0.905584,1,0,1,0,1,"[0]","[1]","[52941.2]","[0.300586]","[0.821551]","[55351.1]","[0.0265045]","[1]","[13]","[1]","[0]","[138.02]","[0.017827]","[2.67565]",215759,0.799827,1,"[268414]","[-0.393784]","[-2.32486]","[289881]","[1]","[0]","[0]","[-0.872983]",0,"[]","[]","[]","[]","[]","[]","[]","[]","[]","[]",1,"[279425]","[-0.380867]","[-2.32588]","[300392]","[16510.6]","[0]","[2.0184]","[0.407612]",0,"[]","[]","[]","[]","[]","[]","[]","[]","[]","[]",0,"[357.244]",1289.69,"[3324.62]","[]","[1900.84]","[]"
107,284500,19198591,361102,11469,11500.5,3.38179e+11,0.596562,0.92736,1,1,1,0.996077,1,1,1,0,0,1,"[0]","[1]","[27645.6]","[-1.92027]","[-0.740752]","[96336.1]","[0.167431]","[1]","[11]","[0]","[0]","[110.093]","[-0.056051]","[1.37304]",408840,-0.414568,3,"[274797,129893,27522.1]","[-1.82549,-1.00327,-1.27493]","[2.73871,2.50367,3.12423]","[875967,201395,53135.9]","[0.984503,0.993668,0.991759]","[4,0,4]","[0,0,0]","[-0.907897,-0.943524,0.816095]",0,"[]","[]","[]","[]","[]","[]","[]","[]","[]","[]",1,"[372592]","[-1.6462]","[2.66287]","[1.01654e+06]","[169716]","[0]","[1.04703]","[0.320282]",0,"[]","[]","[]","[]","[]","[]","[]","[]","[]","[]",0,"[494.824]",5094.59,"[6007.63,2531.07,1654.31]","[]","[46020.1]","[]"
108,284500,19211961,361102,11453.8,11500.5,3.38179e+11,1.08735,1,0.999866,1,1,0.99943,1.02085,1,0,1,0,1,"[0]","[1]","[170000]","[1.52708]","[-3.11413]","[409861]","[-0.0619335]","[1]","[13]","[1]","[0]","[387.821]","[-0.0373583]","[6.74695]",114963,2.88907,1,"[266941]","[0.946161]","[-0.0560205]","[396112]","[0.999528]","[0]","[0]","[-0.838055]",0,"[]","[]","[]","[]","[]","[]","[]","[]","[]","[]",1,"[257387]","[0.934524]","[-0.0593626]","[378262]","[6812.54]","[0]","[2.53318]","[-1]",0,"[]","[]","[]","[]","[]","[]","[]","[]","[]","[]",0,"[11833.6]",1612.3,"[3166]","[]","[12632.9]","[]"
109,284500,19258957,361102,11459.5,11500.5,3.38179e+11,1.55465,0.96689,1,1,1,0.998921,1.00136,1,1,0,0,1,"[0]","[1]","[50692]","[1.68392]","[-2.54062]","[141235]","[0.127312]","[1]","[11]","[1]","[0]","[-57.9279]","[-0.00845247]","[0.472451]",179219,-2.60987,1,"[279046]","[1.90775]","[0.406846]","[961065]","[1]","[0]","[0]","[-0.776433]",0,"[]","[]","[]","[]","[]","[]","[]","[]","[]","[]",1,"[268307]","[1.9188]","[0.415899]","[933834]","[18424.7]","[0]","[2.24712]","[0.664876]",0,"[]","[]","[]","[]","[]","[]","[]","[]","[]","[]",0,"[258.769]",24593.3,"[18267.8]","[]","[16633.1]","[]"
110,284500,19262337,361102,11457.9,11500.5,3.38179e+11,1.08735,1,1.00069,1,1,0.986718,0.990311,1,0,1,0,1,"[0]","[1]","[198851]","[-0.477709]","[1.56673]","[221975]","[0.114777]","[1]","[13]","[1]","[0]","[-636.701]","[0.00728423]","[1.7746]",122528,1.54037,1,"[313593]","[-0.496781]","[-1.48934]","[353293]","[1]","[4]","[0]","[0.112393]",0,"[]","[]","[]","[]","[]","[]","[]","[]","[]","[]",1,"[327405]","[-0.516324]","[-1.49156]","[372554]","[19854.6]","[0]","[5.61566]","[0.576596]",0,"[]","[]","[]","[]","[]","[]","[]","[]","[]","[]",0,"[7056.24]",230.562,"[3070.61]","[]","[472.688]","[]"
111,284500,19346388,361102,11456.4,11500.5,3.38179e+11,0.934886,0.93214,1,1,1,0.998659,0.84537,1,1,0,0,1,"[0]","[1]","[29883.3]","[-1.64346]","[2.68059]","[80181.8]","[-0.0534496]","[1]","[11]","[1]","[0]","[-118.813]","[-0.000149115]","[0.0129544]",327583,2.26174,2,"[365232,24054.9]","[-0.362895,-0.618239]","[-0.842515,-2.45865]","[390342,29302.2]","[0.998545,0.844141]","[0,0]","[0,0]","[-0.943834,-0.383193]",0,"[]","[]","[]","[]","[]","[]","[]","[]","[]","[]",1,"[389827]","[-0.368437]","[-0.843432]","[417023]","[19059]","[0]","[4.0839]","[0.639937]",0,"[]","[]","[]","[]","[]","[]","[]","[]","[]","[]",0,"[236.773]",28268.8,"[4274.59,2297.24]","[]","[34563.7]","[]"
112,284500,19399697,361102,11459.8,11500.5,3.38179e+11,1.08735,1,0.997514,1,1,0.998564,0.996049,1,0,1,0,1,"[0]","[1]","[43562.6]","[-2.20069]","[0.30102]","[199125]","[-0.110832]","[1]","[13]","[1]","[0]","[-185.663]","[-0.0334539]","[3.19757]",293853,0.496659,2,"[365863,24070.6]","[-0.678026,-0.0100222]","[-2.70421,0.315735]","[453409,24248.9]","[0.99599,0.88674]","[0,0]","[0,0]","[-0.840311,-0.859218]",0,"[]","[]","[]","[]","[]","[]","[]","[]","[]","[]",1,"[368982]","[-0.687969]","[-2.70523]","[460041]","[14881.7]","[0]","[8.86576]","[0.0788587]",0,"[]","[]","[]","[]","[]","[]","[]","[]","[]","[]",0,"[1327.44]",7719.72,"[9762.62,1976.07]","[]","[11709.9]","[]"
113,284500,19400979,361102,11466.9,11500.5,3.38179e+11,0.402058,1,0.996838,1,1,0.996883,1.07399,1,0,1,0,1,"[0]","[1]","[56791.1]","[-0.907729]","[-0.324001]","[81839.7]","[-0.0140381]","[1]","[13]","[1]","[0]","[551.134]","[0.0436782]","[6.81438]",475932,-0.457284,3,"[308921,298298,28420.1]","[1.5645,-1.16149,2.45744]","[-2.99578,2.19102,1.49049]","[771591,523859,167159]","[0.995975,0.995509,0.992838]","[0,0,0]","[0,0,0]","[-0.531162,-0.903848,0.0610969]",0,"[]","[]","[]","[]","[]","[]","[]","[]","[]","[]",2,"[305075,301812]","[1.56193,-1.16726]","[-2.99718,2.19075]","[760324,532364]","[39655.4,23317.4]","[0,0]","[1.51388,2.12843]","[0.559304,0.708955]",0,"[]","[]","[]","[]","[]","[]","[]","[]","[]","[]",0,"[137.961]",2756.94,"[4549.22,4648.38,2092.83]","[]","[8505.5,13297.1]","[]"
114,284500,19336329,361102,11454.5,11500.5,3.38179e+11,1.08735,1,0.996013,1,1,0.985747,0.783269,1,0,1,0,1,"[0]","[1]","[84038.9]","[0.590693]","[-2.15462]","[99131.6]","[-0.00301361]","[1]","[13]","[1]","[0]","[-67.8068]","[0.000140445]","[0.0253749]",99000.4,-1.56933,3,"[285388,176649,21277]","[-0.2074,-1.38468,-0.810405]","[0.807405,-2.86113,0.667689]","[292141,375093,28896.5]","[1,0.997737,0.804364]","[4,0,0]","[0,0,0]","[-0.890503,0.144091,-0.935256]",0,"[]","[]","[]","[]","[]","[]","[]","[]","[]","[]",1,"[264930]","[-0.258686]","[0.80426]","[273844]","[-0.00195312]","[0]","[0]","[-1]",0,"[]","[]","[]","[]","[]","[]","[]","[]","[]","[]",0,"[3446.17]",5398.58,"[9366.84,5414.51,3475.86]","[]","[2945.09]","[]"
115,284500,19359852,361102,11463.4,11500.5,3.38179e+11,1.55465,0.97921,1,1,1,0.999207,1.00192,1,1,0,0,1,"[0]","[1]","[63874.4]","[-0.45644]","[3.00107]","[70644.4]","[-0.0441437]","[1]","[11]","[1]","[0]","[4.71536]","[-0.0713177]","[10.6777]",265545,-2.84101,1,"[340719]","[-0.0937607]","[0.207564]","[343000]","[0.949506]","[0]","[0]","[-0.335195]",0,"[]","[]","[]","[]","[]","[]","[]","[]","[]","[]",1,"[335154]","[-0.116353]","[0.206434]","[337904]","[17972.8]","[0]","[1.25646]","[0.179321]",0,"[]","[]","[]","[]","[]","[]","[]","[]","[]","[]",0,"[555.261]",5010.75,"[6204.64]","[]","[18206]","[]"
116,284500,19798018,361102,11453.7,11500.5,3.38179e+11,1.24168,1,0.996303,1,1,0.998613,0.945492,1,0,1,0,1,"[0]","[1]","[48491.3]","[-2.129]","[1.00142]","[206705]","[0.0485249]","[1]","[13]","[1]","[0]","[-188.779]","[0.0380888]","[5.03908]",366004,0.500516,2,"[234900,170015]","[0.37789,1.15668]","[-2.73497,-2.37852]","[253975,297916]","[0.988396,0.997652]","[0,0]","[0,0]","[-0.820173,-0.944708]",0,"[]","[]","[]","[]","[]","[]","[]","[]","[]","[]",1,"[366473]","[0.776788]","[-2.53983]","[519886]","[193059]","[0]","[0.991545]","[0.717467]",0,"[]","[]","[]","[]","[]","[]","[]","[]","[]","[]",0,"[422.927]",9814.09,"[6483.63,4829.51]","[]","[19917.7]","[]"
117,284500,19911101,361102,11460.2,11500.5,3.38179e+11,0.402058,1,0.990654,1,1,0.995227,0.923012,1,0,1,0,1,"[0]","[1]","[28932]","[-0.718442]","[-2.74666]","[36725.7]","[-0.0351515]","[1]","[13]","[1]","[0]","[-446.962]","[-0.0253216]","[2.65178]",288862,-2.40363,4,"[409352,57364.8,28716.6,22583.2]","[-1.76142,-0.886682,-2.04901,1.66159]","[0.759296,-1.62145,-2.99053,-2.632]","[1.22709e+06,81705.8,113292,61802.8]","[0.997678,1,0.970267,0.965605]","[0,0,0,0]","[0,0,0,0]","[-0.913045,0.73819,-0.79553,-0.797767]",0,"[]","[]","[]","[]","[]","[]","[]","[]","[]","[]",1,"[406519]","[-1.76284]","[0.754157]","[1.22002e+06]","[29201.2]","[0]","[2.02893]","[0.756582]",0,"[]","[]","[]","[]","[]","[]","[]","[]","[]","[]",0,"[182.772]",28308.5,"[33998.7,2989.28,3052,2386.55]","[]","[7473.88]","[]"
118,284500,19898183,361102,11463.3,11500.5,3.38179e+11,0.596562,1,0.993938,1,1,0.987777,0.841751,1,0,1,0,1,"[0]","[1]","[154358]","[-0.657878]","[2.70231]","[188984]","[0.0332642]","[1]","[13]","[1]","[0]","[1260.44]","[0.0391012]","[8.84616]",170714,2.61641,1,"[325569]","[-0.725227]","[-0.469778]","[415354]","[1]","[4]","[0]","[-0.165594]",0,"[]","[]","[]","[]","[]","[]","[]","[]","[]","[]",1,"[339949]","[-0.767088]","[-0.469384]","[445173]","[13514.4]","[0]","[2.95766]","[0.433173]",0,"[]","[]","[]","[]","[]","[]","[]","[]","[]","[]",0,"[4274.56]",3261.12,"[4769.31]","[]","[3747.16]","[]"
119,284500,19823610,361102,11460.7,11500.5,3.38179e+11,0.596562,1,0.999518,1,1,0.998784,0.969051,1,0,1,0,1,"[0]","[1]","[79962]","[2.20221]","[2.83948]","[366048]","[-0.0291176]","[1]","[13]","[0]","[0]","[495.13]","[0.0807487]","[10.2466]",244654,2.70292,3,"[246801,61642.5,20743.5]","[1.33928,0.57145,-1.03458]","[-0.378126,-0.310238,-1.34931]","[503318,72562.6,33070.4]","[0.938071,0.996623,0.98132]","[0,0,0]","[0,0,0]","[-0.684725,-0.913256,-0.880133]",0,"[]","[]","[]","[]","[]","[]","[]","[]","[]","[]",1,"[281287]","[1.24443]","[-0.363247]","[540543]","[112582]","[0]","[0.905828]","[0.592976]",0,"[]","[]","[]","[]","[]","[]","[]","[]","[]","[]",0,"[7929.03]",7561.52,"[4384.47,1995.76,1161.36]","[]","[12928]","[]"
120,284500,19887974,361102,11457.4,11500.5,3.38179e+11,0.596562,1,0.997392,1,1,0.998961,0.9132,1,0,1,0,1,"[0]","[1]","[25917.4]","[0.651937]","[1.32654]","[31623.2]","[0.108038]","[1]","[13]","[1]","[0]","[1003.45]","[-0.0219491]","[2.92533]",370832,1.74725,2,"[387933,64935.6]","[-0.0748978,-0.266381]","[-1.60756,0.115554]","[389258,67600.2]","[0.997083,1]","[0,0]","[0,0]","[-0.663628,-0.824985]",0,"[]","[]","[]","[]","[]","[]","[]","[]","[]","[]",1,"[381230]","[-0.0820339]","[-1.60825]","[382684]","[11425.2]","[0]","[8.58539]","[0.336097]",0,"[]","[]","[]","[]","[]","[]","[]","[]","[]","[]",0,"[148.065]",32.8125,"[4095.34,9918.28]","[]","[24460.2]","[]"
121,284500,19963360,361102,11456.1,11500.5,3.38179e+11,0.934886,0.96689,1,1,1,0.998937,1.00136,1,1,0,0,1,"[0]","[1]","[53683.2]","[1.60497]","[2.42789]","[139002]","[0.136665]","[1]","[11]","[1]","[0]","[-573.917]","[-0.0370698]","[2.03779]",239184,2.37079,1,"[293868]","[1.73962]","[-0.744544]","[862748]","[1]","[0]","[0]","[-0.908195]",0,"[]","[]","[]","[]","[]","[]","[]","[]","[]","[]",1,"[293460]","[1.74226]","[-0.743182]","[863571]","[4001.72]","[0]","[0]","[-1]",0,"[]","[]","[]","[]","[]","[]","[]","[]","[]","[]",0,"[243.734]",8034.59,"[9066.76]","[]","[32147.1]","[]"
122,284500,11679035,361102,11457.1,11500.5,3.38179e+11,0.596562,0.9823,1,1,1,0.996489,1.00632,1,1,0,0,1,"[0]","[1]","[130381]","[0.386403]","[-0.584307]","[140236]","[-0.0216637]","[1]","[11]","[1]","[1593.82]","[2927.24]","[-0.000732411]","[0.0712119]",232739,-1.03249,3,"[369437,26193.5,23044.7]","[1.79475,0.3071,1.64549]","[2.08542,-1.14615,1.12243]","[1.14262e+06,27744.2,61981.7]","[1,0.89,0.674797]","[0,0,0]","[0,0,0]","[-0.981226,-0.569108,-0.284884]",0,"[]","[]","[]","[]","[]","[]","[]","[]","[]","[]",1,"[357422]","[1.79322]","[2.0768]","[1.10376e+06]","[20329]","[0]","[3.52432]","[0.682953]",0,"[]","[]","[]","[]","[]","[]","[]","[]","[]","[]",0,"[497.105]",5608.86,"[5274.32,4108.32,2501.9]","[]","[30800.5]","[]"
123,284500,11798080,361102,11464.9,11500.5,3.38179e+11,0.402058,0.95508,1,1,1,0.997947,0.93664,1,1,0,0,1,"[0]","[1]","[51674.9]","[-1.24646]","[-2.75707]","[97291.6]","[0.0649986]","[1]","[11]","[1]","[0]","[-174.906]","[-0.0146748]","[1.224]",286548,-2.62391,3,"[347814,243208,24335.5]","[-1.20019,0.999632,-0.898828]","[1.24321,-0.841144,0.674821]","[630281,375844,35096.6]","[0.986432,0.979762,0.988824]","[0,0,0]","[0,0,0]","[-0.816376,-0.480665,-0.43594]",0,"[]","[]","[]","[]","[]","[]","[]","[]","[]","[]",1,"[357634]","[-1.21893]","[1.24742]","[658438]","[26952.9]","[0]","[3.20293]","[0.623783]",0,"[]","[]","[]","[]","[]","[]","[]","[]","[]","[]",0,"[116.699]",205.188,"[6765.46,3126.02,4446.39]","[]","[10335.2]","[]"
124,284500,18591948,361102,11450.8,11500.5,3.38179e+11,1.25133,0.95254,1,1,1,0.999047,1.04326,1,1,0,0,1,"[0]","[1]","[41666.9]","[1.95251]","[-1.84763]","[149756]","[0.102894]","[1]","[11]","[1]","[0]","[591.336]","[-0.0144885]","[1.26276]",232160,-1.34711,2,"[263441,26034.8]","[0.44121,-0.369862]","[1.61898,2.44322]","[289737,28422.3]","[0.990524,0.962808]","[0,0]","[0,0]","[-0.847178,-0.881686]",0,"[]","[]","[]","[]","[]","[]","[]","[]","[]","[]",1,"[270728]","[0.445175]","[1.61895]","[298123]","[8529.27]","[0]","[3.25908]","[0.475615]",0,"[]","[]","[]","[]","[]","[]","[]","[]","[]","[]",0,"[353.013]",5116.03,"[6352.18,2003.28]","[]","[8854.33]","[]"
125,284500,5898144,361102,11450.4,11500.5,3.38179e+11,0.934886,0.97553,1,1,1,0.999413,1.01265,1,1,0,0,1,"[0]","[1]","[83023.6]","[1.62763]","[2.91892]","[219523]","[-0.218544]","[1]","[11]","[1]","[0]","[4826.26]","[-0.0446711]","[1.77912]",209776,3.00236,1,"[286446]","[0.90068]","[-0.182011]","[410913]","[0.995292]","[0]","[0]","[-0.79385]",0,"[]","[]","[]","[]","[]","[]","[]","[]","[]","[]",1,"[273065]","[0.931375]","[-0.182757]","[400478]","[11432.5]","[0]","[3.58668]","[0.458741]",0,"[]","[]","[]","[]","[]","[]","[]","[]","[]","[]",0,"[742.849]",1066.34,"[3816.61]","[]","[22967.1]","[]"
126,284500,19101914,361102,11458.8,11500.5,3.38179e+11,0.596562,0.98458,1,1,1,0.998056,1.00582,1,1,0,0,1,"[0]","[1]","[103030]","[-0.60601]","[1.98303]","[122535]","[-0.14131]","[1]","[11]","[1]","[0]","[347.434]","[0.0869979]","[11.8364]",372825,1.72528,4,"[441158,95528.9,55771.2,21682]","[-0.365273,-0.589676,-0.168766,0.846617]","[-1.53492,-0.970265,0.758239,-2.25823]","[473507,112884,56959.9,30273.4]","[0.999906,0,0.973307,0.991421]","[0,0,0,0]","[0,0,0,0]","[0.0742195,-0.767696,-0.92211,-0.699702]",0,"[]","[]","[]","[]","[]","[]","[]","[]","[]","[]",1,"[520222]","[-0.399891]","[-1.44526]","[575073]","[120184]","[0]","[1.39172]","[0.723946]",0,"[]","[]","[]","[]","[]","[]","[]","[]","[]","[]",0,"[390.285]",11116.2,"[6092.01,5180.01,2597.27,1676.92]","[]","[21271.4]","[]"
127,284500,12013383,361102,11461,11500.5,3.38179e+11,0.402058,1,0.996325,1,1,0.998923,0.646144,1,0,1,0,1,"[0]","[1]","[142465]","[-0.955614]","[-0.957012]","[212617]","[0.000709534]","[1]","[13]","[1]","[0]","[452.81]","[-0.0269418]","[4.08358]",224645,-0.584375,1,"[356766]","[-1.46001]","[2.39076]","[810099]","[0.984717]","[0]","[0]","[-0.912132]",0,"[]","[]","[]","[]","[]","[]","[]","[]","[]","[]",1,"[377009]","[-1.45751]","[2.39221]","[854468]","[39367]","[0]","[3.02195]","[0.745957]",0,"[]","[]","[]","[]","[]","[]","[]","[]","[]","[]",0,"[3965.47]",3040.05,"[5874.05]","[]","[22873.9]","[]"
128,284500,14437706,361102,11461.2,11500.5,3.38179e+11,0,0.96217,1,1,1,0.981791,0.97553,1,1,0,0,1,"[0]","[1]","[48049.6]","[0.130213]","[2.93169]","[48457.5]","[0.0436554]","[1]","[11]","[1]","[0]","[-1847.25]","[-0.0357909]","[4.20563]",313139,2.7624,2,"[300723,79972.6]","[0.0460656,-1.02425]","[-0.645138,0.505358]","[305909,126604]","[1,0.99057]","[0,4]","[0,0]","[-0.738639,-0.787784]",0,"[]","[]","[]","[]","[]","[]","[]","[]","[]","[]",1,"[313171]","[0.021815]","[-0.636718]","[319507]","[62944.5]","[0]","[1.35552]","[0.778708]",0,"[]","[]","[]","[]","[]","[]","[]","[]","[]","[]",0,"[109.305]",15595.2,"[3159.95,4089.58]","[]","[4649.75]","[]"
129,284500,18591812,361102,11450.8,11500.5,3.38179e+11,1.26459,0.96679,1,1,1,0.998903,1,1,1,0,0,1,"[0]","[1]","[44686.1]","[-1.05176]","[-2.7683]","[71765.8]","[-0.0625534]","[1]","[11]","[0]","[0]","[-96.6392]","[-0.160812]","[10.8542]",343132,-2.71349,1,"[394128]","[-0.120588]","[0.41214]","[399173]","[0.996795]","[0]","[0]","[-0.868296]",0,"[]","[]","[]","[]","[]","[]","[]","[]","[]","[]",1,"[389500]","[-0.0713865]","[0.415997]","[392481]","[39450.5]","[0]","[1.38722]","[0.637217]",0,"[]","[]","[]","[]","[]","[]","[]","[]","[]","[]",0,"[457.256]",8601.59,"[9542]","[]","[30920.8]","[]"
130,284500,19141673,361102,11451.7,11500.5,3.38179e+11,1.74563,1,0.994259,1,1,0.988017,0.906811,1,0,1,0,1,"[0]","[1]","[189013]","[0.298473]","[2.4907]","[197494]","[-0.0306816]","[1]","[13]","[1]","[0]","[462.538]","[0.0209437]","[3.392]",64069.6,2.34034,2,"[257599,35106.9]","[0.929552,1.94998]","[-0.548053,-2.42914]","[378383,126240]","[0.995574,0.976236]","[4,0]","[0,0]","[-0.941706,-0.907957]",0,"[]","[]","[]","[]","[]","[]","[]","[]","[]","[]",1,"[254722]","[0.950126]","[-0.547379]","[379719]","[29005.2]","[0]","[1.88935]","[0.629129]",0,"[]","[]","[]","[]","[]","[]","[]","[]","[]","[]",0,"[5535.22]",4938.12,"[5658.45,2116.85]","[]","[0]","[]"
131,284500,19402125,361102,11451.8,11500.5,3.38179e+11,0,0.96825,1,1,1,0.998044,0.99461,1,1,0,0,1,"[0]","[1]","[74980.5]","[-2.11551]","[-2.44957]","[315457]","[0.153316]","[1]","[11]","[1]","[0]","[-848.287]","[0.0203955]","[1.47989]",384004,-2.48236,4,"[341703,58924.2,53104.2,22839]","[-1.41774,-1.07857,-2.40982,0.741714]","[0.680917,0.265671,1.28414,0.217798]","[747404,96860.4,298031,29803.6]","[0.997443,0.977031,0.9963,0.743048]","[0,0,0,0]","[0,0,0,0]","[-0.911407,0.422058,-0.695695,-0.91505]",0,"[]","[]","[]","[]","[]","[]","[]","[]","[]","[]",1,"[404206]","[-1.35878]","[0.620593]","[842818]","[86085.8]","[0]","[1.4194]","[0.694215]",0,"[]","[]","[]","[]","[]","[]","[]","[]","[]","[]",0,"[525.062]",7302.19,"[6819.35,2386.42,4982.11,2297.62]","[]","[5812.09]","[]"
132,284500,19444438,361102,11468,11500.5,3.38179e+11,1.74563,0.97994,1,1,1,0.998424,1.00632,1,1,0,0,1,"[0]","[1]","[368270]","[0.411427]","[-0.894704]","[399881]","[0.0513802]","[1]","[11]","[1]","[0]","[-201.22]","[0.0132092]","[2.00537]",140775,-0.644356,1,"[443474]","[2.38574]","[2.03963]","[2.43041e+06]","[0.99284]","[0]","[0]","[-0.989659]",0,"[]","[]","[]","[]","[]","[]","[]","[]","[]","[]",1,"[380198]","[0.439942]","[-0.898973]","[417589]","[-0.00276214]","[1]","[0]","[-1]",0,"[]","[]","[]","[]","[]","[]","[]","[]","[]","[]",0,"[3682.04]",730.391,"[8277.89]","[]","[158.656]","[]"
133,284500,19463084,361102,11448.4,11500.5,3.38179e+11,1.55465,1,0.9888,1,1,0.999133,1.00764,1,0,1,0,1,"[0]","[1]","[49529.4]","[1.78581]","[-1.22331]","[151859]","[0.0915985]","[1]","[13]","[1]","[0]","[661.648]","[-0.0234384]","[2.47483]",219507,-1.75982,2,"[318331,60271.3]","[0.00569769,-1.51538]","[1.59814,-1.21665]","[318894,144062]","[0.990299,0.982068]","[0,0]","[0,0]","[-0.707512,-0.943061]",0,"[]","[]","[]","[]","[]","[]","[]","[]","[]","[]",1,"[312460]","[-0.018434]","[1.59343]","[312687]","[10427]","[0]","[6.32462]","[0.417471]",0,"[]","[]","[]","[]","[]","[]","[]","[]","[]","[]",0,"[267.016]",2565.17,"[6013.79,3447.82]","[]","[16735.8]","[]"
134,284500,12031419,361102,11454.9,11500.5,3.38179e+11,1.25133,1,0.996127,1,1,0.997366,0.923012,1,0,1,0,1,"[0]","[1]","[101231]","[-0.754133]","[-2.27253]","[131408]","[0.0052433]","[1]","[13]","[1]","[0]","[-542.169]","[0.0149043]","[1.98367]",415882,-2.51335,2,"[553160,66311.3]","[-1.28538,-1.65129]","[0.532115,2.68489]","[1.07731e+06,179845]","[0.998417,0.98987]","[0,0]","[0,0]","[-0.935013,0.738967]",0,"[]","[]","[]","[]","[]","[]","[]","[]","[]","[]",1,"[552979]","[-1.295]","[0.52928]","[1.08573e+06]","[34034.4]","[0]","[2.06463]","[0.669181]",0,"[]","[]","[]","[]","[]","[]","[]","[]","[]","[]",0,"[7262.68]",11346.8,"[10424.7,8794.65]","[]","[53763.1]","[]"
135,284500,19425300,361102,11457.7,11500.5,3.38179e+11,0.402058,1,0.984531,1,1,0.997992,1.0183,1,0,1,0,1,"[0]","[1]","[85211.4]","[1.82552]","[-0.616245]","[271278]","[0.0190163]","[1]","[13]","[1]","[1350.43]","[-201.63]","[-0.000253878]","[0.0299807]",178634,-0.370552,2,"[285651,30130.4]","[0.904467,-2.287]","[2.60137,-0.796366]","[413905,149893]","[0.99,0.887264]","[0,0]","[0,0]","[-0.673347,-0.685084]",0,"[]","[]","[]","[]","[]","[]","[]","[]","[]","[]",1,"[297119]","[0.911513]","[2.601]","[432245]","[50059.4]","[0]","[1.32019]","[0.830443]",0,"[]","[]","[]","[]","[]","[]","[]","[]","[]","[]",0,"[269.932]",10960.3,"[13981.2,3673.81]","[]","[13075.7]","[]"
136,284500,19405101,361102,11455.7,11500.5,3.38179e+11,1.74563,1,0.997637,1,1,0.999455,0.975015,1,0,1,0,1,"[0]","[1]","[36106]","[1.05552]","[-0.359439]","[58157.5]","[-0.17931]","[1]","[13]","[1]","[0]","[-52.3772]","[0.0372351]","[5.22765]",206631,0.0267042,1,"[267357]","[0.342809]","[2.91063]","[283525]","[0.994244]","[0]","[0]","[-0.863438]",0,"[]","[]","[]","[]","[]","[]","[]","[]","[]","[]",1,"[267381]","[0.361349]","[2.90916]","[285238]","[10949.3]","[0]","[1.99331]","[-1]",0,"[]","[]","[]","[]","[]","[]","[]","[]","[]","[]",0,"[200.216]",3508.8,"[3482.25]","[]","[3065.81]","[]"
137,284500,19470327,361102,11449.8,11500.5,3.38179e+11,0.934886,1,0.990487,1,1,0.996869,1.02356,1,0,1,0,1,"[0]","[1]","[109495]","[1.82163]","[0.00453915]","[347301]","[-0.046608]","[1]","[13]","[1]","[0]","[229.331]","[0.0186639]","[3.06314]",75192,-0.411359,4,"[247417,60172.9,53111.9,23247.9]","[1.71314,2.23283,1.69999,-1.32548]","[3.0414,1.08761,-1.14386,-0.130436]","[708639,283948,150319,47224.8]","[0.994687,1,0.998691,0.92261]","[0,0,0,0]","[0,0,0,0]","[-0.886362,-0.884658,-0.972359,-0.868254]",0,"[]","[]","[]","[]","[]","[]","[]","[]","[]","[]",1,"[263087]","[1.6842]","[3.10882]","[733848]","[31065.3]","[0]","[1.90622]","[0.77085]",0,"[]","[]","[]","[]","[]","[]","[]","[]","[]","[]",0,"[9637.64]",35376.9,"[15728.1,2546.36,2356.87,1908.48]","[]","[7690.84]","[]"
138,284500,12619242,361102,11452.8,11500.5,3.38179e+11,1.08735,1,0.995063,1,1,0.997713,0.955122,1,0,1,0,1,"[0]","[1]","[89585.5]","[-0.886354]","[2.82461]","[127141]","[-0.114731]","[1]","[13]","[1]","[0]","[-520.34]","[0.104304]","[20.1846]",524914,2.88725,2,"[612141,50413.4]","[-0.836442,0.774965]","[-0.355141,1.4549]","[845441,67189.8]","[0.992389,0.934593]","[0,0]","[0,0]","[-0.891631,-0.594062]",0,"[]","[]","[]","[]","[]","[]","[]","[]","[]","[]",1,"[601794]","[-0.831451]","[-0.343863]","[828790]","[105323]","[0]","[1.48967]","[0.649952]",0,"[]","[]","[]","[]","[]","[]","[]","[]","[]","[]",0,"[2827.48]",5828.19,"[9803.92,3655.4]","[]","[14816.6]","[]"
139,284500,12626347,361102,11449.4,11500.5,3.38179e+11,1.08735,1,1.00373,1,1,0.981621,0.99775,1,0,1,0,1,"[0]","[1]","[158090]","[-1.30621]","[1.86644]","[313256]","[-0.0228529]","[1]","[13]","[1]","[0]","[-271.043]","[-0.000922703]","[0.155142]",130846,1.6476,2,"[202787,87545.9]","[0.697906,1.05851]","[-1.20249,-1.6954]","[254661,141958]","[0.99,0.995755]","[0,4]","[0,0]","[-0.953131,-0.866011]",0,"[]","[]","[]","[]","[]","[]","[]","[]","[]","[]",1,"[268524]","[0.806085]","[-1.30443]","[371768]","[90471.7]","[0]","[1.23957]","[0.633157]",0,"[]","[]","[]","[]","[]","[]","[]","[]","[]","[]",0,"[2605.78]",2123.48,"[4056.41,1632.21]","[]","[1245.34]","[]"
140,284500,12631807,361102,11455.3,11500.5,3.38179e+11,0.934886,1,0.995372,1,1,0.988029,0.836634,1,0,1,0,1,"[0]","[1]","[40424.3]","[-0.836441]","[-1.79212]","[55409.4]","[0.0876465]","[1]","[13]","[1]","[0]","[-484.104]","[0.00527797]","[0.643546]",325055,-1.33723,2,"[323865,28861.7]","[-1.62233,-2.1049]","[1.74574,1.81861]","[853157,120221]","[1,0.991679]","[4,0]","[0,0]","[-0.621869,-0.70682]",0,"[]","[]","[]","[]","[]","[]","[]","[]","[]","[]",1,"[358246]","[-1.64971]","[1.75593]","[968758]","[61041.6]","[0]","[2.00328]","[0.750477]",0,"[]","[]","[]","[]","[]","[]","[]","[]","[]","[]",0,"[131.795]",5495.56,"[7008.11,2874.06]","[]","[18101.8]","[]"
141,284500,12632206,361102,11452.9,11500.5,3.38179e+11,0.934886,0.96654,1,1,1,1.00862,0.99589,1,1,0,0,1,"[0]","[1]","[33866]","[-0.298576]","[1.61801]","[35386.8]","[0.0970173]","[1]","[11]","[1]","[0]","[761.394]","[0.0204543]","[1.62782]",143836,-2.0313,3,"[172647,22476.2,20563.8]","[-1.42485,1.65915,1.73266]","[-2.00341,-0.706506,-2.77522]","[379727,61323.5,60074]","[0.0536418,0.962303,0.963788]","[0,4,0]","[0,0,0]","[-0.894707,-0.928536,-0.867658]",0,"[]","[]","[]","[]","[]","[]","[]","[]","[]","[]",1,"[254521]","[0.590896]","[1.14047]","[300266]","[1309.59]","[0]","[0]","[-1]",0,"[]","[]","[]","[]","[]","[]","[]","[]","[]","[]",0,"[44.5563]",30184.5,"[19608,4995.22,1120.57]","[]","[1674.72]","[]"
142,284500,12629465,361102,11452.4,11500.5,3.38179e+11,0.351687,0.96311,1,1,1,0.989818,1.00058,1,1,0,0,1,"[0]","[1]","[52432.3]","[-1.61476]","[2.73755]","[136995]","[0.0120802]","[1]","[11]","[1]","[0]","[445.726]","[-0.0229001]","[2.11251]",259044,2.68584,5,"[307835,42383,41306,27600,25877]","[-1.58411,-1.56809,-1.04298,-1.2555,-1.38377]","[-0.483201,-2.2621,-0.0427884,1.52542,2.10305]","[782413,106230,66286.1,52803.1,55213.3]","[0.989159,1,0.953223,0.988548,0.962588]","[0,4,0,0,0]","[0,0,0,0,0]","[-0.854551,-0.381725,-0.841709,-0.868141,-0.881929]",0,"[]","[]","[]","[]","[]","[]","[]","[]","[]","[]",1,"[288408]","[-1.57643]","[-0.473299]","[727743]","[21806.5]","[0]","[2.57219]","[0.736258]",0,"[]","[]","[]","[]","[]","[]","[]","[]","[]","[]",0,"[295.54]",17445.1,"[8506.09,7424.73,3223.46,2739.28,4518.74]","[]","[19440.6]","[]"
143,284500,11700844,361102,11462.3,11500.5,3.38179e+11,0.934886,0.97949,1,1,1,0.999185,0.99672,1,1,0,0,1,"[0]","[1]","[71352.9]","[1.07747]","[2.66487]","[116936]","[-0.0018692]","[1]","[11]","[1]","[0]","[994.222]","[0.0153587]","[1.74936]",95208.9,2.60301,3,"[311638,84839.7,65447.8]","[1.37104,-1.27847,0.78614]","[-0.726118,2.38084,1.95025]","[653564,164536,87128.2]","[0.996315,0.98234,1]","[0,0,0]","[0,0,0]","[-0.933238,-0.95624,-0.922032]",0,"[]","[]","[]","[]","[]","[]","[]","[]","[]","[]",1,"[292040]","[1.39293]","[-0.724256]","[624516]","[18823.6]","[0]","[2.60545]","[0.675823]",0,"[]","[]","[]","[]","[]","[]","[]","[]","[]","[]",0,"[288.66]",2989.02,"[4364.06,2308.73,3153.18]","[]","[24762.3]","[]"
144,284500,19986934,361102,11450.7,11500.5,3.38179e+11,1.74563,0.96024,1,1,1,0.99812,0.93884,1,1,0,0,1,"[0]","[1]","[59140.7]","[1.21247]","[-0.950634]","[108205]","[0.00278473]","[1]","[11]","[1]","[0]","[-555.236]","[-0.00222866]","[0.20714]",368162,-0.617408,2,"[425128,22126.5]","[0.89925,-1.14821]","[2.47666,-2.66559]","[609522,38493.3]","[1,0.978933]","[0,0]","[0,0]","[-0.811488,-0.869997]",0,"[]","[]","[]","[]","[]","[]","[]","[]","[]","[]",1,"[467575]","[0.92912]","[2.48439]","[684712]","[22608.6]","[0]","[1.94727]","[0.58053]",0,"[]","[]","[]","[]","[]","[]","[]","[]","[]","[]",0,"[680.256]",9396.31,"[9193.91,4471.19]","[]","[15475]","[]"
145,284500,19981219,361102,11462,11500.5,3.38179e+11,0.596562,0.92831,1,1,1,0.99947,1.03335,1,1,0,0,1,"[0]","[1]","[34705.3]","[1.89765]","[0.128265]","[118346]","[-0.354858]","[1]","[11]","[1]","[0]","[925.392]","[0.104197]","[8.23485]",224922,-0.110811,1,"[278707]","[0.481345]","[2.7031]","[312206]","[1]","[0]","[0]","[-0.883915]",0,"[]","[]","[]","[]","[]","[]","[]","[]","[]","[]",1,"[284577]","[0.466767]","[2.70167]","[316433]","[13489.5]","[0]","[2.81118]","[0.296044]",0,"[]","[]","[]","[]","[]","[]","[]","[]","[]","[]",0,"[481.817]",5995.02,"[7232.2]","[]","[18247.5]","[]"
146,284500,16703286,361102,11457.2,11500.5,3.38179e+11,0.00279311,1,0.997938,1,1,0.999129,0.979445,1,0,1,0,1,"[0]","[1]","[103698]","[-1.54198]","[-2.67952]","[253427]","[0.0947838]","[1]","[13]","[1]","[0]","[0]","[-0.0328538]","[4.69444]",242760,-2.99694,1,"[334235]","[-1.08469]","[0.244921]","[553558]","[0.99256]","[0]","[0]","[-0.896982]",0,"[]","[]","[]","[]","[]","[]","[]","[]","[]","[]",1,"[355425]","[-1.06703]","[0.247624]","[580815]","[60081.3]","[0]","[1.54472]","[0.693772]",0,"[]","[]","[]","[]","[]","[]","[]","[]","[]","[]",0,"[6565.85]",11912.7,"[12721.7]","[]","[4579.5]","[]"
147,284500,19725865,361102,-11452.9,11500.5,3.38179e+11,1.74563,0.98413,1,1,1,0.975155,0.99866,1,1,0,0,1,"[0]","[1]","[126672]","[-0.841207]","[-2.37801]","[174196]","[0.085556]","[-1]","[11]","[1]","[0]","[-956.135]","[-0.0461887]","[1.9896]",122792,-2.7249,2,"[154256,107795]","[-1.07786,-0.592654]","[0.475019,0.895885]","[253650,127834]","[0.998283,0.956137]","[5,4]","[0,0]","[0.995226,0.791224]",0,"[]","[]","[]","[]","[]","[]","[]","[]","[]","[]",1,"[263068]","[-0.886598]","[0.650935]","[382811]","[84301.1]","[0]","[0.895392]","[0.809659]",0,"[]","[]","[]","[]","[]","[]","[]","[]","[]","[]",0,"[1417.82]",32745.8,"[4579.89,9488.45]","[]","[10255.7]","[]"
148,284500,12612584,361102,11453.3,11500.5,3.38179e+11,1.08735,1,0.995272,1,1,0.998357,0.894479,1,0,1,0,1,"[0]","[1]","[139642]","[0.306125]","[-0.605841]","[146236]","[0.0419941]","[1]","[13]","[1]","[0]","[-343.526]","[-0.131486]","[21.3657]",364097,-0.652525,1,"[501660]","[-0.601488]","[2.51069]","[595908]","[0.995105]","[0]","[0]","[-0.97321]",0,"[]","[]","[]","[]","[]","[]","[]","[]","[]","[]",1,"[509933]","[-0.591499]","[2.51092]","[602126]","[20685.5]","[0]","[3.13951]","[0.365586]",0,"[]","[]","[]","[]","[]","[]","[]","[]","[]","[]",0,"[3616.08]",24759.4,"[5915.54]","[]","[52508.7]","[]"
149,284500,12613607,361102,11452.9,11500.5,3.38179e+11,0,1,0.998017,1,1,0.999095,0.97034,1,0,1,0,1,"[0]","[1]","[119659]","[-2.21696]","[-1.23646]","[555715]","[0.293522]","[1]","[13]","[1]","[0]","[-406.488]","[0.0431491]","[7.8302]",107906,-1.1211,1,"[254929]","[-1.54644]","[2.10545]","[626074]","[0.932098]","[0]","[0]","[-0.303621]",0,"[]","[]","[]","[]","[]","[]","[]","[]","[]","[]",1,"[271668]","[-1.54648]","[2.10399]","[666972]","[20272.2]","[0]","[2.64568]","[0.697575]",0,"[]","[]","[]","[]","[]","[]","[]","[]","[]","[]",0,"[1042.09]",2099.79,"[4246.33]","[]","[30757.1]","[]"
150,284500,12034885,361102,11458.5,11500.5,3.38179e+11,0,0.98458,1,1,1,0.998424,1.00582,1,1,0,0,1,"[0]","[1]","[101036]","[-0.374999]","[1.05152]","[108223]","[-0.180656]","[1]","[11]","[1]","[0]","[-139.258]","[-0.0236367]","[2.01792]",183440,1.26788,3,"[276775,21990.4,20155]","[-0.944221,-0.31339,-0.426815]","[-2.0856,0.39186,-1.36013]","[409868,23559.8,22382.7]","[0.991204,0.998599,0.942946]","[0,0,0]","[0,0,0]","[-0.870672,-0.733642,-0.837621]",0,"[]","[]","[]","[]","[]","[]","[]","[]","[]","[]",1,"[291344]","[-0.936557]","[-2.08795]","[428990]","[14757.7]","[0]","[2.60622]","[0.431018]",0,"[]","[]","[]","[]","[]","[]","[]","[]","[]","[]",0,"[361.313]",10404.5,"[3417.51,1852.15,1156.66]","[]","[18711.3]","[]"
151,284500,15775027,361102,11455.3,11500.5,3.38179e+11,1.55465,0.98536,1,1,1,0.997034,0.9918,1,1,0,0,1,"[0]","[1]","[111143]","[-0.727356]","[2.28455]","[141862]","[-0.0392838]","[1]","[11]","[1]","[0]","[871.879]","[0.00427813]","[0.443787]",323045,2.58773,3,"[292830,129268,26055.7]","[-1.47463,-1.00026,-1.24217]","[-0.488927,-0.710066,-1.89223]","[673714,200074,49124.1]","[1,0.997671,0.986694]","[0,0,0]","[0,0,0]","[-0.953978,-0.612214,-0.850426]",0,"[]","[]","[]","[]","[]","[]","[]","[]","[]","[]",1,"[398671]","[-1.3581]","[-0.561804]","[832960]","[104079]","[0]","[1.07954]","[0.817976]",0,"[]","[]","[]","[]","[]","[]","[]","[]","[]","[]",0,"[543.181]",3330,"[8355.55,3974.75,3471.4]","[]","[14639.5]","[]"
152,284500,16891721,361102,11458.2,11500.5,3.38179e+11,1.08735,1,0.998168,1,1,0.998611,0.97395,1,0,1,0,1,"[0]","[1]","[60393.8]","[-2.37006]","[-1.12788]","[325872]","[-0.0273228]","[1]","[13]","[1]","[0]","[-314.2]","[-0.0493777]","[6.57889]",353691,-1.34901,4,"[344164,80623.8,36432.1,29772.4]","[-0.445323,0.454382,0.0436112,1.08758]","[1.89667,1.18398,2.23252,-1.60935]","[379571,89604.2,37203.1,49435.5]","[0.996666,0.910891,0.982233,0.906619]","[0,0,0,0]","[0,0,0,0]","[-0.963738,-0.968119,-0.757326,-0.632879]",0,"[]","[]","[]","[]","[]","[]","[]","[]","[]","[]",1,"[363827]","[-0.433939]","[1.9256]","[403539]","[62798.5]","[0]","[3.33267]","[0.416161]",0,"[]","[]","[]","[]","[]","[]","[]","[]","[]","[]",0,"[458.106]",5037.81,"[7709.37,4313.88,3704.72,2315.68]","[]","[13575.9]","[]"
153,284500,19552253,361102,11456.1,11500.5,3.38179e+11,1.26205,1,0.997544,1,1,0.999166,0.878256,1,0,1,0,1,"[0]","[1]","[58461.9]","[0.592914]","[-0.0308498]","[69042.6]","[-0.0422859]","[1]","[13]","[1]","[0]","[-458.589]","[-0.0173389]","[2.59387]",166870,0.0605727,2,"[243412,60263.1]","[-0.801426,1.81076]","[2.94325,-1.31407]","[326146,189408]","[0.983819,0.98]","[0,0]","[0,0]","[-0.74984,-0.872621]",0,"[]","[]","[]","[]","[]","[]","[]","[]","[]","[]",1,"[261154]","[-0.812865]","[2.94409]","[352541]","[13326.6]","[0]","[3.80871]","[0.354958]",0,"[]","[]","[]","[]","[]","[]","[]","[]","[]","[]",0,"[483.606]",13706.4,"[5680.73,4791.6]","[]","[0]","[]"
154,284500,19551526,361102,11446.7,11500.5,3.38179e+11,0.596562,0.9823,1,1,1,0.997751,1.00632,1,1,0,0,1,"[0]","[1]","[117531]","[0.542022]","[2.53132]","[135222]","[-0.0586128]","[1]","[11]","[1]","[1416.72]","[-602.172]","[-0.0238195]","[2.05546]",153199,2.62412,2,"[301249,25419.4]","[-0.0567569,2.43967]","[-0.610407,1.64998]","[302002,146930]","[0.994113,0]","[0,0]","[0,0]","[-0.863504,-0.582404]",0,"[]","[]","[]","[]","[]","[]","[]","[]","[]","[]",1,"[308554]","[-0.0362529]","[-0.613903]","[308877]","[8603.57]","[0]","[10.2988]","[0.0771577]",0,"[]","[]","[]","[]","[]","[]","[]","[]","[]","[]",0,"[637.622]",21047.5,"[3589.63,3032.16]","[]","[13246.3]","[]"
155,284500,19562621,361102,11450.2,11500.5,3.38179e+11,1.74563,0.95061,1,1,1,0.998768,0.96294,1,1,0,0,1,"[0]","[1]","[34629.8]","[-0.745368]","[0.292926]","[44703.2]","[0.0102396]","[1]","[11]","[1]","[0]","[781.748]","[-0.0207874]","[1.99349]",310544,-0.43049,2,"[156338,125257]","[0.543103,0.329606]","[-3.02855,2.68536]","[180405,132696]","[0.982307,0.991997]","[0,0]","[0,0]","[-0.959993,-0.708084]",0,"[]","[]","[]","[]","[]","[]","[]","[]","[]","[]",1,"[277848]","[0.488229]","[3.04297]","[325716]","[94761.4]","[0]","[0.640237]","[0.7332]",0,"[]","[]","[]","[]","[]","[]","[]","[]","[]","[]",0,"[133.667]",10140.6,"[3705.93,10781.5]","[]","[4268.22]","[]"
156,284500,19533467,361102,11450.8,11500.5,3.38179e+11,0.506784,1,1.00128,1,1,0.999145,0.959462,1,0,1,0,1,"[0]","[1]","[64229.1]","[0.670625]","[1.5024]","[79221.7]","[0.0564575]","[1]","[13]","[1]","[0]","[-330.117]","[-0.0331952]","[5.49399]",241259,1.56098,1,"[304900]","[-1.27806]","[-1.56094]","[590291]","[0.991223]","[0]","[0]","[0.66795]",0,"[]","[]","[]","[]","[]","[]","[]","[]","[]","[]",1,"[303413]","[-1.31769]","[-1.56447]","[607338]","[12491.3]","[0]","[2.0304]","[0.455318]",0,"[]","[]","[]","[]","[]","[]","[]","[]","[]","[]",0,"[842.436]",867.188,"[4705.19]","[]","[3807.88]","[]"
157,284500,19549710,361102,11446.8,11500.5,3.38179e+11,0.934886,0.97076,1,1,1,0.998991,0.95972,1,1,0,0,1,"[0]","[1]","[58674]","[-1.09675]","[-1.71181]","[97644.8]","[0.102995]","[1]","[11]","[1]","[1877.56]","[1420.1]","[0.0105325]","[0.94599]",208513,-1.49118,2,"[260543,78226.9]","[-1.65897,1.16492]","[1.45617,2.34651]","[709293,137968]","[1,0.981237]","[0,0]","[0,0]","[-0.87851,-0.896268]",0,"[]","[]","[]","[]","[]","[]","[]","[]","[]","[]",1,"[252817]","[-1.65732]","[1.45829]","[687184]","[7547.66]","[0]","[2.63349]","[0.36092]",0,"[]","[]","[]","[]","[]","[]","[]","[]","[]","[]",0,"[133.65]",6650.61,"[7229.49,2902.2]","[]","[0]","[]"
158,284500,19571448,361102,11454.9,11500.5,3.38179e+11,0.596562,1,0.987741,1,1,1.06132,0.947147,1,0,1,0,1,"[0]","[1]","[207010]","[-1.79039]","[1.97055]","[637457]","[0.523607]","[1]","[13]","[1]","[0]","[344.461]","[0.0518922]","[5.99761]",175894,2.02803,2,"[215338,188646]","[-1.96507,-1.81865]","[-1.42786,-0.796601]","[783557,596948]","[0.99,1]","[0,5]","[0,0]","[-0.827394,-0.163495]",0,"[]","[]","[]","[]","[]","[]","[]","[]","[]","[]",1,"[355118]","[-1.95541]","[-1.14646]","[1.28635e+06]","[128605]","[0]","[0.752188]","[0.728007]",0,"[]","[]","[]","[]","[]","[]","[]","[]","[]","[]",0,"[23519.8]",3189.72,"[4594.27,2599.17]","[]","[31141.2]","[]"
159,284500,19709624,361102,11452.7,11500.5,3.38179e+11,1.55465,0.97245,1,1,1,0.984305,0.99544,1,1,0,0,1,"[0]","[1]","[97910.2]","[1.32091]","[2.69466]","[196491]","[0.0106468]","[1]","[11]","[1]","[0]","[-379.001]","[0.0177919]","[1.36235]",265161,2.48221,2,"[286598,114761]","[0.90379,-0.767502]","[-0.308324,-1.40105]","[412126,151017]","[1,1]","[0,4]","[0,0]","[-0.963658,-0.826852]",0,"[]","[]","[]","[]","[]","[]","[]","[]","[]","[]",1,"[273187]","[0.920941]","[-0.313437]","[397614]","[11084.3]","[0]","[2.93127]","[0.400694]",0,"[]","[]","[]","[]","[]","[]","[]","[]","[]","[]",0,"[657.072]",1111.44,"[3975.09,1793.2]","[]","[20680.3]","[]"
160,284500,19028831,361102,11461.9,11500.5,3.38179e+11,1.24168,0.96988,1,1,1,0.996531,1.00441,1,1,0,0,1,"[0]","[1]","[75031.6]","[1.64647]","[-1.57391]","[201886]","[-0.0127029]","[1]","[11]","[1]","[0]","[-847.701]","[-0.0307389]","[3.75388]",351541,-1.45785,7,"[249748,136878,98649.6,54199.4,37705.6,28943.2,26321.5]","[-0.0695096,-2.20546,-1.63213,2.1996,-0.142481,2.01652,-0.360662]","[2.28264,1.25314,0.115922,1.97609,1.68007,0.0999204,3.05787]","[250676,628687,262119,247695,38374,110819,28535.7]","[0.999458,1,0.993781,1,1,0.994565,0.935894]","[0,0,0,0,0,0,0]","[0,0,0,0,0,0,0]","[-0.900182,0.532745,0.041908,-0.832753,-0.727887,-0.123694,-0.757015]",0,"[]","[]","[]","[]","[]","[]","[]","[]","[]","[]",1,"[265141]","[-0.0357126]","[2.25832]","[281938]","[95393.5]","[0]","[3.08377]","[0.498439]",0,"[]","[]","[]","[]","[]","[]","[]","[]","[]","[]",0,"[1223.56]",13754.1,"[3962.89,3155.53,7490.8,10091.6,2893.93,1886.28,1752.96]","[]","[9523.75]","[]"
161,284500,19713067,361102,11454,11500.5,3.38179e+11,1.08735,1,0.995945,1,1,0.999464,0.904339,1,0,1,0,1,"[0]","[1]","[34037.4]","[-0.0348343]","[1.08889]","[34058.2]","[-0.0733376]","[1]","[13]","[1]","[0]","[-182.967]","[-0.0111649]","[1.32471]",224042,0.803431,2,"[290886,67859.1]","[-0.810977,1.00314]","[-2.50903,-0.266942]","[393244,105471]","[0.99,0.997478]","[0,0]","[0,0]","[-0.940371,-0.912012]",0,"[]","[]","[]","[]","[]","[]","[]","[]","[]","[]",1,"[286407]","[-0.837868]","[-2.51149]","[394305]","[32543.9]","[0]","[1.04246]","[0.760251]",0,"[]","[]","[]","[]","[]","[]","[]","[]","[]","[]",0,"[99.9273]",1914.17,"[4065.81,2354.01]","[]","[4636.38]","[]"
162,284500,19725115,361102,11452.9,11500.5,3.38179e+11,0.402058,0.96787,1,1,1,0.986013,0.98743,1,1,0,0,1,"[0]","[1]","[145122]","[-0.0231874]","[0.869611]","[145161]","[0.0888281]","[1]","[11]","[1]","[0]","[1854.73]","[-0.00473706]","[0.59758]",220164,0.712215,3,"[330263,33417.1,27186.3]","[0.722356,0.08802,1.31045]","[-2.20616,2.95684,2.73692]","[420355,33743.9,54199.1]","[0.996321,1,0.98223]","[4,0,0]","[0,0,0]","[-0.92002,-0.522206,-0.862622]",0,"[]","[]","[]","[]","[]","[]","[]","[]","[]","[]",1,"[332798]","[0.716479]","[-2.20605]","[422030]","[8972.5]","[0]","[6.63102]","[0.364376]",0,"[]","[]","[]","[]","[]","[]","[]","[]","[]","[]",0,"[1376.96]",7201.72,"[7526.71,2198.5,1795.11]","[]","[2068.5]","[]"
163,284500,13575010,361102,11454.7,11500.5,3.38179e+11,0.934886,0.98697,1,1,1,0.996561,1.00582,1,1,0,0,1,"[0]","[1]","[446083]","[-0.504216]","[-0.833914]","[503999]","[-0.0211372]","[1]","[11]","[1]","[0]","[7968.47]","[-0.0169526]","[2.38603]",168888,-0.843027,3,"[601585,84237.8,30882.6]","[0.625833,1.46939,2.27752]","[2.50117,0.919323,1.37625]","[724020,193261,152287]","[0.974893,0.990906,0.647089]","[0,0,0]","[0,0,0]","[-0.759952,-0.870802,-0.828431]",0,"[]","[]","[]","[]","[]","[]","[]","[]","[]","[]",2,"[623881,469167]","[0.599976,-0.542801]","[2.50116,-0.832594]","[740280,540027]","[32182.6,5720.38]","[0,1]","[2.72611,15.6011]","[0.585236,0.65827]",0,"[]","[]","[]","[]","[]","[]","[]","[]","[]","[]",0,"[3418.77]",6411.97,"[10837.4,2646.39,2566.81]","[]","[76218.8,1340.75]","[]"
164,284500,13887583,361102,11454,11500.5,3.38179e+11,1.24168,0.96615,1,1,1,0.99826,0.98962,1,1,0,0,1,"[0]","[1]","[76264.4]","[1.27137]","[-0.440944]","[146664]","[0.00939751]","[1]","[11]","[1]","[0]","[171.034]","[-0.046889]","[4.76337]",275880,-0.473733,3,"[387942,36812.5,26126]","[0.0991011,-0.578576,-1.09328]","[2.74645,-0.292966,-0.657504]","[393811,43481.5,43557]","[0.998193,0.992875,0.991113]","[0,0,0]","[0,0,0]","[-0.656425,-0.910344,-0.826918]",0,"[]","[]","[]","[]","[]","[]","[]","[]","[]","[]",1,"[368721]","[0.0930234]","[2.73539]","[373562]","[49123.9]","[0]","[2.01996]","[0.760611]",0,"[]","[]","[]","[]","[]","[]","[]","[]","[]","[]",0,"[347.531]",3798.19,"[6008.29,4944.08,3612.01]","[]","[9914.19]","[]"
165,284500,17940919,361102,11465.5,11500.5,3.38179e+11,1.21412,1,0.996435,1,1,0.998674,0.984151,1,0,1,0,1,"[0]","[1]","[40135]","[2.09291]","[-2.30688]","[165192]","[0.164056]","[1]","[13]","[1]","[0]","[-434.77]","[-0.0197428]","[1.98317]",194575,-2.19628,2,"[252511,48333.6]","[1.35021,-1.62241]","[0.766247,2.86326]","[520197,127557]","[0.992451,0.988311]","[0,0]","[0,0]","[-0.615828,-0.73388]",0,"[]","[]","[]","[]","[]","[]","[]","[]","[]","[]",1,"[259385]","[1.35617]","[0.761068]","[536983]","[14457.3]","[0]","[2.11736]","[0.544413]",0,"[]","[]","[]","[]","[]","[]","[]","[]","[]","[]",0,"[813.636]",8553.52,"[10994,5482.97]","[]","[2321.48]","[]"
166,284500,12598432,361102,11454.9,11500.5,3.38179e+11,1.24168,1,1,1,1,0.996258,1,1,1,0,0,1,"[0]","[1]","[360771]","[1.20673]","[2.22374]","[656911]","[-0.0180397]","[1]","[11]","[0]","[0]","[-691.593]","[0.00833136]","[0.828417]",444420,2.32151,2,"[929654,27045.9]","[0.893691,1.05026]","[-1.03405,-0.0660726]","[1.32677e+06,43714.6]","[0.999672,0.967045]","[0,0]","[0,0]","[-0.884818,-0.78597]",0,"[]","[]","[]","[]","[]","[]","[]","[]","[]","[]",2,"[951540,537244]","[0.887356,1.29899]","[-1.03807,1.99949]","[1.35149e+06,1.07324e+06]","[15792.1,180569]","[0,1]","[0.7354,0.00296392]","[-1,-1]",0,"[]","[]","[]","[]","[]","[]","[]","[]","[]","[]",0,"[4892.14]",33791.9,"[32818.4,2125.31]","[]","[9724.44,44285.3]","[]"
167,284500,13888079,361102,11456.8,11500.5,3.38179e+11,0.553627,0.97826,1,1,1,0.997677,1.00493,1,1,0,0,1,"[0]","[1]","[111751]","[-1.24075]","[-0.272851]","[209386]","[0.0357075]","[1]","[11]","[1]","[0]","[-1151.53]","[-0.0122892]","[1.3727]",214985,0.070168,3,"[315583,70733.7,25268]","[-1.08918,-1.69718,-1.30214]","[-2.91608,1.45061,2.47419]","[522825,199768,50131.2]","[0.995348,0.99867,0.895806]","[0,0,0]","[0,0,0]","[-0.958928,-0.589739,-0.655112]",0,"[]","[]","[]","[]","[]","[]","[]","[]","[]","[]",1,"[301496]","[-1.10927]","[-2.91368]","[507313]","[22670.9]","[0]","[1.7804]","[0.78674]",0,"[]","[]","[]","[]","[]","[]","[]","[]","[]","[]",0,"[964.058]",23178.4,"[20235.6,6738.91,3557.05]","[]","[18247.7]","[]"
168,284500,19874159,361102,11455.4,11500.5,3.38179e+11,0.934886,1,0.994556,1,1,0.997554,0.964984,1,0,1,0,1,"[0]","[1]","[46062.1]","[-0.204253]","[-0.354524]","[47026.4]","[0.0415993]","[1]","[13]","[1]","[1038.53]","[299.249]","[-0.0478575]","[7.59339]",206588,-0.520792,2,"[259517,20773.5]","[-1.53223,2.48346]","[2.80103,3.00548]","[628830,125385]","[0.988292,0]","[0,0]","[0,0]","[-0.285354,-0.659674]",0,"[]","[]","[]","[]","[]","[]","[]","[]","[]","[]",1,"[260530]","[-1.53101]","[2.8026]","[630636]","[18125.1]","[0]","[1.95114]","[0.766642]",0,"[]","[]","[]","[]","[]","[]","[]","[]","[]","[]",0,"[109.383]",21699.8,"[4535.12,1238.59]","[]","[264.078]","[]"
169,284500,17918748,361102,11456.5,11500.5,3.38179e+11,0.506784,1,0.995223,1,1,0.999435,0.852763,1,0,1,0,1,"[0]","[1]","[121038]","[0.414538]","[-0.0955271]","[131588]","[-0.115617]","[1]","[13]","[1]","[0]","[-237.547]","[0.0230613]","[3.19865]",180498,-0.271679,2,"[252484,52879.2]","[0.943622,1.14614]","[2.87051,-2.95182]","[374498,91926.1]","[0.99422,0.983705]","[0,0]","[0,0]","[-0.925397,-0.808132]",0,"[]","[]","[]","[]","[]","[]","[]","[]","[]","[]",1,"[285966]","[0.9953]","[2.95503]","[443399]","[57198.2]","[0]","[1.53397]","[0.722626]",0,"[]","[]","[]","[]","[]","[]","[]","[]","[]","[]",0,"[7875.11]",13637.8,"[8446.65,6906.83]","[]","[10436]","[]"
170,284500,15778590,361102,11464.3,11500.5,3.38179e+11,0.506784,0.96052,1,1,1,0.997031,1.01448,1,1,0,0,1,"[0]","[1]","[57807.7]","[1.96043]","[-1.66609]","[209356]","[0.65062]","[1]","[11]","[1]","[0]","[393.596]","[0.132056]","[8.35007]",232108,-1.75038,4,"[321888,104183,24994.4,24876.1]","[1.27548,-1.8658,1.6705,0.260628]","[1.59504,-0.525176,-2.74492,2.32632]","[621379,344671,68950.9,26465.4]","[0.971385,0.999859,0.99,0.974075]","[0,0,0,0]","[0,0,0,0]","[-0.484773,-0.963776,-0.684687,0.457794]",0,"[]","[]","[]","[]","[]","[]","[]","[]","[]","[]",1,"[299050]","[1.2954]","[1.59632]","[587207]","[12568.3]","[0]","[3.16929]","[0.520832]",0,"[]","[]","[]","[]","[]","[]","[]","[]","[]","[]",0,"[266.823]",15229.1,"[13061,4267.03,3378.75,1834.92]","[]","[13830.3]","[]"
171,284500,17948643,361102,11452.6,11500.5,3.38179e+11,0.402058,1,0.997085,1,1,0.99933,1.00224,1,0,1,0,1,"[0]","[1]","[53258.3]","[-1.48695]","[-0.471846]","[123816]","[-0.108488]","[1]","[13]","[1]","[0]","[-427.767]","[-0.037793]","[4.48144]",162024,-0.4029,2,"[288539,65252.1]","[-0.297541,1.28636]","[2.9981,0.504143]","[301564,127236]","[0.995767,0.976569]","[0,0]","[0,0]","[-0.823133,-0.665627]",0,"[]","[]","[]","[]","[]","[]","[]","[]","[]","[]",1,"[293845]","[-0.309392]","[2.99842]","[308090]","[6503.83]","[0]","[0]","[-1]",0,"[]","[]","[]","[]","[]","[]","[]","[]","[]","[]",0,"[367.715]",5182.11,"[6292.89,2241.11]","[]","[13362.6]","[]"
172,284500,14433945,361102,11453.9,11500.5,3.38179e+11,1.55465,0.95884,1,1,1,0.99928,0.94761,1,1,0,0,1,"[0]","[1]","[36132.7]","[-0.714057]","[1.57014]","[45742.4]","[0.0223351]","[1]","[11]","[1]","[0]","[311.306]","[-0.00804823]","[1.0491]",339763,1.50573,2,"[267946,131885]","[0.846594,1.28699]","[-1.36307,-2.18883]","[370394,257732]","[0.997208,0.983899]","[0,0]","[0,0]","[-0.380708,-0.869041]",0,"[]","[]","[]","[]","[]","[]","[]","[]","[]","[]",1,"[361511]","[1.05133]","[-1.63138]","[608418]","[182529]","[0]","[0.641596]","[0.527702]",0,"[]","[]","[]","[]","[]","[]","[]","[]","[]","[]",0,"[58.6337]",5211.91,"[9582.06,4820]","[]","[6266.22]","[]"
173,284500,388661,361102,11444.1,11500.5,3.38179e+11,0.402058,0.9724,1,1,1,0.999244,0.96574,1,1,0,0,1,"[0]","[1]","[59687.8]","[0.999418]","[2.34424]","[92062.2]","[0.0431137]","[1]","[11]","[1]","[0]","[-423.282]","[-0.00827375]","[1.03019]",222576,1.82987,2,"[311895,42084.1]","[0.778923,-0.155703]","[-0.978548,2.61882]","[411923,43172]","[0.990013,0.978608]","[0,0]","[0,0]","[-0.892294,-0.859934]",0,"[]","[]","[]","[]","[]","[]","[]","[]","[]","[]",1,"[317785]","[0.813782]","[-0.979968]","[429348]","[18557.1]","[0]","[1.73372]","[0.540285]",0,"[]","[]","[]","[]","[]","[]","[]","[]","[]","[]",0,"[118.508]",13052.7,"[12032.3,1952.17]","[]","[7939.31]","[]"
174,284500,480952,361102,11463.7,11500.5,3.38179e+11,0.596562,0.96538,1,1,1,0.997582,0.99741,1,1,0,0,1,"[0]","[1]","[45542.6]","[1.60482]","[-0.396867]","[117907]","[0.113045]","[1]","[11]","[1]","[0]","[117.694]","[-0.0294782]","[2.34679]",266111,-0.450798,2,"[281666,25391.9]","[1.48477,1.27627]","[2.72091,2.38978]","[654521,49260]","[0.999536,0.979076]","[0,0]","[0,0]","[-0.238855,-0.604167]",0,"[]","[]","[]","[]","[]","[]","[]","[]","[]","[]",1,"[268375]","[1.47474]","[2.70492]","[618286]","[38402.6]","[0]","[1.71375]","[0.466979]",0,"[]","[]","[]","[]","[]","[]","[]","[]","[]","[]",0,"[137.798]",7119.92,"[11325.2,4003.22]","[]","[14739.4]","[]"
175,284500,316814,361102,11458.5,11500.5,3.38179e+11,0.596562,0.9623,1,1,1,0.998566,0,1,1,0,0,1,"[0]","[1]","[26746.2]","[-0.285549]","[-3.12414]","[27844.1]","[-0.0232506]","[1]","[11]","[1]","[0]","[375.06]","[-0.0331822]","[3.28959]",373325,2.6312,2,"[374027,22363.6]","[-0.383542,-0.98131]","[-0.590314,0.413415]","[402327,34329]","[0.998994,0.988655]","[0,0]","[0,0]","[-0.44846,-0.865456]",0,"[]","[]","[]","[]","[]","[]","[]","[]","[]","[]",1,"[382955]","[-0.372282]","[-0.570403]","[411308]","[35191.7]","[0]","[3.27714]","[0.276323]",0,"[]","[]","[]","[]","[]","[]","[]","[]","[]","[]",0,"[190.269]",6253.56,"[6561.74,2390.99]","[]","[2791.22]","[]"
176,284500,397542,361102,11457.9,11500.5,3.38179e+11,1.08735,0.9666,1,1,1,0.989181,0.95498,1,1,0,0,1,"[0]","[1]","[57677.6]","[-0.642949]","[1.41831]","[70015.4]","[0.0205231]","[1]","[11]","[1]","[0]","[1175.57]","[0.0185011]","[1.90693]",173826,1.46455,2,"[280362,39260.1]","[1.22973,1.11714]","[-1.78802,0.952692]","[520655,66648.3]","[0.988335,0.981316]","[4,0]","[0,0]","[-0.527456,-0.867784]",0,"[]","[]","[]","[]","[]","[]","[]","[]","[]","[]",1,"[256225]","[1.24128]","[-1.78142]","[480366]","[8008.65]","[0]","[4.25]","[0.377525]",0,"[]","[]","[]","[]","[]","[]","[]","[]","[]","[]",0,"[101.251]",7116.86,"[5894.28,3179.72]","[]","[10828.4]","[]"
177,284500,279238,361102,11457.2,11500.5,3.38179e+11,1.55465,0.98089,1,1,1,0.999233,0.99866,1,1,0,0,1,"[0]","[1]","[165429]","[-1.04639]","[1.6133]","[264567]","[0.0169449]","[1]","[11]","[1]","[0]","[-115.53]","[-0.00659549]","[0.722572]",175341,1.71921,1,"[343960]","[-0.536274]","[-1.45827]","[395167]","[0.997589]","[0]","[0]","[-0.887975]",0,"[]","[]","[]","[]","[]","[]","[]","[]","[]","[]",1,"[331545]","[-0.554707]","[-1.45968]","[384340]","[18912.5]","[0]","[3.32972]","[0.368465]",0,"[]","[]","[]","[]","[]","[]","[]","[]","[]","[]",0,"[2256.87]",1534.31,"[6495.64]","[]","[987.688]","[]"
178,284500,319296,361102,11458.9,11500.5,3.38179e+11,0.596562,1,0.993355,1,1,0.977746,0.97034,1,0,1,0,1,"[0]","[1]","[55013.8]","[-1.93787]","[-0.817617]","[194967]","[0.0823479]","[1]","[13]","[1]","[0]","[-91.5587]","[-0.0491967]","[6.21925]",336075,-0.616627,4,"[356453,101008,34656.1,23631]","[-1.96016,-2.04213,-1.89485,-2.0514]","[2.75188,0.957798,2.32868,-2.42774]","[1.29185e+06,395856,118132,93546.6]","[0.995374,0.992976,0.9956,0.986521]","[0,4,0,0]","[0,0,0,0]","[0.25896,-0.573838,-0.810957,-0.788613]",0,"[]","[]","[]","[]","[]","[]","[]","[]","[]","[]",1,"[364676]","[-1.9572]","[2.7404]","[1.31789e+06]","[58024.2]","[0]","[1.49736]","[0.671496]",0,"[]","[]","[]","[]","[]","[]","[]","[]","[]","[]",0,"[632.947]",5918.41,"[6288.91,5397.21,5954.94,3072.7]","[]","[14106.4]","[]"
179,284500,434135,361102,11455.5,11500.5,3.38179e+11,1.08735,0.95061,1,1,1,0.999384,0.96294,1,1,0,0,1,"[0]","[1]","[34021.5]","[-0.632497]","[-2.50414]","[41056.6]","[0.0069046]","[1]","[11]","[1]","[0]","[-24.8745]","[0.0146451]","[1.3296]",217734,-2.89706,1,"[242572]","[0.447915]","[0.271291]","[267747]","[0.995028]","[0]","[0]","[-0.977881]",0,"[]","[]","[]","[]","[]","[]","[]","[]","[]","[]",1,"[256832]","[0.439417]","[0.275292]","[282435]","[15136.2]","[0]","[3.67896]","[0.0267567]",0,"[]","[]","[]","[]","[]","[]","[]","[]","[]","[]",0,"[160.641]",10539.2,"[10919.6]","[]","[0]","[]"
180,284500,12130,361102,11456.9,11500.5,3.38179e+11,0,0.97738,1,1,1,0.999244,1.00056,1,1,0,0,1,"[0]","[1]","[68520.3]","[0.323341]","[-2.52203]","[72133.5]","[0.0474319]","[1]","[11]","[1]","[0]","[-814.163]","[-0.0172395]","[2.07578]",180515,-2.14718,2,"[262687,58826.8]","[0.0610967,-1.33971]","[1.11754,-0.83178]","[263527,120339]","[1,0.99459]","[0,0]","[0,0]","[-0.943909,-0.842111]",0,"[]","[]","[]","[]","[]","[]","[]","[]","[]","[]",1,"[274932]","[0.0376399]","[1.05312]","[277100]","[33008.1]","[0]","[1.91686]","[0.430681]",0,"[]","[]","[]","[]","[]","[]","[]","[]","[]","[]",0,"[307.934]",3215.47,"[4126.72,2998.83]","[]","[9018.72]","[]"
181,284500,321532,361102,11470.3,11500.5,3.38179e+11,1.08735,1,1.00466,1,1,0.996329,1.01127,1,0,1,0,1,"[0]","[1]","[66899.2]","[1.14365]","[0.670916]","[115630]","[0.0405426]","[1]","[13]","[1]","[0]","[119.242]","[-0.000804066]","[0.128689]",299580,0.287831,3,"[324542,29802.3,27143]","[-0.308603,1.75924,-2.1389]","[-2.86947,-2.27822,-1.04049]","[342390,89258.4,116908]","[0.9974,0.984166,1]","[0,0,0]","[0,0,0]","[-0.688778,-0.581739,-0.818406]",0,"[]","[]","[]","[]","[]","[]","[]","[]","[]","[]",1,"[322472]","[-0.281647]","[-2.8747]","[338026]","[42477.3]","[0]","[1.13179]","[0.728725]",0,"[]","[]","[]","[]","[]","[]","[]","[]","[]","[]",0,"[550.588]",8415.25,"[5840.35,3847.17,1907.74]","[]","[3007.97]","[]"
182,284500,90029,361102,11463.8,11500.5,3.38179e+11,1.55465,0.95508,1,1,1,0.999408,0.93664,1,1,0,0,1,"[0]","[1]","[55830.7]","[-1.33011]","[2.13935]","[112943]","[0.041275]","[1]","[11]","[1]","[1567.18]","[1811.66]","[0.0525655]","[5.32739]",185905,2.26655,1,"[252330]","[-0.934093]","[-0.917064]","[371516]","[1]","[0]","[0]","[-0.904417]",0,"[]","[]","[]","[]","[]","[]","[]","[]","[]","[]",1,"[268734]","[-0.928294]","[-0.930323]","[393800]","[23822.5]","[0]","[2.21655]","[0.637436]",0,"[]","[]","[]","[]","[]","[]","[]","[]","[]","[]",0,"[318.381]",3961.19,"[11385.8]","[]","[1292.84]","[]"
183,284500,504680,361102,11457.9,11500.5,3.38179e+11,0.506784,0.92778,1,1,1,0.999074,0.91897,1,1,0,0,1,"[0]","[1]","[28175.2]","[1.17292]","[-2.18399]","[49882.4]","[-0.0446987]","[1]","[11]","[1]","[0]","[-719.752]","[-0.00837345]","[0.822635]",185184,-2.63872,2,"[232410,51169.2]","[1.73194,-0.610969]","[0.810539,-1.32761]","[677482,61803.7]","[0.998907,0.985921]","[0,0]","[0,0]","[-0.930179,-0.957708]",0,"[]","[]","[]","[]","[]","[]","[]","[]","[]","[]",1,"[252185]","[1.72727]","[0.814588]","[731838]","[13045.2]","[0]","[3.14482]","[0.731888]",0,"[]","[]","[]","[]","[]","[]","[]","[]","[]","[]",0,"[128.863]",6125.03,"[8143.41,3865.96]","[]","[9789.73]","[]"
184,284500,43691,361102,11454.5,11500.5,3.38179e+11,1.08735,1,0.994043,1,1,0.999128,0.920816,1,0,1,0,1,"[0]","[1]","[148528]","[-0.75978]","[-2.62531]","[193501]","[-0.0148029]","[1]","[13]","[1]","[0]","[308.303]","[0.00574132]","[0.743911]",230069,-2.27932,3,"[274678,87989.6,34964.8]","[0.528093,-0.374229,0.0713706]","[0.537422,1.33735,0.969414]","[314218,95147.9,35376.6]","[0.990892,0.947684,0.846653]","[0,0,0]","[0,0,0]","[-0.918851,-0.923464,-0.8299]",0,"[]","[]","[]","[]","[]","[]","[]","[]","[]","[]",1,"[312005]","[0.451731]","[0.604617]","[353900]","[81514]","[0]","[1.86692]","[0.539571]",0,"[]","[]","[]","[]","[]","[]","[]","[]","[]","[]",0,"[5518.56]",7640.12,"[7199.33,2008.62,2138.71]","[]","[13188.1]","[]"
185,284500,51272,361102,11444,11500.5,3.38179e+11,0.934886,0.96787,1,1,1,0.980264,0.98743,1,1,0,0,1,"[0]","[1]","[88072.8]","[-0.108681]","[0.962647]","[88593.4]","[0.117197]","[1]","[11]","[1]","[0]","[548.956]","[0.0610697]","[9.98465]",196921,0.732479,2,"[298558,82437.8]","[-1.75325,-1.82498]","[-2.04579,2.42825]","[887828,262422]","[0.993726,1]","[0,4]","[0,0]","[-0.538613,0.207075]",0,"[]","[]","[]","[]","[]","[]","[]","[]","[]","[]",1,"[283657]","[-1.74762]","[-2.04453]","[839074]","[15371.4]","[0]","[4.91362]","[0.652202]",0,"[]","[]","[]","[]","[]","[]","[]","[]","[]","[]",0,"[225.403]",6992.31,"[8548.25,1782.86]","[]","[14771.4]","[]"
186,284500,267735,361102,11454,11500.5,3.38179e+11,0.934886,0.97738,1,1,1,0.998934,1.00056,1,1,0,0,1,"[0]","[1]","[74604]","[0.43085]","[-1.5469]","[81636.2]","[-0.0236931]","[1]","[11]","[1]","[0]","[144.582]","[-0.00156556]","[0.145035]",277522,-1.08733,2,"[287993,119583]","[-0.363899,-0.620628]","[2.28658,1.03918]","[307574,143870]","[0.998277,0.998425]","[0,0]","[0,0]","[-0.948228,-0.809592]",0,"[]","[]","[]","[]","[]","[]","[]","[]","[]","[]",1,"[286789]","[-0.373223]","[2.28637]","[307426]","[16246.2]","[0]","[4.02101]","[0.585463]",0,"[]","[]","[]","[]","[]","[]","[]","[]","[]","[]",0,"[269.327]",6970.91,"[6072,4227.26]","[]","[46.6562]","[]"
187,284500,239135,361102,11461.1,11500.5,3.38179e+11,1.55465,0.99093,1,1,1,0.999329,1.00306,1,1,0,0,1,"[0]","[1]","[87769.4]","[0.82684]","[-2.72162]","[119521]","[-0.125465]","[1]","[11]","[1]","[0]","[-919.109]","[-0.0491031]","[4.59394]",253896,-2.71087,1,"[321116]","[-0.516021]","[0.48019]","[365701]","[1]","[0]","[0]","[-0.874808]",0,"[]","[]","[]","[]","[]","[]","[]","[]","[]","[]",1,"[321330]","[-0.532983]","[0.48201]","[369053]","[27040.9]","[0]","[2.12673]","[0.342189]",0,"[]","[]","[]","[]","[]","[]","[]","[]","[]","[]",0,"[357.495]",2051.53,"[3429.88]","[]","[26506.2]","[]"
188,284500,114088,361102,11460.5,11500.5,3.38179e+11,0.934886,0.99242,1,1,1,0.998465,0.99765,1,1,0,0,1,"[0]","[1]","[159396]","[0.793011]","[2.31581]","[212198]","[-0.0663986]","[1]","[11]","[1]","[0]","[-306.397]","[-0.0229627]","[3.04168]",276969,2.28548,2,"[254169,180615]","[1.47305,1.86186]","[-0.934028,-0.710288]","[584243,595471]","[0.991716,0.993681]","[0,0]","[0,0]","[-0.968459,-0.751014]",0,"[]","[]","[]","[]","[]","[]","[]","[]","[]","[]",1,"[397838]","[1.64368]","[-0.848059]","[1.07233e+06]","[99700.4]","[0]","[1.03238]","[0.825974]",0,"[]","[]","[]","[]","[]","[]","[]","[]","[]","[]",0,"[830.926]",5250.25,"[13102,8104.02]","[]","[25344.3]","[]"
189,284500,583949,361102,11453,11500.5,3.38179e+11,1.08735,0.97062,1,1,1,0.999449,0.98871,1,1,0,0,1,"[0]","[1]","[74984.7]","[-0.650285]","[-2.25955]","[91405.8]","[-0.0585289]","[1]","[11]","[1]","[0]","[1840.77]","[-0.0389993]","[3.63867]",200892,-2.59869,4,"[260023,104408,79563.3,76674]","[-0.0998849,-2.17621,2.24748,0.562873]","[0.784366,-1.06757,1.15691,-2.23703]","[261763,466143,380827,89462.8]","[0.995183,0.99507,0,0]","[0,0,0,0]","[0,0,0,0]","[-0.946728,-0.696836,-0.776905,-0.837058]",0,"[]","[]","[]","[]","[]","[]","[]","[]","[]","[]",1,"[263431]","[-0.117003]","[0.766881]","[266090]","[21294.8]","[0]","[3.01848]","[0.233941]",0,"[]","[]","[]","[]","[]","[]","[]","[]","[]","[]",0,"[283.75]",10135.8,"[8232.83,12001.4,4545.65,3024.71]","[]","[8754.73]","[]"
190,284500,579797,361102,11455.4,11500.5,3.38179e+11,0.934886,0.97429,1,1,1,0.9991,0.98653,1,1,0,0,1,"[0]","[1]","[51153.5]","[0.258933]","[-2.78003]","[52877.9]","[-0.00236511]","[1]","[11]","[1]","[0]","[44.4981]","[-0.075468]","[6.2883]",286029,3.0037,1,"[326070]","[1.32394]","[-0.075456]","[656324]","[0.971916]","[0]","[0]","[-0.801436]",0,"[]","[]","[]","[]","[]","[]","[]","[]","[]","[]",1,"[309687]","[1.32595]","[-0.0785145]","[624670]","[23683.1]","[0]","[2.77641]","[0.594478]",0,"[]","[]","[]","[]","[]","[]","[]","[]","[]","[]",0,"[159.008]",2892.66,"[5723.12]","[]","[13626.7]","[]"
191,284500,560673,361102,11455.5,11500.5,3.38179e+11,0.934886,0.94379,1,1,1,0.998947,0,1,1,0,0,1,"[0]","[1]","[26226.2]","[-0.700047]","[-1.25742]","[32919.3]","[0.078289]","[1]","[11]","[1]","[0]","[327.042]","[0.00851359]","[1.12472]",252632,-1.28171,2,"[262469,22072.6]","[-0.844772,-1.1893]","[1.8325,2.15193]","[362478,39805.8]","[0.997292,0.61011]","[0,0]","[0,0]","[-0.92943,-0.725596]",0,"[]","[]","[]","[]","[]","[]","[]","[]","[]","[]",1,"[257037]","[-0.837124]","[1.84781]","[353127]","[21297.2]","[0]","[3.05404]","[0.713363]",0,"[]","[]","[]","[]","[]","[]","[]","[]","[]","[]",0,"[741.974]",30225.9,"[9699.75,1183.37]","[]","[0]","[]"
192,284500,642357,361102,11461.3,11500.5,3.38179e+11,1.08735,1,0.999929,1,1,0.997627,0.863802,1,0,1,0,1,"[0]","[1]","[62532.7]","[0.720161]","[-2.39153]","[79461.5]","[-0.0147705]","[1]","[13]","[1]","[0]","[-260.017]","[-0.00383237]","[0.449995]",416732,-2.21494,1,"[506272]","[1.57856]","[1.05381]","[1.27947e+06]","[0.99373]","[0]","[0]","[-0.978315]",0,"[]","[]","[]","[]","[]","[]","[]","[]","[]","[]",1,"[523226]","[1.59224]","[1.05422]","[1.33902e+06]","[8408.92]","[0]","[0]","[-1]",0,"[]","[]","[]","[]","[]","[]","[]","[]","[]","[]",0,"[366.858]",9936.12,"[10570.2]","[]","[39255.6]","[]"
193,284500,595745,361102,11448.8,11500.5,3.38179e+11,0.923924,0.98458,1,1,1,0.99939,1.00582,1,1,0,0,1,"[0]","[1]","[83600]","[-0.12705]","[2.054]","[84275.7]","[-0.0572205]","[1]","[11]","[1]","[0]","[-136.063]","[0.0170737]","[1.49521]",212650,2.3804,1,"[309321]","[0.397309]","[-0.856273]","[334437]","[0.993811]","[0]","[0]","[-0.812876]",0,"[]","[]","[]","[]","[]","[]","[]","[]","[]","[]",1,"[307419]","[0.391601]","[-0.85611]","[331529]","[12517.1]","[0]","[3.78878]","[0.502177]",0,"[]","[]","[]","[]","[]","[]","[]","[]","[]","[]",0,"[222.293]",16075.6,"[6107.3]","[]","[15085.7]","[]"
194,284500,602910,361102,11458.8,11500.5,3.38179e+11,0.596562,1,0.987569,1,1,0.998499,1.00538,1,0,1,0,1,"[0]","[1]","[54193.2]","[-1.82804]","[2.60454]","[172942]","[-0.000821114]","[1]","[13]","[1]","[0]","[-576.533]","[-0.495457]","[42.8735]",333701,2.67783,2,"[473442,104464]","[-0.420662,1.28732]","[-0.638194,1.64225]","[519883,204259]","[1,0.993858]","[0,0]","[0,0]","[-0.889974,-0.837802]",0,"[]","[]","[]","[]","[]","[]","[]","[]","[]","[]",1,"[468833]","[-0.422934]","[-0.635752]","[515584]","[65611.3]","[0]","[1.40809]","[0.75308]",0,"[]","[]","[]","[]","[]","[]","[]","[]","[]","[]",0,"[215.68]",18993.3,"[5546.96,3964.15]","[]","[15655.3]","[]"
195,284500,567622,361102,11454.3,11500.5,3.38179e+11,0.402058,1,1.00115,1,1,0.998818,0.938421,1,0,1,0,1,"[0]","[1]","[134604]","[2.08954]","[2.10391]","[552208]","[-0.133942]","[1]","[13]","[1]","[0]","[1207.13]","[0.0101054]","[1.83607]",173991,1.91417,3,"[304700,44541.1,38726.9]","[1.49668,-0.751674,-1.15798]","[-1.44384,0.454584,-0.0273428]","[715019,58562.8,68011.5]","[0.998817,0.994021,1]","[0,0,0]","[0,0,0]","[-0.841561,-0.816262,-0.934139]",0,"[]","[]","[]","[]","[]","[]","[]","[]","[]","[]",1,"[309597]","[1.48687]","[-1.44393]","[720155]","[25418.3]","[0]","[2.6124]","[0.732156]",0,"[]","[]","[]","[]","[]","[]","[]","[]","[]","[]",0,"[3003.65]",6301.86,"[8877.57,2110.59,4253.1]","[]","[18565.4]","[]"
196,284500,665180,361102,11453.1,11500.5,3.38179e+11,0.934886,0.97994,1,1,1,0.999161,1.00632,1,1,0,0,1,"[0]","[1]","[229192]","[0.136983]","[-1.10317]","[231345]","[0.009552]","[1]","[11]","[1]","[0]","[-810.83]","[-0.0167204]","[2.63911]",84343.3,-1.31399,1,"[290137]","[1.28578]","[1.95789]","[565394]","[0.986066]","[0]","[0]","[-0.845817]",0,"[]","[]","[]","[]","[]","[]","[]","[]","[]","[]",1,"[283844]","[1.31464]","[1.96412]","[566917]","[20375.2]","[0]","[2.87528]","[0.6459]",0,"[]","[]","[]","[]","[]","[]","[]","[]","[]","[]",0,"[3376.11]",5911.05,"[7244.84]","[]","[11434.8]","[]"
197,284500,649187,361102,11453.3,11500.5,3.38179e+11,0.402058,1,0.999488,1,1,0.999228,0.87423,1,0,1,0,1,"[0]","[1]","[47027.3]","[-0.576754]","[-2.06393]","[55068.3]","[-0.00678349]","[1]","[13]","[1]","[0]","[61.4725]","[0.00996575]","[1.40872]",218835,-2.33702,1,"[251029]","[1.23544]","[0.950707]","[468519]","[0.998048]","[0]","[0]","[-0.34762]",0,"[]","[]","[]","[]","[]","[]","[]","[]","[]","[]",1,"[254012]","[1.23199]","[0.948489]","[472680]","[15377.7]","[0]","[1.82324]","[0.582163]",0,"[]","[]","[]","[]","[]","[]","[]","[]","[]","[]",0,"[550.034]",1283.36,"[4181.91]","[]","[20788.4]","[]"
198,284500,649029,361102,11453.3,11500.5,3.38179e+11,0.402058,1,0.99927,1,1,0.999359,1.01363,1,0,1,0,1,"[0]","[1]","[29731.6]","[-0.426942]","[-1.74968]","[32482.9]","[0.20956]","[1]","[13]","[1]","[0]","[-351.842]","[-0.0365344]","[5.218]",250694,-1.80224,1,"[285897]","[1.19216]","[1.31672]","[514993]","[0.999804]","[0]","[0]","[-0.904384]",0,"[]","[]","[]","[]","[]","[]","[]","[]","[]","[]",1,"[289792]","[1.216]","[1.30953]","[532236]","[22016.6]","[0]","[1.97831]","[0.768624]",0,"[]","[]","[]","[]","[]","[]","[]","[]","[]","[]",0,"[153.832]",5220.17,"[6468.85]","[]","[17363.4]","[]"
199,284500,663296,361102,11457,11500.5,3.38179e+11,1.08735,1,0.99536,1,1,0.999467,0.999813,1,0,1,0,1,"[0]","[1]","[54391.1]","[-1.97763]","[1.74835]","[200267]","[-0.043663]","[1]","[13]","[1]","[0]","[0.419876]","[0.00875184]","[1.15948]",210869,2.01071,1,"[262297]","[-0.47197]","[-1.21581]","[292921]","[0.994217]","[0]","[0]","[-0.953692]",0,"[]","[]","[]","[]","[]","[]","[]","[]","[]","[]",1,"[253148]","[-0.5071]","[-1.21795]","[286969]","[18053.1]","[0]","[2.17769]","[0.697463]",0,"[]","[]","[]","[]","[]","[]","[]","[]","[]","[]",0,"[174.481]",6600.77,"[7190.37]","[]","[0]","[]"
200,284500,742491,361102,11465.2,11500.5,3.38179e+11,1.26459,1,0.994954,1,1,0.998439,0.824697,1,0,1,0,1,"[0]","[1]","[56906.1]","[-0.378572]","[-0.71568]","[61032.9]","[0.0529518]","[1]","[13]","[1]","[1069.88]","[228.285]","[-0.0116832]","[1.7688]",310503,-0.804607,3,"[193640,163403,25542.1]","[-1.6299,-1.24875,-1.12157]","[2.49766,2.04745,3.06777]","[514159,310109,43787]","[0.996198,0.993378,0.977094]","[0,0,0]","[0,0,0]","[-0.61649,-0.598552,-0.842919]",0,"[]","[]","[]","[]","[]","[]","[]","[]","[]","[]",1,"[317494]","[-1.52089]","[2.32522]","[769487]","[112878]","[0]","[1.27422]","[0.713098]",0,"[]","[]","[]","[]","[]","[]","[]","[]","[]","[]",0,"[376.787]",5508.5,"[6039.94,2906.22,2054.59]","[]","[23637.5]","[]"
201,284500,746271,361102,11449,11500.5,3.38179e+11,0.402058,0.97106,1,1,1,0.988201,0.96201,1,1,0,0,1,"[0]","[1]","[49748.9]","[0.891847]","[-1.57447]","[70880.5]","[-0.00149536]","[1]","[11]","[1]","[0]","[-336.745]","[-1.43857e-05]","[0.00127839]",161923,-1.05435,2,"[243523,133509]","[0.900858,-0.319851]","[1.27548,-2.81999]","[349941,141100]","[0.999995,0.99262]","[4,0]","[0,0]","[-0.799584,0.0636524]",0,"[]","[]","[]","[]","[]","[]","[]","[]","[]","[]",1,"[263793]","[0.869138]","[1.28627]","[370364]","[19331.5]","[0]","[1.5436]","[0.454198]",0,"[]","[]","[]","[]","[]","[]","[]","[]","[]","[]",0,"[264.077]",8433.75,"[12491.8,7058.92]","[]","[14602.2]","[]"
202,284500,725685,361102,11452,11500.5,3.38179e+11,1.74563,0.92736,1,1,1,0.997454,0,1,1,0,0,1,"[0]","[1]","[25355.6]","[-1.8995]","[-2.47302]","[86617.2]","[0.00297546]","[1]","[11]","[1]","[0]","[-135.987]","[-0.020421]","[1.32413]",282162,-1.70084,4,"[316310,95746.6,46453.5,26669.9]","[-0.511891,-0.929429,-0.823111,1.53586]","[1.64819,-0.142313,2.96449,0.0170573]","[359188,140537,63865.6,64975.5]","[0.999158,0.995447,0.985731,0.991973]","[0,0,0,0]","[0,0,0,0]","[-0.752398,-0.909028,-0.875022,-0.930706]",0,"[]","[]","[]","[]","[]","[]","[]","[]","[]","[]",1,"[314119]","[-0.540616]","[1.65025]","[361362]","[12339.9]","[0]","[1.95902]","[-1]",0,"[]","[]","[]","[]","[]","[]","[]","[]","[]","[]",0,"[114.428]",7661.69,"[8775.17,2192.98,2316.25,2210.46]","[]","[9010.97]","[]"
203,284500,797107,361102,11460.8,11500.5,3.38179e+11,1.08735,1,1.00099,1,1,0.998265,1.00608,1,0,1,0,1,"[0]","[1]","[43259.8]","[-1.1352]","[2.43675]","[74259]","[-0.276287]","[1]","[13]","[1]","[0]","[-145.656]","[-0.025831]","[2.72715]",177245,2.01826,4,"[263052,42695.3,40866.2,38426.9]","[-0.383245,-2.47889,1.19538,-0.842335]","[-1.12601,1.42352,2.18748,-0.999236]","[283137,256500,73880.9,52976.9]","[1,0.996479,0.998441,0.981431]","[0,0,0,0]","[0,0,0,0]","[-0.957089,-0.584441,-0.861142,-0.9386]",0,"[]","[]","[]","[]","[]","[]","[]","[]","[]","[]",1,"[298716]","[-0.459624]","[-1.11364]","[334700]","[50764.8]","[0]","[1.6649]","[0.69321]",0,"[]","[]","[]","[]","[]","[]","[]","[]","[]","[]",0,"[262.493]",5780.59,"[4100.73,4950.27,4434.76,4664.48]","[]","[30066.3]","[]"
204,284500,1193575,361102,11457.7,11500.5,3.38179e+11,0.934886,1,1.0027,1,1,0.998216,1.01367,1,0,1,0,1,"[0]","[1]","[104610]","[1.16781]","[-0.0890284]","[184428]","[-0.13011]","[1]","[13]","[1]","[3381.67]","[-350.943]","[0.0515762]","[9.1852]",135826,-0.231988,3,"[346651,71951.6,39646.3]","[1.48608,-1.13691,1.45046]","[2.86335,-0.286804,-1.24259]","[805981,123762,89577.9]","[0.993456,1,0.991491]","[0,0,0]","[0,0,0]","[-0.740647,-0.923985,-0.83594]",0,"[]","[]","[]","[]","[]","[]","[]","[]","[]","[]",1,"[343739]","[1.48825]","[2.85301]","[800381]","[22247.1]","[0]","[2.24985]","[0.834556]",0,"[]","[]","[]","[]","[]","[]","[]","[]","[]","[]",0,"[2607.22]",6573.16,"[9045.33,2368.16,2216.79]","[]","[3925]","[]"
205,284500,1287667,361102,11470.1,11500.5,3.38179e+11,0.506784,1,0.996889,1,1,0.999386,0.976117,1,0,1,0,1,"[0]","[1]","[121543]","[-0.249437]","[-0.267106]","[125344]","[0.0616684]","[1]","[13]","[1]","[7700.12]","[122.974]","[0.0155287]","[2.75894]",301326,1.0049,2,"[271175,68940]","[-0.592167,-1.58771]","[-2.27271,3.01454]","[323737,175966]","[1,0.995172]","[0,0]","[0,0]","[-0.884932,-0.69415]",0,"[]","[]","[]","[]","[]","[]","[]","[]","[]","[]",1,"[283025]","[-0.636839]","[-2.27329]","[346859]","[55542.9]","[0]","[1.4368]","[0.660179]",0,"[]","[]","[]","[]","[]","[]","[]","[]","[]","[]",0,"[2300.63]",9522.81,"[3293.53,2274.08]","[]","[16133.9]","[]"
206,284500,1304446,361102,11458,11500.5,3.38179e+11,1.55465,0.96024,1,1,1,0.997665,0.93884,1,1,0,0,1,"[0]","[1]","[51400.7]","[1.25024]","[0.507549]","[97086.3]","[0.027813]","[1]","[11]","[1]","[0]","[783.255]","[-0.0529002]","[3.01258]",249877,-0.0717496,3,"[286446,47207.7,38312]","[0.55076,2.14835,-2.03062]","[3.09878,-0.752779,-2.77655]","[331141,205170,148576]","[0.993537,1,0.996559]","[0,0,0]","[0,0,0]","[-0.588683,-0.947993,-0.835284]",0,"[]","[]","[]","[]","[]","[]","[]","[]","[]","[]",1,"[295072]","[0.524567]","[3.09838]","[336689]","[7359.05]","[0]","[37.8361]","[0.366018]",0,"[]","[]","[]","[]","[]","[]","[]","[]","[]","[]",0,"[268.476]",7344.94,"[5518.43,4020.32,6242.69]","[]","[25734.2]","[]"
207,284500,1289654,361102,11455.5,11500.5,3.38179e+11,1.08735,1,1.00065,1,1,0.998531,0.969816,1,0,1,0,1,"[0]","[1]","[108211]","[-0.777343]","[0.716878]","[142584]","[0.0136414]","[1]","[13]","[1]","[1411.54]","[-632.61]","[0.159295]","[29.0885]",171443,0.537966,3,"[261258,22825.1,22129.2]","[0.521705,0.523621,0.864421]","[-2.52068,1.97694,-1.92476]","[298648,26404.3,31207.4]","[1,0.99,1]","[0,0,0]","[0,0,0]","[-0.892017,0.31465,-0.646951]",0,"[]","[]","[]","[]","[]","[]","[]","[]","[]","[]",1,"[261116]","[0.56568]","[-2.51367]","[305095]","[25595.4]","[0]","[2.94147]","[0.432561]",0,"[]","[]","[]","[]","[]","[]","[]","[]","[]","[]",0,"[3245.36]",13580.5,"[2979.95,2647.83,2284.36]","[]","[3625.72]","[]"
208,284500,1283495,361102,11460.3,11500.5,3.38179e+11,0.934886,1,0.988342,1,1,0.999016,0.9887,1,0,1,0,1,"[0]","[1]","[72675.2]","[-1.89972]","[-0.514461]","[248318]","[0.597935]","[1]","[13]","[1]","[1095.32]","[473.864]","[0.257229]","[38.6724]",196698,-0.7334,2,"[262261,24604.6]","[-0.347634,-0.481583]","[2.51849,1.85051]","[278651,27731.3]","[1,0.919303]","[0,0]","[0,0]","[-0.739535,-0.932331]",0,"[]","[]","[]","[]","[]","[]","[]","[]","[]","[]",1,"[288049]","[-0.333106]","[2.48785]","[307499]","[45069.7]","[0]","[3.45767]","[0.556893]",0,"[]","[]","[]","[]","[]","[]","[]","[]","[]","[]",0,"[3192.79]",9179.94,"[10805.8,2244.28]","[]","[17684.3]","[]"
209,284500,1318339,361102,11455,11500.5,3.38179e+11,1.55465,1,0.996703,1,1,0.998473,0.954128,1,0,1,0,1,"[0]","[1]","[129392]","[0.400249]","[0.000354307]","[139895]","[-0.0528088]","[1]","[13]","[1]","[0]","[231.396]","[-0.0303474]","[4.96632]",280162,-0.0323203,1,"[476580]","[-0.26109]","[2.90683]","[493751]","[0.997238]","[0]","[0]","[-0.829255]",0,"[]","[]","[]","[]","[]","[]","[]","[]","[]","[]",1,"[484368]","[-0.267768]","[2.90738]","[502025]","[13759]","[0]","[2.58543]","[0.516517]",0,"[]","[]","[]","[]","[]","[]","[]","[]","[]","[]",0,"[897.617]",3138.22,"[10381.8]","[]","[5802.38]","[]"
210,284500,1344706,361102,11467.6,11500.5,3.38179e+11,0.934886,0.9407,1,1,1,0.998578,0.99124,1,1,0,0,1,"[0]","[1]","[34263.8]","[1.78788]","[0.206691]","[105260]","[-0.0336266]","[1]","[11]","[1]","[0]","[-123.635]","[0.0220507]","[1.06543]",155789,0.346528,4,"[307058,88454.3,49575.9,39688.9]","[0.961191,-0.524658,-1.84394,0.638667]","[-3.02024,-0.956569,0.581886,0.783672]","[461019,101546,160909,48537.3]","[0.997053,0.990333,0.990014,0.993215]","[0,0,0,0]","[0,0,0,0]","[-0.707271,-0.641168,-0.916485,-0.857312]",0,"[]","[]","[]","[]","[]","[]","[]","[]","[]","[]",1,"[298182]","[0.972439]","[-3.01958]","[451200]","[22578.1]","[0]","[2.22098]","[0.680735]",0,"[]","[]","[]","[]","[]","[]","[]","[]","[]","[]",0,"[229.93]",6006.44,"[4867.25,2125.15,4918.3,2369.37]","[]","[5194.75]","[]"
211,284500,1366467,361102,11458.9,11500.5,3.38179e+11,1.55465,0.98536,1,1,1,0.99846,0.9918,1,1,0,0,1,"[0]","[1]","[85791.2]","[-0.790273]","[-1.81774]","[114004]","[0.109184]","[1]","[11]","[1]","[0]","[-355.634]","[0.0566911]","[5.71399]",324710,-1.73369,3,"[352128,38665.5,25695.2]","[-0.870918,-0.075583,-1.11777]","[1.37088,2.20441,0.959345]","[494939,39329.2,43630.8]","[0.974334,0.994648,0.99554]","[0,0,0]","[0,0,0]","[-0.785967,-0.899966,-0.543435]",0,"[]","[]","[]","[]","[]","[]","[]","[]","[]","[]",1,"[376317]","[-0.863692]","[1.36198]","[528068]","[50773.4]","[0]","[4.19168]","[0.803338]",0,"[]","[]","[]","[]","[]","[]","[]","[]","[]","[]",0,"[278.824]",12778.6,"[8729.21,1898.82,5964.47]","[]","[26077.8]","[]"
212,284500,1410191,361102,11450,11500.5,3.38179e+11,0.934886,0.9724,1,1,1,0.998186,0.96574,1,1,0,0,1,"[0]","[1]","[54231.9]","[1.08446]","[1.91816]","[89372]","[-0.0475883]","[1]","[11]","[1]","[0]","[2380.48]","[0.00523322]","[0.533567]",342399,2.09857,3,"[322157,50624.7,22058.4]","[1.31006,1.60421,0.508975]","[-1.19812,-0.455958,-0.720857]","[641708,131155,25471.8]","[1,0.995773,0.950241]","[0,0,0]","[0,0,0]","[-0.837394,-0.885621,-0.930904]",0,"[]","[]","[]","[]","[]","[]","[]","[]","[]","[]",1,"[337624]","[1.37022]","[-1.1367]","[713422]","[92750.4]","[0]","[2.11842]","[0.533027]",0,"[]","[]","[]","[]","[]","[]","[]","[]","[]","[]",0,"[326.282]",17112.8,"[11241.4,6736.82,2364.1]","[]","[2572.28]","[]"
213,284500,1372708,361102,11461.5,11500.5,3.38179e+11,0.402058,0.98458,1,1,1,0.999223,1.00582,1,1,0,0,1,"[0]","[1]","[108295]","[-0.366974]","[0.786255]","[115669]","[-0.180748]","[1]","[11]","[1]","[0]","[902.452]","[0.0379527]","[4.56588]",167416,1.33196,1,"[255007]","[-1.23901]","[-2.02743]","[477829]","[0.99]","[0]","[0]","[-0.670469]",0,"[]","[]","[]","[]","[]","[]","[]","[]","[]","[]",1,"[261962]","[-1.2275]","[-2.01393]","[486165]","[27648.4]","[0]","[2.31998]","[0.524152]",0,"[]","[]","[]","[]","[]","[]","[]","[]","[]","[]",0,"[557.077]",4682.34,"[5910.97]","[]","[1886.59]","[]"
214,284500,1427146,361102,11457.7,11500.5,3.38179e+11,1.74563,1,1.00126,1,1,0.999471,1.01444,1,0,1,0,1,"[0]","[1]","[46686.2]","[-1.45142]","[2.93508]","[105123]","[0.715682]","[1]","[13]","[1]","[0]","[-413.508]","[-0.115132]","[15.2117]",240269,-2.98676,1,"[271907]","[0.556771]","[0.125888]","[316511]","[0.991223]","[0]","[0]","[-0.934266]",0,"[]","[]","[]","[]","[]","[]","[]","[]","[]","[]",1,"[273385]","[0.572189]","[0.10366]","[321143]","[33674.3]","[0]","[2.28884]","[0.662673]",0,"[]","[]","[]","[]","[]","[]","[]","[]","[]","[]",0,"[93.3315]",13240.6,"[4125]","[]","[5633.38]","[]"
215,284500,1490140,361102,11462.9,11500.5,3.38179e+11,1.08735,1,0.995532,1,1,0.99862,0.831723,1,0,1,0,1,"[0]","[1]","[49913.3]","[-0.189306]","[0.470812]","[50810.4]","[-0.0589466]","[1]","[13]","[1]","[0]","[-213.574]","[0.0251936]","[2.73777]",276143,0.647553,2,"[309607,21870.2]","[1.25469,0.109767]","[-2.61531,-0.0633894]","[587275,22120]","[0.991979,0.953673]","[0,0]","[0,0]","[-0.734796,-0.790075]",0,"[]","[]","[]","[]","[]","[]","[]","[]","[]","[]",1,"[324338]","[1.24804]","[-2.61421]","[611689]","[16353.7]","[0]","[2.88162]","[0.67133]",0,"[]","[]","[]","[]","[]","[]","[]","[]","[]","[]",0,"[206.633]",16877.8,"[7315.83,1649.39]","[]","[2706.78]","[]"
216,284500,1508808,361102,11455.3,11500.5,3.38179e+11,1.08735,0.97738,1,1,1,0.999234,1.00056,1,1,0,0,1,"[0]","[1]","[61795.5]","[0.439952]","[-1.14643]","[67873.1]","[0.0045166]","[1]","[11]","[1]","[0]","[93.9959]","[0.00416834]","[0.351623]",195902,-1.25955,2,"[208971,47214]","[0.532364,-0.0642467]","[1.89265,2.07161]","[241910,47678.3]","[0.99991,0.964433]","[0,0]","[0,0]","[-0.67952,-0.933109]",0,"[]","[]","[]","[]","[]","[]","[]","[]","[]","[]",1,"[264663]","[0.394147]","[1.93176]","[293546]","[68307.6]","[0]","[1.55147]","[0.752488]",0,"[]","[]","[]","[]","[]","[]","[]","[]","[]","[]",0,"[263.786]",333.672,"[4744.62,4896.51]","[]","[4311.03]","[]"
217,284500,1496089,361102,11453.4,11500.5,3.38179e+11,0.402058,0.97738,1,1,1,0.999223,1.00056,1,1,0,0,1,"[0]","[1]","[71340.2]","[0.558673]","[2.18806]","[82766]","[-0.0864387]","[1]","[11]","[1]","[1003.07]","[315.5]","[-0.032065]","[3.65353]",260667,2.10731,2,"[287839,35246.9]","[0.520809,1.08921]","[-0.846159,-1.51606]","[328125,58767.2]","[0.998552,0.850027]","[0,0]","[0,0]","[-0.576718,-0.768256]",0,"[]","[]","[]","[]","[]","[]","[]","[]","[]","[]",1,"[302262]","[0.5667]","[-0.881707]","[356201]","[53830.7]","[0]","[2.32643]","[0.562735]",0,"[]","[]","[]","[]","[]","[]","[]","[]","[]","[]",0,"[150.865]",18466.4,"[16728.8,2834.28]","[]","[17007.1]","[]"
218,284500,1443419,361102,11462,11500.5,3.38179e+11,0.934886,0.96126,1,1,1,1.0097,0,1,1,0,0,1,"[0]","[1]","[26393.3]","[0.301672]","[-0.929234]","[27603.4]","[-0.0241737]","[1]","[11]","[1]","[1124.79]","[79.3058]","[0.0294677]","[1.63101]",330890,-0.535099,3,"[368108,21822.7,21128.4]","[-0.53238,1.01319,1.02519]","[2.47116,0.0537351,-2.72967]","[422026,34273.5,33458.9]","[0.995191,0.981111,0.9822]","[0,4,0]","[0,0,0]","[-0.851059,-0.692117,0.48218]",0,"[]","[]","[]","[]","[]","[]","[]","[]","[]","[]",1,"[359934]","[-0.552928]","[2.47258]","[416541]","[11913.2]","[0]","[1.97567]","[0.104661]",0,"[]","[]","[]","[]","[]","[]","[]","[]","[]","[]",0,"[179.923]",5811.34,"[5052.09,3956.79,2312.18]","[]","[2663.81]","[]"
219,284500,1482040,361102,11457.8,11500.5,3.38179e+11,1.74563,1,1.00078,1,1,1.00669,0.981223,1,0,1,0,1,"[0]","[1]","[75659.5]","[1.37069]","[-1.38045]","[158582]","[0.240898]","[1]","[13]","[1]","[0]","[1925.64]","[-0.0368954]","[5.66684]",269357,-1.27946,3,"[417783,138303,25225.5]","[1.43738,0.848999,-0.92865]","[2.07918,0.00527135,-1.64961]","[929093,191864,37139.4]","[0.543335,1,0.998125]","[0,0,4]","[0,0,0]","[-0.743438,-0.154671,-0.444388]",0,"[]","[]","[]","[]","[]","[]","[]","[]","[]","[]",1,"[430916]","[1.43779]","[2.0789]","[959377]","[40173.5]","[0]","[2.4437]","[0.242203]",0,"[]","[]","[]","[]","[]","[]","[]","[]","[]","[]",0,"[508.457]",16339.1,"[14186.2,5965.24,1863.23]","[]","[12277]","[]"
220,284500,1527523,361102,11456.5,11500.5,3.38179e+11,1.08735,1,0.998779,1,1,0.999449,0.99077,1,0,1,0,1,"[0]","[1]","[28350.4]","[2.28288]","[-0.197919]","[140433]","[-0.0303879]","[1]","[13]","[1]","[0]","[-230.842]","[-0.0191473]","[1.29209]",264194,-0.83177,1,"[289623]","[-0.489982]","[2.41865]","[325353]","[1]","[0]","[0]","[-0.914229]",0,"[]","[]","[]","[]","[]","[]","[]","[]","[]","[]",1,"[281127]","[-0.52779]","[2.41728]","[321451]","[12686.5]","[0]","[2.3255]","[0.374198]",0,"[]","[]","[]","[]","[]","[]","[]","[]","[]","[]",0,"[1189.84]",6362.12,"[3834.87]","[]","[27995.6]","[]"
221,284500,1562310,361102,11456,11500.5,3.38179e+11,1.74563,1,0.996432,1,1,0.995971,0.992733,1,0,1,0,1,"[0]","[1]","[47226.5]","[-2.09559]","[-2.91493]","[194886]","[0.150513]","[1]","[13]","[1]","[0]","[155.374]","[-0.0259778]","[2.28066]",332228,-3.13818,4,"[437326,50726.1,23298.6,21823]","[-0.865304,2.13628,2.44278,0.285646]","[-0.0391633,1.50156,-3.12628,1.00573]","[611964,218033,135124,22889.3]","[0.991014,0.988767,0.0390017,0.968278]","[0,0,0,0]","[0,0,0,0]","[-0.82734,-0.821185,-0.821321,-0.850896]",0,"[]","[]","[]","[]","[]","[]","[]","[]","[]","[]",1,"[417238]","[-0.891982]","[-0.0404594]","[594629]","[11245.2]","[0]","[1.04092]","[-1]",0,"[]","[]","[]","[]","[]","[]","[]","[]","[]","[]",0,"[791.086]",16832,"[9092.5,5463.06,2841.57,1976.45]","[]","[21766.3]","[]"
222,284500,1500400,361102,11451,11500.5,3.38179e+11,1.55465,1,0.996135,1,1,0.998968,1.00532,1,0,1,0,1,"[0]","[1]","[64022.6]","[2.4118]","[0.438252]","[359925]","[0.194759]","[1]","[13]","[1]","[1061.47]","[-341.63]","[0.0263708]","[3.02352]",174880,-0.145255,2,"[286909,77477.4]","[1.70654,1.9506]","[3.11207,-0.384477]","[816966,278065]","[0.980148,1]","[0,0]","[0,0]","[-0.758112,-0.899532]",0,"[]","[]","[]","[]","[]","[]","[]","[]","[]","[]",1,"[290516]","[1.71548]","[3.10835]","[833984]","[22850.3]","[0]","[2.26324]","[0.736699]",0,"[]","[]","[]","[]","[]","[]","[]","[]","[]","[]",0,"[730.462]",7615.2,"[7969.05,2663.79]","[]","[31472.6]","[]"
223,284500,1604560,361102,11460.1,11500.5,3.38179e+11,1.55465,0.96966,1,1,1,0.998078,0.99604,1,1,0,0,1,"[0]","[1]","[193008]","[-2.15865]","[-1.25161]","[846814]","[0.121737]","[1]","[11]","[1]","[0]","[-753.066]","[0.00435015]","[0.528285]",131475,-1.46486,2,"[286561,31982.2]","[-1.13733,2.02651]","[1.87202,1.18017]","[493252,123578]","[0.993536,0.993683]","[0,0]","[0,0]","[-0.852582,-0.622462]",0,"[]","[]","[]","[]","[]","[]","[]","[]","[]","[]",1,"[301740]","[-1.13396]","[1.86866]","[517870]","[21171.3]","[0]","[1.88437]","[0.665618]",0,"[]","[]","[]","[]","[]","[]","[]","[]","[]","[]",0,"[3434.75]",3828.38,"[5612.48,1970.9]","[]","[27121.2]","[]"
224,284500,1572315,361102,11447.9,11500.5,3.38179e+11,1.74563,1,0.997799,1,1,0.998873,0.941278,1,0,1,0,1,"[0]","[1]","[45607.9]","[2.16128]","[1.0185]","[200615]","[-0.0914383]","[1]","[13]","[1]","[0]","[1731.97]","[-0.00446489]","[0.45763]",255731,1.15504,1,"[311255]","[1.88283]","[-2.00527]","[1.04675e+06]","[0.95823]","[0]","[0]","[-0.759193]",0,"[]","[]","[]","[]","[]","[]","[]","[]","[]","[]",1,"[323539]","[1.88126]","[-2.01014]","[1.08662e+06]","[31836.1]","[0]","[5.24779]","[0.561581]",0,"[]","[]","[]","[]","[]","[]","[]","[]","[]","[]",0,"[508.91]",21142.6,"[8128.42]","[]","[12301.8]","[]"
225,284500,1584523,361102,11463.2,11500.5,3.38179e+11,1.08735,1,0.98491,1,1,0.998683,1.01112,1,0,1,0,1,"[0]","[1]","[38958.2]","[-1.81472]","[-2.94682]","[122762]","[0.127785]","[1]","[13]","[1]","[0]","[-394.247]","[0.118325]","[10.2293]",312650,-2.67656,3,"[228915,84191.5,22307.7]","[-1.57209,-1.258,0.193378]","[0.266149,0.583287,2.4479]","[575751,160777,23263.8]","[0.997304,0.997472,0.985223]","[0,0,0]","[0,0,0]","[-0.685627,0.718273,-0.894402]",0,"[]","[]","[]","[]","[]","[]","[]","[]","[]","[]",1,"[254987]","[-1.51724]","[0.351561]","[612432]","[61998.2]","[0]","[1.45126]","[0.747978]",0,"[]","[]","[]","[]","[]","[]","[]","[]","[]","[]",0,"[211.942]",15881.2,"[5176.55,4428.54,3156.07]","[]","[0]","[]"
226,284500,1610038,361102,11456.8,11500.5,3.38179e+11,0.00133961,0.877072,1,1,1,0.998816,0.95972,1,1,0,0,2,"[0,0]","[1,0]","[52461.1,17569]","[-1.03179,-1.86513]","[-0.384695,1.51839]","[82952.9,58080.1]","[0.255638,-1.95509]","[1,1]","[11,11]","[1,0]","[0,2876.86]","[-366.249,139.965]","[0.04163,0.193943]","[4.96191,12.2003]",211042,-0.547857,3,"[250692,58236.2,25685.7]","[-1.30256,-1.15564,-0.672157]","[2.99157,1.57778,0.411907]","[495829,101916,31970.4]","[0.99433,0.996204,0.999698]","[0,0,0]","[0,0,0]","[-0.708788,-0.808102,-0.820558]",0,"[]","[]","[]","[]","[]","[]","[]","[]","[]","[]",1,"[255538]","[-1.28634]","[2.99545]","[498659]","[29845.3]","[0]","[1.5902]","[0.671124]",0,"[]","[]","[]","[]","[]","[]","[]","[]","[]","[]",0,"[301.085,227.754]",9014.2,"[12246.2,4860.35,1978.64]","[]","[0]","[]"
227,284500,1691144,361102,11456,11500.5,3.38179e+11,3.34815,1,0.997842,1,1,0.99776,0.955418,1,0,1,0,1,"[0]","[1]","[32133.9]","[0.85984]","[-2.73666]","[44762.8]","[-0.0289021]","[1]","[13]","[1]","[0]","[1187.05]","[0.015126]","[1.81056]",27038.3,-2.09535,4,"[259638,139084,125528,38645.6]","[-1.49301,-0.157639,-0.509481,-1.19596]","[0.005381,2.76853,-2.86284,0.538136]","[607978,141108,142508,70163.2]","[0.214286,0,0,0.999296]","[0,0,0,0]","[0,0,0,0]","[-0.85359,-0.761189,-0.718573,-0.894442]",0,"[]","[]","[]","[]","[]","[]","[]","[]","[]","[]",1,"[297939]","[-1.48053]","[0.0385086]","[691318]","[60588.6]","[0]","[2.28303]","[0.81088]",0,"[]","[]","[]","[]","[]","[]","[]","[]","[]","[]",0,"[132.473]",1434.67,"[3837.89,9816.34,4160.04,2374.47]","[]","[6430.84]","[]"
228,284500,1616938,361102,11460.2,11500.5,3.38179e+11,0.164755,1,0.996127,1,1,0.997171,0.86356,1,0,1,0,1,"[0]","[1]","[54602.5]","[-0.928729]","[-2.25093]","[79892.9]","[-0.705984]","[1]","[13]","[1]","[0]","[-126.598]","[0.10257]","[9.38263]",386739,-2.20451,2,"[439688,29784.3]","[-0.717721,2.18614]","[0.868725,2.48565]","[558432,134268]","[0.997374,1]","[0,0]","[0,0]","[-0.748319,-0.647207]",0,"[]","[]","[]","[]","[]","[]","[]","[]","[]","[]",1,"[439241]","[-0.719842]","[0.868225]","[558280]","[16309.6]","[0]","[2.64067]","[-1]",0,"[]","[]","[]","[]","[]","[]","[]","[]","[]","[]",0,"[122.906]",1668.47,"[5304.75,2055.16]","[]","[20083]","[]"
229,284500,1609678,361102,11462.5,11500.5,3.38179e+11,0.402058,1,0.99927,1,1,0.998953,0.87423,1,0,1,0,1,"[0]","[1]","[47657.7]","[-0.632578]","[-1.72252]","[57515.2]","[-0.182037]","[1]","[13]","[1]","[0]","[214.842]","[0.012894]","[2.1068]",282158,-1.8699,1,"[326017]","[-1.62039]","[1.29118]","[856364]","[0.995895]","[0]","[0]","[-0.74616]",0,"[]","[]","[]","[]","[]","[]","[]","[]","[]","[]",1,"[317444]","[-1.62446]","[1.29165]","[836961]","[10845.8]","[0]","[2.55873]","[0.360872]",0,"[]","[]","[]","[]","[]","[]","[]","[]","[]","[]",0,"[389.183]",11422.6,"[12445.4]","[]","[11010.2]","[]"
230,284500,1702116,361102,11456.9,11500.5,3.38179e+11,1.32095,1,0.9968,1,1,0.999424,0.96028,1,0,1,0,1,"[0]","[1]","[40291.8]","[-0.502525]","[1.7177]","[45487.4]","[0.0679665]","[1]","[13]","[1]","[0]","[617.862]","[-0.13648]","[18.582]",188161,1.44522,1,"[250400]","[-0.730299]","[-1.60958]","[320914]","[1]","[0]","[0]","[-0.898641]",0,"[]","[]","[]","[]","[]","[]","[]","[]","[]","[]",1,"[250209]","[-0.723614]","[-1.61405]","[318817]","[11053.8]","[0]","[4.20336]","[0.488156]",0,"[]","[]","[]","[]","[]","[]","[]","[]","[]","[]",0,"[39.2084]",22341,"[6162.43]","[]","[12425.1]","[]"
231,284500,231831,361102,11461.2,11500.5,3.38179e+11,0.934886,1,0.996439,1,1,0.998096,0.610199,1,0,1,0,1,"[0]","[1]","[55207.3]","[0.66756]","[-2.06967]","[67972.2]","[0.0328674]","[1]","[13]","[1]","[0]","[-31.868]","[0.0157849]","[2.07461]",182568,-1.84258,3,"[332980,40764.5,24435.6]","[-0.0894934,-1.22265,-0.578856]","[1.96774,0.10016,-0.663269]","[335115,75338.7,28955.6]","[1,0.996403,0.932139]","[0,0,0]","[0,0,0]","[-0.590263,-0.72079,-0.897176]",0,"[]","[]","[]","[]","[]","[]","[]","[]","[]","[]",1,"[313991]","[-0.132687]","[1.96736]","[317718]","[24670.2]","[0]","[3.33245]","[0.446129]",0,"[]","[]","[]","[]","[]","[]","[]","[]","[]","[]",0,"[558.066]",3642.53,"[5113.36,2900.13,2055.73]","[]","[2268]","[]"
232,284500,1694076,361102,11452,11500.5,3.38179e+11,0.402058,1,0.998909,1,1,0.99888,0.72979,1,0,1,0,1,"[0]","[1]","[37099.6]","[-0.0755096]","[-2.74586]","[37205.5]","[0.227262]","[1]","[13]","[1]","[2142.46]","[1319.16]","[-0.364188]","[38.0497]",335123,-2.82964,2,"[335936,28673.6]","[-0.22272,-0.406003]","[0.305293,-0.190572]","[345546,31440.5]","[0.994548,1]","[0,0]","[0,0]","[-0.818698,-0.941463]",0,"[]","[]","[]","[]","[]","[]","[]","[]","[]","[]",1,"[350437]","[-0.21801]","[0.278919]","[362765]","[53499.5]","[0]","[2.40886]","[0.628335]",0,"[]","[]","[]","[]","[]","[]","[]","[]","[]","[]",0,"[43.2857]",23976.9,"[5527.24,2052.8]","[]","[7456.41]","[]"
233,284500,1737026,361102,11452.4,11500.5,3.38179e+11,0,0.95175,1,1,1,0.999447,0.9244,1,1,0,0,1,"[0]","[1]","[47788]","[1.19101]","[-0.83225]","[85882.6]","[0.0745621]","[1]","[11]","[1]","[0]","[-612.496]","[0.0104428]","[0.997704]",211059,-0.578296,1,"[261059]","[-0.0516436]","[2.52724]","[262161]","[0.990036]","[0]","[0]","[-0.786414]",0,"[]","[]","[]","[]","[]","[]","[]","[]","[]","[]",1,"[255578]","[-0.0603115]","[2.51645]","[256466]","[14735.6]","[0]","[3.35651]","[0.578871]",0,"[]","[]","[]","[]","[]","[]","[]","[]","[]","[]",0,"[369.157]",3832.77,"[4753.61]","[]","[0]","[]"
234,284500,1704717,361102,11462.5,11500.5,3.38179e+11,0.934886,1,0.98871,1,1,0.998883,0.937553,1,0,1,0,1,"[0]","[1]","[56121.9]","[1.81871]","[1.5595]","[177518]","[0.0224323]","[1]","[13]","[0]","[0]","[-183.83]","[-0.00559461]","[0.563366]",258504,1.87056,1,"[309344]","[1.80535]","[-1.30863]","[966332]","[1]","[0]","[0]","[-0.306342]",0,"[]","[]","[]","[]","[]","[]","[]","[]","[]","[]",1,"[296340]","[1.81461]","[-1.30864]","[933768]","[10726.2]","[0]","[2.10193]","[0.266243]",0,"[]","[]","[]","[]","[]","[]","[]","[]","[]","[]",0,"[304.293]",11545.4,"[6240.96]","[]","[17981.8]","[]"
235,284500,1789317,361102,11453.9,11500.5,3.38179e+11,0.934886,0.92778,1,1,1,0.999053,0,1,1,0,0,1,"[0]","[1]","[25953.9]","[1.29448]","[1.65608]","[50910.2]","[0.0384445]","[1]","[11]","[1]","[1099.11]","[-451.941]","[0.0107265]","[0.397903]",319836,2.21357,2,"[310385,147135]","[1.13879,-1.33105]","[-0.519227,-2.07488]","[534799,298254]","[0.994789,0.999414]","[0,0]","[0,0]","[-0.0687994,-0.958908]",0,"[]","[]","[]","[]","[]","[]","[]","[]","[]","[]",1,"[331579]","[1.1077]","[-0.525917]","[556893]","[15633.1]","[0]","[2.21283]","[0.607034]",0,"[]","[]","[]","[]","[]","[]","[]","[]","[]","[]",0,"[244.754]",1544.34,"[5258.75,10303.1]","[]","[18854.8]","[]"
236,284500,1807139,361102,11454.7,11500.5,3.38179e+11,0,0.967941,1,1,1,0.998496,0.93884,1,1,0,0,2,"[0,0]","[1,0]","[54234.6,7183.39]","[1.29057,-1.32773]","[1.49132,-2.13169]","[106028,14501.7]","[0.118252,45.7944]","[1,-1]","[11,11]","[1,0]","[0,0]","[3429.69,-1266.01]","[0.00838761,-0.00830912]","[1.00114,0.444296]",185651,1.5513,3,"[343281,96546,23317.2]","[0.167437,1.01372,0.754246]","[-1.7898,0.87763,1.46211]","[349388,151306,30580.4]","[0.918531,0.998093,0.62261]","[0,0,0]","[0,0,0]","[0.492184,-0.827591,-0.864613]",0,"[]","[]","[]","[]","[]","[]","[]","[]","[]","[]",1,"[352708]","[0.130077]","[-1.80171]","[357529]","[36155.5]","[0]","[3.65223]","[0.75481]",0,"[]","[]","[]","[]","[]","[]","[]","[]","[]","[]",0,"[117.515,218.676]",1508.84,"[4891.58,3021.26,3489.16]","[]","[5034.41]","[]"
237,284500,1896508,361102,11453.5,11500.5,3.38179e+11,0.596562,1,0.996924,1,1,0.998904,0.916322,1,0,1,0,1,"[0]","[1]","[69412.3]","[0.845954]","[1.66036]","[95766.3]","[0.012939]","[1]","[13]","[1]","[0]","[-222.888]","[-0.0128959]","[2.39471]",214215,1.57312,2,"[309664,23891.6]","[-0.829208,0.328767]","[-1.54702,1.77184]","[422401,25724]","[0.991243,0.614167]","[0,0]","[0,0]","[-0.859317,-0.898456]",0,"[]","[]","[]","[]","[]","[]","[]","[]","[]","[]",1,"[294465]","[-0.831514]","[-1.54537]","[402323]","[6735.91]","[0]","[9.1244]","[-1]",0,"[]","[]","[]","[]","[]","[]","[]","[]","[]","[]",0,"[342.877]",8880.12,"[9621.58,1243.07]","[]","[14200.5]","[]"
238,284500,1680820,361102,11464.3,11500.5,3.38179e+11,1.74563,1,0.98156,1,1,0.988904,0.962355,1,0,1,0,1,"[0]","[1]","[38615.9]","[-1.74914]","[2.04834]","[114372]","[-0.0544319]","[1]","[13]","[1]","[0]","[78.2906]","[3.8499e-05]","[0.00378343]",230071,1.40646,1,"[260535]","[-0.8509]","[-1.71895]","[361572]","[0.995815]","[4]","[0]","[0.812996]",0,"[]","[]","[]","[]","[]","[]","[]","[]","[]","[]",1,"[254792]","[-0.878054]","[-1.72505]","[360705]","[29619.5]","[0]","[1.50258]","[0.659851]",0,"[]","[]","[]","[]","[]","[]","[]","[]","[]","[]",0,"[56.4898]",15851.9,"[15831.1]","[]","[19305.1]","[]"
239,284500,2070499,361102,11444.7,11500.5,3.38179e+11,1.74563,1,0.998352,1,1,0.999393,0.998628,1,0,1,0,1,"[0]","[1]","[77500.9]","[1.57332]","[1.46294]","[194914]","[0.167927]","[1]","[13]","[1]","[0]","[-258.854]","[0.156461]","[25.8843]",194428,1.3577,1,"[274333]","[1.168]","[-1.91265]","[484031]","[0.995355]","[0]","[0]","[-0.759842]",0,"[]","[]","[]","[]","[]","[]","[]","[]","[]","[]",1,"[262545]","[1.17251]","[-1.91516]","[464942]","[16125.7]","[0]","[3.38695]","[0.698029]",0,"[]","[]","[]","[]","[]","[]","[]","[]","[]","[]",0,"[1415.24]",5401.95,"[6318.5]","[]","[10722.3]","[]"
240,284500,1908435,361102,11468.6,11500.5,3.38179e+11,0.596562,0.97538,1,1,1,0.998969,1.01508,1,1,0,0,1,"[0]","[1]","[143960]","[-1.76522]","[-1.9288]","[432886]","[0.103571]","[1]","[11]","[1]","[0]","[622.262]","[-0.0106699]","[1.09602]",152199,-1.89295,2,"[287526,21519.4]","[0.356191,-0.666026]","[1.16832,1.9564]","[306740,26740.6]","[1,1]","[0,0]","[0,0]","[-0.87365,-0.887503]",0,"[]","[]","[]","[]","[]","[]","[]","[]","[]","[]",1,"[294244]","[0.360376]","[1.1737]","[313962]","[15914.7]","[0]","[2.10774]","[0.499671]",0,"[]","[]","[]","[]","[]","[]","[]","[]","[]","[]",0,"[1780.73]",2447.45,"[3347.49,4775.8]","[]","[19178.4]","[]"
241,284500,1843158,361102,11450.5,11500.5,3.38179e+11,1.08735,0.97826,1,1,1,0.981964,1.00493,1,1,0,0,1,"[0]","[1]","[98274.6]","[-1.31312]","[0.214704]","[195897]","[-0.0460587]","[1]","[11]","[1]","[0]","[66.0734]","[0.00264602]","[0.206532]",204131,0.443712,4,"[282562,62492.4,25542.8,20312.3]","[-1.82262,1.75885,-0.812632,-0.838564]","[-2.47037,1.97399,-0.216732,2.72503]","[897364,186880,34795.9,28356.7]","[1,0.996607,0.985218,0.982861]","[0,5,0,5]","[0,0,0,0]","[-0.914244,0.998881,-0.887201,0.961631]",0,"[]","[]","[]","[]","[]","[]","[]","[]","[]","[]",1,"[283479]","[-1.81351]","[-2.46843]","[892421]","[17478.9]","[0]","[1.34108]","[0.444081]",0,"[]","[]","[]","[]","[]","[]","[]","[]","[]","[]",0,"[770.723]",2434.78,"[6362.31,6766.81,5300.18,1848.73]","[]","[12383.2]","[]"
242,284500,2079213,361102,11460.2,11500.5,3.38179e+11,0.596562,1,0.999317,1,1,0.998386,0.933879,1,0,1,0,1,"[0]","[1]","[176244]","[0.97541]","[1.46266]","[266947]","[0.0118885]","[1]","[13]","[1]","[0]","[-345.366]","[-0.0152011]","[3.82983]",163014,1.72767,3,"[319556,77655,23643.4]","[1.81215,1.54181,0.925365]","[-1.23736,-2.74541,-2.87577]","[1.00462e+06,190412,34572.9]","[0.998188,0.981487,0.968729]","[0,0,0]","[0,0,0]","[-0.765572,-0.762916,-0.838334]",0,"[]","[]","[]","[]","[]","[]","[]","[]","[]","[]",1,"[314149]","[1.80962]","[-1.23485]","[985177]","[8366.37]","[0]","[7.97637]","[0.126724]",0,"[]","[]","[]","[]","[]","[]","[]","[]","[]","[]",0,"[4829.03]",1016.52,"[4809.78,2581.59,1728.44]","[]","[1014.53]","[]"
243,284500,833498,361102,11456.4,11500.5,3.38179e+11,0.164755,0.96024,1,1,1,1.1345,0.93884,1,1,0,0,1,"[0]","[1]","[51213.3]","[1.25468]","[2.83836]","[97097]","[-0.236722]","[1]","[11]","[1]","[0]","[2810.87]","[0.0547806]","[2.21728]",245175,2.7238,1,"[280748]","[0.149555]","[-0.332898]","[284076]","[1]","[0]","[0]","[0.976819]",0,"[]","[]","[]","[]","[]","[]","[]","[]","[]","[]",1,"[280300]","[0.155503]","[-0.332726]","[284041]","[14008.7]","[0]","[0.894525]","[0.141343]",0,"[]","[]","[]","[]","[]","[]","[]","[]","[]","[]",0,"[231.247]",10714.3,"[12264.5]","[]","[21870.1]","[]"
244,284500,1972456,361102,11457.2,11500.5,3.38179e+11,0.738662,1,0.993639,1,1,0.999207,0.986749,1,0,1,0,1,"[0]","[1]","[105467]","[-0.819115]","[1.07853]","[142872]","[0.00696945]","[1]","[13]","[1]","[0]","[95.995]","[-0.00462979]","[0.820122]",220511,0.915817,1,"[321951]","[-1.18562]","[-2.14332]","[576575]","[0.997474]","[0]","[0]","[-0.843549]",0,"[]","[]","[]","[]","[]","[]","[]","[]","[]","[]",1,"[313923]","[-1.2038]","[-2.15182]","[570389]","[14335.6]","[0]","[2.2482]","[0.380244]",0,"[]","[]","[]","[]","[]","[]","[]","[]","[]","[]",0,"[411.274]",8531.94,"[4382.03]","[]","[17016.8]","[]"
245,284500,1849092,361102,11461.5,11500.5,3.38179e+11,1.24168,1.00588,1,1,1,0.996331,1.00306,1,1,0,0,1,"[0]","[1]","[256464]","[1.1437]","[-1.96307]","[443297]","[-0.0449142]","[1]","[11]","[1]","[0]","[-248.786]","[0.00865014]","[1.21364]",27536.9,-2.73212,3,"[225097,23593.1,22856.5]","[0.878548,1.26523,2.32951]","[1.20916,0.678366,0.522181]","[320808,45404.3,118594]","[0.991187,0.929292,0.992405]","[0,0,0]","[0,0,0]","[-0.943821,-0.849922,-0.705188]",0,"[]","[]","[]","[]","[]","[]","[]","[]","[]","[]",1,"[275510]","[1.15239]","[-1.96162]","[479614]","[0.00552427]","[1]","[0]","[-1]",0,"[]","[]","[]","[]","[]","[]","[]","[]","[]","[]",0,"[3018.17]",2919.51,"[7086.89,1727.2,2994.67]","[]","[22597.1]","[]"
246,284500,2065700,361102,11459.4,11500.5,3.38179e+11,0.596562,0.9087,1,1,1,0.998762,0.94504,1,1,0,0,1,"[0]","[1]","[49742]","[2.41498]","[3.00143]","[280519]","[0.233284]","[1]","[11]","[1]","[0]","[-31.7347]","[0.00851027]","[0.16188]",277690,-2.97477,2,"[268251,58759.3]","[1.60047,1.87398]","[0.0721161,0.470473]","[692321,195998]","[0.996993,0.997457]","[0,0]","[0,0]","[-0.848142,-0.921802]",0,"[]","[]","[]","[]","[]","[]","[]","[]","[]","[]",1,"[304662]","[1.62879]","[0.133882]","[808466]","[57453]","[0]","[1.55677]","[0.610817]",0,"[]","[]","[]","[]","[]","[]","[]","[]","[]","[]",0,"[484.2]",11222.9,"[18794,5671.74]","[]","[1134.34]","[]"
247,284500,1857755,361102,11460.3,11500.5,3.38179e+11,1.55465,0.96896,1,1,1,0.997952,0.97492,1,1,0,0,1,"[0]","[1]","[47974.4]","[-0.105519]","[-0.0994517]","[48241.7]","[-0.119129]","[1]","[11]","[1]","[0]","[641.703]","[-0.0209675]","[2.61263]",155545,-0.33913,5,"[390881,68283.6,61186.7,48778.3,28177.2]","[1.87882,0.562975,1.42522,-1.19075,0.444697]","[2.8816,-0.606073,0.259612,-0.672575,0.0442653]","[1.30932e+06,80183.3,134790,88160.5,31247.9]","[0.992299,1,0.991229,0.998816,0.975007]","[0,0,0,0,0]","[0,0,0,0,0]","[-0.873235,-0.851561,-0.164351,-0.468365,-0.874127]",0,"[]","[]","[]","[]","[]","[]","[]","[]","[]","[]",1,"[386730]","[1.8844]","[2.88094]","[1.30231e+06]","[18189.4]","[0]","[3.40671]","[0.545249]",0,"[]","[]","[]","[]","[]","[]","[]","[]","[]","[]",0,"[246.243]",10017.1,"[19854.6,3397.41,4877.52,3912.06,1884.52]","[]","[31937.7]","[]"
248,284500,2011000,361102,11460.8,11500.5,3.38179e+11,1.08735,0.95734,1,1,1,0.998867,0.96953,1,1,0,0,1,"[0]","[1]","[32820.3]","[0.983242]","[-0.533381]","[50005.1]","[0.0930557]","[1]","[11]","[1]","[0]","[888.792]","[-0.045374]","[3.13214]",243827,-0.593989,2,"[175237,109586]","[0.440748,0.886954]","[2.36073,2.90862]","[193158,155902]","[1,0.279112]","[0,0]","[0,0]","[-0.897821,-0.983929]",0,"[]","[]","[]","[]","[]","[]","[]","[]","[]","[]",1,"[264773]","[0.66332]","[2.55442]","[333470]","[73850.5]","[0]","[0.782936]","[0.699616]",0,"[]","[]","[]","[]","[]","[]","[]","[]","[]","[]",0,"[97.9492]",7520.92,"[2558.33,6997.94]","[]","[4631.78]","[]"
249,284500,1865151,361102,11458,11500.5,3.38179e+11,0.596562,0.96787,1,1,1,0.999458,0.98743,1,1,0,0,1,"[0]","[1]","[94318.3]","[-0.0743088]","[-2.98702]","[94578.9]","[0.055912]","[1]","[11]","[1]","[0]","[-284.508]","[0.0715679]","[5.66763]",184645,-2.8507,3,"[388558,32441.7,24568]","[0.723552,-1.84887,-1.31753]","[0.199163,-1.04302,-1.51398]","[495224,105767,49347]","[0.990498,0.999166,0.752959]","[0,4,0]","[0,0,0]","[0.302057,0.775972,-0.884129]",0,"[]","[]","[]","[]","[]","[]","[]","[]","[]","[]",1,"[376008]","[0.724216]","[0.199363]","[479300]","[16958]","[0]","[1.5916]","[0.0704225]",0,"[]","[]","[]","[]","[]","[]","[]","[]","[]","[]",0,"[587.077]",9738.31,"[4445.75,1999.96,4073.24]","[]","[19498.2]","[]"
250,284500,2061716,361102,11454,11500.5,3.38179e+11,0.596562,1,0.999291,1,1,1.01447,1.01432,1,0,1,0,1,"[0]","[1]","[54212.3]","[-1.56622]","[0.442808]","[135459]","[-1.02308]","[1]","[13]","[1]","[0]","[94.5515]","[0.199683]","[16.7866]",251028,0.680384,4,"[264307,24724.2,23650.1,20043.6]","[0.231754,-0.187412,1.91166,-0.313587]","[-2.54818,-2.1758,-0.787132,-2.64712]","[273128,25720.3,81916.4,21192.5]","[1,0.954221,0.95886,0.992633]","[0,0,5,0]","[0,0,0,0]","[-0.964128,-0.901833,0.114469,-0.870393]",0,"[]","[]","[]","[]","[]","[]","[]","[]","[]","[]",1,"[268236]","[0.18287]","[-2.54859]","[274660]","[32467.2]","[0]","[1.60255]","[0.648384]",0,"[]","[]","[]","[]","[]","[]","[]","[]","[]","[]",0,"[736.386]",608.344,"[3316.04,2616.48,1397.72,1976.58]","[]","[3088.19]","[]"
251,284500,1997539,361102,11455,11500.5,3.38179e+11,0.596562,0.9523,1,1,1,0.997146,1,1,1,0,0,1,"[0]","[1]","[38218.9]","[1.61818]","[2.87204]","[100175]","[-0.843845]","[1]","[11]","[0]","[0]","[-547.954]","[0.210381]","[8.01156]",614770,1.70996,2,"[653715,25116.5]","[0.79944,-0.585697]","[-1.37415,2.02158]","[875474,29976.2]","[0.99619,0.957623]","[0,0]","[0,0]","[-0.952653,-0.497356]",0,"[]","[]","[]","[]","[]","[]","[]","[]","[]","[]",1,"[597949]","[0.799764]","[-1.37628]","[800382]","[35543.2]","[0]","[2.89796]","[0.493052]",0,"[]","[]","[]","[]","[]","[]","[]","[]","[]","[]",0,"[94.8948]",1654.81,"[9428.34,2534.49]","[]","[3894.62]","[]"
252,284500,408339,361102,11452.6,11500.5,3.38179e+11,1.08735,0.98089,1,1,1,0.997724,0.99866,1,1,0,0,1,"[0]","[1]","[191212]","[-1.00236]","[0.506794]","[295586]","[-0.0590243]","[1]","[11]","[1]","[0]","[-1494.98]","[-0.0192625]","[2.52471]",638469,0.593948,3,"[392142,266682,233831]","[-0.147659,-0.247848,0.949235]","[-2.58134,-2.09427,3.10913]","[399902,275854,347780]","[0.999188,1,0.995628]","[0,0,0]","[0,0,0]","[-0.908805,-0.69989,-0.853644]",0,"[]","[]","[]","[]","[]","[]","[]","[]","[]","[]",1,"[633011]","[-0.19385]","[-2.38913]","[670200]","[182258]","[0]","[1.13461]","[0.579268]",0,"[]","[]","[]","[]","[]","[]","[]","[]","[]","[]",0,"[2211.93]",11566.4,"[9941.72,5740.73,3795.74]","[]","[60259.4]","[]"
253,284500,2023957,361102,11455.6,11500.5,3.38179e+11,1.08735,1,0.994167,1,1,0.997813,1.05699,1,0,1,0,1,"[0]","[1]","[196970]","[0.850679]","[2.83709]","[272642]","[0.0165005]","[1]","[13]","[1]","[0]","[-308.891]","[-0.0160804]","[2.82251]",138973,2.98123,3,"[339804,39696.4,30082.7]","[0.183133,0.463191,-1.27584]","[-0.41494,0.46521,2.00795]","[346387,44783.4,58500.8]","[0.993594,0.968568,0.963417]","[0,0,0]","[0,0,0]","[0.244784,-0.00280213,-0.852592]",0,"[]","[]","[]","[]","[]","[]","[]","[]","[]","[]",1,"[367533]","[0.193435]","[-0.374522]","[385771]","[92847.9]","[0]","[3.03339]","[0.487788]",0,"[]","[]","[]","[]","[]","[]","[]","[]","[]","[]",0,"[13033.4]",2805.77,"[3831.86,5353.84,2081.98]","[]","[3790.72]","[]"
254,284500,1861071,361102,11460.6,11500.5,3.38179e+11,1.74563,1,0.998077,1,1,0.997696,0.901106,1,0,1,0,1,"[0]","[1]","[60138.8]","[-0.761933]","[-2.17845]","[78456.5]","[-0.0914764]","[1]","[13]","[1]","[0]","[450.545]","[0.0076567]","[1.21022]",438860,-1.81311,3,"[393759,42349.5,26304.2]","[-0.599739,-1.57257,-1.12099]","[1.20432,1.30609,1.29806]","[470420,106790,44932.7]","[0.998203,0.919915,0.992236]","[0,0,0]","[0,0,0]","[-0.765467,-0.849325,-0.905943]",0,"[]","[]","[]","[]","[]","[]","[]","[]","[]","[]",1,"[340291]","[-0.617352]","[1.17415]","[408770]","[35533.4]","[0]","[2.05831]","[0.698465]",0,"[]","[]","[]","[]","[]","[]","[]","[]","[]","[]",0,"[555.617]",4914.66,"[13632.6,2625.24,2106.06]","[]","[6229.06]","[]"
255,284500,270087,361102,11460.9,11500.5,3.38179e+11,0.934886,1,1.0009,1,1,0.998834,0.979416,1,0,1,0,1,"[0]","[1]","[150435]","[-1.09043]","[-3.11722]","[249092]","[0.00999975]","[1]","[13]","[1]","[0]","[-225.382]","[-0.0162352]","[2.59765]",106756,-2.45975,2,"[262349,31747.5]","[-1.51085,0.486903]","[0.376772,-2.26655]","[623720,36169.4]","[0.996722,0.996894]","[0,0]","[0,0]","[-0.964075,-0.325828]",0,"[]","[]","[]","[]","[]","[]","[]","[]","[]","[]",1,"[250895]","[-1.50809]","[0.377271]","[595034]","[24064]","[0]","[1.61804]","[0.813909]",0,"[]","[]","[]","[]","[]","[]","[]","[]","[]","[]",0,"[4609.98]",1905.91,"[10441,2736.83]","[]","[25967.8]","[]"
256,284500,1021409,361102,11470.1,11500.5,3.38179e+11,0.596562,1,0.993432,1,1,0.99916,0.981429,1,0,1,0,1,"[0]","[1]","[114211]","[-0.492951]","[-2.21503]","[128371]","[0.0146408]","[1]","[13]","[1]","[1834.89]","[-268.633]","[0.050412]","[9.52852]",222456,-1.84237,1,"[345967]","[-0.870132]","[1.1675]","[487921]","[0.998151]","[0]","[0]","[-0.821923]",0,"[]","[]","[]","[]","[]","[]","[]","[]","[]","[]",1,"[337605]","[-0.881658]","[1.16583]","[479844]","[46956.4]","[0]","[1.10216]","[0.686589]",0,"[]","[]","[]","[]","[]","[]","[]","[]","[]","[]",0,"[5809]",8690.05,"[9709.45]","[]","[3148.72]","[]"
257,284500,1188062,361102,11459.9,11500.5,3.38179e+11,0.934886,1,1,1,1,0.984036,1,1,1,0,0,1,"[0]","[1]","[221781]","[1.57449]","[-0.734442]","[558380]","[0.15378]","[1]","[11]","[0]","[0]","[7159.72]","[0.0766179]","[7.25655]",36194.8,-1.00744,5,"[216396,49993.7,44377.7,35189.9,23257.7]","[0.373567,-0.475204,0.48085,1.88213,1.85613]","[2.55144,0.272302,1.32526,-2.84379,2.84792]","[232802,56138,49980.2,118322,76357.9]","[0.998008,0.990623,0.994404,1,0.994889]","[4,0,0,0,0]","[0,0,0,0,0]","[-0.943563,-0.92551,-0.865177,-0.722325,-0.767559]",0,"[]","[]","[]","[]","[]","[]","[]","[]","[]","[]",2,"[262609,250127]","[1.58104,0.417981]","[-0.73641,2.48872]","[665179,275061]","[5104.96,38902.3]","[1,0]","[7.97119,1.309]","[0.530341,0.782873]",0,"[]","[]","[]","[]","[]","[]","[]","[]","[]","[]",0,"[4958.22]",23217,"[1858.33,5440.58,2387.01,2064.97,2923.95]","[]","[5563.58,0]","[]"
258,284500,173491,361102,11453,11500.5,3.38179e+11,0.402058,0.97994,1,1,1,1,1.00632,1,1,0,0,1,"[0]","[1]","[249576]","[0.42061]","[2.47738]","[271979]","[-0.0334473]","[1]","[11]","[1]","[0]","[3793.33]","[-0.0255804]","[3.56195]",252243,-0.648962,0,"[]","[]","[]","[]","[]","[]","[]","[]",0,"[]","[]","[]","[]","[]","[]","[]","[]","[]","[]",1,"[261532]","[0.477283]","[2.4804]","[291907]","[3139.08]","[0]","[0]","[-1]",0,"[]","[]","[]","[]","[]","[]","[]","[]","[]","[]",0,"[1792.8]",0,"[]","[]","[0]","[]"
259,284500,460759,361102,11456.9,11500.5,3.38179e+11,1.08735,1,0.998352,1,1,0.988836,0.998628,1,0,1,0,1,"[0]","[1]","[68407]","[1.5346]","[1.66243]","[166059]","[0.00922966]","[1]","[13]","[1]","[0]","[-261.588]","[-0.00263372]","[0.286257]",174116,1.19791,1,"[246028]","[-0.850401]","[-1.83044]","[340811]","[1]","[4]","[0]","[-0.562979]",0,"[]","[]","[]","[]","[]","[]","[]","[]","[]","[]",1,"[262551]","[-0.857693]","[-1.83148]","[365468]","[14273.3]","[0]","[2.03285]","[0.669114]",0,"[]","[]","[]","[]","[]","[]","[]","[]","[]","[]",0,"[169.916]",10952,"[11276.8]","[]","[21073.4]","[]"
260,284500,1336377,361102,11459.5,11500.5,3.38179e+11,0,1,0.990627,1,1,0.998922,1.01447,1,0,1,0,1,"[0]","[1]","[54347.9]","[1.66678]","[2.55464]","[149021]","[-0.144936]","[1]","[13]","[1]","[1565.71]","[0]","[0.0155497]","[1.58945]",205275,2.85507,2,"[244825,27161.4]","[1.13176,0.436735]","[-0.234044,-1.76183]","[419455,30053.7]","[1,0.943682]","[0,0]","[0,0]","[-0.85833,-0.876179]",0,"[]","[]","[]","[]","[]","[]","[]","[]","[]","[]",1,"[262087]","[1.09538]","[-0.240335]","[436128]","[19704]","[0]","[2.566]","[0.747088]",0,"[]","[]","[]","[]","[]","[]","[]","[]","[]","[]",0,"[140.134]",416.922,"[3328.3,2405.7]","[]","[1833.16]","[]"
261,284500,183620,361102,11464.9,11500.5,3.38179e+11,0.596562,1,0.984321,1,1,0.986644,1.01258,1,0,1,0,1,"[0]","[1]","[168656]","[1.83673]","[2.58921]","[542679]","[0.12114]","[1]","[13]","[1]","[0]","[-201.087]","[0.0125836]","[2.1814]",124146,2.45062,4,"[234195,80103.2,49781.9,27003.7]","[-0.296771,-1.1357,0.967127,-0.862277]","[-0.623463,-0.623194,1.81792,-1.01105]","[244798,138182,75462.1,37929.5]","[0.964576,0.995001,0.994851,0.64508]","[4,0,0,0]","[0,0,0,0]","[-0.856727,-0.853757,-0.561004,-0.822443]",0,"[]","[]","[]","[]","[]","[]","[]","[]","[]","[]",1,"[288105]","[-0.454823]","[-0.615829]","[342359]","[125767]","[0]","[1.02789]","[0.767321]",0,"[]","[]","[]","[]","[]","[]","[]","[]","[]","[]",0,"[1686.28]",531.125,"[2562.39,5769.46,8391.24,1826.88]","[]","[4818.94]","[]"
262,284500,1102552,361102,11452.5,11500.5,3.38179e+11,1.74563,0.99093,1,1,1,0.99807,1,1,1,0,0,1,"[0]","[1]","[134276]","[1.04351]","[1.10389]","[214263]","[0.0283451]","[1]","[11]","[0]","[0]","[1894.4]","[0.125155]","[9.99951]",296765,0.989338,3,"[410764,32356.2,21857.6]","[0.273626,0.428349,-0.795951]","[-1.87523,-2.31186,-0.926013]","[434266,35617,29345.2]","[0.992671,0.997521,0.990885]","[0,0,0]","[0,0,0]","[-0.762082,-0.759247,-0.851612]",0,"[]","[]","[]","[]","[]","[]","[]","[]","[]","[]",1,"[419682]","[0.2834]","[-1.90464]","[447213]","[96630]","[0]","[1.17353]","[0.507925]",0,"[]","[]","[]","[]","[]","[]","[]","[]","[]","[]",0,"[1181.26]",10390.7,"[9525.99,4019.06,3724.33]","[]","[31273]","[]"
263,284500,1065876,361102,11455.4,11500.5,3.38179e+11,0.934886,1,0.987152,1,1,0.997591,0.916691,1,0,1,0,1,"[0]","[1]","[217207]","[-0.30244]","[1.25353]","[227217]","[0.0189852]","[1]","[13]","[1]","[0]","[-515.201]","[0.0276477]","[6.32524]",51835.5,1.45828,3,"[290952,65858.5,20233.4]","[0.307236,-0.157643,-1.84291]","[-1.69274,2.87724,1.25794]","[305280,67238.5,65508.3]","[1,0.99706,0.998552]","[0,0,0]","[0,0,0]","[-0.957047,-0.887814,-0.871932]",0,"[]","[]","[]","[]","[]","[]","[]","[]","[]","[]",1,"[286702]","[0.305287]","[-1.69179]","[300417]","[12268.3]","[0]","[3.73981]","[0.265578]",0,"[]","[]","[]","[]","[]","[]","[]","[]","[]","[]",0,"[9268.99]",810.094,"[3268.12,2558.77,1167.39]","[]","[9313.03]","[]"
264,284500,1089120,361102,11461.1,11500.5,3.38179e+11,1.08735,1,0.99786,1,1,0.99947,0.964264,1,0,1,0,1,"[0]","[1]","[180367]","[1.19733]","[-1.00688]","[325858]","[0.022541]","[1]","[13]","[1]","[0]","[19.3588]","[-0.014345]","[2.12641]",98065.1,-1.29972,1,"[276296]","[0.449983]","[2.12553]","[305273]","[0.993824]","[0]","[0]","[-0.892853]",0,"[]","[]","[]","[]","[]","[]","[]","[]","[]","[]",1,"[281582]","[0.465606]","[2.12531]","[313281]","[19717.2]","[0]","[2.64133]","[0.55108]",0,"[]","[]","[]","[]","[]","[]","[]","[]","[]","[]",0,"[9851.11]",28097.3,"[4701.74]","[]","[5178.5]","[]"
265,284500,1967243,361102,11453.6,11500.5,3.38179e+11,0.596562,1.00588,1,1,1,1.00047,1.00306,1,1,0,0,1,"[0]","[1]","[247289]","[0.794789]","[-0.906594]","[329593]","[0.100052]","[1]","[11]","[1]","[0]","[-916.801]","[0.024537]","[3.64585]",96791.3,-1.21549,2,"[353454,32902.4]","[1.28527,1.90304]","[2.2164,-0.10364]","[687975,112868]","[0.99,0.952546]","[0,4]","[0,0]","[-0.706405,-0.810657]",0,"[]","[]","[]","[]","[]","[]","[]","[]","[]","[]",2,"[390121,252849]","[1.31346,0.843508]","[2.21731,-0.912663]","[778141,348262]","[20069.3,-0.00676582]","[0,1]","[3.69958,0]","[0.60979,-1]",0,"[]","[]","[]","[]","[]","[]","[]","[]","[]","[]",0,"[2413.53]",902.523,"[4787.43,5642.86]","[]","[3732.28,9394.44]","[]"
266,284500,366602,361102,11464.7,11500.5,3.38179e+11,0,1,0.995931,1,1,0.998126,0.987784,1,0,1,0,1,"[0]","[1]","[36519.4]","[0.833817]","[-2.9072]","[49967.3]","[0.0266151]","[1]","[13]","[1]","[0]","[3885.66]","[0.00775521]","[0.736041]",211392,-2.49748,2,"[265642,30765.8]","[0.289546,-1.60081]","[0.671851,-1.77015]","[278201,79656]","[1,0.655771]","[0,0]","[0,0]","[-0.861242,-0.58968]",0,"[]","[]","[]","[]","[]","[]","[]","[]","[]","[]",1,"[256013]","[0.265789]","[0.681309]","[265757]","[18539.8]","[0]","[2.6743]","[0.327288]",0,"[]","[]","[]","[]","[]","[]","[]","[]","[]","[]",0,"[197.167]",2694.78,"[4505.59,2595.54]","[]","[18133.1]","[]"
267,284500,507788,361102,11462.6,11500.5,3.38179e+11,0,0.97867,1,1,1,0.998991,1.01012,1,1,0,0,1,"[0]","[1]","[126595]","[1.96726]","[2.35242]","[461495]","[0.48361]","[1]","[11]","[1]","[0]","[-2332.02]","[0.0594191]","[7.40515]",165135,2.40715,3,"[255443,65784.3,20285.6]","[0.752538,0.600519,0.647053]","[-0.255355,1.11239,2.45678]","[332034,78619.2,24992.9]","[1,0.997797,0.939201]","[0,0,0]","[0,0,0]","[-0.697928,-0.744547,-0.864588]",0,"[]","[]","[]","[]","[]","[]","[]","[]","[]","[]",1,"[259814]","[0.74547]","[-0.249386]","[335855]","[17229.8]","[0]","[2.03239]","[0.554354]",0,"[]","[]","[]","[]","[]","[]","[]","[]","[]","[]",0,"[1513.37]",2623.53,"[5185.57,2675.59,1621.28]","[]","[0]","[]"
268,284500,534911,361102,11454.2,11500.5,3.38179e+11,0,1,0.997816,1,1,0.999328,0.962708,1,0,1,0,1,"[0]","[1]","[39913.1]","[-0.555906]","[-0.744538]","[46240.9]","[-0.0045166]","[1]","[13]","[1]","[0]","[-1412.75]","[0.00246594]","[0.320273]",198120,-1.18402,1,"[228185]","[-0.362902]","[1.96944]","[243973]","[0.826229]","[0]","[0]","[-0.902535]",0,"[]","[]","[]","[]","[]","[]","[]","[]","[]","[]",1,"[252054]","[-0.362817]","[1.97737]","[269629]","[20783.2]","[0]","[4.7714]","[0.628018]",0,"[]","[]","[]","[]","[]","[]","[]","[]","[]","[]",0,"[164.866]",6196.53,"[6711.02]","[]","[0]","[]"
269,284500,457979,361102,11462.6,11500.5,3.38179e+11,1.24168,0.92407,1,1,1,0.997985,0,1,1,0,0,1,"[0]","[1]","[26625.5]","[-1.35229]","[0.047531]","[54913.8]","[0.18961]","[1]","[11]","[1]","[0]","[55.7791]","[-0.0169521]","[1.32185]",319080,-0.580271,3,"[312138,67869.2,38915.4]","[-1.69575,-1.96333,-1.59395]","[2.51546,2.89698,-0.735007]","[880556,246785,99998.5]","[0.999217,1,0.998834]","[0,0,0]","[0,0,0]","[-0.282471,-0.438244,-0.831286]",0,"[]","[]","[]","[]","[]","[]","[]","[]","[]","[]",1,"[348807]","[-1.73921]","[2.57439]","[1.02666e+06]","[80617.6]","[0]","[1.44537]","[0.485015]",0,"[]","[]","[]","[]","[]","[]","[]","[]","[]","[]",0,"[117.984]",4324.84,"[9405.4,8906.64,5053.69]","[]","[2288.75]","[]"
270,284500,169373,361102,-11462.9,11500.5,3.38179e+11,1.74563,1,1.00061,1,1,0.98737,0.986839,1,0,1,0,1,"[0]","[1]","[199591]","[-1.27734]","[2.9896]","[385798]","[-0.015377]","[1]","[13]","[1]","[0]","[-588.179]","[0.0459447]","[8.4259]",90242.8,2.70068,1,"[283326]","[-0.513277]","[-0.257142]","[321951]","[0.888003]","[4]","[0]","[-0.877297]",0,"[]","[]","[]","[]","[]","[]","[]","[]","[]","[]",1,"[291463]","[-0.520732]","[-0.260824]","[332298]","[16629.2]","[0]","[1.79865]","[0.662829]",0,"[]","[]","[]","[]","[]","[]","[]","[]","[]","[]",0,"[7404.06]",601.141,"[3081.05]","[]","[16814.5]","[]"
271,284500,441489,361102,11449.2,11500.5,3.38179e+11,1.74563,0.96654,1,1,1,1,0.9995,1,1,0,0,1,"[0]","[1]","[76175.6]","[2.05027]","[-1.47867]","[300843]","[-0.378494]","[1]","[11]","[1]","[1013.46]","[-812.56]","[0.16776]","[11.393]",192369,-1.80673,0,"[]","[]","[]","[]","[]","[]","[]","[]",0,"[]","[]","[]","[]","[]","[]","[]","[]","[]","[]",1,"[294298]","[0.914368]","[1.41872]","[427198]","[30065.2]","[0]","[3.5376]","[0.23206]",0,"[]","[]","[]","[]","[]","[]","[]","[]","[]","[]",0,"[647.608]",9479.08,"[]","[]","[10555.3]","[]"
272,284500,437897,361102,11452.1,11500.5,3.38179e+11,1.08735,1,0.994293,1,1,0.999422,0.986183,1,0,1,0,1,"[0]","[1]","[160005]","[0.631706]","[-0.895646]","[193006]","[0.0393944]","[1]","[13]","[1]","[0]","[-527.389]","[0.0340364]","[6.78395]",80081.9,-0.151213,1,"[249780]","[0.260932]","[2.46443]","[259036]","[0.99493]","[0]","[0]","[-0.909223]",0,"[]","[]","[]","[]","[]","[]","[]","[]","[]","[]",1,"[264359]","[0.230268]","[2.46683]","[272616]","[25731.2]","[0]","[3.37597]","[0.418481]",0,"[]","[]","[]","[]","[]","[]","[]","[]","[]","[]",0,"[6618.1]",11011.5,"[11593.1]","[]","[0]","[]"
273,284500,5693016,361102,11469.4,11500.5,3.38179e+11,1.08735,1,0.99332,1,1,0.997029,0.823717,1,0,1,0,1,"[0]","[1]","[132055]","[-0.397746]","[-2.90317]","[142639]","[-0.0156784]","[1]","[13]","[1]","[0]","[3625.52]","[-0.0314729]","[6.25372]",241729,-2.8185,5,"[242692,219482,107477,47489.5,23060.2]","[-1.12329,1.69089,-0.897131,-1.71221,0.971422]","[1.17753,-0.881132,0.283728,1.00405,-2.17098]","[413028,616211,153918,135950,35015.9]","[0.997905,0.99958,0.279992,0.981617,0.988114]","[0,0,0,0,0]","[0,0,0,0,0]","[-0.874585,-0.665593,-0.712503,-0.748995,-0.870201]",0,"[]","[]","[]","[]","[]","[]","[]","[]","[]","[]",1,"[357097]","[-1.22182]","[0.943481]","[675521]","[150707]","[0]","[1.19021]","[0.53836]",0,"[]","[]","[]","[]","[]","[]","[]","[]","[]","[]",0,"[2487.33]",20919.4,"[5889.23,3455.38,2212.34,3247.44,1689.16]","[]","[2676.38]","[]"
274,284500,8258502,361102,11461,11500.5,3.38179e+11,0.596562,1,1.0002,1,1,0.983252,0.991733,1,0,1,0,1,"[0]","[1]","[51465.1]","[1.29833]","[0.0257616]","[101287]","[0.00152397]","[1]","[13]","[1]","[0]","[-371.048]","[-0.0695207]","[10.2919]",92223.2,0.103621,5,"[275187,62585.1,32721.3,26873.4,26811.8]","[0.290959,-1.25277,0.163336,-1.30341,1.73823]","[2.9146,-0.766597,-0.542569,-0.165741,-0.813144]","[287109,119101,33782.2,53407,78791.8]","[0.992405,0.952998,1,0.998964,0.98]","[4,0,0,0,0]","[0,0,0,0,0]","[-0.896376,-0.899772,-0.861441,-0.835066,-0.901771]",0,"[]","[]","[]","[]","[]","[]","[]","[]","[]","[]",1,"[271069]","[0.279314]","[2.91379]","[281712]","[0.00488281]","[0]","[0]","[-1]",0,"[]","[]","[]","[]","[]","[]","[]","[]","[]","[]",0,"[293.309]",1444.76,"[4139.61,7671.72,1941.87,2020.05,1785.62]","[]","[16054]","[]"
275,284500,8505123,361102,11465.2,11500.5,3.38179e+11,1.74563,1,0.994482,1,1,1.00032,0.962049,1,0,1,0,1,"[0]","[1]","[44619.6]","[0.542726]","[-2.7253]","[51354]","[-0.101505]","[1]","[13]","[1]","[0]","[-311.847]","[0.0801495]","[12.9717]",262190,-2.93825,3,"[161459,31679.9,20185]","[1.59091,-1.81756,-2.21371]","[0.616601,-1.85543,1.71086]","[412972,100211,93518.3]","[1,0.969066,0.968331]","[0,5,5]","[0,0,0]","[-0.966434,0.755639,-0.751387]",0,"[]","[]","[]","[]","[]","[]","[]","[]","[]","[]",1,"[312001]","[1.50064]","[0.262067]","[747605]","[139999]","[0]","[0.231358]","[0.589982]",0,"[]","[]","[]","[]","[]","[]","[]","[]","[]","[]",0,"[215.94]",290.594,"[5683.18,1204.26,862.365]","[]","[26190.5]","[]"
276,284500,8558577,361102,11459.2,11500.5,3.38179e+11,0.934886,1,0.992069,1,1,0.946552,0.824273,1,0,1,0,1,"[0]","[1]","[160894]","[0.171881]","[-1.12508]","[163276]","[0.0542946]","[1]","[13]","[1]","[0]","[283.842]","[0.00748403]","[1.27889]",130042,-1.19612,2,"[362844,96598.8]","[1.87494,-0.0961297]","[1.78605,-1.99719]","[1.21154e+06,97296.3]","[0.993636,0.99]","[5,0]","[0,0]","[0.956766,-0.908757]",0,"[]","[]","[]","[]","[]","[]","[]","[]","[]","[]",1,"[342084]","[1.89146]","[1.78772]","[1.16045e+06]","[43305.7]","[0]","[1.66216]","[0.849994]",0,"[]","[]","[]","[]","[]","[]","[]","[]","[]","[]",0,"[4261.26]",9392.8,"[6827.84,6498.83]","[]","[9092.59]","[]"
277,284500,5689670,361102,11462.7,11500.5,3.38179e+11,1.74563,1,0.984602,1,1,0.985823,0.989879,1,0,1,0,1,"[0]","[1]","[196696]","[1.92893]","[-1.44246]","[691131]","[-0.00305939]","[1]","[13]","[1]","[0]","[-29.9096]","[0.0408006]","[7.43568]",391237,-1.49243,2,"[661012,63515.5]","[0.000547083,0.636222]","[1.44617,-2.80061]","[666701,77076.2]","[0.986326,0.990611]","[4,0]","[0,0]","[0.151342,-0.916241]",0,"[]","[]","[]","[]","[]","[]","[]","[]","[]","[]",1,"[659839]","[-0.0196448]","[1.44622]","[666570]","[93596]","[0]","[1.74621]","[0.698489]",0,"[]","[]","[]","[]","[]","[]","[]","[]","[]","[]",0,"[5536.55]",1580.94,"[7737.88,2446.84]","[]","[8223.25]","[]"
278,284500,8334680,361102,11462.7,11500.5,3.38179e+11,1.25133,1,0.9866,1,1,0.99822,1.01852,1,0,1,0,1,"[0]","[1]","[38759.7]","[-1.87603]","[1.28756]","[129472]","[-0.0936379]","[1]","[13]","[1]","[0]","[2774.54]","[-0.0788161]","[8.8402]",473226,1.09162,3,"[437559,119546,55323.2]","[-0.667743,-0.659688,-1.1524]","[-1.65242,-2.65509,-3.06045]","[539826,146902,96546.5]","[0.995107,0.564256,0.969148]","[0,0,0]","[0,0,0]","[-0.90338,-0.966953,-0.73183]",0,"[]","[]","[]","[]","[]","[]","[]","[]","[]","[]",1,"[505999]","[-0.725943]","[-1.86919]","[679553]","[213065]","[0]","[0.719598]","[0.299598]",0,"[]","[]","[]","[]","[]","[]","[]","[]","[]","[]",0,"[87.3248]",6747.16,"[13794.1,2421.4,2252.19]","[]","[5974.84]","[]"
279,284500,8349638,361102,11449,11500.5,3.38179e+11,0.934886,0.9823,1,1,1,0.999213,1,1,1,0,0,1,"[0]","[1]","[87672.9]","[0.194743]","[1.44987]","[89340.7]","[0.0146484]","[1]","[11]","[0]","[0]","[272.357]","[0.116663]","[16.0364]",261843,1.22935,1,"[333307]","[0.0276088]","[-1.81336]","[336270]","[0.994005]","[0]","[0]","[-0.933712]",0,"[]","[]","[]","[]","[]","[]","[]","[]","[]","[]",1,"[343719]","[0.00926994]","[-1.81129]","[347735]","[52597.6]","[0]","[1.71897]","[0.764356]",0,"[]","[]","[]","[]","[]","[]","[]","[]","[]","[]",0,"[576.794]",2037.48,"[4104.55]","[]","[2367.72]","[]"
280,284500,8378767,361102,11457.3,11500.5,3.38179e+11,1.55465,1,0.997141,1,1,0.997066,0.993362,1,0,1,0,1,"[0]","[1]","[279305]","[1.20365]","[-2.01492]","[507269]","[-0.0117512]","[1]","[13]","[1]","[2307.47]","[-376.639]","[0.00628565]","[1.38106]",237298,-2.21657,4,"[525034,134266,76812.2,21399.4]","[-0.0271662,-0.499278,0.367988,-0.132764]","[1.1686,-0.027519,-3.07069,-1.30822]","[527881,152078,83026.9,21978.1]","[1,0.983293,1,0.757181]","[0,0,0,0]","[0,0,0,0]","[-0.392533,-0.906025,-0.875627,-0.598493]",0,"[]","[]","[]","[]","[]","[]","[]","[]","[]","[]",1,"[545801]","[-0.0123607]","[1.17077]","[548162]","[50381.8]","[0]","[2.53836]","[0.295728]",0,"[]","[]","[]","[]","[]","[]","[]","[]","[]","[]",0,"[26447.8]",22358.3,"[7042.09,6538.96,1952.72,1645.83]","[]","[63935]","[]"
281,284500,8574433,361102,11453.1,11500.5,3.38179e+11,1.74563,1,0.985082,1,1,0.999081,0.939087,1,0,1,0,1,"[0]","[1]","[107168]","[1.71615]","[1.65349]","[307724]","[0.0753613]","[1]","[13]","[1]","[0]","[-198.493]","[-0.0185277]","[2.39275]",111761,1.99272,1,"[254044]","[1.57562]","[-1.34589]","[640459]","[0.998144]","[0]","[0]","[-0.839386]",0,"[]","[]","[]","[]","[]","[]","[]","[]","[]","[]",1,"[254358]","[1.57477]","[-1.34576]","[640694]","[13117.9]","[0]","[1.82551]","[0.483457]",0,"[]","[]","[]","[]","[]","[]","[]","[]","[]","[]",0,"[1006.38]",1581.12,"[4329.14]","[]","[0]","[]"
282,284500,8945806,361102,11457.7,11500.5,3.38179e+11,1.08735,1,0.999615,1,1,0.996868,0.857717,1,0,1,0,1,"[0]","[1]","[89942.7]","[-1.04646]","[-1.68021]","[143852]","[-0.0316315]","[1]","[13]","[0]","[0]","[-286.157]","[0.271612]","[46.538]",202661,-1.94931,4,"[271966,135375,51215,23969.1]","[-1.36838,0.579356,1.16607,1.65328]","[0.561944,2.21144,3.06794,2.54377]","[569485,159178,90575.1,65064]","[0.9934,0.981664,0.995274,0.995495]","[0,0,0,0]","[0,0,0,0]","[-0.96308,-0.925824,-0.935735,-0.512217]",0,"[]","[]","[]","[]","[]","[]","[]","[]","[]","[]",1,"[269860]","[-1.3654]","[0.564582]","[563435]","[22025]","[0]","[2.85927]","[0.747498]",0,"[]","[]","[]","[]","[]","[]","[]","[]","[]","[]",0,"[2316.68]",1833.52,"[3858.42,3578.26,3347.95,1671.39]","[]","[3167.81]","[]"
283,284500,8615385,361102,11449.9,11500.5,3.38179e+11,1.08735,0.97738,1,1,1,0.999288,1.00056,1,1,0,0,1,"[0]","[1]","[73594.8]","[0.295133]","[2.70596]","[76823.4]","[0.168442]","[1]","[11]","[1]","[0]","[-210.34]","[-0.0662258]","[9.26718]",226013,2.42568,2,"[268039,123779]","[0.123908,1.7948]","[-1.09115,0.421734]","[271164,382957]","[0.99525,0.999724]","[0,0]","[0,0]","[-0.825401,-0.833187]",0,"[]","[]","[]","[]","[]","[]","[]","[]","[]","[]",1,"[260481]","[0.0822499]","[-1.08855]","[261926]","[17181.5]","[0]","[0.968144]","[0.154144]",0,"[]","[]","[]","[]","[]","[]","[]","[]","[]","[]",0,"[554.178]",11652.5,"[13658,3257.41]","[]","[27209.1]","[]"
284,284500,8513511,361102,11460,11500.5,3.38179e+11,1.08735,1,0.995942,1,1,0.998457,0.902647,1,0,1,0,1,"[0]","[1]","[107834]","[0.528729]","[1.1096]","[123262]","[-0.0907097]","[1]","[13]","[1]","[1726.27]","[-98.2874]","[-0.239056]","[36.9854]",229592,0.892221,2,"[366715,125175]","[-0.648875,0.848344]","[-2.50625,-0.43012]","[447111,173613]","[0.984674,0.998661]","[0,0]","[0,0]","[-0.95548,-0.912402]",0,"[]","[]","[]","[]","[]","[]","[]","[]","[]","[]",1,"[351794]","[-0.674559]","[-2.5068]","[435207]","[15953.5]","[0]","[4.71854]","[0.502784]",0,"[]","[]","[]","[]","[]","[]","[]","[]","[]","[]",0,"[5171.33]",3987.48,"[6076.24,3176.11]","[]","[9644.75]","[]"
285,284500,8403457,361102,11455.6,11500.5,3.38179e+11,0.934886,0.99093,1,1,1,0.989558,1.00306,1,1,0,0,1,"[0]","[1]","[127434]","[1.10195]","[-1.35112]","[212958]","[0.181205]","[1]","[11]","[1]","[0]","[-765.914]","[0.0572997]","[6.9216]",120884,-1.29603,1,"[248156]","[-1.22785]","[1.88386]","[460076]","[0.995325]","[4]","[0]","[-0.0416463]",0,"[]","[]","[]","[]","[]","[]","[]","[]","[]","[]",1,"[254292]","[-1.22836]","[1.88082]","[471608]","[9693.43]","[0]","[1.41429]","[-1]",0,"[]","[]","[]","[]","[]","[]","[]","[]","[]","[]",0,"[1123.91]",15166.2,"[5989.82]","[]","[6649.7]","[]"
286,284500,9343446,361102,11460.5,11500.5,3.38179e+11,0.506784,1,0.995174,1,1,0.999056,0.938421,1,0,1,0,1,"[0]","[1]","[53591.7]","[1.92375]","[1.93672]","[187374]","[0.0431747]","[1]","[13]","[1]","[0]","[498.237]","[-0.0471709]","[5.68704]",178089,2.17396,3,"[216462,52635.3,34388]","[0.234183,-0.116596,0.383608]","[-1.01173,-0.593819,2.70316]","[223164,53305.7,37327.5]","[0.994668,0.991745,0.97519]","[0,0,0]","[0,0,0]","[0.78538,-0.899499,-0.93533]",0,"[]","[]","[]","[]","[]","[]","[]","[]","[]","[]",1,"[255371]","[0.195275]","[-0.944888]","[264629]","[47911.1]","[0]","[1.44912]","[0.714958]",0,"[]","[]","[]","[]","[]","[]","[]","[]","[]","[]",0,"[664.283]",82.8906,"[3840.81,5162.03,2703.52]","[]","[4838.67]","[]"
287,284500,9412805,361102,11445.9,11500.5,3.38179e+11,1.08735,0.98413,1,1,1,0.998527,0.99866,1,1,0,0,1,"[0]","[1]","[105825]","[-1.02955]","[0.360306]","[167044]","[-0.0974274]","[1]","[11]","[1]","[0]","[1396.24]","[-0.0179156]","[1.2813]",122967,0.143144,2,"[254905,23951.5]","[-1.94296,0.352661]","[-2.88377,0.373387]","[908084,25899]","[1,1]","[0,0]","[0,0]","[-0.457753,-0.839531]",0,"[]","[]","[]","[]","[]","[]","[]","[]","[]","[]",1,"[251140]","[-1.93366]","[-2.8829]","[886753]","[23247.8]","[0]","[1.92434]","[0.716828]",0,"[]","[]","[]","[]","[]","[]","[]","[]","[]","[]",0,"[865.128]",5446.3,"[4979.01,3162.03]","[]","[5916.2]","[]"
288,284500,9417932,361102,11457.3,11500.5,3.38179e+11,1.24168,0.96611,1,1,1,0.998272,0.97504,1,1,0,0,1,"[0]","[1]","[43691.1]","[0.65187]","[2.43241]","[53307.4]","[-0.0552883]","[1]","[11]","[1]","[0]","[-723.392]","[-0.00345539]","[0.397105]",262915,2.21969,3,"[286872,47390.5,32595.3]","[-0.500481,1.13413,1.35852]","[-0.630523,-1.08281,1.29854]","[324389,81931.3,67735.7]","[0.992215,0.996373,0.993726]","[0,0,0]","[0,0,0]","[-0.894822,-0.557708,-0.870227]",0,"[]","[]","[]","[]","[]","[]","[]","[]","[]","[]",1,"[295489]","[-0.504112]","[-0.629568]","[334360]","[18691.5]","[0]","[1.79611]","[0.528628]",0,"[]","[]","[]","[]","[]","[]","[]","[]","[]","[]",0,"[124.664]",2019.69,"[4359.51,2167.3,2188.46]","[]","[9875.28]","[]"
289,284500,9428593,361102,11463.6,11500.5,3.38179e+11,0.934886,0.98458,1,1,1,0.997257,1.00582,1,1,0,0,1,"[0]","[1]","[103879]","[-0.442672]","[-1.21977]","[114224]","[-0.0148749]","[1]","[11]","[1]","[0]","[-638.021]","[0.000279579]","[0.038066]",230471,-1.02109,4,"[263858,51642.5,32063.9,22558.3]","[-1.16352,0.0790521,-0.815249,-1.85807]","[2.14615,1.05712,2.64974,2.2384]","[463827,52234.2,43606.4,74185.9]","[0.992555,0.993336,0.996326,0.976168]","[0,0,0,0]","[0,0,0,0]","[-0.921084,-0.933633,0.410203,-0.746111]",0,"[]","[]","[]","[]","[]","[]","[]","[]","[]","[]",1,"[277585]","[-1.14007]","[2.19571]","[482400]","[62075.8]","[0]","[2.11248]","[0.631857]",0,"[]","[]","[]","[]","[]","[]","[]","[]","[]","[]",0,"[396.6]",1891.36,"[4135.44,3080.12,3419.86,1593.19]","[]","[3483.31]","[]"
290,284500,9386634,361102,11463.5,11500.5,3.38179e+11,0,0.96323,1,1,1,0.996228,1.00493,1,1,0,0,1,"[0]","[1]","[154820]","[-1.30575]","[1.12626]","[306652]","[0.0616531]","[1]","[11]","[1]","[0]","[6990.02]","[0.0108314]","[1.23248]",177800,1.57359,4,"[261236,67250.3,23598.4,21973.4]","[-1.42044,-0.703296,-2.47408,-1.2239]","[-2.24429,-0.645557,-0.536924,-1.72397]","[572929,85040.1,141092,40816]","[0.996383,0.979677,0.999807,0.992773]","[0,0,0,0]","[0,0,0,0]","[-0.808422,-0.700312,-0.617104,-0.905142]",0,"[]","[]","[]","[]","[]","[]","[]","[]","[]","[]",1,"[250072]","[-1.37281]","[-2.23222]","[525335]","[14671.8]","[0]","[1.79299]","[0.594484]",0,"[]","[]","[]","[]","[]","[]","[]","[]","[]","[]",0,"[1619.92]",40740.5,"[3654.97,3336.58,1983.37,1680.43]","[]","[5001.38]","[]"
291,284500,9388598,361102,11465.3,11500.5,3.38179e+11,0.402058,1,0.988416,1,1,0.999159,1.01571,1,0,1,0,1,"[0]","[1]","[27026.3]","[1.81965]","[0.767152]","[85562.7]","[0.00965881]","[1]","[13]","[1]","[0]","[-64.4436]","[0.0236986]","[1.70235]",266180,0.528539,2,"[265890,31509]","[0.0323194,-0.0505433]","[-2.53977,-3.05884]","[268993,31757.5]","[0.987211,0.951181]","[0,0]","[0,0]","[-0.900667,-0.920977]",0,"[]","[]","[]","[]","[]","[]","[]","[]","[]","[]",1,"[274907]","[-0.0145901]","[-2.59095]","[280542]","[55802.5]","[0]","[1.68277]","[0.758167]",0,"[]","[]","[]","[]","[]","[]","[]","[]","[]","[]",0,"[71.5513]",4400.09,"[5550.92,1955]","[]","[2843.56]","[]"
292,284500,9428592,361102,11463.6,11500.5,3.38179e+11,0.934886,0.9823,1,1,1,0.984867,1.00632,1,1,0,0,1,"[0]","[1]","[93506]","[0.304375]","[2.16786]","[97870.9]","[-0.0251732]","[1]","[11]","[1]","[0]","[-416.007]","[-0.0365467]","[4.89657]",327132,2.52008,2,"[383367,40614.1]","[-0.508897,-1.37184]","[-0.607608,-1.56432]","[434640,85326.8]","[0.972392,1]","[4,0]","[0,0]","[-0.872079,-0.856375]",0,"[]","[]","[]","[]","[]","[]","[]","[]","[]","[]",1,"[396955]","[-0.542113]","[-0.608598]","[457946]","[33384]","[0]","[2.43751]","[0.663903]",0,"[]","[]","[]","[]","[]","[]","[]","[]","[]","[]",0,"[270.082]",6036.88,"[5235.96,4564.23]","[]","[363.812]","[]"
293,284500,9427051,361102,11452.1,11500.5,3.38179e+11,0.934886,0.97949,1,1,1,0.996932,0.99672,1,1,0,0,1,"[0]","[1]","[74817.1]","[0.929794]","[1.34241]","[109556]","[0.0348206]","[1]","[11]","[1]","[0]","[2208.66]","[-0.0149638]","[1.2514]",401983,1.7645,2,"[479912,26066.7]","[-0.564829,1.48653]","[-1.53773,0.349117]","[561417,61064]","[0.998091,0.941449]","[0,0]","[0,0]","[-0.864824,-0.0236563]",0,"[]","[]","[]","[]","[]","[]","[]","[]","[]","[]",1,"[526502]","[-0.503636]","[-1.53106]","[598071]","[63417.2]","[0]","[1.85747]","[0.795368]",0,"[]","[]","[]","[]","[]","[]","[]","[]","[]","[]",0,"[895.867]",7795.53,"[9102.98,2600.71]","[]","[12392.2]","[]"
294,284500,9532807,361102,11458.6,11500.5,3.38179e+11,1.74563,0.96024,1,1,1,0.999457,0.93884,1,1,0,0,1,"[0]","[1]","[55095.3]","[1.14439]","[1.71876]","[95285.7]","[0.127659]","[1]","[11]","[1]","[0]","[-844.542]","[-0.0336906]","[3.1008]",106615,1.84541,1,"[277527]","[0.267481]","[-0.723434]","[288203]","[0.856695]","[0]","[0]","[-0.723993]",0,"[]","[]","[]","[]","[]","[]","[]","[]","[]","[]",1,"[288055]","[0.283705]","[-0.729254]","[300864]","[26147.3]","[0]","[4.10674]","[0.353814]",0,"[]","[]","[]","[]","[]","[]","[]","[]","[]","[]",0,"[419.583]",1900.58,"[3051.75]","[]","[13755.3]","[]"
295,284500,9551046,361102,11459.5,11500.5,3.38179e+11,1.08735,1,0.992404,1,1,0.997748,0.901612,1,0,1,0,1,"[0]","[1]","[117792]","[0.192759]","[0.388314]","[119987]","[-0.118702]","[1]","[13]","[1]","[0]","[-388.802]","[0.010895]","[2.02633]",158309,0.239416,2,"[289939,22732.9]","[0.799282,-1.62215]","[-2.92469,-0.787701]","[387666,59947.4]","[0.992401,0.973139]","[0,0]","[0,0]","[-0.902055,-0.418783]",0,"[]","[]","[]","[]","[]","[]","[]","[]","[]","[]",1,"[269270]","[0.815656]","[-2.92426]","[364045]","[9576.66]","[0]","[0]","[-1]",0,"[]","[]","[]","[]","[]","[]","[]","[]","[]","[]",0,"[2849.29]",8336.41,"[8772.64,1669.9]","[]","[5604.31]","[]"
296,284500,9505907,361102,11446.6,11500.5,3.38179e+11,1.74563,1,0.985263,1,1,0.99061,1.02127,1,0,1,0,1,"[0]","[1]","[29875.5]","[1.72663]","[-0.20855]","[86632.2]","[0.0675902]","[1]","[13]","[1]","[0]","[-95.5227]","[0.0169684]","[1.3467]",262555,-0.391274,1,"[303155]","[1.96971]","[2.71615]","[1.10813e+06]","[0.988186]","[4]","[0]","[-0.380046]",0,"[]","[]","[]","[]","[]","[]","[]","[]","[]","[]",1,"[267607]","[1.95977]","[2.70737]","[968797]","[21985.6]","[0]","[1.75915]","[0.564993]",0,"[]","[]","[]","[]","[]","[]","[]","[]","[]","[]",0,"[73.2428]",21518.7,"[18128.4]","[]","[0]","[]"
297,284500,9496968,361102,11458.4,11500.5,3.38179e+11,1.08735,0.9823,1,1,1,0.997064,1.00632,1,1,0,0,1,"[0]","[1]","[139962]","[0.350388]","[1.16676]","[148641]","[0.0288315]","[1]","[11]","[1]","[0]","[3163.44]","[0.00242248]","[0.292814]",131238,1.2602,4,"[246922,56935.5,26649.5,20829.7]","[1.34436,0.176813,0.953615,2.03956]","[-1.53291,2.52609,-1.73373,2.05051]","[506003,58112.5,39824.8,81492.8]","[0.997734,1,0.675649,0.99]","[0,0,0,0]","[0,0,0,0]","[-0.878402,-0.91384,-0.883729,-0.866478]",0,"[]","[]","[]","[]","[]","[]","[]","[]","[]","[]",1,"[261929]","[1.28996]","[-1.54651]","[513076]","[36180.6]","[0]","[2.23793]","[0.678227]",0,"[]","[]","[]","[]","[]","[]","[]","[]","[]","[]",0,"[573.531]",28765.5,"[6926.24,9950.71,33486.1,5868.45]","[]","[7369.55]","[]"
298,284500,9491457,361102,11451.1,11500.5,3.38179e+11,1.55465,0.98089,1,1,1,1.36906,0.99866,1,1,0,0,1,"[0]","[1]","[361512]","[-1.03926]","[0.764717]","[574957]","[-0.0993404]","[1]","[11]","[1]","[0]","[-945.204]","[-0.0132925]","[1.32309]",233814,0.741105,3,"[581816,53828.9,36170.2]","[-1.17483,2.41696,-2.47016]","[-2.2371,2.74152,2.25629]","[1.03269e+06,304343,215495]","[1,0.997614,0.996408]","[0,0,0]","[0,0,0]","[-0.831431,-0.929626,0.863409]",0,"[]","[]","[]","[]","[]","[]","[]","[]","[]","[]",2,"[545717,379959]","[-1.18575,-1.04696]","[-2.22883,0.757718]","[977011,607929]","[32677.3,0.0110485]","[0,1]","[1.71776,0]","[0.636715,-1]",0,"[]","[]","[]","[]","[]","[]","[]","[]","[]","[]",0,"[5178.47]",34.9688,"[7872.83,2483.05,2294.35]","[]","[9962.88,24578.4]","[]"
299,284500,9499046,361102,11453.8,11500.5,3.38179e+11,0.596562,0.9823,1,1,1,0.999087,1.00632,1,1,0,0,2,"[0,0]","[1,0]","[84167.5,10763]","[0.32893,1.53218]","[-2.85114,0.694245]","[88761.9,26069.8]","[-0.045002,0.0937786]","[1,1]","[11,11]","[1,0]","[0,0]","[-348.09,182.163]","[0.0147622,0.11662]","[1.36567,4.27316]",249920,-2.98319,2,"[319966,61857.7]","[0.421921,2.03875]","[-0.0378914,1.59981]","[349212,241721]","[0.999581,0.988798]","[0,0]","[0,0]","[-0.912675,-0.814993]",0,"[]","[]","[]","[]","[]","[]","[]","[]","[]","[]",1,"[309351]","[0.43663]","[-0.0347976]","[339786]","[17969.2]","[0]","[2.52784]","[0.206078]",0,"[]","[]","[]","[]","[]","[]","[]","[]","[]","[]",0,"[263.633,339.728]",2623.81,"[4242.88,6303.79]","[]","[12189.8]","[]"
300,284500,9598448,361102,11453.3,11500.5,3.38179e+11,1.08735,1,0.986746,1,1,0.998246,1.01884,1,0,1,0,1,"[0]","[1]","[91620]","[-1.83626]","[-0.0481488]","[294670]","[-0.058197]","[1]","[13]","[1]","[0]","[1025.5]","[0.0124029]","[1.56582]",143056,-0.597862,3,"[252394,60049,27269.4]","[-1.98027,-2.32265,0.853881]","[2.65663,-1.64596,0.950529]","[932114,309422,38214.4]","[0.99,1,0.940159]","[0,0,0]","[0,0,0]","[-0.773098,-0.603752,-0.895239]",0,"[]","[]","[]","[]","[]","[]","[]","[]","[]","[]",1,"[255038]","[-1.94557]","[2.65407]","[911419]","[39696.4]","[0]","[1.6126]","[0.753949]",0,"[]","[]","[]","[]","[]","[]","[]","[]","[]","[]",0,"[2330.07]",15524.2,"[18159.2,4595.92,1904.99]","[]","[0]","[]"
301,284500,9669003,361102,11448.7,11500.5,3.38179e+11,1.74563,1,0.998917,1,1,0.99817,0.910991,1,0,1,0,1,"[0]","[1]","[56660.2]","[-1.09482]","[-2.36953]","[94147.6]","[0.00148773]","[1]","[13]","[1]","[0]","[-274.877]","[0.0203256]","[2.85848]",353448,-2.32056,3,"[449190,58450,30825.2]","[-1.00428,-0.431742,-0.0737732]","[0.842518,-1.57563,2.47531]","[697798,64524.5,31096.2]","[0.994016,1,0.991533]","[0,0,0]","[0,0,0]","[-0.97543,0.0817085,-0.543186]",0,"[]","[]","[]","[]","[]","[]","[]","[]","[]","[]",1,"[429641]","[-1.02271]","[0.849719]","[677066]","[57618.2]","[0]","[1.68623]","[0.657819]",0,"[]","[]","[]","[]","[]","[]","[]","[]","[]","[]",0,"[279.117]",3892.88,"[5844.56,6004.82,2446]","[]","[48765.4]","[]"
302,284500,9679137,361102,11447.7,11500.5,3.38179e+11,3.34815,1,0.996441,1,1,0.999398,0.985843,1,0,1,0,1,"[0]","[1]","[40412.4]","[-2.2474]","[-1.6583]","[193348]","[-0.0781097]","[1]","[13]","[1]","[0]","[0]","[-0.00685006]","[0.664819]",270697,-1.2479,1,"[301981]","[-0.439131]","[1.83068]","[332774]","[1]","[0]","[0]","[-0.964711]",0,"[]","[]","[]","[]","[]","[]","[]","[]","[]","[]",1,"[299441]","[-0.457299]","[1.82408]","[332504]","[28258.8]","[0]","[1.23993]","[0.737831]",0,"[]","[]","[]","[]","[]","[]","[]","[]","[]","[]",0,"[482.996]",8795.66,"[9413.24]","[]","[31616.2]","[]"
303,284500,9690712,361102,11447.1,11500.5,3.38179e+11,0.75088,0.94196,1,1,1,0.999115,0.98601,1,1,0,0,1,"[0]","[1]","[31596.8]","[-1.96938]","[-1.03869]","[115420]","[0.292898]","[1]","[11]","[1]","[0]","[231.855]","[-0.109554]","[3.27485]",290548,-1.11897,1,"[296448]","[-1.40622]","[2.0386]","[641593]","[0.984469]","[0]","[0]","[-0.264419]",0,"[]","[]","[]","[]","[]","[]","[]","[]","[]","[]",1,"[295098]","[-1.40398]","[2.04663]","[637635]","[29167.8]","[0]","[2.64369]","[0.689708]",0,"[]","[]","[]","[]","[]","[]","[]","[]","[]","[]",0,"[785.627]",6072.28,"[5395.02]","[]","[12616.1]","[]"
304,284500,9738231,361102,11449.2,11500.5,3.38179e+11,1.74563,1,1.00183,1,1,0.996836,0.983348,1,0,1,0,1,"[0]","[1]","[56720.8]","[1.12747]","[2.94992]","[96756.7]","[0.0362396]","[1]","[13]","[1]","[0]","[-290.111]","[0.00682386]","[0.829566]",445380,-2.94271,2,"[516221,25942.1]","[0.675811,-1.29783]","[0.192845,-1.97565]","[639037,51175.4]","[0.999712,0.990686]","[0,0]","[0,0]","[-0.379238,-0.88479]",0,"[]","[]","[]","[]","[]","[]","[]","[]","[]","[]",1,"[485296]","[0.655158]","[0.193203]","[593532]","[19026]","[0]","[2.87958]","[0.415716]",0,"[]","[]","[]","[]","[]","[]","[]","[]","[]","[]",0,"[523.474]",4461.59,"[6806.05,2470.38]","[]","[31230]","[]"
305,284500,9741045,361102,11453.9,11500.5,3.38179e+11,1.08735,1,0.998838,1,1,0.995441,0.988055,1,0,1,0,1,"[0]","[1]","[38421.2]","[2.33121]","[-1.90737]","[199552]","[-0.41916]","[1]","[13]","[1]","[0]","[-383.081]","[-0.00740271]","[0.694854]",592101,-1.93965,3,"[704500,118618,50774.9]","[1.27146,-0.892072,-1.8742]","[1.36909,-0.622737,-1.46331]","[1.35575e+06,169349,169502]","[0.999869,0.997901,0.99961]","[0,0,0]","[0,0,0]","[-0.798994,-0.565357,-0.36971]",0,"[]","[]","[]","[]","[]","[]","[]","[]","[]","[]",1,"[682933]","[1.27679]","[1.36685]","[1.31954e+06]","[16616.5]","[0]","[4.02185]","[0.471025]",0,"[]","[]","[]","[]","[]","[]","[]","[]","[]","[]",0,"[667.902]",8950.62,"[16169.4,4248.78,2593.24]","[]","[46961.4]","[]"
306,284500,9743403,361102,11459.9,11500.5,3.38179e+11,1.55465,0.93214,1,1,1,0.996768,0.84537,1,1,0,0,1,"[0]","[1]","[27301.8]","[-1.75203]","[-2.4695]","[81082.7]","[0.0741615]","[1]","[11]","[1]","[0]","[-191.965]","[-0.0148912]","[0.3674]",539810,-2.60656,2,"[518620,51380.7]","[-1.75395,-2.2638]","[0.5312,0.666962]","[1.5432e+06,249832]","[0.999194,1]","[0,0]","[0,0]","[-0.867569,-0.945532]",0,"[]","[]","[]","[]","[]","[]","[]","[]","[]","[]",1,"[584374]","[-1.81125]","[0.542057]","[1.83819e+06]","[101562]","[0]","[2.77057]","[0.588017]",0,"[]","[]","[]","[]","[]","[]","[]","[]","[]","[]",0,"[374.469]",10204.6,"[11252.5,3602.78]","[]","[16600]","[]"
307,284500,9833785,361102,11456.3,11500.5,3.38179e+11,1.74563,1,0.996286,1,1,0.99945,0.98636,1,0,1,0,1,"[0]","[1]","[52700.4]","[1.46101]","[-2.67828]","[119691]","[0.0137138]","[1]","[13]","[1]","[0]","[-451.912]","[-0.0333179]","[4.10032]",122965,-2.13704,1,"[260827]","[-0.196248]","[0.446156]","[266201]","[0.994953]","[0]","[0]","[-0.947455]",0,"[]","[]","[]","[]","[]","[]","[]","[]","[]","[]",1,"[272516]","[-0.171519]","[0.443776]","[276746]","[10837.7]","[0]","[2.93792]","[0.120451]",0,"[]","[]","[]","[]","[]","[]","[]","[]","[]","[]",0,"[257.278]",3227.79,"[2792.53]","[]","[21686.1]","[]"
308,284500,9878022,361102,11464.7,11500.5,3.38179e+11,0.00292683,1,0.998955,1,1,0.995536,0.995521,1,0,1,0,1,"[0]","[1]","[27433.6]","[2.11188]","[-0.317764]","[115013]","[2.71396]","[1]","[13]","[1]","[0]","[9.59253]","[0.0458846]","[2.94068]",236290,-0.473694,4,"[243625,29864.2,21500.9,20759.1]","[1.28658,1.88222,0.696428,-1.90339]","[2.66635,-3.03931,-0.370085,2.79123]","[477440,100485,27386.9,71395]","[0.990302,0.992577,0.616846,0.966609]","[0,0,0,0]","[0,0,0,0]","[-0.97638,-0.498277,-0.816927,0.276561]",0,"[]","[]","[]","[]","[]","[]","[]","[]","[]","[]",1,"[277762]","[1.38255]","[2.73582]","[596567]","[98982]","[0]","[1.67527]","[0.608636]",0,"[]","[]","[]","[]","[]","[]","[]","[]","[]","[]",0,"[114.782]",15995.8,"[4796.25,2361.17,1486.04,366.097]","[]","[15596.4]","[]"
309,284500,9869061,361102,11449.7,11500.5,3.38179e+11,1.08735,0.98413,1,1,1,0.998759,0.99866,1,1,0,0,1,"[0]","[1]","[100568]","[-0.869366]","[2.26844]","[141027]","[-0.032032]","[1]","[11]","[1]","[0]","[94.856]","[-0.0151967]","[1.90101]",291448,2.01301,1,"[403494]","[-1.40132]","[-1.24245]","[869364]","[0.999325]","[0]","[0]","[-0.84033]",0,"[]","[]","[]","[]","[]","[]","[]","[]","[]","[]",1,"[379119]","[-1.42076]","[-1.24397]","[831112]","[28827.5]","[0]","[2.57917]","[0.678626]",0,"[]","[]","[]","[]","[]","[]","[]","[]","[]","[]",0,"[880.505]",15061.3,"[7126.82]","[]","[14584.5]","[]"
310,284500,9911202,361102,11457.6,11500.5,3.38179e+11,1.08735,1,0.992671,1,1,0.999396,0.984198,1,0,1,0,1,"[0]","[1]","[131542]","[0.373731]","[-1.77048]","[140836]","[-0.0843498]","[1]","[13]","[1]","[0]","[1525.58]","[0.0500783]","[11.0997]",86898.9,-1.91733,2,"[248458,46944]","[0.0828581,-0.396321]","[1.46653,-0.842738]","[249569,51744.8]","[0.99546,0.96897]","[0,0]","[0,0]","[-0.92635,-0.922811]",0,"[]","[]","[]","[]","[]","[]","[]","[]","[]","[]",1,"[250482]","[0.079476]","[1.46456]","[251273]","[-0.00163775]","[0]","[0]","[-1]",0,"[]","[]","[]","[]","[]","[]","[]","[]","[]","[]",0,"[3931.43]",947.781,"[2799.79,3177.11]","[]","[0]","[]"
311,284500,9974853,361102,11455.5,11500.5,3.38179e+11,0.553627,0.96311,1,1,1,0.998912,1.00058,1,1,0,0,1,"[0]","[1]","[54590.3]","[-1.56939]","[-0.749226]","[136801]","[-0.150414]","[1]","[11]","[1]","[0]","[2007.28]","[-0.0030384]","[0.272727]",231629,-1.01174,2,"[258462,20759.1]","[0.612544,-0.242918]","[2.10088,2.55366]","[308881,21867.4]","[0.99,0.990871]","[0,0]","[0,0]","[0.383313,-0.79233]",0,"[]","[]","[]","[]","[]","[]","[]","[]","[]","[]",1,"[258120]","[0.585672]","[2.1022]","[304462]","[21959.1]","[0]","[1.17791]","[0.0224639]",0,"[]","[]","[]","[]","[]","[]","[]","[]","[]","[]",0,"[294.525]",2729.42,"[3731.25,1186.9]","[]","[0]","[]"
312,284500,9910939,361102,11457.6,11500.5,3.38179e+11,0.934886,1,0.999283,1,1,0.997415,0.985264,1,0,1,0,1,"[0]","[1]","[69387]","[-2.38789]","[-2.10207]","[381015]","[-0.0405655]","[1]","[13]","[1]","[1049.85]","[2593.96]","[-0.0396008]","[4.45268]",207924,-1.78128,2,"[245974,24177.1]","[-1.38996,-1.96564]","[1.2835,1.02036]","[525118,88152.2]","[0.999594,0.980815]","[0,0]","[0,0]","[-0.853551,-0.390849]",0,"[]","[]","[]","[]","[]","[]","[]","[]","[]","[]",1,"[267006]","[-1.44927]","[1.25814]","[602433]","[53403.8]","[0]","[2.26113]","[0.652097]",0,"[]","[]","[]","[]","[]","[]","[]","[]","[]","[]",0,"[1356.68]",497.969,"[10234,1689.35]","[]","[7313.22]","[]"
313,284500,9946529,361102,11458.9,11500.5,3.38179e+11,1.08735,0.97166,1,1,1,0.999464,1.0005,1,1,0,0,1,"[0]","[1]","[118995]","[2.29897]","[-0.323496]","[598801]","[-0.0364952]","[1]","[11]","[1]","[0]","[1892.31]","[-0.0128671]","[0.231427]",133632,-0.53683,1,"[272415]","[0.318486]","[2.64515]","[287003]","[0.995367]","[0]","[0]","[-0.907362]",0,"[]","[]","[]","[]","[]","[]","[]","[]","[]","[]",1,"[280939]","[0.292418]","[2.64253]","[293524]","[16912.7]","[0]","[1.52274]","[0.489312]",0,"[]","[]","[]","[]","[]","[]","[]","[]","[]","[]",0,"[1232.21]",4906.51,"[3603.38]","[]","[7438.19]","[]"
314,284500,9913799,361102,11469.4,11500.5,3.38179e+11,1.55465,1,0.995272,1,1,0.997374,0.881991,1,0,1,0,1,"[0]","[1]","[174129]","[0.177988]","[-0.644793]","[176895]","[-0.049552]","[1]","[13]","[1]","[0]","[909.329]","[-0.00830587]","[1.34179]",137722,-0.956369,2,"[340290,21152]","[0.858992,1.79876]","[2.36847,-0.486104]","[473786,65805.5]","[0.999559,0.996215]","[0,0]","[0,0]","[-0.925194,-0.919258]",0,"[]","[]","[]","[]","[]","[]","[]","[]","[]","[]",1,"[330828]","[0.860881]","[2.37014]","[461188]","[2840.18]","[0]","[10.8666]","[-1]",0,"[]","[]","[]","[]","[]","[]","[]","[]","[]","[]",0,"[4117.15]",9597.55,"[4445.6,1593.58]","[]","[13223.7]","[]"
315,284500,9943026,361102,11457.4,11500.5,3.38179e+11,0.402058,0.97867,1,1,1,0.984209,1.01012,1,1,0,0,1,"[0]","[1]","[135658]","[1.90886]","[-1.58079]","[467586]","[0.0539589]","[1]","[11]","[1]","[0]","[-763.303]","[-0.0181139]","[1.35282]",252653,-1.85553,1,"[390288]","[0.381776]","[1.3871]","[422899]","[0.995009]","[4]","[0]","[-0.283545]",0,"[]","[]","[]","[]","[]","[]","[]","[]","[]","[]",1,"[368111]","[0.406237]","[1.38855]","[403324]","[59533.8]","[0]","[1.38616]","[0.653891]",0,"[]","[]","[]","[]","[]","[]","[]","[]","[]","[]",0,"[1317.57]",374.828,"[3855.33]","[]","[14123.8]","[]"
316,284500,9975717,361102,11454.5,11500.5,3.38179e+11,0.0132185,1,0.986525,1,1,0.999208,0.971214,1,0,1,0,1,"[0]","[1]","[32160.5]","[-0.528469]","[1.16659]","[36757.1]","[-0.0842285]","[1]","[13]","[1]","[0]","[-173.545]","[0.0820804]","[7.39061]",311726,0.661726,1,"[339717]","[0.0762014]","[-2.42457]","[340963]","[1]","[0]","[0]","[-0.954277]",0,"[]","[]","[]","[]","[]","[]","[]","[]","[]","[]",1,"[351952]","[0.121326]","[-2.42503]","[354758]","[12291.1]","[0]","[2.06792]","[-1]",0,"[]","[]","[]","[]","[]","[]","[]","[]","[]","[]",0,"[196.684]",1332.91,"[3795.92]","[]","[2337.19]","[]"
317,284500,6718860,361102,11457.2,11500.5,3.38179e+11,1.74563,0.9724,1,1,1,0.997501,0.96574,1,1,0,0,1,"[0]","[1]","[51946.1]","[0.814881]","[1.25538]","[70168.8]","[0.131889]","[1]","[11]","[1]","[0]","[-923.739]","[0.0684248]","[7.01766]",316576,0.78405,3,"[356753,62531.4,27803.7]","[1.15556,0.351882,2.02043]","[-2.02006,2.28772,3.10888]","[622994,67611.8,106857]","[0.989508,0.994764,0.99]","[0,0,0]","[0,0,0]","[-0.811407,-0.686859,-0.697918]",0,"[]","[]","[]","[]","[]","[]","[]","[]","[]","[]",1,"[332781]","[1.19127]","[-2.01963]","[598530]","[20178.5]","[0]","[2.08022]","[0.657514]",0,"[]","[]","[]","[]","[]","[]","[]","[]","[]","[]",0,"[43.6251]",17053.7,"[4576,2142.34,4202.38]","[]","[10235.9]","[]"
318,284500,8551630,361102,11452.7,11500.5,3.38179e+11,0.402058,1,1,1,1,0.998821,1,1,1,0,0,1,"[0]","[1]","[29226.4]","[0.3693]","[0.991184]","[31242.1]","[0.367569]","[1]","[11]","[0]","[1198.65]","[-292.83]","[0.0659011]","[6.62251]",360179,0.820371,2,"[258798,143243]","[-0.104056,0.516156]","[-2.01166,-2.74243]","[264447,165469]","[0.985692,0.998298]","[0,0]","[0,0]","[-0.783605,-0.620888]",0,"[]","[]","[]","[]","[]","[]","[]","[]","[]","[]",1,"[352614]","[0.110782]","[-2.21386]","[403590]","[192397]","[0]","[1.21169]","[0.550745]",0,"[]","[]","[]","[]","[]","[]","[]","[]","[]","[]",0,"[55.0612]",14450.1,"[5376.46,10410.9]","[]","[16875.9]","[]"
319,284500,9110083,361102,11465.6,11500.5,3.38179e+11,1.26205,1,0.994069,1,1,0.998524,0.964819,1,0,1,0,1,"[0]","[1]","[56809.7]","[-0.133239]","[-2.44504]","[57314.8]","[-0.0123644]","[1]","[13]","[1]","[5749.82]","[2471.42]","[-0.0103078]","[1.53105]",318925,-2.01487,2,"[384166,20687]","[0.0139977,1.09194]","[1.05919,-2.72286]","[384823,34421.8]","[0.999759,0.909973]","[0,0]","[0,0]","[-0.982087,-0.723897]",0,"[]","[]","[]","[]","[]","[]","[]","[]","[]","[]",1,"[377895]","[0.0104566]","[1.06235]","[378520]","[21375.2]","[0]","[1.24462]","[0.0815515]",0,"[]","[]","[]","[]","[]","[]","[]","[]","[]","[]",0,"[401.406]",10524.9,"[5112.19,1129.92]","[]","[15235.9]","[]"
320,284500,8987272,361102,11465.1,11500.5,3.38179e+11,0.402058,0.98916,1,1,1,0.999288,0.99765,1,1,0,0,1,"[0]","[1]","[101584]","[0.724515]","[1.86679]","[129433]","[-0.0480518]","[1]","[11]","[1]","[0]","[537.579]","[-0.000207192]","[0.0264461]",129590,1.26189,1,"[218583]","[-0.460739]","[-1.4552]","[243885]","[0.993911]","[0]","[0]","[-0.886253]",0,"[]","[]","[]","[]","[]","[]","[]","[]","[]","[]",1,"[250416]","[-0.426548]","[-1.48511]","[275221]","[30338.2]","[0]","[2.12069]","[0.693105]",0,"[]","[]","[]","[]","[]","[]","[]","[]","[]","[]",0,"[433.531]",5560.26,"[4329.63]","[]","[0]","[]"
321,284500,9008743,361102,11460.9,11500.5,3.38179e+11,1.26205,1,0.988625,1,1,0.998194,1.0132,1,0,1,0,1,"[0]","[1]","[25612.7]","[1.71451]","[0.571779]","[73431.5]","[0.0492096]","[1]","[13]","[1]","[1201.19]","[562.539]","[-0.086051]","[7.87165]",212209,0.971439,3,"[223981,89496.7,32936.1]","[0.708968,1.51995,-1.40284]","[-1.75091,2.83991,2.39952]","[283096,214786,71294.6]","[0.984644,1,0.99885]","[0,0,0]","[0,0,0]","[-0.84787,-0.609718,-0.898704]",0,"[]","[]","[]","[]","[]","[]","[]","[]","[]","[]",1,"[257705]","[0.727362]","[-1.77171]","[330288]","[29877.1]","[0]","[2.30211]","[0.668563]",0,"[]","[]","[]","[]","[]","[]","[]","[]","[]","[]",0,"[103.017]",1750.53,"[6787.58,3297.1,2824.44]","[]","[5994.48]","[]"
322,284500,8603039,361102,11449.8,11500.5,3.38179e+11,0,0.98916,1,1,1,0.996014,0.99765,1,1,0,0,1,"[0]","[1]","[100344]","[0.810041]","[-1.09813]","[135105]","[-0.0134354]","[1]","[11]","[1]","[0]","[1968.34]","[-0.0235753]","[2.91509]",204365,-1.21371,3,"[306539,23022.5,20212.8]","[0.33679,-2.10187,-2.15918]","[2.0472,1.90571,1.30565]","[324328,95775,88862.5]","[0.999134,0.885235,0.88556]","[0,0,0]","[0,0,0]","[-0.84536,-0.789197,-0.807692]",0,"[]","[]","[]","[]","[]","[]","[]","[]","[]","[]",1,"[297645]","[0.318639]","[2.04785]","[312949]","[6395.65]","[0]","[0]","[-1]",0,"[]","[]","[]","[]","[]","[]","[]","[]","[]","[]",0,"[563.397]",19546.1,"[15518,1919.85,2931.61]","[]","[7328.66]","[]"
323,284500,9094978,361102,11458.3,11500.5,3.38179e+11,0.934886,0.9666,1,1,1,0.997698,0.95498,1,1,0,0,1,"[0]","[1]","[53442.7]","[-0.714051]","[-0.708513]","[67655.8]","[0.00100708]","[1]","[11]","[1]","[0]","[-207.776]","[0.00125437]","[0.0897151]",232227,-0.190343,3,"[292747,129351,40361.8]","[-1.99489,0.287014,-1.25921]","[-3.07235,1.30316,-2.25719]","[1.09617e+06,135311,77015.1]","[0.988598,1,0.969766]","[0,0,0]","[0,0,0]","[-0.795888,-0.871811,-0.735338]",0,"[]","[]","[]","[]","[]","[]","[]","[]","[]","[]",1,"[284126]","[-1.99942]","[-3.07523]","[1.06847e+06]","[16554.8]","[0]","[2.7291]","[0.726599]",0,"[]","[]","[]","[]","[]","[]","[]","[]","[]","[]",0,"[154.932]",9725.33,"[16172.7,3923.51,2265.86]","[]","[6463.19]","[]"
324,284500,9082142,361102,11453.4,11500.5,3.38179e+11,0.402058,0.96972,1,1,1,0.996504,0.99544,1,1,0,0,1,"[0]","[1]","[446076]","[1.30917]","[-2.63106]","[886162]","[0.122101]","[1]","[11]","[1]","[0]","[1211.26]","[0.0139642]","[1.95426]",354125,-2.66399,2,"[774017,21769.9]","[-1.0229,-0.176606]","[0.495379,0.76847]","[1.21691e+06,22355.9]","[0.991626,0.941032]","[0,0]","[0,0]","[-0.9354,-0.579247]",0,"[]","[]","[]","[]","[]","[]","[]","[]","[]","[]",2,"[727426,491884]","[-1.07586,1.27149]","[0.489994,-2.62721]","[1.1913e+06,946038]","[40020.5,3583.84]","[0,1]","[3.33368,0]","[0.634681,-1]",0,"[]","[]","[]","[]","[]","[]","[]","[]","[]","[]",0,"[6592.54]",2555.09,"[11577.5,1911.7]","[]","[61367.6,7517.78]","[]"
325,284500,8749718,361102,11451.3,11500.5,3.38179e+11,0.934886,0.97826,1,1,1,0.998284,1.00493,1,1,0,0,1,"[0]","[1]","[110404]","[-1.1422]","[-1.73454]","[190600]","[0.0507812]","[1]","[11]","[1]","[0]","[-9.1145]","[0.02102]","[3.01997]",270628,-1.83225,2,"[381622,182106]","[-0.62157,-0.814609]","[0.867909,2.70748]","[460765,247346]","[0.999836,0.99]","[0,0]","[0,0]","[-0.835606,-0.813675]",0,"[]","[]","[]","[]","[]","[]","[]","[]","[]","[]",1,"[369015]","[-0.652039]","[0.864974]","[453679]","[55442.9]","[0]","[0.730438]","[0.676965]",0,"[]","[]","[]","[]","[]","[]","[]","[]","[]","[]",0,"[708.993]",2950.16,"[4460.7,9237.07]","[]","[10018.9]","[]"
326,284500,8841170,361102,11456.3,11500.5,3.38179e+11,1.21412,1,0.989227,1,1,0.998841,1.01112,1,0,1,0,1,"[0]","[1]","[64262.7]","[1.72083]","[-2.55037]","[185336]","[0.474228]","[1]","[13]","[1]","[0]","[587.487]","[-0.164298]","[21.7193]",311493,-2.46713,1,"[351261]","[1.60873]","[0.712781]","[913018]","[0.990952]","[0]","[0]","[-0.881495]",0,"[]","[]","[]","[]","[]","[]","[]","[]","[]","[]",1,"[365393]","[1.62379]","[0.715597]","[963145]","[28930.5]","[0]","[2.89655]","[0.723625]",0,"[]","[]","[]","[]","[]","[]","[]","[]","[]","[]",0,"[201.988]",4133.72,"[10455.5]","[]","[2343.31]","[]"
327,284500,9241499,361102,11448.5,11500.5,3.38179e+11,1.55465,1,0.999857,1,1,0.998388,1.02449,1,0,1,0,1,"[0]","[1]","[195572]","[-1.45716]","[-0.231695]","[442642]","[-0.120819]","[1]","[13]","[0]","[0]","[-605.937]","[-0.0876446]","[16.095]",234022,-0.314803,1,"[427323]","[-1.46965]","[2.85874]","[979216]","[0.988983]","[0]","[0]","[-0.752653]",0,"[]","[]","[]","[]","[]","[]","[]","[]","[]","[]",1,"[412716]","[-1.49103]","[2.8531]","[963906]","[41107]","[0]","[1.90015]","[0.857414]",0,"[]","[]","[]","[]","[]","[]","[]","[]","[]","[]",0,"[1973.75]",19075.9,"[19930.1]","[]","[10499.5]","[]"
328,284500,8970705,361102,11453.8,11500.5,3.38179e+11,0,0.97738,1,1,1,0.999459,1.00056,1,1,0,0,1,"[0]","[1]","[61209.5]","[0.247074]","[-0.283642]","[63087.3]","[0.104473]","[1]","[11]","[1]","[0]","[2949.62]","[-0.0395382]","[4.29163]",209227,-0.38688,1,"[272713]","[-0.701166]","[2.84739]","[343376]","[0.9983]","[0]","[0]","[-0.976493]",0,"[]","[]","[]","[]","[]","[]","[]","[]","[]","[]",1,"[273499]","[-0.689097]","[2.84674]","[341521]","[18020]","[0]","[2.20032]","[0.434265]",0,"[]","[]","[]","[]","[]","[]","[]","[]","[]","[]",0,"[88.992]",9828.53,"[10281]","[]","[1846.72]","[]"
329,284500,8490408,361102,11451.6,11500.5,3.38179e+11,0.402058,1,0.988823,1,1,0.999434,1.01491,1,0,1,0,1,"[0]","[1]","[99305.2]","[-1.73095]","[-2.39341]","[289133]","[0.0308909]","[1]","[13]","[1]","[0]","[-157.763]","[-0.0277441]","[4.10554]",177937,-2.12111,1,"[293300]","[-0.304039]","[0.90096]","[307306]","[0.999356]","[0]","[0]","[-0.858833]",0,"[]","[]","[]","[]","[]","[]","[]","[]","[]","[]",1,"[309087]","[-0.301032]","[0.898245]","[323337]","[9465.25]","[0]","[21.1217]","[0.702433]",0,"[]","[]","[]","[]","[]","[]","[]","[]","[]","[]",0,"[2327.72]",9358.56,"[9977.2]","[]","[6438.09]","[]"
330,284500,8971964,361102,11459.4,11500.5,3.38179e+11,0.506784,1,1.00008,1,1,0.994945,0.829614,1,0,1,0,1,"[0]","[1]","[141411]","[-0.161174]","[-1.44956]","[143252]","[-0.055481]","[1]","[13]","[1]","[0]","[1663.29]","[-0.0600371]","[11.6457]",869127,-1.60056,3,"[946721,40175.6,25816.3]","[1.27274,-1.01585,-0.252491]","[1.53645,2.0861,1.93193]","[1.82444e+06,63030.9,27453]","[0.991924,0.99706,0.923059]","[0,0,0]","[0,0,0]","[-0.91964,-0.864481,-0.613831]",0,"[]","[]","[]","[]","[]","[]","[]","[]","[]","[]",1,"[1.02443e+06]","[1.22338]","[1.54035]","[1.89359e+06]","[87765.2]","[0]","[1.89209]","[0.506056]",0,"[]","[]","[]","[]","[]","[]","[]","[]","[]","[]",0,"[8257.62]",6135.69,"[19985.2,3289.48,4582.47]","[]","[39516.1]","[]"
331,284500,9287861,361102,11459.3,11500.5,3.38179e+11,0.934886,0.97429,1,1,1,0.999415,0.98653,1,1,0,0,1,"[0]","[1]","[59492.8]","[0.570728]","[-0.85672]","[69448.1]","[-0.00567389]","[1]","[11]","[1]","[0]","[363.561]","[0.0546772]","[6.74477]",172813,-0.333494,1,"[251861]","[0.172872]","[2.59023]","[259995]","[0.995425]","[0]","[0]","[-0.131301]",0,"[]","[]","[]","[]","[]","[]","[]","[]","[]","[]",1,"[264686]","[0.163516]","[2.56892]","[275011]","[60681.9]","[0]","[1.30708]","[0.744343]",0,"[]","[]","[]","[]","[]","[]","[]","[]","[]","[]",0,"[142.607]",3737.42,"[4318.18]","[]","[2918.55]","[]"
332,284500,8643040,361102,11459.3,11500.5,3.38179e+11,0.596562,0.97994,1,1,1,0.98333,1.00632,1,1,0,0,1,"[0]","[1]","[185768]","[0.250674]","[-2.93291]","[191636]","[0.132133]","[1]","[11]","[1]","[2514.84]","[1555.03]","[0.00624791]","[0.722699]",332263,-2.92059,3,"[450311,58378.3,44988.8]","[0.561741,-0.331084,-2.47252]","[0.128888,1.70908,0.00484905]","[523565,62270.1,268542]","[0.993159,0.994809,0.98979]","[0,4,0]","[0,0,0]","[-0.787657,-0.966873,-0.871899]",0,"[]","[]","[]","[]","[]","[]","[]","[]","[]","[]",1,"[450752]","[0.558763]","[0.127017]","[523139]","[13379.2]","[0]","[5.41404]","[0.360656]",0,"[]","[]","[]","[]","[]","[]","[]","[]","[]","[]",0,"[1346.83]",6296.09,"[5641.12,1188.53,4530.64]","[]","[10376.8]","[]"
333,284500,8728406,361102,11460.9,11500.5,3.38179e+11,1.24168,0.95508,1,1,1,0.998699,0.93664,1,1,0,0,1,"[0]","[1]","[59202.6]","[-1.31174]","[2.26281]","[117872]","[0.0592022]","[1]","[11]","[1]","[0]","[-664.368]","[0.0661387]","[5.01478]",415999,1.16464,1,"[443384]","[-0.621836]","[-1.84483]","[532035]","[0.983826]","[0]","[0]","[-0.870958]",0,"[]","[]","[]","[]","[]","[]","[]","[]","[]","[]",1,"[460167]","[-0.634849]","[-1.8436]","[556055]","[-0.00676582]","[0]","[0]","[-1]",0,"[]","[]","[]","[]","[]","[]","[]","[]","[]","[]",0,"[368.487]",3633.19,"[6104.75]","[]","[10720.1]","[]"
334,284500,6939973,361102,11446.1,11500.5,3.38179e+11,0.596562,1,0.998782,1,1,0.999444,0.978669,1,0,1,0,1,"[0]","[1]","[72005]","[2.22984]","[1.82587]","[338636]","[0.19603]","[1]","[13]","[1]","[1167.33]","[-305.992]","[0.00352845]","[0.490788]",189309,1.61752,1,"[264822]","[-0.0975333]","[-1.47593]","[266440]","[1]","[0]","[0]","[-0.751012]",0,"[]","[]","[]","[]","[]","[]","[]","[]","[]","[]",1,"[283379]","[-0.114564]","[-1.47703]","[285521]","[12640.1]","[0]","[2.47389]","[0.546626]",0,"[]","[]","[]","[]","[]","[]","[]","[]","[]","[]",0,"[2399.54]",187.094,"[2893.24]","[]","[16197.3]","[]"
335,284500,4127082,361102,11458.2,11500.5,3.38179e+11,0.402058,1,0.988823,1,1,0.999404,0.971463,1,0,1,0,1,"[0]","[1]","[52541.7]","[-1.7702]","[-2.32111]","[158737]","[0.0622292]","[1]","[13]","[1]","[4075.82]","[-36.9685]","[0.0324981]","[3.66551]",222801,-1.83856,1,"[272090]","[-1.12397]","[1.16926]","[463299]","[0.989401]","[0]","[0]","[-0.843718]",0,"[]","[]","[]","[]","[]","[]","[]","[]","[]","[]",1,"[274891]","[-1.13877]","[1.17258]","[473831]","[23530.9]","[0]","[2.29715]","[0.763853]",0,"[]","[]","[]","[]","[]","[]","[]","[]","[]","[]",0,"[96.4149]",3404.47,"[4858.42]","[]","[14410.1]","[]"
336,284500,6937914,361102,11460.6,11500.5,3.38179e+11,0.402058,0.97738,1,1,1,0.998535,1.00056,1,1,0,0,1,"[0]","[1]","[70926]","[0.169006]","[2.87668]","[71941.3]","[-0.0310059]","[1]","[11]","[1]","[0]","[613.921]","[-0.00887629]","[1.0612]",204555,2.9582,2,"[297526,46381.7]","[1.50685,-1.34588]","[-0.316021,1.6516]","[704499,95327.4]","[1,0.99586]","[0,0]","[0,0]","[-0.932419,-0.338695]",0,"[]","[]","[]","[]","[]","[]","[]","[]","[]","[]",1,"[311585]","[1.49627]","[-0.315018]","[730716]","[17526.4]","[0]","[1.72068]","[0.583527]",0,"[]","[]","[]","[]","[]","[]","[]","[]","[]","[]",0,"[471.312]",6183.61,"[8752.36,5956.36]","[]","[11585.1]","[]"
337,284500,6716002,361102,11466.6,11500.5,3.38179e+11,1.08735,1,0.997359,1,1,0.99947,1.01223,1,0,1,0,1,"[0]","[1]","[82448.7]","[-1.16739]","[-1.11073]","[145306]","[-0.303898]","[1]","[13]","[1]","[0]","[-669.067]","[0.0332209]","[4.4276]",115591,-1.42341,2,"[267434,78015.3]","[-0.487213,2.08451]","[2.06158,-0.661778]","[300232,318571]","[0.987025,0.993948]","[0,0]","[0,0]","[-0.952472,-0.895281]",0,"[]","[]","[]","[]","[]","[]","[]","[]","[]","[]",1,"[275033]","[-0.492882]","[2.05771]","[309313]","[10876.5]","[0]","[0.691525]","[0.219477]",0,"[]","[]","[]","[]","[]","[]","[]","[]","[]","[]",0,"[2667.8]",1591.8,"[3288.12,2803.14]","[]","[6989.75]","[]"
338,284500,6936517,361102,11463,11500.5,3.38179e+11,0.738662,0.97663,1,1,1,0.997459,1.00121,1,1,0,0,1,"[0]","[1]","[83891.8]","[-1.95602]","[0.331388]","[302535]","[-0.512167]","[1]","[11]","[1]","[0]","[-710.046]","[0.0255562]","[0.631777]",339154,0.524425,3,"[360567,44713.5,28681.3]","[-1.45421,0.407036,-1.41303]","[-2.77043,-1.94731,-2.2782]","[814770,48876.2,62560.1]","[0.990004,1,0.982511]","[0,0,0]","[0,0,0]","[-0.888563,-0.891803,-0.557651]",0,"[]","[]","[]","[]","[]","[]","[]","[]","[]","[]",1,"[374792]","[-1.45335]","[-2.77871]","[845677]","[22255.7]","[0]","[2.29784]","[0.740624]",0,"[]","[]","[]","[]","[]","[]","[]","[]","[]","[]",0,"[1856.82]",11.6562,"[5641.61,4780.47,6948.6]","[]","[25188.6]","[]"
339,284500,6733861,361102,-11457.3,11500.5,3.38179e+11,0.596562,1,0.995111,1,1,0.984128,0.986771,1,0,1,0,1,"[0]","[1]","[129363]","[-0.506681]","[-0.070114]","[146326]","[-0.181969]","[1]","[13]","[1]","[0]","[-424.371]","[-0.13772]","[21.2715]",300754,-0.0519295,3,"[353445,154068,28885.4]","[0.406564,0.156771,-1.11434]","[-2.75005,2.1813,2.12362]","[385323,157396,49009.3]","[1,0.996969,0.972102]","[4,0,0]","[0,0,0]","[0.809252,-0.96503,-0.803725]",0,"[]","[]","[]","[]","[]","[]","[]","[]","[]","[]",1,"[351879]","[0.420402]","[-2.74563]","[385557]","[40398.2]","[0]","[1.40107]","[0.577924]",0,"[]","[]","[]","[]","[]","[]","[]","[]","[]","[]",0,"[13919]",1980.66,"[8083.39,4519.79,4058.82]","[]","[30802.9]","[]"
340,284500,8237268,361102,11445.2,11500.5,3.38179e+11,1.74563,0.97828,1,1,1,0.988096,1.0005,1,1,0,0,1,"[0]","[1]","[192840]","[2.16934]","[-0.882178]","[854930]","[0.159897]","[1]","[11]","[1]","[0]","[180.829]","[0.0251282]","[2.62371]",90772.4,-1.06498,1,"[280550]","[0.628123]","[2.19316]","[337886]","[0.988145]","[4]","[0]","[0.488766]",0,"[]","[]","[]","[]","[]","[]","[]","[]","[]","[]",1,"[298363]","[0.608222]","[2.19402]","[355396]","[9349.09]","[0]","[3.31675]","[0.495234]",0,"[]","[]","[]","[]","[]","[]","[]","[]","[]","[]",0,"[3513.75]",13508,"[13844.2]","[]","[18118.8]","[]"
341,284500,8679544,361102,11455.2,11500.5,3.38179e+11,1.25133,0.93241,1,1,1,0.999386,0.94166,1,1,0,0,1,"[0]","[1]","[30264.5]","[1.2299]","[-0.378304]","[56189.2]","[-0.000968218]","[1]","[11]","[1]","[0]","[-1196.63]","[0.0539534]","[5.1748]",281278,-0.254396,1,"[300093]","[-0.647445]","[2.86585]","[365904]","[0.995207]","[0]","[0]","[-0.946644]",0,"[]","[]","[]","[]","[]","[]","[]","[]","[]","[]",1,"[297104]","[-0.650156]","[2.86072]","[362319]","[11370.6]","[0]","[1.91071]","[0.036835]",0,"[]","[]","[]","[]","[]","[]","[]","[]","[]","[]",0,"[169.318]",506,"[3995.23]","[]","[6559.69]","[]"
342,284500,9172425,361102,11461.8,11500.5,3.38179e+11,0.596562,0.98089,1,1,1,0.998781,0.99866,1,1,0,0,1,"[0]","[1]","[156055]","[-0.824094]","[0.203684]","[212113]","[-0.0543461]","[1]","[11]","[1]","[0]","[2560.6]","[-0.038586]","[3.49155]",151177,0.193717,2,"[276390,26377.3]","[-1.23085,-0.229488]","[-3.01424,-2.78946]","[513833,27357.8]","[0.99167,0.948886]","[0,0]","[0,0]","[-0.615422,-0.824486]",0,"[]","[]","[]","[]","[]","[]","[]","[]","[]","[]",1,"[277842]","[-1.2352]","[-3.02116]","[518287]","[11831.5]","[0]","[2.63293]","[0.3387]",0,"[]","[]","[]","[]","[]","[]","[]","[]","[]","[]",0,"[2291.42]",29829.3,"[4128.2,2934.4]","[]","[440.781]","[]"
343,284500,9148820,361102,11448.1,11500.5,3.38179e+11,1.74563,0.98458,1,1,1,0.980001,1.00582,1,1,0,0,1,"[0]","[1]","[104920]","[-0.558158]","[-1.16278]","[121692]","[-0.0231953]","[1]","[11]","[1]","[0]","[1792.19]","[-0.0682168]","[8.61418]",614668,-1.20662,3,"[707199,103221,25017.1]","[-0.58225,1.43712,-0.609274]","[1.80072,3.13482,0.164282]","[831520,229954,30060.1]","[1,1,0.920829]","[0,4,0]","[0,0,0]","[-0.9173,0.175366,-0.708231]",0,"[]","[]","[]","[]","[]","[]","[]","[]","[]","[]",1,"[682524]","[-0.571694]","[1.79928]","[797353]","[18792.1]","[0]","[0]","[-1]",0,"[]","[]","[]","[]","[]","[]","[]","[]","[]","[]",0,"[816.562]",6763.31,"[11577.8,1532.5,4991.99]","[]","[568.812]","[]"
344,284500,9165457,361102,11463.5,11500.5,3.38179e+11,0.934886,1,0.997938,1,1,0.989685,0.959529,1,0,1,0,1,"[0]","[1]","[70001.3]","[-1.32111]","[-2.84152]","[140508]","[-0.258011]","[1]","[13]","[1]","[0]","[-443.589]","[-0.149877]","[21.6574]",259063,-2.74037,2,"[323140,41878.4]","[-1.71105,0.725399]","[0.237329,1.7478]","[923904,54180.4]","[0.994713,0.98792]","[4,0]","[0,0]","[-0.53982,-0.957457]",0,"[]","[]","[]","[]","[]","[]","[]","[]","[]","[]",1,"[312095]","[-1.72612]","[0.232981]","[904986]","[27384.5]","[0]","[2.59942]","[0.596916]",0,"[]","[]","[]","[]","[]","[]","[]","[]","[]","[]",0,"[1198.95]",8577.67,"[8970.84,3611.47]","[]","[6728.53]","[]"
345,284500,5797203,361102,11457.2,11500.5,3.38179e+11,0,0.97994,1,1,1,0.99914,1.00632,1,1,0,0,1,"[0]","[1]","[157146]","[0.480458]","[-1.99723]","[175636]","[-0.0526714]","[1]","[11]","[1]","[0]","[-215.863]","[0.000520047]","[0.0287363]",318633,-2.08513,1,"[312978]","[-1.25871]","[1.38658]","[595688]","[0.9957]","[0]","[0]","[-0.88706]",0,"[]","[]","[]","[]","[]","[]","[]","[]","[]","[]",1,"[347873]","[-1.25324]","[1.39162]","[658946]","[16397.2]","[0]","[3.24653]","[0.341042]",0,"[]","[]","[]","[]","[]","[]","[]","[]","[]","[]",0,"[884.768]",12351.6,"[4610.56]","[]","[8786.84]","[]"
346,284500,8783238,361102,11449.1,11500.5,3.38179e+11,0.596562,1,0.999111,1,1,0.997992,0.995813,1,0,1,0,1,"[0]","[1]","[107408]","[-1.26789]","[2.28453]","[205943]","[-0.0416412]","[1]","[13]","[1]","[0]","[629.344]","[-0.0149874]","[2.71836]",290427,2.01279,5,"[340084,184331,99076,95003.9,84082.4]","[-0.798055,-2.20861,1.03845,0.69057,-0.913357]","[-0.769645,2.27073,-0.679768,-1.47527,-1.78031]","[454479,849310,157860,119163,122030]","[0.994354,0.987968,0.995745,0.997689,1]","[0,0,0,0,0]","[0,0,0,0,0]","[-0.772765,-0.865293,-0.844452,-0.80073,-0.950365]",0,"[]","[]","[]","[]","[]","[]","[]","[]","[]","[]",1,"[360205]","[-0.854666]","[-0.945391]","[530218]","[176535]","[0]","[0.518361]","[0.687924]",0,"[]","[]","[]","[]","[]","[]","[]","[]","[]","[]",0,"[1179.33]",2994.62,"[4942.45,7544.9,8397.25,2554.17,10059.3]","[]","[26652.2]","[]"
347,284500,8784624,361102,11451.9,11500.5,3.38179e+11,0.402058,0.97867,1,1,1,0.955777,1.01012,1,1,0,0,1,"[0]","[1]","[135346]","[1.83934]","[-2.96205]","[436578]","[0.049057]","[1]","[11]","[1]","[0]","[190.943]","[-0.00048426]","[0.0499776]",192223,3.10292,4,"[203149,85861,64981.1,32919.7]","[0.466137,0.794947,0.268274,-0.947837]","[0.22456,-0.19473,0.792389,-1.66417]","[227228,114742,67898.3,49295.2]","[1,0.975403,0.988632,0.890819]","[0,0,0,5]","[0,0,0,0]","[-0.574474,-0.57921,-0.75057,-0.370726]",0,"[]","[]","[]","[]","[]","[]","[]","[]","[]","[]",1,"[302453]","[0.521778]","[0.189649]","[364978]","[120345]","[0]","[1.44183]","[0.441413]",0,"[]","[]","[]","[]","[]","[]","[]","[]","[]","[]",0,"[975.785]",4280.03,"[2583.28,2376.26,2379.39,3127.46]","[]","[24058.2]","[]"
348,284500,8788097,361102,11451.2,11500.5,3.38179e+11,1.24168,1,0.994288,1,1,0.998144,1.01429,1,0,1,0,1,"[0]","[1]","[33532.8]","[1.48645]","[-1.31474]","[77922.6]","[-0.0106964]","[1]","[13]","[1]","[0]","[-304.655]","[0.0606096]","[7.02673]",260227,-0.537421,2,"[80833.6,24367.1]","[-0.204184,-1.85327]","[-0.16764,2.04288]","[83090.3,79749.2]","[0.992955,0.986477]","[0,0]","[0,0]","[-0.881512,-0.309477]",0,"[]","[]","[]","[]","[]","[]","[]","[]","[]","[]",1,"[338230]","[1.07127]","[2.68053]","[551707]","[11116.3]","[0]","[3.95975]","[0.271742]",0,"[]","[]","[]","[]","[]","[]","[]","[]","[]","[]",0,"[31.1446]",10624,"[3643.58,3334.94]","[]","[6852.41]","[]"
349,284500,8781607,361102,11466,11500.5,3.38179e+11,1.08735,1,0.995009,1,1,0.99944,0.820392,1,0,1,0,1,"[0]","[1]","[65992.6]","[0.226544]","[-1.62348]","[67693.4]","[0.120867]","[1]","[13]","[1]","[0]","[-36.3021]","[-0.053383]","[8.80587]",175088,-1.39009,1,"[269305]","[0.813929]","[1.85343]","[364250]","[1]","[0]","[0]","[-0.918245]",0,"[]","[]","[]","[]","[]","[]","[]","[]","[]","[]",1,"[267538]","[0.826363]","[1.85834]","[364501]","[14719.5]","[0]","[1.77703]","[0.563137]",0,"[]","[]","[]","[]","[]","[]","[]","[]","[]","[]",0,"[772.389]",5791.75,"[8220.27]","[]","[7382.75]","[]"
350,284500,8789210,361102,11462.9,11500.5,3.38179e+11,0.596562,1,0.993355,1,1,0.999395,0.9887,1,0,1,0,1,"[0]","[1]","[30839.7]","[-1.80857]","[-0.745387]","[96614.8]","[0.0266914]","[1]","[13]","[1]","[0]","[-146.894]","[-0.102834]","[7.64597]",263865,-0.302497,1,"[300718]","[0.57466]","[2.6313]","[352245]","[0.998259]","[0]","[0]","[-0.916886]",0,"[]","[]","[]","[]","[]","[]","[]","[]","[]","[]",1,"[293437]","[0.547123]","[2.6343]","[338554]","[7860.72]","[0]","[1.95436]","[0.310007]",0,"[]","[]","[]","[]","[]","[]","[]","[]","[]","[]",0,"[244.945]",7381.86,"[8273.91]","[]","[9846.44]","[]"
351,284500,8791557,361102,11459.6,11500.5,3.38179e+11,1.08735,1,0.995437,1,1,0.999028,0.988683,1,0,1,0,1,"[0]","[1]","[35185.4]","[-0.551865]","[-0.275676]","[40680.9]","[0.0369053]","[1]","[13]","[1]","[0]","[409.499]","[-0.0119731]","[1.76525]",328911,-0.204293,3,"[296831,39437.2,33663.8]","[0.0521053,-1.16726,-0.5683]","[2.86601,-2.79832,3.01788]","[299156,69747.4,39836]","[0.98,0.99469,0.990919]","[0,0,0]","[0,0,0]","[-0.908261,-0.823301,-0.88637]",0,"[]","[]","[]","[]","[]","[]","[]","[]","[]","[]",1,"[299328]","[0.0607262]","[2.86804]","[302564]","[40211]","[0]","[1.67375]","[0.611257]",0,"[]","[]","[]","[]","[]","[]","[]","[]","[]","[]",0,"[119.026]",12788.9,"[5359.24,4691.42,5240.87]","[]","[17075.2]","[]"
352,284500,8722422,361102,11464.3,11500.5,3.38179e+11,0.402058,1,0.999614,1,1,0.998674,1.01245,1,0,1,0,1,"[0]","[1]","[132511]","[1.48495]","[1.60566]","[307508]","[0.0242577]","[1]","[13]","[1]","[0]","[-400.474]","[0.0266131]","[3.38406]",236382,1.6034,2,"[400314,93142.4]","[0.781009,-0.0633966]","[-1.27679,2.95364]","[532089,93457.2]","[0.99,0.983932]","[0,0]","[0,0]","[-0.918991,-0.916267]",0,"[]","[]","[]","[]","[]","[]","[]","[]","[]","[]",1,"[390879]","[0.799603]","[-1.27512]","[526789]","[66007.1]","[0]","[1.35696]","[0.617707]",0,"[]","[]","[]","[]","[]","[]","[]","[]","[]","[]",0,"[1503.8]",13546.2,"[16175.1,7086.85]","[]","[30117]","[]"
353,284500,9803244,361102,11461.4,11500.5,3.38179e+11,1.24168,0.97921,1,1,1,0.998502,1.00192,1,1,0,0,1,"[0]","[1]","[76987.9]","[-0.429257]","[0.83386]","[84190.4]","[0.121399]","[1]","[11]","[1]","[0]","[-613.693]","[0.205794]","[22.8954]",63156.4,0.396111,3,"[269310,139368,94587.4]","[-1.77489,1.38426,-0.545112]","[-1.792,1.2326,2.49614]","[817462,295829,109502]","[0.9905,0.996998,0.973673]","[0,0,0]","[0,0,0]","[-0.809582,-0.902397,-0.927585]",0,"[]","[]","[]","[]","[]","[]","[]","[]","[]","[]",1,"[291712]","[-1.78268]","[-1.79124]","[891886]","[14898.6]","[0]","[2.55237]","[0.472054]",0,"[]","[]","[]","[]","[]","[]","[]","[]","[]","[]",0,"[236.192]",11627.9,"[6773.25,9709.08,5093.34]","[]","[11608.8]","[]"
354,284500,8255178,361102,11474.1,11500.5,3.38179e+11,0.934886,1,0.996255,1,1,0.997581,0.971843,1,0,1,0,1,"[0]","[1]","[34232.5]","[-0.831162]","[1.06656]","[46753.7]","[-0.0247803]","[1]","[13]","[1]","[0]","[460.013]","[0.197578]","[18.9111]",259785,1.31865,2,"[289394,20988.4]","[-0.689627,1.92369]","[-1.77841,2.90046]","[361520,73489.9]","[0.991929,0.969854]","[0,0]","[0,0]","[-0.918816,-0.927824]",0,"[]","[]","[]","[]","[]","[]","[]","[]","[]","[]",1,"[272303]","[-0.664787]","[-1.77711]","[335022]","[14156.7]","[0]","[1.01838]","[0.143681]",0,"[]","[]","[]","[]","[]","[]","[]","[]","[]","[]",0,"[31.2327]",715.5,"[3133.25,1205.34]","[]","[8233.88]","[]"
355,284500,8488039,361102,11454.6,11500.5,3.38179e+11,1.74563,0.97076,1,1,1,0.945334,0.95972,1,1,0,0,1,"[0]","[1]","[52217.4]","[-0.999301]","[-2.49851]","[80532.8]","[0.0239725]","[1]","[11]","[1]","[0]","[-635.927]","[-0.00383188]","[0.451207]",326124,-3.07096,3,"[399902,127945,20088.3]","[-1.33536,2.32606,1.807]","[0.471829,-1.31553,3.03774]","[813483,661215,62944.5]","[1,1,0.999647]","[4,4,4]","[0,0,0]","[-0.851807,0.974439,0.855246]",0,"[]","[]","[]","[]","[]","[]","[]","[]","[]","[]",1,"[412755]","[-1.33728]","[0.463755]","[840524]","[23007.7]","[0]","[1.77323]","[0.775756]",0,"[]","[]","[]","[]","[]","[]","[]","[]","[]","[]",0,"[122.306]",4445.5,"[5656.06,3044.01,3002.79]","[]","[7781.09]","[]"
356,284500,8157359,361102,11453.1,11500.5,3.38179e+11,0.934886,1,0.997036,1,1,0.985969,1.00043,1,0,1,0,1,"[0]","[1]","[57038.4]","[1.20392]","[1.86767]","[103616]","[-0.00328827]","[1]","[13]","[0]","[0]","[-358.452]","[0.00931359]","[1.41059]",114714,2.34721,3,"[249584,46116.2,41515.2]","[1.19675,1.06619,0.0358773]","[-1.22539,1.11085,2.28452]","[450883,75311.9,41960.3]","[0.999666,0.980995,0.961031]","[0,4,4]","[0,0,0]","[-0.906087,-0.21171,-0.87312]",0,"[]","[]","[]","[]","[]","[]","[]","[]","[]","[]",1,"[253345]","[1.21577]","[-1.21822]","[464923]","[10279.1]","[0]","[3.49324]","[0.265992]",0,"[]","[]","[]","[]","[]","[]","[]","[]","[]","[]",0,"[677.99]",9031.98,"[7264.1,3443.11,1362.92]","[]","[1932.36]","[]"
357,284500,8442232,361102,11460.2,11500.5,3.38179e+11,1.74563,1,0.999041,1,1,0.998747,0.995967,1,0,1,0,1,"[0]","[1]","[177401]","[-1.32102]","[-1.15695]","[356055]","[0.228367]","[1]","[13]","[0]","[0]","[621.01]","[0.0477186]","[7.44163]",150461,-0.972152,4,"[206519,65303.6,63131.2,27798.5]","[-1.48018,-2.15502,-0.461615,-1.06659]","[1.97235,1.70219,2.7244,2.53589]","[478187,285655,70844.1,45619.1]","[0.987758,0.995918,0.99,0.9538]","[0,0,0,0]","[0,0,0,0]","[-0.340481,-0.925156,-0.875703,-0.39393]",0,"[]","[]","[]","[]","[]","[]","[]","[]","[]","[]",1,"[263736]","[-1.6952]","[1.90701]","[748431]","[93338.7]","[0]","[1.31948]","[0.729416]",0,"[]","[]","[]","[]","[]","[]","[]","[]","[]","[]",0,"[5517.46]",34979,"[4633.73,4276.39,5400.77,5556.49]","[]","[3502.03]","[]"
358,284500,8663676,361102,11456.3,11500.5,3.38179e+11,0.934886,1,1.00373,1,1,1.1754,0.915984,1,0,1,0,1,"[0]","[1]","[89295]","[-1.41311]","[1.98192]","[194310]","[-0.279493]","[1]","[13]","[1]","[0]","[-382.472]","[-0.315269]","[43.0665]",180949,2.10308,1,"[271609]","[-1.97879]","[-1.02544]","[1.00145e+06]","[0.98408]","[0]","[0]","[0.877453]",0,"[]","[]","[]","[]","[]","[]","[]","[]","[]","[]",1,"[270770]","[-1.99104]","[-1.03485]","[1.01005e+06]","[15784.2]","[0]","[2.71528]","[0.746307]",0,"[]","[]","[]","[]","[]","[]","[]","[]","[]","[]",0,"[2572.46]",5475.88,"[7038.4]","[]","[19336.8]","[]"
359,284500,8866981,361102,11469.1,11500.5,3.38179e+11,0.506784,0.96679,1,1,1,0.998546,0.97908,1,1,0,0,1,"[0]","[1]","[41844.9]","[-0.956016]","[1.76627]","[62468.8]","[-0.0266299]","[1]","[11]","[1]","[0]","[569.641]","[-0.00920478]","[0.51341]",164144,1.62195,2,"[291122,149230]","[-1.94072,-1.69708]","[-0.647846,-3.08325]","[1.03479e+06,421257]","[0.994631,0.984251]","[0,0]","[0,0]","[-0.872108,-0.465434]",0,"[]","[]","[]","[]","[]","[]","[]","[]","[]","[]",1,"[300358]","[-1.94167]","[-0.648456]","[1.06857e+06]","[21780.1]","[0]","[2.60669]","[0.698358]",0,"[]","[]","[]","[]","[]","[]","[]","[]","[]","[]",0,"[92.9254]",10368.2,"[16680.2,3155.07]","[]","[15577.4]","[]"
360,284500,4123217,361102,11459.4,11500.5,3.38179e+11,1.08735,0.97429,1,1,1,0.999153,0.98653,1,1,0,0,1,"[0]","[1]","[58342.1]","[0.0948128]","[2.57103]","[58604.6]","[0.0222492]","[1]","[11]","[1]","[0]","[429.103]","[-0.034971]","[4.56629]",234702,2.03343,1,"[280976]","[-1.35612]","[-1.00548]","[582150]","[1]","[0]","[0]","[-0.924317]",0,"[]","[]","[]","[]","[]","[]","[]","[]","[]","[]",1,"[273173]","[-1.355]","[-0.999189]","[565859]","[35501.9]","[0]","[2.23612]","[0.707889]",0,"[]","[]","[]","[]","[]","[]","[]","[]","[]","[]",0,"[169.76]",5084.86,"[6342.98]","[]","[14980]","[]"
361,284500,9557469,361102,11438.5,11500.5,3.38179e+11,0.00292683,1,0.972428,1,1,0.98645,0.928101,1,0,1,0,1,"[0]","[1]","[133470]","[-0.633877]","[-1.10358]","[161194]","[-0.0289764]","[1]","[13]","[1]","[0]","[-1138.18]","[0.0523063]","[8.74467]",331823,-1.23049,6,"[314222,98314.8,50684.7,47421.1,25430.1,22200.3]","[1.31623,1.50735,1.69797,0.328955,-1.66785,-0.860087]","[2.20226,1.31231,1.77529,1.99804,0.145387,-1.79512]","[628572,233169,143228,50512.4,70061.1,31288.5]","[0.997436,0.990285,0.998087,0.99461,0.929738,0.734361]","[4,0,0,0,0,0]","[0,0,0,0,0,0]","[-0.869687,-0.835894,-0.950638,-0.807679,-0.369012,-0.83354]",0,"[]","[]","[]","[]","[]","[]","[]","[]","[]","[]",1,"[426722]","[1.44421]","[2.00001]","[969890]","[171155]","[0]","[1.07475]","[0.539911]",0,"[]","[]","[]","[]","[]","[]","[]","[]","[]","[]",0,"[10498.7]",22696.5,"[3620.53,6377.42,2951.5,1955.7,1792.2,1662.26]","[]","[9447.09]","[]"
362,284500,9915074,361102,11454.6,11500.5,3.38179e+11,0.402058,1,0.995469,1,1,0.998136,0.807687,1,0,1,0,1,"[0]","[1]","[57442.3]","[0.544349]","[0.840898]","[66165.2]","[0.109709]","[1]","[13]","[1]","[0]","[-291.563]","[-0.0247269]","[2.93705]",305172,0.96264,2,"[319655,38110.7]","[1.61379,1.33975]","[-2.26196,-1.77061]","[835342,77976]","[0.985511,1]","[0,0]","[0,0]","[-0.758894,-0.668067]",0,"[]","[]","[]","[]","[]","[]","[]","[]","[]","[]",1,"[304880]","[1.61736]","[-2.22368]","[801044]","[63640.4]","[0]","[2.01913]","[0.634194]",0,"[]","[]","[]","[]","[]","[]","[]","[]","[]","[]",0,"[375.76]",3419.62,"[6032.87,2281.62]","[]","[19803.6]","[]"
363,284500,8467999,361102,11461.3,11500.5,3.38179e+11,0,0.97446,1,1,1,0.999313,1,1,1,0,0,1,"[0]","[1]","[51945]","[-0.52277]","[2.7326]","[59206.1]","[0.0548172]","[1]","[11]","[0]","[0]","[601.247]","[-0.0803343]","[9.93953]",243371,2.22857,1,"[328829]","[0.573744]","[-1.05292]","[385062]","[0.971316]","[0]","[0]","[-0.706836]",0,"[]","[]","[]","[]","[]","[]","[]","[]","[]","[]",1,"[324702]","[0.538868]","[-1.05153]","[373316]","[15417.6]","[0]","[4.02716]","[0.168415]",0,"[]","[]","[]","[]","[]","[]","[]","[]","[]","[]",0,"[387.235]",27159.5,"[6847.85]","[]","[10870.6]","[]"
364,284500,9265106,361102,11463.2,11500.5,3.38179e+11,0.934886,1,0.993911,1,1,0.997904,0.863825,1,0,1,0,1,"[0]","[1]","[35995.5]","[0.12627]","[2.11962]","[36283]","[0.0887775]","[1]","[13]","[1]","[0]","[177.062]","[-0.0466051]","[5.83518]",260044,2.28992,2,"[274239,21997]","[0.351083,-2.46566]","[-0.915625,-0.154621]","[291921,130455]","[0.99736,0.991065]","[0,0]","[0,0]","[-0.949728,-0.0646409]",0,"[]","[]","[]","[]","[]","[]","[]","[]","[]","[]",1,"[273288]","[0.345907]","[-0.912585]","[290433]","[19140.1]","[0]","[1.73048]","[0.337875]",0,"[]","[]","[]","[]","[]","[]","[]","[]","[]","[]",0,"[98.0917]",2089.58,"[3440.67,1952.16]","[]","[8352.84]","[]"
365,284500,9468530,361102,11454.1,11500.5,3.38179e+11,0.934886,1,0.99641,1,1,0.999132,0.914549,1,0,1,0,1,"[0]","[1]","[96941.6]","[1.05493]","[-1.03581]","[156076]","[0.0530281]","[1]","[13]","[1]","[0]","[-285.064]","[0.00191417]","[0.294524]",274753,-1.29532,1,"[361874]","[0.545339]","[1.90533]","[417168]","[0.99]","[0]","[0]","[-0.329724]",0,"[]","[]","[]","[]","[]","[]","[]","[]","[]","[]",1,"[374013]","[0.527025]","[1.90701]","[427334]","[11887.8]","[0]","[0]","[-1]",0,"[]","[]","[]","[]","[]","[]","[]","[]","[]","[]",0,"[1951.24]",12778.9,"[13339]","[]","[18366.3]","[]"
366,284500,9280009,361102,11465.8,11500.5,3.38179e+11,1.74563,1,0.985198,1,1,0.983833,0.996049,1,0,1,0,1,"[0]","[1]","[39191.7]","[-1.97012]","[0.768669]","[143264]","[3.07931]","[1]","[13]","[1]","[0]","[-143.218]","[-0.279204]","[13.2395]",471272,0.637495,2,"[398732,183202]","[-0.394228,-1.21903]","[-2.53084,-2.54788]","[430775,337379]","[0.990039,0.989067]","[4,0]","[0,0]","[-0.584964,-0.827883]",0,"[]","[]","[]","[]","[]","[]","[]","[]","[]","[]",1,"[556190]","[-0.712455]","[-2.53394]","[741650]","[235040]","[0]","[0.508899]","[0.662562]",0,"[]","[]","[]","[]","[]","[]","[]","[]","[]","[]",0,"[245.818]",4679.66,"[11341.9,2721.84]","[]","[15862.1]","[]"
367,284500,9702098,361102,11457.5,11500.5,3.38179e+11,1.26205,0.94272,1,1,1,0.988862,0.94155,1,1,0,0,1,"[0]","[1]","[39495.9]","[1.24069]","[2.92869]","[73999.2]","[0.189556]","[1]","[11]","[1]","[0]","[-578.625]","[0.108147]","[9.35874]",348208,2.90863,1,"[356039]","[-1.43735]","[-0.109576]","[791980]","[0.983742]","[4]","[0]","[0.574993]",0,"[]","[]","[]","[]","[]","[]","[]","[]","[]","[]",1,"[345194]","[-1.44843]","[-0.104614]","[775445]","[19677.7]","[0]","[1.92265]","[0.68409]",0,"[]","[]","[]","[]","[]","[]","[]","[]","[]","[]",0,"[238.619]",6040.25,"[9395.24]","[]","[6549.38]","[]"
368,284500,9194175,361102,11451.9,11500.5,3.38179e+11,1.08735,0.98458,1,1,1,0.997835,1.00582,1,1,0,0,1,"[0]","[1]","[132398]","[-0.403798]","[1.62882]","[143340]","[-0.11702]","[1]","[11]","[1]","[0]","[-517.882]","[-0.0244278]","[0.90692]",475680,1.90528,1,"[611054]","[0.63558]","[-1.31514]","[739624]","[0.991145]","[0]","[0]","[-0.791282]",0,"[]","[]","[]","[]","[]","[]","[]","[]","[]","[]",1,"[593275]","[0.668124]","[-1.31616]","[731605]","[36564.5]","[0]","[1.82312]","[0.460005]",0,"[]","[]","[]","[]","[]","[]","[]","[]","[]","[]",0,"[791.708]",28985.1,"[14641]","[]","[12930.6]","[]"
369,284500,8098821,361102,11450.2,11500.5,3.38179e+11,0.738662,0.97994,1,1,1,0.999374,1.00632,1,1,0,0,1,"[0]","[1]","[203869]","[0.172071]","[-1.73538]","[206894]","[-0.0416679]","[1]","[11]","[1]","[0]","[1207.43]","[-0.0265194]","[2.28371]",32238.9,-1.21227,1,"[239488]","[-0.816875]","[1.29599]","[324450]","[0.943215]","[0]","[0]","[-0.894271]",0,"[]","[]","[]","[]","[]","[]","[]","[]","[]","[]",1,"[268774]","[-0.813351]","[1.30317]","[363287]","[20895.6]","[0]","[4.54371]","[0.528434]",0,"[]","[]","[]","[]","[]","[]","[]","[]","[]","[]",0,"[2152.39]",4450.6,"[7863.26]","[]","[6972.03]","[]"
370,284500,9296408,361102,11458,11500.5,3.38179e+11,0.596562,1,0.982923,1,1,0.999043,0.985011,1,0,1,0,1,"[0]","[1]","[80437.4]","[1.7643]","[1.9833]","[241666]","[0.115894]","[1]","[13]","[1]","[0]","[729.824]","[-0.0332687]","[4.21437]",214412,1.82628,2,"[288976,28375.9]","[0.305685,-0.962975]","[-1.4144,0.318287]","[305508,43018.7]","[0.997219,1]","[0,0]","[0,0]","[-0.208344,-0.897191]",0,"[]","[]","[]","[]","[]","[]","[]","[]","[]","[]",1,"[283909]","[0.323924]","[-1.40743]","[302489]","[46236.5]","[0]","[1.37915]","[0.762217]",0,"[]","[]","[]","[]","[]","[]","[]","[]","[]","[]",0,"[1137.52]",2915.02,"[4205.32,2068.85]","[]","[20755.3]","[]"
371,284500,18216116,361102,11462.9,11500.5,3.38179e+11,0.934886,0.97663,1,1,1,0.997513,1.00121,1,1,0,0,1,"[0]","[1]","[84996.7]","[-1.80855]","[-1.97906]","[266274]","[0.00148392]","[1]","[11]","[1]","[0]","[-361.5]","[0.0149904]","[0.662182]",327647,-1.90817,4,"[303653,54013.9,30894.7,27281.7]","[-1.08114,-0.686244,0.684058,-1.91786]","[1.19717,0.908895,1.95317,1.1748]","[499204,67717.2,38714.6,95070]","[1,0.981238,1,0.99]","[0,0,0,0]","[0,0,0,0]","[-0.72648,-0.632049,-0.761269,-0.781848]",0,"[]","[]","[]","[]","[]","[]","[]","[]","[]","[]",1,"[340236]","[-1.04697]","[1.16131]","[547380]","[57255.2]","[0]","[1.78594]","[0.805696]",0,"[]","[]","[]","[]","[]","[]","[]","[]","[]","[]",0,"[1130.76]",5031.69,"[11473.1,4083.02,1979.71,2646.62]","[]","[5902.22]","[]"
372,284500,7268665,361102,11458.7,11500.5,3.38179e+11,3.34815,0.94038,1,1,1,0.998938,0.99929,1,1,0,0,1,"[0]","[1]","[31669.5]","[-2.03405]","[2.60836]","[123128]","[0.0113449]","[1]","[11]","[1]","[0]","[-389.182]","[-0.0196733]","[1.03426]",181502,2.3194,3,"[294492,52991.8,44963.4]","[-0.204685,1.92598,-1.17113]","[-0.997946,1.55114,1.78923]","[301467,185713,79594.5]","[0.994384,0.99,0.977065]","[0,0,0]","[0,0,0]","[-0.787225,-0.946247,-0.763648]",0,"[]","[]","[]","[]","[]","[]","[]","[]","[]","[]",1,"[300272]","[-0.189525]","[-0.998249]","[307000]","[28435.9]","[0]","[2.89758]","[0.547679]",0,"[]","[]","[]","[]","[]","[]","[]","[]","[]","[]",0,"[267.518]",1543.5,"[3674.62,4326.54,4041.3]","[]","[5417.78]","[]"
373,284500,17147320,361102,11457.6,11500.5,3.38179e+11,0.934886,0.96853,1,1,1,0.999375,0.98869,1,1,0,0,1,"[0]","[1]","[65685.4]","[-1.82386]","[-1.20193]","[208786]","[-0.0696716]","[1]","[11]","[1]","[0]","[631.334]","[0.0457057]","[3.83035]",227936,-0.843964,1,"[286051]","[-1.11335]","[2.16896]","[483993]","[1]","[0]","[0]","[-0.77165]",0,"[]","[]","[]","[]","[]","[]","[]","[]","[]","[]",1,"[284621]","[-1.14039]","[2.18265]","[492057]","[37304]","[0]","[1.42734]","[0.6043]",0,"[]","[]","[]","[]","[]","[]","[]","[]","[]","[]",0,"[516.102]",15401.8,"[15942]","[]","[1062.75]","[]"
374,284500,17337763,361102,11467.8,11500.5,3.38179e+11,0,0.98458,1,1,1,0.998737,1.00582,1,1,0,0,1,"[0]","[1]","[94466.5]","[-0.14194]","[-1.15996]","[95419.7]","[-0.0552235]","[1]","[11]","[1]","[0]","[55.1207]","[-0.0711525]","[9.21043]",240815,-1.01226,2,"[359387,55559]","[0.91265,-1.60674]","[2.20807,-0.374826]","[520669,144383]","[0.996279,0.99646]","[0,0]","[0,0]","[-0.370171,-0.893281]",0,"[]","[]","[]","[]","[]","[]","[]","[]","[]","[]",1,"[330096]","[0.916184]","[2.20875]","[479030]","[20234.3]","[0]","[2.05331]","[0.599849]",0,"[]","[]","[]","[]","[]","[]","[]","[]","[]","[]",0,"[549.863]",30180.4,"[13186.6,2562.45]","[]","[9396.28]","[]"
375,284500,17135723,361102,11467.6,11500.5,3.38179e+11,0.596562,0.97388,1,1,1,0.999445,0.98854,1,1,0,0,1,"[0]","[1]","[43894.8]","[-0.270011]","[2.34487]","[45504.7]","[-0.00287533]","[1]","[11]","[1]","[0]","[132.739]","[0.00705247]","[0.712927]",262172,3.05925,1,"[284124]","[-0.147756]","[-0.0986449]","[288042]","[1]","[0]","[0]","[0.305566]",0,"[]","[]","[]","[]","[]","[]","[]","[]","[]","[]",1,"[301678]","[-0.155277]","[-0.102392]","[305655]","[14265.1]","[0]","[0.948996]","[0.379491]",0,"[]","[]","[]","[]","[]","[]","[]","[]","[]","[]",0,"[83.3802]",3237.06,"[4092.35]","[]","[7090.16]","[]"
376,284500,17558658,361102,11454.3,11500.5,3.38179e+11,0.596562,0.96323,1,1,1,0.997328,1.00493,1,1,0,0,1,"[0]","[1]","[234133]","[-1.19365]","[1.75667]","[421698]","[0.0146809]","[1]","[11]","[1]","[0]","[-144.624]","[0.0242813]","[3.56592]",595399,1.55564,4,"[624817,116516,62158.3,21620.7]","[-0.649875,-1.28728,-1.17634,-1.02066]","[-1.53872,-1.33184,-1.94752,-0.939112]","[761668,227471,110758,33967.5]","[1,1,0.999516,0.607482]","[0,0,0,0]","[0,0,0,0]","[-0.660532,-0.906178,-0.86214,-0.91867]",0,"[]","[]","[]","[]","[]","[]","[]","[]","[]","[]",2,"[767339,252278]","[-0.800868,-1.19407]","[-1.53265,1.74881]","[1.05183e+06,454546]","[227833,2543.02]","[0,1]","[1.67892,29.5037]","[0.412392,-1]",0,"[]","[]","[]","[]","[]","[]","[]","[]","[]","[]",0,"[4396.24]",33639.2,"[15415.3,3140.77,4150.96,1164.48]","[]","[47438.5,0]","[]"
377,284500,17368494,361102,11455.1,11500.5,3.38179e+11,1.08735,1,1.00129,1,1,0.99934,1.01008,1,0,1,0,1,"[0]","[1]","[39259.9]","[-1.27495]","[2.45655]","[75732.1]","[0.0663052]","[1]","[13]","[1]","[0]","[-482.424]","[-0.0693615]","[8.08709]",359153,2.99312,3,"[281572,66444.2,58659.3]","[-0.919386,-1.78746,-0.725753]","[-0.100485,-0.0666338,-0.72363]","[409701,204130,75414.6]","[0.999907,0.992285,0.99269]","[0,0,0]","[0,0,0]","[-0.91566,-0.340796,-0.755253]",0,"[]","[]","[]","[]","[]","[]","[]","[]","[]","[]",1,"[344384]","[-1.08756]","[-0.187936]","[589286]","[153537]","[0]","[1.76748]","[0.259319]",0,"[]","[]","[]","[]","[]","[]","[]","[]","[]","[]",0,"[143.853]",9963.19,"[4132.84,9601.33,3032.81]","[]","[14003.9]","[]"
378,284500,17462314,361102,11459.2,11500.5,3.38179e+11,1.55465,0.97446,1,1,1,0.999167,0.98483,1,1,0,0,1,"[0]","[1]","[56365.3]","[-0.512503]","[-0.889919]","[63931.2]","[-0.00515747]","[1]","[11]","[1]","[0]","[1067.14]","[0.0435558]","[6.21358]",195235,-1.17403,2,"[248399,35643.2]","[1.0708,-0.241829]","[1.88788,-2.87347]","[405680,37182]","[0.992077,0.993771]","[0,0]","[0,0]","[-0.944852,-0.912836]",0,"[]","[]","[]","[]","[]","[]","[]","[]","[]","[]",1,"[254126]","[1.04515]","[1.89024]","[406749]","[24264.3]","[0]","[2.12871]","[0.741069]",0,"[]","[]","[]","[]","[]","[]","[]","[]","[]","[]",0,"[372.747]",5582.31,"[6580.31,2529.3]","[]","[2395.38]","[]"
379,284500,17463519,361102,11471.6,11500.5,3.38179e+11,1.55465,1,0.999251,1,1,0.99875,0.930666,1,0,1,0,1,"[0]","[1]","[48738.4]","[0.743184]","[0.998654]","[62829.2]","[0.0572739]","[1]","[13]","[1]","[2944.44]","[-699.218]","[-0.0124153]","[1.81811]",331882,0.592641,4,"[246284,77797.3,40306.1,25276.4]","[-1.03925,-0.245117,0.816386,-1.02345]","[-2.60328,-2.23396,-2.76189,-1.87358]","[392124,80815,54730.7,40039]","[0.994161,0.995506,0.980805,0.968138]","[0,0,0,0]","[0,0,0,0]","[-0.573639,-0.933348,-0.835888,-0.842104]",0,"[]","[]","[]","[]","[]","[]","[]","[]","[]","[]",1,"[304902]","[-0.927442]","[-2.538]","[460545]","[115970]","[0]","[0.983609]","[0.733289]",0,"[]","[]","[]","[]","[]","[]","[]","[]","[]","[]",0,"[284.273]",7644.62,"[4014.4,4914.1,4333.04,2254.75]","[]","[15910.5]","[]"
380,284500,17576143,361102,11468.8,11500.5,3.38179e+11,0.553627,0.97826,1,1,1,0.998758,1.00493,1,1,0,0,1,"[0]","[1]","[130974]","[-1.29296]","[0.423736]","[256579]","[-0.0228043]","[1]","[11]","[1]","[0]","[1194.07]","[0.032762]","[4.8166]",239170,0.339735,1,"[409650]","[-0.76947]","[-2.64084]","[537644]","[0.993045]","[0]","[0]","[-0.898102]",0,"[]","[]","[]","[]","[]","[]","[]","[]","[]","[]",1,"[435714]","[-0.802012]","[-2.63638]","[587703]","[69999.3]","[0]","[3.45673]","[0.630209]",0,"[]","[]","[]","[]","[]","[]","[]","[]","[]","[]",0,"[1218.24]",4512.27,"[7430.28]","[]","[720.781]","[]"
381,284500,17587292,361102,11457.1,11500.5,3.38179e+11,0.402058,0.9823,1,1,1,0.999239,1.00632,1,1,0,0,1,"[0]","[1]","[101151]","[0.310133]","[1.62652]","[106054]","[-0.0644608]","[1]","[11]","[1]","[0]","[1856.57]","[-0.00919224]","[0.74691]",242069,1.39906,1,"[335811]","[-0.418519]","[-1.70268]","[367736]","[1]","[0]","[0]","[0.0410835]",0,"[]","[]","[]","[]","[]","[]","[]","[]","[]","[]",1,"[319022]","[-0.456204]","[-1.70181]","[353835]","[27046.6]","[0]","[1.83309]","[0.567153]",0,"[]","[]","[]","[]","[]","[]","[]","[]","[]","[]",0,"[806.87]",5644.47,"[6782.67]","[]","[20127.9]","[]"
382,284500,17566957,361102,11452.9,11500.5,3.38179e+11,0.00183436,0.97553,1,1,1,0.998185,1.01265,1,1,0,0,1,"[0]","[1]","[132118]","[1.56627]","[-1.36833]","[330134]","[0.0417099]","[1]","[11]","[1]","[1199.79]","[2151.01]","[-0.0132935]","[0.900785]",255496,-1.27866,2,"[377455,46532.4]","[0.461561,-2.30417]","[1.9314,0.499511]","[418698,235374]","[1,0.989132]","[0,0]","[0,0]","[-0.78329,-0.838742]",0,"[]","[]","[]","[]","[]","[]","[]","[]","[]","[]",1,"[370496]","[0.493059]","[1.93283]","[416551]","[9122.7]","[0]","[1.81396]","[0.0955394]",0,"[]","[]","[]","[]","[]","[]","[]","[]","[]","[]",0,"[2206.62]",5238.86,"[6572.09,2555.52]","[]","[16483.2]","[]"
383,284500,17600505,361102,11457.7,11500.5,3.38179e+11,0.934886,1,0.998476,1,1,0.977536,0.745543,1,0,1,0,1,"[0]","[1]","[57591.7]","[0.815711]","[0.973816]","[77838.4]","[-0.136559]","[1]","[13]","[1]","[0]","[-146.14]","[0.0598839]","[9.8899]",921024,0.862061,5,"[704671,222738,101302,83378.5,25143.9]","[0.880768,0.215155,-0.403391,-0.268713,1.24003]","[-2.20145,-2.83815,-2.15067,-0.166585,-0.876155]","[996806,228619,111349,87011.4,47368.2]","[0.991005,1,0.997976,0.973797,0.978073]","[0,0,4,0,0]","[0,0,0,0,0]","[-0.915431,-0.916,-0.948148,-0.818566,-0.797499]",0,"[]","[]","[]","[]","[]","[]","[]","[]","[]","[]",1,"[878129]","[0.799892]","[-2.34086]","[1.23495e+06]","[382084]","[0]","[0.681844]","[0.667124]",0,"[]","[]","[]","[]","[]","[]","[]","[]","[]","[]",0,"[156.559]",15995.8,"[22173.3,5212.65,2882.35,2094.37,1706.27]","[]","[25696.4]","[]"
384,284500,17911493,361102,11457.6,11500.5,3.38179e+11,1.74563,1,0.993737,1,1,0.998968,0.869646,1,0,1,0,1,"[0]","[1]","[187190]","[-0.413698]","[-2.96838]","[203438]","[-0.0125542]","[1]","[13]","[1]","[1605.78]","[-599.531]","[0.0385287]","[5.70713]",83580.1,-3.11314,2,"[289877,126561]","[-1.46879,-1.30954]","[-0.296152,1.58397]","[663702,251614]","[0.991298,0.999278]","[0,0]","[0,0]","[-0.881374,-0.807527]",0,"[]","[]","[]","[]","[]","[]","[]","[]","[]","[]",1,"[298604]","[-1.48176]","[-0.298296]","[691938]","[36843.7]","[0]","[2.29473]","[0.695896]",0,"[]","[]","[]","[]","[]","[]","[]","[]","[]","[]",0,"[8060.43]",3846.98,"[6340.71,9544.52]","[]","[22068.9]","[]"
385,284500,17900178,361102,11463.1,11500.5,3.38179e+11,0.506784,1,1.00036,1,1,0.999371,1.02371,1,0,1,0,1,"[0]","[1]","[65868.7]","[-1.40628]","[-0.131023]","[142467]","[-0.217247]","[1]","[13]","[1]","[0]","[170.644]","[0.0379683]","[3.74424]",197415,-0.210082,2,"[236846,46886.9]","[0.526743,0.33959]","[2.89398,-2.85064]","[271031,49919.7]","[0.995487,1]","[0,0]","[0,0]","[-0.976602,-0.965216]",0,"[]","[]","[]","[]","[]","[]","[]","[]","[]","[]",1,"[255456]","[0.522222]","[2.94956]","[295624]","[51586.6]","[0]","[1.52193]","[0.710527]",0,"[]","[]","[]","[]","[]","[]","[]","[]","[]","[]",0,"[238.701]",12240.1,"[9447.32,4185.8]","[]","[3634.27]","[]"
386,284500,17845364,361102,11459.1,11500.5,3.38179e+11,0.506784,0.96615,1,1,1,0.998812,0.98962,1,1,0,0,1,"[0]","[1]","[69902]","[1.20669]","[1.7568]","[127277]","[0.00993347]","[1]","[11]","[1]","[0]","[653.265]","[-0.0234643]","[1.85494]",240487,2.19952,4,"[170798,67205.3,53755.9,39464.5]","[0.508326,0.696376,1.58829,-1.01917]","[-1.29567,-0.879796,-0.879132,-0.0458474]","[195271,84502.4,137341,61976.7]","[1,0.999966,1,0.995179]","[0,0,0,0]","[0,0,0,0]","[-0.83886,-0.937727,-0.889151,-0.913947]",0,"[]","[]","[]","[]","[]","[]","[]","[]","[]","[]",1,"[251466]","[0.758702]","[-1.14695]","[348950]","[120781]","[0]","[1.47419]","[0.375735]",0,"[]","[]","[]","[]","[]","[]","[]","[]","[]","[]",0,"[352.552]",23408.1,"[2435.72,2062.67,12260.5,2140.77]","[]","[6615.56]","[]"
387,284500,17958574,361102,11462.3,11500.5,3.38179e+11,0.402058,1,0.994984,1,1,1.10615,0.998829,1,0,1,0,1,"[0]","[1]","[88486.9]","[2.16172]","[-0.0566912]","[389397]","[0.0234909]","[1]","[13]","[1]","[0]","[-232.721]","[-0.0320031]","[4.10394]",305564,0.0998658,3,"[321690,40714,26872.9]","[0.214331,0.437305,-0.774053]","[-3.03105,2.80864,2.98585]","[330311,45266.7,35992.7]","[1,0.990057,0.971713]","[4,0,0]","[0,0,0]","[0.967052,-0.92051,-0.925138]",0,"[]","[]","[]","[]","[]","[]","[]","[]","[]","[]",1,"[337491]","[0.263781]","[-3.057]","[353673]","[55440.1]","[0]","[2.31739]","[0.409739]",0,"[]","[]","[]","[]","[]","[]","[]","[]","[]","[]",0,"[5222.78]",18134.2,"[10131.6,2212.91,8125.5]","[]","[49629.3]","[]"
388,284500,18012129,361102,11454.8,11500.5,3.38179e+11,1.26205,0.9823,1,1,1,0.997806,1.00632,1,1,0,0,1,"[0]","[1]","[141418]","[0.297236]","[1.38566]","[147711]","[0.0384054]","[1]","[11]","[1]","[0]","[-784.532]","[0.012743]","[2.03113]",177349,1.43947,3,"[286058,41215.8,27543.7]","[-0.512056,0.0803844,-1.92404]","[-1.8777,-2.06541,0.276717]","[324881,41876.4,96464.2]","[0.996926,0.989305,0.963209]","[0,0,0]","[0,0,0]","[-0.505766,-0.917903,-0.745369]",0,"[]","[]","[]","[]","[]","[]","[]","[]","[]","[]",1,"[307921]","[-0.489807]","[-1.88972]","[348874]","[47665.4]","[0]","[3.1975]","[0.475993]",0,"[]","[]","[]","[]","[]","[]","[]","[]","[]","[]",0,"[1245.19]",8679.12,"[5599.51,2891.08,3944.95]","[]","[1374.44]","[]"
389,284500,18179372,361102,11460.2,11500.5,3.38179e+11,0.402058,0.97826,1,1,1,0.999381,1.00493,1,1,0,0,1,"[0]","[1]","[147768]","[-1.16577]","[0.508381]","[260078]","[-0.0757141]","[1]","[11]","[1]","[0]","[-1617.02]","[-0.0146043]","[1.3691]",120320,0.705938,1,"[267284]","[1.18963]","[-2.55142]","[480275]","[0.999575]","[0]","[0]","[-0.588413]",0,"[]","[]","[]","[]","[]","[]","[]","[]","[]","[]",1,"[277069]","[1.17056]","[-2.55804]","[489853]","[16356.1]","[0]","[1.84495]","[0.656466]",0,"[]","[]","[]","[]","[]","[]","[]","[]","[]","[]",0,"[1771.41]",8825.02,"[9541.3]","[]","[4387.28]","[]"
390,284500,18178698,361102,11455.4,11500.5,3.38179e+11,1.55465,1,0.998476,1,1,0.999446,0.820608,1,0,1,0,1,"[0]","[1]","[46413.5]","[0.979492]","[0.7523]","[70516.3]","[0.362593]","[1]","[13]","[1]","[0]","[383.822]","[-0.0579489]","[8.24843]",220327,0.676166,1,"[264428]","[0.170883]","[-2.49741]","[268949]","[0.991621]","[0]","[0]","[-0.815829]",0,"[]","[]","[]","[]","[]","[]","[]","[]","[]","[]",1,"[257048]","[0.157652]","[-2.49638]","[260308]","[5534.78]","[0]","[15.6702]","[-1]",0,"[]","[]","[]","[]","[]","[]","[]","[]","[]","[]",0,"[150.504]",454.203,"[2859.47]","[]","[0]","[]"
391,284500,17904158,361102,11447,11500.5,3.38179e+11,1.08735,0.97135,1,1,1,0.999448,1.0044,1,1,0,0,1,"[0]","[1]","[70458.9]","[1.95188]","[2.92936]","[253085]","[-0.04496]","[1]","[11]","[1]","[0]","[240.34]","[-0.0238768]","[1.70297]",206021,-3.02238,1,"[279572]","[-0.00175776]","[0.025554]","[279997]","[0.997403]","[0]","[0]","[-0.445562]",0,"[]","[]","[]","[]","[]","[]","[]","[]","[]","[]",1,"[277843]","[-0.0321388]","[0.031993]","[278298]","[13164.4]","[0]","[1.22653]","[-1]",0,"[]","[]","[]","[]","[]","[]","[]","[]","[]","[]",0,"[297.506]",4819.41,"[5661.4]","[]","[2059.72]","[]"
392,284500,18353060,361102,11462.4,11500.5,3.38179e+11,0.934886,0.94067,1,1,1,1.00542,0.84038,1,1,0,0,1,"[0]","[1]","[29986.5]","[1.56678]","[0.313779]","[74964.8]","[-0.00260258]","[1]","[11]","[1]","[3346.53]","[908.858]","[0.023539]","[1.65894]",286846,0.156566,3,"[253847,44382.2,28252.3]","[1.08369,0.047189,1.43482]","[-2.95065,-2.90184,1.09652]","[418917,45663,62864.3]","[0.993874,1,0.948795]","[0,0,4]","[0,0,0]","[-0.842135,-0.698778,-0.939411]",0,"[]","[]","[]","[]","[]","[]","[]","[]","[]","[]",1,"[256177]","[1.08882]","[-2.94348]","[424331]","[24246.3]","[0]","[2.20684]","[0.689988]",0,"[]","[]","[]","[]","[]","[]","[]","[]","[]","[]",0,"[238.336]",1414.78,"[3747.05,1924.24,1454.18]","[]","[1882.11]","[]"
393,284500,18378194,361102,11453.2,11500.5,3.38179e+11,0.596562,0.97553,1,1,1,0.994619,1.01265,1,1,0,0,1,"[0]","[1]","[88674.3]","[1.65621]","[-0.499185]","[240763]","[-0.347084]","[1]","[11]","[1]","[1271.42]","[-1199.36]","[0.0427259]","[5.0521]",351107,-0.233952,7,"[228175,153654,51483.3,41094.1,29685.8,25946.3,23439]","[0.170262,1.26254,1.02839,1.42108,0.656081,1.66192,1.79501]","[-2.86684,2.40267,1.84314,2.93628,-2.94409,1.92165,2.59109]","[233350,294506,81992.4,90228.1,36572.5,71010.8,72653.6]","[0.996419,0.997393,0.99662,0.992658,1,0.99736,1]","[0,0,0,0,0,0,0]","[0,0,0,0,0,0,0]","[-0.905322,-0.922272,-0.788979,-0.75641,-0.922792,-0.533867,-0.717727]",0,"[]","[]","[]","[]","[]","[]","[]","[]","[]","[]",1,"[255796]","[0.170761]","[-2.88246]","[266241]","[59383.8]","[0]","[1.96134]","[0.767767]",0,"[]","[]","[]","[]","[]","[]","[]","[]","[]","[]",0,"[908.333]",42694.3,"[3567.21,12690,2310.75,4981.62,3220.29,2267.7,1850.64]","[]","[4241.52]","[]"
394,284500,18387019,361102,11445,11500.5,3.38179e+11,1.55465,0.97095,1,1,1,0.984351,0.99593,1,1,0,0,1,"[0]","[1]","[35812.8]","[-0.38818]","[-2.74552]","[38545.1]","[0.0589828]","[1]","[11]","[1]","[0]","[84.7426]","[-0.0524614]","[4.92697]",112278,-2.30338,5,"[267954,126026,71570.4,53705.1,26819.8]","[-1.92049,-0.413927,-0.200837,-2.33175,-2.08456]","[0.407343,2.58361,-1.61305,0.582078,3.07652]","[935238,137744,73451.2,279095,109554]","[0.998745,0.985082,0.947754,1,0.985732]","[0,0,0,4,0]","[0,0,0,0,0]","[-0.873467,-0.924779,-0.883673,-0.254721,-0.915133]",0,"[]","[]","[]","[]","[]","[]","[]","[]","[]","[]",1,"[313344]","[-1.98268]","[0.428511]","[1.16237e+06]","[83696.7]","[0]","[1.42904]","[0.725517]",0,"[]","[]","[]","[]","[]","[]","[]","[]","[]","[]",0,"[15.3423]",905.43,"[8759.56,6940.21,1775.19,1452.75,1786.31]","[]","[7143.75]","[]"
395,284500,8350484,361102,11457.4,11500.5,3.38179e+11,0.934886,0.99093,1,1,1,0.99889,1.00306,1,1,0,0,1,"[0]","[1]","[109973]","[0.809394]","[3.02951]","[148005]","[-0.0698681]","[1]","[11]","[1]","[0]","[520.225]","[0.046379]","[4.39183]",288335,3.07626,2,"[356324,88454.7]","[1.56461,2.22272]","[-0.300174,0.922289]","[889199,413464]","[0.991547,0.99]","[0,0]","[0,0]","[-0.914861,-0.9441]",0,"[]","[]","[]","[]","[]","[]","[]","[]","[]","[]",1,"[341933]","[1.55847]","[-0.300413]","[848526]","[17931.1]","[0]","[4.36673]","[0.680158]",0,"[]","[]","[]","[]","[]","[]","[]","[]","[]","[]",0,"[625.011]",9101.16,"[11086.7,2915.56]","[]","[15027.5]","[]"
396,284500,9199850,361102,11453.9,11500.5,3.38179e+11,0.596562,1,0.995968,1,1,0.999443,0.980944,1,0,1,0,1,"[0]","[1]","[28742.3]","[0.622997]","[3.08335]","[34503]","[-0.0197334]","[1]","[13]","[1]","[0]","[599.544]","[0.0073014]","[0.988306]",325031,2.30379,2,"[294808,86538.8]","[-0.189565,-1.2116]","[-0.543646,-1.55423]","[300655,158400]","[0.991947,0.993709]","[0,0]","[0,0]","[-0.812527,-0.871209]",0,"[]","[]","[]","[]","[]","[]","[]","[]","[]","[]",1,"[288826]","[-0.223166]","[-0.539432]","[296617]","[18368]","[0]","[2.09778]","[0.710594]",0,"[]","[]","[]","[]","[]","[]","[]","[]","[]","[]",0,"[67.4573]",6897.12,"[4565.31,5389.1]","[]","[3916.78]","[]"
397,284500,18302729,361102,11461.3,11500.5,3.38179e+11,0.934886,0.9549,1,1,1,0.997767,1,1,1,0,0,1,"[0]","[1]","[40640.5]","[-2.21211]","[1.99954]","[187850]","[-0.941925]","[1]","[11]","[0]","[0]","[536.405]","[0.0720802]","[5.7532]",335075,2.17903,2,"[398664,38745]","[-0.928656,-2.40941]","[-0.914498,3.05713]","[583944,217369]","[0.999441,0.999589]","[0,0]","[0,0]","[0.699888,-0.719581]",0,"[]","[]","[]","[]","[]","[]","[]","[]","[]","[]",1,"[383166]","[-0.905628]","[-0.920609]","[552095]","[29021.1]","[0]","[4.38528]","[0.594662]",0,"[]","[]","[]","[]","[]","[]","[]","[]","[]","[]",0,"[76.9853]",3452.84,"[7865.18,4744.81]","[]","[605.125]","[]"
398,284500,9228408,361102,11454,11500.5,3.38179e+11,1.55465,1,1.0008,1,1,0.999193,0.954458,1,0,1,0,1,"[0]","[1]","[28433.5]","[0.274277]","[2.9908]","[29509.9]","[0.0307465]","[1]","[13]","[1]","[0]","[-228.508]","[0.0598036]","[6.93673]",276617,2.85844,1,"[259128]","[1.30533]","[-0.332853]","[513421]","[1]","[0]","[0]","[-0.808641]",0,"[]","[]","[]","[]","[]","[]","[]","[]","[]","[]",1,"[259335]","[1.28633]","[-0.335236]","[505499]","[18645]","[0]","[3.10187]","[0.371811]",0,"[]","[]","[]","[]","[]","[]","[]","[]","[]","[]",0,"[51.8563]",2789.97,"[6057.26]","[]","[1601.12]","[]"
399,284500,16800825,361102,11456,11500.5,3.38179e+11,1.08735,0.9548,1,1,1,0.999151,1.02819,1,1,0,0,1,"[0]","[1]","[46907.9]","[2.01776]","[3.0302]","[179526]","[-0.0360222]","[1]","[11]","[1]","[0]","[-87.6511]","[-0.0536657]","[4.35826]",210035,2.80135,2,"[170171,89867.8]","[-0.551141,-0.101422]","[-0.357344,-0.239302]","[197887,90862.5]","[0.618898,0.998345]","[0,0]","[0,0]","[-0.932156,-0.901395]",0,"[]","[]","[]","[]","[]","[]","[]","[]","[]","[]",1,"[253716]","[-0.4046]","[-0.316566]","[277527]","[39040.6]","[0]","[0.973819]","[0.678736]",0,"[]","[]","[]","[]","[]","[]","[]","[]","[]","[]",0,"[134.605]",8544.02,"[5951.93,3705.71]","[]","[6657.19]","[]"
400,284500,18210122,361102,11459.8,11500.5,3.38179e+11,0.934886,1,0.99747,1,1,0.997606,0.938722,1,0,1,0,1,"[0]","[1]","[31381.4]","[-2.38308]","[1.11021]","[171508]","[-0.00786591]","[1]","[13]","[1]","[0]","[-179.457]","[0.0424343]","[2.91044]",236231,0.750553,3,"[294672,30441,22861.7]","[-0.258715,1.63023,1.03237]","[-2.62844,-0.648283,-0.431274]","[305044,80756,36245.4]","[1,1,0.966526]","[0,0,0]","[0,0,0]","[-0.765944,-0.849107,-0.835993]",0,"[]","[]","[]","[]","[]","[]","[]","[]","[]","[]",1,"[295457]","[-0.241415]","[-2.62547]","[304521]","[15849.6]","[0]","[2.09272]","[0.363958]",0,"[]","[]","[]","[]","[]","[]","[]","[]","[]","[]",0,"[205.217]",4958.58,"[9132.32,2038.62,1655.19]","[]","[2229.19]","[]"
401,284500,17771486,361102,11458.2,11500.5,3.38179e+11,0.934886,1.01378,1,1,1,1.00602,1.00936,1,1,0,0,1,"[0]","[1]","[234763]","[0.0810964]","[2.19489]","[235535]","[-0.00567245]","[1]","[11]","[1]","[0]","[-669.616]","[0.0386407]","[4.90025]",82858.6,1.88187,1,"[24440.6]","[2.44232]","[2.63447]","[141722]","[0]","[4]","[0]","[-0.73372]",0,"[]","[]","[]","[]","[]","[]","[]","[]","[]","[]",1,"[359700]","[-0.605629]","[-0.983497]","[428477]","[25664.7]","[0]","[2.6926]","[0.498806]",0,"[]","[]","[]","[]","[]","[]","[]","[]","[]","[]",0,"[2033.19]",2577.43,"[1885.53]","[]","[7780.25]","[]"
402,284500,8377931,361102,11455.9,11500.5,3.38179e+11,1.08735,1,1,1,1,0.996585,1,1,1,0,0,1,"[0]","[1]","[1.10244e+06]","[-0.241376]","[-2.00679]","[1.13471e+06]","[0.0094223]","[1]","[11]","[0]","[0]","[53253.1]","[-0.0195167]","[2.99593]",360227,-0.458239,2,"[1.04449e+06,83150.2]","[0.855626,1.39414]","[1.39356,1.69986]","[1.4534e+06,178204]","[0.992218,0.99]","[0,0]","[0,0]","[-0.86724,-0.940931]",0,"[]","[]","[]","[]","[]","[]","[]","[]","[]","[]",2,"[1.20777e+06,1.15945e+06]","[-0.26965,0.875101]","[-2.00839,1.40923]","[1.25194e+06,1.64248e+06]","[0.00676582,181079]","[1,0]","[0,2.77085]","[-1,0.550568]",0,"[]","[]","[]","[]","[]","[]","[]","[]","[]","[]",0,"[8448.58]",3411.91,"[16902.5,8889.03]","[]","[126602,10539.2]","[]"
403,284500,18269933,361102,11455.8,11500.5,3.38179e+11,0.596562,1,0.997712,1,1,0.990588,0.999777,1,0,1,0,1,"[0]","[1]","[37401.2]","[-1.42278]","[-2.10613]","[82089.8]","[0.040947]","[1]","[13]","[1]","[0]","[-197.534]","[-0.0526793]","[5.01635]",243833,-2.13048,1,"[277960]","[-1.99781]","[1.00275]","[1.04376e+06]","[1]","[4]","[0]","[0.791018]",0,"[]","[]","[]","[]","[]","[]","[]","[]","[]","[]",1,"[284605]","[-1.99943]","[1.00267]","[1.0705e+06]","[27283.9]","[0]","[2.68455]","[0.617275]",0,"[]","[]","[]","[]","[]","[]","[]","[]","[]","[]",0,"[105.856]",2529.66,"[3915.74]","[]","[39975.2]","[]"
404,284500,8391554,361102,11452.1,11500.5,3.38179e+11,0.506784,0.94641,1,1,1,0.998948,1.02175,1,1,0,0,1,"[0]","[1]","[37681.1]","[-2.24049]","[-2.13514]","[179067]","[0.392185]","[1]","[11]","[1]","[0]","[-135.816]","[-0.0252166]","[2.0584]",226755,-2.41766,1,"[270158]","[-1.76964]","[0.688411]","[816270]","[0.997283]","[0]","[0]","[-0.578117]",0,"[]","[]","[]","[]","[]","[]","[]","[]","[]","[]",1,"[263041]","[-1.76877]","[0.685608]","[793900]","[21016.2]","[0]","[1.63254]","[0.698005]",0,"[]","[]","[]","[]","[]","[]","[]","[]","[]","[]",0,"[460.242]",24411.2,"[26431.8]","[]","[588.312]","[]"
405,284500,16825375,361102,11458.6,11500.5,3.38179e+11,0.934886,1,1.00139,1,1,0.997868,0.957211,1,0,1,0,1,"[0]","[1]","[30343.3]","[1.52426]","[-2.10904]","[72968.8]","[-0.00590515]","[1]","[13]","[0]","[0]","[1441.74]","[0.0201953]","[2.14715]",263408,0.275432,3,"[283348,88707.6,29204.6]","[1.11073,-0.147131,1.35777]","[-3.00594,0.0101655,2.71899]","[478523,89909.8,60644.6]","[0.998697,0.999597,0.666263]","[0,0,0]","[0,0,0]","[-0.831318,-0.84697,-0.714602]",0,"[]","[]","[]","[]","[]","[]","[]","[]","[]","[]",1,"[313247]","[1.11307]","[-3.0446]","[531576]","[60051.2]","[0]","[2.07297]","[0.695578]",0,"[]","[]","[]","[]","[]","[]","[]","[]","[]","[]",0,"[226.464]",12283.6,"[7605.1,2367.64,1993.24]","[]","[8601.81]","[]"
406,284500,18382791,361102,11457.3,11500.5,3.38179e+11,0.402058,0.97446,1,1,1,0.998682,0.98483,1,1,0,0,1,"[0]","[1]","[52611.6]","[-0.31443]","[-1.54354]","[55233.8]","[-0.0124226]","[1]","[11]","[1]","[1059.2]","[15.1597]","[-0.0549947]","[1.72726]",315980,-1.6507,2,"[353675,23766.7]","[0.47497,-0.523823]","[1.45395,2.46135]","[395175,27694.4]","[0.98,0.990561]","[0,0]","[0,0]","[-0.901878,-0.202799]",0,"[]","[]","[]","[]","[]","[]","[]","[]","[]","[]",1,"[329042]","[0.471995]","[1.45193]","[367387]","[27187.2]","[0]","[4.86582]","[0.614928]",0,"[]","[]","[]","[]","[]","[]","[]","[]","[]","[]",0,"[81.8942]",156.031,"[5730.31,1769.85]","[]","[27078.2]","[]"
407,284500,17612182,361102,11450.2,11500.5,3.38179e+11,0.506784,1,0.996476,1,1,0.998987,0.956348,1,0,1,0,1,"[0]","[1]","[135731]","[-1.10868]","[0.929148]","[228053]","[-0.114542]","[1]","[13]","[1]","[0]","[-67.8475]","[0.0589496]","[11.8705]",103051,0.969514,2,"[271996,26417.2]","[-1.05682,-0.596796]","[-2.16284,1.15029]","[440823,31567.7]","[0.985708,0.999275]","[0,0]","[0,0]","[-0.869659,-0.468518]",0,"[]","[]","[]","[]","[]","[]","[]","[]","[]","[]",1,"[281531]","[-1.05365]","[-2.16657]","[455059]","[45180.3]","[0]","[1.4496]","[0.698773]",0,"[]","[]","[]","[]","[]","[]","[]","[]","[]","[]",0,"[8989.22]",6814.6,"[10378.2,2015.99]","[]","[12156.3]","[]"
408,284500,7275618,361102,11445.3,11500.5,3.38179e+11,1.08735,1,0.995753,1,1,0.998963,0.869646,1,0,1,0,1,"[0]","[1]","[184955]","[-0.398546]","[3.05069]","[199840]","[0.0124378]","[1]","[13]","[1]","[0]","[-482.823]","[0.0438467]","[6.92338]",119076,2.49099,5,"[279147,60366.3,57313.8,37487.2,24119.2]","[-0.363536,1.02528,0.501793,0.134775,-0.0393242]","[-0.366402,-0.348061,2.24812,-0.865182,1.5591]","[298968,95341.7,65125.4,38677.4,24518.1]","[0.995022,0.99629,0.962893,0.996012,0.990295]","[0,0,0,0,0]","[0,0,0,0,0]","[-0.4868,-0.953019,-0.886344,-0.862882,-0.723739]",0,"[]","[]","[]","[]","[]","[]","[]","[]","[]","[]",1,"[265505]","[-0.365628]","[-0.364359]","[284168]","[20193.6]","[0]","[3.25427]","[0.712542]",0,"[]","[]","[]","[]","[]","[]","[]","[]","[]","[]",0,"[2108.62]",9830.98,"[3095.04,5367.78,2548.84,3193.83,2477.44]","[]","[4903.02]","[]"
409,284500,7931183,361102,11449.9,11500.5,3.38179e+11,0.596562,0.95055,1,1,1,0.989408,0.97731,1,1,0,0,1,"[0]","[1]","[27553.8]","[0.920033]","[-2.67523]","[40061.6]","[-0.0451126]","[1]","[11]","[1]","[0]","[-142.896]","[-0.00211711]","[0.210407]",162149,-2.55407,2,"[277969,88765]","[-1.53568,-0.559211]","[0.466161,-2.7419]","[675881,103493]","[0.998979,1]","[4,0]","[0,0]","[-0.162158,-0.689721]",0,"[]","[]","[]","[]","[]","[]","[]","[]","[]","[]",1,"[254584]","[-1.55184]","[0.465022]","[628156]","[20922.7]","[0]","[1.69002]","[0.644858]",0,"[]","[]","[]","[]","[]","[]","[]","[]","[]","[]",0,"[206.017]",9684.67,"[6665.95,4453.96]","[]","[10277.6]","[]"
410,284500,16823456,361102,11457.8,11500.5,3.38179e+11,1.08735,1,0.995547,1,1,0.998858,0.799386,1,0,1,0,1,"[0]","[1]","[55926.1]","[-0.632269]","[1.92523]","[67482.2]","[-0.0293274]","[1]","[13]","[1]","[2946.67]","[-783.153]","[0.223824]","[33.6521]",215638,1.52349,4,"[174350,80522.1,62497.3,23324.6]","[-0.722735,0.259238,0.614497,-0.380905]","[-1.3349,-1.59095,2.80878,-0.926487]","[224353,83570.2,74792.7,25277.1]","[0.936776,0.998995,0.958202,0.99]","[0,0,0,0]","[0,0,0,0]","[-0.690369,-0.901919,-0.94551,-0.871]",0,"[]","[]","[]","[]","[]","[]","[]","[]","[]","[]",1,"[265540]","[-0.467663]","[-1.37836]","[332254]","[152650]","[0]","[1.05896]","[0.413225]",0,"[]","[]","[]","[]","[]","[]","[]","[]","[]","[]",0,"[193.838]",30085.3,"[8832.59,3126.49,3483.51,2962.27]","[]","[11113.4]","[]"
411,284500,17314839,361102,11458.5,11500.5,3.38179e+11,1.55465,1,0.983694,1,1,0.999145,0.993883,1,0,1,0,1,"[0]","[1]","[67818.8]","[1.72299]","[2.95749]","[195989]","[0.38336]","[1]","[13]","[1]","[0]","[-217.905]","[0.00519527]","[0.681297]",277445,2.51807,1,"[344429]","[0.948288]","[-0.509366]","[511552]","[1]","[0]","[0]","[-0.883662]",0,"[]","[]","[]","[]","[]","[]","[]","[]","[]","[]",1,"[366316]","[0.956786]","[-0.513474]","[547319]","[12620]","[0]","[1.62033]","[0.390345]",0,"[]","[]","[]","[]","[]","[]","[]","[]","[]","[]",0,"[1324.84]",7914.19,"[5506.89]","[]","[14570.2]","[]"
412,284500,17643566,361102,11463.5,11500.5,3.38179e+11,1.74563,1,0.999835,1,1,0.998895,0.999608,1,0,1,0,1,"[0]","[1]","[260174]","[1.23636]","[0.0830045]","[485680]","[-0.000846863]","[1]","[13]","[1]","[0]","[-435.215]","[-0.00888457]","[1.77759]",125780,-0.0614959,1,"[379037]","[1.0528]","[-3.10429]","[611905]","[0.997677]","[0]","[0]","[-0.901327]",0,"[]","[]","[]","[]","[]","[]","[]","[]","[]","[]",1,"[378779]","[1.07985]","[-3.11126]","[624852]","[60297]","[0]","[1.1835]","[0.682395]",0,"[]","[]","[]","[]","[]","[]","[]","[]","[]","[]",0,"[17588.1]",9040.77,"[10159.4]","[]","[3514.03]","[]"
413,284500,17652879,361102,11452.4,11500.5,3.38179e+11,1.08735,0.99093,1,1,1,0.98645,1.00306,1,1,0,0,1,"[0]","[1]","[98278.2]","[0.782123]","[-1.00811]","[129901]","[0.0551224]","[1]","[11]","[1]","[0]","[1181.5]","[-0.0411117]","[3.83919]",239622,-1.0899,4,"[320023,22079.8,21152.5,20831.5]","[1.51123,1.92576,0.292119,0.630144]","[2.21925,0.772624,2.01293,-0.456203]","[761740,77431.7,22398.3,25359.9]","[0.987053,0.990019,0.985446,0.988789]","[4,0,0,0]","[0,0,0,0]","[0.428114,-0.690985,-0.828086,-0.751031]",0,"[]","[]","[]","[]","[]","[]","[]","[]","[]","[]",1,"[304752]","[1.54809]","[2.21607]","[750126]","[42032.8]","[0]","[1.74095]","[0.728398]",0,"[]","[]","[]","[]","[]","[]","[]","[]","[]","[]",0,"[1008.02]",32065.4,"[19293.9,6813.09,1991.6,1155.91]","[]","[31787.9]","[]"
414,284500,17410640,361102,11447.2,11500.5,3.38179e+11,1.08735,0.98458,1,1,1,0.999449,1.00582,1,1,0,0,1,"[0]","[1]","[105077]","[-0.366229]","[0.71635]","[112203]","[-0.0257034]","[1]","[11]","[1]","[0]","[-1002.11]","[-0.0337036]","[2.922]",165892,0.741006,1,"[270955]","[-0.851442]","[-2.39787]","[375756]","[0.997035]","[0]","[0]","[-0.738889]",0,"[]","[]","[]","[]","[]","[]","[]","[]","[]","[]",1,"[279003]","[-0.862193]","[-2.39608]","[389704]","[17943.4]","[0]","[3.23789]","[0.365134]",0,"[]","[]","[]","[]","[]","[]","[]","[]","[]","[]",0,"[493.437]",17029.3,"[17318.3]","[]","[16056.9]","[]"
415,284500,17759120,361102,11461.4,11500.5,3.38179e+11,1.74563,1,0.998104,1,1,0.997929,0.929528,1,0,1,0,1,"[0]","[1]","[89876.1]","[-0.804294]","[2.49167]","[120547]","[0.0281982]","[1]","[13]","[1]","[0]","[-479.449]","[0.00835364]","[1.0612]",390307,2.16281,1,"[479900]","[-1.51697]","[-0.929599]","[1.14712e+06]","[0.992653]","[0]","[0]","[-0.709893]",0,"[]","[]","[]","[]","[]","[]","[]","[]","[]","[]",1,"[496945]","[-1.50557]","[-0.927311]","[1.17569e+06]","[42305.2]","[0]","[1.5012]","[0.659187]",0,"[]","[]","[]","[]","[]","[]","[]","[]","[]","[]",0,"[431.251]",24179.8,"[25172.5]","[]","[15753.3]","[]"
416,284500,17758340,361102,11455.3,11500.5,3.38179e+11,0.596562,1.01378,1,1,1,0.998517,1.00936,1,1,0,0,1,"[0]","[1]","[153682]","[0.00766519]","[-2.78718]","[153686]","[0.0546074]","[1]","[11]","[1]","[0]","[1081.26]","[-0.0640806]","[9.10529]",121409,-2.93607,2,"[295602,28197.5]","[-1.88973,0.677608]","[0.352786,-1.85734]","[1.00061e+06,35395.6]","[0.998795,0.99378]","[0,0]","[0,0]","[-0.813668,-0.709889]",0,"[]","[]","[]","[]","[]","[]","[]","[]","[]","[]",1,"[295568]","[-1.88722]","[0.346705]","[998103]","[19631.1]","[0]","[3.95096]","[0.564488]",0,"[]","[]","[]","[]","[]","[]","[]","[]","[]","[]",0,"[937.325]",13227,"[12445.3,4511.47]","[]","[2596.53]","[]"
417,284500,17168832,361102,11456.8,11500.5,3.38179e+11,0.402058,0.94038,1,1,1,0.999356,0.99919,1,1,0,0,1,"[0]","[1]","[33352.4]","[-2.33875]","[-1.26918]","[174512]","[-0.289938]","[1]","[11]","[1]","[0]","[-258.262]","[0.0197721]","[1.24332]",226026,-1.96973,1,"[253964]","[-1.16129]","[1.25752]","[446197]","[0.995092]","[0]","[0]","[-0.587068]",0,"[]","[]","[]","[]","[]","[]","[]","[]","[]","[]",1,"[255317]","[-1.15846]","[1.25506]","[447650]","[29527]","[0]","[1.64208]","[0.727687]",0,"[]","[]","[]","[]","[]","[]","[]","[]","[]","[]",0,"[80.586]",23377.3,"[4398]","[]","[5163.7]","[]"
418,284500,18292081,361102,11459.2,11500.5,3.38179e+11,0.934886,0.98536,1,1,1,0.989207,0.9918,1,1,0,0,1,"[0]","[1]","[117231]","[-0.662278]","[2.243]","[143894]","[0.0156279]","[1]","[11]","[1]","[0]","[1342.68]","[-0.00902815]","[1.38903]",112027,2.44667,2,"[269229,53562.5]","[-1.44349,-1.52232]","[-0.735006,2.69132]","[603619,128613]","[0.996081,0.965693]","[4,0]","[0,0]","[-0.927275,-0.845124]",0,"[]","[]","[]","[]","[]","[]","[]","[]","[]","[]",1,"[257639]","[-1.45661]","[-0.722949]","[584253]","[40698.4]","[0]","[1.58802]","[0.756555]",0,"[]","[]","[]","[]","[]","[]","[]","[]","[]","[]",0,"[744.009]",8136.84,"[11530.4,3798.18]","[]","[3646.58]","[]"
419,284500,17468303,361102,11458.2,11500.5,3.38179e+11,1.22586,0.96825,1,1,1,0.99808,0.99461,1,1,0,0,1,"[0]","[1]","[70181.4]","[-2.16215]","[-2.52334]","[308970]","[-0.164505]","[1]","[11]","[1]","[0]","[-1347.77]","[0.0350872]","[2.65168]",396133,-2.46396,2,"[364140,42294.2]","[0.629925,2.47375]","[0.696268,1.21661]","[440680,252738]","[0.996998,0.986581]","[0,0]","[0,0]","[-0.870638,-0.49967]",0,"[]","[]","[]","[]","[]","[]","[]","[]","[]","[]",1,"[356068]","[0.659159]","[0.699802]","[437937]","[38243.4]","[0]","[1.72348]","[0.717024]",0,"[]","[]","[]","[]","[]","[]","[]","[]","[]","[]",0,"[695.257]",5146.81,"[5582.09,2424.28]","[]","[3255.72]","[]"
420,284500,17318814,361102,11455.8,11500.5,3.38179e+11,1.55465,1,0.995421,1,1,0.998768,0.978959,1,0,1,0,1,"[0]","[1]","[77183.6]","[-0.648225]","[-2.72325]","[93975.6]","[0.0272903]","[1]","[13]","[1]","[0]","[460.241]","[-0.0609424]","[10.3342]",227330,-2.72216,2,"[270149,30024.6]","[-1.55195,0.341687]","[0.423985,0.000170505]","[666457,32200.9]","[1,0.999874]","[0,0]","[0,0]","[-0.898951,-0.852193]",0,"[]","[]","[]","[]","[]","[]","[]","[]","[]","[]",1,"[260966]","[-1.56855]","[0.42705]","[653487]","[5537.32]","[0]","[3.03367]","[0.328101]",0,"[]","[]","[]","[]","[]","[]","[]","[]","[]","[]",0,"[916.695]",19392.3,"[16030.6,4666.94]","[]","[8561.36]","[]"
421,284500,17529329,361102,11460.8,11500.5,3.38179e+11,1.74563,0.98536,1,1,1,0.984947,0.9918,1,1,0,0,1,"[0]","[1]","[129736]","[-0.787364]","[-1.05857]","[172071]","[0.167435]","[1]","[11]","[1]","[8307.49]","[3863.79]","[-0.0156684]","[1.81029]",175984,-0.828086,3,"[276215,145236,23108.4]","[-0.294729,-1.27249,2.42163]","[2.74037,1.13148,-0.621178]","[289036,280019,131220]","[0.995395,0.998185,0.610689]","[4,0,0]","[0,0,0]","[0.397772,-0.947871,-0.872947]",0,"[]","[]","[]","[]","[]","[]","[]","[]","[]","[]",1,"[292394]","[-0.270083]","[2.74359]","[303804]","[20325.1]","[0]","[1.52359]","[0.416922]",0,"[]","[]","[]","[]","[]","[]","[]","[]","[]","[]",0,"[641.197]",8659.11,"[3856,6285.96,1977.68]","[]","[10808]","[]"
422,284500,17327814,361102,11458.2,11500.5,3.38179e+11,3.34815,0.97994,1,1,1,0.985086,1.00632,1,1,0,0,1,"[0]","[1]","[220848]","[0.119367]","[-1.55472]","[222423]","[-0.0394938]","[1]","[11]","[1]","[0]","[148.057]","[-0.0018494]","[0.205678]",148811,-1.33948,1,"[354559]","[-0.337851]","[1.69434]","[375746]","[0.995689]","[4]","[0]","[-0.874469]",0,"[]","[]","[]","[]","[]","[]","[]","[]","[]","[]",1,"[353167]","[-0.331352]","[1.69356]","[373137]","[17349.3]","[0]","[1.43036]","[0.172912]",0,"[]","[]","[]","[]","[]","[]","[]","[]","[]","[]",0,"[5251.16]",1298.03,"[3594.25]","[]","[10206.8]","[]"
423,284500,16922212,361102,11456.8,11500.5,3.38179e+11,0.00220911,1,1.00057,1,1,1.00541,1.01188,1,0,1,0,1,"[0]","[1]","[56632.6]","[-1.20567]","[1.20022]","[103029]","[-0.0468292]","[1]","[13]","[1]","[0]","[0]","[-0.0288725]","[4.22761]",167115,1.36808,4,"[234457,72560.9,27839.5,27682.2]","[0.416801,-0.333552,-0.704832,-1.03553]","[-1.35314,-2.84166,2.08751,2.74772]","[256146,77102.2,35116.9,44187.4]","[1,0.997645,0.958602,0.984462]","[0,0,0,4]","[0,0,0,0]","[-0.935652,-0.690247,-0.693943,-0.626466]",0,"[]","[]","[]","[]","[]","[]","[]","[]","[]","[]",1,"[252274]","[0.426442]","[-1.35527]","[276077]","[16858.7]","[0]","[1.34288]","[0.490045]",0,"[]","[]","[]","[]","[]","[]","[]","[]","[]","[]",0,"[1006.45]",4690.19,"[3679.72,2836.06,1872.16,4818.26]","[]","[9690.23]","[]"
424,284500,18075495,361102,11457.6,11500.5,3.38179e+11,0.934886,0.96689,1,1,1,0.999394,1.00136,1,1,0,0,1,"[0]","[1]","[54859.1]","[1.63471]","[1.24224]","[146007]","[-0.205137]","[1]","[11]","[1]","[0]","[-444.146]","[-0.0812205]","[8.20465]",267857,1.14678,1,"[313367]","[0.480268]","[-1.94156]","[351133]","[0.986808]","[0]","[0]","[-0.633822]",0,"[]","[]","[]","[]","[]","[]","[]","[]","[]","[]",1,"[288270]","[0.481201]","[-1.93381]","[322935]","[20338.5]","[0]","[2.51284]","[0.284112]",0,"[]","[]","[]","[]","[]","[]","[]","[]","[]","[]",0,"[439.408]",1722.31,"[3768.64]","[]","[9269.84]","[]"
425,284500,16949436,361102,11454.9,11500.5,3.38179e+11,1.08735,0.94707,1,1,1,0.998962,0.94238,1,1,0,0,1,"[0]","[1]","[29050.5]","[-0.906568]","[-2.36946]","[41828.6]","[0.045639]","[1]","[11]","[1]","[0]","[-204.213]","[-0.0400366]","[2.79074]",257178,-2.7812,2,"[311707,26647]","[-0.418797,0.652614]","[0.45213,-2.17705]","[340060,32771.7]","[0.996832,0.990483]","[0,0]","[0,0]","[-0.956694,-0.801125]",0,"[]","[]","[]","[]","[]","[]","[]","[]","[]","[]",1,"[323812]","[-0.406277]","[0.452436]","[351422]","[19022.1]","[0]","[4.52351]","[0.353884]",0,"[]","[]","[]","[]","[]","[]","[]","[]","[]","[]",0,"[69.4719]",16794.5,"[4834.08,2053.08]","[]","[11646.6]","[]"
426,284500,18153354,361102,11455.4,11500.5,3.38179e+11,1.74563,1,0.992341,1,1,0.999389,0.89652,1,0,1,0,1,"[0]","[1]","[123953]","[0.0738352]","[1.41723]","[124292]","[0.122849]","[1]","[13]","[1]","[3064.79]","[-335.855]","[-0.039686]","[6.12757]",191392,1.55479,1,"[307845]","[-0.380259]","[-1.64865]","[331717]","[0.996641]","[0]","[0]","[-0.880801]",0,"[]","[]","[]","[]","[]","[]","[]","[]","[]","[]",1,"[306947]","[-0.35733]","[-1.65036]","[328319]","[32025.9]","[0]","[2.26878]","[0.776322]",0,"[]","[]","[]","[]","[]","[]","[]","[]","[]","[]",0,"[4468.67]",12207.4,"[12638.4]","[]","[6688.53]","[]"
427,284500,16947236,361102,11458.7,11500.5,3.38179e+11,1.55465,0.9724,1,1,1,0.999423,0.96574,1,1,0,0,1,"[0]","[1]","[53807.3]","[1.00295]","[-1.17138]","[83216]","[-0.0310211]","[1]","[11]","[1]","[0]","[-480.71]","[-0.000245592]","[0.0181437]",256688,-0.920016,1,"[293052]","[-0.120046]","[2.11571]","[295605]","[0.994979]","[0]","[0]","[-0.917841]",0,"[]","[]","[]","[]","[]","[]","[]","[]","[]","[]",1,"[304984]","[-0.140631]","[2.1179]","[308032]","[4066.36]","[0]","[0]","[-1]",0,"[]","[]","[]","[]","[]","[]","[]","[]","[]","[]",0,"[128.869]",16838.8,"[3378.86]","[]","[3645.59]","[]"
428,284500,18471300,361102,11461.6,11500.5,3.38179e+11,0.402058,0.92237,1,1,1,0.99912,0.96413,1,1,0,0,1,"[0]","[1]","[77631.6]","[2.40234]","[-2.51387]","[432387]","[-0.0197639]","[1]","[11]","[1]","[0]","[263.115]","[-0.0369078]","[1.36873]",184236,-3.03745,1,"[258542]","[1.47657]","[0.273902]","[595712]","[0.986829]","[0]","[0]","[-0.903244]",0,"[]","[]","[]","[]","[]","[]","[]","[]","[]","[]",1,"[250158]","[1.48374]","[0.274823]","[580159]","[17545.4]","[0]","[3.12017]","[0.60934]",0,"[]","[]","[]","[]","[]","[]","[]","[]","[]","[]",0,"[1590.21]",6997.56,"[8028.77]","[]","[0]","[]"
429,284500,18493538,361102,11447.7,11500.5,3.38179e+11,1.55465,1,0.988313,1,1,0.997956,0.901612,1,0,1,0,1,"[0]","[1]","[117193]","[0.314055]","[0.877316]","[123020]","[-0.102468]","[1]","[13]","[1]","[1273.37]","[2445.94]","[0.00779843]","[1.54697]",122859,0.812149,2,"[273664,28006.6]","[-0.513569,-1.67569]","[-2.23445,1.63523]","[312267,77606.2]","[0.996128,0.928005]","[0,0]","[0,0]","[-0.881347,-0.728504]",0,"[]","[]","[]","[]","[]","[]","[]","[]","[]","[]",1,"[269299]","[-0.509037]","[-2.22958]","[306905]","[34591.9]","[0]","[1.81456]","[0.63991]",0,"[]","[]","[]","[]","[]","[]","[]","[]","[]","[]",0,"[4124.18]",2373.82,"[4517.24,2273.59]","[]","[4987.25]","[]"
430,284500,16830945,361102,11455.4,11500.5,3.38179e+11,1.24168,0.94272,1,1,1,1.10674,0.94155,1,1,0,0,1,"[0]","[1]","[38022.6]","[1.16085]","[-2.39523]","[66651.4]","[-0.0704498]","[1]","[11]","[1]","[1358.29]","[-567.653]","[0.011224]","[0.763751]",223096,-2.31309,1,"[265362]","[1.14785]","[0.815112]","[460507]","[0.992763]","[4]","[0]","[0.849037]",0,"[]","[]","[]","[]","[]","[]","[]","[]","[]","[]",1,"[264261]","[1.16546]","[0.814405]","[465250]","[15514.4]","[0]","[2.70275]","[0.584476]",0,"[]","[]","[]","[]","[]","[]","[]","[]","[]","[]",0,"[210.14]",1043.41,"[3199.87]","[]","[12963.8]","[]"
431,284500,17039922,361102,11455.6,11500.5,3.38179e+11,1.55465,0.97921,1,1,1,0.988725,1.00192,1,1,0,0,1,"[0]","[1]","[69487.5]","[-0.34916]","[-2.02277]","[73766.4]","[0.0103149]","[1]","[11]","[1]","[0]","[104.523]","[-0.0316252]","[3.4687]",283752,-2.07082,2,"[326207,52456.1]","[1.22183,1.04322]","[0.938399,2.0993]","[605233,84001.4]","[0.990288,0.996058]","[4,0]","[0,0]","[0.466064,-0.945678]",0,"[]","[]","[]","[]","[]","[]","[]","[]","[]","[]",1,"[344348]","[1.18831]","[0.933465]","[621679]","[72282.7]","[0]","[1.03101]","[0.796035]",0,"[]","[]","[]","[]","[]","[]","[]","[]","[]","[]",0,"[134.832]",9389.66,"[6086.48,9159.19]","[]","[2044.62]","[]"
432,284500,16967666,361102,11456.2,11500.5,3.38179e+11,0.934886,0.96988,1,1,1,0.997254,1.00441,1,1,0,0,1,"[0]","[1]","[76006.6]","[1.71533]","[-0.534327]","[218078]","[-0.0261517]","[1]","[11]","[1]","[2292.8]","[1941.69]","[0.00521882]","[0.429425]",249924,-0.550418,3,"[317820,29945.5,22396.3]","[-0.730038,0.212983,1.72208]","[2.50341,-1.95491,0.346482]","[406857,31188.3,64823.1]","[0.994964,0.99,0.966508]","[0,0,0]","[0,0,0]","[-0.807965,-0.858961,-0.552703]",0,"[]","[]","[]","[]","[]","[]","[]","[]","[]","[]",1,"[301959]","[-0.719125]","[2.50345]","[383797]","[16077.9]","[0]","[2.38113]","[0.412755]",0,"[]","[]","[]","[]","[]","[]","[]","[]","[]","[]",0,"[647.525]",29120.8,"[6883.36,3971.3,1664.5]","[]","[2787.75]","[]"
433,284500,7170972,361102,11447.9,11500.5,3.38179e+11,0.596562,0.9823,1,1,1,0.988387,1.00632,1,1,0,0,1,"[0]","[1]","[148855]","[0.374567]","[-0.362455]","[159419]","[-0.0455475]","[1]","[11]","[1]","[0]","[-478.57]","[-0.0052731]","[0.660022]",333277,-2.6463,2,"[206555,79099.9]","[-0.565331,-1.26609]","[0.742557,1.50342]","[240917,151757]","[0.999983,1]","[4,0]","[0,0]","[0.225585,-0.925412]",0,"[]","[]","[]","[]","[]","[]","[]","[]","[]","[]",1,"[253883]","[-0.828943]","[0.914906]","[367988]","[124686]","[0]","[0.857023]","[0.639907]",0,"[]","[]","[]","[]","[]","[]","[]","[]","[]","[]",0,"[811.506]",4493.25,"[2186.77,6473.71]","[]","[0]","[]"
434,284500,17073473,361102,11464.7,11500.5,3.38179e+11,0.596562,0.9655,1,1,1,0.985346,1.00002,1,1,0,0,1,"[0]","[1]","[32319.4]","[0.110423]","[2.15695]","[32516.7]","[-0.0655594]","[1]","[11]","[1]","[0]","[627.048]","[-0.0364794]","[2.68985]",232801,2.20677,3,"[268082,112619,28109.3]","[0.227527,2.47688,1.57138]","[-0.367261,-2.22706,-2.62371]","[276771,675113,70629.1]","[1,0.99731,0.988476]","[4,0,0]","[0,0,0]","[-0.829055,-0.764206,-0.583269]",0,"[]","[]","[]","[]","[]","[]","[]","[]","[]","[]",1,"[274919]","[0.280224]","[-0.366312]","[287841]","[34353.2]","[0]","[1.11647]","[0.812369]",0,"[]","[]","[]","[]","[]","[]","[]","[]","[]","[]",0,"[86.6555]",1977.84,"[3347.01,3270.94,1835.16]","[]","[4071.25]","[]"
435,284500,7175704,361102,11462.1,11500.5,3.38179e+11,0.934886,1,0.961301,1,1,0.987852,0.813913,1,0,1,0,1,"[0]","[1]","[77732.5]","[0.0906561]","[-2.58866]","[78052.2]","[0.057704]","[1]","[13]","[1]","[0]","[-382.146]","[-0.00484923]","[0.880028]",205770,-2.44981,1,"[286815]","[0.602014]","[0.659502]","[340664]","[1]","[4]","[0]","[-0.811825]",0,"[]","[]","[]","[]","[]","[]","[]","[]","[]","[]",1,"[294610]","[0.609737]","[0.658112]","[351281]","[11517.6]","[0]","[4.09469]","[0.632433]",0,"[]","[]","[]","[]","[]","[]","[]","[]","[]","[]",0,"[68.1958]",1638.36,"[3196.11]","[]","[16860.5]","[]"
436,284500,17084768,361102,11455.9,11500.5,3.38179e+11,0.596562,1.00588,1,1,1,0.996595,1.00306,1,1,0,0,1,"[0]","[1]","[283589]","[1.01642]","[-1.94878]","[443132]","[-0.0339727]","[1]","[11]","[1]","[0]","[-222.253]","[-0.00957967]","[1.36506]",561695,-1.91417,2,"[818579,28038.1]","[0.750041,1.00116]","[1.22321,0.844213]","[1.06114e+06,43530.9]","[0.991185,0.99311]","[0,0]","[0,0]","[-0.621532,-0.919899]",0,"[]","[]","[]","[]","[]","[]","[]","[]","[]","[]",2,"[759242,308636]","[0.74806,1.01753]","[1.23269,-1.94585]","[981769,482681]","[0,0]","[0,1]","[0,0]","[-1,-1]",0,"[]","[]","[]","[]","[]","[]","[]","[]","[]","[]",0,"[3391.93]",7840.06,"[14377.7,2206.67]","[]","[4820.75,7083.75]","[]"
437,284500,17005395,361102,11455.9,11500.5,3.38179e+11,1.08735,1,0.996745,1,1,0.999233,1.00161,1,0,1,0,1,"[0]","[1]","[56806.1]","[-1.3158]","[1.63333]","[113498]","[-0.0724106]","[1]","[13]","[1]","[0]","[1741.66]","[0.0758196]","[7.60959]",82284.8,0.637733,3,"[252534,97483.5,61948]","[0.0534554,0.940987,-0.0809273]","[-2.7022,-0.138534,0.0940608]","[254280,144525,62460.7]","[1,0.992693,0.996303]","[0,0,0]","[0,0,0]","[-0.958137,-0.653224,-0.863841]",0,"[]","[]","[]","[]","[]","[]","[]","[]","[]","[]",1,"[272570]","[0.0242138]","[-2.7037]","[273976]","[26920.7]","[0]","[1.90068]","[0.600932]",0,"[]","[]","[]","[]","[]","[]","[]","[]","[]","[]",0,"[1073.33]",14033.2,"[4943.46,2236.78,4802.63]","[]","[18042.2]","[]"
438,284500,17089612,361102,11455.3,11500.5,3.38179e+11,1.08735,1,0.988073,1,1,0.996,1.01924,1,0,1,0,1,"[0]","[1]","[73251.4]","[-1.63759]","[1.10515]","[195479]","[0.149712]","[1]","[13]","[1]","[0]","[1557.77]","[0.0845071]","[11.5935]",398203,1.12078,4,"[355449,251527,37295.2,24160.7]","[-0.186166,-0.205237,1.58189,-2.35542]","[-2.78095,-1.20919,-1.78547,0.00800275]","[365479,258149,94707.1,128554]","[0.993968,0.997541,0.996135,0.994332]","[0,0,0,0]","[0,0,0,0]","[-0.942462,-0.817137,-0.830234,-0.555632]",0,"[]","[]","[]","[]","[]","[]","[]","[]","[]","[]",1,"[367605]","[-0.19567]","[-2.752]","[383907]","[83729.2]","[0]","[2.28011]","[0.684748]",0,"[]","[]","[]","[]","[]","[]","[]","[]","[]","[]",0,"[1066.82]",13794.4,"[4607.98,6489.64,3912.64,4915.53]","[]","[11172.5]","[]"
439,284500,16969770,361102,11448.7,11500.5,3.38179e+11,0,1,0.998557,1,1,0.998774,0.988566,1,0,1,0,1,"[0]","[1]","[77203]","[1.17346]","[1.09776]","[136744]","[-0.0752716]","[1]","[13]","[1]","[0]","[-92.1506]","[-0.0542307]","[8.38266]",268643,0.73313,2,"[320063,20593.8]","[-0.558356,-0.255122]","[-2.33948,-1.96575]","[374465,21540]","[0.994501,0.995889]","[0,0]","[0,0]","[-0.972939,-0.916102]",0,"[]","[]","[]","[]","[]","[]","[]","[]","[]","[]",1,"[291236]","[-0.611537]","[-2.3478]","[350123]","[43478]","[0]","[1.51037]","[0.74839]",0,"[]","[]","[]","[]","[]","[]","[]","[]","[]","[]",0,"[2324.12]",23033.9,"[4253.32,2818.14]","[]","[19908.9]","[]"
440,284500,17142041,361102,11454.8,11500.5,3.38179e+11,1.08735,0.9724,1,1,1,0.99846,0.96574,1,1,0,0,1,"[0]","[1]","[57477]","[0.771827]","[0.449331]","[75463.9]","[0.141441]","[1]","[11]","[1]","[1644.4]","[3007.43]","[0.0218224]","[1.935]",317580,0.497279,4,"[274813,71559.2,22366.2,20887.8]","[0.174933,1.1732,0.670776,0.217983]","[-2.5741,-3.11892,-1.80064,3.10865]","[280383,126969,28161.5,21918.3]","[0.995343,0.998794,0.838379,0.98]","[0,0,0,0]","[0,0,0,0]","[-0.833329,-0.799948,-0.743713,-0.798343]",0,"[]","[]","[]","[]","[]","[]","[]","[]","[]","[]",1,"[257795]","[0.223336]","[-2.57815]","[266352]","[33383.2]","[0]","[1.28712]","[0.628582]",0,"[]","[]","[]","[]","[]","[]","[]","[]","[]","[]",0,"[128.196]",12550.8,"[3075.64,2218.9,1658.84,1146.9]","[]","[2567.86]","[]"
441,284500,17145804,361102,11456.9,11500.5,3.38179e+11,1.26205,1,0.990711,1,1,0.998488,0.98075,1,0,1,0,1,"[0]","[1]","[100155]","[-1.76106]","[-2.12674]","[299989]","[-0.142708]","[1]","[13]","[1]","[0]","[-340.285]","[0.019106]","[2.97874]",339249,-1.94677,2,"[341711,115975]","[-1.40643,-1.11346]","[0.987574,1.64467]","[740121,196349]","[0.991476,0.998232]","[0,0]","[0,0]","[-0.870422,-0.713524]",0,"[]","[]","[]","[]","[]","[]","[]","[]","[]","[]",1,"[418348]","[-1.35774]","[1.15804]","[880513]","[153951]","[0]","[1.08865]","[0.692538]",0,"[]","[]","[]","[]","[]","[]","[]","[]","[]","[]",0,"[2374]",1682.81,"[5164.59,2378.48]","[]","[6987.81]","[]"
442,284500,18116843,361102,11458.6,11500.5,3.38179e+11,0.934886,1,0.991307,1,1,0.996958,1.0149,1,0,1,0,1,"[0]","[1]","[25554.4]","[-1.72183]","[0.813142]","[73769]","[0.0394573]","[1]","[13]","[1]","[0]","[188.674]","[-0.116395]","[11.2491]",403580,0.484993,2,"[411966,20346]","[-1.04693,2.09437]","[-2.65817,-2.268]","[659692,83915.7]","[0.995353,0.990023]","[0,0]","[0,0]","[-0.975734,-0.563163]",0,"[]","[]","[]","[]","[]","[]","[]","[]","[]","[]",1,"[393127]","[-1.05455]","[-2.65708]","[633064]","[20154.9]","[0]","[2.12687]","[0.598486]",0,"[]","[]","[]","[]","[]","[]","[]","[]","[]","[]",0,"[78.3537]",19166.9,"[9452.24,1150.89]","[]","[34301]","[]"
443,284500,18085364,361102,11455.3,11500.5,3.38179e+11,0.934886,1,0.996212,1,1,0.98719,1.00748,1,0,1,0,1,"[0]","[1]","[69104.3]","[-1.92854]","[2.75221]","[242723]","[0.407902]","[1]","[13]","[1]","[0]","[240.964]","[-0.0346975]","[4.78693]",281038,3.13002,1,"[354968]","[-0.642092]","[-0.0880752]","[431501]","[0.997355]","[4]","[0]","[-0.956135]",0,"[]","[]","[]","[]","[]","[]","[]","[]","[]","[]",1,"[345186]","[-0.659568]","[-0.0861606]","[423878]","[26788]","[0]","[2.89339]","[0.706007]",0,"[]","[]","[]","[]","[]","[]","[]","[]","[]","[]",0,"[700.24]",1317.59,"[3772.23]","[]","[5007.22]","[]"
444,284500,18117445,361102,11455.3,11500.5,3.38179e+11,1.08735,0.94914,1,1,1,0.986599,0.98122,1,1,0,0,1,"[0]","[1]","[30832.8]","[0.00960289]","[-1.77499]","[30834.2]","[0.186729]","[1]","[11]","[1]","[0]","[1516.35]","[-0.0806803]","[8.48236]",290989,-1.87011,4,"[242768,52604.7,43849.2,38336.5]","[-0.379953,-1.4948,0.172686,0.145598]","[1.12133,1.09538,-2.54859,1.4485]","[260903,123748,45548.8,39305.2]","[0.972252,0.950442,0.967577,0.984459]","[4,0,0,0]","[0,0,0,0]","[-0.439836,-0.865593,-0.529772,-0.464647]",0,"[]","[]","[]","[]","[]","[]","[]","[]","[]","[]",1,"[262727]","[-0.307697]","[1.15628]","[287278]","[82212.8]","[0]","[2.47977]","[0.722941]",0,"[]","[]","[]","[]","[]","[]","[]","[]","[]","[]",0,"[69.7619]",4736.34,"[3350.41,9903.62,2723.28,4588.29]","[]","[22256.5]","[]"
445,284500,18136093,361102,11450.5,11500.5,3.38179e+11,1.55465,0.9655,1,1,1,0.996363,1,1,1,0,0,1,"[0]","[1]","[34906.5]","[0.280745]","[1.42238]","[36291.2]","[0.00446749]","[1]","[11]","[0]","[0]","[-352.042]","[0.0401816]","[4.40634]",103207,2.29386,6,"[299416,127066,92294.7,29713.1,29156.6,26393.2]","[-0.494728,0.00329976,0.112075,0.553982,-0.0674903,-2.05786]","[-0.519633,2.80335,-2.70356,2.20266,-0.751916,1.03649]","[337502,129175,93039.8,34698.8,29935.9,105153]","[1,0.998878,1,0.99017,0.986544,0.994479]","[0,0,0,0,0,0]","[0,0,0,0,0,0]","[-0.387027,-0.958531,-0.945586,-0.819251,-0.838928,-0.607092]",0,"[]","[]","[]","[]","[]","[]","[]","[]","[]","[]",1,"[311710]","[-0.495288]","[-0.527595]","[351281]","[19653.4]","[0]","[3.61062]","[0.624281]",0,"[]","[]","[]","[]","[]","[]","[]","[]","[]","[]",0,"[184.839]",12173.3,"[7510.74,2315.23,7443.74,2163.55,4139.19,2793.45]","[]","[9381.94]","[]"
446,284500,7289976,361102,11460.7,11500.5,3.38179e+11,0.75088,1,0.994776,1,1,0.998609,0.898999,1,0,1,0,1,"[0]","[1]","[69154.8]","[-0.583006]","[-1.51813]","[81244.3]","[0.113182]","[1]","[13]","[1]","[0]","[-503.856]","[-0.00321193]","[0.509091]",209606,-1.80756,2,"[342005,141753]","[0.494031,0.436729]","[0.948213,-3.07603]","[385534,156330]","[0.996981,0.992526]","[0,0]","[0,0]","[-0.574338,-0.285991]",0,"[]","[]","[]","[]","[]","[]","[]","[]","[]","[]",1,"[331395]","[0.515633]","[0.939878]","[376694]","[13964.6]","[0]","[1.94074]","[0.442083]",0,"[]","[]","[]","[]","[]","[]","[]","[]","[]","[]",0,"[1052.04]",172.703,"[3514.11,2095.75]","[]","[4237.59]","[]"
447,284500,18099945,361102,11454.7,11500.5,3.38179e+11,1.26459,0.9623,1,1,1,0.999379,0.96784,1,1,0,0,1,"[0]","[1]","[27784.7]","[-0.224364]","[2.28959]","[28487]","[0.0630722]","[1]","[11]","[1]","[0]","[1296.41]","[0.0357132]","[4.06235]",231303,2.41382,1,"[247873]","[1.08585]","[-0.661477]","[410310]","[0.996569]","[0]","[0]","[-0.898524]",0,"[]","[]","[]","[]","[]","[]","[]","[]","[]","[]",1,"[257626]","[1.07246]","[-0.663369]","[422006]","[35146.2]","[0]","[1.36469]","[0.74302]",0,"[]","[]","[]","[]","[]","[]","[]","[]","[]","[]",0,"[225.299]",1496.33,"[9095.23]","[]","[4061.03]","[]"
448,284500,9231168,361102,11463,11500.5,3.38179e+11,1.24168,1,0.998393,1,1,0.998313,0.839747,1,0,1,0,1,"[0]","[1]","[62932.4]","[-0.686623]","[1.44969]","[78359.3]","[-0.0569153]","[1]","[13]","[1]","[0]","[-220.615]","[-0.0198301]","[3.85911]",217736,1.02947,3,"[274683,161642,21683.5]","[0.0129791,-0.83294,-0.951962]","[-1.33214,3.01768,-2.61319]","[276190,221862,32482.1]","[0.993632,0.994861,0.993173]","[0,0,0]","[0,0,0]","[-0.871938,-0.949587,-0.894063]",0,"[]","[]","[]","[]","[]","[]","[]","[]","[]","[]",1,"[274578]","[0.0306314]","[-1.33669]","[276510]","[31522.8]","[0]","[1.59052]","[0.663235]",0,"[]","[]","[]","[]","[]","[]","[]","[]","[]","[]",0,"[455.243]",8485.98,"[3034.35,5808.62,1619.21]","[]","[6086.22]","[]"
449,284500,18571292,361102,11455.2,11500.5,3.38179e+11,1.55465,0.97446,1,1,1,0.998053,0.98483,1,1,0,0,1,"[0]","[1]","[57667.5]","[-0.291244]","[0.89073]","[60130.6]","[-0.00879288]","[1]","[11]","[1]","[0]","[-365.029]","[0.101984]","[12.6289]",266336,1.11065,2,"[284697,31314.8]","[1.0611,-1.75263]","[-2.20419,-1.84304]","[461183,93171.9]","[0.994895,0.986705]","[0,0]","[0,0]","[-0.750475,-0.832706]",0,"[]","[]","[]","[]","[]","[]","[]","[]","[]","[]",1,"[293064]","[1.0758]","[-2.20567]","[479998]","[18195.2]","[0]","[2.33217]","[0.645027]",0,"[]","[]","[]","[]","[]","[]","[]","[]","[]","[]",0,"[77.4083]",4415.39,"[5286.21,2614.33]","[]","[1692.44]","[]"
450,284500,18100595,361102,11453.2,11500.5,3.38179e+11,0,0.90067,1,1,1,0.997458,1.21491,1,1,0,0,1,"[0]","[1]","[28450.2]","[-1.36352]","[-0.0794326]","[59257.2]","[-0.0601845]","[1]","[11]","[1]","[0]","[-827.11]","[0.100418]","[8.09248]",471029,-0.146303,1,"[496243]","[-1.99392]","[2.99751]","[1.85644e+06]","[1]","[0]","[0]","[-0.960108]",0,"[]","[]","[]","[]","[]","[]","[]","[]","[]","[]",1,"[524358]","[-1.98428]","[2.99525]","[1.94395e+06]","[57908.3]","[0]","[2.89809]","[0.822723]",0,"[]","[]","[]","[]","[]","[]","[]","[]","[]","[]",0,"[908.301]",4591.31,"[8684.89]","[]","[17501.1]","[]"
451,284500,9218955,361102,11452,11500.5,3.38179e+11,0.402058,1,0.996482,1,1,0.99785,1.00382,1,0,1,0,1,"[0]","[1]","[32815.8]","[-2.1688]","[-2.04735]","[145408]","[0.282738]","[1]","[13]","[1]","[0]","[-171.804]","[-0.0184772]","[1.75858]",293782,-1.7831,3,"[282036,53370.1,25383.6]","[0.00789167,-0.237011,2.45147]","[1.40708,0.282174,2.61442]","[283335,55582.2,148506]","[0.99837,1,0.24358]","[0,0,0]","[0,0,0]","[-0.879629,-0.805476,-0.73679]",0,"[]","[]","[]","[]","[]","[]","[]","[]","[]","[]",1,"[286344]","[-0.0145461]","[1.39622]","[287627]","[26810]","[0]","[2.48892]","[0.787527]",0,"[]","[]","[]","[]","[]","[]","[]","[]","[]","[]",0,"[87.8658]",1245.91,"[4148.3,6869.83,3784.23]","[]","[9952.5]","[]"
452,284500,18093124,361102,11457.8,11500.5,3.38179e+11,0.402058,0.97435,1,1,1,0.997677,0.98425,1,1,0,0,1,"[0]","[1]","[45904.2]","[0.506895]","[-0.357236]","[51929]","[0.000587463]","[1]","[11]","[1]","[0]","[-362.809]","[-0.0201816]","[2.81257]",234320,-0.180441,2,"[237438,23879.1]","[-1.24191,2.4544]","[2.91378,-3.00571]","[445813,140028]","[0.519385,0.710077]","[0,0]","[0,0]","[-0.886879,-0.470762]",0,"[]","[]","[]","[]","[]","[]","[]","[]","[]","[]",1,"[254793]","[-1.25514]","[2.89523]","[488565]","[71782.8]","[0]","[2.5741]","[0.569186]",0,"[]","[]","[]","[]","[]","[]","[]","[]","[]","[]",0,"[124.776]",25310.2,"[5810.47,1814.37]","[]","[8428.61]","[]"
453,284500,18278310,361102,11458.9,11500.5,3.38179e+11,0.402058,1,0.998104,1,1,0.998749,0.971998,1,0,1,0,1,"[0]","[1]","[79100.8]","[-0.975228]","[2.25282]","[119793]","[0.00222015]","[1]","[13]","[1]","[0]","[-370.866]","[-0.0475233]","[7.98738]",211056,1.89882,3,"[184062,77998.7,20126.9]","[-1.63613,-0.805661,-0.0709263]","[-1.14218,-1.06012,-0.510759]","[492032,104966,20517.8]","[0.99872,0.778437,0.96]","[0,0,0]","[0,0,0]","[-0.942572,-0.9543,-0.862029]",0,"[]","[]","[]","[]","[]","[]","[]","[]","[]","[]",1,"[253812]","[-1.4179]","[-1.12255]","[562654]","[94475.6]","[0]","[1.10337]","[0.714923]",0,"[]","[]","[]","[]","[]","[]","[]","[]","[]","[]",0,"[548.935]",1304.94,"[4320.8,3443.7,1174.88]","[]","[2210.77]","[]"
454,284500,17311802,361102,11452.7,11500.5,3.38179e+11,0,1,0.993397,1,1,0.998852,0.968219,1,0,1,0,1,"[0]","[1]","[194044]","[-0.227105]","[-2.51425]","[199070]","[0.0347137]","[1]","[13]","[1]","[0]","[726.876]","[-0.00140159]","[0.269458]",180065,-2.45997,1,"[382988]","[-1.43179]","[0.654217]","[849359]","[0.989254]","[0]","[0]","[-0.740877]",0,"[]","[]","[]","[]","[]","[]","[]","[]","[]","[]",1,"[396829]","[-1.43049]","[0.649394]","[878879]","[57819.2]","[0]","[1.66291]","[0.846775]",0,"[]","[]","[]","[]","[]","[]","[]","[]","[]","[]",0,"[11164.4]",19783.6,"[17741.6]","[]","[46574.5]","[]"
455,284500,7167155,361102,11461,11500.5,3.38179e+11,0.351687,0.97429,1,1,1,0.996926,0.98653,1,1,0,0,1,"[0]","[1]","[53381.5]","[0.469698]","[-2.76653]","[59379]","[0.0510588]","[1]","[11]","[1]","[0]","[222.586]","[0.0104782]","[1.22326]",320684,-2.79018,3,"[331188,29027.6,20849.7]","[0.864405,0.953873,-1.86692]","[0.326276,1.1524,-1.96832]","[463863,43680,69228.4]","[0.978595,0.999858,0.991438]","[0,0,0]","[0,0,0]","[-0.110813,-0.807425,-0.529183]",0,"[]","[]","[]","[]","[]","[]","[]","[]","[]","[]",1,"[304453]","[0.85137]","[0.327917]","[421949]","[16676.8]","[0]","[1.84602]","[0.356264]",0,"[]","[]","[]","[]","[]","[]","[]","[]","[]","[]",0,"[64.332]",22280,"[4702.2,1998.42,1191.62]","[]","[16491.6]","[]"
456,284500,7173001,361102,11466.6,11500.5,3.38179e+11,0.402058,0.98916,1,1,1,0.99946,0.99765,1,1,0,0,1,"[0]","[1]","[138287]","[0.781616]","[0.164853]","[182723]","[0.0261307]","[1]","[11]","[1]","[0]","[-626.066]","[-0.0503055]","[6.23986]",137806,0.200866,1,"[269331]","[0.552597]","[-2.95306]","[311740]","[0.995415]","[0]","[0]","[-0.9432]",0,"[]","[]","[]","[]","[]","[]","[]","[]","[]","[]",1,"[275776]","[0.559121]","[-2.95602]","[320159]","[9537.16]","[0]","[0.0758762]","[-1]",0,"[]","[]","[]","[]","[]","[]","[]","[]","[]","[]",0,"[645.529]",5464.73,"[6203.67]","[]","[29913.7]","[]"
457,284500,7173609,361102,11466.6,11500.5,3.38179e+11,1.74563,0.94272,1,1,1,0.9985,0.93175,1,1,0,0,1,"[0]","[1]","[37193.7]","[1.18784]","[-2.66735]","[66667.1]","[-0.412247]","[1]","[11]","[1]","[0]","[231.894]","[0.109701]","[11.483]",354102,-2.67543,1,"[29254.1]","[2.47595]","[2.13117]","[175305]","[0.000957603]","[0]","[0]","[-0.766282]",0,"[]","[]","[]","[]","[]","[]","[]","[]","[]","[]",1,"[340869]","[1.9266]","[0.390665]","[1.19519e+06]","[18724.1]","[0]","[9.97443]","[0.469273]",0,"[]","[]","[]","[]","[]","[]","[]","[]","[]","[]",0,"[288.413]",8724.25,"[2332]","[]","[20017.3]","[]"
458,284500,6375213,361102,11455.8,11500.5,3.38179e+11,0.696077,0.99093,1,1,1,0.997493,1.00306,1,1,0,0,1,"[0]","[1]","[145533]","[0.918642]","[1.37395]","[211382]","[0.0150928]","[1]","[11]","[1]","[1973.94]","[-346.457]","[0.0163034]","[2.16211]",261743,1.39686,3,"[335801,37026.9,33725.9]","[1.79912,2.00956,-0.216544]","[-1.70405,-2.40485,-1.64869]","[1.04339e+06,140753,35143.1]","[0.991987,0.995702,0.998706]","[0,0,0]","[0,0,0]","[-0.37884,-0.268758,-0.759742]",0,"[]","[]","[]","[]","[]","[]","[]","[]","[]","[]",1,"[321290]","[1.8441]","[-1.73889]","[1.04437e+06]","[82834.2]","[0]","[2.63036]","[0.849605]",0,"[]","[]","[]","[]","[]","[]","[]","[]","[]","[]",0,"[1388.51]",4012.72,"[6991.18,3220.83,2041.53]","[]","[6665.44]","[]"
459,284500,7148710,361102,11460,11500.5,3.38179e+11,1.74563,1.00588,1,1,1,0.999446,1.00306,1,1,0,0,1,"[0]","[1]","[159432]","[1.13748]","[2.52085]","[274184]","[0.0462082]","[1]","[11]","[1]","[0]","[-82.0912]","[0.0101652]","[0.894229]",92746.7,2.22661,1,"[262317]","[0.0356016]","[-0.721316]","[262964]","[1]","[0]","[0]","[-0.844604]",0,"[]","[]","[]","[]","[]","[]","[]","[]","[]","[]",1,"[272310]","[0.0365358]","[-0.720482]","[272939]","[15608.8]","[0]","[2.88421]","[0.602165]",0,"[]","[]","[]","[]","[]","[]","[]","[]","[]","[]",0,"[1457.26]",1527.38,"[3287.34]","[]","[7018.69]","[]"
460,284500,7173348,361102,11466.6,11500.5,3.38179e+11,0.596562,1,0.994717,1,1,0.988288,0.984198,1,0,1,0,1,"[0]","[1]","[107776]","[0.379417]","[-1.80907]","[115628]","[-0.035347]","[1]","[13]","[0]","[0]","[333.395]","[0.00293999]","[0.507472]",124267,-1.69657,2,"[375661,176242]","[0.181144,0.934579]","[1.74911,-0.875263]","[382336,260027]","[1,0.99316]","[0,4]","[0,0]","[-0.469075,-0.895448]",0,"[]","[]","[]","[]","[]","[]","[]","[]","[]","[]",1,"[363811]","[0.199138]","[1.7456]","[371183]","[9977.63]","[0]","[4.05842]","[0.203467]",0,"[]","[]","[]","[]","[]","[]","[]","[]","[]","[]",0,"[2810.75]",2257.04,"[4022.62,2796.79]","[]","[34315.2]","[]"
461,284500,6398554,361102,11457.5,11500.5,3.38179e+11,0.506784,0.96654,1,1,1,0.979181,0.9995,1,1,0,0,1,"[0]","[1]","[77587.5]","[2.3073]","[-1.29024]","[393634]","[-0.109112]","[1]","[11]","[1]","[0]","[33.3842]","[-0.101016]","[8.57339]",294033,-2.76396,4,"[425037,107411,44812.5,24181.3]","[0.0586309,0.217022,-2.36457,1.28253]","[0.626506,-2.67938,-2.53748,0.361695]","[426627,111640,240542,47271.4]","[0.899071,0.993586,0.983555,0.989694]","[0,4,0,0]","[0,0,0,0]","[-0.734716,0.239347,-0.918329,0.153615]",0,"[]","[]","[]","[]","[]","[]","[]","[]","[]","[]",1,"[418651]","[0.0447558]","[0.628893]","[420855]","[38709.3]","[0]","[2.93632]","[0.518995]",0,"[]","[]","[]","[]","[]","[]","[]","[]","[]","[]",0,"[694.83]",12330.9,"[6313.97,5575.85,3946.12,4284.62]","[]","[14870.2]","[]"
462,284500,6470487,361102,11457.2,11500.5,3.38179e+11,1.32095,1,0.990564,1,1,0.995304,0.982431,1,0,1,0,1,"[0]","[1]","[98338.1]","[-1.79642]","[-1.90286]","[304548]","[0.023407]","[1]","[13]","[1]","[1059.5]","[-527.091]","[-0.0224839]","[3.17929]",476173,-1.7551,3,"[718540,292941,106379]","[1.43254,1.47858,1.63466]","[1.82831,-0.766509,0.730267]","[1.59202e+06,676532,284039]","[0.985001,1,0.998005]","[0,0,0]","[0,0,0]","[-0.747502,-0.870338,-0.601506]",0,"[]","[]","[]","[]","[]","[]","[]","[]","[]","[]",2,"[765750,281044]","[1.45652,1.49752]","[1.82746,-0.77172]","[1.7327e+06,660118]","[43900.6,24901.2]","[0,0]","[2.81427,2.36586]","[0.837906,0.561124]",0,"[]","[]","[]","[]","[]","[]","[]","[]","[]","[]",0,"[601.844]",7738.5,"[15912.1,7459.96,2820.6]","[]","[27633.1,9788.06]","[]"
463,284500,6544397,361102,11459.2,11500.5,3.38179e+11,0.596562,0.96323,1,1,1,0.997495,1.00493,1,1,0,0,1,"[0]","[1]","[159863]","[-1.28541]","[0.947416]","[311149]","[-0.0435791]","[1]","[11]","[1]","[0]","[-1109.93]","[-0.00845695]","[1.35345]",282832,0.891949,2,"[441815,31948.3]","[0.334783,1.63117]","[-2.1242,2.71084]","[467196,84861]","[1,0.720027]","[0,0]","[0,0]","[-0.923956,-0.869295]",0,"[]","[]","[]","[]","[]","[]","[]","[]","[]","[]",1,"[447405]","[0.310025]","[-2.125]","[469241]","[12335.6]","[0]","[0.285323]","[-1]",0,"[]","[]","[]","[]","[]","[]","[]","[]","[]","[]",0,"[1888.14]",18178.6,"[18269.6,3374.72]","[]","[13876.3]","[]"
464,284500,6595967,361102,11463.8,11500.5,3.38179e+11,1.74563,1,0.994467,1,1,0.984732,0.337309,1,0,1,0,1,"[0]","[1]","[72503.2]","[0.696093]","[-0.391021]","[90789.7]","[0.0425034]","[1]","[13]","[1]","[0]","[-654.786]","[-0.00231326]","[0.348728]",164763,-0.294354,6,"[251150,88078.9,87681.5,36090.7,25395.7,24972.8]","[-0.0544071,-2.37891,0.0949534,0.159478,1.66245,-0.318698]","[-2.75332,1.28843,2.74606,0.750248,0.222311,2.99332]","[251928,479662,89673,36875.4,69552.2,26464]","[1,0.998572,0.993588,0.960575,0.624511,0.978619]","[4,0,0,0,0,0]","[0,0,0,0,0,0]","[-0.310421,-0.850856,-0.414471,-0.830738,-0.802968,-0.597755]",0,"[]","[]","[]","[]","[]","[]","[]","[]","[]","[]",1,"[319482]","[0.0208491]","[-2.92763]","[341955]","[121738]","[0]","[1.103]","[0.616951]",0,"[]","[]","[]","[]","[]","[]","[]","[]","[]","[]",0,"[584.033]",20136,"[2689.82,3175.39,5460.26,2129.69,2538.65,1228.95]","[]","[6719.34]","[]"
465,284500,7170270,361102,11453.8,11500.5,3.38179e+11,0.00220911,1,0.999364,1,1,0.998897,0.91148,1,0,1,0,1,"[0]","[1]","[226928]","[-1.39049]","[2.27403]","[484012]","[-0.0848007]","[1]","[13]","[1]","[0]","[419.562]","[-0.00202688]","[0.366307]",88955.5,2.14097,2,"[335770,61199.9]","[-1.30561,-1.51253]","[-1.06334,1.09494]","[665609,146135]","[0.997261,1]","[0,0]","[0,0]","[-0.933546,-0.900409]",0,"[]","[]","[]","[]","[]","[]","[]","[]","[]","[]",1,"[347802]","[-1.28478]","[-1.06685]","[676994]","[23768.2]","[0]","[2.47368]","[0.677848]",0,"[]","[]","[]","[]","[]","[]","[]","[]","[]","[]",0,"[4704.2]",14805.8,"[14798.1,2808.5]","[]","[10230.8]","[]"
466,284500,7156673,361102,11462.5,11500.5,3.38179e+11,1.26459,0.97446,1,1,1,0.999081,0.98483,1,1,0,0,1,"[0]","[1]","[50010.8]","[-0.38685]","[-1.8886]","[53799.8]","[-0.0150986]","[1]","[11]","[1]","[0]","[5111.39]","[-0.023142]","[2.74421]",148166,-1.21996,2,"[253687,139908]","[0.907447,-2.45988]","[2.48423,0.0201996]","[366173,824756]","[0.987402,0.994674]","[0,0]","[0,0]","[-0.940292,-0.719357]",0,"[]","[]","[]","[]","[]","[]","[]","[]","[]","[]",1,"[260594]","[0.896017]","[2.49001]","[372750]","[16356.6]","[0]","[3.07063]","[0.676048]",0,"[]","[]","[]","[]","[]","[]","[]","[]","[]","[]",0,"[231.194]",3391.36,"[4863.78,5315.78]","[]","[0]","[]"
467,284500,7327899,361102,11467.2,11500.5,3.38179e+11,0.164755,1,0.997033,1,1,0.997878,1.01255,1,0,1,0,1,"[0]","[1]","[68823.1]","[1.6449]","[-2.94358]","[184912]","[-0.0711746]","[1]","[13]","[1]","[0]","[64.6954]","[-0.0437228]","[4.99106]",178267,-3.12044,3,"[265076,129234,20411.9]","[1.62529,-0.234326,0.239994]","[-0.274105,1.4279,-2.05676]","[699554,133185,21404.2]","[0.438113,0.991714,0.872767]","[0,0,0]","[0,0,0]","[-0.926776,-0.938088,-0.76018]",0,"[]","[]","[]","[]","[]","[]","[]","[]","[]","[]",1,"[262007]","[1.64819]","[-0.270789]","[706255]","[14470.1]","[0]","[1.31113]","[0.0256246]",0,"[]","[]","[]","[]","[]","[]","[]","[]","[]","[]",0,"[2130.69]",4900.81,"[4220.27,4412.29,1170.45]","[]","[8691.44]","[]"
468,284500,7380966,361102,11458.7,11500.5,3.38179e+11,0.402058,1,0.993926,1,1,0.986578,0.75481,1,0,1,0,1,"[0]","[1]","[113960]","[-0.289312]","[2.61974]","[118763]","[-0.0360765]","[1]","[13]","[1]","[0]","[139.293]","[0.00578898]","[1.01239]",74781.7,2.55991,4,"[283130,81856.7,37828.6,24481.1]","[1.20739,-0.459571,2.06073,-2.36798]","[-0.141935,-2.60154,-2.19767,2.86267]","[516024,91336.9,151007,131945]","[0.954117,0.99135,0.981883,0.953995]","[4,0,0,0]","[0,0,0,0]","[-0.334025,-0.94732,-0.83947,0.301737]",0,"[]","[]","[]","[]","[]","[]","[]","[]","[]","[]",1,"[282694]","[1.21387]","[-0.142246]","[518190]","[19344.6]","[0]","[3.08997]","[0.486902]",0,"[]","[]","[]","[]","[]","[]","[]","[]","[]","[]",0,"[2490.66]",6566.41,"[8675.42,2690.48,5486.29,1853.62]","[]","[6327.78]","[]"
469,284500,7388746,361102,11458.4,11500.5,3.38179e+11,1.08735,1,0.998799,1,1,0.997894,0.959422,1,0,1,0,1,"[0]","[1]","[108492]","[1.53125]","[-2.18964]","[262564]","[-0.0183449]","[1]","[13]","[1]","[0]","[184.932]","[0.0141813]","[2.47531]",450270,-1.9822,1,"[559326]","[0.995863]","[1.11943]","[861262]","[0.998102]","[0]","[0]","[-0.530389]",0,"[]","[]","[]","[]","[]","[]","[]","[]","[]","[]",1,"[557591]","[0.978259]","[1.11451]","[846745]","[25426.6]","[0]","[2.97603]","[0.562546]",0,"[]","[]","[]","[]","[]","[]","[]","[]","[]","[]",0,"[2193.06]",10917.7,"[13227.7]","[]","[18980.1]","[]"
470,284500,7316673,361102,11449.1,11500.5,3.38179e+11,0.596562,1,0.993241,1,1,1.12662,0.855332,1,0,1,0,1,"[0]","[1]","[38658.6]","[-0.855236]","[-1.35009]","[53679.8]","[-0.0979347]","[1]","[13]","[1]","[1454.63]","[1267.9]","[0.253304]","[35.6209]",246059,-1.24927,1,"[274805]","[-0.0142108]","[1.87969]","[275375]","[0.994292]","[5]","[0]","[0.120375]",0,"[]","[]","[]","[]","[]","[]","[]","[]","[]","[]",1,"[276916]","[-0.0339734]","[1.88299]","[277704]","[18668.3]","[0]","[2.93174]","[0.647957]",0,"[]","[]","[]","[]","[]","[]","[]","[]","[]","[]",0,"[155.792]",16970.7,"[6626.88]","[]","[4699.34]","[]"
471,284500,7421988,361102,11464.4,11500.5,3.38179e+11,1.74563,0.95138,1,1,1,0.999455,0.99031,1,1,0,0,1,"[0]","[1]","[35398.7]","[0.0988139]","[1.57163]","[35571.6]","[-0.00381613]","[1]","[11]","[1]","[0]","[86.0826]","[-0.016054]","[1.42705]",238935,1.08403,1,"[272542]","[0.75959]","[-1.98382]","[355454]","[0.999246]","[0]","[0]","[-0.930901]",0,"[]","[]","[]","[]","[]","[]","[]","[]","[]","[]",1,"[261371]","[0.762806]","[-1.97527]","[341326]","[10208.1]","[0]","[4.2597]","[0.451151]",0,"[]","[]","[]","[]","[]","[]","[]","[]","[]","[]",0,"[21.461]",0.546875,"[3230.83]","[]","[8269.7]","[]"
472,284500,7396675,361102,11448.2,11500.5,3.38179e+11,1.55465,0.97245,1,1,1,0.997891,0.99544,1,1,0,0,1,"[0]","[1]","[109078]","[1.33067]","[0.406712]","[220767]","[0.0389175]","[1]","[11]","[1]","[0]","[-213.794]","[0.0014829]","[0.19632]",212483,0.437891,2,"[287924,37450.6]","[1.76353,1.89024]","[-2.7601,-2.14178]","[864695,126933]","[0.984306,0.992573]","[0,0]","[0,0]","[-0.78234,0.234911]",0,"[]","[]","[]","[]","[]","[]","[]","[]","[]","[]",1,"[289490]","[1.80814]","[-2.70452]","[907927]","[50148.9]","[0]","[2.67668]","[0.485814]",0,"[]","[]","[]","[]","[]","[]","[]","[]","[]","[]",0,"[875.489]",12706.1,"[11202.5,3471.78]","[]","[7650.5]","[]"
473,284500,4037347,361102,11458.1,11500.5,3.38179e+11,0.934886,1,0.997345,1,1,0.999004,0.946696,1,0,1,0,1,"[0]","[1]","[65379.8]","[-0.325513]","[0.133169]","[68874.4]","[0.311489]","[1]","[13]","[1]","[0]","[-672.16]","[0.144659]","[23.0274]",233824,0.014588,1,"[301781]","[-1.59804]","[-3.12374]","[776758]","[0.9944]","[0]","[0]","[-0.500748]",0,"[]","[]","[]","[]","[]","[]","[]","[]","[]","[]",1,"[302083]","[-1.61308]","[-3.12277]","[788374]","[22224.7]","[0]","[2.4494]","[0.72884]",0,"[]","[]","[]","[]","[]","[]","[]","[]","[]","[]",0,"[701.904]",11525.3,"[12595.9]","[]","[2125.72]","[]"
474,284500,4311442,361102,11456.2,11500.5,3.38179e+11,1.74563,1,0.985696,1,1,0.997084,0.989763,1,0,1,0,1,"[0]","[1]","[132206]","[1.69356]","[-1.19919]","[371675]","[-0.0502701]","[1]","[13]","[1]","[0]","[448.011]","[0.0120824]","[1.92318]",351029,-0.957361,4,"[493978,53339.4,53252.9,48162.9]","[1.6446,0.427777,-0.00583679,-2.49091]","[1.99965,-2.53013,-2.28945,0.679732]","[1.32695e+06,58793.8,53625.3,292728]","[0.994933,1,0.999043,0.15693]","[0,0,0,0]","[0,0,0,0]","[-0.837485,-0.848656,-0.909474,-0.796166]",0,"[]","[]","[]","[]","[]","[]","[]","[]","[]","[]",1,"[473819]","[1.65942]","[2.00004]","[1.29039e+06]","[12362.4]","[0]","[25.027]","[-1]",0,"[]","[]","[]","[]","[]","[]","[]","[]","[]","[]",0,"[3302.42]",14076.5,"[14975.2,3211.22,5094.39,3755.24]","[]","[46998.6]","[]"
475,284500,7690687,361102,11453.2,11500.5,3.38179e+11,0.934886,1,0.986559,1,1,0.997276,0.886576,1,0,1,0,1,"[0]","[1]","[25929.8]","[0.957232]","[-1.04624]","[38744.8]","[-0.120895]","[1]","[13]","[1]","[1094.62]","[-134.06]","[0.0384102]","[3.47712]",262613,-0.964465,3,"[309394,55289.1,22922.5]","[1.65097,-0.977802,-2.07222]","[2.3139,-0.226579,2.17076]","[836590,84623,92521.7]","[1,0.998283,0.994675]","[0,0,0]","[0,0,0]","[-0.434024,-0.915641,-0.599344]",0,"[]","[]","[]","[]","[]","[]","[]","[]","[]","[]",1,"[296305]","[1.65679]","[2.30596]","[805632]","[33332.6]","[0]","[2.15396]","[0.788151]",0,"[]","[]","[]","[]","[]","[]","[]","[]","[]","[]",0,"[152.719]",11288.4,"[11485.6,3048.47,1907.79]","[]","[3284.22]","[]"
476,284500,7510307,361102,11463.1,11500.5,3.38179e+11,0.402058,1,0.998593,1,1,0.998227,0.955413,1,0,1,0,1,"[0]","[1]","[87228.5]","[-1.37778]","[2.07043]","[183975]","[0.390797]","[1]","[13]","[0]","[0]","[-476.135]","[0.0629752]","[9.17174]",426632,2.29002,1,"[502846]","[-0.869738]","[-0.880249]","[708140]","[1]","[0]","[0]","[-0.927087]",0,"[]","[]","[]","[]","[]","[]","[]","[]","[]","[]",1,"[503000]","[-0.854812]","[-0.881363]","[700659]","[58188.3]","[0]","[1.92137]","[0.723935]",0,"[]","[]","[]","[]","[]","[]","[]","[]","[]","[]",0,"[2398.69]",8328.78,"[10433.7]","[]","[770.469]","[]"
477,284500,7681651,361102,11460,11500.5,3.38179e+11,1.74563,1,0.995532,1,1,0.987056,0.668725,1,0,1,0,1,"[0]","[1]","[41068.3]","[-0.105269]","[0.46646]","[41296.2]","[-0.0483055]","[1]","[13]","[1]","[0]","[-641.202]","[0.0143587]","[2.03702]",217400,0.976674,1,"[257355]","[-0.0144869]","[-2.18807]","[261869]","[0.978252]","[4]","[0]","[-0.921066]",0,"[]","[]","[]","[]","[]","[]","[]","[]","[]","[]",1,"[262102]","[0.00475079]","[-2.18569]","[267997]","[55886]","[0]","[1.11944]","[0.71507]",0,"[]","[]","[]","[]","[]","[]","[]","[]","[]","[]",0,"[173.594]",16041.3,"[2933.67]","[]","[5501.45]","[]"
478,284500,4743677,361102,11461,11500.5,3.38179e+11,0.596562,0.98413,1,1,1,0.997579,0.99866,1,1,0,0,1,"[0]","[1]","[107460]","[-0.79522]","[-1.19072]","[143266]","[-0.178238]","[1]","[11]","[1]","[0]","[40.1704]","[-0.0308009]","[0.741309]",139494,-1.38104,3,"[275970,49216.8,21012.4]","[0.476893,-0.541236,-1.81341]","[1.7818,-0.442008,-2.76345]","[309596,57416,66178.7]","[0.990887,0.98508,1]","[0,0,0]","[0,0,0]","[-0.930478,-0.908523,-0.271365]",0,"[]","[]","[]","[]","[]","[]","[]","[]","[]","[]",1,"[277288]","[0.453194]","[1.786]","[308158]","[34206.4]","[0]","[2.31757]","[0.633602]",0,"[]","[]","[]","[]","[]","[]","[]","[]","[]","[]",0,"[709.61]",223.484,"[6482.65,5314.34,1139.09]","[]","[41702.2]","[]"
479,284500,7695474,361102,11449.9,11500.5,3.38179e+11,1.08735,1,1.00036,1,1,0.997775,0.988185,1,0,1,0,1,"[0]","[1]","[51099.6]","[-1.26181]","[0.0213767]","[97471]","[-0.292201]","[1]","[13]","[1]","[0]","[-302.252]","[-0.13456]","[19.8453]",474981,-0.0890525,2,"[478360,45037.6]","[-0.907995,-1.48127]","[3.10871,2.6722]","[697007,104608]","[0.994049,0.993773]","[0,0]","[0,0]","[0.173799,-0.791577]",0,"[]","[]","[]","[]","[]","[]","[]","[]","[]","[]",1,"[503596]","[-0.908302]","[3.10861]","[734064]","[108412]","[0]","[1.29038]","[0.715771]",0,"[]","[]","[]","[]","[]","[]","[]","[]","[]","[]",0,"[333.782]",8334.91,"[14487.3,5756.92]","[]","[11515.1]","[]"
480,284500,8018422,361102,11457.5,11500.5,3.38179e+11,1.55465,1,0.991194,1,1,0.998886,1.00949,1,0,1,0,1,"[0]","[1]","[37888.4]","[-1.83151]","[-2.74149]","[121309]","[0.137276]","[1]","[13]","[1]","[0]","[613.205]","[-0.0738299]","[7.62665]",113642,-2.60198,2,"[226399,107081]","[-1.13271,-0.616197]","[0.932595,-1.57915]","[388204,128603]","[0.997223,0.992348]","[0,0]","[0,0]","[-0.466487,-0.947435]",0,"[]","[]","[]","[]","[]","[]","[]","[]","[]","[]",1,"[267255]","[-1.09233]","[0.926491]","[443439]","[14683.4]","[0]","[2.35442]","[0.505833]",0,"[]","[]","[]","[]","[]","[]","[]","[]","[]","[]",0,"[274.301]",10468.3,"[12815,2803.67]","[]","[6140.89]","[]"
481,284500,8048542,361102,11457.8,11500.5,3.38179e+11,0.934886,0.97921,1,1,1,0.999379,1.00192,1,1,0,0,1,"[0]","[1]","[79375.4]","[-0.171583]","[0.715628]","[80546.7]","[-0.0941525]","[1]","[11]","[1]","[0]","[555.773]","[-0.0083245]","[1.04362]",227410,0.973893,1,"[313548]","[0.617517]","[-2.22447]","[375999]","[0.99249]","[0]","[0]","[-0.888094]",0,"[]","[]","[]","[]","[]","[]","[]","[]","[]","[]",1,"[297567]","[0.631831]","[-2.23006]","[359269]","[14774.2]","[0]","[2.31402]","[0.624101]",0,"[]","[]","[]","[]","[]","[]","[]","[]","[]","[]",0,"[325.965]",7454.69,"[8252.96]","[]","[6977.5]","[]"
482,284500,7858521,361102,11456.3,11500.5,3.38179e+11,0.696077,1,0.997422,1,1,0.995487,0.919965,1,0,1,0,1,"[0]","[1]","[591220]","[-0.0543212]","[-0.447933]","[592092]","[-0.0090332]","[1]","[13]","[1]","[0]","[-778.389]","[-0.0137917]","[3.32908]",243183,-0.330189,4,"[679145,91127.8,42092.2,21722.9]","[0.365147,-0.0290413,-1.13502,1.79274]","[2.61501,2.96913,-2.89796,-2.72672]","[726249,91843.1,72515,67188.1]","[0.98591,0.99122,0.985629,0.738284]","[0,0,0,0]","[0,0,0,0]","[-0.936617,-0.852382,-0.91331,-0.790991]",0,"[]","[]","[]","[]","[]","[]","[]","[]","[]","[]",1,"[719468]","[0.283285]","[2.64357]","[759656]","[129539]","[0]","[2.35534]","[0.431096]",0,"[]","[]","[]","[]","[]","[]","[]","[]","[]","[]",0,"[76775.4]",5257.16,"[10702.4,6451.24,8005.03,1584.62]","[]","[4596.62]","[]"
483,284500,8016244,361102,11461.1,11500.5,3.38179e+11,1.08735,0.97097,1,1,1,0.998737,0.99737,1,1,0,0,1,"[0]","[1]","[35848.4]","[0.442461]","[-2.41383]","[39415.1]","[0.0495148]","[1]","[11]","[1]","[0]","[-144.593]","[-0.00457059]","[0.329797]",394980,-2.54034,2,"[398396,37796.4]","[0.646107,0.183656]","[0.585334,0.779579]","[493106,38572.2]","[0.99514,1]","[0,0]","[0,0]","[-0.892101,-0.906591]",0,"[]","[]","[]","[]","[]","[]","[]","[]","[]","[]",1,"[415421]","[0.656604]","[0.604447]","[519690]","[108511]","[0]","[1.14522]","[0.808354]",0,"[]","[]","[]","[]","[]","[]","[]","[]","[]","[]",0,"[87.0249]",6509.72,"[7131.77,2238.18]","[]","[2540.97]","[]"
484,284500,8050350,361102,11464.9,11500.5,3.38179e+11,0.402058,0.96709,1,1,1,0.997956,1.00936,1,1,0,0,1,"[0]","[1]","[138566]","[-0.0285524]","[0.576511]","[138622]","[-0.0125046]","[1]","[11]","[1]","[0]","[133.276]","[-0.0254358]","[4.3089]",157769,0.754822,2,"[24246.2,23799]","[0.261752,-1.53075]","[-2.07695,0.72377]","[25483.6,57814.6]","[0.997279,0.980939]","[0,0]","[0,0]","[-0.780641,-0.75702]",0,"[]","[]","[]","[]","[]","[]","[]","[]","[]","[]",1,"[267986]","[1.07487]","[-2.49372]","[438894]","[23103.9]","[0]","[10.4562]","[0.1765]",0,"[]","[]","[]","[]","[]","[]","[]","[]","[]","[]",0,"[571.836]",5094.77,"[2095.16,3262.23]","[]","[7045.09]","[]"
485,284500,8158308,361102,11457.4,11500.5,3.38179e+11,0.934886,1,0.993355,1,1,0.998883,0.97034,1,0,1,0,1,"[0]","[1]","[78216.2]","[-1.99231]","[-0.791869]","[292092]","[0.00708389]","[1]","[13]","[1]","[0]","[-36.85]","[0.00162677]","[0.25549]",218646,-1.23195,3,"[219698,67547.2,25302.1]","[-0.799504,-1.13833,-0.48342]","[1.91318,2.24381,0.148966]","[294382,116368,28700.1]","[0.993549,0.99063,0.889214]","[0,0,0]","[0,0,0]","[-0.875135,-0.908053,-0.90344]",0,"[]","[]","[]","[]","[]","[]","[]","[]","[]","[]",1,"[254065]","[-0.904421]","[1.98439]","[370538]","[62358.5]","[0]","[1.20324]","[0.516516]",0,"[]","[]","[]","[]","[]","[]","[]","[]","[]","[]",0,"[2376.03]",8014.33,"[4935.46,5298.04,1862.88]","[]","[0]","[]"
486,284500,6416300,361102,11461.4,11500.5,3.38179e+11,0.934886,1,0.997637,1,1,0.981034,0.975015,1,0,1,0,1,"[0]","[1]","[28527]","[1.145]","[-0.329394]","[49361.4]","[-0.0849228]","[1]","[13]","[1]","[0]","[541.813]","[0.00431975]","[0.548068]",199440,-0.720879,2,"[308157,67252.3]","[1.6863,2.2456]","[2.05581,-2.11744]","[861258,321634]","[1,0.989284]","[0,4]","[0,0]","[-0.313627,-0.293616]",0,"[]","[]","[]","[]","[]","[]","[]","[]","[]","[]",1,"[294218]","[1.68356]","[2.06531]","[819954]","[28508.5]","[0]","[1.76603]","[0.692216]",0,"[]","[]","[]","[]","[]","[]","[]","[]","[]","[]",0,"[82.6364]",21707.2,"[8490.46,6297.37]","[]","[85.125]","[]"
487,284500,6437261,361102,11456.4,11500.5,3.38179e+11,1.1961,1,0.995932,1,1,0.997711,0.917258,1,0,1,0,1,"[0]","[1]","[40524.8]","[0.517562]","[1.73679]","[46074.8]","[-0.272877]","[1]","[13]","[1]","[0]","[-413.794]","[-0.0201473]","[2.83088]",69782.9,1.39685,5,"[303906,91025.3,82613.7,33674.4,33007.7]","[-0.23757,-1.8143,0.928352,-1.11394,2.28385]","[-1.18936,1.84152,2.53036,2.65769,0.870876]","[315308,286871,121509,57282.3,163805]","[0.998575,0.994629,0.994523,0.988619,0.993563]","[0,0,0,0,0]","[0,0,0,0,0]","[0.0891251,-0.887351,-0.963026,-0.781362,-0.686929]",0,"[]","[]","[]","[]","[]","[]","[]","[]","[]","[]",1,"[313784]","[-0.252592]","[-1.19441]","[326918]","[44702.3]","[0]","[1.61316]","[0.743364]",0,"[]","[]","[]","[]","[]","[]","[]","[]","[]","[]",0,"[160.776]",14515,"[11846.6,2870.33,4346.77,7917.18,3239.43]","[]","[1321.06]","[]"
488,284500,6515188,361102,11452.3,11500.5,3.38179e+11,1.74563,0.97332,1,1,1,0.998936,0.98683,1,1,0,0,1,"[0]","[1]","[78787.9]","[-1.05819]","[2.51887]","[127173]","[0.23468]","[1]","[11]","[1]","[0]","[678.72]","[-0.0826017]","[3.98671]",332183,2.32163,1,"[398934]","[-0.55804]","[-0.82406]","[462965]","[0.997684]","[0]","[0]","[-0.598125]",0,"[]","[]","[]","[]","[]","[]","[]","[]","[]","[]",1,"[389429]","[-0.535023]","[-0.82326]","[446975]","[20420.1]","[0]","[2.12823]","[0.0627062]",0,"[]","[]","[]","[]","[]","[]","[]","[]","[]","[]",0,"[310.704]",6237.41,"[7659.12]","[]","[8537.94]","[]"
489,284500,8171961,361102,11445.3,11500.5,3.38179e+11,0.402058,0.97949,1,1,1,0.998756,0.99672,1,1,0,0,1,"[0]","[1]","[69744.7]","[1.15248]","[1.59879]","[121422]","[0.0256195]","[1]","[11]","[1]","[0]","[-407.403]","[-0.0837651]","[3.54249]",254867,1.39909,3,"[264266,100267,28348.8]","[0.804636,0.453403,0.830772]","[-1.95932,-1.2347,0.594149]","[355232,112157,38963.2]","[1,0.998317,0.98]","[0,0,0]","[0,0,0]","[-0.913946,-0.941805,-0.864162]",0,"[]","[]","[]","[]","[]","[]","[]","[]","[]","[]",1,"[337068]","[0.735376]","[-1.84908]","[445188]","[105978]","[0]","[1.29093]","[0.772803]",0,"[]","[]","[]","[]","[]","[]","[]","[]","[]","[]",0,"[407.911]",7912.66,"[9459.59,2143.12,2530.77]","[]","[44281.7]","[]"
490,284500,8192703,361102,11461.9,11500.5,3.38179e+11,0.75088,1,0.996703,1,1,0.997444,0.895514,1,0,1,0,1,"[0]","[1]","[197103]","[0.53477]","[-0.00810133]","[225964]","[0.161125]","[1]","[13]","[1]","[0]","[5970.24]","[0.112262]","[20.0331]",183743,-0.142371,2,"[377620,24573]","[-0.0878619,2.32043]","[3.01615,-1.38228]","[380102,126391]","[0.998857,0.812274]","[0,0]","[0,0]","[-0.110166,-0.239458]",0,"[]","[]","[]","[]","[]","[]","[]","[]","[]","[]",1,"[382213]","[-0.0767692]","[3.01982]","[383847]","[19715.4]","[0]","[2.90234]","[0.789261]",0,"[]","[]","[]","[]","[]","[]","[]","[]","[]","[]",0,"[21054.8]",1891.12,"[4550.36,3678.04]","[]","[32100.2]","[]"
491,284500,6373539,361102,11464.1,11500.5,3.38179e+11,0.506784,0.99093,1,1,1,1,1.00306,1,1,0,0,1,"[0]","[1]","[135933]","[0.82983]","[-2.22529]","[185484]","[0.19371]","[1]","[11]","[1]","[0]","[2071.16]","[0.0637525]","[3.07721]",500784,-2.06974,0,"[]","[]","[]","[]","[]","[]","[]","[]",0,"[]","[]","[]","[]","[]","[]","[]","[]","[]","[]",1,"[611228]","[0.446446]","[1.03981]","[673982]","[33284.7]","[0]","[0.333119]","[-1]",0,"[]","[]","[]","[]","[]","[]","[]","[]","[]","[]",0,"[1083.02]",3203.81,"[]","[]","[10879.9]","[]"
492,284500,6520265,361102,11451.4,11500.5,3.38179e+11,1.55465,0.97076,1,1,1,1.04695,0.95972,1,1,0,0,1,"[0]","[1]","[57664.1]","[-0.894795]","[2.82246]","[82330.7]","[0.0449905]","[1]","[11]","[1]","[0]","[-668.395]","[-0.025872]","[2.39832]",427208,3.12642,3,"[386629,96768.5,22545.6]","[-1.59859,0.285317,-1.00539]","[0.0536336,-0.32723,-1.38231]","[995404,101462,35154]","[0.991197,0.972496,0.98836]","[0,5,5]","[0,0,0]","[-0.820122,0.994898,0.708416]",0,"[]","[]","[]","[]","[]","[]","[]","[]","[]","[]",1,"[430344]","[-1.58094]","[0.0504257]","[1.09e+06]","[13270.6]","[0]","[2.56941]","[0.395754]",0,"[]","[]","[]","[]","[]","[]","[]","[]","[]","[]",0,"[100.169]",318.469,"[5612.7,1900.73,1323.93]","[]","[3380.47]","[]"
493,284500,6555856,361102,11464.3,11500.5,3.38179e+11,0.596562,0.96615,1,1,1,0.997259,0.98962,1,1,0,0,1,"[0]","[1]","[63156.8]","[1.27079]","[-2.84902]","[121397]","[-0.00315332]","[1]","[11]","[1]","[0]","[417.427]","[0.0109889]","[1.2279]",343617,-3.03555,4,"[220345,178060,39475,36893.8]","[1.67451,1.19476,0.0473961,-1.58619]","[0.0913294,-0.216287,1.06452,1.94542]","[609106,322021,40217.6,94049.5]","[0.989059,0.992986,0.955101,1]","[0,0,0,0]","[0,0,0,0]","[-0.82516,-0.731007,-0.854081,-0.812234]",0,"[]","[]","[]","[]","[]","[]","[]","[]","[]","[]",1,"[412109]","[1.49464]","[-0.0519265]","[973832]","[132616]","[0]","[1.08705]","[0.784812]",0,"[]","[]","[]","[]","[]","[]","[]","[]","[]","[]",0,"[253.037]",3731.72,"[11972.4,7156.9,1936.45,5995]","[]","[2193.53]","[]"
494,284500,6630103,361102,11460.1,11500.5,3.38179e+11,0.934886,1,0.996274,1,1,0.999438,0.980306,1,0,1,0,1,"[0]","[1]","[75400.8]","[-0.344944]","[1.0085]","[79931.4]","[0.0282211]","[1]","[13]","[1]","[0]","[-617.932]","[-0.0173537]","[2.87091]",170629,1.41169,1,"[247961]","[0.534938]","[-1.84312]","[285276]","[0.972717]","[0]","[0]","[-0.104152]",0,"[]","[]","[]","[]","[]","[]","[]","[]","[]","[]",1,"[256300]","[0.48862]","[-1.84227]","[289334]","[32444.3]","[0]","[1.55935]","[0.582651]",0,"[]","[]","[]","[]","[]","[]","[]","[]","[]","[]",0,"[1179.27]",13075.2,"[13474.6]","[]","[2099.95]","[]"
495,284500,7441718,361102,11453.6,11500.5,3.38179e+11,0.596562,1,0.994293,1,1,0.997422,1.027,1,0,1,0,1,"[0]","[1]","[242027]","[0.401921]","[-0.919606]","[261841]","[0.0257168]","[1]","[13]","[0]","[0]","[421.93]","[-0.0126924]","[2.0996]",73968.9,-0.924934,3,"[338519,86594.2,26597.2]","[1.66214,-1.8732,-1.24015]","[1.88932,-2.4374,-2.61018]","[924785,288735,50123.2]","[0.998153,0.995215,0.975499]","[0,0,0]","[0,0,0]","[-0.704118,-0.626827,-0.569635]",0,"[]","[]","[]","[]","[]","[]","[]","[]","[]","[]",1,"[338128]","[1.66288]","[1.89061]","[924242]","[29189.7]","[0]","[2.32879]","[0.76803]",0,"[]","[]","[]","[]","[]","[]","[]","[]","[]","[]",0,"[23518.2]",1262.52,"[5682.38,9882.93,4146.32]","[]","[32170.5]","[]"
496,284500,6921882,361102,11452.9,11500.5,3.38179e+11,1.74563,0.97166,1,1,1,0.999368,1.0005,1,1,0,0,1,"[0]","[1]","[135035]","[2.14487]","[-0.238797]","[584568]","[-0.0897369]","[1]","[11]","[1]","[0]","[-1308.18]","[0.00426486]","[0.328955]",102056,-0.11577,1,"[238778]","[0.932561]","[2.98054]","[350907]","[0.999862]","[0]","[0]","[-0.861797]",0,"[]","[]","[]","[]","[]","[]","[]","[]","[]","[]",1,"[261425]","[0.907648]","[2.97833]","[377137]","[17968.4]","[0]","[1.98674]","[0.627912]",0,"[]","[]","[]","[]","[]","[]","[]","[]","[]","[]",0,"[1341.38]",3202.67,"[4479.28]","[]","[15052.6]","[]"
497,284500,7438699,361102,11459.3,11500.5,3.38179e+11,1.08735,1,0.996745,1,1,0.998917,1.00829,1,0,1,0,1,"[0]","[1]","[43249.9]","[-1.40476]","[1.64545]","[93419.2]","[-0.0756302]","[1]","[13]","[1]","[0]","[-244.838]","[-0.0393234]","[3.56259]",242741,1.61567,2,"[277667,51036.4]","[-1.81783,-0.997951]","[-1.53916,-2.25761]","[877801,79288.6]","[1,0.983351]","[0,0]","[0,0]","[-0.816213,-0.838681]",0,"[]","[]","[]","[]","[]","[]","[]","[]","[]","[]",1,"[274352]","[-1.81005]","[-1.53548]","[860874]","[17334.3]","[0]","[3.07152]","[0.799074]",0,"[]","[]","[]","[]","[]","[]","[]","[]","[]","[]",0,"[652.163]",5928.81,"[4813.95,6665.03]","[]","[17118.5]","[]"
498,284500,6913023,361102,11453.9,11500.5,3.38179e+11,0.934886,1,0.989771,1,1,1.02675,1.03183,1,0,1,0,1,"[0]","[1]","[185098]","[1.81936]","[-1.52966]","[585839]","[0.0726318]","[1]","[13]","[1]","[0]","[-300.406]","[-0.00707662]","[1.02534]",159549,-0.985909,3,"[102454,42492.9,27437.1]","[0.183098,1.16079,-2.09195]","[0.842228,1.22824,0.597943]","[104493,74792.1,112924]","[0.998621,0.997577,0.998363]","[0,5,0]","[0,0,0]","[-0.923623,0.999944,-0.703697]",0,"[]","[]","[]","[]","[]","[]","[]","[]","[]","[]",1,"[253358]","[0.186398]","[2.40303]","[259086]","[26068.7]","[0]","[0]","[-1]",0,"[]","[]","[]","[]","[]","[]","[]","[]","[]","[]",0,"[2180.55]",11967.7,"[2278.95,1509.1,4709.63]","[]","[2550.81]","[]"
499,284500,4682619,361102,11456.3,11500.5,3.38179e+11,1.08735,1,0.992503,1,1,0.999458,0.972345,1,0,1,0,1,"[0]","[1]","[176606]","[-0.133222]","[-2.61471]","[178175]","[-0.0333424]","[1]","[13]","[1]","[0]","[449.319]","[0.0260564]","[5.02511]",103782,-2.0776,1,"[264915]","[0.625343]","[0.710438]","[318993]","[1]","[0]","[0]","[-0.920832]",0,"[]","[]","[]","[]","[]","[]","[]","[]","[]","[]",1,"[252319]","[0.617034]","[0.716554]","[302188]","[13290.2]","[0]","[2.63011]","[0.359205]",0,"[]","[]","[]","[]","[]","[]","[]","[]","[]","[]",0,"[7416.37]",3748.52,"[4956.25]","[]","[0]","[]"
500,284500,7430257,361102,11456.1,11500.5,3.38179e+11,1.08735,1,0.998629,1,1,0.997494,0.998104,1,0,1,0,1,"[0]","[1]","[236433]","[-2.03543]","[-0.73684]","[920457]","[0.00643158]","[1]","[13]","[1]","[0]","[-161.259]","[0.0123066]","[1.90698]",240750,-0.911566,2,"[463863,34605.1]","[-0.0775884,1.5196]","[2.26553,-3.09503]","[466625,83150.6]","[0.99,0.99]","[0,0]","[0,0]","[-0.970377,-0.242256]",0,"[]","[]","[]","[]","[]","[]","[]","[]","[]","[]",1,"[476644]","[-0.12608]","[2.24796]","[486113]","[74065.4]","[0]","[2.40253]","[0.624499]",0,"[]","[]","[]","[]","[]","[]","[]","[]","[]","[]",0,"[12262.2]",16633.2,"[18024.8,2288.66]","[]","[35299.4]","[]"
501,284500,7489080,361102,11452.5,11500.5,3.38179e+11,0.00220911,1,0.99816,1,1,0.988886,0.922187,1,0,1,0,1,"[0]","[1]","[120908]","[-2.42962]","[0.3367]","[691758]","[0.344204]","[1]","[13]","[1]","[1241.89]","[0]","[0.0171684]","[2.71825]",170576,0.584842,2,"[263663,30325.5]","[-1.01068,-0.512273]","[-2.6464,-2.75518]","[410450,34502.3]","[0.968612,1]","[4,0]","[0,0]","[-0.132046,-0.934182]",0,"[]","[]","[]","[]","[]","[]","[]","[]","[]","[]",1,"[298750]","[-0.987336]","[-2.65438]","[461291]","[65717.4]","[0]","[2.62818]","[0.660567]",0,"[]","[]","[]","[]","[]","[]","[]","[]","[]","[]",0,"[6688]",2490.03,"[2840.29,3620.93]","[]","[1521.09]","[]"
502,284500,6980136,361102,11450.7,11500.5,3.38179e+11,1.08735,0.98458,1,1,1,0.99631,1.00582,1,1,0,0,1,"[0]","[1]","[85049.1]","[-0.541356]","[-1.26994]","[97818.9]","[0.0661392]","[1]","[11]","[1]","[0]","[1599.61]","[0.00417791]","[0.656166]",217933,-1.15065,4,"[258418,32212.3,26503.2,22038.9]","[-0.0657923,-1.36387,-0.185293,-2.37837]","[1.73626,2.54807,-3.10163,2.28786]","[259985,67541,27173.2,119938]","[1,0.974861,0.995682,0.768768]","[0,0,0,0]","[0,0,0,0]","[-0.877397,-0.881935,-0.698769,-0.581073]",0,"[]","[]","[]","[]","[]","[]","[]","[]","[]","[]",1,"[260574]","[-0.0342962]","[1.73661]","[261649]","[21949.4]","[0]","[1.66027]","[0.744237]",0,"[]","[]","[]","[]","[]","[]","[]","[]","[]","[]",0,"[406.9]",12678.5,"[4714.38,3054.97,1763.86,2159.84]","[]","[4552.03]","[]"
503,284500,6984964,361102,11458.5,11500.5,3.38179e+11,0.934886,0.98089,1,1,1,0.996849,0.99866,1,1,0,0,1,"[0]","[1]","[158836]","[-0.903408]","[-2.17572]","[228182]","[-0.0863228]","[1]","[11]","[1]","[0]","[-601.904]","[-0.0292681]","[3.57517]",168258,-2.54259,3,"[301616,168283,26148.1]","[-1.25881,-0.604195,-1.71108]","[0.12809,1.77584,-3.09027]","[573937,200629,74898.6]","[0.998548,0.998015,1]","[0,0,0]","[0,0,0]","[-0.819888,-0.542034,-0.911339]",0,"[]","[]","[]","[]","[]","[]","[]","[]","[]","[]",1,"[307006]","[-1.26846]","[0.126993]","[588936]","[0.0078125]","[0]","[0]","[-1]",0,"[]","[]","[]","[]","[]","[]","[]","[]","[]","[]",0,"[1466.9]",3880.77,"[5291.26,4191.69,5977.49]","[]","[10840.3]","[]"
504,284500,6992363,361102,11451.1,11500.5,3.38179e+11,0.402058,1,1.00236,1,1,0.997436,1.01255,1,0,1,0,1,"[0]","[1]","[111400]","[1.70478]","[3.08863]","[316486]","[0.035429]","[1]","[13]","[1]","[0]","[-154.058]","[0.0216028]","[3.44056]",590344,-3.01266,2,"[685638,69610.8]","[0.00138504,-2.29892]","[-0.00383037,1.43837]","[686399,350293]","[0.999186,0.997874]","[0,0]","[0,0]","[-0.858617,-0.936675]",0,"[]","[]","[]","[]","[]","[]","[]","[]","[]","[]",1,"[695752]","[-0.00849137]","[-0.00423812]","[696241]","[25435.2]","[0]","[1.00606]","[0.0153415]",0,"[]","[]","[]","[]","[]","[]","[]","[]","[]","[]",0,"[460.542]",19252.1,"[20506.5,3895]","[]","[35324.2]","[]"
505,284500,7067601,361102,11458.2,11500.5,3.38179e+11,1.74563,1,0.999929,1,1,0.985211,0.924318,1,0,1,0,1,"[0]","[1]","[72854]","[0.823844]","[-2.54366]","[99008.1]","[-0.274524]","[1]","[13]","[1]","[0]","[-286.969]","[0.0238607]","[3.99054]",169992,-2.40302,5,"[441174,188002,27031.8,21151.4,20395.8]","[1.08288,-0.14274,-0.915396,-0.227975,0.458314]","[0.702329,-2.36625,2.72676,1.2291,-1.55945]","[727832,190444,39610.2,22079.6,22908.1]","[0.991742,0.99,0.914196,0.892156,0.965984]","[0,4,0,0,0]","[0,0,0,0,0]","[-0.950333,-0.828472,-0.919703,-0.84949,-0.940198]",0,"[]","[]","[]","[]","[]","[]","[]","[]","[]","[]",1,"[439540]","[1.0904]","[0.704965]","[729121]","[44207.3]","[0]","[1.77907]","[0.831237]",0,"[]","[]","[]","[]","[]","[]","[]","[]","[]","[]",0,"[104.023]",14417.8,"[13609.6,2079.32,3070.96,3090.62,1592.1]","[]","[16210.5]","[]"
506,284500,7778726,361102,11464.4,11500.5,3.38179e+11,0.934886,0.96435,1,1,1,0.99933,0.9595,1,1,0,0,1,"[0]","[1]","[40135.2]","[-0.759696]","[-2.28465]","[52284.8]","[0.228529]","[1]","[11]","[1]","[0]","[954.822]","[0.148152]","[5.90544]",262134,-2.14613,2,"[258453,38554.2]","[-0.526915,0.234338]","[0.925059,1.36518]","[297942,40102.1]","[1,0.993308]","[0,0]","[0,0]","[-0.881728,-0.652581]",0,"[]","[]","[]","[]","[]","[]","[]","[]","[]","[]",1,"[278950]","[-0.481315]","[0.967232]","[326366]","[96121.4]","[0]","[1.82937]","[0.519294]",0,"[]","[]","[]","[]","[]","[]","[]","[]","[]","[]",0,"[97.1877]",10333.9,"[7623.77,4048.64]","[]","[10559.7]","[]"
507,284500,7784487,361102,11459.4,11500.5,3.38179e+11,0.738662,0.97106,1,1,1,0.999415,0.96201,1,1,0,0,1,"[0]","[1]","[47339.4]","[1.0304]","[1.87704]","[74773.7]","[0.194366]","[1]","[11]","[1]","[2668.32]","[1066.56]","[0.020783]","[2.34599]",157021,2.12102,2,"[257230,73751]","[0.0371725,0.734507]","[-0.9772,2.34296]","[259184,95278.4]","[0.99076,0.998506]","[0,0]","[0,0]","[-0.961159,-0.72206]",0,"[]","[]","[]","[]","[]","[]","[]","[]","[]","[]",1,"[252324]","[0.0814449]","[-0.970535]","[255341]","[33295.2]","[0]","[3.00946]","[0.635054]",0,"[]","[]","[]","[]","[]","[]","[]","[]","[]","[]",0,"[73.0766]",13174.3,"[8881.59,5302.29]","[]","[0]","[]"
508,284500,7807126,361102,11460.2,11500.5,3.38179e+11,1.74563,1,0.989109,1,1,0.988604,0.9895,1,0,1,0,1,"[0]","[1]","[38441.1]","[-1.71273]","[-0.357596]","[110027]","[-0.445808]","[1]","[13]","[1]","[0]","[210.584]","[0.131422]","[17.473]",458053,-0.746794,4,"[351643,158509,94118.5,44720.1]","[-0.0594929,-0.920352,-0.697283,-0.524782]","[2.66833,2.07306,-3.12397,0.0120911]","[352986,231673,118546,51872.4]","[0.982744,1,0.997099,0.96014]","[0,4,0,0]","[0,0,0,0]","[-0.880962,0.672974,-0.735052,-0.871577]",0,"[]","[]","[]","[]","[]","[]","[]","[]","[]","[]",1,"[554097]","[-0.473051]","[2.59807]","[702589]","[335592]","[0]","[1.29603]","[0.371786]",0,"[]","[]","[]","[]","[]","[]","[]","[]","[]","[]",0,"[352.575]",20270.8,"[10557.9,3886.54,4724.27,2798.14]","[]","[25115.2]","[]"
509,284500,6635640,361102,11459.9,11500.5,3.38179e+11,1.24168,0.97867,1,1,1,0.997992,1.01012,1,1,0,0,1,"[0]","[1]","[83657]","[2.00525]","[-1.36077]","[316331]","[-0.160484]","[1]","[11]","[1]","[0]","[-59.2888]","[0.000310977]","[0.0314299]",371615,-1.49354,3,"[477366,66693.8,34139.3]","[0.943931,-1.82488,0.759645]","[1.50399,-2.896,3.07526]","[706901,212359,44987.8]","[0.999097,0.985543,0.995346]","[0,0,0]","[0,0,0]","[-0.584851,-0.766439,0.287668]",0,"[]","[]","[]","[]","[]","[]","[]","[]","[]","[]",1,"[486015]","[0.899323]","[1.50303]","[696360]","[16515.1]","[0]","[2.61997]","[0.0371917]",0,"[]","[]","[]","[]","[]","[]","[]","[]","[]","[]",0,"[423.023]",4527.03,"[7208.82,10432.3,5652.24]","[]","[28346.2]","[]"
510,284500,7025425,361102,11449.1,11500.5,3.38179e+11,1.55465,0.99093,1,1,1,0.889395,1.00306,1,1,0,0,1,"[0]","[1]","[108525]","[0.889813]","[-1.51463]","[154400]","[0.000598907]","[1]","[11]","[1]","[0]","[488.623]","[-0.00478582]","[0.383134]",319457,-1.39807,3,"[333345,63223.7,39554.7]","[-0.134212,0.936452,-0.400169]","[1.70805,2.07641,1.06561]","[341926,93405.5,42998.7]","[1,0.993213,0.997667]","[5,0,5]","[0,0,0]","[0.970435,-0.933645,-0.325816]",0,"[]","[]","[]","[]","[]","[]","[]","[]","[]","[]",1,"[342834]","[-0.174457]","[1.65972]","[360727]","[94736.4]","[0]","[1.74411]","[0.574207]",0,"[]","[]","[]","[]","[]","[]","[]","[]","[]","[]",0,"[644.755]",8140.03,"[7257.64,2615.48,1116.48]","[]","[204.562]","[]"
511,284500,7945834,361102,11466.8,11500.5,3.38179e+11,1.55465,0.97921,1,1,1,1.00591,1.00192,1,1,0,0,1,"[0]","[1]","[63133.2]","[-0.444027]","[-2.65341]","[69459.8]","[-0.130138]","[1]","[11]","[1]","[0]","[718.132]","[-0.0360261]","[2.68283]",179088,-2.23426,3,"[267475,26987.5,25939.3]","[-0.467355,-0.954858,-2.16253]","[0.833957,0.96531,-1.94816]","[297660,40402.5,114381]","[1,0.991653,1]","[0,0,4]","[0,0,0]","[-0.869265,-0.850759,-0.671701]",0,"[]","[]","[]","[]","[]","[]","[]","[]","[]","[]",1,"[269246]","[-0.492688]","[0.842468]","[305100]","[39044.1]","[0]","[2.34712]","[0.454761]",0,"[]","[]","[]","[]","[]","[]","[]","[]","[]","[]",0,"[530.316]",2374.27,"[3415.12,2298.3,2528.67]","[]","[2209.28]","[]"
512,284500,7050126,361102,11460.8,11500.5,3.38179e+11,0.596562,0.97921,1,1,1,1.00734,1.00192,1,1,0,0,1,"[0]","[1]","[66474.5]","[-0.426596]","[-1.91315]","[72615.5]","[-0.0502281]","[1]","[11]","[1]","[1578.73]","[2196.63]","[0.0137224]","[2.04731]",182657,-1.48215,5,"[309700,37213,35457.7,20713.3,20297.8]","[-0.332913,-1.68523,-0.528913,-1.92977,1.73117]","[1.36692,-1.6824,2.89825,-2.74812,-1.73715]","[327583,104027,40864.5,72990,59188]","[0.997297,0.99,1,1,0.975535]","[0,0,0,4,0]","[0,0,0,0,0]","[-0.931538,-0.873686,-0.857023,0.503739,-0.613421]",0,"[]","[]","[]","[]","[]","[]","[]","[]","[]","[]",1,"[310032]","[-0.365045]","[1.37731]","[331035]","[8765.06]","[0]","[1.77643]","[-1]",0,"[]","[]","[]","[]","[]","[]","[]","[]","[]","[]",0,"[352.94]",12530,"[5111.63,3832.64,5841.68,8625.22,1832.15]","[]","[1787.66]","[]"
513,284500,7952492,361102,11458.7,11500.5,3.38179e+11,0.506784,1,0.990716,1,1,0.999145,0.710783,1,0,1,0,1,"[0]","[1]","[124560]","[-0.0754049]","[-1.71102]","[124915]","[-0.0885413]","[1]","[13]","[1]","[1143.34]","[303.805]","[-0.00878901]","[1.55983]",238159,-1.55775,2,"[284291,31901.6]","[-0.926344,-0.191384]","[1.05928,2.80042]","[415727,33325.4]","[0.99493,1]","[0,0]","[0,0]","[-0.902417,-0.75528]",0,"[]","[]","[]","[]","[]","[]","[]","[]","[]","[]",1,"[253977]","[-0.933644]","[1.06434]","[373102]","[10632.8]","[0]","[2.50895]","[0.712085]",0,"[]","[]","[]","[]","[]","[]","[]","[]","[]","[]",0,"[4555.95]",7351.23,"[6659.18,4555.8]","[]","[0]","[]"
514,284500,6576454,361102,11451.1,11500.5,3.38179e+11,0,1,0.98783,1,1,0.997405,0.972841,1,0,1,0,1,"[0]","[1]","[38445.8]","[-1.7426]","[-0.851735]","[113170]","[-0.00657845]","[1]","[13]","[1]","[0]","[-789.976]","[0.0298039]","[3.24709]",365517,-0.81796,4,"[161960,120913,97044.1,26500.9]","[-0.468107,-1.47313,-0.878997,-1.35003]","[2.04799,2.27023,2.47689,2.74291]","[180705,278390,138151,54645.8]","[0.995922,0.977996,0.984632,0.987794]","[0,0,0,0]","[0,0,0,0]","[-0.920228,-0.759157,-0.479387,-0.788784]",0,"[]","[]","[]","[]","[]","[]","[]","[]","[]","[]",1,"[361645]","[-0.899825]","[2.21456]","[547897]","[177922]","[0]","[1.10703]","[0.453141]",0,"[]","[]","[]","[]","[]","[]","[]","[]","[]","[]",0,"[218.207]",6216.31,"[3541.85,4802.66,2677.15,3259.92]","[]","[30060.4]","[]"
515,284500,7221051,361102,11459,11500.5,3.38179e+11,1.08735,0.96988,1,1,1,0.999462,1.00441,1,1,0,0,1,"[0]","[1]","[71337.7]","[1.81285]","[2.72982]","[224396]","[-0.205757]","[1]","[11]","[1]","[0]","[262.68]","[-0.186228]","[18.6594]",199328,2.45882,1,"[271251]","[0.677596]","[-0.604177]","[337718]","[0.996823]","[0]","[0]","[-0.2529]",0,"[]","[]","[]","[]","[]","[]","[]","[]","[]","[]",1,"[287359]","[0.630468]","[-0.640039]","[349450]","[46165.4]","[0]","[2.4311]","[0.729221]",0,"[]","[]","[]","[]","[]","[]","[]","[]","[]","[]",0,"[370.699]",10664.6,"[11123]","[]","[7415.81]","[]"
516,284500,6671715,361102,11449.9,11500.5,3.38179e+11,1.55465,1,0.993784,1,1,0.988248,0.778754,1,0,1,0,1,"[0]","[1]","[38666.9]","[0.67055]","[2.00662]","[47690.7]","[-0.0716782]","[1]","[13]","[1]","[0]","[-269.047]","[-0.0180758]","[2.16814]",158702,1.52339,4,"[294637,174014,75068.6,61190.3]","[0.194415,-1.77765,2.1688,-1.93209]","[-1.76804,0.542067,1.82436,-2.0994]","[300662,529502,332695,215735]","[0.995023,0.994182,0.993642,0.963336]","[0,5,4,5]","[0,0,0,0]","[-0.825242,0.970647,-0.938069,0.95871]",0,"[]","[]","[]","[]","[]","[]","[]","[]","[]","[]",1,"[275020]","[0.238047]","[-1.76466]","[283045]","[10532.5]","[0]","[0.948399]","[-1]",0,"[]","[]","[]","[]","[]","[]","[]","[]","[]","[]",0,"[160.458]",5727.92,"[3506.66,5529.72,3984,1409.44]","[]","[22248.2]","[]"
517,284500,7218051,361102,11459.1,11500.5,3.38179e+11,0.00133961,1,0.990258,1,1,0.986562,1.01307,1,0,1,0,1,"[0]","[1]","[115069]","[1.74411]","[-0.706845]","[339201]","[0.0288811]","[1]","[13]","[1]","[0]","[-135.502]","[-0.00568712]","[0.966966]",144695,-0.588362,4,"[425632,231092,59006.1,27123]","[0.904672,-0.94431,-0.344947,-0.22231]","[2.88109,-0.298292,1.56116,-0.778068]","[612564,342468,62809.6,28059.5]","[0.995714,0.998615,0.991515,0.94127]","[0,4,0,0]","[0,0,0,0]","[-0.747405,0.266973,-0.859223,-0.645148]",0,"[]","[]","[]","[]","[]","[]","[]","[]","[]","[]",1,"[437334]","[0.911622]","[2.88011]","[632255]","[18059.8]","[0]","[2.49378]","[0.702303]",0,"[]","[]","[]","[]","[]","[]","[]","[]","[]","[]",0,"[2609.29]",13356.1,"[10876.8,3888.13,5004.62,1900.8]","[]","[36250.4]","[]"
518,284500,7216009,361102,11446.4,11500.5,3.38179e+11,1.55465,1,0.993241,1,1,0.998928,0.450828,1,0,1,0,1,"[0]","[1]","[58138.1]","[-0.98597]","[-1.36717]","[88762.1]","[0.114204]","[1]","[13]","[1]","[0]","[710.467]","[-0.19966]","[31.3779]",245906,-1.42641,3,"[294413,68678.6,26962.1]","[-0.379054,2.09528,0.149675]","[1.48523,-2.79157,1.68762]","[316479,283459,27684.9]","[0.999226,0.999124,0.988044]","[0,0,0]","[0,0,0]","[-0.92956,-0.857209,-0.830148]",0,"[]","[]","[]","[]","[]","[]","[]","[]","[]","[]",1,"[286530]","[-0.406979]","[1.48487]","[311294]","[20947.4]","[0]","[1.36055]","[0.144387]",0,"[]","[]","[]","[]","[]","[]","[]","[]","[]","[]",0,"[87.1774]",3460.16,"[3327.51,4574.37,5705.56]","[]","[14262.2]","[]"
519,284500,6673887,361102,11457.9,11500.5,3.38179e+11,0,0.97994,1,1,1,1,1.00632,1,1,0,0,1,"[0]","[1]","[270341]","[0.321334]","[1.5025]","[284418]","[-0.0553079]","[1]","[11]","[1]","[0]","[832.067]","[-0.0133038]","[1.61362]",278968,-1.66744,0,"[]","[]","[]","[]","[]","[]","[]","[]",0,"[]","[]","[]","[]","[]","[]","[]","[]","[]","[]",1,"[284186]","[0.31956]","[1.50451]","[298857]","[4715.12]","[0]","[0]","[-1]",0,"[]","[]","[]","[]","[]","[]","[]","[]","[]","[]",0,"[1673.32]",0,"[]","[]","[16698.4]","[]"
520,284500,6837551,361102,11465.1,11500.5,3.38179e+11,0.934886,1,0.99265,1,1,0.998921,1.01302,1,0,1,0,1,"[0]","[1]","[29668.9]","[-1.45606]","[1.23735]","[67084.2]","[-0.0192118]","[1]","[13]","[1]","[0]","[-722.014]","[0.0458145]","[4.42047]",122133,1.76466,2,"[243920,115297]","[-0.645972,-0.681221]","[-1.10444,2.63939]","[296862,144812]","[0.994853,0.999821]","[0,0]","[0,0]","[-0.83495,-0.473962]",0,"[]","[]","[]","[]","[]","[]","[]","[]","[]","[]",1,"[266634]","[-0.705397]","[-1.03815]","[337380]","[32948.5]","[0]","[1.71076]","[0.41271]",0,"[]","[]","[]","[]","[]","[]","[]","[]","[]","[]",0,"[191.769]",8895.91,"[5643.39,4244.7]","[]","[0]","[]"
521,284500,6790122,361102,11461.7,11500.5,3.38179e+11,0.934886,1,0.997835,1,1,0.997757,0.916298,1,0,1,0,1,"[0]","[1]","[68105.9]","[-0.438899]","[2.07739]","[74771.6]","[0.00457764]","[1]","[13]","[0]","[2878.8]","[82.9771]","[0.0051314]","[0.946429]",364791,2.36373,4,"[342329,121412,22783.4,21162.9]","[0.682041,0.493385,0.887436,1.06011]","[-0.636772,-1.15308,-1.8931,2.14103]","[425496,136616,32731.9,34491.9]","[0.999666,1,0.832475,0.966638]","[0,0,0,0]","[0,0,0,0]","[-0.942559,-0.843346,-0.882763,-0.849933]",0,"[]","[]","[]","[]","[]","[]","[]","[]","[]","[]",1,"[427290]","[0.680786]","[-0.766039]","[542260]","[113763]","[0]","[0.347397]","[0.455904]",0,"[]","[]","[]","[]","[]","[]","[]","[]","[]","[]",0,"[819.94]",19576.5,"[8765.72,7348.14,1655.46,1594.23]","[]","[9951.53]","[]"
522,284500,6823126,361102,11455.8,11500.5,3.38179e+11,1.55465,0.96787,1,1,1,0.997626,0.98743,1,1,0,0,1,"[0]","[1]","[96751]","[-0.0639554]","[2.03252]","[96948.9]","[-0.0910187]","[1]","[11]","[1]","[0]","[-193.552]","[0.0509478]","[5.12398]",439439,2.26836,4,"[381417,189259,48789.6,21271]","[1.20257,1.09397,0.196049,0.808145]","[-0.572951,-1.70488,-0.862996,-0.0740378]","[692590,314894,50199.2,28938.3]","[0.999807,0.982241,0.984041,0.971389]","[0,0,0,0]","[0,0,0,0]","[-0.746526,0.140398,-0.875943,-0.704729]",0,"[]","[]","[]","[]","[]","[]","[]","[]","[]","[]",1,"[432831]","[1.15104]","[-0.586037]","[758997]","[97994.4]","[0]","[3.13442]","[0.615288]",0,"[]","[]","[]","[]","[]","[]","[]","[]","[]","[]",0,"[421.585]",13375.4,"[19075.5,5838.36,2099.4,1912.43]","[]","[9645.78]","[]"
523,284500,6788892,361102,11452.6,11500.5,3.38179e+11,0.934886,1,0.996796,1,1,0.997581,0.977623,1,0,1,0,1,"[0]","[1]","[41307.5]","[-0.390363]","[0.696737]","[44495.1]","[0.0427227]","[1]","[13]","[1]","[0]","[-222.031]","[-0.0832426]","[7.88422]",186285,0.654287,3,"[252610,34760.6,24030.8]","[-0.898136,1.18086,-2.49756]","[-2.61154,0.248564,-2.71333]","[362091,62136.9,147059]","[0.990473,0.995238,0.98305]","[0,0,0]","[0,0,0]","[-0.41318,-0.877884,-0.564437]",0,"[]","[]","[]","[]","[]","[]","[]","[]","[]","[]",1,"[268247]","[-0.884157]","[-2.6087]","[380449]","[16144.9]","[0]","[2.84398]","[0.62953]",0,"[]","[]","[]","[]","[]","[]","[]","[]","[]","[]",0,"[211.855]",13824.3,"[3820.33,4283.58,2427.49]","[]","[7149.83]","[]"
524,284500,6795039,361102,11449.3,11500.5,3.38179e+11,0.619412,0.97209,1,1,1,0.996297,0.99756,1,1,0,0,1,"[0]","[1]","[73154]","[-0.0107056]","[0.325457]","[73158.2]","[-0.0335007]","[1]","[11]","[1]","[0]","[2120.39]","[0.0234195]","[2.95719]",214416,0.78776,3,"[277921,42890.9,21198.6]","[-1.93974,-2.00535,-1.81204]","[-2.37554,2.58414,0.00571635]","[987061,162287,66771.3]","[1,0.990144,0.92341]","[0,0,0]","[0,0,0]","[-0.894699,-0.905175,-0.431111]",0,"[]","[]","[]","[]","[]","[]","[]","[]","[]","[]",1,"[287428]","[-1.90353]","[-2.32741]","[986828]","[47779.6]","[0]","[2.85588]","[0.679495]",0,"[]","[]","[]","[]","[]","[]","[]","[]","[]","[]",0,"[178.85]",10078.4,"[10889.5,3215.51,1707.04]","[]","[4946.09]","[]"
525,284500,6884387,361102,11466.2,11500.5,3.38179e+11,0.934886,0.9617,1,1,1,0.997874,1,1,1,0,0,1,"[0]","[1]","[53745]","[0.0412921]","[0.913634]","[53790.8]","[-0.153706]","[1]","[11]","[0]","[0]","[1799.92]","[-0.101563]","[12.6408]",198973,0.528481,3,"[366759,140732,23559.4]","[0.900784,0.487663,-0.312234]","[-2.31688,1.24932,-0.614323]","[526242,158468,25140]","[1,0.98469,0.604231]","[0,0,0]","[0,0,0]","[-0.87055,-0.151779,-0.719589]",0,"[]","[]","[]","[]","[]","[]","[]","[]","[]","[]",1,"[376225]","[0.918692]","[-2.3185]","[547167]","[27478.4]","[0]","[4.13016]","[0.501649]",0,"[]","[]","[]","[]","[]","[]","[]","[]","[]","[]",0,"[161.413]",418.406,"[6564.46,7099.14,1774.55]","[]","[2952.94]","[]"
526,284500,7637721,361102,11457.4,11500.5,3.38179e+11,1.08735,1,0.996135,1,1,0.998323,0.997038,1,0,1,0,1,"[0]","[1]","[114299]","[2.08822]","[0.262502]","[468306]","[-0.207802]","[1]","[13]","[1]","[0]","[-109.642]","[0.0519697]","[7.66865]",135872,0.340119,3,"[317930,87768.4,25356]","[1.9536,0.944992,-0.777757]","[-2.59174,1.20762,1.66656]","[1.14405e+06,130633,33813.6]","[1,1,0.999731]","[0,0,0]","[0,0,0]","[-0.933048,-0.91359,-0.639339]",0,"[]","[]","[]","[]","[]","[]","[]","[]","[]","[]",1,"[318551]","[1.97119]","[-2.58881]","[1.16585e+06]","[20835.5]","[0]","[3.03632]","[0.645162]",0,"[]","[]","[]","[]","[]","[]","[]","[]","[]","[]",0,"[5248.2]",5172.09,"[7277.37,2638.15,2056.56]","[]","[9775.09]","[]"
527,284500,7876552,361102,11458.4,11500.5,3.38179e+11,1.08735,0.97553,1,1,1,0.998279,1.01265,1,1,0,0,1,"[0]","[1]","[93439.2]","[1.63243]","[-0.00572045]","[248163]","[0.137436]","[1]","[11]","[1]","[0]","[-576.708]","[0.135463]","[7.5227]",168015,-0.266764,4,"[176212,91801.2,21097.3,20966.2]","[1.16934,1.45183,1.13259,-0.925033]","[2.97722,2.50444,-2.18975,-1.48568]","[311370,207367,36158.7,30816]","[1,0.99602,0.962976,0.99]","[0,0,0,0]","[0,0,0,0]","[-0.71777,-0.948478,-0.920165,-0.567127]",0,"[]","[]","[]","[]","[]","[]","[]","[]","[]","[]",1,"[273224]","[1.25654]","[2.84535]","[526527]","[89675.7]","[0]","[1.20357]","[0.655326]",0,"[]","[]","[]","[]","[]","[]","[]","[]","[]","[]",0,"[935.023]",5780.94,"[8821.55,8806.35,3279.55,1170.96]","[]","[9627.81]","[]"
528,284500,7638749,361102,11453.8,11500.5,3.38179e+11,0.934886,1,0.993604,1,1,0.987149,0.979059,1,0,1,0,1,"[0]","[1]","[95915.5]","[-0.617018]","[-2.82333]","[114760]","[0.0249085]","[1]","[13]","[1]","[0]","[-277.737]","[0.109031]","[18.8273]",278855,3.1384,2,"[351424,21272.8]","[-0.829287,-0.859616]","[0.114986,-0.639636]","[479846,29967.2]","[0.985746,0.661525]","[4,0]","[0,0]","[-0.900272,-0.91052]",0,"[]","[]","[]","[]","[]","[]","[]","[]","[]","[]",1,"[357147]","[-0.832101]","[0.12228]","[488912]","[28331.9]","[0]","[3.0635]","[0.226207]",0,"[]","[]","[]","[]","[]","[]","[]","[]","[]","[]",0,"[3481.56]",6517.75,"[5073.61,3815.23]","[]","[18874.9]","[]"
529,284500,6888947,361102,11465.6,11500.5,3.38179e+11,0.934886,0.93912,1,1,1,0.997836,0.86806,1,1,0,0,1,"[0]","[1]","[28468.6]","[-2.16862]","[3.05697]","[126123]","[1.60272]","[1]","[11]","[1]","[0]","[855.996]","[-0.10962]","[1.59122]",563057,-2.51931,2,"[598376,36254.4]","[-0.491826,0.771849]","[0.660168,-1.43054]","[672855,47962.5]","[0.998062,0.96732]","[0,0]","[0,0]","[-0.878616,-0.868934]",0,"[]","[]","[]","[]","[]","[]","[]","[]","[]","[]",1,"[602356]","[-0.507826]","[0.661936]","[682274]","[27756.9]","[0]","[3.90489]","[0.0991208]",0,"[]","[]","[]","[]","[]","[]","[]","[]","[]","[]",0,"[294.012]",7708.56,"[9484.39,3664.09]","[]","[8284.12]","[]"
530,284500,5021577,361102,11456.5,11500.5,3.38179e+11,0.934886,0.9655,1,1,1,0.997762,1.00324,1,1,0,0,1,"[0]","[1]","[32848.2]","[0.500723]","[1.60664]","[37052.9]","[0.0329399]","[1]","[11]","[1]","[0]","[1896.26]","[0.0820871]","[8.17373]",158638,1.32512,3,"[248619,55863.2,21062.8]","[1.34643,-0.584665,2.49742]","[-1.53107,2.09516,2.44242]","[510759,66059.9,128876]","[0.994816,0.968331,-0.1]","[0,0,0]","[0,0,0]","[-0.917295,-0.846842,-0.35585]",0,"[]","[]","[]","[]","[]","[]","[]","[]","[]","[]",1,"[253601]","[1.35596]","[-1.51094]","[525583]","[30091.5]","[0]","[2.56656]","[0.682274]",0,"[]","[]","[]","[]","[]","[]","[]","[]","[]","[]",0,"[25.056]",8739.31,"[5136.9,7577.03,1259.52]","[]","[114.578]","[]"
531,284500,5002152,361102,11451.9,11500.5,3.38179e+11,0.596562,0.98697,1,1,1,0.999227,1.00582,1,1,0,0,1,"[0]","[1]","[158342]","[-0.462755]","[-2.97591]","[175601]","[-0.000274658]","[1]","[11]","[1]","[2660.92]","[-392.196]","[-0.0205466]","[3.11025]",174244,3.07025,1,"[330990]","[0.263488]","[0.0917685]","[342791]","[0.994138]","[0]","[0]","[-0.526167]",0,"[]","[]","[]","[]","[]","[]","[]","[]","[]","[]",1,"[344809]","[0.194526]","[0.0928911]","[351747]","[16645.7]","[0]","[3.66971]","[0.354264]",0,"[]","[]","[]","[]","[]","[]","[]","[]","[]","[]",0,"[2152.51]",10622.4,"[11377.9]","[]","[6632.19]","[]"
532,284500,8212754,361102,11454,11500.5,3.38179e+11,1.55465,0.97095,1,1,1,0.99854,0.99593,1,1,0,0,1,"[0]","[1]","[36555.4]","[-0.270466]","[1.01003]","[37900.6]","[-0.00440216]","[1]","[11]","[1]","[0]","[-826.472]","[0.0065213]","[0.868154]",443456,1.24382,1,"[444336]","[1.05071]","[-1.90563]","[713837]","[0.994709]","[0]","[0]","[-0.979704]",0,"[]","[]","[]","[]","[]","[]","[]","[]","[]","[]",1,"[436746]","[1.07677]","[-1.90211]","[716103]","[32510.5]","[0]","[2.08787]","[0.704399]",0,"[]","[]","[]","[]","[]","[]","[]","[]","[]","[]",0,"[59.4618]",11457.3,"[13733.4]","[]","[13824]","[]"
533,284500,8199062,361102,11457.6,11500.5,3.38179e+11,1.55465,1,0.995324,1,1,0.998833,0.956909,1,0,1,0,1,"[0]","[1]","[121703]","[0.444199]","[1.56876]","[133908]","[0.00538635]","[1]","[13]","[1]","[0]","[841.897]","[-0.00440781]","[0.698447]",288659,1.79204,1,"[409686]","[-0.380432]","[-1.42057]","[440231]","[0.998646]","[0]","[0]","[-0.969326]",0,"[]","[]","[]","[]","[]","[]","[]","[]","[]","[]",1,"[406907]","[-0.348459]","[-1.41922]","[432076]","[13610.2]","[0]","[0]","[-1]",0,"[]","[]","[]","[]","[]","[]","[]","[]","[]","[]",0,"[5916.36]",491.25,"[4516.42]","[]","[31693.5]","[]"
534,284500,7756882,361102,11456.8,11500.5,3.38179e+11,0.934886,1,0.998159,1,1,0.999403,0.57699,1,0,1,0,1,"[0]","[1]","[179632]","[-0.0677314]","[-1.62901]","[180044]","[0.0467088]","[1]","[13]","[1]","[0]","[-453.223]","[-0.00367021]","[0.712025]",79035.4,-1.90203,1,"[259879]","[-1.11529]","[1.39512]","[439144]","[0.995077]","[0]","[0]","[-0.902347]",0,"[]","[]","[]","[]","[]","[]","[]","[]","[]","[]",1,"[292312]","[-1.1146]","[1.3919]","[493580]","[9906.17]","[0]","[4.65786]","[0.642544]",0,"[]","[]","[]","[]","[]","[]","[]","[]","[]","[]",0,"[15911.9]",7910.41,"[8713.83]","[]","[1133.12]","[]"
535,284500,8001426,361102,11452.4,11500.5,3.38179e+11,1.08735,0.9617,1,1,1,0.999385,0.97432,1,1,0,0,1,"[0]","[1]","[50661.1]","[0.0753394]","[1.29968]","[50804.9]","[0.214462]","[1]","[11]","[1]","[0]","[682.662]","[-0.0967598]","[12.422]",239585,1.00436,1,"[294614]","[1.01141]","[-2.05528]","[458863]","[0.993151]","[0]","[0]","[-0.819255]",0,"[]","[]","[]","[]","[]","[]","[]","[]","[]","[]",1,"[300983]","[1.02024]","[-2.05398]","[472077]","[18956]","[0]","[2.83969]","[0.658795]",0,"[]","[]","[]","[]","[]","[]","[]","[]","[]","[]",0,"[41.2387]",7198.48,"[8053.36]","[]","[22212.6]","[]"
536,284500,6762404,361102,11450.3,11500.5,3.38179e+11,1.74563,1,0.998393,1,1,0.999066,0.839747,1,0,1,0,1,"[0]","[1]","[26905.6]","[-0.674632]","[1.6889]","[33264.3]","[0.0401535]","[1]","[13]","[1]","[0]","[-79.358]","[-0.048353]","[5.39923]",270147,1.58545,2,"[282041,27885.9]","[0.000593709,0.552097]","[-1.61301,-2.42507]","[283642,32512.7]","[0.993055,0.986452]","[0,0]","[0,0]","[-0.912873,-0.828503]",0,"[]","[]","[]","[]","[]","[]","[]","[]","[]","[]",1,"[276699]","[-0.028432]","[-1.61089]","[278267]","[28431.4]","[0]","[1.3979]","[0.695573]",0,"[]","[]","[]","[]","[]","[]","[]","[]","[]","[]",0,"[107.811]",2885.59,"[6248.65,3182.94]","[]","[18633.7]","[]"
537,284500,6847512,361102,11455.1,11500.5,3.38179e+11,0.596562,0.95734,1,1,1,0.997549,0.97256,1,1,0,0,1,"[0]","[1]","[30018]","[0.98576]","[2.81656]","[45822.6]","[0.0185356]","[1]","[11]","[1]","[0]","[348.609]","[0.0273307]","[3.07062]",231287,-3.04641,3,"[277650,111663,21083.3]","[-0.895922,-2.00219,1.82344]","[0.53015,-1.36715,-2.271]","[397552,421225,67037.4]","[0.994362,0.991694,0.986668]","[0,0,0]","[0,0,0]","[-0.0687458,-0.694724,-0.794716]",0,"[]","[]","[]","[]","[]","[]","[]","[]","[]","[]",1,"[264251]","[-0.915136]","[0.54118]","[383562]","[23453.6]","[0]","[2.01304]","[0.520825]",0,"[]","[]","[]","[]","[]","[]","[]","[]","[]","[]",0,"[75.3286]",9912.58,"[11492.8,2933.11,1564.95]","[]","[4461.27]","[]"
538,284500,6844196,361102,11449.1,11500.5,3.38179e+11,0,0.97076,1,1,1,0.997596,0.95972,1,1,0,0,1,"[0]","[1]","[54110.5]","[-0.920056]","[-2.89995]","[78674.7]","[0.0454254]","[1]","[11]","[1]","[0]","[-707.587]","[-0.0507287]","[1.88238]",205354,-2.47488,2,"[279451,23208]","[-1.20805,-2.47172]","[0.644475,-2.45809]","[509832,138444]","[0.997819,0]","[0,0]","[0,0]","[-0.862453,-0.72555]",0,"[]","[]","[]","[]","[]","[]","[]","[]","[]","[]",1,"[264565]","[-1.22729]","[0.652205]","[490202]","[9304.36]","[0]","[2.21121]","[0.400953]",0,"[]","[]","[]","[]","[]","[]","[]","[]","[]","[]",0,"[172.531]",12444.2,"[12263.1,1872.03]","[]","[16364.1]","[]"
539,284500,6852939,361102,11452.8,11500.5,3.38179e+11,1.74563,0.98536,1,1,1,0.988337,0.9918,1,1,0,0,1,"[0]","[1]","[94021]","[-0.70305]","[-1.27248]","[118230]","[0.165985]","[1]","[11]","[1]","[0]","[60.587]","[-0.0372462]","[3.09249]",198592,-1.38941,2,"[257217,20909.3]","[-1.63811,1.22695]","[1.66819,2.73029]","[687258,38858.1]","[0.952405,0.986046]","[4,0]","[0,0]","[-0.570557,-0.839815]",0,"[]","[]","[]","[]","[]","[]","[]","[]","[]","[]",1,"[259033]","[-1.64573]","[1.6824]","[697218]","[31804.1]","[0]","[2.07045]","[0.621412]",0,"[]","[]","[]","[]","[]","[]","[]","[]","[]","[]",0,"[405.118]",4239.31,"[9484.29,5975.59]","[]","[0]","[]"
540,284500,7802723,361102,11451.5,11500.5,3.38179e+11,1.55465,1,0.990802,1,1,0.999378,1.01697,1,0,1,0,1,"[0]","[1]","[33517.4]","[1.72529]","[0.232317]","[97071.2]","[-0.0115604]","[1]","[13]","[1]","[0]","[-76.5446]","[-0.00057833]","[0.0606844]",255668,0.501943,1,"[294108]","[1.05281]","[-2.61753]","[473028]","[1]","[0]","[0]","[-0.89476]",0,"[]","[]","[]","[]","[]","[]","[]","[]","[]","[]",1,"[301668]","[1.05551]","[-2.61557]","[486069]","[12543.5]","[0]","[5.44931]","[0.554795]",0,"[]","[]","[]","[]","[]","[]","[]","[]","[]","[]",0,"[95.8771]",5803.55,"[6817.7]","[]","[9883.22]","[]"
541,284500,5380495,361102,11457,11500.5,3.38179e+11,1.1961,1,0.997735,1,1,0.998468,0.945822,1,0,1,0,1,"[0]","[1]","[216616]","[0.763893]","[2.82812]","[282950]","[0.0724373]","[1]","[13]","[1]","[0]","[455.771]","[0.00506102]","[0.852467]",192186,3.10751,1,"[412606]","[1.58886]","[-0.282671]","[1.05293e+06]","[0.996888]","[0]","[0]","[-0.323559]",0,"[]","[]","[]","[]","[]","[]","[]","[]","[]","[]",1,"[422223]","[1.57619]","[-0.282953]","[1.06481e+06]","[16225.2]","[0]","[3.01136]","[0.414159]",0,"[]","[]","[]","[]","[]","[]","[]","[]","[]","[]",0,"[2409.6]",2876.19,"[9744.6]","[]","[28428.4]","[]"
542,284500,5022881,361102,11455.2,11500.5,3.38179e+11,0.934886,1,0.993154,1,1,0.997166,0.984198,1,0,1,0,1,"[0]","[1]","[46292.1]","[0.408262]","[-2.07682]","[50204]","[0.150906]","[1]","[13]","[1]","[0]","[-466.053]","[0.0108896]","[1.06156]",192246,-2.1285,2,"[241033,21583.6]","[1.91149,-1.80464]","[1.12945,-1.05439]","[833183,67513.9]","[0.995909,0.968832]","[0,0]","[0,0]","[-0.577518,-0.824869]",0,"[]","[]","[]","[]","[]","[]","[]","[]","[]","[]",1,"[252421]","[1.897]","[1.1208]","[860357]","[14509.6]","[0]","[2.38004]","[0.70687]",0,"[]","[]","[]","[]","[]","[]","[]","[]","[]","[]",0,"[517.931]",7896.58,"[4581.52,1562.15]","[]","[2661.16]","[]"
543,284500,5672378,361102,11467.1,11500.5,3.38179e+11,1.55465,1,1,1,1,0.981556,1,1,1,0,0,1,"[0]","[1]","[94035.5]","[2.33133]","[-1.32624]","[488458]","[0.0970631]","[1]","[11]","[0]","[0]","[395.793]","[-0.0643449]","[3.89359]",292664,-1.52928,2,"[306176,87103.6]","[0.199205,0.519985]","[1.75806,1.33008]","[315940,99970.7]","[0.994532,0.998817]","[0,4]","[0,0]","[-0.866703,0.230798]",0,"[]","[]","[]","[]","[]","[]","[]","[]","[]","[]",1,"[360440]","[0.263715]","[1.68587]","[385973]","[99053]","[0]","[1.20299]","[0.730049]",0,"[]","[]","[]","[]","[]","[]","[]","[]","[]","[]",0,"[646.814]",9560.88,"[6037.7,1335.6]","[]","[21265.4]","[]"
544,284500,5375380,361102,11457.3,11500.5,3.38179e+11,1.08735,0.9823,1,1,1,0.998101,1.00632,1,1,0,0,1,"[0]","[1]","[114640]","[0.329156]","[-2.75872]","[120907]","[0.142772]","[1]","[11]","[1]","[0]","[3898.15]","[0.0337913]","[5.33151]",126723,-2.58297,2,"[314538,196049]","[1.83398,-0.827624]","[1.09987,-1.22268]","[1.00966e+06,267550]","[0.986864,0.998653]","[0,0]","[0,0]","[-0.394909,-0.864716]",0,"[]","[]","[]","[]","[]","[]","[]","[]","[]","[]",1,"[318264]","[1.84404]","[1.0747]","[1.03176e+06]","[33757]","[0]","[3.15773]","[0.839631]",0,"[]","[]","[]","[]","[]","[]","[]","[]","[]","[]",0,"[453.224]",1079.38,"[4765.18,3166.48]","[]","[4684.16]","[]"
545,284500,4065152,361102,11458.1,11500.5,3.38179e+11,1.08735,0.96654,1,1,1,0.999109,0.9995,1,1,0,0,1,"[0]","[1]","[60043.5]","[2.26003]","[-0.685756]","[290843]","[-0.0554142]","[1]","[11]","[1]","[0]","[727.712]","[0.00581712]","[0.406203]",289700,-0.901056,1,"[352348]","[-0.0122566]","[2.29215]","[354131]","[0.997948]","[0]","[0]","[-0.167455]",0,"[]","[]","[]","[]","[]","[]","[]","[]","[]","[]",1,"[367750]","[-0.0140835]","[2.29146]","[369755]","[38102.8]","[0]","[2.34132]","[0.662705]",0,"[]","[]","[]","[]","[]","[]","[]","[]","[]","[]",0,"[395.01]",1000.75,"[3790.07]","[]","[6809.28]","[]"
546,284500,7452627,361102,11458.2,11500.5,3.38179e+11,1.08735,0.97429,1,1,1,0.998197,0.98653,1,1,0,0,1,"[0]","[1]","[52072.3]","[0.598471]","[-2.14967]","[61679.3]","[-0.00520742]","[1]","[11]","[1]","[0]","[-203.916]","[0.0330904]","[5.80181]",322784,-1.996,3,"[371849,28793.3,21392.9]","[-0.00485523,0.357377,-0.645273]","[1.23957,-0.872035,1.11702]","[374455,31227.7,26227.9]","[1,1,0.673895]","[0,0,0]","[0,0,0]","[-0.164868,-0.00274096,-0.707669]",0,"[]","[]","[]","[]","[]","[]","[]","[]","[]","[]",1,"[327312]","[0.0031492]","[1.25206]","[329479]","[37711.2]","[0]","[1.95544]","[0.730096]",0,"[]","[]","[]","[]","[]","[]","[]","[]","[]","[]",0,"[107.304]",19054.5,"[3895.46,2377.7,1676.19]","[]","[24791.7]","[]"
547,284500,7554457,361102,11464.5,11500.5,3.38179e+11,0.402058,1,0.996458,1,1,0.99903,0.883412,1,0,1,0,1,"[0]","[1]","[57798.2]","[0.944288]","[-0.853347]","[85539.6]","[-0.0577588]","[1]","[13]","[1]","[0]","[-230.337]","[0.12294]","[18.6685]",222636,-1.13862,1,"[290477]","[1.57568]","[2.05041]","[732305]","[1]","[0]","[0]","[-0.685027]",0,"[]","[]","[]","[]","[]","[]","[]","[]","[]","[]",1,"[282495]","[1.57768]","[2.04972]","[713500]","[15980.1]","[0]","[1.41518]","[0.427216]",0,"[]","[]","[]","[]","[]","[]","[]","[]","[]","[]",0,"[662.032]",5044.92,"[6471.41]","[]","[12439.9]","[]"
548,284500,7605580,361102,11453,11500.5,3.38179e+11,1.55465,1,0.998865,1,1,0.99921,1.05539,1,0,1,0,1,"[0]","[1]","[229205]","[0.80858]","[3.13143]","[308304]","[0.00841522]","[1]","[13]","[1]","[0]","[-193.691]","[0.000606142]","[0.138055]",109295,2.87077,1,"[334593]","[0.6967]","[-0.0971152]","[419896]","[0.990679]","[0]","[0]","[-0.917436]",0,"[]","[]","[]","[]","[]","[]","[]","[]","[]","[]",1,"[309607]","[0.656131]","[-0.105707]","[379108]","[18076]","[0]","[1.98643]","[0.346638]",0,"[]","[]","[]","[]","[]","[]","[]","[]","[]","[]",0,"[4871.94]",9521.1,"[10319]","[]","[23006.5]","[]"
549,284500,4074922,361102,11454.9,11500.5,3.38179e+11,1.08735,1,0.983793,1,1,0.999125,0.91429,1,0,1,0,1,"[0]","[1]","[46211.8]","[1.69327]","[-1.99047]","[129882]","[0.0553436]","[1]","[13]","[0]","[0]","[-159.422]","[-0.0261011]","[2.82351]",46119.1,-1.86611,3,"[236584,115254,57059.8]","[1.4902,2.25645,0.165933]","[0.984194,-1.8382,3.02222]","[551854,556399,58726.3]","[0.995156,1,0.99889]","[0,0,0]","[0,0,0]","[0.308231,-0.887365,-0.87613]",0,"[]","[]","[]","[]","[]","[]","[]","[]","[]","[]",1,"[253227]","[1.46631]","[0.98101]","[578051]","[14710.7]","[0]","[2.47836]","[0.757736]",0,"[]","[]","[]","[]","[]","[]","[]","[]","[]","[]",0,"[156.158]",4562.45,"[4849.97,3271.31,1885.02]","[]","[0]","[]"
550,284500,7541976,361102,11446.3,11500.5,3.38179e+11,0.402058,0.95684,1,1,1,0.999235,0.96497,1,1,0,0,1,"[0]","[1]","[33533.4]","[-0.810413]","[-2.78878]","[45161.3]","[-0.30945]","[1]","[11]","[1]","[0]","[712.051]","[0.00176889]","[0.171109]",210984,-2.67928,2,"[272770,63475.9]","[-1.29288,-1.0637]","[0.55446,-1.70303]","[535024,103028]","[0.989791,1]","[0,0]","[0,0]","[-0.610565,-0.805526]",0,"[]","[]","[]","[]","[]","[]","[]","[]","[]","[]",1,"[271719]","[-1.29452]","[0.554233]","[534159]","[34959.9]","[0]","[1.99806]","[0.710513]",0,"[]","[]","[]","[]","[]","[]","[]","[]","[]","[]",0,"[141.261]",4444.97,"[6637.71,3211.29]","[]","[2445.12]","[]"
551,284500,7503856,361102,11463.5,11500.5,3.38179e+11,0.402058,0.97199,1,1,1,0.999447,0.98736,1,1,0,0,1,"[0]","[1]","[42107.3]","[0.544042]","[-1.13141]","[48494.1]","[0.0530834]","[1]","[11]","[1]","[0]","[-293.599]","[-0.330972]","[27.0657]",252220,-1.08907,1,"[267550]","[0.746868]","[2.15275]","[349363]","[0.999606]","[0]","[0]","[-0.933118]",0,"[]","[]","[]","[]","[]","[]","[]","[]","[]","[]",1,"[298599]","[0.712708]","[2.19673]","[384186]","[70292.2]","[0]","[1.65139]","[0.633436]",0,"[]","[]","[]","[]","[]","[]","[]","[]","[]","[]",0,"[125.205]",3833.7,"[4349.42]","[]","[8926.5]","[]"
552,284500,7508268,361102,11459.3,11500.5,3.38179e+11,1.08735,0.94707,1,1,1,0.999109,0.94238,1,1,0,0,1,"[0]","[1]","[28954.6]","[-1.15197]","[-1.42548]","[50387.1]","[0.012928]","[1]","[11]","[1]","[0]","[-156.117]","[-0.0364935]","[2.56827]",468496,-1.39894,3,"[372488,59050.1,57356.3]","[0.129125,-0.404737,-0.528513]","[1.61794,2.63004,1.40076]","[376164,64585.8,66091.1]","[0.98951,0.989807,0.998658]","[0,0,0]","[0,0,0]","[-0.74707,-0.780572,-0.83462]",0,"[]","[]","[]","[]","[]","[]","[]","[]","[]","[]",1,"[400441]","[0.0749737]","[1.594]","[412120]","[92664.4]","[0]","[2.00359]","[0.718797]",0,"[]","[]","[]","[]","[]","[]","[]","[]","[]","[]",0,"[192.43]",6751.03,"[6265.94,1962.24,2115.9]","[]","[59931]","[]"
553,284500,7519491,361102,11459.1,11500.5,3.38179e+11,0.619412,1,0.99168,1,1,0.999188,0.760669,1,0,1,0,1,"[0]","[1]","[39811.7]","[0.948282]","[-1.92716]","[59094.1]","[0.0114288]","[1]","[13]","[0]","[0]","[-810.954]","[0.113432]","[13.6077]",259798,-1.5256,2,"[261187,50335.4]","[1.33506,-0.093674]","[1.73338,0.693605]","[530767,51321]","[0.998363,0.999378]","[0,0]","[0,0]","[-0.863982,0.111786]",0,"[]","[]","[]","[]","[]","[]","[]","[]","[]","[]",1,"[250595]","[1.34327]","[1.73592]","[512917]","[11622.2]","[0]","[4.05334]","[0.717554]",0,"[]","[]","[]","[]","[]","[]","[]","[]","[]","[]",0,"[132.807]",6082.38,"[5269.96,4312.31]","[]","[1281.17]","[]"
554,284500,9516668,361102,11454.9,11500.5,3.38179e+11,0.934886,1,1.00001,1,1,0.987583,0.955418,1,0,1,0,1,"[0]","[1]","[219607]","[0.863502]","[-2.43077]","[306696]","[0.0368156]","[1]","[13]","[1]","[0]","[-559.867]","[-0.00586996]","[1.22744]",88222,-2.10131,4,"[172525,118415,62837.7,47067.5]","[1.63795,-1.52983,2.27695,1.15907]","[1.59152,-0.239869,1.21049,0.918051]","[461221,286636,309695,82839.5]","[0.992357,0.996671,0.983485,0.988277]","[4,0,0,0]","[0,0,0,0]","[-0.959472,-0.944809,-0.903642,-0.876845]",0,"[]","[]","[]","[]","[]","[]","[]","[]","[]","[]",1,"[268417]","[1.79532]","[1.3906]","[841754]","[137709]","[0]","[1.52906]","[0.601812]",0,"[]","[]","[]","[]","[]","[]","[]","[]","[]","[]",0,"[2541.72]",515.094,"[11294.4,7239.94,4572.21,2213.58]","[]","[4546]","[]"
555,284500,8865393,361102,11453,11500.5,3.38179e+11,1.08735,0.95684,1,1,1,0.999442,0.96497,1,1,0,0,1,"[0]","[1]","[33452.5]","[-0.907501]","[1.18431]","[48199.3]","[-0.0138416]","[1]","[11]","[1]","[0]","[1114.05]","[-0.0547466]","[3.78454]",228263,1.52277,1,"[267555]","[-0.148883]","[-1.60665]","[270726]","[1]","[0]","[0]","[-0.259771]",0,"[]","[]","[]","[]","[]","[]","[]","[]","[]","[]",1,"[266015]","[-0.146225]","[-1.60768]","[269126]","[11871.9]","[0]","[2.83692]","[0.0352601]",0,"[]","[]","[]","[]","[]","[]","[]","[]","[]","[]",0,"[225.205]",7730.42,"[8244.86]","[]","[1131.62]","[]"
556,284500,8986626,361102,11456.5,11500.5,3.38179e+11,0.402058,1,0.993066,1,1,0.99734,1.01455,1,0,1,0,1,"[0]","[1]","[26522.8]","[-1.22414]","[-0.919762]","[49004.1]","[0.0527687]","[1]","[13]","[1]","[0]","[-287.114]","[-0.00383028]","[0.352718]",359868,-0.962251,2,"[379151,30803.1]","[-1.61246,2.10427]","[2.24666,0.575009]","[988683,128276]","[1,0.98]","[0,0]","[0,0]","[-0.77194,-0.598176]",0,"[]","[]","[]","[]","[]","[]","[]","[]","[]","[]",1,"[367756]","[-1.61151]","[2.24478]","[958065]","[11391.8]","[0]","[3.36755]","[0.345742]",0,"[]","[]","[]","[]","[]","[]","[]","[]","[]","[]",0,"[209.57]",14535.2,"[15465.3,2014.29]","[]","[19973]","[]"
557,284500,8997610,361102,11454.4,11500.5,3.38179e+11,1.74563,1,0.995833,1,1,0.98652,0.967734,1,0,1,0,1,"[0]","[1]","[40182.9]","[0.625008]","[-2.50768]","[48290.3]","[0.0883827]","[1]","[13]","[1]","[0]","[-688.905]","[0.0701223]","[7.37545]",386207,-2.29123,2,"[399151,20709]","[0.763337,1.19882]","[0.929315,0.554473]","[522723,37663.1]","[0.992248,0.989326]","[4,0]","[0,0]","[-0.88404,-0.669871]",0,"[]","[]","[]","[]","[]","[]","[]","[]","[]","[]",1,"[376212]","[0.792659]","[0.937597]","[503162]","[49512.1]","[0]","[3.19727]","[0.631527]",0,"[]","[]","[]","[]","[]","[]","[]","[]","[]","[]",0,"[227.661]",7734.06,"[7843.75,1407.72]","[]","[18693.2]","[]"
558,284500,8907688,361102,11463,11500.5,3.38179e+11,0.402058,0.97095,1,1,1,0.998918,0.99593,1,1,0,0,1,"[0]","[1]","[35212.9]","[-0.188765]","[1.25969]","[35842.1]","[0.172993]","[1]","[11]","[1]","[0]","[878.473]","[0.00517532]","[0.519621]",291285,0.691789,4,"[251153,46566.6,36041.7,34615.5]","[-0.465932,-0.868728,-0.431568,0.207595]","[-2.07024,-2.62381,3.08362,2.77561]","[279387,66018.1,40123.8,36122.7]","[0.996214,0.99849,0.99421,0.989106]","[0,0,0,0]","[0,0,0,0]","[-0.207474,-0.911124,-0.165987,-0.887295]",0,"[]","[]","[]","[]","[]","[]","[]","[]","[]","[]",1,"[259203]","[-0.524911]","[-2.10959]","[302186]","[62084.6]","[0]","[2.81929]","[0.394253]",0,"[]","[]","[]","[]","[]","[]","[]","[]","[]","[]",0,"[27.7799]",10270,"[8634.92,3177.82,3331.01,2734.96]","[]","[557.578]","[]"
559,284500,8840563,361102,11464.2,11500.5,3.38179e+11,0.934886,1,0.990933,1,1,0.998346,0.746516,1,0,1,0,1,"[0]","[1]","[29051.1]","[-0.717465]","[-1.96552]","[36854.7]","[0.0512161]","[1]","[13]","[1]","[0]","[1206.54]","[0.0603567]","[5.76224]",480184,-1.59189,1,"[500000]","[0.233257]","[1.52004]","[514082]","[0.99]","[0]","[0]","[0.031889]",0,"[]","[]","[]","[]","[]","[]","[]","[]","[]","[]",1,"[530345]","[0.199148]","[1.51847]","[541566]","[26921.5]","[0]","[4.46011]","[0.482212]",0,"[]","[]","[]","[]","[]","[]","[]","[]","[]","[]",0,"[112.145]",20808.4,"[5961.6]","[]","[7375.28]","[]"
560,284500,8939492,361102,11454.5,11500.5,3.38179e+11,0.596562,0.97446,1,1,1,1,0.98483,1,1,0,0,1,"[0]","[1]","[50487.2]","[-0.138389]","[0.422288]","[50971.4]","[-0.0156364]","[1]","[11]","[1]","[0]","[-175.637]","[0.0388977]","[5.34152]",330628,0.847872,0,"[]","[]","[]","[]","[]","[]","[]","[]",0,"[]","[]","[]","[]","[]","[]","[]","[]","[]","[]",1,"[357817]","[-0.695285]","[-2.28269]","[448484]","[23925.6]","[0]","[3.47519]","[0.194912]",0,"[]","[]","[]","[]","[]","[]","[]","[]","[]","[]",0,"[42.9859]",991.781,"[]","[]","[3734.69]","[]"
561,284500,8937927,361102,11456.8,11500.5,3.38179e+11,0.402058,0.96654,1,1,1,0.998929,0.9995,1,1,0,0,1,"[0]","[1]","[70302.7]","[2.29938]","[-1.91593]","[353915]","[0.0883255]","[1]","[11]","[1]","[0]","[-437.987]","[0.0202471]","[2.22401]",198455,-2.36691,1,"[265803]","[1.88793]","[0.858817]","[898264]","[0.999924]","[0]","[0]","[-0.825618]",0,"[]","[]","[]","[]","[]","[]","[]","[]","[]","[]",1,"[273434]","[1.87122]","[0.861331]","[909500]","[23688.2]","[0]","[2.49192]","[0.508443]",0,"[]","[]","[]","[]","[]","[]","[]","[]","[]","[]",0,"[503.769]",11352.1,"[12113.2]","[]","[13300.9]","[]"
562,284500,8810155,361102,11452.3,11500.5,3.38179e+11,0,0.98916,1,1,1,0.995483,0.99765,1,1,0,0,1,"[0]","[1]","[92311.5]","[0.775272]","[0.0921579]","[121471]","[0.00329781]","[1]","[11]","[1]","[0]","[-2143.8]","[-0.0147462]","[2.18896]",982694,0.148734,7,"[790050,352090,69914.1,63515.1,38719.2,32139.7,27218]","[0.461298,-0.543685,1.16373,1.93446,-1.00811,0.451228,1.14382]","[-2.46354,2.30394,-3.13405,2.01367,3.04697,-3.04186,2.35931]","[880400,406557,123423,224869,60672.2,35886.4,47394.1]","[0.993576,1,0.999173,0.969398,0.998946,1,0.928844]","[0,0,0,0,0,0,0]","[0,0,0,0,0,0,0]","[-0.252215,-0.820425,-0.854016,0.173765,0.158144,-0.834366,-0.884025]",0,"[]","[]","[]","[]","[]","[]","[]","[]","[]","[]",2,"[784959,363425]","[0.461769,-0.549795]","[-2.47452,2.30361]","[879198,420434]","[125840,23984.9]","[0,0]","[2.36167,2.01042]","[0.571059,0.589497]",0,"[]","[]","[]","[]","[]","[]","[]","[]","[]","[]",0,"[392.883]",13879.2,"[11634.2,7405.65,3963.48,3714.26,9311.34,3171.39,3033.88]","[]","[29412,3494.78]","[]"
563,284500,8850700,361102,11459.7,11500.5,3.38179e+11,1.08735,1,0.99192,1,1,1.17516,1.0079,1,0,1,0,1,"[0]","[1]","[118195]","[1.69738]","[2.96505]","[333474]","[-0.0452986]","[1]","[13]","[1]","[0]","[65.7378]","[0.0156406]","[2.40539]",126326,2.88644,2,"[265335,69707.5]","[1.95033,1.19404]","[-0.437019,1.48313]","[951895,126308]","[0.993591,0.99418]","[0,0]","[0,0]","[0.832889,-0.625702]",0,"[]","[]","[]","[]","[]","[]","[]","[]","[]","[]",1,"[266533]","[1.95331]","[-0.435102]","[958975]","[23300.8]","[0]","[2.27011]","[0.640849]",0,"[]","[]","[]","[]","[]","[]","[]","[]","[]","[]",0,"[5600.24]",1136.05,"[4631.27,3603.82]","[]","[13788.1]","[]"
564,284500,8966591,361102,11448.2,11500.5,3.38179e+11,0.351687,0.97199,1,1,1,0.999456,0.98736,1,1,0,0,1,"[0]","[1]","[42183]","[0.150247]","[0.0489381]","[42660]","[-0.143835]","[1]","[11]","[1]","[0]","[-13.7932]","[0.00267629]","[0.266723]",225781,0.0369362,1,"[284102]","[0.635628]","[3.09485]","[343719]","[0.994909]","[0]","[0]","[0.52807]",0,"[]","[]","[]","[]","[]","[]","[]","[]","[]","[]",1,"[274941]","[0.647356]","[3.09616]","[334703]","[8685.65]","[0]","[3.77237]","[0.243006]",0,"[]","[]","[]","[]","[]","[]","[]","[]","[]","[]",0,"[71.9606]",7203.97,"[4568.1]","[]","[28205.8]","[]"
565,284500,9021627,361102,11455.3,11500.5,3.38179e+11,1.24168,1,0.997712,1,1,0.997935,1.00279,1,0,1,0,1,"[0]","[1]","[61318.9]","[-1.39458]","[-2.04379]","[131259]","[0.0239234]","[1]","[13]","[1]","[0]","[-406.971]","[-0.00412126]","[0.615155]",236484,-1.67917,5,"[175347,112588,100431,28137,20364.6]","[-0.824638,-0.69355,1.97292,-0.47549,0.403279]","[1.04383,1.95919,0.337344,1.48094,1.6607]","[239404,141541,368370,31625.3,22506.5]","[0.992394,0.984979,0.991042,0.986452,0.941576]","[0,0,0,0,0]","[0,0,0,0,0]","[-0.651006,-0.949713,0.427559,-0.901632,-0.719785]",0,"[]","[]","[]","[]","[]","[]","[]","[]","[]","[]",1,"[278588]","[-0.832784]","[1.38651]","[403216]","[132262]","[0]","[0.966722]","[0.775122]",0,"[]","[]","[]","[]","[]","[]","[]","[]","[]","[]",0,"[643.761]",14791.5,"[2922.21,2155.07,3070.14,3315.09,1172.1]","[]","[9802.72]","[]"
566,284500,9053472,361102,11447.7,11500.5,3.38179e+11,0.934886,0.94272,1,1,1,0.989336,0.94155,1,1,0,0,1,"[0]","[1]","[37922.3]","[1.20235]","[2.75942]","[68798.8]","[-0.0786781]","[1]","[11]","[1]","[0]","[-1166.68]","[-0.00593594]","[0.599955]",305141,2.77342,1,"[328940]","[1.57025]","[-0.205426]","[826501]","[0.99603]","[4]","[0]","[-0.202388]",0,"[]","[]","[]","[]","[]","[]","[]","[]","[]","[]",1,"[307093]","[1.57507]","[-0.209484]","[775311]","[51782.2]","[0]","[1.77202]","[0.714366]",0,"[]","[]","[]","[]","[]","[]","[]","[]","[]","[]",0,"[74.0403]",5306.84,"[9409.68]","[]","[30064]","[]"
567,284500,8943573,361102,11459.3,11500.5,3.38179e+11,0.596562,1,0.995454,1,1,0.998698,0.928946,1,0,1,0,1,"[0]","[1]","[34998.1]","[0.283313]","[0.128631]","[36412.2]","[0.129005]","[1]","[13]","[1]","[0]","[238.317]","[0.0538559]","[7.2262]",194742,0.340097,2,"[319475,38342]","[1.90805,0.0887147]","[-2.54869,1.8954]","[1.10043e+06,39070.4]","[0.990335,0.998373]","[0,0]","[0,0]","[-0.968713,-0.939939]",0,"[]","[]","[]","[]","[]","[]","[]","[]","[]","[]",1,"[294864]","[1.92718]","[-2.55154]","[1.03446e+06]","[16329.6]","[0]","[5.47913]","[0.577073]",0,"[]","[]","[]","[]","[]","[]","[]","[]","[]","[]",0,"[16.0872]",9465.69,"[5779.29,1977.54]","[]","[9364.5]","[]"
568,284500,9045429,361102,11458.4,11500.5,3.38179e+11,0.596562,1,0.998077,1,1,0.998716,0.939534,1,0,1,0,1,"[0]","[1]","[87299.2]","[-0.878604]","[-2.46887]","[123218]","[-0.0736313]","[1]","[13]","[1]","[0]","[-310.776]","[-0.150909]","[26.0236]",171174,-2.27772,2,"[326916,133280]","[-0.400624,-1.0772]","[1.23569,-1.04511]","[353824,218908]","[1,0.999623]","[0,0]","[0,0]","[-0.968432,-0.594491]",0,"[]","[]","[]","[]","[]","[]","[]","[]","[]","[]",1,"[322878]","[-0.387389]","[1.23203]","[347410]","[0.00308816]","[0]","[0]","[-1]",0,"[]","[]","[]","[]","[]","[]","[]","[]","[]","[]",0,"[1710.28]",5876.02,"[5927.39,4967.76]","[]","[22342.7]","[]"
569,284500,9096876,361102,11462.1,11500.5,3.38179e+11,1.24168,1,0.986328,1,1,0.998905,0.979119,1,0,1,0,1,"[0]","[1]","[77217.7]","[1.69288]","[-2.67583]","[216946]","[-0.119156]","[1]","[13]","[1]","[0]","[1065.44]","[-0.029114]","[2.61042]",193200,-3.09739,2,"[243814,23273.9]","[-0.222861,0.673664]","[0.200376,-0.405685]","[250760,28904.5]","[0.997545,0.925977]","[0,0]","[0,0]","[-0.966316,-0.820651]",0,"[]","[]","[]","[]","[]","[]","[]","[]","[]","[]",1,"[250514]","[-0.177938]","[0.21076]","[255225]","[19350.4]","[0]","[1.86284]","[0.420462]",0,"[]","[]","[]","[]","[]","[]","[]","[]","[]","[]",0,"[1470.46]",206.781,"[2682.08,1737.21]","[]","[0]","[]"
570,284500,9048100,361102,11463.8,11500.5,3.38179e+11,1.55465,1,0.994288,1,1,0.998648,1.00403,1,0,1,0,1,"[0]","[1]","[41830.6]","[1.42351]","[-1.24732]","[91871.1]","[-0.0722084]","[1]","[13]","[0]","[0]","[-347.081]","[0.0186835]","[2.79906]",275974,-1.32894,2,"[192670,129249]","[1.66739,1.13526]","[2.04798,1.48587]","[528996,222761]","[0.977403,0.994811]","[0,0]","[0,0]","[-0.951545,-0.963641]",0,"[]","[]","[]","[]","[]","[]","[]","[]","[]","[]",1,"[304791]","[1.53419]","[1.82855]","[751100]","[130917]","[0]","[0.981651]","[0.800212]",0,"[]","[]","[]","[]","[]","[]","[]","[]","[]","[]",0,"[259.765]",4739.88,"[3268.92,6208.54]","[]","[26467.9]","[]"
571,284500,9077178,361102,11454.9,11500.5,3.38179e+11,1.55465,0.97826,1,1,1,0.988737,1.00493,1,1,0,0,1,"[0]","[1]","[93713.8]","[-1.22422]","[2.21406]","[173160]","[0.0343475]","[1]","[11]","[1]","[0]","[3768.39]","[0.0322208]","[1.64997]",192020,2.18674,1,"[296998]","[-1.02817]","[-0.932783]","[468542]","[0.999659]","[4]","[0]","[-0.714592]",0,"[]","[]","[]","[]","[]","[]","[]","[]","[]","[]",1,"[292985]","[-1.05157]","[-0.932677]","[470800]","[17699.9]","[0]","[4.02234]","[0.610093]",0,"[]","[]","[]","[]","[]","[]","[]","[]","[]","[]",0,"[548.863]",2436.38,"[4091.26]","[]","[26907.2]","[]"
572,284500,9113353,361102,11455,11500.5,3.38179e+11,0.506784,0.99093,1,1,1,0.998858,1.00306,1,1,0,0,1,"[0]","[1]","[116395]","[0.817549]","[1.32988]","[157509]","[-0.0516853]","[1]","[11]","[1]","[0]","[1189.33]","[-0.0282924]","[2.11655]",255474,1.69395,2,"[333696,27946.3]","[-0.364286,-0.470039]","[-1.65449,-0.70041]","[359053,31425.7]","[0.993473,0.98]","[0,0]","[0,0]","[-0.947076,-0.886881]",0,"[]","[]","[]","[]","[]","[]","[]","[]","[]","[]",1,"[337142]","[-0.371865]","[-1.61593]","[368978]","[77613.4]","[0]","[2.72364]","[0.58653]",0,"[]","[]","[]","[]","[]","[]","[]","[]","[]","[]",0,"[799.837]",16187.3,"[7119.66,3518.76]","[]","[6942.06]","[]"
573,284500,9066605,361102,11452.1,11500.5,3.38179e+11,1.74563,0.98178,1,1,1,0.999098,1,1,1,0,0,1,"[0]","[1]","[122565]","[-2.0793]","[-1.75101]","[497851]","[0.781389]","[1]","[11]","[0]","[1218.78]","[-537.519]","[-0.0530879]","[5.97843]",168489,-1.98935,1,"[298238]","[-1.43388]","[1.25573]","[661409]","[0.988703]","[0]","[0]","[-0.827637]",0,"[]","[]","[]","[]","[]","[]","[]","[]","[]","[]",1,"[297071]","[-1.43847]","[1.25868]","[661431]","[17010.2]","[0]","[3.42174]","[0.490241]",0,"[]","[]","[]","[]","[]","[]","[]","[]","[]","[]",0,"[873.856]",3365.17,"[5294.27]","[]","[11652.3]","[]"
574,284500,9185007,361102,11452.1,11500.5,3.38179e+11,1.26205,1,0.995932,1,1,0.987326,0.917258,1,0,1,0,1,"[0]","[1]","[123290]","[0.569536]","[1.35962]","[143832]","[-0.0571899]","[1]","[13]","[1]","[0]","[1413.1]","[0.00243977]","[0.354335]",189024,1.1516,2,"[196527,99919.2]","[0.17922,0.752991]","[-1.96451,-1.83221]","[200258,131353]","[0.99,1]","[4,0]","[0,0]","[0.637658,-0.916999]",0,"[]","[]","[]","[]","[]","[]","[]","[]","[]","[]",1,"[265103]","[0.351388]","[-1.94924]","[295395]","[89094]","[0]","[1.22469]","[0.66305]",0,"[]","[]","[]","[]","[]","[]","[]","[]","[]","[]",0,"[6549.89]",31055.2,"[11992,2661.52]","[]","[9450.64]","[]"
575,284500,9118527,361102,11460,11500.5,3.38179e+11,0.596562,1,0.995149,1,1,0.99666,1.04855,1,0,1,0,1,"[0]","[1]","[35127]","[-0.877222]","[-0.402241]","[49531.8]","[-0.14539]","[1]","[13]","[1]","[0]","[-255.763]","[-0.0164637]","[1.96226]",521105,-0.583366,3,"[403052,227356,23330.5]","[-0.0550938,-1.23694,2.389]","[2.13473,-2.94468,2.58687]","[403888,425553,128286]","[0.990481,0.992929,0.987466]","[0,0,0]","[0,0,0]","[-0.774224,-0.960706,-0.75153]",0,"[]","[]","[]","[]","[]","[]","[]","[]","[]","[]",1,"[412059]","[-0.0304818]","[2.13403]","[412482]","[13815.2]","[0]","[1.02934]","[-1]",0,"[]","[]","[]","[]","[]","[]","[]","[]","[]","[]",0,"[88.6484]",6201.44,"[11001.9,6824.19,2273.91]","[]","[16510.2]","[]"
576,284500,9245540,361102,11452.8,11500.5,3.38179e+11,0.619412,0.97949,1,1,1,0.987569,0.99672,1,1,0,0,1,"[0]","[1]","[74961.1]","[0.807013]","[1.02103]","[100725]","[0.122784]","[1]","[11]","[1]","[1503.59]","[1658.1]","[0.0311984]","[3.16914]",234236,0.855124,2,"[359339,58164.9]","[0.84215,-0.851206]","[-2.31234,0.561628]","[497160,81095.9]","[0.989736,0.997556]","[4,0]","[0,0]","[0.00600774,-0.85959]",0,"[]","[]","[]","[]","[]","[]","[]","[]","[]","[]",1,"[377408]","[0.858237]","[-2.31088]","[528266]","[57331.1]","[0]","[1.46437]","[0.66681]",0,"[]","[]","[]","[]","[]","[]","[]","[]","[]","[]",0,"[228.16]",10616.1,"[12192.9,2352.66]","[]","[21100.2]","[]"
577,284500,9598238,361102,11449.4,11500.5,3.38179e+11,0.934886,0.9623,1,1,1,0.997242,1.01797,1,1,0,0,1,"[0]","[1]","[50821.6]","[-2.14144]","[-0.252035]","[219274]","[-0.290733]","[1]","[11]","[1]","[0]","[1315.57]","[-0.0336727]","[2.38867]",123683,-0.833926,3,"[260545,105148,23368.8]","[-0.225091,-0.910017,1.83215]","[2.77095,0.0968288,-2.41545]","[268484,152199,74959.3]","[0.989915,0.998251,0.997877]","[0,0,0]","[0,0,0]","[-0.759363,-0.942297,-0.548481]",0,"[]","[]","[]","[]","[]","[]","[]","[]","[]","[]",1,"[271391]","[-0.173082]","[2.76773]","[277602]","[34368.4]","[0]","[1.79856]","[0.682171]",0,"[]","[]","[]","[]","[]","[]","[]","[]","[]","[]",0,"[126.998]",292.039,"[2973.98,2918.14,4645.72]","[]","[39226.8]","[]"
578,284500,9547162,361102,11458.1,11500.5,3.38179e+11,0.934886,0.97738,1,1,1,0.998045,1.00056,1,1,0,0,1,"[0]","[1]","[74770.4]","[0.193097]","[-0.0661868]","[76168.7]","[0.0698204]","[1]","[11]","[1]","[0]","[255.227]","[0.0288174]","[3.83686]",233560,-0.133988,2,"[251480,35027.4]","[1.65789,1.52348]","[3.01176,-2.8136]","[684059,84484.7]","[0.992545,0.990338]","[0,0]","[0,0]","[-0.790233,-0.140666]",0,"[]","[]","[]","[]","[]","[]","[]","[]","[]","[]",1,"[279950]","[1.65971]","[3.04584]","[763974]","[46084.3]","[0]","[2.71323]","[0.762026]",0,"[]","[]","[]","[]","[]","[]","[]","[]","[]","[]",0,"[549.271]",40928,"[6251.43,4797.05]","[]","[3991.66]","[]"
579,284500,9359973,361102,11453.6,11500.5,3.38179e+11,0.934886,1,0.993911,1,1,0.998711,0.926336,1,0,1,0,1,"[0]","[1]","[81083.6]","[0.331876]","[2.05879]","[85590.2]","[0.0145988]","[1]","[13]","[1]","[0]","[146.965]","[-0.0183244]","[3.11634]",325093,2.43701,2,"[340161,21506]","[-0.465675,0.180808]","[-0.941025,-0.877863]","[380369,22123.4]","[0.985983,0.702867]","[0,0]","[0,0]","[-0.977646,-0.28097]",0,"[]","[]","[]","[]","[]","[]","[]","[]","[]","[]",1,"[319351]","[-0.497261]","[-0.955967]","[361922]","[40455.4]","[0]","[0.805326]","[0.577208]",0,"[]","[]","[]","[]","[]","[]","[]","[]","[]","[]",0,"[593.419]",9263.5,"[12713.8,1651.39]","[]","[9808.47]","[]"
580,284500,9404365,361102,11454.6,11500.5,3.38179e+11,0.934886,0.98413,1,1,1,0.998697,0.99866,1,1,0,0,1,"[0]","[1]","[107048]","[-1.12439]","[0.0608994]","[182152]","[0.900227]","[1]","[11]","[1]","[0]","[-515.804]","[0.0481126]","[6.45239]",217723,0.2523,2,"[345837,22232.3]","[-0.846392,-1.00396]","[-2.92399,0.741058]","[477486,34536.8]","[0.99567,0.919365]","[0,0]","[0,0]","[-0.824845,-0.44488]",0,"[]","[]","[]","[]","[]","[]","[]","[]","[]","[]",1,"[343700]","[-0.858825]","[-2.92223]","[478523]","[9011.27]","[0]","[3.93873]","[0.47974]",0,"[]","[]","[]","[]","[]","[]","[]","[]","[]","[]",0,"[938.622]",4718.28,"[5869.33,1882.59]","[]","[7906.91]","[]"
581,284500,9409707,361102,11443.5,11500.5,3.38179e+11,0.75088,0.96833,1,1,1,0.999079,1,1,1,0,0,1,"[0]","[1]","[46916]","[0.715781]","[1.12081]","[59456.6]","[-0.0332184]","[1]","[11]","[0]","[0]","[-130.26]","[0.0737564]","[7.10976]",288604,0.918777,2,"[305654,30118.8]","[0.271018,-0.721681]","[-2.21329,-2.07623]","[317480,38843]","[0.999731,1]","[0,0]","[0,0]","[-0.741916,-0.376722]",0,"[]","[]","[]","[]","[]","[]","[]","[]","[]","[]",1,"[309872]","[0.319273]","[-2.21269]","[326275]","[17596.6]","[0]","[2.18277]","[0.151188]",0,"[]","[]","[]","[]","[]","[]","[]","[]","[]","[]",0,"[62.6634]",6122.59,"[6388.6,1972.88]","[]","[2984.91]","[]"
582,284500,9361202,361102,11455,11500.5,3.38179e+11,0.934886,1.01378,1,1,1,0.996656,1.00936,1,1,0,0,1,"[0]","[1]","[258455]","[0.0301623]","[-2.98575]","[258572]","[0.0771055]","[1]","[11]","[1]","[0]","[3416.95]","[0.0340014]","[4.23294]",145936,-3.07625,4,"[325584,81347.2,26342.7,23028.9]","[-2.07188,-1.3405,1.04397,-1.7898]","[-0.154455,1.04201,0.555179,0.684207]","[1.3133e+06,166440,42244.9,70955]","[1,1,0.972528,0.996995]","[0,0,0,0]","[0,0,0,0]","[-0.92848,-0.944855,-0.80312,-0.867137]",0,"[]","[]","[]","[]","[]","[]","[]","[]","[]","[]",1,"[270686]","[0.0229931]","[-2.98935]","[270774]","[2945.78]","[1]","[0]","[-1]",0,"[]","[]","[]","[]","[]","[]","[]","[]","[]","[]",0,"[2906.74]",12752.1,"[9521.65,2871.43,3078.49,2672.05]","[]","[21407.5]","[]"
583,284500,9798197,361102,11450.6,11500.5,3.38179e+11,0.934886,1,0.986259,1,1,0.998602,1.01441,1,0,1,0,1,"[0]","[1]","[130917]","[-1.72534]","[-2.69115]","[379174]","[0.0167618]","[1]","[13]","[1]","[0]","[452.5]","[0.00713324]","[1.08938]",167785,-2.2637,2,"[284830,21856.4]","[-1.43854,0.27587]","[0.567754,1.1474]","[634358,22927.8]","[0.990592,0.800384]","[0,0]","[0,0]","[-0.437451,-0.824378]",0,"[]","[]","[]","[]","[]","[]","[]","[]","[]","[]",1,"[281358]","[-1.42958]","[0.566229]","[621535]","[17555.4]","[0]","[1.92091]","[0.660639]",0,"[]","[]","[]","[]","[]","[]","[]","[]","[]","[]",0,"[13491.1]",23822.5,"[7353.92,1646.81]","[]","[19896.8]","[]"
584,284500,9802527,361102,11448.6,11500.5,3.38179e+11,0.596562,1,0.997907,1,1,0.989539,0.810601,1,0,1,0,1,"[0]","[1]","[100066]","[0.118069]","[-2.4925]","[100764]","[0.208666]","[1]","[13]","[1]","[0]","[-313.342]","[0.0370194]","[6.05652]",169831,-2.70867,1,"[268599]","[-1.31964]","[0.523127]","[538919]","[0.985992]","[4]","[0]","[-0.919717]",0,"[]","[]","[]","[]","[]","[]","[]","[]","[]","[]",1,"[288937]","[-1.32463]","[0.522627]","[582524]","[30435.1]","[0]","[2.70484]","[0.679641]",0,"[]","[]","[]","[]","[]","[]","[]","[]","[]","[]",0,"[3874.31]",1842.98,"[3401.07]","[]","[23084.8]","[]"
585,284500,9857678,361102,11450.1,11500.5,3.38179e+11,0.934886,1,0.995324,1,1,0.999425,0.938043,1,0,1,0,1,"[0]","[1]","[36864.3]","[0.679822]","[1.74934]","[45716.2]","[-0.0858612]","[1]","[13]","[1]","[0]","[-466.2]","[-0.0177008]","[2.11723]",250385,1.78918,1,"[290464]","[-0.0884085]","[-1.36341]","[292511]","[0.988904]","[0]","[0]","[-0.82372]",0,"[]","[]","[]","[]","[]","[]","[]","[]","[]","[]",1,"[294179]","[-0.09879]","[-1.36542]","[296644]","[24668.4]","[0]","[2.14528]","[0.548485]",0,"[]","[]","[]","[]","[]","[]","[]","[]","[]","[]",0,"[43.2353]",1341.56,"[3494.33]","[]","[1747.41]","[]"
586,284500,9878516,361102,11455.6,11500.5,3.38179e+11,1.08735,1,0.98156,1,1,0.999014,0.962355,1,0,1,0,1,"[0]","[1]","[55218.6]","[-1.90786]","[1.8968]","[190147]","[-0.0712814]","[1]","[13]","[1]","[0]","[29.7861]","[0.0438183]","[6.42827]",276036,2.04751,1,"[383700]","[0.216366]","[-1.02899]","[393134]","[0.998118]","[0]","[0]","[-0.889241]",0,"[]","[]","[]","[]","[]","[]","[]","[]","[]","[]",1,"[407589]","[0.253004]","[-1.02534]","[420973]","[15049.3]","[0]","[3.73049]","[0.177373]",0,"[]","[]","[]","[]","[]","[]","[]","[]","[]","[]",0,"[173.344]",581.156,"[4105.47]","[]","[24550.8]","[]"
587,284500,9863997,361102,11449.5,11500.5,3.38179e+11,0.934886,0.97695,1,1,1,0.987716,0.98743,1,1,0,0,1,"[0]","[1]","[429924]","[-0.0241367]","[-1.36565]","[430050]","[0.0349998]","[1]","[11]","[1]","[0]","[-1009.71]","[0.00538643]","[0.783356]",137044,-1.48194,2,"[613501,63180.6]","[1.26745,-2.22488]","[1.77772,-0.724609]","[1.17689e+06,295851]","[0.998332,0.991197]","[4,0]","[0,0]","[-0.365391,-0.869764]",0,"[]","[]","[]","[]","[]","[]","[]","[]","[]","[]",2,"[588270,430809]","[1.27604,-0.0117714]","[1.77862,-1.36394]","[1.13672e+06,430865]","[45115.9,4759.5]","[0,1]","[2.44712,0]","[0.621433,-1]",0,"[]","[]","[]","[]","[]","[]","[]","[]","[]","[]",0,"[3667.86]",26236.2,"[26765.1,2736.34]","[]","[45119.6,44488.3]","[]"
588,284500,9919591,361102,11450.5,11500.5,3.38179e+11,1.24168,0.96323,1,1,1,1.10674,1.00493,1,1,0,0,1,"[0]","[1]","[161447]","[-1.1964]","[-2.93014]","[291449]","[-0.00625992]","[1]","[11]","[1]","[0]","[259.274]","[0.0120399]","[0.807646]",194494,-3.0517,1,"[350409]","[-1.4575]","[0.139833]","[793942]","[0.988352]","[4]","[0]","[0.864564]",0,"[]","[]","[]","[]","[]","[]","[]","[]","[]","[]",1,"[327669]","[-1.46583]","[0.139076]","[747953]","[28317.1]","[0]","[1.51995]","[0.717835]",0,"[]","[]","[]","[]","[]","[]","[]","[]","[]","[]",0,"[1734.51]",14462.1,"[15004.8]","[]","[21396.6]","[]"
589,284500,9957735,361102,11466.5,11500.5,3.38179e+11,1.08735,0.98536,1,1,1,0.984521,0.9918,1,1,0,0,1,"[0]","[1]","[102163]","[-0.608666]","[-1.12113]","[121679]","[-0.000131607]","[1]","[11]","[1]","[0]","[446.013]","[-0.0353696]","[3.67867]",106566,-0.718952,3,"[407547,196074,22653.5]","[-0.0307713,-0.130568,-0.68077]","[1.6116,-2.1229,-2.02989]","[411034,198749,28251.3]","[0.99333,0.993399,0.980276]","[4,0,0]","[0,0,0]","[-0.446599,-0.95484,0.176678]",0,"[]","[]","[]","[]","[]","[]","[]","[]","[]","[]",1,"[387917]","[-0.0445012]","[1.60706]","[392396]","[56541.7]","[0]","[1.60319]","[0.609523]",0,"[]","[]","[]","[]","[]","[]","[]","[]","[]","[]",0,"[493.003]",12003.4,"[6750.52,2278.23,1709.32]","[]","[33212.1]","[]"
590,284500,10018343,361102,11460.8,11500.5,3.38179e+11,1.08735,0.96689,1,1,1,1.01466,1,1,1,0,0,1,"[0]","[1]","[52063]","[1.72497]","[1.45453]","[150737]","[-0.102554]","[1]","[11]","[0]","[0]","[-323.702]","[-0.148026]","[10.9806]",155735,1.74795,4,"[259791,47037.9,29794.6,20800.8]","[1.4331,0.672705,-0.624561,-0.722454]","[-1.63493,0.724668,1.00284,3.09036]","[576071,58787,36170.1,26951.3]","[0.985489,0.996368,1,0.948835]","[0,0,4,4]","[0,0,0,0]","[-0.916819,-0.409691,-0.805342,-0.135064]",0,"[]","[]","[]","[]","[]","[]","[]","[]","[]","[]",1,"[268135]","[1.38736]","[-1.63774]","[571096]","[29680.5]","[0]","[2.13241]","[0.7661]",0,"[]","[]","[]","[]","[]","[]","[]","[]","[]","[]",0,"[574.115]",2445.73,"[5553.74,4193.94,4739.35,1406.59]","[]","[39657.9]","[]"
591,284500,9950598,361102,11461.5,11500.5,3.38179e+11,0.00133961,0.99093,1,1,1,0.998503,1.00306,1,1,0,0,1,"[0]","[1]","[119849]","[0.981198]","[1.11316]","[182321]","[-0.197695]","[1]","[11]","[1]","[0]","[-475.833]","[0.00124438]","[0.108438]",353442,1.14989,1,"[468986]","[0.818088]","[-1.99313]","[635401]","[0.99]","[0]","[0]","[-0.821441]",0,"[]","[]","[]","[]","[]","[]","[]","[]","[]","[]",1,"[444751]","[0.820472]","[-1.9957]","[603244]","[15840.1]","[0]","[2.01781]","[0.398544]",0,"[]","[]","[]","[]","[]","[]","[]","[]","[]","[]",0,"[708.636]",2398.75,"[6116.67]","[]","[19288.2]","[]"
592,284500,9907641,361102,11458,11500.5,3.38179e+11,1.08735,1,0.987741,1,1,0.998727,0.947147,1,0,1,0,1,"[0]","[1]","[110249]","[-1.70365]","[1.835]","[312885]","[-0.076355]","[1]","[13]","[1]","[0]","[-75.8012]","[-0.0132709]","[2.22548]",334362,1.8745,1,"[434859]","[-0.395339]","[-1.27367]","[472757]","[0.996304]","[0]","[0]","[-0.884527]",0,"[]","[]","[]","[]","[]","[]","[]","[]","[]","[]",1,"[432718]","[-0.354969]","[-1.27256]","[465340]","[68520.5]","[0]","[1.88489]","[0.383932]",0,"[]","[]","[]","[]","[]","[]","[]","[]","[]","[]",0,"[4583.77]",2632.88,"[5425.45]","[]","[8586.59]","[]"
593,284500,10023997,361102,11454.3,11500.5,3.38179e+11,0,0.96611,1,1,1,0.999449,0.97191,1,1,0,0,1,"[0]","[1]","[42258.3]","[0.76114]","[-0.764741]","[55101.6]","[-0.404343]","[1]","[11]","[1]","[0]","[-647.818]","[0.0418119]","[4.61204]",251510,-0.517943,1,"[269161]","[0.258984]","[2.51147]","[278784]","[0.900181]","[0]","[0]","[-0.945879]",0,"[]","[]","[]","[]","[]","[]","[]","[]","[]","[]",1,"[272145]","[0.220579]","[2.52086]","[279336]","[17420.8]","[0]","[3.75254]","[0.242222]",0,"[]","[]","[]","[]","[]","[]","[]","[]","[]","[]",0,"[134.162]",1175,"[2851.98]","[]","[3441.56]","[]"
594,284500,9948938,361102,11460.5,11500.5,3.38179e+11,1.25133,0.98536,1,1,1,0.999466,0.9918,1,1,0,0,1,"[0]","[1]","[87436.9]","[-0.648067]","[0.120675]","[106450]","[-0.051796]","[1]","[11]","[1]","[0]","[481.702]","[-0.0132256]","[1.60329]",173553,0.0333954,1,"[277276]","[0.408058]","[-3.03859]","[301563]","[0.995573]","[0]","[0]","[-0.411093]",0,"[]","[]","[]","[]","[]","[]","[]","[]","[]","[]",1,"[278717]","[0.378607]","[-3.03632]","[299853]","[23466.4]","[0]","[2.19911]","[0.556923]",0,"[]","[]","[]","[]","[]","[]","[]","[]","[]","[]",0,"[288.603]",13709,"[12290.1]","[]","[2771.75]","[]"
595,284500,9988989,361102,11469.4,11500.5,3.38179e+11,0,1,0.996394,1,1,0.99854,0.727758,1,0,1,0,1,"[0]","[1]","[94213]","[0.590538]","[0.950328]","[111124]","[-0.0222969]","[1]","[13]","[1]","[0]","[1460.89]","[-0.0112097]","[2.12224]",95970.7,0.529075,2,"[290416,113275]","[1.64396,-0.357156]","[-2.51803,0.338483]","[779944,121879]","[0.990591,1]","[0,0]","[0,0]","[-0.65974,-0.833568]",0,"[]","[]","[]","[]","[]","[]","[]","[]","[]","[]",1,"[295931]","[1.65163]","[-2.52205]","[800325]","[19891.1]","[0]","[2.9012]","[0.744455]",0,"[]","[]","[]","[]","[]","[]","[]","[]","[]","[]",0,"[2155.1]",8855.98,"[10275,2235.06]","[]","[19641.2]","[]"
596,284500,9994396,361102,11444.2,11500.5,3.38179e+11,1.08735,0.96126,1,1,1,0.998281,0,1,1,0,0,1,"[0]","[1]","[26185.6]","[0.124943]","[-2.58852]","[26390.3]","[-0.0368881]","[1]","[11]","[1]","[0]","[3442.4]","[0.0293429]","[3.91612]",201234,-2.43097,2,"[256835,32392.6]","[-0.0534396,-1.30178]","[0.746863,-1.8641]","[258074,64098.1]","[0.98951,0.99]","[0,0]","[0,0]","[-0.940435,-0.725824]",0,"[]","[]","[]","[]","[]","[]","[]","[]","[]","[]",1,"[258695]","[-0.0227326]","[0.747105]","[259753]","[22672.2]","[0]","[1.56013]","[0.648709]",0,"[]","[]","[]","[]","[]","[]","[]","[]","[]","[]",0,"[34.9672]",2656.28,"[2824.91,4290.11]","[]","[9944.84]","[]"
597,284500,9448326,361102,11465.7,11500.5,3.38179e+11,0.596562,1,1.00043,1,1,0.99874,1.01431,1,0,1,0,1,"[0]","[1]","[77267.4]","[1.44299]","[2.5775]","[172675]","[-0.0500412]","[1]","[13]","[1]","[0]","[-286.7]","[-0.0180852]","[2.54202]",340793,3.06986,1,"[383032]","[1.6056]","[-0.160048]","[992695]","[0.999002]","[0]","[0]","[-0.98245]",0,"[]","[]","[]","[]","[]","[]","[]","[]","[]","[]",1,"[418488]","[1.58218]","[-0.159836]","[1.06134e+06]","[22971.6]","[0]","[3.00551]","[0.68037]",0,"[]","[]","[]","[]","[]","[]","[]","[]","[]","[]",0,"[925.066]",10563.2,"[8485.23]","[]","[25448]","[]"
598,284500,10109633,361102,11462.7,11500.5,3.38179e+11,1.24168,1,0.9888,1,1,0.98412,1.00764,1,0,1,0,1,"[0]","[1]","[62885.9]","[1.74969]","[-1.09461]","[186352]","[-0.0406952]","[1]","[13]","[1]","[0]","[-169.492]","[0.0526525]","[6.14678]",208635,-1.05008,3,"[327537,54452.6,20813.8]","[0.351534,-0.187021,2.48376]","[2.03055,-1.34542,-1.62729]","[348200,56514.7,125681]","[1,0.979041,0.965958]","[4,0,0]","[0,0,0]","[-0.718563,-0.93663,-0.663489]",0,"[]","[]","[]","[]","[]","[]","[]","[]","[]","[]",1,"[339647]","[0.409699]","[2.05071]","[370735]","[40163]","[0]","[3.34603]","[0.486441]",0,"[]","[]","[]","[]","[]","[]","[]","[]","[]","[]",0,"[333.224]",6267.95,"[6624.32,6730.66,1207.71]","[]","[2653.31]","[]"
599,284500,9984209,361102,11466.8,11500.5,3.38179e+11,1.08735,0.94943,1,1,1,0.997608,0.94658,1,1,0,0,1,"[0]","[1]","[43575.8]","[1.29825]","[-1.37053]","[85755.1]","[0.0950424]","[1]","[11]","[1]","[0]","[-865.099]","[0.0327493]","[3.48229]",171028,-1.00365,3,"[267126,135399,24362.3]","[1.09006,1.23589,-1.48331]","[1.49775,-2.35058,2.55428]","[442436,252993,56684.8]","[0.989428,0.999868,0.956675]","[0,0,0]","[0,0,0]","[-0.944139,0.159804,-0.633261]",0,"[]","[]","[]","[]","[]","[]","[]","[]","[]","[]",1,"[291157]","[1.0942]","[1.49445]","[483710]","[12298.1]","[0]","[1.74087]","[0.355486]",0,"[]","[]","[]","[]","[]","[]","[]","[]","[]","[]",0,"[85.801]",3224,"[9195.14,6603.51,2996.54]","[]","[23041.2]","[]"
600,284500,10088618,361102,11455.9,11500.5,3.38179e+11,0.934886,1,1.00098,1,1,0.997738,1.00043,1,0,1,0,1,"[0]","[1]","[42844.6]","[1.31115]","[-1.56968]","[85259.8]","[0.00812531]","[1]","[13]","[1]","[0]","[-411.14]","[0.0556875]","[5.06231]",265501,-1.97584,2,"[281304,28502]","[1.35136,1.40825]","[1.15612,1.61106]","[580677,61956.8]","[0.997748,1]","[0,0]","[0,0]","[-0.86422,-0.94035]",0,"[]","[]","[]","[]","[]","[]","[]","[]","[]","[]",1,"[279302]","[1.36843]","[1.15823]","[585051]","[30495.9]","[0]","[1.7715]","[0.674165]",0,"[]","[]","[]","[]","[]","[]","[]","[]","[]","[]",0,"[304.54]",1690.62,"[6586.31,4524.21]","[]","[14976.2]","[]"
601,284500,10087191,361102,-11458.9,11500.5,3.38179e+11,1.08735,0.97435,1,1,1,1.05897,0.98425,1,1,0,0,1,"[0]","[1]","[47746]","[0.200405]","[-0.467137]","[48708]","[0.0521431]","[1]","[11]","[1]","[0]","[306.504]","[-0.0222752]","[2.47062]",242840,-0.181856,2,"[248996,40226.1]","[-0.86572,-0.254434]","[2.88215,-2.64296]","[348524,41648.7]","[0.992962,0.726951]","[4,0]","[0,0]","[0.543102,0.84124]",0,"[]","[]","[]","[]","[]","[]","[]","[]","[]","[]",1,"[284017]","[-0.826339]","[2.97088]","[392783]","[69244]","[0]","[1.01029]","[0.606627]",0,"[]","[]","[]","[]","[]","[]","[]","[]","[]","[]",0,"[75.5352]",21851.5,"[3043.51,1952.27]","[]","[813.625]","[]"
602,284500,10160548,361102,11454,11500.5,3.38179e+11,1.55465,0.96484,1,1,1,0.99668,0.9566,1,1,0,0,1,"[0]","[1]","[36114]","[0.932262]","[-0.343811]","[52977.6]","[0.0288696]","[1]","[11]","[1]","[0]","[449.483]","[0.0503648]","[6.13982]",200871,-0.996975,3,"[282274,44497.5,20650.9]","[1.09207,2.47139,-1.70557]","[2.13856,-2.13107,-0.144478]","[468611,265323,58932]","[0.933164,0.990473,0.977649]","[0,0,0]","[0,0,0]","[-0.759861,-0.844724,-0.763613]",0,"[]","[]","[]","[]","[]","[]","[]","[]","[]","[]",1,"[303615]","[1.08589]","[2.13474]","[502120]","[34780.8]","[0]","[1.72162]","[0.688962]",0,"[]","[]","[]","[]","[]","[]","[]","[]","[]","[]",0,"[184.159]",3691.52,"[10042.3,2664.46,2996.57]","[]","[28085]","[]"
603,284500,10330684,361102,11463.7,11500.5,3.38179e+11,0.596562,0.98536,1,1,1,0.998834,0.9918,1,1,0,0,1,"[0]","[1]","[133399]","[-0.658676]","[-1.01873]","[163398]","[-0.00649166]","[1]","[11]","[1]","[0]","[-662.255]","[-0.0738017]","[11.4895]",212208,-0.939247,3,"[222910,105491,20379.7]","[-0.550485,-1.25642,-0.72601]","[2.24141,2.01656,1.77072]","[259646,200456,26110.9]","[0.998187,1,0.936006]","[0,0,0]","[0,0,0]","[-0.819177,-0.808908,-0.874331]",0,"[]","[]","[]","[]","[]","[]","[]","[]","[]","[]",1,"[315172]","[-0.812266]","[2.16948]","[446479]","[136855]","[0]","[0.976633]","[0.441322]",0,"[]","[]","[]","[]","[]","[]","[]","[]","[]","[]",0,"[753.333]",10999.4,"[6426.3,3641.59,1182.88]","[]","[16128.2]","[]"
604,284500,10316939,361102,11456.6,11500.5,3.38179e+11,0.934886,1,0.995324,1,1,0.98415,0.9132,1,0,1,0,1,"[0]","[1]","[44525.8]","[0.523661]","[1.46841]","[50771.7]","[-0.0970345]","[1]","[13]","[1]","[0]","[-27.8018]","[-0.031597]","[4.61236]",418120,1.83519,3,"[407068,46230.2,28940.7]","[-0.144823,-0.900438,-1.97736]","[-1.28034,-1.23063,-3.08589]","[412078,66938.7,106723]","[0.997228,0.99403,0.984383]","[4,0,0]","[0,0,0]","[-0.897731,-0.895481,-0.71748]",0,"[]","[]","[]","[]","[]","[]","[]","[]","[]","[]",1,"[441656]","[-0.170637]","[-1.2808]","[448782]","[24709.7]","[0]","[0.381307]","[0.0672828]",0,"[]","[]","[]","[]","[]","[]","[]","[]","[]","[]",0,"[407.52]",748.656,"[5607.01,5009.79,2038.5]","[]","[2749.56]","[]"
605,284500,10296075,361102,11464.3,11500.5,3.38179e+11,0.402058,1,1.0008,1,1,0.998358,0.993803,1,0,1,0,1,"[0]","[1]","[36007.6]","[-2.2098]","[2.61311]","[166060]","[0.164655]","[1]","[13]","[1]","[0]","[-160.326]","[0.0378126]","[3.41946]",253277,-3.14005,3,"[282399,30054,21790.6]","[-1.2943,-0.32769,-0.279827]","[-0.250465,1.56864,0.876878]","[554423,32346,22969.7]","[0.998002,0.987923,0.924789]","[0,0,0]","[0,0,0]","[-0.891636,-0.950872,-0.446857]",0,"[]","[]","[]","[]","[]","[]","[]","[]","[]","[]",1,"[279439]","[-1.30024]","[-0.248606]","[551054]","[14417.9]","[0]","[2.31562]","[0.689954]",0,"[]","[]","[]","[]","[]","[]","[]","[]","[]","[]",0,"[597.766]",179.031,"[12197.8,2164.61,1731.33]","[]","[6723.16]","[]"
606,284500,10292301,361102,11459.3,11500.5,3.38179e+11,1.55465,0.9823,1,1,1,0.998055,1.00632,1,1,0,0,1,"[0]","[1]","[94135.6]","[0.447946]","[1.66503]","[103739]","[-0.0488892]","[1]","[11]","[1]","[0]","[418.27]","[-0.023959]","[3.19994]",221440,1.69343,3,"[269148,96797.7,29071.6]","[0.416827,-1.52599,-1.39349]","[-1.87598,-0.527575,0.0913661]","[295762,233737,62496]","[0.996117,0.991442,1]","[0,0,0]","[0,0,0]","[-0.930339,-0.777976,-0.739518]",0,"[]","[]","[]","[]","[]","[]","[]","[]","[]","[]",1,"[263013]","[0.393957]","[-1.86721]","[289226]","[56324.5]","[0]","[1.62239]","[0.720831]",0,"[]","[]","[]","[]","[]","[]","[]","[]","[]","[]",0,"[518.791]",2614.39,"[5737.4,3976.7,1871.01]","[]","[1950.38]","[]"
607,284500,10371355,361102,11451.8,11500.5,3.38179e+11,0.934886,0.98458,1,1,1,0.999304,1.00582,1,1,0,0,1,"[0]","[1]","[98099.3]","[-0.529667]","[-1.38169]","[112185]","[0.0399208]","[1]","[11]","[1]","[1462.62]","[-1068.52]","[0.0402648]","[4.45736]",214140,-1.76468,1,"[302225]","[-1.15668]","[1.50611]","[528219]","[0.996664]","[0]","[0]","[-0.8667]",0,"[]","[]","[]","[]","[]","[]","[]","[]","[]","[]",1,"[286045]","[-1.14122]","[1.50706]","[493641]","[14410.1]","[0]","[2.12083]","[0.589832]",0,"[]","[]","[]","[]","[]","[]","[]","[]","[]","[]",0,"[1226.25]",4191.28,"[5824.12]","[]","[27769.6]","[]"
608,284500,10461007,361102,11453.8,11500.5,3.38179e+11,0.596562,1,0.998393,1,1,0.999451,0.971214,1,0,1,0,1,"[0]","[1]","[35190.9]","[-0.493026]","[1.61244]","[39555.5]","[0.150843]","[1]","[13]","[1]","[0]","[-356.436]","[-0.0873311]","[7.49484]",229543,1.52254,1,"[264610]","[0.72345]","[-1.62349]","[337372]","[0.232844]","[0]","[0]","[-0.930285]",0,"[]","[]","[]","[]","[]","[]","[]","[]","[]","[]",1,"[252587]","[0.745066]","[-1.62194]","[327566]","[31994.2]","[0]","[5.17111]","[0.668598]",0,"[]","[]","[]","[]","[]","[]","[]","[]","[]","[]",0,"[185.425]",10417.4,"[10868.1]","[]","[2113.28]","[]"
609,284500,10289712,361102,11452.5,11500.5,3.38179e+11,0.934886,0.98428,1,1,1,0.997443,1.00121,1,1,0,0,1,"[0]","[1]","[248932]","[-1.8274]","[2.98751]","[793912]","[0.0454321]","[1]","[11]","[1]","[3113.54]","[-1265.65]","[0.0155489]","[1.72235]",191627,3.12696,3,"[452706,91509.5,22234.9]","[-2.14886,-0.646775,1.14007]","[0.129071,-1.52478,-2.54792]","[1.96764e+06,112070,38576.7]","[0.982029,0.990914,0.905511]","[0,0,0]","[0,0,0]","[-0.985505,-0.943795,-0.884152]",0,"[]","[]","[]","[]","[]","[]","[]","[]","[]","[]",1,"[273171]","[-1.82517]","[2.98744]","[869389]","[5311.41]","[1]","[0]","[-1]",0,"[]","[]","[]","[]","[]","[]","[]","[]","[]","[]",0,"[3503.12]",2720.92,"[9466.2,2209.63,4375.34]","[]","[10998.1]","[]"
610,284500,10396497,361102,11459.8,11500.5,3.38179e+11,1.24168,0.98089,1,1,1,0.997241,0.99866,1,1,0,0,1,"[0]","[1]","[321676]","[-1.11493]","[2.47665]","[543195]","[0.0743465]","[1]","[11]","[1]","[0]","[-94.2552]","[0.0187332]","[1.43031]",216523,-0.842483,4,"[61421.5,52579,34803.4,21223.9]","[1.28303,-2.35504,-1.08589,-1.87886]","[0.101733,-0.672106,-2.77943,0.438222]","[119923,279609,57600.8,71233]","[0.988979,0.99096,1,0.952934]","[0,0,0,0]","[0,0,0,0]","[-0.450359,-0.435321,0.32077,-0.655776]",0,"[]","[]","[]","[]","[]","[]","[]","[]","[]","[]",1,"[339150]","[-1.12583]","[2.48264]","[577768]","[-0.0078125]","[0]","[0]","[-1]",0,"[]","[]","[]","[]","[]","[]","[]","[]","[]","[]",0,"[8275.36]",5802.55,"[2198.31,6591.47,8996.39,1556.01]","[]","[34737.6]","[]"
611,284500,10503149,361102,11448.9,11500.5,3.38179e+11,0.402058,1,1.00107,1,1,0.981622,0.991261,1,0,1,0,1,"[0]","[1]","[119536]","[1.38247]","[0.932352]","[253160]","[-0.0361366]","[1]","[13]","[1]","[0]","[-521.017]","[-0.0283991]","[5.00455]",148619,0.924453,2,"[296733,72634.3]","[-0.378544,1.37457]","[-1.91589,2.36713]","[318996,152952]","[1,1]","[0,4]","[0,0]","[-0.971403,0.385479]",0,"[]","[]","[]","[]","[]","[]","[]","[]","[]","[]",1,"[302115]","[-0.3714]","[-1.91355]","[323962]","[22324]","[0]","[3.04146]","[0.137274]",0,"[]","[]","[]","[]","[]","[]","[]","[]","[]","[]",0,"[4301.4]",6566.34,"[7169.59,4722.6]","[]","[26709.8]","[]"
612,284500,10485367,361102,11442.8,11500.5,3.38179e+11,1.08735,0.97994,1,1,1,0.999466,1.00632,1,1,0,0,1,"[0]","[1]","[168513]","[0.565125]","[-1.72649]","[196145]","[0.0244465]","[1]","[11]","[1]","[0]","[-101.334]","[-0.0013114]","[0.102909]",120181,-1.47961,1,"[271407]","[0.342958]","[1.5208]","[287738]","[0.992736]","[0]","[0]","[0.105941]",0,"[]","[]","[]","[]","[]","[]","[]","[]","[]","[]",1,"[271089]","[0.354591]","[1.52279]","[288460]","[9274.72]","[0]","[2.03831]","[0.407632]",0,"[]","[]","[]","[]","[]","[]","[]","[]","[]","[]",0,"[1057.51]",2288.84,"[3802.18]","[]","[3580.28]","[]"
613,284500,10503296,361102,11448.9,11500.5,3.38179e+11,0.506784,1,1.0004,1,1,1.019,1.0102,1,0,1,0,1,"[0]","[1]","[42403.1]","[1.19277]","[2.65656]","[76316.5]","[-0.0427971]","[1]","[13]","[1]","[0]","[-605.564]","[0.0296541]","[3.90557]",385750,2.6949,4,"[344484,44602.8,36598.8,20855.3]","[-0.505571,-1.17563,1.72171,0.107914]","[-0.627764,-0.0359232,0.766741,-0.38518]","[392552,79338,105897,21437]","[0.994159,0.98,0.979259,0.9979]","[0,0,4,0]","[0,0,0,0]","[-0.942284,-0.940423,0.916684,-0.889082]",0,"[]","[]","[]","[]","[]","[]","[]","[]","[]","[]",1,"[360030]","[-0.566065]","[-0.588163]","[430964]","[99714.8]","[0]","[2.6198]","[0.316245]",0,"[]","[]","[]","[]","[]","[]","[]","[]","[]","[]",0,"[199.843]",2436.09,"[3848.08,2413.02,1643.17,1224.51]","[]","[17853.7]","[]"
614,284500,10519589,361102,11456.1,11500.5,3.38179e+11,0,1,0.991992,1,1,0.997366,0.965084,1,0,1,0,1,"[0]","[1]","[35102.5]","[0.335862]","[2.81062]","[37101.1]","[0.0405598]","[1]","[13]","[1]","[0]","[-1193.59]","[0.0259269]","[4.10656]",356649,2.9219,2,"[423330,24111.1]","[-0.283475,1.20016]","[-0.235887,-3.12678]","[441467,43880.7]","[1,0.930494]","[0,0]","[0,0]","[-0.956842,-0.882427]",0,"[]","[]","[]","[]","[]","[]","[]","[]","[]","[]",1,"[413948]","[-0.293446]","[-0.24103]","[432311]","[18875.9]","[0]","[2.64246]","[0.221393]",0,"[]","[]","[]","[]","[]","[]","[]","[]","[]","[]",0,"[91.3799]",27998.7,"[11636.2,3637.49]","[]","[5533.72]","[]"
615,284500,10539202,361102,11458.9,11500.5,3.38179e+11,1.08735,1,0.998822,1,1,0.99947,0.983348,1,0,1,0,1,"[0]","[1]","[44454.3]","[1.14117]","[-2.97535]","[76680.9]","[-0.0603542]","[1]","[13]","[1]","[0]","[865.675]","[0.101277]","[13.4402]",173645,-3.12324,2,"[270102,97010.1]","[0.449105,1.71414]","[-0.246766,2.15223]","[298477,278232]","[1,1]","[0,0]","[0,0]","[-0.85438,-0.58484]",0,"[]","[]","[]","[]","[]","[]","[]","[]","[]","[]",1,"[262072]","[0.441541]","[-0.248042]","[288451]","[15473.7]","[0]","[3.05553]","[0.629541]",0,"[]","[]","[]","[]","[]","[]","[]","[]","[]","[]",0,"[173.301]",3069.3,"[3054.53,4803.28]","[]","[0]","[]"
616,284500,10518196,361102,11450.7,11500.5,3.38179e+11,0.402058,1,0.994984,1,1,0.998582,0.998829,1,0,1,0,1,"[0]","[1]","[110442]","[2.00954]","[0.21216]","[419347]","[-0.10183]","[1]","[13]","[1]","[2171.26]","[-91.5739]","[0.0510996]","[7.61463]",289832,-0.00855237,3,"[373352,84834.8,51064.9]","[0.87118,-1.87025,1.30066]","[-2.91353,1.49299,-2.68322]","[525441,282024,100873]","[0.998518,0.998163,0.99067]","[0,0,0]","[0,0,0]","[-0.863985,-0.883183,-0.526314]",0,"[]","[]","[]","[]","[]","[]","[]","[]","[]","[]",1,"[411021]","[0.892894]","[-2.89879]","[590288]","[70654.8]","[0]","[2.08483]","[0.803239]",0,"[]","[]","[]","[]","[]","[]","[]","[]","[]","[]",0,"[3956.46]",10968.1,"[12433.6,2856.56,2267.59]","[]","[4677.62]","[]"
617,284500,10598077,361102,11450.5,11500.5,3.38179e+11,1.25133,1,0.997877,1,1,0.998327,1.01616,1,0,1,0,1,"[0]","[1]","[342412]","[-1.39236]","[-1.34013]","[731534]","[-0.0428238]","[1]","[13]","[1]","[0]","[-664.499]","[-0.00538352]","[0.912244]",151917,-1.31838,1,"[514115]","[-0.136956]","[1.81328]","[519554]","[1]","[0]","[0]","[-0.623239]",0,"[]","[]","[]","[]","[]","[]","[]","[]","[]","[]",1,"[501964]","[-0.129508]","[1.81831]","[506239]","[7766.33]","[0]","[0]","[-1]",0,"[]","[]","[]","[]","[]","[]","[]","[]","[]","[]",0,"[28300.3]",13152.7,"[6497.63]","[]","[20588.3]","[]"
618,284500,10547286,361102,11459.5,11500.5,3.38179e+11,0.596562,1,0.969083,1,1,0.998938,1.0149,1,0,1,0,1,"[0]","[1]","[173567]","[-1.7296]","[1.08331]","[504714]","[-0.014904]","[1]","[13]","[1]","[0]","[51.9151]","[-0.00797757]","[1.28405]",150397,1.32566,3,"[258294,43278,24418.8]","[-0.746765,0.561314,-0.0943116]","[-1.99658,-1.73813,-1.20872]","[334098,50772.1,24907.8]","[0.998259,1,0.99877]","[0,0,0]","[0,0,0]","[-0.893752,-0.913881,-0.886857]",0,"[]","[]","[]","[]","[]","[]","[]","[]","[]","[]",1,"[263254]","[-0.760298]","[-1.99798]","[343431]","[15582.7]","[0]","[2.45819]","[0.431324]",0,"[]","[]","[]","[]","[]","[]","[]","[]","[]","[]",0,"[1720.87]",15870.5,"[16709.1,3070.92,3022.65]","[]","[0]","[]"
619,284500,10602267,361102,11452.3,11500.5,3.38179e+11,0.596562,1,1.00004,1,1,0.997024,1.01008,1,0,1,0,1,"[0]","[1]","[28209.6]","[-1.31183]","[2.7685]","[56169.4]","[0.0223389]","[1]","[13]","[1]","[0]","[167.98]","[0.0164323]","[1.67296]",221600,-2.96629,4,"[271159,28662,23175.8,21672.7]","[-0.533887,0.45746,-0.327847,2.16521]","[0.231963,-1.92437,1.70423,-1.98833]","[311626,31838.3,24749.8,95752]","[0.998024,0.995843,1,0.973815]","[0,0,0,0]","[0,0,0,0]","[-0.964502,-0.85496,-0.785196,-0.806229]",0,"[]","[]","[]","[]","[]","[]","[]","[]","[]","[]",1,"[257776]","[-0.523209]","[0.237103]","[294662]","[21577.7]","[0]","[1.9479]","[0.675737]",0,"[]","[]","[]","[]","[]","[]","[]","[]","[]","[]",0,"[151.653]",11385.8,"[5357.65,3143.04,4822.01,1669.85]","[]","[0]","[]"
620,284500,10629387,361102,11452.2,11500.5,3.38179e+11,1.08735,1,0.998077,1,1,1.00695,0.91657,1,0,1,0,1,"[0]","[1]","[61822.2]","[-0.941569]","[-2.47184]","[91312]","[0.0535393]","[1]","[13]","[1]","[0]","[868.911]","[-0.0525206]","[7.67744]",377962,-2.44619,2,"[427085,24938.6]","[0.372961,-1.89639]","[0.736459,1.72936]","[457984,85146.6]","[0.994435,0.936587]","[0,4]","[0,0]","[-0.871088,-0.431986]",0,"[]","[]","[]","[]","[]","[]","[]","[]","[]","[]",1,"[395412]","[0.401924]","[0.731498]","[428388]","[22774.5]","[0]","[3.64572]","[0.530927]",0,"[]","[]","[]","[]","[]","[]","[]","[]","[]","[]",0,"[223.485]",40842.7,"[4817.95,3927.32]","[]","[6335.88]","[]"
621,284500,10615759,361102,11457.1,11500.5,3.38179e+11,0.934886,0.9823,1,1,1,0.999042,1.00632,1,1,0,0,1,"[0]","[1]","[91456]","[0.273281]","[3.07168]","[94892.3]","[0.254616]","[1]","[11]","[1]","[1561.29]","[889.856]","[-0.0348937]","[2.78733]",326723,3.01484,1,"[368655]","[0.42834]","[-0.0854844]","[404386]","[0.994337]","[0]","[0]","[-0.780084]",0,"[]","[]","[]","[]","[]","[]","[]","[]","[]","[]",1,"[371748]","[0.420657]","[-0.0831905]","[406239]","[30037.7]","[0]","[1.36289]","[0.650628]",0,"[]","[]","[]","[]","[]","[]","[]","[]","[]","[]",0,"[482.051]",8510.78,"[3963.45]","[]","[8568.38]","[]"
622,284500,10883309,361102,11455.4,11500.5,3.38179e+11,0.00292683,1,0.994161,1,1,0.999419,0.93614,1,0,1,0,1,"[0]","[1]","[30154.9]","[-0.142744]","[2.1028]","[30462.8]","[0.12273]","[1]","[13]","[1]","[1713.46]","[1286.95]","[-0.0215924]","[2.53674]",257178,2.04681,1,"[298993]","[0.084046]","[-1.1284]","[300290]","[1]","[0]","[0]","[-0.949312]",0,"[]","[]","[]","[]","[]","[]","[]","[]","[]","[]",1,"[299742]","[0.0579975]","[-1.12935]","[300803]","[18290.4]","[0]","[4.46849]","[0.348621]",0,"[]","[]","[]","[]","[]","[]","[]","[]","[]","[]",0,"[61.0275]",10466.2,"[5085.53]","[]","[14250.2]","[]"
623,284500,10743304,361102,11464.5,11500.5,3.38179e+11,1.08735,0.98089,1,1,1,0.998888,0.99866,1,1,0,0,1,"[0]","[1]","[185065]","[-1.04503]","[-2.31551]","[295656]","[0.0309658]","[1]","[11]","[1]","[1090.25]","[-651.997]","[0.0365143]","[4.84362]",83132.5,-2.55663,2,"[241323,28725.6]","[-1.17363,-1.18695]","[0.731646,1.4396]","[428032,51638.9]","[0.997499,0.987673]","[0,0]","[0,0]","[-0.885843,-0.869068]",0,"[]","[]","[]","[]","[]","[]","[]","[]","[]","[]",1,"[261561]","[-1.19591]","[0.776787]","[476417]","[64810.8]","[0]","[2.75124]","[0.53232]",0,"[]","[]","[]","[]","[]","[]","[]","[]","[]","[]",0,"[2940.35]",3624.05,"[5341.93,1865.11]","[]","[12679.6]","[]"
624,284500,9071903,361102,11456.8,11500.5,3.38179e+11,1.55465,0.94443,1,1,1,0.999341,1.00395,1,1,0,0,1,"[0]","[1]","[35793.6]","[2.10398]","[2.39583]","[148915]","[0.0266228]","[1]","[11]","[1]","[1035.23]","[-74.9019]","[-0.0121971]","[0.676032]",180360,3.12473,1,"[244890]","[1.00675]","[-0.128191]","[380056]","[0.996466]","[0]","[0]","[-0.93942]",0,"[]","[]","[]","[]","[]","[]","[]","[]","[]","[]",1,"[265467]","[1.02908]","[-0.118737]","[419056]","[11964.1]","[0]","[1.98928]","[0.32457]",0,"[]","[]","[]","[]","[]","[]","[]","[]","[]","[]",0,"[37.9098]",7613.14,"[7322.12]","[]","[22394.2]","[]"
625,284500,9257043,361102,11460.3,11500.5,3.38179e+11,0.619412,0.97435,1,1,1,0.999378,0.98425,1,1,0,0,1,"[0]","[1]","[47543.5]","[0.151761]","[-0.357705]","[48092.1]","[0.027462]","[1]","[11]","[1]","[0]","[1121.85]","[-0.0330182]","[4.57645]",261824,-0.894648,1,"[309009]","[-0.241966]","[2.32324]","[318976]","[0.972255]","[0]","[0]","[0.0360215]",0,"[]","[]","[]","[]","[]","[]","[]","[]","[]","[]",1,"[296908]","[-0.2593]","[2.33427]","[307823]","[23221.4]","[0]","[2.89244]","[0.232632]",0,"[]","[]","[]","[]","[]","[]","[]","[]","[]","[]",0,"[57.7939]",25798.4,"[6101.6]","[]","[7547.25]","[]"
626,284500,10793066,361102,11463.7,11500.5,3.38179e+11,1.08735,0.96323,1,1,1,0.999098,1.00493,1,1,0,0,1,"[0]","[1]","[240716]","[-1.28805]","[1.20511]","[469578]","[0.284397]","[-1]","[11]","[1]","[0]","[4854.47]","[0.0270822]","[2.17229]",57615.5,1.23262,2,"[263128,28274.8]","[-0.513489,-0.0502005]","[-1.97151,-1.57315]","[299342,28888.5]","[0.983284,0.965356]","[0,0]","[0,0]","[-0.411527,-0.873575]",0,"[]","[]","[]","[]","[]","[]","[]","[]","[]","[]",2,"[287250,253833]","[-1.31599,-0.526717]","[1.21027,-1.97359]","[574034,290676]","[4075.68,21693.9]","[1,0]","[9.05833,1.52486]","[0.166716,0.0221656]",0,"[]","[]","[]","[]","[]","[]","[]","[]","[]","[]",0,"[2963.06]",2577.1,"[2839.27,2926.07]","[]","[27539.4,718.016]","[]"
627,284500,10909989,361102,11457.2,11500.5,3.38179e+11,0.596562,0.98916,1,1,1,0.999051,0.99765,1,1,0,0,1,"[0]","[1]","[94010.2]","[0.633208]","[-2.70394]","[113495]","[-0.0181503]","[1]","[11]","[1]","[0]","[-214.503]","[-0.0253672]","[0.50288]",239549,-2.80472,1,"[360024]","[0.853732]","[0.395422]","[499899]","[0.995864]","[0]","[0]","[-0.76985]",0,"[]","[]","[]","[]","[]","[]","[]","[]","[]","[]",1,"[371148]","[0.877662]","[0.386898]","[523842]","[18672.7]","[0]","[2.62941]","[0.194814]",0,"[]","[]","[]","[]","[]","[]","[]","[]","[]","[]",0,"[334.287]",5883.17,"[4634.82]","[]","[29607.8]","[]"
628,284500,10782146,361102,11447.6,11500.5,3.38179e+11,0.351687,0.9823,1,1,1,0.998828,1.00632,1,1,0,0,1,"[0]","[1]","[119886]","[0.290205]","[1.03519]","[124969]","[-0.010417]","[1]","[11]","[1]","[0]","[-29.9308]","[-0.0232731]","[2.49516]",108899,1.22234,2,"[265553,28886.1]","[1.27163,0.982755]","[-1.8998,1.64564]","[511329,44431.5]","[0.974595,0.963878]","[0,0]","[0,0]","[0.0987655,-0.79567]",0,"[]","[]","[]","[]","[]","[]","[]","[]","[]","[]",1,"[251059]","[1.26875]","[-1.89956]","[481893]","[12506.6]","[0]","[1.50744]","[0.049068]",0,"[]","[]","[]","[]","[]","[]","[]","[]","[]","[]",0,"[459.518]",7136.64,"[11679.9,2146.58]","[]","[68.3281]","[]"
629,284500,10715848,361102,11462.3,11500.5,3.38179e+11,1.25133,1,0.997821,1,1,0.999113,1.04339,1,0,1,0,1,"[0]","[1]","[33961]","[2.43538]","[1.51292]","[195407]","[0.221985]","[1]","[13]","[1]","[0]","[335.105]","[-0.0081633]","[0.520734]",215287,0.894339,1,"[318872]","[1.30584]","[-1.75289]","[632247]","[0.999943]","[0]","[0]","[-0.865084]",0,"[]","[]","[]","[]","[]","[]","[]","[]","[]","[]",1,"[356080]","[1.27728]","[-1.7505]","[688516]","[19411.7]","[0]","[2.86395]","[0.730125]",0,"[]","[]","[]","[]","[]","[]","[]","[]","[]","[]",0,"[875.26]",3810.09,"[4888.61]","[]","[10597.4]","[]"
630,284500,10809318,361102,11469.6,11500.5,3.38179e+11,1.74563,1,0.994743,1,1,0.979412,0.767592,1,0,1,0,1,"[0]","[1]","[32487.6]","[-0.747909]","[-0.872677]","[42005.5]","[0.00355148]","[1]","[13]","[1]","[0]","[-399.014]","[-0.0232785]","[3.00836]",267203,-0.638232,4,"[266676,88554.8,35290,29970.7]","[-0.183515,1.15598,-1.24698,1.53991]","[2.8909,1.23868,-3.0402,1.54846]","[271571,155024,66497.6,73171.4]","[0.999458,0.99,0.998182,0.62379]","[0,4,0,0]","[0,0,0,0]","[0.204251,0.742052,-0.930756,-0.790497]",0,"[]","[]","[]","[]","[]","[]","[]","[]","[]","[]",1,"[260554]","[-0.19608]","[2.8908]","[265620]","[4694.58]","[0]","[48.4886]","[-1]",0,"[]","[]","[]","[]","[]","[]","[]","[]","[]","[]",0,"[150.835]",4945.91,"[3014.67,5672.12,3870.53,1895.48]","[]","[24079.5]","[]"
631,284500,10719120,361102,11455.6,11500.5,3.38179e+11,0.934886,0.95884,1,1,1,0.999248,0.94761,1,1,0,0,1,"[0]","[1]","[35794.6]","[-0.684273]","[-1.17221]","[44506.7]","[-0.0213509]","[1]","[11]","[1]","[1236.47]","[-357.469]","[-0.0125627]","[1.28147]",210946,-1.41951,4,"[281107,71585.3,49524.1,39746.1]","[-0.824344,2.12041,0.170418,-0.0576228]","[1.41056,-1.6067,3.07017,2.50423]","[384704,302772,51004,40659.8]","[1,0.992502,0.982336,0.993575]","[0,0,0,0]","[0,0,0,0]","[-0.887106,-0.910316,-0.891612,-0.73775]",0,"[]","[]","[]","[]","[]","[]","[]","[]","[]","[]",1,"[288665]","[-0.80528]","[1.41148]","[390741]","[50763.7]","[0]","[0.958095]","[0.741098]",0,"[]","[]","[]","[]","[]","[]","[]","[]","[]","[]",0,"[57.1259]",12977.7,"[14596.4,3407.93,5216.77,4411.97]","[]","[820.344]","[]"
632,284500,8998946,361102,11453.3,11500.5,3.38179e+11,0.402058,1,0.998104,1,1,0.999297,0.966758,1,0,1,0,1,"[0]","[1]","[71361.1]","[-0.853225]","[2.16538]","[98950.9]","[-0.0446625]","[1]","[13]","[1]","[0]","[-274.973]","[-0.0396688]","[7.36038]",245999,2.54686,1,"[323934]","[-0.0383547]","[-0.684164]","[326585]","[1]","[0]","[0]","[-0.95938]",0,"[]","[]","[]","[]","[]","[]","[]","[]","[]","[]",1,"[324424]","[-0.0178944]","[-0.690222]","[327363]","[43380.2]","[0]","[1.45997]","[0.781054]",0,"[]","[]","[]","[]","[]","[]","[]","[]","[]","[]",0,"[442.403]",5790.08,"[6800.33]","[]","[14474]","[]"
633,284500,10806856,361102,11464.9,11500.5,3.38179e+11,1.1961,1,1.00096,1,1,0.999428,0.962094,1,0,1,0,1,"[0]","[1]","[156366]","[-2.43305]","[-0.261309]","[897643]","[0.0746717]","[1]","[13]","[1]","[0]","[-267.347]","[0.0484681]","[7.5492]",154261,-0.3599,1,"[288186]","[0.176852]","[2.83511]","[293878]","[0.991632]","[0]","[0]","[-0.759137]",0,"[]","[]","[]","[]","[]","[]","[]","[]","[]","[]",1,"[278651]","[0.167047]","[2.83143]","[284139]","[30025.4]","[0]","[2.45929]","[0.748653]",0,"[]","[]","[]","[]","[]","[]","[]","[]","[]","[]",0,"[23044.4]",4671.59,"[7495.88]","[]","[1898.66]","[]"
634,284500,9458222,361102,11466,11500.5,3.38179e+11,1.08735,1,0.987915,1,1,0.998937,0.955365,1,0,1,0,1,"[0]","[1]","[34762.8]","[-1.6031]","[2.16008]","[89856.6]","[0.00143433]","[1]","[13]","[1]","[0]","[2006.02]","[-0.026049]","[2.30295]",276607,2.33155,2,"[280048,21081.8]","[0.00679767,-0.313449]","[-0.734511,-1.0375]","[285396,22265.7]","[0.990105,0.997422]","[0,0]","[0,0]","[-0.884509,-0.818691]",0,"[]","[]","[]","[]","[]","[]","[]","[]","[]","[]",1,"[263146]","[0.0287749]","[-0.742506]","[269925]","[59633.7]","[0]","[1.24845]","[0.658276]",0,"[]","[]","[]","[]","[]","[]","[]","[]","[]","[]",0,"[147.784]",10380.1,"[3842.21,1167.6]","[]","[0]","[]"
635,284500,9178932,361102,11461.7,11500.5,3.38179e+11,0.596562,1,0.997112,1,1,0.996799,0.911874,1,0,1,0,1,"[0]","[1]","[97152.5]","[0.848192]","[-2.54523]","[134246]","[0.0172024]","[1]","[13]","[1]","[0]","[81.419]","[-0.0693393]","[11.3992]",615019,-2.50001,3,"[671106,31663.8,20547.8]","[0.679951,-0.611168,-1.0468]","[0.593472,0.763792,2.68585]","[840000,38090.3,33072.9]","[0.999862,0.903696,0.881011]","[0,0,0]","[0,0,0]","[-0.0184973,-0.866449,-0.824362]",0,"[]","[]","[]","[]","[]","[]","[]","[]","[]","[]",1,"[695273]","[0.662527]","[0.611041]","[865073]","[140851]","[0]","[1.53624]","[0.662838]",0,"[]","[]","[]","[]","[]","[]","[]","[]","[]","[]",0,"[1054.52]",10634.8,"[11648.9,3761.15,1150.01]","[]","[14545]","[]"
636,284500,10761370,361102,11449.4,11500.5,3.38179e+11,0.596562,1,1.00187,1,1,0.999388,0.998811,1,0,1,0,1,"[0]","[1]","[171977]","[1.21238]","[3.10334]","[314629]","[-0.0238342]","[1]","[13]","[1]","[0]","[-510.459]","[0.0191215]","[3.81329]",118974,-2.78055,1,"[272893]","[-1.19788]","[0.137702]","[495199]","[0.997527]","[0]","[0]","[-0.702259]",0,"[]","[]","[]","[]","[]","[]","[]","[]","[]","[]",1,"[255319]","[-1.23262]","[0.139133]","[477143]","[43937.1]","[0]","[1.29295]","[0.555545]",0,"[]","[]","[]","[]","[]","[]","[]","[]","[]","[]",0,"[3162.64]",8720.08,"[9793.45]","[]","[0]","[]"
637,284500,9388611,361102,11456.7,11500.5,3.38179e+11,0.402058,1,0.999518,1,1,0.997227,0.988204,1,0,1,0,1,"[0]","[1]","[124864]","[2.11377]","[2.90155]","[524437]","[0.124744]","[1]","[13]","[1]","[0]","[1110.3]","[0.011669]","[1.87351]",170345,-2.74718,5,"[476509,130897,100677,67173,57925.1]","[0.117407,-0.139017,-0.710746,0.566525,2.25966]","[-0.434723,1.71533,3.12091,2.09672,1.6164]","[480557,133099,127718,79258.1,280861]","[0.992177,0.879164,0.996982,0.0301151,0.994189]","[0,0,0,0,0]","[0,0,0,0,0]","[-0.95581,-0.88377,-0.909314,-0.903246,-0.808038]",0,"[]","[]","[]","[]","[]","[]","[]","[]","[]","[]",1,"[477602]","[0.124438]","[-0.430761]","[481622]","[17478.5]","[0]","[1.94854]","[0.461646]",0,"[]","[]","[]","[]","[]","[]","[]","[]","[]","[]",0,"[3321.48]",640.172,"[5597.59,5923.99,4204.55,3654.32,3620.12]","[]","[5734.78]","[]"
638,284500,9355093,361102,11450.7,11500.5,3.38179e+11,1.08735,1,1.00031,1,1,0.998392,0.955526,1,0,1,0,1,"[0]","[1]","[128676]","[-0.6618]","[0.155156]","[157899]","[0.0650101]","[1]","[13]","[1]","[0]","[1655.66]","[-0.00141713]","[0.175886]",92048.1,0.0896824,2,"[261922,34373.1]","[0.527316,1.51218]","[-2.99,0.287665]","[299546,81895.4]","[0.996915,0.980147]","[0,0]","[0,0]","[0.782182,-0.951874]",0,"[]","[]","[]","[]","[]","[]","[]","[]","[]","[]",1,"[256893]","[0.541799]","[-2.98975]","[295729]","[10875.3]","[0]","[3.99789]","[0.26638]",0,"[]","[]","[]","[]","[]","[]","[]","[]","[]","[]",0,"[4186.45]",3297.58,"[2828.61,3998.07]","[]","[25611.7]","[]"
639,284500,9388843,361102,11456.7,11500.5,3.38179e+11,1.55465,1,0.998696,1,1,0.998297,0.968366,1,0,1,0,1,"[0]","[1]","[85604.6]","[1.28674]","[-2.37499]","[166807]","[-0.00845337]","[1]","[13]","[1]","[0]","[-429.412]","[0.139618]","[14.4034]",110725,-2.00001,4,"[329509,72752.2,64188.9,37339]","[0.919454,0.634403,-0.652818,-1.90283]","[0.967901,-2.17777,-2.8756,0.287214]","[481761,88317.9,78913,128234]","[0.993415,0.957604,0.999605,0.981492]","[0,0,0,0]","[0,0,0,0]","[-0.439933,-0.881518,-0.0679474,-0.866614]",0,"[]","[]","[]","[]","[]","[]","[]","[]","[]","[]",1,"[324587]","[0.934616]","[0.977899]","[479878]","[52698.1]","[0]","[1.19106]","[0.640256]",0,"[]","[]","[]","[]","[]","[]","[]","[]","[]","[]",0,"[2559.05]",14034.4,"[10990.5,4484.12,2229.65,5968.01]","[]","[27525.2]","[]"
640,284500,9376662,361102,11450.1,11500.5,3.38179e+11,0,1,0.994259,1,1,0.934945,0.906811,1,0,1,0,1,"[0]","[1]","[267291]","[0.211246]","[2.37146]","[273277]","[-0.0193405]","[1]","[13]","[1]","[2551.64]","[-4.59119]","[0.00120615]","[0.282491]",73042.3,1.33995,4,"[96435.3,27620.1,23072.4,21473.9]","[0.214994,-2.34546,0.0747862,0.687935]","[-0.505038,3.03441,0.419038,-0.577246]","[100655,145599,23554.2,27044.7]","[0.990417,0.964665,0.970326,1]","[5,0,0,0]","[0,0,0,0]","[-0.126851,-0.828048,-0.500679,-0.761832]",0,"[]","[]","[]","[]","[]","[]","[]","[]","[]","[]",1,"[345480]","[0.460986]","[-0.971089]","[402350]","[123762]","[0]","[1.39936]","[0.780298]",0,"[]","[]","[]","[]","[]","[]","[]","[]","[]","[]",0,"[6428.92]",11395.6,"[5794.26,1939.72,2826.44,1744.88]","[]","[11230.4]","[]"
641,284500,10209210,361102,11452,11500.5,3.38179e+11,1.74563,0.9364,1,1,1,0.999325,0,1,1,0,0,1,"[0]","[1]","[25579.4]","[2.29163]","[1.96612]","[127796]","[-0.51552]","[1]","[11]","[1]","[0]","[-80.4517]","[-0.0538297]","[2.45455]",276475,2.40309,1,"[303416]","[1.04299]","[-0.74352]","[485192]","[0.999611]","[0]","[0]","[-0.93832]",0,"[]","[]","[]","[]","[]","[]","[]","[]","[]","[]",1,"[280414]","[1.06088]","[-0.735509]","[454457]","[28276.5]","[0]","[2.07156]","[0.853643]",0,"[]","[]","[]","[]","[]","[]","[]","[]","[]","[]",0,"[74.1783]",6041.03,"[7217.07]","[]","[10956.5]","[]"
642,284500,9507090,361102,11448.7,11500.5,3.38179e+11,1.08735,0.97663,1,1,1,0.999245,1.00121,1,1,0,0,1,"[0]","[1]","[149125]","[-1.87226]","[-1.88044]","[496344]","[-0.00954628]","[1]","[11]","[1]","[0]","[417.872]","[-0.0180393]","[2.18491]",170335,-1.92191,2,"[258351,61651.5]","[-0.958745,-1.6905]","[1.20765,1.4062]","[388574,173148]","[0.998491,0.98516]","[0,0]","[0,0]","[-0.905866,-0.769264]",0,"[]","[]","[]","[]","[]","[]","[]","[]","[]","[]",1,"[306050]","[-1.09913]","[1.22584]","[519782]","[98858]","[0]","[1.5268]","[0.669699]",0,"[]","[]","[]","[]","[]","[]","[]","[]","[]","[]",0,"[1001.73]",8386.88,"[8426.96,2390.37]","[]","[10968.2]","[]"
643,284500,9561478,361102,11449.7,11500.5,3.38179e+11,1.74563,1,0.995833,1,1,0.995546,0.967734,1,0,1,0,1,"[0]","[1]","[167977]","[0.645288]","[-2.24202]","[204180]","[0.0221558]","[1]","[13]","[0]","[0]","[-743.521]","[-0.033158]","[7.08578]",191473,-2.19827,3,"[410581,28068.4,24983.8]","[-1.07363,-1.44075,-1.58595]","[1.52031,-2.04822,1.17726]","[671546,62837.9,63788.1]","[0.988692,0.796537,0.820749]","[0,0,0]","[0,0,0]","[-0.629914,-0.840204,-0.27855]",0,"[]","[]","[]","[]","[]","[]","[]","[]","[]","[]",1,"[404966]","[-1.10116]","[1.51971]","[677102]","[32554.9]","[0]","[2.56631]","[0.681984]",0,"[]","[]","[]","[]","[]","[]","[]","[]","[]","[]",0,"[15122.8]",11758.6,"[18569.8,3371.48,1905.04]","[]","[37729.9]","[]"
644,284500,9491557,361102,11458,11500.5,3.38179e+11,0.506784,1,0.996275,1,1,0.99936,0.98425,1,0,1,0,1,"[0]","[1]","[46868.5]","[-1.58093]","[-2.00472]","[118700]","[-0.222858]","[1]","[13]","[1]","[1214.55]","[-86.576]","[0.05745]","[6.52386]",211328,-2.01143,2,"[271493,41372.8]","[-0.548852,-0.0306439]","[1.33433,-0.331719]","[314586,42103.2]","[0.98,0.838123]","[0,0]","[0,0]","[-0.707994,-0.72264]",0,"[]","[]","[]","[]","[]","[]","[]","[]","[]","[]",1,"[290022]","[-0.566352]","[1.33332]","[338748]","[25436.2]","[0]","[2.1369]","[0.668463]",0,"[]","[]","[]","[]","[]","[]","[]","[]","[]","[]",0,"[833.914]",2237.23,"[3929.32,2708.55]","[]","[401.062]","[]"
645,284500,9333292,361102,11455.9,11500.5,3.38179e+11,0.934886,0.96558,1,1,1,0.996028,0.99746,1,1,0,0,1,"[0]","[1]","[73484]","[-1.55574]","[1.21715]","[181859]","[-0.0118103]","[1]","[11]","[1]","[0]","[-516.108]","[0.0128423]","[1.19399]",443127,1.35916,4,"[460495,36477.2,23211.6,20370.2]","[-0.86488,-0.120708,1.14043,0.159261]","[-1.70019,-2.6687,-2.97818,-1.47097]","[643982,37550.7,40139,20996.6]","[0.989909,0.975285,0.995677,0.936708]","[0,4,0,0]","[0,0,0,0]","[-0.845474,-0.941512,-0.864338,-0.690009]",0,"[]","[]","[]","[]","[]","[]","[]","[]","[]","[]",1,"[477677]","[-0.834821]","[-1.70137]","[654801]","[31900.1]","[0]","[5.26339]","[0.487764]",0,"[]","[]","[]","[]","[]","[]","[]","[]","[]","[]",0,"[978.838]",9849.03,"[6194.13,4466.55,2907.66,3790.04]","[]","[5590.78]","[]"
646,284500,9734379,361102,11450.1,11500.5,3.38179e+11,0.934886,0.97921,1,1,1,0.998462,1.00192,1,1,0,0,1,"[0]","[1]","[69656.4]","[-0.574854]","[-2.51848]","[81486.1]","[0.00652695]","[1]","[11]","[1]","[1048.6]","[1463.03]","[-0.0309843]","[1.87795]",220286,-2.40412,3,"[393442,58868.4,43401.8]","[-1.92155,0.447396,0.492909]","[0.779591,-1.91555,-2.38621]","[1.37297e+06,65276.1,48931.2]","[0.980957,0.999517,0.996535]","[0,0,0]","[0,0,0]","[-0.905927,-0.782123,-0.801946]",0,"[]","[]","[]","[]","[]","[]","[]","[]","[]","[]",1,"[403711]","[-1.92417]","[0.778824]","[1.41231e+06]","[25810.8]","[0]","[2.44584]","[0.634292]",0,"[]","[]","[]","[]","[]","[]","[]","[]","[]","[]",0,"[523.871]",10415.8,"[15347.7,2214.12,2121.55]","[]","[14444.1]","[]"
647,284500,42277,361102,11462.3,11500.5,3.38179e+11,0.402058,1,0.972428,1,1,0.997982,0.928101,1,0,1,0,1,"[0]","[1]","[104308]","[-0.503378]","[-1.18505]","[117804]","[0.0406914]","[1]","[13]","[1]","[0]","[-291.24]","[-0.089768]","[14.8702]",428754,-1.31482,1,"[526892]","[1.10306]","[1.85619]","[885076]","[1]","[0]","[0]","[-0.896302]",0,"[]","[]","[]","[]","[]","[]","[]","[]","[]","[]",1,"[553339]","[1.1187]","[1.86331]","[941129]","[85498]","[0]","[1.14912]","[0.723276]",0,"[]","[]","[]","[]","[]","[]","[]","[]","[]","[]",0,"[7184.74]",20456.5,"[21566.7]","[]","[2250.62]","[]"
648,284500,47821,361102,11451.7,11500.5,3.38179e+11,1.08735,0.93319,1,1,1,0.998055,0.94581,1,1,0,0,1,"[0]","[1]","[30647.9]","[-1.746]","[-1.84949]","[90504.8]","[-0.147882]","[1]","[11]","[1]","[0]","[2326.85]","[0.0078464]","[0.581606]",313254,-2.34296,2,"[296925,37785.8]","[-1.53721,-1.72884]","[0.870263,0.351807]","[723600,109901]","[0.996805,0.895647]","[0,0]","[0,0]","[-0.907314,-0.825418]",0,"[]","[]","[]","[]","[]","[]","[]","[]","[]","[]",1,"[315271]","[-1.56746]","[0.840334]","[792312]","[76064.2]","[0]","[2.33386]","[0.576416]",0,"[]","[]","[]","[]","[]","[]","[]","[]","[]","[]",0,"[282.519]",28.6875,"[4316.06,2244.84]","[]","[19057.8]","[]"
649,284500,166646,361102,11458.7,11500.5,3.38179e+11,1.08735,0.96972,1,1,1,1,0.99544,1,1,0,0,1,"[0]","[1]","[264495]","[1.2973]","[-0.225206]","[520086]","[-0.021328]","[1]","[11]","[1]","[0]","[3600.33]","[0.0195025]","[2.3425]",256205,2.92154,0,"[]","[]","[]","[]","[]","[]","[]","[]",0,"[]","[]","[]","[]","[]","[]","[]","[]","[]","[]",1,"[286606]","[1.29686]","[-0.226826]","[563381]","[5761.66]","[0]","[51.1951]","[0.156778]",0,"[]","[]","[]","[]","[]","[]","[]","[]","[]","[]",0,"[3531.26]",0,"[]","[]","[10231.8]","[]"
650,284500,92349,361102,11454,11500.5,3.38179e+11,1.25133,1,0.997881,1,1,0.998803,0.991244,1,0,1,0,1,"[0]","[1]","[44578.3]","[-1.45186]","[-0.404907]","[100417]","[-0.0884237]","[1]","[13]","[1]","[0]","[597.559]","[0.0152369]","[1.95399]",368404,-0.44326,1,"[407691]","[0.197233]","[2.71989]","[418174]","[0.990782]","[0]","[0]","[-0.933915]",0,"[]","[]","[]","[]","[]","[]","[]","[]","[]","[]",1,"[408199]","[0.20505]","[2.72678]","[418612]","[38793.9]","[0]","[0.975357]","[0.631656]",0,"[]","[]","[]","[]","[]","[]","[]","[]","[]","[]",0,"[262.941]",7549.03,"[8787.1]","[]","[39477.5]","[]"
651,284500,167467,361102,11453.1,11500.5,3.38179e+11,0.934886,0.98458,1,1,1,0.998238,1.00582,1,1,0,0,1,"[0]","[1]","[90691.7]","[-0.243374]","[1.93713]","[93390.8]","[0.102104]","[1]","[11]","[1]","[0]","[-661.46]","[-0.130733]","[14.6493]",431471,1.80016,2,"[545628,48579.3]","[-0.554326,-0.998951]","[-1.24165,3.023]","[632203,75363.1]","[0.99033,1]","[0,0]","[0,0]","[-0.319772,-0.839445]",0,"[]","[]","[]","[]","[]","[]","[]","[]","[]","[]",1,"[570234]","[-0.519141]","[-1.2435]","[649695]","[33774.8]","[0]","[1.74136]","[0.631543]",0,"[]","[]","[]","[]","[]","[]","[]","[]","[]","[]",0,"[540.68]",1188.47,"[6579.38,2225.88]","[]","[21538.1]","[]"
652,284500,145151,361102,11459.6,11500.5,3.38179e+11,0.402058,1,0.999111,1,1,0.985127,1.0124,1,0,1,0,1,"[0]","[1]","[62288.1]","[-1.09108]","[2.39526]","[103191]","[-0.0102634]","[1]","[13]","[1]","[0]","[-623.817]","[0.0271886]","[3.85659]",168824,2.52819,5,"[206398,192669,119768,37269.3,29240.8]","[0.656382,0.203921,0.818293,2.28263,-0.276902]","[-0.913052,-0.650836,2.17685,2.22824,-0.160308]","[255112,198988,162430,184718,30833.2]","[0.99558,0.998104,0.984842,0.980214,0.8682]","[0,4,0,0,0]","[0,0,0,0,0]","[-0.956372,-0.625258,-0.610785,-0.481567,-0.919002]",0,"[]","[]","[]","[]","[]","[]","[]","[]","[]","[]",1,"[361162]","[0.470607]","[-0.793353]","[419000]","[118483]","[0]","[1.22205]","[0.67341]",0,"[]","[]","[]","[]","[]","[]","[]","[]","[]","[]",0,"[783.366]",18652.4,"[8050.05,4719.44,3756.46,5072.88,1820.87]","[]","[32855.1]","[]"
653,284500,194386,361102,11464.8,11500.5,3.38179e+11,0.0132185,1,0.997255,1,1,0.999027,0.880457,1,0,1,0,1,"[0]","[1]","[41956.6]","[-0.527531]","[-2.02548]","[47931.4]","[0.00919342]","[1]","[13]","[1]","[1211.35]","[-94.1389]","[0.0336173]","[3.50007]",400354,-2.42663,2,"[383107,48098.5]","[-0.473568,1.04752]","[0.751077,0.821506]","[427265,77380.6]","[0.995471,1]","[0,0]","[0,0]","[-0.873762,-0.705878]",0,"[]","[]","[]","[]","[]","[]","[]","[]","[]","[]",1,"[374672]","[-0.518059]","[0.749455]","[426248]","[11803]","[0]","[2.11951]","[0.252233]",0,"[]","[]","[]","[]","[]","[]","[]","[]","[]","[]",0,"[549.583]",13077.3,"[11704.7,3135.96]","[]","[1485.97]","[]"
654,284500,216550,361102,11460.8,11500.5,3.38179e+11,0.596562,0.94602,1,1,1,0.997372,0.99829,1,1,0,0,1,"[0]","[1]","[36254.3]","[-1.66489]","[-1.29303]","[99233.9]","[0.0851898]","[1]","[11]","[1]","[0]","[1628.45]","[-0.1327]","[5.91871]",143187,-1.72227,4,"[305062,168588,28470.7,22350.4]","[-1.86166,-0.876507,0.022175,-0.659343]","[1.47482,-1.61323,-2.58434,0.978078]","[1.00532e+06,238375,29490.9,27797.8]","[0.99841,1,0.883198,0.946396]","[0,0,0,0]","[0,0,0,0]","[-0.761246,-0.943228,-0.872558,-0.733584]",0,"[]","[]","[]","[]","[]","[]","[]","[]","[]","[]",1,"[306299]","[-1.85505]","[1.48034]","[1.003e+06]","[14347.1]","[0]","[4.76205]","[0.587284]",0,"[]","[]","[]","[]","[]","[]","[]","[]","[]","[]",0,"[232.506]",17295.9,"[5865.41,3581.39,3843.5,2438.01]","[]","[2598.16]","[]"
655,284500,329877,361102,11459.5,11500.5,3.38179e+11,0.402058,1,0.998279,1,1,0.999174,0.994816,1,0,1,0,1,"[0]","[1]","[50575.1]","[-1.49132]","[2.51327]","[118043]","[-0.0261917]","[1]","[13]","[1]","[0]","[-65.8292]","[0.111095]","[10.3204]",228795,2.26736,1,"[278696]","[-1.28313]","[-0.841463]","[541460]","[0.994515]","[0]","[0]","[-0.233548]",0,"[]","[]","[]","[]","[]","[]","[]","[]","[]","[]",1,"[275229]","[-1.30249]","[-0.84203]","[543719]","[10337]","[0]","[2.4431]","[-1]",0,"[]","[]","[]","[]","[]","[]","[]","[]","[]","[]",0,"[320.233]",21380.9,"[21709.5]","[]","[0]","[]"
656,284500,227531,361102,11446.6,11500.5,3.38179e+11,1.74563,1,0.998168,1,1,0.99841,0.975742,1,0,1,0,1,"[0]","[1]","[58810]","[-2.04378]","[-1.15656]","[230808]","[0.286049]","[1]","[13]","[1]","[0]","[-107.408]","[0.0911115]","[11.5473]",402240,-0.927748,2,"[436974,54107.5]","[-1.47696,1.02746]","[2.31822,1.7939]","[1.00708e+06,85694.6]","[0.988794,0.943786]","[0,0]","[0,0]","[0.496903,-0.923206]",0,"[]","[]","[]","[]","[]","[]","[]","[]","[]","[]",1,"[413045]","[-1.50343]","[2.31721]","[974746]","[12193.9]","[0]","[2.46935]","[0.625968]",0,"[]","[]","[]","[]","[]","[]","[]","[]","[]","[]",0,"[624.283]",773.594,"[16018.1,13022.5]","[]","[15601.8]","[]"
657,284500,328587,361102,11459.1,11500.5,3.38179e+11,0.596562,1,0.995905,1,1,0.997479,0.976547,1,0,1,0,1,"[0]","[1]","[56255.3]","[1.47038]","[-0.477958]","[128845]","[0.216606]","[1]","[13]","[1]","[2177.49]","[-336.606]","[-0.159411]","[25.4592]",169154,-0.652925,4,"[159868,114239,34220,33818.4]","[0.318591,0.649218,-1.74914,0.459139]","[2.76009,2.23663,0.180359,-2.02731]","[168869,139507,101476,37988.6]","[0.999607,0.983125,0.989237,0.981122]","[0,0,0,0]","[0,0,0,0]","[-0.843562,-0.897778,0.176592,-0.941169]",0,"[]","[]","[]","[]","[]","[]","[]","[]","[]","[]",1,"[250824]","[0.430646]","[2.55541]","[283261]","[70126.7]","[0]","[0.698066]","[0.584894]",0,"[]","[]","[]","[]","[]","[]","[]","[]","[]","[]",0,"[123.66]",3123.52,"[3646.87,2223.83,2557.12,2469.08]","[]","[27032.7]","[]"
658,284500,173190,361102,11470.9,11500.5,3.38179e+11,1.26205,0.97538,1,1,1,0.999228,1.01508,1,1,0,0,1,"[0]","[1]","[82402.7]","[-1.66558]","[-0.0956702]","[225693]","[-0.110542]","[1]","[11]","[1]","[7638.18]","[3526.91]","[0.00713336]","[0.660211]",148942,0.374706,1,"[228115]","[-1.42878]","[-2.94694]","[503625]","[0.99792]","[0]","[0]","[-0.378419]",0,"[]","[]","[]","[]","[]","[]","[]","[]","[]","[]",1,"[279778]","[-1.40541]","[-2.89773]","[606158]","[42530]","[0]","[2.35364]","[0.793347]",0,"[]","[]","[]","[]","[]","[]","[]","[]","[]","[]",0,"[689.654]",1747.38,"[3998.6]","[]","[13527.9]","[]"
659,284500,337369,361102,11458,11500.5,3.38179e+11,1.08735,1,0.995319,1,1,0.996897,0.838823,1,0,1,0,1,"[0]","[1]","[52073.4]","[-0.567409]","[2.26541]","[60683.4]","[0.0880814]","[1]","[13]","[1]","[0]","[875.913]","[0.127454]","[17.5456]",226301,2.34321,3,"[279103,133942,23250]","[-1.33269,0.287739,-1.64686]","[-1.24176,0.626379,1.49474]","[566128,140103,62755.1]","[0.994863,0.993123,0.992121]","[0,0,0]","[0,0,0]","[-0.823838,-0.859255,-0.606743]",0,"[]","[]","[]","[]","[]","[]","[]","[]","[]","[]",1,"[255767]","[-1.34626]","[-1.24294]","[524765]","[5411.42]","[0]","[1.42133]","[-1]",0,"[]","[]","[]","[]","[]","[]","[]","[]","[]","[]",0,"[279.043]",1163.58,"[14112.3,2544.48,2032.17]","[]","[22682.4]","[]"
660,284500,175199,361102,11461.9,11500.5,3.38179e+11,0.402058,1,0.98783,1,1,0.997406,0.976321,1,0,1,0,1,"[0]","[1]","[60689.6]","[-1.90792]","[-0.734553]","[208998]","[-0.0403328]","[1]","[13]","[1]","[0]","[351.582]","[0.00253865]","[0.350699]",207960,-0.184701,4,"[412000,111712,27920.4,20285.5]","[-0.65045,0.62598,1.03098,-0.316873]","[2.70961,-0.504971,-0.854466,-0.997865]","[502566,135041,44316.8,21510.3]","[1,1,0.906074,1]","[0,0,0,0]","[0,0,0,0]","[-0.940149,0.150285,-0.794095,-0.768219]",0,"[]","[]","[]","[]","[]","[]","[]","[]","[]","[]",1,"[427800]","[-0.632224]","[2.7098]","[516395]","[14771.2]","[0]","[1.11725]","[0.420028]",0,"[]","[]","[]","[]","[]","[]","[]","[]","[]","[]",0,"[953.033]",1915.17,"[5730.5,2622.59,3616.43,1175.16]","[]","[6335.5]","[]"
661,284500,349060,361102,11456.7,11500.5,3.38179e+11,0.402058,0.98413,1,1,1,0.999396,0.99866,1,1,0,0,1,"[0]","[1]","[103386]","[-0.872471]","[2.33719]","[145295]","[0.0325661]","[1]","[11]","[1]","[0]","[44.2848]","[-0.037347]","[4.24322]",193577,2.37179,1,"[293553]","[-0.961901]","[-0.790525]","[442502]","[0.994991]","[0]","[0]","[0.331843]",0,"[]","[]","[]","[]","[]","[]","[]","[]","[]","[]",1,"[293025]","[-0.991256]","[-0.788372]","[451509]","[45923.1]","[0]","[1.54124]","[0.805262]",0,"[]","[]","[]","[]","[]","[]","[]","[]","[]","[]",0,"[671.252]",6020.45,"[7110.91]","[]","[5322.28]","[]"
662,284500,275061,361102,11461,11500.5,3.38179e+11,0.596562,1,0.993167,1,1,0.999316,0.905584,1,0,1,0,1,"[0]","[1]","[131855]","[0.210587]","[0.883666]","[134789]","[0.0324669]","[1]","[13]","[1]","[0]","[-750.988]","[-0.0281216]","[6.0072]",150589,0.512333,3,"[273716,61485,34838.3]","[0.0194315,0.298499,0.517058]","[-2.11449,-2.86421,-2.21347]","[274262,65259.4,40396.1]","[0.990875,0,0.996067]","[0,0,4]","[0,0,0]","[-0.972602,-0.7969,-0.756729]",0,"[]","[]","[]","[]","[]","[]","[]","[]","[]","[]",1,"[297444]","[0.0923025]","[-2.20099]","[305395]","[63539.4]","[0]","[1.49027]","[0.761624]",0,"[]","[]","[]","[]","[]","[]","[]","[]","[]","[]",0,"[3494.92]",58098.5,"[3585.08,28793.7,1163.71]","[]","[7806.16]","[]"
663,284500,262574,361102,11453.1,11500.5,3.38179e+11,1.74563,1,0.998203,1,1,0.998876,0.86261,1,0,1,0,1,"[0]","[1]","[69375.7]","[0.0572064]","[-0.245916]","[69489.3]","[-0.0365438]","[1]","[13]","[1]","[1113.55]","[-423.555]","[0.082823]","[13.8517]",214442,-0.0124661,3,"[254351,71318.3,22217.9]","[-0.362013,2.26014,0.211884]","[2.71992,-1.96441,-2.32023]","[271745,345570,23062.6]","[0.993162,0.993177,0.988016]","[0,0,0]","[0,0,0]","[-0.711948,-0.874253,-0.677993]",0,"[]","[]","[]","[]","[]","[]","[]","[]","[]","[]",1,"[266775]","[-0.358638]","[2.72007]","[284575]","[16146.9]","[0]","[2.31209]","[0.668323]",0,"[]","[]","[]","[]","[]","[]","[]","[]","[]","[]",0,"[170.757]",1354.38,"[2790.15,6148.79,2094.52]","[]","[7321.3]","[]"
664,284500,324762,361102,11445.8,11500.5,3.38179e+11,0.402058,0.97361,1,1,1,0.99617,0.98448,1,1,0,0,1,"[0]","[1]","[49633.4]","[-0.237142]","[2.13883]","[51035.6]","[0.0589104]","[1]","[11]","[1]","[0]","[2819.52]","[-0.00350281]","[0.265121]",372580,2.10233,2,"[793157,370618]","[0.246184,-0.864]","[-1.03187,2.12523]","[818836,519008]","[0.99,1]","[0,0]","[0,0]","[-0.739118,-0.264763]",0,"[]","[]","[]","[]","[]","[]","[]","[]","[]","[]",2,"[782193,408894]","[0.220767,-0.815845]","[-1.03001,2.13136]","[803754,561295]","[62344.4,97896.5]","[0,1]","[2.73418,1.70663]","[0.653812,0.669995]",0,"[]","[]","[]","[]","[]","[]","[]","[]","[]","[]",0,"[87.5163]",10152.4,"[14949.4,4335.48]","[]","[18701.1,29489.6]","[]"
665,284500,366658,361102,11455.5,11500.5,3.38179e+11,0.402058,0.96538,1,1,1,0.999103,0.99741,1,1,0,0,1,"[0]","[1]","[46169.2]","[1.66792]","[-2.99795]","[126729]","[0.274948]","[1]","[11]","[1]","[1820.45]","[-255.311]","[0.168605]","[11.0278]",299268,2.91186,1,"[348349]","[0.711616]","[-0.194213]","[440681]","[1]","[0]","[0]","[-0.927883]",0,"[]","[]","[]","[]","[]","[]","[]","[]","[]","[]",1,"[342186]","[0.712028]","[-0.196683]","[432961]","[16279.7]","[0]","[5.2793]","[0.673465]",0,"[]","[]","[]","[]","[]","[]","[]","[]","[]","[]",0,"[379.736]",11887.7,"[12496.2]","[]","[11828.6]","[]"
666,284500,384506,361102,11462,11500.5,3.38179e+11,1.25133,0.96311,1,1,1,0.998799,1.00058,1,1,0,0,1,"[0]","[1]","[52211]","[-1.64365]","[-2.77596]","[140116]","[-0.0167923]","[1]","[11]","[1]","[0]","[954.404]","[-0.0477435]","[2.77225]",296844,-2.83772,1,"[347143]","[-1.79362]","[0.303633]","[1.0726e+06]","[0.992482]","[0]","[0]","[-0.537652]",0,"[]","[]","[]","[]","[]","[]","[]","[]","[]","[]",1,"[348292]","[-1.78707]","[0.304573]","[1.06949e+06]","[27067.8]","[0]","[2.98336]","[0.79134]",0,"[]","[]","[]","[]","[]","[]","[]","[]","[]","[]",0,"[269.112]",1358.62,"[5045.8]","[]","[30395.4]","[]"
667,284500,493033,361102,11460.4,11500.5,3.38179e+11,1.24168,0.97538,1,1,1,0.988736,1.01508,1,1,0,0,1,"[0]","[1]","[139130]","[-1.72172]","[-2.19109]","[401593]","[0.153641]","[-1]","[11]","[1]","[0]","[679.441]","[0.0514765]","[1.43623]",128792,-2.45205,1,"[266214]","[-0.807512]","[0.847205]","[359071]","[0.981344]","[4]","[0]","[0.405793]",0,"[]","[]","[]","[]","[]","[]","[]","[]","[]","[]",1,"[253000]","[-0.849562]","[0.851458]","[351462]","[32811.7]","[0]","[1.93607]","[0.754919]",0,"[]","[]","[]","[]","[]","[]","[]","[]","[]","[]",0,"[1508.51]",209.984,"[2660.41]","[]","[18831.2]","[]"
668,284500,480499,361102,11456.9,11500.5,3.38179e+11,1.55465,0.97332,1,1,1,1.00636,0.98683,1,1,0,0,1,"[0]","[1]","[79601.5]","[-1.02027]","[3.0015]","[124753]","[0.00414276]","[1]","[11]","[1]","[0]","[-918.515]","[-0.000659587]","[0.0724614]",324891,2.89847,4,"[321390,33190.8,32520.3,24891.6]","[-1.42969,1.53592,-1.00992,0.974787]","[-0.286577,0.415157,0.0118871,-0.558191]","[711526,81028.5,50838.2,38102.8]","[0.99413,0.988439,0.995938,1]","[0,0,0,4]","[0,0,0,0]","[-0.837429,-0.704807,-0.9205,-0.662759]",0,"[]","[]","[]","[]","[]","[]","[]","[]","[]","[]",1,"[324625]","[-1.40389]","[-0.273862]","[703596]","[64361.3]","[0]","[1.90119]","[0.690425]",0,"[]","[]","[]","[]","[]","[]","[]","[]","[]","[]",0,"[580.256]",10865.1,"[11217.8,1937.93,4247.64,3367.14]","[]","[19330.1]","[]"
669,284500,499451,361102,11448,11500.5,3.38179e+11,0.934886,0.97994,1,1,1,0.994951,1.00632,1,1,0,0,1,"[0]","[1]","[316188]","[0.602451]","[1.70806]","[375324]","[0.000728607]","[1]","[11]","[1]","[0]","[-491.256]","[0.0110426]","[1.87264]",80344,1.89841,4,"[404290,45617.6,26351.8,25746.6]","[1.26165,1.67051,2.19478,1.32839]","[-1.43019,1.98075,-1.50397,-0.430598]","[771172,125711,119883,52250.8]","[0.991419,0.996942,1,0.994602]","[0,0,0,0]","[0,0,0,0]","[-0.813146,-0.177979,-0.822852,-0.784572]",0,"[]","[]","[]","[]","[]","[]","[]","[]","[]","[]",2,"[397222,329193]","[1.25329,0.592175]","[-1.4303,1.70806]","[752248,388619]","[6373.48,-0.00552427]","[0,1]","[0.3805,0]","[-1,-1]",0,"[]","[]","[]","[]","[]","[]","[]","[]","[]","[]",0,"[1927.11]",11311.8,"[16021.1,2400,3794.36,2493.23]","[]","[24889.7,3186.66]","[]"
670,284500,513573,361102,11463.2,11500.5,3.38179e+11,1.74563,0.97014,1,1,1,0.948884,0.96677,1,1,0,0,1,"[0]","[1]","[56888.9]","[0.685094]","[-0.794582]","[70769.9]","[-0.00331879]","[1]","[11]","[1]","[0]","[2896.73]","[-0.0229286]","[2.49656]",202099,-0.325612,2,"[290165,25213.2]","[0.316552,-0.901426]","[2.75394,-2.63697]","[305726,36561.3]","[0.99983,0.720332]","[5,0]","[0,0]","[0.909085,-0.807307]",0,"[]","[]","[]","[]","[]","[]","[]","[]","[]","[]",1,"[301840]","[0.33346]","[2.75445]","[319698]","[24243.5]","[0]","[2.72425]","[0.78514]",0,"[]","[]","[]","[]","[]","[]","[]","[]","[]","[]",0,"[79.5819]",14779.5,"[3546.57,1724.99]","[]","[511.312]","[]"
671,284500,411222,361102,11460,11500.5,3.38179e+11,1.21412,1,0.994708,1,1,0.998391,0.987752,1,0,1,0,1,"[0]","[1]","[130543]","[-1.31309]","[1.80824]","[260212]","[-0.0640869]","[1]","[13]","[1]","[0]","[-601.666]","[0.0449284]","[7.78158]",267369,2.10901,3,"[273921,48848.3,31272.7]","[-0.208459,2.32919,-0.824043]","[-1.49145,-1.09146,-2.11196]","[280634,253333,42816.4]","[0.972046,0.995518,0.996841]","[0,0,0]","[0,0,0]","[-0.0544563,-0.89578,-0.46986]",0,"[]","[]","[]","[]","[]","[]","[]","[]","[]","[]",1,"[264587]","[-0.277337]","[-1.52258]","[298181]","[115679]","[0]","[2.93406]","[0.456494]",0,"[]","[]","[]","[]","[]","[]","[]","[]","[]","[]",0,"[6244.6]",3418.62,"[3074.17,6837.63,3726.23]","[]","[8087.34]","[]"
672,284500,603326,361102,11454.2,11500.5,3.38179e+11,1.08735,1,0.995731,1,1,0.99936,0.820608,1,0,1,0,1,"[0]","[1]","[90136.6]","[0.937655]","[0.27326]","[132750]","[0.0558701]","[1]","[13]","[1]","[0]","[1075.45]","[-0.0212166]","[2.73941]",176124,0.114805,2,"[288957,107377]","[0.959481,2.23117]","[2.92018,-1.30013]","[432861,506027]","[0.99,1]","[0,0]","[0,0]","[-0.695285,-0.936884]",0,"[]","[]","[]","[]","[]","[]","[]","[]","[]","[]",1,"[274862]","[0.980797]","[2.91608]","[418263]","[14582.1]","[0]","[2.23977]","[0.522082]",0,"[]","[]","[]","[]","[]","[]","[]","[]","[]","[]",0,"[379.099]",2415.89,"[4948.89,6036.66]","[]","[13331.4]","[]"
673,284500,611324,361102,11459.8,11500.5,3.38179e+11,1.08735,1,0.998917,1,1,0.988491,0.920275,1,0,1,0,1,"[0]","[1]","[72018.7]","[-1.13883]","[-2.55877]","[123991]","[0.208542]","[1]","[13]","[1]","[0]","[-139.765]","[0.0246928]","[4.30638]",193368,-2.61562,1,"[274592]","[-0.743276]","[0.566277]","[355250]","[0.996517]","[4]","[0]","[0.801574]",0,"[]","[]","[]","[]","[]","[]","[]","[]","[]","[]",1,"[256771]","[-0.721863]","[0.566001]","[328443]","[34497.8]","[0]","[1.9148]","[0.594972]",0,"[]","[]","[]","[]","[]","[]","[]","[]","[]","[]",0,"[1688.28]",10954,"[11226.6]","[]","[0]","[]"
674,284500,586509,361102,11463.6,11500.5,3.38179e+11,1.24168,1,0.998256,1,1,0.998901,0.924318,1,0,1,0,1,"[0]","[1]","[115231]","[0.823547]","[-2.78791]","[156566]","[-0.0233307]","[1]","[13]","[1]","[0]","[270.27]","[0.0510299]","[9.21404]",156017,-2.74282,2,"[252244,22925.4]","[0.990801,1.11501]","[0.336645,0.834247]","[387023,38805]","[0.996897,0.99]","[0,0]","[0,0]","[-0.934339,-0.958051]",0,"[]","[]","[]","[]","[]","[]","[]","[]","[]","[]",1,"[284310]","[0.960114]","[0.365341]","[427287]","[36419.2]","[0]","[2.91979]","[0.615774]",0,"[]","[]","[]","[]","[]","[]","[]","[]","[]","[]",0,"[1894.38]",6943.12,"[6309.41,2537.22]","[]","[6363.44]","[]"
675,284500,696944,361102,11457.9,11500.5,3.38179e+11,1.08735,0.97949,1,1,1,0.998768,0.99672,1,1,0,0,1,"[0]","[1]","[65277.1]","[0.87312]","[-1.15853]","[91780.1]","[-0.0280228]","[1]","[11]","[1]","[1516.48]","[1678.56]","[0.00844275]","[1.04366]",192194,-1.34922,3,"[292820,145554,48516.7]","[0.223025,-0.420154,0.0446651]","[2.60287,0.460606,-0.0482718]","[300634,158879,49065.3]","[1,0.994604,0.989312]","[0,0,0]","[0,0,0]","[-0.948934,-0.934377,-0.16936]",0,"[]","[]","[]","[]","[]","[]","[]","[]","[]","[]",1,"[275563]","[0.256019]","[2.60193]","[284643]","[0.00390625]","[0]","[0]","[-1]",0,"[]","[]","[]","[]","[]","[]","[]","[]","[]","[]",0,"[251.273]",895.734,"[3699.79,3934.21,2405.34]","[]","[14927.1]","[]"
676,284500,772219,361102,11447.8,11500.5,3.38179e+11,0.619412,1,1.00004,1,1,0.99939,0.966761,1,0,1,0,1,"[0]","[1]","[56701.9]","[2.07687]","[-2.70013]","[229778]","[-0.35178]","[1]","[13]","[1]","[0]","[477.742]","[0.103377]","[12.1156]",157123,-2.0916,2,"[276671,114466]","[0.809603,1.49527]","[1.30723,-1.09265]","[373839,268764]","[1,0.997922]","[0,0]","[0,0]","[-0.788429,-0.949439]",0,"[]","[]","[]","[]","[]","[]","[]","[]","[]","[]",1,"[269482]","[0.795564]","[1.30122]","[360952]","[33895]","[0]","[1.63183]","[0.770059]",0,"[]","[]","[]","[]","[]","[]","[]","[]","[]","[]",0,"[1538.21]",15403.3,"[3722.01,3148.77]","[]","[29013.8]","[]"
677,284500,573520,361102,11456.3,11500.5,3.38179e+11,1.74563,1,1.00043,1,1,0.998457,1.01431,1,0,1,0,1,"[0]","[1]","[106485]","[1.49521]","[2.51185]","[249411]","[0.0862885]","[1]","[13]","[1]","[0]","[-640.598]","[0.0301686]","[4.93624]",360732,2.29807,1,"[460117]","[0.928779]","[-0.801626]","[674095]","[0.991932]","[0]","[0]","[-0.476806]",0,"[]","[]","[]","[]","[]","[]","[]","[]","[]","[]",1,"[450972]","[0.935466]","[-0.808907]","[663911]","[32603.7]","[0]","[3.17859]","[0.650199]",0,"[]","[]","[]","[]","[]","[]","[]","[]","[]","[]",0,"[2899.94]",9873.31,"[11358.9]","[]","[16359.8]","[]"
678,284500,793038,361102,11456.1,11500.5,3.38179e+11,0.696077,0.98458,1,1,1,0.99586,1.00582,1,1,0,0,1,"[0]","[1]","[114025]","[-0.431765]","[1.98375]","[124820]","[-0.0303802]","[1]","[11]","[1]","[0]","[2923.98]","[0.0127072]","[1.81825]",196596,2.02912,5,"[345546,32298.2,30334,26845.9,26007.9]","[0.607091,1.28566,2.05388,0.474223,0.485054]","[-1.24759,2.01397,2.23087,-0.496273,0.0619223]","[411540,63166.2,120375,30822,29672]","[0.998373,0.97775,0.995221,0.83822,0.968208]","[0,0,0,0,0]","[0,0,0,0,0]","[-0.828455,-0.784154,-0.831534,-0.80022,-0.190385]",0,"[]","[]","[]","[]","[]","[]","[]","[]","[]","[]",1,"[336794]","[0.574494]","[-1.24505]","[394116]","[12492.1]","[0]","[0]","[-1]",0,"[]","[]","[]","[]","[]","[]","[]","[]","[]","[]",0,"[1021.88]",7364.2,"[12098,3894.05,3458.32,2714.95,2179.54]","[]","[30920.8]","[]"
679,284500,828559,361102,11454.6,11500.5,3.38179e+11,1.74563,0.96966,1,1,1,0.998892,0.99604,1,1,0,0,1,"[0]","[1]","[162853]","[-2.28093]","[1.64954]","[805147]","[0.103528]","[1]","[11]","[1]","[1033.52]","[286.531]","[0.0151668]","[1.09622]",275989,1.59605,1,"[338397]","[-1.64844]","[-1.51714]","[912976]","[0.98495]","[0]","[0]","[-0.900306]",0,"[]","[]","[]","[]","[]","[]","[]","[]","[]","[]",1,"[326807]","[-1.64787]","[-1.51926]","[881245]","[36701.6]","[0]","[2.03399]","[0.775136]",0,"[]","[]","[]","[]","[]","[]","[]","[]","[]","[]",0,"[2131.74]",11746.1,"[13751.9]","[]","[6132.84]","[]"
680,284500,1033847,361102,11448.5,11500.5,3.38179e+11,1.08735,0.97994,1,1,1,0.998656,1.00632,1,1,0,0,1,"[0]","[1]","[200659]","[0.597354]","[0.813692]","[237537]","[-0.0161095]","[1]","[11]","[1]","[1061.16]","[1213.61]","[-0.0188028]","[2.37015]",224057,0.465498,2,"[373436,33165.7]","[1.34508,0.854952]","[-2.54597,-2.53681]","[765769,46232.8]","[0.992007,1]","[0,0]","[0,0]","[-0.864781,-0.933945]",0,"[]","[]","[]","[]","[]","[]","[]","[]","[]","[]",1,"[406172]","[1.30431]","[-2.54706]","[806474]","[69026.9]","[0]","[2.80347]","[0.6798]",0,"[]","[]","[]","[]","[]","[]","[]","[]","[]","[]",0,"[1149.47]",29620.5,"[6042.95,4899.21]","[]","[2009.22]","[]"
681,284500,1041109,361102,11455.6,11500.5,3.38179e+11,1.74563,0.98458,1,1,1,0.995663,1.00582,1,1,0,0,1,"[0]","[1]","[113947]","[-0.34691]","[1.02484]","[120872]","[-0.00457954]","[1]","[11]","[1]","[0]","[385.408]","[-0.00711653]","[0.801766]",194260,0.595813,5,"[543485,154328,56872.2,32920.8,21841.2]","[1.06771,0.00977156,0.00829204,1.67576,-0.943491]","[-2.36045,0.125218,1.54751,-2.46206,1.13305]","[884628,155442,58025.9,91099.5,32628.9]","[1,0.990442,0.999687,0.99,0.984435]","[0,0,0,0,0]","[0,0,0,0,0]","[-0.967012,-0.938204,-0.486875,-0.771259,-0.740532]",0,"[]","[]","[]","[]","[]","[]","[]","[]","[]","[]",1,"[545156]","[1.12419]","[-2.36711]","[931591]","[87360.5]","[0]","[3.3048]","[0.744195]",0,"[]","[]","[]","[]","[]","[]","[]","[]","[]","[]",0,"[614.872]",13493.5,"[22929.6,2892.15,4640.73,2002.91,2266.4]","[]","[36958.1]","[]"
682,284500,1188114,361102,11465.3,11500.5,3.38179e+11,1.74563,0.97695,1,1,1,0.998723,0.98743,1,1,0,0,1,"[0]","[1]","[267781]","[-0.0144584]","[0.505413]","[267809]","[-0.0236702]","[1]","[11]","[1]","[0]","[-236.31]","[-0.00243233]","[0.373463]",87939.3,0.264222,1,"[355749]","[-1.79614]","[-2.7013]","[1.10228e+06]","[0.991134]","[0]","[0]","[-0.861842]",0,"[]","[]","[]","[]","[]","[]","[]","[]","[]","[]",2,"[367822,276775]","[-1.84754,-0.0366905]","[-2.70015,0.509313]","[1.19728e+06,276961]","[60242.1,0.00448847]","[0,1]","[1.79338,0]","[0.757572,-1]",0,"[]","[]","[]","[]","[]","[]","[]","[]","[]","[]",0,"[1430.39]",1266.56,"[5495.43]","[]","[2511.94,23393.9]","[]"
683,284500,1203653,361102,11461.6,11500.5,3.38179e+11,0.402058,0.95613,0.995919,1,1,1.17392,1.00278,1,1,0,0,2,"[0,0]","[1,0]","[41303,17318.3]","[-1.9226,1.22353]","[-1.90787,-2.6726]","[144249,31981.3]","[-0.735344,-0.0759659]","[1,1]","[11,13]","[1,1]","[0,2241.78]","[-234.961,1015.48]","[0.1329,-0.0884933]","[11.8776,6.56707]",268850,-1.75052,5,"[288310,116966,60269.1,25626.3,24177.3]","[0.0219732,-1.14932,1.17181,-0.547857,-0.130213]","[0.734685,2.89375,1.26634,2.94432,2.1997]","[290683,204164,107066,30188.7,25037.2]","[0.996177,0.980685,1,0.964028,0.774773]","[4,4,5,0,0]","[0,0,0,0,0]","[0.760948,0.961601,0.999966,-0.926718,-0.855645]",0,"[]","[]","[]","[]","[]","[]","[]","[]","[]","[]",1,"[287035]","[-0.00545047]","[0.729428]","[289840]","[40197.8]","[0]","[1.046]","[0.674028]",0,"[]","[]","[]","[]","[]","[]","[]","[]","[]","[]",0,"[383.855,73.0662]",1574.53,"[3622.02,9364.97,1659.37,1864.18,1755.69]","[]","[19979.8]","[]"
684,284500,1250465,361102,11461,11500.5,3.38179e+11,0.934886,0.98697,1,1,1,0.986073,1.00582,1,1,0,0,1,"[0]","[1]","[155487]","[-0.439428]","[0.145202]","[170742]","[-0.124161]","[1]","[11]","[1]","[0]","[-784.224]","[0.0680716]","[10.0711]",297673,0.367081,3,"[502212,53056.4,43602.1]","[0.861955,0.355374,0.62694]","[-2.35278,2.42448,1.04739]","[701721,56700.4,52872.4]","[0.996773,0.986398,0.997802]","[0,4,0]","[0,0,0]","[-0.916551,-0.184464,-0.881357]",0,"[]","[]","[]","[]","[]","[]","[]","[]","[]","[]",1,"[518597]","[0.824032]","[-2.35145]","[705638]","[33126.2]","[0]","[2.0997]","[0.703184]",0,"[]","[]","[]","[]","[]","[]","[]","[]","[]","[]",0,"[1287.06]",4333.06,"[14867.5,5790.73,6864.91]","[]","[39873.1]","[]"
685,284500,1253286,361102,11454.5,11500.5,3.38179e+11,1.08735,0.93894,1,1,1,0.981443,0.99124,1,1,0,0,1,"[0]","[1]","[33266]","[2.05213]","[-1.63665]","[131616]","[-0.508198]","[1]","[11]","[1]","[0]","[-324.017]","[0.167486]","[12.0572]",368582,-1.7792,4,"[437512,130438,30905.6,25409.1]","[0.456466,-0.0355204,1.39882,2.16817]","[1.59232,-0.0151285,-2.48864,-2.38352]","[484746,131335,66599.9,112559]","[0.995972,0.984273,0.998464,0.982832]","[4,0,0,0]","[0,0,0,0]","[-0.862876,-0.882811,-0.566547,-0.467772]",0,"[]","[]","[]","[]","[]","[]","[]","[]","[]","[]",1,"[440705]","[0.436455]","[1.5926]","[484115]","[27186.6]","[0]","[2.44442]","[0.62028]",0,"[]","[]","[]","[]","[]","[]","[]","[]","[]","[]",0,"[177.543]",14007.3,"[13063.5,5917.04,2150.3,2847.02]","[]","[13272.5]","[]"
686,284500,1608147,361102,11455.1,11500.5,3.38179e+11,0.934886,1,0.996127,1,1,1.0048,0.923012,1,0,1,0,1,"[0]","[1]","[38918.8]","[-0.748432]","[-2.32343]","[50337.5]","[0.227586]","[1]","[13]","[1]","[0]","[567.839]","[0.133428]","[17.097]",201732,-1.85054,4,"[221780,33551.2,25291.9,20265.6]","[-0.925486,-0.359329,2.3923,0.641351]","[1.0359,0.92729,2.83556,-1.6982]","[324735,36205.2,139498,25027.6]","[1,0.986219,0.996477,0.677852]","[0,0,4,0]","[0,0,0,0]","[-0.965314,-0.928724,0.784602,-0.826816]",0,"[]","[]","[]","[]","[]","[]","[]","[]","[]","[]",1,"[261457]","[-0.865879]","[1.02289]","[368922]","[48283.8]","[0]","[1.76018]","[0.579218]",0,"[]","[]","[]","[]","[]","[]","[]","[]","[]","[]",0,"[328.635]",3434.2,"[6129.03,3676.13,6041.53,773.581]","[]","[0]","[]"
687,284500,1308384,361102,11458.2,11500.5,3.38179e+11,0.934886,1,0.98587,1,1,0.998901,1.05163,1,0,1,0,1,"[0]","[1]","[56957.4]","[-0.714297]","[-1.26831]","[72116.3]","[0.0299683]","[1]","[13]","[1]","[0]","[-372.242]","[-0.00339297]","[0.414233]",277872,-1.43901,1,"[332342]","[-1.64488]","[1.71679]","[893249]","[0.991439]","[0]","[0]","[-0.923586]",0,"[]","[]","[]","[]","[]","[]","[]","[]","[]","[]",1,"[332996]","[-1.65346]","[1.71271]","[901985]","[17160.4]","[0]","[2.68686]","[0.764878]",0,"[]","[]","[]","[]","[]","[]","[]","[]","[]","[]",0,"[398.046]",3111.47,"[5531.88]","[]","[17428.7]","[]"
688,284500,1557998,361102,11455.8,11500.5,3.38179e+11,1.55465,1,0.992919,1,1,0.999018,0.941994,1,0,1,0,1,"[0]","[1]","[45915.4]","[0.782694]","[1.27512]","[60712.5]","[0.067749]","[1]","[13]","[1]","[0]","[-484.243]","[-0.00557189]","[0.747898]",123024,0.927065,2,"[255569,108661]","[-0.845882,-0.250342]","[-2.43882,0.20071]","[352767,113212]","[0.993643,0.986376]","[0,0]","[0,0]","[-0.950103,-0.943724]",0,"[]","[]","[]","[]","[]","[]","[]","[]","[]","[]",1,"[271627]","[-0.832649]","[-2.39559]","[372861]","[33479.5]","[0]","[2.3206]","[0.6009]",0,"[]","[]","[]","[]","[]","[]","[]","[]","[]","[]",0,"[296.933]",23438.8,"[11899.4,3937.29]","[]","[19084]","[]"
689,284500,1609637,361102,11451.1,11500.5,3.38179e+11,0.596562,0.97332,1,1,1,0.997383,0.98683,1,1,0,0,1,"[0]","[1]","[72046.6]","[-0.829859]","[-2.09966]","[98311.5]","[-0.0200257]","[1]","[11]","[1]","[0]","[-240.752]","[0.0203196]","[2.45536]",247816,-1.60116,3,"[338752,31077.8,22477.9]","[-0.303064,-0.542995,2.28241]","[1.51411,-1.49912,0.189777]","[354836,36200,111372]","[0.998998,0.991753,0.988849]","[0,0,0]","[0,0,0]","[-0.8369,-0.942345,-0.848681]",0,"[]","[]","[]","[]","[]","[]","[]","[]","[]","[]",1,"[354602]","[-0.307162]","[1.51405]","[371919]","[18429.3]","[0]","[1.30547]","[0.146222]",0,"[]","[]","[]","[]","[]","[]","[]","[]","[]","[]",0,"[419.657]",4759.67,"[3712.37,3212.83,1762.1]","[]","[8859.12]","[]"
690,284500,1636748,361102,11458.8,11500.5,3.38179e+11,0.934886,1,0.996715,1,1,0.997358,0.891463,1,0,1,0,1,"[0]","[1]","[50724.7]","[0.506453]","[-0.00550269]","[57370.3]","[0.139053]","[1]","[13]","[1]","[0]","[-113.736]","[0.0533389]","[8.13579]",163954,0.278759,4,"[280307,89271.2,24871,20043]","[-0.421303,1.48087,-2.10663,-1.09127]","[3.04366,-0.84429,0.70762,-2.09836]","[305846,206624,103792,33347.4]","[0.998075,1,0.981824,0.976607]","[0,0,0,0]","[0,0,0,0]","[-0.949118,-0.818223,-0.884709,-0.821219]",0,"[]","[]","[]","[]","[]","[]","[]","[]","[]","[]",1,"[282245]","[-0.401597]","[3.04299]","[305572]","[12586]","[0]","[2.85624]","[0.4423]",0,"[]","[]","[]","[]","[]","[]","[]","[]","[]","[]",0,"[559.445]",2127.02,"[4235.52,9359.61,2821.22,1820.85]","[]","[15434.1]","[]"
691,284500,1573572,361102,11466.4,11500.5,3.38179e+11,1.74563,0.98089,1,1,1,1.02443,0.99866,1,1,0,0,1,"[0]","[1]","[157008]","[-0.869078]","[-0.649813]","[220129]","[0.018959]","[1]","[11]","[1]","[0]","[-847.597]","[-0.0142579]","[1.49366]",305828,-0.930181,3,"[567854,39192.9,35273.7]","[-1.00668,1.34924,-1.5968]","[2.34538,-0.975115,-1.20245]","[881374,80825.9,90722]","[0.994951,0.955082,0.989966]","[0,5,0]","[0,0,0]","[-0.749188,0.986082,-0.739171]",0,"[]","[]","[]","[]","[]","[]","[]","[]","[]","[]",1,"[566496]","[-0.980222]","[2.34561]","[861562]","[26572.1]","[0]","[3.54571]","[0.693061]",0,"[]","[]","[]","[]","[]","[]","[]","[]","[]","[]",0,"[1319.69]",3569.56,"[12856.7,1329.91,5056.39]","[]","[720.5]","[]"
692,284500,1606244,361102,11455.6,11500.5,3.38179e+11,0.596562,0.97014,1,1,1,0.99844,0.96677,1,1,0,0,1,"[0]","[1]","[54878.8]","[0.752684]","[-2.80867]","[71172.1]","[-0.0720978]","[1]","[11]","[1]","[0]","[2419.54]","[0.00894055]","[0.369345]",298002,-2.89745,4,"[305901,39984.1,34366.3,21531.9]","[1.00364,-0.879588,1.1611,0.576959]","[-0.0233684,1.22486,1.08621,1.80721]","[474596,56811.1,60368.5,25508.8]","[0.998853,1,0.916276,0.942172]","[0,0,0,0]","[0,0,0,0]","[-0.767126,-0.830191,-0.928572,-0.819345]",0,"[]","[]","[]","[]","[]","[]","[]","[]","[]","[]",1,"[327389]","[0.983928]","[-0.0243105]","[501086]","[44923.6]","[0]","[2.28276]","[0.850751]",0,"[]","[]","[]","[]","[]","[]","[]","[]","[]","[]",0,"[84.9767]",7450,"[4742.13,3923.49,5181.61,1851.26]","[]","[2780.12]","[]"
693,284500,1682790,361102,11445.6,11500.5,3.38179e+11,0.934886,1,0.998149,1,1,1.05003,0.959422,1,0,1,0,1,"[0]","[1]","[203077]","[1.58117]","[-2.00517]","[514430]","[0.515624]","[1]","[13]","[1]","[0]","[-203.992]","[-0.0276289]","[2.03088]",318150,-1.9399,4,"[454047,54294.4,52164.3,33969.8]","[1.72282,-1.83688,-1.28514,-2.48147]","[1.25354,1.26846,-0.730282,0.780192]","[1.31281e+06,174882,101730,204591]","[0.989962,0.961452,0.953668,0.99]","[5,0,0,0]","[0,0,0,0]","[-0.920527,-0.68904,-0.828484,-0.902523]",0,"[]","[]","[]","[]","[]","[]","[]","[]","[]","[]",1,"[447697]","[1.72054]","[1.25479]","[1.2917e+06]","[47396.2]","[0]","[1.6705]","[0.713316]",0,"[]","[]","[]","[]","[]","[]","[]","[]","[]","[]",0,"[18957.7]",19459.1,"[17102.7,6033.16,6540.35,2536.75]","[]","[12753.5]","[]"
694,284500,1706866,361102,11466,11500.5,3.38179e+11,1.24168,0.97749,1,1,1,0.985276,1.00021,1,1,0,0,1,"[0]","[1]","[78617]","[0.581698]","[2.10298]","[92297.2]","[-0.10453]","[1]","[11]","[1]","[0]","[-432.155]","[0.0793574]","[7.81139]",491814,2.00658,4,"[721835,63107.7,45637.9,43469.1]","[0.189649,-0.330737,1.11641,-0.806366]","[-1.14039,1.81424,2.16307,1.8483]","[735175,67884.2,77472,58886.5]","[0.955371,0.989823,0.990682,0.978166]","[4,0,0,0]","[0,0,0,0]","[-0.914317,-0.881222,-0.930503,-0.469203]",0,"[]","[]","[]","[]","[]","[]","[]","[]","[]","[]",1,"[695318]","[0.238472]","[-1.1401]","[715182]","[-0.00873464]","[0]","[0]","[-1]",0,"[]","[]","[]","[]","[]","[]","[]","[]","[]","[]",0,"[269.6]",5852.09,"[9007.03,2928.36,4115.21,2377.83]","[]","[62804.2]","[]"
695,284500,1716285,361102,11463.4,11500.5,3.38179e+11,0.506784,0.98458,1,1,1,1.13777,1.00582,1,1,0,0,1,"[0]","[1]","[127329]","[-0.413743]","[-1.2455]","[138384]","[-0.0944462]","[1]","[11]","[1]","[0]","[-248.478]","[0.00335484]","[0.580826]",154184,-1.35784,2,"[297913,22483.6]","[-1.0462,-0.249427]","[1.98628,-0.373314]","[477057,23550.7]","[0.994904,0.990838]","[0,0]","[0,0]","[0.882435,-0.94434]",0,"[]","[]","[]","[]","[]","[]","[]","[]","[]","[]",1,"[295220]","[-1.03362]","[1.9909]","[467741]","[15875.5]","[0]","[2.03132]","[0.739701]",0,"[]","[]","[]","[]","[]","[]","[]","[]","[]","[]",0,"[686.525]",3121.14,"[7543.79,2792.97]","[]","[10912.6]","[]"
696,284500,1730622,361102,11459.3,11500.5,3.38179e+11,0.934886,1,0.991969,1,1,0.979796,0.997038,1,0,1,0,1,"[0]","[1]","[54577.4]","[1.97829]","[0.636935]","[201082]","[0.0723915]","[1]","[13]","[1]","[0]","[-117.134]","[0.0297582]","[3.0562]",237792,0.304003,3,"[262588,72351.7,53683.2]","[1.59449,2.20021,2.07855]","[-2.79636,-2.13614,1.14136]","[673464,330807,218037]","[1,0.999244,1]","[0,4,0]","[0,0,0]","[-0.874844,0.462829,-0.861611]",0,"[]","[]","[]","[]","[]","[]","[]","[]","[]","[]",1,"[350006]","[1.74448]","[-2.68314]","[1.04033e+06]","[130557]","[0]","[1.16268]","[0.680652]",0,"[]","[]","[]","[]","[]","[]","[]","[]","[]","[]",0,"[422.228]",8966.69,"[7135.67,7332.17,4867.23]","[]","[2114.34]","[]"
697,284500,1543942,361102,11462.5,11500.5,3.38179e+11,0.738662,0.96284,1,1,1,0.989369,0.99117,1,1,0,0,1,"[0]","[1]","[35470.2]","[-0.039652]","[0.389967]","[35498.1]","[-0.180562]","[1]","[11]","[1]","[0]","[-528.544]","[-0.00935856]","[0.696442]",131699,0.267044,2,"[249168,90555.6]","[-1.09645,1.75435]","[-2.94587,0.0492647]","[414932,270030]","[0.990367,0.993985]","[4,0]","[0,0]","[0.0667832,-0.937004]",0,"[]","[]","[]","[]","[]","[]","[]","[]","[]","[]",1,"[250818]","[-1.10879]","[-2.94526]","[421613]","[11483.6]","[0]","[2.35856]","[0.670361]",0,"[]","[]","[]","[]","[]","[]","[]","[]","[]","[]",0,"[67.5095]",15099.8,"[13443.3,3343.78]","[]","[52.0625]","[]"
698,284500,1878864,361102,11469.3,11500.5,3.38179e+11,1.08735,0.98413,1,1,1,0.998169,0.99866,1,1,0,0,1,"[0]","[1]","[103004]","[-0.985924]","[2.48278]","[157255]","[0.104343]","[1]","[11]","[1]","[0]","[-62.6974]","[0.0159922]","[1.75917]",122714,2.6479,3,"[269920,69551,34407.5]","[0.293476,1.83459,-1.97213]","[-0.949485,1.36215,0.876118]","[281729,223592,126105]","[0.973457,0.998736,1]","[0,0,0]","[0,0,0]","[-0.881409,-0.82923,0.529176]",0,"[]","[]","[]","[]","[]","[]","[]","[]","[]","[]",1,"[264224]","[0.309088]","[-0.948885]","[277180]","[11380.9]","[0]","[2.41536]","[0.102188]",0,"[]","[]","[]","[]","[]","[]","[]","[]","[]","[]",0,"[563.647]",5099,"[5876.86,2690.02,2067.19]","[]","[0]","[]"
699,284500,1871176,361102,11450.2,11500.5,3.38179e+11,1.08735,1,0.998779,1,1,0.998889,0.99077,1,0,1,0,1,"[0]","[1]","[44381.6]","[2.24373]","[0.198247]","[211577]","[0.061008]","[1]","[13]","[1]","[0]","[-253.712]","[-0.00594573]","[0.434004]",288429,-0.129538,1,"[329840]","[1.72904]","[3.01774]","[958843]","[0.998828]","[0]","[0]","[-0.874252]",0,"[]","[]","[]","[]","[]","[]","[]","[]","[]","[]",1,"[299979]","[1.72371]","[3.02356]","[867547]","[9795.68]","[0]","[15.7822]","[0.632246]",0,"[]","[]","[]","[]","[]","[]","[]","[]","[]","[]",0,"[547.367]",11494,"[6593.45]","[]","[14186.2]","[]"
700,284500,1983069,361102,11457.6,11500.5,3.38179e+11,1.08735,0.96972,1,1,1,0.995991,0.99544,1,1,0,0,1,"[0]","[1]","[196816]","[1.22603]","[0.74472]","[364222]","[-0.00798035]","[1]","[11]","[1]","[0]","[3244.67]","[-0.0119854]","[1.37133]",466934,0.546657,3,"[752462,239075,20379.3]","[0.321786,1.58914,0.551363]","[-2.84591,-0.828163,1.08012]","[792042,610891,23984.8]","[0.988945,0.984157,0.921436]","[0,0,0]","[0,0,0]","[-0.662835,-0.811167,-0.84473]",0,"[]","[]","[]","[]","[]","[]","[]","[]","[]","[]",1,"[725052]","[0.359746]","[-2.84585]","[772647]","[16163.4]","[0]","[0]","[-1]",0,"[]","[]","[]","[]","[]","[]","[]","[]","[]","[]",0,"[2153.34]",4664.84,"[12104.3,11308.8,1156.07]","[]","[18067.7]","[]"
701,284500,1981756,361102,11458.6,11500.5,3.38179e+11,1.08735,0.95138,1,1,1,0.999261,0.98331,1,1,0,0,1,"[0]","[1]","[38433.8]","[0.081526]","[-2.36138]","[38561.5]","[0.00730896]","[1]","[11]","[1]","[0]","[-717.938]","[0.0669217]","[5.29586]",167854,-2.53069,2,"[267726,62672.4]","[0.917718,1.53788]","[0.46559,3.1256]","[388746,152831]","[0.937441,0.991702]","[0,0]","[0,0]","[-0.900755,-0.699789]",0,"[]","[]","[]","[]","[]","[]","[]","[]","[]","[]",1,"[256984]","[0.885792]","[0.468419]","[364634]","[6869.39]","[0]","[1.43301]","[-1]",0,"[]","[]","[]","[]","[]","[]","[]","[]","[]","[]",0,"[141.669]",6392.86,"[12530.4,7244.02]","[]","[16966.1]","[]"
702,284500,1959730,361102,11453.8,11500.5,3.38179e+11,0.934886,1,0.990724,1,1,0.998276,0.894479,1,0,1,0,1,"[0]","[1]","[188817]","[0.300275]","[-1.1443]","[197394]","[-0.0526052]","[1]","[13]","[1]","[0]","[-585.586]","[0.0153558]","[2.34218]",163758,-0.960949,5,"[344139,75658.9,51191.6,26811.7,22035.7]","[-0.934775,-0.245933,1.08563,0.102867,0.696318]","[1.91713,-1.75739,1.21795,-2.78421,2.6899]","[506179,78844.9,85082.9,27545.1,28257.2]","[0.994935,0.99,0.99,0.951691,0.923977]","[0,0,0,0,0]","[0,0,0,0,0]","[-0.973663,-0.926791,-0.863456,-0.853252,-0.738659]",0,"[]","[]","[]","[]","[]","[]","[]","[]","[]","[]",1,"[349789]","[-0.943321]","[1.91069]","[517528]","[15067.7]","[0]","[0]","[-1]",0,"[]","[]","[]","[]","[]","[]","[]","[]","[]","[]",0,"[12217.3]",12048.9,"[5958.54,5143.83,13232.8,3152.91,5521.1]","[]","[13078.2]","[]"
703,284500,2011942,361102,11447.9,11500.5,3.38179e+11,0.934886,1,0.998822,1,1,0.997628,0.982548,1,0,1,0,1,"[0]","[1]","[34073.7]","[1.21483]","[-3.13898]","[62465.3]","[0.129364]","[1]","[13]","[1]","[0]","[-375.281]","[-0.0520407]","[6.66159]",275777,2.6451,2,"[292292,29882.7]","[2.00966,1.45685]","[-0.290344,-0.940953]","[1.11036e+06,67891.7]","[0.943115,0.981163]","[0,0]","[0,0]","[-0.88102,-0.886657]",0,"[]","[]","[]","[]","[]","[]","[]","[]","[]","[]",1,"[287155]","[1.99207]","[-0.278325]","[1.07252e+06]","[29594.5]","[0]","[2.05267]","[0.711302]",0,"[]","[]","[]","[]","[]","[]","[]","[]","[]","[]",0,"[120.352]",425.188,"[6879.87,5163.62]","[]","[17853.2]","[]"
704,284500,2035054,361102,11467.4,11500.5,3.38179e+11,0.596562,0.96483,1,1,1,0.999057,1.01048,1,1,0,0,1,"[0]","[1]","[41275.4]","[1.65614]","[-0.0914522]","[112061]","[0.0670891]","[1]","[11]","[1]","[0]","[-101.664]","[-0.00950549]","[0.649205]",274607,-0.675869,2,"[282306,27556.3]","[0.699141,0.944187]","[2.42457,-2.76353]","[354602,41377.7]","[0.994726,0.991771]","[0,0]","[0,0]","[-0.917789,-0.907531]",0,"[]","[]","[]","[]","[]","[]","[]","[]","[]","[]",1,"[284028]","[0.690234]","[2.42431]","[354641]","[12655.4]","[0]","[2.43113]","[0.317175]",0,"[]","[]","[]","[]","[]","[]","[]","[]","[]","[]",0,"[196.868]",4248.56,"[4410.96,3160.65]","[]","[1146.56]","[]"
705,284500,2058806,361102,11464,11500.5,3.38179e+11,0,0.96126,1,1,1,0.999077,0.96978,1,1,0,0,1,"[0]","[1]","[29114.3]","[0.149025]","[-2.91444]","[29438.2]","[-0.0713959]","[1]","[11]","[1]","[1115.39]","[790.51]","[-0.143884]","[11.3411]",255259,-2.28691,2,"[284598,28930.3]","[-0.149523,0.990612]","[0.701429,2.53722]","[288167,44662.8]","[1,0.983893]","[0,0]","[0,0]","[-0.946064,-0.91369]",0,"[]","[]","[]","[]","[]","[]","[]","[]","[]","[]",1,"[285350]","[-0.123098]","[0.698533]","[287768]","[12072.9]","[0]","[0]","[-1]",0,"[]","[]","[]","[]","[]","[]","[]","[]","[]","[]",0,"[208.022]",5567.09,"[6413.97,1875.9]","[]","[16948.4]","[]"
706,284500,2062192,361102,11460.6,11500.5,3.38179e+11,0.596562,0.97994,1,1,1,0.998703,1.00632,1,1,0,0,1,"[0]","[1]","[167249]","[0.364098]","[-1.13147]","[178458]","[-0.0832386]","[1]","[11]","[1]","[0]","[-275.53]","[-0.0524935]","[4.7116]",251940,-1.13977,2,"[388344,33874.2]","[-0.383656,-0.562233]","[1.97545,2.433]","[420456,39911]","[0.99983,1]","[0,0]","[0,0]","[-0.943273,-0.840904]",0,"[]","[]","[]","[]","[]","[]","[]","[]","[]","[]",1,"[407462]","[-0.396909]","[1.99581]","[446714]","[77272.5]","[0]","[1.93375]","[0.846392]",0,"[]","[]","[]","[]","[]","[]","[]","[]","[]","[]",0,"[1181.48]",7455.59,"[5001.2,5464.41]","[]","[26693.8]","[]"
707,284500,1997502,361102,11462.5,11500.5,3.38179e+11,0.596562,0.98697,1,1,1,0.984738,1.00582,1,1,0,0,1,"[0]","[1]","[229080]","[-0.267232]","[2.24808]","[237309]","[0.0980339]","[1]","[11]","[1]","[0]","[474.615]","[0.0191655]","[2.78816]",327108,2.04827,2,"[505993,31870.5]","[-0.46286,-0.932583]","[-0.843311,-0.5383]","[562797,46997.5]","[0.990688,1]","[4,0]","[0,0]","[-0.864172,0.0812391]",0,"[]","[]","[]","[]","[]","[]","[]","[]","[]","[]",1,"[522048]","[-0.443228]","[-0.847498]","[575700]","[41929.8]","[0]","[1.13245]","[0.268679]",0,"[]","[]","[]","[]","[]","[]","[]","[]","[]","[]",0,"[1549.61]",9377.09,"[7180.03,6217.43]","[]","[20259.4]","[]"
708,284500,442980,361102,11454.1,11500.5,3.38179e+11,1.26205,0.95138,1,1,1,0.998844,0.99031,1,1,0,0,1,"[0]","[1]","[36470.5]","[-0.00886218]","[-0.0679762]","[36472]","[-0.0511627]","[1]","[11]","[1]","[0]","[509.843]","[-0.0414924]","[3.53571]",284470,-0.683115,2,"[280486,56970.8]","[1.4038,-1.5359]","[2.67743,1.61444]","[606153,138636]","[0.999159,1]","[0,0]","[0,0]","[-0.435795,-0.882731]",0,"[]","[]","[]","[]","[]","[]","[]","[]","[]","[]",1,"[254908]","[1.44357]","[2.68223]","[570212]","[17037.1]","[0]","[2.09623]","[0.678653]",0,"[]","[]","[]","[]","[]","[]","[]","[]","[]","[]",0,"[104.792]",1913.25,"[3841.69,4182.19]","[]","[2453.36]","[]"
709,284500,442391,361102,11454.1,11500.5,3.38179e+11,0,1,0.996112,1,1,0.99912,1.00894,1,0,1,0,1,"[0]","[1]","[48137.3]","[1.25348]","[-2.32403]","[91172.5]","[-5.46603]","[1]","[13]","[1]","[1102.79]","[-1347.9]","[2.25048]","[245.382]",198577,-2.50247,3,"[228094,75378.7,61308.6]","[1.72254,-1.29776,-0.835942]","[0.543707,-2.73165,1.30606]","[659740,148651,84348.8]","[0.986587,0.983384,0.999987]","[0,0,0]","[0,0,0]","[0.673951,-0.583061,-0.102605]",0,"[]","[]","[]","[]","[]","[]","[]","[]","[]","[]",1,"[254119]","[1.84681]","[0.558373]","[826945]","[48070.8]","[0]","[2.13659]","[0.443059]",0,"[]","[]","[]","[]","[]","[]","[]","[]","[]","[]",0,"[263.005]",18891.3,"[3918.55,11571.1,3435.51]","[]","[14675.2]","[]"
710,284500,1085441,361102,11454.6,11500.5,3.38179e+11,1.08735,0.97996,1,1,1,0.997181,1.01265,1,1,0,0,1,"[0]","[1]","[154176]","[1.79923]","[-0.16652]","[478747]","[-0.0969734]","[1]","[11]","[1]","[0]","[-164.246]","[-0.00682031]","[0.573257]",119967,-0.740659,4,"[285417,57523,36950.8,24390.4]","[1.66287,-0.404887,0.22059,2.1614]","[3.08099,0.914624,1.92462,0.342656]","[780072,62482.8,38137.4,107328]","[0.99,1,0.96292,0.990073]","[0,0,0,0]","[0,0,0,0]","[-0.946881,-0.92358,-0.788884,0.160484]",0,"[]","[]","[]","[]","[]","[]","[]","[]","[]","[]",1,"[276302]","[1.67447]","[3.0847]","[763278]","[18274.9]","[0]","[2.42826]","[0.728228]",0,"[]","[]","[]","[]","[]","[]","[]","[]","[]","[]",0,"[1528.5]",6260.8,"[10176.7,3142.32,2006.89,2301.64]","[]","[3314.44]","[]"
711,284500,305872,361102,11458.4,11500.5,3.38179e+11,1.55465,1,0.994041,1,1,0.999477,0.638061,1,0,1,0,1,"[0]","[1]","[55463.6]","[0.851281]","[-0.478983]","[76803.7]","[-0.0448408]","[1]","[13]","[1]","[0]","[-942.791]","[0.00816016]","[1.29954]",165067,-0.533801,2,"[255885,61124.5]","[0.302376,-0.8309]","[2.36291,-1.84789]","[268150,84163.3]","[1,0.99]","[0,0]","[0,0]","[-0.963619,-0.466817]",0,"[]","[]","[]","[]","[]","[]","[]","[]","[]","[]",1,"[257118]","[0.328821]","[2.33376]","[272456]","[26708]","[0]","[2.58694]","[0.357156]",0,"[]","[]","[]","[]","[]","[]","[]","[]","[]","[]",0,"[406.675]",8227.94,"[8640.07,2762.58]","[]","[0]","[]"
712,284500,309008,361102,11453.5,11500.5,3.38179e+11,1.08735,0.97062,1,1,1,0.998903,0.98871,1,1,0,0,1,"[0]","[1]","[61960.2]","[-0.717977]","[0.835854]","[78628.1]","[0.0315895]","[1]","[11]","[1]","[0]","[-160.87]","[-0.103495]","[1.54324]",240974,0.868224,3,"[279948,45786.3,37915]","[-1.41335,-0.149096,-0.870916]","[-2.38782,-0.285626,-2.38398]","[610357,46901.3,53677.1]","[1,0.986791,0.918422]","[0,0,0]","[0,0,0]","[-0.730063,-0.667051,-0.5098]",0,"[]","[]","[]","[]","[]","[]","[]","[]","[]","[]",1,"[261374]","[-1.3994]","[-2.36964]","[562608]","[28426.7]","[0]","[1.91976]","[0.760212]",0,"[]","[]","[]","[]","[]","[]","[]","[]","[]","[]",0,"[155.644]",8110.7,"[8620.78,2020.41,2107.68]","[]","[4509.59]","[]"
713,284500,1139155,361102,11453.3,11500.5,3.38179e+11,0.934886,1,0.995737,1,1,0.999151,0.964984,1,0,1,0,1,"[0]","[1]","[55122.6]","[-0.166047]","[-0.21597]","[55884.3]","[-0.0675392]","[1]","[13]","[1]","[0]","[-202.677]","[0.0623372]","[9.40677]",174485,-0.0362616,1,"[233441]","[-1.52047]","[3.08062]","[559548]","[1]","[0]","[0]","[-0.954124]",0,"[]","[]","[]","[]","[]","[]","[]","[]","[]","[]",1,"[250534]","[-1.51367]","[3.08054]","[596770]","[8760.21]","[0]","[2.4213]","[0.807784]",0,"[]","[]","[]","[]","[]","[]","[]","[]","[]","[]",0,"[186.825]",2175.84,"[4008.53]","[]","[0]","[]"
714,284500,425989,361102,11453.4,11500.5,3.38179e+11,0.934886,0.98413,1,1,1,0.997819,0.99866,1,1,0,0,1,"[0]","[1]","[95920.5]","[-0.898801]","[0.91652]","[137344]","[-0.0802288]","[1]","[11]","[1]","[0]","[-707.537]","[0.0315654]","[2.95922]",472870,0.740061,1,"[555306]","[1.14296]","[-2.33715]","[961222]","[0.985332]","[0]","[0]","[-0.963004]",0,"[]","[]","[]","[]","[]","[]","[]","[]","[]","[]",1,"[528779]","[1.13802]","[-2.35336]","[911955]","[62997.1]","[0]","[1.99136]","[0.746768]",0,"[]","[]","[]","[]","[]","[]","[]","[]","[]","[]",0,"[512.132]",15419.5,"[20702.1]","[]","[25079.4]","[]"
715,284500,1147546,361102,11450.4,11500.5,3.38179e+11,1.55465,0.97097,1,1,1,0.999304,0.99737,1,1,0,0,1,"[0]","[1]","[35407.1]","[0.416424]","[-1.25656]","[38521.7]","[0.0422158]","[1]","[11]","[1]","[0]","[-177.018]","[0.0322881]","[4.53922]",216893,-1.36982,2,"[293768,85406.9]","[1.08777,0.744104]","[1.50935,-2.58521]","[486283,111685]","[1,0.995508]","[0,0]","[0,0]","[-0.24689,-0.536233]",0,"[]","[]","[]","[]","[]","[]","[]","[]","[]","[]",1,"[280792]","[1.09326]","[1.50607]","[466630]","[24425.4]","[0]","[1.86948]","[0.565511]",0,"[]","[]","[]","[]","[]","[]","[]","[]","[]","[]",0,"[26.3377]",2661.55,"[6981.19,8261.3]","[]","[446.5]","[]"
716,284500,1161703,361102,11460.6,11500.5,3.38179e+11,0.596562,0.95471,1,1,1,1.0255,1.01564,1,1,0,0,1,"[0]","[1]","[43684.1]","[2.12496]","[-1.76388]","[185483]","[0.0181789]","[1]","[11]","[1]","[0]","[-399.643]","[-0.0151703]","[1.16132]",322331,-1.55077,3,"[340885,44517.6,36752.8]","[1.0528,0.185997,-0.939508]","[1.61232,0.0471886,2.33761]","[548965,45644.9,54352.9]","[1,0.992905,1]","[0,0,5]","[0,0,0]","[-0.970162,0.0986142,0.999841]",0,"[]","[]","[]","[]","[]","[]","[]","[]","[]","[]",1,"[362560]","[1.03904]","[1.60042]","[577341]","[30660.3]","[0]","[2.02862]","[0.773129]",0,"[]","[]","[]","[]","[]","[]","[]","[]","[]","[]",0,"[459.697]",6041.84,"[5964.34,2221.06,2713.29]","[]","[7352.06]","[]"
717,284500,1311568,361102,11456.3,11500.5,3.38179e+11,1.26205,0.97949,1,1,1,0.998487,0.99672,1,1,0,0,1,"[0]","[1]","[66233.2]","[1.13568]","[2.11529]","[113739]","[0.0194845]","[1]","[11]","[1]","[0]","[146.449]","[-0.00841173]","[0.709949]",264429,2.35917,3,"[217197,179626,55937.5]","[-1.8447,-1.7201,-0.632242]","[-0.515522,-1.03587,2.97513]","[704907,518114,68334.2]","[0.990873,0.990408,0.997882]","[0,0,0]","[0,0,0]","[-0.974678,-0.929886,-0.91504]",0,"[]","[]","[]","[]","[]","[]","[]","[]","[]","[]",1,"[352034]","[-1.82794]","[-0.735049]","[1.12833e+06]","[106377]","[0]","[0.957001]","[0.724965]",0,"[]","[]","[]","[]","[]","[]","[]","[]","[]","[]",0,"[171.221]",3218.31,"[3494.09,5078.59,2023.7]","[]","[54030.5]","[]"
718,284500,1310434,361102,11463.9,11500.5,3.38179e+11,0.402058,0.98458,1,1,1,0.999074,1,1,1,0,0,1,"[0]","[1]","[95647]","[-0.122182]","[0.567034]","[96361.8]","[0.0750923]","[1]","[11]","[0]","[0]","[-1713.78]","[0.01592]","[1.7334]",208322,0.486659,3,"[133666,109705,60663.8]","[-0.432165,-0.263258,0.141584]","[-2.3451,-2.88809,-2.79173]","[147103,114877,61365.9]","[0.996873,0.960328,0.993331]","[0,0,0]","[0,0,0]","[-0.94505,-0.299112,-0.773475]",0,"[]","[]","[]","[]","[]","[]","[]","[]","[]","[]",1,"[269505]","[-0.308647]","[-2.62594]","[303884]","[112118]","[0]","[1.13171]","[0.558246]",0,"[]","[]","[]","[]","[]","[]","[]","[]","[]","[]",0,"[1645.59]",12341.5,"[5461.41,7532.35,1946.34]","[]","[3599.69]","[]"
719,284500,1305012,361102,11459.2,11500.5,3.38179e+11,0.596562,1,1.00008,1,1,0.999445,1.01363,1,0,1,0,1,"[0]","[1]","[175799]","[-0.385141]","[-1.58293]","[189000]","[-0.00660706]","[1]","[13]","[1]","[0]","[-427.423]","[-0.00953768]","[1.55988]",101870,-1.6895,1,"[283222]","[0.0289699]","[1.53196]","[284984]","[0.995135]","[0]","[0]","[-0.859723]",0,"[]","[]","[]","[]","[]","[]","[]","[]","[]","[]",1,"[278044]","[0.0672522]","[1.5348]","[279595]","[22682.1]","[0]","[0]","[-1]",0,"[]","[]","[]","[]","[]","[]","[]","[]","[]","[]",0,"[11625.9]",7796.37,"[8370.22]","[]","[8231.72]","[]"
720,284500,1067991,361102,11449,11500.5,3.38179e+11,1.25133,0.98413,1,1,1,0.998345,0.99866,1,1,0,0,1,"[0]","[1]","[133775]","[-0.83516]","[0.827148]","[183204]","[0.0039978]","[1]","[11]","[1]","[1572.74]","[1547.11]","[0.0218401]","[3.16282]",390454,0.742789,1,"[478804]","[-0.892621]","[-3.12283]","[682750]","[0.83271]","[0]","[0]","[0.786216]",0,"[]","[]","[]","[]","[]","[]","[]","[]","[]","[]",1,"[464154]","[-0.904189]","[-3.12202]","[667524]","[21613.2]","[0]","[3.34291]","[0.411451]",0,"[]","[]","[]","[]","[]","[]","[]","[]","[]","[]",0,"[1015.6]",10037,"[7789.88]","[]","[6540.38]","[]"
721,284500,978875,361102,11456.2,11500.5,3.38179e+11,1.08735,0.96853,1,1,1,0.999393,0.98869,1,1,0,0,1,"[0]","[1]","[69878.9]","[-1.95554]","[2.52342]","[251887]","[-0.255798]","[1]","[11]","[1]","[1244.08]","[1242.79]","[0.0769956]","[5.3703]",120564,-2.97847,2,"[244351,52815]","[-0.21786,0.165852]","[-0.233487,3.03811]","[251028,53649.3]","[0.997806,1]","[0,0]","[0,0]","[-0.872172,-0.908609]",0,"[]","[]","[]","[]","[]","[]","[]","[]","[]","[]",1,"[251002]","[-0.194589]","[-0.233561]","[256644]","[21167]","[0]","[1.56342]","[0.576622]",0,"[]","[]","[]","[]","[]","[]","[]","[]","[]","[]",0,"[275.648]",22418.9,"[3546.48,4581.84]","[]","[0]","[]"
722,284500,984409,361102,11461.6,11500.5,3.38179e+11,1.26459,1,0.995255,1,1,0.997679,0.986183,1,0,1,0,1,"[0]","[1]","[33064.7]","[0.485522]","[-1.25009]","[37039.2]","[0.0257721]","[1]","[13]","[0]","[0]","[551.189]","[-0.00896753]","[1.16239]",311615,-1.34451,2,"[328363,25943.6]","[-0.683622,1.81825]","[1.88373,0.925675]","[408481,82133.3]","[0.997874,0.994215]","[0,0]","[0,0]","[-0.791041,-0.877321]",0,"[]","[]","[]","[]","[]","[]","[]","[]","[]","[]",1,"[333555]","[-0.635266]","[1.88298]","[403355]","[12720.8]","[0]","[1.78342]","[0.322735]",0,"[]","[]","[]","[]","[]","[]","[]","[]","[]","[]",0,"[159.096]",1990.84,"[3919.95,1808.67]","[]","[1820.72]","[]"
723,284500,1005446,361102,11453.4,11500.5,3.38179e+11,1.55465,0.955,1,1,1,0.999445,1.02555,1,1,0,0,1,"[0]","[1]","[48399.5]","[1.85393]","[0.644451]","[158302]","[-0.0101185]","[1]","[11]","[1]","[0]","[-579.72]","[-0.0533626]","[4.48737]",250511,0.462735,1,"[284976]","[0.383889]","[-2.72384]","[307259]","[0.986994]","[0]","[0]","[-0.948179]",0,"[]","[]","[]","[]","[]","[]","[]","[]","[]","[]",1,"[289280]","[0.383983]","[-2.72381]","[313261]","[38640.1]","[0]","[2.42304]","[0.792142]",0,"[]","[]","[]","[]","[]","[]","[]","[]","[]","[]",0,"[267.407]",3170.56,"[4687.72]","[]","[9461.53]","[]"
724,284500,966314,361102,11457.2,11500.5,3.38179e+11,0.934886,0.96654,1,1,1,0.998709,0.99197,1,1,0,0,1,"[0]","[1]","[31511.2]","[-0.387186]","[-0.144563]","[33902.8]","[-75.7298]","[1]","[11]","[1]","[2441.52]","[1696.65]","[0.00895867]","[0.455886]",64129.1,2.636,2,"[253901,220702]","[-0.494093,0.935055]","[-0.55814,2.60199]","[285897,325119]","[0.995916,0.999259]","[0,0]","[0,0]","[-0.925757,-0.750483]",0,"[]","[]","[]","[]","[]","[]","[]","[]","[]","[]",1,"[283957]","[-0.448621]","[-0.508719]","[314624]","[31789.1]","[0]","[1.49625]","[0.582096]",0,"[]","[]","[]","[]","[]","[]","[]","[]","[]","[]",0,"[147.162]",3963.08,"[8147.78,4642.39]","[]","[1730.69]","[]"
725,284500,993552,361102,11468.8,11500.5,3.38179e+11,1.08735,1,0.994283,1,1,0.999424,0.989412,1,0,1,0,1,"[0]","[1]","[136945]","[0.573757]","[2.67665]","[160111]","[0.0356922]","[1]","[13]","[1]","[0]","[-72.7057]","[-0.115974]","[23.9424]",173324,2.77633,1,"[296556]","[-0.70232]","[-0.496329]","[373385]","[1]","[0]","[0]","[-0.862938]",0,"[]","[]","[]","[]","[]","[]","[]","[]","[]","[]",1,"[266509]","[-0.710848]","[-0.489746]","[337095]","[15759.7]","[0]","[3.99506]","[0.241384]",0,"[]","[]","[]","[]","[]","[]","[]","[]","[]","[]",0,"[533.403]",5978.41,"[7045.31]","[]","[0]","[]"
726,284500,1418639,361102,11458.2,11500.5,3.38179e+11,1.08735,1,0.994466,1,1,0.988327,0.95456,1,0,1,0,1,"[0]","[1]","[99946.1]","[0.127249]","[0.408836]","[100756]","[0.0185928]","[1]","[13]","[1]","[1204.14]","[-624.704]","[0.0149048]","[2.18833]",127212,0.117632,2,"[349764,136226]","[0.310465,1.59276]","[2.7193,-1.06005]","[367339,349150]","[1,0.997273]","[0,4]","[0,0]","[-0.816142,-0.672152]",0,"[]","[]","[]","[]","[]","[]","[]","[]","[]","[]",1,"[341023]","[0.293063]","[2.72107]","[356163]","[16679.6]","[0]","[2.64861]","[0.53836]",0,"[]","[]","[]","[]","[]","[]","[]","[]","[]","[]",0,"[581.767]",12173.1,"[4605.85,9238.88]","[]","[5036.97]","[]"
727,284500,1423399,361102,11453.2,11500.5,3.38179e+11,0.187531,0.94707,1,1,1,0.99898,0.94238,1,1,0,0,1,"[0]","[1]","[27059.3]","[-1.1147]","[-1.74622]","[45685.2]","[0.0513229]","[1]","[11]","[1]","[0]","[1318.21]","[-0.0671837]","[2.66719]",257913,-1.4283,1,"[270331]","[-1.70972]","[1.64073]","[771848]","[0.999111]","[0]","[0]","[-0.905808]",0,"[]","[]","[]","[]","[]","[]","[]","[]","[]","[]",1,"[270540]","[-1.72495]","[1.64685]","[783545]","[20802.2]","[0]","[2.33591]","[0.616189]",0,"[]","[]","[]","[]","[]","[]","[]","[]","[]","[]",0,"[362.457]",1204.08,"[4042.14]","[]","[6272.19]","[]"
728,284500,1487235,361102,11462.4,11500.5,3.38179e+11,0.596562,1,0.98422,1,1,0.999078,1.0183,1,0,1,0,1,"[0]","[1]","[117588]","[1.74488]","[-0.452149]","[346876]","[-0.139982]","[1]","[13]","[1]","[0]","[-127.812]","[0.0107575]","[1.87119]",204835,-0.652888,2,"[281808,50567]","[1.51157,0.702549]","[2.43127,-2.93632]","[670030,63688.9]","[0.982097,1]","[0,0]","[0,0]","[-0.891951,-0.896465]",0,"[]","[]","[]","[]","[]","[]","[]","[]","[]","[]",1,"[272013]","[1.51349]","[2.4343]","[647837]","[9976.02]","[0]","[2.03751]","[0.528915]",0,"[]","[]","[]","[]","[]","[]","[]","[]","[]","[]",0,"[2870.09]",9077.78,"[9032.21,2562.59]","[]","[10007.2]","[]"
729,284500,1509670,361102,11456.4,11500.5,3.38179e+11,3.34815,0.96484,1,1,1,0.960191,0.96343,1,1,0,0,1,"[0]","[1]","[39002.5]","[0.895772]","[-0.651214]","[55725.2]","[0.0575535]","[1]","[11]","[1]","[0]","[-159.284]","[-0.022982]","[1.75195]",745935,-0.579841,5,"[610514,278266,26331.6,21646.1,20364.7]","[-0.734573,0.309714,-2.42312,-0.32676,1.95194]","[2.90256,1.72009,-0.513019,2.7343,2.90878]","[783755,294189,149790,22947.5,73269.1]","[0.999023,0.99624,0.978755,0.666008,0.986456]","[0,0,0,5,0]","[0,0,0,0,0]","[-0.41701,-0.945324,-0.534586,0.985834,-0.798027]",0,"[]","[]","[]","[]","[]","[]","[]","[]","[]","[]",2,"[591814,270383]","[-0.733734,0.313536]","[2.90414,1.72041]","[759723,287054]","[44863.3,43212.8]","[0,0]","[2.41913,1.9476]","[0.27308,0.821836]",0,"[]","[]","[]","[]","[]","[]","[]","[]","[]","[]",0,"[23.6387]",12019.4,"[9832,10962,3984.47,1563.4,2024.94]","[]","[37471.6,11223.4]","[]"
730,284500,1462495,361102,11461.9,11500.5,3.38179e+11,0.351687,0.97245,1,1,1,0.999191,0.99544,1,1,0,0,1,"[0]","[1]","[137924]","[1.3448]","[0.869561]","[282606]","[-0.0916367]","[1]","[11]","[1]","[12601.5]","[-848.187]","[-0.0179178]","[2.58887]",272064,0.752452,3,"[315517,84804.1,44167.6]","[-0.980181,-1.78753,0.938877]","[-2.09276,-2.54796,2.84157]","[481204,261029,65896.6]","[0.999146,0.986218,0.992804]","[0,0,0]","[0,0,0]","[-0.846417,-0.923633,-0.670099]",0,"[]","[]","[]","[]","[]","[]","[]","[]","[]","[]",1,"[388008]","[-1.22029]","[-2.1622]","[734573]","[170225]","[0]","[1.49716]","[0.762858]",0,"[]","[]","[]","[]","[]","[]","[]","[]","[]","[]",0,"[1309.09]",2635.94,"[5723.8,5650.87,2942.07]","[]","[23169.1]","[]"
731,284500,1467857,361102,11448.2,11500.5,3.38179e+11,0.934886,0.96654,1,1,1,1.01148,0.99197,1,1,0,0,1,"[0]","[1]","[31376.6]","[-0.141258]","[1.00469]","[31690.2]","[0.01371]","[1]","[11]","[1]","[0]","[307.354]","[-0.0241788]","[3.57408]",253036,1.03959,3,"[249167,46418.1,20460.1]","[-0.26789,-0.56103,0.916829]","[-2.1832,-1.48756,2.66407]","[259264,54341.6,29835.3]","[0.99498,1,0.979352]","[0,0,4]","[0,0,0]","[-0.904644,-0.914332,-0.736322]",0,"[]","[]","[]","[]","[]","[]","[]","[]","[]","[]",1,"[264987]","[-0.344358]","[-2.10209]","[293398]","[84872.9]","[0]","[1.71488]","[0.621265]",0,"[]","[]","[]","[]","[]","[]","[]","[]","[]","[]",0,"[117.372]",6141.58,"[2842.44,7868.78,4352.31]","[]","[0]","[]"
732,284500,1437430,361102,11458.9,11500.5,3.38179e+11,0.934886,1,0.993938,1,1,0.97212,0.972908,1,0,1,0,1,"[0]","[1]","[31001.2]","[-0.53521]","[2.82255]","[35548.5]","[0.0581306]","[1]","[13]","[1]","[0]","[-585.375]","[-0.0397579]","[4.78634]",505211,2.65805,4,"[426584,392715,248761,123261]","[-0.624439,1.02292,1.25329,-1.04514]","[0.0652762,-2.54204,-0.0698729,-0.268983]","[516136,617780,473218,197022]","[1,1,0.99,0.995044]","[0,4,0,4]","[0,0,0,0]","[-0.923414,0.789118,-0.907656,-0.53173]",0,"[]","[]","[]","[]","[]","[]","[]","[]","[]","[]",2,"[523144,402956]","[-0.729556,1.02432]","[-0.00564499,-2.53861]","[682959,634514]","[139061,35924.5]","[0,0]","[1.3113,2.65556]","[0.476395,0.758375]",0,"[]","[]","[]","[]","[]","[]","[]","[]","[]","[]",0,"[182.13]",16348.7,"[8739.65,9197.79,6121.99,2741.86]","[]","[5237.66,27045]","[]"
733,284500,1173527,361102,11445.3,11500.5,3.38179e+11,0.402058,0.9823,1,1,1,1,1.00632,1,1,0,0,1,"[0]","[1]","[83106.3]","[0.150399]","[1.59956]","[84048]","[-0.0365524]","[1]","[11]","[1]","[0]","[249.138]","[0.0289932]","[2.13051]",165463,2.13147,0,"[]","[]","[]","[]","[]","[]","[]","[]",0,"[]","[]","[]","[]","[]","[]","[]","[]","[]","[]",1,"[264809]","[0.329732]","[-1.32025]","[283092]","[45966.4]","[0]","[0.448434]","[0.445588]",0,"[]","[]","[]","[]","[]","[]","[]","[]","[]","[]",0,"[522.227]",593.188,"[]","[]","[0]","[]"
734,284500,1226645,361102,11463.4,11500.5,3.38179e+11,1.74563,1,1,1,1,0.998566,1,1,1,0,0,1,"[0]","[1]","[192017]","[-0.546493]","[-0.780354]","[221412]","[0.00559235]","[1]","[11]","[0]","[0]","[11462]","[0.0157189]","[2.67451]",165665,-0.731682,2,"[423705,61980.3]","[-0.537408,-2.35131]","[2.35445,-1.00901]","[487856,328427]","[0.999155,0.979814]","[0,0]","[0,0]","[-0.804832,-0.801583]",0,"[]","[]","[]","[]","[]","[]","[]","[]","[]","[]",1,"[430920]","[-0.501767]","[2.3611]","[487709]","[36849.6]","[0]","[2.13286]","[0.715766]",0,"[]","[]","[]","[]","[]","[]","[]","[]","[]","[]",0,"[1143.97]",3667.06,"[4923.12,3223.33]","[]","[18811.4]","[]"
735,284500,1522289,361102,11456.1,11500.5,3.38179e+11,0.596562,1,0.994592,1,1,0.99531,0.724848,1,0,1,0,1,"[0]","[1]","[289512]","[-0.158056]","[-3.09406]","[293136]","[0.0105972]","[1]","[13]","[1]","[0]","[-631.721]","[0.0039303]","[0.854785]",302993,2.94243,4,"[447773,180112,31156.9,20945]","[-1.73443,0.328535,-2.0219,-1.00845]","[-0.204522,0.0270338,2.39307,2.12451]","[1.30883e+06,190954,119818,32899.9]","[0.936086,0.999213,0.993738,0.898777]","[0,0,0,0]","[0,0,0,0]","[-0.4455,-0.25163,-0.809693,-0.387262]",0,"[]","[]","[]","[]","[]","[]","[]","[]","[]","[]",1,"[451418]","[-1.74473]","[-0.199175]","[1.33333e+06]","[70314.7]","[0]","[2.52483]","[0.654611]",0,"[]","[]","[]","[]","[]","[]","[]","[]","[]","[]",0,"[24003.3]",10005.5,"[9939.2,3010.54,5856.88,1152.83]","[]","[4505.06]","[]"
736,284500,565094,361102,11461.3,11500.5,3.38179e+11,0.00220911,1,1.00042,1,1,0.998363,0.993086,1,0,1,0,1,"[0]","[1]","[43478.2]","[1.39915]","[-0.70633]","[93446.8]","[0.095211]","[1]","[13]","[1]","[0]","[-69.2008]","[0.140844]","[19.4195]",603327,-0.759856,2,"[351096,332959]","[0.473106,0.122042]","[1.99689,2.78774]","[391432,336123]","[0.999026,1]","[0,0]","[0,0]","[-0.956931,-0.942844]",0,"[]","[]","[]","[]","[]","[]","[]","[]","[]","[]",1,"[645946]","[0.329125]","[2.37981]","[746431]","[305057]","[0]","[0.381544]","[0.613113]",0,"[]","[]","[]","[]","[]","[]","[]","[]","[]","[]",0,"[341.741]",3048.81,"[4034.77,4034.81]","[]","[4151.19]","[]"
737,284500,2242547,361102,11461.2,11500.5,3.38179e+11,1.74563,1,1.0018,1,1,0.999391,1.00912,1,0,1,0,1,"[0]","[1]","[43162.2]","[1.11098]","[0.683543]","[72654.5]","[0.0227928]","[1]","[13]","[1]","[0]","[-42.4787]","[0.00413346]","[0.464616]",169739,-0.130752,1,"[268960]","[1.12894]","[-3.12979]","[459982]","[0.99421]","[0]","[0]","[-0.460926]",0,"[]","[]","[]","[]","[]","[]","[]","[]","[]","[]",1,"[268552]","[1.149]","[-3.13825]","[466866]","[24869.6]","[0]","[1.91292]","[0.667269]",0,"[]","[]","[]","[]","[]","[]","[]","[]","[]","[]",0,"[234.122]",31035,"[7665.08]","[]","[8422.31]","[]"
738,284500,2259437,361102,11457,11500.5,3.38179e+11,0.738662,0.96203,1,1,1,1.00121,1.01508,1,1,0,0,1,"[0]","[1]","[161079]","[-1.63497]","[2.39363]","[428813]","[-0.071579]","[1]","[11]","[1]","[0]","[93.2611]","[0.0140221]","[1.55145]",138536,2.04348,5,"[235831,129784,58202.9,34552.4,22805.7]","[-1.06621,0.379496,-1.60098,1.22945,-0.829323]","[-1.39502,0.242941,-1.30448,1.20347,-2.04017]","[383671,140038,150366,64260.4,31390.9]","[0.990137,0.9972,0.992165,0.998206,1]","[0,0,5,0,5]","[0,0,0,0,0]","[-0.956403,-0.954845,0.994294,-0.874249,0.999239]",0,"[]","[]","[]","[]","[]","[]","[]","[]","[]","[]",1,"[276132]","[-1.15246]","[-1.37802]","[484106]","[57139]","[0]","[1.65942]","[0.709517]",0,"[]","[]","[]","[]","[]","[]","[]","[]","[]","[]",0,"[3274.49]",2505.56,"[3520.21,11354.1,5645.66,2017.39,1689.64]","[]","[1182.38]","[]"
739,284500,3937146,361102,11459.4,11500.5,3.38179e+11,0.596562,0.95471,1,1,1,0.999113,1.01564,1,1,0,0,1,"[0]","[1]","[44422.5]","[2.08693]","[2.53346]","[181781]","[-0.514569]","[1]","[11]","[1]","[0]","[-352.656]","[-0.0571337]","[2.33156]",309561,2.4611,1,"[346735]","[1.08101]","[-0.688005]","[570634]","[1]","[0]","[0]","[-0.974021]",0,"[]","[]","[]","[]","[]","[]","[]","[]","[]","[]",1,"[279176]","[1.08192]","[-0.691698]","[459440]","[16555.2]","[0]","[1.02738]","[-1]",0,"[]","[]","[]","[]","[]","[]","[]","[]","[]","[]",0,"[91.9035]",2245.94,"[4792.22]","[]","[28261.5]","[]"
740,284500,3836155,361102,11462.3,11500.5,3.38179e+11,1.08735,0.97553,1,1,1,0.999419,1.01265,1,1,0,0,1,"[0]","[1]","[131824]","[1.80492]","[2.08382]","[411555]","[0.0984497]","[1]","[11]","[1]","[0]","[1200.06]","[0.0307072]","[3.26613]",153417,1.95261,1,"[281242]","[-0.997931]","[-1.12245]","[435164]","[1]","[0]","[0]","[-0.778584]",0,"[]","[]","[]","[]","[]","[]","[]","[]","[]","[]",1,"[265403]","[-1.01422]","[-1.12469]","[415036]","[29091.3]","[0]","[1.45248]","[0.694506]",0,"[]","[]","[]","[]","[]","[]","[]","[]","[]","[]",0,"[1680.31]",7269.08,"[8094.27]","[]","[3435.77]","[]"
741,284500,3924576,361102,11449.8,11500.5,3.38179e+11,0,1,0.986525,1,1,0.996482,0.839747,1,0,1,0,1,"[0]","[1]","[38680.1]","[-0.690175]","[1.10369]","[48264.2]","[-0.140442]","[1]","[13]","[1]","[0]","[-1557]","[0.562257]","[34.9833]",426155,1.77859,2,"[462260,20850.6]","[-1.12268,1.84288]","[-1.45711,0.399296]","[789346,67628.6]","[0.990996,0.695087]","[0,0]","[0,0]","[-0.95025,-0.312168]",0,"[]","[]","[]","[]","[]","[]","[]","[]","[]","[]",1,"[477808]","[-1.14627]","[-1.4451]","[832122]","[86431.4]","[0]","[1.34989]","[0.799813]",0,"[]","[]","[]","[]","[]","[]","[]","[]","[]","[]",0,"[177.38]",23757.8,"[20212.7,1247.94]","[]","[15053.5]","[]"
742,284500,2248117,361102,11457.4,11500.5,3.38179e+11,0.596562,0.9623,1,1,1,0.997879,0.96784,1,1,0,0,1,"[0]","[1]","[27187.5]","[-0.127097]","[1.96212]","[27407.4]","[-0.0266924]","[1]","[11]","[1]","[0]","[289.013]","[0.0131635]","[1.10662]",267913,1.46225,2,"[251615,25749.3]","[0.350607,1.50878]","[-1.66341,-1.93134]","[267488,61312.1]","[0.99,0.986758]","[0,0]","[0,0]","[-0.883515,-0.890841]",0,"[]","[]","[]","[]","[]","[]","[]","[]","[]","[]",1,"[257939]","[0.36048]","[-1.6573]","[274934]","[5440.53]","[0]","[0]","[-1]",0,"[]","[]","[]","[]","[]","[]","[]","[]","[]","[]",0,"[104.417]",39313.8,"[2983.2,1704.87]","[]","[15842.4]","[]"
743,284500,2295634,361102,11464.3,11500.5,3.38179e+11,0.402058,1,0.99536,1,1,0.998795,1.00183,1,0,1,0,1,"[0]","[1]","[37229.6]","[-1.74097]","[1.75699]","[109422]","[0.0825119]","[1]","[13]","[1]","[0]","[-104.802]","[0.0630675]","[6.8909]",322728,1.51807,4,"[303339,131815,70050.8,25398.9]","[0.182159,-1.3419,-1.01891,-0.506048]","[-1.13414,-1.94432,2.62571,2.65981]","[308781,269826,110317,29051.1]","[0.997897,0.981732,0.998946,0.977956]","[0,0,0,0]","[0,0,0,0]","[0.701587,-0.878153,-0.894628,-0.242698]",0,"[]","[]","[]","[]","[]","[]","[]","[]","[]","[]",1,"[319530]","[0.2195]","[-1.13854]","[327683]","[16666.6]","[0]","[3.93114]","[0.574181]",0,"[]","[]","[]","[]","[]","[]","[]","[]","[]","[]",0,"[188.192]",6126.66,"[7913.76,10015,2441.04,2651.4]","[]","[24054]","[]"
744,284500,2385586,361102,11455.2,11500.5,3.38179e+11,0.596562,0.96558,1,1,1,0.998989,1,1,1,0,0,1,"[0]","[1]","[73563]","[-1.52899]","[-2.3268]","[177664]","[-0.0727386]","[1]","[11]","[0]","[1027.64]","[1164.78]","[-0.0720157]","[4.2415]",280113,-2.59553,1,"[361990]","[-1.1102]","[0.595472]","[609556]","[0.99519]","[0]","[0]","[-0.859353]",0,"[]","[]","[]","[]","[]","[]","[]","[]","[]","[]",1,"[348334]","[-1.12784]","[0.594013]","[594593]","[15832.5]","[0]","[2.32246]","[0.469799]",0,"[]","[]","[]","[]","[]","[]","[]","[]","[]","[]",0,"[729.374]",1380.12,"[4818.88]","[]","[13677.1]","[]"
745,284500,2411403,361102,11455.2,11500.5,3.38179e+11,1.74563,0.95098,1,1,1,0.999164,0.94612,1,1,0,0,1,"[0]","[1]","[29380.1]","[0.694615]","[2.32312]","[36757.5]","[0.00942993]","[1]","[11]","[1]","[0]","[765]","[0.120912]","[6.32546]",163844,2.28343,2,"[185914,89341.5]","[1.78922,0.91556]","[-0.965321,-0.48604]","[572036,130290]","[0.993696,0]","[0,0]","[0,0]","[-0.284324,-0.771427]",0,"[]","[]","[]","[]","[]","[]","[]","[]","[]","[]",1,"[259040]","[1.60681]","[-0.795883]","[680944]","[110764]","[0]","[0.563135]","[0.712215]",0,"[]","[]","[]","[]","[]","[]","[]","[]","[]","[]",0,"[42.6082]",34647.4,"[4837.43,7059.71]","[]","[2879.64]","[]"
746,284500,2462528,361102,11454.4,11500.5,3.38179e+11,0.402058,0.9655,1,1,1,0.999134,1.00324,1,1,0,0,1,"[0]","[1]","[34135.3]","[0.563481]","[-2.46376]","[39699.4]","[0.0475025]","[1]","[11]","[1]","[0]","[447.054]","[-0.0461283]","[3.88393]",253892,-2.98621,2,"[222831,61127.7]","[-0.888953,-1.73258]","[0.114487,0.499979]","[318116,178365]","[0.998084,0.990029]","[0,0]","[0,0]","[-0.921554,-0.560231]",0,"[]","[]","[]","[]","[]","[]","[]","[]","[]","[]",1,"[271569]","[-1.12636]","[0.175642]","[473266]","[98799.9]","[0]","[1.23145]","[0.585913]",0,"[]","[]","[]","[]","[]","[]","[]","[]","[]","[]",0,"[37.8473]",5894.16,"[7348.99,2491.59]","[]","[14456.2]","[]"
747,284500,2519987,361102,11463,11500.5,3.38179e+11,0.934886,1,0.988545,1,1,0.997686,1.00764,1,0,1,0,1,"[0]","[1]","[95300.3]","[1.70134]","[-1.01253]","[269877]","[0.170582]","[1]","[13]","[1]","[0]","[0]","[0.306954]","[47.6688]",151946,-1.04326,3,"[205709,66436.5,26547.5]","[0.331976,0.495899,2.06244]","[2.16102,1.59058,-1.97459]","[217750,75081.8,106108]","[0.99853,0.993282,1]","[0,0,0]","[0,0,0]","[-0.910192,-0.772883,-0.892547]",0,"[]","[]","[]","[]","[]","[]","[]","[]","[]","[]",1,"[257270]","[0.378896]","[2.04063]","[284203]","[67954]","[0]","[0.860513]","[0.709007]",0,"[]","[]","[]","[]","[]","[]","[]","[]","[]","[]",0,"[6343.05]",3319.98,"[5170.15,2000.43,2327.44]","[]","[8488.94]","[]"
748,284500,2551682,361102,11459.5,11500.5,3.38179e+11,1.74563,0.99211,1,1,1,0.996783,0.9918,1,1,0,0,1,"[0]","[1]","[150054]","[-0.651106]","[1.02621]","[183000]","[-0.00484538]","[1]","[11]","[1]","[0]","[-1360.67]","[-0.0063472]","[0.928939]",260575,0.905639,3,"[305919,176599,25240.3]","[-1.61701,0.863706,-1.26478]","[-1.79587,-2.91097,-2.76431]","[801357,247628,48530.8]","[1,0.998714,0.696885]","[0,0,0]","[0,0,0]","[-0.901565,-0.721597,-0.730319]",0,"[]","[]","[]","[]","[]","[]","[]","[]","[]","[]",1,"[298592]","[-1.6222]","[-1.79384]","[785805]","[19966.2]","[0]","[2.45177]","[0.73748]",0,"[]","[]","[]","[]","[]","[]","[]","[]","[]","[]",0,"[839.319]",11031.9,"[4630.72,11033.5,3774.38]","[]","[5518]","[]"
749,284500,2512618,361102,11451.7,11500.5,3.38179e+11,0.934886,0.96203,1,1,1,0.999068,1.01508,1,1,0,0,1,"[0]","[1]","[169447]","[-1.58305]","[-2.95019]","[429982]","[0.0112896]","[1]","[11]","[1]","[0]","[-1324.76]","[0.0197737]","[1.29577]",196693,-2.94553,2,"[326123,91368.5]","[-0.965288,0.37968]","[0.41162,-0.795233]","[490554,99561.2]","[1,0.995171]","[0,0]","[0,0]","[0.299882,-0.81463]",0,"[]","[]","[]","[]","[]","[]","[]","[]","[]","[]",1,"[312116]","[-0.975617]","[0.413658]","[473140]","[17411.2]","[0]","[1.2482]","[0.274705]",0,"[]","[]","[]","[]","[]","[]","[]","[]","[]","[]",0,"[3609.67]",12361.9,"[14838.9,3629.26]","[]","[8604.41]","[]"
750,284500,2697725,361102,11466.4,11500.5,3.38179e+11,0.402058,0.98916,1,1,1,0.999449,0.99765,1,1,0,0,1,"[0]","[1]","[130738]","[0.729438]","[-3.13965]","[167089]","[-0.15731]","[1]","[11]","[1]","[0]","[-713.274]","[0.00662274]","[0.89023]",142834,-2.7571,1,"[280982]","[0.744509]","[0.189073]","[363122]","[0.992984]","[0]","[0]","[-0.805246]",0,"[]","[]","[]","[]","[]","[]","[]","[]","[]","[]",1,"[282190]","[0.755589]","[0.184827]","[366986]","[15714.7]","[0]","[2.50036]","[0.595798]",0,"[]","[]","[]","[]","[]","[]","[]","[]","[]","[]",0,"[1411.24]",1963.52,"[3731.51]","[]","[315.438]","[]"
751,284500,2705229,361102,11458.2,11500.5,3.38179e+11,0.934886,0.9655,1,1,1,0.998343,1.00324,1,1,0,0,1,"[0]","[1]","[33234.4]","[0.384577]","[-2.05305]","[35722.6]","[-0.0234623]","[1]","[11]","[1]","[0]","[-87.9914]","[0.07936]","[6.2652]",473717,-2.59683,1,"[500223]","[0.631816]","[0.582053]","[603742]","[0.997568]","[0]","[0]","[-0.930868]",0,"[]","[]","[]","[]","[]","[]","[]","[]","[]","[]",1,"[462932]","[0.644514]","[0.582885]","[562692]","[16246.5]","[0]","[10.7203]","[0.245009]",0,"[]","[]","[]","[]","[]","[]","[]","[]","[]","[]",0,"[105.308]",15309.8,"[16354.6]","[]","[16376.9]","[]"
752,284500,2715689,361102,11458.8,11500.5,3.38179e+11,1.32095,1,0.988856,1,1,0.989792,0.976685,1,0,1,0,1,"[0]","[1]","[119912]","[-1.69757]","[-1.20283]","[338379]","[0.410063]","[1]","[13]","[1]","[0]","[-215.167]","[0.0382985]","[5.77923]",308387,-2.01886,2,"[467381,153707]","[-0.902009,1.14146]","[1.0149,3.12786]","[671380,266106]","[0.99983,1]","[0,5]","[0,0]","[-0.914281,0.999992]",0,"[]","[]","[]","[]","[]","[]","[]","[]","[]","[]",1,"[465965]","[-0.903598]","[1.01491]","[669712]","[17127]","[0]","[1.96432]","[0.635241]",0,"[]","[]","[]","[]","[]","[]","[]","[]","[]","[]",0,"[10331]",1689.16,"[8824.55,3312.74]","[]","[34434.9]","[]"
753,284500,2713414,361102,11457.1,11500.5,3.38179e+11,0.402058,0.98089,1,1,1,0.999239,0.99866,1,1,0,0,1,"[0]","[1]","[290893]","[-1.10757]","[-2.31348]","[488313]","[0.00129509]","[1]","[11]","[1]","[0]","[5235]","[0.00741503]","[1.04216]",38462.2,-2.32139,3,"[296208,136904,64884.1]","[-0.343721,1.68461,0.101553]","[1.27189,-0.781301,0.965861]","[315449,382038,65560.1]","[0.994884,0.99266,0.990294]","[0,0,0]","[0,0,0]","[-0.649343,-0.178031,-0.901628]",0,"[]","[]","[]","[]","[]","[]","[]","[]","[]","[]",2,"[332842,313185]","[-0.2873,-1.11806]","[1.22494,-2.31799]","[352802,530248]","[65476,7320.92]","[0,1]","[1.43626,0]","[0.593445,-1]",0,"[]","[]","[]","[]","[]","[]","[]","[]","[]","[]",0,"[3219.3]",67.7773,"[3319.27,11936.3,2201.35]","[]","[8483.47,4463.09]","[]"
754,284500,2752074,361102,11459.1,11500.5,3.38179e+11,0.00183436,1,0.998629,1,1,0.997753,0.998104,1,0,1,0,1,"[0]","[1]","[74495.4]","[-2.07232]","[-0.585846]","[300558]","[-0.0454407]","[1]","[13]","[1]","[0]","[480.163]","[-0.00959942]","[0.978365]",152056,-1.15616,6,"[188572,110915,80337.2,40394.1,29722,20532.5]","[-1.17644,-0.340426,-1.33167,-0.762508,-0.804573,-0.454549]","[1.82269,2.43057,-1.08766,-1.7357,2.06228,1.74372]","[335121,119652,162952,53091.5,40096.4,22823.2]","[0.983906,0.992072,1,1,0.996591,0.992406]","[0,0,0,0,0,0]","[0,0,0,0,0,0]","[-0.924394,-0.83245,-0.812625,-0.853736,-0.811573,-0.820916]",0,"[]","[]","[]","[]","[]","[]","[]","[]","[]","[]",1,"[276884]","[-0.915934]","[2.04193]","[436040]","[170372]","[0]","[0.904401]","[0.66017]",0,"[]","[]","[]","[]","[]","[]","[]","[]","[]","[]",0,"[1160.42]",10748.5,"[6395.42,2486.98,5592.64,2744.29,2013.23,1271.26]","[]","[15172.3]","[]"
755,284500,2751509,361102,11453.8,11500.5,3.38179e+11,0.402058,0.97738,1,1,1,0.990086,1.00056,1,1,0,0,1,"[0]","[1]","[67467.5]","[0.276576]","[1.0311]","[70064.4]","[-0.222698]","[1]","[11]","[1]","[0]","[-569.918]","[-0.0559759]","[4.53276]",348390,0.556261,1,"[268050]","[1.80682]","[-2.80952]","[839655]","[0.99406]","[4]","[0]","[-0.896891]",0,"[]","[]","[]","[]","[]","[]","[]","[]","[]","[]",1,"[268809]","[1.79688]","[-2.79344]","[834462]","[51733.8]","[0]","[1.21773]","[0.731312]",0,"[]","[]","[]","[]","[]","[]","[]","[]","[]","[]",0,"[107.682]",27680.4,"[23151.2]","[]","[17003.1]","[]"
756,284500,2873777,361102,11455,11500.5,3.38179e+11,0,0.96853,1,1,1,0.999059,0.98869,1,1,0,0,1,"[0]","[1]","[75678.8]","[-1.84991]","[-0.602489]","[246580]","[0.0962677]","[1]","[11]","[1]","[0]","[-1374.47]","[0.19975]","[11.5082]",183725,-1.01595,1,"[262042]","[-1.58191]","[2.30601]","[664593]","[1]","[0]","[0]","[-0.888261]",0,"[]","[]","[]","[]","[]","[]","[]","[]","[]","[]",1,"[279018]","[-1.59194]","[2.30207]","[713944]","[12204.6]","[0]","[2.18651]","[0.480841]",0,"[]","[]","[]","[]","[]","[]","[]","[]","[]","[]",0,"[276.214]",7153.08,"[8292.43]","[]","[12271.1]","[]"
757,284500,2967618,361102,11457.3,11500.5,3.38179e+11,1.25133,1,0.996853,1,1,0.997965,0.965755,1,0,1,0,1,"[0]","[1]","[164213]","[0.491668]","[-2.3938]","[184465]","[-0.0776558]","[1]","[13]","[1]","[0]","[-200.933]","[0.00669979]","[1.10819]",175025,-2.83807,2,"[250048,35491.1]","[1.80704,-1.53688]","[0.765421,-0.147686]","[783861,86644.4]","[0.997607,0.991787]","[0,0]","[0,0]","[-0.80514,-0.897573]",0,"[]","[]","[]","[]","[]","[]","[]","[]","[]","[]",1,"[256090]","[1.79276]","[0.77348]","[792488]","[58094.4]","[0]","[1.10615]","[0.749665]",0,"[]","[]","[]","[]","[]","[]","[]","[]","[]","[]",0,"[7255.4]",17358.4,"[10003.1,2757.01]","[]","[4976.05]","[]"
758,284500,2975455,361102,11452,11500.5,3.38179e+11,1.74563,0.97749,1,1,1,0.982227,1.00021,1,1,0,0,1,"[0]","[1]","[60789.7]","[0.648054]","[1.93861]","[74007.8]","[-0.0114479]","[1]","[11]","[1]","[0]","[303.875]","[-0.00384976]","[0.259615]",205664,2.34146,2,"[288173,101043]","[0.886778,0.527597]","[-0.549384,-2.58652]","[409339,116084]","[1,0.99998]","[0,4]","[0,0]","[-0.89618,-0.491926]",0,"[]","[]","[]","[]","[]","[]","[]","[]","[]","[]",1,"[297214]","[0.877226]","[-0.552433]","[419827]","[24778.9]","[0]","[4.00661]","[0.49929]",0,"[]","[]","[]","[]","[]","[]","[]","[]","[]","[]",0,"[150.508]",13215.7,"[12806.8,5277.98]","[]","[2322.62]","[]"
759,284500,2971459,361102,11460,11500.5,3.38179e+11,0.596562,1,0.99752,1,1,0.997233,0.989879,1,0,1,0,1,"[0]","[1]","[35518.4]","[2.18311]","[-1.37735]","[159594]","[-0.120723]","[1]","[13]","[1]","[0]","[-146.236]","[0.00607928]","[0.681327]",229077,-1.61806,4,"[216953,107774,29093.6,26747.7]","[1.66862,2.33949,-2.00661,0.288196]","[1.63188,1.51017,-1.42283,-1.57375]","[596207,564641,110318,28141.8]","[0.996096,0.99,0.998834,0.999978]","[0,0,0,0]","[0,0,0,0]","[-0.87945,-0.628491,-0.575073,-0.822029]",0,"[]","[]","[]","[]","[]","[]","[]","[]","[]","[]",1,"[280636]","[1.87084]","[1.60078]","[937331]","[92090.8]","[0]","[0.894289]","[0.645041]",0,"[]","[]","[]","[]","[]","[]","[]","[]","[]","[]",0,"[584.751]",13592.9,"[6036,8148.65,1958.82,1889.75]","[]","[7353.69]","[]"
760,284500,3047572,361102,11458,11500.5,3.38179e+11,1.74563,1,0.998077,1,1,0.99933,0.939534,1,0,1,0,1,"[0]","[1]","[36743.6]","[-0.859295]","[-2.35188]","[51164.7]","[-0.0333004]","[1]","[13]","[1]","[0]","[-300.215]","[-0.0148223]","[1.80816]",190973,-2.29065,1,"[231693]","[0.42477]","[0.898264]","[254205]","[0.997761]","[0]","[0]","[-0.498164]",0,"[]","[]","[]","[]","[]","[]","[]","[]","[]","[]",1,"[257517]","[0.435285]","[0.90209]","[284420]","[34660.7]","[0]","[2.04545]","[0.714206]",0,"[]","[]","[]","[]","[]","[]","[]","[]","[]","[]",0,"[230.246]",7371.47,"[5829.87]","[]","[4416.2]","[]"
761,284500,3098775,361102,11458.9,11500.5,3.38179e+11,0.596562,0.99242,1,1,1,0.984017,0.99765,1,1,0,0,1,"[0]","[1]","[167746]","[0.675969]","[-1.13884]","[207553]","[-0.0255127]","[1]","[11]","[1]","[0]","[-1082.4]","[-0.05777]","[4.04272]",237240,-0.93503,2,"[391583,21991.7]","[0.410244,-0.645318]","[2.0852,-3.0705]","[428555,27100.9]","[0.997283,0.975376]","[4,0]","[0,0]","[-0.828037,-0.59643]",0,"[]","[]","[]","[]","[]","[]","[]","[]","[]","[]",1,"[385296]","[0.376147]","[2.08272]","[416589]","[55493.4]","[0]","[1.96986]","[0.582729]",0,"[]","[]","[]","[]","[]","[]","[]","[]","[]","[]",0,"[1037.29]",15553.2,"[7634.08,1681.01]","[]","[14932.9]","[]"
762,284500,3035951,361102,11464.3,11500.5,3.38179e+11,0.553627,1,0.998352,1,1,0.996377,0.998628,1,0,1,0,1,"[0]","[1]","[73019.2]","[1.59991]","[1.59003]","[188188]","[0.193924]","[1]","[13]","[1]","[0]","[-1114.98]","[0.0394317]","[4.05801]",342689,1.64601,5,"[248311,196058,154618,28742.3,21230.5]","[0.819843,0.880123,-2.25124,-0.446044,-2.4701]","[-1.9404,-1.41923,-0.261705,-2.10918,1.81322]","[337231,277729,743082,32362.5,126537]","[1,0.993454,0.995142,0.992297,0]","[0,0,0,0,0]","[0,0,0,0,0]","[-0.932212,0.125409,-0.943633,-0.91756,-0.761855]",0,"[]","[]","[]","[]","[]","[]","[]","[]","[]","[]",1,"[463279]","[0.918508]","[-1.70623]","[685061]","[128847]","[0]","[0.817471]","[0.794143]",0,"[]","[]","[]","[]","[]","[]","[]","[]","[]","[]",0,"[1678.42]",26244.3,"[4532.72,9218.13,9609.01,5812.77,4831.33]","[]","[20650.8]","[]"
763,284500,3034140,361102,11455.5,11500.5,3.38179e+11,1.74563,1,0.985409,1,1,0.99885,0.967646,1,0,1,0,1,"[0]","[1]","[34354.5]","[-1.60355]","[-1.27087]","[88837.8]","[0.0373459]","[1]","[13]","[1]","[1448.34]","[-142.284]","[0.0158017]","[1.67281]",240615,-1.98464,3,"[262579,40947.5,20796.6]","[-0.136562,-0.616053,0.654443]","[1.35817,0.382676,-2.34964]","[265141,49561.4,25521.9]","[0.988522,0.989221,0.98]","[0,0,0]","[0,0,0]","[-0.793647,0.0474756,-0.831907]",0,"[]","[]","[]","[]","[]","[]","[]","[]","[]","[]",1,"[271147]","[-0.157119]","[1.3563]","[274688]","[10133.2]","[0]","[13.5989]","[-1]",0,"[]","[]","[]","[]","[]","[]","[]","[]","[]","[]",0,"[391.088]",23003.1,"[9850.85,3541.25,1192.15]","[]","[14072.7]","[]"
764,284500,3091797,361102,11457.1,11500.5,3.38179e+11,3.34815,1.00588,1,1,1,0.999005,1.00306,1,1,0,0,1,"[0]","[1]","[152796]","[0.944679]","[-0.432319]","[226199]","[-0.00627899]","[1]","[11]","[1]","[0]","[1356.56]","[0.0710454]","[9.89582]",231651,-0.254707,1,"[383234]","[0.135166]","[2.82545]","[387622]","[1]","[0]","[0]","[-0.927214]",0,"[]","[]","[]","[]","[]","[]","[]","[]","[]","[]",1,"[370428]","[0.162798]","[2.82618]","[375978]","[21750.4]","[0]","[1.63683]","[0.30154]",0,"[]","[]","[]","[]","[]","[]","[]","[]","[]","[]",0,"[1100.54]",1010.69,"[4153.73]","[]","[18757.1]","[]"
765,284500,3162689,361102,11451.6,11500.5,3.38179e+11,1.55465,0.96194,1,1,1,0.970477,1.01532,1,1,0,0,1,"[0]","[1]","[51257.2]","[2.21593]","[-2.89266]","[237808]","[-0.141872]","[1]","[11]","[1]","[1142.53]","[-492.124]","[-0.00484141]","[0.242994]",227283,-2.79212,2,"[261804,21961.9]","[0.948667,0.412523]","[0.418047,-1.14519]","[388875,24348.1]","[0.988741,0.951831]","[0,5]","[0,0]","[-0.940836,0.965566]",0,"[]","[]","[]","[]","[]","[]","[]","[]","[]","[]",1,"[255655]","[0.942655]","[0.417513]","[377965]","[6640.03]","[0]","[1.47314]","[-1]",0,"[]","[]","[]","[]","[]","[]","[]","[]","[]","[]",0,"[180.126]",3396.31,"[4596.95,3591.53]","[]","[0]","[]"
766,284500,3191151,361102,11455.8,11500.5,3.38179e+11,0.506784,1,0.996828,1,1,0.999074,0.922917,1,0,1,0,1,"[0]","[1]","[26177.1]","[-0.674364]","[2.70562]","[32358.5]","[-0.117531]","[1]","[13]","[1]","[0]","[36.6673]","[-0.0543278]","[7.20109]",242206,2.25854,2,"[276975,28612]","[-1.0398,0.00807943]","[-0.944591,-0.144357]","[440951,28951]","[1,0.99]","[0,0]","[0,0]","[-0.867817,-0.772232]",0,"[]","[]","[]","[]","[]","[]","[]","[]","[]","[]",1,"[268361]","[-1.03326]","[-0.944305]","[424917]","[8989.87]","[0]","[2.50883]","[0.500475]",0,"[]","[]","[]","[]","[]","[]","[]","[]","[]","[]",0,"[133.987]",12708,"[10134.9,2248.74]","[]","[382.562]","[]"
767,284500,3186520,361102,11461.1,11500.5,3.38179e+11,1.08735,0.92407,1,1,1,0.998364,0.93264,1,1,0,0,1,"[0]","[1]","[27247.8]","[-1.23573]","[1.08776]","[50837.8]","[0.363182]","[1]","[11]","[1]","[0]","[-30.1386]","[0.0940142]","[4.28684]",262588,1.3329,3,"[374361,102535,28744.6]","[-1.64782,-1.71932,-0.137809]","[-2.4397,0.0965868,-1.89618]","[1.00908e+06,295730,29723.7]","[0.99906,0.995098,0.99]","[0,0,0]","[0,0,0]","[-0.770455,-0.625387,-0.51037]",0,"[]","[]","[]","[]","[]","[]","[]","[]","[]","[]",1,"[364194]","[-1.63474]","[-2.44534]","[969609]","[23411.6]","[0]","[2.68744]","[0.689209]",0,"[]","[]","[]","[]","[]","[]","[]","[]","[]","[]",0,"[99.2233]",11278,"[11177.7,4720.86,3105.18]","[]","[45859.2]","[]"
768,284500,3224663,361102,11464.8,11500.5,3.38179e+11,1.08735,1,0.996099,1,1,0.999426,0.859564,1,0,1,0,1,"[0]","[1]","[80548.5]","[-0.614891]","[-1.70876]","[96261.7]","[0.0114212]","[1]","[13]","[1]","[0]","[787.671]","[-0.0233902]","[3.57413]",172162,-1.66957,1,"[253957]","[0.647157]","[1.46535]","[309804]","[0.999919]","[0]","[0]","[-0.94287]",0,"[]","[]","[]","[]","[]","[]","[]","[]","[]","[]",1,"[252038]","[0.644654]","[1.46242]","[307174]","[23835.5]","[0]","[1.77021]","[0.749231]",0,"[]","[]","[]","[]","[]","[]","[]","[]","[]","[]",0,"[1818.08]",1286.59,"[3243.68]","[]","[11522.4]","[]"
769,284500,3227480,361102,11458.6,11500.5,3.38179e+11,0.596562,1,0.99651,1,1,0.974401,0.927834,1,0,1,0,1,"[0]","[1]","[42469.2]","[-0.894429]","[-2.1776]","[60620.3]","[-0.0656233]","[1]","[13]","[1]","[0]","[-270.265]","[0.0567609]","[7.76618]",375581,-1.91638,5,"[275692,84289.7,73245.8,44780.7,22147.3]","[0.627753,-1.61253,-0.460336,0.423037,-0.566608]","[0.943191,0.651429,2.56494,2.27168,1.43104]","[332616,220127,81484.7,49201.7,26264]","[1,1,1,0.987107,0.716363]","[0,0,4,4,0]","[0,0,0,0,0]","[-0.944495,-0.446236,0.432366,-0.951082,-0.778102]",0,"[]","[]","[]","[]","[]","[]","[]","[]","[]","[]",1,"[269818]","[0.636514]","[0.941929]","[326871]","[18519.5]","[0]","[1.74723]","[0.478503]",0,"[]","[]","[]","[]","[]","[]","[]","[]","[]","[]",0,"[190.251]",3947.44,"[4217.84,4720.77,3853.25,1446.74,2362.41]","[]","[15854.8]","[]"
770,284500,3242956,361102,11452.8,11500.5,3.38179e+11,1.74563,0.94701,1,1,1,0.998356,0.92928,1,1,0,0,1,"[0]","[1]","[47566.4]","[-1.17025]","[-2.77463]","[84028.1]","[0.197012]","[1]","[11]","[1]","[0]","[-265.1]","[-0.105663]","[5.26451]",404881,3.09479,2,"[292851,245469]","[1.75331,-0.255648]","[0.543902,-0.646073]","[870897,254158]","[0.998222,0.996714]","[0,0]","[0,0]","[-0.695143,-0.836929]",0,"[]","[]","[]","[]","[]","[]","[]","[]","[]","[]",2,"[278572,282983]","[-0.266343,1.75187]","[-0.645794,0.543333]","[288951,840378]","[15932,11943.7]","[0,0]","[2.02326,1.98072]","[0.592366,-1]",0,"[]","[]","[]","[]","[]","[]","[]","[]","[]","[]",0,"[255.042]",18787.9,"[15818.1,7892.4]","[]","[16129.7,8567.22]","[]"
771,284500,3279402,361102,11458.8,11500.5,3.38179e+11,0.934886,1,0.999488,1,1,0.978014,1.01363,1,0,1,0,1,"[0]","[1]","[196813]","[-0.448617]","[-1.81495]","[216953]","[-0.0798912]","[1]","[13]","[1]","[1093.14]","[-482.767]","[-0.00228134]","[0.445362]",116505,-2.00489,4,"[224222,61794.3,48867.4,22889.4]","[-0.92415,-1.51773,-0.506405,-0.863007]","[1.42376,1.79423,0.0219211,0.424341]","[327498,147894,56273.1,32240.3]","[0.985777,0.99975,0.983525,0.932676]","[4,0,4,0]","[0,0,0,0]","[0.643413,-0.76108,0.655154,-0.658845]",0,"[]","[]","[]","[]","[]","[]","[]","[]","[]","[]",1,"[274341]","[-1.04527]","[1.49309]","[445222]","[77840.3]","[0]","[1.34926]","[0.823741]",0,"[]","[]","[]","[]","[]","[]","[]","[]","[]","[]",0,"[26292.7]",6920.91,"[7874.15,6897.87,6283.62,2945.09]","[]","[14951.1]","[]"
772,284500,3242922,361102,11452.8,11500.5,3.38179e+11,1.08735,1,0.998887,1,1,0.999157,0.997181,1,0,1,0,1,"[0]","[1]","[188971]","[-2.01796]","[0.578298]","[723368]","[-0.0444717]","[1]","[13]","[1]","[0]","[-429.993]","[0.00677202]","[1.31085]",79353.8,0.163085,2,"[269452,34383.4]","[-1.11839,0.597815]","[-2.46327,2.21826]","[456556,41263.3]","[0.995147,0.987343]","[0,0]","[0,0]","[0.0468543,-0.776699]",0,"[]","[]","[]","[]","[]","[]","[]","[]","[]","[]",1,"[283428]","[-1.10944]","[-2.46127]","[476604]","[10054]","[0]","[0.96913]","[-1]",0,"[]","[]","[]","[]","[]","[]","[]","[]","[]","[]",0,"[49753.7]",8794.57,"[11010,1938.02]","[]","[7595.72]","[]"
773,284500,3260918,361102,11455.1,11500.5,3.38179e+11,0.934886,1,0.989255,1,1,1.33269,1.01606,1,0,1,0,1,"[0]","[1]","[25870.1]","[1.68405]","[-0.292629]","[72086.2]","[107.38]","[1]","[13]","[1]","[0]","[1122.44]","[-0.0139632]","[1.33634]",82631.4,2.28951,5,"[247145,235048,194941,46007.7,28323.7]","[-0.375208,0.529685,-2.16881,-0.115217,-0.566021]","[1.93438,-1.7894,-0.0554935,-1.74746,2.72659]","[265533,269321,864099,47013.4,33442.3]","[1,0.992376,0.996171,0.985966,0.999563]","[0,0,0,0,0]","[0,0,0,0,0]","[0.878986,0.999971,-0.789767,-0.907556,-0.769178]",0,"[]","[]","[]","[]","[]","[]","[]","[]","[]","[]",1,"[261010]","[0.441933]","[-1.77977]","[291407]","[50963.9]","[0]","[1.4185]","[0.509328]",0,"[]","[]","[]","[]","[]","[]","[]","[]","[]","[]",0,"[226.854]",13842.2,"[10852.7,2862.04,5463.24,4175.33,5441.74]","[]","[0]","[]"
774,284500,3231902,361102,11451.3,11500.5,3.38179e+11,0.934886,0.97828,1,1,1,0.998521,1.0005,1,1,0,0,1,"[0]","[1]","[197090]","[2.2204]","[2.10247]","[918399]","[-0.0940742]","[1]","[11]","[1]","[0]","[273.808]","[0.0252639]","[2.71396]",126328,2.05096,2,"[309131,24597.6]","[1.64875,0.715125]","[-0.895521,-2.40546]","[833602,31522.6]","[0.997787,0.917368]","[0,0]","[0,0]","[-0.883526,-0.776441]",0,"[]","[]","[]","[]","[]","[]","[]","[]","[]","[]",1,"[302346]","[1.65218]","[-0.896284]","[817932]","[12250.5]","[0]","[2.72946]","[-1]",0,"[]","[]","[]","[]","[]","[]","[]","[]","[]","[]",0,"[3464.92]",7936.97,"[10324.2,2810.17]","[]","[9196.16]","[]"
775,284500,3370927,361102,11454.9,11500.5,3.38179e+11,1.1961,1,1,1,1,0.998989,1,1,1,0,0,1,"[0]","[1]","[226862]","[1.80259]","[0.135394]","[706700]","[-0.0203247]","[1]","[11]","[0]","[0]","[3938.74]","[0.049252]","[3.95639]",16961,1.73617,2,"[195223,35350.7]","[0.238213,-1.08872]","[-2.34084,1.87494]","[201067,58832.6]","[0.974458,0.994922]","[0,0]","[0,0]","[-0.845458,-0.932349]",0,"[]","[]","[]","[]","[]","[]","[]","[]","[]","[]",1,"[252537]","[1.77499]","[0.136606]","[766423]","[4437.1]","[1]","[19.846]","[0.453216]",0,"[]","[]","[]","[]","[]","[]","[]","[]","[]","[]",0,"[4077.02]",2360.4,"[3046.98,2404.48]","[]","[25186.9]","[]"
776,284500,3385685,361102,11458.3,11500.5,3.38179e+11,1.08735,1,0.995481,1,1,0.998405,0.890931,1,0,1,0,1,"[0]","[1]","[93103.3]","[-0.182857]","[1.58817]","[94664.3]","[0.0846252]","[1]","[13]","[1]","[0]","[165.12]","[0.0658782]","[9.88341]",221694,1.37404,3,"[368710,103364,20317.7]","[-0.937922,-2.27669,-0.411852]","[-1.77674,0.762538,-3.0189]","[543276,509008,22636.7]","[0.937036,0.996704,0.989746]","[0,0,0]","[0,0,0]","[-0.783898,-0.954389,-0.857297]",0,"[]","[]","[]","[]","[]","[]","[]","[]","[]","[]",1,"[376360]","[-0.894135]","[-1.77238]","[537236]","[12080.9]","[0]","[2.65535]","[0.135386]",0,"[]","[]","[]","[]","[]","[]","[]","[]","[]","[]",0,"[2431.88]",8183.12,"[7569.18,4057.73,1173.69]","[]","[28481]","[]"
777,284500,3472695,361102,11451,11500.5,3.38179e+11,1.08735,0.98916,1,1,1,0.998634,0.99765,1,1,0,0,1,"[0]","[1]","[80373.6]","[0.673701]","[-2.61997]","[99313.7]","[0.00402069]","[1]","[11]","[1]","[0]","[587.734]","[-0.00171502]","[0.189217]",297890,-2.71289,2,"[410114,51144.2]","[1.1613,-0.80691]","[0.417619,-2.94696]","[719271,68999.6]","[0.994011,0.991493]","[0,0]","[0,0]","[-0.886444,-0.879121]",0,"[]","[]","[]","[]","[]","[]","[]","[]","[]","[]",1,"[455390]","[1.14535]","[0.418604]","[788315]","[13443.3]","[0]","[2.42246]","[0.109596]",0,"[]","[]","[]","[]","[]","[]","[]","[]","[]","[]",0,"[696.641]",5160.88,"[9824.36,3864.97]","[]","[13131]","[]"
778,284500,3478218,361102,11450.6,11500.5,3.38179e+11,1.74563,0.9823,1,1,1,0.997418,1.00632,1,1,0,0,1,"[0]","[1]","[84997.1]","[0.125762]","[1.44814]","[85670.1]","[0.0713997]","[1]","[11]","[1]","[0]","[-511.09]","[0.0321805]","[4.29721]",257512,1.73362,4,"[535517,260507,50830.7,30365.3]","[-0.458183,-0.370373,-0.589368,-0.990881]","[-1.99553,0.711451,0.276859,-1.49782]","[593566,279647,60185.6,46786.7]","[0.660638,0.995335,0.973333,0.986948]","[0,0,0,0]","[0,0,0,0]","[-0.762482,-0.819076,-0.881865,-0.762611]",0,"[]","[]","[]","[]","[]","[]","[]","[]","[]","[]",2,"[542067,351108]","[-0.471135,-0.317803]","[-1.99667,0.818548]","[604176,409767]","[31613.9,178203]","[0,0]","[2.93723,1.25036]","[0.598674,0.276278]",0,"[]","[]","[]","[]","[]","[]","[]","[]","[]","[]",0,"[267.882]",1153.83,"[6433.11,5567.53,9545.81,2159.73]","[]","[3866.75,1981.38]","[]"
779,284500,3476208,361102,11452.9,11500.5,3.38179e+11,1.26205,1,0.997735,1,1,0.999454,1.05554,1,0,1,0,1,"[0]","[1]","[39498.7]","[0.849648]","[2.70901]","[54634.4]","[-0.0562057]","[1]","[13]","[1]","[0]","[-200.429]","[-0.0132176]","[1.9192]",250793,-3.07326,1,"[276202]","[0.734271]","[-0.000835935]","[355708]","[1]","[0]","[0]","[-0.901745]",0,"[]","[]","[]","[]","[]","[]","[]","[]","[]","[]",1,"[265622]","[0.78263]","[0.00606509]","[352885]","[34361.2]","[0]","[1.46981]","[0.742307]",0,"[]","[]","[]","[]","[]","[]","[]","[]","[]","[]",0,"[132.93]",734.312,"[3862.45]","[]","[0]","[]"
780,284500,3389170,361102,11450.9,11500.5,3.38179e+11,1.74563,0.97826,1,1,1,0.999459,1.00493,1,1,0,0,1,"[0]","[1]","[139364]","[-1.21599]","[2.86218]","[255736]","[-0.170439]","[1]","[11]","[1]","[0]","[-772.581]","[-0.000808504]","[0.10815]",119578,2.91321,1,"[264290]","[0.373331]","[-0.270323]","[284625]","[0.993753]","[0]","[0]","[-0.945732]",0,"[]","[]","[]","[]","[]","[]","[]","[]","[]","[]",1,"[250983]","[0.356868]","[-0.266987]","[269010]","[31711.2]","[0]","[1.50718]","[0.662184]",0,"[]","[]","[]","[]","[]","[]","[]","[]","[]","[]",0,"[1657.33]",1778.42,"[3386.94]","[]","[6887.09]","[]"
781,284500,3403202,361102,11458.6,11500.5,3.38179e+11,1.74563,0.98089,1,1,1,0.999461,0.99866,1,1,0,0,1,"[0]","[1]","[226213]","[-0.878006]","[-1.32245]","[319154]","[-0.00111461]","[1]","[11]","[1]","[0]","[690.723]","[-0.0471994]","[6.36445]",34537.8,-1.16098,1,"[269828]","[-0.541555]","[1.82601]","[311031]","[0.971312]","[0]","[0]","[-0.195022]",0,"[]","[]","[]","[]","[]","[]","[]","[]","[]","[]",1,"[268622]","[-0.543073]","[1.81898]","[310133]","[23811.5]","[0]","[3.75713]","[0.582965]",0,"[]","[]","[]","[]","[]","[]","[]","[]","[]","[]",0,"[2309.2]",2117.38,"[3805.01]","[]","[4335.03]","[]"
782,284500,3507771,361102,11458.3,11500.5,3.38179e+11,0.402058,0.98536,1,1,1,0.999455,0.9918,1,1,0,0,1,"[0]","[1]","[86925.8]","[-0.604918]","[0.323744]","[103321]","[0.0879612]","[1]","[11]","[1]","[0]","[-122.423]","[-0.152123]","[19.4623]",183087,0.377903,1,"[273305]","[-0.191427]","[-2.78842]","[278773]","[0.994748]","[0]","[0]","[-0.807004]",0,"[]","[]","[]","[]","[]","[]","[]","[]","[]","[]",1,"[272497]","[-0.205086]","[-2.79149]","[278452]","[10661.5]","[0]","[3.2881]","[0.326888]",0,"[]","[]","[]","[]","[]","[]","[]","[]","[]","[]",0,"[335.514]",8405.44,"[9006.06]","[]","[4749.91]","[]"
783,284500,3439421,361102,11464.5,11500.5,3.38179e+11,0.596562,1,1.0027,1,1,0.997438,0.972299,1,0,1,0,1,"[0]","[1]","[29975.9]","[1.12881]","[-0.161781]","[51190]","[0.137453]","[1]","[13]","[1]","[0]","[-430.206]","[0.112979]","[11.3466]",228704,0.469914,3,"[298568,98156.7,20313.5]","[0.738916,-1.09283,-2.07321]","[-2.43489,1.8628,-0.203575]","[384059,163376,82152.5]","[1,0.99,0.972023]","[0,0,0]","[0,0,0]","[-0.876874,-0.776693,-0.608561]",0,"[]","[]","[]","[]","[]","[]","[]","[]","[]","[]",1,"[277354]","[0.73737]","[-2.43648]","[356496]","[13691.1]","[0]","[2.48296]","[0.0650093]",0,"[]","[]","[]","[]","[]","[]","[]","[]","[]","[]",0,"[170.71]",8302.86,"[9106.32,4606.66,1577.32]","[]","[10682.5]","[]"
784,284500,3600556,361102,11458.5,11500.5,3.38179e+11,1.08735,0.96558,1,1,1,0.999072,0.99746,1,1,0,0,1,"[0]","[1]","[62318.1]","[-1.75924]","[-1.76806]","[186338]","[-0.0132027]","[1]","[11]","[1]","[0]","[150.481]","[0.0112453]","[1.04786]",223167,-1.68904,2,"[262390,27112.7]","[0.293444,0.340011]","[1.37822,1.8853]","[275281,28986]","[0.897563,0.995951]","[0,0]","[0,0]","[-0.512107,-0.818135]",0,"[]","[]","[]","[]","[]","[]","[]","[]","[]","[]",1,"[272330]","[0.316618]","[1.41638]","[293350]","[64837.4]","[0]","[1.62691]","[0.697813]",0,"[]","[]","[]","[]","[]","[]","[]","[]","[]","[]",0,"[711.981]",8809.19,"[3038.79,3833.94]","[]","[20013.4]","[]"
785,284500,3612337,361102,11465,11500.5,3.38179e+11,1.24168,1,0.99488,1,1,0.938155,0,1,0,1,0,1,"[0]","[1]","[25178.7]","[0.552191]","[0.23806]","[29116.1]","[0.0345669]","[1]","[13]","[1]","[0]","[2299.43]","[0.000814919]","[0.0850154]",237839,-0.070571,2,"[260642,59605.1]","[0.169926,2.01509]","[2.80094,-1.44565]","[265772,227689]","[0.998915,0.988175]","[0,5]","[0,0]","[-0.798521,0.407511]",0,"[]","[]","[]","[]","[]","[]","[]","[]","[]","[]",1,"[253191]","[0.177321]","[2.80727]","[258718]","[28148.3]","[0]","[1.53441]","[0.471344]",0,"[]","[]","[]","[]","[]","[]","[]","[]","[]","[]",0,"[131.733]",9092.8,"[7183.97,6631.71]","[]","[11751.9]","[]"
786,284500,3828423,361102,11448.2,11500.5,3.38179e+11,0.596562,0.94772,1,1,1,0.999428,0.94369,1,1,0,0,1,"[0]","[1]","[44058.4]","[-1.18693]","[1.66504]","[78912.1]","[0.021965]","[1]","[11]","[1]","[0]","[739.441]","[-0.0452206]","[2.81999]",227650,1.36817,1,"[257892]","[1.00457]","[-1.74221]","[400128]","[0.987265]","[0]","[0]","[-0.756072]",0,"[]","[]","[]","[]","[]","[]","[]","[]","[]","[]",1,"[287918]","[0.971522]","[-1.75296]","[435555]","[25228.1]","[0]","[1.76916]","[0.767594]",0,"[]","[]","[]","[]","[]","[]","[]","[]","[]","[]",0,"[83.4921]",8591.27,"[9207.75]","[]","[11743.4]","[]"
787,284500,3782022,361102,11461.1,11500.5,3.38179e+11,0.596562,1,0.988342,1,1,0.988098,0.998104,1,0,1,0,1,"[0]","[1]","[100678]","[-1.92813]","[-0.528047]","[353482]","[0.0725479]","[1]","[13]","[1]","[0]","[-59.8685]","[-0.0583766]","[6.99996]",242538,-0.60693,3,"[295477,36091.5,21416.2]","[-1.03723,-1.01356,0.714667]","[2.54465,3.03533,1.814]","[469593,56468.5,27391.6]","[1,0.989376,0.928015]","[4,0,0]","[0,0,0]","[-0.725816,-0.899078,-0.682574]",0,"[]","[]","[]","[]","[]","[]","[]","[]","[]","[]",1,"[324004]","[-1.02389]","[2.58574]","[511821]","[51678.2]","[0]","[2.42836]","[0.434019]",0,"[]","[]","[]","[]","[]","[]","[]","[]","[]","[]",0,"[4146.81]",5838.08,"[6624.62,2045.96,1662.82]","[]","[29271.4]","[]"
788,284500,3866675,361102,11445.6,11500.5,3.38179e+11,0.934886,0.99093,1,1,1,0.983421,1.00306,1,1,0,0,1,"[0]","[1]","[122215]","[1.02331]","[1.00177]","[191988]","[-0.0195389]","[1]","[11]","[1]","[0]","[142.138]","[-0.0268398]","[4.7691]",295662,0.991787,2,"[479647,96350.5]","[0.271856,2.47212]","[-2.13442,3.02816]","[499179,575071]","[0.989549,0.969637]","[0,4]","[0,0]","[-0.96246,-0.628232]",0,"[]","[]","[]","[]","[]","[]","[]","[]","[]","[]",1,"[482767]","[0.3189]","[-2.13661]","[509422]","[43932.7]","[0]","[1.95837]","[0.668225]",0,"[]","[]","[]","[]","[]","[]","[]","[]","[]","[]",0,"[783.849]",22740.3,"[12459.5,6793.76]","[]","[3486.94]","[]"
789,284500,3811396,361102,11451.1,11500.5,3.38179e+11,1.08735,1,0.993484,1,1,0.985289,0.86621,1,0,1,0,1,"[0]","[1]","[132145]","[0.292341]","[-2.64772]","[137832]","[-0.00634003]","[1]","[13]","[1]","[0]","[1122.76]","[-0.0023457]","[0.401623]",299540,-2.53809,1,"[423453]","[0.19935]","[0.529242]","[432756]","[0.983774]","[4]","[0]","[0.443412]",0,"[]","[]","[]","[]","[]","[]","[]","[]","[]","[]",1,"[405737]","[0.163003]","[0.535723]","[411641]","[20303.1]","[0]","[2.45375]","[-1]",0,"[]","[]","[]","[]","[]","[]","[]","[]","[]","[]",0,"[3509.48]",26105,"[26512.3]","[]","[359.125]","[]"
790,284500,3846569,361102,11458.2,11500.5,3.38179e+11,0.934886,1,0.998779,1,1,0.999364,0.99077,1,0,1,0,1,"[0]","[1]","[58215.2]","[2.33448]","[-0.101907]","[303328]","[-0.0725899]","[1]","[13]","[1]","[0]","[-74.6657]","[0.0179737]","[1.9943]",237857,-0.440332,2,"[311846,70070]","[0.955396,0.338292]","[3.02331,1.17439]","[465724,74871.2]","[1,0.997707]","[0,0]","[0,0]","[-0.809955,-0.807796]",0,"[]","[]","[]","[]","[]","[]","[]","[]","[]","[]",1,"[296431]","[0.962945]","[3.02539]","[445033]","[13793.2]","[0]","[2.43198]","[0.530815]",0,"[]","[]","[]","[]","[]","[]","[]","[]","[]","[]",0,"[1709.73]",7954.66,"[9009.47,4602.2]","[]","[18344.9]","[]"
791,284500,3769907,361102,11449.9,11500.5,3.38179e+11,1.08735,0.97429,1,1,1,0.998566,1,1,1,0,0,1,"[0]","[1]","[53480]","[0.343621]","[-1.70545]","[56668.5]","[-0.109533]","[1]","[11]","[0]","[0]","[173.535]","[0.116325]","[18.8881]",395036,-1.59134,2,"[465865,47785.8]","[0.253639,-1.17396]","[1.64096,-0.354854]","[481496,84849.9]","[0.990035,0.999874]","[0,0]","[0,0]","[-0.962718,-0.767899]",0,"[]","[]","[]","[]","[]","[]","[]","[]","[]","[]",1,"[449278]","[0.25797]","[1.64033]","[464573]","[15595.2]","[0]","[0.0849568]","[0.300893]",0,"[]","[]","[]","[]","[]","[]","[]","[]","[]","[]",0,"[55.561]",12335.8,"[5476.42,2774.95]","[]","[7925.78]","[]"
792,284500,3855036,361102,11445.9,11500.5,3.38179e+11,0.596562,1,0.994167,1,1,0.98717,1.01933,1,0,1,0,1,"[0]","[1]","[88675.6]","[0.93105]","[2.65469]","[129968]","[0.0273323]","[1]","[13]","[1]","[0]","[517.018]","[0.0113411]","[2.16107]",125268,2.52172,2,"[303873,41598]","[0.555443,1.14852]","[-0.346857,-2.72528]","[352623,72460.2]","[0.992813,0.992819]","[4,0]","[0,0]","[-0.542892,-0.84819]",0,"[]","[]","[]","[]","[]","[]","[]","[]","[]","[]",1,"[310932]","[0.531195]","[-0.345753]","[356471]","[21171.6]","[0]","[2.03209]","[0.628898]",0,"[]","[]","[]","[]","[]","[]","[]","[]","[]","[]",0,"[1847.36]",1512.05,"[4277.9,2158.67]","[]","[14139.4]","[]"
793,284500,3872506,361102,11454.5,11500.5,3.38179e+11,0.934886,1,0.996862,1,1,0.997822,0.933939,1,0,1,0,1,"[0]","[1]","[62392]","[-0.252838]","[2.40654]","[64397]","[0.0242081]","[1]","[13]","[1]","[0]","[-255.408]","[0.10469]","[16.9665]",250905,2.42939,2,"[313101,27468.9]","[0.213823,2.18608]","[-0.647771,-2.63985]","[321384,123875]","[0.99782,0.998096]","[0,0]","[0,0]","[0.0643569,-0.52713]",0,"[]","[]","[]","[]","[]","[]","[]","[]","[]","[]",1,"[279420]","[0.252505]","[-0.650883]","[289499]","[25488.7]","[0]","[1.59056]","[0.324907]",0,"[]","[]","[]","[]","[]","[]","[]","[]","[]","[]",0,"[1131.85]",2976.14,"[4539.95,1905.78]","[]","[6130.97]","[]"
794,284500,4100055,361102,11450,11500.5,3.38179e+11,0.506784,1,0.987569,1,1,1.02465,1.02611,1,0,1,0,1,"[0]","[1]","[61465.7]","[-0.869466]","[0.265104]","[86199.9]","[0.373013]","[1]","[13]","[0]","[0]","[-577.046]","[-0.122246]","[19.485]",254841,0.203796,5,"[490490,149813,136042,39033.2,24536]","[0.582572,-0.00385158,1.32861,0.0488244,1.07261]","[2.66177,-1.35842,-1.34793,-0.783103,-0.751487]","[577179,150742,275642,39240.6,40194.4]","[0.994883,0.997774,1,1,0.974069]","[0,0,0,5,0]","[0,0,0,0,0]","[-0.889735,-0.852387,-0.827789,0.847312,-0.633097]",0,"[]","[]","[]","[]","[]","[]","[]","[]","[]","[]",1,"[496759]","[0.578624]","[2.65804]","[583509]","[38100.8]","[0]","[2.54732]","[0.811834]",0,"[]","[]","[]","[]","[]","[]","[]","[]","[]","[]",0,"[136.645]",3669.47,"[6618.66,3986.18,2907.75,4500.73,3020.31]","[]","[1895.5]","[]"
795,284500,3945026,361102,11458.9,11500.5,3.38179e+11,0,1,1.00043,1,1,0.999081,0.954967,1,0,1,0,1,"[0]","[1]","[114468]","[1.46187]","[2.26074]","[260175]","[-0.285336]","[1]","[13]","[1]","[0]","[-1003.11]","[-0.0728898]","[13.8489]",146570,2.75413,2,"[264049,27878]","[0.328518,0.349672]","[-0.479021,-2.51942]","[278973,30083.3]","[0.977349,0.971181]","[0,0]","[0,0]","[-0.866461,-0.914158]",0,"[]","[]","[]","[]","[]","[]","[]","[]","[]","[]",1,"[264949]","[0.31761]","[-0.475429]","[278646]","[11082.3]","[0]","[3.49344]","[0.583746]",0,"[]","[]","[]","[]","[]","[]","[]","[]","[]","[]",0,"[2696.3]",3233.88,"[4031.85,2014.73]","[]","[9469.91]","[]"
796,284500,4101494,361102,11460.9,11500.5,3.38179e+11,1.74563,1,0.9888,1,1,0.997254,0.987456,1,0,1,0,1,"[0]","[1]","[57918.6]","[1.99195]","[-1.1104]","[216217]","[-0.0174484]","[1]","[13]","[1]","[0]","[-84.8397]","[-0.0205018]","[2.7535]",182748,-0.897284,4,"[320127,100210,30027.3,24612.5]","[1.36079,1.22524,-2.31201,-0.0999385]","[2.23706,1.47341,0.576433,-2.46405]","[665422,185682,153128,25069.5]","[0.991864,1,0.984613,0.815919]","[0,0,0,0]","[0,0,0,0]","[-0.84532,-0.890696,-0.855198,-0.89119]",0,"[]","[]","[]","[]","[]","[]","[]","[]","[]","[]",1,"[384419]","[1.35202]","[2.06673]","[805132]","[141153]","[0]","[0.828726]","[0.858514]",0,"[]","[]","[]","[]","[]","[]","[]","[]","[]","[]",0,"[584.069]",12885,"[6473.51,7080.26,4830.84,3453.29]","[]","[3422.97]","[]"
797,284500,3988853,361102,11458.5,11500.5,3.38179e+11,0.619412,0.99242,1,1,1,0.987178,0.99765,1,1,0,0,1,"[0]","[1]","[210907]","[0.72316]","[0.93024]","[268501]","[0.115418]","[1]","[11]","[1]","[0]","[-500.355]","[0.0202943]","[2.81289]",211136,1.06154,2,"[410978,32344.4]","[-1.0255,-0.443446]","[-2.18833,-0.852258]","[647162,36123.7]","[0.996683,0.925633]","[4,0]","[0,0]","[-0.520136,-0.849698]",0,"[]","[]","[]","[]","[]","[]","[]","[]","[]","[]",1,"[411312]","[-1.03644]","[-2.18228]","[652850]","[12624.7]","[0]","[4.23293]","[0.577982]",0,"[]","[]","[]","[]","[]","[]","[]","[]","[]","[]",0,"[2214.89]",8995.73,"[4962.6,7043.29]","[]","[16087.8]","[]"
798,284500,4084514,361102,11457.3,11500.5,3.38179e+11,0.596562,1,0.994187,1,1,1.02546,1.027,1,0,1,0,1,"[0]","[1]","[36486.4]","[0.337548]","[-0.835405]","[38584.9]","[-0.0497131]","[1]","[13]","[1]","[0]","[-535.891]","[-0.0147305]","[2.17844]",257247,-0.525047,3,"[386148,113775,71418.8]","[0.62597,1.76779,-2.28286]","[2.30709,-0.907503,-2.80515]","[465340,343120,353808]","[0.996534,0.988385,0.99]","[0,0,5]","[0,0,0]","[-0.964433,-0.90215,0.999299]",0,"[]","[]","[]","[]","[]","[]","[]","[]","[]","[]",1,"[387094]","[0.64078]","[2.30373]","[470032]","[25846.7]","[0]","[1.7437]","[0.611977]",0,"[]","[]","[]","[]","[]","[]","[]","[]","[]","[]",0,"[240.181]",13770.3,"[4332.87,10110.2,2510.08]","[]","[18318.3]","[]"
799,284500,4084750,361102,11457.3,11500.5,3.38179e+11,0.402058,1,0.998639,1,1,0.996789,1.01039,1,0,1,0,1,"[0]","[1]","[49165.2]","[1.33879]","[3.10792]","[100213]","[-0.0225792]","[1]","[13]","[1]","[0]","[-527.095]","[-0.0380661]","[4.10857]",267727,2.86064,4,"[232584,64810.6,43181.3,24537.7]","[1.50299,0.970694,2.09757,1.57084]","[-0.467685,0.130909,0.183541,0.129138]","[549472,98154,178637,61696.1]","[1,0.974481,0.988878,0.998845]","[0,0,0,0]","[0,0,0,0]","[-0.651878,-0.940318,-0.855193,-0.865115]",0,"[]","[]","[]","[]","[]","[]","[]","[]","[]","[]",1,"[289366]","[1.54309]","[-0.294217]","[719964]","[131266]","[0]","[1.62867]","[0.473206]",0,"[]","[]","[]","[]","[]","[]","[]","[]","[]","[]",0,"[130.147]",25032.3,"[14125.4,3134.47,2624.72,4328.41]","[]","[16291]","[]"
800,284500,4174932,361102,11449.8,11500.5,3.38179e+11,0.934886,1,0.999641,1,1,0.999075,1.00918,1,0,1,0,1,"[0]","[1]","[110607]","[1.30507]","[-2.22664]","[218953]","[0.105278]","[1]","[13]","[1]","[0]","[-490.268]","[-0.0956929]","[18.3783]",149874,-2.19222,1,"[284757]","[1.50547]","[1.024]","[673337]","[0.99]","[0]","[0]","[-0.904761]",0,"[]","[]","[]","[]","[]","[]","[]","[]","[]","[]",1,"[260800]","[1.50835]","[1.02682]","[618268]","[11144.1]","[0]","[4.94591]","[0.590461]",0,"[]","[]","[]","[]","[]","[]","[]","[]","[]","[]",0,"[2601.01]",16000.7,"[17689.1]","[]","[7681.06]","[]"
801,284500,4192276,361102,11447.8,11500.5,3.38179e+11,1.08735,1,0.999721,1,1,0.987763,0.923753,1,0,1,0,1,"[0]","[1]","[49972.2]","[-1.08806]","[0.83852]","[82588.5]","[-0.0759811]","[1]","[13]","[1]","[0]","[-401.362]","[-0.14346]","[14.9806]",201320,0.541807,3,"[297153,61021,30303.6]","[-1.46947,-2.07314,-1.95135]","[-2.77363,-0.763894,0.0504793]","[680399,246479,108925]","[0.98602,0.998384,0.984277]","[4,0,0]","[0,0,0]","[-0.879234,-0.250998,-0.913671]",0,"[]","[]","[]","[]","[]","[]","[]","[]","[]","[]",1,"[303196]","[-1.46043]","[-2.77648]","[688472]","[17502.7]","[0]","[1.90536]","[0.541186]",0,"[]","[]","[]","[]","[]","[]","[]","[]","[]","[]",0,"[766.562]",2385.11,"[4498.96,5965.59,4860.73]","[]","[2281.94]","[]"
802,284500,4140196,361102,11461.9,11500.5,3.38179e+11,0,1,1.0012,1,1,0.987817,1.02229,1,0,1,0,1,"[0]","[1]","[41986.6]","[-1.39579]","[0.2845]","[89973.1]","[0.0136185]","[1]","[13]","[1]","[0]","[-1477.23]","[-0.0397043]","[4.81089]",327104,0.118534,5,"[422190,92280.1,86151.9,34163.4,26662.2]","[-1.48008,0.649807,-0.633375,-0.772458,-0.960282]","[-2.78852,2.331,0.984157,-0.39473,-0.92317]","[976674,114245,104884,45423.6,40456.5]","[0.949289,0.998665,0.998459,0.979836,0.998419]","[4,0,0,0,0]","[0,0,0,0,0]","[0.0597054,-0.833642,-0.914887,-0.929903,-0.714756]",0,"[]","[]","[]","[]","[]","[]","[]","[]","[]","[]",1,"[444604]","[-1.45273]","[-2.78234]","[1.0032e+06]","[42635.7]","[0]","[1.7602]","[0.741533]",0,"[]","[]","[]","[]","[]","[]","[]","[]","[]","[]",0,"[179.302]",14695.2,"[10016,6111.89,2199.69,2837.17,5030.58]","[]","[23507.4]","[]"
803,284500,4214437,361102,11455.5,11500.5,3.38179e+11,1.08735,1,1.00001,1,1,0.999461,0.927976,1,0,1,0,1,"[0]","[1]","[51992.1]","[0.965608]","[-2.18925]","[78173.7]","[-0.202332]","[1]","[13]","[1]","[0]","[-436.619]","[-0.160069]","[23.9881]",212559,-2.14346,1,"[274576]","[-0.656683]","[0.886643]","[336468]","[0.990107]","[0]","[0]","[-0.931654]",0,"[]","[]","[]","[]","[]","[]","[]","[]","[]","[]",1,"[257842]","[-0.667462]","[0.88362]","[317773]","[14500.6]","[0]","[2.33066]","[0.502204]",0,"[]","[]","[]","[]","[]","[]","[]","[]","[]","[]",0,"[329.704]",4308.88,"[5459.83]","[]","[5987.17]","[]"
804,284500,4131922,361102,11453.1,11500.5,3.38179e+11,1.08735,1,0.989255,1,1,0.997586,0.999611,1,0,1,0,1,"[0]","[1]","[30275.6]","[1.94656]","[-0.492512]","[108194]","[0.431393]","[1]","[13]","[1]","[0]","[1086.18]","[0.0430474]","[4.20719]",262468,-0.409033,4,"[326333,91576.5,39840.8,36727]","[1.86483,1.65386,-0.733621,2.29831]","[2.96773,-0.0837648,1.8092,2.36539]","[1.07881e+06,248366,51593.7,184807]","[0.99,1,0.997792,0.995135]","[0,0,0,0]","[0,0,0,0]","[-0.06354,-0.796877,-0.915529,-0.784833]",0,"[]","[]","[]","[]","[]","[]","[]","[]","[]","[]",1,"[323868]","[1.93759]","[2.91377]","[1.15098e+06]","[89807]","[0]","[2.08781]","[0.747179]",0,"[]","[]","[]","[]","[]","[]","[]","[]","[]","[]",0,"[58.8958]",2387.19,"[5888.3,2892.8,2158.81,2260.34]","[]","[34106.6]","[]"
805,284500,2539634,361102,11464.6,11500.5,3.38179e+11,1.25133,1,0.982923,1,1,0.999001,0.991359,1,0,1,0,1,"[0]","[1]","[43654.7]","[1.67988]","[1.86557]","[121171]","[-0.0923004]","[1]","[13]","[1]","[0]","[-127.88]","[-0.0444139]","[5.38469]",190244,2.23463,1,"[240922]","[1.78881]","[-0.938837]","[740852]","[0.990689]","[0]","[0]","[-0.873426]",0,"[]","[]","[]","[]","[]","[]","[]","[]","[]","[]",1,"[261257]","[1.77081]","[-0.939655]","[789866]","[13300.7]","[0]","[3.92754]","[0.597677]",0,"[]","[]","[]","[]","[]","[]","[]","[]","[]","[]",0,"[455.02]",12477.2,"[13223]","[]","[9787.62]","[]"
806,284500,2161627,361102,11455.9,11500.5,3.38179e+11,1.08735,0.98536,1,1,1,0.997954,0.9918,1,1,0,0,1,"[0]","[1]","[109981]","[-0.663734]","[-1.99042]","[135110]","[-0.127394]","[1]","[11]","[1]","[0]","[181.535]","[-0.0213413]","[2.39905]",364063,-2.00407,1,"[523700]","[-1.16193]","[1.21591]","[920468]","[0.992934]","[0]","[0]","[0.794139]",0,"[]","[]","[]","[]","[]","[]","[]","[]","[]","[]",1,"[510310]","[-1.17618]","[1.2188]","[907049]","[45450.3]","[0]","[1.6136]","[0.757812]",0,"[]","[]","[]","[]","[]","[]","[]","[]","[]","[]",0,"[454.319]",18630.2,"[9329.96]","[]","[21900]","[]"
807,284500,2465483,361102,11455.5,11500.5,3.38179e+11,1.08735,0.97003,1,1,1,0.99942,0.97484,1,1,0,0,1,"[0]","[1]","[40137.2]","[0.92727]","[1.74083]","[58665.2]","[0.15941]","[1]","[11]","[1]","[2019.27]","[-228.56]","[-0.0352683]","[4.06397]",245933,1.58057,1,"[286110]","[0.830563]","[-1.65452]","[390979]","[0.997412]","[0]","[0]","[-0.834841]",0,"[]","[]","[]","[]","[]","[]","[]","[]","[]","[]",1,"[266289]","[0.82755]","[-1.65913]","[362949]","[10555.4]","[0]","[4.19814]","[0.490499]",0,"[]","[]","[]","[]","[]","[]","[]","[]","[]","[]",0,"[234.744]",3290.55,"[5020.96]","[]","[499.375]","[]"
808,284500,4216995,361102,11455.9,11500.5,3.38179e+11,0.596562,1,0.99005,1,1,0.998572,0.923924,1,0,1,0,1,"[0]","[1]","[68608.1]","[-0.314411]","[-1.21683]","[72027.3]","[0.145889]","[1]","[13]","[1]","[1325.26]","[-421.548]","[-0.141431]","[21.4619]",373490,-1.37133,1,"[465868]","[0.168132]","[1.7432]","[472775]","[1]","[0]","[0]","[-0.927483]",0,"[]","[]","[]","[]","[]","[]","[]","[]","[]","[]",1,"[451772]","[0.184225]","[1.74305]","[459686]","[14418]","[0]","[0]","[-1]",0,"[]","[]","[]","[]","[]","[]","[]","[]","[]","[]",0,"[1802.34]",19983.3,"[5676.49]","[]","[17960.3]","[]"
809,284500,2540523,361102,11456.5,11500.5,3.38179e+11,0.402058,0.98697,1,1,1,0.984241,1.00582,1,1,0,0,1,"[0]","[1]","[208209]","[-0.533375]","[0.428607]","[238534]","[-0.0528717]","[1]","[11]","[1]","[0]","[-1542.07]","[-0.000789682]","[0.130769]",344795,0.631989,2,"[582297,43979.9]","[0.393761,1.16165]","[-2.51379,1.54694]","[629473,77331.9]","[0.998705,0.792356]","[4,0]","[0,0]","[-0.536709,-0.89228]",0,"[]","[]","[]","[]","[]","[]","[]","[]","[]","[]",1,"[566874]","[0.378031]","[-2.51067]","[609661]","[46769.3]","[0]","[2.26569]","[0.478705]",0,"[]","[]","[]","[]","[]","[]","[]","[]","[]","[]",0,"[1413.8]",15138.7,"[14551.3,2398.93]","[]","[35046.2]","[]"
810,284500,2127589,361102,11448.4,11500.5,3.38179e+11,0,0.97429,1,1,1,0.999204,0.98653,1,1,0,0,1,"[0]","[1]","[51601]","[0.198039]","[-2.69366]","[52616.2]","[-0.0313492]","[1]","[11]","[1]","[0]","[1479.77]","[0.0203609]","[1.85384]",211782,-2.71159,1,"[260076]","[1.25932]","[0.439336]","[495353]","[0.99]","[0]","[0]","[-0.893035]",0,"[]","[]","[]","[]","[]","[]","[]","[]","[]","[]",1,"[262383]","[1.26547]","[0.436109]","[502273]","[14814.3]","[0]","[3.31243]","[0.602395]",0,"[]","[]","[]","[]","[]","[]","[]","[]","[]","[]",0,"[340.173]",148.922,"[3463.03]","[]","[4700.03]","[]"
811,284500,3702976,361102,11458,11500.5,3.38179e+11,0.596562,1,1.00111,1,1,0.996839,0.724848,1,0,1,0,1,"[0]","[1]","[120621]","[-0.160611]","[2.58327]","[122180]","[0.0122795]","[1]","[13]","[1]","[0]","[1057.97]","[-0.0107206]","[2.0183]",137660,2.56026,5,"[208994,49044.9,39314.6,25302.3,20043.5]","[1.4813,1.49242,2.26205,0.0469047,0.513009]","[-0.510483,-1.17983,-1.10972,1.37754,1.61787]","[483570,114741,190960,25655.9,22965.9]","[0.997911,0.990104,0.99,0.987416,0.986151]","[0,0,0,0,0]","[0,0,0,0,0]","[-0.907048,-0.920094,-0.789492,-0.847719,-0.842279]",0,"[]","[]","[]","[]","[]","[]","[]","[]","[]","[]",1,"[253588]","[1.61966]","[-0.666268]","[674083]","[106690]","[0]","[1.61478]","[0.390554]",0,"[]","[]","[]","[]","[]","[]","[]","[]","[]","[]",0,"[2424.97]",3979.38,"[3380.35,2418.53,3961.8,2405.34,2399.76]","[]","[16870.1]","[]"
812,284500,3754933,361102,11466.2,11500.5,3.38179e+11,1.24168,0.99093,1,1,1,0.999208,1.00306,1,1,0,0,1,"[0]","[1]","[119254]","[0.926434]","[1.97554]","[174197]","[0.154602]","[1]","[11]","[1]","[0]","[625.121]","[-0.0973535]","[4.41097]",168233,1.56034,2,"[245269,36302.3]","[0.183531,0.235581]","[-1.30839,-1.82525]","[250590,37756.2]","[0.999393,0.998556]","[0,0]","[0,0]","[-0.822286,-0.820566]",0,"[]","[]","[]","[]","[]","[]","[]","[]","[]","[]",1,"[269834]","[0.180432]","[-1.36137]","[279497]","[53961.1]","[0]","[1.92454]","[0.735159]",0,"[]","[]","[]","[]","[]","[]","[]","[]","[]","[]",0,"[746.441]",15071.8,"[3664.32,2060.15]","[]","[1765.12]","[]"
813,284500,3568598,361102,11458.2,11500.5,3.38179e+11,0.402058,0.98697,1,1,1,0.986925,1.00582,1,1,0,0,1,"[0]","[1]","[155812]","[-0.367466]","[-0.621519]","[166451]","[0.0554428]","[1]","[11]","[1]","[0]","[-616.127]","[-0.0115649]","[1.24296]",153196,-0.636594,2,"[262186,42619.2]","[-0.236523,-0.94723]","[2.49306,2.65649]","[269744,63388.9]","[0.995166,0.982685]","[4,0]","[0,0]","[-0.408035,-0.87056]",0,"[]","[]","[]","[]","[]","[]","[]","[]","[]","[]",1,"[277766]","[-0.316379]","[2.51838]","[297191]","[56435]","[0]","[0.94226]","[0.581731]",0,"[]","[]","[]","[]","[]","[]","[]","[]","[]","[]",0,"[882.981]",4612.95,"[3434.79,3119.65]","[]","[1894.38]","[]"
814,284500,2635088,361102,11461.1,11500.5,3.38179e+11,0.596562,0.97994,1,1,1,0.998577,1.00632,1,1,0,0,1,"[0]","[1]","[166335]","[0.223024]","[-2.63632]","[170488]","[-0.0779343]","[1]","[11]","[1]","[0]","[-82.5449]","[-0.109379]","[10.7844]",114814,-2.57224,2,"[257871,36968.6]","[-0.767258,1.43378]","[0.652996,-0.460393]","[338156,82236.7]","[0.997934,1]","[0,0]","[0,0]","[-0.850806,-0.792534]",0,"[]","[]","[]","[]","[]","[]","[]","[]","[]","[]",1,"[262163]","[-0.803215]","[0.650367]","[352194]","[23990.3]","[0]","[2.55529]","[0.680746]",0,"[]","[]","[]","[]","[]","[]","[]","[]","[]","[]",0,"[1861.58]",5655.48,"[8010.3,3981.08]","[]","[10449.6]","[]"
815,284500,3598932,361102,11465.8,11500.5,3.38179e+11,0.506784,1,1,1,1,0.988458,1,1,1,0,0,1,"[0]","[1]","[94535.4]","[0.768781]","[-1.80984]","[123875]","[0.0341263]","[1]","[11]","[0]","[0]","[1190.88]","[-0.184097]","[25.4247]",172177,-1.57342,4,"[272443,153681,47455,26815]","[1.56594,0.918602,0.980338,0.0285721]","[1.11337,2.30139,-1.16686,-1.28581]","[680788,224806,72995.3,27002.1]","[0.965285,0.993335,0.993611,0.999756]","[0,4,0,0]","[0,0,0,0]","[-0.819367,-0.0688806,-0.795973,-0.794005]",0,"[]","[]","[]","[]","[]","[]","[]","[]","[]","[]",1,"[295776]","[1.58817]","[1.1138]","[754224]","[14056.8]","[0]","[1.92453]","[0.676891]",0,"[]","[]","[]","[]","[]","[]","[]","[]","[]","[]",0,"[420.134]",10891.8,"[3988.78,10335.2,2555.84,5150.66]","[]","[14323]","[]"
816,284500,3593183,361102,11463.5,11500.5,3.38179e+11,1.08735,1.01378,1,1,1,0.998186,1.00936,1,1,0,0,1,"[0]","[1]","[199298]","[0.128351]","[1.53063]","[200942]","[-0.00720596]","[1]","[11]","[1]","[0]","[152.821]","[-0.0421305]","[6.4475]",294100,1.43761,2,"[431014,42267.2]","[-1.55763,-1.15707]","[-1.71695,-1.4812]","[1.07023e+06,74031.9]","[0.995842,0.994457]","[0,0]","[0,0]","[-0.867816,-0.922707]",0,"[]","[]","[]","[]","[]","[]","[]","[]","[]","[]",1,"[446868]","[-1.53985]","[-1.69525]","[1.09315e+06]","[83104.6]","[0]","[1.74948]","[0.620207]",0,"[]","[]","[]","[]","[]","[]","[]","[]","[]","[]",0,"[968.998]",13413.2,"[10209.3,5583.44]","[]","[4268.38]","[]"
817,284500,3570129,361102,11470.3,11500.5,3.38179e+11,0.696077,0.97949,1,1,1,0.998829,0.99672,1,1,0,0,1,"[0]","[1]","[69536]","[0.972278]","[1.10931]","[105075]","[-0.0482445]","[1]","[11]","[1]","[1373.13]","[-302.711]","[0.02353]","[2.99593]",399816,0.961113,4,"[344426,58488.8,57079.3,22804.1]","[0.249148,0.240929,0.2136,0.991293]","[-2.16906,-2.6772,-1.59688,-2.18375]","[356478,60845.4,59213.8,35317.3]","[0.990905,1,0.999946,0.984654]","[0,0,0,0]","[0,0,0,0]","[-0.865583,-0.887614,-0.564454,-0.572023]",0,"[]","[]","[]","[]","[]","[]","[]","[]","[]","[]",1,"[411427]","[0.240677]","[-2.16488]","[444805]","[136320]","[0]","[2.36852]","[0.501551]",0,"[]","[]","[]","[]","[]","[]","[]","[]","[]","[]",0,"[172.529]",4544.66,"[11607.7,6867.71,2704.04,2832.82]","[]","[35348.1]","[]"
818,284500,2983854,361102,11452.2,11500.5,3.38179e+11,1.24168,1,0.999835,1,1,0.998093,0.990681,1,0,1,0,1,"[0]","[1]","[26420.3]","[1.27721]","[0.173653]","[51063]","[0.288347]","[1]","[13]","[1]","[0]","[239.722]","[0.0128381]","[1.13571]",497234,0.261407,1,"[520079]","[0.872502]","[-2.88634]","[731578]","[0.998491]","[0]","[0]","[-0.947864]",0,"[]","[]","[]","[]","[]","[]","[]","[]","[]","[]",1,"[510180]","[0.873579]","[-2.88587]","[717878]","[21716.5]","[0]","[2.28912]","[0.589688]",0,"[]","[]","[]","[]","[]","[]","[]","[]","[]","[]",0,"[194.108]",936.875,"[6420.53]","[]","[18180.6]","[]"
819,284500,2300350,361102,11460.8,11500.5,3.38179e+11,0.934886,1,1.0024,1,1,0.99946,1.00522,1,0,1,0,1,"[0]","[1]","[46388.8]","[-1.20848]","[0.26083]","[84591.4]","[-0.00803471]","[1]","[13]","[1]","[1176.2]","[-452.506]","[-0.0374519]","[4.53254]",217484,-0.193795,1,"[257752]","[-0.320918]","[2.9958]","[271881]","[0.992305]","[0]","[0]","[-0.688323]",0,"[]","[]","[]","[]","[]","[]","[]","[]","[]","[]",1,"[259463]","[-0.326682]","[2.99971]","[274373]","[22705.1]","[0]","[2.50904]","[0.647196]",0,"[]","[]","[]","[]","[]","[]","[]","[]","[]","[]",0,"[336.704]",4839.12,"[5635.39]","[]","[0]","[]"
820,284500,3715428,361102,11463.2,11500.5,3.38179e+11,1.24168,0.96615,1,1,1,0.999456,0.98962,1,1,0,0,1,"[0]","[1]","[78422.5]","[1.36083]","[2.52119]","[162957]","[-0.131615]","[1]","[11]","[1]","[0]","[-73.5702]","[-0.0426633]","[2.88386]",192725,1.96864,1,"[269283]","[0.61395]","[-1.08301]","[325256]","[0.995973]","[0]","[0]","[-0.960653]",0,"[]","[]","[]","[]","[]","[]","[]","[]","[]","[]",1,"[293432]","[0.589225]","[-1.07149]","[350132]","[54522.4]","[0]","[0.983029]","[0.675233]",0,"[]","[]","[]","[]","[]","[]","[]","[]","[]","[]",0,"[351.404]",8858,"[9586.31]","[]","[12451.7]","[]"
821,284500,2591315,361102,11454,11500.5,3.38179e+11,0.402058,1,0.994283,1,1,0.987258,0.989412,1,0,1,0,1,"[0]","[1]","[102793]","[0.489097]","[2.8726]","[115335]","[0.266419]","[1]","[13]","[1]","[0]","[-477.371]","[-0.204962]","[32.7184]",306342,2.74311,3,"[194060,129783,83166.3]","[0.566813,1.28504,1.65948]","[0.0546973,-0.116735,-0.665925]","[226704,252681,226766]","[0.99,1,0.993079]","[0,4,0]","[0,0,0]","[-0.867617,-0.92145,-0.953073]",0,"[]","[]","[]","[]","[]","[]","[]","[]","[]","[]",1,"[363815]","[1.0982]","[-0.133576]","[642455]","[212888]","[0]","[1.07184]","[0.328337]",0,"[]","[]","[]","[]","[]","[]","[]","[]","[]","[]",0,"[1381.19]",2254.94,"[3284.52,2433.53,2450.45]","[]","[10953.7]","[]"
822,284500,2592962,361102,11458.7,11500.5,3.38179e+11,1.55465,1,0.989714,1,1,0.998938,1.00334,1,0,1,0,1,"[0]","[1]","[110251]","[-1.73052]","[2.86289]","[320874]","[0.123333]","[1]","[13]","[1]","[0]","[-184.569]","[-0.0682196]","[11.4348]",273792,2.67988,1,"[370412]","[-0.893174]","[-0.493429]","[530513]","[0.997024]","[0]","[0]","[-0.92804]",0,"[]","[]","[]","[]","[]","[]","[]","[]","[]","[]",1,"[381229]","[-0.870942]","[-0.503502]","[537665]","[51518.2]","[0]","[1.08391]","[0.665043]",0,"[]","[]","[]","[]","[]","[]","[]","[]","[]","[]",0,"[1885.01]",3435.69,"[5741.17]","[]","[5689.22]","[]"
823,284500,2603135,361102,11461.1,11500.5,3.38179e+11,0.696077,1,0.984531,1,1,0.997053,1.00735,1,0,1,0,1,"[0]","[1]","[27619.9]","[1.64355]","[-0.889323]","[74115.4]","[0.21513]","[1]","[13]","[1]","[0]","[2026.35]","[0.0785379]","[7.14688]",360856,-1.40622,2,"[376512,20052.2]","[0.844515,-1.8642]","[1.82615,0.59805]","[519564,66350.8]","[0.995305,0.981599]","[0,0]","[0,0]","[-0.604662,-0.810022]",0,"[]","[]","[]","[]","[]","[]","[]","[]","[]","[]",1,"[380547]","[0.866016]","[1.81725]","[532416]","[4910.81]","[0]","[4.50183]","[0.336333]",0,"[]","[]","[]","[]","[]","[]","[]","[]","[]","[]",0,"[135.222]",14205.3,"[5706.24,3043.64]","[]","[9446.81]","[]"
824,284500,15382652,361102,11458,11500.5,3.38179e+11,0.506784,0.97538,1,1,1,0.999506,1.01508,1,1,0,0,1,"[0]","[1]","[99770.5]","[-1.77862]","[0.877799]","[303829]","[-0.253878]","[1]","[11]","[1]","[1040.84]","[1036.81]","[0.0116542]","[1.50928]",204466,1.25118,3,"[266373,57108.3,51770.1]","[-0.392978,0.465066,-0.860518]","[-2.17752,-0.147899,-2.20801]","[289142,64237.3,72464.8]","[1,0.996195,0.998176]","[0,0,0]","[0,0,0]","[-0.553186,-0.946038,-0.907713]",0,"[]","[]","[]","[]","[]","[]","[]","[]","[]","[]",1,"[263290]","[-0.444644]","[-2.19642]","[293590]","[47335.5]","[0]","[1.28495]","[0.676415]",0,"[]","[]","[]","[]","[]","[]","[]","[]","[]","[]",0,"[921.203]",314.938,"[2995.55,4969.53,6951.44]","[]","[5322.56]","[]"
825,284500,15440572,361102,11446.3,11500.5,3.38179e+11,1.08735,1,0.992824,1,1,0.99809,0.859564,1,0,1,0,1,"[0]","[1]","[105852]","[-0.589253]","[-1.89313]","[124767]","[-0.0906429]","[1]","[13]","[1]","[0]","[-413.763]","[0.0293306]","[5.93631]",466488,-1.80939,1,"[562744]","[0.638966]","[1.30717]","[682576]","[0.993466]","[0]","[0]","[-0.32249]",0,"[]","[]","[]","[]","[]","[]","[]","[]","[]","[]",1,"[558076]","[0.65515]","[1.30598]","[682963]","[32456.1]","[0]","[3.158]","[0.58007]",0,"[]","[]","[]","[]","[]","[]","[]","[]","[]","[]",0,"[4575.9]",2209.28,"[7095.24]","[]","[4568.75]","[]"
826,284500,15102582,361102,11456,11500.5,3.38179e+11,0.402058,1,1.00139,1,1,0.999339,0.957211,1,0,1,0,1,"[0]","[1]","[59017.5]","[1.35174]","[-1.84986]","[121663]","[-0.0433865]","[1]","[13]","[1]","[0]","[-472.192]","[-0.0306769]","[4.11362]",158371,-1.19967,3,"[215495,77185.5,77152.4]","[1.25986,1.05214,0.889915]","[1.76665,-0.978495,2.16671]","[410559,124453,110919]","[0.985341,1,1]","[0,0,0]","[0,0,0]","[-0.919779,-0.855061,-0.872341]",0,"[]","[]","[]","[]","[]","[]","[]","[]","[]","[]",1,"[254683]","[1.20031]","[1.84462]","[464838]","[57536.9]","[0]","[1.28585]","[0.530856]",0,"[]","[]","[]","[]","[]","[]","[]","[]","[]","[]",0,"[214.022]",3924.08,"[3802.68,3408.94,2285.6]","[]","[8069.39]","[]"
827,284500,15085188,361102,11458.3,11500.5,3.38179e+11,0.596562,0.97076,1,1,1,0.989608,0.95972,1,1,0,0,1,"[0]","[1]","[56307.1]","[-1.02909]","[2.54131]","[88848.5]","[-0.124565]","[1]","[11]","[1]","[0]","[-4.94427]","[0.0914346]","[9.08823]",240838,2.04625,1,"[261541]","[-1.52606]","[-1.02671]","[630468]","[1]","[4]","[0]","[0.389729]",0,"[]","[]","[]","[]","[]","[]","[]","[]","[]","[]",1,"[264752]","[-1.53267]","[-1.02187]","[641755]","[15983.3]","[0]","[2.49461]","[0.852362]",0,"[]","[]","[]","[]","[]","[]","[]","[]","[]","[]",0,"[87.3155]",23465.5,"[9743.72]","[]","[8692.33]","[]"
828,284500,15064114,361102,11464.3,11500.5,3.38179e+11,0.402058,0.97553,1,1,1,0.999395,1.01265,1,1,0,0,1,"[0]","[1]","[115309]","[1.57289]","[-1.1492]","[289888]","[-0.0300529]","[1]","[11]","[1]","[0]","[3250.21]","[-0.0189792]","[1.39049]",99714.3,-0.960364,1,"[264771]","[1.13015]","[1.77866]","[453037]","[0.976501]","[0]","[0]","[-0.885793]",0,"[]","[]","[]","[]","[]","[]","[]","[]","[]","[]",1,"[268692]","[1.13176]","[1.78125]","[460322]","[18631.2]","[0]","[1.67414]","[0.404913]",0,"[]","[]","[]","[]","[]","[]","[]","[]","[]","[]",0,"[2342.84]",2050.06,"[8344.94]","[]","[8604.56]","[]"
829,284500,15031054,361102,11456.8,11500.5,3.38179e+11,1.26205,0.95508,1,1,1,0.998401,0.93664,1,1,0,0,1,"[0]","[1]","[50992]","[-1.2537]","[-2.9272]","[96597.7]","[-0.262051]","[1]","[11]","[1]","[0]","[-611.822]","[0.132462]","[9.51051]",191190,-2.49122,3,"[255585,54160.8,45593.6]","[-0.6955,1.49182,1.83619]","[0.803897,-0.507705,-2.14552]","[320203,126639,146693]","[0.99,1,0.99799]","[0,0,0]","[0,0,0]","[-0.917764,-0.416669,-0.873587]",0,"[]","[]","[]","[]","[]","[]","[]","[]","[]","[]",1,"[260674]","[-0.709651]","[0.8061]","[329268]","[10085.5]","[0]","[6.13015]","[0.353934]",0,"[]","[]","[]","[]","[]","[]","[]","[]","[]","[]",0,"[373.857]",15731.7,"[6568.09,3818.53,5439.9]","[]","[8051]","[]"
830,284500,5364754,361102,11458.8,11500.5,3.38179e+11,1.74563,1,0.997251,1,1,0.997773,0.873594,1,0,1,0,1,"[0]","[1]","[60994.8]","[0.182134]","[-1.34587]","[62009.4]","[-0.0130863]","[1]","[13]","[1]","[0]","[-314.813]","[0.0142752]","[2.16722]",237933,-1.16956,3,"[222590,78058.4,27352.6]","[-1.00576,-1.35357,-2.02197]","[2.06631,1.69175,1.91724]","[346289,161858,105221]","[0.996293,0.997356,1]","[0,0,0]","[0,0,0]","[-0.409628,-0.914571,-0.44472]",0,"[]","[]","[]","[]","[]","[]","[]","[]","[]","[]",1,"[270320]","[-1.09873]","[1.98162]","[457652]","[80165.1]","[0]","[1.35854]","[0.648185]",0,"[]","[]","[]","[]","[]","[]","[]","[]","[]","[]",0,"[772.739]",2371.44,"[4216.17,4616.47,1898.03]","[]","[12407.7]","[]"
831,284500,6130670,361102,11454.4,11500.5,3.38179e+11,0.934886,1,0.998799,1,1,0.996934,0.959422,1,0,1,0,1,"[0]","[1]","[164703]","[1.513]","[-2.33822]","[392040]","[0.059803]","[1]","[13]","[1]","[0]","[61.5686]","[0.0330482]","[5.54476]",215913,-2.18614,4,"[422724,253605,43529,41319.5]","[1.72052,1.02805,1.65425,0.725935]","[0.205503,2.38984,2.40153,0.103814]","[1.22014e+06,400878,118273,52914.1]","[1,1,0.965542,0.855983]","[0,0,0,0]","[0,0,0,0]","[-0.760537,-0.540799,-0.830197,-0.96397]",0,"[]","[]","[]","[]","[]","[]","[]","[]","[]","[]",2,"[486033,276920]","[1.65602,1.07512]","[0.196324,2.39875]","[1.32707e+06,457746]","[142320,65835.8]","[0,0]","[2.13431,2.01762]","[0.601499,0.70683]",0,"[]","[]","[]","[]","[]","[]","[]","[]","[]","[]",0,"[7837.13]",4199.88,"[7229.79,7963.95,2623.66,2120.7]","[]","[28397.1,8786.66]","[]"
832,284500,6172013,361102,11462.9,11500.5,3.38179e+11,1.74563,1,0.996013,1,1,0.997462,0.93729,1,0,1,0,1,"[0]","[1]","[96425.5]","[0.439613]","[-2.56519]","[105894]","[-0.0547638]","[1]","[13]","[1]","[0]","[1604.33]","[0.000318039]","[0.0687533]",515810,-2.60282,2,"[627290,56778.1]","[-0.0519151,1.89547]","[0.644941,-1.15993]","[631995,193506]","[0.997773,0.992866]","[0,0]","[0,0]","[-0.928065,-0.894903]",0,"[]","[]","[]","[]","[]","[]","[]","[]","[]","[]",1,"[620355]","[0.00319492]","[0.645559]","[624753]","[73972]","[0]","[1.97751]","[0.656931]",0,"[]","[]","[]","[]","[]","[]","[]","[]","[]","[]",0,"[3001.67]",8079.72,"[12066.1,9593.24]","[]","[27588]","[]"
833,284500,5626533,361102,11461.3,11500.5,3.38179e+11,1.24168,1,1.00364,1,1,0.986629,0.854547,1,0,1,0,1,"[0]","[1]","[80426.5]","[1.0709]","[1.06554]","[131123]","[0.027363]","[1]","[13]","[1]","[1394.17]","[-485.401]","[-0.0192949]","[2.67189]",130471,0.737077,3,"[271461,95730.7,32425.1]","[0.435036,0.573673,-0.299322]","[-2.34519,0.633423,-2.27362]","[297967,112040,34508.4]","[0.990964,0.995139,0.998719]","[4,0,0]","[0,0,0]","[-0.331075,-0.921682,-0.722043]",0,"[]","[]","[]","[]","[]","[]","[]","[]","[]","[]",1,"[281597]","[0.389218]","[-2.32644]","[315024]","[85507.8]","[0]","[2.34019]","[0.350701]",0,"[]","[]","[]","[]","[]","[]","[]","[]","[]","[]",0,"[2076.5]",18383.6,"[3358.18,2442.81,6334.15]","[]","[6656.56]","[]"
834,284500,6148965,361102,11459.2,11500.5,3.38179e+11,1.32095,0.96654,1,1,1,0.996983,0.9995,1,1,0,0,1,"[0]","[1]","[60120.1]","[2.19171]","[-1.04531]","[272411]","[-0.0648937]","[1]","[11]","[1]","[0]","[-77.2369]","[-0.00383613]","[0.14671]",502001,-0.741842,4,"[624806,104942,53141.3,38054.7]","[1.13472,0.184903,-0.881211,-0.441805]","[2.54,0.217153,0.401667,1.84889]","[1.07255e+06,107873,75683.2,42276.6]","[0.991936,0.996193,1,0.997653]","[0,0,0,0]","[0,0,0,0]","[-0.899196,-0.712635,-0.608467,-0.799613]",0,"[]","[]","[]","[]","[]","[]","[]","[]","[]","[]",1,"[642546]","[1.129]","[2.53833]","[1.09762e+06]","[19707.1]","[0]","[2.74421]","[0.36177]",0,"[]","[]","[]","[]","[]","[]","[]","[]","[]","[]",0,"[469.986]",10069.7,"[15477.5,7561.27,5754.93,5326.48]","[]","[49862.8]","[]"
835,284500,6154289,361102,11465.9,11500.5,3.38179e+11,0.619412,1,0.995753,1,1,1.05763,0.753185,1,0,1,0,1,"[0]","[1]","[32288.2]","[-0.210349]","[2.90757]","[33005.3]","[0.00627899]","[1]","[13]","[1]","[0]","[-574.029]","[0.0222555]","[2.78369]",366879,2.67389,3,"[460494,157036,72833.9]","[-1.14259,-1.44924,-0.791735]","[-0.775751,1.87829,0.0354662]","[795780,354383,97540.2]","[0.988899,0.972844,0.99851]","[0,5,5]","[0,0,0]","[-0.986897,-0.918214,0.999969]",0,"[]","[]","[]","[]","[]","[]","[]","[]","[]","[]",1,"[511322]","[-1.10796]","[-0.681914]","[877996]","[183467]","[0]","[1.65605]","[0.781067]",0,"[]","[]","[]","[]","[]","[]","[]","[]","[]","[]",0,"[207.941]",11816.2,"[15003.8,3089.42,1603.23]","[]","[39012.5]","[]"
836,284500,15125315,361102,11449,11500.5,3.38179e+11,0.00220911,1,0.995624,1,1,0.997094,0.968039,1,0,1,0,1,"[0]","[1]","[34769]","[0.436465]","[2.68193]","[38133.8]","[-0.0276756]","[1]","[13]","[1]","[0]","[737.058]","[0.00467508]","[0.633859]",421201,2.39464,4,"[400179,254578,50541.3,31575.2]","[-0.673653,-0.785345,0.036707,-1.62704]","[-1.471,0.747203,-1.04103,-0.170129]","[494689,339064,51439.8,83660.9]","[0.993814,0.99,1,0.991706]","[0,0,0,0]","[0,0,0,0]","[-0.492439,0.480305,-0.881857,-0.845024]",0,"[]","[]","[]","[]","[]","[]","[]","[]","[]","[]",1,"[385642]","[-0.672026]","[-1.45194]","[484117]","[88005.8]","[0]","[2.80316]","[0.517627]",0,"[]","[]","[]","[]","[]","[]","[]","[]","[]","[]",0,"[103.225]",14892.2,"[13147.1,3878.11,2079.31,2016.23]","[]","[2684.38]","[]"
837,284500,15149075,361102,11448.6,11500.5,3.38179e+11,0,0.97446,1,1,1,0.997839,0.98483,1,1,0,0,1,"[0]","[1]","[56307.1]","[-0.352804]","[0.63458]","[59847.9]","[-0.0477295]","[1]","[11]","[1]","[0]","[161.58]","[-0.0281451]","[3.7303]",188281,0.675736,5,"[272437,31071.2,30621.5,22579.3,20484.5]","[-0.537342,1.1714,0.831099,1.02459,-1.1107]","[-2.51158,-2.78346,-0.200431,0.432549,0.892542]","[313312,55316.8,42326.4,35646.2,34692.8]","[0.999779,0.991282,0.621847,0.990661,0.989602]","[0,0,0,0,0]","[0,0,0,0,0]","[-0.394929,-0.839361,-0.550858,-0.87706,-0.710165]",0,"[]","[]","[]","[]","[]","[]","[]","[]","[]","[]",1,"[271411]","[-0.566947]","[-2.51075]","[316435]","[11884.2]","[0]","[2.66892]","[0.193307]",0,"[]","[]","[]","[]","[]","[]","[]","[]","[]","[]",0,"[120.137]",22613.2,"[6779.93,1971.79,2497.99,3298.8,1171.29]","[]","[2327.75]","[]"
838,284500,15223393,361102,11454.1,11500.5,3.38179e+11,0.402058,0.9655,1,1,1,0.985554,1.00324,1,1,0,0,1,"[0]","[1]","[34620.5]","[0.268077]","[-0.0814489]","[35872]","[0.0746174]","[1]","[11]","[1]","[0]","[86.135]","[0.00109761]","[0.0824217]",224557,0.0873155,4,"[227339,39433.2,23533.8,22135.6]","[1.02901,1.64882,1.29277,0.295925]","[2.97622,-3.06204,-1.59247,-1.27518]","[358962,106563,46204.4,23211.5]","[0.987724,0.983339,0.992534,0.996079]","[4,0,0,0]","[0,0,0,0]","[0.603195,-0.883669,-0.812644,-0.36314]",0,"[]","[]","[]","[]","[]","[]","[]","[]","[]","[]",1,"[252020]","[1.02377]","[2.97233]","[396101]","[6991.74]","[0]","[2.77344]","[0.469641]",0,"[]","[]","[]","[]","[]","[]","[]","[]","[]","[]",0,"[127.899]",17329.7,"[5180.78,2195.56,2333.6,1950.04]","[]","[0]","[]"
839,284500,15371308,361102,11466.2,11500.5,3.38179e+11,1.74563,0.98458,1,1,1,0.999292,1.00582,1,1,0,0,1,"[0]","[1]","[100763]","[-0.496442]","[0.805804]","[113436]","[-0.0336685]","[1]","[11]","[1]","[0]","[-823.858]","[-0.0582536]","[4.69977]",209395,0.591105,1,"[305370]","[-1.19849]","[-2.46886]","[552733]","[0.99425]","[0]","[0]","[-0.680025]",0,"[]","[]","[]","[]","[]","[]","[]","[]","[]","[]",1,"[333335]","[-1.18186]","[-2.47261]","[595198]","[28263.2]","[0]","[1.6539]","[0.610039]",0,"[]","[]","[]","[]","[]","[]","[]","[]","[]","[]",0,"[817.555]",4699.48,"[6190.54]","[]","[28029.4]","[]"
840,284500,15282615,361102,11462.6,11500.5,3.38179e+11,0.596562,1,0.994448,1,1,0.999056,0.836634,1,0,1,0,1,"[0]","[1]","[34737.1]","[-0.806909]","[-1.96857]","[46673]","[0.00902939]","[1]","[13]","[1]","[0]","[-429.14]","[0.0215545]","[2.21776]",140014,-1.81846,2,"[269694,139633]","[-1.17048,2.26515]","[1.76829,-0.639604]","[477147,679805]","[0.993581,1]","[0,0]","[0,0]","[-0.710515,-0.979966]",0,"[]","[]","[]","[]","[]","[]","[]","[]","[]","[]",1,"[256583]","[-1.16076]","[1.77464]","[450102]","[18087.7]","[0]","[1.77116]","[0.574508]",0,"[]","[]","[]","[]","[]","[]","[]","[]","[]","[]",0,"[214.408]",8888.48,"[6045.87,4503.07]","[]","[6481.47]","[]"
841,284500,15220498,361102,11465.2,11500.5,3.38179e+11,1.08735,0.88227,1,1,1,0.999442,1,1,1,0,0,1,"[0]","[1]","[31749.9]","[-2.42761]","[0.495446]","[181292]","[0.0224991]","[1]","[11]","[0]","[0]","[768.537]","[-0.0554829]","[1.54984]",295407,0.591172,1,"[270142]","[0.166724]","[-2.57307]","[274103]","[1]","[0]","[0]","[-0.675585]",0,"[]","[]","[]","[]","[]","[]","[]","[]","[]","[]",1,"[270274]","[0.152627]","[-2.57392]","[273585]","[9255.9]","[0]","[4.108]","[0.451127]",0,"[]","[]","[]","[]","[]","[]","[]","[]","[]","[]",0,"[307.666]",5814.44,"[4218.56]","[]","[20390.9]","[]"
842,284500,15423132,361102,11456.2,11500.5,3.38179e+11,1.24168,1,0.999614,1,1,0.988845,1.00185,1,0,1,0,1,"[0]","[1]","[153078]","[1.34524]","[1.45745]","[313779]","[0.0577965]","[1]","[13]","[1]","[0]","[-691.833]","[-0.012715]","[2.84747]",138874,1.75095,4,"[361142,102647,48480.2,25967.6]","[0.738197,0.554745,0.495597,0.535066]","[-1.60693,1.91359,-0.147698,-1.1763]","[465478,120057,55000.8,30105.7]","[0.99907,0.987114,0.992827,1]","[0,0,4,0]","[0,0,0,0]","[0.656077,-0.919774,0.056888,-0.47461]",0,"[]","[]","[]","[]","[]","[]","[]","[]","[]","[]",1,"[340806]","[0.730044]","[-1.62538]","[436064]","[17039.4]","[0]","[3.15148]","[0.661832]",0,"[]","[]","[]","[]","[]","[]","[]","[]","[]","[]",0,"[5680.6]",6154.7,"[4508.82,3733.74,2043.15,5049.34]","[]","[4705.41]","[]"
843,284500,15471468,361102,11460,11500.5,3.38179e+11,1.74563,1.01378,1,1,1,0.996151,1.00936,1,1,0,0,1,"[0]","[1]","[226551]","[0.0968199]","[1.07548]","[227614]","[-0.0258617]","[1]","[11]","[1]","[0]","[-1766.51]","[-0.00963351]","[1.30929]",381681,0.923011,4,"[402562,177432,29175.4,26715.1]","[1.14164,0.0443586,-1.59322,-0.238416]","[-2.38363,-1.57973,-2.95366,-2.13512]","[695055,179156,74940.9,28063.9]","[1,0.995178,0.992106,0.914249]","[0,0,0,0]","[0,0,0,0]","[-0.554244,-0.845306,-0.820348,-0.907965]",0,"[]","[]","[]","[]","[]","[]","[]","[]","[]","[]",1,"[406675]","[1.14125]","[-2.37726]","[701767]","[17958.6]","[0]","[3.10541]","[0.310594]",0,"[]","[]","[]","[]","[]","[]","[]","[]","[]","[]",0,"[1131.84]",22230.6,"[11397.2,15866.2,1819.53,1828.77]","[]","[45228.9]","[]"
844,284500,15493888,361102,11462.3,11500.5,3.38179e+11,0.934886,1,0.994743,1,1,1.10498,0.767592,1,0,1,0,1,"[0]","[1]","[172714]","[-0.763684]","[-0.689093]","[225574]","[-0.00246811]","[1]","[13]","[1]","[0]","[-382.214]","[0.036518]","[6.53903]",179249,-0.921852,2,"[366626,26941.6]","[-0.317114,-1.52598]","[2.33935,-0.142785]","[385953,65015.5]","[0.998788,0.987367]","[4,0]","[0,0]","[0.850917,-0.0766022]",0,"[]","[]","[]","[]","[]","[]","[]","[]","[]","[]",1,"[351555]","[-0.295537]","[2.33947]","[367478]","[18351.1]","[0]","[0.489582]","[0.177368]",0,"[]","[]","[]","[]","[]","[]","[]","[]","[]","[]",0,"[2783.01]",4155.69,"[4864.71,2119.46]","[]","[20003.1]","[]"
845,284500,15487005,361102,11455.8,11500.5,3.38179e+11,0.596562,0.9617,1,1,1,0.99749,0.97432,1,1,0,0,1,"[0]","[1]","[56228.3]","[0.128542]","[2.29619]","[56693.4]","[-0.0730972]","[1]","[11]","[1]","[0]","[-314.241]","[0.0442078]","[3.86278]",251201,2.29134,3,"[318371,30326.3,28348.2]","[0.297635,-0.681902,-1.78656]","[-0.746547,-1.92518,2.32498]","[333382,37766.3,87052]","[0.995959,1,0.990592]","[0,0,0]","[0,0,0]","[-0.943388,-0.898752,-0.688735]",0,"[]","[]","[]","[]","[]","[]","[]","[]","[]","[]",1,"[330229]","[0.253373]","[-0.749023]","[341567]","[21565.1]","[0]","[2.63921]","[0.713548]",0,"[]","[]","[]","[]","[]","[]","[]","[]","[]","[]",0,"[440.9]",4363.67,"[10351.6,4040.3,2977.87]","[]","[2748]","[]"
846,284500,15621798,361102,11457.2,11500.5,3.38179e+11,0.934886,1,0.999004,1,1,0.999052,1.01252,1,0,1,0,1,"[0]","[1]","[126097]","[0.826492]","[-0.925953]","[171672]","[-0.213814]","[1]","[13]","[1]","[0]","[895.939]","[-0.198133]","[22.7616]",70621.1,-0.755252,2,"[284948,53530.9]","[-0.635083,-1.72677]","[2.19267,-1.23164]","[344849,155384]","[0.99972,1]","[0,0]","[0,0]","[-0.766531,-0.921291]",0,"[]","[]","[]","[]","[]","[]","[]","[]","[]","[]",1,"[288363]","[-0.642807]","[2.18944]","[350781]","[23112.4]","[0]","[2.8901]","[0.671212]",0,"[]","[]","[]","[]","[]","[]","[]","[]","[]","[]",0,"[4437.81]",7322.85,"[3461.32,7032.63]","[]","[10338.7]","[]"
847,284500,15466382,361102,11454.7,11500.5,3.38179e+11,0.934886,1,0.995763,1,1,0.99455,1.03803,1,0,1,0,1,"[0]","[1]","[74269.2]","[0.920134]","[3.0685]","[107991]","[0.040514]","[1]","[13]","[1]","[0]","[926.804]","[-0.00971021]","[1.26718]",409706,2.70157,4,"[532907,89412.9,34338.9,25982.7]","[1.92301,1.75191,1.29489,2.30626]","[-0.512294,1.88352,-1.09756,1.85909]","[1.86199e+06,265757,67426.3,131744]","[0.982252,0.988545,0.996684,0.999372]","[0,0,0,0]","[0,0,0,0]","[-0.453673,-0.902188,-0.610202,-0.894604]",0,"[]","[]","[]","[]","[]","[]","[]","[]","[]","[]",1,"[575781]","[1.90596]","[-0.54669]","[1.98334e+06]","[129395]","[0]","[2.42853]","[0.618903]",0,"[]","[]","[]","[]","[]","[]","[]","[]","[]","[]",0,"[806.54]",10449.8,"[10889.3,7851.39,2003.33,2832.04]","[]","[13437.3]","[]"
848,284500,15446273,361102,11463.1,11500.5,3.38179e+11,0.506784,0.96709,1,1,1,0.999376,1.00936,1,1,0,0,1,"[0]","[1]","[91887.3]","[0.011625]","[2.36717]","[91893.5]","[0.151997]","[1]","[11]","[1]","[0]","[-415.389]","[-0.0178885]","[2.25362]",206949,2.28169,1,"[304245]","[-0.181176]","[-0.854772]","[310012]","[0.999914]","[0]","[0]","[-0.852536]",0,"[]","[]","[]","[]","[]","[]","[]","[]","[]","[]",1,"[284061]","[-0.157921]","[-0.865144]","[288329]","[20341.4]","[0]","[2.97387]","[0.668523]",0,"[]","[]","[]","[]","[]","[]","[]","[]","[]","[]",0,"[348.385]",171.328,"[3258.38]","[]","[9255.12]","[]"
849,284500,15653659,361102,11452.8,11500.5,3.38179e+11,1.55465,0.97538,1,1,1,0.998795,1.01508,1,1,0,0,1,"[0]","[1]","[89302.7]","[-1.70935]","[-0.0298989]","[254797]","[-0.178047]","[1]","[11]","[1]","[0]","[301.138]","[-0.0105564]","[0.954469]",234990,0.427002,3,"[231614,80934.6,24200.7]","[-1.03126,-0.0314404,-0.460417]","[-2.78567,-2.85327,-2.8354]","[366531,82281.2,27151.9]","[0.999432,0.994851,0.98409]","[0,0,0]","[0,0,0]","[-0.863692,-0.782644,-0.855044]",0,"[]","[]","[]","[]","[]","[]","[]","[]","[]","[]",1,"[308524]","[-0.845459]","[-2.80363]","[448146]","[140607]","[0]","[0.992314]","[0.615867]",0,"[]","[]","[]","[]","[]","[]","[]","[]","[]","[]",0,"[801.085]",34776.3,"[8231.11,2352.65,3519.16]","[]","[2937.88]","[]"
850,284500,15659382,361102,11463.7,11500.5,3.38179e+11,1.55465,0.97003,1,1,1,0.998179,1,1,1,0,0,1,"[0]","[1]","[40671.4]","[0.851466]","[-1.93591]","[56327.2]","[0.297194]","[1]","[11]","[0]","[0]","[787.826]","[-0.0995752]","[9.1114]",264211,-1.88454,2,"[282491,31875.6]","[1.05514,1.66056]","[1.23866,1.72354]","[455410,87070.1]","[0.974262,0.94114]","[0,0]","[0,0]","[-0.845834,-0.797011]",0,"[]","[]","[]","[]","[]","[]","[]","[]","[]","[]",1,"[311042]","[1.06178]","[1.23745]","[503805]","[18205.4]","[0]","[2.96942]","[0.654325]",0,"[]","[]","[]","[]","[]","[]","[]","[]","[]","[]",0,"[22.8092]",4562.44,"[9645.56,5095.89]","[]","[14459.6]","[]"
851,284500,15734525,361102,11469.4,11500.5,3.38179e+11,0,1,0.99908,1,1,0.998636,0.955122,1,0,1,0,1,"[0]","[1]","[46158.2]","[-0.808552]","[-2.96906]","[62086.5]","[-0.0617905]","[1]","[13]","[1]","[0]","[921.383]","[0.0108906]","[1.01759]",230624,3.0235,2,"[300550,22508.4]","[-1.40841,0.411567]","[-0.012609,-2.45148]","[651713,25179.1]","[0.998853,0.928057]","[0,0]","[0,0]","[-0.732988,-0.800333]",0,"[]","[]","[]","[]","[]","[]","[]","[]","[]","[]",1,"[325856]","[-1.39199]","[-0.0123128]","[696232]","[20244.7]","[0]","[1.93446]","[0.751524]",0,"[]","[]","[]","[]","[]","[]","[]","[]","[]","[]",0,"[346.944]",9622.64,"[10583.9,1984.6]","[]","[16310.9]","[]"
852,284500,15844037,361102,11452.3,11500.5,3.38179e+11,0.402058,0.97994,1,1,1,0.998425,1.00632,1,1,0,0,1,"[0]","[1]","[237518]","[0.305965]","[-2.09684]","[248722]","[-0.0116949]","[1]","[11]","[1]","[0]","[3332.31]","[-0.0331178]","[4.44967]",183775,-1.98128,1,"[419292]","[2.07205]","[1.09417]","[1.69132e+06]","[0.9895]","[0]","[0]","[-0.923138]",0,"[]","[]","[]","[]","[]","[]","[]","[]","[]","[]",1,"[250609]","[0.313609]","[-2.09877]","[263048]","[2747.37]","[1]","[5.71147]","[-1]",0,"[]","[]","[]","[]","[]","[]","[]","[]","[]","[]",0,"[1348.43]",2724.16,"[7350.18]","[]","[0]","[]"
853,284500,15952102,361102,11459,11500.5,3.38179e+11,0,1,0.995121,1,1,0.997398,0.988703,1,0,1,0,1,"[0]","[1]","[484610]","[0.640147]","[-0.785738]","[587341]","[0.00262833]","[1]","[13]","[1]","[0]","[-1370.78]","[0.00832634]","[2.30832]",228045,-0.824136,2,"[579009,20228.9]","[-0.128763,-0.247458]","[2.59577,-3.11269]","[589579,21288.5]","[0.995158,0.856592]","[0,0]","[0,0]","[-0.107765,-0.568581]",0,"[]","[]","[]","[]","[]","[]","[]","[]","[]","[]",1,"[578355]","[-0.138127]","[2.58748]","[589591]","[81859.4]","[0]","[0.866091]","[0.740952]",0,"[]","[]","[]","[]","[]","[]","[]","[]","[]","[]",0,"[10048.9]",11867.4,"[17816.4,2424.77]","[]","[30351.9]","[]"
854,284500,15816928,361102,11452.5,11500.5,3.38179e+11,0.596562,1,0.993861,1,1,0.999058,0.964071,1,0,1,0,1,"[0]","[1]","[29801.5]","[0.384605]","[1.45172]","[32033.1]","[0.0519528]","[1]","[13]","[1]","[0]","[-351.48]","[-0.0707542]","[10.111]",346487,1.39453,1,"[347927]","[-0.900057]","[-2.21536]","[499326]","[1]","[0]","[0]","[-0.532434]",0,"[]","[]","[]","[]","[]","[]","[]","[]","[]","[]",1,"[366998]","[-0.902696]","[-2.21202]","[527354]","[20439.9]","[0]","[3.44743]","[0.528519]",0,"[]","[]","[]","[]","[]","[]","[]","[]","[]","[]",0,"[209.149]",5696.41,"[6770.96]","[]","[962.625]","[]"
855,284500,15944355,361102,11463.5,11500.5,3.38179e+11,1.74563,0.9823,1,1,1,0.998306,1.00632,1,1,0,0,1,"[0]","[1]","[99285.9]","[0.18623]","[-0.656723]","[101013]","[0.10331]","[1]","[11]","[1]","[1255.63]","[1699.44]","[0.0111841]","[1.34649]",351866,-0.8919,4,"[314885,117452,83011.8,21226.4]","[-1.74043,-1.59618,-1.34514,0.290331]","[2.44659,1.42729,2.674,-1.96583]","[926190,301844,170310,22462.1]","[0.99774,0.992985,0.992955,0.974642]","[0,0,0,0]","[0,0,0,0]","[0.0632243,-0.961462,0.178717,-0.526355]",0,"[]","[]","[]","[]","[]","[]","[]","[]","[]","[]",1,"[401501]","[-1.67766]","[2.48185]","[1.11645e+06]","[98235.7]","[0]","[1.52753]","[0.726058]",0,"[]","[]","[]","[]","[]","[]","[]","[]","[]","[]",0,"[333.053]",4268.84,"[11071.4,4990.66,3510.63,1732.72]","[]","[4738.19]","[]"
856,284500,15988923,361102,11451.9,11500.5,3.38179e+11,0.934886,1,0.982428,1,1,0.997908,0.997579,1,0,1,0,1,"[0]","[1]","[36016.3]","[-1.97198]","[0.347251]","[131893]","[-0.211845]","[1]","[13]","[1]","[0]","[-366.176]","[-0.0276842]","[2.36863]",221578,0.704481,2,"[258521,39709]","[-1.72982,2.31783]","[-2.62759,-0.717077]","[752875,203673]","[0.999283,0.988723]","[0,0]","[0,0]","[-0.959315,-0.74667]",0,"[]","[]","[]","[]","[]","[]","[]","[]","[]","[]",1,"[259022]","[-1.70752]","[-2.625]","[738698]","[36996.5]","[0]","[1.51058]","[0.830123]",0,"[]","[]","[]","[]","[]","[]","[]","[]","[]","[]",0,"[252.254]",9116.8,"[11428.6,3057.71]","[]","[2282.27]","[]"
857,284500,15992717,361102,11462.3,11500.5,3.38179e+11,0.596562,0.97867,1,1,1,0.98846,1.01012,1,1,0,0,1,"[0]","[1]","[110185]","[1.81145]","[-0.577425]","[346129]","[-0.0812683]","[1]","[11]","[1]","[0]","[786.984]","[-0.0650483]","[3.36782]",243502,-0.796386,2,"[399388,47828]","[1.40229,0.790545]","[2.43904,-0.513474]","[861356,64090.9]","[1,0.996456]","[4,0]","[0,0]","[-0.173997,-0.83199]",0,"[]","[]","[]","[]","[]","[]","[]","[]","[]","[]",1,"[373570]","[1.42463]","[2.44628]","[821394]","[13597.2]","[0]","[1.3685]","[0.27236]",0,"[]","[]","[]","[]","[]","[]","[]","[]","[]","[]",0,"[714.095]",2897.33,"[5169.52,5755.14]","[]","[5730.22]","[]"
858,284500,15948324,361102,11454.4,11500.5,3.38179e+11,1.74563,1,1.00043,1,1,0.997054,1.01431,1,0,1,0,1,"[0]","[1]","[81550.6]","[1.58712]","[2.4084]","[207715]","[-0.0415382]","[1]","[13]","[1]","[0]","[93.6963]","[0.0169238]","[2.77714]",278155,2.09551,3,"[309145,24222.6,22186.1]","[0.737071,1.87098,0.126485]","[-1.02319,-0.681388,-1.16323]","[397151,80576.5,23058]","[1,0.992271,0.915096]","[0,0,0]","[0,0,0]","[-0.502725,-0.514739,-0.906616]",0,"[]","[]","[]","[]","[]","[]","[]","[]","[]","[]",1,"[305193]","[0.722654]","[-1.02291]","[388492]","[7856.56]","[0]","[0.556976]","[0.157874]",0,"[]","[]","[]","[]","[]","[]","[]","[]","[]","[]",0,"[362.004]",5116.56,"[5670.89,1973.41,1713.58]","[]","[15578.5]","[]"
859,284500,16107435,361102,11454.7,11500.5,3.38179e+11,0.596562,1,0.998448,1,1,0.997128,0.95285,1,0,1,0,1,"[0]","[1]","[137470]","[-0.765985]","[0.0405818]","[179810]","[0.0507126]","[1]","[13]","[1]","[0]","[-519.999]","[-0.028442]","[5.93104]",321426,-1.6205,4,"[288179,57772.7,27802,21183.7]","[1.72827,-0.0564836,-0.805216,2.44481]","[1.81211,-2.95471,1.37848,1.87018]","[837274,58677.7,37621.6,123092]","[1,1,0.779037,0.901387]","[0,0,0,0]","[0,0,0,0]","[-0.911684,-0.552013,-0.721399,-0.679622]",0,"[]","[]","[]","[]","[]","[]","[]","[]","[]","[]",1,"[325044]","[1.69135]","[1.8376]","[913528]","[54128.4]","[0]","[2.52678]","[0.576459]",0,"[]","[]","[]","[]","[]","[]","[]","[]","[]","[]",0,"[2780.92]",26516.6,"[18126.2,2693.48,6912.17,1276.83]","[]","[8191.19]","[]"
860,284500,16083374,361102,11465.1,11500.5,3.38179e+11,1.55465,1,0.987593,1,1,0.998809,0.945372,1,0,1,0,1,"[0]","[1]","[246803]","[1.90405]","[-1.92968]","[846782]","[-0.077816]","[1]","[13]","[1]","[0]","[-145.759]","[-0.00632038]","[1.20682]",78191.4,-2.276,2,"[300652,116430]","[1.89654,1.21371]","[0.711169,2.12367]","[1.02448e+06,213473]","[0.992125,0.999142]","[0,0]","[0,0]","[0.0802756,-0.233694]",0,"[]","[]","[]","[]","[]","[]","[]","[]","[]","[]",1,"[278712]","[1.88412]","[0.721365]","[938408]","[18941.6]","[0]","[2.63331]","[0.662611]",0,"[]","[]","[]","[]","[]","[]","[]","[]","[]","[]",0,"[5286.86]",19185.6,"[4648.53,2635.14]","[]","[10364.6]","[]"
861,284500,16027860,361102,11456.2,11500.5,3.38179e+11,0.934886,0.98413,1,1,1,0.984897,0.99866,1,1,0,0,1,"[0]","[1]","[115014]","[-0.966566]","[0.571704]","[173055]","[0.136795]","[1]","[11]","[1]","[0]","[1457.8]","[-0.0425127]","[5.37919]",126738,0.57645,3,"[361515,148131,22800.3]","[-0.0809893,-0.136653,-0.607428]","[-2.76866,0.111035,-2.72337]","[369182,152290,27474.4]","[0.992551,0.996234,0.844123]","[4,0,0]","[0,0,0]","[-0.841834,-0.661673,-0.790519]",0,"[]","[]","[]","[]","[]","[]","[]","[]","[]","[]",2,"[384853,257631]","[-0.0778351,-0.59566]","[-2.7529,0.325717]","[394456,337195]","[81145.9,144416]","[0,1]","[1.6759,0.723898]","[0.412953,0.530919]",0,"[]","[]","[]","[]","[]","[]","[]","[]","[]","[]",0,"[640.82]",3577.66,"[6592.99,2213.39,2146.36]","[]","[1551.19,0]","[]"
862,284500,16016444,361102,11461,11500.5,3.38179e+11,0.506784,0.94943,1,1,1,0.997994,0.94658,1,1,0,0,1,"[0]","[1]","[42877.4]","[1.19285]","[-0.961542]","[77175.3]","[0.246407]","[1]","[11]","[1]","[0]","[795.017]","[-0.0216899]","[1.198]",181556,-1.43008,2,"[256104,29445.1]","[-0.0399063,1.44855]","[1.7578,0.558819]","[257879,66262.2]","[0.999657,0.964761]","[0,0]","[0,0]","[-0.943124,-0.533977]",0,"[]","[]","[]","[]","[]","[]","[]","[]","[]","[]",1,"[267784]","[-0.0206157]","[1.74343]","[270024]","[34269.7]","[0]","[2.51454]","[0.654473]",0,"[]","[]","[]","[]","[]","[]","[]","[]","[]","[]",0,"[110.001]",8613.52,"[7867.16,3478.17]","[]","[93.875]","[]"
863,284500,16083720,361102,11465.1,11500.5,3.38179e+11,0.402058,0.9623,1,1,1,0.999121,1.01797,1,1,0,0,1,"[0]","[1]","[53453]","[-2.12428]","[-2.0838]","[226812]","[0.0129013]","[1]","[11]","[1]","[0]","[-658.286]","[-0.0284599]","[1.89827]",196204,-2.60981,1,"[236606]","[-1.57059]","[0.643701]","[593869]","[0.99205]","[0]","[0]","[0.817502]",0,"[]","[]","[]","[]","[]","[]","[]","[]","[]","[]",1,"[251876]","[-1.56008]","[0.642933]","[626054]","[16893.9]","[0]","[1.97107]","[0.650626]",0,"[]","[]","[]","[]","[]","[]","[]","[]","[]","[]",0,"[620.617]",3651.25,"[5117.2]","[]","[1079.12]","[]"
864,284500,16113668,361102,11454.6,11500.5,3.38179e+11,1.08735,0.97921,1,1,1,0.998749,1.00192,1,1,0,0,1,"[0]","[1]","[77873.9]","[-0.584877]","[-2.78992]","[91577.6]","[-0.0167408]","[1]","[11]","[1]","[0]","[-285.167]","[-0.0092454]","[1.233]",336727,-3.11091,3,"[384098,50526.7,32034.6]","[-0.506792,-0.0864009,1.08698]","[0.0367867,-0.587466,1.57847]","[435293,51267.4,53027.2]","[0.284594,0.990589,0.767134]","[0,0,0]","[0,0,0]","[-0.776523,-0.863511,-0.889617]",0,"[]","[]","[]","[]","[]","[]","[]","[]","[]","[]",1,"[401008]","[-0.48351]","[-0.00537245]","[467746]","[131769]","[0]","[2.55153]","[0.807969]",0,"[]","[]","[]","[]","[]","[]","[]","[]","[]","[]",0,"[237.57]",2404.56,"[4965.64,2139.19,7290.92]","[]","[5002.81]","[]"
865,284500,16156158,361102,11453.3,11500.5,3.38179e+11,0.402058,1,0.995075,1,1,0.998028,1.04263,1,0,1,0,1,"[0]","[1]","[67340.8]","[0.797515]","[2.30154]","[89915.6]","[-0.0185356]","[1]","[13]","[1]","[1461.61]","[144.723]","[0.111694]","[18.4372]",225291,2.38156,4,"[279638,31350,29501.7,23649.5]","[1.27531,0.0129067,1.04428,0.413401]","[-0.750454,2.63726,0.0472566,-1.15665]","[539760,31900.9,47413.6,26134]","[0.994351,0.986245,0.979512,0.77424]","[0,0,0,0]","[0,0,0,0]","[-0.776624,-0.684077,-0.880299,0.649212]",0,"[]","[]","[]","[]","[]","[]","[]","[]","[]","[]",1,"[288271]","[1.26706]","[-0.751879]","[552581]","[16486.6]","[0]","[4.08677]","[0.147039]",0,"[]","[]","[]","[]","[]","[]","[]","[]","[]","[]",0,"[543.323]",20114.2,"[9035.31,2230.09,4079.34,1860.75]","[]","[10549.7]","[]"
866,284500,16142497,361102,11452.6,11500.5,3.38179e+11,0.596562,0.98178,1,1,1,0.998834,0.99604,1,1,0,0,1,"[0]","[1]","[91082.9]","[-2.31816]","[1.51591]","[467049]","[0.000482559]","[1]","[11]","[1]","[0]","[278.435]","[0.0282651]","[1.63665]",256231,1.5582,2,"[356333,93446.9]","[-1.22529,-0.781043]","[-1.81599,-0.014432]","[661799,123913]","[0.988328,0.995046]","[0,0]","[0,0]","[-0.833624,0.166924]",0,"[]","[]","[]","[]","[]","[]","[]","[]","[]","[]",1,"[382471]","[-1.23065]","[-1.83633]","[714391]","[74034.9]","[0]","[1.42121]","[0.70718]",0,"[]","[]","[]","[]","[]","[]","[]","[]","[]","[]",0,"[646.88]",9220.42,"[12820.5,2929.22]","[]","[22106.3]","[]"
867,284500,16210953,361102,11457.2,11500.5,3.38179e+11,1.08735,1,0.997331,1,1,0.999463,0.846658,1,0,1,0,1,"[0]","[1]","[167000]","[0.856507]","[-1.70444]","[232094]","[-0.0748444]","[1]","[13]","[1]","[3180.07]","[-283.909]","[0.0309391]","[7.17113]",107658,-1.46135,1,"[275763]","[0.347979]","[1.50848]","[293218]","[0.995363]","[0]","[0]","[-0.839167]",0,"[]","[]","[]","[]","[]","[]","[]","[]","[]","[]",1,"[271002]","[0.370223]","[1.50763]","[290317]","[17530.8]","[0]","[1.33475]","[0.327118]",0,"[]","[]","[]","[]","[]","[]","[]","[]","[]","[]",0,"[1510.2]",3083.03,"[4458.74]","[]","[2100.06]","[]"
868,284500,16271572,361102,11461.6,11500.5,3.38179e+11,0.596562,0.9623,1,1,1,0.998863,0,1,1,0,0,1,"[0]","[1]","[26587]","[-0.269391]","[2.47053]","[27557.5]","[-0.0181313]","[1]","[11]","[1]","[0]","[-95.2696]","[-0.00392651]","[0.366642]",226751,2.47015,2,"[278894,35558.9]","[-1.51052,-0.29786]","[-0.559946,-2.53559]","[662734,37885.9]","[0.99,0.980553]","[0,0]","[0,0]","[-0.616794,-0.859477]",0,"[]","[]","[]","[]","[]","[]","[]","[]","[]","[]",1,"[252404]","[-1.51273]","[-0.566618]","[600773]","[12281.3]","[0]","[2.44535]","[0.590568]",0,"[]","[]","[]","[]","[]","[]","[]","[]","[]","[]",0,"[103.595]",9324.27,"[8955,4807.72]","[]","[205.234]","[]"
869,284500,16244812,361102,11451.5,11500.5,3.38179e+11,1.74563,0.9652,1,1,1,0.998392,0.98592,1,1,0,0,1,"[0]","[1]","[71923.8]","[-1.25413]","[0.014092]","[136299]","[-0.00949478]","[1]","[11]","[1]","[0]","[968.084]","[0.0416761]","[4.55767]",184429,0.858378,2,"[262061,48759.1]","[-1.44126,2.26145]","[-2.28503,2.01409]","[585465,236523]","[0.995676,0.996201]","[0,0]","[0,0]","[-0.882226,-0.828289]",0,"[]","[]","[]","[]","[]","[]","[]","[]","[]","[]",1,"[265323]","[-1.44028]","[-2.28505]","[592113]","[26872]","[0]","[1.85494]","[0.485623]",0,"[]","[]","[]","[]","[]","[]","[]","[]","[]","[]",0,"[336.992]",6839.28,"[5153.19,7904.8]","[]","[15112.6]","[]"
870,284500,16274659,361102,11450.7,11500.5,3.38179e+11,1.55465,0.97097,1,1,1,0.971432,0.99468,1,1,0,0,1,"[0]","[1]","[39325.4]","[0.20088]","[2.01916]","[40121.5]","[0.0735555]","[1]","[11]","[1]","[0]","[802.115]","[0.00780911]","[0.789862]",177799,1.30349,2,"[279413,31656]","[1.89556,1.64351]","[-1.60363,1.58452]","[951172,85052.3]","[0.999465,0.998935]","[0,4]","[0,0]","[-0.324117,0.983775]",0,"[]","[]","[]","[]","[]","[]","[]","[]","[]","[]",1,"[282238]","[1.89048]","[-1.60566]","[956068]","[19228.3]","[0]","[1.93605]","[0.749364]",0,"[]","[]","[]","[]","[]","[]","[]","[]","[]","[]",0,"[79.2263]",4443.81,"[4955.16,3538.77]","[]","[1491.06]","[]"
871,284500,16274332,361102,11450.7,11500.5,3.38179e+11,1.74563,1,0.985263,1,1,0.996371,1.02127,1,0,1,0,1,"[0]","[1]","[171529]","[1.76239]","[0.12777]","[514412]","[-0.22995]","[1]","[13]","[1]","[0]","[-375.402]","[0.104493]","[18.5067]",313318,0.457122,4,"[323889,66594.7,33595.8,27368.7]","[1.27483,0.533038,2.43992,1.69377]","[-2.9566,-3.11559,-1.1789,2.99062]","[626158,76590.2,194231,77137.1]","[0.994566,0.995121,0,0.977399]","[0,0,0,0]","[0,0,0,0]","[-0.856252,-0.857477,-0.426825,-0.631191]",0,"[]","[]","[]","[]","[]","[]","[]","[]","[]","[]",1,"[381993]","[1.20109]","[-2.98223]","[703425]","[124669]","[0]","[1.6059]","[0.507654]",0,"[]","[]","[]","[]","[]","[]","[]","[]","[]","[]",0,"[9696.46]",39351.7,"[6155.77,2224.8,5249.14,2500.44]","[]","[27211.6]","[]"
872,284500,16240354,361102,11462,11500.5,3.38179e+11,1.55465,1,0.994592,1,1,0.999282,0.724848,1,0,1,0,1,"[0]","[1]","[36942.7]","[-0.27667]","[-3.02777]","[38365.8]","[-0.0387802]","[1]","[13]","[1]","[0]","[-48.0047]","[0.0220937]","[3.23418]",295323,-2.35563,1,"[314454]","[1.19983]","[0.725817]","[569913]","[0.999895]","[0]","[0]","[-0.906907]",0,"[]","[]","[]","[]","[]","[]","[]","[]","[]","[]",1,"[312762]","[1.16985]","[0.718339]","[552529]","[15108.2]","[0]","[2.6858]","[0.527614]",0,"[]","[]","[]","[]","[]","[]","[]","[]","[]","[]",0,"[96.7724]",4556.5,"[6122.75]","[]","[19399.9]","[]"
873,284500,16326961,361102,11461.1,11500.5,3.38179e+11,0.934886,0.97446,1,1,1,0.999341,0.98483,1,1,0,0,1,"[0]","[1]","[58577.7]","[-0.310697]","[-2.86578]","[61427.8]","[0.141075]","[1]","[11]","[1]","[0]","[-845.996]","[-0.0357452]","[4.28856]",256266,-2.8429,2,"[267381,41844.4]","[0.655389,-0.69149]","[0.263502,0.186155]","[327521,52734.5]","[1,0.995106]","[0,0]","[0,0]","[-0.715175,-0.949911]",0,"[]","[]","[]","[]","[]","[]","[]","[]","[]","[]",1,"[265780]","[0.692251]","[0.270156]","[332590]","[18992.8]","[0]","[1.62366]","[0.523611]",0,"[]","[]","[]","[]","[]","[]","[]","[]","[]","[]",0,"[137.242]",2951.03,"[4944.79,2145.44]","[]","[10611.5]","[]"
874,284500,16349947,361102,11464.2,11500.5,3.38179e+11,0.402058,1,0.997266,1,1,1.10458,1.02912,1,0,1,0,1,"[0]","[1]","[111911]","[1.65489]","[1.16325]","[303481]","[0.0511284]","[1]","[13]","[1]","[0]","[143.766]","[0.00213306]","[0.340374]",231251,1.53844,3,"[294586,23519.4,20899.5]","[0.441214,1.23923,-0.332938]","[-1.68,-2.06958,-1.68514]","[323986,44060,22409.4]","[1,0.945234,0.89]","[4,0,0]","[0,0,0]","[0.890896,-0.813588,-0.848267]",0,"[]","[]","[]","[]","[]","[]","[]","[]","[]","[]",1,"[289306]","[0.458547]","[-1.67948]","[320455]","[11249.8]","[0]","[0.904557]","[0.0715112]",0,"[]","[]","[]","[]","[]","[]","[]","[]","[]","[]",0,"[4828.98]",11822.1,"[8267.53,2771.94,1187.18]","[]","[23123.5]","[]"
875,284500,16370467,361102,11446.9,11500.5,3.38179e+11,1.55465,1,1.00036,1,1,0.984722,1.002,1,0,1,0,1,"[0]","[1]","[298510]","[-1.18317]","[-0.126277]","[532994]","[-0.0128326]","[1]","[13]","[1]","[0]","[4856.46]","[-0.00121701]","[0.241714]",138315,0.0869955,1,"[404510]","[0.433372]","[3.0176]","[444253]","[0.979754]","[4]","[0]","[-0.401085]",0,"[]","[]","[]","[]","[]","[]","[]","[]","[]","[]",1,"[416758]","[0.365615]","[3.03124]","[448171]","[53848.4]","[0]","[2.98067]","[0.497643]",0,"[]","[]","[]","[]","[]","[]","[]","[]","[]","[]",0,"[35126.9]",9777.36,"[5816.1]","[]","[4232.88]","[]"
876,284500,16501380,361102,11460.5,11500.5,3.38179e+11,0.402058,1,0.992904,1,1,0.998806,0.942752,1,0,1,0,1,"[0]","[1]","[35349.4]","[0.168705]","[-0.498466]","[35853.8]","[0.127289]","[1]","[13]","[1]","[0]","[528.968]","[-0.148224]","[23.0727]",322818,-0.316388,3,"[341515,47363.1,28625]","[0.871533,0.28161,0.455642]","[2.95646,1.01506,2.72645]","[481754,49871.2,31982.4]","[0.999413,1,0.977145]","[0,0,0]","[0,0,0]","[-0.722596,-0.831411,-0.923161]",0,"[]","[]","[]","[]","[]","[]","[]","[]","[]","[]",1,"[360294]","[0.868862]","[2.94091]","[508431]","[58408.4]","[0]","[1.58346]","[0.660405]",0,"[]","[]","[]","[]","[]","[]","[]","[]","[]","[]",0,"[92.0459]",12980.9,"[4231.36,9784.71,2162.66]","[]","[39425.5]","[]"
877,284500,16561225,361102,11452.9,11500.5,3.38179e+11,0.506784,0.97332,1,1,1,0.999032,0.98683,1,1,0,0,1,"[0]","[1]","[75701.4]","[-0.980249]","[2.19615]","[115079]","[0.0707932]","[1]","[11]","[1]","[0]","[46.5299]","[-0.0431911]","[3.00321]",292885,2.08185,3,"[202909,138814,47739.7]","[-1.5361,-1.43702,0.298222]","[-1.24893,-0.481722,-1.61295]","[493280,309029,50847]","[1,0.998074,0.974593]","[0,0,0]","[0,0,0]","[-0.565336,-0.479473,-0.7642]",0,"[]","[]","[]","[]","[]","[]","[]","[]","[]","[]",1,"[286243]","[-1.57169]","[-0.978125]","[729766]","[125887]","[0]","[0.532774]","[0.756956]",0,"[]","[]","[]","[]","[]","[]","[]","[]","[]","[]",0,"[265.823]",4355.94,"[3221.55,7847.46,2898.95]","[]","[17433.5]","[]"
878,284500,16504831,361102,11466.7,11500.5,3.38179e+11,0.402058,1,0.997677,1,1,0.998722,0.989412,1,0,1,0,1,"[0]","[1]","[44251.1]","[0.625344]","[3.05676]","[53189.2]","[0.0575943]","[1]","[13]","[1]","[0]","[-346.874]","[0.0323455]","[4.51987]",411733,2.68311,1,"[429304]","[-0.367735]","[-0.41642]","[460128]","[0.996545]","[0]","[0]","[-0.839923]",0,"[]","[]","[]","[]","[]","[]","[]","[]","[]","[]",1,"[437064]","[-0.332157]","[-0.413322]","[462158]","[26507.8]","[0]","[2.64433]","[0.575521]",0,"[]","[]","[]","[]","[]","[]","[]","[]","[]","[]",0,"[102.887]",9132.53,"[10224.6]","[]","[6473.62]","[]"
879,284500,16658961,361102,11453.2,11500.5,3.38179e+11,0,0.98413,1,1,1,1.15243,0.99866,1,1,0,0,1,"[0]","[1]","[105905]","[-1.09463]","[-0.0460361]","[175949]","[0.0573168]","[1]","[11]","[1]","[0]","[64.9149]","[0.0333601]","[3.80324]",270938,-0.228009,2,"[365785,57832.7]","[-1.86209,1.14345]","[2.80597,-1.9123]","[1.20644e+06,100434]","[1,0.996411]","[0,4]","[0,0]","[-0.766286,0.956035]",0,"[]","[]","[]","[]","[]","[]","[]","[]","[]","[]",1,"[376908]","[-1.86247]","[2.80646]","[1.24383e+06]","[49817.4]","[0]","[0.810268]","[0.767009]",0,"[]","[]","[]","[]","[]","[]","[]","[]","[]","[]",0,"[720.982]",24446.7,"[25941.5,5987.15]","[]","[38132.6]","[]"
880,284500,16550320,361102,11455.1,11500.5,3.38179e+11,1.24168,0.98458,1,1,1,0.969621,1.00582,1,1,0,0,1,"[0]","[1]","[114180]","[-0.413065]","[-2.47554]","[124060]","[-0.0718727]","[1]","[11]","[1]","[2095.25]","[-1340.43]","[0.000898554]","[0.0679355]",586020,-2.49509,3,"[647155,193977,41935.3]","[0.531137,0.93064,-0.427771]","[1.01249,-0.737893,0.0424272]","[746165,284340,46352.7]","[0.997718,1,0.985312]","[0,5,0]","[0,0,0]","[-0.692673,0.997582,-0.256889]",0,"[]","[]","[]","[]","[]","[]","[]","[]","[]","[]",1,"[655895]","[0.545125]","[1.0201]","[762749]","[102828]","[0]","[1.29769]","[0.679907]",0,"[]","[]","[]","[]","[]","[]","[]","[]","[]","[]",0,"[1096.2]",1996.81,"[15259.4,3715.7,5261.91]","[]","[40839.8]","[]"
881,284500,15211484,361102,11455.9,11500.5,3.38179e+11,1.74563,0.96218,1,1,1,0.998527,0.95786,1,1,0,0,1,"[0]","[1]","[36690.5]","[0.742844]","[2.34798]","[47287.9]","[0.0108929]","[1]","[11]","[1]","[0]","[-274.763]","[-0.0014593]","[0.0770893]",322412,2.83922,3,"[338241,74756.3,20425.2]","[-1.26956,-0.289484,0.244655]","[-0.624313,1.01848,0.475781]","[651088,78767.3,21238.2]","[0.987417,1,0.992689]","[0,0,0]","[0,0,0]","[-0.888296,-0.862445,-0.568547]",0,"[]","[]","[]","[]","[]","[]","[]","[]","[]","[]",1,"[348911]","[-1.26278]","[-0.620921]","[668258]","[53775.8]","[0]","[1.49536]","[0.753684]",0,"[]","[]","[]","[]","[]","[]","[]","[]","[]","[]",0,"[81.8645]",21690.5,"[12849.3,3568.54,1161.56]","[]","[11602.3]","[]"
882,284500,16631840,361102,11463.2,11500.5,3.38179e+11,1.74563,0.97166,1,1,1,0.996633,1.0005,1,1,0,0,1,"[0]","[1]","[109555]","[2.06057]","[-2.12224]","[437002]","[0.0447235]","[1]","[11]","[1]","[0]","[1888.83]","[-0.000319074]","[0.0250815]",283972,-2.39597,3,"[675695,322830,66355.7]","[0.581221,-1.62157,1.179]","[0.268851,2.98039,2.66621]","[795195,850121,118584]","[1,1,0.535806]","[0,0,0]","[0,0,0]","[-0.524791,-0.927651,-0.0978516]",0,"[]","[]","[]","[]","[]","[]","[]","[]","[]","[]",2,"[641728,331122]","[0.546021,-1.64862]","[0.258745,2.97022]","[740170,893972]","[23711.4,47210.2]","[0,0]","[1.73709,1.66762]","[0.517215,0.798269]",0,"[]","[]","[]","[]","[]","[]","[]","[]","[]","[]",0,"[630.055]",34675.8,"[16052.8,15830.4,3373.73]","[]","[38396.9,13941.9]","[]"
883,284500,16651244,361102,11451.3,11500.5,3.38179e+11,0.596562,1,0.999434,1,1,0.998648,0.994531,1,0,1,0,1,"[0]","[1]","[42566.9]","[-2.06066]","[-3.00174]","[169810]","[-0.16604]","[1]","[13]","[1]","[0]","[-185.622]","[-0.038986]","[4.43788]",256742,2.9727,3,"[178348,155828,27067.8]","[-1.44572,-1.69428,-1.13712]","[0.292233,-0.628334,-1.64008]","[400244,438548,46690.1]","[0.99,0.996252,0.977531]","[0,0,0]","[0,0,0]","[-0.985878,-0.96876,-0.33436]",0,"[]","[]","[]","[]","[]","[]","[]","[]","[]","[]",1,"[259268]","[-1.66782]","[-0.131557]","[725089]","[139245]","[0]","[0.509591]","[0.709106]",0,"[]","[]","[]","[]","[]","[]","[]","[]","[]","[]",0,"[676.759]",10067.2,"[8808.36,3670.3,3741.38]","[]","[8603.42]","[]"
884,284500,16772292,361102,11456.3,11500.5,3.38179e+11,1.08735,0.96228,1,1,1,0.997775,0.95211,1,1,0,0,1,"[0]","[1]","[36725]","[-0.863485]","[-1.04583]","[51288.3]","[0.00238609]","[1]","[11]","[1]","[0]","[-192.085]","[0.0644697]","[4.35657]",236473,-0.730721,2,"[310701,29908.2]","[-1.40186,1.37932]","[2.29309,-1.61987]","[669477,63273]","[1,0.990703]","[0,0]","[0,0]","[-0.916518,-0.876767]",0,"[]","[]","[]","[]","[]","[]","[]","[]","[]","[]",1,"[323308]","[-1.39653]","[2.2941]","[693299]","[6398.74]","[0]","[3.15923]","[0.587715]",0,"[]","[]","[]","[]","[]","[]","[]","[]","[]","[]",0,"[240.321]",2024.05,"[5592.54,3133.38]","[]","[9666.78]","[]"
885,284500,16628214,361102,11455.9,11500.5,3.38179e+11,0.934886,1.01378,1,1,1,0.998927,1.00936,1,1,0,0,1,"[0]","[1]","[266961]","[0.0804375]","[-2.22012]","[267825]","[-0.0934868]","[1]","[11]","[1]","[0]","[2048.5]","[-0.00819152]","[0.827483]",62535.1,-2.12917,1,"[327653]","[-1.66394]","[0.941415]","[896204]","[0.990104]","[0]","[0]","[-0.877815]",0,"[]","[]","[]","[]","[]","[]","[]","[]","[]","[]",2,"[320516,277840]","[-1.66178,0.0889853]","[0.943298,-2.22121]","[874835,278941]","[10986.8,0.00119604]","[0,1]","[1.95712,0]","[0.362953,-1]",0,"[]","[]","[]","[]","[]","[]","[]","[]","[]","[]",0,"[1403.72]",4814.35,"[7003.88]","[]","[940.594,12426]","[]"
886,284500,16041376,361102,11452.3,11500.5,3.38179e+11,1.25133,0.96833,1,1,1,0.999017,0.97476,1,1,0,0,1,"[0]","[1]","[47882.3]","[0.712731]","[1.47939]","[60567.7]","[-0.0949249]","[1]","[11]","[1]","[0]","[39.8171]","[0.0733976]","[6.99381]",277851,1.98849,2,"[291581,28746.6]","[1.1755,-0.0419211]","[-1.23239,-1.1227]","[518138,29309.3]","[0.981743,0.905714]","[0,0]","[0,0]","[-0.878424,-0.747283]",0,"[]","[]","[]","[]","[]","[]","[]","[]","[]","[]",1,"[277438]","[1.14773]","[-1.23475]","[482150]","[31330.6]","[0]","[2.07432]","[0.754034]",0,"[]","[]","[]","[]","[]","[]","[]","[]","[]","[]",0,"[200.333]",14661.2,"[13467.8,2509.83]","[]","[1408.34]","[]"
887,284500,16167794,361102,11456.4,11500.5,3.38179e+11,0.596562,1,0.996796,1,1,0.998504,0.834439,1,0,1,0,1,"[0]","[1]","[262431]","[-0.151029]","[0.652976]","[265430]","[-0.0340958]","[1]","[13]","[1]","[0]","[-508.917]","[0.0187415]","[3.14129]",47408.8,-0.253843,3,"[240751,39444.4,20809.1]","[1.55535,0.380748,-0.916484]","[-2.67954,-1.86667,-3.01219]","[595770,42708.9,30496.6]","[0.988743,0.99919,0.991828]","[0,0,0]","[0,0,0]","[-0.682284,-0.885165,-0.711443]",0,"[]","[]","[]","[]","[]","[]","[]","[]","[]","[]",1,"[252152]","[1.58233]","[-2.68207]","[639534]","[11699.4]","[0]","[3.2814]","[0.674888]",0,"[]","[]","[]","[]","[]","[]","[]","[]","[]","[]",0,"[852.61]",1603.51,"[4304.11,3047.7,1150.19]","[]","[23114.6]","[]"
888,284500,16653662,361102,11459.2,11500.5,3.38179e+11,0.506784,1,0.995761,1,1,0.998966,0.997131,1,0,1,0,1,"[0]","[1]","[36732]","[2.07684]","[0.348095]","[148848]","[0.0938568]","[1]","[13]","[1]","[0]","[-137.627]","[-0.0252019]","[2.90584]",214797,0.218554,1,"[257959]","[1.76327]","[-2.88663]","[774440]","[1]","[0]","[0]","[-0.493998]",0,"[]","[]","[]","[]","[]","[]","[]","[]","[]","[]",1,"[268552]","[1.77782]","[-2.88697]","[817298]","[12844.8]","[0]","[3.02421]","[0.519978]",0,"[]","[]","[]","[]","[]","[]","[]","[]","[]","[]",0,"[398.389]",7202.2,"[8186.58]","[]","[0]","[]"
889,284500,16626294,361102,11459.9,11500.5,3.38179e+11,1.08735,1,0.995388,1,1,1.28804,0.805856,1,0,1,0,1,"[0]","[1]","[150930]","[0.757589]","[0.918913]","[196354]","[0.0380745]","[1]","[13]","[1]","[0]","[-234.711]","[0.0343211]","[7.11015]",284270,0.831545,6,"[429920,24785.6,22537.8,21361.2,21340.6,20175.4]","[0.656375,1.17441,-0.174724,0.233736,-1.05772,2.33839]","[-2.36911,-1.16692,-1.16252,-2.84804,0.0472248,1.34149]","[531035,44147.8,23386.6,22523.8,34635.1,105544]","[0.993219,0.996731,0.972539,0.992784,0.949782,0.909968]","[0,0,0,0,0,0]","[0,0,0,0,0,0]","[0.87574,-0.957453,-0.512012,-0.696755,-0.872033,-0.535724]",0,"[]","[]","[]","[]","[]","[]","[]","[]","[]","[]",1,"[416749]","[0.669635]","[-2.36949]","[520004]","[80527]","[0]","[1.32837]","[0.486317]",0,"[]","[]","[]","[]","[]","[]","[]","[]","[]","[]",0,"[5817.62]",15854.8,"[4835.29,9750.91,2485.49,2149.17,1789.82,1179.91]","[]","[13135.4]","[]"
890,284500,16759791,361102,11449.9,11500.5,3.38179e+11,0.934886,0.98697,1,1,1,0.997892,1.00582,1,1,0,0,1,"[0]","[1]","[179928]","[-0.162008]","[0.893547]","[182294]","[0.057785]","[1]","[11]","[1]","[0]","[833.447]","[0.0309061]","[3.50562]",302404,0.767485,2,"[468180,23546.4]","[1.16263,1.00246]","[-2.37325,-1.85122]","[822478,36596.7]","[1,0.677666]","[0,0]","[0,0]","[-0.926804,-0.838817]",0,"[]","[]","[]","[]","[]","[]","[]","[]","[]","[]",1,"[450600]","[1.15496]","[-2.37842]","[786589]","[28682.9]","[0]","[2.67972]","[0.625171]",0,"[]","[]","[]","[]","[]","[]","[]","[]","[]","[]",0,"[4447.8]",8871.81,"[8269.54,3918.13]","[]","[23961.8]","[]"
891,284500,16580305,361102,11450.8,11500.5,3.38179e+11,1.74563,0.9523,1,1,1,1.00087,1.00099,1,1,0,0,1,"[0]","[1]","[35859.4]","[1.5431]","[-1.12741]","[87726.3]","[0.617119]","[1]","[11]","[1]","[0]","[1312.26]","[-0.426858]","[10.7668]",310386,-1.09765,6,"[296854,136960,31702.8,30068.2,26664.9,22280.6]","[1.31649,-1.47074,1.00921,0.813578,1.04087,-2.34511]","[2.33768,0.965891,-0.901433,-2.83583,0.961024,-3.0266]","[593910,313894,49638.1,41096.7,43001.6,117380]","[0.990358,0.994527,0.969152,0.908924,0.992838,0.995812]","[0,0,0,4,0,0]","[0,0,0,0,0,0]","[-0.912769,-0.697109,-0.76039,-0.43356,-0.912436,-0.450731]",0,"[]","[]","[]","[]","[]","[]","[]","[]","[]","[]",1,"[276063]","[1.33698]","[2.33719]","[562080]","[17312.3]","[0]","[1.88705]","[0.559312]",0,"[]","[]","[]","[]","[]","[]","[]","[]","[]","[]",0,"[286.771]",12519.9,"[7292.98,13277.6,3194.68,1823.48,4110.23,1937.79]","[]","[19993.8]","[]"
892,284500,16577678,361102,11459.4,11500.5,3.38179e+11,0.934886,0.96218,1,1,1,0.999421,0.97108,1,1,0,0,1,"[0]","[1]","[38725.8]","[0.644064]","[2.63253]","[47039.4]","[0.0371895]","[1]","[11]","[1]","[0]","[63.2851]","[-0.00186658]","[0.177529]",257886,2.94828,1,"[295761]","[0.735665]","[-0.198738]","[380496]","[0.991113]","[0]","[0]","[-0.830778]",0,"[]","[]","[]","[]","[]","[]","[]","[]","[]","[]",1,"[299881]","[0.717079]","[-0.195282]","[381212]","[25739.2]","[0]","[1.44184]","[0.723874]",0,"[]","[]","[]","[]","[]","[]","[]","[]","[]","[]",0,"[27.2628]",120.453,"[3347.33]","[]","[1467.5]","[]"
893,284500,16690119,361102,11454,11500.5,3.38179e+11,1.08735,0.9655,1,1,1,0.999375,1.00324,1,1,0,0,1,"[0]","[1]","[34584.7]","[0.118606]","[-2.7099]","[34828.2]","[-0.227785]","[1]","[11]","[1]","[0]","[812.005]","[0.0370883]","[2.9066]",273515,-2.99423,1,"[302796]","[0.133345]","[0.174333]","[305924]","[1]","[0]","[0]","[-0.932118]",0,"[]","[]","[]","[]","[]","[]","[]","[]","[]","[]",1,"[327880]","[0.0464162]","[0.138824]","[342060]","[96270.3]","[0]","[0.261751]","[0.202948]",0,"[]","[]","[]","[]","[]","[]","[]","[]","[]","[]",0,"[18.3919]",8882.12,"[9467.23]","[]","[16156.2]","[]"
894,284500,15134226,361102,11457.9,11500.5,3.38179e+11,1.24168,1,0.999102,1,1,0.988049,0.955349,1,0,1,0,1,"[0]","[1]","[66442.6]","[0.141107]","[-2.99439]","[67105.2]","[0.0897751]","[1]","[13]","[1]","[0]","[-503.132]","[0.0757055]","[12.2656]",213346,2.83241,2,"[378476,153781]","[1.02561,-1.7558]","[-0.365902,2.06038]","[596139,458504]","[1,0.997943]","[0,4]","[0,0]","[-0.899821,-0.476483]",0,"[]","[]","[]","[]","[]","[]","[]","[]","[]","[]",1,"[352900]","[1.0471]","[-0.366624]","[565056]","[20112.4]","[0]","[1.63]","[0.442273]",0,"[]","[]","[]","[]","[]","[]","[]","[]","[]","[]",0,"[461.336]",23409.2,"[10192.3,2540.61]","[]","[16086.8]","[]"
895,284500,15242004,361102,11452.3,11500.5,3.38179e+11,1.74563,0.98089,1,1,1,1.00788,0.99866,1,1,0,0,1,"[0]","[1]","[188574]","[-0.790472]","[0.961874]","[250621]","[-0.0610332]","[1]","[11]","[1]","[1376.84]","[244.636]","[0.0151357]","[2.15595]",379454,1.02338,4,"[445705,92992.9,24799.2,22301.9]","[-0.655544,-0.347489,1.67812,0.945546]","[-2.00701,-2.4292,-0.934598,2.65014]","[546416,99127.4,68989.1,33322.3]","[0.998103,0.997672,0.991713,0.998203]","[0,0,0,4]","[0,0,0,0]","[-0.898059,-0.893811,-0.384142,-0.66031]",0,"[]","[]","[]","[]","[]","[]","[]","[]","[]","[]",1,"[488546]","[-0.628192]","[-2.08377]","[598306]","[109751]","[0]","[1.57537]","[0.356001]",0,"[]","[]","[]","[]","[]","[]","[]","[]","[]","[]",0,"[1779.82]",4619.16,"[7786.17,2095.95,1687.72,1280.45]","[]","[30546.1]","[]"
896,284500,15200464,361102,11458.7,11500.5,3.38179e+11,3.34815,1,0.994564,1,1,0.997751,0.954216,1,0,1,0,1,"[0]","[1]","[335198]","[0.47194]","[-1.62505]","[373225]","[-0.0146103]","[1]","[13]","[1]","[0]","[4307.13]","[0.0511849]","[9.27569]",154125,-1.65003,3,"[453721,37554.6,20924.2]","[1.07391,0.0828589,1.08904]","[1.37671,2.88738,2.37294]","[742418,38781.6,34752.2]","[0.99963,0.999998,0.918043]","[0,0,0]","[0,0,0]","[-0.945837,-0.792277,-0.721024]",0,"[]","[]","[]","[]","[]","[]","[]","[]","[]","[]",1,"[458777]","[1.07636]","[1.37723]","[752429]","[42924.4]","[0]","[1.7238]","[0.66648]",0,"[]","[]","[]","[]","[]","[]","[]","[]","[]","[]",0,"[20881.9]",20170.1,"[9859.1,1948.28,1151.93]","[]","[3475.44]","[]"
897,284500,15201908,361102,11454,11500.5,3.38179e+11,1.74563,1,0.995207,1,1,1.00916,1.03087,1,0,1,0,1,"[0]","[1]","[143694]","[-0.539498]","[0.623665]","[165117]","[0.0114365]","[1]","[13]","[1]","[0]","[-485.314]","[-0.0820549]","[15.9056]",186916,0.297212,4,"[281539,63123.4,22020.4,20308.8]","[1.34759,2.03124,-0.23551,1.85015]","[-2.4353,2.2076,-2.9021,-3.12712]","[578455,244821,22973.7,66253.5]","[1,0.996792,0.999668,0.882409]","[0,0,4,0]","[0,0,0,0]","[-0.504071,-0.230282,-0.492063,-0.933414]",0,"[]","[]","[]","[]","[]","[]","[]","[]","[]","[]",1,"[271057]","[1.36669]","[-2.43339]","[566240]","[10634.1]","[0]","[2.00146]","[0.46921]",0,"[]","[]","[]","[]","[]","[]","[]","[]","[]","[]",0,"[4723.34]",8199.05,"[9056.55,8207.94,1226.86,1113.11]","[]","[3370.34]","[]"
898,284500,16469647,361102,11451.4,11500.5,3.38179e+11,1.74563,1,0.998988,1,1,0.999375,0.987081,1,0,1,0,1,"[0]","[1]","[32356.8]","[1.38724]","[1.13828]","[68815.6]","[0.633095]","[1]","[13]","[1]","[0]","[-127.38]","[0.1095]","[10.0835]",298671,1.16739,2,"[310678,79562]","[0.117244,2.29731]","[-2.21905,-0.693261]","[314278,399923]","[1,0.997724]","[0,0]","[0,0]","[-0.803869,-0.741417]",0,"[]","[]","[]","[]","[]","[]","[]","[]","[]","[]",1,"[309663]","[0.16637]","[-2.21049]","[315215]","[28115]","[0]","[2.44053]","[0.690159]",0,"[]","[]","[]","[]","[]","[]","[]","[]","[]","[]",0,"[89.6747]",6790.78,"[11421.4,6378.45]","[]","[14932.8]","[]"
899,284500,15335562,361102,11460,11500.5,3.38179e+11,0.596562,0.937421,1,1,1,1.62302,0.98483,1,1,0,0,2,"[0,0]","[1,0]","[55092.1,12996.7]","[-0.382719,-1.31964]","[2.23423,-2.32515]","[59176.3,26053.9]","[0.0414333,-76.5262]","[1,1]","[11,11]","[1,1]","[4774.38,1694.32]","[715.782,-998.434]","[0.0372149,0.000575863]","[3.57276,0.0253257]",288491,1.83653,5,"[285820,23019.4,22365.8,21885.8,21036.5]","[-0.635266,2.16223,-1.06827,-0.493741,-1.00803]","[-1.02258,2.6325,-1.39724,-1.99911,-0.62308]","[347836,101454,36611.3,24971.7,32955.9]","[1,0.98,0.969706,1,0.997763]","[0,0,0,0,0]","[0,0,0,0,0]","[-0.897417,0.889413,-0.676334,-0.828814,-0.594338]",0,"[]","[]","[]","[]","[]","[]","[]","[]","[]","[]",1,"[265432]","[-0.643243]","[-1.00914]","[324205]","[35421.5]","[0]","[1.99223]","[0.708644]",0,"[]","[]","[]","[]","[]","[]","[]","[]","[]","[]",0,"[227.855,233.611]",11146.2,"[4809.51,5465.39,2170.27,1891.6,1896.89]","[]","[1894.88]","[]"
900,284500,15351441,361102,11456.7,11500.5,3.38179e+11,0.00183436,1,0.993861,1,1,1.01053,0.819063,1,0,1,0,1,"[0]","[1]","[93297.7]","[0.287125]","[1.51446]","[97170]","[0.121235]","[1]","[13]","[1]","[0]","[-239.904]","[0.022442]","[4.0011]",244953,1.28225,3,"[232677,106993,22394.9]","[0.22087,0.468739,-0.181484]","[-1.98145,-1.39436,-2.58904]","[240421,119969,23008.3]","[0.998098,0.999788,0.953377]","[0,0,4]","[0,0,0]","[-0.30381,-0.63085,-0.151839]",0,"[]","[]","[]","[]","[]","[]","[]","[]","[]","[]",1,"[291931]","[0.328147]","[-1.82345]","[322081]","[94874.4]","[0]","[0.97749]","[0.655346]",0,"[]","[]","[]","[]","[]","[]","[]","[]","[]","[]",0,"[2643.18]",6619.84,"[6316.93,4179.21,2224.82]","[]","[9612.09]","[]"
901,284500,15547855,361102,11456.6,11500.5,3.38179e+11,1.32095,1.01425,0.995838,1,1,0.997494,0.367521,1,0,1,0,2,"[0,0]","[1,0]","[68573.2,8920.35]","[0.961981,0.407923]","[2.18736,-2.042]","[102826,9672.87]","[-0.0299225,-130.788]","[1,-1]","[13,11]","[1,1]","[0,0]","[-739.765,-486.611]","[0.0198121,-0.0250641]","[2.80115,1.3892]",222245,1.7978,3,"[252731,56598.7,27472.5]","[1.83701,-0.311157,1.36362]","[-1.30132,-0.422705,-3.08638]","[813517,60422.7,57524.7]","[1,0.994248,0.988691]","[0,0,0]","[0,0,0]","[-0.365272,-0.574284,-0.8334]",0,"[]","[]","[]","[]","[]","[]","[]","[]","[]","[]",1,"[259031]","[1.87053]","[-1.30278]","[860810]","[11746.1]","[0]","[3.99501]","[0.596952]",0,"[]","[]","[]","[]","[]","[]","[]","[]","[]","[]",0,"[211.619,253.566]",6096.42,"[6049.57,2422.79,4444.17]","[]","[0]","[]"
902,284500,15354937,361102,11464.5,11500.5,3.38179e+11,1.26459,0.9823,1,1,1,0.987472,1.00632,1,1,0,0,1,"[0]","[1]","[133080]","[0.366001]","[0.170898]","[142094]","[-0.061615]","[1]","[11]","[1]","[0]","[-1171.68]","[-0.00820145]","[1.09456]",160714,-0.151795,5,"[298348,200179,97098.2,37469.8,31645.7]","[0.387213,-1.20401,1.06443,-0.310417,0.597869]","[-1.92183,2.39011,2.15148,0.826227,2.14141]","[321255,364913,157732,40132.4,37867.9]","[0.992297,0.994385,0.979293,0.77033,0.960205]","[0,4,0,0,0]","[0,0,0,0,0]","[-0.865936,0.353183,-0.938298,-0.88381,-0.90139]",0,"[]","[]","[]","[]","[]","[]","[]","[]","[]","[]",1,"[304120]","[0.360767]","[-1.91869]","[324280]","[9963.41]","[0]","[8.15071]","[0.177182]",0,"[]","[]","[]","[]","[]","[]","[]","[]","[]","[]",0,"[1205.76]",3576.95,"[8203.45,3594.77,2904.33,4000.69,5002.18]","[]","[1283.25]","[]"
903,284500,15340619,361102,11453.5,11500.5,3.38179e+11,1.08735,1,0.969083,1,1,0.985716,1.00414,1,0,1,0,1,"[0]","[1]","[65069.1]","[-1.62508]","[1.31951]","[171643]","[-0.100632]","[1]","[13]","[1]","[0]","[410.155]","[0.0102299]","[1.19244]",407391,1.44259,1,"[474384]","[0.133157]","[-1.78021]","[480818]","[0.994882]","[4]","[0]","[-0.963623]",0,"[]","[]","[]","[]","[]","[]","[]","[]","[]","[]",1,"[472375]","[0.151494]","[-1.78156]","[479984]","[45673.2]","[0]","[1.59399]","[0.498837]",0,"[]","[]","[]","[]","[]","[]","[]","[]","[]","[]",0,"[452.991]",6398.06,"[8205.27]","[]","[46823.9]","[]"
904,284500,16393900,361102,11448.4,11500.5,3.38179e+11,1.08735,1,0.993604,1,1,0.997392,0.823717,1,0,1,0,1,"[0]","[1]","[84615.6]","[-0.424247]","[-2.67566]","[92345.4]","[-0.0321045]","[1]","[13]","[1]","[0]","[-384.825]","[-0.0510897]","[6.72875]",487860,-2.42841,3,"[524004,27543.1,26206.2]","[0.108938,-0.557907,0.883658]","[0.73378,-0.645027,0.593344]","[529121,32428,37513.4]","[1,0.997272,0.971919]","[0,0,0]","[0,0,0]","[-0.791065,-0.806893,-0.479317]",0,"[]","[]","[]","[]","[]","[]","[]","[]","[]","[]",1,"[516480]","[0.136173]","[0.730442]","[523574]","[49000.6]","[0]","[2.24481]","[0.629697]",0,"[]","[]","[]","[]","[]","[]","[]","[]","[]","[]",0,"[1305.16]",3833.19,"[6548.08,3401.25,1881.14]","[]","[8741.88]","[]"
905,284500,15339399,361102,11455.1,11500.5,3.38179e+11,1.74563,0.98413,1,1,1,0.995733,0.99866,1,1,0,0,1,"[0]","[1]","[87928]","[-1.11312]","[-1.83781]","[148263]","[-0.041214]","[1]","[11]","[1]","[0]","[-412.827]","[0.0610768]","[6.15026]",425774,-2.21359,2,"[489377,22749.5]","[0.439036,-0.291053]","[0.964005,1.12149]","[540363,23991.7]","[0.995675,0.992818]","[4,4]","[0,0]","[-0.115528,-0.889496]",0,"[]","[]","[]","[]","[]","[]","[]","[]","[]","[]",1,"[459495]","[0.422234]","[0.96032]","[503375]","[48145.7]","[0]","[1.47288]","[0.56533]",0,"[]","[]","[]","[]","[]","[]","[]","[]","[]","[]",0,"[537.825]",206.219,"[5217.52,2039.65]","[]","[15074.4]","[]"
906,284500,15902911,361102,11455.9,11500.5,3.38179e+11,0.596562,0.96304,1,1,1,1.17342,0.9991,1,1,0,0,1,"[0]","[1]","[45818.6]","[-1.80348]","[3.08649]","[142850]","[-0.176819]","[1]","[11]","[1]","[0]","[1476.78]","[-0.0375965]","[1.78795]",197816,2.80162,1,"[250684]","[-1.79213]","[-0.324884]","[773444]","[0.442976]","[0]","[0]","[0.973398]",0,"[]","[]","[]","[]","[]","[]","[]","[]","[]","[]",1,"[251838]","[-1.7901]","[-0.325648]","[775877]","[30450.4]","[0]","[3.44502]","[0.719136]",0,"[]","[]","[]","[]","[]","[]","[]","[]","[]","[]",0,"[210.331]",20619,"[5833.79]","[]","[18463.8]","[]"
907,284500,15689325,361102,11447.8,11500.5,3.38179e+11,0.596562,1,0.995776,1,1,0.998115,0.975987,1,0,1,0,1,"[0]","[1]","[90546.6]","[1.09931]","[-1.02821]","[150995]","[0.0157394]","[1]","[13]","[1]","[0]","[-363.81]","[-0.000699176]","[0.124727]",433072,-0.977109,1,"[533950]","[0.830681]","[2.14846]","[730752]","[0.99937]","[0]","[0]","[-0.961972]",0,"[]","[]","[]","[]","[]","[]","[]","[]","[]","[]",1,"[555481]","[0.810518]","[2.15209]","[749594]","[46514.4]","[0]","[2.08774]","[0.696923]",0,"[]","[]","[]","[]","[]","[]","[]","[]","[]","[]",0,"[1318.49]",635.562,"[6688.45]","[]","[20389.3]","[]"
908,284500,15311509,361102,11461,11500.5,3.38179e+11,1.26205,0.97994,1,1,1,0.998866,1.00632,1,1,0,0,1,"[0]","[1]","[151808]","[0.385637]","[-0.103121]","[163236]","[-0.0102177]","[1]","[11]","[1]","[0]","[1282.17]","[-0.00502418]","[0.580997]",180062,0.0716619,2,"[285308,52690.4]","[0.985365,2.24181]","[3.06527,-2.60872]","[436281,250772]","[0.996176,0.999409]","[0,0]","[0,0]","[-0.337117,-0.871312]",0,"[]","[]","[]","[]","[]","[]","[]","[]","[]","[]",1,"[301024]","[0.994693]","[3.06008]","[463215]","[23207.5]","[0]","[1.78235]","[0.738946]",0,"[]","[]","[]","[]","[]","[]","[]","[]","[]","[]",0,"[832.39]",1203.45,"[3564.98,2615.75]","[]","[11723.1]","[]"
909,284500,15551737,361102,11451.2,11500.5,3.38179e+11,0.596562,1,0.995454,1,1,0.999208,0.86261,1,0,1,0,1,"[0]","[1]","[170142]","[0.12425]","[-0.118149]","[171457]","[-0.00484467]","[1]","[13]","[1]","[0]","[-421.272]","[0.0184696]","[3.71083]",85402.6,-0.199485,2,"[304673,41017.7]","[1.06218,0.248639]","[-3.04852,-2.21271]","[494650,42861]","[0.997604,1]","[0,0]","[0,0]","[-0.804888,-0.863036]",0,"[]","[]","[]","[]","[]","[]","[]","[]","[]","[]",1,"[338676]","[1.03436]","[-3.04416]","[537983]","[38688.3]","[0]","[0.928989]","[0.558353]",0,"[]","[]","[]","[]","[]","[]","[]","[]","[]","[]",0,"[7439.54]",627.578,"[4210.94,4113.62]","[]","[2250.03]","[]"
910,284500,15600527,361102,11462.5,11500.5,3.38179e+11,0.596562,0.9623,1,1,1,0.996955,1.01797,1,1,0,0,1,"[0]","[1]","[52675]","[-2.18486]","[-1.2685]","[237088]","[0.168188]","[1]","[11]","[1]","[0]","[-459.72]","[-0.025707]","[1.86994]",290988,-1.16444,3,"[380558,131469,24507.1]","[-1.75155,2.06889,1.3182]","[2.29196,0.516457,-1.42484]","[1.13076e+06,528850,49264.8]","[0.999775,0.999807,1]","[0,0,0]","[0,0,0]","[-0.739588,-0.939009,-0.956699]",0,"[]","[]","[]","[]","[]","[]","[]","[]","[]","[]",1,"[361923]","[-1.74888]","[2.30692]","[1.07255e+06]","[43090.8]","[0]","[1.92243]","[0.701168]",0,"[]","[]","[]","[]","[]","[]","[]","[]","[]","[]",0,"[131.311]",23018.2,"[28826.4,4862.42,4241.92]","[]","[2090.34]","[]"
911,284500,6689623,361102,11457,11500.5,3.38179e+11,0,1,1.00078,1,1,0.999404,0.981223,1,0,1,0,1,"[0]","[1]","[38598.6]","[1.34828]","[-1.78115]","[79329.6]","[0.0443268]","[1]","[13]","[1]","[0]","[-1257.78]","[-0.0518186]","[6.12851]",242218,-1.47491,1,"[280986]","[1.07589]","[1.63538]","[460197]","[0.993684]","[0]","[0]","[-0.805392]",0,"[]","[]","[]","[]","[]","[]","[]","[]","[]","[]",1,"[277177]","[1.08709]","[1.62979]","[457812]","[8495.69]","[0]","[2.67658]","[0.0875316]",0,"[]","[]","[]","[]","[]","[]","[]","[]","[]","[]",0,"[343.388]",688.656,"[3996.09]","[]","[1761.94]","[]"
912,284500,6598017,361102,11459.3,11500.5,3.38179e+11,0.402058,0.97199,1,1,1,0.984364,0.99121,1,1,0,0,1,"[0]","[1]","[44856.1]","[0.456136]","[-1.30364]","[49604]","[-0.0187693]","[1]","[11]","[1]","[0]","[-263.424]","[0.00485335]","[0.581605]",378161,-1.81839,1,"[415766]","[0.341142]","[1.38847]","[440896]","[0.998216]","[4]","[0]","[-0.755808]",0,"[]","[]","[]","[]","[]","[]","[]","[]","[]","[]",1,"[412967]","[0.348523]","[1.38588]","[438812]","[21129.1]","[0]","[3.96274]","[0.521082]",0,"[]","[]","[]","[]","[]","[]","[]","[]","[]","[]",0,"[85.2754]",8742.84,"[9711.35]","[]","[8502]","[]"
913,284500,6790307,361102,11453.5,11500.5,3.38179e+11,0.934886,0.97097,1,1,1,0.999119,0.99737,1,1,0,0,1,"[0]","[1]","[35806.7]","[0.472826]","[2.79776]","[39884.3]","[-0.013134]","[1]","[11]","[1]","[0]","[-323.243]","[0.094555]","[14.7836]",244106,3.09747,2,"[252458,30175.1]","[0.318429,-0.224083]","[-0.0347176,-0.4408]","[268298,31479.4]","[0.99,0.863269]","[0,0]","[0,0]","[-0.800938,-0.403079]",0,"[]","[]","[]","[]","[]","[]","[]","[]","[]","[]",1,"[256413]","[0.280672]","[-0.0502029]","[271678]","[52387.6]","[0]","[2.29741]","[0.720453]",0,"[]","[]","[]","[]","[]","[]","[]","[]","[]","[]",0,"[28.0231]",996.672,"[5110.56,6024.42]","[]","[722.438]","[]"
914,284500,6691030,361102,11452.7,11500.5,3.38179e+11,0.506784,0.97429,1,1,1,0.998722,0.98653,1,1,0,0,1,"[0]","[1]","[51321.5]","[0.35246]","[-2.04056]","[54542.4]","[-0.0217228]","[1]","[11]","[1]","[0]","[602.851]","[-0.0823596]","[3.78322]",265126,-1.70556,3,"[292155,35885,20715.3]","[-0.327017,-0.19683,0.451333]","[1.52691,0.820167,-0.0106755]","[308592,37450.3,23418.9]","[0.998556,0.999812,0.932298]","[0,0,0]","[0,0,0]","[-0.834752,-0.933525,-0.727371]",0,"[]","[]","[]","[]","[]","[]","[]","[]","[]","[]",1,"[280017]","[-0.33794]","[1.52297]","[296458]","[13308.2]","[0]","[3.04614]","[0.661261]",0,"[]","[]","[]","[]","[]","[]","[]","[]","[]","[]",0,"[232.808]",4541.78,"[8838.28,5508.69,4833.63]","[]","[600.969]","[]"
915,284500,6706044,361102,11467.2,11500.5,3.38179e+11,0.738662,1,0.997112,1,1,0.998873,0.903157,1,0,1,0,1,"[0]","[1]","[148499]","[0.820036]","[-2.33746]","[201290]","[0.0784569]","[1]","[13]","[1]","[4280.78]","[-606.032]","[-0.0130177]","[2.62778]",70501.6,-2.61016,3,"[229451,101019,41033.4]","[-0.127259,0.0351982,0.21566]","[0.210797,2.54779,0.655075]","[231774,102479,42409.7]","[0.999441,0.99,0.979077]","[0,0,0]","[0,0,0]","[-0.810669,-0.939371,-0.895503]",0,"[]","[]","[]","[]","[]","[]","[]","[]","[]","[]",1,"[264205]","[-0.0862832]","[0.258501]","[268731]","[43485.8]","[0]","[1.82708]","[0.57282]",0,"[]","[]","[]","[]","[]","[]","[]","[]","[]","[]",0,"[6176.69]",7674.95,"[8323.52,7307.66,3647.21]","[]","[3973.31]","[]"
916,284500,6650858,361102,11458.4,11500.5,3.38179e+11,0.402058,0.97738,1,1,1,0.99786,1.00056,1,1,0,0,1,"[0]","[1]","[65193.6]","[0.173165]","[0.931911]","[66173.5]","[0.0328979]","[1]","[11]","[1]","[0]","[1359.24]","[0.0129184]","[1.07489]",179188,0.39375,2,"[260148,24766.5]","[-0.729664,2.24836]","[-2.61643,0.501968]","[332645,118799]","[0.993075,1]","[0,0]","[0,0]","[-0.821451,-0.59885]",0,"[]","[]","[]","[]","[]","[]","[]","[]","[]","[]",1,"[260349]","[-0.721471]","[-2.61445]","[331215]","[8804.06]","[0]","[4.48511]","[0.195715]",0,"[]","[]","[]","[]","[]","[]","[]","[]","[]","[]",0,"[410.258]",6330,"[10998.1,4368.68]","[]","[15594.8]","[]"
917,284500,6665285,361102,11455.2,11500.5,3.38179e+11,0.696077,0.96228,1,1,1,0.987025,0.96307,1,1,0,0,1,"[0]","[1]","[38493.8]","[-0.945602]","[1.45419]","[57024.9]","[-0.288113]","[1]","[11]","[1]","[0]","[-491.821]","[-0.0710209]","[6.87971]",217614,1.42603,1,"[261238]","[0.337402]","[-1.69004]","[277336]","[0.983087]","[4]","[0]","[-0.612449]",0,"[]","[]","[]","[]","[]","[]","[]","[]","[]","[]",1,"[277932]","[0.312988]","[-1.6949]","[293274]","[30752.5]","[0]","[2.14836]","[0.765219]",0,"[]","[]","[]","[]","[]","[]","[]","[]","[]","[]",0,"[43.0131]",5298.45,"[5759.4]","[]","[426.875]","[]"
918,284500,6709266,361102,11458.1,11500.5,3.38179e+11,0.506784,1,0.991258,1,1,0.997656,0.981605,1,0,1,0,1,"[0]","[1]","[37212.6]","[-1.50416]","[-0.817066]","[87869.8]","[-0.0357666]","[1]","[13]","[1]","[0]","[71.1503]","[0.00568424]","[0.719355]",212385,-0.906928,3,"[275612,103378,28369.2]","[0.815385,0.176852,-1.33455]","[1.80598,-2.06991,2.75405]","[372868,105723,57911.6]","[0.996769,0.989589,0.999949]","[0,0,0]","[0,0,0]","[0.191999,-0.725523,-0.618846]",0,"[]","[]","[]","[]","[]","[]","[]","[]","[]","[]",1,"[276910]","[0.802441]","[1.81273]","[371107]","[10776]","[0]","[3.362]","[0.362724]",0,"[]","[]","[]","[]","[]","[]","[]","[]","[]","[]",0,"[170.586]",3998.5,"[18244.9,5009.77,3029.5]","[]","[6140.81]","[]"
919,284500,6878293,361102,11449.3,11500.5,3.38179e+11,0.402058,0.94676,1,1,1,0.999451,0.94839,1,1,0,0,1,"[0]","[1]","[27307.8]","[0.00707699]","[-0.273572]","[27308.5]","[0.113581]","[1]","[11]","[1]","[1681.93]","[1099.29]","[0.020849]","[2.29102]",305079,0.0248492,2,"[276548,49132.5]","[0.504607,0.929221]","[3.11645,-2.818]","[315125,72088.6]","[0.993239,0.99]","[0,0]","[0,0]","[-0.883422,-0.912967]",0,"[]","[]","[]","[]","[]","[]","[]","[]","[]","[]",1,"[277066]","[0.563167]","[-3.10837]","[328966]","[66488]","[0]","[1.60758]","[0.562191]",0,"[]","[]","[]","[]","[]","[]","[]","[]","[]","[]",0,"[99.8924]",8403.16,"[6499.13,3522.61]","[]","[3879.25]","[]"
920,284500,6926309,361102,11457.2,11500.5,3.38179e+11,1.74563,0.97435,1,1,1,1.0222,0.98425,1,1,0,0,1,"[0]","[1]","[46551.7]","[0.25615]","[2.77111]","[48087.3]","[-0.0300522]","[1]","[11]","[1]","[0]","[858.418]","[0.0407434]","[4.6416]",291454,-3.1194,3,"[335495,217618,34004]","[-1.50318,-0.536354,1.95746]","[-0.793037,1.13412,1.07493]","[791845,250461,122826]","[0.994527,0.994091,0.612674]","[0,0,5]","[0,0,0]","[-0.475346,-0.885579,0.973578]",0,"[]","[]","[]","[]","[]","[]","[]","[]","[]","[]",1,"[344450]","[-1.49107]","[-0.792166]","[804000]","[19113.8]","[0]","[1.90807]","[0.70943]",0,"[]","[]","[]","[]","[]","[]","[]","[]","[]","[]",0,"[155.893]",10582.3,"[19406,3005.22,6510.72]","[]","[6099.5]","[]"
921,284500,7072807,361102,11462.1,11500.5,3.38179e+11,0.934886,0.97996,1,1,1,0.998346,1.01265,1,1,0,0,1,"[0]","[1]","[258341]","[1.73137]","[-0.421726]","[752477]","[0.144029]","[1]","[11]","[1]","[0]","[225.123]","[-0.0867149]","[1.99877]",146323,-0.335456,2,"[237349,207446]","[1.51496,1.09384]","[2.2916,-3.00789]","[566875,345199]","[0.999287,0.999311]","[0,0]","[0,0]","[-0.278927,-0.894386]",0,"[]","[]","[]","[]","[]","[]","[]","[]","[]","[]",2,"[276328,252444]","[1.73016,1.51916]","[-0.429796,2.2876]","[804023,605062]","[10716.6,31142.4]","[1,0]","[0,1.7517]","[-1,0.806188]",0,"[]","[]","[]","[]","[]","[]","[]","[]","[]","[]",0,"[3865.09]",3204.84,"[4048.75,3411.91]","[]","[19650.6,7473.98]","[]"
922,284500,6797106,361102,11454.6,11500.5,3.38179e+11,1.08735,1,0.972428,1,1,0.997374,0.928101,1,0,1,0,1,"[0]","[1]","[38181.8]","[-0.644836]","[-1.19585]","[46399.1]","[-0.00731659]","[1]","[13]","[1]","[0]","[-316.37]","[0.00199413]","[0.230988]",751000,-1.00605,2,"[690834,113100]","[-0.844168,-1.20432]","[2.22684,1.55923]","[952586,205720]","[0.999862,0.999592]","[0,0]","[0,0]","[-0.958856,-0.878035]",0,"[]","[]","[]","[]","[]","[]","[]","[]","[]","[]",1,"[759596]","[-0.880281]","[2.15078]","[1.0921e+06]","[201208]","[0]","[1.54657]","[0.680675]",0,"[]","[]","[]","[]","[]","[]","[]","[]","[]","[]",0,"[302.199]",12675.8,"[19340.5,5624.54]","[]","[16800.4]","[]"
923,284500,7001382,361102,11455.9,11500.5,3.38179e+11,0.934886,0.96558,1,1,1,0.998944,0.99746,1,1,0,0,1,"[0]","[1]","[75874.7]","[-1.64365]","[0.557809]","[203622]","[0.0214882]","[1]","[11]","[1]","[0]","[1071.13]","[-0.00405309]","[0.32843]",203333,0.538739,1,"[288145]","[-1.73954]","[-2.58903]","[846140]","[0.99]","[0]","[0]","[-0.830056]",0,"[]","[]","[]","[]","[]","[]","[]","[]","[]","[]",1,"[284982]","[-1.73292]","[-2.5868]","[831467]","[17680]","[0]","[2.7802]","[0.708089]",0,"[]","[]","[]","[]","[]","[]","[]","[]","[]","[]",0,"[765.821]",17847.1,"[18356]","[]","[11865.4]","[]"
924,284500,6988387,361102,11454.4,11500.5,3.38179e+11,1.55465,1,0.982264,1,1,1.10536,1.01291,1,0,1,0,1,"[0]","[1]","[153990]","[1.87159]","[0.52475]","[512213]","[-0.0227165]","[1]","[13]","[1]","[0]","[0]","[-0.0291376]","[5.37555]",48592.3,1.18998,4,"[227561,163463,75577.8,22514.8]","[1.39081,-1.21335,1.94666,0.228361]","[-2.20964,1.61002,-1.46229,-2.24922]","[487277,299597,270139,23501.9]","[0.995067,1,1,1]","[0,4,0,0]","[0,0,0,0]","[-0.902756,0.837553,0.554673,-0.679702]",0,"[]","[]","[]","[]","[]","[]","[]","[]","[]","[]",1,"[293187]","[1.58295]","[-2.04025]","[756130]","[135373]","[0]","[1.12757]","[0.532775]",0,"[]","[]","[]","[]","[]","[]","[]","[]","[]","[]",0,"[4890.66]",935.074,"[3773.4,4302.87,2356.91,1751.07]","[]","[3732.75]","[]"
925,284500,7069745,361102,11450.5,11500.5,3.38179e+11,1.55465,1,0.990711,1,1,0.997542,0.98075,1,0,1,0,1,"[0]","[1]","[160533]","[-1.6363]","[-2.28347]","[427886]","[0.0898285]","[1]","[13]","[1]","[0]","[-340.48]","[0.0697718]","[13.5858]",211864,-2.08953,2,"[323206,30593]","[-1.8009,-1.45702]","[1.03881,0.228445]","[1.00583e+06,69443.5]","[0.99938,0.991447]","[0,0]","[0,0]","[0.575821,-0.725844]",0,"[]","[]","[]","[]","[]","[]","[]","[]","[]","[]",1,"[310867]","[-1.78794]","[1.04671]","[955353]","[24210.3]","[0]","[1.78542]","[0.722707]",0,"[]","[]","[]","[]","[]","[]","[]","[]","[]","[]",0,"[3143.99]",18886.9,"[6105.21,3820.33]","[]","[10261.2]","[]"
926,284500,7446592,361102,11450,11500.5,3.38179e+11,1.08735,1,0.996261,1,1,0.997829,0.653812,1,0,1,0,1,"[0]","[1]","[53137.8]","[-0.117952]","[-2.07404]","[53508]","[0.0540314]","[1]","[13]","[1]","[0]","[-220.832]","[0.0339484]","[4.44455]",414420,-1.71918,1,"[474852]","[1.60748]","[1.38808]","[1.23321e+06]","[0.981769]","[0]","[0]","[0.740379]",0,"[]","[]","[]","[]","[]","[]","[]","[]","[]","[]",1,"[465221]","[1.60696]","[1.39481]","[1.20731e+06]","[34775]","[0]","[2.11395]","[0.786048]",0,"[]","[]","[]","[]","[]","[]","[]","[]","[]","[]",0,"[879.988]",17006.4,"[18187.6]","[]","[33777]","[]"
927,284500,7437242,361102,11452.3,11500.5,3.38179e+11,0.596562,1,0.995388,1,1,0.994669,0.893165,1,0,1,0,1,"[0]","[1]","[86660.8]","[0.814579]","[0.902356]","[117038]","[-0.222908]","[1]","[13]","[1]","[1096.62]","[-420.558]","[-0.0311688]","[5.38561]",177263,0.799501,5,"[351783,45706.8,27387.7,25806.5,21755.8]","[1.641,-2.10209,1.28632,-1.19232,1.42481]","[-2.27288,1.51927,-0.140206,1.74902,0.312547]","[942130,189886,53404.9,46490,47862.2]","[1,1,0.98461,0.89,0.991874]","[0,0,0,0,0]","[0,0,0,0,0]","[-0.889886,-0.681607,-0.738311,-0.891819,-0.863891]",0,"[]","[]","[]","[]","[]","[]","[]","[]","[]","[]",1,"[330460]","[1.65264]","[-2.27945]","[894437]","[17386]","[0]","[3.36273]","[0.568121]",0,"[]","[]","[]","[]","[]","[]","[]","[]","[]","[]",0,"[354.198]",12758.1,"[16218.2,2534.04,2094.07,1904.25,3591.44]","[]","[8114.25]","[]"
928,284500,7441049,361102,11464.9,11500.5,3.38179e+11,0.187531,1,0.995272,1,1,0.996688,0.894479,1,0,1,0,1,"[0]","[1]","[203545]","[0.132651]","[-0.729146]","[205339]","[0.0640717]","[1]","[13]","[1]","[0]","[-292.05]","[-0.03684]","[6.81853]",229866,-0.790089,3,"[437586,30814.4,21981.5]","[-1.14448,1.65527,-1.09318]","[2.37865,-1.41299,1.51373]","[757295,84007.3,36683.9]","[0.988238,0.973624,1]","[0,0,0]","[0,0,0]","[-0.887771,-0.477766,0.447095]",0,"[]","[]","[]","[]","[]","[]","[]","[]","[]","[]",1,"[423167]","[-1.16727]","[2.38173]","[745841]","[13874.3]","[0]","[5.42373]","[0.649119]",0,"[]","[]","[]","[]","[]","[]","[]","[]","[]","[]",0,"[10087.7]",2877.55,"[5529.76,2815.83,2973.88]","[]","[15844.9]","[]"
929,284500,4309747,361102,11456.2,11500.5,3.38179e+11,1.55465,1,0.996615,1,1,0.947109,0.926666,1,0,1,0,1,"[0]","[1]","[218928]","[-0.171982]","[-0.602478]","[222174]","[-0.035573]","[1]","[13]","[1]","[0]","[374.138]","[-0.000802463]","[0.127141]",144154,-0.64295,1,"[347206]","[0.183847]","[2.51403]","[355571]","[1]","[5]","[0]","[0.865644]",0,"[]","[]","[]","[]","[]","[]","[]","[]","[]","[]",1,"[337444]","[0.188265]","[2.51254]","[346658]","[47112.1]","[0]","[1.2129]","[0.464946]",0,"[]","[]","[]","[]","[]","[]","[]","[]","[]","[]",0,"[9656.22]",11467.3,"[3888.95]","[]","[6692.97]","[]"
930,284500,7601071,361102,11464.6,11500.5,3.38179e+11,1.08735,0.96825,1,1,1,0.998056,0.99461,1,1,0,0,1,"[0]","[1]","[69150.7]","[-2.33076]","[0.105476]","[358996]","[-0.0757489]","[1]","[11]","[1]","[0]","[-139.622]","[-0.0625853]","[3.29425]",184369,0.167883,3,"[296416,72705.4,29865.4]","[-0.821254,0.146536,2.03509]","[2.88545,-0.985106,-2.35424]","[403330,73914,116366]","[0.996393,0.936754,0.993114]","[0,0,0]","[0,0,0]","[-0.877583,-0.812029,-0.797726]",0,"[]","[]","[]","[]","[]","[]","[]","[]","[]","[]",1,"[283406]","[-0.822386]","[2.87687]","[385916]","[29757.2]","[0]","[1.23627]","[0.724163]",0,"[]","[]","[]","[]","[]","[]","[]","[]","[]","[]",0,"[496.157]",10421.4,"[4546.6,2162.86,1913.27]","[]","[168.219]","[]"
931,284500,7618405,361102,11451.2,11500.5,3.38179e+11,1.55465,0.97921,1,1,1,0.997005,1.00192,1,1,0,0,1,"[0]","[1]","[75813.6]","[-0.44378]","[0.533942]","[83402.3]","[0.110947]","[1]","[11]","[1]","[0]","[-261.824]","[0.0179999]","[2.38298]",690415,0.413691,1,"[762727]","[-1.05352]","[-2.71613]","[1.2283e+06]","[0.993979]","[0]","[0]","[-0.881989]",0,"[]","[]","[]","[]","[]","[]","[]","[]","[]","[]",1,"[786931]","[-1.04181]","[-2.71818]","[1.25537e+06]","[57778]","[0]","[2.27094]","[0.669474]",0,"[]","[]","[]","[]","[]","[]","[]","[]","[]","[]",0,"[167.623]",14242.6,"[18306.5]","[]","[72941.6]","[]"
932,284500,7745511,361102,11459.9,11500.5,3.38179e+11,1.55465,1,0.998776,1,1,0.984501,0.994128,1,0,1,0,1,"[0]","[1]","[50344.3]","[2.16107]","[-0.915822]","[221406]","[0.262146]","[1]","[13]","[1]","[0]","[-350.689]","[-0.094324]","[10.7741]",332642,-1.46168,4,"[308556,45057.4,26089.6,24832]","[0.0267703,0.288563,-2.38177,0.343408]","[1.84008,0.815339,1.04577,2.43773]","[309265,47775,142462,26974]","[0.895063,0.991326,1,0.980078]","[4,0,0,0]","[0,0,0,0]","[-0.452271,-0.814292,-0.783745,-0.423214]",0,"[]","[]","[]","[]","[]","[]","[]","[]","[]","[]",1,"[286473]","[0.0599646]","[1.83561]","[287636]","[19291.8]","[0]","[9.58797]","[0.35377]",0,"[]","[]","[]","[]","[]","[]","[]","[]","[]","[]",0,"[686.235]",4741.22,"[11730,2638.12,6043.8,4828.28]","[]","[15899.8]","[]"
933,284500,7711840,361102,11460,11500.5,3.38179e+11,1.55465,0.99242,1,1,1,0.999246,0.99765,1,1,0,0,1,"[0]","[1]","[151433]","[0.810964]","[1.65326]","[204019]","[0.0181351]","[1]","[11]","[1]","[0]","[347.661]","[-0.0141154]","[1.51437]",154017,1.32409,1,"[332362]","[0.462622]","[-1.58524]","[369557]","[1]","[0]","[0]","[-0.861683]",0,"[]","[]","[]","[]","[]","[]","[]","[]","[]","[]",1,"[352374]","[0.425649]","[-1.58461]","[385503]","[23594.5]","[0]","[2.57983]","[0.689134]",0,"[]","[]","[]","[]","[]","[]","[]","[]","[]","[]",0,"[1038.25]",2388.89,"[5422.65]","[]","[8869.66]","[]"
934,284500,7619665,361102,11439.5,11500.5,3.38179e+11,3.34815,1,0.99254,1,1,0.999417,1.02677,1,0,1,0,1,"[0]","[1]","[28798.1]","[1.88335]","[-0.867039]","[96870.4]","[0.382565]","[1]","[13]","[1]","[0]","[-253.423]","[-0.0866058]","[7.9817]",316160,-1.27137,2,"[285698,76199.1]","[0.670889,1.88923]","[2.15141,1.56835]","[352738,258158]","[0.991348,0.991328]","[0,0]","[0,0]","[-0.452789,-0.386441]",0,"[]","[]","[]","[]","[]","[]","[]","[]","[]","[]",1,"[266438]","[0.665842]","[2.14768]","[327903]","[11127]","[0]","[4.58394]","[0.677693]",0,"[]","[]","[]","[]","[]","[]","[]","[]","[]","[]",0,"[69.4041]",9421.78,"[5345.24,6190.58]","[]","[11314.6]","[]"
935,284500,7729955,361102,11455.8,11500.5,3.38179e+11,0.934886,0.92407,1,1,1,0.998688,0.93264,1,1,0,0,1,"[0]","[1]","[29522]","[-1.20209]","[-0.396048]","[53547.4]","[0.036478]","[1]","[11]","[1]","[0]","[76.4595]","[-0.0206915]","[1.44449]",282141,-1.00829,3,"[159798,120018,42926.3]","[-0.126712,-0.649265,-0.147416]","[2.30461,1.82159,2.80079]","[162277,148166,43532.9]","[0.999436,0.999737,0.96055]","[0,0,0]","[0,0,0]","[-0.944838,-0.825795,-0.379278]",0,"[]","[]","[]","[]","[]","[]","[]","[]","[]","[]",1,"[286602]","[-0.343867]","[2.17906]","[331065]","[131764]","[0]","[1.26265]","[0.652783]",0,"[]","[]","[]","[]","[]","[]","[]","[]","[]","[]",0,"[252.806]",3488.31,"[2323.62,7807.62,6378.26]","[]","[4767.12]","[]"
936,284500,7681505,361102,11461.6,11500.5,3.38179e+11,1.55465,1,0.99641,1,1,0.98886,0.968387,1,0,1,0,1,"[0]","[1]","[133930]","[1.20318]","[-1.30945]","[243145]","[0.0791626]","[1]","[13]","[1]","[0]","[1051]","[-0.0304706]","[5.37489]",133481,-0.817996,1,"[262058]","[0.839557]","[2.08623]","[360511]","[0.992091]","[4]","[0]","[-0.928619]",0,"[]","[]","[]","[]","[]","[]","[]","[]","[]","[]",1,"[264432]","[0.884206]","[2.0812]","[375890]","[29710.3]","[0]","[1.97743]","[0.47193]",0,"[]","[]","[]","[]","[]","[]","[]","[]","[]","[]",0,"[2638.33]",7118.08,"[7948.13]","[]","[0]","[]"
937,284500,7655416,361102,11458.2,11500.5,3.38179e+11,0.506784,1,0.996274,1,1,0.996974,0.91655,1,0,1,0,1,"[0]","[1]","[59693.3]","[-0.332735]","[0.556929]","[63028.4]","[-0.0989151]","[1]","[13]","[1]","[0]","[-389.991]","[-0.0480509]","[9.71181]",511223,0.65441,3,"[588636,174182,32525.3]","[-0.226959,0.896931,-0.00791337]","[-2.71069,-0.602798,3.01458]","[606575,249197,32985]","[0.995894,1,0.999556]","[0,0,0]","[0,0,0]","[-0.124384,-0.49869,-0.493067]",0,"[]","[]","[]","[]","[]","[]","[]","[]","[]","[]",1,"[579172]","[-0.200769]","[-2.71164]","[593768]","[58451.6]","[0]","[1.39728]","[0.662436]",0,"[]","[]","[]","[]","[]","[]","[]","[]","[]","[]",0,"[107.412]",5531.84,"[12266.6,4015.18,2643.53]","[]","[7859.62]","[]"
938,284500,7965355,361102,11461.5,11500.5,3.38179e+11,0.402058,0.99242,1,1,1,0.984335,0.99765,1,1,0,0,1,"[0]","[1]","[155291]","[0.729263]","[0.937025]","[198448]","[-0.0281944]","[1]","[11]","[1]","[0]","[402.545]","[0.0189576]","[3.05454]",269590,1.20196,2,"[446466,34633.2]","[-0.150657,2.44006]","[-2.11317,0.344282]","[452643,200266]","[0.992408,0]","[4,0]","[0,0]","[-0.551329,-0.880418]",0,"[]","[]","[]","[]","[]","[]","[]","[]","[]","[]",1,"[479535]","[-0.154417]","[-2.14416]","[491196]","[76115.9]","[0]","[3.27694]","[0.678525]",0,"[]","[]","[]","[]","[]","[]","[]","[]","[]","[]",0,"[1082.92]",3847.69,"[6259.58,2295.91]","[]","[52241.6]","[]"
939,284500,7841385,361102,11454.7,11500.5,3.38179e+11,0.402058,0.97166,1,1,1,0.98211,1.0005,1,1,0,0,1,"[0]","[1]","[80940.7]","[2.19664]","[1.6895]","[368519]","[-0.0968094]","[1]","[11]","[1]","[0]","[-79.0693]","[-0.0117466]","[0.794716]",186558,1.64525,4,"[298530,70001.3,64785.5,31519.4]","[1.47732,0.570338,-1.52668,0.0183855]","[-1.11114,2.30178,-2.13321,3.00214]","[688370,81783.8,156258,32056.9]","[1,1,0.99,0.99527]","[0,0,4,0]","[0,0,0,0]","[-0.874569,-0.891197,-0.820307,-0.948183]",0,"[]","[]","[]","[]","[]","[]","[]","[]","[]","[]",1,"[306006]","[1.45725]","[-1.10973]","[692903]","[18834.7]","[0]","[2.39027]","[0.767645]",0,"[]","[]","[]","[]","[]","[]","[]","[]","[]","[]",0,"[513.58]",12363.5,"[9145.15,5855.57,1416.31,2195.34]","[]","[4633.16]","[]"
940,284500,7840505,361102,11455.4,11500.5,3.38179e+11,0.596562,0.97538,1,1,1,0.995685,1.01508,1,1,0,0,1,"[0]","[1]","[103429]","[-1.77937]","[-1.39037]","[315191]","[0.0260086]","[1]","[11]","[1]","[0]","[-1024.73]","[-0.0135984]","[1.32006]",131386,-1.5405,3,"[236609,23220.1,20222]","[-1.71163,1.20451,-1.85045]","[1.54846,1.57447,-2.17069]","[676766,42554.5,66015.1]","[0.9936,0.984862,0.973145]","[0,0,0]","[0,0,0]","[0.0723592,-0.887531,-0.792887]",0,"[]","[]","[]","[]","[]","[]","[]","[]","[]","[]",1,"[254444]","[-1.72158]","[1.54593]","[734552]","[17389.7]","[0]","[3.31955]","[0.546009]",0,"[]","[]","[]","[]","[]","[]","[]","[]","[]","[]",0,"[1103.85]",5187.31,"[5075.29,1922.96,1141.42]","[]","[4303.19]","[]"
941,284500,7843597,361102,11456.5,11500.5,3.38179e+11,0.934886,0.97332,1,1,1,0.987259,0.98683,1,1,0,0,1,"[0]","[1]","[79226.5]","[-0.978677]","[2.88721]","[120295]","[0.12587]","[1]","[11]","[1]","[0]","[-527.007]","[0.120055]","[14.1541]",384347,2.86392,1,"[466633]","[-0.934454]","[-0.274789]","[686168]","[0.997002]","[4]","[0]","[-0.859189]",0,"[]","[]","[]","[]","[]","[]","[]","[]","[]","[]",1,"[481321]","[-0.901714]","[-0.277869]","[690890]","[19227.1]","[0]","[3.22093]","[0.648042]",0,"[]","[]","[]","[]","[]","[]","[]","[]","[]","[]",0,"[423.7]",15352.6,"[16206.1]","[]","[20163.8]","[]"
942,284500,7965303,361102,11461.5,11500.5,3.38179e+11,0.402058,0.96615,1,1,1,0.998407,0.98962,1,1,0,0,1,"[0]","[1]","[61615.9]","[1.28121]","[-2.55794]","[119495]","[0.0720444]","[1]","[11]","[1]","[1692.74]","[2323.74]","[-0.00615576]","[0.559413]",108247,-1.91761,2,"[267213,37265.4]","[0.810461,1.88335]","[0.22228,-2.41754]","[359996,125404]","[0.997055,0.997907]","[0,0]","[0,0]","[-0.33547,-0.743146]",0,"[]","[]","[]","[]","[]","[]","[]","[]","[]","[]",1,"[281056]","[0.792803]","[0.224277]","[374200]","[8316.02]","[0]","[21.8128]","[-1]",0,"[]","[]","[]","[]","[]","[]","[]","[]","[]","[]",0,"[238.228]",8475.13,"[5012.86,2126.99]","[]","[10049.4]","[]"
943,284500,8022883,361102,11459.2,11500.5,3.38179e+11,1.08735,0.98458,1,1,1,0.997709,1.00582,1,1,0,0,1,"[0]","[1]","[80745.8]","[-0.312058]","[1.33342]","[84709.4]","[0.0355263]","[1]","[11]","[1]","[0]","[903.766]","[-0.0148776]","[1.92648]",349608,1.02385,3,"[534618,120965,26870.5]","[-0.583495,-1.42385,-1.01917]","[-2.20801,0.381224,1.85694]","[629438,266013,42421.7]","[0.991779,0.999817,0.989531]","[0,0,0]","[0,0,0]","[-0.960009,-0.758789,-0.920452]",0,"[]","[]","[]","[]","[]","[]","[]","[]","[]","[]",1,"[512196]","[-0.574398]","[-2.20687]","[599326]","[18520.1]","[0]","[3.67057]","[0.51688]",0,"[]","[]","[]","[]","[]","[]","[]","[]","[]","[]",0,"[405.995]",4368.97,"[6410.1,7199.32,1916.16]","[]","[17866.8]","[]"
944,284500,7974212,361102,11449.4,11500.5,3.38179e+11,1.24168,1,0.996341,1,1,0.999055,0.989356,1,0,1,0,1,"[0]","[1]","[75484.2]","[1.25232]","[-2.56112]","[142827]","[0.122969]","[1]","[13]","[1]","[0]","[-689.338]","[-0.00207519]","[0.310111]",453793,1.75007,2,"[367024,50160.2]","[0.483715,-0.280528]","[-1.27561,-0.905389]","[411418,53464.7]","[0.991001,0.980989]","[0,0]","[0,0]","[-0.782097,-0.0673109]",0,"[]","[]","[]","[]","[]","[]","[]","[]","[]","[]",1,"[367961]","[0.474438]","[-1.27087]","[410598]","[19064.9]","[0]","[2.75502]","[0.549366]",0,"[]","[]","[]","[]","[]","[]","[]","[]","[]","[]",0,"[1114.1]",2765.38,"[6720.23,3426.73]","[]","[21291.2]","[]"
945,284500,7992611,361102,11460.1,11500.5,3.38179e+11,1.24168,1,0.995621,1,1,0.997349,0.940094,1,0,1,0,1,"[0]","[1]","[60830.7]","[0.184797]","[-0.0845064]","[61872.4]","[0.241669]","[1]","[13]","[1]","[0]","[76.3873]","[0.0203211]","[1.607]",244793,-0.0639472,2,"[325784,21918.5]","[-1.39657,-1.67429]","[3.04436,-0.567373]","[699292,60714]","[1,0.997068]","[0,0]","[0,0]","[-0.676228,-0.66136]",0,"[]","[]","[]","[]","[]","[]","[]","[]","[]","[]",1,"[335022]","[-1.37845]","[3.05226]","[707436]","[24343.7]","[0]","[2.64491]","[0.636239]",0,"[]","[]","[]","[]","[]","[]","[]","[]","[]","[]",0,"[470.063]",17553.2,"[18662.7,1672.08]","[]","[11303.8]","[]"
946,284500,7994973,361102,11464,11500.5,3.38179e+11,0.506784,0.98413,1,1,1,1.00922,0.99866,1,1,0,0,1,"[0]","[1]","[94438]","[-1.07577]","[-2.23154]","[154561]","[-0.0660038]","[1]","[11]","[1]","[0]","[3120.5]","[-0.0677008]","[6.59538]",247337,-2.13766,7,"[220177,74297.6,55619,46394.8,31012.2,26370.2,24496.7]","[-1.49781,-0.578102,-1.97238,2.05892,-0.0866139,-0.639272,-2.00277]","[0.673983,-0.527539,0.705649,1.92566,1.64936,2.20318,2.75689]","[517274,87715.4,203875,184938,31873.9,32180.2,92486.6]","[0.993023,0.996191,1,1,0.99378,0.996894,1]","[0,0,0,0,4,0,4]","[0,0,0,0,0,0,0]","[-0.633498,-0.869415,-0.856157,-0.884097,-0.850542,-0.537982,0.423814]",0,"[]","[]","[]","[]","[]","[]","[]","[]","[]","[]",1,"[252015]","[-1.60575]","[0.677232]","[655387]","[55730.1]","[0]","[1.57005]","[0.760782]",0,"[]","[]","[]","[]","[]","[]","[]","[]","[]","[]",0,"[946.476]",8041.83,"[8070.53,5233.29,2373.69,2503.06,2686.56,2271.28,1627.71]","[]","[11909.4]","[]"
947,284500,8031226,361102,11454.7,11500.5,3.38179e+11,0.934886,0.96126,1,1,1,0.998619,0.96978,1,1,0,0,1,"[0]","[1]","[29456.7]","[0.388257]","[2.36413]","[31705]","[0.052124]","[1]","[11]","[1]","[0]","[859.375]","[-0.0176527]","[1.80172]",342252,2.42392,1,"[367195]","[1.91231]","[-0.739441]","[1.27025e+06]","[0.99979]","[0]","[0]","[-0.702963]",0,"[]","[]","[]","[]","[]","[]","[]","[]","[]","[]",1,"[354538]","[1.92906]","[-0.739537]","[1.24615e+06]","[24977.9]","[0]","[2.943]","[0.785018]",0,"[]","[]","[]","[]","[]","[]","[]","[]","[]","[]",0,"[60.8129]",7803.91,"[9698.4]","[]","[9235.91]","[]"
948,284500,8066743,361102,11451.7,11500.5,3.38179e+11,1.74563,1,0.99488,1,1,1.01258,0.669586,1,0,1,0,1,"[0]","[1]","[149535]","[0.653426]","[0.362871]","[182610]","[0.062294]","[1]","[13]","[1]","[0]","[-616.587]","[-0.00501991]","[1.0134]",123614,0.275594,2,"[253410,20881]","[-0.144173,-0.113147]","[-2.72435,2.35938]","[256363,21312.2]","[0.997323,1]","[0,4]","[0,0]","[-0.646076,0.275079]",0,"[]","[]","[]","[]","[]","[]","[]","[]","[]","[]",1,"[253464]","[-0.17612]","[-2.72032]","[257708]","[12493]","[0]","[5.13921]","[0.52503]",0,"[]","[]","[]","[]","[]","[]","[]","[]","[]","[]",0,"[2070.93]",5146.88,"[5008.41,2346.49]","[]","[7654.11]","[]"
949,284500,8227742,361102,11462.5,11500.5,3.38179e+11,0.596562,1,1.00049,1,1,0.999378,0.694705,1,0,1,0,1,"[0]","[1]","[72861]","[-0.786456]","[2.52296]","[96579.3]","[0.196135]","[1]","[13]","[1]","[0]","[480.256]","[-0.135675]","[22.4533]",206911,2.47009,1,"[270551]","[-1.18777]","[-0.664959]","[486836]","[1]","[0]","[0]","[-0.848824]",0,"[]","[]","[]","[]","[]","[]","[]","[]","[]","[]",1,"[250907]","[-1.18771]","[-0.672115]","[451950]","[45182.8]","[0]","[1.41249]","[0.829395]",0,"[]","[]","[]","[]","[]","[]","[]","[]","[]","[]",0,"[633.385]",8487.86,"[4633.31]","[]","[20245.1]","[]"
950,284500,8158689,361102,11455.1,11500.5,3.38179e+11,1.55465,1,1,1,1,0.998984,1,1,1,0,0,1,"[0]","[1]","[150820]","[-1.96454]","[0.471224]","[548369]","[-0.255516]","[1]","[11]","[0]","[0]","[2716.3]","[0.0183274]","[1.94768]",218592,0.692773,1,"[369739]","[-0.736246]","[-2.53486]","[475548]","[0.997993]","[0]","[0]","[-0.757387]",0,"[]","[]","[]","[]","[]","[]","[]","[]","[]","[]",1,"[357123]","[-0.752379]","[-2.52615]","[463303]","[14968.7]","[0]","[2.02521]","[0.465354]",0,"[]","[]","[]","[]","[]","[]","[]","[]","[]","[]",0,"[1210.84]",10698.9,"[11534.8]","[]","[5568.38]","[]"
951,284500,8187393,361102,11445.3,11500.5,3.38179e+11,0.506784,1,1.00049,1,1,0.99727,0.990513,1,0,1,0,1,"[0]","[1]","[139797]","[-1.54723]","[2.3689]","[343289]","[0.0127339]","[1]","[13]","[1]","[0]","[120.642]","[-0.0196897]","[3.41903]",414922,2.37203,3,"[537599,35034.9,20082.5]","[-1.14096,0.508533,0.520339]","[-0.870062,1.69955,-0.10458]","[928505,39847.1,23298.6]","[1,0.965434,0.905346]","[0,0,0]","[0,0,0]","[-0.966758,-0.836836,-0.906366]",0,"[]","[]","[]","[]","[]","[]","[]","[]","[]","[]",1,"[538098]","[-1.14301]","[-0.866393]","[930731]","[46330]","[0]","[1.79583]","[0.826195]",0,"[]","[]","[]","[]","[]","[]","[]","[]","[]","[]",0,"[6306.54]",11754.6,"[8858.28,2483.05,3037.4]","[]","[11212.1]","[]"
952,284500,8175348,361102,11454.5,11500.5,3.38179e+11,1.24168,1,0.999771,1,1,0.998151,1.00118,1,0,1,0,1,"[0]","[1]","[101897]","[1.5123]","[1.07773]","[242392]","[0.0640793]","[1]","[13]","[1]","[1234.4]","[756.917]","[0.0305264]","[3.97605]",211502,0.836658,2,"[280299,31080.7]","[-0.234174,-1.45274]","[-2.27296,-2.04535]","[289827,70294.2]","[0.991121,0.986435]","[0,0]","[0,0]","[-0.954448,-0.753552]",0,"[]","[]","[]","[]","[]","[]","[]","[]","[]","[]",1,"[262908]","[-0.223015]","[-2.26683]","[270889]","[27659.8]","[0]","[1.61985]","[0.451765]",0,"[]","[]","[]","[]","[]","[]","[]","[]","[]","[]",0,"[3810.62]",8371.42,"[6828.14,2983.86]","[]","[2907.2]","[]"
953,284500,8185315,361102,11465,11500.5,3.38179e+11,0.402058,1,0.995905,1,1,0.999231,0.976547,1,0,1,0,1,"[0]","[1]","[46233.2]","[1.42633]","[-0.369731]","[101796]","[0.187689]","[1]","[13]","[1]","[0]","[-96.0522]","[0.0449084]","[5.45971]",317388,-0.322974,1,"[342285]","[0.394685]","[2.80405]","[370082]","[1]","[0]","[0]","[-0.954214]",0,"[]","[]","[]","[]","[]","[]","[]","[]","[]","[]",1,"[326695]","[0.402383]","[2.80341]","[354467]","[26135.5]","[0]","[1.53811]","[0.433442]",0,"[]","[]","[]","[]","[]","[]","[]","[]","[]","[]",0,"[614.771]",12307.7,"[5193.31]","[]","[3337.72]","[]"
954,284500,8248889,361102,11464,11500.5,3.38179e+11,1.74563,1,0.987927,1,1,0.99946,0.993883,1,0,1,0,1,"[0]","[1]","[49946.4]","[1.70868]","[-3.08874]","[142416]","[0.0674248]","[1]","[13]","[1]","[0]","[-355.725]","[-0.0143983]","[1.86375]",212423,2.72559,1,"[259657]","[0.338297]","[-0.370914]","[275059]","[0.995684]","[0]","[0]","[-0.471348]",0,"[]","[]","[]","[]","[]","[]","[]","[]","[]","[]",1,"[267071]","[0.315726]","[-0.371498]","[280800]","[13121.4]","[0]","[1.48142]","[0.582648]",0,"[]","[]","[]","[]","[]","[]","[]","[]","[]","[]",0,"[638.104]",354.344,"[2894.96]","[]","[14034.3]","[]"
955,284500,8299355,361102,11456,11500.5,3.38179e+11,1.08735,1,0.99908,1,1,1,1.12914,1,0,1,0,1,"[0]","[1]","[55961.3]","[-0.939717]","[-3.1235]","[82542.8]","[-0.173462]","[1]","[13]","[1]","[0]","[-406.558]","[0.1964]","[25.6824]",210944,-3.01448,0,"[]","[]","[]","[]","[]","[]","[]","[]",0,"[]","[]","[]","[]","[]","[]","[]","[]","[]","[]",1,"[260771]","[-1.21684]","[0.204643]","[479850]","[30745.3]","[0]","[1.43137]","[0.691553]",0,"[]","[]","[]","[]","[]","[]","[]","[]","[]","[]",0,"[256.577]",8383.92,"[]","[]","[0]","[]"
956,284500,8245878,361102,11461.2,11500.5,3.38179e+11,0.596562,0.96654,1,1,1,0.99946,0.9995,1,1,0,0,1,"[0]","[1]","[69016.2]","[2.12435]","[0.467636]","[292869]","[-0.153305]","[1]","[11]","[1]","[0]","[1306.33]","[-0.0121272]","[1.1765]",187656,0.031609,1,"[264121]","[0.606085]","[-3.00226]","[317192]","[1]","[0]","[0]","[0.516926]",0,"[]","[]","[]","[]","[]","[]","[]","[]","[]","[]",1,"[268687]","[0.573395]","[-3.00946]","[317958]","[49504]","[0]","[1.42375]","[0.523636]",0,"[]","[]","[]","[]","[]","[]","[]","[]","[]","[]",0,"[299.559]",20762.3,"[3042.14]","[]","[15122.2]","[]"
957,284500,8273015,361102,11459.5,11500.5,3.38179e+11,1.55465,0.98413,1,1,1,0.988744,0.99866,1,1,0,0,1,"[0]","[1]","[136334]","[-1.15888]","[0.34495]","[238597]","[-0.0667114]","[1]","[11]","[1]","[0]","[389.48]","[-0.0156727]","[1.196]",121235,-0.00945673,1,"[261103]","[-0.778258]","[-3.00113]","[345058]","[1]","[4]","[0]","[0.765563]",0,"[]","[]","[]","[]","[]","[]","[]","[]","[]","[]",1,"[261200]","[-0.720817]","[-2.99581]","[333250]","[28293.5]","[0]","[2.91953]","[0.592044]",0,"[]","[]","[]","[]","[]","[]","[]","[]","[]","[]",0,"[1124.81]",24922.1,"[2282.52]","[]","[0]","[]"
958,284500,8452812,361102,11447.3,11500.5,3.38179e+11,0.402058,1,0.995851,1,1,0.999301,0.910967,1,0,1,0,1,"[0]","[1]","[94240.7]","[-1.13562]","[-0.973831]","[161826]","[0.0112085]","[1]","[13]","[1]","[0]","[-593.11]","[0.0129393]","[2.13432]",238282,-0.714712,1,"[327954]","[-0.219462]","[2.33016]","[336206]","[0.9801]","[0]","[0]","[-0.868617]",0,"[]","[]","[]","[]","[]","[]","[]","[]","[]","[]",1,"[332892]","[-0.213679]","[2.32554]","[340703]","[11165.1]","[0]","[2.45273]","[0.0477855]",0,"[]","[]","[]","[]","[]","[]","[]","[]","[]","[]",0,"[1265.68]",6379.86,"[7287.63]","[]","[37574.6]","[]"
959,284500,8476195,361102,-11456.6,11500.5,3.38179e+11,1.74563,1,1.0018,1,1,0.998678,0.981096,1,0,1,0,1,"[0]","[1]","[41536.1]","[1.2486]","[0.554021]","[78345]","[0.0209274]","[1]","[13]","[1]","[0]","[-113.421]","[0.0112898]","[1.59465]",404603,-0.0727741,3,"[365589,165113,77788.7]","[-0.12612,-1.27943,1.1551]","[2.89311,-1.66279,2.47519]","[369004,320030,136179]","[1,0.999638,0.992156]","[0,0,0]","[0,0,0]","[-0.792935,-0.976783,-0.473466]",0,"[]","[]","[]","[]","[]","[]","[]","[]","[]","[]",1,"[399058]","[-0.159718]","[2.89287]","[404885]","[24248.6]","[0]","[3.07576]","[0.611069]",0,"[]","[]","[]","[]","[]","[]","[]","[]","[]","[]",0,"[285.117]",5639.53,"[5485.35,14652.3,5985.61]","[]","[22065.8]","[]"
960,284500,8455868,361102,11451.9,11500.5,3.38179e+11,3.34815,1,0.994743,1,1,0.973676,0.698172,1,0,1,0,1,"[0]","[1]","[123195]","[-0.939586]","[-0.942117]","[181695]","[0.0113754]","[1]","[13]","[1]","[0]","[264.019]","[0.037386]","[5.35706]",26900.1,-0.773746,5,"[426459,159610,51549.8,37121.4,34408.3]","[-0.36638,0.981656,-0.605304,0.839073,0.396734]","[2.32636,-0.878097,-0.59636,-0.313358,-1.01292]","[457315,244273,61515.9,51315.3,37271.6]","[0.99,0.995166,1,1,0.993766]","[4,4,0,0,0]","[0,0,0,0,0]","[-0.0968471,0.08303,-0.483889,-0.957205,-0.927644]",0,"[]","[]","[]","[]","[]","[]","[]","[]","[]","[]",1,"[425633]","[-0.307525]","[2.33327]","[448151]","[44670.8]","[0]","[2.24637]","[0.75615]",0,"[]","[]","[]","[]","[]","[]","[]","[]","[]","[]",0,"[1930.23]",1962.65,"[8630.07,5508.32,2272.03,2090.79,5380.98]","[]","[35845.9]","[]"
961,284500,8482227,361102,11460,11500.5,3.38179e+11,0.596562,0.96972,1,1,1,0.998924,0.99544,1,1,0,0,1,"[0]","[1]","[230698]","[1.17142]","[-2.06547]","[407932]","[0.057724]","[1]","[11]","[1]","[0]","[-417.382]","[-0.0390299]","[6.85868]",141802,-2.05906,1,"[371208]","[1.23088]","[1.05695]","[690509]","[0.990805]","[0]","[0]","[-0.815912]",0,"[]","[]","[]","[]","[]","[]","[]","[]","[]","[]",1,"[362247]","[1.26796]","[1.05413]","[695185]","[28295.3]","[0]","[2.34464]","[0.795145]",0,"[]","[]","[]","[]","[]","[]","[]","[]","[]","[]",0,"[2737.3]",13398.1,"[14257.7]","[]","[7389.75]","[]"
962,284500,8549629,361102,11453,11500.5,3.38179e+11,1.08735,0.9823,1,1,1,0.999457,1.00632,1,1,0,0,1,"[0]","[1]","[92980.6]","[0.254068]","[-0.2887]","[95997.7]","[-0.0183105]","[1]","[11]","[1]","[0]","[-474.665]","[0.0258491]","[2.16383]",198281,-0.524804,1,"[277428]","[0.270363]","[2.77558]","[287904]","[0.998871]","[0]","[0]","[-0.955881]",0,"[]","[]","[]","[]","[]","[]","[]","[]","[]","[]",1,"[280790]","[0.248815]","[2.77813]","[289936]","[15399]","[0]","[4.48072]","[0.417471]",0,"[]","[]","[]","[]","[]","[]","[]","[]","[]","[]",0,"[363.093]",19195.3,"[11747]","[]","[40504]","[]"
963,284500,8555373,361102,11457.9,11500.5,3.38179e+11,0.00292683,1,0.997676,1,1,1.00526,0.970746,1,0,1,0,1,"[0]","[1]","[28373.1]","[2.40543]","[2.22004]","[158512]","[0.29966]","[1]","[13]","[1]","[0]","[235.1]","[-0.0207318]","[1.82826]",197928,2.09536,5,"[242268,109063,82652.8,26942.8,20636.2]","[1.67564,0.217186,1.97717,-0.857484,2.29449]","[-0.924902,2.38976,-1.2854,1.20051,-0.772323]","[669993,112416,304335,37928.2,103461]","[0.996076,0.999858,0.99048,0.970077,0.962922]","[0,5,0,5,0]","[0,0,0,0,0]","[-0.633619,0.973543,-0.941007,0.727626,-0.708419]",0,"[]","[]","[]","[]","[]","[]","[]","[]","[]","[]",1,"[307676]","[1.75843]","[-1.02269]","[921996]","[70710.5]","[0]","[1.09142]","[0.822164]",0,"[]","[]","[]","[]","[]","[]","[]","[]","[]","[]",0,"[434.902]",27659.8,"[3773.15,2136.35,8824.59,4891.89,1239.69]","[]","[20810.4]","[]"
964,284500,8524761,361102,11459.4,11500.5,3.38179e+11,1.26205,1,1.00236,1,1,0.998531,1.02048,1,0,1,0,1,"[0]","[1]","[30982]","[1.39681]","[-0.193372]","[66451.6]","[0.0764732]","[1]","[13]","[1]","[0]","[128.828]","[-0.0193598]","[1.99455]",233460,-0.527398,3,"[248516,74651.5,20819.4]","[1.6811,2.02925,-0.755035]","[2.99657,1.62559,-0.0119316]","[690918,289028,27344.2]","[0.996388,0.999077,0.941113]","[0,0,0]","[0,0,0]","[-0.896916,-0.863314,-0.830836]",0,"[]","[]","[]","[]","[]","[]","[]","[]","[]","[]",1,"[260434]","[1.6546]","[2.99024]","[707019]","[36926.9]","[0]","[2.24203]","[0.667104]",0,"[]","[]","[]","[]","[]","[]","[]","[]","[]","[]",0,"[36.2066]",15789.6,"[11670.9,6685.79,2700.41]","[]","[1292.95]","[]"
965,284500,8509328,361102,11452.4,11500.5,3.38179e+11,1.08735,1,0.996844,1,1,0.989844,0.764547,1,0,1,0,1,"[0]","[1]","[28987.7]","[0.193879]","[-0.848719]","[29534.4]","[2.74798]","[1]","[13]","[1]","[0]","[-286.487]","[-1.14071]","[75.7371]",203726,-1.20881,1,"[268433]","[-1.70718]","[2.15043]","[764445]","[0.995365]","[4]","[0]","[0.580156]",0,"[]","[]","[]","[]","[]","[]","[]","[]","[]","[]",1,"[265182]","[-1.73217]","[2.15092]","[773070]","[11881.8]","[0]","[2.77214]","[0.458297]",0,"[]","[]","[]","[]","[]","[]","[]","[]","[]","[]",0,"[150.364]",6752.98,"[4204.17]","[]","[7329.5]","[]"
966,284500,8519866,361102,11460.8,11500.5,3.38179e+11,1.08735,0.9823,1,1,1,1.14724,1.00632,1,1,0,0,1,"[0]","[1]","[109601]","[0.290819]","[1.97371]","[114268]","[0.0190029]","[1]","[11]","[1]","[2684.31]","[99.9008]","[0.0110154]","[1.21382]",132474,2.50974,3,"[285392,121041,22961.3]","[-0.00933186,1.59251,-0.142079]","[-1.21279,1.13728,-1.79652]","[286967,310772,23481.6]","[1,0.996679,0.99]","[0,4,0]","[0,0,0]","[-0.920829,0.857963,-0.884474]",0,"[]","[]","[]","[]","[]","[]","[]","[]","[]","[]",1,"[284126]","[0.0131773]","[-1.2181]","[286868]","[39394.2]","[0]","[2.00337]","[0.599103]",0,"[]","[]","[]","[]","[]","[]","[]","[]","[]","[]",0,"[702.547]",2504.53,"[5344.52,7400.32,1851.24]","[]","[576.812]","[]"
967,284500,8649845,361102,11450.9,11500.5,3.38179e+11,1.55465,0.97332,1,1,1,0.98868,0.98683,1,1,0,0,1,"[0]","[1]","[67638.8]","[-0.816204]","[1.1685]","[91447.8]","[0.136595]","[1]","[11]","[1]","[0]","[930.12]","[0.00919149]","[0.978739]",352975,1.17545,4,"[233155,80262.1,70794.8,51133.1]","[-0.695178,-1.16008,-0.340679,-1.0853]","[-1.502,-2.24017,-2.09462,-0.742786]","[291966,141423,76239.6,84670.7]","[0.997259,1,0.997843,0.99]","[4,0,0,0]","[0,0,0,0]","[-0.921234,-0.934205,-0.905802,-0.445177]",0,"[]","[]","[]","[]","[]","[]","[]","[]","[]","[]",1,"[299278]","[-0.766398]","[-1.6957]","[412784]","[130666]","[0]","[1.56516]","[0.393626]",0,"[]","[]","[]","[]","[]","[]","[]","[]","[]","[]",0,"[245.979]",9031.53,"[2135.9,4477.37,2152.07,4219.62]","[]","[2868.59]","[]"
968,284500,8635829,361102,11465.6,11500.5,3.38179e+11,1.21412,1,0.998569,1,1,0.959139,0.353167,1,0,1,0,1,"[0]","[1]","[54661.6]","[0.974048]","[2.52925]","[82708.5]","[-0.04599]","[1]","[13]","[1]","[0]","[-297.641]","[0.0323028]","[4.82091]",281804,2.11851,4,"[245413,40961,39206,36621.9]","[1.47374,0.491732,1.49924,0.495153]","[-0.677967,-1.97337,-1.25815,-1.34162]","[564620,46556.4,92563.8,41800.5]","[0.990037,0.950051,0.96217,0.973034]","[0,5,0,5]","[0,0,0,0]","[-0.803477,-0.942903,-0.898407,0.98016]",0,"[]","[]","[]","[]","[]","[]","[]","[]","[]","[]",1,"[250025]","[1.47776]","[-0.682595]","[577376]","[32418.3]","[0]","[1.59908]","[0.685278]",0,"[]","[]","[]","[]","[]","[]","[]","[]","[]","[]",0,"[371.07]",3724.69,"[5387.52,1134.46,2688.46,2100.55]","[]","[0]","[]"
969,284500,8632274,361102,11452.9,11500.5,3.38179e+11,0.596562,1,0.999109,1,1,0.98884,0.829614,1,0,1,0,1,"[0]","[1]","[35178.2]","[-0.211224]","[-1.93863]","[35966]","[-0.0307274]","[1]","[13]","[1]","[0]","[-613.302]","[0.0243465]","[2.18119]",228156,-2.04834,1,"[296063]","[1.07682]","[1.20834]","[485655]","[0.996542]","[4]","[0]","[-0.741222]",0,"[]","[]","[]","[]","[]","[]","[]","[]","[]","[]",1,"[300070]","[1.09549]","[1.20441]","[499240]","[19255.3]","[0]","[1.91931]","[0.707004]",0,"[]","[]","[]","[]","[]","[]","[]","[]","[]","[]",0,"[347.411]",3906.09,"[6800.77]","[]","[1814.81]","[]"
970,284500,8695669,361102,11452.7,11500.5,3.38179e+11,0.934886,1,0.991808,1,1,0.999047,0.991768,1,0,1,0,1,"[0]","[1]","[125956]","[1.92204]","[-2.71263]","[439662]","[1.53128]","[1]","[13]","[1]","[0]","[-54.7316]","[-0.165425]","[12.8177]",231426,-2.55637,1,"[369240]","[-0.459953]","[0.471789]","[411392]","[1]","[0]","[0]","[-0.82458]",0,"[]","[]","[]","[]","[]","[]","[]","[]","[]","[]",1,"[349441]","[-0.49677]","[0.46403]","[395811]","[43147.4]","[0]","[0.910393]","[0.54653]",0,"[]","[]","[]","[]","[]","[]","[]","[]","[]","[]",0,"[7932.32]",2685.52,"[4530.41]","[]","[649.688]","[]"
971,284500,6970165,361102,11458,11500.5,3.38179e+11,1.74563,1,0.990933,1,1,1.17289,0.844503,1,0,1,0,1,"[0]","[1]","[97262]","[-0.887717]","[-2.01357]","[138169]","[0.150055]","[1]","[13]","[1]","[1424.61]","[625.319]","[-0.0996578]","[16.6654]",227557,-2.06374,4,"[266321,91521.7,29923.7,26331.6]","[-1.57693,-1.32014,-2.40085,1.13025]","[1.28933,-0.152294,2.24334,1.43338]","[672458,183974,166543,45498.7]","[0.995917,0.994971,0.989628,0.829497]","[0,0,0,0]","[0,0,0,0]","[0.916494,-0.808949,-0.773355,-0.687364]",0,"[]","[]","[]","[]","[]","[]","[]","[]","[]","[]",1,"[261148]","[-1.56594]","[1.29226]","[652810]","[24379.3]","[0]","[2.13191]","[0.674261]",0,"[]","[]","[]","[]","[]","[]","[]","[]","[]","[]",0,"[5031.16]",13220.9,"[12136.4,3696.05,5847.42,2117.85]","[]","[3592.7]","[]"
972,284500,8765378,361102,11460.5,11500.5,3.38179e+11,1.55465,1,0.994259,1,1,0.998853,0.906811,1,0,1,0,1,"[0]","[1]","[68527.6]","[0.135834]","[2.53385]","[69160.8]","[-0.213547]","[1]","[13]","[1]","[0]","[532.337]","[0.172718]","[29.6589]",203248,2.46128,2,"[316260,48593.4]","[-1.91698,0.648813]","[-0.834451,1.70504]","[1.09869e+06,59959.4]","[0.994576,0.999273]","[0,0]","[0,0]","[-0.92233,-0.91081]",0,"[]","[]","[]","[]","[]","[]","[]","[]","[]","[]",1,"[313612]","[-1.90808]","[-0.837347]","[1.08026e+06]","[14856.9]","[0]","[5.92704]","[0.710698]",0,"[]","[]","[]","[]","[]","[]","[]","[]","[]","[]",0,"[535.615]",17255.4,"[20465.3,3675.94]","[]","[13598.8]","[]"
973,284500,8780624,361102,11457.3,11500.5,3.38179e+11,1.55465,1,0.997251,1,1,0.989263,0.873594,1,0,1,0,1,"[0]","[1]","[110688]","[0.159797]","[-1.35579]","[112104]","[0.0442619]","[1]","[13]","[1]","[0]","[-118.551]","[-0.00359513]","[0.75066]",185287,-1.59507,1,"[297497]","[1.3725]","[1.62732]","[625034]","[0.990414]","[4]","[0]","[0.123486]",0,"[]","[]","[]","[]","[]","[]","[]","[]","[]","[]",1,"[300749]","[1.38761]","[1.62576]","[640193]","[21496.9]","[0]","[2.5061]","[0.762634]",0,"[]","[]","[]","[]","[]","[]","[]","[]","[]","[]",0,"[5195.64]",3481.09,"[4841.16]","[]","[1841.5]","[]"
974,284500,6976191,361102,11446.1,11500.5,3.38179e+11,0.506784,1,0.997807,1,1,0.985297,0.990955,1,0,1,0,1,"[0]","[1]","[243286]","[-1.12138]","[-3.04521]","[412967]","[0.0446701]","[1]","[13]","[1]","[0]","[-68.501]","[-0.0189736]","[4.68167]",98920.6,2.91746,1,"[340329]","[0.359754]","[0.0124081]","[363230]","[0.971767]","[4]","[0]","[-0.0923486]",0,"[]","[]","[]","[]","[]","[]","[]","[]","[]","[]",1,"[325579]","[0.39824]","[0.00643747]","[352473]","[22718.4]","[0]","[2.07187]","[0.308709]",0,"[]","[]","[]","[]","[]","[]","[]","[]","[]","[]",0,"[19504.7]",14326.8,"[3152.98]","[]","[27989.8]","[]"
975,284500,7665814,361102,11456.1,11500.5,3.38179e+11,1.08735,1,0.995324,1,1,0.950722,0.934576,1,0,1,0,1,"[0]","[1]","[66992.4]","[0.456552]","[1.73898]","[74096.5]","[-0.0214834]","[1]","[13]","[1]","[0]","[135.561]","[0.0113739]","[1.54428]",218640,1.95601,1,"[277083]","[-1.58267]","[-1.25059]","[703719]","[0.990318]","[5]","[0]","[0.985303]",0,"[]","[]","[]","[]","[]","[]","[]","[]","[]","[]",1,"[266552]","[-1.57945]","[-1.25423]","[675047]","[34667]","[0]","[1.7327]","[0.76341]",0,"[]","[]","[]","[]","[]","[]","[]","[]","[]","[]",0,"[856.151]",26981.9,"[16984.1]","[]","[11182.8]","[]"
976,284500,8063253,361102,11460.5,11500.5,3.38179e+11,0.00183436,1,1.00073,1,1,1.00536,1.1034,1,0,1,0,1,"[0]","[1]","[73099.5]","[-1.00527]","[0.105611]","[113253]","[0.125696]","[1]","[13]","[1]","[0]","[-264.147]","[0.0290991]","[5.5337]",260777,-0.245745,5,"[411901,91575.3,30690.3,26349.5,23167.9]","[-0.143607,-0.168202,0.89885,1.16755,1.08108]","[-2.98528,1.14301,0.22464,0.923624,1.775]","[416493,93708.2,44428.7,46662.7,38375]","[0.99,0.997907,0.876326,1,0.600959]","[0,0,0,4,0]","[0,0,0,0,0]","[-0.98627,-0.949735,-0.832928,-0.598511,-0.774265]",0,"[]","[]","[]","[]","[]","[]","[]","[]","[]","[]",1,"[423343]","[-0.153249]","[-2.98335]","[428656]","[16889.2]","[0]","[5.39935]","[0.587309]",0,"[]","[]","[]","[]","[]","[]","[]","[]","[]","[]",0,"[949.644]",5722.17,"[7524.9,2571.23,2106.39,2649.91,1761.21]","[]","[11424.7]","[]"
977,284500,8622239,361102,11460.9,11500.5,3.38179e+11,0.596562,0.97538,1,1,1,0.996533,1.01508,1,1,0,0,1,"[0]","[1]","[138925]","[-1.55066]","[1.02129]","[342220]","[0.0427322]","[1]","[11]","[1]","[0]","[5252.72]","[0.0275385]","[2.93269]",390419,0.731329,2,"[502831,23788.7]","[0.0868161,1.78748]","[-2.31564,-3.12487]","[505056,73086.8]","[0.913271,0.988235]","[0,0]","[0,0]","[-0.822147,-0.734933]",0,"[]","[]","[]","[]","[]","[]","[]","[]","[]","[]",1,"[497731]","[0.0778186]","[-2.31624]","[499597]","[18906.3]","[0]","[7.16045]","[0.316082]",0,"[]","[]","[]","[]","[]","[]","[]","[]","[]","[]",0,"[2476.43]",7796.69,"[8978.17,2057.94]","[]","[36069.2]","[]"
978,284500,8060953,361102,11465.3,11500.5,3.38179e+11,0.934886,0.9724,1,1,1,0.998088,0.96574,1,1,0,0,1,"[0]","[1]","[50535.2]","[1.05288]","[-0.281429]","[81230.6]","[-0.0891571]","[1]","[11]","[1]","[0]","[-495.215]","[-0.0123759]","[1.02657]",296891,-0.508094,3,"[326044,21890.3,21688.8]","[1.43946,-0.743385,1.19704]","[2.68319,-2.95663,1.54039]","[727783,28699,39405.2]","[0.995214,0.668229,0.798946]","[0,0,0]","[0,0,0]","[-0.810407,-0.731602,-0.389715]",0,"[]","[]","[]","[]","[]","[]","[]","[]","[]","[]",1,"[298504]","[1.47015]","[2.68487]","[684888]","[42959.4]","[0]","[1.13414]","[0.688005]",0,"[]","[]","[]","[]","[]","[]","[]","[]","[]","[]",0,"[244.232]",2042.78,"[5030.93,1717.89,1603.81]","[]","[2548.44]","[]"
979,284500,7666438,361102,11458.3,11500.5,3.38179e+11,1.74563,0.98916,1,1,1,0.98698,0.99765,1,1,0,0,1,"[0]","[1]","[81448.8]","[0.739266]","[-2.05583]","[104738]","[-0.0413103]","[1]","[11]","[1]","[0]","[-876.246]","[-0.0247543]","[2.11554]",191391,-0.647476,3,"[264077,74515.5,74182]","[0.143031,1.41467,-0.103229]","[2.77866,0.670017,1.05056]","[267274,162546,75166.8]","[0.99756,0.890034,0.988225]","[4,0,0]","[0,0,0]","[0.66635,-0.937522,-0.876972]",0,"[]","[]","[]","[]","[]","[]","[]","[]","[]","[]",1,"[252637]","[0.135855]","[2.78754]","[255170]","[10052.8]","[0]","[10.9171]","[0.358476]",0,"[]","[]","[]","[]","[]","[]","[]","[]","[]","[]",0,"[233.757]",7824.17,"[5860.2,2571.2,2523.29]","[]","[0]","[]"
980,284500,8294431,361102,11456.8,11500.5,3.38179e+11,1.74563,0.97097,1,1,1,0.999267,0.99737,1,1,0,0,1,"[0]","[1]","[36096.5]","[0.119652]","[-3.13042]","[36355.2]","[-0.146579]","[1]","[11]","[1]","[0]","[-241.853]","[0.000914472]","[0.0558716]",241602,2.82252,2,"[194521,86036.1]","[-1.71877,-2.40687]","[-0.317537,-0.197136]","[560501,481487]","[0.995388,0.994162]","[0,0]","[0,0]","[-0.923798,-0.842125]",0,"[]","[]","[]","[]","[]","[]","[]","[]","[]","[]",1,"[274253]","[-1.9579]","[-0.29537]","[995683]","[98275.5]","[0]","[1.19126]","[0.682875]",0,"[]","[]","[]","[]","[]","[]","[]","[]","[]","[]",0,"[82.1504]",5351.45,"[3473.75,6078.66]","[]","[15954.7]","[]"
981,284500,7080042,361102,11452.1,11500.5,3.38179e+11,0.596562,0.97076,1,1,1,0.999377,0.95972,1,1,0,0,1,"[0]","[1]","[50367.3]","[-0.862162]","[-1.90773]","[70275.5]","[0.0927072]","[1]","[11]","[1]","[0]","[366.538]","[0.15413]","[11.7455]",283166,-1.98417,2,"[280209,43394.3]","[0.308394,0.724471]","[1.21034,0.983175]","[295980,55905.1]","[0.996641,0.995507]","[0,0]","[0,0]","[-0.457311,-0.611503]",0,"[]","[]","[]","[]","[]","[]","[]","[]","[]","[]",1,"[327313]","[0.369081]","[1.18814]","[357102]","[71549.4]","[0]","[1.68966]","[0.625359]",0,"[]","[]","[]","[]","[]","[]","[]","[]","[]","[]",0,"[105.305]",7642.06,"[3237.86,8231.79]","[]","[5126.72]","[]"
982,284500,7091941,361102,11454,11500.5,3.38179e+11,0.596562,1,0.993882,1,1,0.982582,0.759899,1,0,1,0,1,"[0]","[1]","[123270]","[-0.192601]","[-3.11838]","[125564]","[-0.168831]","[1]","[13]","[1]","[0]","[1547.87]","[-0.0220579]","[3.55985]",283885,-3.07046,2,"[447285,111687]","[-0.352616,-1.54157]","[-0.192041,1.83893]","[475732,273373]","[0.996898,1]","[0,4]","[0,0]","[-0.965289,0.00612028]",0,"[]","[]","[]","[]","[]","[]","[]","[]","[]","[]",1,"[409269]","[-0.40746]","[-0.187739]","[443908]","[13067.7]","[0]","[2.51029]","[-1]",0,"[]","[]","[]","[]","[]","[]","[]","[]","[]","[]",0,"[4333.42]",5761.41,"[8285.75,3303.63]","[]","[17356.3]","[]"
983,284500,7316758,361102,11453,11500.5,3.38179e+11,1.08735,0.96073,1,1,1,0.998271,0.98827,1,1,0,0,1,"[0]","[1]","[30807.2]","[-0.111264]","[0.745518]","[30998.1]","[-0.0504227]","[1]","[11]","[1]","[0]","[-397.969]","[0.102113]","[8.11884]",298003,1.09812,3,"[290041,50519.5,21338.3]","[1.42708,-1.24158,0.927621]","[-1.92169,3.05673,-1.86392]","[639433,95196.4,31582.2]","[1,0.91909,0.989494]","[0,0,0]","[0,0,0]","[-0.891635,-0.666068,-0.833836]",0,"[]","[]","[]","[]","[]","[]","[]","[]","[]","[]",1,"[279371]","[1.43332]","[-1.92166]","[619235]","[18438.8]","[0]","[2.93236]","[0.752737]",0,"[]","[]","[]","[]","[]","[]","[]","[]","[]","[]",0,"[35.4787]",21165.2,"[18528.9,2695.39,3122.21]","[]","[12835.6]","[]"
984,284500,7323582,361102,11469.2,11500.5,3.38179e+11,1.55465,1,1.00057,1,1,0.985572,0.946839,1,0,1,0,1,"[0]","[1]","[206160]","[-1.09562]","[1.1827]","[342781]","[-0.0142837]","[1]","[13]","[1]","[0]","[956.485]","[-0.0123758]","[2.53441]",30005,-0.550586,2,"[303709,38692.6]","[0.0116232,2.26137]","[-1.929,2.33837]","[304784,187705]","[0.99725,0.703889]","[4,0]","[0,0]","[-0.974006,-0.601691]",0,"[]","[]","[]","[]","[]","[]","[]","[]","[]","[]",1,"[273449]","[0.0106826]","[-1.93775]","[273601]","[8636.49]","[0]","[2.6099]","[0.470041]",0,"[]","[]","[]","[]","[]","[]","[]","[]","[]","[]",0,"[2193.68]",1002.29,"[6066.87,3325.24]","[]","[1792.84]","[]"
985,284500,7336984,361102,11460.4,11500.5,3.38179e+11,1.24168,0.95508,1,1,1,0.999205,0.93664,1,1,0,0,1,"[0]","[1]","[56444.9]","[-1.16169]","[-2.62107]","[99012.4]","[-0.00585675]","[1]","[11]","[1]","[0]","[-253.791]","[-0.0466532]","[6.17092]",197904,-2.23667,1,"[268103]","[-1.21664]","[0.853302]","[492347]","[0.99976]","[0]","[0]","[-0.749107]",0,"[]","[]","[]","[]","[]","[]","[]","[]","[]","[]",1,"[279448]","[-1.21517]","[0.854272]","[512504]","[8169.46]","[0]","[4.18075]","[0.491654]",0,"[]","[]","[]","[]","[]","[]","[]","[]","[]","[]",0,"[98.9663]",5585,"[5711.16]","[]","[37197.6]","[]"
986,284500,7329245,361102,11454.8,11500.5,3.38179e+11,0.402058,1,1.00076,1,1,0.999461,0.966973,1,0,1,0,1,"[0]","[1]","[49892.6]","[2.2241]","[2.66615]","[233330]","[0.194918]","[1]","[13]","[1]","[0]","[954.076]","[-0.123604]","[15.7094]",212238,2.44207,1,"[261680]","[0.374572]","[-0.537485]","[280845]","[0.983784]","[0]","[0]","[-0.953362]",0,"[]","[]","[]","[]","[]","[]","[]","[]","[]","[]",1,"[255918]","[0.367207]","[-0.5395]","[273831]","[15941.8]","[0]","[2.4296]","[0.487278]",0,"[]","[]","[]","[]","[]","[]","[]","[]","[]","[]",0,"[576.121]",1391.52,"[3525.96]","[]","[5582.7]","[]"
987,284500,7410755,361102,11454.7,11500.5,3.38179e+11,0.934886,1,1.00369,1,1,0.997672,1.01431,1,0,1,0,1,"[0]","[1]","[64715.4]","[1.39443]","[2.76455]","[138512]","[0.68866]","[1]","[13]","[1]","[0]","[-376.506]","[-0.176849]","[21.4951]",495306,2.87018,4,"[415299,99856.1,60236.2,46258.8]","[1.58268,2.43665,-0.275196,2.27172]","[-0.250252,-1.11002,0.926286,-0.172845]","[1.0536e+06,575314,63005.9,226722]","[0.996777,0.446069,0.998519,0.989663]","[0,0,0,0]","[0,0,0,0]","[-0.736302,-0.832841,-0.854689,-0.752524]",0,"[]","[]","[]","[]","[]","[]","[]","[]","[]","[]",1,"[466215]","[1.65434]","[-0.247328]","[1.26771e+06]","[101532]","[0]","[2.74869]","[0.410066]",0,"[]","[]","[]","[]","[]","[]","[]","[]","[]","[]",0,"[688.817]",8924.62,"[10118.2,5809.45,3354.39,10527.9]","[]","[15011.1]","[]"
988,284500,7417861,361102,11452.7,11500.5,3.38179e+11,0.596562,1,0.996889,1,1,0.999413,0.976117,1,0,1,0,1,"[0]","[1]","[95279.8]","[-0.165482]","[-0.458442]","[96587.4]","[-0.0165787]","[1]","[13]","[1]","[0]","[-201.824]","[-0.0158412]","[2.5951]",156968,-0.818466,1,"[252898]","[0.0215853]","[2.4749]","[253581]","[0.994218]","[0]","[0]","[-0.908742]",0,"[]","[]","[]","[]","[]","[]","[]","[]","[]","[]",1,"[250395]","[0.0684972]","[2.473]","[251474]","[15703]","[0]","[1.90525]","[0.15531]",0,"[]","[]","[]","[]","[]","[]","[]","[]","[]","[]",0,"[2108.67]",4259.2,"[5091.33]","[]","[5891.66]","[]"
989,284500,8075614,361102,11451.9,11500.5,3.38179e+11,0.596562,1,0.994069,1,1,0.998843,0.964819,1,0,1,0,1,"[0]","[1]","[44095.1]","[-0.293862]","[-2.37854]","[46012.9]","[0.056694]","[1]","[13]","[1]","[0]","[-448.233]","[0.0139216]","[1.35406]",307930,-2.11036,2,"[341674,49669.9]","[-0.35308,-1.32034]","[0.836605,1.87463]","[366811,99935.9]","[1,0.994514]","[0,0]","[0,0]","[0.37298,-0.7187]",0,"[]","[]","[]","[]","[]","[]","[]","[]","[]","[]",1,"[358094]","[-0.32019]","[0.842085]","[381424]","[60426.1]","[0]","[1.58562]","[0.666676]",0,"[]","[]","[]","[]","[]","[]","[]","[]","[]","[]",0,"[190.728]",792.938,"[7833.31,2386.46]","[]","[48313.1]","[]"
990,284500,7560107,361102,11454.1,11500.5,3.38179e+11,1.24168,1,0.991763,1,1,0.999122,0.9309,1,0,1,0,1,"[0]","[1]","[94761.2]","[0.913682]","[1.0415]","[137145]","[-0.00992632]","[1]","[13]","[1]","[1756.77]","[-426.051]","[-0.0173438]","[2.84171]",162780,1.05447,1,"[283328]","[1.41722]","[-2.14491]","[620258]","[1]","[0]","[0]","[-0.902511]",0,"[]","[]","[]","[]","[]","[]","[]","[]","[]","[]",1,"[263214]","[1.42311]","[-2.1375]","[579550]","[43953.4]","[0]","[1.19898]","[0.823991]",0,"[]","[]","[]","[]","[]","[]","[]","[]","[]","[]",0,"[1341.15]",4173.38,"[5007.11]","[]","[12501]","[]"
991,284500,7218396,361102,11457.2,11500.5,3.38179e+11,1.32095,0.97553,1,1,1,0.998516,1.01265,1,1,0,0,1,"[0]","[1]","[111996]","[1.70899]","[-0.538301]","[319437]","[-0.0299253]","[1]","[11]","[1]","[0]","[1993.2]","[0.0187116]","[1.75208]",298025,-0.391512,1,"[390148]","[1.96533]","[2.97221]","[1.41973e+06]","[0.987584]","[0]","[0]","[-0.903448]",0,"[]","[]","[]","[]","[]","[]","[]","[]","[]","[]",1,"[390868]","[1.9666]","[2.97135]","[1.42404e+06]","[12987.4]","[0]","[5.69086]","[0.372015]",0,"[]","[]","[]","[]","[]","[]","[]","[]","[]","[]",0,"[1380.69]",14308.2,"[15752.3]","[]","[11618.9]","[]"
992,284500,7064134,361102,11460.1,11500.5,3.38179e+11,1.55465,1,1,1,1,1.01231,1,1,1,0,0,1,"[0]","[1]","[147943]","[-0.976044]","[-1.89711]","[224188]","[0.0156898]","[1]","[11]","[0]","[0]","[-969.612]","[-0.0176755]","[0.799486]",355873,-1.96367,5,"[549021,176554,115885,64904.3,23212.3]","[-0.349715,-0.650982,-0.416727,0.490088,0.956573]","[1.67958,-0.145492,-0.67456,2.76109,-0.307749]","[583486,215687,126472,73130.2,34936.8]","[1,0.996305,0.994765,0.988756,0.98]","[0,0,5,0,0]","[0,0,0,0,0]","[-0.286323,-0.751046,0.999338,-0.938573,-0.562434]",0,"[]","[]","[]","[]","[]","[]","[]","[]","[]","[]",2,"[578051,272454]","[-0.332724,-0.564954]","[1.67978,-0.353766]","[610856,329411]","[24998.5,89206.5]","[0,0]","[2.8858,0.656416]","[0.316687,0.676449]",0,"[]","[]","[]","[]","[]","[]","[]","[]","[]","[]",0,"[1642.79]",1939.12,"[8274.37,2521.01,2926.22,3225.81,5796.27]","[]","[27286.6,7676.66]","[]"
993,284500,2108324,361102,11465.8,11500.5,3.38179e+11,1.55465,1,0.991819,1,1,1.00488,1.00372,1,0,1,0,1,"[0]","[1]","[58213.3]","[-1.74425]","[-2.98074]","[171623]","[-0.10994]","[1]","[13]","[1]","[1544.41]","[-11.0937]","[0.101083]","[13.1486]",324524,2.728,3,"[25137.2,24267.3,20908.3]","[-1.67972,1.26411,0.0117119]","[0.211158,-1.69991,-2.60346]","[69802,46608.9,21060.8]","[0.99,0.933374,1]","[5,0,0]","[0,0,0]","[0.399364,-0.91436,-0.893676]",0,"[]","[]","[]","[]","[]","[]","[]","[]","[]","[]",1,"[364044]","[-1.79624]","[-0.202412]","[1.12798e+06]","[41068.3]","[0]","[3.17939]","[0.738682]",0,"[]","[]","[]","[]","[]","[]","[]","[]","[]","[]",0,"[611.91]",7836.66,"[1355.28,2658.27,1235.25]","[]","[17018.6]","[]"
994,284500,2100287,361102,11449.3,11500.5,3.38179e+11,1.08735,1,0.993241,1,1,0.998398,0.86297,1,0,1,0,1,"[0]","[1]","[40395.8]","[-0.944205]","[-1.39352]","[59781]","[-0.0135193]","[1]","[13]","[1]","[0]","[28.8434]","[0.00467085]","[0.529241]",358363,-1.48874,2,"[355712,39417.2]","[0.60493,1.25178]","[1.63114,1.75646]","[427599,74904.6]","[1,0.966763]","[0,0]","[0,0]","[-0.834341,-0.809628]",0,"[]","[]","[]","[]","[]","[]","[]","[]","[]","[]",1,"[377000]","[0.685741]","[1.63724]","[478654]","[94818.1]","[0]","[1.51249]","[0.45006]",0,"[]","[]","[]","[]","[]","[]","[]","[]","[]","[]",0,"[213.767]",11976.9,"[8702.99,4673.46]","[]","[23089.6]","[]"
995,284500,2098732,361102,11461.5,11500.5,3.38179e+11,1.74563,1.00588,1,1,1,0.996837,1.00306,1,1,0,0,1,"[0]","[1]","[152080]","[0.925223]","[-2.85826]","[221951]","[-0.144684]","[1]","[11]","[1]","[0]","[685.457]","[-0.0722616]","[6.65859]",448408,-2.78576,2,"[595022,22166]","[1.26213,0.961112]","[0.377158,-0.789322]","[1.13576e+06,33412.7]","[0.994592,0.993972]","[0,0]","[0,0]","[-0.950481,-0.920446]",0,"[]","[]","[]","[]","[]","[]","[]","[]","[]","[]",1,"[599105]","[1.2371]","[0.380153]","[1.11944e+06]","[28484.7]","[0]","[2.08594]","[0.371994]",0,"[]","[]","[]","[]","[]","[]","[]","[]","[]","[]",0,"[1670.03]",5302.38,"[9551.43,1943.29]","[]","[21020.5]","[]"
996,284500,2088358,361102,11464.8,11500.5,3.38179e+11,1.55465,0.97921,1,1,1,0.99942,1.00192,1,1,0,0,1,"[0]","[1]","[63796.9]","[-0.133404]","[-0.745527]","[64365.4]","[0.185753]","[1]","[11]","[1]","[0]","[501.69]","[0.0403827]","[4.31416]",187255,-0.742153,1,"[252401]","[0.761666]","[2.44009]","[329677]","[0.996314]","[0]","[0]","[-0.921985]",0,"[]","[]","[]","[]","[]","[]","[]","[]","[]","[]",1,"[255680]","[0.753639]","[2.44206]","[331877]","[7496.32]","[0]","[2.4858]","[0.480341]",0,"[]","[]","[]","[]","[]","[]","[]","[]","[]","[]",0,"[320.165]",2710.03,"[4030]","[]","[6874.84]","[]"
997,284500,2264728,361102,11450.5,11500.5,3.38179e+11,1.55465,1,0.999959,1,1,0.983915,1.00034,1,0,1,0,1,"[0]","[1]","[190227]","[1.2849]","[2.48629]","[370084]","[0.0565863]","[1]","[13]","[1]","[0]","[-942.404]","[0.0051335]","[0.796015]",229559,2.51939,4,"[370120,58334.3,30529,21722.6]","[-0.0873925,-1.34875,1.9933,-0.835338]","[-0.491901,-2.26728,-0.643541,0.0571689]","[373093,120293,114319,30191.7]","[0.993275,0.998558,0.99505,0.967559]","[4,0,0,0]","[0,0,0,0]","[0.249666,0.0354334,-0.680597,-0.939386]",0,"[]","[]","[]","[]","[]","[]","[]","[]","[]","[]",1,"[366906]","[-0.0865657]","[-0.48378]","[370756]","[42765.1]","[0]","[2.64976]","[0.380129]",0,"[]","[]","[]","[]","[]","[]","[]","[]","[]","[]",0,"[5696.24]",4534.86,"[3593.26,2260.72,3608.73,2282.08]","[]","[6319.28]","[]"
998,284500,2315187,361102,11458.3,11500.5,3.38179e+11,1.08735,1,0.995469,1,1,0.999259,0.807687,1,0,1,0,1,"[0]","[1]","[71722.8]","[0.629156]","[0.627331]","[86392.6]","[-0.255077]","[1]","[13]","[1]","[0]","[1352.72]","[0.00610852]","[1.01049]",241181,0.365812,2,"[210631,98965.8]","[0.809786,1.65197]","[-2.5667,-3.02918]","[283791,267991]","[0.994241,0.994417]","[0,0]","[0,0]","[-0.868528,-0.730626]",0,"[]","[]","[]","[]","[]","[]","[]","[]","[]","[]",1,"[290922]","[1.14032]","[-2.69754]","[525734]","[157856]","[0]","[0.592775]","[0.531775]",0,"[]","[]","[]","[]","[]","[]","[]","[]","[]","[]",0,"[221.558]",3396.52,"[5874.65,3043.26]","[]","[12800.2]","[]"
999,284500,2164330,361102,11452.7,11500.5,3.38179e+11,1.55465,0.96709,1,1,1,0.988159,1.00936,1,1,0,0,1,"[0]","[1]","[107483]","[0.0883207]","[0.731243]","[107902]","[-0.0260544]","[1]","[11]","[1]","[0]","[248.794]","[-0.0301657]","[1.3421]",191996,0.500447,2,"[155117,138082]","[-1.03342,-0.0857239]","[-2.47279,-2.60737]","[246279,139433]","[1,0.99683]","[0,4]","[0,0]","[-0.916106,0.104627]",0,"[]","[]","[]","[]","[]","[]","[]","[]","[]","[]",1,"[272183]","[-0.673815]","[-2.53329]","[368049]","[149437]","[0]","[0.732098]","[0.706464]",0,"[]","[]","[]","[]","[]","[]","[]","[]","[]","[]",0,"[1080.79]",4835.17,"[9175.61,4106.85]","[]","[23192.2]","[]"
1000,284500,2359963,361102,11458.2,11500.5,3.38179e+11,0.934886,0.99242,1,1,1,0.999416,0.99765,1,1,0,0,1,"[0]","[1]","[166436]","[0.754769]","[-0.258992]","[216137]","[-0.0114729]","[1]","[11]","[1]","[0]","[-760.554]","[-0.0231093]","[3.26117]",182210,-0.219271,2,"[305416,54481]","[-0.379027,-0.49028]","[2.79838,-2.75192]","[328486,61918.2]","[0.999509,0.992422]","[0,0]","[0,0]","[-0.925649,-0.880726]",0,"[]","[]","[]","[]","[]","[]","[]","[]","[]","[]",1,"[342757]","[-0.393507]","[2.88708]","[379211]","[84663]","[0]","[1.83897]","[0.704035]",0,"[]","[]","[]","[]","[]","[]","[]","[]","[]","[]",0,"[875.111]",4550.34,"[5043.67,2273.06]","[]","[15400.8]","[]"
1001,284500,2494423,361102,11452.8,11500.5,3.38179e+11,1.55465,1,0.999738,1,1,0.997037,0.994688,1,0,1,0,1,"[0]","[1]","[136779]","[-1.55295]","[-1.42434]","[337639]","[0.0140305]","[1]","[13]","[1]","[0]","[182.584]","[-0.00907416]","[1.73697]",478988,-1.56973,6,"[497742,174827,60633.9,47772.6,33405.5,26874.8]","[0.721123,2.31342,-0.183532,-0.368824,0.319235,2.37321]","[1.96209,0.357393,1.91646,0.321645,2.21922,-0.472283]","[634661,892336,62877.4,51625.1,35667.1,145595]","[1,0.988265,0.996379,0.97166,0.983521,0.873375]","[0,0,0,0,4,0]","[0,0,0,0,0,0]","[-0.938863,-0.937519,-0.782597,-0.61539,0.161428,-0.336585]",0,"[]","[]","[]","[]","[]","[]","[]","[]","[]","[]",1,"[521017]","[0.678422]","[1.96363]","[658609]","[130313]","[0]","[2.64439]","[0.614971]",0,"[]","[]","[]","[]","[]","[]","[]","[]","[]","[]",0,"[2249.69]",4265.12,"[5767.13,3641.6,3746.9,6319.26,1391.38,1905.92]","[]","[630.031]","[]"
1002,284500,2456276,361102,11450.8,11500.5,3.38179e+11,0.934886,0.9823,1,1,1,0.998971,1.00632,1,1,0,0,1,"[0]","[1]","[110177]","[0.120894]","[-1.07588]","[110984]","[0.00886917]","[1]","[11]","[1]","[1007.44]","[-436.53]","[-0.0269689]","[2.15072]",160454,-1.77857,1,"[270029]","[-1.72666]","[1.67583]","[783092]","[0.992535]","[0]","[0]","[-0.896866]",0,"[]","[]","[]","[]","[]","[]","[]","[]","[]","[]",1,"[279886]","[-1.73203]","[1.67447]","[815777]","[8576.14]","[0]","[3.16688]","[0.194787]",0,"[]","[]","[]","[]","[]","[]","[]","[]","[]","[]",0,"[1356.65]",2855.86,"[4880.79]","[]","[10022.7]","[]"
1003,284500,2495514,361102,11465.6,11500.5,3.38179e+11,3.34815,1,1.00466,1,1,0.998743,1.01127,1,0,1,0,1,"[0]","[1]","[59961]","[1.07838]","[0.626315]","[98337.8]","[0.010994]","[1]","[13]","[1]","[0]","[409.449]","[-0.0294663]","[4.19428]",298821,0.490449,2,"[387436,67936.6]","[0.833927,-2.01203]","[-2.40283,1.59568]","[530612,259128]","[1,0.994566]","[0,0]","[0,0]","[-0.875682,-0.90949]",0,"[]","[]","[]","[]","[]","[]","[]","[]","[]","[]",1,"[395325]","[0.873211]","[-2.3981]","[556188]","[18919.6]","[0]","[3.0156]","[0.535864]",0,"[]","[]","[]","[]","[]","[]","[]","[]","[]","[]",0,"[884.703]",11525.1,"[16551.5,3835.47]","[]","[22148.3]","[]"
1004,284500,2389838,361102,11464.2,11500.5,3.38179e+11,1.55465,1,0.997007,1,1,0.998669,0.928324,1,0,1,0,1,"[0]","[1]","[60672.9]","[0.0972001]","[0.757502]","[60959.9]","[-0.0123329]","[1]","[13]","[1]","[0]","[-451.331]","[0.00501803]","[0.745517]",383506,0.637025,3,"[408603,74777.7,46070.1]","[-0.834864,-1.27307,-0.904716]","[-2.27995,2.93492,2.00428]","[559747,144112,66591.2]","[1,0.992992,1]","[0,0,0]","[0,0,0]","[-0.869745,-0.761309,-0.847948]",0,"[]","[]","[]","[]","[]","[]","[]","[]","[]","[]",1,"[461856]","[-0.82022]","[-2.28032]","[626335]","[16314.9]","[0]","[2.41837]","[0.359205]",0,"[]","[]","[]","[]","[]","[]","[]","[]","[]","[]",0,"[485.042]",5202.09,"[5573.15,5996.69,2284.16]","[]","[25386.9]","[]"
1005,284500,2506209,361102,11471.2,11500.5,3.38179e+11,1.25133,0.99242,1,1,1,0.999291,0.99765,1,1,0,0,1,"[0]","[1]","[150941]","[0.727846]","[-1.95338]","[192719]","[0.0529137]","[1]","[11]","[1]","[0]","[-1690.09]","[-0.0177989]","[2.52725]",103000,-3.04762,1,"[221623]","[1.06521]","[0.885805]","[360060]","[1]","[0]","[0]","[-0.503124]",0,"[]","[]","[]","[]","[]","[]","[]","[]","[]","[]",1,"[277022]","[1.01789]","[0.870019]","[434875]","[36283.6]","[0]","[3.02768]","[0.644592]",0,"[]","[]","[]","[]","[]","[]","[]","[]","[]","[]",0,"[1009.17]",7273.99,"[9066.71]","[]","[46614.7]","[]"
1006,284500,2505031,361102,11455.2,11500.5,3.38179e+11,0.402058,0.97446,1,1,1,0.988466,0.98483,1,1,0,0,1,"[0]","[1]","[58085.7]","[-0.298981]","[2.56837]","[60701.3]","[0.0229125]","[1]","[11]","[1]","[0]","[-513.701]","[-0.0108184]","[0.714358]",389505,-3.09267,5,"[252531,126886,65801.1,29063.1,24240.7]","[0.331151,-0.0465338,-0.636451,-1.12645,0.0689876]","[0.0513514,0.265842,-0.860535,-0.366704,-1.73196]","[266620,127566,79886.2,49930.2,24774]","[0.97762,1,0.993262,0.989487,0.988545]","[0,0,0,0,5]","[0,0,0,0,0]","[-0.957985,-0.809136,-0.899669,-0.938746,0.962862]",0,"[]","[]","[]","[]","[]","[]","[]","[]","[]","[]",1,"[356110]","[0.213294]","[0.113149]","[372889]","[79839.9]","[0]","[0.282728]","[0.498041]",0,"[]","[]","[]","[]","[]","[]","[]","[]","[]","[]",0,"[82.3345]",17162.5,"[10415.8,5387.21,2983.64,1962.15,1277.09]","[]","[12121]","[]"
1007,284500,2413957,361102,11446.9,11500.5,3.38179e+11,0.506784,0.97921,1,1,1,0.998163,1.00192,1,1,0,0,1,"[0]","[1]","[66057.9]","[-0.443675]","[-2.06309]","[72666.9]","[0.00234222]","[1]","[11]","[1]","[0]","[-59.8563]","[0.00761171]","[0.73833]",100570,-1.72068,4,"[259557,136916,47757.5,21484.1]","[-0.50069,2.24834,1.59693,0.724328]","[0.761081,-2.7328,1.92171,-1.48282]","[293199,655728,122886,27888.2]","[0.982009,0.997125,0.995645,0.990067]","[0,0,0,0]","[0,0,0,0]","[-0.582649,-0.944238,-0.729884,-0.884724]",0,"[]","[]","[]","[]","[]","[]","[]","[]","[]","[]",1,"[261373]","[-0.462023]","[0.753423]","[289967]","[10679]","[0]","[1.54581]","[0.399827]",0,"[]","[]","[]","[]","[]","[]","[]","[]","[]","[]",0,"[102.992]",205.734,"[3434.13,5943.03,3878.73,2249.65]","[]","[12509.6]","[]"
1008,284500,2507130,361102,11465.1,11500.5,3.38179e+11,1.55465,0.95684,1,1,1,0.998364,0.96441,1,1,0,0,1,"[0]","[1]","[32083.9]","[-0.887679]","[-1.18157]","[45576.6]","[0.0146427]","[1]","[11]","[1]","[0]","[-482.948]","[0.139975]","[8.11157]",280912,-1.01683,4,"[315934,124159,58511.6,27463.6]","[-0.908971,-0.171109,0.662593,-0.841851]","[1.43725,3.08599,-2.31233,-3.11882]","[455849,126633,73160.3,38153.4]","[0.997782,0.994551,0.970369,0.896214]","[0,0,0,0]","[0,0,0,0]","[-0.792031,-0.599308,-0.836864,-0.778529]",0,"[]","[]","[]","[]","[]","[]","[]","[]","[]","[]",1,"[338324]","[-0.900093]","[1.44081]","[484964]","[9048.42]","[0]","[5.73403]","[0.506839]",0,"[]","[]","[]","[]","[]","[]","[]","[]","[]","[]",0,"[32.939]",3809.53,"[5203.43,2156.37,2068,3781.12]","[]","[7693.72]","[]"
1009,284500,2673218,361102,11457.5,11500.5,3.38179e+11,0.553627,1,0.998505,1,1,0.998015,1.00481,1,0,1,0,1,"[0]","[1]","[76095.9]","[-1.42265]","[1.34097]","[166998]","[0.0474033]","[1]","[13]","[1]","[0]","[-870.729]","[0.0282581]","[4.42942]",207055,0.996652,2,"[274666,30574.3]","[0.889637,2.49957]","[-1.86358,3.00098]","[391572,187436]","[0.977403,0.937708]","[0,0]","[0,0]","[-0.690415,-0.187058]",0,"[]","[]","[]","[]","[]","[]","[]","[]","[]","[]",1,"[296779]","[0.907055]","[-1.86176]","[428651]","[31787.4]","[0]","[1.87401]","[0.624705]",0,"[]","[]","[]","[]","[]","[]","[]","[]","[]","[]",0,"[1283.91]",8099.36,"[10436.6,2117.02]","[]","[10086.6]","[]"
1010,284500,2556264,361102,11453.4,11500.5,3.38179e+11,1.55465,1,0.99879,1,1,0.998138,0.947671,1,0,1,0,1,"[0]","[1]","[41119.8]","[2.1348]","[2.20733]","[176273]","[0.849846]","[1]","[13]","[1]","[0]","[-42.0777]","[0.227463]","[15.744]",369792,2.1237,3,"[433734,43741.5,21984.6]","[-0.408897,0.221222,-0.263259]","[-0.995221,1.973,-1.41623]","[472706,45752.4,23059.2]","[0.998413,0.974269,0.916173]","[0,0,0]","[0,0,0]","[-0.858852,-0.823353,-0.7443]",0,"[]","[]","[]","[]","[]","[]","[]","[]","[]","[]",1,"[429339]","[-0.42114]","[-0.997956]","[469919]","[42663.2]","[0]","[1.60405]","[0.686208]",0,"[]","[]","[]","[]","[]","[]","[]","[]","[]","[]",0,"[123.653]",7178.88,"[5643.27,6516.73,4908.75]","[]","[13477]","[]"
1011,284500,2619450,361102,11461.3,11500.5,3.38179e+11,1.08735,1,0.995968,1,1,0.998882,0.980944,1,0,1,0,1,"[0]","[1]","[78921.1]","[0.540597]","[3.0517]","[90736.9]","[0.00767136]","[1]","[13]","[1]","[0]","[-359.56]","[0.000495808]","[0.0715436]",266921,-3.13316,2,"[318075,26123.5]","[0.47366,1.03057]","[-0.0282722,0.242666]","[355279,41624.2]","[0.998813,0.987735]","[0,0]","[0,0]","[-0.799356,-0.900819]",0,"[]","[]","[]","[]","[]","[]","[]","[]","[]","[]",1,"[317150]","[0.495862]","[-0.0294957]","[357738]","[23800.9]","[0]","[2.91207]","[0.69957]",0,"[]","[]","[]","[]","[]","[]","[]","[]","[]","[]",0,"[812.037]",9688.06,"[7121.85,4021.52]","[]","[7055.91]","[]"
1012,284500,3218871,361102,11465.9,11500.5,3.38179e+11,0.596562,0.97867,1,1,1,0.99932,1.01012,1,1,0,0,1,"[0]","[1]","[80948.5]","[1.9608]","[-2.18719]","[293266]","[-0.00984192]","[1]","[11]","[1]","[0]","[246.136]","[0.00857528]","[0.764522]",151492,-2.07608,1,"[233472]","[1.1449]","[1.02965]","[404007]","[0.995008]","[0]","[0]","[-0.753422]",0,"[]","[]","[]","[]","[]","[]","[]","[]","[]","[]",1,"[255789]","[1.13266]","[1.02954]","[438204]","[4971.39]","[0]","[3.51827]","[0.500682]",0,"[]","[]","[]","[]","[]","[]","[]","[]","[]","[]",0,"[433.417]",13271,"[13621.5]","[]","[0]","[]"
1013,284500,3186081,361102,11447.6,11500.5,3.38179e+11,0.402058,0.98089,1,1,1,0.998917,0.99866,1,1,0,0,1,"[0]","[1]","[192222]","[-0.825331]","[2.13142]","[261491]","[0.006073]","[1]","[11]","[1]","[1080.3]","[-1017.7]","[-0.00985123]","[1.14514]",236290,1.89355,2,"[385286,80783.3]","[-0.421173,0.856307]","[-1.22983,-0.650412]","[420104,112663]","[1,0.993116]","[0,0]","[0,0]","[-0.48843,-0.848034]",0,"[]","[]","[]","[]","[]","[]","[]","[]","[]","[]",1,"[377256]","[-0.455995]","[-1.23122]","[417219]","[6886.19]","[0]","[14.2155]","[-1]",0,"[]","[]","[]","[]","[]","[]","[]","[]","[]","[]",0,"[1969.79]",21111,"[7743.58,2161.87]","[]","[3171.53]","[]"
1014,284500,2692311,361102,11455.7,11500.5,3.38179e+11,0.934886,0.96819,1,1,1,0.999122,0.95922,1,1,0,0,1,"[0]","[1]","[46954]","[-0.906542]","[1.69389]","[67605.9]","[0.131039]","[1]","[11]","[1]","[0]","[-438.346]","[-0.0487019]","[5.03803]",147313,2.51585,4,"[318585,91356.5,49520,47409.9]","[-0.422924,0.220525,-0.414044,1.05327]","[-0.611172,2.39474,2.5214,-2.47936]","[348537,94750.1,54330.9,76637.8]","[0.998552,0.997735,0.997476,0.991279]","[0,0,0,0]","[0,0,0,0]","[-0.751506,-0.615202,-0.656417,-0.897906]",0,"[]","[]","[]","[]","[]","[]","[]","[]","[]","[]",1,"[307279]","[-0.443063]","[-0.6082]","[338896]","[25493]","[0]","[2.2845]","[0.632942]",0,"[]","[]","[]","[]","[]","[]","[]","[]","[]","[]",0,"[51.4322]",8538.39,"[3738.11,2210.08,4679.71,6095.82]","[]","[5156.22]","[]"
1015,284500,3164941,361102,11456.9,11500.5,3.38179e+11,1.55465,0.97553,1,1,1,0.999437,1.01265,1,1,0,0,1,"[0]","[1]","[143546]","[1.76453]","[-1.31594]","[431362]","[0.303486]","[1]","[11]","[1]","[0]","[-299.083]","[-0.0989952]","[3.21111]",158192,-0.999035,1,"[270486]","[0.842939]","[1.89452]","[372776]","[0.997026]","[0]","[0]","[-0.913866]",0,"[]","[]","[]","[]","[]","[]","[]","[]","[]","[]",1,"[265473]","[0.85293]","[1.8932]","[368213]","[11404]","[0]","[0]","[-1]",0,"[]","[]","[]","[]","[]","[]","[]","[]","[]","[]",0,"[2492.12]",12066,"[12351.6]","[]","[8242.36]","[]"
1016,284500,3221650,361102,11455.3,11500.5,3.38179e+11,1.1961,1,0.99399,1,1,0.995287,0.970733,1,0,1,0,1,"[0]","[1]","[141014]","[-0.198917]","[-0.321091]","[143814]","[0.00716209]","[1]","[13]","[1]","[0]","[466.023]","[-0.0115718]","[1.84958]",178636,-0.330091,4,"[317865,249081,24319.8,22513.7]","[-0.792151,0.864694,-1.71119,1.65318]","[2.00142,-2.36265,-1.95045,0.899847]","[423200,348875,69571.2,61213.3]","[0.99,1,1,0.780373]","[0,0,0,0]","[0,0,0,0]","[-0.859463,-0.908573,-0.678962,-0.765118]",0,"[]","[]","[]","[]","[]","[]","[]","[]","[]","[]",2,"[310065,250133]","[-0.799599,0.863734]","[2.00169,-2.36004]","[414919,350512]","[16728.5,28104.3]","[0,0]","[3.61654,3.22176]","[0.371553,0.730678]",0,"[]","[]","[]","[]","[]","[]","[]","[]","[]","[]",0,"[2626.72]",1037.3,"[4291.53,4010.35,3880.72,4175.24]","[]","[5250.34,0]","[]"
1017,284500,3265745,361102,11461.5,11500.5,3.38179e+11,1.08735,1,0.999641,1,1,0.998822,0.975961,1,0,1,0,1,"[0]","[1]","[60962.8]","[1.39152]","[-2.35272]","[130146]","[0.331363]","[1]","[13]","[1]","[0]","[776.721]","[-0.176287]","[24.9051]",290486,-2.44555,2,"[333724,27135.2]","[0.772175,0.0914776]","[0.787857,-0.394762]","[438487,27811]","[0.99,0.955812]","[0,0]","[0,0]","[-0.854336,-0.877876]",0,"[]","[]","[]","[]","[]","[]","[]","[]","[]","[]",1,"[330704]","[0.774246]","[0.788853]","[434970]","[8995.44]","[0]","[4.63767]","[0.533585]",0,"[]","[]","[]","[]","[]","[]","[]","[]","[]","[]",0,"[267.179]",917.688,"[4186.28,2397.67]","[]","[8009]","[]"
1018,284500,3238742,361102,11457,11500.5,3.38179e+11,0.402058,0.98458,1,1,1,0.999371,1.00582,1,1,0,0,1,"[0]","[1]","[118315]","[-0.427249]","[-0.633808]","[129279]","[-0.00818634]","[1]","[11]","[1]","[0]","[-334.571]","[0.0470035]","[4.64478]",122644,-0.749139,1,"[238924]","[-0.221853]","[2.42334]","[244930]","[0.987971]","[0]","[0]","[-0.863446]",0,"[]","[]","[]","[]","[]","[]","[]","[]","[]","[]",1,"[251596]","[-0.247106]","[2.42294]","[259394]","[6299.97]","[0]","[26.1752]","[0.0289624]",0,"[]","[]","[]","[]","[]","[]","[]","[]","[]","[]",0,"[403.11]",98.6484,"[2655.55]","[]","[10183.3]","[]"
1019,284500,3254686,361102,11460.9,11500.5,3.38179e+11,0.934886,0.97199,1,1,1,0.998522,0.98736,1,1,0,0,1,"[0]","[1]","[40241.2]","[0.347297]","[2.54071]","[42692.5]","[0.0901957]","[1]","[11]","[1]","[1667.43]","[647.444]","[-0.099045]","[9.43053]",233338,2.7123,3,"[258050,97487.6,91010.1]","[1.78461,-0.100896,0.50472]","[-1.02921,0.717351,0.834172]","[790433,98977.8,103793]","[0.994973,0.991594,1]","[0,0,0]","[0,0,0]","[-0.853332,-0.935796,-0.761128]",0,"[]","[]","[]","[]","[]","[]","[]","[]","[]","[]",1,"[282702]","[1.77804]","[-1.02866]","[860513]","[11587.6]","[0]","[4.61255]","[0.720514]",0,"[]","[]","[]","[]","[]","[]","[]","[]","[]","[]",0,"[404.057]",9779.59,"[16575.8,6390.29,2693.24]","[]","[2745.88]","[]"
1020,284500,3153346,361102,11458.3,11500.5,3.38179e+11,1.26205,1,0.996831,1,1,0.998576,0.867371,1,0,1,0,1,"[0]","[1]","[63266.2]","[-0.218782]","[-1.7324]","[64786.5]","[0.012928]","[1]","[13]","[1]","[0]","[307.304]","[-0.000337621]","[0.0639649]",284907,-1.19375,3,"[223831,114988,30697]","[-0.52669,-0.352627,0.17402]","[1.60126,2.45364,1.18734]","[255872,123674,31475.1]","[0.999475,1,1]","[0,0,0]","[0,0,0]","[-0.70225,-0.877683,-0.916633]",0,"[]","[]","[]","[]","[]","[]","[]","[]","[]","[]",1,"[324878]","[-0.491343]","[1.81351]","[407612]","[181670]","[0]","[1.35391]","[0.522318]",0,"[]","[]","[]","[]","[]","[]","[]","[]","[]","[]",0,"[680.466]",3840.44,"[3184.68,6142.99,2030.16]","[]","[8321.75]","[]"
1021,284500,3304764,361102,11455.9,11500.5,3.38179e+11,1.08735,0.96073,1,1,1,0.998494,0.98941,1,1,0,0,1,"[0]","[1]","[33422.5]","[-0.0717055]","[-0.243062]","[33508.5]","[-0.372833]","[1]","[11]","[1]","[0]","[1420.22]","[-0.100127]","[10.234]",210281,-0.560047,3,"[233742,26992.5,26332]","[1.11117,0.78702,0.278359]","[2.5738,-1.151,2.41637]","[394706,36146.2,27553.9]","[0.995106,1,0.996992]","[0,0,0]","[0,0,0]","[-0.933846,-0.828206,-0.55899]",0,"[]","[]","[]","[]","[]","[]","[]","[]","[]","[]",1,"[254096]","[1.05742]","[2.56413]","[416792]","[75510.1]","[0]","[2.18992]","[0.617607]",0,"[]","[]","[]","[]","[]","[]","[]","[]","[]","[]",0,"[143.184]",19606.9,"[13739.1,3339.21,3238.56]","[]","[32120.1]","[]"
1022,284500,3375809,361102,11465.6,11500.5,3.38179e+11,0.934886,1,1.00069,1,1,0.995922,0.856682,1,0,1,0,1,"[0]","[1]","[34737.7]","[-0.662289]","[1.65491]","[42638.9]","[-0.0867939]","[1]","[13]","[1]","[0]","[-810.853]","[-0.084374]","[10.4835]",333233,1.84622,6,"[375766,73350.9,72486.1,46872.5,23831,20588.4]","[1.7857,0.755612,0.427046,1.32911,0.410616,-1.73494]","[-1.48578,-1.02653,1.35396,-1.25396,3.02874,0.776345]","[1.15259e+06,96180.6,79954.2,95063.1,26385.9,60291]","[1,0.993329,1,0.978685,0.946031,0.858906]","[0,0,0,0,0,0]","[0,0,0,0,0,0]","[-0.480781,-0.0470789,-0.20258,-0.881893,-0.958428,0.196594]",0,"[]","[]","[]","[]","[]","[]","[]","[]","[]","[]",1,"[393557]","[1.74317]","[-1.46399]","[1.16175e+06]","[78251.6]","[0]","[2.06201]","[0.834421]",0,"[]","[]","[]","[]","[]","[]","[]","[]","[]","[]",0,"[143.31]",5697.5,"[10511,5933.11,2528.63,2529.23,1749.76,1120.12]","[]","[7704.62]","[]"
1023,284500,3379894,361102,11458.3,11500.5,3.38179e+11,0.934886,0.98536,1,1,1,0.99942,0.9918,1,1,0,0,1,"[0]","[1]","[119797]","[-0.655175]","[-2.78898]","[146442]","[-0.0286064]","[1]","[11]","[1]","[0]","[353.398]","[-0.00862099]","[1.25262]",122618,-2.96266,1,"[251155]","[-0.795839]","[0.228924]","[335371]","[0.996323]","[0]","[0]","[-0.91751]",0,"[]","[]","[]","[]","[]","[]","[]","[]","[]","[]",1,"[265732]","[-0.810043]","[0.225984]","[358128]","[15611.3]","[0]","[2.77976]","[0.583973]",0,"[]","[]","[]","[]","[]","[]","[]","[]","[]","[]",0,"[623.896]",13193,"[13656.5]","[]","[27579.6]","[]"
1024,284500,3370766,361102,11460.6,11500.5,3.38179e+11,1.08735,1,0.998003,1,1,0.999035,0.823783,1,0,1,0,1,"[0]","[1]","[43255.3]","[-0.73799]","[-0.93721]","[55578.9]","[-0.00806808]","[1]","[13]","[1]","[0]","[-406.218]","[0.0112614]","[1.54482]",277286,-1.11412,2,"[321303,32859.5]","[-0.534239,0.00440788]","[1.95447,-2.53221]","[370423,33377.4]","[1,0.979459]","[0,0]","[0,0]","[-0.937781,-0.863213]",0,"[]","[]","[]","[]","[]","[]","[]","[]","[]","[]",1,"[331962]","[-0.521272]","[1.95782]","[379873]","[36729]","[0]","[1.36124]","[0.589646]",0,"[]","[]","[]","[]","[]","[]","[]","[]","[]","[]",0,"[217.104]",14915.4,"[15086.1,2676.41]","[]","[8112.34]","[]"
1025,284500,3396228,361102,11455.1,11500.5,3.38179e+11,0.596562,0.96972,1,1,1,0.995901,0.99544,1,1,0,0,1,"[0]","[1]","[386222]","[1.25522]","[2.25113]","[732591]","[-0.020565]","[1]","[11]","[1]","[0]","[9409.35]","[0.00231769]","[0.374702]",311055,2.38857,1,"[694783]","[1.98967]","[-0.829949]","[2.58874e+06]","[0.960067]","[0]","[0]","[-0.680918]",0,"[]","[]","[]","[]","[]","[]","[]","[]","[]","[]",1,"[431238]","[1.27054]","[2.25005]","[828741]","[5251.93]","[1]","[14.9039]","[0.573791]",0,"[]","[]","[]","[]","[]","[]","[]","[]","[]","[]",0,"[5644.3]",6436.59,"[13619.5]","[]","[19322.2]","[]"
1026,284500,3495620,361102,11453.5,11500.5,3.38179e+11,0.619412,0.93894,1,1,1,0.965054,0.98659,1,1,0,0,1,"[0]","[1]","[30636.6]","[2.15505]","[-0.209053]","[133947]","[0.210205]","[1]","[11]","[1]","[0]","[-306.673]","[-0.0481658]","[2.91262]",141162,-1.19143,3,"[209901,39798.1,27432.1]","[0.399717,0.405335,1.22124]","[2.5385,0.483879,-0.320309]","[227152,44157.2,50899.1]","[0.990441,0.999951,0.959819]","[5,0,0]","[0,0,0]","[0.9951,-0.921256,0.0863545]",0,"[]","[]","[]","[]","[]","[]","[]","[]","[]","[]",1,"[263071]","[0.499568]","[2.46759]","[302153]","[57735.2]","[0]","[0.776307]","[0.553699]",0,"[]","[]","[]","[]","[]","[]","[]","[]","[]","[]",0,"[104.793]",5878.19,"[1872.73,5509.31,2103.38]","[]","[3759.42]","[]"
1027,284500,3467196,361102,11464.9,11500.5,3.38179e+11,1.24168,0.98458,1,1,1,0.996793,1,1,1,0,0,1,"[0]","[1]","[83474.1]","[-0.13363]","[0.934866]","[84220.5]","[0.315405]","[1]","[11]","[0]","[13693.3]","[-358.725]","[-0.197034]","[22.874]",405294,0.823488,3,"[580115,276614,148934]","[-0.331477,-0.520828,0.155813]","[-2.09728,1.79736,-1.35547]","[612570,315494,151023]","[1,1,0.999991]","[0,0,0]","[0,0,0]","[-0.762206,-0.921383,-0.797188]",0,"[]","[]","[]","[]","[]","[]","[]","[]","[]","[]",2,"[706166,322726]","[-0.257066,-0.472942]","[-1.95757,1.60278]","[779922,391223]","[275538,154331]","[0,1]","[0.435632,0.578101]","[0.623501,0.632033]",0,"[]","[]","[]","[]","[]","[]","[]","[]","[]","[]",0,"[619.042]",10271.5,"[9829.11,4209.86,8939.49]","[]","[29139.4,17356.7]","[]"
1028,284500,3499137,361102,11460.9,11500.5,3.38179e+11,0.596562,1,0.996394,1,1,0.999432,0.727758,1,0,1,0,1,"[0]","[1]","[120022]","[0.520017]","[0.613162]","[136619]","[0.409836]","[1]","[13]","[1]","[0]","[-269.877]","[-0.152398]","[15.179]",156385,0.764568,1,"[293695]","[0.651215]","[-2.42913]","[358932]","[0.989058]","[0]","[0]","[-0.906831]",0,"[]","[]","[]","[]","[]","[]","[]","[]","[]","[]",1,"[283931]","[0.704354]","[-2.42637]","[357821]","[18875.5]","[0]","[2.89425]","[0.557822]",0,"[]","[]","[]","[]","[]","[]","[]","[]","[]","[]",0,"[862.633]",363.75,"[3470.09]","[]","[11415.2]","[]"
1029,284500,3473230,361102,11458.2,11500.5,3.38179e+11,1.08735,0.96988,1,1,1,0.997219,1,1,1,0,0,1,"[0]","[1]","[62076.2]","[1.64997]","[2.46714]","[167572]","[-0.178062]","[1]","[11]","[0]","[0]","[757.457]","[-0.096655]","[5.64024]",236274,2.55907,4,"[265116,72330.9,23764.6,21516.4]","[1.47182,2.06606,-0.711433,-1.23017]","[-0.720977,-0.557371,2.06222,1.63652]","[608250,290229,30389,40172.2]","[0.984331,0.99946,0.991323,0.960903]","[0,0,0,0]","[0,0,0,0]","[-0.907425,-0.821425,-0.798971,-0.850096]",0,"[]","[]","[]","[]","[]","[]","[]","[]","[]","[]",1,"[333475]","[1.61762]","[-0.685834]","[879434]","[101018]","[0]","[1.41069]","[0.890098]",0,"[]","[]","[]","[]","[]","[]","[]","[]","[]","[]",0,"[765.901]",10403.5,"[4276.88,2643.35,3065.07,1594.77]","[]","[7973.09]","[]"
1030,284500,3510292,361102,11457.8,11500.5,3.38179e+11,1.08735,1,1.00053,1,1,0.999007,0.991343,1,0,1,0,1,"[0]","[1]","[163604]","[-0.527275]","[-0.463501]","[186879]","[-0.0811157]","[1]","[13]","[1]","[1873.07]","[-478.316]","[0.0248333]","[5.04697]",153331,-0.358726,3,"[241959,78845.1,27237.9]","[-0.749177,2.17166,0.0228486]","[2.49965,-2.85383,2.77941]","[313225,350446,27630.3]","[0.997936,0.616932,1]","[0,0,0]","[0,0,0]","[-0.934429,-0.956555,-0.910429]",0,"[]","[]","[]","[]","[]","[]","[]","[]","[]","[]",1,"[260353]","[-0.70083]","[2.49892]","[327114]","[10317.1]","[0]","[0]","[-1]",0,"[]","[]","[]","[]","[]","[]","[]","[]","[]","[]",0,"[2682.94]",6064.31,"[2999,6959.73,1863.31]","[]","[1853.25]","[]"
1031,284500,3505571,361102,11457.9,11500.5,3.38179e+11,1.25133,0.96988,1,1,1,0.998355,1.00441,1,1,0,0,1,"[0]","[1]","[60261.7]","[1.57915]","[-1.8055]","[152372]","[-0.184521]","[1]","[11]","[1]","[0]","[587.246]","[0.143656]","[12.4319]",309244,-1.66411,2,"[424428,25601.7]","[0.456461,-1.11626]","[1.30105,-1.92441]","[469920,43524.1]","[0.997665,0.593427]","[0,0]","[0,0]","[-0.852523,-0.859302]",0,"[]","[]","[]","[]","[]","[]","[]","[]","[]","[]",1,"[418812]","[0.476516]","[1.30349]","[467625]","[18270.1]","[0]","[4.02369]","[0.199352]",0,"[]","[]","[]","[]","[]","[]","[]","[]","[]","[]",0,"[407.267]",38052.7,"[8429.57,1216.67]","[]","[29574.9]","[]"
1032,284500,3557593,361102,11457.4,11500.5,3.38179e+11,0.402058,0.98916,1,1,1,0.998162,0.99765,1,1,0,0,1,"[0]","[1]","[123291]","[0.690147]","[2.36884]","[153837]","[0.0782585]","[1]","[11]","[1]","[0]","[112.478]","[-0.0272844]","[4.11605]",289312,2.2944,3,"[354228,47062.4,24985.2]","[0.793605,1.37198,0.959429]","[-0.714364,-1.10828,-1.46471]","[472166,99163.8,37573.3]","[0.990827,0.994838,0.99805]","[0,0,0]","[0,0,0]","[-0.598456,0.219225,-0.447215]",0,"[]","[]","[]","[]","[]","[]","[]","[]","[]","[]",1,"[372210]","[0.855498]","[-0.739316]","[522946]","[79106]","[0]","[3.52541]","[0.607042]",0,"[]","[]","[]","[]","[]","[]","[]","[]","[]","[]",0,"[647.232]",2692.5,"[4490.84,2908.45,3718.92]","[]","[27598.3]","[]"
1033,284500,3551782,361102,11459.2,11500.5,3.38179e+11,0.934886,0.99093,1,1,1,0.999337,1.00306,1,1,0,0,1,"[0]","[1]","[131974]","[0.920518]","[0.81991]","[191950]","[-0.116577]","[1]","[11]","[1]","[0]","[-485.205]","[-0.0268734]","[3.86249]",263646,0.732946,2,"[284550,113189]","[1.03682,1.95117]","[-2.4292,-2.29167]","[452053,406776]","[0.61518,1]","[0,0]","[0,0]","[-0.815667,-0.758834]",0,"[]","[]","[]","[]","[]","[]","[]","[]","[]","[]",1,"[371814]","[1.40102]","[-2.38672]","[817929]","[168153]","[0]","[0.990326]","[0.681082]",0,"[]","[]","[]","[]","[]","[]","[]","[]","[]","[]",0,"[935.432]",5840.41,"[6576.55,2969.78]","[]","[4535.81]","[]"
1034,284500,3588600,361102,11457,11500.5,3.38179e+11,1.24168,0.97388,1,1,1,0.997063,0.98886,1,1,0,0,1,"[0]","[1]","[40593]","[-0.379139]","[2.65183]","[43545.6]","[-0.148762]","[1]","[11]","[1]","[0]","[361.455]","[0.05202]","[4.94343]",287715,2.51228,3,"[400788,40791.2,21948.8]","[-1.72947,2.22626,1.10831]","[-0.744161,2.12065,0.70028]","[1.16558e+06,191348,37166]","[0.999632,0.972031,0.964195]","[0,0,0]","[0,0,0]","[-0.472099,-0.823078,-0.820996]",0,"[]","[]","[]","[]","[]","[]","[]","[]","[]","[]",1,"[389329]","[-1.7407]","[-0.743654]","[1.14438e+06]","[29700.1]","[0]","[4.28374]","[0.735307]",0,"[]","[]","[]","[]","[]","[]","[]","[]","[]","[]",0,"[99.6097]",24379.4,"[18142.4,4039.83,2122.69]","[]","[3566.84]","[]"
1035,284500,3631022,361102,11454.8,11500.5,3.38179e+11,0.738662,1,0.992404,1,1,0.996324,0.901612,1,0,1,0,1,"[0]","[1]","[92368.3]","[0.139461]","[0.538752]","[93268.1]","[0.0188751]","[1]","[13]","[1]","[0]","[1067.58]","[-0.0277088]","[5.75237]",401269,0.476566,4,"[618088,233426,104698,68062]","[-1.31486,0.590542,-1.75478,-1.75725]","[-3.0179,-0.939604,-2.64452,0.718815]","[1.23416e+06,275749,312328,203272]","[1,0.984976,0,0.966525]","[0,0,0,0]","[0,0,0,0]","[-0.827964,-0.770045,-0.792247,-0.672803]",0,"[]","[]","[]","[]","[]","[]","[]","[]","[]","[]",1,"[672101]","[-1.38963]","[-2.98266]","[1.43693e+06]","[113754]","[0]","[1.13017]","[0.617327]",0,"[]","[]","[]","[]","[]","[]","[]","[]","[]","[]",0,"[1245.77]",31456.6,"[24987.3,12054.2,6115.1,4709.05]","[]","[26778.6]","[]"
1036,284500,3537685,361102,11458.1,11500.5,3.38179e+11,0.596562,1,0.998852,1,1,0.999052,1.04435,1,0,1,0,1,"[0]","[1]","[124408]","[-0.838165]","[0.151771]","[170727]","[-0.0412712]","[1]","[13]","[1]","[0]","[-241.423]","[0.0469077]","[7.05137]",166163,0.134705,4,"[171510,69616.2,65482.6,22933.8]","[-1.30032,-0.539793,-1.34158,-0.155076]","[-2.80728,-2.9731,2.34584,-2.05825]","[338427,80786.6,134594,23328.8]","[0.996674,0.993433,0.996129,0.99]","[0,0,0,0]","[0,0,0,0]","[-0.633432,-0.650548,-0.840237,-0.759023]",0,"[]","[]","[]","[]","[]","[]","[]","[]","[]","[]",1,"[250619]","[-1.15081]","[-2.843]","[446319]","[96708.4]","[0]","[1.27786]","[0.789307]",0,"[]","[]","[]","[]","[]","[]","[]","[]","[]","[]",0,"[697.521]",64.0781,"[4945.62,3865.76,2924.73,1828.42]","[]","[0]","[]"
1037,284500,3547126,361102,11457.6,11500.5,3.38179e+11,1.26459,0.9652,1,1,1,0.998863,0.98592,1,1,0,0,1,"[0]","[1]","[73422.9]","[-1.14367]","[2.75838]","[126909]","[-0.0653667]","[1]","[11]","[1]","[0]","[-628.664]","[-0.0267771]","[1.20942]",264794,2.48947,2,"[332026,57858.9]","[-0.938445,1.99919]","[-0.756394,0.949263]","[489862,217667]","[0.990873,0.996649]","[0,0]","[0,0]","[-0.866019,-0.759132]",0,"[]","[]","[]","[]","[]","[]","[]","[]","[]","[]",1,"[317262]","[-0.947876]","[-0.752303]","[471139]","[18288.7]","[0]","[2.9938]","[0.633012]",0,"[]","[]","[]","[]","[]","[]","[]","[]","[]","[]",0,"[237.622]",2291.66,"[4725.37,2360.52]","[]","[9502.22]","[]"
1038,284500,3640305,361102,11463.2,11500.5,3.38179e+11,1.26459,1,0.994055,1,1,0.999144,0.759899,1,0,1,0,1,"[0]","[1]","[33714.1]","[-0.223259]","[2.71303]","[34557.9]","[0.0364304]","[1]","[13]","[1]","[1892.07]","[-799.76]","[0.0212401]","[2.85542]",249886,2.59632,1,"[303726]","[-1.28899]","[-0.519515]","[593704]","[0.960109]","[0]","[0]","[-0.922561]",0,"[]","[]","[]","[]","[]","[]","[]","[]","[]","[]",1,"[294276]","[-1.30234]","[-0.508503]","[581797]","[27171.2]","[0]","[2.06718]","[0.529071]",0,"[]","[]","[]","[]","[]","[]","[]","[]","[]","[]",0,"[319.078]",13770.2,"[12129.4]","[]","[5314.75]","[]"
1039,284500,3607859,361102,11458.2,11500.5,3.38179e+11,0.402058,0.969722,1,1,1,0.986724,0.9918,1,1,0,0,2,"[0,0]","[1,1]","[126079,86298.3]","[-0.671986,-1.00661]","[2.87661,-0.107486]","[155633,133838]","[0.0078702,-0.0027833]","[1,1]","[11,11]","[1,1]","[0,0]","[418.99,898.738]","[0.0387032,-0.00973915]","[3.85993,1.09593]",245159,3.01793,1,"[278508]","[-0.274794]","[-0.197471]","[289342]","[0.984898]","[4]","[0]","[0.229467]",0,"[]","[]","[]","[]","[]","[]","[]","[]","[]","[]",1,"[374598]","[-0.488182]","[-0.17845]","[441969]","[137214]","[0]","[0.145411]","[0.307754]",0,"[]","[]","[]","[]","[]","[]","[]","[]","[]","[]",0,"[898.034,652.068]",11.5938,"[2692.07]","[]","[21274.2]","[]"
1040,284500,3659515,361102,11465,11500.5,3.38179e+11,1.24168,0.97553,1,1,1,0.997769,1.01265,1,1,0,0,1,"[0]","[1]","[88702.9]","[1.56705]","[-2.32063]","[221809]","[-0.118099]","[1]","[11]","[1]","[0]","[1007.08]","[0.00252726]","[0.322538]",154042,-2.20712,2,"[242581,20078.6]","[1.165,-2.48042]","[0.899893,-2.28141]","[426971,120805]","[0.988744,0.259279]","[0,0]","[0,0]","[-0.902092,-0.753306]",0,"[]","[]","[]","[]","[]","[]","[]","[]","[]","[]",1,"[263842]","[1.16834]","[0.903382]","[465625]","[15788.7]","[0]","[2.39529]","[0.190186]",0,"[]","[]","[]","[]","[]","[]","[]","[]","[]","[]",0,"[1890.1]",19450.1,"[4359.26,5333.54]","[]","[9490.27]","[]"
1041,284500,3731275,361102,11458,11500.5,3.38179e+11,1.74563,0.9823,1,1,1,1.10529,1.00632,1,1,0,0,1,"[0]","[1]","[108065]","[0.459821]","[-1.04554]","[119692]","[0.0529385]","[1]","[11]","[1]","[1729.79]","[-353.473]","[0.0278306]","[1.20138]",194320,-1.25597,3,"[224995,49061.6,34618.1]","[0.981036,0.76454,2.33756]","[2.1541,1.61515,1.2801]","[346032,64858.9,181002]","[0.998997,0.981464,0.985223]","[4,0,0]","[0,0,0]","[0.955392,-0.601885,-0.805285]",0,"[]","[]","[]","[]","[]","[]","[]","[]","[]","[]",1,"[269822]","[0.959107]","[2.07776]","[411586]","[80008]","[0]","[1.24669]","[0.701714]",0,"[]","[]","[]","[]","[]","[]","[]","[]","[]","[]",0,"[426.691]",8630.55,"[4441.68,5471.31,2125.6]","[]","[107.594]","[]"
1042,284500,3795342,361102,11454.5,11500.5,3.38179e+11,0.402058,1,1.00078,1,1,0.99877,0.88027,1,0,1,0,1,"[0]","[1]","[120917]","[-1.09718]","[-0.25176]","[201298]","[0.0324078]","[1]","[13]","[1]","[0]","[-430.749]","[-0.0276749]","[5.11218]",191184,-0.525797,2,"[277367,157892]","[-0.96682,-0.733775]","[-3.01678,1.56616]","[417695,202564]","[0.99678,0.99]","[0,0]","[0,0]","[-0.72098,-0.899644]",0,"[]","[]","[]","[]","[]","[]","[]","[]","[]","[]",1,"[276500]","[-0.974481]","[-3.01333]","[418674]","[11803.8]","[0]","[2.70416]","[0.0922455]",0,"[]","[]","[]","[]","[]","[]","[]","[]","[]","[]",0,"[3455.68]",9712.8,"[10761.5,3937.78]","[]","[2518.03]","[]"
1043,284500,3805882,361102,11456.3,11500.5,3.38179e+11,0.596562,0.98697,1,1,1,0.998442,1.00582,1,1,0,0,1,"[0]","[1]","[167400]","[-0.0489672]","[-0.965654]","[167601]","[0.108559]","[1]","[11]","[1]","[0]","[271.026]","[0.00726704]","[0.94243]",306072,-0.799074,1,"[464623]","[0.969237]","[2.27871]","[701456]","[0.995862]","[0]","[0]","[-0.878818]",0,"[]","[]","[]","[]","[]","[]","[]","[]","[]","[]",1,"[490547]","[0.933058]","[2.27735]","[720926]","[35921.9]","[0]","[2.22672]","[0.69295]",0,"[]","[]","[]","[]","[]","[]","[]","[]","[]","[]",0,"[726.25]",8828.84,"[10616.7]","[]","[25581.2]","[]"
1044,284500,3908012,361102,11457,11500.5,3.38179e+11,1.08735,1.01425,0.996394,1,1,0.984921,0.669586,1,0,1,0,2,"[0,0]","[1,0]","[54614,8437.12]","[0.698841,-0.439661]","[0.593667,2.32139]","[68501.9,9265.8]","[0.0659561,-75.4877]","[1,1]","[13,11]","[1,1]","[0,0]","[774.245,2116.12]","[0.0963261,0.107289]","[12.7184,5.16084]",229251,0.708126,3,"[324823,38472.3,24671.8]","[0.439333,-1.26768,-0.551157]","[-2.5093,1.73253,1.68641]","[357408,74028.7,29007.8]","[0.997166,0.999985,0.990046]","[4,0,0]","[0,0,0]","[-0.955328,-0.764916,-0.583622]",0,"[]","[]","[]","[]","[]","[]","[]","[]","[]","[]",1,"[321024]","[0.470927]","[-2.50563]","[357829]","[19747.9]","[0]","[1.91746]","[0.527978]",0,"[]","[]","[]","[]","[]","[]","[]","[]","[]","[]",0,"[215.427,132.244]",13466.8,"[6665.01,2508.45,2456.13]","[]","[7854.38]","[]"
1045,284500,3905264,361102,11456.5,11500.5,3.38179e+11,0.934886,1,0.992824,1,1,0.998848,0.654232,1,0,1,0,1,"[0]","[1]","[27699.6]","[0.885334]","[-0.355655]","[39283.3]","[0.165632]","[1]","[13]","[1]","[0]","[-210.093]","[-0.121397]","[16.8398]",368492,-0.196806,1,"[390993]","[0.834702]","[2.9294]","[535721]","[1]","[0]","[0]","[-0.880318]",0,"[]","[]","[]","[]","[]","[]","[]","[]","[]","[]",1,"[365144]","[0.844122]","[2.93227]","[503266]","[11074.9]","[0]","[0.678709]","[-1]",0,"[]","[]","[]","[]","[]","[]","[]","[]","[]","[]",0,"[124.33]",2442.59,"[5244.26]","[]","[17030.8]","[]"
1046,284500,3899040,361102,11453.5,11500.5,3.38179e+11,0.506784,0.94701,1,1,1,0.924881,0.92928,1,1,0,0,1,"[0]","[1]","[45538.7]","[-1.16482]","[-1.56722]","[80087.4]","[-0.0145388]","[1]","[11]","[1]","[0]","[-205.711]","[0.00538872]","[0.531467]",319662,-1.90373,4,"[431661,74227.3,53073.3,36031.3]","[0.284143,-0.292464,-0.304976,-1.03354]","[1.49769,-0.262193,-1.34222,0.0839247]","[449349,77890,55874.9,57256.3]","[0.98,0.990413,0.996711,0.9897]","[0,0,5,0]","[0,0,0,0]","[-0.939479,-0.928043,0.295148,-0.859457]",0,"[]","[]","[]","[]","[]","[]","[]","[]","[]","[]",1,"[453208]","[0.276442]","[1.50055]","[470910]","[16068.1]","[0]","[1.24993]","[0.259152]",0,"[]","[]","[]","[]","[]","[]","[]","[]","[]","[]",0,"[154.366]",3381.47,"[6319.15,1876.96,2918.44,2188.17]","[]","[2192.34]","[]"
1047,284500,3943122,361102,11459.6,11500.5,3.38179e+11,0.402058,1,0.999213,1,1,0.998976,0.987436,1,0,1,0,1,"[0]","[1]","[63634.5]","[2.17704]","[-2.26825]","[284241]","[-0.767105]","[1]","[13]","[1]","[0]","[-93.1783]","[-0.144856]","[17.9451]",182985,-1.72367,1,"[261856]","[1.97208]","[1.28302]","[959254]","[0.999424]","[0]","[0]","[-0.816052]",0,"[]","[]","[]","[]","[]","[]","[]","[]","[]","[]",1,"[251010]","[1.9581]","[1.28381]","[907128]","[13784.9]","[0]","[2.16727]","[0.729662]",0,"[]","[]","[]","[]","[]","[]","[]","[]","[]","[]",0,"[1957.38]",10714.5,"[13338.8]","[]","[5704.28]","[]"
1048,284500,4006193,361102,11459.9,11500.5,3.38179e+11,0.596562,1,1.00106,1,1,0.987516,0.90002,1,0,1,0,1,"[0]","[1]","[102082]","[1.08213]","[-1.60822]","[167916]","[-0.0265017]","[1]","[13]","[0]","[0]","[1512.83]","[-0.0147527]","[2.62979]",109763,-2.22675,3,"[375751,193256,23885.8]","[1.41722,2.21767,0.493818]","[1.53602,-1.42168,0.216544]","[820876,898449,27092.8]","[0.992205,0.992904,0.99406]","[4,0,0]","[0,0,0]","[-0.550886,-0.601117,-0.807061]",0,"[]","[]","[]","[]","[]","[]","[]","[]","[]","[]",1,"[359753]","[1.42266]","[1.53493]","[789551]","[7662.21]","[0]","[2.20544]","[0.421397]",0,"[]","[]","[]","[]","[]","[]","[]","[]","[]","[]",0,"[2995.62]",9482.99,"[5936,9080.63,2057.78]","[]","[24767.5]","[]"
1049,284500,4008278,361102,11455.1,11500.5,3.38179e+11,1.08735,1,0.999251,1,1,0.999464,0.948498,1,0,1,0,1,"[0]","[1]","[61059.9]","[0.834126]","[0.743525]","[83562.3]","[-0.0234718]","[1]","[13]","[1]","[1116.34]","[-201.736]","[-0.0767026]","[9.51975]",202244,0.58771,1,"[269173]","[0.488087]","[-2.50864]","[302291]","[0.975649]","[0]","[0]","[-0.852382]",0,"[]","[]","[]","[]","[]","[]","[]","[]","[]","[]",1,"[269858]","[0.47365]","[-2.51088]","[301591]","[23193.7]","[0]","[5.97007]","[0.60646]",0,"[]","[]","[]","[]","[]","[]","[]","[]","[]","[]",0,"[145.483]",81.1406,"[2881.87]","[]","[14339.5]","[]"
1050,284500,1465192,361102,11455.9,11500.5,3.38179e+11,1.08735,1,0.994954,1,1,0.999486,0.917491,1,0,1,0,1,"[0]","[1]","[41244.7]","[-0.204326]","[-0.998637]","[42108.8]","[-0.0320568]","[1]","[13]","[1]","[0]","[-421.759]","[-0.00347272]","[0.455895]",137178,-1.49631,3,"[258892,54063.1,52314.4]","[-1.00031,-1.09643,1.1427]","[1.93261,-1.71248,0.183179]","[401474,90501.3,90625.2]","[0.995361,0.999234,0.960557]","[0,0,0]","[0,0,0]","[-0.864318,-0.95011,-0.829172]",0,"[]","[]","[]","[]","[]","[]","[]","[]","[]","[]",1,"[280837]","[-1.00019]","[1.93313]","[435615]","[43721.1]","[0]","[1.42125]","[0.81728]",0,"[]","[]","[]","[]","[]","[]","[]","[]","[]","[]",0,"[376.345]",15015.7,"[7370.88,2846.38,2225.38]","[]","[22554.4]","[]"
1051,284500,1468809,361102,11461.1,11500.5,3.38179e+11,0.402058,0.9823,1,1,1,0.997047,1.00632,1,1,0,0,1,"[0]","[1]","[139350]","[0.169905]","[-1.99462]","[141366]","[-0.012022]","[1]","[11]","[1]","[1385.5]","[907.205]","[-0.0427764]","[6.27616]",94997.7,-1.75064,4,"[289722,28966.2,23972,22165.1]","[-0.63964,-1.53237,1.11002,1.14542]","[1.05558,-3.03343,-2.6563,-3.09841]","[351467,70477.8,40385,38470]","[1,0.965743,0.985689,0.917645]","[0,0,0,0]","[0,0,0,0]","[-0.938222,-0.803793,-0.869477,-0.804472]",0,"[]","[]","[]","[]","[]","[]","[]","[]","[]","[]",1,"[276418]","[-0.644806]","[1.05069]","[336135]","[12539.5]","[0]","[2.16067]","[0.0664865]",0,"[]","[]","[]","[]","[]","[]","[]","[]","[]","[]",0,"[599.556]",10119.4,"[4837.93,1844.59,2624.01,1652.24]","[]","[0]","[]"
1052,284500,3956807,361102,11462.6,11500.5,3.38179e+11,0.934886,0.94641,1,1,1,0.999083,1.02175,1,1,0,0,1,"[0]","[1]","[39160.4]","[-2.07387]","[0.5176]","[158233]","[-0.393795]","[1]","[11]","[1]","[0]","[-188.839]","[-0.135853]","[2.38577]",228925,0.551212,2,"[249164,52658.4]","[-0.999975,1.24293]","[-2.38263,2.38595]","[384657,99122]","[0.901801,1]","[0,0]","[0,0]","[-0.836665,-0.889279]",0,"[]","[]","[]","[]","[]","[]","[]","[]","[]","[]",1,"[261278]","[-1.01925]","[-2.3834]","[409237]","[7877.86]","[0]","[3.48825]","[0.507825]",0,"[]","[]","[]","[]","[]","[]","[]","[]","[]","[]",0,"[103.075]",2500.53,"[3736.48,5571.76]","[]","[16956.9]","[]"
1053,284500,1475017,361102,11455.5,11500.5,3.38179e+11,0.934886,0.97921,1,1,1,0.986656,1.00192,1,1,0,0,1,"[0]","[1]","[68765.2]","[-0.147912]","[1.15677]","[69518.8]","[0.0162411]","[1]","[11]","[1]","[0]","[1428.05]","[0.0257001]","[3.21301]",165789,1.49746,2,"[279192,90247.2]","[-0.357564,-1.249]","[-2.42446,-0.834937]","[297673,170601]","[1,0]","[4,0]","[0,0]","[-0.545302,-0.796109]",0,"[]","[]","[]","[]","[]","[]","[]","[]","[]","[]",1,"[266244]","[-0.367179]","[-2.42179]","[284785]","[14909.1]","[0]","[1.68391]","[0.245456]",0,"[]","[]","[]","[]","[]","[]","[]","[]","[]","[]",0,"[447.358]",17216.6,"[5796.16,5324.82]","[]","[10846.4]","[]"
1054,284500,1481282,361102,11470,11500.5,3.38179e+11,1.24168,1,0.996915,1,1,0.982993,0.874617,1,0,1,0,1,"[0]","[1]","[190243]","[-0.447139]","[2.93309]","[209580]","[-0.0809555]","[1]","[13]","[1]","[0]","[-770.601]","[0.0200379]","[4.29677]",155479,3.09893,5,"[239418,93970,57387.6,46338.9,31969]","[0.145689,-0.377952,1.05944,2.12576,2.16448]","[-0.210003,-0.73137,-0.0148612,1.67611,2.12847]","[244210,101291,93216.2,197094,141132]","[0.999629,0.998292,0.994565,0.978976,0.996399]","[0,0,4,0,0]","[0,0,0,0,0]","[-0.937479,-0.786187,0.13218,-0.924345,-0.784795]",0,"[]","[]","[]","[]","[]","[]","[]","[]","[]","[]",1,"[319820]","[-0.0232568]","[-0.363449]","[343983]","[126428]","[0]","[1.0348]","[0.713203]",0,"[]","[]","[]","[]","[]","[]","[]","[]","[]","[]",0,"[8260.82]",415.25,"[6508.33,1947.21,5609.71,2953.48,2182.05]","[]","[10907.8]","[]"
1055,284500,2820374,361102,11454.5,11500.5,3.38179e+11,0.402058,0.96611,1,1,1,0.998796,0.97504,1,1,0,0,1,"[0]","[1]","[43698.8]","[0.697846]","[2.4852]","[54778.1]","[-0.020525]","[1]","[11]","[1]","[2136.9]","[345.603]","[-0.0764131]","[4.95086]",250421,2.73022,2,"[316670,21595.7]","[0.30488,0.223595]","[-0.560406,1.27037]","[332549,22616.5]","[0.999721,0.755529]","[0,0]","[0,0]","[-0.894223,-0.519903]",0,"[]","[]","[]","[]","[]","[]","[]","[]","[]","[]",1,"[321644]","[0.316416]","[-0.554027]","[338658]","[22936.8]","[0]","[3.36733]","[0.245016]",0,"[]","[]","[]","[]","[]","[]","[]","[]","[]","[]",0,"[85.9739]",14384.3,"[5792.45,1662.72]","[]","[23797.7]","[]"
1056,284500,2826777,361102,11458.2,11500.5,3.38179e+11,1.55465,0.97538,1,1,1,0.998193,1.01508,1,1,0,0,1,"[0]","[1]","[97661.5]","[-1.5693]","[1.35905]","[244713]","[0.0409746]","[1]","[11]","[1]","[0]","[874.084]","[0.0194219]","[1.80459]",143298,1.20645,3,"[248797,55343,28106.2]","[-1.60731,2.17714,-1.19683]","[-2.00534,0.491032,-2.22765]","[646366,247385,50856.6]","[1,0.986986,1]","[0,0,0]","[0,0,0]","[-0.703689,-0.924752,-0.866463]",0,"[]","[]","[]","[]","[]","[]","[]","[]","[]","[]",1,"[270905]","[-1.57754]","[-2.02661]","[685817]","[50339.2]","[0]","[1.72501]","[0.718303]",0,"[]","[]","[]","[]","[]","[]","[]","[]","[]","[]",0,"[1379.39]",10820.6,"[6024.69,6572.26,2404.18]","[]","[15229.6]","[]"
1057,284500,2768438,361102,11450.8,11500.5,3.38179e+11,0.351687,0.98089,1,1,1,0.999441,0.99866,1,1,0,0,1,"[0]","[1]","[176000]","[-1.05028]","[-2.80997]","[282330]","[-0.00500488]","[1]","[11]","[1]","[0]","[-988.664]","[-0.00259356]","[0.275161]",128640,-2.66709,2,"[242162,64951.6]","[-0.619597,0.00593921]","[0.372971,0.17796]","[291597,66667.7]","[1,0.983502]","[0,0]","[0,0]","[-0.640128,-0.908983]",0,"[]","[]","[]","[]","[]","[]","[]","[]","[]","[]",1,"[272024]","[-0.533589]","[0.351831]","[319325]","[69472]","[0]","[1.71843]","[0.744164]",0,"[]","[]","[]","[]","[]","[]","[]","[]","[]","[]",0,"[1681.81]",7636.94,"[10951.2,2587.48]","[]","[17624.7]","[]"
1058,284500,2864847,361102,11473.7,11500.5,3.38179e+11,1.08735,0.96825,1,1,1,1.02693,0.99461,1,1,0,0,1,"[0]","[1]","[75900]","[-2.21013]","[-1.95085]","[350151]","[-0.205095]","[1]","[11]","[1]","[0]","[2301.53]","[0.0260185]","[0.874895]",260832,-1.38659,3,"[357070,104462,61265.2]","[-0.646499,0.300691,1.05864]","[1.79736,-0.893297,1.94454]","[434828,109591,99343.4]","[1,0.99,0.962661]","[0,0,5]","[0,0,0]","[-0.59094,-0.953653,0.851741]",0,"[]","[]","[]","[]","[]","[]","[]","[]","[]","[]",1,"[347047]","[-0.660815]","[1.80425]","[425855]","[14168.4]","[0]","[3.14973]","[0.463323]",0,"[]","[]","[]","[]","[]","[]","[]","[]","[]","[]",0,"[476.505]",16080.8,"[5238.49,7900.51,6046.71]","[]","[6240]","[]"
1059,284500,2891532,361102,11454.1,11500.5,3.38179e+11,1.74563,1,1,1,1,0.999426,1,1,1,0,0,1,"[0]","[1]","[67713.2]","[-0.296869]","[0.923987]","[70719]","[0.00441742]","[1]","[11]","[0]","[0]","[2309.24]","[-4.30775e-05]","[0.00161731]",215840,0.639088,2,"[242884,60767]","[0.247642,-0.638433]","[-2.41041,-2.55886]","[250941,74992.3]","[0.993956,0.990366]","[0,0]","[0,0]","[-0.853275,-0.788886]",0,"[]","[]","[]","[]","[]","[]","[]","[]","[]","[]",1,"[267220]","[0.118511]","[-2.41751]","[287230]","[100432]","[0]","[1.82294]","[0.726104]",0,"[]","[]","[]","[]","[]","[]","[]","[]","[]","[]",0,"[110.881]",9423.83,"[7101.88,2897.82]","[]","[15571.6]","[]"
1060,284500,3471349,361102,11458.4,11500.5,3.38179e+11,0.934886,0.96654,1,1,1,1.02735,0.99589,1,1,0,0,1,"[0]","[1]","[34141]","[-0.340827]","[0.602852]","[36143.2]","[-0.0884933]","[1]","[11]","[1]","[0]","[366.764]","[-0.0908814]","[6.02612]",316187,0.412662,2,"[320015,62823.3]","[0.898614,-1.43604]","[-2.54094,2.62209]","[460208,140017]","[0.999841,1]","[0,5]","[0,0]","[-0.876153,0.997729]",0,"[]","[]","[]","[]","[]","[]","[]","[]","[]","[]",1,"[320295]","[0.854852]","[-2.543]","[446795]","[43941.6]","[0]","[2.06223]","[0.702552]",0,"[]","[]","[]","[]","[]","[]","[]","[]","[]","[]",0,"[20.9137]",3074.69,"[3948.61,5267.44]","[]","[16311.9]","[]"
1061,284500,2977486,361102,11452.6,11500.5,3.38179e+11,0.506784,0.9652,1,1,1,0.998161,0.98592,1,1,0,0,1,"[0]","[1]","[73924.3]","[-1.25033]","[-2.75578]","[139640]","[0.037674]","[1]","[11]","[1]","[0]","[-639.27]","[-0.0428652]","[4.09483]",299334,3.12775,4,"[361081,116767,37188.9,22141]","[-1.36996,-2.28276,-1.06824,0.0641015]","[0.353803,-1.36349,2.32045,-0.237598]","[759045,578563,60675.4,22360.1]","[0.990965,0.993683,0.996611,0.924897]","[0,0,0,0]","[0,0,0,0]","[0.0358349,-0.869311,-0.640563,-0.695623]",0,"[]","[]","[]","[]","[]","[]","[]","[]","[]","[]",1,"[357614]","[-1.35305]","[0.349831]","[740361]","[58407.6]","[0]","[1.54934]","[0.760188]",0,"[]","[]","[]","[]","[]","[]","[]","[]","[]","[]",0,"[302.904]",28491.4,"[9523.12,3283.82,4441.27,1686.25]","[]","[5487.16]","[]"
1062,284500,2945620,361102,11456.5,11500.5,3.38179e+11,0.696077,1,0.997637,1,1,0.997518,1.00188,1,0,1,0,1,"[0]","[1]","[63462.2]","[1.16034]","[-0.255537]","[111199]","[0.0415039]","[1]","[13]","[1]","[0]","[-87.2424]","[0.0166477]","[2.31257]",394408,-0.473927,4,"[358289,54231.8,40135.4,22950.9]","[1.80569,0.706685,1.31946,0.758524]","[2.55864,-2.63507,2.94957,2.50028]","[1.11997e+06,68704.9,80824.1,30351.1]","[0.995655,0.987029,0.99,0.977735]","[0,0,0,0]","[0,0,0,0]","[0.50287,-0.859189,-0.842096,-0.849908]",0,"[]","[]","[]","[]","[]","[]","[]","[]","[]","[]",1,"[340111]","[1.79426]","[2.55478]","[1.05212e+06]","[45045.8]","[0]","[2.30145]","[0.596122]",0,"[]","[]","[]","[]","[]","[]","[]","[]","[]","[]",0,"[778.226]",25650.9,"[11247.8,2651.61,7606.61,1655.52]","[]","[31284.5]","[]"
1063,284500,3091305,361102,11456.8,11500.5,3.38179e+11,0,1,0.990821,1,1,0.987302,1.0177,1,0,1,0,1,"[0]","[1]","[67865.9]","[1.6357]","[-2.37352]","[180790]","[-0.27047]","[1]","[13]","[1]","[0]","[-1314.32]","[-0.00609552]","[0.632417]",81218.8,-2.03794,4,"[277672,153403,60137.2,20759.8]","[0.912923,0.388628,2.24164,-0.632236]","[-0.0423868,2.61784,-2.93365,1.92783]","[402742,166983,286454,25434.5]","[0.994361,0.981795,0.992452,0.866649]","[4,0,0,0]","[0,0,0,0]","[-0.839255,-0.881469,-0.796965,-0.878401]",0,"[]","[]","[]","[]","[]","[]","[]","[]","[]","[]",1,"[276759]","[0.882315]","[-0.0478744]","[392065]","[17862.5]","[0]","[1.75651]","[0.698671]",0,"[]","[]","[]","[]","[]","[]","[]","[]","[]","[]",0,"[728.52]",52415.1,"[13657.1,4861.86,3098.1,1700.52]","[]","[10232.5]","[]"
1064,284500,3084300,361102,11465.8,11500.5,3.38179e+11,1.55465,1,0.998525,1,1,0.98459,0.996242,1,0,1,0,1,"[0]","[1]","[27079.5]","[-2.37659]","[-0.311436]","[147056]","[-1.51904]","[1]","[13]","[1]","[0]","[-204.824]","[0.126432]","[7.2043]",229092,0.0193535,4,"[266988,63329.5,31291.2,20080.9]","[-0.957466,0.924146,0.952723,-2.09411]","[2.99988,-1.0272,-2.97757,1.32958]","[399400,92682.3,46959.8,82837.9]","[0.999909,0.982723,0.981249,0.909411]","[0,4,4,0]","[0,0,0,0]","[-0.915569,-0.50345,-0.840304,0.0535622]",0,"[]","[]","[]","[]","[]","[]","[]","[]","[]","[]",1,"[253673]","[-0.96236]","[3.00429]","[380762]","[14354.8]","[0]","[3.23363]","[0.499938]",0,"[]","[]","[]","[]","[]","[]","[]","[]","[]","[]",0,"[148.526]",18106.8,"[6985.44,4545.67,1596.18,1092.59]","[]","[0]","[]"
1065,284500,3127349,361102,11454.1,11500.5,3.38179e+11,0.934886,0.97361,1,1,1,0.999009,0.98448,1,1,0,0,1,"[0]","[1]","[47256.1]","[-0.48584]","[0.821462]","[52943.8]","[0.0124207]","[1]","[11]","[1]","[0]","[-226.643]","[0.0460619]","[4.69224]",214950,0.736278,3,"[281380,127106,31425.4]","[-0.830792,1.86085,-0.403612]","[-2.81699,-0.819959,-2.43552]","[384362,418501,34379.3]","[0.995097,0.998585,0.965518]","[0,0,0]","[0,0,0]","[-0.918534,-0.910482,-0.142068]",0,"[]","[]","[]","[]","[]","[]","[]","[]","[]","[]",1,"[279064]","[-0.862688]","[-2.7861]","[391545]","[39870]","[0]","[2.8967]","[0.487881]",0,"[]","[]","[]","[]","[]","[]","[]","[]","[]","[]",0,"[287.9]",7883.25,"[11614.9,3032.4,2715.51]","[]","[19808.9]","[]"
1066,284500,3891535,361102,11455.7,11500.5,3.38179e+11,0.00133961,1,0.994392,1,1,0.998776,0.823059,1,0,1,0,1,"[0]","[1]","[38395.1]","[0.131121]","[-2.50009]","[38725.8]","[-0.11767]","[1]","[13]","[1]","[0]","[-324.534]","[-0.0557015]","[6.84372]",257808,-2.40442,3,"[329432,88636.3,27718.7]","[0.794775,-1.03805,0.352945]","[0.824742,-1.5839,0.866921]","[441784,141292,29736.4]","[0.989244,1,0.958691]","[0,0,0]","[0,0,0]","[-0.276607,-0.55013,-0.804614]",0,"[]","[]","[]","[]","[]","[]","[]","[]","[]","[]",1,"[346480]","[0.741693]","[0.834681]","[452524]","[75206.8]","[0]","[0.833303]","[0.560252]",0,"[]","[]","[]","[]","[]","[]","[]","[]","[]","[]",0,"[160.565]",4718.33,"[6602,2358.21,2005.44]","[]","[4502.09]","[]"
1067,284500,4086163,361102,11460.9,11500.5,3.38179e+11,0.934886,0.98458,1,1,1,0.996832,1.00582,1,1,0,0,1,"[0]","[1]","[116499]","[-0.326287]","[0.700479]","[122755]","[0.0936337]","[1]","[11]","[1]","[1499.84]","[-834.867]","[0.0034698]","[0.268438]",176560,0.259675,5,"[386874,85733.3,57855.6,31671.2,29605.2]","[-0.0546083,0.561546,-2.12989,2.0578,-0.334372]","[-2.4838,1.01196,1.91767,-2.63337,0.0208346]","[387897,100109,247078,126048,31681.3]","[1,0.9993,0.993345,0.974801,0.998291]","[0,0,0,0,0]","[0,0,0,0,0]","[-0.884927,-0.656395,-0.362322,-0.823784,-0.892498]",0,"[]","[]","[]","[]","[]","[]","[]","[]","[]","[]",1,"[379928]","[-0.0647895]","[-2.48299]","[380882]","[10879.7]","[0]","[0.509095]","[-1]",0,"[]","[]","[]","[]","[]","[]","[]","[]","[]","[]",0,"[427.521]",355.234,"[5326.69,2857.12,2478.25,1964.3,2823.11]","[]","[3608.91]","[]"
1068,284500,2587185,361102,11463.4,11500.5,3.38179e+11,0.596562,1,0.998691,1,1,0.997458,1.00455,1,0,1,0,1,"[0]","[1]","[61418.7]","[-1.68314]","[-1.68794]","[170996]","[0.187901]","[1]","[13]","[1]","[0]","[175.78]","[-0.327565]","[36.4635]",302661,-1.75532,3,"[301142,85306.5,23913.3]","[-1.25335,-1.35598,-2.07334]","[1.50729,0.794744,-3.05932]","[570956,176748,96679.8]","[0.994691,0.999769,0.98755]","[0,0,0]","[0,0,0]","[-0.817854,-0.944967,-0.79634]",0,"[]","[]","[]","[]","[]","[]","[]","[]","[]","[]",1,"[364640]","[-1.32702]","[1.37759]","[744969]","[117351]","[0]","[1.26366]","[0.650013]",0,"[]","[]","[]","[]","[]","[]","[]","[]","[]","[]",0,"[633.461]",16956.1,"[14247.6,6795.96,2382.91]","[]","[8178.66]","[]"
1069,284500,2655600,361102,11465.5,11500.5,3.38179e+11,0.402058,1,0.994087,1,1,0.997288,1.01933,1,0,1,0,1,"[0]","[1]","[63268.6]","[-1.64252]","[2.94154]","[169613]","[-0.0515442]","[1]","[13]","[1]","[4313.84]","[-290.457]","[-0.0749408]","[9.5339]",254518,2.84289,2,"[297969,26997.1]","[-1.83677,-1.55161]","[-0.365446,-0.0955622]","[959966,66854.9]","[1,0.863124]","[0,0]","[0,0]","[-0.873773,-0.914706]",0,"[]","[]","[]","[]","[]","[]","[]","[]","[]","[]",1,"[325989]","[-1.81451]","[-0.34754]","[1.02872e+06]","[58912.8]","[0]","[1.56771]","[0.731376]",0,"[]","[]","[]","[]","[]","[]","[]","[]","[]","[]",0,"[604.807]",10893.4,"[13133.9,1800.21]","[]","[4429.53]","[]"
1070,284500,2184812,361102,11453.3,11500.5,3.38179e+11,1.74563,0.97921,1,1,1,0.998234,1.00192,1,1,0,0,1,"[0]","[1]","[74028.1]","[-0.397292]","[-2.56941]","[79947.8]","[-0.231388]","[1]","[11]","[1]","[0]","[-706.266]","[0.0722653]","[9.02558]",401766,-2.58614,1,"[478484]","[1.16338]","[0.569322]","[840963]","[0.990265]","[0]","[0]","[-0.913664]",0,"[]","[]","[]","[]","[]","[]","[]","[]","[]","[]",1,"[454513]","[1.16337]","[0.56743]","[798394]","[3962.13]","[0]","[0.768502]","[-1]",0,"[]","[]","[]","[]","[]","[]","[]","[]","[]","[]",0,"[616.638]",2003.66,"[6874.92]","[]","[51656.9]","[]"
1071,284500,2955680,361102,11448.4,11500.5,3.38179e+11,0.934886,0.97332,1,1,1,0.998934,0.98683,1,1,0,0,1,"[0]","[1]","[70169.1]","[-0.869433]","[0.174841]","[98403.3]","[0.00600052]","[1]","[11]","[1]","[0]","[396.693]","[0.00309822]","[0.265173]",374746,0.119115,2,"[370644,82088.4]","[-0.668345,0.370972]","[-3.0785,-2.7606]","[457405,89184.6]","[0.954537,1]","[0,0]","[0,0]","[-0.760381,-0.827453]",0,"[]","[]","[]","[]","[]","[]","[]","[]","[]","[]",1,"[398635]","[-0.574086]","[-3.0433]","[496493]","[170911]","[0]","[1.04746]","[0.626023]",0,"[]","[]","[]","[]","[]","[]","[]","[]","[]","[]",0,"[656.83]",7371.78,"[6003.21,3573.48]","[]","[34592.2]","[]"
1072,284500,2783834,361102,11457.4,11500.5,3.38179e+11,0.934886,0.96689,1,1,1,0.958256,1.00136,1,1,0,0,1,"[0]","[1]","[56336]","[1.73205]","[0.0304638]","[164195]","[0.3312]","[1]","[11]","[1]","[0]","[169.381]","[0.0645395]","[3.04246]",221721,-0.252053,2,"[242399,34883.6]","[1.6356,1.93997]","[2.87416,-2.74715]","[646194,124020]","[1,0.959289]","[0,5]","[0,0]","[-0.486527,-0.440547]",0,"[]","[]","[]","[]","[]","[]","[]","[]","[]","[]",1,"[254693]","[1.70445]","[2.92099]","[725331]","[53460.8]","[0]","[2.44044]","[0.710627]",0,"[]","[]","[]","[]","[]","[]","[]","[]","[]","[]",0,"[435.5]",3308.16,"[3799.72,2873.2]","[]","[0]","[]"
1073,284500,2837080,361102,11457.6,11500.5,3.38179e+11,0.596562,0.97921,1,1,1,0.996842,1,1,1,0,0,1,"[0]","[1]","[79118.6]","[-0.366042]","[-2.81461]","[84478.4]","[0.000402451]","[1]","[11]","[0]","[0]","[-948.575]","[-0.0424803]","[3.22054]",768694,-2.83522,3,"[530735,407930,34235]","[0.477142,-0.283883,-0.121535]","[0.722699,-0.211536,-0.727842]","[592879,425289,34980.2]","[0.99999,0.990021,0.998046]","[0,0,0]","[0,0,0]","[-0.940778,-0.968794,-0.818921]",0,"[]","[]","[]","[]","[]","[]","[]","[]","[]","[]",2,"[528506,410274]","[0.489925,-0.26964]","[0.72114,-0.210339]","[593671,426238]","[23317.3,28583.8]","[0,0]","[3.17535,4.41894]","[0.420678,0.732048]",0,"[]","[]","[]","[]","[]","[]","[]","[]","[]","[]",0,"[369.759]",3621.62,"[6398.17,5176.98,1944.1]","[]","[24855.1,23154.7]","[]"
1074,284500,2774890,361102,11457.2,11500.5,3.38179e+11,1.74563,1,0.994278,1,1,0.998252,0.640516,1,0,1,0,1,"[0]","[1]","[26042.1]","[-1.14149]","[-2.07494]","[44932.9]","[-0.0350246]","[1]","[13]","[1]","[0]","[-162.82]","[-0.0273566]","[3.05257]",343690,-1.96175,3,"[271359,54987.7,23520.8]","[-1.57471,-1.73099,1.03659]","[1.013,1.51343,1.89525]","[684108,160258,37522.7]","[0.980149,0.982524,0.98]","[0,0,0]","[0,0,0]","[-0.197976,-0.887981,-0.83734]",0,"[]","[]","[]","[]","[]","[]","[]","[]","[]","[]",1,"[314954]","[-1.62543]","[1.09375]","[834464]","[75175.7]","[0]","[1.4857]","[0.727945]",0,"[]","[]","[]","[]","[]","[]","[]","[]","[]","[]",0,"[226.26]",4741.38,"[7917.47,4218.15,1670.54]","[]","[9138.97]","[]"
1075,284500,2771033,361102,11452.6,11500.5,3.38179e+11,0.402058,0.97994,1,1,1,0.998414,1.00632,1,1,0,0,1,"[0]","[1]","[240027]","[0.591622]","[1.56975]","[283273]","[0.0522079]","[1]","[11]","[1]","[0]","[262.876]","[-0.00705512]","[1.13413]",112975,1.73288,2,"[347641,24629.3]","[1.6781,0.926184]","[-1.53923,-1.35973]","[963677,36154.7]","[1,0.742674]","[0,0]","[0,0]","[-0.159926,-0.79996]",0,"[]","[]","[]","[]","[]","[]","[]","[]","[]","[]",2,"[359708,255650]","[1.66912,0.579631]","[-1.53711,1.56543]","[988745,299811]","[23755.5,0]","[0,1]","[3.58836,0]","[0.739356,-1]",0,"[]","[]","[]","[]","[]","[]","[]","[]","[]","[]",0,"[1218.33]",6795.82,"[9670.78,2377.27]","[]","[8340,15262.2]","[]"
1076,284500,12309555,361102,11459.9,11500.5,3.38179e+11,0.596562,0.96972,1,1,1,0.99004,0.99544,1,1,0,0,1,"[0]","[1]","[181134]","[1.20476]","[-1.11726]","[329278]","[0.0255518]","[1]","[11]","[1]","[0]","[4189.48]","[0.00714443]","[0.896473]",94907.2,-1.00133,1,"[334410]","[1.78074]","[2.42215]","[1.0207e+06]","[1]","[4]","[0]","[-0.507899]",0,"[]","[]","[]","[]","[]","[]","[]","[]","[]","[]",1,"[349259]","[1.77836]","[2.42233]","[1.06358e+06]","[23059.6]","[0]","[3.04277]","[0.764465]",0,"[]","[]","[]","[]","[]","[]","[]","[]","[]","[]",0,"[2185.37]",6684.27,"[6530.71]","[]","[2631.53]","[]"
1077,284500,12309747,361102,11459.9,11500.5,3.38179e+11,0.934886,0.97388,1,1,1,0.999451,0.98854,1,1,0,0,1,"[0]","[1]","[44176.3]","[-0.516334]","[-0.858308]","[50197]","[-0.045826]","[1]","[11]","[1]","[0]","[414.368]","[0.000947434]","[0.0784173]",225210,-0.762529,1,"[266536]","[0.267541]","[2.39568]","[276512]","[0.992191]","[0]","[0]","[-0.583177]",0,"[]","[]","[]","[]","[]","[]","[]","[]","[]","[]",1,"[278713]","[0.257445]","[2.3924]","[288238]","[11711.3]","[0]","[2.97649]","[0.497222]",0,"[]","[]","[]","[]","[]","[]","[]","[]","[]","[]",0,"[158.043]",205.672,"[2911.37]","[]","[7495.62]","[]"
1078,284500,12507649,361102,11460,11500.5,3.38179e+11,0.923924,1,0.995883,1,1,0.946946,0.9786,1,0,1,0,1,"[0]","[1]","[50541.8]","[0.484731]","[-2.73121]","[56596.9]","[0.0282421]","[1]","[13]","[1]","[1425.89]","[-716.811]","[0.0151313]","[2.19119]",187985,-2.44089,3,"[324349,149248,76577]","[0.0407982,-0.438929,-0.405545]","[0.951108,-2.56742,0.167553]","[327838,164402,84766.6]","[0.990538,0.999427,0.996652]","[5,0,0]","[0,0,0]","[0.981202,-0.880945,-0.762827]",0,"[]","[]","[]","[]","[]","[]","[]","[]","[]","[]",1,"[350518]","[-0.0137016]","[0.846584]","[371597]","[123282]","[0]","[1.89334]","[0.647231]",0,"[]","[]","[]","[]","[]","[]","[]","[]","[]","[]",0,"[190.129]",1012.02,"[3239.4,2089.05,2001.21]","[]","[10248.3]","[]"
1079,284500,2822042,361102,11456.1,11500.5,3.38179e+11,1.08735,0.98458,1,1,1,1.14817,1.00582,1,1,0,0,1,"[0]","[1]","[106969]","[-0.565053]","[-2.68495]","[124505]","[-0.0510769]","[1]","[11]","[1]","[1413.89]","[579.363]","[-0.0520592]","[3.18388]",211320,-2.51845,1,"[312727]","[-0.835296]","[0.603792]","[428827]","[0.992187]","[0]","[0]","[0.832523]",0,"[]","[]","[]","[]","[]","[]","[]","[]","[]","[]",1,"[289590]","[-0.845295]","[0.610982]","[399710]","[16765.4]","[0]","[4.1161]","[0.314022]",0,"[]","[]","[]","[]","[]","[]","[]","[]","[]","[]",0,"[450.981]",8369.44,"[9181.33]","[]","[17171.2]","[]"
1080,284500,12313579,361102,11454,11500.5,3.38179e+11,0.596562,0.97062,1,1,1,0.999425,0.98871,1,1,0,0,1,"[0]","[1]","[64644.3]","[-0.688015]","[-2.42449]","[80557.6]","[0.019145]","[1]","[11]","[1]","[1031.03]","[785.298]","[-0.00874289]","[0.74756]",189133,-2.19812,1,"[255585]","[0.650712]","[0.904465]","[311829]","[0.994659]","[0]","[0]","[-0.586106]",0,"[]","[]","[]","[]","[]","[]","[]","[]","[]","[]",1,"[257282]","[0.64894]","[0.902413]","[313433]","[5604]","[0]","[6.59543]","[-1]",0,"[]","[]","[]","[]","[]","[]","[]","[]","[]","[]",0,"[117.779]",1685.64,"[3339.9]","[]","[16715.8]","[]"
1081,284500,12391172,361102,11463.4,11500.5,3.38179e+11,1.08735,1,0.993167,1,1,0.999416,0.905584,1,0,1,0,1,"[0]","[1]","[64815.2]","[0.146447]","[0.820026]","[65511.6]","[-0.133778]","[1]","[13]","[1]","[0]","[12.4764]","[-0.0122527]","[1.80668]",191727,1.45108,1,"[254219]","[0.209117]","[-1.85277]","[260019]","[0.990321]","[0]","[0]","[-0.952459]",0,"[]","[]","[]","[]","[]","[]","[]","[]","[]","[]",1,"[268893]","[0.235522]","[-1.85053]","[276684]","[12863.1]","[0]","[1.41592]","[0.446724]",0,"[]","[]","[]","[]","[]","[]","[]","[]","[]","[]",0,"[1038.8]",6994.94,"[7643.17]","[]","[8337.38]","[]"
1082,284500,10986074,361102,11457,11500.5,3.38179e+11,1.26205,1,0.996703,1,1,0.986614,0.895514,1,0,1,0,1,"[0]","[1]","[148391]","[0.572447]","[-0.0108]","[173375]","[0.0243301]","[1]","[13]","[1]","[0]","[705.321]","[-0.0693002]","[11.0915]",138231,0.220072,1,"[292114]","[-0.191177]","[-3.10791]","[299211]","[1]","[4]","[0]","[-0.864164]",0,"[]","[]","[]","[]","[]","[]","[]","[]","[]","[]",1,"[268723]","[-0.246507]","[-3.10825]","[279205]","[35578.1]","[0]","[1.56831]","[0.686054]",0,"[]","[]","[]","[]","[]","[]","[]","[]","[]","[]",0,"[10152.6]",8867.06,"[9396.87]","[]","[1983.25]","[]"
1083,284500,12559918,361102,11461,11500.5,3.38179e+11,0.934886,0.90435,1,1,1,0.998686,0.93374,1,1,0,0,1,"[0]","[1]","[43860.6]","[-2.39459]","[-0.447768]","[242438]","[-0.0727158]","[1]","[11]","[1]","[0]","[263.054]","[0.02326]","[1.78411]",329526,-0.375838,1,"[373154]","[-1.68829]","[2.75534]","[1.04479e+06]","[1]","[0]","[0]","[-0.968665]",0,"[]","[]","[]","[]","[]","[]","[]","[]","[]","[]",1,"[386508]","[-1.68389]","[2.75537]","[1.07766e+06]","[42077.7]","[0]","[2.29815]","[0.825843]",0,"[]","[]","[]","[]","[]","[]","[]","[]","[]","[]",0,"[256.645]",4256.38,"[6917.95]","[]","[13641.2]","[]"
1084,284500,10966277,361102,11449.9,11500.5,3.38179e+11,3.34815,1,0.997247,1,1,0.998139,1.01452,1,0,1,0,1,"[0]","[1]","[104824]","[-1.13066]","[2.76461]","[179276]","[0.0477676]","[1]","[13]","[1]","[0]","[-210.391]","[0.001126]","[0.188896]",196972,2.77167,2,"[268029,32712.5]","[-1.04964,-1.95389]","[-0.421741,-0.0313166]","[430003,117874]","[0.991832,0.9944]","[0,0]","[0,0]","[-0.891424,-0.846863]",0,"[]","[]","[]","[]","[]","[]","[]","[]","[]","[]",1,"[270583]","[-1.1743]","[-0.392868]","[484432]","[68282.3]","[0]","[2.31112]","[0.464054]",0,"[]","[]","[]","[]","[]","[]","[]","[]","[]","[]",0,"[1147.33]",1661.97,"[3543.74,3425.98]","[]","[1196.81]","[]"
1085,284500,11093393,361102,11456,11500.5,3.38179e+11,0.402058,1,0.999251,1,1,0.998836,0.819409,1,0,1,0,1,"[0]","[1]","[61021.1]","[0.766384]","[0.620065]","[79835.9]","[0.0197296]","[1]","[13]","[1]","[0]","[-298.015]","[0.020744]","[3.1197]",268968,0.947736,1,"[331064]","[1.94304]","[-2.25697]","[1.17992e+06]","[0.999666]","[0]","[0]","[-0.842622]",0,"[]","[]","[]","[]","[]","[]","[]","[]","[]","[]",1,"[307785]","[1.96038]","[-2.26166]","[1.11537e+06]","[40786.5]","[0]","[1.98989]","[0.843546]",0,"[]","[]","[]","[]","[]","[]","[]","[]","[]","[]",0,"[328.057]",1067.66,"[16325.3]","[]","[6512.56]","[]"
1086,284500,11086181,361102,11459.8,11500.5,3.38179e+11,0.00183436,1,0.994041,1,1,0.980278,0.638061,1,0,1,0,1,"[0]","[1]","[31607]","[0.795351]","[-0.362959]","[42142.4]","[0.000602722]","[1]","[13]","[1]","[0]","[-331.958]","[0.0869911]","[11.4961]",237336,-0.744111,5,"[277257,117167,75844.5,31250,20033.2]","[0.544362,-1.48116,-0.688497,0.090575,-2.29]","[-3.13482,0.0805247,1.86561,3.03907,-2.86131]","[320205,271520,95396.5,31705,100029]","[0.97572,0.991476,0.991644,0.99,0.99508]","[0,0,4,0,0]","[0,0,0,0,0]","[-0.962034,-0.878121,0.482109,-0.683212,-0.841417]",0,"[]","[]","[]","[]","[]","[]","[]","[]","[]","[]",1,"[289501]","[0.538175]","[3.13696]","[335242]","[43198.5]","[0]","[2.28366]","[0.490563]",0,"[]","[]","[]","[]","[]","[]","[]","[]","[]","[]",0,"[135.053]",7067.25,"[3431.56,4432.75,2795.58,2032.77,3651.79]","[]","[23363.2]","[]"
1087,284500,11055007,361102,11454.9,11500.5,3.38179e+11,0.934886,1,0.998852,1,1,0.999144,1.10885,1,0,1,0,1,"[0]","[1]","[47428.1]","[-0.9411]","[0.104327]","[70027.6]","[-0.185078]","[1]","[13]","[1]","[0]","[808.831]","[-0.0734227]","[11.0285]",261229,0.712153,2,"[233355,97267.3]","[0.70285,0.448864]","[-2.78898,-1.94777]","[293748,108046]","[0.988194,0.99]","[0,0]","[0,0]","[-0.587619,-0.940302]",0,"[]","[]","[]","[]","[]","[]","[]","[]","[]","[]",1,"[275987]","[0.706857]","[-2.58057]","[373119]","[134965]","[0]","[0.641597]","[0.694083]",0,"[]","[]","[]","[]","[]","[]","[]","[]","[]","[]",0,"[189.774]",610.359,"[2747.84,2031.06]","[]","[9810]","[]"
1088,284500,11000360,361102,11455.8,11500.5,3.38179e+11,1.55465,1,0.99543,1,1,0.98658,1.00936,1,0,1,0,1,"[0]","[1]","[103180]","[-0.373592]","[-1.80182]","[110465]","[0.063385]","[1]","[13]","[1]","[0]","[-754.617]","[0.182554]","[34.2124]",308349,-1.73165,5,"[381461,183977,117208,37449.9,23651.9]","[-0.263352,-1.43677,0.606538,-0.594383,1.06687]","[1.04047,1.90111,-2.05963,1.67201,-1.78513]","[395567,409067,140071,45248.5,38683.1]","[0.991126,0.667006,0.985514,0.941291,0.692439]","[0,4,0,0,0]","[0,0,0,0,0]","[-0.824486,-0.856578,-0.934264,-0.679653,-0.867293]",0,"[]","[]","[]","[]","[]","[]","[]","[]","[]","[]",1,"[370448]","[-0.328272]","[1.03594]","[390990]","[17715.9]","[0]","[6.52805]","[0.339883]",0,"[]","[]","[]","[]","[]","[]","[]","[]","[]","[]",0,"[4603.79]",12176,"[5817.88,2400.82,5789.09,2215.19,2051.61]","[]","[12148.1]","[]"
1089,284500,11065335,361102,11456,11500.5,3.38179e+11,0,0.9823,1,1,1,0.998771,1.00632,1,1,0,0,1,"[0]","[1]","[89731.8]","[0.488328]","[0.0179578]","[100645]","[-0.0047226]","[1]","[11]","[1]","[0]","[1018.48]","[0.0210038]","[2.5511]",264177,0.257245,3,"[271438,90812.1,21433.4]","[-0.113037,0.545452,0.309377]","[-2.71606,2.6257,3.02419]","[273623,105205,22641.1]","[1,1,0.983047]","[0,0,0]","[0,0,0]","[-0.93369,-0.929429,-0.912088]",0,"[]","[]","[]","[]","[]","[]","[]","[]","[]","[]",1,"[287695]","[-0.11092]","[-2.7464]","[291877]","[37433.4]","[0]","[3.42454]","[0.665693]",0,"[]","[]","[]","[]","[]","[]","[]","[]","[]","[]",0,"[252.594]",16018.9,"[4737.62,2462.9,1826.02]","[]","[7886]","[]"
1090,284500,11187993,361102,11456.2,11500.5,3.38179e+11,1.74563,1,0.998439,1,1,0.999115,0.989061,1,0,1,0,1,"[0]","[1]","[40824.6]","[2.15369]","[-0.745081]","[178253]","[-0.0821576]","[1]","[13]","[1]","[0]","[708.046]","[-0.0557583]","[5.22265]",317907,-0.888275,2,"[278309,71945]","[1.49828,1.04245]","[2.4676,1.89921]","[653943,115218]","[0.993154,0.985586]","[0,0]","[0,0]","[-0.903583,-0.919183]",0,"[]","[]","[]","[]","[]","[]","[]","[]","[]","[]",1,"[342143]","[1.45111]","[2.37177]","[778040]","[110255]","[0]","[1.44858]","[0.71617]",0,"[]","[]","[]","[]","[]","[]","[]","[]","[]","[]",0,"[992.237]",9109.31,"[7710.38,3839.49]","[]","[39639.9]","[]"
1091,284500,11131577,361102,11455.1,11500.5,3.38179e+11,0.596562,1,1.00101,1,1,0.998676,1.00695,1,0,1,0,1,"[0]","[1]","[143214]","[-1.50431]","[-2.18867]","[338216]","[-0.027813]","[1]","[13]","[1]","[0]","[-334.661]","[-0.00114067]","[0.210952]",267628,-1.91943,1,"[416156]","[-1.24785]","[1.15188]","[785040]","[1]","[0]","[0]","[-0.942487]",0,"[]","[]","[]","[]","[]","[]","[]","[]","[]","[]",1,"[408648]","[-1.24125]","[1.14887]","[766287]","[20916.4]","[0]","[2.13746]","[0.755896]",0,"[]","[]","[]","[]","[]","[]","[]","[]","[]","[]",0,"[243.38]",2072.59,"[5754.83]","[]","[14750.9]","[]"
1092,284500,11214694,361102,11463.1,11500.5,3.38179e+11,1.08735,1,0.990407,1,1,0.998519,0.805161,1,0,1,0,1,"[0]","[1]","[55048]","[0.818499]","[-2.10512]","[74540.2]","[-0.036972]","[1]","[13]","[1]","[0]","[911.87]","[0.0526839]","[7.64762]",272655,-2.4777,3,"[278875,25470.4,21557.4]","[0.745081,-0.672669,-1.16105]","[0.690026,0.440697,1.21707]","[360871,31921.9,37907]","[0.998478,0.929018,0.947576]","[0,0,0]","[0,0,0]","[0.570502,-0.90076,-0.816453]",0,"[]","[]","[]","[]","[]","[]","[]","[]","[]","[]",1,"[282961]","[0.753561]","[0.689505]","[367710]","[19820.7]","[0]","[2.46504]","[0.791664]",0,"[]","[]","[]","[]","[]","[]","[]","[]","[]","[]",0,"[212.781]",13512.9,"[9496.35,3929.44,2091.73]","[]","[11830.6]","[]"
1093,284500,11066962,361102,11455.6,11500.5,3.38179e+11,0.934886,1,1.00236,1,1,0.998344,1.01255,1,0,1,0,1,"[0]","[1]","[223266]","[1.69574]","[3.02677]","[628959]","[-0.031147]","[1]","[13]","[1]","[0]","[431.451]","[0.0179058]","[2.9992]",132232,-2.67958,2,"[342340,23933.2]","[1.87464,0.225889]","[0.0319257,1.76977]","[1.14218e+06,25036.3]","[0.990758,0.891321]","[0,0]","[0,0]","[-0.492695,-0.670511]",0,"[]","[]","[]","[]","[]","[]","[]","[]","[]","[]",1,"[366575]","[1.86498]","[0.03502]","[1.21181e+06]","[19162.5]","[0]","[6.28136]","[0.521848]",0,"[]","[]","[]","[]","[]","[]","[]","[]","[]","[]",0,"[2256.73]",3381.28,"[6302.06,1951.12]","[]","[19729.9]","[]"
1094,284500,11176990,361102,11454.6,11500.5,3.38179e+11,1.25133,1,0.996682,1,1,0.99771,0.941994,1,0,1,0,1,"[0]","[1]","[103670]","[0.734105]","[1.66438]","[132882]","[-0.198112]","[1]","[13]","[1]","[0]","[-215.962]","[0.0156859]","[2.63212]",254044,1.79998,2,"[329659,25392.8]","[0.756329,-1.40986]","[-1.46078,-0.680293]","[433942,55327.8]","[0.99719,0.991988]","[0,0]","[0,0]","[-0.932167,-0.75853]",0,"[]","[]","[]","[]","[]","[]","[]","[]","[]","[]",1,"[325082]","[0.76792]","[-1.44988]","[431525]","[70442.5]","[0]","[1.09898]","[0.802581]",0,"[]","[]","[]","[]","[]","[]","[]","[]","[]","[]",0,"[1307.81]",7266.69,"[5915.94,3637.66]","[]","[41823]","[]"
1095,284500,11439045,361102,11449.2,11500.5,3.38179e+11,0.402058,1,0.984531,1,1,0.998322,0.989763,1,0,1,0,1,"[0]","[1]","[44185.8]","[1.83354]","[-0.887344]","[141745]","[0.0444641]","[1]","[13]","[1]","[0]","[-233.453]","[-0.219338]","[27.5664]",298276,-0.936899,3,"[314421,41059.9,25893]","[1.88635,-1.09027,0.942893]","[2.37081,0.803042,1.64346]","[1.06083e+06,68165.4,38574.4]","[0.990855,0.987075,1]","[0,0,0]","[0,0,0]","[0.80947,-0.794467,-0.755103]",0,"[]","[]","[]","[]","[]","[]","[]","[]","[]","[]",1,"[305576]","[1.87845]","[2.37019]","[1.02323e+06]","[16033]","[0]","[1.86989]","[0.463547]",0,"[]","[]","[]","[]","[]","[]","[]","[]","[]","[]",0,"[85.06]",2453.56,"[9772.89,2534.93,1765.04]","[]","[10970.8]","[]"
1096,284500,11382596,361102,11463.9,11500.5,3.38179e+11,0.402058,1,0.993595,1,1,0.999385,0.958895,1,0,1,0,1,"[0]","[1]","[46592.1]","[0.659088]","[2.68539]","[57083.6]","[-0.0134821]","[1]","[13]","[1]","[0]","[-318.754]","[-0.0533319]","[7.34983]",261089,3.09346,1,"[301380]","[0.651631]","[-0.125764]","[367875]","[0.986424]","[0]","[0]","[-0.91054]",0,"[]","[]","[]","[]","[]","[]","[]","[]","[]","[]",1,"[291461]","[0.648591]","[-0.126305]","[355046]","[8457.5]","[0]","[0]","[-1]",0,"[]","[]","[]","[]","[]","[]","[]","[]","[]","[]",0,"[151.892]",3092,"[4468.8]","[]","[17998.4]","[]"
1097,284500,11382323,361102,11463.9,11500.5,3.38179e+11,0.596562,1,0.996606,1,1,0.996401,0.880457,1,0,1,0,1,"[0]","[1]","[94188.9]","[-0.580692]","[-1.47057]","[110521]","[0.314875]","[1]","[13]","[1]","[0]","[423.7]","[-0.163815]","[20.1956]",755370,-1.548,3,"[918620,119448,26673.3]","[-0.627819,-2.02567,-0.167515]","[1.54027,-1.93304,2.13982]","[1.10947e+06,460816,27294.6]","[0.99613,1,0.955037]","[0,0,0]","[0,0,0]","[-0.698364,-0.877072,-0.596828]",0,"[]","[]","[]","[]","[]","[]","[]","[]","[]","[]",1,"[878901]","[-0.631904]","[1.53677]","[1.06434e+06]","[92765.7]","[0]","[1.31796]","[0.781389]",0,"[]","[]","[]","[]","[]","[]","[]","[]","[]","[]",0,"[2809.58]",20535.2,"[18920.3,3627.28,6126.72]","[]","[30567.9]","[]"
1098,284500,11393992,361102,11449.1,11500.5,3.38179e+11,0.596562,0.94772,1,1,1,0.998246,0.9423,1,1,0,0,1,"[0]","[1]","[40757]","[-1.27968]","[2.03791]","[78938.5]","[0.0526943]","[1]","[11]","[1]","[0]","[-1213.1]","[-0.0516645]","[4.18078]",398296,1.95612,1,"[441789]","[-1.62932]","[-1.18253]","[1.17123e+06]","[0.996226]","[0]","[0]","[-0.97356]",0,"[]","[]","[]","[]","[]","[]","[]","[]","[]","[]",1,"[439713]","[-1.61909]","[-1.17839]","[1.1546e+06]","[50539.7]","[0]","[1.627]","[0.839877]",0,"[]","[]","[]","[]","[]","[]","[]","[]","[]","[]",0,"[647.685]",32529.9,"[33170.2]","[]","[17732.2]","[]"
1099,284500,11394115,361102,11457.3,11500.5,3.38179e+11,0.596562,1,0.984321,1,1,0.996124,0.969051,1,0,1,0,1,"[0]","[1]","[141160]","[1.96385]","[2.58477]","[512910]","[0.0912132]","[1]","[13]","[1]","[0]","[658.949]","[0.0174698]","[3.47962]",390714,2.81508,7,"[480205,365143,139037,105806,75678.2,63258.4,32296.6]","[1.09888,0.208572,-0.214221,-0.267292,-0.311934,1.10504,-0.149069]","[-1.08111,-0.0235025,1.75616,-2.63494,0.831323,2.37626,1.28327]","[800774,373305,143453,110295,80625.7,106425,32810.5]","[0.99,0.993608,1,0.995564,1,1,1]","[0,0,0,0,0,0,0]","[0,0,0,0,0,0,0]","[-0.8152,-0.912809,-0.872232,-0.616446,-0.743552,-0.547319,-0.396469]",0,"[]","[]","[]","[]","[]","[]","[]","[]","[]","[]",2,"[479160,391275]","[1.11406,0.17948]","[-1.08165,0.0429416]","[808669,412797]","[12952.8,110998]","[0,0]","[4.74582,1.70554]","[0.0700343,0.6341]",0,"[]","[]","[]","[]","[]","[]","[]","[]","[]","[]",0,"[2697.16]",5969.44,"[9757.24,4103.73,2610.34,11945.7,6386.15,4737.74,4191.36]","[]","[15022.9,6266.81]","[]"
1100,284500,11476380,361102,11459.3,11500.5,3.38179e+11,1.24168,0.97994,1,1,1,0.998103,1.00632,1,1,0,0,1,"[0]","[1]","[297943]","[0.1242]","[-0.387553]","[300244]","[0.0301971]","[1]","[11]","[1]","[0]","[1190.19]","[0.00207573]","[0.362639]",312871,-0.201794,2,"[541556,68701]","[-0.235333,2.39407]","[2.85974,2.86462]","[560474,379569]","[0.99,0.991057]","[0,0]","[0,0]","[-0.830033,-0.888222]",0,"[]","[]","[]","[]","[]","[]","[]","[]","[]","[]",2,"[584054,312998]","[-0.19737,0.165607]","[2.8552,-0.385659]","[600024,317315]","[73810.5,3083.4]","[0,1]","[1.43776,18.6306]","[0.678069,-1]",0,"[]","[]","[]","[]","[]","[]","[]","[]","[]","[]",0,"[2976.94]",11615.5,"[6798.69,9924.97]","[]","[11451.4,5821.25]","[]"
1101,284500,11396392,361102,11453,11500.5,3.38179e+11,0,0.98089,1,1,1,0.996847,0.99866,1,1,0,0,1,"[0]","[1]","[272199]","[-1.17857]","[0.763024]","[484166]","[-0.277252]","[1]","[11]","[1]","[0]","[2095.77]","[0.0140194]","[1.00056]",188977,0.956351,2,"[446930,27443.9]","[-2.36829,1.21987]","[-2.27937,-2.45826]","[2.40745e+06,50899.6]","[0.999536,0.980054]","[0,0]","[0,0]","[-0.892958,-0.81853]",0,"[]","[]","[]","[]","[]","[]","[]","[]","[]","[]",1,"[307740]","[-1.15462]","[0.759053]","[536700]","[1652.04]","[1]","[0]","[-1]",0,"[]","[]","[]","[]","[]","[]","[]","[]","[]","[]",0,"[3572.46]",1161.77,"[9969.95,5452.72]","[]","[19684.5]","[]"
1102,284500,11407773,361102,11456.8,11500.5,3.38179e+11,0.596562,1,0.998924,1,1,0.996245,0.974253,1,0,1,0,1,"[0]","[1]","[58559.2]","[-2.31388]","[2.139]","[299017]","[0.100426]","[1]","[13]","[1]","[0]","[-275.456]","[-0.014829]","[1.77536]",239336,1.82543,3,"[268844,22455.1,21351.5]","[-0.967561,-2.10815,2.45842]","[-1.33247,-0.584857,0.0307212]","[405254,93878.5,125693]","[0.992803,1,0]","[0,0,0]","[0,0,0]","[-0.819372,-0.852567,-0.754662]",0,"[]","[]","[]","[]","[]","[]","[]","[]","[]","[]",1,"[269499]","[-0.945686]","[-1.33633]","[399506]","[13968.3]","[0]","[2.15977]","[0.380591]",0,"[]","[]","[]","[]","[]","[]","[]","[]","[]","[]",0,"[693.678]",5399.75,"[7160.73,1821.1,2210.45]","[]","[18359.6]","[]"
1103,284500,11581080,361102,11454.8,11500.5,3.38179e+11,1.24168,1,0.995472,1,1,0.997124,0.839396,1,0,1,0,1,"[0]","[1]","[49154.6]","[-0.170557]","[0.840975]","[49871.3]","[-0.0456314]","[1]","[13]","[1]","[0]","[260.941]","[0.0399963]","[6.33468]",254326,0.709564,3,"[367358,59908.2,24205]","[-0.215716,-1.55658,-2.19564]","[-2.26806,1.39319,1.45958]","[376323,148793,110255]","[0.99,0.98644,0.98]","[0,0,0]","[0,0,0]","[-0.714826,-0.932668,-0.345397]",0,"[]","[]","[]","[]","[]","[]","[]","[]","[]","[]",1,"[364536]","[-0.243228]","[-2.26715]","[375473]","[8678.03]","[0]","[1.4314]","[0.14118]",0,"[]","[]","[]","[]","[]","[]","[]","[]","[]","[]",0,"[420.535]",1372.06,"[4051.56,3751.27,1822.01]","[]","[4574.03]","[]"
1104,284500,11582290,361102,11458.6,11500.5,3.38179e+11,1.25133,1,0.995838,1,1,0.997299,0.778754,1,0,1,0,1,"[0]","[1]","[73860.2]","[0.742586]","[2.47735]","[95177.9]","[-0.0292206]","[1]","[13]","[1]","[0]","[701.192]","[0.0728952]","[10.1955]",460951,2.69992,1,"[538566]","[1.64415]","[-0.453487]","[1.44616e+06]","[0.998618]","[0]","[0]","[-0.79381]",0,"[]","[]","[]","[]","[]","[]","[]","[]","[]","[]",1,"[554309]","[1.62781]","[-0.453367]","[1.46602e+06]","[19409.6]","[0]","[3.56187]","[0.655343]",0,"[]","[]","[]","[]","[]","[]","[]","[]","[]","[]",0,"[730.136]",9262.88,"[11911]","[]","[1264.31]","[]"
1105,284500,11517992,361102,11453.9,11500.5,3.38179e+11,0.402058,0.97375,1,1,1,0.99899,0.9741,1,1,0,0,1,"[0]","[1]","[56117.9]","[-0.142894]","[2.37519]","[56691.9]","[0.0259399]","[1]","[11]","[1]","[0]","[1119.91]","[0.0199592]","[2.20686]",297976,2.30249,2,"[349324,45885.5]","[0.97713,0.445291]","[-0.954376,2.1411]","[530837,51170.9]","[0.9942,0.995117]","[0,0]","[0,0]","[-0.845666,-0.865895]",0,"[]","[]","[]","[]","[]","[]","[]","[]","[]","[]",1,"[330639]","[1.01657]","[-0.963826]","[517266]","[23905.3]","[0]","[1.99939]","[0.723361]",0,"[]","[]","[]","[]","[]","[]","[]","[]","[]","[]",0,"[225.535]",23672.9,"[20900.9,3552.29]","[]","[8036.62]","[]"
1106,284500,11546646,361102,11463.7,11500.5,3.38179e+11,0.402058,0.97014,1,1,1,0.999022,0.96677,1,1,0,0,1,"[0]","[1]","[55749]","[0.795319]","[1.46029]","[74329.7]","[0.123103]","[1]","[11]","[1]","[0]","[47.0066]","[0.152654]","[22.3154]",187153,1.85833,2,"[246082,52388.3]","[-0.828952,-1.81701]","[-1.5888,0.288325]","[336301,165682]","[1,0.978426]","[0,0]","[0,0]","[-0.915936,-0.83605]",0,"[]","[]","[]","[]","[]","[]","[]","[]","[]","[]",1,"[258896]","[-0.835574]","[-1.5901]","[355216]","[19922.1]","[0]","[1.44635]","[0.502517]",0,"[]","[]","[]","[]","[]","[]","[]","[]","[]","[]",0,"[79.4495]",3031.5,"[4410.49,4846.82]","[]","[0]","[]"
1107,284500,11622851,361102,11460.8,11500.5,3.38179e+11,1.25133,1,0.997041,1,1,0.999068,0.694705,1,0,1,0,1,"[0]","[1]","[55461.2]","[-0.69339]","[2.36616]","[69336.7]","[-0.00304985]","[1]","[13]","[1]","[0]","[901.799]","[0.013959]","[2.21627]",205815,1.88114,2,"[177538,91894.7]","[0.502827,1.14548]","[-1.02232,-1.5385]","[201167,159523]","[0.990029,0.973364]","[0,0]","[0,0]","[-0.853186,-0.944856]",0,"[]","[]","[]","[]","[]","[]","[]","[]","[]","[]",1,"[259092]","[0.770355]","[-1.19825]","[361109]","[122073]","[0]","[0.874586]","[0.783563]",0,"[]","[]","[]","[]","[]","[]","[]","[]","[]","[]",0,"[348.042]",2389.81,"[2430.44,4280.19]","[]","[1977.95]","[]"
1108,284500,11623283,361102,11450.8,11500.5,3.38179e+11,1.55465,0.98178,1,1,1,0.999097,0.99604,1,1,0,0,1,"[0]","[1]","[111608]","[-2.24855]","[-1.28346]","[534573]","[-0.200764]","[1]","[11]","[1]","[0]","[965.075]","[0.0365001]","[3.56646]",86427.2,-1.12356,2,"[223129,37135.3]","[-1.10692,-0.609836]","[2.08359,0.170328]","[374717,44844]","[0.985438,0.963964]","[0,0]","[0,0]","[-0.831309,-0.859838]",0,"[]","[]","[]","[]","[]","[]","[]","[]","[]","[]",1,"[257958]","[-1.02166]","[2.12196]","[408768]","[57451]","[0]","[1.55989]","[0.58843]",0,"[]","[]","[]","[]","[]","[]","[]","[]","[]","[]",0,"[1000.41]",17332,"[4793.39,2375.43]","[]","[0]","[]"
1109,284500,11646651,361102,11454.5,11500.5,3.38179e+11,1.08735,0.98413,1,1,1,0.997503,0.99866,1,1,0,0,1,"[0]","[1]","[96506.5]","[-0.990649]","[2.65621]","[147863]","[0.104589]","[1]","[11]","[1]","[0]","[-12.569]","[-0.0198449]","[2.03111]",199531,2.19557,3,"[248356,23737.7,22251.4]","[0.300257,-1.32865,-0.674092]","[-0.697063,-1.04882,-1.72322]","[261057,48320.7,27860]","[1,0.939001,0.92762]","[0,0,0]","[0,0,0]","[-0.950667,-0.533453,-0.343757]",0,"[]","[]","[]","[]","[]","[]","[]","[]","[]","[]",1,"[255729]","[0.31191]","[-0.699887]","[269763]","[28340.4]","[0]","[1.90444]","[0.744585]",0,"[]","[]","[]","[]","[]","[]","[]","[]","[]","[]",0,"[472.05]",4735.83,"[7277.6,2730.31,1748.5]","[]","[22805.4]","[]"
1110,284500,11603832,361102,11452.8,11500.5,3.38179e+11,1.55465,1,0.999381,1,1,0.985287,0.984894,1,0,1,0,1,"[0]","[1]","[84931.8]","[2.30188]","[-1.23266]","[428610]","[0.168846]","[1]","[13]","[1]","[0]","[392.508]","[0.140147]","[20.2941]",123892,-1.39246,4,"[301905,131712,42819.9,34718]","[1.50217,1.91519,-0.400915,1.69813]","[1.91787,-1.48854,1.50193,-0.69678]","[712185,457424,46797.9,98264.2]","[0.993653,0.994539,0.998208,0.994951]","[0,4,0,0]","[0,0,0,0]","[-0.775909,-0.582652,-0.482181,-0.76793]",0,"[]","[]","[]","[]","[]","[]","[]","[]","[]","[]",1,"[282015]","[1.51826]","[1.9189]","[675631]","[39239.2]","[0]","[2.28513]","[0.583886]",0,"[]","[]","[]","[]","[]","[]","[]","[]","[]","[]",0,"[4640.91]",1852.68,"[12956.9,5916.76,2409.79,8071.57]","[]","[5767.59]","[]"
1111,284500,11605900,361102,11457,11500.5,3.38179e+11,1.08735,1,0.998077,1,1,0.99921,0.91657,1,0,1,0,1,"[0]","[1]","[53924.9]","[-0.927449]","[-2.47689]","[78827.8]","[0.496071]","[1]","[13]","[1]","[0]","[733.063]","[-0.142232]","[18.7986]",253737,-2.44598,1,"[320579]","[-1.17959]","[0.586034]","[571398]","[0.99731]","[0]","[0]","[-0.713974]",0,"[]","[]","[]","[]","[]","[]","[]","[]","[]","[]",1,"[335652]","[-1.152]","[0.591973]","[584996]","[31991.5]","[0]","[1.93425]","[0.639365]",0,"[]","[]","[]","[]","[]","[]","[]","[]","[]","[]",0,"[132.824]",7939.92,"[4178.02]","[]","[33027.4]","[]"
1112,284500,11629747,361102,11455.6,11500.5,3.38179e+11,1.74563,1,0.995562,1,1,0.998892,0.856877,1,0,1,0,1,"[0]","[1]","[115017]","[0.319524]","[-2.19688]","[120939]","[-0.0214233]","[1]","[13]","[1]","[0]","[-27.7428]","[-0.007501]","[1.51261]",218742,-2.58662,2,"[384382,69666.4]","[0.095961,-2.16065]","[0.776333,-1.90954]","[386498,306338]","[0.996767,0.987744]","[0,0]","[0,0]","[-0.349883,-0.912243]",0,"[]","[]","[]","[]","[]","[]","[]","[]","[]","[]",1,"[389194]","[0.126613]","[0.77693]","[392595]","[14737.1]","[0]","[6.09829]","[0.405432]",0,"[]","[]","[]","[]","[]","[]","[]","[]","[]","[]",0,"[8704.72]",6051.91,"[9144.94,3435.33]","[]","[996]","[]"
1113,284500,11913411,361102,11451.1,11500.5,3.38179e+11,0.934886,0.96787,1,1,1,0.999186,0.98743,1,1,0,0,1,"[0]","[1]","[100033]","[-0.00977548]","[2.01741]","[100038]","[-0.00621796]","[1]","[11]","[1]","[0]","[1589.04]","[-0.0379985]","[2.94726]",182531,1.63182,1,"[286128]","[-1.20278]","[-1.35053]","[519749]","[0.576758]","[0]","[0]","[-0.831748]",0,"[]","[]","[]","[]","[]","[]","[]","[]","[]","[]",1,"[293093]","[-1.21619]","[-1.35155]","[538169]","[16319.5]","[0]","[2.89342]","[0.690353]",0,"[]","[]","[]","[]","[]","[]","[]","[]","[]","[]",0,"[528.649]",19064.7,"[19781]","[]","[8193.12]","[]"
1114,284500,11662965,361102,11444.1,11500.5,3.38179e+11,0.596562,1,0.995532,1,1,0.98516,0.973133,1,0,1,0,1,"[0]","[1]","[33760.2]","[-0.369744]","[0.492306]","[36094.4]","[0.0206566]","[1]","[13]","[1]","[0]","[654.41]","[0.0184622]","[2.25312]",243935,0.074864,3,"[266440,52424.7,21928.8]","[-0.344094,-1.9722,-2.21544]","[-2.7953,2.23963,-0.0237332]","[282681,192264,101731]","[0.99102,0.999646,0.795959]","[0,4,0]","[0,0,0]","[-0.809796,-0.847434,-0.853318]",0,"[]","[]","[]","[]","[]","[]","[]","[]","[]","[]",1,"[274168]","[-0.325521]","[-2.79424]","[288954]","[8739.67]","[0]","[0.197384]","[-1]",0,"[]","[]","[]","[]","[]","[]","[]","[]","[]","[]",0,"[164.917]",3855.25,"[7870.2,2981.05,2623.77]","[]","[4033.94]","[]"
1115,284500,10314202,361102,11460.4,11500.5,3.38179e+11,0.402058,1,0.998634,1,1,0.998989,0.928508,1,0,1,0,1,"[0]","[1]","[54624.5]","[0.236991]","[2.35036]","[56165.8]","[0.0464134]","[1]","[13]","[1]","[0]","[-466.891]","[-0.0793464]","[13.0509]",241674,2.25863,1,"[299067]","[1.63334]","[-0.840769]","[795464]","[0.983498]","[0]","[0]","[-0.765004]",0,"[]","[]","[]","[]","[]","[]","[]","[]","[]","[]",1,"[307489]","[1.62985]","[-0.84116]","[815264]","[30305.6]","[0]","[2.20773]","[0.794671]",0,"[]","[]","[]","[]","[]","[]","[]","[]","[]","[]",0,"[142.842]",5565.5,"[7105.42]","[]","[3119.03]","[]"
1116,284500,11917023,361102,11461.2,11500.5,3.38179e+11,0,1,1.00176,1,1,1.00167,0.974146,1,0,1,0,1,"[0]","[1]","[82186]","[-1.25719]","[-2.66379]","[156153]","[-0.0358276]","[1]","[13]","[1]","[0]","[2006.85]","[-0.000985928]","[0.161807]",237078,-2.96594,6,"[284560,98623.9,82687.2,68694,39900.2,39285.7]","[-1.91888,0.719026,-0.998978,0.711668,1.23118,-0.925674]","[0.55404,-1.04389,-0.802959,2.29771,2.34681,-0.247567]","[990809,126169,128454,87592.3,74547.3,57708.8]","[0.989036,0.999726,0.999817,0.978933,0.996866,1]","[5,0,0,5,0,5]","[0,0,0,0,0,0]","[0.985617,-0.590559,-0.870434,0.965304,-0.702382,0.985272]",0,"[]","[]","[]","[]","[]","[]","[]","[]","[]","[]",1,"[282776]","[-1.89476]","[0.556992]","[962095]","[30102]","[0]","[1.91085]","[0.786285]",0,"[]","[]","[]","[]","[]","[]","[]","[]","[]","[]",0,"[305.384]",2112.38,"[3539.38,2472.31,7377.4,3841.69,2450.32,1455.67]","[]","[11749.4]","[]"
1117,284500,2842177,361102,11454,11500.5,3.38179e+11,0.164755,0.93894,1,1,1,0.998915,0.98659,1,1,0,0,1,"[0]","[1]","[30175.3]","[2.06624]","[1.8968]","[121029]","[0.526783]","[1]","[11]","[1]","[1101.53]","[-153.51]","[0.115575]","[5.65657]",282562,1.90477,1,"[299703]","[1.76601]","[-1.26016]","[902049]","[0.946517]","[0]","[0]","[-0.854629]",0,"[]","[]","[]","[]","[]","[]","[]","[]","[]","[]",1,"[310842]","[1.75132]","[-1.2598]","[922622]","[12570.6]","[0]","[4.83646]","[0.618623]",0,"[]","[]","[]","[]","[]","[]","[]","[]","[]","[]",0,"[85.5779]",6551.59,"[7956.69]","[]","[78.375]","[]"
1118,284500,11942781,361102,11455,11500.5,3.38179e+11,1.08735,0.9823,1,1,1,0.996337,1.00632,1,1,0,0,1,"[0]","[1]","[84926.8]","[0.318998]","[0.0971767]","[89284.6]","[-0.0727742]","[1]","[11]","[1]","[0]","[583.464]","[-0.0455037]","[6.18637]",169776,-0.0117531,3,"[268722,30475.4,21866.5]","[-0.073005,-1.33612,-1.9473]","[-3.06883,0.216241,1.59778]","[269823,62273.2,78326.6]","[0.995155,0.992909,0.939274]","[0,0,0]","[0,0,0]","[-0.940337,-0.760379,-0.853698]",0,"[]","[]","[]","[]","[]","[]","[]","[]","[]","[]",1,"[285949]","[-0.0767726]","[-3.06626]","[287292]","[16930.7]","[0]","[3.18286]","[0.644302]",0,"[]","[]","[]","[]","[]","[]","[]","[]","[]","[]",0,"[400.777]",399.062,"[3237.45,6220.59,2119.48]","[]","[13230.6]","[]"
1119,284500,11969938,361102,11462.7,11500.5,3.38179e+11,1.55465,1,0.996013,1,1,0.998443,0.93729,1,0,1,0,1,"[0]","[1]","[27047.7]","[0.407162]","[-2.36062]","[29321]","[0.132607]","[1]","[13]","[1]","[0]","[-94.4471]","[0.104498]","[8.45361]",454301,-1.90238,1,"[460802]","[0.967133]","[1.20861]","[695280]","[0.99995]","[0]","[0]","[-0.809869]",0,"[]","[]","[]","[]","[]","[]","[]","[]","[]","[]",1,"[456412]","[0.989074]","[1.19978]","[699679]","[41231.5]","[0]","[2.18533]","[0.672707]",0,"[]","[]","[]","[]","[]","[]","[]","[]","[]","[]",0,"[192.493]",8040.84,"[9929.2]","[]","[412.688]","[]"
1120,284500,11986306,361102,11461.7,11500.5,3.38179e+11,0.402058,1,0.999025,1,1,0.999514,0.996642,1,0,1,0,1,"[0]","[1]","[40079.9]","[2.12561]","[-0.153311]","[170287]","[-1.07163]","[1]","[13]","[1]","[0]","[0]","[-0.189746]","[16.3852]",226087,-0.239934,4,"[279289,32593.7,32403.2,22699.1]","[1.59087,0.750084,1.61446,1.21618]","[-2.96264,0.70095,2.67595,0.577594]","[714851,42566.7,84953,41702.1]","[0.998791,0.996103,0.98,0.981362]","[0,0,4,0]","[0,0,0,0]","[-0.978586,-0.868623,0.811114,-0.486751]",0,"[]","[]","[]","[]","[]","[]","[]","[]","[]","[]",1,"[282795]","[1.5865]","[-2.95567]","[720848]","[37100.1]","[0]","[1.30628]","[0.736931]",0,"[]","[]","[]","[]","[]","[]","[]","[]","[]","[]",0,"[498.53]",11498.3,"[16878.7,6701.08,2282.57,4005.3]","[]","[3256.69]","[]"
1121,284500,11928441,361102,11454.7,11500.5,3.38179e+11,0.596562,1,0.998505,1,1,0.999168,1.00796,1,0,1,0,1,"[0]","[1]","[60442.6]","[-1.35857]","[1.66126]","[125347]","[-0.0158234]","[1]","[13]","[1]","[0]","[-363.382]","[-0.00521833]","[0.688121]",212023,1.52983,1,"[271928]","[1.33816]","[-1.56913]","[554213]","[1]","[0]","[0]","[-0.884352]",0,"[]","[]","[]","[]","[]","[]","[]","[]","[]","[]",1,"[279911]","[1.34952]","[-1.5768]","[576324]","[21810.5]","[0]","[3.06882]","[0.610496]",0,"[]","[]","[]","[]","[]","[]","[]","[]","[]","[]",0,"[1381.32]",3717.94,"[11757.6]","[]","[1775.38]","[]"
1122,284500,12091907,361102,11460.8,11500.5,3.38179e+11,0.596562,0.96435,1,1,1,0.999086,0.96697,1,1,0,0,1,"[0]","[1]","[43793.5]","[-0.598556]","[2.53646]","[51875.4]","[0.0184574]","[1]","[11]","[1]","[0]","[-246.966]","[-0.0310197]","[2.84456]",268185,2.05123,2,"[258542,159260]","[0.947073,-1.35476]","[-1.57566,-0.0410727]","[384472,329893]","[1,0.995576]","[0,0]","[0,0]","[-0.620855,-0.912868]",0,"[]","[]","[]","[]","[]","[]","[]","[]","[]","[]",1,"[253823]","[0.941642]","[-1.58026]","[375801]","[25737.6]","[0]","[1.76761]","[0.51543]",0,"[]","[]","[]","[]","[]","[]","[]","[]","[]","[]",0,"[83.0579]",2880.91,"[4393.41,3398.79]","[]","[4942.17]","[]"
1123,284500,12101363,361102,11453.7,11500.5,3.38179e+11,1.74563,1,0.996125,1,1,0.999306,0.948895,1,0,1,0,1,"[0]","[1]","[121530]","[-1.1109]","[-2.42516]","[204556]","[0.00826073]","[1]","[13]","[1]","[0]","[-363.476]","[0.0114016]","[2.12973]",208250,-2.67477,1,"[328070]","[0.283207]","[0.56646]","[341925]","[1]","[0]","[0]","[-0.851327]",0,"[]","[]","[]","[]","[]","[]","[]","[]","[]","[]",1,"[320082]","[0.273853]","[0.566784]","[332214]","[6039.61]","[0]","[55.6402]","[-1]",0,"[]","[]","[]","[]","[]","[]","[]","[]","[]","[]",0,"[964.263]",6412.31,"[7289.61]","[]","[4802.12]","[]"
1124,284500,12140631,361102,11449.8,11500.5,3.38179e+11,1.08735,1.00588,1,1,1,0.987517,1.00306,1,1,0,0,1,"[0]","[1]","[151220]","[0.895535]","[-1.23127]","[216020]","[-0.0402946]","[1]","[11]","[1]","[0]","[320.213]","[0.021944]","[2.97105]",196616,-1.21982,2,"[326924,20816.6]","[0.85979,0.495173]","[1.91669,-2.40495]","[455824,23768.8]","[0.991189,0.736944]","[4,0]","[0,0]","[0.614031,-0.824494]",0,"[]","[]","[]","[]","[]","[]","[]","[]","[]","[]",1,"[310385]","[0.864763]","[1.91309]","[434125]","[15316.7]","[0]","[4.04215]","[0.426775]",0,"[]","[]","[]","[]","[]","[]","[]","[]","[]","[]",0,"[1387.1]",6097.42,"[14278.3,1159]","[]","[7254.56]","[]"
1125,284500,12076632,361102,11466.7,11500.5,3.38179e+11,0.596562,0.96615,1,1,1,0.998479,0.98962,1,1,0,0,1,"[0]","[1]","[76676.4]","[1.14239]","[0.0663122]","[132394]","[-0.0529118]","[1]","[11]","[1]","[0]","[-21.7661]","[-0.0396642]","[4.66494]",251640,0.454736,4,"[284600,82982,28203.9,20952.8]","[-0.128374,0.474896,-0.329444,0.349914]","[-3.03074,-1.53585,2.07754,2.35052]","[287598,93326,30061.7,22660.4]","[0.998306,0.987879,1,0.84117]","[0,0,0,0]","[0,0,0,0]","[-0.961359,-0.898932,-0.868923,-0.511261]",0,"[]","[]","[]","[]","[]","[]","[]","[]","[]","[]",1,"[313499]","[-0.112344]","[-3.03237]","[316156]","[20665.4]","[0]","[3.13271]","[0.551006]",0,"[]","[]","[]","[]","[]","[]","[]","[]","[]","[]",0,"[453.07]",18933.3,"[4417.92,4513.02,3896.18,1777.67]","[]","[21668.9]","[]"
1126,284500,12188261,361102,11466.5,11500.5,3.38179e+11,1.22586,0.98458,1,1,1,0.998733,1.00582,1,1,0,0,1,"[0]","[1]","[128003]","[-0.524455]","[-0.859083]","[146014]","[0.0721431]","[1]","[11]","[1]","[0]","[-1075.47]","[0.0060473]","[1.01086]",115096,-0.706079,4,"[218140,111243,79546.5,46613.5]","[-0.214356,0.216499,-0.939309,-0.167608]","[2.64717,0.121047,2.7635,1.67239]","[224129,114488,117978,47663.2]","[1,0.997287,0.99508,1]","[0,0,0,0]","[0,0,0,0]","[-0.883006,-0.965236,-0.658217,-0.958993]",0,"[]","[]","[]","[]","[]","[]","[]","[]","[]","[]",1,"[271892]","[-0.425986]","[2.67812]","[312001]","[95775.4]","[0]","[1.20654]","[0.731977]",0,"[]","[]","[]","[]","[]","[]","[]","[]","[]","[]",0,"[485.561]",11378.3,"[4282.86,6641.15,4708.22,1992.33]","[]","[6452.84]","[]"
1127,284500,12196108,361102,11463.1,11500.5,3.38179e+11,1.74563,1,1,1,1,1,1,1,1,0,0,1,"[0]","[1]","[244466]","[1.65232]","[-0.839135]","[661364]","[0.0676117]","[1]","[11]","[0]","[0]","[16025.3]","[0.00531949]","[0.659373]",245917,2.30467,0,"[]","[]","[]","[]","[]","[]","[]","[]",0,"[]","[]","[]","[]","[]","[]","[]","[]","[]","[]",1,"[271549]","[1.6794]","[-0.836849]","[753398]","[3544.26]","[0]","[4.84799]","[0.181326]",0,"[]","[]","[]","[]","[]","[]","[]","[]","[]","[]",0,"[5535.95]",0,"[]","[]","[26777.4]","[]"
1128,284500,12397498,361102,11448.2,11500.5,3.38179e+11,0.596562,1,0.995737,1,1,0.988187,0.964984,1,0,1,0,1,"[0]","[1]","[142376]","[-0.18388]","[-0.0713761]","[144790]","[0.0505791]","[1]","[13]","[1]","[0]","[-490.871]","[0.0377715]","[4.94172]",279028,-0.0703528,5,"[330023,144755,83562.9,21215.8,20655.3]","[-0.70277,-1.42122,1.86972,-0.589421,-0.473915]","[2.90948,-2.74673,0.240477,2.45245,-2.97464]","[418128,317369,277565,25286.9,23251.6]","[0.995952,0.993626,1,0.598729,0.688197]","[0,4,0,0,0]","[0,0,0,0,0]","[-0.653503,0.556922,-0.910235,-0.209199,-0.750993]",0,"[]","[]","[]","[]","[]","[]","[]","[]","[]","[]",1,"[468889]","[-0.971231]","[3.08744]","[747545]","[239982]","[0]","[0.990168]","[0.607162]",0,"[]","[]","[]","[]","[]","[]","[]","[]","[]","[]",0,"[11259.9]",41284.6,"[4336.76,3423.68,6563.53,1340.81,187.425]","[]","[27556.3]","[]"
1129,284500,12384871,361102,11458.5,11500.5,3.38179e+11,0.738662,1,0.995185,1,1,0.996875,0.988683,1,0,1,0,1,"[0]","[1]","[32221]","[-0.545689]","[-0.157888]","[37138.7]","[-0.0324764]","[1]","[13]","[1]","[0]","[156.683]","[-0.00658732]","[0.789448]",599293,-0.0981787,2,"[602230,35919.6]","[-1.46871,0.817461]","[2.88279,2.55033]","[1.37994e+06,49008.8]","[0.99693,0.990776]","[0,0]","[0,0]","[-0.942257,-0.827074]",0,"[]","[]","[]","[]","[]","[]","[]","[]","[]","[]",1,"[602003]","[-1.48227]","[2.88384]","[1.39733e+06]","[101391]","[0]","[2.00221]","[0.669993]",0,"[]","[]","[]","[]","[]","[]","[]","[]","[]","[]",0,"[182.716]",12090.9,"[22224.3,8071.35]","[]","[2262.5]","[]"
1130,284500,12398206,361102,11451.8,11500.5,3.38179e+11,1.08735,1,0.993861,1,1,0.989398,0.964071,1,0,1,0,1,"[0]","[1]","[73849.7]","[0.379728]","[1.50754]","[79238.4]","[0.00204468]","[1]","[13]","[1]","[0]","[299.298]","[0.00591002]","[0.938652]",205823,1.41103,1,"[294173]","[1.48493]","[-1.70646]","[683814]","[0.998124]","[4]","[0]","[-0.31512]",0,"[]","[]","[]","[]","[]","[]","[]","[]","[]","[]",1,"[293796]","[1.46633]","[-1.68876]","[671666]","[40330.4]","[0]","[2.00758]","[0.813319]",0,"[]","[]","[]","[]","[]","[]","[]","[]","[]","[]",0,"[1837.86]",2785.14,"[4559.51]","[]","[2410.72]","[]"
1131,284500,12372698,361102,11454.6,11500.5,3.38179e+11,0.596562,1,0.997014,1,1,0.996819,0.97976,1,0,1,0,1,"[0]","[1]","[40222.1]","[-1.15919]","[-1.45773]","[70411]","[0.0676289]","[1]","[13]","[1]","[0]","[3018.91]","[-0.0879233]","[9.00907]",168196,-1.1442,4,"[254220,134304,24538.5,20037.2]","[-1.11821,1.61568,-0.990236,1.92557]","[2.31916,-0.0759036,2.82911,2.6801]","[430958,351342,37908.1,70207.8]","[0.993854,0.998235,0.995851,0.98131]","[0,0,0,0]","[0,0,0,0]","[-0.945812,-0.104632,-0.812646,-0.682994]",0,"[]","[]","[]","[]","[]","[]","[]","[]","[]","[]",1,"[261544]","[-1.12946]","[2.31976]","[447341]","[20432.8]","[0]","[1.74829]","[0.653169]",0,"[]","[]","[]","[]","[]","[]","[]","[]","[]","[]",0,"[139.042]",7125.11,"[4058.19,4525.42,1999.87,1127.44]","[]","[2798.75]","[]"
1132,284500,12421005,361102,11453.5,11500.5,3.38179e+11,1.08735,1,0.998731,1,1,0.998927,0.997022,1,0,1,0,1,"[0]","[1]","[35381.6]","[1.42673]","[1.07649]","[77930.5]","[0.200844]","[1]","[13]","[1]","[0]","[-283.279]","[0.0266117]","[2.6809]",369104,1.17813,1,"[397274]","[0.586579]","[-1.97409]","[471579]","[0.993997]","[0]","[0]","[-0.525784]",0,"[]","[]","[]","[]","[]","[]","[]","[]","[]","[]",1,"[388903]","[0.563125]","[-1.98011]","[456635]","[63395.2]","[0]","[1.43291]","[0.799653]",0,"[]","[]","[]","[]","[]","[]","[]","[]","[]","[]",0,"[92.6048]",1350.91,"[4390.68]","[]","[7958.47]","[]"
1133,284500,12359915,361102,11452.8,11500.5,3.38179e+11,3.34815,0.95684,1,1,1,0.997159,0.96497,1,1,0,0,1,"[0]","[1]","[34014.4]","[-1.12818]","[-0.993381]","[58056.4]","[0.1204]","[1]","[11]","[1]","[0]","[1513.6]","[-0.0285169]","[1.12015]",277539,-0.743974,4,"[288473,117383,87728.9,20385.5]","[-0.991811,-0.527393,-2.43057,-2.02451]","[1.90288,2.70518,-1.78143,-1.46996]","[442728,134661,502570,78558.3]","[0.997391,0.991166,0.999021,0.993288]","[0,0,0,0]","[0,0,0,0]","[-0.759245,-0.924673,-0.759014,-0.928823]",0,"[]","[]","[]","[]","[]","[]","[]","[]","[]","[]",1,"[356174]","[-0.922317]","[2.13299]","[544664]","[166109]","[0]","[0.524402]","[0.789532]",0,"[]","[]","[]","[]","[]","[]","[]","[]","[]","[]",0,"[40.9281]",24977.8,"[21416.3,2224.41,7908.66,4029.08]","[]","[6629.91]","[]"
1134,284500,12343836,361102,11456.2,11500.5,3.38179e+11,0.934886,0.96445,1,1,1,0.995553,1.00001,1,1,0,0,1,"[0]","[1]","[47036]","[-1.8365]","[1.94751]","[151312]","[0.144925]","[1]","[11]","[1]","[1004.54]","[-94.2674]","[-0.0042371]","[0.211943]",174414,2.58176,4,"[334110,199670,24772.4,23493.8]","[-0.469901,1.36163,2.2341,-1.42058]","[-1.50844,0.958309,1.08497,0.879902]","[371744,415629,117103,51535.3]","[0.997061,1,0.995598,0.983057]","[0,0,0,0]","[0,0,0,0]","[-0.912049,-0.856306,-0.806329,-0.374852]",0,"[]","[]","[]","[]","[]","[]","[]","[]","[]","[]",1,"[339793]","[-0.474038]","[-1.50838]","[378795]","[8853.49]","[0]","[0]","[-1]",0,"[]","[]","[]","[]","[]","[]","[]","[]","[]","[]",0,"[343.362]",3171.58,"[4038.93,4614.8,1989.46,1797.7]","[]","[31140.4]","[]"
1135,284500,12348531,361102,11457.5,11500.5,3.38179e+11,0.351687,0.95613,1,1,1,0.999416,0.99107,1,1,0,0,1,"[0]","[1]","[42511.3]","[-1.94367]","[-2.7961]","[151501]","[-1.26469]","[1]","[11]","[1]","[0]","[3525.42]","[0.00376949]","[0.253573]",257267,-2.98549,1,"[292798]","[-0.812166]","[0.158273]","[397996]","[1]","[0]","[0]","[-0.768413]",0,"[]","[]","[]","[]","[]","[]","[]","[]","[]","[]",1,"[276743]","[-0.834567]","[0.144867]","[381375]","[43865]","[0]","[1.43195]","[0.79389]",0,"[]","[]","[]","[]","[]","[]","[]","[]","[]","[]",0,"[87.9264]",3161.64,"[4672.42]","[]","[12608.5]","[]"
1136,284500,12383173,361102,11455.2,11500.5,3.38179e+11,1.08735,0.98413,1,1,1,0.998133,0.99866,1,1,0,0,1,"[0]","[1]","[146596]","[-0.830601]","[-0.673531]","[200138]","[0.0334555]","[1]","[11]","[1]","[0]","[2078.55]","[-0.00150877]","[0.134729]",155784,-0.48182,2,"[261683,45786.1]","[1.70788,2.41888]","[2.70867,1.71006]","[746334,259364]","[0.991138,0.230149]","[0,0]","[0,0]","[-0.877289,-0.816388]",0,"[]","[]","[]","[]","[]","[]","[]","[]","[]","[]",1,"[259841]","[1.7151]","[2.71199]","[746427]","[39541.3]","[0]","[1.9355]","[0.636808]",0,"[]","[]","[]","[]","[]","[]","[]","[]","[]","[]",0,"[1137.02]",1491.34,"[5384.69,3625.25]","[]","[21584.1]","[]"
1137,284500,12575586,361102,11461.2,11500.5,3.38179e+11,1.74563,0.97429,1,1,1,0.999457,0.98653,1,1,0,0,1,"[0]","[1]","[52483.6]","[0.263683]","[1.789]","[54318.8]","[-0.00154114]","[1]","[11]","[1]","[0]","[-10.9517]","[-0.0143184]","[1.76458]",216451,1.81645,1,"[273013]","[0.221642]","[-1.36419]","[280433]","[0.995503]","[0]","[0]","[-0.914163]",0,"[]","[]","[]","[]","[]","[]","[]","[]","[]","[]",1,"[276592]","[0.229748]","[-1.3634]","[284478]","[17755.3]","[0]","[2.81166]","[0.631678]",0,"[]","[]","[]","[]","[]","[]","[]","[]","[]","[]",0,"[473.898]",2316.23,"[4065.36]","[]","[13075.8]","[]"
1138,284500,12494194,361102,11466.7,11500.5,3.38179e+11,0.934886,1,0.993432,1,1,0.989116,0.942752,1,0,1,0,1,"[0]","[1]","[187069]","[0.226383]","[0.0804613]","[191883]","[0.170265]","[1]","[13]","[1]","[0]","[133.305]","[-0.0770283]","[15.55]",258544,0.315876,1,"[432258]","[-1.57425]","[-2.99038]","[1.09126e+06]","[1]","[4]","[0]","[0.023953]",0,"[]","[]","[]","[]","[]","[]","[]","[]","[]","[]",1,"[394364]","[-1.5686]","[-2.98765]","[990099]","[71203.5]","[0]","[1.16644]","[0.834347]",0,"[]","[]","[]","[]","[]","[]","[]","[]","[]","[]",0,"[2454.75]",1414.92,"[5387.62]","[]","[15861]","[]"
1139,284500,12490614,361102,11445.6,11500.5,3.38179e+11,1.74563,0.98458,1,1,1,0.997782,1.00582,1,1,0,0,1,"[0]","[1]","[109227]","[-0.288871]","[2.15161]","[113816]","[0.00113678]","[1]","[11]","[1]","[1090.41]","[247.162]","[0.00241894]","[0.217777]",185220,2.23301,3,"[286376,53487.8,23873.3]","[-0.399465,-0.767577,1.64904]","[-0.748099,-1.75864,2.31713]","[310140,70677.6,64475.8]","[0.989181,0.987296,0.922212]","[0,0,0]","[0,0,0]","[-0.878212,-0.935609,-0.681683]",0,"[]","[]","[]","[]","[]","[]","[]","[]","[]","[]",1,"[301578]","[-0.421656]","[-0.839722]","[341039]","[90591]","[0]","[1.13382]","[0.488026]",0,"[]","[]","[]","[]","[]","[]","[]","[]","[]","[]",0,"[409.073]",569.281,"[8795.81,2126.09,2340.24]","[]","[22282.1]","[]"
1140,284500,12586626,361102,11458.6,11500.5,3.38179e+11,0.596562,0.9823,1,1,1,1.19122,1.00632,1,1,0,0,1,"[0]","[1]","[105609]","[0.427026]","[2.93509]","[115385]","[-0.00450897]","[1]","[11]","[1]","[0]","[270.907]","[0.00348965]","[0.464266]",252286,2.88543,2,"[364176,27402.5]","[1.95344,0.127513]","[-0.115033,-1.53755]","[1.31027e+06,28039.2]","[1,0.99795]","[0,0]","[0,0]","[0.844881,-0.887005]",0,"[]","[]","[]","[]","[]","[]","[]","[]","[]","[]",1,"[360528]","[1.94642]","[-0.115268]","[1.28842e+06]","[22482.7]","[0]","[3.02469]","[0.72957]",0,"[]","[]","[]","[]","[]","[]","[]","[]","[]","[]",0,"[349.359]",31393,"[19345,3825.66]","[]","[2454.5]","[]"
1141,284500,12690664,361102,11456.7,11500.5,3.38179e+11,1.08735,1,0.995421,1,1,0.99928,0.981429,1,0,1,0,1,"[0]","[1]","[50727.8]","[-0.601425]","[-2.59165]","[60182.2]","[-0.128267]","[1]","[13]","[1]","[0]","[-326.807]","[-0.0773533]","[14.2796]",187781,-2.56899,1,"[227545]","[-1.07614]","[0.529766]","[372716]","[0.98012]","[0]","[0]","[-0.922732]",0,"[]","[]","[]","[]","[]","[]","[]","[]","[]","[]",1,"[250511]","[-1.07085]","[0.527645]","[408512]","[9329.28]","[0]","[2.40511]","[0.54164]",0,"[]","[]","[]","[]","[]","[]","[]","[]","[]","[]",0,"[364.086]",16763.3,"[17041]","[]","[0]","[]"
1142,284500,12700431,361102,11455.8,11500.5,3.38179e+11,0.596562,0.96709,1,1,1,0.998897,1.00936,1,1,0,0,1,"[0]","[1]","[127160]","[0.0677174]","[1.50018]","[127452]","[0.0164223]","[1]","[11]","[1]","[0]","[3415.39]","[0.0650141]","[11.1323]",190114,1.39854,1,"[319599]","[-1.73529]","[-1.71155]","[934688]","[0.996896]","[0]","[0]","[-0.88595]",0,"[]","[]","[]","[]","[]","[]","[]","[]","[]","[]",1,"[307598]","[-1.73073]","[-1.71047]","[895862]","[28604.6]","[0]","[2.58937]","[0.127018]",0,"[]","[]","[]","[]","[]","[]","[]","[]","[]","[]",0,"[3736.26]",481.344,"[4695.2]","[]","[30805.6]","[]"
1143,284500,12588874,361102,11469.8,11500.5,3.38179e+11,1.08735,0.97199,1,1,1,0.987267,0.98736,1,1,0,0,1,"[0]","[1]","[41043.4]","[0.273706]","[0.473611]","[42590.4]","[-0.0478783]","[1]","[11]","[1]","[0]","[1321.71]","[-0.0669941]","[6.53684]",318074,0.313137,1,"[361380]","[0.707322]","[-2.82608]","[456047]","[0.995347]","[4]","[0]","[0.0161745]",0,"[]","[]","[]","[]","[]","[]","[]","[]","[]","[]",1,"[347680]","[0.725439]","[-2.82321]","[443425]","[12508.8]","[0]","[4.05368]","[0.427663]",0,"[]","[]","[]","[]","[]","[]","[]","[]","[]","[]",0,"[490.696]",4454.47,"[5614.73]","[]","[23281.5]","[]"
1144,284500,12587901,361102,11463.6,11500.5,3.38179e+11,1.08735,1,0.995272,1,1,0.998991,1.00721,1,0,1,0,1,"[0]","[1]","[56902.5]","[0.371324]","[-0.657574]","[60870.8]","[0.0223637]","[1]","[13]","[1]","[0]","[-278.324]","[-0.0423982]","[7.58758]",210968,-0.847836,2,"[281215,21548.7]","[0.544817,-1.06905]","[2.32036,-2.95278]","[325844,35263.8]","[0.997263,0.989999]","[0,0]","[0,0]","[-0.828876,-0.803206]",0,"[]","[]","[]","[]","[]","[]","[]","[]","[]","[]",1,"[262095]","[0.548536]","[2.30984]","[303518]","[24539.2]","[0]","[1.94941]","[0.584889]",0,"[]","[]","[]","[]","[]","[]","[]","[]","[]","[]",0,"[357.901]",21010.1,"[7117.96,1669.5]","[]","[11366.5]","[]"
1145,284500,12663610,361102,11454.4,11500.5,3.38179e+11,1.55465,1.00588,1,1,1,0.996099,1.00306,1,1,0,0,1,"[0]","[1]","[241395]","[1.00806]","[-1.27301]","[374791]","[0.000971794]","[1]","[11]","[1]","[0]","[-505.413]","[-0.0195942]","[0.378613]",140058,-1.27172,7,"[400809,140560,119563,118610,60088.2,46803.9,25590.1]","[-0.161017,0.134626,-1.74247,0.668023,2.46282,-1.99508,-0.581304]","[1.87286,-0.329064,-2.65714,0.819594,2.60227,-1.87588,2.3325]","[406619,143104,353116,146792,355390,175482,30272.2]","[1,0.985991,0.989603,1,0.992631,0.996865,0.997104]","[0,0,0,0,0,0,0]","[0,0,0,0,0,0,0]","[-0.97475,-0.679712,-0.923578,-0.918981,-0.686528,-0.928946,-0.858928]",0,"[]","[]","[]","[]","[]","[]","[]","[]","[]","[]",2,"[405700,265517]","[-0.168143,1.0079]","[1.87359,-1.26951]","[411904,412194]","[19368,0]","[0,1]","[2.07228,0]","[0.329417,-1]",0,"[]","[]","[]","[]","[]","[]","[]","[]","[]","[]",0,"[3250.63]",13670,"[13981.1,2238.23,2985.64,4593.88,6160.9,2300.84,4099.38]","[]","[10307.2,3797.36]","[]"
1146,284500,12808055,361102,11448.8,11500.5,3.38179e+11,1.08735,1,0.998865,1,1,0.987314,0.99823,1,0,1,0,1,"[0]","[1]","[69055.4]","[0.925448]","[3.11017]","[100799]","[-0.0723553]","[1]","[13]","[1]","[0]","[189.639]","[-0.0244894]","[3.62531]",243335,2.81633,3,"[335173,137497,61034.6]","[-0.0112493,-0.918837,2.40232]","[0.177651,-1.25509,-2.64]","[335691,200169,339954]","[0.992603,0.986803,0.108881]","[0,5,4]","[0,0,0]","[-0.967728,0.971578,-0.774161]",0,"[]","[]","[]","[]","[]","[]","[]","[]","[]","[]",1,"[332320]","[-0.0235989]","[0.176026]","[332734]","[14627.8]","[0]","[1.74773]","[-1]",0,"[]","[]","[]","[]","[]","[]","[]","[]","[]","[]",0,"[186.04]",9687.31,"[5402.46,3434.14,1586.64]","[]","[3695.09]","[]"
1147,284500,12826833,361102,11454.4,11500.5,3.38179e+11,1.24168,0.97577,1,1,1,0.987212,1.00531,1,1,0,0,1,"[0]","[1]","[72872.9]","[-0.0148807]","[-2.53826]","[72880.9]","[-0.0207443]","[1]","[11]","[1]","[0]","[-161.108]","[0.053401]","[5.05197]",344463,-2.55703,3,"[396252,174881,21531.5]","[1.22376,-1.95919,0.572543]","[1.03075,-0.796677,0.928677]","[732278,632916,25408]","[0.936127,0.993404,0.79211]","[0,4,0]","[0,0,0]","[-0.810354,0.760151,-0.762117]",0,"[]","[]","[]","[]","[]","[]","[]","[]","[]","[]",1,"[411035]","[1.21208]","[1.03221]","[752186]","[24257.8]","[0]","[3.11014]","[0.43027]",0,"[]","[]","[]","[]","[]","[]","[]","[]","[]","[]",0,"[355.375]",17383.1,"[21079.7,9876.89,1681.08]","[]","[7355.38]","[]"
1148,284500,12825539,361102,11451.5,11500.5,3.38179e+11,1.55465,1,0.997269,1,1,0.999388,0.868668,1,0,1,0,1,"[0]","[1]","[51849.9]","[-2.35202]","[-1.36612]","[274855]","[0.0991459]","[1]","[13]","[1]","[0]","[-157.518]","[0.0300345]","[3.63307]",239791,-1.77753,1,"[283293]","[-1.14512]","[1.31615]","[490517]","[0.995427]","[0]","[0]","[-0.802713]",0,"[]","[]","[]","[]","[]","[]","[]","[]","[]","[]",1,"[284304]","[-1.15452]","[1.31775]","[496076]","[16963.5]","[0]","[2.5331]","[0.653293]",0,"[]","[]","[]","[]","[]","[]","[]","[]","[]","[]",0,"[673.465]",3944.17,"[5134.01]","[]","[883.125]","[]"
1149,284500,12761253,361102,11451.7,11500.5,3.38179e+11,0.596562,1,0.998917,1,1,1.0599,0.980677,1,0,1,0,1,"[0]","[1]","[202395]","[-1.2105]","[-2.42507]","[369698]","[-0.0727216]","[1]","[13]","[1]","[0]","[-435.296]","[-0.0317016]","[6.0347]",248384,-2.39861,2,"[465861,21693.6]","[-1.53781,-2.16071]","[0.767902,-1.44979]","[1.13483e+06,95378.6]","[0.999824,1]","[5,0]","[0,0]","[0.687714,-0.588032]",0,"[]","[]","[]","[]","[]","[]","[]","[]","[]","[]",1,"[480449]","[-1.54064]","[0.768529]","[1.17341e+06]","[40083.8]","[0]","[2.41615]","[0.675534]",0,"[]","[]","[]","[]","[]","[]","[]","[]","[]","[]",0,"[4702.77]",16476.1,"[18964.9,3269.99]","[]","[18942.3]","[]"
1150,284500,12761833,361102,11451.7,11500.5,3.38179e+11,1.74563,0.97577,1,1,1,0.988727,1.00531,1,1,0,0,1,"[0]","[1]","[60944.3]","[-0.100226]","[2.33236]","[61250.6]","[0.0843124]","[1]","[11]","[1]","[0]","[-382.765]","[0.170661]","[27.0008]",177582,2.52158,1,"[265690]","[-0.799631]","[-0.56491]","[355694]","[0.991867]","[4]","[0]","[-0.637948]",0,"[]","[]","[]","[]","[]","[]","[]","[]","[]","[]",1,"[264333]","[-0.773253]","[-0.561024]","[347681]","[14570.5]","[0]","[2.22116]","[0.612245]",0,"[]","[]","[]","[]","[]","[]","[]","[]","[]","[]",0,"[136.097]",948.469,"[9705.9]","[]","[0]","[]"
1151,284500,12938243,361102,11452.6,11500.5,3.38179e+11,0.402058,1,1.0004,1,1,0.989722,1.0102,1,0,1,0,1,"[0]","[1]","[258793]","[1.21562]","[2.76691]","[474745]","[-0.0052681]","[1]","[13]","[1]","[0]","[-201.02]","[-0.025237]","[5.28796]",46668.1,-2.86059,2,"[263683,42071]","[1.70018,-0.432892]","[-0.308422,1.13007]","[746185,46952.5]","[0.989062,0.969761]","[4,0]","[0,0]","[-0.611743,-0.863774]",0,"[]","[]","[]","[]","[]","[]","[]","[]","[]","[]",1,"[268666]","[1.70223]","[-0.310752]","[761677]","[18286.8]","[0]","[2.08978]","[0.604844]",0,"[]","[]","[]","[]","[]","[]","[]","[]","[]","[]",0,"[9477.3]",14262,"[3444.34,2892]","[]","[11899.2]","[]"
1152,284500,12767919,361102,11438.6,11500.5,3.38179e+11,0.934886,0.97076,1,1,1,0.995706,0.95972,1,1,0,0,1,"[0]","[1]","[57754.9]","[-1.08177]","[-1.23194]","[94974.5]","[-0.0248184]","[1]","[11]","[1]","[0]","[-461.605]","[-0.00856052]","[0.998963]",285614,-1.52559,4,"[340986,61157.6,26724.7,20273]","[-1.18191,-2.46547,-1.44883,-2.40536]","[1.90135,-0.174034,1.40826,-0.699764]","[608906,362600,60280.2,113284]","[0.992532,0.992887,0.670435,0.99]","[0,0,0,0]","[0,0,0,0]","[-0.932724,-0.815696,-0.858637,-0.51299]",0,"[]","[]","[]","[]","[]","[]","[]","[]","[]","[]",1,"[319145]","[-1.14465]","[1.90616]","[552165]","[10193.5]","[0]","[4.08504]","[0.692219]",0,"[]","[]","[]","[]","[]","[]","[]","[]","[]","[]",0,"[156.7]",6447.34,"[5066.44,3174.55,2530.98,1240.89]","[]","[5852.97]","[]"
1153,284500,11040994,361102,11457.5,11500.5,3.38179e+11,0.934886,1,0.995372,1,1,0.997688,0.708049,1,0,1,0,1,"[0]","[1]","[33243.4]","[-0.78781]","[-1.62101]","[44104.5]","[-0.049881]","[1]","[13]","[1]","[0]","[-353.054]","[-0.0294377]","[3.5896]",296802,-2.14534,5,"[175975,109045,57572.9,42220,33087.9]","[-0.12142,0.21493,-1.08006,-0.834985,-1.4706]","[1.32319,0.948895,0.333106,1.61254,-1.44932]","[177535,111981,94729.9,58219.9,75946.7]","[0.623929,0.993546,0.994978,0.99,0.984328]","[0,0,0,0,0]","[0,0,0,0,0]","[-0.988208,-0.55441,-0.949164,-0.753212,-0.940945]",0,"[]","[]","[]","[]","[]","[]","[]","[]","[]","[]",1,"[273365]","[-0.0554155]","[1.2405]","[309897]","[145182]","[0]","[1.67126]","[0.248044]",0,"[]","[]","[]","[]","[]","[]","[]","[]","[]","[]",0,"[122.754]",27624.3,"[10194.6,5971.34,11666.9,2126.75,4731.56]","[]","[8377.75]","[]"
1154,284500,11097565,361102,11468.8,11500.5,3.38179e+11,0.934886,0.96654,1,1,1,0.998356,0.99197,1,1,0,0,1,"[0]","[1]","[32150.5]","[-0.338738]","[0.234255]","[34012.7]","[0.0058403]","[1]","[11]","[1]","[0]","[48.0742]","[0.0301712]","[2.53752]",297182,-0.0526196,2,"[269653,38257.1]","[0.650341,-2.0887]","[-3.12629,2.95034]","[329354,156926]","[0.99986,1]","[0,0]","[0,0]","[-0.944502,-0.839397]",0,"[]","[]","[]","[]","[]","[]","[]","[]","[]","[]",1,"[286847]","[0.638201]","[-3.13226]","[348031]","[22948.2]","[0]","[1.86984]","[0.55949]",0,"[]","[]","[]","[]","[]","[]","[]","[]","[]","[]",0,"[108.471]",6973.06,"[5527.76,2401.98]","[]","[8060.72]","[]"
1155,284500,12937613,361102,11459.3,11500.5,3.38179e+11,1.26205,1,1.00245,1,1,0.997733,0.931835,1,0,1,0,1,"[0]","[1]","[121743]","[1.21215]","[-2.73668]","[222684]","[-0.0314674]","[1]","[13]","[1]","[0]","[-269.978]","[0.000845873]","[0.156981]",92175.3,-2.41485,2,"[262868,24524.7]","[0.347772,-1.82158]","[0.395084,-0.553993]","[279905,77885.6]","[0.997543,0.992107]","[0,0]","[0,0]","[0.326341,-0.872891]",0,"[]","[]","[]","[]","[]","[]","[]","[]","[]","[]",1,"[265394]","[0.356345]","[0.391889]","[283388]","[23372.9]","[0]","[2.09347]","[0.653129]",0,"[]","[]","[]","[]","[]","[]","[]","[]","[]","[]",0,"[4763.01]",1918.63,"[7236.16,3094.51]","[]","[2715.06]","[]"
1156,284500,12946015,361102,11459.9,11500.5,3.38179e+11,0.934886,0.97949,1,1,1,0.999112,0.99672,1,1,0,0,1,"[0]","[1]","[67474.3]","[1.06092]","[-2.43927]","[109145]","[-0.128418]","[1]","[11]","[1]","[0]","[844.21]","[-0.0219355]","[2.14338]",295636,-1.96661,1,"[350344]","[-0.159565]","[1.09719]","[355336]","[0.991435]","[0]","[0]","[-0.637238]",0,"[]","[]","[]","[]","[]","[]","[]","[]","[]","[]",1,"[347732]","[-0.133613]","[1.10043]","[350993]","[10351.9]","[0]","[0]","[-1]",0,"[]","[]","[]","[]","[]","[]","[]","[]","[]","[]",0,"[322.339]",5122.91,"[6326.69]","[]","[8596.41]","[]"
1157,284500,11752927,361102,11449.4,11500.5,3.38179e+11,0.75088,0.9666,1,1,1,0.999338,0.95498,1,1,0,0,1,"[0]","[1]","[59804]","[-0.755987]","[1.05328]","[77723]","[0.103237]","[1]","[11]","[1]","[0]","[3250.73]","[0.00825811]","[0.974199]",315607,0.843185,2,"[326362,56756.6]","[-0.0143586,0.695286]","[-2.35246,-1.77203]","[326607,71651.5]","[0.853071,0.998664]","[0,0]","[0,0]","[-0.384404,-0.951924]",0,"[]","[]","[]","[]","[]","[]","[]","[]","[]","[]",1,"[342443]","[0.0324887]","[-2.29622]","[375096]","[152663]","[0]","[1.217]","[0.762498]",0,"[]","[]","[]","[]","[]","[]","[]","[]","[]","[]",0,"[103.13]",3306.31,"[7850.74,4767.86]","[]","[11005.6]","[]"
1158,284500,11831449,361102,11455.3,11500.5,3.38179e+11,1.08735,0.95884,1,1,1,0.985441,0.94761,1,1,0,0,1,"[0]","[1]","[35359.4]","[-0.634958]","[0.542115]","[42730.1]","[0.00961161]","[1]","[11]","[1]","[0]","[886.259]","[-7.31415e-05]","[0.00848085]",386627,0.261531,3,"[391928,32880.5,28930]","[0.882091,0.654202,-2.41263]","[-3.04235,-1.5966,-1.86414]","[554976,40578.6,162829]","[0.997191,1,0.967992]","[4,0,0]","[0,0,0]","[-0.587951,-0.801798,-0.631929]",0,"[]","[]","[]","[]","[]","[]","[]","[]","[]","[]",1,"[363776]","[0.885056]","[-3.04208]","[516100]","[17597.5]","[0]","[2.53765]","[0.170381]",0,"[]","[]","[]","[]","[]","[]","[]","[]","[]","[]",0,"[27.0798]",16.0938,"[5824.85,3977.47,6380.01]","[]","[30929.3]","[]"
1159,284500,11827908,361102,11458,11500.5,3.38179e+11,0.596562,0.97245,1,1,1,0.926114,0.99544,1,1,0,0,1,"[0]","[1]","[95891.5]","[1.18007]","[-2.3464]","[170776]","[-0.0382843]","[1]","[11]","[1]","[0]","[1715.15]","[0.00204526]","[0.226377]",216041,-2.26905,2,"[332027,26917.8]","[-0.759424,-2.39487]","[0.809132,1.99233]","[433348,148911]","[1,1]","[0,4]","[0,0]","[-0.686631,0.881486]",0,"[]","[]","[]","[]","[]","[]","[]","[]","[]","[]",1,"[342154]","[-0.739546]","[0.792287]","[441410]","[34442.8]","[0]","[2.73684]","[0.622395]",0,"[]","[]","[]","[]","[]","[]","[]","[]","[]","[]",0,"[1063.3]",1874.25,"[4819.37,3075.44]","[]","[5875.56]","[]"
1160,284500,11153237,361102,11459.9,11500.5,3.38179e+11,0.934886,1.00588,1,1,1,0.997815,1.00306,1,1,0,0,1,"[0]","[1]","[343812]","[0.875739]","[2.33765]","[484294]","[-0.000144958]","[1]","[11]","[1]","[0]","[1270.41]","[-0.0180609]","[3.14906]",79048.2,2.40947,3,"[514233,77463.7,22496.8]","[-0.69611,-0.742905,0.898859]","[-0.765791,2.19167,1.36267]","[646226,100228,32528.7]","[0.995884,0.998763,0.984813]","[0,0,0]","[0,0,0]","[-0.10663,-0.583354,-0.0953335]",0,"[]","[]","[]","[]","[]","[]","[]","[]","[]","[]",2,"[472774,402354]","[-0.738345,0.837726]","[-0.766378,2.33319]","[609029,552015]","[41638.6,5336.7]","[0,1]","[2.61551,23.9056]","[0.266017,0.412682]",0,"[]","[]","[]","[]","[]","[]","[]","[]","[]","[]",0,"[4624.35]",5932.32,"[8016.96,2795.78,1651.26]","[]","[26551.5,3715.09]","[]"
1161,284500,11875565,361102,11452.5,11500.5,3.38179e+11,0.00220911,0.9724,1,1,1,1.00896,0.96574,1,1,0,0,1,"[0]","[1]","[55485.6]","[1.09095]","[-0.415617]","[91911.8]","[-0.00667191]","[1]","[11]","[1]","[0]","[-165.143]","[0.0561161]","[5.49075]",263508,-0.383184,4,"[396089,203916,177188,20637]","[0.435426,1.05383,-2.40724,0.620794]","[1.69876,-2.21235,-2.70665,1.09528]","[434490,329288,992128,24936.9]","[0.986934,0.996069,0.990054,0.908773]","[0,0,0,4]","[0,0,0,0]","[-0.310736,-0.932854,-0.883022,0.382811]",0,"[]","[]","[]","[]","[]","[]","[]","[]","[]","[]",1,"[394478]","[0.461691]","[1.69826]","[437366]","[9021.12]","[0]","[2.18914]","[-1]",0,"[]","[]","[]","[]","[]","[]","[]","[]","[]","[]",0,"[271.721]",32134.4,"[9991.62,3049.96,9404.48,2200.98]","[]","[24792.2]","[]"
1162,284500,12863951,361102,11464,11500.5,3.38179e+11,0.596562,1,0.995111,1,1,0.982251,0.997038,1,0,1,0,1,"[0]","[1]","[52805.2]","[2.37947]","[0.63658]","[287573]","[-0.0575027]","[1]","[13]","[1]","[0]","[107.7]","[-0.027753]","[3.3587]",129860,0.0722783,3,"[243595,105166,21107.1]","[1.82944,-1.04647,-0.466855]","[3.12198,-0.710277,3.02402]","[779092,168819,23875.7]","[0.993278,0.992468,0.64598]","[0,4,0]","[0,0,0]","[-0.811545,-0.30372,-0.0257993]",0,"[]","[]","[]","[]","[]","[]","[]","[]","[]","[]",1,"[250142]","[1.81885]","[3.13153]","[792249]","[38303.7]","[0]","[1.94613]","[0.803093]",0,"[]","[]","[]","[]","[]","[]","[]","[]","[]","[]",0,"[1285.89]",15011.3,"[5062.59,2686.48,187.776]","[]","[0]","[]"
1163,284500,12865504,361102,11455.4,11500.5,3.38179e+11,1.74563,0.97166,1,1,1,0.999232,1.0005,1,1,0,0,1,"[0]","[1]","[84841]","[2.36764]","[0.882304]","[456695]","[0.103653]","[-1]","[11]","[1]","[1232.79]","[2186.48]","[0.00014082]","[0.0113981]",222726,1.05798,2,"[343208,73607.9]","[0.575745,0.548577]","[-1.91189,2.27345]","[401894,85383.4]","[0.996157,0.99]","[0,0]","[0,0]","[-0.847601,-0.970674]",0,"[]","[]","[]","[]","[]","[]","[]","[]","[]","[]",1,"[372417]","[0.50962]","[-1.96293]","[431536]","[90993.5]","[0]","[1.87207]","[0.520093]",0,"[]","[]","[]","[]","[]","[]","[]","[]","[]","[]",0,"[547.905]",4160.64,"[5845.2,2156.09]","[]","[8292.81]","[]"
1164,284500,12919641,361102,11469.2,11500.5,3.38179e+11,0.934886,1,0.995737,1,1,0.999328,0.950844,1,0,1,0,1,"[0]","[1]","[141837]","[-0.365103]","[0.171394]","[151396]","[0.0550117]","[1]","[13]","[1]","[0]","[-196.513]","[-0.0104663]","[2.06587]",192234,0.253513,1,"[320311]","[0.522263]","[-2.94857]","[367073]","[0.998823]","[0]","[0]","[-0.895025]",0,"[]","[]","[]","[]","[]","[]","[]","[]","[]","[]",1,"[328101]","[0.523855]","[-2.94819]","[375774]","[34791.4]","[0]","[1.42726]","[0.730377]",0,"[]","[]","[]","[]","[]","[]","[]","[]","[]","[]",0,"[6059.24]",16921.9,"[4109.39]","[]","[492.562]","[]"
1165,284500,12770371,361102,11451.4,11500.5,3.38179e+11,0.351687,1,0.998593,1,1,0.998264,0.955365,1,0,1,0,1,"[0]","[1]","[61308.8]","[-1.38678]","[1.97974]","[130338]","[0.0194702]","[1]","[13]","[1]","[0]","[-345.156]","[-0.0243449]","[3.20587]",270191,2.59034,1,"[20085.6]","[2.06123]","[2.69795]","[80266.4]","[0.986664]","[0]","[0]","[-0.920954]",0,"[]","[]","[]","[]","[]","[]","[]","[]","[]","[]",1,"[315223]","[0.319541]","[-0.652244]","[331967]","[18462.8]","[0]","[3.04308]","[-1]",0,"[]","[]","[]","[]","[]","[]","[]","[]","[]","[]",0,"[524.624]",4623.5,"[1112.75]","[]","[20503.6]","[]"
1166,284500,2830911,361102,11464.1,11500.5,3.38179e+11,1.25133,1,0.996458,1,1,0.998858,0.883412,1,0,1,0,1,"[0]","[1]","[197432]","[0.933989]","[-0.770849]","[289990]","[0.0375366]","[1]","[13]","[1]","[0]","[2521.96]","[-0.0319385]","[5.46949]",141231,-0.429753,2,"[305598,21502.6]","[0.994247,1.07594]","[2.53422,1.9499]","[473830,35362.8]","[0.997955,0.980628]","[0,0]","[0,0]","[-0.88888,-0.88434]",0,"[]","[]","[]","[]","[]","[]","[]","[]","[]","[]",1,"[293020]","[1.0067]","[2.54814]","[458430]","[60112]","[0]","[1.4115]","[0.725662]",0,"[]","[]","[]","[]","[]","[]","[]","[]","[]","[]",0,"[18757]",15084.5,"[5621.92,1592.89]","[]","[6909.28]","[]"
1167,284500,11875904,361102,11452.5,11500.5,3.38179e+11,0.934886,1,0.987741,1,1,0.99559,0.987469,1,0,1,0,1,"[0]","[1]","[152262]","[-1.95493]","[1.85656]","[548523]","[-0.230556]","[1]","[13]","[1]","[0]","[-291.965]","[0.0066824]","[1.29866]",108110,1.90009,4,"[267127,22836.7,22548.7,20026.2]","[-1.42577,0.403786,2.34039,-2.32777]","[-0.961766,1.16773,-0.408018,-2.57198]","[588493,25141.1,118235,103684]","[0.988205,0.980784,0.996916,0.89285]","[0,0,0,0]","[0,0,0,0]","[-0.380225,-0.727406,-0.738804,-0.40176]",0,"[]","[]","[]","[]","[]","[]","[]","[]","[]","[]",1,"[263897]","[-1.41193]","[-0.952093]","[574519]","[31550.4]","[0]","[2.37153]","[0.705952]",0,"[]","[]","[]","[]","[]","[]","[]","[]","[]","[]",0,"[3009.49]",11728.7,"[13189.2,3335.72,2885.33,2912.73]","[]","[1340]","[]"
1168,284500,12070821,361102,11458.3,11500.5,3.38179e+11,0.506784,0.97062,1,1,1,0.998903,0.98871,1,1,0,0,1,"[0]","[1]","[66245.3]","[-0.636579]","[-1.15582]","[80127.2]","[-0.132454]","[1]","[11]","[1]","[0]","[-678.073]","[-0.054918]","[3.34205]",336491,-1.14931,1,"[402024]","[-0.0808895]","[1.99127]","[403731]","[0.998441]","[0]","[0]","[-0.938483]",0,"[]","[]","[]","[]","[]","[]","[]","[]","[]","[]",1,"[412810]","[-0.0495089]","[1.99236]","[413810]","[20220.2]","[0]","[2.39738]","[0.502798]",0,"[]","[]","[]","[]","[]","[]","[]","[]","[]","[]",0,"[271.228]",2257.75,"[4824.32]","[]","[36166.9]","[]"
1169,284500,730078,361102,11456.6,11500.5,3.38179e+11,0.934886,1,0.986746,1,1,0.998649,1.01884,1,0,1,0,1,"[0]","[1]","[44326.1]","[-1.88437]","[0.201483]","[149249]","[0.120121]","[1]","[13]","[1]","[0]","[-254.141]","[0.0374604]","[3.25341]",164624,0.25266,3,"[202251,61732.9,51470.8]","[-1.58165,-1.10008,2.30472]","[-2.69877,-3.1175,0.592317]","[514256,103868,260528]","[0.993103,0.99558,0.996364]","[0,0,0]","[0,0,0]","[-0.857465,-0.940568,-0.918844]",0,"[]","[]","[]","[]","[]","[]","[]","[]","[]","[]",1,"[262557]","[-1.47941]","[-2.77981]","[612258]","[85468]","[0]","[1.42797]","[0.624852]",0,"[]","[]","[]","[]","[]","[]","[]","[]","[]","[]",0,"[251.027]",17197.2,"[12804.4,5258.04,3885.15]","[]","[17385.8]","[]"
1170,284500,716458,361102,11461.6,11500.5,3.38179e+11,0.402058,0.9823,1,1,1,1.01214,1.00632,1,1,0,0,1,"[0]","[1]","[110056]","[0.40584]","[0.116658]","[119245]","[-0.0536423]","[1]","[11]","[1]","[0]","[-76.0331]","[0.0381186]","[6.1717]",126345,0.211185,3,"[299067,23514,20892.4]","[0.806866,0.163112,0.118203]","[3.0788,-1.23235,-0.56158]","[402327,24161.9,21651.4]","[0.99002,0.980029,0.9825]","[0,0,4]","[0,0,0]","[-0.475086,-0.801545,-0.640646]",0,"[]","[]","[]","[]","[]","[]","[]","[]","[]","[]",1,"[302399]","[0.822752]","[3.08272]","[411655]","[28677.7]","[0]","[3.41301]","[0.574812]",0,"[]","[]","[]","[]","[]","[]","[]","[]","[]","[]",0,"[575.155]",9262.96,"[6533.62,2966.2,3051.38]","[]","[13811.1]","[]"
1171,284500,726662,361102,11459.2,11500.5,3.38179e+11,0.402058,1,0.998525,1,1,0.997338,0.996242,1,0,1,0,1,"[0]","[1]","[45345]","[-2.21045]","[-0.382418]","[209255]","[-0.295448]","[1]","[13]","[1]","[1402.18]","[-309.444]","[-0.056578]","[6.24293]",396749,-0.777602,4,"[419867,88794.7,34242.1,31836.4]","[-0.235575,-0.598856,1.3374,1.18462]","[2.0653,-2.59694,-2.18033,-3.10696]","[432594,105941,70112.3,57251.5]","[0.990854,0.980554,0.984661,0.989814]","[0,0,0,0]","[0,0,0,0]","[-0.99096,-0.867674,-0.865345,-0.859955]",0,"[]","[]","[]","[]","[]","[]","[]","[]","[]","[]",1,"[411751]","[-0.267608]","[2.06675]","[427400]","[26419.7]","[0]","[2.95775]","[0.655827]",0,"[]","[]","[]","[]","[]","[]","[]","[]","[]","[]",0,"[634.198]",8300.78,"[5701.11,11410.3,2142.93,2258.21]","[]","[19150.2]","[]"
1172,284500,11910558,361102,11465.3,11500.5,3.38179e+11,1.24168,0.95098,1,1,1,0.998919,0,1,1,0,0,1,"[0]","[1]","[25253.4]","[0.612389]","[0.302239]","[30138.5]","[0.06425]","[1]","[11]","[1]","[0]","[613.516]","[-0.00126795]","[0.138875]",231504,-0.0617128,2,"[240176,26848.2]","[0.63475,1.08504]","[2.84534,2.76774]","[290544,44484.7]","[0.997879,0.950922]","[0,0]","[0,0]","[-0.827681,0.184643]",0,"[]","[]","[]","[]","[]","[]","[]","[]","[]","[]",1,"[259465]","[0.670378]","[2.84899]","[322720]","[41931.7]","[0]","[3.6399]","[0.381834]",0,"[]","[]","[]","[]","[]","[]","[]","[]","[]","[]",0,"[107.732]",4347.95,"[6060.88,1767.03]","[]","[0]","[]"
1173,284500,13009943,361102,11457.7,11500.5,3.38179e+11,1.32095,1,1,1,1,0.999455,1,1,1,0,0,1,"[0]","[1]","[171071]","[0.476893]","[-2.78103]","[190895]","[-0.0567474]","[1]","[11]","[0]","[0]","[11169.3]","[-0.0246977]","[2.34403]",105340,3.11295,1,"[20977.4]","[0.268597]","[-2.13971]","[22045.5]","[0.81996]","[0]","[0]","[-0.881436]",0,"[]","[]","[]","[]","[]","[]","[]","[]","[]","[]",1,"[285567]","[-1.77688]","[0.276969]","[868809]","[32435.3]","[0]","[1.18507]","[0.604539]",0,"[]","[]","[]","[]","[]","[]","[]","[]","[]","[]",0,"[861.021]",838.641,"[1290.56]","[]","[32.5625]","[]"
1174,284500,12950720,361102,11451.5,11500.5,3.38179e+11,1.24168,0.94707,1,1,1,1.0005,0.94238,1,1,0,0,1,"[0]","[1]","[29931.9]","[-0.814482]","[-0.733804]","[40421.2]","[0.0138025]","[1]","[11]","[1]","[1339.21]","[1642.16]","[0.00241369]","[0.276274]",244857,-1.34342,3,"[258453,32694.4,21931.5]","[-0.568596,0.152105,0.831924]","[1.9097,1.99886,-0.279364]","[302071,33840.8,30302.5]","[0.997882,0.990195,0.995883]","[0,4,0]","[0,0,0]","[-0.846536,0.791465,0.285466]",0,"[]","[]","[]","[]","[]","[]","[]","[]","[]","[]",1,"[272015]","[-0.522114]","[1.91851]","[319435]","[77299]","[0]","[2.5443]","[0.605858]",0,"[]","[]","[]","[]","[]","[]","[]","[]","[]","[]",0,"[695.92]",1149.75,"[2856.85,1732.45,1988.95]","[]","[23301.7]","[]"
1175,284500,13137714,361102,11466.1,11500.5,3.38179e+11,1.74563,1,1.00297,1,1,0.998739,0.994745,1,0,1,0,1,"[0]","[1]","[190632]","[-2.32317]","[2.59027]","[982327]","[-0.130493]","[1]","[13]","[1]","[0]","[534.157]","[-0.0231395]","[4.50478]",85830.6,2.9091,2,"[251694,22656.1]","[-1.27143,0.0432825]","[-0.494422,-0.0999315]","[484697,22913.8]","[0.984317,0.9851]","[0,0]","[0,0]","[-0.919067,-0.79397]",0,"[]","[]","[]","[]","[]","[]","[]","[]","[]","[]",1,"[254749]","[-1.2457]","[-0.496836]","[480022]","[25896.3]","[0]","[1.73565]","[0.704195]",0,"[]","[]","[]","[]","[]","[]","[]","[]","[]","[]",0,"[5788.06]",6396.62,"[7511.84,1664.81]","[]","[25592.4]","[]"
1176,284500,13141169,361102,11464.1,11500.5,3.38179e+11,1.74563,0.97332,1,1,1,0.998027,1,1,1,0,0,1,"[0]","[1]","[70323.4]","[-1.01787]","[-2.47165]","[110009]","[-0.036705]","[1]","[11]","[0]","[0]","[-152.324]","[-0.0636404]","[8.09563]",492560,-2.62751,1,"[555137]","[-0.751305]","[0.534063]","[720951]","[0.989076]","[0]","[0]","[-0.605573]",0,"[]","[]","[]","[]","[]","[]","[]","[]","[]","[]",1,"[551555]","[-0.741693]","[0.535572]","[711604]","[42284.6]","[0]","[1.91862]","[0.698143]",0,"[]","[]","[]","[]","[]","[]","[]","[]","[]","[]",0,"[219.17]",437.375,"[6643.18]","[]","[24291.1]","[]"
1177,284500,12986648,361102,11459.2,11500.5,3.38179e+11,1.55465,0.98536,1,1,1,0.997998,0.9918,1,1,0,0,1,"[0]","[1]","[86302.4]","[-0.740677]","[1.61769]","[111077]","[-0.0244989]","[1]","[11]","[1]","[0]","[-643.647]","[-0.0379414]","[4.29691]",117225,1.11267,4,"[276432,143136,38756.2,31602.4]","[-0.190872,2.07058,-1.38204,-1.1195]","[-0.973366,3.10694,2.80998,2.47255]","[282173,576587,82173.4,53745.6]","[0.998715,1,0.998606,1]","[0,0,0,0]","[0,0,0,0]","[-0.664226,-0.944023,-0.905385,-0.738306]",0,"[]","[]","[]","[]","[]","[]","[]","[]","[]","[]",1,"[276644]","[-0.180736]","[-0.974093]","[283658]","[37453.4]","[0]","[2.85546]","[0.558838]",0,"[]","[]","[]","[]","[]","[]","[]","[]","[]","[]",0,"[485.496]",2357.63,"[5095.76,5756.85,3443.66,6901.77]","[]","[13316]","[]"
1178,284500,13144435,361102,11459.7,11500.5,3.38179e+11,3.34815,1,0.996458,1,1,0.999429,0.9198,1,0,1,0,1,"[0]","[1]","[89817.7]","[0.7774]","[-0.625416]","[118353]","[-0.0499802]","[1]","[13]","[1]","[0]","[-584.76]","[0.0534777]","[7.72158]",201956,-0.934235,1,"[298702]","[-0.281062]","[2.26946]","[311313]","[0.997005]","[0]","[0]","[-0.86698]",0,"[]","[]","[]","[]","[]","[]","[]","[]","[]","[]",1,"[303787]","[-0.235429]","[2.26611]","[312836]","[19234.6]","[0]","[3.07715]","[0.499296]",0,"[]","[]","[]","[]","[]","[]","[]","[]","[]","[]",0,"[1037.1]",589.719,"[3409.13]","[]","[6865.31]","[]"
1179,284500,13057225,361102,11449.3,11500.5,3.38179e+11,0,0.98089,1,1,1,0.998563,0.99866,1,1,0,0,1,"[0]","[1]","[267238]","[-0.869897]","[2.26238]","[374889]","[0.100909]","[1]","[11]","[1]","[0]","[3078.9]","[0.051905]","[6.05519]",259954,-0.863746,1,"[23723.2]","[1.23799]","[-1.54406]","[44538.6]","[0.879569]","[0]","[0]","[-0.542829]",0,"[]","[]","[]","[]","[]","[]","[]","[]","[]","[]",1,"[292997]","[-0.869633]","[2.26472]","[410983]","[5260.17]","[0]","[13.4637]","[0.414748]",0,"[]","[]","[]","[]","[]","[]","[]","[]","[]","[]",0,"[2594.8]",773.234,"[1935.19]","[]","[13216.5]","[]"
1180,284500,13071727,361102,11458.8,11500.5,3.38179e+11,1.08735,0.97245,1,1,1,0.999126,0.99544,1,1,0,0,1,"[0]","[1]","[101955]","[1.28083]","[-1.0095]","[197661]","[-0.122606]","[1]","[11]","[1]","[0]","[-1259.72]","[-0.0621655]","[4.47306]",273099,-1.25485,2,"[318452,51221]","[1.27357,0.580907]","[1.64507,1.91846]","[614344,61042.9]","[1,0.980469]","[0,0]","[0,0]","[-0.923384,-0.848822]",0,"[]","[]","[]","[]","[]","[]","[]","[]","[]","[]",1,"[322605]","[1.26297]","[1.64975]","[616760]","[31253.2]","[0]","[2.03308]","[0.695484]",0,"[]","[]","[]","[]","[]","[]","[]","[]","[]","[]",0,"[884.659]",23583.6,"[5193.47,4598.12]","[]","[18630.1]","[]"
1181,284500,13163955,361102,11449.3,11500.5,3.38179e+11,1.08735,1,0.995858,1,1,0.999289,0.972908,1,0,1,0,1,"[0]","[1]","[130557]","[-0.603959]","[-2.99002]","[155101]","[0.025212]","[1]","[13]","[1]","[0]","[741.843]","[-0.0347789]","[6.54629]",196121,-2.98533,2,"[258153,61219.4]","[0.792731,1.46855]","[0.23681,-0.0862154]","[343990,140061]","[0.99356,0.987118]","[0,0]","[0,0]","[-0.968569,-0.761481]",0,"[]","[]","[]","[]","[]","[]","[]","[]","[]","[]",1,"[317653]","[0.954571]","[0.170749]","[483574]","[97194.9]","[0]","[1.02242]","[0.704771]",0,"[]","[]","[]","[]","[]","[]","[]","[]","[]","[]",0,"[3027.24]",630.156,"[2981.59,2244.21]","[]","[17069.3]","[]"
1182,284500,13181097,361102,11442.5,11500.5,3.38179e+11,1.74563,1,0.999196,1,1,0.997336,1.00501,1,0,1,0,1,"[0]","[1]","[106212]","[1.15878]","[0.425619]","[185865]","[0.056076]","[1]","[13]","[1]","[0]","[-560.967]","[-0.042839]","[8.37422]",156090,-0.153616,3,"[337193,193100,39358.5]","[0.941589,1.84677,2.04501]","[2.72638,-1.27132,1.54888]","[500313,627699,154802]","[1,0.998094,0.994941]","[0,0,0]","[0,0,0]","[0.0433849,-0.892223,-0.867441]",0,"[]","[]","[]","[]","[]","[]","[]","[]","[]","[]",1,"[344978]","[0.957187]","[2.73001]","[517066]","[40803.5]","[0]","[1.49024]","[0.850323]",0,"[]","[]","[]","[]","[]","[]","[]","[]","[]","[]",0,"[5654.47]",11498.8,"[11135.6,5688.62,3023.61]","[]","[9044.72]","[]"
1183,284500,12990159,361102,11455.8,11500.5,3.38179e+11,0.934886,1,0.999095,1,1,0.997746,0.995129,1,0,1,0,1,"[0]","[1]","[65766.9]","[2.06049]","[-2.50912]","[262319]","[-0.22345]","[1]","[13]","[1]","[0]","[72.0825]","[0.0632277]","[7.36221]",196818,-2.33351,2,"[258659,20793.2]","[0.25869,2.09211]","[0.842928,-0.227422]","[269339,85572.6]","[0.985942,0.99318]","[0,0]","[0,0]","[-0.931585,-0.831213]",0,"[]","[]","[]","[]","[]","[]","[]","[]","[]","[]",1,"[254180]","[0.279153]","[0.84957]","[266716]","[36925.8]","[0]","[1.21937]","[0.436339]",0,"[]","[]","[]","[]","[]","[]","[]","[]","[]","[]",0,"[2080.67]",10307.2,"[11309.5,1695.37]","[]","[0]","[]"
1184,284500,13265617,361102,11459.7,11500.5,3.38179e+11,1.74563,1,0.998595,1,1,0.998866,0.988204,1,0,1,0,1,"[0]","[1]","[28535.3]","[2.08893]","[-3.01461]","[116996]","[-0.166889]","[1]","[13]","[1]","[0]","[32.2711]","[0.0241068]","[2.29364]",352500,-3.09022,1,"[395243]","[-0.778794]","[-0.0240391]","[522073]","[0.99]","[0]","[0]","[-0.945622]",0,"[]","[]","[]","[]","[]","[]","[]","[]","[]","[]",1,"[388728]","[-0.796319]","[-0.0155393]","[519357]","[27450.9]","[0]","[3.80284]","[0.467481]",0,"[]","[]","[]","[]","[]","[]","[]","[]","[]","[]",0,"[595.398]",9398.91,"[11539.9]","[]","[8711.69]","[]"
1185,284500,13174891,361102,11449.7,11500.5,3.38179e+11,0.934886,0.96689,1,1,1,0.998558,1.00136,1,1,0,0,1,"[0]","[1]","[56566.7]","[1.56946]","[-0.558771]","[141762]","[0.331703]","[1]","[11]","[1]","[0]","[395.884]","[0.138053]","[11.3391]",401651,-0.38298,2,"[327694,157410]","[-0.842227,-0.144368]","[2.47658,-3.00518]","[451380,159586]","[0.999957,0.992269]","[0,0]","[0,0]","[-0.228345,-0.959468]",0,"[]","[]","[]","[]","[]","[]","[]","[]","[]","[]",1,"[342642]","[-0.809194]","[2.47122]","[461509]","[19940.1]","[0]","[2.22137]","[0.407539]",0,"[]","[]","[]","[]","[]","[]","[]","[]","[]","[]",0,"[371.83]",9834.03,"[6380.11,6079.79]","[]","[5594.12]","[]"
1186,284500,13050181,361102,11462.4,11500.5,3.38179e+11,0.402058,1,0.997785,1,1,0.995312,0.839179,1,0,1,0,1,"[0]","[1]","[124063]","[0.901132]","[-1.6966]","[177938]","[-0.0143776]","[1]","[13]","[1]","[0]","[-339.883]","[-0.00175068]","[0.393986]",509846,-1.63082,3,"[587022,23728.7,22082.4]","[1.09918,-1.08406,1.83826]","[1.52224,1.36264,1.01954]","[978999,39396.5,71264.5]","[0.931343,0.974333,0.994012]","[0,0,0]","[0,0,0]","[-0.726246,-0.83628,-0.876701]",0,"[]","[]","[]","[]","[]","[]","[]","[]","[]","[]",1,"[586810]","[1.11676]","[1.52226]","[992638]","[22639.1]","[0]","[2.97877]","[0.0299863]",0,"[]","[]","[]","[]","[]","[]","[]","[]","[]","[]",0,"[694.591]",13423.5,"[24538.3,9127.86,1927.53]","[]","[25320.5]","[]"
1187,284500,13196168,361102,11458.6,11500.5,3.38179e+11,0.75088,1,0.972118,1,1,0.959008,0.917026,1,0,1,0,1,"[0]","[1]","[32580]","[-0.0991315]","[-3.10572]","[32740.4]","[-0.00977087]","[1]","[13]","[1]","[0]","[-391.775]","[-0.000316366]","[0.0379509]",268376,2.2769,2,"[256994,32588.8]","[0.808123,-1.43232]","[-0.637032,-0.627901]","[345851,72333.7]","[1,0.959302]","[0,5]","[0,0]","[-0.891187,-0.548806]",0,"[]","[]","[]","[]","[]","[]","[]","[]","[]","[]",1,"[263125]","[0.810186]","[-0.636124]","[354404]","[8130.61]","[0]","[3.13528]","[0.209538]",0,"[]","[]","[]","[]","[]","[]","[]","[]","[]","[]",0,"[138.602]",3615.88,"[4733.59,1219]","[]","[9835.19]","[]"
1188,284500,13207656,361102,11463.1,11500.5,3.38179e+11,1.08735,0.96833,1,1,1,0.999401,0.97476,1,1,0,0,1,"[0]","[1]","[48285.1]","[0.730803]","[2.25218]","[61763.2]","[0.0250168]","[1]","[11]","[1]","[0]","[-59.024]","[0.0172861]","[1.26542]",251662,1.95831,1,"[283771]","[1.07673]","[-1.16795]","[465160]","[0.994213]","[0]","[0]","[-0.951135]",0,"[]","[]","[]","[]","[]","[]","[]","[]","[]","[]",1,"[284036]","[1.08587]","[-1.16374]","[468860]","[15472.4]","[0]","[2.28546]","[0.688905]",0,"[]","[]","[]","[]","[]","[]","[]","[]","[]","[]",0,"[64.5151]",7603.89,"[8372.69]","[]","[14799.3]","[]"
1189,284500,13204980,361102,11466.4,11500.5,3.38179e+11,0.402058,1,0.999251,1,1,0.998868,0.829969,1,0,1,0,1,"[0]","[1]","[51497.8]","[0.911971]","[0.89928]","[74439.1]","[-0.00618744]","[1]","[13]","[0]","[0]","[69.2183]","[-0.00855698]","[1.29951]",280456,0.733686,1,"[300891]","[1.8504]","[-2.31898]","[981304]","[0.997621]","[0]","[0]","[-0.619145]",0,"[]","[]","[]","[]","[]","[]","[]","[]","[]","[]",1,"[281694]","[1.84166]","[-2.33226]","[910862]","[19655.4]","[0]","[2.29412]","[0.588549]",0,"[]","[]","[]","[]","[]","[]","[]","[]","[]","[]",0,"[118.744]",3399.56,"[12168.2]","[]","[2251.81]","[]"
1190,284500,13155908,361102,11460.8,11500.5,3.38179e+11,0.596562,1,0.993118,1,1,0.99745,0.856877,1,0,1,0,1,"[0]","[1]","[92986.8]","[0.299208]","[-2.60928]","[97180.3]","[-0.00957012]","[1]","[13]","[1]","[0]","[-281.626]","[0.0117384]","[1.938]",250678,-2.51553,2,"[357045,23687.1]","[0.170588,-1.6147]","[0.523897,2.37258]","[362853,61964.1]","[1,0.973756]","[0,0]","[0,0]","[-0.910593,-0.698929]",0,"[]","[]","[]","[]","[]","[]","[]","[]","[]","[]",1,"[350876]","[0.178964]","[0.532133]","[356839]","[15314.9]","[0]","[2.08209]","[0.228726]",0,"[]","[]","[]","[]","[]","[]","[]","[]","[]","[]",0,"[2332.86]",4863.41,"[9036.14,1643.99]","[]","[12945.4]","[]"
1191,284500,13243347,361102,11457.6,11500.5,3.38179e+11,1.25133,0.97062,1,1,1,0.998784,0.98871,1,1,0,0,1,"[0]","[1]","[65247.8]","[-0.705184]","[1.83781]","[82154.8]","[-0.0200768]","[1]","[11]","[1]","[0]","[230.78]","[0.00634639]","[0.61936]",358351,2.06086,2,"[281590,145316]","[0.17737,0.143622]","[-1.24923,-0.803578]","[288827,147508]","[0.998288,0.999646]","[0,0]","[0,0]","[-0.806658,-0.956087]",0,"[]","[]","[]","[]","[]","[]","[]","[]","[]","[]",1,"[391414]","[0.200614]","[-1.10092]","[412502]","[103461]","[0]","[0.800445]","[0.83074]",0,"[]","[]","[]","[]","[]","[]","[]","[]","[]","[]",0,"[193.13]",5424.69,"[10292.4,4863.81]","[]","[14804.1]","[]"
1192,284500,13121724,361102,11453.8,11500.5,3.38179e+11,0.934886,0.96972,1,1,1,0.998343,0.99544,1,1,0,0,1,"[0]","[1]","[373082]","[1.29541]","[-3.13842]","[732414]","[-0.0362644]","[1]","[11]","[1]","[3675.31]","[3698.56]","[-0.00496277]","[0.815462]",411774,-0.0321012,1,"[25306.8]","[1.66969]","[2.50924]","[69796.7]","[0.644591]","[0]","[0]","[-0.669117]",0,"[]","[]","[]","[]","[]","[]","[]","[]","[]","[]",1,"[398130]","[1.29632]","[-3.13597]","[784578]","[61058.8]","[0]","[52.4551]","[0.316901]",0,"[]","[]","[]","[]","[]","[]","[]","[]","[]","[]",0,"[5293.47]",217.875,"[1690.76]","[]","[28896.1]","[]"
1193,284500,13276524,361102,11461.7,11500.5,3.38179e+11,0.402058,1,1,1,1,0.999392,1,1,1,0,0,1,"[0]","[1]","[174272]","[-1.31878]","[1.82866]","[349094]","[0.0303078]","[1]","[11]","[0]","[0]","[5277.24]","[-0.00138241]","[0.18321]",138796,2.12504,1,"[308309]","[-0.415535]","[-1.18263]","[335933]","[1]","[0]","[0]","[-0.85293]",0,"[]","[]","[]","[]","[]","[]","[]","[]","[]","[]",1,"[302359]","[-0.431152]","[-1.17771]","[331565]","[20993.1]","[0]","[1.79187]","[0.515788]",0,"[]","[]","[]","[]","[]","[]","[]","[]","[]","[]",0,"[1835.98]",1801.73,"[3790.14]","[]","[13405.8]","[]"
1194,284500,13394215,361102,11454.6,11500.5,3.38179e+11,1.24168,0.98413,1,1,1,0.996,1,1,1,0,0,1,"[0]","[1]","[143734]","[-1.17287]","[-2.63043]","[254461]","[0.0486298]","[1]","[11]","[0]","[0]","[-787.558]","[-0.103588]","[13.034]",375738,-2.60933,4,"[429836,68997.8,36955,20827.3]","[-0.294195,-2.1167,1.58358,-2.13564]","[0.601673,-0.198098,0.394032,0.99555]","[449134,290750,94327.6,89470]","[0.998619,0.999164,0.96699,0.948885]","[0,0,0,0]","[0,0,0,0]","[-0.945162,0.479677,-0.792015,-0.753619]",0,"[]","[]","[]","[]","[]","[]","[]","[]","[]","[]",1,"[452734]","[-0.2333]","[0.60133]","[465595]","[21219.7]","[0]","[1.97241]","[0.607902]",0,"[]","[]","[]","[]","[]","[]","[]","[]","[]","[]",0,"[1536.36]",717.5,"[5008.74,2688.64,2557.41,1641.68]","[]","[3643.12]","[]"
1195,284500,13481208,361102,11461.2,11500.5,3.38179e+11,1.74563,0.96592,1,1,1,0.999104,0.95452,1,1,0,0,1,"[0]","[1]","[48261]","[-0.68371]","[-1.71119]","[59987.4]","[0.0190401]","[1]","[11]","[1]","[0]","[1000.82]","[-0.0142268]","[1.40073]",217268,-1.52479,2,"[299226,46393]","[-1.25154,-1.18218]","[1.61949,-1.27052]","[566223,83003.4]","[0.996084,0.99915]","[0,0]","[0,0]","[-0.757151,-0.862923]",0,"[]","[]","[]","[]","[]","[]","[]","[]","[]","[]",1,"[309920]","[-1.25037]","[1.62091]","[585874]","[22483.9]","[0]","[2.68783]","[0.736014]",0,"[]","[]","[]","[]","[]","[]","[]","[]","[]","[]",0,"[151.304]",19358.4,"[15281.1,5251.8]","[]","[2597.56]","[]"
1196,284500,13420218,361102,11464.3,11500.5,3.38179e+11,0.506784,1,0.995989,1,1,0.986756,0.964895,1,0,1,0,1,"[0]","[1]","[111070]","[-0.400286]","[-1.28697]","[120087]","[-0.103577]","[1]","[13]","[1]","[0]","[-478.313]","[-0.100316]","[20.9839]",470403,-1.21428,5,"[215395,176752,133733,68411.4,28969.5]","[-1.19784,-0.520759,-1.18415,-0.668809,-1.06346]","[1.88592,2.36898,1.38129,1.80695,2.39749]","[391303,202488,239377,84551.4,47159]","[0.997695,0.990276,0.995477,0.975996,0.687216]","[0,0,4,0,0]","[0,0,0,0,0]","[-0.954493,-0.877287,-0.881117,-0.881147,-0.766108]",0,"[]","[]","[]","[]","[]","[]","[]","[]","[]","[]",1,"[481515]","[-1.01447]","[1.89887]","[797447]","[267392]","[0]","[1.11964]","[0.581763]",0,"[]","[]","[]","[]","[]","[]","[]","[]","[]","[]",0,"[8317.71]",17738.9,"[8224.46,6213.64,2646.51,6896.23,4048.31]","[]","[10.8438]","[]"
1197,284500,13483262,361102,11451.9,11500.5,3.38179e+11,0.934886,0.97538,1,1,1,0.998132,1.01508,1,1,0,0,1,"[0]","[1]","[140685]","[-1.5236]","[0.200611]","[338112]","[-0.0283489]","[1]","[11]","[1]","[1426.38]","[-882.405]","[-0.00405071]","[0.199204]",169911,0.387544,2,"[301455,43894.5]","[-1.98447,1.91988]","[-2.66941,1.83635]","[1.11752e+06,153046]","[0.99,0.998559]","[0,0]","[0,0]","[-0.772721,-0.667899]",0,"[]","[]","[]","[]","[]","[]","[]","[]","[]","[]",1,"[304574]","[-1.98155]","[-2.66796]","[1.12588e+06]","[21673.8]","[0]","[2.02366]","[0.55031]",0,"[]","[]","[]","[]","[]","[]","[]","[]","[]","[]",0,"[2191.91]",10601.8,"[11693.2,2312.14]","[]","[16760.4]","[]"
1198,284500,13424778,361102,11451.4,11500.5,3.38179e+11,0.402058,0.95822,1,1,1,0.986385,1.01975,1,1,0,0,1,"[0]","[1]","[45067.3]","[-2.06141]","[-1.42594]","[179917]","[0.0932922]","[1]","[11]","[1]","[0]","[-381.2]","[-0.0279862]","[1.46756]",364698,-1.20201,4,"[335134,59533.2,46387,41093.1]","[0.937256,0.0165392,-2.23894,1.87753]","[1.54183,-2.95908,2.44137,2.32602]","[493890,60888.9,220235,137512]","[0.990058,0.983714,0.777808,0.999739]","[4,0,0,0]","[0,0,0,0]","[-0.574935,-0.834974,-0.878228,-0.364206]",0,"[]","[]","[]","[]","[]","[]","[]","[]","[]","[]",1,"[323590]","[0.950801]","[1.54266]","[481584]","[18878]","[0]","[3.43051]","[0.500247]",0,"[]","[]","[]","[]","[]","[]","[]","[]","[]","[]",0,"[506.833]",5590.09,"[3506.29,10063.1,4709.36,2349.97]","[]","[13306.1]","[]"
1199,284500,13461696,361102,11449.8,11500.5,3.38179e+11,0.934886,0.9724,1,1,1,0.984604,0.96574,1,1,0,0,1,"[0]","[1]","[50045.6]","[0.889199]","[-1.56588]","[71169]","[0.0103683]","[1]","[11]","[1]","[0]","[-222.731]","[-0.0170269]","[1.2679]",246635,-2.16189,4,"[292740,57111.8,46321.4,26299.7]","[0.216506,0.503809,0.717162,-1.31162]","[1.08049,-2.44876,0.722003,1.87673]","[300294,64833,59540.7,52751.9]","[0.987736,0.95342,0.990177,0.989074]","[0,4,0,0]","[0,0,0,0]","[-0.880048,-0.731291,-0.901907,-0.934735]",0,"[]","[]","[]","[]","[]","[]","[]","[]","[]","[]",1,"[322692]","[0.283901]","[1.06511]","[339773]","[51907.4]","[0]","[2.04961]","[0.502496]",0,"[]","[]","[]","[]","[]","[]","[]","[]","[]","[]",0,"[187.774]",1336.41,"[7802.86,1857.95,4162.93,5939.05]","[]","[14539.1]","[]"
1200,284500,13437160,361102,11464.4,11500.5,3.38179e+11,1.08735,1,1,1,1,0.986221,1,1,1,0,0,1,"[0]","[1]","[52378.3]","[-1.07777]","[-0.792145]","[85860.5]","[-0.114386]","[1]","[11]","[0]","[0]","[237.722]","[-0.118489]","[14.2918]",261625,-0.890171,3,"[395138,186410,73047.9]","[-0.733497,-0.314071,-0.235356]","[2.81626,0.604576,1.54845]","[506809,197206,75449.3]","[0.998068,1,1]","[4,0,0]","[0,0,0]","[0.275854,-0.00243999,-0.806853]",0,"[]","[]","[]","[]","[]","[]","[]","[]","[]","[]",1,"[387483]","[-0.740106]","[2.81803]","[499250]","[26607]","[0]","[2.59783]","[0.443893]",0,"[]","[]","[]","[]","[]","[]","[]","[]","[]","[]",0,"[310.965]",15462.6,"[9273.57,3661.22,2460.98]","[]","[47121.8]","[]"
1201,284500,13441869,361102,11455.6,11500.5,3.38179e+11,0.596562,0.98916,1,1,1,0.998025,0.99765,1,1,0,0,1,"[0]","[1]","[103756]","[0.760282]","[2.78792]","[135216]","[-0.0789337]","[1]","[11]","[1]","[0]","[-120.454]","[0.0169423]","[1.97429]",157577,2.57379,4,"[166219,112116,28559.2,22319.9]","[-0.783728,-0.970803,-0.118275,1.17337]","[-0.746689,-0.348373,0.238544,2.3544]","[220158,169342,29407.2,39946.1]","[0.990673,1,0.966614,0.955997]","[0,0,0,0]","[0,0,0,0]","[-0.919023,-0.962875,-0.906059,0.404013]",0,"[]","[]","[]","[]","[]","[]","[]","[]","[]","[]",1,"[266493]","[-0.906118]","[-0.568804]","[389105]","[65294.8]","[0]","[0.603578]","[0.702216]",0,"[]","[]","[]","[]","[]","[]","[]","[]","[]","[]",0,"[417.605]",2392.06,"[2725.22,5185.27,2782.25,4389.07]","[]","[14564.7]","[]"
1202,284500,13449513,361102,11463.8,11500.5,3.38179e+11,1.55465,0.99242,1,1,1,0.985769,0.99765,1,1,0,0,1,"[0]","[1]","[189830]","[0.708913]","[2.05926]","[239562]","[-0.0260849]","[1]","[11]","[1]","[0]","[12.6507]","[-0.0412712]","[3.07454]",148744,1.79188,2,"[330714,20250.1]","[0.144322,-0.433805]","[-1.23772,-2.57987]","[334682,22668]","[0.998624,0.748511]","[4,0]","[0,0]","[0.722771,-0.929229]",0,"[]","[]","[]","[]","[]","[]","[]","[]","[]","[]",1,"[330195]","[0.163966]","[-1.23756]","[334918]","[13550.8]","[0]","[3.02643]","[0.37094]",0,"[]","[]","[]","[]","[]","[]","[]","[]","[]","[]",0,"[1235.14]",2297.56,"[4815.13,1143.65]","[]","[5250.44]","[]"
1203,284500,13521611,361102,11448.8,11500.5,3.38179e+11,0.553627,0.99211,1,1,1,1.00904,0.9918,1,1,0,0,1,"[0]","[1]","[194127]","[-0.74807]","[0.57084]","[251026]","[-0.0650826]","[1]","[11]","[1]","[2441.48]","[-1394.71]","[0.0551924]","[7.70349]",198988,-0.064704,4,"[209016,131220,60380.2,26438.8]","[-0.891324,-0.359876,-1.36467,-0.107876]","[-2.71741,-2.40105,-3.07943,-1.21612]","[298558,140957,126280,26845.9]","[1,0.991436,0.992826,0.989298]","[0,5,0,5]","[0,0,0,0]","[-0.870118,0.993522,-0.954282,0.998767]",0,"[]","[]","[]","[]","[]","[]","[]","[]","[]","[]",1,"[371645]","[-0.811006]","[-2.65303]","[525214]","[158540]","[0]","[1.35923]","[0.486633]",0,"[]","[]","[]","[]","[]","[]","[]","[]","[]","[]",0,"[1153.89]",6973.98,"[3557.44,6318.83,2343.43,1193.06]","[]","[2521.31]","[]"
1204,284500,13587595,361102,11460.3,11500.5,3.38179e+11,1.08735,1,0.986005,1,1,0.998741,0.911632,1,0,1,0,1,"[0]","[1]","[99113.6]","[0.0708999]","[1.67595]","[99362.9]","[-0.111431]","[1]","[13]","[1]","[0]","[-420.33]","[0.0452746]","[7.64683]",188492,1.64992,3,"[260392,40358.6,20083]","[0.99595,0.241146,0.0535892]","[-1.72195,-0.688622,0.00997915]","[401057,42413.3,20301]","[0.99,0.966213,0.975455]","[0,0,0]","[0,0,0]","[-0.822292,-0.902855,-0.8248]",0,"[]","[]","[]","[]","[]","[]","[]","[]","[]","[]",1,"[278034]","[0.987767]","[-1.72767]","[425273]","[13322]","[0]","[2.79935]","[0.646164]",0,"[]","[]","[]","[]","[]","[]","[]","[]","[]","[]",0,"[5296.77]",9285.61,"[6414.9,6761.3,1157.2]","[]","[3079.88]","[]"
1205,284500,13589434,361102,11464.5,11500.5,3.38179e+11,0.596562,1,0.993658,1,1,0.998601,0.914018,1,0,1,0,1,"[0]","[1]","[183577]","[0.181308]","[1.90053]","[186603]","[0.00158691]","[1]","[13]","[1]","[0]","[-506.25]","[0.00532597]","[1.04318]",207156,1.78039,2,"[362235,23186.5]","[-0.68696,0.991911]","[-1.32799,-1.53482]","[451553,35978]","[0.999483,0.74498]","[0,0]","[0,0]","[-0.885613,-0.874086]",0,"[]","[]","[]","[]","[]","[]","[]","[]","[]","[]",1,"[361695]","[-0.703664]","[-1.32743]","[455491]","[21207.8]","[0]","[2.50952]","[0.820367]",0,"[]","[]","[]","[]","[]","[]","[]","[]","[]","[]",0,"[5728.56]",3388.36,"[4097.03,3212.09]","[]","[31259.2]","[]"
1206,284500,13630750,361102,11460.7,11500.5,3.38179e+11,1.08735,0.96615,1,1,1,0.999066,0.98962,1,1,0,0,1,"[0]","[1]","[60125.7]","[1.24662]","[-2.5084]","[113218]","[-0.0972672]","[1]","[11]","[1]","[0]","[394.738]","[-0.108108]","[4.05469]",203511,-2.53757,1,"[264204]","[1.56558]","[0.689404]","[659974]","[1]","[0]","[0]","[-0.865371]",0,"[]","[]","[]","[]","[]","[]","[]","[]","[]","[]",1,"[291271]","[1.58714]","[0.690879]","[742057]","[15000.3]","[0]","[2.17541]","[0.622469]",0,"[]","[]","[]","[]","[]","[]","[]","[]","[]","[]",0,"[358.542]",11658.6,"[12520.6]","[]","[2106.81]","[]"
1207,284500,13631048,361102,11455.9,11500.5,3.38179e+11,1.74563,0.98536,1,1,1,0.999076,0.9918,1,1,0,0,1,"[0]","[1]","[115793]","[-0.649029]","[0.78077]","[141049]","[-0.0304699]","[1]","[11]","[1]","[0]","[296.877]","[0.0355206]","[3.41017]",192805,0.529845,2,"[260124,27698.8]","[0.216007,-0.282948]","[-2.43199,-2.56135]","[270068,29305.8]","[0.995621,0.999722]","[0,0]","[0,0]","[-0.963624,-0.891778]",0,"[]","[]","[]","[]","[]","[]","[]","[]","[]","[]",1,"[275694]","[0.210484]","[-2.42542]","[287019]","[54363.1]","[0]","[1.48729]","[0.577017]",0,"[]","[]","[]","[]","[]","[]","[]","[]","[]","[]",0,"[1143.77]",7923.14,"[6551.94,3080.63]","[]","[3261.25]","[]"
1208,284500,4404568,361102,11454.6,11500.5,3.38179e+11,1.32095,1,0.999196,1,1,0.999264,1.00501,1,0,1,0,1,"[0]","[1]","[53545.3]","[1.18872]","[0.405004]","[96047]","[0.0199928]","[1]","[13]","[1]","[0]","[-585.524]","[-0.0130293]","[1.99785]",251003,0.824046,2,"[239557,67197.2]","[1.04129,1.44314]","[-2.45074,-2.22831]","[382184,150542]","[0.997626,0.974764]","[0,0]","[0,0]","[-0.951828,-0.641421]",0,"[]","[]","[]","[]","[]","[]","[]","[]","[]","[]",1,"[295970]","[1.12936]","[-2.40486]","[509506]","[62556.6]","[0]","[1.56926]","[0.793656]",0,"[]","[]","[]","[]","[]","[]","[]","[]","[]","[]",0,"[430.568]",12078.6,"[11809.5,2280.48]","[]","[12538.5]","[]"
1209,284500,13806327,361102,11456.1,11500.5,3.38179e+11,1.08735,1,0.994566,1,1,0.999227,0.892317,1,0,1,0,1,"[0]","[1]","[116156]","[0.578607]","[-0.353381]","[136148]","[0.00363159]","[1]","[13]","[1]","[0]","[-164.421]","[-0.0311905]","[6.20179]",170712,-0.694487,2,"[228055,47471.5]","[-1.19375,-0.510641]","[2.54734,2.6996]","[411082,54293.4]","[0.99,0.990748]","[0,0]","[0,0]","[-0.856901,-0.918052]",0,"[]","[]","[]","[]","[]","[]","[]","[]","[]","[]",1,"[255493]","[-1.08723]","[2.56068]","[430062]","[83024.3]","[0]","[1.81909]","[0.6919]",0,"[]","[]","[]","[]","[]","[]","[]","[]","[]","[]",0,"[3640.99]",3972.47,"[3833.35,2648.43]","[]","[1602.75]","[]"
1210,284500,13765421,361102,11462.7,11500.5,3.38179e+11,1.26205,1,0.994776,1,1,0.99913,1.03262,1,0,1,0,1,"[0]","[1]","[51941.9]","[0.888901]","[1.98503]","[73850.1]","[0.00709534]","[1]","[13]","[1]","[0]","[-18.9213]","[0.0276307]","[3.31639]",177886,2.16128,1,"[233923]","[1.55915]","[-1.09166]","[580926]","[0.990054]","[0]","[0]","[-0.905755]",0,"[]","[]","[]","[]","[]","[]","[]","[]","[]","[]",1,"[258529]","[1.5435]","[-1.09383]","[632797]","[11298.5]","[0]","[2.41255]","[0.8268]",0,"[]","[]","[]","[]","[]","[]","[]","[]","[]","[]",0,"[367.223]",2274.16,"[4337.49]","[]","[0]","[]"
1211,284500,13782669,361102,11454.2,11500.5,3.38179e+11,0.596562,1,0.995111,1,1,0.999371,0.997038,1,0,1,0,1,"[0]","[1]","[68333.7]","[2.09285]","[0.641216]","[281239]","[-0.0170078]","[1]","[13]","[1]","[0]","[-170.994]","[0.0293449]","[3.62705]",175757,0.813728,1,"[243133]","[0.27162]","[-2.3778]","[252590]","[0.996258]","[0]","[0]","[-0.901401]",0,"[]","[]","[]","[]","[]","[]","[]","[]","[]","[]",1,"[252217]","[0.262279]","[-2.3769]","[261216]","[11951.8]","[0]","[1.47514]","[0.145876]",0,"[]","[]","[]","[]","[]","[]","[]","[]","[]","[]",0,"[1850.32]",2534.7,"[3748]","[]","[1744.72]","[]"
1212,284500,13822816,361102,11451.1,11500.5,3.38179e+11,0.402058,0.97245,1,1,1,0.986453,0.99544,1,1,0,0,1,"[0]","[1]","[99837.9]","[1.15045]","[1.96055]","[173523]","[0.0976715]","[1]","[11]","[1]","[0]","[-2124.42]","[-0.0427747]","[4.02088]",216896,1.68084,6,"[260570,106800,78563.7,68502.3,27199.8,22510]","[-0.791194,0.578107,-0.142052,0.0740337,-1.75206,-0.410442]","[-0.232937,-1.84195,-2.8921,-2.26002,-1.86106,-1.92281]","[346934,125692,80904.4,69595.3,80839.4,24905.8]","[1,0.978347,0.989214,0.991308,0.989903,0.978907]","[4,0,0,0,0,0]","[0,0,0,0,0,0]","[-0.0668765,-0.855324,-0.895072,-0.24687,-0.212168,-0.851386]",0,"[]","[]","[]","[]","[]","[]","[]","[]","[]","[]",1,"[268250]","[-0.74042]","[-0.227753]","[345378]","[11039.6]","[0]","[1.42306]","[0.20934]",0,"[]","[]","[]","[]","[]","[]","[]","[]","[]","[]",0,"[642.284]",19254.3,"[3224.03,3224.79,5141.79,10949.9,1825.24,1881.71]","[]","[1856.12]","[]"
1213,284500,3645709,361102,11463.7,11500.5,3.38179e+11,0.934886,0.93214,1,1,1,0.998059,0,1,1,0,0,1,"[0]","[1]","[26129.8]","[-1.74963]","[-1.5336]","[77426.4]","[0.199834]","[1]","[11]","[1]","[0]","[-108.539]","[0.045243]","[2.26197]",165267,-0.794957,3,"[277706,65002.8,30545]","[0.754724,-1.63506,1.30703]","[2.38174,-0.79288,-0.32199]","[361019,173246,60985.3]","[0.953753,0.995008,0.991482]","[0,0,0]","[0,0,0]","[-0.55575,0.105016,-0.580194]",0,"[]","[]","[]","[]","[]","[]","[]","[]","[]","[]",1,"[294712]","[0.754938]","[2.38104]","[383227]","[18909]","[0]","[3.16193]","[0.359262]",0,"[]","[]","[]","[]","[]","[]","[]","[]","[]","[]",0,"[272.068]",17050.2,"[11732.5,4116.21,3208.2]","[]","[11885.5]","[]"
1214,284500,3669401,361102,11468.9,11500.5,3.38179e+11,0.596562,0.98413,1,1,1,0.99945,0.99866,1,1,0,0,1,"[0]","[1]","[86349]","[-0.858639]","[-2.78938]","[120184]","[-0.0540771]","[1]","[11]","[1]","[0]","[-1078.59]","[0.0430253]","[4.66357]",182837,-2.76941,1,"[275616]","[0.0458492]","[0.36776]","[276181]","[0.980747]","[0]","[0]","[-0.901611]",0,"[]","[]","[]","[]","[]","[]","[]","[]","[]","[]",1,"[281152]","[0.0945938]","[0.364664]","[282974]","[17850.3]","[0]","[7.29825]","[0.364735]",0,"[]","[]","[]","[]","[]","[]","[]","[]","[]","[]",0,"[467.106]",6070.08,"[6750.99]","[]","[23279.8]","[]"
1215,284500,3678285,361102,11459.4,11500.5,3.38179e+11,1.24168,1,0.987915,1,1,0.99862,0.962355,1,0,1,0,1,"[0]","[1]","[51816]","[-1.86499]","[2.22008]","[171273]","[-0.0823765]","[1]","[13]","[1]","[0]","[196.871]","[-0.0464339]","[5.01929]",224343,2.10119,2,"[271729,25406.2]","[-1.56198,0.341722]","[-1.10425,0.346586]","[676563,27131.3]","[0.998563,0.995834]","[0,0]","[0,0]","[0.728013,-0.234912]",0,"[]","[]","[]","[]","[]","[]","[]","[]","[]","[]",1,"[278739]","[-1.55422]","[-1.1051]","[689140]","[19280.7]","[0]","[2.47906]","[0.6343]",0,"[]","[]","[]","[]","[]","[]","[]","[]","[]","[]",0,"[150.785]",968.719,"[6355.73,1771.29]","[]","[4768.28]","[]"
1216,284500,14086348,361102,11455.7,11500.5,3.38179e+11,0.934886,0.98178,1,1,1,0.999042,0.99604,1,1,0,0,1,"[0]","[1]","[118769]","[-2.09646]","[-0.411696]","[490527]","[-0.0498276]","[1]","[11]","[1]","[0]","[-890.354]","[0.00770049]","[0.790672]",110158,-0.855482,2,"[236405,79044.5]","[-1.97842,-1.92854]","[2.19064,-2.17875]","[871226,277861]","[0.99534,0.999121]","[0,0]","[0,0]","[-0.876815,-0.855631]",0,"[]","[]","[]","[]","[]","[]","[]","[]","[]","[]",1,"[262086]","[-1.99127]","[2.18669]","[977817]","[10730.1]","[0]","[0.985049]","[0.377804]",0,"[]","[]","[]","[]","[]","[]","[]","[]","[]","[]",0,"[1652.33]",16444.9,"[15394.1,8935.66]","[]","[2115.47]","[]"
1217,284500,14257039,361102,11452.6,11500.5,3.38179e+11,1.08735,0.97738,1,1,1,0.995939,1.00056,1,1,0,0,1,"[0]","[1]","[77297.5]","[0.146662]","[-0.681588]","[78130.3]","[0.0822983]","[1]","[11]","[1]","[5301.92]","[-92.7121]","[-0.052777]","[3.81571]",920609,-0.856095,3,"[794618,265292,44107.7]","[0.124049,-0.282834,-1.64351]","[2.063,2.98852,-2.69925]","[811005,277422,118399]","[1,0.9977,1]","[0,0,0]","[0,0,0]","[-0.905555,-0.814488,-0.864674]",0,"[]","[]","[]","[]","[]","[]","[]","[]","[]","[]",1,"[972067]","[0.0187278]","[2.27096]","[1.0811e+06]","[472787]","[0]","[1.18746]","[0.712702]",0,"[]","[]","[]","[]","[]","[]","[]","[]","[]","[]",0,"[786.693]",4115.62,"[10797.8,3177.02,2959.13]","[]","[17372]","[]"
1218,284500,14257570,361102,11452.6,11500.5,3.38179e+11,1.74563,0.97003,1,1,1,0.999041,0.97256,1,1,0,0,1,"[0]","[1]","[43386.8]","[1.0574]","[1.45784]","[69988.1]","[0.227985]","[1]","[11]","[1]","[0]","[544.631]","[0.0308911]","[4.22189]",120265,1.27433,2,"[274671,87591.4]","[1.37022,0.804405]","[-2.17166,-0.179419]","[576344,117863]","[0.989837,0.999392]","[0,0]","[0,0]","[0.255228,-0.936794]",0,"[]","[]","[]","[]","[]","[]","[]","[]","[]","[]",1,"[263250]","[1.37109]","[-2.17482]","[552594]","[26339.8]","[0]","[1.83103]","[0.710774]",0,"[]","[]","[]","[]","[]","[]","[]","[]","[]","[]",0,"[229.853]",12769.5,"[5730.66,6065.15]","[]","[5428.33]","[]"
1219,284500,14175698,361102,11459.2,11500.5,3.38179e+11,0.402058,0.97062,1,1,1,0.998891,0.98871,1,1,0,0,1,"[0]","[1]","[65697]","[-0.771007]","[0.241278]","[86210.5]","[0.0233879]","[1]","[11]","[1]","[0]","[-489.546]","[0.0286281]","[2.41511]",345733,0.593487,2,"[277772,129335]","[-0.534811,-0.939253]","[-2.75,-2.2518]","[322261,191922]","[1,0.99]","[0,0]","[0,0]","[-0.946304,-0.942203]",0,"[]","[]","[]","[]","[]","[]","[]","[]","[]","[]",1,"[390877]","[-0.668517]","[-2.61118]","[501266]","[139294]","[0]","[1.27035]","[0.485204]",0,"[]","[]","[]","[]","[]","[]","[]","[]","[]","[]",0,"[132.24]",3071.56,"[3318.43,3094.35]","[]","[16198.8]","[]"
1220,284500,14267125,361102,11449.2,11500.5,3.38179e+11,1.08735,1,1.00057,1,1,0.998529,1.01188,1,0,1,0,1,"[0]","[1]","[143884]","[-1.2055]","[1.28939]","[261724]","[0.126283]","[1]","[13]","[1]","[0]","[1766.47]","[0.0217982]","[3.20801]",149418,1.53197,3,"[316462,33745.1,23124.3]","[-0.80144,1.03649,1.15175]","[-1.66923,1.17217,-2.85441]","[424960,53700.1,40414.1]","[0.985674,0.968361,0.98]","[0,0,0]","[0,0,0]","[-0.821305,-0.718782,-0.575927]",0,"[]","[]","[]","[]","[]","[]","[]","[]","[]","[]",1,"[329290]","[-0.794612]","[-1.66939]","[440171]","[34283.9]","[0]","[2.12053]","[0.764214]",0,"[]","[]","[]","[]","[]","[]","[]","[]","[]","[]",0,"[19392.4]",4261.59,"[5547.98,2154.48,1822.01]","[]","[2082.12]","[]"
1221,284500,14762950,361102,11459.2,11500.5,3.38179e+11,0.934886,1,0.99092,1,1,0.999214,0.955349,1,0,1,0,1,"[0]","[1]","[45422.7]","[0.249554]","[2.58431]","[46844.6]","[-0.420071]","[1]","[13]","[1]","[0]","[823.208]","[-0.19574]","[18.0702]",235257,2.74915,2,"[269222,67433.9]","[1.35708,0.470962]","[-0.466673,-1.32243]","[558638,75528.1]","[0.999935,0.991393]","[0,0]","[0,0]","[-0.937155,-0.870163]",0,"[]","[]","[]","[]","[]","[]","[]","[]","[]","[]",1,"[273779]","[1.34045]","[-0.468366]","[559882]","[33952.9]","[0]","[1.5749]","[0.824974]",0,"[]","[]","[]","[]","[]","[]","[]","[]","[]","[]",0,"[166.666]",3087.67,"[3782.8,3631.54]","[]","[9917.56]","[]"
1222,284500,14692288,361102,11453.8,11500.5,3.38179e+11,0.596562,0.98178,1,1,1,0.997399,0.99604,1,1,0,0,1,"[0]","[1]","[106143]","[-2.23592]","[-0.547372]","[502163]","[0.0784779]","[1]","[11]","[1]","[0]","[-283.174]","[0.0257372]","[2.30495]",123622,-0.225825,5,"[271717,113981,56402,54478,22994.2]","[-1.50379,-1.69482,0.401691,0.8948,1.62735]","[3.09418,-0.388821,2.59322,1.50448,1.35885]","[641536,321132,61353.5,78013.1,60897.2]","[0.99012,0.989423,0.994194,0.993824,0.988077]","[0,0,0,0,0]","[0,0,0,0,0]","[-0.935407,-0.83575,-0.901814,-0.862025,-0.798181]",0,"[]","[]","[]","[]","[]","[]","[]","[]","[]","[]",1,"[259910]","[-1.50912]","[3.09663]","[616723]","[17136.1]","[0]","[2.80502]","[0.672013]",0,"[]","[]","[]","[]","[]","[]","[]","[]","[]","[]",0,"[1280.92]",2729.74,"[5541.58,7787.6,2039.02,2385.65,2752.76]","[]","[6841.06]","[]"
1223,284500,14762633,361102,11459.2,11500.5,3.38179e+11,0.934886,0.97826,1,1,1,0.988809,1.00493,1,1,0,0,1,"[0]","[1]","[147862]","[-1.15745]","[-0.278281]","[258470]","[-0.186314]","[1]","[11]","[1]","[0]","[-1371.8]","[0.0561425]","[6.10427]",134613,-0.0890384,1,"[248608]","[0.783422]","[2.79612]","[329031]","[0.993551]","[4]","[0]","[-0.934348]",0,"[]","[]","[]","[]","[]","[]","[]","[]","[]","[]",1,"[250494]","[0.775268]","[2.79502]","[329743]","[9046.8]","[0]","[1.1707]","[0.181266]",0,"[]","[]","[]","[]","[]","[]","[]","[]","[]","[]",0,"[1874.71]",8639.85,"[6188.9]","[]","[0]","[]"
1224,284500,14875497,361102,11460.2,11500.5,3.38179e+11,0.934886,1,0.999959,1,1,0.999153,0.384449,1,0,1,0,1,"[0]","[1]","[116551]","[1.00096]","[2.37041]","[179978]","[0.0324936]","[1]","[13]","[1]","[0]","[-515.063]","[-0.325883]","[44.9263]",231606,2.63638,2,"[293657,56492.7]","[1.42424,0.0890352]","[-0.583847,-0.843074]","[645732,56965]","[1,0.90145]","[0,0]","[0,0]","[-0.808646,-0.953461]",0,"[]","[]","[]","[]","[]","[]","[]","[]","[]","[]",1,"[305573]","[1.40451]","[-0.586377]","[660295]","[23270.9]","[0]","[1.92675]","[0.800321]",0,"[]","[]","[]","[]","[]","[]","[]","[]","[]","[]",0,"[391.343]",1259.14,"[4175.02,2462.36]","[]","[21138.2]","[]"
1225,284500,13020265,361102,11458.5,11500.5,3.38179e+11,1.74563,1,0.996394,1,1,0.988081,0.727758,1,0,1,0,1,"[0]","[1]","[51554.6]","[0.580731]","[0.90391]","[60495.2]","[0.0448227]","[1]","[13]","[1]","[2054.82]","[1074.49]","[0.0122749]","[2.11917]",266332,0.580234,2,"[257621,164492]","[-1.3114,-1.93439]","[-2.81795,-1.98818]","[513311,581448]","[0.89,0.986451]","[0,4]","[0,0]","[-0.289894,0.792742]",0,"[]","[]","[]","[]","[]","[]","[]","[]","[]","[]",1,"[265201]","[-1.32757]","[-2.8158]","[535866]","[24541.4]","[0]","[2.2804]","[0.631033]",0,"[]","[]","[]","[]","[]","[]","[]","[]","[]","[]",0,"[174.861]",9937.67,"[8243.62,6400.58]","[]","[2238.66]","[]"
1226,284500,14875939,361102,11460.2,11500.5,3.38179e+11,1.08735,0.97738,1,1,1,0.998034,1.00056,1,1,0,0,1,"[0]","[1]","[69414.4]","[0.357626]","[1.67079]","[73900.9]","[0.061203]","[1]","[11]","[1]","[0]","[-369.362]","[0.0312443]","[2.68608]",216830,1.87636,2,"[257053,31010.3]","[-1.12669,-1.64642]","[-1.26327,-1.6586]","[439837,83484.5]","[0.994336,1]","[0,0]","[0,0]","[-0.843472,-0.839095]",0,"[]","[]","[]","[]","[]","[]","[]","[]","[]","[]",1,"[281190]","[-1.15124]","[-1.29248]","[497273]","[90126.7]","[0]","[2.16348]","[0.441456]",0,"[]","[]","[]","[]","[]","[]","[]","[]","[]","[]",0,"[115.496]",5242.41,"[5362.22,2179.26]","[]","[10462.8]","[]"
1227,284500,14874568,361102,11458,11500.5,3.38179e+11,1.08735,0.97994,1,1,1,1.10674,1.00632,1,1,0,0,1,"[0]","[1]","[217662]","[0.306034]","[-2.33586]","[227934]","[0.0191841]","[1]","[11]","[1]","[0]","[-1182.23]","[0.0431744]","[4.92297]",188707,-2.31625,1,"[380795]","[-0.228844]","[0.838435]","[391805]","[0.998685]","[4]","[0]","[0.954221]",0,"[]","[]","[]","[]","[]","[]","[]","[]","[]","[]",1,"[379171]","[-0.215264]","[0.838083]","[388548]","[20822.3]","[0]","[3.30785]","[0.221531]",0,"[]","[]","[]","[]","[]","[]","[]","[]","[]","[]",0,"[1101.61]",1858.47,"[4471.56]","[]","[1243.38]","[]"
1228,284500,14375425,361102,11467.1,11500.5,3.38179e+11,0.596562,0.96203,1,1,1,0.998392,1.01508,1,1,0,0,1,"[0]","[1]","[263485]","[-1.55658]","[1.5378]","[652576]","[-0.0302925]","[1]","[11]","[1]","[0]","[-1267.49]","[-0.0022145]","[0.244496]",35235.6,0.957955,3,"[323114,60853.5,26637.1]","[-2.1888,1.69445,-0.403631]","[-1.89157,0.660101,-0.543202]","[1.46094e+06,171309,29002.9]","[0.9905,0.915291,0.994279]","[0,0,0]","[0,0,0]","[-0.0601282,-0.771407,0.0509832]",0,"[]","[]","[]","[]","[]","[]","[]","[]","[]","[]",1,"[269583]","[-1.57881]","[1.53383]","[681426]","[1482.77]","[1]","[7.61456]","[-1]",0,"[]","[]","[]","[]","[]","[]","[]","[]","[]","[]",0,"[7670.27]",2613.61,"[5535.03,2596.96,6482.5]","[]","[5804.44]","[]"
1229,284500,14359812,361102,11458,11500.5,3.38179e+11,0.596562,0.97867,1,1,1,0.998649,1.01012,1,1,0,0,1,"[0]","[1]","[148114]","[1.81627]","[-2.52362]","[467412]","[0.0182779]","[1]","[11]","[1]","[0]","[1427.1]","[-0.0128178]","[0.993973]",112741,-2.71527,3,"[349818,71708.6,24252.5]","[0.141263,0.397338,1.08071]","[0.357509,3.03285,-3.10017]","[353418,78576.9,40183]","[0.990682,0.991816,0.919776]","[0,0,0]","[0,0,0]","[-0.649449,-0.658953,-0.799725]",0,"[]","[]","[]","[]","[]","[]","[]","[]","[]","[]",1,"[355422]","[0.144548]","[0.357022]","[359614]","[18442.5]","[0]","[55.9157]","[0.477336]",0,"[]","[]","[]","[]","[]","[]","[]","[]","[]","[]",0,"[1173.96]",2220.17,"[4720.67,2855.64,3012.77]","[]","[1272.09]","[]"
1230,284500,14361169,361102,11458.4,11500.5,3.38179e+11,1.24168,0.96435,1,1,1,0.999312,1,1,1,0,0,1,"[0]","[1]","[42672.5]","[-0.596452]","[1.31634]","[50490.7]","[0.103661]","[1]","[11]","[0]","[1455.97]","[279.688]","[0.0626463]","[7.11519]",285017,1.55861,1,"[330730]","[-0.361288]","[-1.61704]","[352839]","[1]","[0]","[0]","[0.186899]",0,"[]","[]","[]","[]","[]","[]","[]","[]","[]","[]",1,"[322787]","[-0.366905]","[-1.62001]","[344827]","[6877.34]","[0]","[0]","[-1]",0,"[]","[]","[]","[]","[]","[]","[]","[]","[]","[]",0,"[51.1902]",7569.81,"[4844.82]","[]","[14414.5]","[]"
1231,284500,14327526,361102,11453.1,11500.5,3.38179e+11,0.934886,0.97921,1,1,1,0.996787,1.00192,1,1,0,0,1,"[0]","[1]","[60619.9]","[-0.511442]","[-1.05124]","[68722.5]","[-0.00366974]","[1]","[11]","[1]","[0]","[-652.393]","[-0.00867669]","[0.541032]",408469,-0.765011,3,"[408297,38983.2,21669.1]","[-1.13012,-0.205743,-2.06901]","[2.30405,2.68862,2.41462]","[698364,40512.5,87203.3]","[0.999853,0.997825,0.993418]","[0,0,0]","[0,0,0]","[0.751251,-0.83714,-0.843429]",0,"[]","[]","[]","[]","[]","[]","[]","[]","[]","[]",1,"[426532]","[-1.12551]","[2.30837]","[726729]","[20484]","[0]","[2.65313]","[0.552452]",0,"[]","[]","[]","[]","[]","[]","[]","[]","[]","[]",0,"[155.483]",8674.97,"[7540.65,2606.01,2196.99]","[]","[1601.84]","[]"
1232,284500,14315972,361102,11450.8,11500.5,3.38179e+11,0.596562,1,0.993869,1,1,1.00281,0.740132,1,0,1,0,1,"[0]","[1]","[149766]","[0.565817]","[2.34245]","[174386]","[-0.00560808]","[1]","[13]","[1]","[0]","[195.662]","[0.00744739]","[1.83436]",169319,2.17996,2,"[537590,28509.1]","[1.45929,0.892945]","[-0.700437,-0.81309]","[1.21982e+06,40967.4]","[0.989516,0.968399]","[0,4]","[0,0]","[-0.800323,0.765065]",0,"[]","[]","[]","[]","[]","[]","[]","[]","[]","[]",1,"[562602]","[1.45049]","[-0.70464]","[1.26676e+06]","[50295.1]","[0]","[3.30498]","[0.751995]",0,"[]","[]","[]","[]","[]","[]","[]","[]","[]","[]",0,"[6089.14]",7997.31,"[8230.8,3876.83]","[]","[44103.2]","[]"
1233,284500,14329693,361102,11451.2,11500.5,3.38179e+11,1.08735,1,0.995852,1,1,0.998842,0.754642,1,0,1,0,1,"[0]","[1]","[111130]","[0.778831]","[1.88255]","[146573]","[-0.0182619]","[1]","[13]","[1]","[0]","[580.607]","[0.0317563]","[6.17313]",226804,1.50392,2,"[297884,132591]","[0.59978,-0.425501]","[-1.07837,-2.63196]","[353294,145146]","[0.992189,0.996625]","[0,0]","[0,0]","[-0.945563,-0.896081]",0,"[]","[]","[]","[]","[]","[]","[]","[]","[]","[]",1,"[292913]","[0.590823]","[-1.07711]","[345803]","[13449]","[0]","[3.09043]","[0.643279]",0,"[]","[]","[]","[]","[]","[]","[]","[]","[]","[]",0,"[2154.86]",6185.05,"[6271.14,4110.97]","[]","[32883.1]","[]"
1234,284500,14518928,361102,11448.6,11500.5,3.38179e+11,0.934886,1,0.999887,1,1,0.999436,0.839747,1,0,1,0,1,"[0]","[1]","[100459]","[-0.77807]","[1.54061]","[132433]","[0.0261965]","[1]","[13]","[1]","[0]","[-200.434]","[0.0385604]","[8.24919]",159333,1.37841,1,"[288357]","[0.652585]","[-1.52107]","[352160]","[1]","[0]","[0]","[-0.87929]",0,"[]","[]","[]","[]","[]","[]","[]","[]","[]","[]",1,"[286531]","[0.662011]","[-1.51446]","[351676]","[4722.37]","[0]","[4.92413]","[0.283358]",0,"[]","[]","[]","[]","[]","[]","[]","[]","[]","[]",0,"[381.209]",4130.48,"[5178.2]","[]","[3633.22]","[]"
1235,284500,13998292,361102,11469,11500.5,3.38179e+11,1.55465,0.96445,1,1,1,0.917482,1.00001,1,1,0,0,1,"[0]","[1]","[48605.7]","[-1.92086]","[0.343355]","[169471]","[0.0144625]","[1]","[11]","[1]","[0]","[-442.004]","[0.0011272]","[0.0413481]",223979,0.563786,5,"[291251,56752.4,47887.8,22339.1,21166.8]","[-1.73365,-2.17081,-1.58662,-1.40468,-2.25791]","[-2.24624,2.00489,2.1347,1.23653,-2.29401]","[850428,252093,122006,48298.8,102368]","[0.995915,1,0.890091,0.991615,0.995631]","[0,5,0,5,0]","[0,0,0,0,0]","[-0.593127,-0.910195,-0.64159,0.971826,-0.807496]",0,"[]","[]","[]","[]","[]","[]","[]","[]","[]","[]",1,"[290619]","[-1.73227]","[-2.24841]","[847403]","[18470.5]","[0]","[3.78808]","[0.735152]",0,"[]","[]","[]","[]","[]","[]","[]","[]","[]","[]",0,"[224.73]",111.266,"[23712.2,5297.56,2977.48,4300.46,1619.86]","[]","[3500.78]","[]"
1236,284500,14501061,361102,11451.1,11500.5,3.38179e+11,0.402058,0.97994,1,1,1,1.0456,1.00632,1,1,0,0,1,"[0]","[1]","[226595]","[0.32163]","[-0.372103]","[238417]","[-0.0143433]","[1]","[11]","[1]","[0]","[1525.66]","[-0.101077]","[10.647]",173139,-0.318302,5,"[206751,141634,109953,22857.5,22627.5]","[-0.485133,-0.347441,-0.112849,-0.897356,0.313798]","[2.87473,-2.75292,1.69585,3.03226,1.52688]","[233177,151612,111627,32803.2,24010.7]","[0.988842,1,0.999902,1,0.887705]","[0,0,5,0,5]","[0,0,0,0,0]","[-0.339301,-0.907587,0.958454,-0.91865,0.25462]",0,"[]","[]","[]","[]","[]","[]","[]","[]","[]","[]",1,"[320262]","[-0.385586]","[3.1401]","[366740]","[126136]","[0]","[1.00603]","[0.833912]",0,"[]","[]","[]","[]","[]","[]","[]","[]","[]","[]",0,"[1278.03]",34750.1,"[10918.3,2754.68,2565.17,5417.48,1313.16]","[]","[10766.4]","[]"
1237,284500,14483235,361102,11457.3,11500.5,3.38179e+11,1.26205,0.96611,1,1,1,0.983293,0.97191,1,1,0,0,1,"[0]","[1]","[40810.3]","[0.729322]","[1.41457]","[52153.8]","[0.0555344]","[1]","[11]","[1]","[0]","[3228.24]","[0.00359831]","[0.433424]",360192,1.98978,2,"[394598,24813.7]","[-0.265612,1.54893]","[-1.10988,-3.13472]","[410240,61386.2]","[0.999486,0.994382]","[4,0]","[0,0]","[-0.472128,-0.727805]",0,"[]","[]","[]","[]","[]","[]","[]","[]","[]","[]",1,"[393905]","[-0.215183]","[-1.10723]","[404184]","[30125.6]","[0]","[2.1056]","[0.620965]",0,"[]","[]","[]","[]","[]","[]","[]","[]","[]","[]",0,"[36.4434]",6513.78,"[6241.43,1771.69]","[]","[63193.9]","[]"
1238,284500,14466001,361102,11453.6,11500.5,3.38179e+11,1.26205,0.97446,1,1,1,0.999019,0.98483,1,1,0,0,1,"[0]","[1]","[57619.3]","[-0.192589]","[-0.405962]","[58691.2]","[-0.207878]","[1]","[11]","[1]","[0]","[450.565]","[-0.041187]","[5.71204]",206793,-0.424648,2,"[165214,97543.3]","[0.112937,-0.420773]","[2.75422,2.50219]","[167041,107159]","[1,0.992518]","[0,0]","[0,0]","[-0.938432,-0.883474]",0,"[]","[]","[]","[]","[]","[]","[]","[]","[]","[]",1,"[254857]","[-0.0623207]","[2.66247]","[267994]","[81341.8]","[0]","[1.06397]","[0.676035]",0,"[]","[]","[]","[]","[]","[]","[]","[]","[]","[]",0,"[191.937]",5757.75,"[3572.6,3562.29]","[]","[5240.75]","[]"
1239,284500,14545969,361102,11456.2,11500.5,3.38179e+11,0,1,0.992671,1,1,0.998573,0.984198,1,0,1,0,1,"[0]","[1]","[31121.2]","[0.397627]","[-1.53963]","[33614.2]","[-0.170456]","[1]","[13]","[0]","[0]","[1227.14]","[0.012904]","[1.21862]",117011,-2.13655,2,"[298537,236392]","[0.236031,2.2033]","[1.94247,-0.789409]","[308121,1.0841e+06]","[1,1]","[0,0]","[0,0]","[-0.946036,0.00517192]",0,"[]","[]","[]","[]","[]","[]","[]","[]","[]","[]",1,"[295138]","[0.178741]","[1.93669]","[300671]","[21995.7]","[0]","[3.17149]","[0.656508]",0,"[]","[]","[]","[]","[]","[]","[]","[]","[]","[]",0,"[136.523]",882.742,"[3244.43,6704.97]","[]","[29590.2]","[]"
1240,284500,14594051,361102,11458,11500.5,3.38179e+11,1.24168,0.98697,1,1,1,0.998182,1.00582,1,1,0,0,1,"[0]","[1]","[245727]","[-0.135286]","[-0.529531]","[247979]","[0.0447483]","[1]","[11]","[1]","[2255.2]","[-1461.73]","[0.0118784]","[1.76887]",414305,-0.458749,2,"[562175,92648.7]","[0.483854,-1.59072]","[2.60122,3.01]","[630135,237220]","[0.997096,0.987017]","[0,0]","[0,0]","[-0.798249,-0.619137]",0,"[]","[]","[]","[]","[]","[]","[]","[]","[]","[]",2,"[559176,256869]","[0.492832,-0.128873]","[2.60133,-0.533844]","[629171,259005]","[29712.4,0.00362119]","[0,1]","[2.14804,0]","[0.296457,-1]",0,"[]","[]","[]","[]","[]","[]","[]","[]","[]","[]",0,"[4588.08]",19408.7,"[13938.9,7934.9]","[]","[22432.4,0]","[]"
1241,284500,14613706,361102,11463.2,11500.5,3.38179e+11,0.00279311,0.98428,1,1,1,0.997238,1.00121,1,1,0,0,1,"[0]","[1]","[156916]","[-1.88377]","[-2.23294]","[528042]","[-0.465123]","[1]","[11]","[1]","[0]","[22.3364]","[-0.0761574]","[6.03637]",130309,-2.402,2,"[288222,20912.3]","[-1.4128,1.82354]","[1.03968,0.828856]","[627395,66609.1]","[0.99233,0.99247]","[0,0]","[0,0]","[-0.972622,-0.860301]",0,"[]","[]","[]","[]","[]","[]","[]","[]","[]","[]",1,"[260731]","[-1.41589]","[1.03574]","[569326]","[25207.7]","[0]","[3.81673]","[0.710278]",0,"[]","[]","[]","[]","[]","[]","[]","[]","[]","[]",0,"[1354.86]",7207.55,"[16270.3,2332.03]","[]","[13104.1]","[]"
1242,284500,14052370,361102,11457.8,11500.5,3.38179e+11,0.00183436,0.96819,1,1,1,0.997937,0.95922,1,1,0,0,1,"[0]","[1]","[45590.8]","[-1.05337]","[-1.36865]","[73311.5]","[-0.00839233]","[1]","[11]","[1]","[0]","[-316.297]","[0.0169439]","[1.74158]",518488,-1.54798,2,"[545073,58626.2]","[0.329147,-2.03333]","[1.72818,0.0988668]","[575191,227818]","[0.995436,0.995189]","[0,0]","[0,0]","[-0.838577,-0.901656]",0,"[]","[]","[]","[]","[]","[]","[]","[]","[]","[]",1,"[532986]","[0.363936]","[1.72665]","[568952]","[17768.2]","[0]","[6.6727]","[0.471337]",0,"[]","[]","[]","[]","[]","[]","[]","[]","[]","[]",0,"[93.0887]",8512.31,"[9394.12,2535.66]","[]","[17197.2]","[]"
1243,284500,13969048,361102,11460.7,11500.5,3.38179e+11,0.934886,1,0.996862,1,1,0.998401,0.933939,1,0,1,0,1,"[0]","[1]","[38457.4]","[-0.15932]","[2.23222]","[38946.6]","[-0.384964]","[1]","[13]","[1]","[1528.27]","[228.26]","[0.187094]","[26.8606]",424241,2.36464,1,"[459516]","[-1.07861]","[-0.799109]","[754551]","[0.999676]","[0]","[0]","[-0.881608]",0,"[]","[]","[]","[]","[]","[]","[]","[]","[]","[]",1,"[441730]","[-1.09117]","[-0.789043]","[732312]","[25886.9]","[0]","[2.01224]","[0.506558]",0,"[]","[]","[]","[]","[]","[]","[]","[]","[]","[]",0,"[57.0561]",1105.34,"[6008.52]","[]","[4879.62]","[]"
1244,284500,13962648,361102,11451.4,11500.5,3.38179e+11,1.26205,0.97446,1,1,1,0.997595,0.98483,1,1,0,0,1,"[0]","[1]","[50928.7]","[-0.211017]","[0.001362]","[52066.8]","[-0.00993252]","[1]","[11]","[1]","[0]","[517.234]","[-0.0233458]","[0.379481]",351795,0.170742,2,"[367174,25827.4]","[0.476784,1.25729]","[-2.99714,-2.75769]","[410435,49345.9]","[0.994333,0.79579]","[0,0]","[0,0]","[-0.721042,-0.832497]",0,"[]","[]","[]","[]","[]","[]","[]","[]","[]","[]",1,"[348447]","[0.473135]","[-2.99073]","[388353]","[11534.8]","[0]","[0]","[-1]",0,"[]","[]","[]","[]","[]","[]","[]","[]","[]","[]",0,"[224.249]",4636.25,"[7048.87,2192.76]","[]","[310.688]","[]"
1245,284500,14821809,361102,11459.6,11500.5,3.38179e+11,0.596562,0.98536,1,1,1,0.998943,0.9918,1,1,0,0,1,"[0]","[1]","[118146]","[-0.775044]","[2.48701]","[155443]","[0.00922394]","[1]","[11]","[1]","[0]","[-772.943]","[-0.0130939]","[1.35682]",233812,2.60536,1,"[332745]","[-1.57006]","[-0.678465]","[835289]","[0.995612]","[0]","[0]","[-0.781881]",0,"[]","[]","[]","[]","[]","[]","[]","[]","[]","[]",1,"[342503]","[-1.55717]","[-0.675052]","[849794]","[42291.3]","[0]","[1.60436]","[0.812001]",0,"[]","[]","[]","[]","[]","[]","[]","[]","[]","[]",0,"[806.686]",6123.83,"[9402.39]","[]","[4302.22]","[]"
1246,284500,14738124,361102,11444.1,11500.5,3.38179e+11,1.74563,0.97076,1,1,1,0.998343,0.95972,1,1,0,0,1,"[0]","[1]","[57569.1]","[-1.12083]","[-1.03382]","[97677.8]","[0.0874748]","[1]","[11]","[1]","[0]","[15.4265]","[0.0128839]","[1.08635]",381942,-0.987332,3,"[345481,91480.2,23267.9]","[-1.44766,0.912099,1.19293]","[1.98268,2.88714,1.86888]","[775720,132953,42172.9]","[0.980307,0.995743,1]","[0,0,0]","[0,0,0]","[-0.909508,-0.950752,-0.443854]",0,"[]","[]","[]","[]","[]","[]","[]","[]","[]","[]",1,"[347722]","[-1.43419]","[1.98064]","[771447]","[26455.9]","[0]","[2.46089]","[0.806733]",0,"[]","[]","[]","[]","[]","[]","[]","[]","[]","[]",0,"[206.859]",5019.41,"[6106.01,3122.21,1657.42]","[]","[8147.53]","[]"
1247,284500,14557102,361102,11449.4,11500.5,3.38179e+11,0.596562,0.96988,1,1,1,0.997898,1.00441,1,1,0,0,1,"[0]","[1]","[71515.8]","[1.55864]","[1.1519]","[177458]","[0.0632629]","[1]","[11]","[1]","[0]","[183.898]","[-0.0279115]","[2.90646]",260748,1.15773,2,"[332947,36336.1]","[1.77575,1.34959]","[-1.93043,-2.30877]","[1.01146e+06,75183.5]","[0.993,0.996385]","[0,0]","[0,0]","[-0.913631,-0.842999]",0,"[]","[]","[]","[]","[]","[]","[]","[]","[]","[]",1,"[344828]","[1.79157]","[-1.92679]","[1.06312e+06]","[13230.9]","[0]","[2.24021]","[0.167046]",0,"[]","[]","[]","[]","[]","[]","[]","[]","[]","[]",0,"[729.16]",18757.8,"[5940.61,3350.21]","[]","[22734.9]","[]"
1248,284500,14737292,361102,11452.6,11500.5,3.38179e+11,0.596562,1,0.998264,1,1,0.999441,0.826478,1,0,1,0,1,"[0]","[1]","[39326.4]","[0.306747]","[-1.69949]","[41191.2]","[-0.00892639]","[1]","[13]","[1]","[0]","[132.694]","[-0.00335807]","[0.592692]",241018,-1.53013,2,"[291517,75556]","[0.637105,-0.321859]","[1.31617,-2.85329]","[353023,80650.6]","[1,0.999884]","[0,0]","[0,0]","[-0.918811,-0.947889]",0,"[]","[]","[]","[]","[]","[]","[]","[]","[]","[]",1,"[282927]","[0.665359]","[1.31823]","[348098]","[11800.5]","[0]","[1.41677]","[0.231681]",0,"[]","[]","[]","[]","[]","[]","[]","[]","[]","[]",0,"[212.304]",12750.2,"[7768.63,2444.13]","[]","[3167.56]","[]"
1249,284500,14074130,361102,11466.2,11500.5,3.38179e+11,1.74563,1,0.995149,1,1,0.997604,1.04855,1,0,1,0,1,"[0]","[1]","[155950]","[-0.802977]","[-0.383445]","[208986]","[0.00952911]","[1]","[13]","[1]","[0]","[1060.42]","[0.0326419]","[6.42801]",226956,-0.487308,2,"[352718,28228.7]","[0.039105,-1.49351]","[2.73625,-2.80666]","[353292,66150.6]","[0.998254,1]","[0,0]","[0,0]","[-0.54314,-0.721539]",0,"[]","[]","[]","[]","[]","[]","[]","[]","[]","[]",1,"[347512]","[0.00203955]","[2.73305]","[347914]","[16711]","[0]","[2.14053]","[0.297698]",0,"[]","[]","[]","[]","[]","[]","[]","[]","[]","[]",0,"[415.001]",5346.23,"[6205.86,3235.65]","[]","[336.344]","[]"
1250,284500,13938925,361102,11454.7,11500.5,3.38179e+11,0.596562,1,0.993333,1,1,0.989636,1.0177,1,0,1,0,1,"[0]","[1]","[119679]","[1.67071]","[-2.76838]","[329359]","[-0.329517]","[1]","[13]","[0]","[0]","[411.08]","[0.0535383]","[9.37962]",103901,-3.00495,3,"[279500,98442,24327.5]","[1.06679,-0.155874,-1.27027]","[-0.0159366,2.44443,0.156333]","[454555,100035,46873]","[0.993042,0.994485,0.99]","[0,4,4]","[0,0,0]","[-0.831934,-0.304795,0.384318]",0,"[]","[]","[]","[]","[]","[]","[]","[]","[]","[]",1,"[264364]","[1.08659]","[-0.0150415]","[436580]","[12523.2]","[0]","[3.01139]","[0.388228]",0,"[]","[]","[]","[]","[]","[]","[]","[]","[]","[]",0,"[4913.92]",9799.2,"[8544.96,3749.77,1169.89]","[]","[3414.34]","[]"
1251,284500,14710023,361102,11458.8,11500.5,3.38179e+11,1.1961,0.97209,1,1,1,0.98902,0.99756,1,1,0,0,1,"[0]","[1]","[69057.2]","[0.0472134]","[2.84495]","[69134.2]","[-0.0125942]","[1]","[11]","[1]","[0]","[128.328]","[-0.0378637]","[5.48518]",200704,3.03509,1,"[277123]","[-1.03013]","[-0.0745109]","[438129]","[1]","[4]","[0]","[-0.931214]",0,"[]","[]","[]","[]","[]","[]","[]","[]","[]","[]",1,"[257364]","[-1.03654]","[-0.0830753]","[408523]","[7642.55]","[0]","[3.84925]","[0.600148]",0,"[]","[]","[]","[]","[]","[]","[]","[]","[]","[]",0,"[251.761]",8626.73,"[3946.32]","[]","[14321.6]","[]"
1252,284500,14557083,361102,11449.4,11500.5,3.38179e+11,0.596562,1,1,1,1,0.999326,1,1,1,0,0,1,"[0]","[1]","[185298]","[0.30851]","[0.70536]","[194186]","[0.356293]","[1]","[11]","[0]","[11412.9]","[9196.06]","[-0.0403096]","[2.66923]",202962,-0.0997783,2,"[389881,31967.9]","[1.15914,2.14547]","[-2.87867,-0.31845]","[685398,138481]","[0.999628,0.996682]","[0,15]","[0,1]","[-0.905535,-0.90418]",0,"[]","[]","[]","[]","[]","[]","[]","[]","[]","[]",1,"[384708]","[1.16377]","[-2.87524]","[678808]","[61814.2]","[0]","[1.4215]","[0.645811]",0,"[]","[]","[]","[]","[]","[]","[]","[]","[]","[]",0,"[2542.45]",4281.44,"[4988.34,5612.3]","[]","[26597.7]","[]"
1253,284500,14909524,361102,11457.5,11500.5,3.38179e+11,1.08735,0.94772,1,1,1,0.988438,0.9423,1,1,0,0,1,"[0]","[1]","[42071]","[-1.3235]","[0.423222]","[84620.2]","[-0.0510368]","[1]","[11]","[1]","[0]","[149.501]","[0.0175578]","[1.51586]",110250,0.156103,3,"[255015,103382,49535.4]","[-0.740947,-0.956649,-0.306546]","[3.08396,-0.387083,-0.881514]","[329435,155329,52165.6]","[0.997093,0.98464,1]","[4,0,0]","[0,0,0]","[0.165357,-0.81641,-0.941749]",0,"[]","[]","[]","[]","[]","[]","[]","[]","[]","[]",1,"[251559]","[-0.730091]","[3.08299]","[322773]","[27072.8]","[0]","[1.4354]","[0.618931]",0,"[]","[]","[]","[]","[]","[]","[]","[]","[]","[]",0,"[249.366]",5217.72,"[6348.04,6440.4,5151.96]","[]","[17031.4]","[]"
1254,284500,14941465,361102,11453.9,11500.5,3.38179e+11,0.934886,0.97199,1,1,1,1.03959,0.99121,1,1,0,0,1,"[0]","[1]","[43118.8]","[0.271687]","[0.341206]","[44720]","[-0.0405827]","[1]","[11]","[1]","[0]","[-118.961]","[0.0150856]","[1.55951]",232438,0.293959,2,"[239452,35294.3]","[1.57048,1.39029]","[-2.86795,-2.47562]","[601750,75307.2]","[0.990693,0.984146]","[5,5]","[0,0]","[-0.339868,-0.952687]",0,"[]","[]","[]","[]","[]","[]","[]","[]","[]","[]",1,"[252140]","[1.56146]","[-2.82448]","[629136]","[48381.4]","[0]","[1.37747]","[0.544467]",0,"[]","[]","[]","[]","[]","[]","[]","[]","[]","[]",0,"[101.333]",4234.06,"[8598.29,4316.41]","[]","[1994.66]","[]"
1255,284500,14983515,361102,11452.3,11500.5,3.38179e+11,0.506784,0.98697,1,1,1,0.994481,1.00582,1,1,0,0,1,"[0]","[1]","[212818]","[-0.2872]","[0.392817]","[221655]","[-0.117899]","[1]","[11]","[1]","[0]","[1185.11]","[-0.0423564]","[5.64023]",163330,0.0461081,4,"[480969,160332,29448.4,27018.1]","[-1.59618,-1.47925,-2.02484,1.50454]","[3.09786,-0.670797,-3.05488,-0.362491]","[1.23636e+06,370526,113550,64028.4]","[0.994787,0.99839,0.994314,0.947875]","[0,0,0,0]","[0,0,0,0]","[-0.907828,-0.66974,-0.659995,-0.867863]",0,"[]","[]","[]","[]","[]","[]","[]","[]","[]","[]",1,"[521044]","[-1.62554]","[3.10078]","[1.37714e+06]","[76276.8]","[0]","[2.56806]","[0.832308]",0,"[]","[]","[]","[]","[]","[]","[]","[]","[]","[]",0,"[2133.36]",25209.9,"[29302.8,5082.25,2812.24,1820.39]","[]","[20466.9]","[]"
1256,284500,14941421,361102,11453.9,11500.5,3.38179e+11,0.934886,0.98413,1,1,1,0.996689,0.99866,1,1,0,0,1,"[0]","[1]","[86057.6]","[-0.877051]","[1.71335]","[121333]","[-0.0729904]","[1]","[11]","[1]","[0]","[423.821]","[0.0140938]","[1.04353]",269968,1.88971,3,"[285101,32054.8,31503.9]","[-1.61042,-1.32486,-1.34399]","[-1.34338,-1.07565,-0.575847]","[743258,64704.3,64630.4]","[0.99,0.648794,0.989062]","[0,0,0]","[0,0,0]","[-0.666937,-0.864622,-0.63432]",0,"[]","[]","[]","[]","[]","[]","[]","[]","[]","[]",1,"[309061]","[-1.60889]","[-1.28117]","[808614]","[93818.8]","[0]","[1.73133]","[0.636511]",0,"[]","[]","[]","[]","[]","[]","[]","[]","[]","[]",0,"[348.118]",19759.1,"[12111,6662.68,7189.78]","[]","[2359.06]","[]"
1257,284500,14913774,361102,11460.4,11500.5,3.38179e+11,1.25133,1,0.988987,1,1,0.989574,0.993179,1,0,1,0,1,"[0]","[1]","[40134.8]","[-1.61593]","[-0.499281]","[104978]","[-0.00581741]","[1]","[13]","[1]","[0]","[693.853]","[-0.0404769]","[4.78988]",236716,-0.207151,1,"[265815]","[-1.36686]","[2.85123]","[555484]","[1]","[4]","[0]","[-0.839907]",0,"[]","[]","[]","[]","[]","[]","[]","[]","[]","[]",1,"[259528]","[-1.36079]","[2.85299]","[539357]","[10093.4]","[0]","[3.22019]","[0.512697]",0,"[]","[]","[]","[]","[]","[]","[]","[]","[]","[]",0,"[369.591]",7077.12,"[7677.41]","[]","[6884.67]","[]"
1258,284500,14019339,361102,11458.1,11500.5,3.38179e+11,0.596562,0.97135,1,1,1,0.987243,1.0044,1,1,0,0,1,"[0]","[1]","[75249.5]","[1.78528]","[0.0201622]","[230602]","[0.0500793]","[1]","[11]","[1]","[1025.06]","[357.244]","[-0.0437389]","[2.05759]",302198,0.310563,2,"[173775,171028]","[1.59364,2.00721]","[-2.68895,-2.89351]","[445520,648010]","[0.989591,0.99682]","[4,0]","[0,0]","[0.708964,-0.864512]",0,"[]","[]","[]","[]","[]","[]","[]","[]","[]","[]",1,"[333008]","[1.84345]","[-2.78607]","[1.08208e+06]","[89451.6]","[0]","[0.844064]","[0.553281]",0,"[]","[]","[]","[]","[]","[]","[]","[]","[]","[]",0,"[322.849]",8611.53,"[3360.89,8051.2]","[]","[22553.2]","[]"
1259,284500,14002394,361102,11452.3,11500.5,3.38179e+11,0,0.97996,1,1,1,0.999389,1.01265,1,1,0,0,1,"[0]","[1]","[185685]","[1.65325]","[-0.127282]","[502775]","[0.098896]","[1]","[11]","[1]","[0]","[1249.16]","[0.0558408]","[3.46702]",125260,0.158171,1,"[296252]","[0.984958]","[-3.14096]","[452350]","[0.998201]","[0]","[0]","[-0.938513]",0,"[]","[]","[]","[]","[]","[]","[]","[]","[]","[]",1,"[292312]","[0.963562]","[3.13997]","[439082]","[14577.7]","[0]","[3.02293]","[0.521079]",0,"[]","[]","[]","[]","[]","[]","[]","[]","[]","[]",0,"[2851.08]",4176.1,"[5544.98]","[]","[27340.3]","[]"
1260,284500,14859239,361102,11449.2,11500.5,3.38179e+11,1.74563,1,0.996715,1,1,0.998549,0.933914,1,0,1,0,1,"[0]","[1]","[60229.1]","[0.458184]","[-0.0280618]","[66662.6]","[-0.00361061]","[1]","[13]","[1]","[0]","[-336.423]","[-0.0043409]","[0.570684]",129206,-0.0752307,4,"[264672,83335.6,28162.8,21387.3]","[0.262805,-1.72507,-0.79928,-0.0571645]","[-2.61944,1.14705,1.78393,1.33783]","[276422,241630,37970,22016.3]","[0.990755,1,0.990141,0.843845]","[0,0,0,0]","[0,0,0,0]","[-0.904036,-0.917143,-0.86498,-0.822098]",0,"[]","[]","[]","[]","[]","[]","[]","[]","[]","[]",1,"[279224]","[0.270035]","[-2.61618]","[293134]","[46223.6]","[0]","[2.07432]","[0.818127]",0,"[]","[]","[]","[]","[]","[]","[]","[]","[]","[]",0,"[768.317]",1599.59,"[5022.68,4971.79,4156.01,1721.01]","[]","[28741.8]","[]"
1261,284500,13953510,361102,11455.7,11500.5,3.38179e+11,0.596562,1,0.995262,1,1,0.997906,1.00183,1,0,1,0,1,"[0]","[1]","[49093.9]","[-1.66294]","[1.33478]","[134134]","[0.100894]","[1]","[13]","[1]","[2875.34]","[265.804]","[-0.103848]","[13.5683]",242406,1.08034,4,"[413092,61185.5,31139.2,28519.9]","[-1.57367,0.115889,-0.591298,0.315182]","[-1.84551,1.46277,2.09602,1.9538]","[1.03962e+06,62805.5,37340,30156.8]","[0.99965,0.965092,0.993663,0.92493]","[0,0,0,0]","[0,0,0,0]","[-0.928818,-0.92294,-0.502555,-0.850503]",0,"[]","[]","[]","[]","[]","[]","[]","[]","[]","[]",1,"[401797]","[-1.57671]","[-1.84701]","[1.01391e+06]","[22091.8]","[0]","[2.38784]","[0.661808]",0,"[]","[]","[]","[]","[]","[]","[]","[]","[]","[]",0,"[319.444]",22021.7,"[17323.6,1922.68,2893.1,2103.34]","[]","[3915.25]","[]"
1262,284500,14624531,361102,11457.7,11500.5,3.38179e+11,1.74563,0.96558,1,1,1,0.998556,0.99746,1,1,0,0,1,"[0]","[1]","[67898.7]","[-1.55347]","[2.57778]","[167688]","[0.00528717]","[1]","[11]","[1]","[0]","[-985.744]","[0.0355937]","[1.97144]",303865,2.64816,2,"[416344,34212.6]","[0.0915012,0.43633]","[-0.543591,-0.887173]","[419570,37945]","[0.636534,0.974564]","[0,0]","[0,0]","[-0.387269,-0.890669]",0,"[]","[]","[]","[]","[]","[]","[]","[]","[]","[]",1,"[434232]","[0.133206]","[-0.556438]","[445518]","[81013.3]","[0]","[3.26011]","[0.711542]",0,"[]","[]","[]","[]","[]","[]","[]","[]","[]","[]",0,"[614.536]",3541.91,"[4474.81,1928.62]","[]","[17336.5]","[]"
1263,284500,14011236,361102,11450.4,11500.5,3.38179e+11,1.08735,0.96615,1,1,1,0.99608,0.98962,1,1,0,0,1,"[0]","[1]","[71831.6]","[1.27135]","[-1.13491]","[138136]","[0.0240059]","[1]","[11]","[1]","[1135.83]","[-909.746]","[-0.0069375]","[0.773961]",504384,-0.897898,2,"[544969,26632.2]","[1.33633,1.85361]","[2.22119,2.36148]","[1.10876e+06,87139.1]","[0.895133,0.972172]","[0,0]","[0,0]","[-0.826835,-0.820735]",0,"[]","[]","[]","[]","[]","[]","[]","[]","[]","[]",1,"[535545]","[1.317]","[2.22334]","[1.07147e+06]","[26807.6]","[0]","[3.29566]","[0.635185]",0,"[]","[]","[]","[]","[]","[]","[]","[]","[]","[]",0,"[329.805]",18860,"[19386.4,1986.14]","[]","[48245.2]","[]"
1264,284500,14106414,361102,11457.5,11500.5,3.38179e+11,0.923924,1,1.00087,1,1,0.999447,0.997967,1,0,1,0,1,"[0]","[1]","[73355.9]","[1.40336]","[-0.61094]","[158251]","[-0.00403214]","[1]","[13]","[1]","[0]","[-156.205]","[-0.0548795]","[8.03105]",227765,-0.442272,1,"[274631]","[0.833567]","[2.28708]","[375829]","[1]","[0]","[0]","[-0.967374]",0,"[]","[]","[]","[]","[]","[]","[]","[]","[]","[]",1,"[271927]","[0.843457]","[2.28824]","[374611]","[7993.08]","[0]","[5.75942]","[0.572973]",0,"[]","[]","[]","[]","[]","[]","[]","[]","[]","[]",0,"[1525.2]",8779.69,"[7341.01]","[]","[14114.3]","[]"
1265,284500,14088409,361102,11462.3,11500.5,3.38179e+11,0.596562,1,0.995148,1,1,0.986465,0.980912,1,0,1,0,1,"[0]","[1]","[257144]","[-0.520933]","[3.05629]","[292830]","[-0.0327454]","[1]","[13]","[1]","[0]","[-308.852]","[-0.0181665]","[3.87939]",140833,3.12385,3,"[358972,26649.6,20539.2]","[-0.236556,0.989185,-2.0851]","[-0.0657724,-0.139442,-0.515308]","[370146,41066.2,84027.3]","[0.980503,0.940121,0.985757]","[4,5,0]","[0,0,0]","[0.229363,0.960003,-0.617882]",0,"[]","[]","[]","[]","[]","[]","[]","[]","[]","[]",1,"[370133]","[-0.194366]","[-0.0732192]","[378808]","[35438.4]","[0]","[2.13511]","[0.511475]",0,"[]","[]","[]","[]","[]","[]","[]","[]","[]","[]",0,"[9493.57]",6843.16,"[8186.1,1692.68,2341.98]","[]","[13340.1]","[]"
1266,284500,13992461,361102,11454.5,11500.5,3.38179e+11,0.934886,1,0.991474,1,1,0.986891,0.75481,1,0,1,0,1,"[0]","[1]","[169490]","[-0.190508]","[-2.96687]","[172575]","[-0.00335693]","[1]","[13]","[1]","[0]","[344.141]","[0.00636609]","[0.985288]",388833,-2.76229,2,"[515482,38824]","[0.783677,0.83267]","[0.283558,0.78074]","[685896,53273.1]","[1,1]","[4,0]","[0,0]","[-0.0739738,-0.927543]",0,"[]","[]","[]","[]","[]","[]","[]","[]","[]","[]",1,"[536179]","[0.727202]","[0.327842]","[691243]","[97655.3]","[0]","[1.64082]","[0.720923]",0,"[]","[]","[]","[]","[]","[]","[]","[]","[]","[]",0,"[4670.2]",11513.8,"[8875.04,5357.53]","[]","[17729.2]","[]"
1267,284500,14970339,361102,11459.9,11500.5,3.38179e+11,1.74563,1,0.998104,1,1,0.998681,0.817584,1,0,1,0,1,"[0]","[1]","[73422.7]","[-0.702276]","[2.5576]","[92284.9]","[0.0143137]","[1]","[13]","[1]","[0]","[213.694]","[-0.0400376]","[5.76515]",164208,2.45298,2,"[254208,24523.7]","[1.54509,-0.0596666]","[-0.736688,1.56762]","[623248,25124.7]","[1,0.988642]","[0,0]","[0,0]","[-0.707789,-0.587671]",0,"[]","[]","[]","[]","[]","[]","[]","[]","[]","[]",1,"[251737]","[1.54914]","[-0.735971]","[619446]","[15291.1]","[0]","[2.94914]","[0.641754]",0,"[]","[]","[]","[]","[]","[]","[]","[]","[]","[]",0,"[1161.62]",1407.72,"[4030.09,1737.58]","[]","[1559.2]","[]"
1268,284500,14856597,361102,-11463.9,11500.5,3.38179e+11,0,0.98458,1,1,1,0.996033,1.00582,1,1,0,0,1,"[0]","[1]","[82355.9]","[-0.47743]","[2.00711]","[91921.6]","[0.106949]","[1]","[11]","[1]","[1334.03]","[471.155]","[-0.170625]","[12.406]",333017,1.84824,6,"[331115,37547.6,27970.1,26025.9,23003.7,21085.2]","[-1.09509,0.157133,1.82838,-0.733523,1.1488,-0.460954]","[-1.23269,-0.512098,-2.06215,-1.59793,2.79711,-0.875011]","[551725,38953.8,89430.4,33545.9,40159.6,23846]","[0.993626,0.999082,0.961568,0.993843,0.993688,0.963826]","[0,0,0,0,0,0]","[0,0,0,0,0,0]","[-0.970076,-0.80963,-0.685943,-0.502289,-0.656166,-0.72996]",0,"[]","[]","[]","[]","[]","[]","[]","[]","[]","[]",1,"[349173]","[-1.12919]","[-1.24113]","[598729]","[52008]","[0]","[2.22537]","[0.559503]",0,"[]","[]","[]","[]","[]","[]","[]","[]","[]","[]",0,"[254.642]",8849.25,"[12586.4,2061.94,2196.28,1965.06,3284.85,1170.63]","[]","[136.812]","[]"
1269,284500,13694202,361102,11454.9,11500.5,3.38179e+11,1.26205,0.97695,1,1,1,0.998094,0.98743,1,1,0,0,1,"[0]","[1]","[439588]","[-0.115013]","[2.36904]","[442498]","[0.0282135]","[1]","[11]","[1]","[0]","[133.558]","[0.0400634]","[7.44124]",133342,2.04557,1,"[565422]","[-0.217813]","[-0.861725]","[581880]","[1]","[0]","[0]","[-0.944874]",0,"[]","[]","[]","[]","[]","[]","[]","[]","[]","[]",2,"[573119,455528]","[-0.198675,-0.0889048]","[-0.866893,2.37367]","[587301,457354]","[57626.6,4748.77]","[0,1]","[1.80587,41.5139]","[0.637021,0.342584]",0,"[]","[]","[]","[]","[]","[]","[]","[]","[]","[]",0,"[2820.6]",7804.43,"[10458.9]","[]","[3880.06,15517.2]","[]"
1270,284500,14845468,361102,11454.5,11500.5,3.38179e+11,1.55465,1,0.997364,1,1,0.997709,0.823896,1,0,1,0,1,"[0]","[1]","[96727.6]","[-0.511065]","[2.34197]","[109637]","[-0.0325489]","[1]","[13]","[1]","[0]","[-531.619]","[0.0210535]","[4.95476]",284438,2.38338,3,"[428908,43402.6,27865.8]","[-0.0683571,1.27646,0.796397]","[-0.638297,2.68978,-2.35678]","[430072,84270.9,37684]","[1,0.999224,0.871819]","[0,0,0]","[0,0,0]","[-0.979841,-0.859079,-0.642668]",0,"[]","[]","[]","[]","[]","[]","[]","[]","[]","[]",1,"[425443]","[-0.0825155]","[-0.637368]","[426955]","[7333.93]","[0]","[0]","[-1]",0,"[]","[]","[]","[]","[]","[]","[]","[]","[]","[]",0,"[785.141]",27697,"[6867.09,3499.68,2001.23]","[]","[5582.56]","[]"
1271,284500,14865620,361102,11458.2,11500.5,3.38179e+11,1.08735,1,0.998104,1,1,0.996042,0.939151,1,0,1,0,1,"[0]","[1]","[49171.7]","[-0.991577]","[2.42747]","[75391.9]","[-0.00205231]","[1]","[13]","[1]","[0]","[-452.453]","[-0.0337421]","[4.38612]",243488,2.84663,3,"[258201,25900.8,22474.1]","[-0.56938,-1.62415,1.87252]","[-0.431498,-0.440019,1.1866]","[301674,68392.7,74878.1]","[0.994786,0.98406,0.990356]","[0,0,0]","[0,0,0]","[-0.926152,-0.676056,-0.670928]",0,"[]","[]","[]","[]","[]","[]","[]","[]","[]","[]",1,"[261869]","[-0.584332]","[-0.430043]","[308293]","[16284.2]","[0]","[3.12753]","[0.636581]",0,"[]","[]","[]","[]","[]","[]","[]","[]","[]","[]",0,"[209.741]",4471.31,"[4426.65,2836.06,4355.86]","[]","[0]","[]"
1272,284500,14850747,361102,11447.5,11500.5,3.38179e+11,1.08735,1,0.974256,1,1,0.999436,1.0086,1,0,1,0,1,"[0]","[1]","[53397.7]","[-1.72669]","[-2.27522]","[154851]","[0.157467]","[1]","[13]","[1]","[0]","[-56.5861]","[-0.037392]","[4.7883]",222755,-2.44343,1,"[260361]","[-0.950928]","[0.660518]","[387661]","[1]","[0]","[0]","[-0.969604]",0,"[]","[]","[]","[]","[]","[]","[]","[]","[]","[]",1,"[265721]","[-0.939004]","[0.65657]","[391958]","[13278.8]","[0]","[2.43286]","[0.469658]",0,"[]","[]","[]","[]","[]","[]","[]","[]","[]","[]",0,"[173.235]",7303.45,"[7989.11]","[]","[9175.78]","[]"
1273,284500,4146852,361102,11455.4,11500.5,3.38179e+11,1.55465,0.99211,1,1,1,0.999446,0.9918,1,1,0,0,1,"[0]","[1]","[202859]","[-0.762904]","[0.675042]","[264812]","[-0.0492001]","[1]","[11]","[1]","[0]","[-809.775]","[0.0043951]","[0.675353]",75691.7,0.303195,2,"[110285,41092.2]","[-0.490652,-0.355285]","[2.23251,-1.93128]","[125323,44497.8]","[0.99478,0.990351]","[0,0]","[0,0]","[-0.918132,-0.826542]",0,"[]","[]","[]","[]","[]","[]","[]","[]","[]","[]",1,"[266830]","[0.163172]","[-2.15873]","[286507]","[94739.7]","[0]","[1.50693]","[0.461302]",0,"[]","[]","[]","[]","[]","[]","[]","[]","[]","[]",0,"[1385.72]",5730.58,"[3800.35,2223.61]","[]","[884.031]","[]"
1274,284500,4393395,361102,11458,11500.5,3.38179e+11,1.08735,0.98413,1,1,1,0.999347,0.99866,1,1,0,0,1,"[0]","[1]","[115424]","[-1.1271]","[-2.24047]","[196836]","[0.00368118]","[1]","[11]","[1]","[0]","[-181.377]","[0.00652797]","[0.800057]",236677,-2.24792,2,"[301665,72227.1]","[0.355953,-1.52273]","[0.842159,1.61099]","[322152,173679]","[0.992857,0.996297]","[0,0]","[0,0]","[-0.905021,-0.896878]",0,"[]","[]","[]","[]","[]","[]","[]","[]","[]","[]",1,"[302257]","[0.379055]","[0.837361]","[325345]","[26878.4]","[0]","[1.43437]","[0.574586]",0,"[]","[]","[]","[]","[]","[]","[]","[]","[]","[]",0,"[1062.22]",1062.09,"[3678.71,4892.19]","[]","[1020.62]","[]"
1275,284500,4416507,361102,11450.7,11500.5,3.38179e+11,0.934886,1,0.989329,1,1,0.999167,0.890931,1,0,1,0,1,"[0]","[1]","[95875.2]","[-0.318818]","[1.20721]","[100789]","[-0.0178223]","[1]","[13]","[1]","[0]","[187.366]","[-0.00671856]","[1.19903]",211027,1.01701,3,"[59948.2,54683.4,28788]","[1.42727,-1.50092,-0.591605]","[1.26307,-1.88098,-1.21423]","[132360,129014,34454.8]","[0.952945,1,1]","[0,0,0]","[0,0,0]","[-0.498157,-0.307608,-0.689312]",0,"[]","[]","[]","[]","[]","[]","[]","[]","[]","[]",1,"[340778]","[0.344769]","[-2.33016]","[362372]","[28706.1]","[0]","[3.29043]","[0.656494]",0,"[]","[]","[]","[]","[]","[]","[]","[]","[]","[]",0,"[2255.5]",40458.7,"[5192.72,6951.84,1950.37]","[]","[3857.81]","[]"
1276,284500,4427458,361102,11456.4,11500.5,3.38179e+11,0.402058,0.97538,1,1,1,0.998875,1.01508,1,1,0,0,1,"[0]","[1]","[126340]","[-1.73043]","[0.804862]","[367668]","[0.0669403]","[1]","[11]","[1]","[0]","[-30.2504]","[0.0250557]","[1.62082]",119548,0.755705,4,"[326617,51188.5,48954.3,26413.7]","[0.030655,0.973124,-0.985059,0.18242]","[-2.56761,0.627586,-0.950413,0.875509]","[327267,77702.7,75110,27358.1]","[0.993302,0.994733,0.978897,0.974792]","[0,0,0,0]","[0,0,0,0]","[-0.563688,-0.523957,-0.967065,-0.69375]",0,"[]","[]","[]","[]","[]","[]","[]","[]","[]","[]",1,"[325328]","[-0.0251651]","[-2.56963]","[325986]","[19010.7]","[0]","[1.83525]","[0.472634]",0,"[]","[]","[]","[]","[]","[]","[]","[]","[]","[]",0,"[1508.77]",6177.1,"[5460.21,3134.13,2381.79,1775.95]","[]","[2432.88]","[]"
1277,284500,4436631,361102,11453.8,11500.5,3.38179e+11,0.596562,1,0.998909,1,1,0.99733,0.742399,1,0,1,0,1,"[0]","[1]","[63152.6]","[0.0226681]","[-2.67864]","[63169]","[-0.0600758]","[1]","[13]","[1]","[0]","[-219.492]","[0.0239712]","[3.13285]",378427,-3.07319,2,"[443560,29357.1]","[0.190622,1.31066]","[0.218422,-1.39253]","[451884,58608.4]","[0.990975,0.991759]","[0,0]","[0,0]","[-0.659075,-0.39595]",0,"[]","[]","[]","[]","[]","[]","[]","[]","[]","[]",1,"[424433]","[0.191489]","[0.221343]","[432560]","[16674.9]","[0]","[7.27444]","[0.594771]",0,"[]","[]","[]","[]","[]","[]","[]","[]","[]","[]",0,"[106.875]",11598.7,"[12799.7,2212.2]","[]","[9608.75]","[]"
1278,284500,4149677,361102,11451.9,11500.5,3.38179e+11,1.26205,0.95175,1,1,1,1.07327,0.9244,1,1,0,0,1,"[0]","[1]","[48062.5]","[1.33126]","[1.60752]","[97325.4]","[-0.0130768]","[1]","[11]","[1]","[1565.85]","[-577.246]","[-0.0106778]","[0.740643]",154034,2.24849,7,"[281216,104251,67414.6,38006,31310.1,30797.9,20679.7]","[0.984953,-0.943136,-0.462224,-0.862939,-1.37872,0.207853,-0.702172]","[-0.58701,-1.8957,-2.70045,2.26867,1.86468,0.203578,2.84788]","[429160,154597,75140,53939.2,66438,31746.2,26277.8]","[0.99647,1,0.937094,0.998363,0.822836,0.988227,0.940886]","[0,0,5,0,4,4,5]","[0,0,0,0,0,0,0]","[-0.759525,0.529607,0.974845,-0.700313,-0.811512,-0.855906,0.484542]",0,"[]","[]","[]","[]","[]","[]","[]","[]","[]","[]",1,"[278102]","[0.976269]","[-0.585503]","[421546]","[6324.76]","[0]","[5.36504]","[0.413677]",0,"[]","[]","[]","[]","[]","[]","[]","[]","[]","[]",0,"[157.148]",6806.5,"[8046.07,13895.2,4603.81,2428.14,7858.15,1648.24,1494.71]","[]","[41563.5]","[]"
1279,284500,4873912,361102,11458.4,11500.5,3.38179e+11,1.55465,0.97062,1,1,1,0.998458,0.98871,1,1,0,0,1,"[0]","[1]","[69811]","[-0.83566]","[2.37266]","[95638.3]","[0.0854263]","[1]","[11]","[1]","[0]","[1100.9]","[0.0267334]","[3.62403]",235263,2.26351,2,"[250820,45991.2]","[1.25858,2.06074]","[-0.828204,-1.10628]","[477787,183572]","[1,0.994408]","[0,0]","[0,0]","[0.27056,0.185364]",0,"[]","[]","[]","[]","[]","[]","[]","[]","[]","[]",1,"[275141]","[1.44491]","[-0.860724]","[622340]","[89053.1]","[0]","[1.47343]","[0.730293]",0,"[]","[]","[]","[]","[]","[]","[]","[]","[]","[]",0,"[262.485]",7317.56,"[8135.16,2244.52]","[]","[1444.84]","[]"
1280,284500,4473922,361102,11466.5,11500.5,3.38179e+11,1.08735,1,0.998983,1,1,1.10661,0.904017,1,0,1,0,1,"[0]","[1]","[27151.2]","[1.10506]","[-1.06717]","[45486.5]","[0.170097]","[1]","[13]","[1]","[0]","[104.178]","[0.0294344]","[2.5468]",66839.1,-0.557075,2,"[290192,42139.3]","[0.134008,-0.10462]","[2.12439,2.79664]","[293674,43131.7]","[0.99675,0.911991]","[4,0]","[0,0]","[0.959405,-0.867033]",0,"[]","[]","[]","[]","[]","[]","[]","[]","[]","[]",2,"[306417,281298]","[0.129792,1.32008]","[2.17566,-1.02208]","[315114,564120]","[61764.4,-0.00956832]","[0,0]","[2.55212,0]","[0.72826,-1]",0,"[]","[]","[]","[]","[]","[]","[]","[]","[]","[]",0,"[78.619]",9514.53,"[4084.92,7093.78]","[]","[22000.5,1691.41]","[]"
1281,284500,4908971,361102,11453.9,11500.5,3.38179e+11,0.934886,0.96445,1,1,1,0.985399,1.00001,1,1,0,0,1,"[0]","[1]","[47231.9]","[-1.94479]","[-2.23332]","[168504]","[0.0912247]","[1]","[11]","[1]","[0]","[954.421]","[0.00360801]","[0.242131]",347182,-2.27977,2,"[378364,22390.2]","[-0.00949374,0.617479]","[0.887286,0.235823]","[379080,27101.9]","[0.994976,0.992321]","[4,0]","[0,0]","[-0.98451,-0.15341]",0,"[]","[]","[]","[]","[]","[]","[]","[]","[]","[]",1,"[363885]","[-0.0392601]","[0.887422]","[364300]","[9894.25]","[0]","[3.72189]","[-1]",0,"[]","[]","[]","[]","[]","[]","[]","[]","[]","[]",0,"[796.395]",7752.59,"[8033.39,2172.13]","[]","[17025.3]","[]"
1282,284500,4918868,361102,11454.2,11500.5,3.38179e+11,0,1,0.995562,1,1,0.999132,0.93729,1,0,1,0,1,"[0]","[1]","[85442.6]","[0.357089]","[-2.39403]","[90948.3]","[0.0844526]","[1]","[13]","[1]","[4165.34]","[1102.02]","[-0.0281343]","[4.02878]",117970,-2.02568,3,"[249781,55471,28676.7]","[0.53543,0.19511,-0.782975]","[0.696115,-2.77014,2.20798]","[287058,57224.5,38562.2]","[0.997382,1,0.974855]","[0,0,0]","[0,0,0]","[-0.970975,-0.893739,-0.815313]",0,"[]","[]","[]","[]","[]","[]","[]","[]","[]","[]",1,"[252308]","[0.52501]","[0.697156]","[288152]","[12343.6]","[0]","[2.3584]","[0.21271]",0,"[]","[]","[]","[]","[]","[]","[]","[]","[]","[]",0,"[1883.04]",4662.07,"[9240.53,4677.08,1935.63]","[]","[0]","[]"
1283,284500,4198519,361102,11456.2,11500.5,3.38179e+11,1.08735,0.96558,1,1,1,0.997218,0.99746,1,1,0,0,1,"[0]","[1]","[78848.4]","[-1.57435]","[-0.60883]","[198491]","[-0.030941]","[1]","[11]","[1]","[0]","[3843.01]","[0.0117279]","[0.558415]",293209,-1.04352,3,"[293520,45678.1,26921.9]","[-1.80625,-0.0590425,2.3696]","[2.2823,2.4241,1.43809]","[917961,46202.5,145216]","[0.992417,0.998713,0.992441]","[0,0,0]","[0,0,0]","[-0.528551,-0.90502,-0.654282]",0,"[]","[]","[]","[]","[]","[]","[]","[]","[]","[]",1,"[292633]","[-1.8201]","[2.28026]","[927160]","[24369.8]","[0]","[1.81681]","[0.721101]",0,"[]","[]","[]","[]","[]","[]","[]","[]","[]","[]",0,"[837.51]",5823.22,"[7586.35,2340.45,2341.05]","[]","[12074.8]","[]"
1284,284500,4229821,361102,11457.5,11500.5,3.38179e+11,1.08735,0.97695,1,1,1,0.997982,0.98743,1,1,0,0,1,"[0]","[1]","[233376]","[-0.09527]","[0.639615]","[234436]","[-0.00362194]","[1]","[11]","[1]","[0]","[988.467]","[-0.0201271]","[1.97332]",116540,0.864902,2,"[363166,38193.3]","[-1.3843,-1.70728]","[-2.50191,-0.651026]","[770754,109053]","[0.999616,0.949601]","[0,0]","[0,0]","[-0.812786,-0.905175]",0,"[]","[]","[]","[]","[]","[]","[]","[]","[]","[]",1,"[356126]","[-1.38686]","[-2.50299]","[757467]","[22044]","[0]","[3.22903]","[0.776895]",0,"[]","[]","[]","[]","[]","[]","[]","[]","[]","[]",0,"[1776.49]",12732.2,"[13562.4,2135.03]","[]","[11009.3]","[]"
1285,284500,4257750,361102,11461.1,11500.5,3.38179e+11,0.00183436,0.94943,1,1,1,0.997726,0.93819,1,1,0,0,1,"[0]","[1]","[41619.4]","[1.16126]","[2.79192]","[72980.5]","[-0.0218029]","[1]","[11]","[1]","[3051.7]","[-659.105]","[-0.044935]","[5.62525]",261586,2.97701,3,"[222036,87741,21051.9]","[0.838493,0.185111,-2.30534]","[-0.10937,-0.580066,1.49148]","[305000,89757.5,106702]","[0.993935,0.992245,0.997368]","[0,0,0]","[0,0,0]","[-0.845202,-0.38231,-0.376122]",0,"[]","[]","[]","[]","[]","[]","[]","[]","[]","[]",1,"[276596]","[0.68262]","[-0.23681]","[358206]","[101313]","[0]","[0.476309]","[0.444541]",0,"[]","[]","[]","[]","[]","[]","[]","[]","[]","[]",0,"[80.3004]",13495.5,"[3692.07,2498.84,1489.32]","[]","[13372.7]","[]"
1286,284500,4343656,361102,11461.9,11500.5,3.38179e+11,1.25133,0.98697,1,1,1,1.06186,1.00582,1,1,0,0,1,"[0]","[1]","[602166]","[-0.0855728]","[0.614252]","[604372]","[-0.0503578]","[1]","[11]","[1]","[0]","[1493.95]","[-0.0111842]","[1.68477]",204073,0.611229,4,"[700536,61357.3,34574,24327.6]","[0.322202,1.93565,-0.357153,1.31954]","[-2.60462,-1.9014,-2.41208,-1.95018]","[748903,217299,37205.7,48981.1]","[1,1,0.969583,0.846898]","[0,0,0,0]","[0,0,0,0]","[-0.652934,0.925322,-0.916458,-0.705745]",0,"[]","[]","[]","[]","[]","[]","[]","[]","[]","[]",2,"[706286,601391]","[0.306476,-0.106724]","[-2.60841,0.615884]","[750590,604824]","[127303,2378.82]","[0,1]","[0.82749,0]","[0.578572,-1]",0,"[]","[]","[]","[]","[]","[]","[]","[]","[]","[]",0,"[10790.5]",30515.6,"[11818.1,2532.9,3663.7,1677.12]","[]","[52441.7,14847.4]","[]"
1287,284500,4287258,361102,11463.1,11500.5,3.38179e+11,1.08735,0.99093,1,1,1,0.998935,1.00306,1,1,0,0,1,"[0]","[1]","[101697]","[0.955136]","[0.503782]","[151720]","[0.0194743]","[1]","[11]","[1]","[0]","[-658.796]","[-0.00688564]","[0.894183]",243656,0.342008,1,"[261431]","[1.81301]","[-3.03304]","[822731]","[1]","[0]","[0]","[-0.869617]",0,"[]","[]","[]","[]","[]","[]","[]","[]","[]","[]",1,"[263989]","[1.80944]","[-3.02972]","[827932]","[19379.6]","[0]","[1.98278]","[0.442353]",0,"[]","[]","[]","[]","[]","[]","[]","[]","[]","[]",0,"[662.324]",10127.6,"[9670.27]","[]","[11491.4]","[]"
1288,284500,4345344,361102,11448.4,11500.5,3.38179e+11,0.164755,0.93894,1,1,1,0.99873,0.99124,1,1,0,0,1,"[0]","[1]","[34638.8]","[2.28584]","[2.19601]","[172079]","[-0.0566902]","[1]","[11]","[1]","[1265.94]","[49.3819]","[-0.0121759]","[0.877248]",275938,2.78073,2,"[261443,23624.6]","[1.32539,0.407182]","[-0.593267,1.596]","[527619,26106.5]","[0.996685,0.99396]","[0,0]","[0,0]","[-0.799794,-0.929914]",0,"[]","[]","[]","[]","[]","[]","[]","[]","[]","[]",1,"[319904]","[1.45355]","[-0.558779]","[725594]","[75017.1]","[0]","[1.24466]","[0.479766]",0,"[]","[]","[]","[]","[]","[]","[]","[]","[]","[]",0,"[158.644]",9784.75,"[8900.33,3649.06]","[]","[21917.1]","[]"
1289,284500,4451517,361102,11455.4,11500.5,3.38179e+11,0.402058,0.98413,1,1,1,0.997814,0.99866,1,1,0,0,1,"[0]","[1]","[132278]","[-0.984585]","[-0.0888304]","[201744]","[0.0652771]","[1]","[11]","[1]","[0]","[-940.629]","[-0.0105026]","[0.699879]",156253,-0.0518464,2,"[279997,25653.9]","[-0.285488,-2.35761]","[2.95967,-2.61304]","[292990,136765]","[1,0.981991]","[0,0]","[0,0]","[-0.776646,-0.691118]",0,"[]","[]","[]","[]","[]","[]","[]","[]","[]","[]",1,"[274652]","[-0.251549]","[2.95465]","[284950]","[29796.2]","[0]","[1.73007]","[0.667217]",0,"[]","[]","[]","[]","[]","[]","[]","[]","[]","[]",0,"[949.727]",2104.89,"[3150.75,3742.81]","[]","[8810.06]","[]"
1290,284500,4541657,361102,11455.3,11500.5,3.38179e+11,1.08735,1,1.00099,1,1,0.998789,0.959618,1,0,1,0,1,"[0]","[1]","[44499.3]","[1.19556]","[-0.851684]","[80275.2]","[-0.175821]","[1]","[13]","[0]","[0]","[795.393]","[-0.0456615]","[5.85133]",238062,-0.626535,3,"[199699,68316.9,22820.6]","[0.971067,0.784211,-0.38185]","[2.46364,2.85327,1.92647]","[303106,90455.7,24960.8]","[0.99,0.99818,0.999541]","[0,0,0]","[0,0,0]","[-0.111514,-0.859726,-0.741415]",0,"[]","[]","[]","[]","[]","[]","[]","[]","[]","[]",1,"[285724]","[0.944289]","[2.54945]","[428349]","[68339]","[0]","[0.892544]","[0.489234]",0,"[]","[]","[]","[]","[]","[]","[]","[]","[]","[]",0,"[261.093]",2234.39,"[2675.6,3537.72,1710.2]","[]","[5150.34]","[]"
1291,284500,4458786,361102,11458.7,11500.5,3.38179e+11,0.164755,0.98697,1,1,1,0.999057,1.00582,1,1,0,0,1,"[0]","[1]","[192080]","[-0.355864]","[2.86569]","[204371]","[0.0321083]","[1]","[11]","[1]","[0]","[750.352]","[-0.00237124]","[0.353348]",89597.9,3.00947,2,"[290818,27691.2]","[-0.608645,0.460455]","[-0.316267,1.62197]","[347072,31226.1]","[0.99,0.98889]","[0,0]","[0,0]","[-0.882091,-0.871627]",0,"[]","[]","[]","[]","[]","[]","[]","[]","[]","[]",1,"[276554]","[-0.639407]","[-0.315716]","[335603]","[19440.1]","[0]","[3.73656]","[0.399264]",0,"[]","[]","[]","[]","[]","[]","[]","[]","[]","[]",0,"[884.425]",10114.2,"[11726.9,5889.59]","[]","[2016.22]","[]"
1292,284500,4509794,361102,11455.5,11500.5,3.38179e+11,0.934886,0.97245,1,1,1,0.986452,1,1,1,0,0,1,"[0]","[1]","[97419.5]","[1.35435]","[2.88]","[201286]","[0.113304]","[1]","[11]","[0]","[0]","[50.6794]","[0.102973]","[10.001]",347298,2.86966,3,"[382818,82052.9,34317.8]","[1.06839,1.0909,-1.57994]","[-0.109462,-0.683302,-2.14315]","[624719,136546,87015.8]","[0.993331,0.99,0.997782]","[4,0,0]","[0,0,0]","[-0.827551,-0.824039,-0.382636]",0,"[]","[]","[]","[]","[]","[]","[]","[]","[]","[]",1,"[425169]","[1.08399]","[-0.177648]","[707646]","[101006]","[0]","[1.57346]","[0.801001]",0,"[]","[]","[]","[]","[]","[]","[]","[]","[]","[]",0,"[1206.86]",3726.12,"[4828.62,2525.55,2019.49]","[]","[23673.5]","[]"
1293,284500,4549548,361102,11458.6,11500.5,3.38179e+11,0,0.97949,1,1,1,0.988568,0.99672,1,1,0,0,1,"[0]","[1]","[71637]","[1.07777]","[0.901948]","[117430]","[-0.0755119]","[1]","[11]","[1]","[2686.99]","[-939.597]","[-0.0629278]","[8.15957]",220155,0.93538,2,"[236809,58712.1]","[1.05365,1.27701]","[-2.03465,-2.43862]","[382078,113721]","[0.92292,0.928365]","[4,0]","[0,0]","[0.54205,-0.927084]",0,"[]","[]","[]","[]","[]","[]","[]","[]","[]","[]",1,"[282524]","[1.10883]","[-2.10329]","[478926]","[63117.5]","[0]","[1.6158]","[0.846957]",0,"[]","[]","[]","[]","[]","[]","[]","[]","[]","[]",0,"[316.683]",9270.59,"[6372.8,2357.46]","[]","[16011.7]","[]"
1294,284500,4305151,361102,11453.6,11500.5,3.38179e+11,1.24168,0.97828,1,1,1,0.997823,1.0005,1,1,0,0,1,"[0]","[1]","[182550]","[2.10976]","[-1.54979]","[763745]","[0.0568008]","[1]","[11]","[1]","[0]","[-1435.98]","[-0.0188594]","[1.31024]",188933,-1.29208,3,"[388947,34578,23604.1]","[1.68467,-1.13817,-0.655186]","[1.72384,-1.19555,1.75023]","[1.08551e+06,59910.7,29161.9]","[0.996435,1,0.688341]","[0,0,0]","[0,0,0]","[-0.926961,-0.343575,-0.845041]",0,"[]","[]","[]","[]","[]","[]","[]","[]","[]","[]",1,"[370591]","[1.7173]","[1.7106]","[1.06609e+06]","[42046.2]","[0]","[2.06417]","[0.721238]",0,"[]","[]","[]","[]","[]","[]","[]","[]","[]","[]",0,"[2052.17]",2506.98,"[9029.26,3162.73,2862.83]","[]","[28381]","[]"
1295,284500,4555389,361102,11460.7,11500.5,3.38179e+11,0.596562,1,0.988856,1,1,0.997381,0.976685,1,0,1,0,1,"[0]","[1]","[28250.2]","[-1.80119]","[-1.29929]","[87885.8]","[-0.295578]","[1]","[13]","[1]","[0]","[119.524]","[0.00473016]","[0.416533]",315129,-1.52392,3,"[265680,109824,33977.5]","[-1.61356,0.293549,-2.26122]","[1.75779,1.34565,-1.4343]","[694082,114970,164808]","[0.999977,0.98985,0.975154]","[0,0,0]","[0,0,0]","[-0.693852,-0.732659,-0.884377]",0,"[]","[]","[]","[]","[]","[]","[]","[]","[]","[]",1,"[277349]","[-1.59517]","[1.75914]","[712187]","[26842.6]","[0]","[2.23695]","[0.804699]",0,"[]","[]","[]","[]","[]","[]","[]","[]","[]","[]",0,"[194.977]",11017,"[6772.48,2293.66,5733.91]","[]","[2333.91]","[]"
1296,284500,4559456,361102,11455.8,11500.5,3.38179e+11,0.402058,1,0.996458,1,1,0.999018,0.9198,1,0,1,0,1,"[0]","[1]","[44891]","[0.701857]","[-0.800092]","[56409.2]","[0.0195446]","[1]","[13]","[1]","[0]","[336.072]","[0.019792]","[3.32289]",248922,-0.727293,2,"[371076,75371.4]","[0.565142,1.36912]","[2.44195,-0.543029]","[432673,158329]","[1,1]","[0,0]","[0,0]","[-0.432522,-0.835938]",0,"[]","[]","[]","[]","[]","[]","[]","[]","[]","[]",1,"[344545]","[0.568691]","[2.44412]","[402271]","[19941.9]","[0]","[3.7836]","[0.716054]",0,"[]","[]","[]","[]","[]","[]","[]","[]","[]","[]",0,"[142.977]",5113.67,"[5223.11,2794.67]","[]","[8650.34]","[]"
1297,284500,4803687,361102,11450.3,11500.5,3.38179e+11,0.506784,0.97245,1,1,1,1.00682,0.99544,1,1,0,0,1,"[0]","[1]","[87379.4]","[1.28232]","[-1.32543]","[169621]","[0.0647125]","[1]","[11]","[1]","[0]","[961.975]","[0.00215923]","[0.179475]",416273,-1.12519,3,"[435798,47781.8,27011.3]","[0.399092,-0.723574,-1.50634]","[2.0415,1.36801,1.97071]","[471372,61288.8,64119.8]","[0.984919,0.981458,0.980149]","[5,5,0]","[0,0,0]","[-0.818855,0.44744,-0.862002]",0,"[]","[]","[]","[]","[]","[]","[]","[]","[]","[]",1,"[419845]","[0.373989]","[2.04009]","[450276]","[25548.5]","[0]","[2.90238]","[0.461484]",0,"[]","[]","[]","[]","[]","[]","[]","[]","[]","[]",0,"[544.811]",4841.62,"[5734.49,3614.28,1950.35]","[]","[19443.3]","[]"
1298,284500,4723910,361102,11455,11500.5,3.38179e+11,0.402058,0.89853,1,1,1,0.999131,1.02307,1,1,0,0,1,"[0]","[1]","[37210.1]","[-2.3897]","[0.722775]","[204691]","[0.338428]","[1]","[11]","[1]","[1324.08]","[498.519]","[0.0127248]","[0.350104]",279653,1.0545,1,"[318769]","[-1.227]","[-2.12199]","[591219]","[0.998289]","[0]","[0]","[-0.856827]",0,"[]","[]","[]","[]","[]","[]","[]","[]","[]","[]",1,"[315097]","[-1.22498]","[-2.12502]","[583107]","[24479.5]","[0]","[2.06332]","[0.694736]",0,"[]","[]","[]","[]","[]","[]","[]","[]","[]","[]",0,"[187.02]",26584.1,"[7123.38]","[]","[5217.81]","[]"
1299,284500,4714479,361102,11462.4,11500.5,3.38179e+11,1.74563,1,0.997881,1,1,0.997392,0.991244,1,0,1,0,1,"[0]","[1]","[68778.7]","[-1.47603]","[-0.509297]","[158332]","[0.0426598]","[1]","[13]","[1]","[0]","[12.6823]","[0.0280512]","[4.30658]",355100,-0.361447,2,"[395171,28710.9]","[-1.21962,-1.58301]","[2.77909,2.44449]","[728088,72931.7]","[0.995107,0.810691]","[0,0]","[0,0]","[-0.950295,-0.678104]",0,"[]","[]","[]","[]","[]","[]","[]","[]","[]","[]",1,"[404520]","[-1.21087]","[2.77791]","[739523]","[24221.4]","[0]","[1.95898]","[0.628655]",0,"[]","[]","[]","[]","[]","[]","[]","[]","[]","[]",0,"[1012.27]",3173.91,"[5600.2,2548.62]","[]","[31463.8]","[]"
1300,284500,4836908,361102,11463.1,11500.5,3.38179e+11,1.08735,1,1.00043,1,1,0.99942,1.01957,1,0,1,0,1,"[0]","[1]","[71531.4]","[-1.51212]","[1.05101]","[170129]","[0.0506973]","[1]","[13]","[1]","[0]","[-567.293]","[0.00366107]","[0.472192]",184343,0.531514,1,"[252228]","[-0.775519]","[-2.48767]","[332328]","[0.992441]","[0]","[0]","[-0.905364]",0,"[]","[]","[]","[]","[]","[]","[]","[]","[]","[]",1,"[263862]","[-0.74987]","[-2.48012]","[341700]","[8706.12]","[0]","[5.37516]","[0.503117]",0,"[]","[]","[]","[]","[]","[]","[]","[]","[]","[]",0,"[1626.15]",782.562,"[3022.02]","[]","[1255.72]","[]"
1301,284500,4931287,361102,11455.7,11500.5,3.38179e+11,0.00133961,1,0.990941,1,1,0.998608,1.02719,1,0,1,0,1,"[0]","[1]","[35138.7]","[1.75475]","[-1.53709]","[104624]","[-0.0842438]","[1]","[13]","[1]","[0]","[221.004]","[-0.0177742]","[1.38428]",383620,-1.37974,2,"[441101,41877.6]","[0.361249,0.282144]","[1.82874,-0.508276]","[470661,43849.1]","[0.99,0.999592]","[0,0]","[0,0]","[-0.98019,-0.938935]",0,"[]","[]","[]","[]","[]","[]","[]","[]","[]","[]",1,"[429295]","[0.371825]","[1.82449]","[459874]","[22675.2]","[0]","[3.32134]","[0.261111]",0,"[]","[]","[]","[]","[]","[]","[]","[]","[]","[]",0,"[263.59]",3751.84,"[7088.56,2943.25]","[]","[17139.2]","[]"
1302,284500,4949796,361102,11458.8,11500.5,3.38179e+11,0.506784,1,1.00406,1,1,0.997047,1.01882,1,0,1,0,1,"[0]","[1]","[34716.6]","[1.45322]","[2.77258]","[78297.4]","[0.0129929]","[1]","[13]","[1]","[0]","[239.965]","[0.0182413]","[1.8038]",425448,3.13669,2,"[400521,20429.2]","[-0.843596,1.74493]","[-0.233941,-1.33839]","[551809,60376.3]","[0.988593,0.745081]","[0,0]","[0,0]","[-0.652333,-0.866464]",0,"[]","[]","[]","[]","[]","[]","[]","[]","[]","[]",1,"[432395]","[-0.826573]","[-0.234154]","[588855]","[13068.3]","[0]","[0.396932]","[-1]",0,"[]","[]","[]","[]","[]","[]","[]","[]","[]","[]",0,"[262.381]",29861,"[18316.8,1167.49]","[]","[48205.2]","[]"
1303,284500,4963222,361102,11458.6,11500.5,3.38179e+11,1.55465,0.97663,1,1,1,0.989596,1.00121,1,1,0,0,1,"[0]","[1]","[81444.7]","[-1.87213]","[0.00346149]","[271046]","[0.626572]","[1]","[11]","[1]","[0]","[-115.062]","[0.0329852]","[3.6968]",206029,0.152058,2,"[273657,66445.3]","[-1.50613,0.238646]","[3.04265,-1.93833]","[647709,69377.3]","[0.9933,0.945915]","[4,0]","[0,0]","[-0.665267,-0.924681]",0,"[]","[]","[]","[]","[]","[]","[]","[]","[]","[]",1,"[267176]","[-1.53372]","[3.04745]","[648282]","[17313.8]","[0]","[1.45345]","[0.591335]",0,"[]","[]","[]","[]","[]","[]","[]","[]","[]","[]",0,"[352.081]",8286.88,"[10821.4,3766.49]","[]","[28242.6]","[]"
1304,284500,5052103,361102,11457.6,11500.5,3.38179e+11,0.596562,0.9617,1,1,1,0.988935,0.97432,1,1,0,0,1,"[0]","[1]","[58303.9]","[0.113691]","[2.14131]","[58681.1]","[-1.90735e-05]","[1]","[11]","[1]","[0]","[1239.29]","[-0.0407842]","[3.50265]",173167,1.97783,3,"[264055,48072.8,24906.7]","[1.13688,-0.495692,0.43042]","[-1.2349,1.37728,-1.36829]","[455476,54704.4,27537.4]","[0.990876,0.995068,0.97907]","[4,0,0]","[0,0,0]","[0.690041,-0.895813,-0.84778]",0,"[]","[]","[]","[]","[]","[]","[]","[]","[]","[]",1,"[256232]","[1.13002]","[-1.23308]","[439474]","[35986.8]","[0]","[1.37107]","[0.591519]",0,"[]","[]","[]","[]","[]","[]","[]","[]","[]","[]",0,"[200.344]",2002.27,"[5123.62,2022.47,3025.99]","[]","[9091.3]","[]"
1305,284500,5069868,361102,11455.9,11500.5,3.38179e+11,0.934886,0.93214,1,1,1,0.997103,0.84537,1,1,0,0,1,"[0]","[1]","[27091.8]","[-1.61176]","[-1.35081]","[70589.8]","[0.0835533]","[1]","[11]","[1]","[0]","[1518]","[0.00426054]","[0.299656]",233337,-0.861437,4,"[349603,82780.2,26076.7,21122.3]","[-0.353249,0.538211,0.388235,-2.22616]","[2.04941,-1.21695,-1.7159,3.02292]","[372091,95421.6,28508.4,99091.2]","[0.790584,0.999951,0.995507,0.906659]","[0,0,0,0]","[0,0,0,0]","[-0.817413,-0.88398,-0.794693,-0.708296]",0,"[]","[]","[]","[]","[]","[]","[]","[]","[]","[]",1,"[352486]","[-0.372122]","[2.04848]","[377958]","[24330]","[0]","[3.95537]","[0.538518]",0,"[]","[]","[]","[]","[]","[]","[]","[]","[]","[]",0,"[127.829]",20481.5,"[5973.53,4659.65,1828.05,1211.45]","[]","[9349.91]","[]"
1306,284500,4855087,361102,11463.3,11500.5,3.38179e+11,0.596562,0.97435,1,1,1,0.989165,0.98425,1,1,0,0,1,"[0]","[1]","[47483.4]","[0.171889]","[-1.33876]","[48186.6]","[0.0278854]","[1]","[11]","[1]","[0]","[-1677.97]","[-0.00676194]","[0.775027]",234335,-1.49885,1,"[272573]","[1.07584]","[1.69068]","[446835]","[0.985127]","[4]","[0]","[-0.238375]",0,"[]","[]","[]","[]","[]","[]","[]","[]","[]","[]",1,"[279170]","[1.06963]","[1.68816]","[455547]","[27975.6]","[0]","[2.23788]","[0.72457]",0,"[]","[]","[]","[]","[]","[]","[]","[]","[]","[]",0,"[92.4533]",17352.6,"[3947.92]","[]","[8124.25]","[]"
1307,284500,5129101,361102,11463.8,11500.5,3.38179e+11,1.55465,1,0.979713,1,1,0.999468,0.968868,1,0,1,0,1,"[0]","[1]","[42342.1]","[-0.475397]","[1.32118]","[47217.7]","[0.077877]","[1]","[13]","[1]","[0]","[1149.22]","[0.0254562]","[3.51896]",237138,1.72135,1,"[274169]","[-0.581412]","[-1.50176]","[322315]","[0.996153]","[0]","[0]","[-0.897649]",0,"[]","[]","[]","[]","[]","[]","[]","[]","[]","[]",1,"[296360]","[-0.585408]","[-1.5019]","[349013]","[16809.7]","[0]","[2.16964]","[0.214273]",0,"[]","[]","[]","[]","[]","[]","[]","[]","[]","[]",0,"[300.664]",7241.28,"[7977.96]","[]","[4288.5]","[]"
1308,284500,5223201,361102,11449.2,11500.5,3.38179e+11,0.402058,1,1.00077,1,1,0.999093,1.02752,1,0,1,0,1,"[0]","[1]","[181140]","[1.53915]","[0.066487]","[441545]","[-0.0667953]","[1]","[13]","[1]","[0]","[-97.7834]","[-0.0210243]","[3.48511]",135754,0.244851,1,"[306742]","[1.42502]","[-2.99406]","[675876]","[0.991552]","[0]","[0]","[-0.901672]",0,"[]","[]","[]","[]","[]","[]","[]","[]","[]","[]",1,"[325114]","[1.39738]","[-2.99068]","[699078]","[44393.9]","[0]","[1.73243]","[0.780745]",0,"[]","[]","[]","[]","[]","[]","[]","[]","[]","[]",0,"[3202.11]",2922.3,"[5099.03]","[]","[2038.66]","[]"
1309,284500,5150319,361102,11458.2,11500.5,3.38179e+11,0.934886,1,0.987693,1,1,0.99939,1.01322,1,0,1,0,1,"[0]","[1]","[26582.6]","[-1.65726]","[-2.64987]","[72246.4]","[0.0365124]","[1]","[13]","[1]","[0]","[436.923]","[-0.0208401]","[1.92172]",234782,2.93314,1,"[254185]","[-1.00713]","[-0.146407]","[394875]","[0.99]","[0]","[0]","[-0.827493]",0,"[]","[]","[]","[]","[]","[]","[]","[]","[]","[]",1,"[260237]","[-1.02053]","[-0.150497]","[408205]","[14984]","[0]","[2.97071]","[0.741029]",0,"[]","[]","[]","[]","[]","[]","[]","[]","[]","[]",0,"[387.056]",11228.1,"[11679.2]","[]","[10533.6]","[]"
1310,284500,5253026,361102,11463.4,11500.5,3.38179e+11,0.596562,1,0.99005,1,1,0.998672,0.842727,1,0,1,0,1,"[0]","[1]","[162294]","[-0.387458]","[-1.24325]","[174629]","[-0.00368059]","[1]","[13]","[1]","[1497.63]","[-545.24]","[0.0147626]","[2.72321]",282001,-1.23689,2,"[235283,217278]","[-0.811684,-0.532998]","[1.70121,2.1438]","[317633,249000]","[1,0.997436]","[0,0]","[0,0]","[-0.944894,-0.894245]",0,"[]","[]","[]","[]","[]","[]","[]","[]","[]","[]",1,"[436578]","[-0.700019]","[1.91954]","[562224]","[125725]","[0]","[0.510096]","[0.780288]",0,"[]","[]","[]","[]","[]","[]","[]","[]","[]","[]",0,"[20667.1]",598.531,"[3106.04,2617.76]","[]","[1414.88]","[]"
1311,284500,5136236,361102,11452.9,11500.5,3.38179e+11,0,1,1.00077,1,1,0.995668,1.02752,1,0,1,0,1,"[0]","[1]","[41446.3]","[1.55438]","[-0.000588953]","[102444]","[0.0291947]","[1]","[13]","[1]","[0]","[171.264]","[-0.0418511]","[5.001]",346464,0.0673362,4,"[629453,223483,34495.8,30368.8]","[-0.501037,2.43457,1.96619,-0.281884]","[2.89688,-0.537055,-0.442253,-1.46161]","[710629,1.28567e+06,125694,31798.8]","[0.990127,0.896891,1,0.986938]","[0,0,0,0]","[0,0,0,0]","[-0.655748,0.333823,-0.780965,-0.829466]",0,"[]","[]","[]","[]","[]","[]","[]","[]","[]","[]",1,"[622941]","[-0.503308]","[2.89355]","[704263]","[32314.1]","[0]","[4.95584]","[0.63634]",0,"[]","[]","[]","[]","[]","[]","[]","[]","[]","[]",0,"[155.888]",9841.09,"[11513.1,5739.77,5008.38,3570.96]","[]","[24088.8]","[]"
1312,284500,5228894,361102,11450.6,11500.5,3.38179e+11,1.74563,0.96679,1,1,1,0.999463,0.97908,1,1,0,0,1,"[0]","[1]","[40248.6]","[-1.03916]","[1.14944]","[64007]","[0.0172157]","[1]","[11]","[1]","[0]","[2.9294]","[0.0286816]","[2.30417]",238961,0.619415,1,"[273434]","[-0.642736]","[-2.47379]","[332139]","[0.999687]","[0]","[0]","[-0.881328]",0,"[]","[]","[]","[]","[]","[]","[]","[]","[]","[]",1,"[260824]","[-0.658054]","[-2.47241]","[319364]","[-0.00338291]","[0]","[0]","[-1]",0,"[]","[]","[]","[]","[]","[]","[]","[]","[]","[]",0,"[159.678]",1125.42,"[3248.8]","[]","[0]","[]"
1313,284500,5355213,361102,11459,11500.5,3.38179e+11,1.08735,0.98458,1,1,1,0.999427,1.00582,1,1,0,0,1,"[0]","[1]","[136662]","[-0.331628]","[0.299619]","[144245]","[-0.0549774]","[1]","[11]","[1]","[0]","[-112.176]","[0.105903]","[4.18788]",149683,0.690178,1,"[286964]","[-0.074518]","[-2.55839]","[288030]","[0.99]","[0]","[0]","[-0.818715]",0,"[]","[]","[]","[]","[]","[]","[]","[]","[]","[]",1,"[282455]","[-0.127524]","[-2.55912]","[285068]","[13358.4]","[0]","[3.79757]","[0.667855]",0,"[]","[]","[]","[]","[]","[]","[]","[]","[]","[]",0,"[1061.24]",6384.06,"[3587.85]","[]","[789.719]","[]"
1314,284500,5353787,361102,11463.1,11500.5,3.38179e+11,0.934886,0.93962,1,1,1,0.997255,1.01876,1,1,0,0,1,"[0]","[1]","[35319.2]","[1.90502]","[1.34442]","[121292]","[-0.0933971]","[1]","[11]","[1]","[0]","[-141.612]","[0.0353428]","[1.97059]",224330,0.70001,4,"[249128,62857.6,41766.1,22741.8]","[1.30929,2.39094,1.19681,2.32342]","[-2.5901,-0.923122,1.64058,-1.6368]","[495569,346229,75670.3,117277]","[0.998253,0.99,0.992724,0.99]","[0,0,0,0]","[0,0,0,0]","[-0.851525,-0.514389,-0.929855,-0.851232]",0,"[]","[]","[]","[]","[]","[]","[]","[]","[]","[]",1,"[264336]","[1.31902]","[-2.5899]","[530029]","[20936.6]","[0]","[2.01985]","[0.778669]",0,"[]","[]","[]","[]","[]","[]","[]","[]","[]","[]",0,"[75.5947]",7170.3,"[15028.2,4808.48,2324.09,1764.62]","[]","[14698.8]","[]"
1315,284500,5314375,361102,11456.1,11500.5,3.38179e+11,1.26205,1,0.998124,1,1,0.999256,1.00447,1,0,1,0,1,"[0]","[1]","[43820.4]","[1.47026]","[-0.821942]","[100354]","[0.0191498]","[1]","[13]","[1]","[0]","[-262.616]","[-0.0354316]","[4.58783]",200485,-0.00307328,2,"[258735,38068.5]","[0.790964,1.19132]","[3.08884,0.469801]","[344372,68805.2]","[0.999913,0.930444]","[0,0]","[0,0]","[-0.848503,-0.614236]",0,"[]","[]","[]","[]","[]","[]","[]","[]","[]","[]",1,"[261246]","[0.777159]","[3.08275]","[344598]","[16758.9]","[0]","[3.50494]","[0.548677]",0,"[]","[]","[]","[]","[]","[]","[]","[]","[]","[]",0,"[199.274]",4544.75,"[3237.1,4977.83]","[]","[0]","[]"
1316,284500,5355892,361102,11459,11500.5,3.38179e+11,0.934886,0.98413,1,1,1,0.984709,0.99866,1,1,0,0,1,"[0]","[1]","[88375.7]","[-0.798603]","[1.59375]","[118087]","[0.221859]","[1]","[11]","[1]","[0]","[1162.98]","[-0.0798803]","[6.09833]",142550,1.79365,3,"[302467,81092.1,20191.7]","[-0.300923,-0.217635,-2.41949]","[-1.74029,1.00808,-0.55986]","[316934,83415.5,114417]","[0.99424,0.979209,0.624116]","[4,0,0]","[0,0,0]","[-0.588174,-0.628233,-0.736647]",0,"[]","[]","[]","[]","[]","[]","[]","[]","[]","[]",1,"[289538]","[-0.324334]","[-1.7421]","[305505]","[19203.6]","[0]","[2.18014]","[0.367984]",0,"[]","[]","[]","[]","[]","[]","[]","[]","[]","[]",0,"[860.922]",4515.94,"[6019.9,1855.86,1294.95]","[]","[5497.41]","[]"
1317,284500,5269756,361102,11454.5,11500.5,3.38179e+11,0.402058,1,0.997305,1,1,0.998579,0.967783,1,0,1,0,1,"[0]","[1]","[102076]","[-0.903204]","[3.13578]","[146620]","[0.062624]","[1]","[13]","[1]","[0]","[127.647]","[0.0493468]","[9.96431]",259258,-3.07932,2,"[386221,28258.2]","[-0.499582,0.604204]","[0.022368,2.83472]","[436052,33782.7]","[0.99623,0.976314]","[0,0]","[0,0]","[-0.687301,-0.221282]",0,"[]","[]","[]","[]","[]","[]","[]","[]","[]","[]",1,"[365986]","[-0.514245]","[0.0234536]","[415895]","[19167.2]","[0]","[2.54038]","[0.503216]",0,"[]","[]","[]","[]","[]","[]","[]","[]","[]","[]",0,"[1705.39]",3934.23,"[5164.83,2072]","[]","[12380.3]","[]"
1318,284500,5401412,361102,11454.8,11500.5,3.38179e+11,0.596562,1,0.998207,1,1,0.998532,0.920275,1,0,1,0,1,"[0]","[1]","[43835]","[-1.09473]","[-2.74081]","[72832.2]","[-0.0449176]","[1]","[13]","[1]","[0]","[-240.428]","[0.046532]","[6.5788]",443276,-3.1221,2,"[404316,118578]","[1.16016,1.60771]","[-0.234299,0.830425]","[708695,308149]","[0.982873,0.991928]","[0,0]","[0,0]","[-0.545766,-0.560109]",0,"[]","[]","[]","[]","[]","[]","[]","[]","[]","[]",1,"[390297]","[1.16444]","[-0.236683]","[686373]","[16085.3]","[0]","[4.77872]","[0.478289]",0,"[]","[]","[]","[]","[]","[]","[]","[]","[]","[]",0,"[413.802]",13069.4,"[16512.4,4167.46]","[]","[12298.2]","[]"
1319,284500,5434046,361102,11450.4,11500.5,3.38179e+11,1.55465,0.98697,1,1,1,0.999425,1.00582,1,1,0,0,1,"[0]","[1]","[167343]","[-0.556331]","[1.67858]","[193914]","[0.0119972]","[1]","[11]","[1]","[0]","[-820.739]","[0.010457]","[1.27957]",139282,1.3928,1,"[294506]","[0.712759]","[-1.58317]","[373161]","[0.999426]","[0]","[0]","[-0.227183]",0,"[]","[]","[]","[]","[]","[]","[]","[]","[]","[]",1,"[276426]","[0.731312]","[-1.5809]","[354259]","[19934]","[0]","[2.11111]","[0.581401]",0,"[]","[]","[]","[]","[]","[]","[]","[]","[]","[]",0,"[853.192]",4361.77,"[5420.26]","[]","[2309.44]","[]"
1320,284500,5491135,361102,11463.4,11500.5,3.38179e+11,0.402058,1,0.995388,1,1,1.04064,0.969581,1,0,1,0,1,"[0]","[1]","[60713.6]","[0.998464]","[0.767319]","[93576.5]","[-0.015564]","[1]","[13]","[1]","[0]","[-302.176]","[-0.0400229]","[4.2049]",272312,1.19993,3,"[340517,42864.7,29199.4]","[1.88522,1.81319,0.766081]","[-2.0325,1.70904,-0.795494]","[1.14768e+06,134942,38794.7]","[0.990796,1,0.959876]","[0,5,5]","[0,0,0]","[-0.654619,0.977666,0.996385]",0,"[]","[]","[]","[]","[]","[]","[]","[]","[]","[]",1,"[315332]","[1.90912]","[-2.03364]","[1.08724e+06]","[12069.7]","[0]","[5.93415]","[0.649934]",0,"[]","[]","[]","[]","[]","[]","[]","[]","[]","[]",0,"[225.071]",1119.47,"[5901.04,1427.65,3126.97]","[]","[5678.62]","[]"
1321,284500,5331051,361102,11455.8,11500.5,3.38179e+11,1.08735,0.96284,1,1,1,0.999354,0.97938,1,1,0,0,1,"[0]","[1]","[39307]","[-0.0430061]","[1.19877]","[39343.4]","[-0.0734253]","[1]","[11]","[1]","[1736.99]","[689.961]","[0.0160417]","[1.88831]",204304,1.25554,1,"[242482]","[0.969136]","[-1.88118]","[366021]","[0.993655]","[0]","[0]","[-0.891047]",0,"[]","[]","[]","[]","[]","[]","[]","[]","[]","[]",1,"[265297]","[0.945509]","[-1.88256]","[393563]","[21314]","[0]","[2.4377]","[0.511121]",0,"[]","[]","[]","[]","[]","[]","[]","[]","[]","[]",0,"[24.6658]",12232.3,"[12640.9]","[]","[4666.91]","[]"
1322,284500,5514310,361102,11446.2,11500.5,3.38179e+11,0.596562,0.97199,1,1,1,0.986924,0.99121,1,1,0,0,1,"[0]","[1]","[44356.7]","[0.304955]","[-1.15817]","[46435.2]","[-0.0238838]","[1]","[11]","[1]","[0]","[-137.707]","[-0.0151606]","[1.96664]",280242,-0.816704,3,"[195255,98199,20743.5]","[-0.338645,0.237664,-0.90685]","[2.37075,2.19973,2.06748]","[207375,101762,30159]","[0.986104,0.998722,0.990049]","[4,0,0]","[0,0,0]","[0.322649,-0.898703,-0.612066]",0,"[]","[]","[]","[]","[]","[]","[]","[]","[]","[]",1,"[267827]","[-0.161258]","[2.31836]","[286349]","[91556.3]","[0]","[0.961176]","[0.721604]",0,"[]","[]","[]","[]","[]","[]","[]","[]","[]","[]",0,"[211.802]",1915.84,"[1767.01,1971.91,1187.2]","[]","[5509.19]","[]"
1323,284500,5454991,361102,11453.9,11500.5,3.38179e+11,0,0.98089,1,1,1,0.996237,0.99866,1,1,0,0,1,"[0]","[1]","[315226]","[-0.97169]","[1.18417]","[476124]","[-0.123634]","[1]","[11]","[1]","[0]","[2313.11]","[-0.0375226]","[3.43652]",363289,1.25264,5,"[531999,76569,44576.3,30676.3,20685.8]","[-0.777896,-0.738618,-1.00627,-1.74511,-0.606216]","[-1.96998,-1.3648,-2.58362,-1.50977,-2.41344]","[704479,99055.8,69670.4,90599.1,24658.6]","[0.994609,0.941064,0.9925,1,0.996652]","[0,0,0,0,0]","[0,0,0,0,0]","[-0.936871,-0.929648,-0.767942,-0.864176,-0.785008]",0,"[]","[]","[]","[]","[]","[]","[]","[]","[]","[]",2,"[547162,371002]","[-0.803432,-1.00528]","[-1.89634,1.18428]","[745968,574825]","[136001,5646.47]","[0,1]","[2.11839,20.6005]","[0.600251,0.369264]",0,"[]","[]","[]","[]","[]","[]","[]","[]","[]","[]",0,"[5875.32]",7028.91,"[9066.96,2167.53,2757.42,2257.92,1844.86]","[]","[2614.44,22715.3]","[]"
1324,284500,5455753,361102,11454,11500.5,3.38179e+11,0.506784,0.97994,1,1,1,0.997093,1.00632,1,1,0,0,1,"[0]","[1]","[380773]","[0.528261]","[-0.925175]","[435150]","[0.00865746]","[1]","[11]","[1]","[0]","[2376.44]","[-0.0211488]","[2.00845]",250570,-0.85697,3,"[636176,40621.7,25699.9]","[0.114491,1.01381,-1.19995]","[2.2636,-0.554341,2.19621]","[641058,63575.3,46627.7]","[0.994331,0.981682,0.985374]","[0,0,0]","[0,0,0]","[-0.767081,-0.728131,-0.733951]",0,"[]","[]","[]","[]","[]","[]","[]","[]","[]","[]",2,"[618138,414750]","[0.128133,0.584584]","[2.25935,-0.903332]","[623404,491382]","[15188.4,60372.7]","[0,1]","[7.89002,1.54412]","[0.419829,0.631547]",0,"[]","[]","[]","[]","[]","[]","[]","[]","[]","[]",0,"[4493.97]",4778.52,"[11316.5,2950.85,2340.39]","[]","[24145.2,3471.78]","[]"
1325,284500,5422265,361102,11452.5,11500.5,3.38179e+11,1.08735,1,0.995111,1,1,0.999088,0.950844,1,0,1,0,1,"[0]","[1]","[119674]","[-0.438592]","[-0.208436]","[131370]","[0.0643501]","[1]","[13]","[1]","[1479.48]","[1229.24]","[-0.186154]","[20.7929]",167494,-0.265511,2,"[286527,30102.9]","[0.550078,-1.11504]","[2.80608,-1.89431]","[331627,51297.1]","[1,0.995689]","[0,0]","[0,0]","[-0.952391,-0.633541]",0,"[]","[]","[]","[]","[]","[]","[]","[]","[]","[]",1,"[287811]","[0.572803]","[2.80965]","[336766]","[17077.8]","[0]","[3.33117]","[0.657822]",0,"[]","[]","[]","[]","[]","[]","[]","[]","[]","[]",0,"[4206.93]",2724.56,"[4530.22,1873.69]","[]","[13481.8]","[]"
1326,284500,5514766,361102,11446.2,11500.5,3.38179e+11,0.596562,1,0.999887,1,1,0.999154,0.861943,1,0,1,0,1,"[0]","[1]","[44040]","[-0.988585]","[1.75414]","[67371]","[0.344696]","[1]","[13]","[1]","[0]","[-376.649]","[-0.084786]","[10.9699]",240666,1.47931,2,"[273881,30658.6]","[-0.34054,0.171106]","[-1.76851,-0.625142]","[290448,31611.3]","[0.992807,0.989089]","[0,0]","[0,0]","[-0.94387,-0.738559]",0,"[]","[]","[]","[]","[]","[]","[]","[]","[]","[]",1,"[273269]","[-0.335476]","[-1.76814]","[289153]","[14461.1]","[0]","[2.73976]","[0.58589]",0,"[]","[]","[]","[]","[]","[]","[]","[]","[]","[]",0,"[203.324]",10101.5,"[8031.87,5682.76]","[]","[2398.03]","[]"
1327,284500,5533845,361102,11452.8,11500.5,3.38179e+11,0.934886,0.9724,1,1,1,1.02373,0.96574,1,1,0,0,1,"[0]","[1]","[51940.1]","[1.09698]","[0.051745]","[86454.3]","[-0.0355053]","[1]","[11]","[1]","[1174.46]","[-252.902]","[-0.0127491]","[1.42327]",316977,0.390981,5,"[382268,82155.9,53023.4,36104.8,35570.7]","[-0.120937,-1.45743,0.608777,-1.7614,-2.05276]","[-2.50155,1.19114,-3.05946,-3.0973,0.86715]","[388811,186314,63433.5,108352,140886]","[0.99591,0.99434,0.970707,1,0.990719]","[0,0,0,5,0]","[0,0,0,0,0]","[-0.856091,-0.832584,-0.946957,0.924406,-0.889859]",0,"[]","[]","[]","[]","[]","[]","[]","[]","[]","[]",1,"[420303]","[-0.0517254]","[-2.55392]","[442326]","[136106]","[0]","[1.85169]","[0.350152]",0,"[]","[]","[]","[]","[]","[]","[]","[]","[]","[]",0,"[85.3677]",23608.7,"[11526.4,2756.58,2594.69,1333.07,4729.58]","[]","[18953.5]","[]"
1328,284500,5578142,361102,11456.1,11500.5,3.38179e+11,1.25133,0.9823,1,1,1,0.99939,1,1,1,0,0,1,"[0]","[1]","[81881.1]","[0.314419]","[-0.0611973]","[85961.9]","[-0.107635]","[1]","[11]","[0]","[0]","[2215.55]","[-0.0923309]","[14.9513]",274192,0.0113646,2,"[280870,72753.9]","[0.918532,1.5056]","[3.09985,-3.03687]","[408986,172250]","[1,0.995496]","[0,0]","[0,0]","[-0.76029,-0.553752]",0,"[]","[]","[]","[]","[]","[]","[]","[]","[]","[]",1,"[329464]","[1.05567]","[3.13031]","[538289]","[89818.2]","[0]","[1.3641]","[0.724328]",0,"[]","[]","[]","[]","[]","[]","[]","[]","[]","[]",0,"[233.919]",2056.41,"[3951.35,2300.85]","[]","[4109.62]","[]"
1329,284500,5641061,361102,11460.4,11500.5,3.38179e+11,1.08735,0.98536,1,1,1,0.997801,0.9918,1,1,0,0,1,"[0]","[1]","[98539.1]","[-0.615329]","[-2.69711]","[117790]","[0.0086447]","[1]","[11]","[1]","[0]","[-500.217]","[0.0204697]","[2.64105]",224531,-2.88495,2,"[303230,26334.3]","[0.452974,-1.69212]","[0.303621,1.65588]","[336169,74129.4]","[0.998583,0.962779]","[0,0]","[0,0]","[-0.814276,-0.808951]",0,"[]","[]","[]","[]","[]","[]","[]","[]","[]","[]",1,"[281083]","[0.45659]","[0.318728]","[311608]","[21063.8]","[0]","[1.57068]","[0.583819]",0,"[]","[]","[]","[]","[]","[]","[]","[]","[]","[]",0,"[563.042]",3642.95,"[3810.12,4216.49]","[]","[12811.2]","[]"
1330,284500,156983,361102,11453.1,11500.5,3.38179e+11,1.55465,1,0.998799,1,1,0.998671,0.917626,1,0,1,0,1,"[0]","[1]","[86743.7]","[1.38134]","[-2.21814]","[183527]","[0.0161591]","[1]","[13]","[1]","[0]","[418.765]","[-0.00843789]","[1.43556]",195585,-2.38647,2,"[288821,21546]","[1.37502,-0.958796]","[0.837443,-0.702433]","[608847,32500.9]","[0.986981,0.744066]","[0,0]","[0,0]","[-0.536964,-0.894259]",0,"[]","[]","[]","[]","[]","[]","[]","[]","[]","[]",1,"[284585]","[1.38119]","[0.833009]","[603295]","[39071.5]","[0]","[1.30933]","[0.773691]",0,"[]","[]","[]","[]","[]","[]","[]","[]","[]","[]",0,"[1415.75]",14525.8,"[7936.58,1661.41]","[]","[11120.5]","[]"
1331,284500,5616828,361102,11456.4,11500.5,3.38179e+11,1.26205,0.97994,1,1,1,0.997395,1.00632,1,1,0,0,1,"[0]","[1]","[175124]","[0.337819]","[0.0358528]","[185212]","[0.000644684]","[1]","[11]","[1]","[0]","[1034.21]","[-0.0102204]","[0.85906]",99000.8,0.102705,3,"[238155,33634.3,29615.2]","[-1.84091,-2.24075,-0.43797]","[2.97251,-2.12186,-2.48987]","[769580,159994,32953.7]","[0.926207,0.992465,0.999748]","[0,0,0]","[0,0,0]","[-0.00233687,-0.843355,-0.762063]",0,"[]","[]","[]","[]","[]","[]","[]","[]","[]","[]",1,"[250752]","[-1.83785]","[2.97278]","[807852]","[15990.6]","[0]","[3.1189]","[0.741074]",0,"[]","[]","[]","[]","[]","[]","[]","[]","[]","[]",0,"[1394.51]",2876.18,"[3975.83,3765.78,4370.06]","[]","[7787.62]","[]"
1332,284500,209916,361102,11461,11500.5,3.38179e+11,0.596562,1,0.989255,1,1,0.997568,0.999611,1,0,1,0,1,"[0]","[1]","[78019.1]","[1.96373]","[-0.455926]","[283450]","[0.0085206]","[1]","[13]","[1]","[0]","[-94.0211]","[0.0270296]","[4.22862]",555144,-0.298155,3,"[684313,113025,78995.9]","[-0.44813,-1.61457,-0.702667]","[3.11378,1.2393,0.961798]","[755554,295436,99880.9]","[0.9995,0.993645,0.990419]","[0,0,0]","[0,0,0]","[-0.915281,-0.952564,-0.724145]",0,"[]","[]","[]","[]","[]","[]","[]","[]","[]","[]",1,"[669612]","[-0.450952]","[3.11288]","[739907]","[39363.3]","[0]","[3.13912]","[0.683563]",0,"[]","[]","[]","[]","[]","[]","[]","[]","[]","[]",0,"[234.614]",17253.2,"[19663.4,2835.31,2280.11]","[]","[41064.9]","[]"
1333,284500,221122,361102,11457.7,11500.5,3.38179e+11,0.596562,1,0.994278,1,1,0.999449,0.640516,1,0,1,0,1,"[0]","[1]","[61402.3]","[-1.14542]","[-2.0906]","[106283]","[-0.00548553]","[1]","[13]","[1]","[0]","[107.211]","[0.02368]","[3.38398]",209369,-1.97724,1,"[261230]","[-0.80036]","[1.11343]","[349609]","[1]","[0]","[0]","[-0.922625]",0,"[]","[]","[]","[]","[]","[]","[]","[]","[]","[]",1,"[250787]","[-0.83404]","[1.1161]","[343344]","[10342.6]","[0]","[2.88223]","[0.453022]",0,"[]","[]","[]","[]","[]","[]","[]","[]","[]","[]",0,"[667.19]",1908.53,"[3675.01]","[]","[199.75]","[]"
1334,284500,5695567,361102,11455.9,11500.5,3.38179e+11,1.74563,1,0.998352,1,1,0.999236,0.998628,1,0,1,0,1,"[0]","[1]","[48924.3]","[1.36276]","[1.78267]","[101834]","[-0.0588605]","[1]","[13]","[1]","[0]","[-218.879]","[-0.00426999]","[0.593865]",210358,1.58658,1,"[249222]","[-1.21292]","[-1.53209]","[456377]","[1]","[0]","[0]","[-0.824125]",0,"[]","[]","[]","[]","[]","[]","[]","[]","[]","[]",1,"[261173]","[-1.20638]","[-1.53567]","[475658]","[15104.1]","[0]","[2.95491]","[0.617918]",0,"[]","[]","[]","[]","[]","[]","[]","[]","[]","[]",0,"[120.174]",1593.11,"[3929.41]","[]","[0]","[]"
1335,284500,5663562,361102,11469.4,11500.5,3.38179e+11,1.55465,1,0.99456,1,1,0.998705,1.02624,1,0,1,0,1,"[0]","[1]","[50799.7]","[-0.862415]","[0.339213]","[70891.5]","[-0.178452]","[1]","[13]","[1]","[0]","[-432.037]","[-0.150699]","[21.1684]",183782,0.109215,3,"[269465,33961.8,20852]","[0.0412409,-0.102991,-0.925386]","[-2.8206,0.363131,2.67402]","[269816,34252.6,30716.4]","[0.993306,0.994739,0.98]","[0,0,0]","[0,0,0]","[-0.934586,-0.962943,-0.231011]",0,"[]","[]","[]","[]","[]","[]","[]","[]","[]","[]",1,"[261278]","[0.0757865]","[-2.82063]","[262083]","[5333.37]","[0]","[0]","[-1]",0,"[]","[]","[]","[]","[]","[]","[]","[]","[]","[]",0,"[99.5462]",12315.1,"[2887.02,4035.58,1166.68]","[]","[7977.5]","[]"
1336,284500,5849202,361102,11452.1,11500.5,3.38179e+11,0.934886,1,0.995223,1,1,0.997403,0.852763,1,0,1,0,1,"[0]","[1]","[180937]","[0.419487]","[-0.176029]","[197092]","[0.168862]","[1]","[13]","[1]","[0]","[1304.51]","[-0.0201001]","[3.8442]",200654,0.0717143,2,"[344165,26403.9]","[1.46046,1.55947]","[-3.00482,1.88018]","[782579,65661]","[0.998444,0.999901]","[0,0]","[0,0]","[-0.787022,-0.654387]",0,"[]","[]","[]","[]","[]","[]","[]","[]","[]","[]",1,"[338171]","[1.4661]","[-3.00826]","[773271]","[51478.5]","[0]","[1.87828]","[0.708872]",0,"[]","[]","[]","[]","[]","[]","[]","[]","[]","[]",0,"[6208.38]",8991.02,"[8349.25,1766.48]","[]","[25938.9]","[]"
1337,284500,5803313,361102,11465.3,11500.5,3.38179e+11,0.596562,0.97994,1,1,1,0.997672,1.00632,1,1,0,0,1,"[0]","[1]","[221778]","[0.523939]","[-1.14831]","[252922]","[0.0377655]","[1]","[11]","[1]","[0]","[828.806]","[0.0346249]","[5.29886]",172141,-1.21309,3,"[365506,99357.4,30738.9]","[0.38285,-0.365361,1.24428]","[1.68174,-2.83924,2.06729]","[394114,107007,57873.7]","[0.995891,0.992037,0.976972]","[0,0,0]","[0,0,0]","[-0.888281,-0.706336,-0.563155]",0,"[]","[]","[]","[]","[]","[]","[]","[]","[]","[]",1,"[352373]","[0.39421]","[1.68545]","[381570]","[33357.4]","[0]","[1.48491]","[0.481048]",0,"[]","[]","[]","[]","[]","[]","[]","[]","[]","[]",0,"[1160.99]",6960.03,"[11268.8,2851.79,3738.2]","[]","[38859.2]","[]"
1338,284500,5856318,361102,11457.9,11500.5,3.38179e+11,1.24168,0.97166,1,1,1,0.999439,1.0005,1,1,0,0,1,"[0]","[1]","[81985]","[2.31485]","[-1.48302]","[419031]","[0.313738]","[1]","[11]","[1]","[0]","[-574.364]","[-0.0288383]","[2.66946]",211600,-1.83507,1,"[289774]","[0.345563]","[1.27599]","[307662]","[0.989442]","[0]","[0]","[-0.877986]",0,"[]","[]","[]","[]","[]","[]","[]","[]","[]","[]",1,"[305204]","[0.344773]","[1.28166]","[323642]","[8729.75]","[0]","[4.93845]","[0.129881]",0,"[]","[]","[]","[]","[]","[]","[]","[]","[]","[]",0,"[539.827]",8999.41,"[3157.03]","[]","[30893.2]","[]"
1339,284500,5855883,361102,11467.5,11500.5,3.38179e+11,1.26459,0.97097,1,1,1,1.15795,0.99737,1,1,0,0,1,"[0]","[1]","[36962.1]","[0.442154]","[2.3106]","[40634.4]","[0.131613]","[1]","[11]","[1]","[0]","[-1281.6]","[-0.275193]","[36.2485]",320269,2.44785,6,"[316260,84076.3,58926,29349.8,20637,20551.6]","[0.63026,0.151741,1.76632,-1.30331,1.71613,0.525428]","[-1.28699,0.676959,0.302689,1.24278,-0.643502,-0.781529]","[382614,85823.4,177520,58103.2,59350.8,23711.2]","[0.985255,0.996658,0.993871,0.995708,0.975953,0.970114]","[0,0,0,0,0,0]","[0,0,0,0,0,0]","[0.980011,-0.850607,-0.251901,-0.876208,-0.882947,-0.746731]",0,"[]","[]","[]","[]","[]","[]","[]","[]","[]","[]",1,"[302359]","[0.643311]","[-1.29704]","[367851]","[23295.7]","[0]","[2.21617]","[0.682508]",0,"[]","[]","[]","[]","[]","[]","[]","[]","[]","[]",0,"[17.2632]",2178.09,"[4356.94,2527.6,4199.52,1991.39,1218.15,1277.18]","[]","[18863.7]","[]"
1340,284500,5765799,361102,11459.5,11500.5,3.38179e+11,0.596562,1,1.00008,1,1,0.999321,0.829614,1,0,1,0,1,"[0]","[1]","[45951.8]","[-0.160351]","[-1.79793]","[46543.9]","[0.0251999]","[1]","[13]","[1]","[0]","[-228.538]","[-2.25909e-05]","[0.00365276]",287109,-1.63069,1,"[328814]","[-0.452272]","[1.46672]","[363176]","[0.996677]","[0]","[0]","[-0.958321]",0,"[]","[]","[]","[]","[]","[]","[]","[]","[]","[]",1,"[322469]","[-0.473776]","[1.46714]","[359517]","[11183.8]","[0]","[2.17541]","[-1]",0,"[]","[]","[]","[]","[]","[]","[]","[]","[]","[]",0,"[289.522]",2047.91,"[4182.07]","[]","[10558.2]","[]"
1341,284500,5847168,361102,11458.2,11500.5,3.38179e+11,0.596562,0.9364,1,1,1,0.998903,0.8297,1,1,0,0,1,"[0]","[1]","[27726.6]","[2.27899]","[1.53714]","[136819]","[0.115401]","[-1]","[11]","[1]","[0]","[575.969]","[-0.0652362]","[1.31021]",364881,1.08861,1,"[389390]","[0.08048]","[-2.00561]","[391552]","[0.995875]","[0]","[0]","[-0.692241]",0,"[]","[]","[]","[]","[]","[]","[]","[]","[]","[]",1,"[368024]","[0.0684435]","[-1.99497]","[368886]","[0.00428465]","[0]","[0]","[-1]",0,"[]","[]","[]","[]","[]","[]","[]","[]","[]","[]",0,"[282.522]",25524.4,"[6461.53]","[]","[9217.5]","[]"
1342,284500,5911405,361102,11460.5,11500.5,3.38179e+11,0.402058,1,0.992404,1,1,1.1068,0.816701,1,0,1,0,1,"[0]","[1]","[27811.6]","[0.373928]","[0.457182]","[29778.9]","[-0.103527]","[1]","[13]","[1]","[0]","[-618.288]","[-0.101316]","[13.3694]",276060,0.760406,2,"[247565,61283.4]","[0.868517,0.527087]","[-2.26327,-2.97329]","[347536,70692]","[0.999517,0.994295]","[4,0]","[0,0]","[0.899,-0.943982]",0,"[]","[]","[]","[]","[]","[]","[]","[]","[]","[]",1,"[276069]","[0.83006]","[-2.37578]","[389981]","[100676]","[0]","[1.38017]","[0.719441]",0,"[]","[]","[]","[]","[]","[]","[]","[]","[]","[]",0,"[52.3527]",3390.19,"[5012.59,2174.61]","[]","[5992.84]","[]"
1343,284500,5956863,361102,11447,11500.5,3.38179e+11,0.934886,1,0.996796,1,1,0.998719,0.834439,1,0,1,0,1,"[0]","[1]","[61368.3]","[-0.155506]","[0.809353]","[62111.9]","[-0.00674915]","[1]","[13]","[1]","[0]","[-537.528]","[0.0880356]","[13.5889]",185689,0.820751,2,"[283136,56219.7]","[-1.25766,2.39727]","[-2.16349,1.72946]","[538937,311694]","[0.995482,0.691832]","[0,0]","[0,0]","[-0.587074,-0.855444]",0,"[]","[]","[]","[]","[]","[]","[]","[]","[]","[]",1,"[287603]","[-1.26032]","[-2.1791]","[548812]","[31598.1]","[0]","[2.06239]","[0.813637]",0,"[]","[]","[]","[]","[]","[]","[]","[]","[]","[]",0,"[818.001]",8898.77,"[7286.41,4989.14]","[]","[4323.25]","[]"
1344,284500,5935261,361102,11454.8,11500.5,3.38179e+11,0,1,0.997816,1,1,0.942506,0.962708,1,0,1,0,1,"[0]","[1]","[132835]","[-0.477195]","[-0.822819]","[148249]","[0.0951996]","[1]","[13]","[1]","[0]","[3870.32]","[-0.0558441]","[10.3166]",196661,-0.397942,3,"[289839,28510,23002.9]","[-1.25331,-0.0409948,0.314872]","[2.59196,2.11958,1.36707]","[550210,29250.7,24896.8]","[0.995762,0.94948,0.977093]","[0,4,0]","[0,0,0]","[-0.935611,0.915605,-0.808106]",0,"[]","[]","[]","[]","[]","[]","[]","[]","[]","[]",1,"[283500]","[-1.24822]","[2.58162]","[535433]","[30581.8]","[0]","[1.47768]","[0.781341]",0,"[]","[]","[]","[]","[]","[]","[]","[]","[]","[]",0,"[6397.9]",3678.28,"[5332.78,1427.73,1900.73]","[]","[1706.91]","[]"
1345,284500,5942215,361102,11461.3,11500.5,3.38179e+11,1.74563,1,0.993861,1,1,0.997441,0.89652,1,0,1,0,1,"[0]","[1]","[98608.6]","[0.12841]","[1.43802]","[99422.8]","[0.122983]","[1]","[13]","[1]","[3455.3]","[-706.849]","[-0.10006]","[17.9676]",398349,1.63685,2,"[486041,42745.5]","[1.32389,1.55273]","[-1.63229,-0.518288]","[978360,105674]","[0.997725,0.985412]","[0,0]","[0,0]","[-0.617389,-0.856498]",0,"[]","[]","[]","[]","[]","[]","[]","[]","[]","[]",1,"[478565]","[1.33304]","[-1.62757]","[970719]","[16279]","[0]","[2.74244]","[0.409745]",0,"[]","[]","[]","[]","[]","[]","[]","[]","[]","[]",0,"[4625.01]",350.719,"[6651.15,3656.46]","[]","[6714.34]","[]"
1346,284500,5874200,361102,11459.8,11500.5,3.38179e+11,0.596562,1,0.997105,1,1,0.999097,0.969816,1,0,1,0,1,"[0]","[1]","[44306.6]","[-0.695734]","[0.802871]","[55469.5]","[0.0347252]","[1]","[13]","[1]","[0]","[1088.94]","[-0.0134703]","[1.84715]",234074,0.351667,2,"[186014,86664.5]","[0.288779,-0.205295]","[-2.84526,-2.43483]","[194515,89095.2]","[1,0.634024]","[0,0]","[0,0]","[-0.953171,-0.921604]",0,"[]","[]","[]","[]","[]","[]","[]","[]","[]","[]",1,"[259959]","[0.118186]","[-2.71332]","[267813]","[56539.1]","[0]","[1.00323]","[0.676339]",0,"[]","[]","[]","[]","[]","[]","[]","[]","[]","[]",0,"[198.525]",8239.31,"[5992.54,3412.21]","[]","[3796.2]","[]"
1347,284500,5934620,361102,11466.5,11500.5,3.38179e+11,0,1,0.998909,1,1,0.997391,0.742399,1,0,1,0,1,"[0]","[1]","[145453]","[0.0684123]","[-2.90411]","[145794]","[0.058445]","[1]","[13]","[1]","[0]","[-393.379]","[-0.0291977]","[5.27286]",118537,-2.90827,3,"[267400,22601.1,20703.4]","[-0.142494,1.12914,2.26358]","[0.193929,-2.97838,0.509835]","[273049,38822,100733]","[0.992224,0.995065,0.969105]","[0,0,0]","[0,0,0]","[-0.739896,-0.72778,-0.648032]",0,"[]","[]","[]","[]","[]","[]","[]","[]","[]","[]",1,"[269154]","[-0.150153]","[0.195298]","[275533]","[42769.8]","[0]","[1.66908]","[0.818545]",0,"[]","[]","[]","[]","[]","[]","[]","[]","[]","[]",0,"[1250.53]",9334.36,"[7616.36,2146.08,1328.61]","[]","[9823.75]","[]"
1348,284500,6052764,361102,11455.3,11500.5,3.38179e+11,0.934886,1,0.998696,1,1,0.998501,0.952968,1,0,1,0,1,"[0]","[1]","[25533.8]","[1.01397]","[-2.28236]","[39823.8]","[0.0931358]","[1]","[13]","[1]","[0]","[-391.343]","[0.00370299]","[0.388901]",155697,-1.78337,4,"[260063,137418,97392.3,39757.2]","[0.823649,1.46752,-1.32466,1.2929]","[0.579481,2.51801,2.57655,-1.81543]","[353844,314231,196601,78076.4]","[1,1,0.997243,0.983942]","[0,0,0,0]","[0,0,0,0]","[-0.839002,-0.839413,-0.82742,0.232811]",0,"[]","[]","[]","[]","[]","[]","[]","[]","[]","[]",1,"[252806]","[0.808159]","[0.579581]","[340324]","[15851]","[0]","[1.88622]","[0.696857]",0,"[]","[]","[]","[]","[]","[]","[]","[]","[]","[]",0,"[90.0924]",29026.7,"[8499.6,2728.12,9379.49,3070.7]","[]","[19934.9]","[]"
1349,284500,6091426,361102,11460.3,11500.5,3.38179e+11,0.402058,0.932257,1,1,1,1.00033,1.00192,1,1,0,0,2,"[0,0]","[1,0]","[74624.4,8264.24]","[-0.31639,2.261]","[2.48668,-1.43064]","[78390.7,40068.9]","[-0.126686,-2.41835]","[1,-1]","[11,11]","[1,0]","[0,11004.8]","[-208.983,1504.49]","[-0.0399884,-0.16181]","[4.47737,2.07465]",215502,2.61948,2,"[332828,118314]","[0.0880246,1.8585]","[-0.197912,-1.90138]","[334513,388980]","[0.999963,0.994798]","[4,5]","[0,0]","[-0.444646,0.99998]",0,"[]","[]","[]","[]","[]","[]","[]","[]","[]","[]",1,"[337599]","[0.110801]","[-0.194309]","[339894]","[12251.7]","[0]","[3.37665]","[0.441718]",0,"[]","[]","[]","[]","[]","[]","[]","[]","[]","[]",0,"[198.218,90.1226]",4970.27,"[4520.23,2672.17]","[]","[21595.2]","[]"
1350,284500,6099469,361102,11461.8,11500.5,3.38179e+11,1.08735,0.95684,1,1,1,1.10943,0.96441,1,1,0,0,1,"[0]","[1]","[32037.9]","[-0.894851]","[2.0015]","[45744.3]","[-0.00492859]","[1]","[11]","[1]","[0]","[1203.56]","[-0.0176322]","[1.14094]",240555,1.73428,2,"[255788,35027.6]","[-1.16229,-1.84665]","[-1.33395,-2.05354]","[449519,113839]","[0.994903,0.99504]","[5,0]","[0,0]","[-0.817558,-0.717399]",0,"[]","[]","[]","[]","[]","[]","[]","[]","[]","[]",1,"[265295]","[-1.29685]","[-1.3975]","[528404]","[85412.2]","[0]","[2.01147]","[0.65801]",0,"[]","[]","[]","[]","[]","[]","[]","[]","[]","[]",0,"[192.562]",2558.95,"[5877.51,2363.69]","[]","[7996]","[]"
1351,284500,6304979,361102,11461.2,11500.5,3.38179e+11,0.596562,1,0.988313,1,1,0.986581,0.907678,1,0,1,0,1,"[0]","[1]","[64504.1]","[0.141654]","[0.712618]","[65152.4]","[-0.15229]","[1]","[13]","[1]","[4026.98]","[-89.5364]","[-0.0480994]","[6.25355]",175574,0.467276,6,"[268145,200799,106224,29820.1,28233.4,20251.1]","[-0.792694,1.9307,2.21252,-0.5589,-0.4592,0.26974]","[-2.12388,2.70542,0.305211,-0.354378,-3.0916,-0.0201952]","[358695,707189,491268,34877.6,31857.8,21373.9]","[0.991114,0.990616,1,0.954912,0.999411,0.967547]","[4,0,0,0,0,0]","[0,0,0,0,0,0]","[-0.339791,0.186178,-0.827185,-0.690802,-0.354135,-0.753393]",0,"[]","[]","[]","[]","[]","[]","[]","[]","[]","[]",1,"[278323]","[-0.829902]","[-2.11795]","[382666]","[46758.1]","[0]","[1.5215]","[0.650651]",0,"[]","[]","[]","[]","[]","[]","[]","[]","[]","[]",0,"[856.263]",19605.2,"[2666.14,13024.2,13128.4,2134.42,1917.83,2002.12]","[]","[21338.6]","[]"
1352,284500,6327971,361102,11460.3,11500.5,3.38179e+11,0.934886,0.96024,1,1,1,0.981928,0.93884,1,1,0,0,1,"[0]","[1]","[57155.6]","[1.19347]","[0.557468]","[102928]","[-0.203587]","[1]","[11]","[1]","[0]","[-253.306]","[-0.00387743]","[0.515911]",209937,0.527319,3,"[198194,60466.3,21633.6]","[-0.120185,0.182099,1.73912]","[-2.73237,-2.30311,-2.04576]","[201046,61666.5,63591.2]","[0.992398,0.960089,0.989388]","[0,4,0]","[0,0,0]","[-0.832576,-0.959632,-0.864256]",0,"[]","[]","[]","[]","[]","[]","[]","[]","[]","[]",1,"[251705]","[-0.0709344]","[-2.63988]","[258117]","[54313.7]","[0]","[1.31187]","[0.784405]",0,"[]","[]","[]","[]","[]","[]","[]","[]","[]","[]",0,"[116.089]",23628.3,"[2294.53,1399.94,1696.11]","[]","[6583.64]","[]"
1353,284500,6181140,361102,11463.2,11500.5,3.38179e+11,0.596562,1,0.998019,1,1,0.997567,1.0226,1,0,1,0,1,"[0]","[1]","[82602]","[-1.45429]","[0.214934]","[186474]","[-0.111401]","[1]","[13]","[1]","[0]","[-315.666]","[0.0195169]","[3.43695]",156062,0.214499,2,"[257341,22075]","[-0.656854,1.92744]","[-2.98461,-1.78882]","[315030,77570.5]","[0.941771,0.980704]","[0,0]","[0,0]","[-0.823292,-0.170307]",0,"[]","[]","[]","[]","[]","[]","[]","[]","[]","[]",1,"[268908]","[-0.637928]","[-2.98325]","[326219]","[21573.1]","[0]","[7.13008]","[0.199887]",0,"[]","[]","[]","[]","[]","[]","[]","[]","[]","[]",0,"[613.441]",844.484,"[4921.1,1840.64]","[]","[2320.25]","[]"
1354,284500,6316382,361102,11447.1,11500.5,3.38179e+11,1.08735,1,0.990627,1,1,0.995921,0.966973,1,0,1,0,1,"[0]","[1]","[215749]","[1.96225]","[2.45738]","[782722]","[-0.102532]","[1]","[13]","[1]","[0]","[280.438]","[0.0380674]","[3.87259]",153509,2.37722,5,"[416702,149481,117096,26749.9,26686.9]","[0.73347,-0.0322893,1.63942,-2.03774,-1.05603]","[-0.724893,1.53204,-2.34554,-0.473438,-1.09969]","[534350,151121,313428,104507,43335.3]","[1,0.998333,0.997762,0.995709,0.980283]","[0,0,0,0,0]","[0,0,0,0,0]","[-0.910385,-0.884852,-0.632971,-0.905381,-0.860834]",0,"[]","[]","[]","[]","[]","[]","[]","[]","[]","[]",1,"[401396]","[0.737193]","[-0.720779]","[515753]","[16269.9]","[0]","[2.72312]","[0.224348]",0,"[]","[]","[]","[]","[]","[]","[]","[]","[]","[]",0,"[4412.34]",4604,"[11573.2,4713.82,10076.6,4602.87,2173.05]","[]","[34323.3]","[]"
1355,284500,6190859,361102,11461.7,11500.5,3.38179e+11,1.55465,0.96558,1,1,1,0.938427,0.99746,1,1,0,0,1,"[0]","[1]","[76229.1]","[-1.52403]","[1.2135]","[183275]","[0.290184]","[1]","[11]","[1]","[0]","[-202.054]","[0.0729367]","[7.1553]",382112,1.43149,4,"[281374,126913,99015.5,21925.8]","[-0.405316,-0.513175,1.14725,-0.487835]","[-1.66223,-2.53696,-0.970272,-2.09232]","[308137,144385,171868,24874.5]","[0.999626,0.993074,0.948627,0.938073]","[0,4,5,4]","[0,0,0,0]","[-0.903158,-0.920908,-0.824433,0.82004]",0,"[]","[]","[]","[]","[]","[]","[]","[]","[]","[]",1,"[367898]","[-0.499812]","[-1.92381]","[452261]","[180190]","[0]","[0.957466]","[0.673899]",0,"[]","[]","[]","[]","[]","[]","[]","[]","[]","[]",0,"[886.648]",72.9062,"[5511.69,2572.17,6286.25,1956.86]","[]","[30950.6]","[]"
1356,284500,6113795,361102,11457.4,11500.5,3.38179e+11,0.187531,1,0.98422,1,1,0.970237,1.0183,1,0,1,0,1,"[0]","[1]","[77434.6]","[1.68679]","[-0.444071]","[216322]","[0.0484695]","[1]","[13]","[1]","[0]","[2699.97]","[-0.00587588]","[0.893242]",239524,-0.0481389,2,"[298420,30110.9]","[-0.126661,1.31985]","[2.83002,-2.06589]","[301690,60716.6]","[0.99495,0.998601]","[0,5]","[0,0]","[-0.960832,0.514091]",0,"[]","[]","[]","[]","[]","[]","[]","[]","[]","[]",1,"[304814]","[-0.0503552]","[2.79711]","[312136]","[65432.2]","[0]","[3.00936]","[0.472621]",0,"[]","[]","[]","[]","[]","[]","[]","[]","[]","[]",0,"[680.606]",4249.94,"[4583.93,1459.07]","[]","[15704.8]","[]"
1357,284500,6234502,361102,11449,11500.5,3.38179e+11,1.24168,1,0.995501,1,1,0.99853,0.97148,1,0,1,0,1,"[0]","[1]","[30859.2]","[-1.1201]","[-0.640753]","[52328.2]","[0.198349]","[1]","[13]","[1]","[0]","[-484.005]","[-0.0277494]","[2.65088]",345318,-1.27714,2,"[401324,52953.4]","[0.644895,1.68467]","[2.02813,-0.32011]","[489035,147902]","[1,0.9949]","[0,0]","[0,0]","[-0.619695,-0.641547]",0,"[]","[]","[]","[]","[]","[]","[]","[]","[]","[]",1,"[402744]","[0.681989]","[2.02075]","[501444]","[36812.6]","[0]","[1.63456]","[0.751399]",0,"[]","[]","[]","[]","[]","[]","[]","[]","[]","[]",0,"[119.789]",2595.66,"[4306.71,5238.54]","[]","[29517.8]","[]"
1358,284500,6300152,361102,11456.5,11500.5,3.38179e+11,1.55465,0.97826,1,1,1,0.998883,1.00493,1,1,0,0,1,"[0]","[1]","[121774]","[-1.19997]","[-0.975579]","[220485]","[-0.00646412]","[1]","[11]","[1]","[0]","[3317.48]","[0.003301]","[0.285932]",201241,-1.04712,3,"[326840,57856.2,46890.1]","[-1.80666,-0.936085,0.381319]","[1.79632,-2.93312,-2.45526]","[1.02237e+06,85842.5,50951.2]","[0.98974,0.987656,0.979941]","[0,0,0]","[0,0,0]","[0.611869,-0.00207423,-0.894824]",0,"[]","[]","[]","[]","[]","[]","[]","[]","[]","[]",1,"[312911]","[-1.81036]","[1.79422]","[982168]","[20681.2]","[0]","[3.54667]","[0.640221]",0,"[]","[]","[]","[]","[]","[]","[]","[]","[]","[]",0,"[1100.95]",10348.2,"[13824.1,4426.98,5362.31]","[]","[23566.5]","[]"
1359,284500,215925,361102,11456.2,11500.5,3.38179e+11,1.55465,1,0.988545,1,1,0.96537,1.00764,1,0,1,0,1,"[0]","[1]","[78240]","[1.83735]","[-1.01826]","[251898]","[0.154966]","[1]","[13]","[1]","[1336.52]","[-488.636]","[0.0862928]","[10.8606]",202919,-0.375349,3,"[272951,28204.1,23298.6]","[1.12285,1.25819,1.64561]","[2.56363,1.19285,2.84264]","[465386,54056.7,62807.5]","[0.993087,0.934251,0.923348]","[0,5,5]","[0,0,0]","[-0.628623,0.80649,0.993519]",0,"[]","[]","[]","[]","[]","[]","[]","[]","[]","[]",1,"[283676]","[1.13887]","[2.56088]","[490183]","[41665.8]","[0]","[1.70104]","[0.681224]",0,"[]","[]","[]","[]","[]","[]","[]","[]","[]","[]",0,"[358.779]",18831.8,"[20099.9,1986.6,1507.92]","[]","[13706.8]","[]"
1360,284500,6266664,361102,11445.2,11500.5,3.38179e+11,0.596562,0.88227,1,1,1,0.999191,0.966,1,1,0,0,1,"[0]","[1]","[34830]","[-2.37512]","[1.98595]","[188871]","[0.20671]","[1]","[11]","[1]","[0]","[-120.25]","[0.0591453]","[1.96893]",216401,2.08023,1,"[272331]","[-1.24427]","[-1.04035]","[511838]","[0.997305]","[0]","[0]","[-0.791095]",0,"[]","[]","[]","[]","[]","[]","[]","[]","[]","[]",1,"[260203]","[-1.24522]","[-1.04165]","[489418]","[5498.07]","[0]","[18.406]","[0.320659]",0,"[]","[]","[]","[]","[]","[]","[]","[]","[]","[]",0,"[56.5542]",9517.7,"[10182.3]","[]","[36451.3]","[]"
1361,284500,6075888,361102,11454.1,11500.5,3.38179e+11,0,1,0.990675,1,1,1.00085,0.822565,1,0,1,0,1,"[0]","[1]","[50221]","[0.319146]","[1.31455]","[52800.4]","[0.105392]","[1]","[13]","[1]","[0]","[-1809.58]","[-0.130667]","[21.0229]",177075,1.64978,2,"[285616,33054.9]","[1.02135,-0.698565]","[-1.73437,0.513697]","[448951,42080]","[0.958917,0.915691]","[0,4]","[0,0]","[-0.7839,-0.0319687]",0,"[]","[]","[]","[]","[]","[]","[]","[]","[]","[]",1,"[281688]","[1.02996]","[-1.72026]","[445413]","[23710.7]","[0]","[2.02189]","[0.608514]",0,"[]","[]","[]","[]","[]","[]","[]","[]","[]","[]",0,"[463.4]",7214.03,"[9075.78,2776.56]","[]","[2004.97]","[]"
1362,284500,5478279,361102,11457.1,11500.5,3.38179e+11,3.34815,0.96654,1,1,1,0.99916,0.9995,1,1,0,0,1,"[0]","[1]","[67553.1]","[2.062]","[-0.224433]","[269836]","[0.283653]","[1]","[11]","[1]","[0]","[157.847]","[0.0148453]","[1.24709]",259001,0.340502,1,"[332037]","[0.959821]","[-2.9301]","[498218]","[0.994996]","[0]","[0]","[-0.985049]",0,"[]","[]","[]","[]","[]","[]","[]","[]","[]","[]",1,"[303851]","[1.00035]","[-2.92288]","[470211]","[33830.2]","[0]","[2.02249]","[0.71675]",0,"[]","[]","[]","[]","[]","[]","[]","[]","[]","[]",0,"[270.08]",8353.27,"[9401.22]","[]","[16882]","[]"
1363,284500,4385155,361102,11455.7,11500.5,3.38179e+11,1.74563,1,0.981571,1,1,0.998949,1.00617,1,0,1,0,1,"[0]","[1]","[106076]","[-1.67549]","[0.368989]","[293226]","[0.0525513]","[1]","[13]","[1]","[0]","[-55.4334]","[-0.00264927]","[0.456155]",193028,0.516372,1,"[299802]","[-1.70405]","[-2.66191]","[851555]","[0.999817]","[0]","[0]","[-0.787688]",0,"[]","[]","[]","[]","[]","[]","[]","[]","[]","[]",1,"[323110]","[-1.6939]","[-2.66103]","[908885]","[20061.5]","[0]","[2.20722]","[0.784459]",0,"[]","[]","[]","[]","[]","[]","[]","[]","[]","[]",0,"[1726.71]",9130.75,"[10069]","[]","[27350.7]","[]"
1364,284500,5205962,361102,11459,11500.5,3.38179e+11,1.08735,1,0.998124,1,1,0.998751,0.976547,1,0,1,0,1,"[0]","[1]","[39446.2]","[1.45]","[-0.774056]","[88708.7]","[-0.00189972]","[1]","[13]","[1]","[1627.9]","[687.829]","[-0.0759028]","[9.41791]",102884,-0.627528,2,"[274749,149052]","[1.29811,1.87223]","[2.11563,-0.966331]","[541019,496277]","[0.99,1]","[0,0]","[0,0]","[-0.854499,-0.862421]",0,"[]","[]","[]","[]","[]","[]","[]","[]","[]","[]",1,"[284087]","[1.2808]","[2.11162]","[551126]","[20316.1]","[0]","[2.7635]","[0.64618]",0,"[]","[]","[]","[]","[]","[]","[]","[]","[]","[]",0,"[325.235]",11547.7,"[4281.18,14455.5]","[]","[16029.8]","[]"
1365,284500,5321706,361102,11463.6,11500.5,3.38179e+11,1.55465,0.97826,1,1,1,1.00514,1.00493,1,1,0,0,1,"[0]","[1]","[141921]","[-1.14131]","[-1.36303]","[244832]","[0.0552559]","[1]","[11]","[1]","[0]","[-294.674]","[-0.041296]","[5.57704]",249836,-1.36991,2,"[332716,28227.8]","[-0.969731,0.228583]","[1.90228,1.59321]","[504307,29312.5]","[0.98028,1]","[0,4]","[0,0]","[-0.923425,0.467582]",0,"[]","[]","[]","[]","[]","[]","[]","[]","[]","[]",1,"[356056]","[-0.980913]","[1.91866]","[546544]","[73816.1]","[0]","[1.71998]","[0.721238]",0,"[]","[]","[]","[]","[]","[]","[]","[]","[]","[]",0,"[1199.09]",12097,"[10660.7,3518.99]","[]","[511.188]","[]"
1366,284500,5284588,361102,11462.7,11500.5,3.38179e+11,0.402058,1,0.996458,1,1,0.99899,0.9198,1,0,1,0,1,"[0]","[1]","[129514]","[0.7656]","[-0.933274]","[169361]","[-0.0468063]","[1]","[13]","[1]","[0]","[-375.154]","[0.0903167]","[17.3034]",220929,-0.923271,1,"[351750]","[1.15676]","[2.20903]","[615038]","[0.996025]","[0]","[0]","[-0.872797]",0,"[]","[]","[]","[]","[]","[]","[]","[]","[]","[]",1,"[345624]","[1.13289]","[2.21522]","[592473]","[18668.7]","[0]","[1.77916]","[0.541057]",0,"[]","[]","[]","[]","[]","[]","[]","[]","[]","[]",0,"[1702.66]",6920.28,"[8235.1]","[]","[11354.1]","[]"
1367,284500,5604519,361102,11453.5,11500.5,3.38179e+11,0.596562,0.97332,1,1,1,1.02737,0.98683,1,1,0,0,1,"[0]","[1]","[60786.1]","[-1.06582]","[1.77975]","[98706.7]","[0.070549]","[1]","[11]","[1]","[0]","[-450.696]","[-0.0106282]","[0.928361]",137832,2.34177,3,"[211881,116132,56418.7]","[0.61327,1.55549,1.16041]","[-0.557287,-3.02509,-0.534723]","[253495,287700,99049.2]","[1,0.99057,1]","[0,0,5]","[0,0,0]","[-0.865489,-0.643277,0.99915]",0,"[]","[]","[]","[]","[]","[]","[]","[]","[]","[]",1,"[283391]","[0.757904]","[-0.551119]","[375031]","[68327.2]","[0]","[1.57333]","[0.782786]",0,"[]","[]","[]","[]","[]","[]","[]","[]","[]","[]",0,"[269.479]",65.9375,"[2637.07,3204.89,2169.24]","[]","[8819.06]","[]"
1368,284500,5345037,361102,11469.5,11500.5,3.38179e+11,1.55465,0.96654,1,1,1,0.999445,0.99589,1,1,0,0,1,"[0]","[1]","[32705.1]","[-0.421139]","[0.276832]","[35648.5]","[0.0766602]","[1]","[11]","[1]","[0]","[346.67]","[0.0273138]","[2.36273]",241593,0.695757,1,"[286470]","[-0.403556]","[-2.58839]","[310755]","[0.989959]","[0]","[0]","[-0.914679]",0,"[]","[]","[]","[]","[]","[]","[]","[]","[]","[]",1,"[288559]","[-0.366965]","[-2.58855]","[308925]","[21052.2]","[0]","[2.00002]","[0.513431]",0,"[]","[]","[]","[]","[]","[]","[]","[]","[]","[]",0,"[54.6837]",8610.08,"[9226.34]","[]","[742.469]","[]"
1369,284500,5743484,361102,11450.2,11500.5,3.38179e+11,1.08735,1,1.0003,1,1,0.999155,0.972327,1,0,1,0,1,"[0]","[1]","[35855.6]","[1.21899]","[0.800761]","[65961.8]","[0.0684295]","[1]","[13]","[1]","[0]","[101.433]","[0.079597]","[9.3447]",210425,0.89414,1,"[281539]","[1.34598]","[-2.39998]","[577745]","[1]","[0]","[0]","[-0.873692]",0,"[]","[]","[]","[]","[]","[]","[]","[]","[]","[]",1,"[278959]","[1.34556]","[-2.40839]","[572150]","[14340.7]","[0]","[2.23692]","[0.525203]",0,"[]","[]","[]","[]","[]","[]","[]","[]","[]","[]",0,"[70.9935]",37170.5,"[9699.01]","[]","[12930.4]","[]"
1370,284500,6137467,361102,11453.5,11500.5,3.38179e+11,0.934886,0.96484,1,1,1,0.997572,0.9566,1,1,0,0,1,"[0]","[1]","[36642.6]","[0.858898]","[-2.15795]","[51009.9]","[0.0422745]","[1]","[11]","[1]","[0]","[1686.68]","[0.001967]","[0.221659]",257006,-2.99045,3,"[285053,30941,25742.9]","[-0.0879621,-2.35167,-0.72393]","[0.0570513,2.48423,1.45961]","[287574,164024,33182.7]","[0.99522,0.996752,0.997554]","[0,0,0]","[0,0,0]","[-0.88955,-0.747377,-0.918102]",0,"[]","[]","[]","[]","[]","[]","[]","[]","[]","[]",1,"[281115]","[-0.0690666]","[0.0502825]","[283132]","[27577.1]","[0]","[1.43375]","[0.527972]",0,"[]","[]","[]","[]","[]","[]","[]","[]","[]","[]",0,"[346.021]",7752,"[5290.03,2295.95,4210.95]","[]","[237.688]","[]"
1371,284500,5641444,361102,11460.4,11500.5,3.38179e+11,1.21412,1,0.997392,1,1,1.17195,0.956909,1,0,1,0,1,"[0]","[1]","[76602.4]","[0.467756]","[1.02118]","[85136.5]","[-0.0175419]","[1]","[13]","[1]","[0]","[-563.533]","[-0.0203291]","[3.43426]",133558,1.3426,3,"[288852,63062.6,29987.4]","[0.360742,0.823832,-0.731287]","[-1.73374,2.23983,1.45543]","[308411,86571.5,38697.1]","[0.950388,0.999048,0.981171]","[0,4,0]","[0,0,0]","[-0.966136,0.906907,-0.881924]",0,"[]","[]","[]","[]","[]","[]","[]","[]","[]","[]",1,"[282186]","[0.356019]","[-1.73523]","[300727]","[16763.1]","[0]","[5.31189]","[0.078566]",0,"[]","[]","[]","[]","[]","[]","[]","[]","[]","[]",0,"[1569.91]",6809.58,"[3211.71,5938.98,3723.86]","[]","[17145.9]","[]"
1372,284500,5748088,361102,11463.4,11500.5,3.38179e+11,0.596562,1,0.995834,1,1,0.999211,0.984315,1,0,1,0,1,"[0]","[1]","[57741.5]","[0.87943]","[1.93088]","[81546.8]","[0.0742722]","[1]","[13]","[1]","[1357.22]","[126.045]","[-0.0112364]","[1.74559]",235090,2.06883,2,"[224940,66001.7]","[1.57758,0.547477]","[-1.00531,-1.44807]","[568915,77270.6]","[1,0.999806]","[0,0]","[0,0]","[-0.799506,-0.913158]",0,"[]","[]","[]","[]","[]","[]","[]","[]","[]","[]",1,"[260545]","[1.49993]","[-1.03784]","[620064]","[94187]","[0]","[1.93779]","[0.676402]",0,"[]","[]","[]","[]","[]","[]","[]","[]","[]","[]",0,"[253.002]",6488.62,"[10173.3,3756.77]","[]","[9498.08]","[]"
1373,284500,6224355,361102,11461.9,11500.5,3.38179e+11,0.934886,1,0.999025,1,1,0.998178,0.996642,1,0,1,0,1,"[0]","[1]","[50162.4]","[2.20101]","[0.055203]","[229362]","[-0.198174]","[1]","[13]","[1]","[0]","[-401.273]","[0.00871475]","[1.12133]",210572,-0.338245,4,"[303131,99507.9,57699.6,21240]","[1.06846,-0.639246,-1.96422,-0.0830286]","[-3.05114,0.535118,2.56222,0.113897]","[493913,121256,209843,21579.2]","[0.998147,1,0.992776,1]","[0,0,0,0]","[0,0,0,0]","[-0.652395,-0.748165,-0.412191,-0.363901]",0,"[]","[]","[]","[]","[]","[]","[]","[]","[]","[]",1,"[317091]","[1.0945]","[-3.05184]","[527232]","[22564.1]","[0]","[2.42652]","[0.78057]",0,"[]","[]","[]","[]","[]","[]","[]","[]","[]","[]",0,"[1085.26]",17070.4,"[6648.41,2144.5,2338.15,1670.93]","[]","[10073.2]","[]"
1374,284500,6208204,361102,11461,11500.5,3.38179e+11,0.738662,0.9655,1,1,1,0.996429,1.00002,1,1,0,0,1,"[0]","[1]","[31041.9]","[0.209813]","[-1.81914]","[31727.7]","[0.0533371]","[1]","[11]","[1]","[0]","[1679.07]","[-0.0953606]","[2.36393]",216291,-1.89932,3,"[107400,31254.6,20632.3]","[0.993074,-1.70555,1.79162]","[1.48219,-1.55355,1.01791]","[165198,88995.5,63781.7]","[0.995122,0.962477,0.70125]","[0,0,0]","[0,0,0]","[-0.920394,-0.586333,-0.903224]",0,"[]","[]","[]","[]","[]","[]","[]","[]","[]","[]",1,"[305201]","[1.11993]","[1.2308]","[521437]","[64292]","[0]","[0.906121]","[0.516465]",0,"[]","[]","[]","[]","[]","[]","[]","[]","[]","[]",0,"[109.654]",7384.36,"[7647.25,3516.89,1104.93]","[]","[15016.1]","[]"
1375,284500,5718793,361102,11456.6,11500.5,3.38179e+11,0.923924,1,0.990487,1,1,0.998903,0.99077,1,0,1,0,1,"[0]","[1]","[33132.2]","[1.97474]","[0.0524453]","[121654]","[0.493834]","[1]","[13]","[1]","[0]","[-239.792]","[-0.109946]","[11.5775]",245394,-0.126965,1,"[299135]","[1.91402]","[-3.13814]","[1.03698e+06]","[0.997744]","[0]","[0]","[-0.245722]",0,"[]","[]","[]","[]","[]","[]","[]","[]","[]","[]",1,"[301397]","[1.90618]","[-3.13181]","[1.03717e+06]","[44889.9]","[0]","[1.44857]","[0.710298]",0,"[]","[]","[]","[]","[]","[]","[]","[]","[]","[]",0,"[410.654]",7189.8,"[6510.84]","[]","[27255.5]","[]"
1376,284500,4900443,361102,11458,11500.5,3.38179e+11,0.596562,0.97245,1,1,1,0.98193,0.99544,1,1,0,0,1,"[0]","[1]","[124627]","[1.26298]","[2.13632]","[237961]","[0.0154648]","[1]","[11]","[1]","[5366.34]","[2599.41]","[-0.0254616]","[0.428442]",117941,1.95895,2,"[288638,87184]","[0.934786,-0.673844]","[-1.54732,0.944786]","[424678,107997]","[0.993596,0.994749]","[0,4]","[0,0]","[-0.967064,-0.887792]",0,"[]","[]","[]","[]","[]","[]","[]","[]","[]","[]",1,"[266847]","[0.96426]","[-1.54579]","[401196]","[17387.4]","[0]","[2.19953]","[0.541295]",0,"[]","[]","[]","[]","[]","[]","[]","[]","[]","[]",0,"[1199.44]",18568.7,"[6820.61,2550.71]","[]","[13560.6]","[]"
1377,284500,5982474,361102,11460.2,11500.5,3.38179e+11,1.24168,1,0.997374,1,1,0.98486,0.82679,1,0,1,0,1,"[0]","[1]","[82142.3]","[-0.415158]","[0.836507]","[89323.5]","[0.0327358]","[1]","[13]","[1]","[0]","[383.279]","[0.0768978]","[12.6418]",49714.7,0.607776,3,"[307000,124627,22419]","[-0.575214,1.17454,-2.47239]","[2.7769,-0.317992,-1.8076]","[359959,221947,133820]","[0.97814,1,0.995127]","[0,4,0]","[0,0,0]","[-0.915757,0.224529,-0.840771]",0,"[]","[]","[]","[]","[]","[]","[]","[]","[]","[]",1,"[316620]","[-0.567963]","[2.77842]","[369948]","[25388]","[0]","[2.1726]","[0.643674]",0,"[]","[]","[]","[]","[]","[]","[]","[]","[]","[]",0,"[1256.7]",5272.46,"[3679.07,3365.55,3380.74]","[]","[26596.2]","[]"
1378,284500,4543853,361102,11453.8,11500.5,3.38179e+11,0.934886,1,0.995066,1,1,0.99699,1.03039,1,0,1,0,1,"[0]","[1]","[380301]","[-0.493033]","[0.473477]","[427467]","[0.0289421]","[1]","[13]","[1]","[0]","[495.425]","[-0.00811975]","[1.61975]",249275,0.437051,5,"[540211,67095.8,37432.7,22891.8,22085.1]","[-0.816079,0.336963,0.558201,0.908965,-0.0780294]","[-2.58213,-2.95425,1.91929,0.719715,2.87109]","[732029,71291.5,43983,33217.6,22370.4]","[0.99505,0.996469,0.987008,0.93111,0.96677]","[0,0,0,0,0]","[0,0,0,0,0]","[-0.977123,-0.354013,-0.917521,-0.612053,-0.722609]",0,"[]","[]","[]","[]","[]","[]","[]","[]","[]","[]",1,"[526080]","[-0.81368]","[-2.59381]","[711215]","[40584.4]","[0]","[3.46916]","[0.733774]",0,"[]","[]","[]","[]","[]","[]","[]","[]","[]","[]",0,"[44584.4]",29780.3,"[12083.6,4631.97,2150.3,1748.62,1649.84]","[]","[7131.88]","[]"
1379,284500,4610723,361102,11453.5,11500.5,3.38179e+11,0.596562,1,0.993249,1,1,0.999113,0.783269,1,0,1,0,1,"[0]","[1]","[62929.1]","[0.612684]","[-2.06324]","[75114.6]","[0.046669]","[1]","[13]","[1]","[0]","[42.3284]","[-0.00797433]","[1.3801]",203305,-1.85814,2,"[280706,78149.8]","[1.44727,1.70107]","[0.966663,2.88628]","[629878,221321]","[0.980336,1]","[0,0]","[0,0]","[-0.919203,-0.947399]",0,"[]","[]","[]","[]","[]","[]","[]","[]","[]","[]",1,"[276050]","[1.42488]","[0.970133]","[607272]","[17553.1]","[0]","[4.91032]","[0.575936]",0,"[]","[]","[]","[]","[]","[]","[]","[]","[]","[]",0,"[959.736]",11342.8,"[12841.4,5627.71]","[]","[333.906]","[]"
1380,284500,6250670,361102,11462.1,11500.5,3.38179e+11,1.74563,0.9666,1,1,1,0.999391,0.95498,1,1,0,0,1,"[0]","[1]","[50342]","[-0.728803]","[0.13015]","[64314.1]","[-0.0854263]","[1]","[11]","[1]","[0]","[-561]","[0.0739161]","[5.48835]",260058,0.364242,1,"[305349]","[0.571869]","[-2.79175]","[356917]","[0.982534]","[0]","[0]","[-0.769161]",0,"[]","[]","[]","[]","[]","[]","[]","[]","[]","[]",1,"[290817]","[0.599544]","[-2.79496]","[345203]","[19191.3]","[0]","[2.33472]","[0.423056]",0,"[]","[]","[]","[]","[]","[]","[]","[]","[]","[]",0,"[222.074]",2387.88,"[4424.83]","[]","[1279.81]","[]"
1381,284500,5997633,361102,11461.3,11500.5,3.38179e+11,1.08735,0.96392,1,1,1,0.997492,1.01012,1,1,0,0,1,"[0]","[1]","[179670]","[1.96409]","[-2.75849]","[652985]","[-0.329712]","[1]","[11]","[1]","[0]","[4901.9]","[-0.0208116]","[1.01615]",187315,-2.8018,4,"[260657,83508.3,32190.1,23568.8]","[1.31486,1.72822,0.0698698,1.24927]","[0.193679,0.825103,0.362936,0.676553]","[520778,242782,32387.4,44568.6]","[0.99133,0.99,0.999656,0.89]","[0,0,0,0]","[0,0,0,0]","[-0.937188,-0.884221,0.465883,0.663778]",0,"[]","[]","[]","[]","[]","[]","[]","[]","[]","[]",1,"[290475]","[1.47934]","[0.329853]","[676510]","[88627.3]","[0]","[0.964028]","[0.743018]",0,"[]","[]","[]","[]","[]","[]","[]","[]","[]","[]",0,"[1667.07]",9818.8,"[6920.7,4042.57,2464.54,2583.35]","[]","[23023.2]","[]"
1382,284500,5045159,361102,11453.8,11500.5,3.38179e+11,0.934886,1,1.00126,1,1,0.999249,1.03037,1,0,1,0,1,"[0]","[1]","[145736]","[1.18113]","[0.301886]","[259773]","[0.0315514]","[1]","[13]","[1]","[0]","[571.924]","[0.155699]","[27.439]",124208,0.224153,2,"[230203,80577.6]","[1.07607,-1.03113]","[-2.56093,2.44893]","[377504,128032]","[0.997426,0.99]","[0,0]","[0,0]","[-0.910829,-0.795586]",0,"[]","[]","[]","[]","[]","[]","[]","[]","[]","[]",1,"[254843]","[1.06444]","[-2.56476]","[414209]","[26298.4]","[0]","[1.76013]","[0.838529]",0,"[]","[]","[]","[]","[]","[]","[]","[]","[]","[]",0,"[6690.55]",2428.16,"[5730.67,12661.2]","[]","[0]","[]"
1383,284500,6020512,361102,11456.9,11500.5,3.38179e+11,1.08735,0.98458,1,1,1,0.99917,1.00582,1,1,0,0,1,"[0]","[1]","[123915]","[-0.453282]","[-2.48265]","[136864]","[0.026104]","[1]","[11]","[1]","[0]","[-441.348]","[0.014526]","[1.94001]",140520,-2.40082,1,"[265545]","[-1.36499]","[0.609559]","[553994]","[0.997572]","[0]","[0]","[-0.946301]",0,"[]","[]","[]","[]","[]","[]","[]","[]","[]","[]",1,"[271247]","[-1.36466]","[0.608209]","[565711]","[14181.3]","[0]","[2.40346]","[0.596322]",0,"[]","[]","[]","[]","[]","[]","[]","[]","[]","[]",0,"[855.72]",4601.33,"[5834.51]","[]","[22303]","[]"
1384,284500,5995311,361102,11456.3,11500.5,3.38179e+11,1.22586,0.96323,1,1,1,0.99853,1.00493,1,1,0,0,1,"[0]","[1]","[150514]","[-1.25636]","[0.868704]","[285773]","[0.133423]","[1]","[11]","[1]","[0]","[-995.386]","[0.0334952]","[3.1119]",211453,0.821628,2,"[365840,25992.7]","[0.148081,-1.15659]","[-2.19754,-0.205426]","[370407,45760]","[0.995652,0.942308]","[0,0]","[0,0]","[-0.689791,-0.904477]",0,"[]","[]","[]","[]","[]","[]","[]","[]","[]","[]",1,"[360673]","[0.098216]","[-2.20058]","[362950]","[19705.7]","[0]","[3.1836]","[0.615754]",0,"[]","[]","[]","[]","[]","[]","[]","[]","[]","[]",0,"[1917]",6912.58,"[8491.15,2867.64]","[]","[18643.1]","[]"
1385,284500,5457936,361102,11458.7,11500.5,3.38179e+11,1.74563,1,0.993222,1,1,0.996029,0.996734,1,0,1,0,1,"[0]","[1]","[30555.5]","[-2.38212]","[0.042717]","[166836]","[-0.0367622]","[1]","[13]","[1]","[0]","[425.93]","[0.0113737]","[0.968189]",274320,0.471875,3,"[276907,31598.8,22768]","[-1.92701,2.4774,-2.44344]","[-2.88544,-1.37688,-2.11542]","[971275,189539,132102]","[0.99384,0.993669,0]","[0,0,0]","[0,0,0]","[-0.878856,-0.812109,-0.776308]",0,"[]","[]","[]","[]","[]","[]","[]","[]","[]","[]",1,"[295176]","[-1.97307]","[-2.84419]","[1.08335e+06]","[52335.5]","[0]","[3.16156]","[0.575481]",0,"[]","[]","[]","[]","[]","[]","[]","[]","[]","[]",0,"[450.767]",6549.12,"[7550.88,3460.98,1730.54]","[]","[14988.2]","[]"
1386,284500,5029437,361102,11458.3,11500.5,3.38179e+11,1.08735,1,0.989329,1,1,0.995569,0.890931,1,0,1,0,1,"[0]","[1]","[171675]","[-0.133393]","[1.02964]","[173205]","[0.0290279]","[1]","[13]","[1]","[0]","[-683.423]","[0.0249517]","[4.20442]",240198,0.992024,5,"[730819,317570,44499.8,31708.5,21270]","[-1.15566,-0.28923,0.736086,0.227211,-0.984797]","[-1.77869,1.83799,0.394915,1.69954,2.89615]","[1.27605e+06,331735,57457.8,33011.6,32778.4]","[0.992979,1,1,0.993343,0.96355]","[0,0,0,0,0]","[0,0,0,0,0]","[-0.910284,-0.942339,0.175145,-0.882585,-0.795704]",0,"[]","[]","[]","[]","[]","[]","[]","[]","[]","[]",2,"[756206,342358]","[-1.1524,-0.238893]","[-1.7774,1.82923]","[1.31657e+06,356618]","[19287,56126.3]","[0,1]","[3.26304,2.63458]","[0.617836,0.440714]",0,"[]","[]","[]","[]","[]","[]","[]","[]","[]","[]",0,"[7788.62]",2884.5,"[12146.4,3399.51,4357.5,2331.08,1614.27]","[]","[8485.69,15283.9]","[]"
1387,284500,5507713,361102,11460.2,11500.5,3.38179e+11,1.24168,0.96988,1,1,1,0.998645,1.00441,1,1,0,0,1,"[0]","[1]","[79771.6]","[1.57517]","[-0.92692]","[200967]","[0.38274]","[1]","[11]","[1]","[1151.62]","[1181.94]","[-0.144965]","[10.3912]",253378,-0.513103,3,"[335851,38346.4,26616]","[0.522913,-0.220884,-0.687037]","[2.50961,-1.63927,1.12195]","[383173,39909.3,33317.8]","[1,0.997099,0.895609]","[0,0,0]","[0,0,0]","[-0.826654,-0.903339,-0.854156]",0,"[]","[]","[]","[]","[]","[]","[]","[]","[]","[]",1,"[321233]","[0.536515]","[2.51223]","[368802]","[12651.4]","[0]","[2.7258]","[0.0761385]",0,"[]","[]","[]","[]","[]","[]","[]","[]","[]","[]",0,"[851.211]",5941.7,"[4565.18,5327.41,2649.17]","[]","[21707.1]","[]"
1388,284500,5858600,361102,11451.3,11500.5,3.38179e+11,1.74563,1,0.995858,1,1,0.987547,0.874617,1,0,1,0,1,"[0]","[1]","[82376.4]","[-0.462839]","[-3.07253]","[91358.4]","[0.0449142]","[1]","[13]","[1]","[0]","[216.934]","[0.0344855]","[6.28971]",282762,-3.11418,1,"[337474]","[-0.685088]","[0.0800975]","[422069]","[0.994369]","[4]","[0]","[0.325499]",0,"[]","[]","[]","[]","[]","[]","[]","[]","[]","[]",1,"[323095]","[-0.69882]","[0.0843304]","[407467]","[42454.9]","[0]","[1.73755]","[0.679617]",0,"[]","[]","[]","[]","[]","[]","[]","[]","[]","[]",0,"[2042.34]",9373.38,"[7105.53]","[]","[24706.5]","[]"
1389,284500,6185233,361102,11463.3,11500.5,3.38179e+11,1.74563,0.97553,1,1,1,0.999083,1.01265,1,1,0,0,1,"[0]","[1]","[120877]","[1.54539]","[2.52306]","[296331]","[-0.0298166]","[1]","[11]","[1]","[0]","[1266.69]","[0.00036345]","[0.016225]",99024.3,2.67639,1,"[275042]","[1.50672]","[-0.501073]","[651567]","[0.999625]","[0]","[0]","[-0.820961]",0,"[]","[]","[]","[]","[]","[]","[]","[]","[]","[]",1,"[275946]","[1.5072]","[-0.494516]","[653833]","[24173]","[0]","[2.15202]","[0.720174]",0,"[]","[]","[]","[]","[]","[]","[]","[]","[]","[]",0,"[1748.21]",3629.52,"[7041.32]","[]","[6423.84]","[]"
1390,284500,5165154,361102,11460.2,11500.5,3.38179e+11,0,1,0.996112,1,1,0.998684,1.00894,1,0,1,0,1,"[0]","[1]","[74580.4]","[1.26834]","[-2.17597]","[143054]","[-0.0330734]","[1]","[13]","[1]","[0]","[-376.024]","[-0.0172819]","[2.51469]",84546.1,-2.08881,3,"[278401,168164,100235]","[0.956538,-0.242891,1.50444]","[-0.222879,1.87062,2.36821]","[416403,175378,236958]","[0.999074,0.995799,0.99]","[0,0,0]","[0,0,0]","[-0.8788,-0.920067,-0.917268]",0,"[]","[]","[]","[]","[]","[]","[]","[]","[]","[]",1,"[276878]","[0.932412]","[-0.221727]","[406584]","[17375.3]","[0]","[2.82205]","[0.525105]",0,"[]","[]","[]","[]","[]","[]","[]","[]","[]","[]",0,"[959.474]",4041.96,"[10588.8,2354.37,9077.8]","[]","[8061.59]","[]"
1391,284500,5755835,361102,11456.7,11500.5,3.38179e+11,0.164755,0.98458,1,1,1,0.999114,1.00582,1,1,0,0,1,"[0]","[1]","[95535.3]","[-0.346175]","[2.77616]","[101317]","[0.0334244]","[1]","[11]","[1]","[0]","[1373.36]","[0.0100525]","[0.791041]",248877,2.90144,2,"[305425,102381]","[1.37219,1.71238]","[-0.56522,0.779356]","[642086,293188]","[0.996154,1]","[0,0]","[0,0]","[-0.611825,-0.757542]",0,"[]","[]","[]","[]","[]","[]","[]","[]","[]","[]",1,"[311825]","[1.36386]","[-0.561928]","[650912]","[40052]","[0]","[1.32986]","[0.788196]",0,"[]","[]","[]","[]","[]","[]","[]","[]","[]","[]",0,"[268.349]",15706.8,"[10073.2,13467.1]","[]","[16067.2]","[]"
