event,runNumber,eventNumber,channelNumber,mcWeight,XSection,SumWeights,scaleFactor_PILEUP,scaleFactor_ELE,scaleFactor_MUON,scaleFactor_PHOTON,scaleFactor_TAU,scaleFactor_BTAG,scaleFactor_LepTRIGGER,scaleFactor_PhotonTRIGGER,trigE,trigM,trigP,lep_n,lep_truthMatched,lep_trigMatched,lep_pt,lep_eta,lep_phi,lep_E,lep_z0,lep_charge,lep_type,lep_isTightID,lep_ptcone30,lep_etcone20,lep_trackd0pvunbiased,lep_tracksigd0pvunbiased,met_et,met_phi,jet_n,jet_pt,jet_eta,jet_phi,jet_E,jet_jvt,jet_trueflav,jet_truthMatched,jet_MV2c10,photon_n,photon_truthMatched,photon_trigMatched,photon_pt,photon_eta,photon_phi,photon_E,photon_isTightID,photon_ptcone30,photon_etcone20,photon_convType,largeRjet_n,largeRjet_pt,largeRjet_eta,largeRjet_phi,largeRjet_E,largeRjet_m,largeRjet_truthMatched,largeRjet_D2,largeRjet_tau32,tau_n,tau_pt,tau_eta,tau_phi,tau_E,tau_charge,tau_isTightID,tau_truthMatched,tau_trigMatched,tau_nTracks,tau_BDTid,ditau_m,lep_pt_syst,met_et_syst,jet_pt_syst,photon_pt_syst,largeRjet_pt_syst,tau_pt_syst
0,284500,419180,364114,-1,1587.02,5.30764e+06,1.26205,0.957085,1,1,1,1,1.00582,1,1,0,0,2,"[1,1]","[1,1]","[427284,407020]","[-0.260656,1.35615]","[-1.73345,1.30277]","[441882,842299]","[-0.01474,-0.0248871]","[1,-1]","[11,11]","[1,1]","[0,1849.48]","[-860.415,2849.79]","[-0.011413,-0.0041941]","[1.91631,0.404818]",19282.8,-2.71492,0,"[]","[]","[]","[]","[]","[]","[]","[]",0,"[]","[]","[]","[]","[]","[]","[]","[]","[]","[]",2,"[441586,430641]","[-0.278288,1.3592]","[-1.73266,1.30711]","[458795,893567]","[0,-0.0110485]","[0,0]","[0,0]","[-1,-1]",0,"[]","[]","[]","[]","[]","[]","[]","[]","[]","[]",0,"[2698.76,8773.64]",306.115,"[]","[]","[5165.38,14629.9]","[]"
1,284500,2454117,364114,1,1587.02,5.30764e+06,0.738662,0.98089,1,1,1,0.998672,0.99866,1,1,0,0,2,"[1,1]","[1,0]","[290681,268029]","[-1.14079,-2.02679]","[3.11769,-0.0852386]","[501252,1.03479e+06]","[0.0580034,0.0105]","[1,-1]","[11,11]","[1,0]","[2986.61,0]","[1495.51,-86.5001]","[0.00900495,-0.00897047]","[1.32831,0.948371]",51498.8,-0.439962,2,"[30090.8,29272.9]","[1.10233,1.07271]","[0.767464,-2.71103]","[50523.2,48192.9]","[0.998914,0.615996]","[0,0]","[0,0]","[-0.572763,-0.253473]",0,"[]","[]","[]","[]","[]","[]","[]","[]","[]","[]",1,"[307713]","[-1.14393]","[3.11182]","[532081]","[10247.1]","[0]","[0]","[-1]",0,"[]","[]","[]","[]","[]","[]","[]","[]","[]","[]",0,"[3429.09,2849.4]",2874.46,"[4854.17,4703.22]","[]","[4420.16]","[]"
2,284500,1278672,364114,1,1587.02,5.30764e+06,1.55465,0.968109,1,1,1,1,1.00582,1,1,0,0,2,"[1,1]","[1,1]","[278293,265127]","[-0.306145,-0.896203]","[-0.412446,2.68218]","[291437,378919]","[0.0118718,-0.00975513]","[-1,1]","[11,11]","[1,1]","[0,1799.04]","[-622.994,3680.17]","[0.0250758,-0.0149024]","[3.0529,1.92021]",8962.86,-0.0473597,0,"[]","[]","[]","[]","[]","[]","[]","[]",0,"[]","[]","[]","[]","[]","[]","[]","[]","[]","[]",2,"[301736,278628]","[-0.900971,-0.313397]","[2.68524,-0.415806]","[432717,292424]","[1423.54,0.00488281]","[0,0]","[0,0]","[-1,-1]",0,"[]","[]","[]","[]","[]","[]","[]","[]","[]","[]",0,"[4229.74,3256.87]",20665.8,"[]","[]","[8749.09,4254.03]","[]"
3,284500,265337,364114,1,1587.02,5.30764e+06,1.1961,0.960322,1,1,1,1,1.01265,1,1,0,0,2,"[1,1]","[1,1]","[322186,318422]","[1.78163,1.73745]","[0.419154,-2.70217]","[983941,932783]","[-0.0736694,-0.00348282]","[1,-1]","[11,11]","[1,1]","[1278.26,0]","[1387.08,-93.5941]","[0.0298092,-0.0149479]","[4.06971,2.05458]",7755.27,-3.01367,0,"[]","[]","[]","[]","[]","[]","[]","[]",0,"[]","[]","[]","[]","[]","[]","[]","[]","[]","[]",2,"[341588,338434]","[1.7501,1.7939]","[-2.70047,0.422409]","[1.01263e+06,1.04563e+06]","[4278.54,5040.1]","[0,0]","[23.303,15.2608]","[-1,-1]",0,"[]","[]","[]","[]","[]","[]","[]","[]","[]","[]",0,"[6315.29,5018.2]",0,"[]","[]","[22897.6,20901.5]","[]"
4,284500,789845,364114,1,1587.02,5.30764e+06,1.32095,0.962009,1,1,1,0.997994,0.99604,1,1,0,0,2,"[1,1]","[1,1]","[311329,307252]","[-2.01739,-0.676324]","[-0.652631,2.55659]","[1.1911e+06,380243]","[0.00805664,0.0025177]","[-1,1]","[11,11]","[1,1]","[0,0]","[-2284.34,1088.01]","[0.034948,-0.00992978]","[3.65708,1.386]",12377.1,2.62239,1,"[24288.6]","[-1.97608]","[0.297664]","[89376]","[1]","[0]","[0]","[-0.144477]",0,"[]","[]","[]","[]","[]","[]","[]","[]","[]","[]",1,"[313767]","[-0.73539]","[2.55602]","[402508]","[2113.76]","[0]","[0]","[-1]",0,"[]","[]","[]","[]","[]","[]","[]","[]","[]","[]",0,"[6552.88,2017.25]",2416.05,"[3657.82]","[]","[10529]","[]"
5,284500,65853,364114,-1,1587.02,5.30764e+06,1.25133,0.957352,1,1,1,0.999237,0.98743,1,1,0,0,2,"[1,1]","[1,1]","[355075,327888]","[-0.134856,0.469902]","[1.0405,-2.17845]","[358309,364759]","[-0.147881,-0.0354385]","[-1,1]","[11,11]","[1,1]","[0,0]","[-935.958,-56.2192]","[0.00895604,-0.00537984]","[1.37832,1.01551]",5434.13,-1.28526,1,"[27290]","[1.13133]","[-1.38662]","[46862.4]","[0.994928]","[0]","[0]","[-0.844154]",0,"[]","[]","[]","[]","[]","[]","[]","[]","[]","[]",2,"[368069,327085]","[-0.0818517,0.520959]","[1.03971,-2.18216]","[369303,372483]","[0.00323889,-0.00276214]","[0,0]","[0,0]","[-1,-1]",0,"[]","[]","[]","[]","[]","[]","[]","[]","[]","[]",0,"[2142.12,2080.14]",1332.3,"[2227.99]","[]","[6289.22,34546.6]","[]"
6,284500,76930,364114,-1,1587.02,5.30764e+06,0.696077,0.972512,1,1,1,1,1.00632,1,1,0,0,2,"[1,1]","[1,1]","[332731,329513]","[0.354747,0.636407]","[1.8387,-1.36154]","[353888,398525]","[0.0727048,-0.105762]","[1,-1]","[11,11]","[1,1]","[0,0]","[-1191.37,21871]","[0.00489896,-0.00879434]","[0.639136,1.02811]",28659.6,-0.273472,0,"[]","[]","[]","[]","[]","[]","[]","[]",0,"[]","[]","[]","[]","[]","[]","[]","[]","[]","[]",2,"[364693,341787]","[0.642708,0.364299]","[-1.34562,1.83494]","[442649,364723]","[2066.33,1725.72]","[0,0]","[0,0]","[-1,-1]",0,"[]","[]","[]","[]","[]","[]","[]","[]","[]","[]",0,"[2970.65,3720.78]",0,"[]","[]","[26713.3,22634.4]","[]"
7,284500,4548214,364114,1,1587.02,5.30764e+06,1.22586,0.99242,1,1,1,0.998597,0.99765,1,1,0,0,1,"[1]","[1]","[265063]","[0.675208]","[-3.08913]","[327816]","[0.0117149]","[1]","[11]","[1]","[0]","[3300.94]","[-0.00694759]","[0.896916]",23669.6,-2.44509,2,"[327841,41268.9]","[0.805071,-1.60613]","[0.0584052,3.08994]","[440253,107416]","[1,0.96789]","[0,0]","[0,0]","[-0.492071,-0.891984]",0,"[]","[]","[]","[]","[]","[]","[]","[]","[]","[]",2,"[298267,290797]","[0.780469,0.652471]","[0.0565947,-3.08884]","[393943,354923]","[10051.8,0.00276214]","[0,0]","[0.27201,0]","[-1,-1]",0,"[]","[]","[]","[]","[]","[]","[]","[]","[]","[]",0,"[1811.64]",6690.11,"[7907.81,3741.78]","[]","[18694,18769.5]","[]"
8,284500,4751730,364114,-1,1587.02,5.30764e+06,1.22586,0.97994,1,1,1,0.997683,1.00632,1,1,0,0,1,"[1]","[1]","[243732]","[0.442645]","[-1.26501]","[268002]","[0.0303154]","[1]","[11]","[1]","[0]","[1743.16]","[0.00221449]","[0.299058]",6075,-0.550028,2,"[253590,20040.1]","[-0.0344261,-1.94614]","[1.93757,1.25285]","[253881,71725.5]","[0.996062,0.784455]","[0,0]","[0,0]","[-0.971814,-0.0282683]",0,"[]","[]","[]","[]","[]","[]","[]","[]","[]","[]",1,"[250147]","[0.470676]","[-1.25957]","[278371]","[-0.00365396]","[0]","[0]","[-1]",0,"[]","[]","[]","[]","[]","[]","[]","[]","[]","[]",0,"[1562.88]",12751.8,"[8178.27,1091.74]","[]","[21971.6]","[]"
9,284500,3719536,364114,1,1587.02,5.30764e+06,0.619412,0.985722,1,1,1,1,1.01265,1,1,0,0,2,"[1,1]","[1,1]","[325161,313802]","[1.63381,1.1213]","[0.0563472,-3.0706]","[864687,532632]","[-0.0287018,-0.0179825]","[1,-1]","[11,11]","[1,1]","[0,0]","[1374.99,2964.55]","[-0.00615687,0.000331594]","[0.756374,0.0434665]",14600.4,2.95656,0,"[]","[]","[]","[]","[]","[]","[]","[]",0,"[]","[]","[]","[]","[]","[]","[]","[]","[]","[]",2,"[348573,345051]","[1.13958,1.64833]","[-3.07015,0.052704]","[600511,930026]","[5081.11,0]","[0,0]","[8.45938,0]","[0.0660485,-1]",0,"[]","[]","[]","[]","[]","[]","[]","[]","[]","[]",0,"[6636.37,3945.92]",0,"[]","[]","[7366.12,5011.97]","[]"
10,284500,3646875,364114,1,1587.02,5.30764e+06,1.1961,0.984897,1,1,1,1,0.99765,1,1,0,0,2,"[1,1]","[1,1]","[511705,490259]","[0.632662,0.636354]","[-0.947764,2.24947]","[617575,592918]","[0.0704613,0.0568104]","[-1,1]","[11,11]","[1,1]","[0,0]","[-267.169,970.119]","[0.0211294,-0.0102002]","[1.27187,1.54047]",35923.9,-0.795296,0,"[]","[]","[]","[]","[]","[]","[]","[]",0,"[]","[]","[]","[]","[]","[]","[]","[]","[]","[]",2,"[540864,518416]","[0.669475,0.648842]","[2.25745,-0.944202]","[667163,631424]","[25734.4,0.00956832]","[0,0]","[0,0]","[-1,-1]",0,"[]","[]","[]","[]","[]","[]","[]","[]","[]","[]",0,"[4270.98,4002.62]",87.1211,"[]","[]","[7527.81,6714.16]","[]"
11,284500,3884016,364114,-1,1587.02,5.30764e+06,1.55465,0.991761,1,1,1,1,1.00936,1,1,0,0,2,"[1,1]","[1,1]","[343891,323556]","[0.125971,2.09097]","[2.47415,-0.680781]","[346623,1.32922e+06]","[-0.0268326,0.0481796]","[1,-1]","[11,11]","[1,1]","[0,0]","[35.4809,-1181.17]","[-0.0128122,0.0214502]","[1.79568,2.10064]",11651.2,-0.407288,0,"[]","[]","[]","[]","[]","[]","[]","[]",0,"[]","[]","[]","[]","[]","[]","[]","[]","[]","[]",1,"[355688]","[0.0858096]","[2.48039]","[356998]","[0.00459348]","[0]","[0]","[-1]",0,"[]","[]","[]","[]","[]","[]","[]","[]","[]","[]",0,"[3265.84,4150.68]",0,"[]","[]","[18562.2]","[]"
12,284500,5846411,364114,-1,1587.02,5.30764e+06,1.22586,0.97994,1,1,1,0.99937,1.00632,1,1,0,0,1,"[1]","[1]","[265644]","[0.258438]","[-2.98208]","[274565]","[0.0209007]","[1]","[11]","[1]","[0]","[-517.15]","[-0.00963902]","[1.16633]",19282.5,0.546375,1,"[240459]","[1.39563]","[0.127448]","[515238]","[1]","[0]","[0]","[-0.858718]",0,"[]","[]","[]","[]","[]","[]","[]","[]","[]","[]",1,"[273035]","[0.28274]","[-2.98634]","[284021]","[0.00543727]","[0]","[0]","[-1]",0,"[]","[]","[]","[]","[]","[]","[]","[]","[]","[]",0,"[1452.21]",466.824,"[3370.58]","[]","[20307.3]","[]"
13,284500,3150137,364114,-1,1587.02,5.30764e+06,1.32095,0.98697,1,1,1,0.9957,1.00582,1,1,0,0,1,"[1]","[1]","[436657]","[-0.243718]","[1.03181]","[449690]","[0.0136638]","[-1]","[11]","[1]","[0]","[6725.06]","[0.015301]","[1.77618]",49875.8,0.94205,3,"[495272,32593.6,22564.4]","[-0.267843,0.832692,2.49454]","[-2.0917,1.38352,-2.40245]","[514161,44936.5,137668]","[0.985954,0.976725,-0.1]","[0,0,0]","[0,0,0]","[-0.94702,-0.788496,-0.805433]",0,"[]","[]","[]","[]","[]","[]","[]","[]","[]","[]",2,"[468950,465135]","[-0.27335,-0.243158]","[-2.09387,1.0358]","[486697,478993]","[10691.1,6113.61]","[0,0]","[0.706497,12.6412]","[0.465409,-1]",0,"[]","[]","[]","[]","[]","[]","[]","[]","[]","[]",0,"[3051.69]",197.488,"[5717.39,3778.94,2354.16]","[]","[936.688,9945.47]","[]"
14,284500,7912223,364114,1,1587.02,5.30764e+06,1.08735,0.961462,1,1,1,0.997633,1.01508,1,1,0,0,2,"[1,1]","[1,1]","[209525,185246]","[-1.53329,-2.4045]","[0.289239,-2.93434]","[508015,1.03397e+06]","[-0.0189352,0.152505]","[1,-1]","[11,11]","[1,1]","[3994.5,0]","[1444.95,-322.243]","[-0.0361957,0.0194612]","[4.96555,1.28999]",12869,-2.1657,2,"[37020.9,21688]","[0.139213,-1.70588]","[-2.00372,1.85653]","[37496,61710]","[0.996695,0.985156]","[0,0]","[0,0]","[-0.700725,-0.907368]",0,"[]","[]","[]","[]","[]","[]","[]","[]","[]","[]",1,"[254880]","[-1.53514]","[0.280405]","[619078]","[8002.69]","[0]","[4.37678]","[0.0538559]",0,"[]","[]","[]","[]","[]","[]","[]","[]","[]","[]",0,"[3653.83,7334.86]",5072.85,"[5816.76,1679.01]","[]","[0]","[]"
15,284500,5020569,364114,1,1587.02,5.30764e+06,1.25133,0.985702,1,1,1,1,1.00632,1,1,0,0,2,"[1,1]","[1,1]","[374699,338689]","[0.355934,0.976853]","[1.09554,-2.04623]","[398686,513550]","[0.0495834,0.00444794]","[-1,1]","[11,11]","[1,1]","[0,0]","[-307.849,678.813]","[-0.0145761,0.0161754]","[1.86141,1.29459]",9706.19,-3.07018,0,"[]","[]","[]","[]","[]","[]","[]","[]",0,"[]","[]","[]","[]","[]","[]","[]","[]","[]","[]",2,"[396651,374982]","[0.299093,0.937646]","[1.10323,-2.04277]","[414525,552266]","[0.00768946,3237.39]","[0,0]","[0,0]","[-1,-1]",0,"[]","[]","[]","[]","[]","[]","[]","[]","[]","[]",0,"[2477.21,3921.49]",414.117,"[]","[]","[15215.3,1215.56]","[]"
16,284500,7547627,364114,1,1587.02,5.30764e+06,0.738662,0.96547,1,1,1,1,1.00121,1,1,0,0,2,"[1,1]","[1,1]","[254329,247149]","[-1.00479,-1.96223]","[-3.06399,0.0622456]","[393886,896626]","[0.00819016,0.0678596]","[1,-1]","[11,11]","[1,1]","[2411,0]","[-1667.96,-587.811]","[-0.0306023,0.0322206]","[3.24433,2.99097]",6388.36,-1.13299,0,"[]","[]","[]","[]","[]","[]","[]","[]",0,"[]","[]","[]","[]","[]","[]","[]","[]","[]","[]",2,"[273283,275348]","[-0.984846,-1.95189]","[-3.06992,0.0610979]","[416879,989085]","[-0.00390625,7838.61]","[0,0]","[0,9.54424]","[-1,-1]",0,"[]","[]","[]","[]","[]","[]","[]","[]","[]","[]",0,"[3420.66,2571.33]",0,"[]","[]","[9993.97,194.094]","[]"
17,284500,3144161,364114,1,1587.02,5.30764e+06,0.923924,0.913362,1,1,1,0.99763,0.99737,1,1,0,0,2,"[1,1]","[1,1]","[37095,28424.3]","[0.242087,1.65642]","[-2.30228,1.03572]","[38187.3,77190.8]","[-0.117086,-0.045351]","[1,-1]","[11,11]","[1,1]","[2382.11,0]","[-1317.35,1670.47]","[-0.0189683,0.0258043]","[1.54607,1.49656]",69884.9,-1.31635,4,"[224422,41685.7,30796,24411.9]","[-1.28523,-0.915316,0.949706,0.673999]","[0.0269831,0.452005,1.79857,-0.788535]","[437255,60766.4,46221.5,30491.1]","[0.0168135,0.979177,0.909639,0.801241]","[0,0,0,0]","[0,0,0,0]","[0.147292,-0.497773,-0.906573,-0.67408]",0,"[]","[]","[]","[]","[]","[]","[]","[]","[]","[]",1,"[284043]","[-0.366541]","[2.9634]","[303489]","[9568.47]","[0]","[7.73274]","[0.363379]",0,"[]","[]","[]","[]","[]","[]","[]","[]","[]","[]",0,"[27.1244,347.701]",3544.72,"[5486.91,6071.5,4353.34,2295.7]","[]","[15143.3]","[]"
18,284500,3726358,364114,1,1587.02,5.30764e+06,1.21412,0.968109,1,1,1,1,1.00582,1,1,0,0,2,"[1,1]","[1,1]","[265608,255994]","[-0.401505,-0.813561]","[2.07623,-1.10758]","[287306,345489]","[0.0471554,-0.00662613]","[-1,1]","[11,11]","[1,1]","[0,0]","[-149.68,1391.87]","[0.0101048,-0.0170218]","[1.51176,2.43384]",11107.3,-0.560268,0,"[]","[]","[]","[]","[]","[]","[]","[]",0,"[]","[]","[]","[]","[]","[]","[]","[]","[]","[]",2,"[277462,265302]","[-0.391738,-0.811517]","[2.08363,-1.11225]","[299028,357570]","[1246.13,2454.1]","[0,0]","[0,11.4765]","[-1,0.473805]",0,"[]","[]","[]","[]","[]","[]","[]","[]","[]","[]",0,"[1443.07,3019.47]",0,"[]","[]","[15698.2,3469.38]","[]"
19,284500,4981370,364114,1,1587.02,5.30764e+06,1.22586,0.967171,1,1,1,1,1.00632,1,1,0,0,2,"[1,1]","[1,1]","[248406,236408]","[0.413569,-0.494065]","[-3.05327,0.174929]","[269954,265854]","[-0.00999069,-0.0481586]","[1,-1]","[11,11]","[1,1]","[2955.96,0]","[1560.56,2082.4]","[0.0104583,-0.00531655]","[2.02079,0.631668]",22719.3,-1.06633,0,"[]","[]","[]","[]","[]","[]","[]","[]",0,"[]","[]","[]","[]","[]","[]","[]","[]","[]","[]",1,"[261138]","[0.401816]","[-3.06164]","[282586]","[6809.04]","[0]","[4.19716]","[-1]",0,"[]","[]","[]","[]","[]","[]","[]","[]","[]","[]",0,"[1291.38,2869.29]",0,"[]","[]","[0]","[]"
20,284500,4982740,364114,1,1587.02,5.30764e+06,1.1961,0.97994,1,1,1,0.999567,1.00632,1,1,0,0,1,"[1]","[1]","[236657]","[0.21404]","[2.01002]","[242098]","[-0.00283527]","[-1]","[11]","[1]","[0]","[-2164.72]","[0.00604268]","[0.976565]",30331.2,2.37216,1,"[250200]","[1.14026]","[-1.04347]","[431303]","[0.991094]","[0]","[0]","[-0.955167]",0,"[]","[]","[]","[]","[]","[]","[]","[]","[]","[]",1,"[260756]","[1.15528]","[-1.00548]","[456157]","[32410.3]","[0]","[0.975428]","[0.469559]",0,"[]","[]","[]","[]","[]","[]","[]","[]","[]","[]",0,"[1527.14]",1764.84,"[3306.18]","[]","[968.516]","[]"
21,284500,4220334,364114,-1,1587.02,5.30764e+06,0.923924,0.971455,1,1,1,0.998119,1.00121,1,1,0,0,2,"[1,1]","[1,1]","[365663,340650]","[-1.95019,-0.167238]","[-3.09316,0.0959963]","[1.31132e+06,345425]","[-0.0312309,-0.00466537]","[-1,1]","[11,11]","[1,1]","[0,1064.76]","[2433.58,-2497.28]","[0.00666079,0.0104464]","[0.846282,1.37054]",14394.2,-0.346412,1,"[22618]","[1.70128]","[-1.72616]","[64250]","[0.778628]","[0]","[0]","[-0.925211]",0,"[]","[]","[]","[]","[]","[]","[]","[]","[]","[]",2,"[398991,352339]","[-1.96137,-0.195117]","[-3.09227,0.094239]","[1.44629e+06,359068]","[0,-0.00543727]","[0,0]","[0,0]","[-1,-1]",0,"[]","[]","[]","[]","[]","[]","[]","[]","[]","[]",0,"[3544.19,1954.05]",37226.1,"[1610.26]","[]","[29650.2,29952.7]","[]"
22,284500,7517025,364114,1,1587.02,5.30764e+06,1.1961,0.972512,1,1,1,0.998022,0.99765,1,1,0,0,2,"[1,1]","[1,1]","[383472,334778]","[0.736787,0.11544]","[1.31101,-1.84941]","[492351,337011]","[0.0189457,0.027832]","[1,-1]","[11,11]","[1,1]","[0,3074.6]","[-28.8494,335.164]","[-0.00958719,0.0257379]","[1.25636,2.54528]",23492.2,-1.35209,1,"[23431.9]","[-1.94719]","[-1.99967]","[83853.7]","[1]","[0]","[0]","[-0.389637]",0,"[]","[]","[]","[]","[]","[]","[]","[]","[]","[]",2,"[394248,353186]","[0.750987,0.133614]","[1.31289,-1.84329]","[510757,356345]","[3254.63,825.695]","[0,0]","[52.4849,0]","[-1,-1]",0,"[]","[]","[]","[]","[]","[]","[]","[]","[]","[]",0,"[2813.61,6206.33]",1157.05,"[2277.55]","[]","[8788.25,8795.28]","[]"
23,284500,6430456,364114,1,1587.02,5.30764e+06,0.619412,0.96727,1,1,1,0.997084,0.99061,1,1,0,0,1,"[1]","[1]","[50372.4]","[-1.91296]","[1.05346]","[174308]","[0.0709114]","[1]","[11]","[1]","[0]","[-671.735]","[-0.0245707]","[0.995897]",63589.3,-0.0136036,3,"[423032,234804,32534.4]","[-0.344399,-1.16647,-1.54644]","[-2.86865,-0.00754803,-1.39581]","[449389,414587,80061.3]","[0.424899,0,1]","[0,0,0]","[0,0,0]","[-0.924379,-0.776195,-0.592695]",0,"[]","[]","[]","[]","[]","[]","[]","[]","[]","[]",2,"[426177,255527]","[-0.367591,-1.18386]","[-2.86988,-0.00366537]","[457173,457696]","[41390.6,32958.8]","[0,0]","[2.35694,1.63162]","[0.601334,0.799573]",0,"[]","[]","[]","[]","[]","[]","[]","[]","[]","[]",0,"[518.629]",5408.66,"[7124.39,3990.99,4868.3]","[]","[5156.66,4079.36]","[]"
24,284500,3923343,364114,-1,1587.02,5.30764e+06,0.75088,0.93319,1,1,1,0.98905,0.94581,1,1,0,0,1,"[1]","[1]","[32214.9]","[-1.74527]","[3.06683]","[95066.7]","[56.1737]","[1]","[11]","[1]","[0]","[32.2379]","[0.00435793]","[0.244029]",19170.4,-0.672195,2,"[913286,896360]","[0.867993,2.08999]","[2.08147,-1.05964]","[1.2806e+06,3.67909e+06]","[0.987937,1]","[0,0]","[0,0]","[-0.301162,-0.977905]",0,"[]","[]","[]","[]","[]","[]","[]","[]","[]","[]",1,"[895858]","[0.869083]","[2.08008]","[1.25642e+06]","[31614.3]","[0]","[2.70767]","[0.664888]",0,"[]","[]","[]","[]","[]","[]","[]","[]","[]","[]",0,"[434.6]",3856.74,"[14176.9,16208.9]","[]","[90512.8]","[]"
25,284500,3699890,364114,-1,1587.02,5.30764e+06,1.25133,0.972776,1,1,1,0.998419,1.00306,1,1,0,0,2,"[1,1]","[1,1]","[263463,115738]","[0.994227,0.105432]","[2.58578,-0.521304]","[404765,116382]","[-0.0928116,0.122603]","[-1,1]","[11,11]","[1,1]","[0,0]","[-1976.46,-68.6448]","[-0.0454566,0.00667075]","[6.8484,0.474785]",2836.96,-2.82257,2,"[24236.4,20275.3]","[1.02402,0.613666]","[-1.23743,0.794094]","[38573.2,24592.6]","[0.974738,1]","[0,0]","[0,0]","[-0.861722,-0.854972]",0,"[]","[]","[]","[]","[]","[]","[]","[]","[]","[]",1,"[285345]","[0.990563]","[2.58999]","[437166]","[0.00552427]","[0]","[0]","[-1]",0,"[]","[]","[]","[]","[]","[]","[]","[]","[]","[]",0,"[2932.49,810.314]",18004.1,"[3070.19,1141.21]","[]","[4024.66]","[]"
26,284500,5484602,364114,1,1587.02,5.30764e+06,0,0.93912,1,1,1,0.997837,0.86806,1,1,0,0,1,"[1]","[1]","[27351.1]","[-2.29223]","[2.53265]","[136729]","[-115.043]","[-1]","[11]","[1]","[0]","[-162.554]","[0.0519364]","[2.03198]",44943.5,-1.44281,3,"[236809,220820,23533.1]","[0.430384,-1.15753,-0.0996834]","[1.26544,-1.88929,2.84094]","[260045,386340,24323.2]","[0.985469,0.958206,0.74054]","[0,0,0]","[0,0,0]","[-0.941306,0.743774,-0.916511]",0,"[]","[]","[]","[]","[]","[]","[]","[]","[]","[]",1,"[259495]","[-1.14348]","[-1.8793]","[448665]","[13678.2]","[0]","[3.88089]","[0.30985]",0,"[]","[]","[]","[]","[]","[]","[]","[]","[]","[]",0,"[578.652]",10257,"[2831.63,10022.7,3231.98]","[]","[12749.2]","[]"
27,284500,2276116,364114,1,1587.02,5.30764e+06,0.696077,0.992773,1,1,1,0.997237,1.00582,1,1,0,0,2,"[1,1]","[1,1]","[274161,269114]","[0.852567,-0.444941]","[-1.98491,1.08663]","[379985,296195]","[-0.0151215,0.0211792]","[-1,1]","[11,11]","[1,1]","[0,0]","[-1347.31,-499.303]","[0.00580836,-0.00819717]","[0.585261,0.935073]",10175.9,2.05212,2,"[25808.1,23671.1]","[-2.16155,-0.0914353]","[-0.169533,2.69455]","[113667,24113.8]","[0.993948,0.946012]","[0,0]","[0,0]","[-0.484952,-0.761603]",0,"[]","[]","[]","[]","[]","[]","[]","[]","[]","[]",2,"[290699,285504]","[-0.364913,0.917545]","[1.08707,-1.98699]","[310270,414357]","[0.00239208,-0.00390625]","[0,0]","[0,0]","[-1,-1]",0,"[]","[]","[]","[]","[]","[]","[]","[]","[]","[]",0,"[3719.85,1899.97]",3059.79,"[5547.6,7016.01]","[]","[7697.44,10048.8]","[]"
28,284500,756682,364114,1,1587.02,5.30764e+06,1.26205,0.942984,1,1,1,1,1.01012,1,1,0,0,2,"[1,1]","[1,1]","[273398,256842]","[1.97056,2.16815]","[2.33988,-0.84054]","[999830,1.13735e+06]","[-0.0368996,0.0450439]","[1,-1]","[11,11]","[1,1]","[0,0]","[600.924,1570.28]","[0.0275806,-0.0110678]","[4.58463,1.06717]",14697.3,-0.435781,0,"[]","[]","[]","[]","[]","[]","[]","[]",0,"[]","[]","[]","[]","[]","[]","[]","[]","[]","[]",1,"[292958]","[1.95769]","[2.33378]","[1.05818e+06]","[1640.48]","[0]","[0]","[-1]",0,"[]","[]","[]","[]","[]","[]","[]","[]","[]","[]",0,"[3523.78,3502.24]",406.683,"[]","[]","[11253.6]","[]"
29,284500,2650138,364114,1,1587.02,5.30764e+06,0.738662,0.97994,1,1,1,0.999576,1.00632,1,1,0,0,1,"[1]","[1]","[313919]","[0.221238]","[0.554403]","[321633]","[0.031208]","[1]","[11]","[1]","[1053.98]","[1303.76]","[-0.00997768]","[1.15543]",41997.9,0.927193,1,"[347718]","[-0.408516]","[-2.53618]","[377541]","[0.99637]","[0]","[0]","[-0.890555]",0,"[]","[]","[]","[]","[]","[]","[]","[]","[]","[]",2,"[329635,324000]","[-0.441854,0.189994]","[-2.53216,0.553294]","[362581,329866]","[13213.2,-0.00248976]","[0,0]","[3.00665,0]","[0.556172,-1]",0,"[]","[]","[]","[]","[]","[]","[]","[]","[]","[]",0,"[2024.65]",1319.14,"[4233.66]","[]","[24657.4,19139.3]","[]"
30,284500,581492,364114,1,1587.02,5.30764e+06,1.22586,0.968109,1,1,1,1,0.99866,1,1,0,0,2,"[1,1]","[1,1]","[270936,247807]","[-0.911131,-0.467176]","[2.61203,-0.612822]","[391394,275345]","[0.0303459,-0.0959187]","[-1,1]","[11,11]","[1,1]","[1320.13,0]","[-471.921,-1680.01]","[0.000121036,-0.00661464]","[0.0175751,0.534895]",39510.1,1.12515,0,"[]","[]","[]","[]","[]","[]","[]","[]",0,"[]","[]","[]","[]","[]","[]","[]","[]","[]","[]",2,"[287566,261540]","[-0.916469,-0.481679]","[2.61163,-0.61918]","[417025,292471]","[658.877,-0.00239208]","[0,0]","[0,0]","[-1,-1]",0,"[]","[]","[]","[]","[]","[]","[]","[]","[]","[]",0,"[3490.63,2495.64]",2093.04,"[]","[]","[3194.09,18746.4]","[]"
31,284500,1048338,364114,1.61326,1587.02,5.30764e+06,1.25133,0.971455,1,1,1,0.997811,1.00121,1,1,0,0,2,"[1,1]","[1,1]","[275937,264906]","[-1.88825,-0.161608]","[1.95021,-1.41382]","[932548,268372]","[0.113331,0.0111885]","[-1,1]","[11,11]","[1,1]","[0,0]","[-167.251,241.646]","[-0.0056879,-0.000471913]","[0.628401,0.0814949]",29602.8,-2.24203,3,"[29611.3,20449.4,20139.9]","[0.0616781,0.985133,0.630325]","[0.381387,0.173904,0.732718]","[30494.4,31516.6,24431.8]","[0.931571,0.636737,0.994655]","[0,0,0]","[0,0,0]","[-0.849557,-0.461384,-0.845578]",0,"[]","[]","[]","[]","[]","[]","[]","[]","[]","[]",2,"[297411,275791]","[-1.87766,-0.138627]","[1.94841,-1.4178]","[995009,278450]","[1883.76,1628.13]","[0,0]","[27.1944,0]","[-1,-1]",0,"[]","[]","[]","[]","[]","[]","[]","[]","[]","[]",0,"[2331.26,1603.09]",10143,"[4518.66,1397.73,187.579]","[]","[1573.78,6330.88]","[]"
32,284500,6984692,364114,-1,1587.02,5.30764e+06,0.553627,0.956613,1,1,1,0.999092,0.99765,1,1,0,0,2,"[1,1]","[1,1]","[276828,258683]","[0.687997,1.89534]","[-1.9213,1.15715]","[344971,880179]","[-0.052784,-0.0572968]","[-1,1]","[11,11]","[1,1]","[0,0]","[480.503,5147.28]","[0.00419154,-0.00624517]","[0.57877,0.529231]",30258.5,1.57541,1,"[22607.2]","[0.151109]","[2.40126]","[23373.3]","[0.999826]","[0]","[0]","[-0.291823]",0,"[]","[]","[]","[]","[]","[]","[]","[]","[]","[]",2,"[325265,292881]","[1.86065,0.670724]","[1.25462,-1.91848]","[1.07502e+06,361281]","[96506.1,3134.76]","[0,0]","[0.742422,64.8788]","[0.740018,0.514453]",0,"[]","[]","[]","[]","[]","[]","[]","[]","[]","[]",0,"[1877.13,4819.48]",1075.88,"[2851.74]","[]","[27036,12001.6]","[]"
33,284500,151666,364114,0.685604,1587.02,5.30764e+06,1.26459,0.933436,1,1,1,0.996798,0.96793,1,1,0,0,2,"[1,1]","[1,1]","[44431.8,31193.9]","[-1.00629,0.323312]","[2.85301,-0.84754]","[68891.5,32838.5]","[0.0160942,-0.0369186]","[-1,1]","[11,11]","[1,1]","[0,0]","[1271.41,238.179]","[0.017845,-0.0635401]","[1.4659,3.9177]",23745.2,2.36118,4,"[293006,193765,155359,88721.4]","[-1.21027,0.263699,-0.624056,-1.2739]","[-2.54318,0.732996,0.760815,-1.45766]","[536149,203603,188315,171241]","[0,0,0.184316,0]","[0,0,0,0]","[0,0,0,0]","[-0.821989,-0.759397,-0.812752,-0.819935]",0,"[]","[]","[]","[]","[]","[]","[]","[]","[]","[]",2,"[350831,342871]","[-0.187835,-1.24654]","[0.758032,-2.65215]","[398982,655228]","[178074,111965]","[0,0]","[0.941568,1.47811]","[0.6102,0.61803]",0,"[]","[]","[]","[]","[]","[]","[]","[]","[]","[]",0,"[81.4028,138.37]",1475.11,"[4602.88,4759.36,11556.5,3529.78]","[]","[8067.06,6766.12]","[]"
34,284500,379587,364114,-0.545517,1587.02,5.30764e+06,1.24168,0.961213,1,1,1,1,0.99866,1,1,0,0,2,"[1,1]","[1,1]","[297003,254867]","[-1.02851,0.0879373]","[2.76318,-0.372978]","[468437,255853]","[-0.0308533,0.00304413]","[-1,1]","[11,11]","[1,1]","[0,0]","[-1054.27,819.601]","[-0.00817965,0.00850245]","[0.959717,1.2515]",45042.9,-0.39716,0,"[]","[]","[]","[]","[]","[]","[]","[]",0,"[]","[]","[]","[]","[]","[]","[]","[]","[]","[]",2,"[328822,272981]","[-1.00835,0.131405]","[2.76809,-0.369633]","[510648,275353]","[1892.18,2586.76]","[0,0]","[105.229,0]","[-1,-1]",0,"[]","[]","[]","[]","[]","[]","[]","[]","[]","[]",0,"[4807.44,1961.94]",0,"[]","[]","[19693.7,10722]","[]"
35,284500,2759269,364114,1,1587.02,5.30764e+06,1.25133,1.00588,1,1,1,1,1.00306,1,1,0,0,2,"[1,1]","[1,1]","[243935,226118]","[0.965861,2.38603]","[-2.05855,1.2214]","[366843,1.23939e+06]","[-0.0434875,-0.041481]","[1,-1]","[11,11]","[1,0]","[0,0]","[55.2036,1517.82]","[-0.0155186,-0.123585]","[1.47687,3.82301]",19864.3,0.963364,0,"[]","[]","[]","[]","[]","[]","[]","[]",0,"[]","[]","[]","[]","[]","[]","[]","[]","[]","[]",1,"[259149]","[0.986258]","[-2.05947]","[395743]","[1633.09]","[0]","[0]","[-1]",0,"[]","[]","[]","[]","[]","[]","[]","[]","[]","[]",0,"[2316.37,2600.36]",1259.87,"[]","[]","[0]","[]"
36,284500,7431116,364114,-1,1587.02,5.30764e+06,1.24168,0.972532,1,1,1,1,0.99765,1,1,0,0,2,"[1,1]","[1,1]","[290480,231758]","[0.67663,1.72301]","[-2.40192,0.726326]","[359551,669766]","[-0.0217896,-0.0643311]","[1,-1]","[11,11]","[1,1]","[0,0]","[493.997,935.766]","[-0.0190058,0.0148799]","[1.03834,1.21278]",25446.5,0.681069,0,"[]","[]","[]","[]","[]","[]","[]","[]",0,"[]","[]","[]","[]","[]","[]","[]","[]","[]","[]",2,"[305990,259133]","[0.643811,1.70273]","[-2.40365,0.728328]","[371630,734788]","[1809.3,1249.17]","[0,0]","[0,0]","[-1,-1]",0,"[]","[]","[]","[]","[]","[]","[]","[]","[]","[]",0,"[2058.32,4218.75]",2839.98,"[]","[]","[20206.7,960.766]","[]"
37,284500,1684108,364114,0.0143909,1587.02,5.30764e+06,0.696077,0.949495,1,1,1,0.999464,1.01508,1,1,0,0,2,"[1,1]","[1,1]","[224697,197459]","[-1.60978,-0.432585]","[-0.509176,2.3927]","[584399,216224]","[-0.080368,0.055438]","[1,-1]","[11,11]","[1,1]","[0,1920.3]","[-71.3427,1427.56]","[-0.0357788,0.0119869]","[1.51944,1.3259]",22723.4,2.76904,1,"[33044.1]","[-0.150587]","[-2.52785]","[34210.9]","[0.99]","[0]","[0]","[-0.748017]",0,"[]","[]","[]","[]","[]","[]","[]","[]","[]","[]",1,"[255304]","[-1.60774]","[-0.51835]","[662764]","[3887.72]","[0]","[6.39318]","[-1]",0,"[]","[]","[]","[]","[]","[]","[]","[]","[]","[]",0,"[3780.61,1890.9]",13333.4,"[3316.95]","[]","[4899.52]","[]"
38,284500,2757351,364114,1,1587.02,5.30764e+06,1.22586,0.950267,1,1,1,0.998637,0.99544,1,1,0,0,2,"[1,1]","[1,1]","[240943,223512]","[1.22229,0.262693]","[0.622512,-2.39692]","[444480,231268]","[0.00948524,0.0296173]","[-1,1]","[11,11]","[1,1]","[0,1856.87]","[-521.37,129.492]","[-0.0168905,0.0255438]","[2.38917,2.62285]",8604.8,2.69884,2,"[30425.7,20186.4]","[-0.860936,0.66945]","[2.96353,0.314483]","[42717.7,25066.8]","[0.841332,0.803507]","[0,0]","[0,0]","[-0.0288002,0.781725]",0,"[]","[]","[]","[]","[]","[]","[]","[]","[]","[]",1,"[265346]","[1.2409]","[0.626428]","[497242]","[1221.84]","[0]","[65.4618]","[-1]",0,"[]","[]","[]","[]","[]","[]","[]","[]","[]","[]",0,"[3068.03,1221.15]",4522.64,"[2233.88,1124.47]","[]","[9769.16]","[]"
39,284500,6055901,364114,1,1587.02,5.30764e+06,1.32095,0.96483,1,1,1,0.993494,1.01048,1,1,0,0,1,"[1]","[1]","[40029.8]","[1.53347]","[1.87144]","[97072.9]","[-48.6886]","[1]","[11]","[1]","[0]","[-739.513]","[-0.052609]","[1.26281]",56273,-0.209476,6,"[233715,214414,37166.4,25746,21857.4,20905.2]","[0.611138,-0.224672,-0.378871,-2.25645,-2.0753,-0.110374]","[1.71978,-1.41837,1.90196,-2.38046,-1.73554,2.51272]","[280617,220442,40354.7,124363,88537.4,21541.3]","[1,0.992531,0.884078,0.989794,0.940985,0.98029]","[0,0,0,0,0,0]","[0,0,0,0,0,0]","[-0.965926,0.37199,0.381867,-0.179706,-0.0544562,-0.795094]",0,"[]","[]","[]","[]","[]","[]","[]","[]","[]","[]",1,"[279160]","[0.499609]","[1.73066]","[327158]","[89310.4]","[0]","[1.81365]","[0.63167]",0,"[]","[]","[]","[]","[]","[]","[]","[]","[]","[]",0,"[275.639]",8016.27,"[7581.78,4704.34,6766.52,2644.69,5955.52,1139.28]","[]","[6725.41]","[]"
40,284500,871775,364114,1,1587.02,5.30764e+06,1.1961,0.968109,1,1,1,0.998278,1.00582,1,1,0,0,2,"[1,1]","[1,1]","[381475,374040]","[-1.10702,-0.488099]","[-2.56277,0.429349]","[640092,419487]","[-0.0373297,-0.0389862]","[1,-1]","[11,11]","[1,1]","[0,0]","[3523.56,1462.93]","[-0.00354012,0.0153937]","[0.517486,1.76174]",10381.8,-2.54239,3,"[68732.4,66624.9,64803.4]","[-1.69983,1.45577,-1.64677]","[1.68961,-0.146374,3.07859]","[194603,150675,174634]","[0.998758,0,0]","[0,0,0]","[0,0,0]","[-0.919326,-0.871956,-0.804801]",0,"[]","[]","[]","[]","[]","[]","[]","[]","[]","[]",2,"[461736,382465]","[-1.2231,-0.495698]","[-2.64987,0.432218]","[862150,430430]","[129496,2225.14]","[0,0]","[0.855448,0]","[0.478857,-1]",0,"[]","[]","[]","[]","[]","[]","[]","[]","[]","[]",0,"[6046.03,2356.06]",920.821,"[7744.78,5803.74,4900.25]","[]","[9636.94,21146.2]","[]"
41,284500,951765,364114,1,1587.02,5.30764e+06,1.26459,0.948088,1,1,1,1,1.00121,1,1,0,0,2,"[1,1]","[1,1]","[235819,229086]","[-1.90464,-1.33996]","[-2.96554,0.128437]","[809555,467422]","[0.0716171,0.0647812]","[1,-1]","[11,11]","[1,1]","[0,4398.25]","[-48.9769,2335.88]","[0.0116116,0.0136362]","[0.661735,1.20967]",5037.8,1.60422,0,"[]","[]","[]","[]","[]","[]","[]","[]",0,"[]","[]","[]","[]","[]","[]","[]","[]","[]","[]",2,"[258487,260476]","[-1.8841,-1.32664]","[-2.97137,0.135463]","[870116,525361]","[1676.28,3804.13]","[0,0]","[0,15.9479]","[-1,0.217441]",0,"[]","[]","[]","[]","[]","[]","[]","[]","[]","[]",0,"[1847.34,3319.66]",0,"[]","[]","[7554.97,2642.92]","[]"
42,284500,2512515,364114,0.773328,1587.02,5.30764e+06,1.24168,0.97411,1,1,1,0.998585,1.00582,1,1,0,0,2,"[1,1]","[1,1]","[276074,238251]","[-0.170954,-0.226154]","[-2.38022,0.8693]","[280118,244370]","[0.0907803,-0.0106554]","[-1,1]","[11,11]","[1,1]","[0,0]","[-651.89,3043.02]","[0.029424,-0.0394341]","[4.36129,5.62484]",14642.6,0.498409,1,"[35808.7]","[1.99682]","[0.0576534]","[134392]","[1]","[0]","[0]","[-0.836774]",0,"[]","[]","[]","[]","[]","[]","[]","[]","[]","[]",2,"[286013,255448]","[-0.16305,-0.216514]","[-2.3807,0.861996]","[289833,261475]","[2330.93,2899.1]","[0,0]","[17.4813,0]","[-1,-1]",0,"[]","[]","[]","[]","[]","[]","[]","[]","[]","[]",0,"[2561.23,1515.34]",1545.78,"[2696.01]","[]","[4913.28,0]","[]"
43,284500,1735036,364114,0.110924,1587.02,5.30764e+06,0.934886,0.972512,1,1,1,0.999204,0.99765,1,1,0,0,2,"[1,1]","[1,1]","[296511,238071]","[0.760111,0.272185]","[1.25994,-1.95331]","[386373,246944]","[0.0134735,-0.0291595]","[-1,1]","[11,11]","[1,1]","[0,0]","[1735.97,-773.129]","[0.00550457,-0.00643246]","[0.787488,1.01803]",8551.42,-1.30853,1,"[56157.7]","[-1.87111]","[-1.71227]","[186767]","[1]","[0]","[0]","[-0.673307]",0,"[]","[]","[]","[]","[]","[]","[]","[]","[]","[]",1,"[303848]","[0.773627]","[1.25759]","[399417]","[3621.8]","[0]","[3.38562]","[-1]",0,"[]","[]","[]","[]","[]","[]","[]","[]","[]","[]",0,"[2636.1,1273.34]",4044.72,"[5379.06]","[]","[22540.8]","[]"
44,284500,5923288,364114,1,1587.02,5.30764e+06,1.26205,0.962145,1,1,1,1,0.99866,1,1,0,0,2,"[1,1]","[1,1]","[638465,597909]","[-0.968537,-1.00537]","[-0.58153,2.54483]","[962079,926412]","[-0.0298939,0.00813103]","[1,-1]","[11,11]","[1,1]","[0,0]","[-972.262,1801.98]","[0.00130358,-0.0175616]","[0.155741,2.06222]",6768.51,2.59736,0,"[]","[]","[]","[]","[]","[]","[]","[]",0,"[]","[]","[]","[]","[]","[]","[]","[]","[]","[]",2,"[675010,642676]","[-0.960939,-0.997813]","[-0.581005,2.53937]","[1.0114e+06,990058]","[0.0220971,3658.29]","[0,0]","[0,50.9476]","[-1,0.210506]",0,"[]","[]","[]","[]","[]","[]","[]","[]","[]","[]",0,"[8614.95,7707.57]",3077.89,"[]","[]","[12004.2,20375.4]","[]"
45,284500,5955937,364114,1,1587.02,5.30764e+06,1.1961,1.00588,1,1,1,0.995644,1,1,1,0,0,1,"[0]","[1]","[245881]","[0.8911]","[1.81637]","[350136]","[0.0495567]","[-1]","[11]","[0]","[0]","[1343.14]","[0.11064]","[5.6214]",91237.2,1.97254,3,"[33679.9,32568.8,22151.8]","[2.3105,-2.33882,0.354839]","[0.162352,-1.6587,1.64158]","[171503,170487,23856.7]","[0.954515,0.98731,0.995018]","[0,0,0]","[0,0,0]","[-0.670396,-0.76387,-0.706309]",0,"[]","[]","[]","[]","[]","[]","[]","[]","[]","[]",1,"[264094]","[0.914538]","[1.81681]","[382464]","[3249.82]","[0]","[24.3144]","[-1]",0,"[]","[]","[]","[]","[]","[]","[]","[]","[]","[]",0,"[2469.36]",3310.01,"[2342.81,2410.72,3687.49]","[]","[4809.83]","[]"
46,284500,3633223,364114,1,1587.02,5.30764e+06,0.351687,0.97738,1,1,1,0.99738,1.00056,1,1,0,0,1,"[1]","[1]","[60673.9]","[0.547721]","[0.823928]","[70004.7]","[35.4243]","[-1]","[11]","[1]","[0]","[1117.26]","[0.0139612]","[1.30562]",73585,-1.93222,3,"[197172,155307,23664]","[0.0436109,1.97585,0.668076]","[0.439307,-2.2485,2.16258]","[197721,571553,29482.7]","[1,0.998422,0.909011]","[0,0,0]","[0,0,0]","[-0.896121,-0.948077,-0.29177]",0,"[]","[]","[]","[]","[]","[]","[]","[]","[]","[]",1,"[271057]","[0.183915]","[0.538353]","[279591]","[46755.1]","[0]","[0.42038]","[0.477703]",0,"[]","[]","[]","[]","[]","[]","[]","[]","[]","[]",0,"[125.101]",16440.5,"[7954.51,13641.2,3589.26]","[]","[19174.6]","[]"
47,284500,1992633,364114,1,1587.02,5.30764e+06,1.22586,0.960282,1,1,1,1,1.00632,1,1,0,0,2,"[1,1]","[1,1]","[274460,273146]","[0.173168,0.471424]","[-1.28128,1.83745]","[278585,304065]","[0.107544,-0.0325241]","[-1,1]","[11,11]","[1,1]","[0,0]","[-987.304,1985.68]","[0.025617,-0.0234599]","[4.1082,4.32336]",3589.04,2.99667,0,"[]","[]","[]","[]","[]","[]","[]","[]",0,"[]","[]","[]","[]","[]","[]","[]","[]","[]","[]",2,"[290819,282154]","[0.419816,0.113933]","[1.83381,-1.28032]","[316831,283987]","[2026.72,-0.00119604]","[0,0]","[0,0]","[-1,-1]",0,"[]","[]","[]","[]","[]","[]","[]","[]","[]","[]",0,"[2305.64,1690.19]",0,"[]","[]","[7764.66,30331.8]","[]"
48,284500,2503911,364114,1,1587.02,5.30764e+06,0.696077,0.968109,1,1,1,0.998107,1.00582,1,1,0,0,2,"[1,1]","[1,1]","[400984,397716]","[-0.925437,-0.589448]","[-2.90479,0.24887]","[585302,468833]","[0.0278854,-9.91821e-05]","[1,-1]","[11,11]","[1,1]","[0,0]","[817.128,2336.33]","[6.80957e-05,0.00669877]","[0.0098558,1.16257]",24795.3,1.06682,1,"[21385.4]","[-2.4713]","[-0.581165]","[127559]","[0]","[0]","[0]","[-0.716508]",0,"[]","[]","[]","[]","[]","[]","[]","[]","[]","[]",2,"[469144,426407]","[-0.472845,-0.888931]","[0.238086,-2.90614]","[534867,606271]","[114014,0.00956832]","[0,0]","[0.6829,0]","[0.497205,-1]",0,"[]","[]","[]","[]","[]","[]","[]","[]","[]","[]",0,"[6162.01,3260.77]",11796.7,"[1672.58]","[]","[22479.7,16368.7]","[]"
49,284500,2509885,364114,1,1587.02,5.30764e+06,0.934886,0.97996,1,1,1,1,1.01265,1,1,0,0,1,"[1]","[1]","[270116]","[1.69977]","[0.216915]","[763808]","[0.0121002]","[1]","[11]","[1]","[0]","[2190.02]","[0.027928]","[3.55849]",61190,0.154691,0,"[]","[]","[]","[]","[]","[]","[]","[]",0,"[]","[]","[]","[]","[]","[]","[]","[]","[]","[]",1,"[282951]","[1.69693]","[0.224399]","[797978]","[0]","[0]","[0]","[-1]",0,"[]","[]","[]","[]","[]","[]","[]","[]","[]","[]",0,"[6308.54]",794.34,"[]","[]","[1762]","[]"
50,284500,5812047,364114,-1,1587.02,5.30764e+06,1.26459,0.96323,1,1,1,0.999466,1.00493,1,1,0,0,1,"[1]","[1]","[315156]","[-1.35126]","[-1.69006]","[649413]","[0.0614853]","[-1]","[11]","[1]","[0]","[4788.35]","[0.0136201]","[1.93297]",68437.4,-2.01362,1,"[369208]","[-1.43319]","[1.39489]","[818051]","[0.945954]","[0]","[0]","[-0.939687]",0,"[]","[]","[]","[]","[]","[]","[]","[]","[]","[]",2,"[371097,355551]","[-1.33965,-1.41084]","[-1.69508,1.39263]","[756994,772170]","[6030.69,7001.48]","[0,0]","[9.52176,2.84333]","[-1,0.327807]",0,"[]","[]","[]","[]","[]","[]","[]","[]","[]","[]",0,"[4753.82]",3965.5,"[4863.71]","[]","[33685.3,12534.3]","[]"
51,284500,5930590,364114,1,1587.02,5.30764e+06,1.55465,0.97996,1,1,1,0.99843,1.01265,1,1,0,0,1,"[1]","[1]","[387681]","[1.6699]","[0.865541]","[1.0661e+06]","[0.0775909]","[-1]","[11]","[1]","[0]","[3559.06]","[0.032421]","[2.48727]",37970.8,1.11492,2,"[423144,24006.8]","[1.42848,0.570374]","[-2.27715,-1.69519]","[933533,28369]","[0.990393,0.999435]","[0,0]","[0,0]","[-0.854103,0.160644]",0,"[]","[]","[]","[]","[]","[]","[]","[]","[]","[]",2,"[405825,396952]","[1.68418,1.4375]","[0.854398,-2.27833]","[1.13097e+06,882765]","[5954.19,3667.32]","[0,0]","[28.4229,7.7667]","[0.44811,0.539252]",0,"[]","[]","[]","[]","[]","[]","[]","[]","[]","[]",0,"[9932.85]",13633.2,"[16340.1,2122.98]","[]","[7573.62,33400.3]","[]"
52,284500,5719015,364114,1,1587.02,5.30764e+06,0.923924,0.949495,1,1,1,1,1.00582,1,1,0,0,2,"[1,1]","[1,1]","[252894,230011]","[-0.26234,-1.57814]","[-2.33598,0.732287]","[261646,581040]","[0.0419903,-0.052103]","[1,-1]","[11,11]","[1,1]","[0,0]","[-314.428,1681.31]","[-0.00982078,0.0040264]","[1.03654,0.441024]",27771.8,1.52445,0,"[]","[]","[]","[]","[]","[]","[]","[]",0,"[]","[]","[]","[]","[]","[]","[]","[]","[]","[]",2,"[259958,250791]","[-0.267271,-1.58466]","[-2.333,0.735126]","[269298,637361]","[0.00218366,4976.94]","[0,0]","[0,12.5553]","[-1,0.580487]",0,"[]","[]","[]","[]","[]","[]","[]","[]","[]","[]",0,"[1305.7,5004.52]",0,"[]","[]","[4845.92,0]","[]"
53,284500,3917773,364114,1,1587.02,5.30764e+06,1.26459,1.01974,1,1,1,1,1.00936,1,1,0,0,2,"[1,1]","[1,1]","[399583,391296]","[0.0404395,0.965689]","[-0.325808,2.78134]","[399910,588376]","[0.00551605,0.00320435]","[-1,1]","[11,11]","[1,0]","[0,0]","[-311.598,-2480.63]","[-0.00985301,-0.0609408]","[1.28759,1.45334]",7595.72,-2.20256,0,"[]","[]","[]","[]","[]","[]","[]","[]",0,"[]","[]","[]","[]","[]","[]","[]","[]","[]","[]",2,"[409249,412891]","[0.0971536,1.00958]","[-0.328233,2.77978]","[411182,641801]","[0.00490717,0.00552427]","[0,0]","[0,0]","[-1,-1]",0,"[]","[]","[]","[]","[]","[]","[]","[]","[]","[]",0,"[2873.77,5026.28]",0,"[]","[]","[3103.78,7020.03]","[]"
54,284500,7381983,364114,1,1587.02,5.30764e+06,0.619412,0.896029,1,1,1,0.998158,0.84537,1,1,0,0,2,"[1,1]","[0,1]","[29793.9,28909.6]","[0.296526,-1.83133]","[2.16393,-0.442278]","[31113.3,92545]","[166.373,166.66]","[-1,1]","[11,11]","[0,1]","[0,2305.22]","[160.253,3102.18]","[0.080052,0.00210347]","[0.923065,0.0834908]",23160.6,-2.87387,2,"[226693,218496]","[-1.89394,1.83381]","[-0.991809,2.1672]","[770650,701501]","[0.993987,0.989396]","[0,0]","[0,0]","[-0.844742,-0.571702]",0,"[]","[]","[]","[]","[]","[]","[]","[]","[]","[]",1,"[254305]","[-1.90366]","[-0.901285]","[873152]","[40909.1]","[0]","[1.46508]","[0.737785]",0,"[]","[]","[]","[]","[]","[]","[]","[]","[]","[]",0,"[386.304,118.123]",808.557,"[5321.62,4017.01]","[]","[0]","[]"
55,284500,6011657,364114,1,1587.02,5.30764e+06,1.22586,0.944584,1,1,1,1,1.01012,1,1,0,0,2,"[1,1]","[1,1]","[348779,341337]","[1.82893,0.276064]","[-0.056404,3.05676]","[1.11396e+06,354427]","[0.132088,-0.0243645]","[1,-1]","[11,11]","[1,1]","[0,0]","[-2752.69,-555.509]","[0.0086917,-0.0128824]","[1.00565,1.66429]",14736.3,-0.2094,0,"[]","[]","[]","[]","[]","[]","[]","[]",0,"[]","[]","[]","[]","[]","[]","[]","[]","[]","[]",2,"[371063,350430]","[1.82133,0.261812]","[-0.0568236,3.06257]","[1.17662e+06,362539]","[0.0270633,4652.57]","[0,0]","[0,0]","[-1,-1]",0,"[]","[]","[]","[]","[]","[]","[]","[]","[]","[]",0,"[4859.19,2627.1]",950.921,"[]","[]","[10933.1,85.1562]","[]"
56,284500,7386805,364114,0.721567,1587.02,5.30764e+06,1.21412,0.98089,1,1,1,0.996199,0.99866,1,1,0,0,1,"[1]","[1]","[347220]","[-1.02998]","[1.8069]","[548267]","[0.0298042]","[1]","[11]","[1]","[0]","[-250.532]","[-0.00171042]","[0.291117]",109209,1.87903,3,"[425263,48535.4,20449.3]","[-1.51711,-1.60052,1.86501]","[-1.29886,-2.06657,0.477242]","[1.01605e+06,125358,67617.7]","[-0.1,0.988602,0.997909]","[0,0,0]","[0,0,0]","[-0.897809,-0.936302,-0.795013]",0,"[]","[]","[]","[]","[]","[]","[]","[]","[]","[]",2,"[417021,395548]","[-0.98829,-1.55504]","[1.83909,-1.36681]","[643840,981756]","[87959.9,82530.4]","[0,0]","[0.547811,1.13623]","[0.433311,0.624332]",0,"[]","[]","[]","[]","[]","[]","[]","[]","[]","[]",0,"[4405.5]",61508.1,"[5913.8,13229.6,24421.2]","[]","[29069,18946.2]","[]"
57,284500,7382125,364114,1,1587.02,5.30764e+06,0.738662,0.98089,1,1,1,0.995643,0.99866,1,1,0,0,1,"[1]","[1]","[269119]","[-0.916166]","[2.11708]","[390187]","[0.0084877]","[-1]","[11]","[1]","[1844.29]","[-1098.41]","[-0.0023275]","[0.263629]",25126.4,1.90708,3,"[230200,30357.6,20377]","[-1.44477,1.30513,2.4434]","[-1.02547,-1.33261,-1.59463]","[515418,60323.9,118208]","[0.997301,0.99715,0]","[0,0,0]","[0,0,0]","[-0.989276,-0.883691,-0.820227]",0,"[]","[]","[]","[]","[]","[]","[]","[]","[]","[]",1,"[287224]","[-0.931883]","[2.11807]","[421227]","[0.00390625]","[0]","[0]","[-1]",0,"[]","[]","[]","[]","[]","[]","[]","[]","[]","[]",0,"[2569.69]",6323.69,"[7563.7,1917.23,3551.99]","[]","[18398.7]","[]"
58,284500,7387667,364114,1,1587.02,5.30764e+06,1.22586,0.943646,1,1,1,0.998296,0.99866,1,1,0,0,2,"[1,1]","[1,1]","[257644,243332]","[-0.924881,-1.61811]","[2.68326,-0.687378]","[375921,637753]","[-0.0154724,-0.0270576]","[1,-1]","[11,11]","[1,1]","[0,0]","[-2572.29,956.978]","[-0.000137505,-0.00710817]","[0.0236029,0.536346]",15418.7,2.32658,2,"[49925.7,21611.7]","[-1.87508,0.429888]","[0.735475,-0.790529]","[166855,24091.5]","[0.997976,0.982475]","[0,0]","[0,0]","[-0.158892,-0.816243]",0,"[]","[]","[]","[]","[]","[]","[]","[]","[]","[]",2,"[311819,283164]","[-0.9605,-1.60882]","[2.74381,-0.688861]","[471287,735827]","[62995,5459.52]","[0,0]","[0.911378,10.803]","[0.563717,0.182983]",0,"[]","[]","[]","[]","[]","[]","[]","[]","[]","[]",0,"[3364.44,3853.62]",11079.3,"[2931.26,1628.07]","[]","[8088.09,19312.3]","[]"
59,284500,2674294,364114,0.56447,1587.02,5.30764e+06,1.22586,0.949495,1,1,1,0.9987,1.01508,1,1,0,0,2,"[1,1]","[1,1]","[272441,214180]","[-1.73836,-0.506978]","[-2.74279,0.525426]","[798775,242300]","[-0.036274,-0.0120068]","[-1,1]","[11,11]","[1,1]","[0,0]","[-1707.41,-83.1383]","[0.0102439,0.0137278]","[0.528545,1.47308]",25797.4,-0.623379,2,"[33541.1,29731.6]","[0.725742,-0.50908]","[-0.372731,1.4038]","[43101.7,33971.4]","[0.994813,0.993035]","[0,0]","[0,0]","[-0.904606,0.0303237]",0,"[]","[]","[]","[]","[]","[]","[]","[]","[]","[]",1,"[286360]","[-1.74481]","[-2.73632]","[844688]","[-0.0110485]","[0]","[0]","[-1]",0,"[]","[]","[]","[]","[]","[]","[]","[]","[]","[]",0,"[4133.2,1051.68]",7143.59,"[1912.63,2525.94]","[]","[25946.2]","[]"
60,284500,2692877,364114,-1,1587.02,5.30764e+06,1.26459,0.934732,1,1,1,0.999239,1.01012,1,1,0,0,2,"[0,1]","[1,1]","[346537,290598]","[1.95976,1.34786]","[1.96329,-1.12295]","[1.2542e+06,597029]","[-0.0394821,-0.0604782]","[-1,-1]","[11,11]","[1,1]","[0,0]","[-341.15,6834.25]","[0.0245392,0.0238072]","[1.84447,2.54149]",38976.1,-1.17697,1,"[28311.4]","[-0.503818]","[-1.47654]","[32141.7]","[0.984802]","[0]","[0]","[-0.635579]",0,"[]","[]","[]","[]","[]","[]","[]","[]","[]","[]",2,"[363653,316921]","[1.97361,1.37516]","[1.96413,-1.12579]","[1.3338e+06,666886]","[2314.09,2364.54]","[0,0]","[0,0]","[-1,-1]",0,"[]","[]","[]","[]","[]","[]","[]","[]","[]","[]",0,"[3158.26,3910.15]",3382.92,"[3963.01]","[]","[21275.7,17194.4]","[]"
61,284500,6867955,364114,1,1587.02,5.30764e+06,1.25133,0.993444,1,1,1,1,1.00632,1,1,0,0,2,"[1,1]","[1,1]","[262557,239066]","[0.560981,0.0852843]","[-2.467,0.659055]","[304965,239936]","[0.000957489,-0.0728493]","[-1,1]","[11,11]","[1,1]","[0,0]","[-1046.95,-2073.32]","[-0.00303996,-0.0149749]","[0.37863,0.94625]",16732.2,1.11207,0,"[]","[]","[]","[]","[]","[]","[]","[]",0,"[]","[]","[]","[]","[]","[]","[]","[]","[]","[]",1,"[273092]","[0.543089]","[-2.47362]","[314365]","[0.00276214]","[0]","[0]","[-1]",0,"[]","[]","[]","[]","[]","[]","[]","[]","[]","[]",0,"[1382.79,1776.34]",0,"[]","[]","[15348.2]","[]"
62,284500,1019270,364114,1,1587.02,5.30764e+06,0.696077,0.975287,1,1,1,0.99875,1.00936,1,1,0,0,2,"[0,1]","[1,1]","[419814,419498]","[-1.54648,0.062892]","[0.78648,-2.42536]","[1.0302e+06,420328]","[0.262814,-0.0380402]","[1,1]","[11,11]","[1,1]","[0,0]","[282.261,-295.428]","[-0.0100464,-0.000623044]","[1.02544,0.0851188]",60374.1,1.90678,2,"[61642.2,29687.4]","[1.2559,-1.19161]","[-1.13175,-1.18507]","[117374,53472.6]","[0,0.985602]","[0,0]","[0,0]","[-0.863662,-0.799771]",0,"[]","[]","[]","[]","[]","[]","[]","[]","[]","[]",2,"[498137,436520]","[-1.54453,0.0877629]","[0.786697,-2.42351]","[1.22024e+06,438222]","[4513.11,4115.44]","[0,0]","[0.543134,39.7776]","[0.436103,0.218365]",0,"[]","[]","[]","[]","[]","[]","[]","[]","[]","[]",0,"[9282.81,5684.62]",3695.97,"[2709.68,2764.13]","[]","[570.031,14061.8]","[]"
63,284500,5824718,364114,1,1587.02,5.30764e+06,0.553627,0.976503,1,1,1,1,1.00936,1,1,0,0,2,"[1,1]","[1,1]","[298954,297083]","[-1.30094,0.103218]","[-2.71883,0.44454]","[589691,298667]","[0.0280304,-0.0741119]","[1,-1]","[11,11]","[1,1]","[0,0]","[-259.651,1411.82]","[-0.00295675,0.00220021]","[0.432968,0.321169]",2805.76,-2.97844,0,"[]","[]","[]","[]","[]","[]","[]","[]",0,"[]","[]","[]","[]","[]","[]","[]","[]","[]","[]",2,"[336326,315246]","[-1.32685,0.0811324]","[-2.71624,0.446979]","[678449,316286]","[1132.66,1181]","[0,0]","[0,0]","[-1,-1]",0,"[]","[]","[]","[]","[]","[]","[]","[]","[]","[]",0,"[5859.57,2326.54]",20639.9,"[]","[]","[27664.9,4986.12]","[]"
64,284500,5466340,364114,1,1587.02,5.30764e+06,1.25133,0.939049,1,1,1,0.99784,0.98736,1,1,0,0,2,"[1,1]","[1,1]","[44615.5,41491.2]","[0.794715,0.494302]","[-0.732486,2.36351]","[59461.8,46664.1]","[-11.0556,-11.058]","[1,-1]","[11,11]","[1,1]","[0,0]","[-599.662,-205.699]","[0.0171518,-0.0246148]","[1.5421,2.86785]",35330.3,-2.43829,4,"[416645,365035,70019.3,36126.4]","[1.46131,-0.595623,0.648645,-0.681726]","[-1.55063,1.52855,1.07635,2.29988]","[946870,432746,86049.9,45263.3]","[0.994547,0.999497,0.998185,1]","[0,0,0,0]","[0,0,0,0]","[-0.908771,-0.831425,-0.621115,0.303654]",0,"[]","[]","[]","[]","[]","[]","[]","[]","[]","[]",2,"[397246,422203]","[-0.601669,1.46465]","[1.56617,-1.54974]","[477252,962255]","[74857.2,20819.2]","[0,0]","[3.46753,2.43816]","[0.598301,0.754672]",0,"[]","[]","[]","[]","[]","[]","[]","[]","[]","[]",0,"[45.3337,158.859]",7600.36,"[12253.9,4143.72,2062.05,2579.74]","[]","[27474.8,1997.09]","[]"
65,284500,2517523,364114,0.513445,1587.02,5.30764e+06,1.22586,0.948088,1,1,1,0.996326,1.00493,1,1,0,0,2,"[1,1]","[1,1]","[277582,231070]","[-1.36789,-1.87489]","[-0.370084,2.88107]","[580380,771017]","[0.0444527,-0.0872135]","[1,-1]","[11,11]","[1,1]","[0,0]","[2942.59,-2068.94]","[-0.00225014,0.0278258]","[0.253951,1.30293]",26457.9,2.36667,2,"[28773.2,20124.8]","[1.94678,-2.26888]","[-1.83915,0.979828]","[102905,98409]","[0.994457,0.91167]","[0,0]","[0,0]","[-0.886851,-0.0225983]",0,"[]","[]","[]","[]","[]","[]","[]","[]","[]","[]",2,"[303784,250391]","[-1.37112,-1.87053]","[-0.365993,2.88572]","[636984,832018]","[3752.48,0]","[0,0]","[12.1953,0]","[-1,-1]",0,"[]","[]","[]","[]","[]","[]","[]","[]","[]","[]",0,"[3994.12,2449.62]",278.422,"[4261.82,1321.65]","[]","[0,0]","[]"
66,284500,1707561,364114,1,1587.02,5.30764e+06,1.55465,0.95444,1,1,1,1,0.9918,1,1,0,0,2,"[1,1]","[1,1]","[268994,258089]","[-1.67692,-0.691303]","[-1.27147,1.88644]","[744574,322255]","[-0.037714,0.00702477]","[-1,1]","[11,11]","[1,1]","[1876.32,0]","[62.6124,-832.141]","[-0.0150317,0.0309764]","[0.437887,3.67418]",9164.28,1.5824,0,"[]","[]","[]","[]","[]","[]","[]","[]",0,"[]","[]","[]","[]","[]","[]","[]","[]","[]","[]",2,"[285979,272989]","[-1.67899,-0.690702]","[-1.26724,1.88988]","[793125,340745]","[2857.73,2399.76]","[0,0]","[49.2956,3.91147]","[-1,-1]",0,"[]","[]","[]","[]","[]","[]","[]","[]","[]","[]",0,"[5995.31,1984.23]",0,"[]","[]","[9995.16,2425.88]","[]"
67,284500,7425988,364114,1,1587.02,5.30764e+06,1.26459,0.9666,1,1,1,0.996564,0.95498,1,1,0,0,1,"[1]","[1]","[54074.9]","[-0.719311]","[1.97687]","[68677.9]","[-10.5957]","[1]","[11]","[1]","[0]","[-429.37]","[0.015184]","[1.83432]",60157.9,-0.852192,4,"[308436,271026,31647.4,25112.5]","[-1.65329,0.177786,0.482594,1.66158]","[1.25046,-1.99386,-1.51065,-2.48301]","[835512,277447,35888.9,68715.1]","[0.986022,0.990677,0.954191,0.999318]","[0,0,0,0]","[0,0,0,0]","[-0.613533,-0.932547,-0.36638,-0.0120112]",0,"[]","[]","[]","[]","[]","[]","[]","[]","[]","[]",2,"[299133,285477]","[-1.66289,0.17466]","[1.24016,-1.95258]","[817469,293344]","[18890.2,45189.4]","[0,0]","[3.76723,2.13045]","[0.566169,0.690694]",0,"[]","[]","[]","[]","[]","[]","[]","[]","[]","[]",0,"[66.1576]",4004.64,"[8572.24,12918.4,2258.73,2332.86]","[]","[25723.6,23932]","[]"
68,284500,6667693,364114,1,1587.02,5.30764e+06,1.26205,0.969588,1,1,1,1,1.00306,1,1,0,0,2,"[1,1]","[1,1]","[408190,400460]","[0.828741,1.93288]","[-2.04021,1.05468]","[556574,1.41244e+06]","[0.0167041,-0.0431123]","[1,-1]","[11,11]","[1,1]","[0,0]","[-3472.62,4927.43]","[-0.0353308,0.0289056]","[3.83221,3.32352]",15995.4,2.26316,0,"[]","[]","[]","[]","[]","[]","[]","[]",0,"[]","[]","[]","[]","[]","[]","[]","[]","[]","[]",2,"[429106,436810]","[0.837072,1.93242]","[-2.03877,1.05209]","[588427,1.53998e+06]","[0.0146158,5192.44]","[0,0]","[0,28.6275]","[-1,0.316921]",0,"[]","[]","[]","[]","[]","[]","[]","[]","[]","[]",0,"[4813.32,3793.48]",0,"[]","[]","[10987.7,6130.25]","[]"
69,284500,5253453,364114,-1,1587.02,5.30764e+06,0.619412,0.940357,1,1,1,0.999324,1,1,1,0,0,2,"[1,1]","[1,1]","[229597,162504]","[1.32281,1.3025]","[2.12499,-0.965974]","[461530,320973]","[0.0436172,-0.0556908]","[-1,1]","[11,11]","[0,1]","[0,0]","[-1549.27,408.054]","[0.0138007,-0.0231071]","[0.930624,1.87009]",14419.9,2.1832,1,"[79235.2]","[1.83259]","[-1.18484]","[254242]","[0.999795]","[0]","[0]","[-0.960712]",0,"[]","[]","[]","[]","[]","[]","[]","[]","[]","[]",1,"[260680]","[1.35085]","[2.1244]","[536966]","[0.00552427]","[0]","[0]","[-1]",0,"[]","[]","[]","[]","[]","[]","[]","[]","[]","[]",0,"[3534.82,1679.89]",1814.55,"[2944.98]","[]","[10455.6]","[]"
70,284500,1174527,364114,-1,1587.02,5.30764e+06,1.25133,0.968109,1,1,1,0.999279,0.99866,1,1,0,0,2,"[1,1]","[1,1]","[278263,259557]","[-1.01204,-0.171605]","[2.00619,-1.31952]","[433350,263388]","[-0.0234947,0.00316238]","[-1,1]","[11,11]","[1,1]","[0,0]","[926.533,-1361.6]","[-0.0139554,0.000131274]","[1.46716,0.0235737]",19027.7,-0.370931,1,"[20890.8]","[-1.17079]","[1.01732]","[36988.9]","[0.993837]","[0]","[0]","[-0.655213]",0,"[]","[]","[]","[]","[]","[]","[]","[]","[]","[]",2,"[299103,266900]","[-0.992068,-0.141278]","[2.01121,-1.32216]","[458767,269568]","[0.00676582,0.00530409]","[0,0]","[0,0]","[-1,-1]",0,"[]","[]","[]","[]","[]","[]","[]","[]","[]","[]",0,"[2664.38,1716.13]",1934.34,"[1128.31]","[]","[5073,0]","[]"
71,284500,208627,364114,1,1587.02,5.30764e+06,1.32095,0.98697,1,1,1,0.997954,1.00582,1,1,0,0,1,"[1]","[1]","[440265]","[-0.434958]","[-3.04816]","[482573]","[0.0864487]","[1]","[11]","[1]","[0]","[36.462]","[0.00402956]","[0.732927]",73724.9,3.10463,2,"[493180,65211.8]","[-1.42353,-0.641296]","[-0.0218831,1.40475]","[1.08324e+06,79662.7]","[0.998431,1]","[0,0]","[0,0]","[-0.938337,-0.906473]",0,"[]","[]","[]","[]","[]","[]","[]","[]","[]","[]",2,"[459845,487430]","[-0.425769,-1.41796]","[-3.05442,-0.0212335]","[502159,1.06525e+06]","[0.0078125,1707.27]","[0,0]","[0,24.7404]","[-1,0.309931]",0,"[]","[]","[]","[]","[]","[]","[]","[]","[]","[]",0,"[2746.8]",19055.5,"[19704.6,3603.13]","[]","[42939,21266.6]","[]"
72,284500,6743808,364114,1.68608,1587.02,5.30764e+06,0.553627,0.972208,1,1,1,1,1.00632,1,1,0,0,2,"[1,1]","[1,1]","[255157,246568]","[0.20495,-0.624965]","[-1.44198,1.752]","[260535,296308]","[-0.020031,-0.0063324]","[1,-1]","[11,11]","[1,1]","[0,1602.88]","[800.936,-331.091]","[-0.00712116,0.00583002]","[1.09273,1.02116]",9013.28,1.02565,0,"[]","[]","[]","[]","[]","[]","[]","[]",0,"[]","[]","[]","[]","[]","[]","[]","[]","[]","[]",2,"[260081,264137]","[-0.61012,0.235801]","[1.75179,-1.44098]","[312247,271519]","[37324.8,1642.54]","[0,0]","[58.0285,65.6593]","[-1,-1]",0,"[]","[]","[]","[]","[]","[]","[]","[]","[]","[]",0,"[1316.62,1821.45]",32088.8,"[]","[]","[8254.25,4707.42]","[]"
73,284500,6691902,364114,1,1587.02,5.30764e+06,1.24168,0.943646,1,1,1,0.997083,0.99866,1,1,0,0,2,"[1,1]","[1,1]","[306826,290956]","[-1.03491,-1.70248]","[-1.96221,1.18321]","[486334,824828]","[0.0142441,-0.0679016]","[-1,1]","[11,11]","[1,1]","[0,0]","[-35.21,3543.42]","[0.0129191,-0.0315512]","[2.11173,2.99963]",13847.5,-1.4939,2,"[35292,23339.8]","[-1.89621,1.39904]","[0.718323,3.10251]","[120223,50211.3]","[0.990071,0.994475]","[0,0]","[0,0]","[-0.854918,-0.869753]",0,"[]","[]","[]","[]","[]","[]","[]","[]","[]","[]",2,"[344513,323708]","[-1.00745,-1.70959]","[-1.96294,1.14371]","[534642,925258]","[979.075,51789.9]","[0,0]","[0,0.744916]","[-1,0.634633]",0,"[]","[]","[]","[]","[]","[]","[]","[]","[]","[]",0,"[3969.35,8368.99]",944.076,"[2802.14,1703.74]","[]","[7671.44,17820.7]","[]"
74,284500,4108360,364114,-1,1587.02,5.30764e+06,0.619412,0.967171,1,1,1,0.99755,1.00632,1,1,0,0,2,"[1,1]","[1,1]","[249668,225870]","[0.382775,-0.511561]","[2.61359,-0.525141]","[268183,256075]","[0.0314445,-0.0344486]","[-1,1]","[11,11]","[1,1]","[0,0]","[-1662.55,1033.11]","[-0.027331,0.0184529]","[4.89736,3.07625]",49251.7,2.33407,2,"[24675.8,24556]","[1.20804,0.327492]","[-0.545312,-0.883119]","[45141.1,26623.2]","[0.643368,0.798352]","[0,0]","[0,0]","[-0.864216,-0.801281]",0,"[]","[]","[]","[]","[]","[]","[]","[]","[]","[]",1,"[259108]","[0.373122]","[2.61328]","[277355]","[0.0041432]","[0]","[0]","[-1]",0,"[]","[]","[]","[]","[]","[]","[]","[]","[]","[]",0,"[1632.48,1154.59]",38643.1,"[1746.29,1784.3]","[]","[0]","[]"
75,284500,7695341,364114,1,1587.02,5.30764e+06,1.21412,0.918677,1,1,1,0.99859,0.95922,1,1,0,0,2,"[1,1]","[1,0]","[45369.8,21475.4]","[-0.998742,0.930392]","[2.00018,-1.09467]","[69942.3,31460.4]","[-0.00453186,-0.0211945]","[1,-1]","[11,11]","[1,1]","[1837.49,0]","[-297.391,1017.95]","[0.000890043,0.0126737]","[0.0807558,0.148409]",114799,-1.99242,2,"[343444,105695]","[-0.891285,0.431914]","[0.836246,-3.10401]","[489423,116575]","[0,0]","[0,0]","[0,0]","[-0.673356,-0.720099]",0,"[]","[]","[]","[]","[]","[]","[]","[]","[]","[]",1,"[334361]","[-0.903956]","[0.836699]","[480804]","[16221.2]","[0]","[2.03838]","[0.54546]",0,"[]","[]","[]","[]","[]","[]","[]","[]","[]","[]",0,"[64.9206,51.4068]",4855.87,"[5057.83,8364.86]","[]","[20462.7]","[]"
76,284500,7697755,364114,1,1587.02,5.30764e+06,0.696077,0.94602,1,1,1,0.997791,0.99806,1,1,0,0,1,"[1]","[1]","[38451.9]","[-1.693]","[-0.477032]","[108045]","[-108.977]","[-1]","[11]","[1]","[0]","[1799.22]","[-0.0427293]","[1.95856]",10113.5,-0.429732,4,"[284724,212836,63741.8,40500.5]","[1.80002,-1.44718,1.05125,-0.475884]","[1.1221,-2.21035,-1.80225,-1.93964]","[885017,477887,102643,46403.2]","[0.989913,0.992052,0.984863,0.995237]","[0,0,0,0]","[0,0,0,0]","[-0.361839,-0.946227,-0.925011,-0.858593]",0,"[]","[]","[]","[]","[]","[]","[]","[]","[]","[]",1,"[294497]","[1.80457]","[1.11169]","[919286]","[18192.5]","[0]","[5.27792]","[0.735167]",0,"[]","[]","[]","[]","[]","[]","[]","[]","[]","[]",0,"[286.785]",479.311,"[4546.96,7608.34,5591.93,4333.78]","[]","[2635.12]","[]"
77,284500,910882,364114,1,1587.02,5.30764e+06,1.24168,0.904935,1,1,1,1,1.00632,1,1,0,0,2,"[1,0]","[1,1]","[361516,341480]","[0.00674511,2.34353]","[1.48019,-1.65386]","[361524,1.79515e+06]","[0.111542,-0.264282]","[1,1]","[11,11]","[1,1]","[0,0]","[2326.24,2261.61]","[0.00300537,-0.0488565]","[0.514879,3.59764]",22366.9,-1.08279,0,"[]","[]","[]","[]","[]","[]","[]","[]",0,"[]","[]","[]","[]","[]","[]","[]","[]","[]","[]",1,"[380792]","[0.106495]","[1.48237]","[382961]","[2478.5]","[0]","[3.07019]","[-1]",0,"[]","[]","[]","[]","[]","[]","[]","[]","[]","[]",0,"[2548.25,4807.27]",0,"[]","[]","[709.531]","[]"
78,284500,6275974,364114,1,1587.02,5.30764e+06,1.08735,0.97994,1,1,1,0.999454,1.00632,1,1,0,0,1,"[1]","[1]","[307481]","[0.0597602]","[-0.763198]","[308030]","[0.0171967]","[1]","[11]","[1]","[0]","[-954.895]","[-0.0108757]","[2.08957]",29440.5,2.01785,1,"[306140]","[-1.51494]","[2.40937]","[730030]","[1]","[0]","[0]","[-0.964667]",0,"[]","[]","[]","[]","[]","[]","[]","[]","[]","[]",2,"[316691,304085]","[0.107938,-1.49533]","[-0.761786,2.40903]","[318538,712328]","[0.00234171,3190.48]","[0,0]","[0,1.93913]","[-1,0.340253]",0,"[]","[]","[]","[]","[]","[]","[]","[]","[]","[]",0,"[5704.59]",5546.27,"[8354.46]","[]","[7109.66,35749.9]","[]"
79,284500,7785043,364114,1,1587.02,5.30764e+06,1.74563,1.00588,1,1,1,0.997442,1.00306,1,1,0,0,1,"[1]","[1]","[262106]","[0.912504]","[-3.12599]","[379014]","[-0.0523434]","[-1]","[11]","[1]","[5202.68]","[6255.46]","[0.0088888]","[1.282]",38021.3,2.72924,2,"[288618,21919.5]","[1.48105,-1.96327]","[0.0138435,-0.0352881]","[667536,79729.3]","[0.999958,0.847474]","[0,0]","[0,0]","[-0.973222,-0.836132]",0,"[]","[]","[]","[]","[]","[]","[]","[]","[]","[]",2,"[296745,264946]","[0.903906,1.47139]","[-3.11756,0.0148992]","[426475,607391]","[4253.2,4578.95]","[0,0]","[0,4.04888]","[-1,0.637378]",0,"[]","[]","[]","[]","[]","[]","[]","[]","[]","[]",0,"[3035.45]",10324,"[10933.3,2699.2]","[]","[6016.22,33579.8]","[]"
80,284500,7779398,364114,-0.384517,1587.02,5.30764e+06,0.553627,0.944584,1,1,1,0.998149,1.01012,1,1,0,0,2,"[1,1]","[1,1]","[284495,253614]","[1.96147,0.261052]","[-1.65604,1.37405]","[1.03135e+06,262305]","[-0.33534,0.00364876]","[1,-1]","[11,11]","[1,1]","[0,2731.31]","[2210.71,129.562]","[0.00925935,0.00559062]","[0.750455,0.781037]",27252.9,1.77425,1,"[27910.2]","[1.31307]","[2.16362]","[56100.3]","[0.901719]","[0]","[0]","[-0.878657]",0,"[]","[]","[]","[]","[]","[]","[]","[]","[]","[]",2,"[300601,262598]","[1.96734,0.270209]","[-1.65704,1.37685]","[1.09593e+06,272246]","[6324.1,1278.71]","[0,0]","[10.4954,0]","[0.507257,-1]",0,"[]","[]","[]","[]","[]","[]","[]","[]","[]","[]",0,"[6015.21,1455.48]",13912.3,"[5164.84]","[]","[20424,0]","[]"
81,284500,2591555,364114,-1,1587.02,5.30764e+06,0,0.904954,1,1,1,1,1.01265,1,1,0,0,2,"[1,1]","[1,1]","[288344,279066]","[1.54865,2.41186]","[-0.631635,2.49834]","[708986,1.56895e+06]","[0.0286064,-0.0378838]","[1,-1]","[11,11]","[1,1]","[0,0]","[-801.829,-1637.42]","[-0.00133516,0.0222092]","[0.0947472,1.30206]",19774.3,0.0377611,0,"[]","[]","[]","[]","[]","[]","[]","[]",0,"[]","[]","[]","[]","[]","[]","[]","[]","[]","[]",1,"[322481]","[1.55956]","[-0.63466]","[800880]","[2871.27]","[0]","[9.44988]","[0.159669]",0,"[]","[]","[]","[]","[]","[]","[]","[]","[]","[]",0,"[8198.22,13185.1]",2725.88,"[]","[]","[19478.1]","[]"
82,284500,3265824,364114,1,1587.02,5.30764e+06,1.1961,0.95444,1,1,1,1,0.9918,1,1,0,0,2,"[1,1]","[1,1]","[374756,372121]","[-1.56975,-0.76418]","[0.897296,-2.22918]","[939429,486167]","[-0.021312,0.0347077]","[-1,1]","[11,11]","[1,1]","[1624.26,0]","[-53.5791,1564.78]","[0.024121,-0.0231177]","[2.12914,2.16653]",8470.59,-2.84463,0,"[]","[]","[]","[]","[]","[]","[]","[]",0,"[]","[]","[]","[]","[]","[]","[]","[]","[]","[]",2,"[409725,393176]","[-1.57732,-0.767751]","[0.905987,-2.22854]","[1.03426e+06,514858]","[4010.22,0]","[0,0]","[8.50527,0]","[-1,-1]",0,"[]","[]","[]","[]","[]","[]","[]","[]","[]","[]",0,"[9529.82,3036.12]",0,"[]","[]","[11982.2,24443.2]","[]"
83,284500,6787483,364114,1,1587.02,5.30764e+06,1.74563,0.985702,1,1,1,0.999171,1.00306,1,1,0,0,2,"[1,1]","[1,1]","[435584,431591]","[0.32983,0.977084]","[-0.578343,2.51857]","[459492,654530]","[-0.0420227,0.0198059]","[-1,1]","[11,11]","[1,1]","[0,0]","[1908.28,-1068.53]","[0.0549805,-0.0165145]","[5.47855,2.17396]",11009.6,2.59416,1,"[23995.5]","[-0.251934]","[-1.58272]","[25375.6]","[0.976376]","[0]","[0]","[-0.691666]",0,"[]","[]","[]","[]","[]","[]","[]","[]","[]","[]",2,"[479141,460761]","[0.936898,0.269482]","[2.51543,-0.572015]","[705270,477596]","[0.0110485,1744.36]","[0,0]","[0,0]","[-1,-1]",0,"[]","[]","[]","[]","[]","[]","[]","[]","[]","[]",0,"[7059.78,5855.33]",173.769,"[1734.24]","[]","[32343,3767.47]","[]"
84,284500,3269252,364114,-1,1587.02,5.30764e+06,0.187531,0.954417,1,1,1,0.999641,0.99604,1,1,0,0,2,"[1,1]","[1,1]","[460776,454531]","[-2.15625,-1.8244]","[0.76482,-2.46023]","[2.01692e+06,1.4455e+06]","[0.0187044,0.0110598]","[1,-1]","[11,11]","[1,1]","[0,0]","[1774.51,-3267.81]","[-0.00952533,-0.0230567]","[0.807135,2.86431]",35509,1.51103,1,"[65720.5]","[-0.704841]","[-1.38267]","[83589.6]","[0.937324]","[0]","[0]","[-0.766347]",0,"[]","[]","[]","[]","[]","[]","[]","[]","[]","[]",1,"[474018]","[-1.82741]","[-2.46274]","[1.51178e+06]","[2174.6]","[0]","[0]","[-1]",0,"[]","[]","[]","[]","[]","[]","[]","[]","[]","[]",0,"[6511.02,7623.97]",1528.27,"[2534.35]","[]","[14994.3]","[]"
85,284500,5387218,364114,1,1587.02,5.30764e+06,1.21412,0.960282,1,1,1,0.999235,1.00632,1,1,0,0,2,"[1,1]","[1,1]","[291364,265065]","[0.357633,0.198203]","[1.22095,-1.96277]","[310196,270288]","[-0.0459633,0.0747757]","[-1,1]","[11,11]","[1,1]","[0,0]","[1335.19,-1438.85]","[-0.0102712,0.0228436]","[1.61324,3.66769]",16080.6,-2.40394,1,"[21794.1]","[-0.864977]","[-0.749059]","[30793.9]","[0.862608]","[0]","[0]","[-0.79165]",0,"[]","[]","[]","[]","[]","[]","[]","[]","[]","[]",2,"[299840,277407]","[0.38743,0.2333]","[1.22189,-1.96467]","[322674,284992]","[5525.63,642.206]","[0,0]","[14.6699,0]","[0.547946,-1]",0,"[]","[]","[]","[]","[]","[]","[]","[]","[]","[]",0,"[2387.02,1378.83]",125.191,"[1958.52]","[]","[7079.78,1490.16]","[]"
86,284500,6202219,364114,-1,1587.02,5.30764e+06,1.25133,0.972532,1,1,1,0.999701,0.99765,1,1,0,0,2,"[1,1]","[1,1]","[346176,336081]","[0.841144,1.72181]","[2.77394,-0.407649]","[476032,970162]","[0.0127106,-0.060936]","[1,-1]","[11,11]","[1,1]","[0,0]","[-975.445,984.979]","[0.0253395,-0.0159223]","[3.26051,2.07016]",36708,-1.7228,1,"[49617.9]","[1.10475]","[1.15039]","[83612.7]","[0.661155]","[0]","[0]","[-0.934674]",0,"[]","[]","[]","[]","[]","[]","[]","[]","[]","[]",2,"[366260,355109]","[0.791176,1.69899]","[2.78044,-0.41879]","[486998,1.00342e+06]","[0.00676582,2018.69]","[0,0]","[0,10.1258]","[-1,-1]",0,"[]","[]","[]","[]","[]","[]","[]","[]","[]","[]",0,"[2885.25,8214.39]",1039.69,"[2434.31]","[]","[1987.56,9041.66]","[]"
87,284500,7832641,364114,1,1587.02,5.30764e+06,0.402058,1.01974,1,1,1,1,1.00306,1,1,0,0,2,"[1,1]","[1,1]","[240479,228178]","[0.0743748,0.987025]","[-2.26076,0.906472]","[241145,348647]","[-0.0777617,-0.0148649]","[-1,1]","[11,11]","[1,1]","[0,0]","[984.83,-1278.5]","[0.0146306,-0.00886698]","[2.39886,1.05826]",14152.4,0.426934,0,"[]","[]","[]","[]","[]","[]","[]","[]",0,"[]","[]","[]","[]","[]","[]","[]","[]","[]","[]",1,"[253060]","[0.0663813]","[-2.25839]","[253624]","[1778.38]","[0]","[0]","[-1]",0,"[]","[]","[]","[]","[]","[]","[]","[]","[]","[]",0,"[1284.22,2176.31]",0,"[]","[]","[6322.28]","[]"
88,284500,3861845,364114,1,1587.02,5.30764e+06,0.738662,1.00588,1,1,1,0.999427,1.00306,1,1,0,0,1,"[1]","[1]","[265146]","[0.846449]","[0.879261]","[365939]","[-0.0536404]","[1]","[11]","[1]","[0]","[-1313.74]","[0.0430771]","[6.42256]",41587.9,0.93168,1,"[297233]","[2.43164]","[-2.28385]","[1.70419e+06]","[0.990009]","[0]","[0]","[-0.884513]",0,"[]","[]","[]","[]","[]","[]","[]","[]","[]","[]",1,"[281692]","[0.842279]","[0.878482]","[387667]","[1984.53]","[0]","[31.1159]","[-1]",0,"[]","[]","[]","[]","[]","[]","[]","[]","[]","[]",0,"[2642.59]",6912.83,"[9644.18]","[]","[30703]","[]"
89,284500,6310982,364114,-1,1587.02,5.30764e+06,1.26459,0.962145,1,1,1,0.998919,0.99866,1,1,0,0,2,"[1,1]","[1,1]","[261913,238022]","[-0.89357,-0.908816]","[-2.67363,0.631223]","[373623,343273]","[0.00312042,-0.0396805]","[1,-1]","[11,11]","[1,1]","[0,0]","[2993.21,1145.78]","[0.00738422,0.00359499]","[1.12276,0.401252]",25945.5,-2.75005,1,"[46312.7]","[-1.96351]","[-0.340002]","[168454]","[0.979498]","[0]","[0]","[-0.921047]",0,"[]","[]","[]","[]","[]","[]","[]","[]","[]","[]",2,"[282831,252536]","[-0.932135,-0.941464]","[-2.67643,0.634441]","[414880,372972]","[3842.75,1549.01]","[0,0]","[9.55251,58.5632]","[-1,-1]",0,"[]","[]","[]","[]","[]","[]","[]","[]","[]","[]",0,"[2911.76,2303.55]",5133.63,"[8593.76]","[]","[4597.66,0]","[]"
90,284500,5128903,364114,1,1587.02,5.30764e+06,1.55465,0.96972,1,1,1,0.999658,0.99544,1,1,0,0,1,"[1]","[1]","[237688]","[1.23488]","[-1.40239]","[443149]","[-0.0708847]","[1]","[11]","[1]","[0]","[-118.174]","[-0.0151687]","[2.03932]",38920.9,-1.775,1,"[47070.9]","[0.396943]","[-0.931182]","[52039.8]","[0.748363]","[0]","[0]","[-0.862043]",0,"[]","[]","[]","[]","[]","[]","[]","[]","[]","[]",1,"[254381]","[1.26658]","[-1.41067]","[487201]","[0]","[0]","[0]","[-1]",0,"[]","[]","[]","[]","[]","[]","[]","[]","[]","[]",0,"[2936.41]",330.914,"[4075.78]","[]","[0]","[]"
91,284500,7950366,364114,1,1587.02,5.30764e+06,0.596562,0.99211,1,1,1,0.999283,1,1,1,0,0,2,"[1,1]","[1,1]","[305321,285071]","[-2.06174,-0.671507]","[-1.63464,1.49575]","[1.21928e+06,351794]","[-0.072506,-0.0120316]","[-1,1]","[11,11]","[0,1]","[0,0]","[5421.58,8.10675]","[0.0204253,0.00217568]","[1.05911,0.339156]",19629.5,-0.0595981,1,"[26430.8]","[0.167458]","[1.85717]","[27472.9]","[0.994427]","[0]","[0]","[-0.448505]",0,"[]","[]","[]","[]","[]","[]","[]","[]","[]","[]",1,"[289439]","[-0.69402]","[1.49926]","[361988]","[0]","[0]","[0]","[-1]",0,"[]","[]","[]","[]","[]","[]","[]","[]","[]","[]",0,"[4666.21,1798.51]",15708.6,"[1818.48]","[]","[2685.66]","[]"
92,284500,7845019,364114,-1,1587.02,5.30764e+06,1.25133,0.96422,1,1,1,0.998704,1.00582,1,1,0,0,2,"[1,1]","[1,1]","[321613,297925]","[-0.127116,0.0359696]","[-1.41474,1.66542]","[324215,298118]","[0.0408859,0.0856705]","[-1,1]","[11,11]","[1,1]","[0,0]","[1454.54,663.502]","[0.0322571,-0.0258005]","[5.02327,2.50694]",38439.8,-2.60625,2,"[33353.6,28274.5]","[1.01637,-1.14852]","[0.440609,3.14136]","[52475.1,49306.6]","[0.828177,0.984049]","[0,0]","[0,0]","[-0.868688,-0.917234]",0,"[]","[]","[]","[]","[]","[]","[]","[]","[]","[]",2,"[328182,302914]","[-0.184311,-0.0154117]","[-1.41424,1.65961]","[333786,302953]","[3067.13,1166.68]","[0,0]","[31.2713,0]","[0.256895,-1]",0,"[]","[]","[]","[]","[]","[]","[]","[]","[]","[]",0,"[2657.21,6477.44]",286.531,"[3940.59,2629.26]","[]","[17277.8,9740.53]","[]"
93,284500,7952146,364114,0.764937,1587.02,5.30764e+06,0.696077,0.971455,1,1,1,0.99801,1.00121,1,1,0,0,2,"[1,1]","[1,1]","[314273,259335]","[-1.93658,-0.114119]","[0.544562,-2.67852]","[1.1124e+06,261026]","[-0.0871105,0.0060091]","[-1,1]","[11,11]","[1,1]","[1362.49,0]","[-82.3696,858.787]","[0.00919016,0.00882383]","[1.22436,1.09779]",28746.4,1.18892,2,"[36942.2,34410.5]","[-0.278062,-1.99776]","[-2.22795,-1.61399]","[38610.2,129442]","[0.864911,0.716813]","[0,0]","[0,0]","[-0.916155,-0.843263]",0,"[]","[]","[]","[]","[]","[]","[]","[]","[]","[]",2,"[341750,316208]","[-1.94262,-0.146691]","[0.544521,-2.62502]","[1.21669e+06,322933]","[0.0220971,46166.5]","[0,0]","[0,0.755306]","[-1,0.322236]",0,"[]","[]","[]","[]","[]","[]","[]","[]","[]","[]",0,"[4151.74,3107.47]",641.596,"[1979.24,2014.39]","[]","[21195.4,10870]","[]"
94,284500,1876885,364114,1,1587.02,5.30764e+06,0.923924,0.997944,1,1,1,1,0.9918,1,1,0,0,2,"[1,1]","[1,1]","[392202,383024]","[-0.713094,0.905634]","[2.51727,-0.63271]","[496217,551131]","[-0.0437565,-0.0435734]","[1,-1]","[11,11]","[1,1]","[0,0]","[1374,-2724.09]","[0.00668119,-0.00736264]","[0.891665,0.806529]",13923.2,-0.667531,0,"[]","[]","[]","[]","[]","[]","[]","[]",0,"[]","[]","[]","[]","[]","[]","[]","[]","[]","[]",2,"[411306,406839]","[-0.712126,0.914408]","[2.51334,-0.632275]","[520087,589113]","[2662.35,0.0078125]","[0,0]","[69.3352,0]","[0.225987,-1]",0,"[]","[]","[]","[]","[]","[]","[]","[]","[]","[]",0,"[2806.15,4718.3]",0,"[]","[]","[10660.8,37500.3]","[]"
95,284500,3879987,364114,1,1587.02,5.30764e+06,1.32095,0.935914,1,1,1,1.08124,0.97256,1,1,0,0,2,"[1,1]","[1,1]","[44991,41440.3]","[0.768019,1.77387]","[-1.06237,2.14217]","[58925.2,125633]","[181.562,181.647]","[1,-1]","[11,11]","[1,1]","[0,0]","[1560.25,2580.21]","[-0.0221367,0.019346]","[1.77465,1.2757]",10497.8,2.55957,2,"[334427,330764]","[-0.96118,-0.606254]","[1.53406,-1.57418]","[504340,394427]","[0.996299,0.997155]","[0,0]","[0,0]","[-0.799107,0.997965]",0,"[]","[]","[]","[]","[]","[]","[]","[]","[]","[]",2,"[315008,315353]","[-0.633441,-0.996136]","[-1.57513,1.53729]","[381284,487866]","[26706.8,51068.5]","[0,0]","[2.10911,1.63386]","[0.72114,0.659931]",0,"[]","[]","[]","[]","[]","[]","[]","[]","[]","[]",0,"[99.4552,127.605]",1980.23,"[8060.29,8267.24]","[]","[299.625,2783.16]","[]"
96,284500,5619718,364114,0.713732,1587.02,5.30764e+06,1.32095,0.979183,1,1,1,1,0.9918,1,1,0,0,2,"[1,1]","[1,1]","[339475,319867]","[-0.593895,-0.384251]","[-0.209511,3.03643]","[401124,343773]","[-0.357765,-0.454967]","[-1,1]","[11,11]","[1,1]","[0,0]","[-698.8,-2643.13]","[-0.0149659,-0.0169347]","[2.2388,1.58427]",8412.25,2.28069,0,"[]","[]","[]","[]","[]","[]","[]","[]",0,"[]","[]","[]","[]","[]","[]","[]","[]","[]","[]",2,"[339209,320031]","[-0.622939,-0.41677]","[-0.216256,3.03054]","[407180,348234]","[-0.00478416,1641.24]","[0,0]","[0,0]","[-1,-1]",0,"[]","[]","[]","[]","[]","[]","[]","[]","[]","[]",0,"[3283.73,4463.37]",156.235,"[]","[]","[16985.9,16435.2]","[]"
97,284500,5381699,364114,1,1587.02,5.30764e+06,0.187531,0.957352,1,1,1,0.99744,1.00632,1,1,0,0,2,"[1,1]","[1,1]","[431616,413650]","[0.343457,-0.0487313]","[1.95153,-1.10572]","[457324,414142]","[0.0397539,-0.00120449]","[-1,1]","[11,11]","[1,1]","[0,0]","[1205.17,-490.251]","[0.00273269,-0.000653508]","[0.385303,0.100855]",9459.24,-1.19799,2,"[28451.8,27205.5]","[1.08688,1.42877]","[-1.48079,2.90894]","[47436.7,60219.8]","[0.993069,0.992763]","[0,0]","[0,0]","[-0.891952,-0.662574]",0,"[]","[]","[]","[]","[]","[]","[]","[]","[]","[]",2,"[441632,420810]","[0.345918,-0.0405344]","[1.94946,-1.10741]","[468320,421168]","[0.00390625,3196.68]","[0,0]","[0,7.07365]","[-1,-1]",0,"[]","[]","[]","[]","[]","[]","[]","[]","[]","[]",0,"[6988.9,5457.83]",1832.12,"[2939.08,2635.44]","[]","[18870.2,2472.84]","[]"
98,284500,5385128,364114,1,1587.02,5.30764e+06,0.738662,0.98428,1,1,1,0.99952,1.00121,1,1,0,0,1,"[1]","[1]","[305986]","[-1.97265]","[-1.2643]","[1.12125e+06]","[0.0515289]","[-1]","[11]","[1]","[0]","[522.458]","[0.0297701]","[3.28781]",26184.3,-0.999552,1,"[345275]","[-1.47392]","[1.80954]","[793374]","[1]","[0]","[0]","[-0.952393]",0,"[]","[]","[]","[]","[]","[]","[]","[]","[]","[]",2,"[334536,338365]","[-1.95163,-1.45232]","[-1.25991,1.80891]","[1.20136e+06,762516]","[0.015625,1490.62]","[0,0]","[0,1.90307]","[-1,0.0615249]",0,"[]","[]","[]","[]","[]","[]","[]","[]","[]","[]",0,"[3657.56]",3806.38,"[7822.25]","[]","[24711.9,16033.5]","[]"
99,284500,4903217,364114,1,1587.02,5.30764e+06,1.1961,0.925502,1,1,1,1,1.01508,1,1,0,0,2,"[1,1]","[1,1]","[251365,242369]","[-1.63414,-1.69392]","[-1.49725,1.60685]","[668653,681609]","[-0.00930786,-0.0129395]","[-1,1]","[11,11]","[1,1]","[0,0]","[2243.67,1456.66]","[0.020654,-0.0190766]","[2.50863,1.59489]",9026.8,2.83962,0,"[]","[]","[]","[]","[]","[]","[]","[]",0,"[]","[]","[]","[]","[]","[]","[]","[]","[]","[]",2,"[281775,264404]","[-1.64884,-1.70247]","[-1.50441,1.61138]","[759867,749552]","[6736.27,3122.72]","[0,0]","[14.3349,17.0856]","[0.427375,-1]",0,"[]","[]","[]","[]","[]","[]","[]","[]","[]","[]",0,"[4166.15,3957.55]",0,"[]","[]","[20457.6,9457.31]","[]"
100,284500,6616447,364114,1,1587.02,5.30764e+06,1.74563,0.985702,1,1,1,1,1.00632,1,1,0,0,2,"[1,1]","[1,1]","[424126,388158]","[0.477598,1.11811]","[2.09816,-1.02434]","[473424,657146]","[-0.0266609,-0.0103149]","[-1,1]","[11,11]","[1,1]","[0,0]","[-1103.91,688.444]","[0.0528451,-0.00466356]","[3.1977,0.472612]",15356,-1.1895,0,"[]","[]","[]","[]","[]","[]","[]","[]",0,"[]","[]","[]","[]","[]","[]","[]","[]","[]","[]",2,"[427867,403531]","[0.516453,1.14541]","[2.10103,-1.028]","[486208,698480]","[-0.00552427,0]","[0,0]","[0,0]","[-1,-1]",0,"[]","[]","[]","[]","[]","[]","[]","[]","[]","[]",0,"[2585.34,8061.3]",131.046,"[]","[]","[14327,2486.72]","[]"
101,284500,6628061,364114,1,1587.02,5.30764e+06,0.351687,0.98089,1,1,1,0.999467,0.99866,1,1,0,0,1,"[1]","[1]","[289272]","[-0.937249]","[-0.233911]","[425902]","[0.00352859]","[-1]","[11]","[1]","[1022.24]","[-1910.17]","[0.0281756]","[4.25432]",9119.8,0.228146,1,"[292317]","[-1.41511]","[2.91699]","[637281]","[1]","[0]","[0]","[-0.947394]",0,"[]","[]","[]","[]","[]","[]","[]","[]","[]","[]",2,"[305865,299842]","[-0.915442,-1.40192]","[-0.234551,2.91767]","[443232,646029]","[898.12,1565.91]","[0,0]","[63.5486,0]","[-1,-1]",0,"[]","[]","[]","[]","[]","[]","[]","[]","[]","[]",0,"[3173.52]",45.1621,"[16927.2]","[]","[8449.62,32306.1]","[]"
102,284500,5631405,364114,1,1587.02,5.30764e+06,0.738662,0.96988,1,1,1,1.35554,1.00441,1,1,0,0,1,"[1]","[1]","[76449.7]","[1.57306]","[-1.12928]","[192225]","[-44.6625]","[1]","[11]","[1]","[0]","[-304.839]","[-0.0632354]","[1.16559]",25210,2.56763,6,"[217837,98436.2,89573.4,69144.6,61937.4,49144.4]","[2.02801,0.643301,-0.372833,1.80024,1.85649,1.6316]","[0.164897,-3.01041,-2.95051,3.1113,1.72989,-0.231877]","[843386,120167,96834.1,215321,203493,130489]","[0.990376,0.956087,0.99705,0.999283,0,0.999919]","[0,0,0,0,0,0]","[0,0,0,0,0,0]","[-0.199275,-0.0647603,-0.859635,-0.82409,-0.841623,0.962303]",0,"[]","[]","[]","[]","[]","[]","[]","[]","[]","[]",1,"[262203]","[1.99115]","[0.0964448]","[982131]","[89114.4]","[0]","[1.36737]","[0.436589]",0,"[]","[]","[]","[]","[]","[]","[]","[]","[]","[]",0,"[978.973]",7061.76,"[4786.56,6847.87,3175.22,2578.98,2630.8,3538.85]","[]","[6284.86]","[]"
103,284500,5611481,364114,1,1587.02,5.30764e+06,0.738662,0.97994,1,1,1,0.999423,1.00632,1,1,0,0,1,"[1]","[1]","[247576]","[0.524087]","[-1.2684]","[282362]","[-0.0183563]","[1]","[11]","[1]","[0]","[26.4795]","[0.0149905]","[2.69743]",36471.6,-1.85142,1,"[271600]","[1.42649]","[1.82294]","[598314]","[0.99898]","[0]","[0]","[-0.980558]",0,"[]","[]","[]","[]","[]","[]","[]","[]","[]","[]",2,"[260537,274092]","[0.495827,1.41211]","[-1.26435,1.82675]","[293224,595910]","[0.00338291,1328.48]","[0,0]","[0,0]","[-1,-1]",0,"[]","[]","[]","[]","[]","[]","[]","[]","[]","[]",0,"[1368.34]",1346.83,"[4539.41]","[]","[2446.12,7871.28]","[]"
104,284500,1226201,364114,1,1587.02,5.30764e+06,0.696077,0.94272,1,1,1,0.999136,0.93175,1,1,0,0,1,"[1]","[1]","[36090.4]","[1.2201]","[2.70297]","[66455.8]","[-0.0541229]","[-1]","[11]","[1]","[0]","[-1709.16]","[0.0105248]","[0.895135]",56305.1,1.21618,1,"[204566]","[0.873454]","[2.19274]","[287956]","[0.0249754]","[0]","[0]","[-0.807824]",0,"[]","[]","[]","[]","[]","[]","[]","[]","[]","[]",1,"[280096]","[-0.79595]","[-1.07433]","[373792]","[11787.3]","[0]","[1.66085]","[0.531159]",0,"[]","[]","[]","[]","[]","[]","[]","[]","[]","[]",0,"[29.3491]",2132.92,"[11311.3]","[]","[7781.12]","[]"
105,284500,7534900,364114,-1,1587.02,5.30764e+06,0.696077,0.949495,1,1,1,0.997957,1.01508,1,1,0,0,2,"[1,1]","[1,1]","[226474,215437]","[-1.67034,-0.50472]","[-1.93163,1.04459]","[623050,243465]","[-0.0126762,0.0483322]","[-1,1]","[11,11]","[1,1]","[0,1090.01]","[1488.39,-1156.01]","[-0.00836637,0.00311533]","[1.11951,0.362119]",21506.2,2.56518,1,"[23868.9]","[-1.84675]","[2.61793]","[77736.1]","[0.855303]","[0]","[0]","[-0.706466]",0,"[]","[]","[]","[]","[]","[]","[]","[]","[]","[]",1,"[254371]","[-1.66564]","[-1.9234]","[696744]","[3086]","[0]","[29.3353]","[0.170498]",0,"[]","[]","[]","[]","[]","[]","[]","[]","[]","[]",0,"[5940.1,1316.49]",133.363,"[1628.55]","[]","[0]","[]"
106,284500,7935522,364114,1,1587.02,5.30764e+06,1.74563,0.95113,1,1,1,0.998061,0.99604,1,1,0,0,2,"[1,1]","[1,1]","[248665,226374]","[-2.34507,-1.06767]","[-2.46162,0.70391]","[1.30921e+06,368130]","[0.0232811,0.0254021]","[-1,1]","[11,11]","[1,1]","[0,0]","[1067.46,2039.7]","[-0.00690571,0.0244386]","[0.644094,3.04122]",26582.1,0.324252,1,"[23150.3]","[-2.12988]","[1.87153]","[98887.1]","[0.996774]","[0]","[0]","[-0.896976]",0,"[]","[]","[]","[]","[]","[]","[]","[]","[]","[]",1,"[253071]","[-1.0847]","[0.710508]","[417132]","[-0.00552427]","[0]","[0]","[-1]",0,"[]","[]","[]","[]","[]","[]","[]","[]","[]","[]",0,"[3002.32,2835.71]",258.137,"[4710.07]","[]","[12001.1]","[]"
107,284500,7700428,364114,1,1587.02,5.30764e+06,1.1961,0.979183,1,1,1,0.99922,1.00582,1,1,0,0,2,"[1,1]","[1,1]","[239612,224732]","[-0.179613,-0.606447]","[0.681254,-2.48598]","[243487,267340]","[-0.07024,0.0990677]","[-1,1]","[11,11]","[1,1]","[0,0]","[741.007,-141.736]","[-0.00780815,0.00613324]","[1.17499,0.828804]",30769.2,-1.68177,1,"[21397.2]","[-0.71013]","[1.93782]","[27576.8]","[0.935115]","[0]","[0]","[-0.899544]",0,"[]","[]","[]","[]","[]","[]","[]","[]","[]","[]",1,"[253038]","[-0.20364]","[0.680127]","[258307]","[1442.1]","[0]","[0]","[-1]",0,"[]","[]","[]","[]","[]","[]","[]","[]","[]","[]",0,"[1619.13,1596.96]",13095.7,"[1610.61]","[]","[11403]","[]"
108,284500,446041,364114,0.931893,1587.02,5.30764e+06,0.75088,0.979183,1,1,1,0.999208,1.00582,1,1,0,0,2,"[1,1]","[1,1]","[314413,299450]","[-0.623704,-0.81635]","[2.2669,-1.02381]","[377576,404897]","[0.0252304,0.00958252]","[1,-1]","[11,11]","[1,1]","[0,0]","[-563.106,3332.21]","[0.00195765,0.000639182]","[0.326744,0.085293]",14914.6,0.586758,1,"[26765.5]","[-0.4431]","[0.28166]","[29819.6]","[0.996787]","[0]","[0]","[0.553793]",0,"[]","[]","[]","[]","[]","[]","[]","[]","[]","[]",2,"[335088,325086]","[-0.585406,-0.780848]","[2.26608,-1.02383]","[394185,429353]","[4145.88,4296.79]","[0,0]","[35.4522,25.2705]","[0.438988,0.312787]",0,"[]","[]","[]","[]","[]","[]","[]","[]","[]","[]",0,"[1818.55,2064.56]",5313.77,"[5794.12]","[]","[18251.9,8078.75]","[]"
109,284500,446830,364114,1,1587.02,5.30764e+06,0.696077,0.967171,1,1,1,0.998155,1.00582,1,1,0,0,2,"[1,1]","[1,1]","[243467,222843]","[-0.286262,0.237199]","[2.4906,-0.530485]","[253511,229141]","[0.0740814,0.111954]","[1,-1]","[11,11]","[1,1]","[0,0]","[-843.417,113.65]","[-0.0225537,0.0478179]","[3.36839,6.85756]",36231.6,-2.03391,1,"[23824.5]","[1.63429]","[-0.734881]","[63485.5]","[0.995735]","[0]","[0]","[-0.70419]",0,"[]","[]","[]","[]","[]","[]","[]","[]","[]","[]",1,"[256535]","[-0.258803]","[2.49288]","[265188]","[2722.47]","[0]","[13.9881]","[-1]",0,"[]","[]","[]","[]","[]","[]","[]","[]","[]","[]",0,"[1301.07,2708.76]",6117.3,"[1718.21]","[]","[2020.14]","[]"
110,284500,447034,364114,-1,1587.02,5.30764e+06,1.32095,0.967171,1,1,1,1,1.00582,1,1,0,0,2,"[1,1]","[1,1]","[240292,234048]","[0.220303,-0.106571]","[0.288393,-2.97131]","[246147,235379]","[0.10468,0.0508881]","[1,-1]","[11,11]","[1,1]","[0,0]","[2063.67,437.733]","[-0.00115881,0.000966829]","[0.208945,0.115085]",19080.7,-1.38661,0,"[]","[]","[]","[]","[]","[]","[]","[]",0,"[]","[]","[]","[]","[]","[]","[]","[]","[]","[]",1,"[251428]","[0.215095]","[0.283351]","[257269]","[1089.91]","[0]","[0]","[-1]",0,"[]","[]","[]","[]","[]","[]","[]","[]","[]","[]",0,"[2712.05,2864.29]",0,"[]","[]","[3505.34]","[]"
111,284500,504381,364114,1,1587.02,5.30764e+06,1.1961,0.967171,1,1,1,0.999276,1.00632,1,1,0,0,2,"[1,1]","[1,1]","[292595,283737]","[0.104132,-0.38755]","[-0.663445,2.44735]","[294182,305313]","[0.0783272,-0.0153198]","[-1,1]","[11,11]","[1,1]","[0,0]","[2042.61,2754.63]","[-0.00216753,0.0225134]","[0.295953,2.28247]",26903,-2.25974,1,"[22906.9]","[1.18303]","[1.26168]","[41368.8]","[0.826172]","[0]","[0]","[-0.883748]",0,"[]","[]","[]","[]","[]","[]","[]","[]","[]","[]",2,"[325782,304144]","[0.188218,-0.36316]","[-0.676864,2.43739]","[337390,324461]","[62399.5,5074.19]","[0,0]","[2.35771,0]","[0.672381,-1]",0,"[]","[]","[]","[]","[]","[]","[]","[]","[]","[]",0,"[2518.28,1759.49]",1556.3,"[2352.39]","[]","[13989.6,9685.81]","[]"
112,284500,1539034,364114,1,1587.02,5.30764e+06,0.696077,0.935852,1,1,1,0.996349,0.95498,1,1,0,0,2,"[1,1]","[1,0]","[53729.3,45453.3]","[-0.747568,-0.830031]","[-1.25736,1.03248]","[69455.2,62030.7]","[-0.000711441,-0.00496674]","[1,-1]","[11,11]","[1,0]","[0,0]","[4887.6,-919.843]","[0.00299627,-0.0176854]","[0.387331,1.64894]",50198.7,-0.651377,4,"[230485,191818,44987.5,22845.1]","[0.91937,-1.22516,0.721017,-2.25447]","[2.15801,-1.14661,3.05343,1.05155]","[335605,355289,57542,110129]","[0,0.183241,0.974472,0.935434]","[0,0,0,0]","[0,0,0,0]","[-0.547584,-0.985185,-0.916995,-0.33598]",0,"[]","[]","[]","[]","[]","[]","[]","[]","[]","[]",1,"[259090]","[-1.10154]","[-1.17179]","[434268]","[35306.1]","[0]","[1.13326]","[0.380084]",0,"[]","[]","[]","[]","[]","[]","[]","[]","[]","[]",0,"[156.755,86.3628]",6146.25,"[2843.85,6303.58,2844.45,1654.53]","[]","[3958.81]","[]"
113,284500,3050594,364114,-1,1587.02,5.30764e+06,0.738662,0.929749,1,1,1,0.999471,1.01012,1,1,0,0,2,"[1,1]","[1,1]","[271008,263383]","[1.52933,2.00249]","[2.74931,-0.313167]","[654722,993282]","[0.0071373,0.0124893]","[1,-1]","[11,11]","[1,1]","[0,0]","[-1612.8,-2003.28]","[-0.0387514,0.0440803]","[4.20508,3.60981]",12837.6,2.3175,1,"[35790.9]","[-0.393463]","[-1.23329]","[39369.3]","[1]","[0]","[0]","[-0.885643]",0,"[]","[]","[]","[]","[]","[]","[]","[]","[]","[]",2,"[299688,283464]","[1.52729,1.99543]","[2.74717,-0.313433]","[722696,1.06176e+06]","[6035.15,0.015625]","[0,0]","[5.12677,0]","[0.418115,-1]",0,"[]","[]","[]","[]","[]","[]","[]","[]","[]","[]",0,"[10467.6,2939.52]",1423.32,"[2466.91]","[]","[8840.81,18095.1]","[]"
114,284500,1282963,364114,1,1587.02,5.30764e+06,0.934886,1.01378,1,1,1,1,1.00936,1,1,0,0,1,"[1]","[1]","[312241]","[0.0437933]","[0.566541]","[312540]","[0.03339]","[1]","[11]","[1]","[0]","[-272.313]","[-0.0229996]","[4.59732]",38981,0.373523,0,"[]","[]","[]","[]","[]","[]","[]","[]",0,"[]","[]","[]","[]","[]","[]","[]","[]","[]","[]",1,"[318996]","[0.0686577]","[0.560791]","[319754]","[1954.17]","[0]","[0]","[-1]",0,"[]","[]","[]","[]","[]","[]","[]","[]","[]","[]",0,"[4442.25]",1478.9,"[]","[]","[32241]","[]"
115,284500,2323659,364114,1,1587.02,5.30764e+06,1.26205,0.865992,1,1,1,0.998395,0.8297,1,1,0,0,2,"[1,1]","[1,0]","[28629.9,18924.3]","[2.05134,-0.619157]","[0.562707,-1.69807]","[113187,22669.1]","[-23.6029,-23.5959]","[-1,1]","[11,11]","[1,1]","[1259.8,0]","[34.985,-165.037]","[-0.00684158,0.00839195]","[0.440331,0.888638]",59722.9,2.25639,3,"[356775,296113,67887.9]","[-0.500005,1.89724,0.139326]","[-1.0042,2.40922,0.990275]","[403642,1.01026e+06,68962.7]","[1,0.99,1]","[0,0,0]","[0,0,0]","[-0.894309,-0.915715,-0.938407]",0,"[]","[]","[]","[]","[]","[]","[]","[]","[]","[]",2,"[368061,296159]","[-0.477419,1.91873]","[-1.00368,2.40657]","[411765,1.03144e+06]","[28036.4,43886.1]","[0,0]","[2.26406,1.95578]","[0.720097,0.681919]",0,"[]","[]","[]","[]","[]","[]","[]","[]","[]","[]",0,"[121.914,79.4407]",6180.45,"[5144.24,4454.9,4926.83]","[]","[15342.4,16315.9]","[]"
116,284500,2393957,364114,1,1587.02,5.30764e+06,0.696077,0.913982,1,1,1,1.5061,1.01564,1,1,0,0,2,"[1,1]","[1,1]","[44574.2,33626.1]","[2.33238,0.836251]","[3.01875,-1.12258]","[231775,46085.1]","[-80.2132,-80.403]","[-1,1]","[11,11]","[1,1]","[0,3602.72]","[762.748,-1487.95]","[-0.00683642,0.00676188]","[0.328322,0.212354]",29635.2,1.54785,5,"[305574,216095,70675.6,30956.4,25002.5]","[-0.675977,0.54252,-1.13803,1.20548,1.22008]","[-0.825875,2.42457,2.20726,-0.281592,2.02148]","[378612,249605,122036,56591.8,46373.9]","[0.996265,0.99661,0.997747,0.987833,0.985393]","[0,0,0,0,0]","[0,0,0,0,0]","[-0.919983,0.885499,0.999995,-0.721128,-0.84525]",0,"[]","[]","[]","[]","[]","[]","[]","[]","[]","[]",1,"[308883]","[-0.638697]","[-0.820476]","[374431]","[16753.3]","[0]","[2.69876]","[0.604853]",0,"[]","[]","[]","[]","[]","[]","[]","[]","[]","[]",0,"[102.413,109.096]",7701.63,"[7110.55,3285.2,2245.78,6039.1,2720.54]","[]","[3929.66]","[]"
117,284500,2593048,364114,-0.145784,1587.02,5.30764e+06,1.1961,0.950267,1,1,1,0.9994,0.99544,1,1,0,0,2,"[1,1]","[1,1]","[229177,210317]","[1.22734,0.162541]","[-2.23582,0.665512]","[424576,213101]","[0.045929,-0.031002]","[1,-1]","[11,11]","[1,1]","[0,0]","[271.004,934.741]","[0.0134637,0.00589772]","[1.70219,0.597819]",16774.8,0.186097,1,"[31062.8]","[0.0790492]","[1.65956]","[31567.3]","[0.999007]","[0]","[0]","[-0.809426]",0,"[]","[]","[]","[]","[]","[]","[]","[]","[]","[]",1,"[252932]","[1.24889]","[-2.23138]","[477194]","[1181.53]","[0]","[5.57455]","[-1]",0,"[]","[]","[]","[]","[]","[]","[]","[]","[]","[]",0,"[2972.78,3836.23]",707.004,"[4236.42]","[]","[0]","[]"
118,284500,2593959,364114,0.532817,1587.02,5.30764e+06,1.1961,0.901642,1,1,1,0.996949,0.9423,1,1,0,0,2,"[1,1]","[1,1]","[41666,36280.2]","[-1.22637,0.046525]","[-1.18676,1.58497]","[77127.9,36319.5]","[-2.62869,-2.52323]","[-1,1]","[11,11]","[1,1]","[0,0]","[-704.693,-263.911]","[0.0131304,-0.0178676]","[1.17271,1.10871]",30214.5,-2.28469,4,"[303352,197532,117871,21025.9]","[0.206112,2.01557,-0.770517,-1.1993]","[-2.93816,0.546545,-0.0145809,0.529359]","[310823,754887,155442,38277.1]","[1,0.999457,0.999296,0.705993]","[0,0,0,0]","[0,0,0,0]","[-0.924938,-0.968204,-0.806014,-0.881759]",0,"[]","[]","[]","[]","[]","[]","[]","[]","[]","[]",1,"[300203]","[0.207212]","[-2.93319]","[307697]","[25110.4]","[0]","[1.94171]","[0.654105]",0,"[]","[]","[]","[]","[]","[]","[]","[]","[]","[]",0,"[72.9253,48.1488]",470.951,"[10192.2,6123.32,3372.75,1239.07]","[]","[9539.69]","[]"
119,284500,3042687,364114,1.09299,1587.02,5.30764e+06,1.08735,0.98697,1,1,1,0.998635,1.00582,1,1,0,0,1,"[1]","[1]","[212335]","[-0.24363]","[1.10535]","[218668]","[0.0142994]","[-1]","[11]","[1]","[0]","[470.491]","[-0.0102821]","[1.33938]",43026.7,1.11547,2,"[293263,49523.5]","[1.50281,1.71378]","[-1.99255,1.4107]","[691722,141933]","[-0.1,0.995421]","[0,0]","[0,0]","[-0.575557,-0.774812]",0,"[]","[]","[]","[]","[]","[]","[]","[]","[]","[]",1,"[252756]","[1.51542]","[-1.99208]","[602972]","[4105.55]","[0]","[6.23351]","[0.616276]",0,"[]","[]","[]","[]","[]","[]","[]","[]","[]","[]",0,"[1470.74]",12795.2,"[12075.3,2690.42]","[]","[695.562]","[]"
120,284500,877625,364114,1,1587.02,5.30764e+06,0.75088,0.99242,1,1,1,0.997707,0.99765,1,1,0,0,1,"[1]","[1]","[249314]","[0.636175]","[0.811923]","[301490]","[-0.0101776]","[-1]","[11]","[1]","[0]","[-2052.16]","[0.00277196]","[0.286419]",19482.9,1.00678,2,"[296802,29657.4]","[1.46109,-1.25645]","[-2.20149,2.49275]","[674149,56473.1]","[1,0.995765]","[0,0]","[0,0]","[-0.947137,-0.861031]",0,"[]","[]","[]","[]","[]","[]","[]","[]","[]","[]",2,"[259757,272167]","[0.616741,1.44627]","[0.817534,-2.20165]","[310745,610022]","[481.292,835.621]","[0,0]","[0,2.35889]","[-1,0.260309]",0,"[]","[]","[]","[]","[]","[]","[]","[]","[]","[]",0,"[1897.34]",14622.1,"[9194.99,3047.41]","[]","[13854.2,2476.44]","[]"
121,284500,3310294,364114,1,1587.02,5.30764e+06,1.25133,0.972208,1,1,1,1,1.00632,1,1,0,0,2,"[1,1]","[1,1]","[395982,394341]","[-0.605811,0.220532]","[-1.43759,1.70984]","[470896,403969]","[-0.0181847,0.00854111]","[1,-1]","[11,11]","[1,1]","[0,0]","[-325.589,557.188]","[-0.0344038,0.0326289]","[4.4703,3.32167]",7602.09,1.62048,0,"[]","[]","[]","[]","[]","[]","[]","[]",0,"[]","[]","[]","[]","[]","[]","[]","[]","[]","[]",2,"[407205,397978]","[0.194345,-0.63473]","[1.7109,-1.43452]","[414937,480880]","[3918.98,2353.93]","[0,0]","[110.186,0]","[-1,-1]",0,"[]","[]","[]","[]","[]","[]","[]","[]","[]","[]",0,"[4156.25,2774.58]",0,"[]","[]","[26652.3,13938.6]","[]"
122,284500,802292,364114,0.512994,1587.02,5.30764e+06,0.75088,0.98697,1,1,1,0.999682,1.00582,1,1,0,0,1,"[1]","[1]","[256257]","[-0.363479]","[-3.09933]","[273372]","[0.0550613]","[1]","[11]","[1]","[0]","[-749.247]","[-0.0160918]","[1.6936]",27340.3,-2.43832,1,"[279859]","[-0.979109]","[0.146408]","[425118]","[0.992716]","[0]","[0]","[-0.936231]",0,"[]","[]","[]","[]","[]","[]","[]","[]","[]","[]",2,"[303287,275216]","[-0.936132,-0.295509]","[0.146443,-3.09733]","[446176,287320]","[2087.29,-0.00195312]","[0,0]","[0,0]","[-1,-1]",0,"[]","[]","[]","[]","[]","[]","[]","[]","[]","[]",0,"[2045.37]",6132.4,"[12460.1]","[]","[15155.3,14753.1]","[]"
123,284500,5193597,364114,1,1587.02,5.30764e+06,0.553627,0.949495,1,1,1,0.999388,1.00582,1,1,0,0,2,"[1,1]","[1,1]","[475985,459414]","[-0.352179,-1.53985]","[-1.46625,1.62759]","[505809,1.12058e+06]","[-0.0708008,0.0399265]","[1,-1]","[11,11]","[1,1]","[0,0]","[460.491,4813.68]","[0.0255348,-0.0116042]","[4.03556,1.27919]",41953.5,1.48835,1,"[29642.1]","[0.985189]","[-2.543]","[45552.7]","[0.976316]","[0]","[0]","[-0.534582]",0,"[]","[]","[]","[]","[]","[]","[]","[]","[]","[]",2,"[573022,495440]","[-1.53562,-0.337702]","[1.62538,-1.46215]","[1.39232e+06,524002]","[6166.66,6656.22]","[0,0]","[3.18004,0]","[0.0078808,-1]",0,"[]","[]","[]","[]","[]","[]","[]","[]","[]","[]",0,"[3097.72,11808.1]",946.074,"[2434.71]","[]","[7911.5,10413.7]","[]"
124,284500,2412549,364114,1,1587.02,5.30764e+06,1.21412,0.979183,1,1,1,1,1.00582,1,1,0,0,2,"[1,1]","[1,1]","[278769,272313]","[-0.482054,-0.633615]","[3.00243,-0.140952]","[311791,328829]","[0.0416222,-0.0263748]","[1,-1]","[11,11]","[1,1]","[0,0]","[-182.983,-764.918]","[-0.0040631,-0.00637476]","[0.505729,1.08897]",5102.57,-0.457635,0,"[]","[]","[]","[]","[]","[]","[]","[]",0,"[]","[]","[]","[]","[]","[]","[]","[]","[]","[]",2,"[284230,278477]","[-0.512109,-0.663463]","[2.99993,-0.141259]","[322322,342049]","[0.00195312,-0.00276214]","[0,0]","[0,0]","[-1,-1]",0,"[]","[]","[]","[]","[]","[]","[]","[]","[]","[]",0,"[2213.34,2097.82]",0,"[]","[]","[18133.7,1699.53]","[]"
125,284500,1133815,364114,1,1587.02,5.30764e+06,1.1961,0.960322,1,1,1,0.998499,1.01265,1,1,0,0,2,"[1,1]","[1,1]","[243860,209210]","[1.63466,1.61568]","[1.04156,-2.23932]","[649002,547092]","[0.0371165,-0.0390658]","[-1,1]","[11,11]","[1,1]","[0,0]","[338.117,492.531]","[-0.0163756,0.00167416]","[2.38559,0.203052]",14105.2,-2.16967,1,"[35897.6]","[2.16502]","[-1.50903]","[158683]","[0.978038]","[0]","[0]","[-0.464586]",0,"[]","[]","[]","[]","[]","[]","[]","[]","[]","[]",1,"[263814]","[1.64101]","[1.03881]","[706279]","[5852.36]","[0]","[34.3558]","[0.357665]",0,"[]","[]","[]","[]","[]","[]","[]","[]","[]","[]",0,"[4283.83,3651.08]",132.278,"[2066.54]","[]","[16229.1]","[]"
126,284500,1377887,364114,1,1587.02,5.30764e+06,0.00279311,0.961233,1,1,1,1,1.01265,1,1,0,0,2,"[1,1]","[1,1]","[528808,521628]","[-0.874038,1.605]","[-0.288285,2.88377]","[743988,1.35068e+06]","[0.0251465,0.0322876]","[-1,1]","[11,11]","[1,1]","[0,0]","[94.1875,-1133.29]","[-0.0205221,0.00933361]","[2.58115,1.25131]",14689.5,-1.54062,0,"[]","[]","[]","[]","[]","[]","[]","[]",0,"[]","[]","[]","[]","[]","[]","[]","[]","[]","[]",2,"[554994,553925]","[1.60075,-0.90554]","[2.88415,-0.28633]","[1.43149e+06,796985]","[7200,0.0078125]","[0,0]","[15.31,0]","[-1,-1]",0,"[]","[]","[]","[]","[]","[]","[]","[]","[]","[]",0,"[7659.07,14149.6]",2863.33,"[]","[]","[39204,9567.62]","[]"
127,284500,2445156,364114,1,1587.02,5.30764e+06,0.738662,0.958675,1,1,1,0.997355,1.01265,1,1,0,0,2,"[1,1]","[1,1]","[271623,242535]","[1.68872,2.27913]","[-0.845091,2.29596]","[760177,1.19698e+06]","[0.0415611,0.40136]","[-1,1]","[11,11]","[1,1]","[0,0]","[-1683.8,4054.13]","[0.00164398,0.0127349]","[0.231834,1.56406]",17493.8,-2.94548,2,"[26863.8,21134.1]","[-1.79832,0.993709]","[-0.637896,1.91387]","[83499.4,32900.4]","[0.955891,0.79962]","[0,0]","[0,0]","[-0.694009,-0.562118]",0,"[]","[]","[]","[]","[]","[]","[]","[]","[]","[]",1,"[292133]","[1.67874]","[-0.841301]","[810003]","[1663.55]","[0]","[32.4056]","[-1]",0,"[]","[]","[]","[]","[]","[]","[]","[]","[]","[]",0,"[6321.76,3966.42]",10437.5,"[7532.23,1775.54]","[]","[3570.69]","[]"
128,284500,2353077,364114,1,1587.02,5.30764e+06,1.24168,0.96323,1,1,1,0.999613,1.00493,1,1,0,0,2,"[1,1]","[1,1]","[223020,195040]","[-1.21242,-2.15586]","[1.32419,-1.66102]","[408025,853408]","[0.0467186,-0.0777245]","[1,-1]","[11,11]","[1,0]","[0,2825.5]","[1284.24,2511.2]","[0.0273946,-0.014158]","[4.76423,1.37377]",5785.84,-0.238988,1,"[39685.3]","[-1.1321]","[-2.61133]","[68140.7]","[0.987394]","[0]","[0]","[-0.896011]",0,"[]","[]","[]","[]","[]","[]","[]","[]","[]","[]",1,"[262931]","[-1.17944]","[1.38163]","[469285]","[34456.6]","[0]","[0.856687]","[0.436258]",0,"[]","[]","[]","[]","[]","[]","[]","[]","[]","[]",0,"[2426.73,2374.95]",1693.04,"[4006.49]","[]","[4356.05]","[]"
129,284500,3200312,364114,-1,1587.02,5.30764e+06,1.24168,0.96323,1,1,1,0.999395,1.00493,1,1,0,0,1,"[1]","[1]","[230090]","[-1.20825]","[0.572006]","[419492]","[-0.00954461]","[1]","[11]","[1]","[0]","[-1516.82]","[0.00211885]","[0.274565]",28551.1,1.37513,1,"[248137]","[-1.4046]","[-2.49118]","[535948]","[0.768001]","[0]","[0]","[-0.985712]",0,"[]","[]","[]","[]","[]","[]","[]","[]","[]","[]",1,"[252189]","[-1.40503]","[-2.49013]","[544874]","[4507.42]","[0]","[5.55787]","[0.506098]",0,"[]","[]","[]","[]","[]","[]","[]","[]","[]","[]",0,"[2853.85]",1879.11,"[4269.33]","[]","[1185]","[]"
130,284500,3211584,364114,-1,1587.02,5.30764e+06,1.32095,0.95113,1,1,1,0.999165,0.99866,1,1,0,0,2,"[1,1]","[1,1]","[268518,232813]","[-0.916993,-2.06714]","[-0.772381,2.5395]","[389549,934595]","[-0.0051651,0.030468]","[1,-1]","[11,11]","[1,1]","[0,0]","[1610.91,486.432]","[-0.0026912,0.0365724]","[0.45637,1.59743]",15002.1,-0.183738,1,"[51814.1]","[-1.74067]","[1.8576]","[152371]","[0.999955]","[0]","[0]","[-0.772729]",0,"[]","[]","[]","[]","[]","[]","[]","[]","[]","[]",1,"[300185]","[-0.905171]","[-0.775362]","[431842]","[6678.05]","[0]","[2.81685]","[-1]",0,"[]","[]","[]","[]","[]","[]","[]","[]","[]","[]",0,"[3388.24,2550.83]",3608.06,"[6522.65]","[]","[8011]","[]"
131,284500,3249292,364114,1,1587.02,5.30764e+06,0.351687,0.97411,1,1,1,1,1.00582,1,1,0,0,2,"[1,1]","[1,1]","[290442,274912]","[-0.513929,-0.355607]","[1.40209,-1.68089]","[329650,292478]","[0.00742722,-0.0106277]","[1,-1]","[11,11]","[1,1]","[0,0]","[4561.06,-574.894]","[-0.0223158,0.0347217]","[3.79977,5.34495]",9375.51,-2.76455,0,"[]","[]","[]","[]","[]","[]","[]","[]",0,"[]","[]","[]","[]","[]","[]","[]","[]","[]","[]",2,"[313024,282599]","[-0.494158,-0.335017]","[1.40154,-1.68548]","[352077,298610]","[5920.24,1395.55]","[0,0]","[10.061,0]","[0.183662,-1]",0,"[]","[]","[]","[]","[]","[]","[]","[]","[]","[]",0,"[2060.49,2823.36]",0,"[]","[]","[43779.8,20818.7]","[]"
132,284500,3333158,364114,1,1587.02,5.30764e+06,1.55465,0.94316,1,1,1,1,0.99544,1,1,0,0,2,"[1,1]","[1,0]","[104949,71521.7]","[1.21301,1.65048]","[2.19073,-0.462851]","[192103,193160]","[0.0679932,-0.0202942]","[-1,1]","[11,11]","[1,1]","[0,0]","[-506.864,1817.91]","[-0.00840704,0.00230764]","[0.631606,0.176784]",14555.4,0.777015,0,"[]","[]","[]","[]","[]","[]","[]","[]",0,"[]","[]","[]","[]","[]","[]","[]","[]","[]","[]",1,"[256742]","[1.50998]","[-1.01642]","[615982]","[89483.9]","[0]","[0.0132666]","[-1]",0,"[]","[]","[]","[]","[]","[]","[]","[]","[]","[]",0,"[1041.84,607.983]",1882.71,"[]","[]","[0]","[]"
133,284500,3251513,364114,0.587273,1587.02,5.30764e+06,0.619412,0.967171,1,1,1,1,1.00632,1,1,0,0,2,"[1,1]","[1,1]","[554327,540905]","[0.42771,-0.542401]","[-1.97918,1.2185]","[605808,622442]","[-0.039238,0.0875206]","[-1,1]","[11,11]","[1,1]","[0,0]","[1722.59,389.144]","[0.0149259,0.0104706]","[1.25957,1.48358]",48041.3,0.0624098,0,"[]","[]","[]","[]","[]","[]","[]","[]",0,"[]","[]","[]","[]","[]","[]","[]","[]","[]","[]",2,"[580157,546036]","[0.397373,-0.569677]","[-1.98103,1.21882]","[626606,637064]","[6896.51,1834.24]","[0,0]","[24.0711,448.294]","[0.601929,0.403029]",0,"[]","[]","[]","[]","[]","[]","[]","[]","[]","[]",0,"[3816.2,4327.82]",16448.7,"[]","[]","[17973.8,25114.7]","[]"
134,284500,4631840,364114,-1,1587.02,5.30764e+06,0.696077,0.968807,1,1,1,1,1.00121,1,1,0,0,2,"[0,1]","[1,1]","[302804,267552]","[-1.9904,-1.83234]","[-1.3784,1.75557]","[1.12872e+06,857311]","[0.0666046,-0.123356]","[1,1]","[11,11]","[1,1]","[0,1112.76]","[-1363.25,-331.134]","[-0.0216469,0.0146671]","[2.07968,2.13695]",20151.5,-2.37748,0,"[]","[]","[]","[]","[]","[]","[]","[]",0,"[]","[]","[]","[]","[]","[]","[]","[]","[]","[]",2,"[322281,321203]","[-1.99731,-1.97898]","[-1.38278,1.72212]","[1.20934e+06,1.18768e+06]","[1645.43,90740.4]","[0,0]","[0,0.125066]","[-1,-1]",0,"[]","[]","[]","[]","[]","[]","[]","[]","[]","[]",0,"[2797.17,2077.58]",2149.98,"[]","[]","[6810.41,19376.1]","[]"
135,284500,5089046,364114,1,1587.02,5.30764e+06,0,0.97411,1,1,1,1,1.00582,1,1,0,0,2,"[1,1]","[1,1]","[265559,263558]","[-0.523696,-0.325606]","[-1.54078,1.60855]","[302814,277653]","[0.0326614,-0.0231857]","[1,-1]","[11,11]","[1,1]","[0,0]","[-1363.94,-2489.69]","[-0.000576258,-0.0123693]","[0.0833101,1.63742]",20637.6,-2.83478,0,"[]","[]","[]","[]","[]","[]","[]","[]",0,"[]","[]","[]","[]","[]","[]","[]","[]","[]","[]",2,"[267988,267929]","[-0.564385,-0.365801]","[-1.54061,1.61261]","[311815,286057]","[-0.00478416,727.727]","[0,0]","[0,0]","[-1,-1]",0,"[]","[]","[]","[]","[]","[]","[]","[]","[]","[]",0,"[3641.08,1379.59]",15637.9,"[]","[]","[9607.62,11810.7]","[]"
136,284500,1316574,364114,1,1587.02,5.30764e+06,1.26459,0.92778,1,1,1,0.996165,0.91897,1,1,0,0,1,"[1]","[1]","[29979.9]","[1.19585]","[3.0281]","[54096]","[-0.0535183]","[1]","[11]","[1]","[0]","[1857.35]","[0.0334699]","[1.49269]",66745,1.37773,5,"[167876,128271,87707.5,65009.1,54754.2]","[1.75903,-0.0439889,0.92649,1.10543,1.73316]","[-2.26462,1.11769,-0.0716866,-2.39085,-1.47137]","[502497,130007,129115,109671,159966]","[0,0,0,0.187054,0.822348]","[0,0,0,0,0]","[0,0,0,0,0]","[-0.821463,-0.727446,-0.805925,-0.978476,-0.879822]",0,"[]","[]","[]","[]","[]","[]","[]","[]","[]","[]",1,"[269254]","[1.65826]","[-2.18423]","[744375]","[132658]","[0]","[1.45724]","[0.494435]",0,"[]","[]","[]","[]","[]","[]","[]","[]","[]","[]",0,"[233.095]",8153.8,"[5330.66,6792.99,4270.38,3226.3,3472.04]","[]","[9106.55]","[]"
137,284500,1410492,364114,1,1587.02,5.30764e+06,1.26459,0.954738,1,1,1,1,0.99765,1,1,0,0,2,"[1,1]","[1,1]","[305161,301964]","[0.628788,-1.62615]","[-0.356583,2.73501]","[367501,797330]","[-0.00506973,-0.015419]","[1,-1]","[11,11]","[1,1]","[0,0]","[-304.928,-1182.73]","[-0.0109197,0.00475021]","[1.95078,0.645206]",9925.56,-2.13611,0,"[]","[]","[]","[]","[]","[]","[]","[]",0,"[]","[]","[]","[]","[]","[]","[]","[]","[]","[]",2,"[327391,312859]","[-1.62741,0.64904]","[2.73065,-0.356598]","[865476,381102]","[0,0.00276214]","[0,0]","[0,0]","[-1,-1]",0,"[]","[]","[]","[]","[]","[]","[]","[]","[]","[]",0,"[2478.93,5453.63]",0,"[]","[]","[14436,29585.5]","[]"
138,284500,1906477,364114,1.63596,1587.02,5.30764e+06,1.25133,0.961213,1,1,1,1,0.99866,1,1,0,0,2,"[1,1]","[1,1]","[270826,251845]","[-1.00098,0.618954]","[0.0924252,-2.96962]","[418220,301647]","[0.0221367,0.00359726]","[1,-1]","[11,11]","[1,1]","[0,0]","[-676.41,-283.153]","[-0.00799382,0.0204371]","[1.34202,2.17355]",20838.1,2.571,0,"[]","[]","[]","[]","[]","[]","[]","[]",0,"[]","[]","[]","[]","[]","[]","[]","[]","[]","[]",2,"[294008,278422]","[-1.01808,0.63227]","[0.085045,-2.99279]","[460002,337112]","[1631.4,27942.4]","[0,0]","[0,1.3799]","[-1,0.598837]",0,"[]","[]","[]","[]","[]","[]","[]","[]","[]","[]",0,"[3028.24,2334.93]",0,"[]","[]","[3933.06,17781.4]","[]"
139,284500,585613,364114,-1,1587.02,5.30764e+06,1.26459,0.97996,1,1,1,1,1.01265,1,1,0,0,1,"[1]","[1]","[305873]","[1.5388]","[1.28924]","[745356]","[0.00820446]","[1]","[11]","[1]","[0]","[942.589]","[-0.0127345]","[0.956377]",81056.8,1.06919,0,"[]","[]","[]","[]","[]","[]","[]","[]",0,"[]","[]","[]","[]","[]","[]","[]","[]","[]","[]",1,"[371123]","[1.54353]","[1.29704]","[908283]","[5413.98]","[0]","[7.92755]","[0.37389]",0,"[]","[]","[]","[]","[]","[]","[]","[]","[]","[]",0,"[7514.23]",22825.1,"[]","[]","[23153.7]","[]"
140,284500,761860,364114,1,1587.02,5.30764e+06,0.619412,0.97388,1,1,1,0.997417,0.98886,1,1,0,0,1,"[1]","[1]","[41728]","[-0.404608]","[-1.72782]","[45190.4]","[-0.0547409]","[-1]","[11]","[1]","[1345.66]","[-57.7994]","[-0.00341244]","[0.336419]",28052.1,2.86249,3,"[206883,166576,44788.5]","[0.12939,-1.94389,1.39702]","[-1.93072,0.821268,2.40104]","[210054,593900,96201.3]","[0,0.150317,0.985219]","[0,0,0]","[0,0,0]","[-0.606025,-0.771607,-0.908862]",0,"[]","[]","[]","[]","[]","[]","[]","[]","[]","[]",1,"[264091]","[0.0534785]","[-1.90158]","[266513]","[32942.6]","[0]","[1.52948]","[0.711396]",0,"[]","[]","[]","[]","[]","[]","[]","[]","[]","[]",0,"[63.8097]",4633.67,"[6428.3,8026.56,5091.74]","[]","[8541.47]","[]"
141,284500,3745321,364114,1,1587.02,5.30764e+06,0.923924,0.95847,1,1,1,0.999164,0.97785,1,1,0,0,1,"[1]","[1]","[43263.5]","[0.0803925]","[1.05182]","[43403.3]","[0.0780172]","[-1]","[11]","[1]","[0]","[356.415]","[0.0226688]","[1.23583]",23125.9,-1.39639,2,"[302636,299828]","[-1.33496,-0.742781]","[-2.24139,0.87108]","[615062,386606]","[0.986624,0.996595]","[0,0]","[0,0]","[-0.900143,-0.374037]",0,"[]","[]","[]","[]","[]","[]","[]","[]","[]","[]",2,"[335615,298340]","[-0.651188,-1.33606]","[0.895727,-2.24433]","[422210,606789]","[103514,12608.7]","[0,0]","[0.301305,0.843421]","[0.412274,-1]",0,"[]","[]","[]","[]","[]","[]","[]","[]","[]","[]",0,"[83.1712]",14173.9,"[4171.68,3935.85]","[]","[16085.2,4725.25]","[]"
142,284500,484285,364114,1,1587.02,5.30764e+06,1.26459,0.985702,1,1,1,0.998194,1.00306,1,1,0,0,2,"[1,1]","[1,1]","[251597,190310]","[0.978854,0.245584]","[2.77795,-0.261943]","[382068,196078]","[0.0391846,-0.0736465]","[-1,1]","[11,11]","[1,1]","[0,0]","[-1279.09,-124.56]","[0.0428026,-0.0457008]","[6.81096,4.04156]",25236.8,-0.474979,1,"[27683]","[-1.87205]","[-0.619202]","[92251]","[1]","[0]","[0]","[-0.528906]",0,"[]","[]","[]","[]","[]","[]","[]","[]","[]","[]",1,"[266447]","[1.01423]","[2.78235]","[415672]","[4599.63]","[0]","[20.1559]","[0.442011]",0,"[]","[]","[]","[]","[]","[]","[]","[]","[]","[]",0,"[2675.94,1722.96]",2978.8,"[3487.82]","[]","[11104.6]","[]"
143,284500,4027716,364114,-1,1587.02,5.30764e+06,1.26459,0.98089,1,1,1,0.999526,0.99866,1,1,0,0,1,"[1]","[1]","[233401]","[-1.01621]","[-2.19181]","[364651]","[-0.041995]","[1]","[11]","[1]","[0]","[2338.93]","[0.0062732]","[0.913202]",42488.2,-2.43537,1,"[36454.8]","[-1.14114]","[1.84177]","[63111.4]","[0.990999]","[0]","[0]","[-0.852592]",0,"[]","[]","[]","[]","[]","[]","[]","[]","[]","[]",1,"[264639]","[-1.01523]","[-2.19065]","[413158]","[3625.25]","[0]","[31.1027]","[-1]",0,"[]","[]","[]","[]","[]","[]","[]","[]","[]","[]",0,"[2682.14]",772.879,"[7299.43]","[]","[25268.6]","[]"
144,284500,1584469,364114,1,1587.02,5.30764e+06,1.55465,0.961213,1,1,1,1,1.00632,1,1,0,0,2,"[1,1]","[1,1]","[236013,217328]","[-0.940131,0.0998664]","[-0.295532,2.92493]","[348224,218412]","[0.105831,-0.0917034]","[-1,1]","[11,11]","[1,1]","[0,0]","[96.3255,687.441]","[-0.0270751,0.0316099]","[3.21246,2.1337]",6018.89,2.33654,0,"[]","[]","[]","[]","[]","[]","[]","[]",0,"[]","[]","[]","[]","[]","[]","[]","[]","[]","[]",1,"[255829]","[-0.937063]","[-0.294272]","[376613]","[0.00676582]","[0]","[0]","[-1]",0,"[]","[]","[]","[]","[]","[]","[]","[]","[]","[]",0,"[2282.62,3070.26]",2657.66,"[]","[]","[4386.05]","[]"
145,284500,4409913,364114,1,1587.02,5.30764e+06,1.26459,0.96304,1,1,1,0.991945,0.9991,1,1,0,0,1,"[1]","[1]","[46353.9]","[-1.5774]","[-0.896443]","[117017]","[63.5174]","[1]","[11]","[1]","[1193.05]","[-817.659]","[-0.0584794]","[3.25932]",8640.33,-1.58494,7,"[518458,166603,118185,114649,57142.1,46089.7,25431.8]","[1.42998,0.193725,-0.242427,2.24322,1.51811,-0.383956,2.09221]","[1.61537,-2.02449,-1.83755,-1.22952,-0.693104,-1.11724,-1.82336]","[1.14594e+06,170285,122048,546368,136791,50010.6,104740]","[0.995249,0.983901,0.996215,0.990696,0.996103,0.95923,0.984547]","[0,0,0,0,0,0,0]","[0,0,0,0,0,0,0]","[-0.986718,-0.924341,-0.940605,-0.896453,-0.824678,-0.905958,-0.803964]",0,"[]","[]","[]","[]","[]","[]","[]","[]","[]","[]",2,"[482476,325523]","[1.4163,-0.0536059]","[1.60863,-1.83422]","[1.05325e+06,351584]","[28078.3,131686]","[0,0]","[2.77606,1.41238]","[0.412119,0.354474]",0,"[]","[]","[]","[]","[]","[]","[]","[]","[]","[]",0,"[270.613]",21326.9,"[10636.7,12999.6,2515.62,2963.87,3097.81,2344.98,1761.24]","[]","[20878,30684.2]","[]"
146,284500,3960164,364114,1,1587.02,5.30764e+06,0.923924,0.984032,1,1,1,0.998344,1.00306,1,1,0,0,2,"[1,1]","[1,1]","[312443,293029]","[0.881285,2.37184]","[1.35969,-1.91227]","[441834,1.58388e+06]","[0.0106001,-0.239013]","[1,-1]","[11,11]","[1,1]","[0,0]","[-404.748,1828.02]","[-0.00815831,0.0129412]","[0.792209,1.09037]",40039,-1.41053,1,"[33548]","[2.21427]","[0.088809]","[155477]","[1]","[0]","[0]","[-0.548195]",0,"[]","[]","[]","[]","[]","[]","[]","[]","[]","[]",1,"[329609]","[0.876346]","[1.35488]","[464507]","[4331.84]","[0]","[0]","[-1]",0,"[]","[]","[]","[]","[]","[]","[]","[]","[]","[]",0,"[3921.55,4754.85]",263.914,"[3279.69]","[]","[7068.97]","[]"
147,284500,3960140,364114,1,1587.02,5.30764e+06,0.923924,0.941957,1,1,1,0.994809,0.96201,1,1,0,0,2,"[1,1]","[1,1]","[48950.3,43719.9]","[1.10386,0.886691]","[2.31033,-0.414691]","[81927.3,62062.6]","[111.358,111.288]","[-1,1]","[11,11]","[1,1]","[0,1133.92]","[878.983,784.508]","[-0.00132961,0.00183211]","[0.130045,0.188616]",23412,-0.835356,6,"[500634,428004,215869,99260.6,55453.4,47720.5]","[1.51239,0.0593738,-0.830222,2.14413,1.03528,0.348834]","[1.51091,-0.981773,-2.94972,-2.61303,-2.91954,-0.470193]","[1.19168e+06,431052,297311,429661,88570.2,51147.9]","[0.991635,1,0.99,0.957149,0.995688,0.98214]","[0,0,0,0,0,0]","[0,0,0,0,0,0]","[-0.870751,-0.89554,-0.947845,-0.643958,-0.861957,-0.907837]",0,"[]","[]","[]","[]","[]","[]","[]","[]","[]","[]",2,"[546679,472955]","[1.49621,0.0591943]","[1.57659,-0.947921]","[1.28923e+06,482072]","[140020,89006.4]","[0,0]","[1.81494,2.17346]","[0.737289,0.587538]",0,"[]","[]","[]","[]","[]","[]","[]","[]","[]","[]",0,"[213.743,117.314]",35542.8,"[23510.7,8931.68,9811.9,2928.54,3023.11,2726.21]","[]","[34757.5,74913.7]","[]"
148,284500,1835138,364114,1,1587.02,5.30764e+06,0.738662,0.942732,1,1,1,1,1.01508,1,1,0,0,2,"[1,1]","[1,1]","[240943,240687]","[-1.78498,0.29475]","[1.73607,-1.35294]","[738160,251218]","[0.00696945,0.0729332]","[1,-1]","[11,11]","[1,1]","[0,0]","[-313.215,-434.291]","[-0.00911681,0.0410091]","[1.03893,4.99579]",9442.96,2.69263,0,"[]","[]","[]","[]","[]","[]","[]","[]",0,"[]","[]","[]","[]","[]","[]","[]","[]","[]","[]",1,"[257454]","[-1.77573]","[1.73139]","[781882]","[1484.71]","[0]","[0]","[-1]",0,"[]","[]","[]","[]","[]","[]","[]","[]","[]","[]",0,"[3972.99,1301.93]",16068.3,"[]","[]","[5563.02]","[]"
149,284500,1924462,364114,0.427355,1587.02,5.30764e+06,1.25133,0.95563,1,1,1,0.999715,0.9918,1,1,0,0,2,"[1,1]","[1,1]","[249432,246228]","[-1.16683,-0.670814]","[3.09255,0.121542]","[439392,303737]","[-0.0256538,0.0150032]","[1,-1]","[11,11]","[1,1]","[0,0]","[-729.032,-366.56]","[0.00207779,0.00250588]","[0.216625,0.408615]",13988.1,1.45887,1,"[54517.2]","[1.10468]","[-1.55772]","[91917.1]","[0.996904]","[0]","[0]","[-0.790543]",0,"[]","[]","[]","[]","[]","[]","[]","[]","[]","[]",2,"[266771,252784]","[-1.18911,-0.693859]","[3.09377,0.127736]","[478677,316116]","[1420.73,0.00390625]","[0,0]","[0,0]","[-1,-1]",0,"[]","[]","[]","[]","[]","[]","[]","[]","[]","[]",0,"[3852.13,1797.74]",3961.71,"[4524.45]","[]","[7247.5,983.234]","[]"
150,284500,1929703,364114,-1,1587.02,5.30764e+06,0.75088,0.969242,1,1,1,0.998047,0.9918,1,1,0,0,2,"[1,1]","[1,1]","[282690,265005]","[-0.612435,-0.0826307]","[-0.774164,2.43827]","[337383,265910]","[-0.020628,0.0314674]","[-1,1]","[11,11]","[1,1]","[0,0]","[-1699.41,465.705]","[-0.0114929,0.0132311]","[1.99021,1.33746]",27003.4,1.45165,1,"[24920]","[-1.99214]","[1.57319]","[93205.6]","[0.984412]","[0]","[0]","[-0.771437]",0,"[]","[]","[]","[]","[]","[]","[]","[]","[]","[]",2,"[290373,279119]","[-0.6353,-0.0985269]","[-0.768514,2.43287]","[350972,280501]","[1680.2,3860.08]","[0,0]","[0,28.8927]","[-1,0.307605]",0,"[]","[]","[]","[]","[]","[]","[]","[]","[]","[]",0,"[1973.16,5752.43]",2070.41,"[5102.91]","[]","[17291.5,15516.4]","[]"
151,284500,2019921,364114,1,1587.02,5.30764e+06,1.32095,1.02775,1,1,1,0.996397,1.00936,1,1,0,0,2,"[1,1]","[1,1]","[252966,228243]","[0.0698855,0.101663]","[0.716279,-2.49603]","[253584,229424]","[-0.117542,-0.0947571]","[1,-1]","[11,11]","[1,1]","[0,0]","[-2397.81,380.964]","[0.00012158,0.00414192]","[0.00825956,0.68762]",48593.8,-1.69254,2,"[29528.1,25020.6]","[-1.70772,-2.40849]","[-1.58178,1.90434]","[84357.6,140246]","[0.999177,0.458473]","[0,0]","[0,0]","[0.234468,-0.916951]",0,"[]","[]","[]","[]","[]","[]","[]","[]","[]","[]",1,"[261006]","[0.0419713]","[0.717335]","[261236]","[0.00282877]","[0]","[0]","[-1]",0,"[]","[]","[]","[]","[]","[]","[]","[]","[]","[]",0,"[1368.66,1657.54]",7829.37,"[3046.6,6633.03]","[]","[10900.5]","[]"
152,284500,2242977,364114,1,1587.02,5.30764e+06,1.21412,0.946907,1,1,1,0.997301,1.00121,1,1,0,0,2,"[1,1]","[1,1]","[225515,223830]","[-1.97902,-1.65276]","[-0.464654,2.77394]","[831458,605787]","[0.00689507,0.0139875]","[-1,1]","[11,11]","[1,1]","[0,0]","[897.73,198.906]","[0.00432148,-0.00722621]","[0.344286,0.83464]",37291.9,-1.18417,2,"[27814,20693.1]","[0.656635,2.25402]","[2.64744,0.80346]","[34345.5,99754]","[0.985098,1]","[0,0]","[0,0]","[-0.551348,-0.845799]",0,"[]","[]","[]","[]","[]","[]","[]","[]","[]","[]",1,"[250609]","[-1.97849]","[-0.459038]","[923511]","[0.0191366]","[0]","[0]","[-1]",0,"[]","[]","[]","[]","[]","[]","[]","[]","[]","[]",0,"[5883.42,6461.51]",2077.93,"[6111.31,1155.38]","[]","[8640.28]","[]"
153,284500,2418569,364114,1,1587.02,5.30764e+06,0.738662,0.95113,1,1,1,0.999212,0.99604,1,1,0,0,2,"[1,1]","[1,1]","[262015,253645]","[-2.08995,-0.925092]","[-0.233931,2.97598]","[1.07533e+06,370144]","[-17.7492,-17.6592]","[-1,1]","[11,11]","[1,1]","[0,0]","[-1893,1599.72]","[-0.0010016,-0.00851323]","[0.0600983,0.797749]",42121,1.84538,1,"[21271.9]","[-0.658032]","[-0.34804]","[26633.3]","[0.951694]","[0]","[0]","[-0.886176]",0,"[]","[]","[]","[]","[]","[]","[]","[]","[]","[]",1,"[270900]","[-0.965534]","[2.97679]","[407341]","[6167.96]","[0]","[8.81331]","[0.126427]",0,"[]","[]","[]","[]","[]","[]","[]","[]","[]","[]",0,"[3366.99,3033.52]",5244.63,"[7238.42]","[]","[6440.31]","[]"
154,284500,2722205,364114,-1,1587.02,5.30764e+06,0.934886,0.97949,1,1,1,0.991064,0.99672,1,1,0,0,1,"[1]","[1]","[72830.7]","[1.1606]","[1.01076]","[127642]","[-81.1417]","[1]","[11]","[1]","[0]","[1501.48]","[0.023661]","[3.37852]",55899,-1.02239,8,"[486878,169196,124397,124262,66449.9,55660.9,26380.8,25540.2]","[1.44227,0.162496,2.24392,-0.291353,1.53456,2.15268,-0.348322,-1.55538]","[1.60825,-2.02701,-1.21716,-1.84836,-0.70422,-1.86734,-1.21023,2.82591]","[1.08837e+06,172446,593169,129993,161582,242961,28380.2,63430.8]","[0.994285,0.98568,1,0.995965,0.987991,0.74609,1,0.938324]","[0,0,0,0,0,0,0,0]","[0,0,0,0,0,0,0,0]","[-0.928398,-0.912674,-0.920623,-0.932066,-0.932367,-0.946777,-0.732004,-0.716871]",0,"[]","[]","[]","[]","[]","[]","[]","[]","[]","[]",2,"[518060,286238]","[1.42989,-0.0159614]","[1.52028,-1.95294]","[1.15145e+06,297902]","[128214,82418.8]","[0,0]","[1.40793,0.976077]","[0.766117,0.7255]",0,"[]","[]","[]","[]","[]","[]","[]","[]","[]","[]",0,"[273.371]",10889.3,"[9326.07,4255.3,3932.71,8504.03,4150.56,2561.14,1811.47,4440.54]","[]","[14633.6,20412.3]","[]"
155,284500,4804993,364114,0.991261,1587.02,5.30764e+06,0.934886,0.96323,1,1,1,1,1.00493,1,1,0,0,1,"[1]","[1]","[229417]","[-1.22015]","[-1.44696]","[422457]","[-0.0270576]","[1]","[11]","[1]","[0]","[505.934]","[-0.0235856]","[2.4252]",20344.1,-1.68354,0,"[]","[]","[]","[]","[]","[]","[]","[]",0,"[]","[]","[]","[]","[]","[]","[]","[]","[]","[]",1,"[258203]","[0.581012]","[1.68156]","[303545]","[17779.9]","[0]","[0]","[-1]",0,"[]","[]","[]","[]","[]","[]","[]","[]","[]","[]",0,"[2722.92]",8127.2,"[]","[]","[11233.5]","[]"
156,284500,5191814,364114,1,1587.02,5.30764e+06,0,0.96203,1,1,1,1,1.01508,1,1,0,0,1,"[1]","[1]","[304180]","[-1.62199]","[2.43824]","[800092]","[0.0103016]","[-1]","[11]","[1]","[0]","[-2695.57]","[0.00860291]","[0.796397]",65599.3,2.84218,0,"[]","[]","[]","[]","[]","[]","[]","[]",0,"[]","[]","[]","[]","[]","[]","[]","[]","[]","[]",1,"[332033]","[-1.62379]","[2.43155]","[874827]","[5063.93]","[0]","[19.3497]","[0.154104]",0,"[]","[]","[]","[]","[]","[]","[]","[]","[]","[]",0,"[5157.2]",11681.5,"[]","[]","[9686.66]","[]"
157,284500,106357,364114,-1.45872,1587.02,5.30764e+06,1.25133,0.992773,1,1,1,1,1.00306,1,1,0,0,2,"[1,1]","[1,1]","[352456,336848]","[1.09715,-0.206572]","[3.02698,-0.151911]","[586741,344061]","[-0.111422,-0.0572968]","[-1,1]","[11,11]","[1,1]","[0,0]","[1937.12,328.133]","[-0.00672679,0.00545454]","[0.711497,0.820177]",15474.3,0.829556,0,"[]","[]","[]","[]","[]","[]","[]","[]",0,"[]","[]","[]","[]","[]","[]","[]","[]","[]","[]",2,"[383994,343657]","[1.11805,-0.188759]","[3.02094,-0.15267]","[651083,349797]","[36462.8,-0.00436732]","[0,0]","[37.1485,0]","[0.4697,-1]",0,"[]","[]","[]","[]","[]","[]","[]","[]","[]","[]",0,"[5224.81,3923.16]",0,"[]","[]","[22177.8,18218.4]","[]"
158,284500,3330028,364114,1,1587.02,5.30764e+06,0.619412,0.870166,1,1,1,1,0.99544,1,1,0,0,3,"[0,1,1]","[1,1,1]","[232784,48506.7,36397.5]","[1.17582,1.87312,1.80919]","[1.12364,-0.602425,2.36304]","[413115,161580,114093]","[0.289978,0.0357895,-0.1353]","[-1,-1,1]","[11,11,11]","[1,1,1]","[12980.2,0,0]","[7874.09,328.932,2197.08]","[-0.0139701,0.00641281,-0.00340978]","[0.885143,0.331673,0.272691]",66761.6,1.2299,0,"[]","[]","[]","[]","[]","[]","[]","[]",0,"[]","[]","[]","[]","[]","[]","[]","[]","[]","[]",1,"[268208]","[1.2255]","[1.12932]","[496309]","[13917.9]","[0]","[4.93044]","[0.555655]",0,"[]","[]","[]","[]","[]","[]","[]","[]","[]","[]",0,"[2749.9,308.075,362.97]",13951.7,"[]","[]","[1154.44]","[]"
159,284500,3844203,364114,1,1587.02,5.30764e+06,1.1961,0.950287,1,1,1,0.999315,1.01265,1,1,0,0,2,"[1,1]","[1,1]","[237288,200251]","[1.56776,1.27952]","[-2.9612,0.256111]","[593743,387795]","[0.00154877,-0.0190201]","[-1,1]","[11,11]","[1,1]","[2151.36,0]","[1718.38,2374.38]","[0.0188317,-0.0160989]","[2.20287,1.25005]",11454,1.82956,1,"[29039.3]","[-1.07809]","[-0.226015]","[47926.9]","[0.991504]","[0]","[0]","[-0.691502]",0,"[]","[]","[]","[]","[]","[]","[]","[]","[]","[]",1,"[266727]","[1.56671]","[-2.96372]","[666798]","[6675.98]","[0]","[18.3339]","[0.23043]",0,"[]","[]","[]","[]","[]","[]","[]","[]","[]","[]",0,"[5191.38,2334.38]",18434.4,"[2666.19]","[]","[1655.66]","[]"
160,284500,5134096,364114,1,1587.02,5.30764e+06,0.75088,0.96654,1,1,1,0.998091,0.99589,1,1,0,0,1,"[1]","[1]","[33113.1]","[-0.503263]","[-1.00008]","[37395.6]","[-13.3761]","[-1]","[11]","[1]","[0]","[4596.13]","[0.0363003]","[2.34225]",55512.2,2.57254,3,"[264866,238473,23395]","[-0.317534,-1.87751,1.07252]","[1.72843,-1.24983,-2.50252]","[281707,798149,38559.7]","[0.99,1,0.995403]","[0,0,0]","[0,0,0]","[-0.936959,-0.870146,-0.631184]",0,"[]","[]","[]","[]","[]","[]","[]","[]","[]","[]",1,"[280387]","[-0.340283]","[1.74702]","[300666]","[48195.2]","[0]","[1.61837]","[0.763336]",0,"[]","[]","[]","[]","[]","[]","[]","[]","[]","[]",0,"[71.268]",6242.86,"[5037.4,5233.01,3119.77]","[]","[5181.34]","[]"
161,284500,5138648,364114,1,1587.02,5.30764e+06,1.26205,0.950679,1,1,1,1,1.00582,1,1,0,0,2,"[1,1]","[1,1]","[347538,343558]","[-0.359031,-1.35272]","[-2.40853,0.694908]","[370179,708840]","[-0.0361538,-0.0206394]","[1,-1]","[11,11]","[1,1]","[0,0]","[1358.41,4048.22]","[0.00489547,0.00608691]","[0.662873,0.531689]",15088.7,2.06321,0,"[]","[]","[]","[]","[]","[]","[]","[]",0,"[]","[]","[]","[]","[]","[]","[]","[]","[]","[]",2,"[357655,373807]","[-0.38382,-1.37497]","[-2.4083,0.697429]","[384336,786454]","[2942.9,-0.0174693]","[0,0]","[0,0]","[-1,-1]",0,"[]","[]","[]","[]","[]","[]","[]","[]","[]","[]",0,"[2040.9,5440.78]",0,"[]","[]","[798.781,3147.12]","[]"
162,284500,3453912,364114,-1,1587.02,5.30764e+06,0.00220911,0.99211,1,1,1,0.998136,0.9918,1,1,0,0,2,"[1,1]","[1,0]","[333525,301314]","[-0.807676,-1.573]","[-2.55474,0.548778]","[448354,757580]","[0.0364037,-0.0396729]","[1,-1]","[11,11]","[1,0]","[0,0]","[212.846,-790.336]","[0.00269548,0.0589449]","[0.373413,0.862288]",16623.6,1.5634,1,"[24841.3]","[1.63953]","[0.299738]","[66467.1]","[1]","[0]","[0]","[-0.841924]",0,"[]","[]","[]","[]","[]","[]","[]","[]","[]","[]",2,"[347817,328081]","[-0.792319,-1.57529]","[-2.55966,0.553516]","[462823,826662]","[0,9093.54]","[0,0]","[0,0]","[-1,-1]",0,"[]","[]","[]","[]","[]","[]","[]","[]","[]","[]",0,"[2412.06,7176]",589.838,"[2459.3]","[]","[35499.7,955.781]","[]"
163,284500,3456876,364114,-1,1587.02,5.30764e+06,1.24168,1.01378,1,1,1,0.99885,1.00936,1,1,0,0,1,"[1]","[1]","[239817]","[0.112802]","[-1.0349]","[241345]","[0.0642548]","[1]","[11]","[1]","[0]","[-491.732]","[0.00411885]","[0.42325]",5888.5,-2.34563,2,"[251996,76848.5]","[-1.47314,0.272299]","[2.40498,0.47504]","[578772,81381.4]","[0.996282,0.984094]","[0,0]","[0,0]","[-0.983116,-0.224569]",0,"[]","[]","[]","[]","[]","[]","[]","[]","[]","[]",1,"[253562]","[0.0658998]","[-1.03629]","[254113]","[-0.00357147]","[0]","[0]","[-1]",0,"[]","[]","[]","[]","[]","[]","[]","[]","[]","[]",0,"[1388.74]",746.363,"[5650.14,2971.36]","[]","[0]","[]"
164,284500,4001632,364114,1,1587.02,5.30764e+06,1.22586,0.940357,1,1,1,1,0.99544,1,1,0,0,2,"[0,1]","[1,1]","[323395,286488]","[1.25464,1.17142]","[0.857543,-2.26292]","[613120,506583]","[0.0456009,-0.0313187]","[1,1]","[11,11]","[1,1]","[0,1070.49]","[797.835,-1177.02]","[-0.0363042,0.0113107]","[3.77334,1.28049]",19186.3,-3.08698,0,"[]","[]","[]","[]","[]","[]","[]","[]",0,"[]","[]","[]","[]","[]","[]","[]","[]","[]","[]",2,"[342298,310752]","[1.2516,1.16805]","[0.850436,-2.2655]","[647288,547961]","[2314.79,0.00956832]","[0,0]","[44.5082,0]","[-1,-1]",0,"[]","[]","[]","[]","[]","[]","[]","[]","[]","[]",0,"[4900.02,3804.55]",6680.88,"[]","[]","[24359.9,24984.7]","[]"
165,284500,4970105,364114,-1,1587.02,5.30764e+06,1.21412,0.96126,1,1,1,0.995205,0,1,1,0,0,1,"[1]","[1]","[26793.8]","[0.158177]","[3.02587]","[27129.7]","[126.905]","[-1]","[11]","[1]","[0]","[-1081.27]","[-0.000486565]","[0.0395421]",60837.9,-0.0492123,7,"[276828,253454,98996.9,98408.5,54193.5,51368.2,25240.6]","[1.41134,0.000772777,2.06568,0.730168,-0.199799,0.827881,1.24492]","[1.69473,-1.78089,-1.06849,1.51649,1.42324,-1.40384,-2.74851]","[602364,258539,397028,127137,55495.9,70684.7,47753.7]","[0,0.926599,-0.1,0.99,0.992864,0.99,0.982497]","[0,0,0,0,0,0,0]","[0,0,0,0,0,0,0]","[-0.909081,-0.784692,-0.778091,-0.905463,-0.941423,-0.620058,-0.806461]",0,"[]","[]","[]","[]","[]","[]","[]","[]","[]","[]",2,"[323679,270827]","[1.24109,-0.00189143]","[1.64398,-1.75415]","[615754,283101]","[105500,82454]","[0,0]","[0.961,1.72238]","[0.572052,0.699572]",0,"[]","[]","[]","[]","[]","[]","[]","[]","[]","[]",0,"[72.9546]",6915.06,"[13010.9,6463.91,5893.34,6038.25,3657.54,4764.05,4971.58]","[]","[30094.4,2239.19]","[]"
166,284500,150240,364114,1,1587.02,5.30764e+06,0.553627,0.96422,1,1,1,1,0.98743,1,1,0,0,2,"[1,1]","[1,1]","[452529,428695]","[-0.062056,-0.211163]","[-1.72852,1.40083]","[453400,438288]","[0.0876923,-0.0165281]","[1,-1]","[11,11]","[1,1]","[0,0]","[-1885.56,2028.27]","[0.00815734,-0.00600738]","[1.3059,0.936955]",16985.8,1.0537,0,"[]","[]","[]","[]","[]","[]","[]","[]",0,"[]","[]","[]","[]","[]","[]","[]","[]","[]","[]",2,"[458197,439362]","[-0.0656189,-0.217641]","[-1.7283,1.40446]","[459184,449815]","[0.00172633,2267.27]","[0,0]","[0,213.742]","[-1,-1]",0,"[]","[]","[]","[]","[]","[]","[]","[]","[]","[]",0,"[8131.07,3478.21]",0,"[]","[]","[5825.94,28925.3]","[]"
167,284500,389829,364114,-0.836644,1587.02,5.30764e+06,0.923924,0.960322,1,1,1,0.999579,1.01265,1,1,0,0,2,"[1,1]","[1,1]","[257140,212484]","[1.62149,1.63541]","[1.19086,-1.96326]","[676055,565889]","[-0.0772247,0.0775375]","[-1,1]","[11,11]","[1,1]","[0,2425.81]","[1884.68,8133.37]","[-0.00474255,-0.016836]","[0.483179,1.03782]",10831.8,0.641536,1,"[40786.4]","[-0.179931]","[-2.13088]","[41874]","[0.933637]","[0]","[0]","[-0.92446]",0,"[]","[]","[]","[]","[]","[]","[]","[]","[]","[]",2,"[296283,266313]","[1.60794,1.61808]","[1.20008,-1.96221]","[769299,698084]","[6146.37,13163.6]","[0,0]","[4.50165,4.54276]","[-1,0.16232]",0,"[]","[]","[]","[]","[]","[]","[]","[]","[]","[]",0,"[4213.42,5145.44]",1218.48,"[3644.76]","[]","[21855.3,6293.03]","[]"
168,284500,211373,364114,-17.24,1587.02,5.30764e+06,0.923924,0.971455,1,1,1,0.999257,1.00121,1,1,0,0,2,"[1,1]","[1,1]","[228217,215400]","[-1.84656,-0.469274]","[1.5966,-1.51567]","[741216,239556]","[-0.0603466,0.10026]","[-1,1]","[11,11]","[1,1]","[1162.69,0]","[980.96,-941.904]","[0.000832028,-0.0140402]","[0.0507012,1.97011]",14078.5,-1.17034,1,"[22219.8]","[-0.948241]","[3.04696]","[33176.6]","[0.918609]","[0]","[0]","[-0.830351]",0,"[]","[]","[]","[]","[]","[]","[]","[]","[]","[]",1,"[255443]","[-1.84983]","[1.60181]","[832252]","[5329.16]","[0]","[13.2691]","[0.367355]",0,"[]","[]","[]","[]","[]","[]","[]","[]","[]","[]",0,"[4430.23,2100.33]",218.651,"[1794.91]","[]","[5928.08]","[]"
169,284500,211592,364114,1,1587.02,5.30764e+06,0.75088,0.896319,1,1,1,0.995965,1.01975,1,1,0,0,2,"[1,1]","[1,0]","[46865.7,41732.8]","[-2.06477,-1.35663]","[-0.75351,2.6632]","[187705,86399.5]","[-87.5681,-87.4385]","[1,-1]","[11,11]","[1,1]","[4095.56,0]","[2934.69,1917.81]","[0.00144854,-0.0127189]","[0.0976937,1.27661]",3665.59,2.89342,5,"[188089,170957,115575,97127.7,37458.9]","[0.480415,-1.81271,0.945245,1.22899,0.586514]","[-1.78489,1.23745,-2.05055,1.41047,0.493717]","[211445,537816,171562,180481,44350]","[0.992033,0.998931,0.995202,0.990626,0.995483]","[0,0,0,0,0]","[0,0,0,0,0]","[-0.93497,-0.956683,-0.912445,-0.803486,-0.899813]",0,"[]","[]","[]","[]","[]","[]","[]","[]","[]","[]",1,"[286599]","[0.69009]","[-1.86911]","[367034]","[82712.1]","[0]","[1.04895]","[0.71543]",0,"[]","[]","[]","[]","[]","[]","[]","[]","[]","[]",0,"[311.425,202.251]",25227.5,"[5373.38,8356.18,5205.53,2469.51,2969.12]","[]","[18812.1]","[]"
170,284500,891550,364114,-1,1587.02,5.30764e+06,0.696077,0.944823,1,1,1,0.998949,0.99866,1,1,0,0,2,"[1,1]","[1,1]","[278769,208438]","[-0.94324,-1.20321]","[1.4126,-1.74186]","[412250,378421]","[0.0315285,-0.0313454]","[1,-1]","[11,11]","[1,1]","[0,0]","[-981.6,-130.959]","[-0.0122042,-0.00277751]","[1.37813,0.348538]",27636.1,-0.979236,1,"[48084.5]","[2.02136]","[-1.97563]","[184853]","[0.9934]","[0]","[0]","[-0.767637]",0,"[]","[]","[]","[]","[]","[]","[]","[]","[]","[]",1,"[302158]","[-0.918166]","[1.41429]","[438725]","[0]","[0]","[0]","[-1]",0,"[]","[]","[]","[]","[]","[]","[]","[]","[]","[]",0,"[3050.88,3412.96]",19126.9,"[3191.3]","[]","[12162.4]","[]"
171,284500,2409101,364114,1,1587.02,5.30764e+06,0.738662,0.968109,1,1,1,1,1.00582,1,1,0,0,2,"[1,1]","[1,1]","[236408,233015]","[-1.12349,-0.425582]","[1.05586,-2.08752]","[401979,254437]","[0.0378685,0.02981]","[1,-1]","[11,11]","[1,1]","[0,0]","[-1015.71,1364.76]","[0.00885207,-0.00713256]","[1.43218,1.03515]",10790.9,-2.31642,0,"[]","[]","[]","[]","[]","[]","[]","[]",0,"[]","[]","[]","[]","[]","[]","[]","[]","[]","[]",1,"[255291]","[-1.14209]","[1.05282]","[440697]","[2586.77]","[0]","[0]","[-1]",0,"[]","[]","[]","[]","[]","[]","[]","[]","[]","[]",0,"[2543.36,1426.52]",0,"[]","[]","[18748.6]","[]"
172,284500,4620953,364114,0.941796,1587.02,5.30764e+06,1.26459,0.948377,1,1,1,1,1.00493,1,1,0,0,2,"[1,1]","[1,1]","[256414,91651.5]","[-1.22132,-0.450901]","[3.10747,0.0758725]","[472633,101127]","[0.0290031,0.0245819]","[-1,1]","[11,11]","[1,1]","[0,0]","[-1182.22,-951.639]","[0.018159,-0.0315386]","[2.11866,1.28326]",27194.4,2.80536,0,"[]","[]","[]","[]","[]","[]","[]","[]",0,"[]","[]","[]","[]","[]","[]","[]","[]","[]","[]",2,"[285393,276439]","[-0.440652,-1.22035]","[-0.121824,3.1073]","[314949,509133]","[29632.9,967.597]","[0,0]","[0.0605167,0]","[-1,-1]",0,"[]","[]","[]","[]","[]","[]","[]","[]","[]","[]",0,"[3149.78,836.449]",8691.83,"[]","[]","[4078.78,24073.3]","[]"
173,284500,6283889,364114,1,1587.02,5.30764e+06,1.32095,0.98089,1,1,1,0.996344,0.99866,1,1,0,0,1,"[1]","[1]","[308751]","[-1.06737]","[-0.990853]","[501974]","[0.00262451]","[1]","[11]","[1]","[0]","[1583.17]","[-0.0177723]","[1.5164]",27647,-2.46611,3,"[292884,35369.7,20012]","[-1.51559,-1.56747,-1.66614]","[1.98191,-2.90113,1.49298]","[698837,88603.2,54857.6]","[0.98925,1,0.988184]","[0,0,0]","[0,0,0]","[-0.951206,-0.755435,-0.598002]",0,"[]","[]","[]","[]","[]","[]","[]","[]","[]","[]",2,"[333189,285881]","[-1.02183,-1.48469]","[-1.00212,1.97951]","[522813,663278]","[2102.54,3149.49]","[0,0]","[0,2.29176]","[-1,0.615193]",0,"[]","[]","[]","[]","[]","[]","[]","[]","[]","[]",0,"[6918.47]",7964.64,"[13174.3,3259.35,1243.96]","[]","[2021,13436.8]","[]"
174,284500,969258,364114,0.938054,1587.02,5.30764e+06,1.25133,0.96547,1,1,1,1,0.99866,1,1,0,0,2,"[1,1]","[1,1]","[277741,263327]","[-1.0408,-1.84896]","[1.9885,-1.1997]","[442253,857215]","[0.0392942,-0.0145702]","[1,-1]","[11,11]","[1,1]","[0,5439.92]","[1242.39,2779.98]","[0.0161943,-0.016613]","[1.77531,1.38999]",16989.1,1.61834,0,"[]","[]","[]","[]","[]","[]","[]","[]",0,"[]","[]","[]","[]","[]","[]","[]","[]","[]","[]",2,"[291129,282326]","[-1.04763,-1.85232]","[1.99419,-1.20017]","[466048,922081]","[-0.00390625,11935.4]","[0,0]","[0,4.55104]","[-1,0.383371]",0,"[]","[]","[]","[]","[]","[]","[]","[]","[]","[]",0,"[2978.71,4219.1]",1108.94,"[]","[]","[1536.06,6733.06]","[]"
175,284500,6679691,364114,1.82588,1587.02,5.30764e+06,0.923924,0.96547,1,1,1,1,0.99866,1,1,0,0,2,"[1,1]","[1,1]","[315084,314575]","[-1.84495,-0.885352]","[-1.86209,1.2096]","[1.02179e+06,446131]","[-0.0700722,0.0961399]","[-1,1]","[11,11]","[1,1]","[0,0]","[1901.64,2190.52]","[0.00357683,-0.00345659]","[0.471722,0.449574]",22138.1,2.91622,0,"[]","[]","[]","[]","[]","[]","[]","[]",0,"[]","[]","[]","[]","[]","[]","[]","[]","[]","[]",2,"[353785,339340]","[-1.83734,-0.871052]","[-1.86154,1.21175]","[1.13904e+06,476446]","[6197.3,4783.16]","[0,0]","[0,11.2593]","[-1,0.264946]",0,"[]","[]","[]","[]","[]","[]","[]","[]","[]","[]",0,"[4451.5,3840.89]",0,"[]","[]","[5176.03,19190.1]","[]"
176,284500,4928419,364114,1,1587.02,5.30764e+06,0.696077,0.985722,1,1,1,1,1.00306,1,1,0,0,2,"[1,1]","[1,1]","[241320,232553]","[0.872418,1.56547]","[-1.45977,1.78985]","[339130,580676]","[-0.0255852,7.62939e-06]","[-1,1]","[11,11]","[1,1]","[0,5896.81]","[-186.532,6252.7]","[-0.00138227,-0.000661828]","[0.233629,0.103595]",14869.5,-1.40388,0,"[]","[]","[]","[]","[]","[]","[]","[]",0,"[]","[]","[]","[]","[]","[]","[]","[]","[]","[]",2,"[268320,258021]","[1.55228,0.850514]","[1.79618,-1.45342]","[662046,357106]","[11644.9,0.00390625]","[0,0]","[6.55693,0]","[0.47127,-1]",0,"[]","[]","[]","[]","[]","[]","[]","[]","[]","[]",0,"[2636.43,5323.15]",1106.18,"[]","[]","[3968.03,2176.53]","[]"
177,284500,5937136,364114,1,1587.02,5.30764e+06,0.75088,0.97411,1,1,1,0.999214,1.00582,1,1,0,0,2,"[1,1]","[1,1]","[335329,310811]","[-0.0989469,-0.393942]","[2.35071,-0.785356]","[336972,335242]","[0.0144806,0.00653076]","[-1,1]","[11,11]","[1,1]","[0,0]","[-451.667,16.4907]","[0.0190085,-0.0147788]","[3.07906,2.00376]",50416.1,-2.60029,1,"[24334.7]","[-0.805944]","[-0.453276]","[32989.2]","[0.980237]","[0]","[0]","[-0.355105]",0,"[]","[]","[]","[]","[]","[]","[]","[]","[]","[]",2,"[339638,311469]","[-0.179743,-0.467023]","[2.34877,-0.786072]","[345145,346066]","[1902.79,2362.36]","[0,0]","[67.6311,0]","[-1,-1]",0,"[]","[]","[]","[]","[]","[]","[]","[]","[]","[]",0,"[2882.36,2219.29]",150.855,"[4497.6]","[]","[36154.2,18404]","[]"
178,284500,7629284,364114,1,1587.02,5.30764e+06,1.24168,0.940064,1,1,1,1.1417,0.95922,1,1,0,0,2,"[1,1]","[1,1]","[47136.6,38614.1]","[-1.04265,-0.26568]","[-0.0753398,-2.85152]","[75165.1,39985]","[-106.21,-106.229]","[-1,1]","[11,11]","[1,1]","[1729.78,0]","[475.707,-137.579]","[0.00538043,-0.0103019]","[0.380624,1.05542]",24443.5,-2.89238,5,"[239428,209314,67625.5,28797.1,22268.7]","[-1.45768,1.29684,-0.797236,-1.54077,0.58494]","[-2.41743,0.790814,0.727802,-2.95034,-0.039626]","[542405,412259,91049.9,70501.3,26600.9]","[0.995189,0.999643,0.991212,0.975123,0.941036]","[0,0,0,0,0]","[0,0,0,0,0]","[0.894452,-0.915801,-0.896737,-0.897217,-0.091961]",0,"[]","[]","[]","[]","[]","[]","[]","[]","[]","[]",1,"[258869]","[-1.47138]","[-2.45186]","[595246]","[46331.6]","[0]","[2.79682]","[0.677958]",0,"[]","[]","[]","[]","[]","[]","[]","[]","[]","[]",0,"[108.997,13.2566]",14389.4,"[7796.85,4879.65,4211.69,1799.62,1850.76]","[]","[6044.86]","[]"
179,284500,3627858,364114,1,1587.02,5.30764e+06,0.696077,0.98697,1,1,1,1,1.00582,1,1,0,0,1,"[1]","[1]","[311795]","[-0.330757]","[-2.99064]","[329007]","[0.00630951]","[1]","[11]","[1]","[0]","[-1248.79]","[0.00316245]","[0.475062]",50899.2,-2.70918,0,"[]","[]","[]","[]","[]","[]","[]","[]",0,"[]","[]","[]","[]","[]","[]","[]","[]","[]","[]",1,"[327444]","[-0.306191]","[-2.99222]","[342935]","[3829.69]","[0]","[23.1269]","[0.274247]",0,"[]","[]","[]","[]","[]","[]","[]","[]","[]","[]",0,"[1984.66]",15307.4,"[]","[]","[15822.3]","[]"
180,284500,4126972,364114,-1,1587.02,5.30764e+06,0.923924,0.957085,1,1,1,0.997244,0.99544,1,1,0,0,2,"[1,1]","[1,1]","[292131,267723]","[1.17631,-0.134037]","[0.635951,-2.55379]","[518651,270132]","[0.000344276,0.0122495]","[-1,1]","[11,11]","[1,1]","[0,0]","[1684.36,-101.658]","[0.000279171,0.0144468]","[0.0386393,1.85448]",20329.7,0.666653,2,"[22194.9,22031.5]","[-0.832936,1.96618]","[-2.25701,-1.84352]","[30677.8,80352]","[0.984287,0.972584]","[0,0]","[0,0]","[-0.837462,-0.200088]",0,"[]","[]","[]","[]","[]","[]","[]","[]","[]","[]",2,"[329475,278870]","[1.18471,-0.13407]","[0.636353,-2.55761]","[589037,281383]","[2573.12,1203.72]","[0,0]","[0,0]","[-1,-1]",0,"[]","[]","[]","[]","[]","[]","[]","[]","[]","[]",0,"[4952.58,2969.06]",4804.83,"[3634.02,2491.33]","[]","[25311.2,25242.1]","[]"
181,284500,1165167,364114,1.13462,1587.02,5.30764e+06,1.21412,0.97996,1,1,1,0.998538,1.01265,1,1,0,0,1,"[1]","[1]","[240737]","[1.64505]","[-1.18211]","[646894]","[0.0244884]","[1]","[11]","[1]","[0]","[-419.2]","[-0.0207967]","[2.11408]",15525.4,-2.62509,2,"[251400,23767]","[1.48817,0.263549]","[1.83758,-2.73609]","[585237,24738.2]","[0.995239,0.994347]","[0,0]","[0,0]","[-0.969473,-0.879779]",0,"[]","[]","[]","[]","[]","[]","[]","[]","[]","[]",2,"[281670,256859]","[1.48291,1.65061]","[1.83884,-1.1898]","[652470,693790]","[4805.37,2821.31]","[0,0]","[5.49466,0]","[0.616429,-1]",0,"[]","[]","[]","[]","[]","[]","[]","[]","[]","[]",0,"[4223.7]",382.219,"[4004.33,1824.49]","[]","[15015.5,0]","[]"
182,284500,218367,364114,-1,1587.02,5.30764e+06,1.55465,1.00057,1,1,1,0.999375,1.00936,1,1,0,0,2,"[1,1]","[1,1]","[266476,248095]","[0.11257,-0.157643]","[-3.1413,-0.0344584]","[268166,251184]","[-0.0327606,-0.0818253]","[-1,1]","[11,11]","[1,1]","[0,0]","[-1876.32,-400.29]","[-0.0124132,0.0248364]","[2.20268,2.5833]",22392.4,-0.771938,1,"[30078.2]","[-0.680451]","[1.26111]","[38010.7]","[0.992357]","[0]","[0]","[-0.855789]",0,"[]","[]","[]","[]","[]","[]","[]","[]","[]","[]",2,"[278121,255529]","[0.0914704,-0.184449]","[-3.13887,-0.0396213]","[279291,259893]","[1798.03,1610.78]","[0,0]","[0,0]","[-1,-1]",0,"[]","[]","[]","[]","[]","[]","[]","[]","[]","[]",0,"[1393.33,1733.68]",7452.46,"[2464.76]","[]","[18879,3341.58]","[]"
183,284500,187261,364114,1,1587.02,5.30764e+06,0.738662,0.961213,1,1,1,1,0.99866,1,1,0,0,2,"[1,1]","[1,1]","[356615,341890]","[-1.04841,0.304328]","[-1.13916,1.98415]","[571225,357844]","[0.021383,-0.0329807]","[1,-1]","[11,11]","[1,1]","[0,0]","[816.404,-1063.49]","[-0.018977,0.0234896]","[2.97268,4.01451]",12808.3,2.35512,0,"[]","[]","[]","[]","[]","[]","[]","[]",0,"[]","[]","[]","[]","[]","[]","[]","[]","[]","[]",2,"[412234,359016]","[-1.08555,0.305063]","[-1.19523,1.98996]","[686022,375854]","[91206.9,1320.67]","[0,0]","[0.571327,36.7495]","[0.631608,-1]",0,"[]","[]","[]","[]","[]","[]","[]","[]","[]","[]",0,"[4526.68,3507.89]",0,"[]","[]","[5693.16,14981.4]","[]"
184,284500,5550691,364114,1,1587.02,5.30764e+06,0.738662,0.967171,1,1,1,0.999644,1.00632,1,1,0,0,2,"[1,1]","[1,1]","[258383,230657]","[0.145492,-0.419907]","[0.748123,-2.58179]","[261122,251292]","[-0.162498,0.0153313]","[1,-1]","[11,11]","[1,1]","[0,0]","[-943.737,-358.924]","[-0.0044292,0.00881817]","[0.667638,1.49853]",19195.7,2.69767,1,"[65147]","[-0.550649]","[-1.10159]","[75976.8]","[0.998766]","[0]","[0]","[-0.882804]",0,"[]","[]","[]","[]","[]","[]","[]","[]","[]","[]",1,"[265406]","[0.112747]","[0.743695]","[267094]","[0.00234171]","[0]","[0]","[-1]",0,"[]","[]","[]","[]","[]","[]","[]","[]","[]","[]",0,"[2938.18,1691.99]",4878.57,"[7243.01]","[]","[6156.56]","[]"
185,284500,179157,364114,-1,1587.02,5.30764e+06,1.25133,0.98089,1,1,1,0.999154,0.99866,1,1,0,0,1,"[1]","[1]","[299963]","[-1.014]","[0.312703]","[467850]","[-0.0283508]","[1]","[11]","[1]","[0]","[-1104.75]","[0.0119265]","[1.59122]",62060.4,0.626317,2,"[312081,45845.5]","[1.43554,-0.931132]","[-2.59772,2.42207]","[692922,67374.6]","[0.991256,0.994656]","[0,0]","[0,0]","[-0.949011,-0.945037]",0,"[]","[]","[]","[]","[]","[]","[]","[]","[]","[]",2,"[324817,272643]","[-0.992257,1.44867]","[0.315777,-2.59609]","[498278,612408]","[0.0078125,3118.49]","[0,0]","[0,9.62296]","[-1,0.557386]",0,"[]","[]","[]","[]","[]","[]","[]","[]","[]","[]",0,"[3704.07]",25652.6,"[7075.34,2560.24]","[]","[3573.69,4330.91]","[]"
186,284500,5216514,364114,1,1587.02,5.30764e+06,1.22586,0.852542,1,1,1,0.997366,1.0295,1,1,0,0,2,"[1,0]","[1,0]","[43212.2,42326.9]","[1.81453,2.46579]","[1.10248,-1.79643]","[136142,250951]","[48.0273,48.146]","[1,1]","[11,11]","[1,0]","[0,0]","[2232.79,-80.7372]","[0.0317253,-0.150885]","[2.09635,4.02195]",39638.8,-1.31376,3,"[207871,127523,95212.1]","[1.36286,0.855417,0.532981]","[0.586974,-3.01419,-2.17067]","[432965,177746,109825]","[0.986992,1,0.974463]","[0,0,0]","[0,0,0]","[-0.940418,-0.938753,-0.910173]",0,"[]","[]","[]","[]","[]","[]","[]","[]","[]","[]",1,"[261233]","[1.47669]","[0.686483]","[602920]","[37875.5]","[0]","[0.957743]","[0.695997]",0,"[]","[]","[]","[]","[]","[]","[]","[]","[]","[]",0,"[79.211,225.546]",1217.27,"[9313.07,4485.1,6030.35]","[]","[10233.3]","[]"
187,284500,5543836,364114,0.716381,1587.02,5.30764e+06,0.596562,0.957025,1,1,1,1,0.99604,1,1,0,0,2,"[1,1]","[1,1]","[263562,198994]","[-2.14604,-0.367937]","[-0.133551,2.97341]","[1.14226e+06,212616]","[-0.0455322,0.0394325]","[-1,1]","[11,11]","[1,1]","[0,0]","[-226.996,534.584]","[0.0138028,-0.033158]","[1.28004,3.7817]",30929.9,0.292573,0,"[]","[]","[]","[]","[]","[]","[]","[]",0,"[]","[]","[]","[]","[]","[]","[]","[]","[]","[]",1,"[258628]","[-0.562091]","[3.06521]","[305794]","[56277.3]","[0]","[0.137338]","[0.5498]",0,"[]","[]","[]","[]","[]","[]","[]","[]","[]","[]",0,"[3458.8,1162]",6933.59,"[]","[]","[17085]","[]"
188,284500,1153895,364114,1,1587.02,5.30764e+06,1.26205,0.96435,1,1,1,0.99779,0.9595,1,1,0,0,1,"[1]","[1]","[40657.3]","[-0.76064]","[1.52409]","[52997.1]","[-0.01695]","[1]","[11]","[1]","[0]","[113.397]","[-0.00921184]","[1.0442]",44726,0.306072,2,"[242831,26307]","[0.175669,1.20953]","[-2.31453,-1.99032]","[251200,48270.1]","[0,0.987712]","[0,0]","[0,0]","[-0.742108,-0.881071]",0,"[]","[]","[]","[]","[]","[]","[]","[]","[]","[]",1,"[259544]","[0.167692]","[-2.32084]","[268913]","[55128.6]","[0]","[1.24105]","[0.747121]",0,"[]","[]","[]","[]","[]","[]","[]","[]","[]","[]",0,"[30.7306]",10152.3,"[3949.38,14357.6]","[]","[7315.44]","[]"
189,284500,7529791,364114,-1,1587.02,5.30764e+06,1.26205,1.00588,1,1,1,0.99302,1.00306,1,1,0,0,1,"[1]","[1]","[403759]","[0.838177]","[-0.267155]","[554088]","[0.0100555]","[-1]","[11]","[1]","[1988.61]","[3556.53]","[-0.0168003]","[1.74779]",35341.9,0.705047,5,"[447423,34923.5,29956.6,25937.5,25599.3]","[0.809751,-1.65661,1.33394,-1.70664,0.510219]","[2.75614,-1.43483,-1.23136,3.03039,-1.02269]","[602992,95212.9,60960.6,73984.1,29457]","[1,0.93811,0.99,0.998516,0.73771]","[0,0,0,0,0]","[0,0,0,0,0]","[-0.923928,-0.287106,-0.837149,-0.666645,-0.356176]",0,"[]","[]","[]","[]","[]","[]","[]","[]","[]","[]",2,"[451181,440348]","[0.785588,0.817388]","[2.75642,-0.263964]","[597967,595845]","[17425.8,4751.15]","[0,0]","[0.0809623,0]","[0.0747953,-1]",0,"[]","[]","[]","[]","[]","[]","[]","[]","[]","[]",0,"[4960.64]",3473.86,"[7709.38,1994.83,2748.25,1699.09,2448.23]","[]","[2448.5,3245.41]","[]"
190,284500,6318735,364114,-1,1587.02,5.30764e+06,1.1961,0.950679,1,1,1,0.998308,1,1,1,0,0,2,"[1,1]","[1,1]","[247224,199503]","[-0.488176,-1.19667]","[0.983615,-2.11282]","[277273,360230]","[0.0245962,0.0379133]","[1,-1]","[11,11]","[0,1]","[0,0]","[-2181.17,900.016]","[-0.012865,0.0117167]","[0.748807,1.12456]",20597.5,-2.42011,1,"[24838]","[1.27277]","[-2.08507]","[48090.3]","[0.971848]","[0]","[0]","[-0.733598]",0,"[]","[]","[]","[]","[]","[]","[]","[]","[]","[]",1,"[279452]","[-0.563051]","[0.953042]","[327635]","[42009.6]","[0]","[0]","[-1]",0,"[]","[]","[]","[]","[]","[]","[]","[]","[]","[]",0,"[2137.91,2060.91]",858.264,"[1932.15]","[]","[13002.4]","[]"
191,284500,2730498,364114,1,1587.02,5.30764e+06,1.1961,0.96592,1,1,1,0.994589,0.95452,1,1,0,0,1,"[1]","[1]","[48539.8]","[-0.778679]","[-1.41162]","[64014.4]","[-60.2371]","[-1]","[11]","[1]","[0]","[-183.427]","[0.00364997]","[0.326616]",57173,-1.84366,8,"[207737,163369,140186,81879.9,74538,63077.8,60323,23776.9]","[-0.686471,-1.41372,-1.13469,0.576477,-1.36608,-0.676944,0.75334,0.603429]","[0.749144,-1.7051,1.19957,-2.43598,-2.47715,1.98169,2.32494,-1.37788]","[259918,355986,241125,96369,155912,78316.5,79222.6,28532.6]","[0.999661,0.993027,0.993359,0.998253,0.997598,0.127382,0.997864,0.98658]","[0,0,0,0,0,0,0,0]","[0,0,0,0,0,0,0,0]","[-0.518143,-0.929031,0.582184,-0.96189,-0.82675,-0.939424,-0.848954,-0.707991]",0,"[]","[]","[]","[]","[]","[]","[]","[]","[]","[]",1,"[323654]","[-0.861381]","[0.922371]","[466524]","[118068]","[0]","[0.969676]","[0.764629]",0,"[]","[]","[]","[]","[]","[]","[]","[]","[]","[]",0,"[46.1117]",12747.1,"[2384.87,3793.94,3693.24,4120.53,2836.8,3223.95,4496.68,2766.99]","[]","[14402]","[]"
192,284500,6005417,364114,1,1587.02,5.30764e+06,0.923924,0.984032,1,1,1,1,1.00306,1,1,0,0,2,"[1,1]","[1,0]","[289930,236374]","[0.998045,2.0658]","[-2.75175,0.435873]","[446721,947664]","[0.0236601,-0.171025]","[1,-1]","[11,11]","[1,1]","[1173.65,0]","[-253.241,-1116.95]","[-0.00936626,0.0434362]","[1.26587,0.558191]",40554.1,0.715599,0,"[]","[]","[]","[]","[]","[]","[]","[]",0,"[]","[]","[]","[]","[]","[]","[]","[]","[]","[]",1,"[303577]","[0.998071]","[-2.75548]","[467762]","[2257.01]","[0]","[0]","[-1]",0,"[]","[]","[]","[]","[]","[]","[]","[]","[]","[]",0,"[2843.65,2856.18]",13947.9,"[]","[]","[3501.28]","[]"
193,284500,2457219,364114,1,1587.02,5.30764e+06,1.22586,0.961213,1,1,1,0.99921,1.00632,1,1,0,0,2,"[1,1]","[1,1]","[224909,207695]","[-1.11511,0.523215]","[2.25953,-0.945037]","[379848,236779]","[-0.0389938,-0.00735092]","[1,-1]","[11,11]","[1,1]","[0,0]","[493.454,-95.566]","[0.0201065,-0.0209661]","[3.12999,2.47637]",7634.87,2.78905,1,"[24640]","[-0.306609]","[-0.18215]","[26222.7]","[1]","[0]","[0]","[-0.614152]",0,"[]","[]","[]","[]","[]","[]","[]","[]","[]","[]",1,"[250738]","[-1.10266]","[2.25025]","[419252]","[490.892]","[0]","[0]","[-1]",0,"[]","[]","[]","[]","[]","[]","[]","[]","[]","[]",0,"[2529.89,1071.5]",404.805,"[1757.14]","[]","[16250.2]","[]"
194,284500,2448165,364114,-0.803245,1587.02,5.30764e+06,1.25133,0.972512,1,1,1,0.999239,0.99765,1,1,0,0,2,"[1,1]","[1,1]","[291900,286824]","[0.558148,0.668544]","[-3.13349,0.0687242]","[338561,353345]","[0.0169296,-0.0536575]","[1,-1]","[11,11]","[1,1]","[0,0]","[-192.377,-258.547]","[0.00191619,-0.00157563]","[0.346079,0.259332]",8089.01,1.81032,1,"[23435.6]","[-0.889152]","[-0.952126]","[33640.7]","[0.9893]","[0]","[0]","[-0.850502]",0,"[]","[]","[]","[]","[]","[]","[]","[]","[]","[]",2,"[313153,309090]","[0.500259,0.618277]","[-3.13095,0.0677757]","[353162,370074]","[0.00338291,0.00552427]","[0,0]","[0,0]","[-1,-1]",0,"[]","[]","[]","[]","[]","[]","[]","[]","[]","[]",0,"[1969.27,2530.67]",495.292,"[1761.65]","[]","[8063.66,3417.69]","[]"
195,284500,2935832,364114,1,1587.02,5.30764e+06,1.25133,0.960282,1,1,1,0.998123,1.00632,1,1,0,0,2,"[1,1]","[1,1]","[315203,277888]","[0.512394,0.176028]","[3.10225,-0.0267186]","[357494,282205]","[-0.0497446,-0.102694]","[1,-1]","[11,11]","[1,1]","[0,0]","[1131.5,-1069.26]","[-0.00550234,-0.00289058]","[0.630325,0.21646]",39963.4,-0.944744,1,"[26214.7]","[1.48726]","[1.61194]","[61092.9]","[0.725761]","[0]","[0]","[-0.700621]",0,"[]","[]","[]","[]","[]","[]","[]","[]","[]","[]",2,"[324398,288268]","[0.522331,0.186293]","[3.09907,-0.0311333]","[369684,293287]","[3700.32,1194.22]","[0,0]","[31.881,0]","[0.54148,-1]",0,"[]","[]","[]","[]","[]","[]","[]","[]","[]","[]",0,"[1962.15,2058.46]",960.129,"[2069.29]","[]","[13268.4,933]","[]"
196,284500,3410946,364114,0.978651,1587.02,5.30764e+06,1.1961,0.96392,1,1,1,1,1.01012,1,1,0,0,2,"[1,1]","[1,1]","[262792,252418]","[1.55434,1.97015]","[3.04327,-0.235208]","[649530,922735]","[0.0248718,-0.00297546]","[-1,1]","[11,11]","[0,1]","[0,4462.69]","[-79.0996,7364.31]","[0.0122942,-0.0141752]","[0.945698,1.23213]",43697.2,1.05922,0,"[]","[]","[]","[]","[]","[]","[]","[]",0,"[]","[]","[]","[]","[]","[]","[]","[]","[]","[]",2,"[294856,282629]","[1.5612,1.96352]","[3.05135,-0.237415]","[733428,1.02665e+06]","[9081.44,8495.62]","[0,0]","[12.5981,11.2503]","[0.506594,0.59136]",0,"[]","[]","[]","[]","[]","[]","[]","[]","[]","[]",0,"[5950.81,3291.04]",0,"[]","[]","[25502.4,18878.6]","[]"
197,284500,2536806,364114,1.93326,1587.02,5.30764e+06,1.1961,1.00057,1,1,1,0.999256,1.00936,1,1,0,0,2,"[1,1]","[1,1]","[302206,285357]","[0.0735997,-0.370837]","[2.24516,-0.982793]","[303025,305204]","[-0.0305805,0.0671215]","[-1,1]","[11,11]","[1,1]","[0,0]","[-498.608,-2495.95]","[-0.00295372,0.0024072]","[0.280362,0.263889]",9655.39,1.45349,1,"[20251.6]","[-0.997469]","[-0.686865]","[31525.8]","[0.990875]","[0]","[0]","[-0.904234]",0,"[]","[]","[]","[]","[]","[]","[]","[]","[]","[]",2,"[311561,295124]","[0.0898781,-0.361329]","[2.24188,-0.986596]","[312820,314617]","[0.0038292,3262.73]","[0,0]","[0,19.3221]","[-1,0.318619]",0,"[]","[]","[]","[]","[]","[]","[]","[]","[]","[]",0,"[1788.52,1529.82]",1809.95,"[3086.8]","[]","[4057.94,9896.78]","[]"
198,284500,2150476,364114,-1,1587.02,5.30764e+06,0.75088,0.957352,1,1,1,1,1.00632,1,1,0,0,2,"[1,1]","[1,1]","[282170,237878]","[0.555318,-0.0211133]","[-2.57702,0.474858]","[326808,237931]","[-0.0102158,0.107225]","[-1,1]","[11,11]","[1,1]","[0,0]","[-1109.83,-484.144]","[0.0102102,-0.00447243]","[1.59555,0.648951]",25903.8,-1.82367,0,"[]","[]","[]","[]","[]","[]","[]","[]",0,"[]","[]","[]","[]","[]","[]","[]","[]","[]","[]",2,"[294871,296785]","[0.542528,-0.035473]","[-2.58017,0.629369]","[339364,309090]","[3924.9,85699.6]","[0,0]","[0,0.0152028]","[-1,-1]",0,"[]","[]","[]","[]","[]","[]","[]","[]","[]","[]",0,"[1762.85,2267.81]",2625.37,"[]","[]","[8138.69,9915.44]","[]"
199,284500,5725958,364114,-1,1587.02,5.30764e+06,0.738662,0.979489,1,1,1,0.999373,1.00582,1,1,0,0,2,"[1,1]","[1,1]","[402407,345178]","[-0.203931,0.762486]","[0.342192,-2.8509]","[410803,450475]","[0.0239563,0.00436401]","[1,-1]","[11,11]","[1,0]","[0,0]","[745.428,656.45]","[-0.00287178,0.0499451]","[0.442304,1.75168]",43709.5,1.74864,1,"[65880.4]","[-1.67387]","[-2.24261]","[182008]","[0.994527]","[0]","[0]","[-0.872611]",0,"[]","[]","[]","[]","[]","[]","[]","[]","[]","[]",2,"[402530,382222]","[-0.259748,0.723772]","[0.342494,-2.84916]","[416189,486791]","[1695.06,2988.79]","[0,0]","[99.2145,73.026]","[-1,0.477574]",0,"[]","[]","[]","[]","[]","[]","[]","[]","[]","[]",0,"[4221.16,2527.51]",21285.5,"[2190.15]","[]","[313.344,20366.2]","[]"
200,284500,6068893,364114,-1,1587.02,5.30764e+06,0.553627,0.909256,1,1,1,0.997531,1.02819,1,1,0,0,2,"[1,1]","[1,1]","[47885.7,39708.7]","[2.21327,1.52777]","[-2.07118,1.24336]","[221589,95795.1]","[29.9104,29.9486]","[1,-1]","[11,11]","[1,1]","[0,0]","[-1233.84,1215.26]","[-0.0429228,0.0280046]","[1.41396,1.62809]",14872.2,-1.44221,4,"[382630,319381,91043.7,26486.8]","[0.929407,2.40253,1.80886,-0.509469]","[-3.13787,0.0540623,-0.381801,2.16112]","[561812,1.77954e+06,285478,30434.7]","[0.992128,1,0.995064,0.98605]","[0,0,0,0]","[0,0,0,0]","[-0.903527,-0.919899,-0.854322,-0.840822]",0,"[]","[]","[]","[]","[]","[]","[]","[]","[]","[]",1,"[375620]","[0.942164]","[3.13384]","[556240]","[36556.7]","[0]","[1.85495]","[0.726837]",0,"[]","[]","[]","[]","[]","[]","[]","[]","[]","[]",0,"[390.713,192.505]",21248,"[4907.59,27375.4,2401.48,3176.81]","[]","[30636.6]","[]"
201,284500,5734492,364114,3.4855,1587.02,5.30764e+06,1.22586,0.949495,1,1,1,1,1.00582,1,1,0,0,2,"[1,1]","[1,1]","[260842,238039]","[-0.410661,-1.79062]","[0.0581124,-2.9936]","[283148,733165]","[-0.00120544,0.0583878]","[1,-1]","[11,11]","[1,1]","[0,0]","[2348.15,204.812]","[0.00346669,0.00949183]","[0.467587,0.791682]",9835.31,-3.0451,0,"[]","[]","[]","[]","[]","[]","[]","[]",0,"[]","[]","[]","[]","[]","[]","[]","[]","[]","[]",1,"[276337]","[-0.456879]","[0.0541997]","[305684]","[0.00276214]","[0]","[0]","[-1]",0,"[]","[]","[]","[]","[]","[]","[]","[]","[]","[]",0,"[1350.01,3108.19]",2204.38,"[]","[]","[7310.03]","[]"
202,284500,7242896,364114,1,1587.02,5.30764e+06,0.351687,0.96323,1,1,1,0.995102,1.00493,1,1,0,0,1,"[1]","[1]","[332546]","[-1.15]","[-2.29635]","[577771]","[0.000228882]","[1]","[11]","[1]","[0]","[1746.27]","[-0.0195602]","[3.2785]",28280.4,-1.01605,4,"[341497,35582.4,22832.1,22061.9]","[-1.44383,2.29775,0.184853,1.76655]","[0.906837,0.0517439,3.07159,-2.84282]","[763916,179073,23847.5,66613]","[0.252707,0.985595,0.83316,0.97833]","[0,0,0,0]","[0,0,0,0]","[-0.961492,-0.89922,-0.812333,-0.844517]",0,"[]","[]","[]","[]","[]","[]","[]","[]","[]","[]",2,"[361199,329306]","[-1.18296,-1.46075]","[-2.29779,0.907626]","[644839,749476]","[6107.55,51161.4]","[0,0]","[38.7785,6.15822]","[0.568999,0.373276]",0,"[]","[]","[]","[]","[]","[]","[]","[]","[]","[]",0,"[4533.5]",10711,"[15861.7,4163.1,1963.08,1755.76]","[]","[39937.3,6361.66]","[]"
203,284500,7966631,364114,1.07274,1587.02,5.30764e+06,1.08735,1.00057,1,1,1,0.99915,1.00936,1,1,0,0,2,"[1,1]","[1,1]","[315837,307033]","[0.122897,-0.33885]","[2.09373,-1.11921]","[318225,324829]","[-0.0216064,0.0810089]","[-1,1]","[11,11]","[1,1]","[0,0]","[-286.697,349.475]","[-0.00838301,0.0118909]","[1.23099,2.01433]",3094.65,2.51462,1,"[23977.4]","[0.0120905]","[-0.0621061]","[24546.4]","[1]","[0]","[0]","[-0.832725]",0,"[]","[]","[]","[]","[]","[]","[]","[]","[]","[]",2,"[330604,311264]","[0.0649025,-0.393621]","[2.0971,-1.12212]","[331300,335690]","[-0.00239208,-0.00516748]","[0,0]","[0,0]","[-1,-1]",0,"[]","[]","[]","[]","[]","[]","[]","[]","[]","[]",0,"[4370.37,2047.84]",1404.94,"[2859.89]","[]","[10733.9,3537.25]","[]"
204,284500,369735,364114,1,1587.02,5.30764e+06,1.22586,0.967171,1,1,1,1,1.00632,1,1,0,0,2,"[1,1]","[1,1]","[234018,230352]","[0.179554,-0.450437]","[1.97279,-1.16815]","[237800,254119]","[0.0625534,0.0749435]","[-1,1]","[11,11]","[1,1]","[0,0]","[-1167.32,4552.64]","[0.00665951,-0.00580065]","[1.03925,0.835547]",1795.23,2.3555,0,"[]","[]","[]","[]","[]","[]","[]","[]",0,"[]","[]","[]","[]","[]","[]","[]","[]","[]","[]",1,"[254781]","[-0.395302]","[-1.16518]","[275033]","[6852.23]","[0]","[8.27703]","[-1]",0,"[]","[]","[]","[]","[]","[]","[]","[]","[]","[]",0,"[1197.68,1194.26]",0,"[]","[]","[0]","[]"
205,284500,7959229,364114,-0.63332,1587.02,5.30764e+06,1.24168,0.969588,1,1,1,0.998194,1.00306,1,1,0,0,2,"[1,1]","[1,1]","[325590,291920]","[0.889889,1.82303]","[1.9319,-1.15573]","[463243,927159]","[-0.0179901,0.0291443]","[-1,1]","[11,11]","[1,1]","[0,0]","[941.767,2304.87]","[0.0133446,0.00924513]","[2.08524,0.731705]",13629.1,-0.763918,1,"[32361.2]","[2.3045]","[-2.16668]","[163850]","[0.963265]","[0]","[0]","[-0.636731]",0,"[]","[]","[]","[]","[]","[]","[]","[]","[]","[]",2,"[330071,310961]","[0.956096,1.85822]","[1.93132,-1.15322]","[492784,1.02125e+06]","[1438.84,5364.39]","[0,0]","[0,12.7394]","[-1,0.149785]",0,"[]","[]","[]","[]","[]","[]","[]","[]","[]","[]",0,"[4290.52,2512.12]",53.6934,"[2068.67]","[]","[14716.5,6865.59]","[]"
206,284500,4922654,364114,0.0172129,1587.02,5.30764e+06,0.75088,0.96422,1,1,1,0.996777,1.00582,1,1,0,0,2,"[1,1]","[1,1]","[278815,269111]","[-0.450624,-0.114184]","[-2.53737,0.643377]","[307606,270867]","[0.0441093,-0.072731]","[1,-1]","[11,11]","[1,1]","[0,0]","[1351.19,1006.54]","[-0.0177595,-0.00275232]","[1.01011,0.426281]",30029.7,-0.546121,2,"[23888.9,23161.8]","[1.30919,1.24772]","[-2.9525,1.21289]","[47729.8,43998.5]","[0.917865,0.974635]","[0,0]","[0,0]","[-0.750517,-0.825006]",0,"[]","[]","[]","[]","[]","[]","[]","[]","[]","[]",2,"[289730,283507]","[-0.435645,-0.0908526]","[-2.53751,0.644221]","[317670,284719]","[2459.12,4838.45]","[0,0]","[0,28.5468]","[-1,-1]",0,"[]","[]","[]","[]","[]","[]","[]","[]","[]","[]",0,"[1721.25,1447.26]",5348.53,"[1926.39,2611.15]","[]","[10666.2,5028.78]","[]"
207,284500,7957326,364114,-1,1587.02,5.30764e+06,1.1961,0.985702,1,1,1,1,1.00632,1,1,0,0,2,"[1,1]","[1,1]","[282155,251156]","[0.221564,0.958027]","[0.612079,-2.55139]","[289109,375503]","[-0.0240021,-0.0399094]","[-1,1]","[11,11]","[1,1]","[0,0]","[953.829,3140.06]","[-0.00260462,-0.0107364]","[0.51388,1.03433]",22392,-2.41546,0,"[]","[]","[]","[]","[]","[]","[]","[]",0,"[]","[]","[]","[]","[]","[]","[]","[]","[]","[]",2,"[292871,274312]","[0.235929,0.966584]","[0.616312,-2.5513]","[301072,412747]","[2627.28,-0.00552427]","[0,0]","[55.1484,0]","[-1,-1]",0,"[]","[]","[]","[]","[]","[]","[]","[]","[]","[]",0,"[1579.78,2497.77]",0,"[]","[]","[715.188,10681.9]","[]"
208,284500,3101786,364114,1,1587.02,5.30764e+06,0.923924,0.97695,1,1,1,0.998732,0.98743,1,1,0,0,1,"[1]","[1]","[327279]","[-0.0942863]","[2.16594]","[328734]","[-0.0335102]","[1]","[11]","[1]","[0]","[-272.602]","[0.024697]","[3.19669]",18333,2.07137,2,"[344812,21431.1]","[-2.47949,-0.774597]","[-1.02034,0.045944]","[2.07214e+06,28557.4]","[0.99254,0.877937]","[0,0]","[0,0]","[-0.897616,-0.904378]",0,"[]","[]","[]","[]","[]","[]","[]","[]","[]","[]",1,"[332228]","[-0.083556]","[2.16626]","[333388]","[0.00446183]","[0]","[0]","[-1]",0,"[]","[]","[]","[]","[]","[]","[]","[]","[]","[]",0,"[7525.64]",15920.6,"[7453.55,1699.56]","[]","[4062.31]","[]"
209,284500,1248874,364114,1.38647,1587.02,5.30764e+06,0.934886,0.971307,1,1,1,0.999059,1.00582,1,1,0,0,2,"[1,1]","[1,1]","[226076,93287.3]","[-0.198312,-1.10868]","[-1.74016,0.975267]","[230536,156739]","[-0.0935402,-0.026207]","[-1,1]","[11,11]","[1,1]","[0,0]","[-1343.28,-112.111]","[0.00201455,0.00312329]","[0.281643,0.365218]",32573.9,-1.38472,1,"[20662.2]","[-0.246917]","[0.281338]","[21784.2]","[0.997997]","[0]","[0]","[-0.497898]",0,"[]","[]","[]","[]","[]","[]","[]","[]","[]","[]",1,"[254122]","[-1.48536]","[1.493]","[601918]","[119475]","[0]","[0.0159523]","[0.527294]",0,"[]","[]","[]","[]","[]","[]","[]","[]","[]","[]",0,"[2427.41,2263.38]",5858.38,"[1930.45]","[]","[0]","[]"
210,284500,2677946,364114,-1,1587.02,5.30764e+06,1.21412,0.97996,1,1,1,0.999377,1.01265,1,1,0,0,1,"[1]","[1]","[236019]","[1.60933]","[1.60422]","[613589]","[0.0432014]","[1]","[11]","[1]","[0]","[-851.718]","[0.0255867]","[3.0861]",37960.9,2.68443,1,"[246149]","[1.41909]","[-1.27126]","[538549]","[0.995785]","[0]","[0]","[-0.985546]",0,"[]","[]","[]","[]","[]","[]","[]","[]","[]","[]",1,"[261737]","[1.62321]","[1.60536]","[689235]","[2109.46]","[0]","[56.3198]","[-1]",0,"[]","[]","[]","[]","[]","[]","[]","[]","[]","[]",0,"[5199.18]",4688.66,"[8725.22]","[]","[11057.1]","[]"
211,284500,346683,364114,1,1587.02,5.30764e+06,1.21412,0.964535,1,1,1,0.998111,1,1,1,0,0,2,"[1,1]","[1,1]","[276941,234640]","[0.151141,-1.86574]","[-0.88519,2.2889]","[280111,776133]","[0.00973511,-0.0051651]","[-1,1]","[11,11]","[0,1]","[0,0]","[-1457.44,-362.025]","[0.0503559,-0.019293]","[3.4858,1.36787]",26137.9,1.56085,1,"[30792.9]","[-2.33677]","[1.9011]","[160908]","[0.752607]","[0]","[0]","[-0.786326]",0,"[]","[]","[]","[]","[]","[]","[]","[]","[]","[]",2,"[295956,290163]","[0.20398,-1.88048]","[-0.83456,2.2676]","[306605,974082]","[52170.4,37039]","[0,0]","[0.0512427,1.80045]","[-1,0.382499]",0,"[]","[]","[]","[]","[]","[]","[]","[]","[]","[]",0,"[1706.39,3070.22]",1662.38,"[3711.35]","[]","[30897.7,5338.81]","[]"
212,284500,4112435,364114,1,1587.02,5.30764e+06,1.1961,0.916523,1,1,1,1.48267,0.95452,1,1,0,0,2,"[1,1]","[1,0]","[48497.3,22776.9]","[-0.73668,1.09025]","[1.20843,-1.2974]","[62263,37708.8]","[-76.4697,-76.5219]","[1,-1]","[11,11]","[1,1]","[1266.29,0]","[257.167,-1092.54]","[-0.0106623,0.0115346]","[1.04764,1.03524]",25596,2.29113,5,"[152838,118104,109242,56276.9,21940.6]","[-1.09353,-1.42546,-0.110035,-1.8169,0.101141]","[0.819814,0.294896,1.98531,-1.34942,0.887442]","[254270,260099,111296,178241,22323.8]","[0.991736,0.995075,1,0.990099,0.995434]","[0,0,0,0,0]","[0,0,0,0,0]","[0.934427,-0.901932,-0.930597,-0.871907,-0.76894]",0,"[]","[]","[]","[]","[]","[]","[]","[]","[]","[]",1,"[293914]","[-1.23898]","[0.672353]","[562853]","[120143]","[0]","[1.12096]","[0.412325]",0,"[]","[]","[]","[]","[]","[]","[]","[]","[]","[]",0,"[52.7045,134.62]",21038.1,"[2408.49,2924.12,2530.32,2379.05,4483.17]","[]","[40459.8]","[]"
213,284500,4159936,364114,0.752332,1587.02,5.30764e+06,1.21412,0.968109,1,1,1,0.998147,1.00582,1,1,0,0,2,"[1,1]","[1,1]","[248662,226083]","[-0.427085,-0.995213]","[0.0642704,-2.89413]","[271687,347597]","[0.0753441,-0.00628662]","[1,-1]","[11,11]","[1,1]","[0,0]","[-4224.84,-880.926]","[0.00597943,-0.0118402]","[0.646677,1.55388]",19857.4,-3.13543,1,"[27691.4]","[1.57746]","[1.63711]","[70026.3]","[1]","[0]","[0]","[-0.532833]",0,"[]","[]","[]","[]","[]","[]","[]","[]","[]","[]",1,"[250057]","[-0.461165]","[0.0627255]","[277125]","[1196.3]","[0]","[0]","[-1]",0,"[]","[]","[]","[]","[]","[]","[]","[]","[]","[]",0,"[1265.08,2603.18]",12500.8,"[2486.71]","[]","[3420.78]","[]"
214,284500,4217798,364114,1,1587.02,5.30764e+06,1.32095,0.98089,1,1,1,0.998207,0.99866,1,1,0,0,1,"[1]","[1]","[389280]","[-0.98531]","[0.0597403]","[594034]","[0.0412331]","[1]","[11]","[1]","[0]","[-2499.36]","[0.00434617]","[0.6804]",52247.8,-0.309628,2,"[430664,27611.6]","[-2.05827,-0.882396]","[-3.05323,1.46569]","[1.71433e+06,39642.2]","[0.996828,0.94169]","[0,0]","[0,0]","[-0.702647,-0.866753]",0,"[]","[]","[]","[]","[]","[]","[]","[]","[]","[]",1,"[412077]","[-0.981283]","[0.0573733]","[626915]","[-0.0110485]","[0]","[0]","[-1]",0,"[]","[]","[]","[]","[]","[]","[]","[]","[]","[]",0,"[5306.32]",415.051,"[6567.64,4872.02]","[]","[21890.7]","[]"
215,284500,3995815,364114,1.14461,1587.02,5.30764e+06,0.696077,0.942751,1,1,1,0.999319,1.01265,1,1,0,0,2,"[1,1]","[1,1]","[277529,233974]","[1.57782,-1.5939]","[0.0235337,-3.12318]","[700870,599682]","[0.351709,0.326531]","[1,-1]","[11,11]","[1,1]","[1281.62,0]","[-1664.66,1610.63]","[0.00372269,-0.00250668]","[0.343125,0.300763]",16061.7,0.880875,1,"[30793.1]","[1.17668]","[-2.88719]","[54776.2]","[0.839989]","[0]","[0]","[-0.264559]",0,"[]","[]","[]","[]","[]","[]","[]","[]","[]","[]",2,"[285101,272471]","[1.58379,-1.59439]","[0.026935,-3.11003]","[723960,698686]","[3138.59,5775.32]","[0,0]","[17.6262,0.748246]","[-1,-1]",0,"[]","[]","[]","[]","[]","[]","[]","[]","[]","[]",0,"[9606.63,5097.54]",534.448,"[2069.22]","[]","[16114.3,17513.7]","[]"
216,284500,3995700,364114,1,1587.02,5.30764e+06,0.696077,0.998255,1,1,1,1,0.99765,1,1,0,0,2,"[1,1]","[1,1]","[242428,223169]","[0.798623,1.14696]","[0.5377,-2.6688]","[323935,386776]","[-0.0152674,0.0561476]","[1,-1]","[11,11]","[1,1]","[0,1447.06]","[77.4952,271.315]","[-0.00774205,0.00530017]","[1.0118,0.852761]",17547,-1.61911,0,"[]","[]","[]","[]","[]","[]","[]","[]",0,"[]","[]","[]","[]","[]","[]","[]","[]","[]","[]",2,"[263318,251666]","[1.14084,0.796615]","[-2.63845,0.535535]","[454608,335834]","[21773.5,891.749]","[0,0]","[0.740903,0]","[0.473684,-1]",0,"[]","[]","[]","[]","[]","[]","[]","[]","[]","[]",0,"[1571.84,2359.11]",7325.92,"[]","[]","[518.875,0]","[]"
217,284500,387212,364114,-1.42558,1587.02,5.30764e+06,1.32095,0.972512,1,1,1,1,0.99765,1,1,0,0,2,"[1,1]","[1,1]","[314307,302136]","[0.539562,0.73027]","[-2.46211,0.739515]","[361179,386344]","[-0.00854492,0.0419312]","[-1,1]","[11,11]","[1,1]","[2091.59,0]","[5978.03,4381.42]","[0.0244163,-0.0344467]","[2.48943,2.45577]",42833,-0.791531,0,"[]","[]","[]","[]","[]","[]","[]","[]",0,"[]","[]","[]","[]","[]","[]","[]","[]","[]","[]",2,"[332409,311756]","[0.589844,0.78131]","[-2.4659,0.736056]","[392031,411860]","[8925.49,2694.49]","[0,0]","[10.3225,3.4178]","[0.562959,-1]",0,"[]","[]","[]","[]","[]","[]","[]","[]","[]","[]",0,"[1994.78,2104.27]",36415.5,"[]","[]","[19007.8,6754.41]","[]"
218,284500,3913667,364114,1,1587.02,5.30764e+06,0.596562,0.975422,1,1,1,0.999111,1.00306,1,1,0,0,2,"[1,1]","[1,1]","[278067,277711]","[0.885847,1.25405]","[-2.70186,0.458684]","[394493,526242]","[0.0277176,-0.0550385]","[1,-1]","[11,11]","[1,1]","[1254.45,0]","[-778.053,27.7474]","[-0.0156261,-0.00889341]","[1.41464,1.133]",18752.6,-2.36368,1,"[22192.7]","[-0.217959]","[0.677819]","[23106.9]","[0.946511]","[0]","[0]","[-0.593504]",0,"[]","[]","[]","[]","[]","[]","[]","[]","[]","[]",2,"[298364,293084]","[1.29604,0.92787]","[0.453545,-2.7043]","[586050,428564]","[1327.71,0]","[0,0]","[0,0]","[-1,-1]",0,"[]","[]","[]","[]","[]","[]","[]","[]","[]","[]",0,"[2833.04,3780.31]",16741.5,"[1664.07]","[]","[4578.56,23378.2]","[]"
219,284500,5434314,364114,-1,1587.02,5.30764e+06,0.696077,0.960282,1,1,1,1,1.00632,1,1,0,0,2,"[1,1]","[1,1]","[302802,289462]","[0.372471,0.124992]","[1.11285,-2.04181]","[324050,291726]","[0.0960455,0.0520048]","[1,-1]","[11,11]","[1,1]","[1959.1,0]","[-2366.41,-1942.84]","[-0.00486376,0.00661505]","[0.461847,0.975689]",7862.48,-2.58302,0,"[]","[]","[]","[]","[]","[]","[]","[]",0,"[]","[]","[]","[]","[]","[]","[]","[]","[]","[]",2,"[307353,290892]","[0.38521,0.135958]","[1.11507,-2.03384]","[330442,293585]","[1074.93,0.00431238]","[0,0]","[0,0]","[-1,-1]",0,"[]","[]","[]","[]","[]","[]","[]","[]","[]","[]",0,"[3471.82,6829.26]",0,"[]","[]","[13156,23121.7]","[]"
220,284500,6747779,364114,1.44235,1587.02,5.30764e+06,1.21412,0.98089,1,1,1,0.996336,0.99866,1,1,0,0,1,"[1]","[1]","[258827]","[-0.876484]","[-3.01966]","[364776]","[-0.00969887]","[1]","[11]","[1]","[1263.99]","[-688.639]","[0.00548163]","[0.614128]",30829.3,1.53126,4,"[325183,35375,24753.6,20801.6]","[-1.45559,2.05253,-0.291394,0.248828]","[0.168051,-2.85942,-1.8035,-2.26626]","[735038,140135,26473.4,21828.7]","[0.998728,0.982513,0.981209,0.98486]","[0,0,0,0]","[0,0,0,0]","[-0.808657,-0.828079,-0.697057,-0.793629]",0,"[]","[]","[]","[]","[]","[]","[]","[]","[]","[]",2,"[318950,272895]","[-1.45538,-0.876077]","[0.166815,-3.02]","[720744,384492]","[2810.21,0]","[0,0]","[1.65789,0]","[0.25468,-1]",0,"[]","[]","[]","[]","[]","[]","[]","[]","[]","[]",0,"[3283.32]",1034.61,"[4394.77,2194.13,2050.62,1140.59]","[]","[20369.7,5475.91]","[]"
221,284500,7049939,364114,-0.547931,1587.02,5.30764e+06,1.25133,1.00588,1,1,1,0.999414,1.00306,1,1,0,0,1,"[1]","[1]","[251013]","[1.07382]","[-2.82371]","[410183]","[-0.00732231]","[-1]","[11]","[1]","[0]","[-457.574]","[0.010888]","[0.853391]",9244.6,-2.19174,1,"[272146]","[1.44809]","[0.281652]","[611018]","[1]","[0]","[0]","[-0.89274]",0,"[]","[]","[]","[]","[]","[]","[]","[]","[]","[]",2,"[277296,261931]","[1.06425,1.44095]","[-2.81704,0.282859]","[449726,584291]","[-0.00390625,997.169]","[0,0]","[0,0.909143]","[-1,-1]",0,"[]","[]","[]","[]","[]","[]","[]","[]","[]","[]",0,"[2673.27]",234.929,"[5058.19]","[]","[421.5,711.859]","[]"
222,284500,3285289,364114,-0.806736,1587.02,5.30764e+06,0.506784,0.96392,1,1,1,1,1.01012,1,1,0,0,1,"[1]","[1]","[215028]","[1.91316]","[1.89131]","[744225]","[-0.0477057]","[-1]","[11]","[1]","[0]","[4090.67]","[-0.0104932]","[1.51726]",57862.5,2.70706,0,"[]","[]","[]","[]","[]","[]","[]","[]",0,"[]","[]","[]","[]","[]","[]","[]","[]","[]","[]",1,"[263169]","[0.995566]","[-1.16976]","[405004]","[15084.5]","[0]","[0]","[-1]",0,"[]","[]","[]","[]","[]","[]","[]","[]","[]","[]",0,"[4465.63]",2034.57,"[]","[]","[14634.5]","[]"
223,284500,2639424,364114,0.831304,1587.02,5.30764e+06,1.21412,0.962069,1,1,1,0.998248,0.99544,1,1,0,0,2,"[1,1]","[1,1]","[228564,182742]","[1.31842,-0.742995]","[-3.10781,0.0477661]","[457708,235547]","[0.0311873,0.00222206]","[1,-1]","[11,11]","[1,1]","[1126,0]","[3592.36,425.741]","[0.00301097,0.00456215]","[0.514649,0.651739]",14849.3,-1.59433,1,"[30637.2]","[-1.35537]","[0.316048]","[63665]","[1]","[0]","[0]","[-0.911093]",0,"[]","[]","[]","[]","[]","[]","[]","[]","[]","[]",1,"[267852]","[1.33163]","[-3.10636]","[542595]","[5451.46]","[0]","[38.7619]","[0.325091]",0,"[]","[]","[]","[]","[]","[]","[]","[]","[]","[]",0,"[2879.44,1052.43]",2587.43,"[2760.31]","[]","[16628]","[]"
224,284500,5894376,364114,-1,1587.02,5.30764e+06,1.26205,0.97994,1,1,1,0.99963,1,1,1,0,0,2,"[1,1]","[1,1]","[240794,228309]","[1.58838,0.453748]","[2.1853,-0.982916]","[614033,252218]","[0.0260963,0.0273933]","[1,-1]","[11,11]","[0,1]","[0,0]","[6458.32,1944.09]","[-0.0101829,0.0250213]","[1.17209,1.52968]",40751.3,2.70296,1,"[40402.8]","[0.493704]","[-0.184608]","[45876.1]","[0.804769]","[0]","[0]","[-0.908716]",0,"[]","[]","[]","[]","[]","[]","[]","[]","[]","[]",2,"[274454,260506]","[1.60558,0.49794]","[2.18876,-0.896311]","[711061,304434]","[4685.76,80947.4]","[0,0]","[5.97028,0.638408]","[-1,0.750857]",0,"[]","[]","[]","[]","[]","[]","[]","[]","[]","[]",0,"[5125.11,1406.95]",12798.1,"[2958.71]","[]","[3184.75,1191.3]","[]"
225,284500,1871151,364114,-1,1587.02,5.30764e+06,1.26459,0.9436,1,1,1,1,1.0005,1,1,0,0,2,"[1,1]","[1,0]","[254778,248986]","[2.122,1.52166]","[1.01941,-2.20354]","[1.07868e+06,597339]","[-0.015152,-0.0310974]","[-1,1]","[11,11]","[1,0]","[0,0]","[-2260.99,2671.14]","[0.00112013,-0.0274662]","[0.118648,1.37091]",16519.3,-1.42335,0,"[]","[]","[]","[]","[]","[]","[]","[]",0,"[]","[]","[]","[]","[]","[]","[]","[]","[]","[]",1,"[273560]","[1.52141]","[-2.20818]","[656152]","[2773.16]","[0]","[7.23763]","[0.630706]",0,"[]","[]","[]","[]","[]","[]","[]","[]","[]","[]",0,"[3542.13,7591.28]",0,"[]","[]","[23428.5]","[]"
226,284500,3760032,364114,-1,1587.02,5.30764e+06,0.738662,0.998255,1,1,1,0.999268,1.00306,1,1,0,0,2,"[1,1]","[1,1]","[308176,304065]","[0.976058,0.753076]","[1.71704,-1.29546]","[467005,394438]","[0.00568771,0.0105762]","[1,-1]","[11,11]","[1,1]","[0,0]","[-2525.27,-1283.23]","[0.0158658,-0.00641066]","[2.49253,0.944058]",8173.82,1.97334,1,"[28213.1]","[-0.664572]","[-2.78898]","[35045.8]","[0.894386]","[0]","[0]","[-0.826909]",0,"[]","[]","[]","[]","[]","[]","[]","[]","[]","[]",2,"[324920,310597]","[0.98818,0.768171]","[1.71537,-1.30158]","[496899,406832]","[-0.0078125,0.00676582]","[0,0]","[0,0]","[-1,-1]",0,"[]","[]","[]","[]","[]","[]","[]","[]","[]","[]",0,"[3564.63,2087]",902.357,"[4021.65]","[]","[6021.44,7788.06]","[]"
227,284500,3820895,364114,1,1587.02,5.30764e+06,0.351687,0.9549,1,1,1,0.997033,1.03188,1,1,0,0,1,"[1]","[1]","[40724.4]","[-2.24004]","[1.32899]","[193445]","[-31.4409]","[1]","[11]","[1]","[0]","[-248.45]","[-0.0105428]","[0.845079]",18508.4,0.0662762,4,"[315966,133500,129715,100359]","[-1.64358,-1.36292,-2.31621,-1.78851]","[1.11036,-1.81328,-2.14629,-1.54881]","[848527,278293,664296,308699]","[0.999942,0.998986,0.983339,0.831959]","[0,0,0,0]","[0,0,0,0]","[-0.686002,-0.740032,-0.857826,-0.674741]",0,"[]","[]","[]","[]","[]","[]","[]","[]","[]","[]",2,"[338503,298428]","[-1.74282,-1.88716]","[1.1315,-1.85597]","[999297,1.01975e+06]","[73017.7,157553]","[0,0]","[1.67436,1.11744]","[0.674955,0.394975]",0,"[]","[]","[]","[]","[]","[]","[]","[]","[]","[]",0,"[649.177]",4597.78,"[10308.1,3051.09,3829.08,2611.19]","[]","[14362.9,15467.4]","[]"
228,284500,3123719,364114,-0.105097,1587.02,5.30764e+06,1.21412,0.96422,1,1,1,0.999244,0.98743,1,1,0,0,2,"[1,1]","[1,1]","[332728,325418]","[-0.485525,-0.0240862]","[0.492661,-2.59671]","[372722,325513]","[0.0271373,-0.0399632]","[-1,1]","[11,11]","[1,1]","[0,0]","[-2458.07,-1485.31]","[0.0191453,-0.0075516]","[2.3979,1.46778]",9608.62,1.51261,1,"[24725]","[1.01567]","[2.30953]","[39091.6]","[0.980568]","[0]","[0]","[-0.877778]",0,"[]","[]","[]","[]","[]","[]","[]","[]","[]","[]",2,"[341329,329212]","[-0.487215,-0.018354]","[0.498851,-2.59822]","[382658,329267]","[2660.34,-0.00128028]","[0,0]","[59.6654,0]","[0.237696,-1]",0,"[]","[]","[]","[]","[]","[]","[]","[]","[]","[]",0,"[2829.77,3870.3]",65.3896,"[1694.03]","[]","[1783.19,4891.94]","[]"
229,284500,3194141,364114,1,1587.02,5.30764e+06,1.1961,0.98089,1,1,1,0.99871,0.99866,1,1,0,0,1,"[1]","[1]","[295862]","[-0.904847]","[0.888245]","[425473]","[0.0611496]","[1]","[11]","[1]","[0]","[2175.39]","[-0.00954791]","[1.6616]",49211.3,1.46772,2,"[333711,20069.6]","[-1.46704,-0.748894]","[-2.1786,-2.44131]","[762098,26248.8]","[0.998132,0.987926]","[0,0]","[0,0]","[-0.952953,-0.860577]",0,"[]","[]","[]","[]","[]","[]","[]","[]","[]","[]",2,"[345376,305356]","[-0.881676,-1.44787]","[0.887357,-2.17844]","[488597,685393]","[7438.04,1599.45]","[0,0]","[1.91577,1.30369]","[-1,0.34553]",0,"[]","[]","[]","[]","[]","[]","[]","[]","[]","[]",0,"[3401.66]",3587.46,"[8159.39,1133.71]","[]","[26376.1,9589.94]","[]"
230,284500,3312577,364114,-1.13569,1587.02,5.30764e+06,0.619412,0.972512,1,1,1,1,1.00632,1,1,0,0,2,"[1,1]","[1,1]","[335102,334056]","[0.241038,0.635828]","[-1.74455,1.33258]","[344884,403888]","[0.0839996,-0.0937061]","[-1,1]","[11,11]","[1,0]","[0,0]","[-1326.62,-1254.25]","[0.011837,-0.102423]","[1.51785,2.62647]",10730.5,2.63149,0,"[]","[]","[]","[]","[]","[]","[]","[]",0,"[]","[]","[]","[]","[]","[]","[]","[]","[]","[]",2,"[341234,338231]","[0.262255,0.652152]","[-1.73877,1.32625]","[353036,412742]","[0,0]","[0,0]","[0,0]","[-1,-1]",0,"[]","[]","[]","[]","[]","[]","[]","[]","[]","[]",0,"[4355.52,2905.13]",0,"[]","[]","[12066,8462.91]","[]"
231,284500,3153538,364114,1,1587.02,5.30764e+06,1.25133,0.96203,1,1,1,0.997392,1.01508,1,1,0,0,1,"[1]","[1]","[258762]","[-1.72228]","[-0.927843]","[747294]","[-0.0351219]","[-1]","[11]","[1]","[0]","[3089.94]","[-0.00148203]","[0.200542]",13935.8,-2.39459,2,"[30341.8,21016.1]","[-1.35145,0.480339]","[0.349474,2.91506]","[62864.8,23999.1]","[0.979731,0.845246]","[0,0]","[0,0]","[-0.362692,-0.901803]",0,"[]","[]","[]","[]","[]","[]","[]","[]","[]","[]",2,"[266967,257226]","[-1.73222,-0.362819]","[-0.926672,2.37601]","[778231,274348]","[3983.65,1724.32]","[0,0]","[0,0]","[-1,-1]",0,"[]","[]","[]","[]","[]","[]","[]","[]","[]","[]",0,"[3897.86]",25517,"[3103.12,1148.73]","[]","[21237.5,2782.05]","[]"
232,284500,3158927,364114,-1.05629,1587.02,5.30764e+06,0.619412,0.943908,1,1,1,0.997793,1.00632,1,1,0,0,2,"[1,1]","[1,1]","[228962,218341]","[-1.14665,0.209946]","[-1.95363,1.41721]","[396714,223171]","[-0.0134201,-0.190483]","[-1,1]","[11,11]","[1,1]","[0,0]","[-68.307,1483.94]","[-0.000241767,-0.012068]","[0.0333655,1.02757]",12371.2,-1.25777,2,"[32727,26796]","[1.29582,-0.53799]","[0.64383,-0.590005]","[64470.4,31148.2]","[0.979811,0.982375]","[0,0]","[0,0]","[-0.801859,-0.777221]",0,"[]","[]","[]","[]","[]","[]","[]","[]","[]","[]",1,"[251565]","[-1.17903]","[-1.9494]","[447634]","[0.00390625]","[0]","[0]","[-1]",0,"[]","[]","[]","[]","[]","[]","[]","[]","[]","[]",0,"[2543.09,3767.4]",2007.08,"[2901.62,2412.12]","[]","[16153.9]","[]"
233,284500,6563782,364114,0.681847,1587.02,5.30764e+06,0.738662,0.96547,1,1,1,0.997257,0.99866,1,1,0,0,2,"[1,1]","[1,1]","[298570,259153]","[-0.856976,-1.80208]","[-0.0125898,3.11424]","[415082,806898]","[0.0158386,-0.0151253]","[1,-1]","[11,11]","[1,1]","[0,0]","[-493.077,814.406]","[0.0138771,0.00299945]","[1.66312,0.358936]",41568.1,3.05522,2,"[25671.7,20318.6]","[-1.59691,-0.490425]","[-1.01067,2.68611]","[66212.5,23250]","[0.639841,0.907458]","[0,0]","[0,0]","[-0.39124,-0.333422]",0,"[]","[]","[]","[]","[]","[]","[]","[]","[]","[]",2,"[314234,291971]","[-0.887445,-1.81634]","[-0.0211339,3.11111]","[446310,921474]","[0.00390625,6948.73]","[0,0]","[0,14.4241]","[-1,0.446601]",0,"[]","[]","[]","[]","[]","[]","[]","[]","[]","[]",0,"[2989.76,8686.58]",20085.7,"[1965.42,1957.62]","[]","[31568,258.25]","[]"
234,284500,7642013,364114,1,1587.02,5.30764e+06,0.351687,0.944823,1,1,1,1,1.00493,1,1,0,0,2,"[1,1]","[1,1]","[273050,262866]","[-1.29568,-1.00181]","[0.541247,-2.64406]","[536160,406182]","[0.0912743,0.0907035]","[-1,1]","[11,11]","[1,1]","[0,3081.2]","[1889.15,1825.97]","[0.00259801,-0.00386678]","[0.268142,0.572413]",21594.3,-1.65494,0,"[]","[]","[]","[]","[]","[]","[]","[]",0,"[]","[]","[]","[]","[]","[]","[]","[]","[]","[]",2,"[318046,284180]","[-1.00513,-1.30119]","[-2.64534,0.54418]","[492694,560674]","[0.00552427,2482.81]","[0,0]","[0,0]","[-1,-1]",0,"[]","[]","[]","[]","[]","[]","[]","[]","[]","[]",0,"[3986.12,2743.39]",0,"[]","[]","[17387.5,6057.38]","[]"
235,284500,7417127,364114,1,1587.02,5.30764e+06,0.75088,0.98697,1,1,1,0.997509,1.00582,1,1,0,0,1,"[1]","[1]","[303994]","[-0.271405]","[2.2804]","[315259]","[0.0698185]","[1]","[11]","[1]","[0]","[-381.72]","[-0.0126484]","[2.00795]",40341.9,1.90096,2,"[343566,22725.1]","[1.50256,1.81234]","[-0.828592,-2.82373]","[810137,71572.6]","[1,0.955052]","[0,0]","[0,0]","[-0.942255,-0.582952]",0,"[]","[]","[]","[]","[]","[]","[]","[]","[]","[]",2,"[311025,332695]","[-0.264836,1.50475]","[2.28442,-0.82757]","[321996,786062]","[0,9163.13]","[0,0]","[0,6.19975]","[-1,0.615152]",0,"[]","[]","[]","[]","[]","[]","[]","[]","[]","[]",0,"[1816.92]",11021,"[13572.1,2049.98]","[]","[12252.8,13289.2]","[]"
236,284500,7390697,364114,-2.4438,1587.02,5.30764e+06,0.696077,0.972512,1,1,1,1,1.00632,1,1,0,0,2,"[1,1]","[1,1]","[640256,602355]","[0.27625,0.697051]","[-2.49846,0.643617]","[664842,754713]","[-0.0221863,-0.019207]","[-1,1]","[11,11]","[1,1]","[0,0]","[-796.24,-1468.95]","[0.00970959,-0.00535885]","[1.54197,0.493935]",36221,0.747615,0,"[]","[]","[]","[]","[]","[]","[]","[]",0,"[]","[]","[]","[]","[]","[]","[]","[]","[]","[]",2,"[650278,636084]","[0.241289,0.670664]","[-2.49776,0.641333]","[669305,784578]","[2461.44,0]","[0,0]","[105.912,0]","[0.33021,-1]",0,"[]","[]","[]","[]","[]","[]","[]","[]","[]","[]",0,"[5338.89,7181.7]",0,"[]","[]","[44285.2,41652.1]","[]"
237,284500,5225128,364114,1,1587.02,5.30764e+06,0.738662,0.985722,1,1,1,1,1.01265,1,1,0,0,2,"[1,1]","[1,1]","[250493,218045]","[1.69912,0.786162]","[1.32132,-1.76572]","[707893,288969]","[-0.0515518,0.0506744]","[-1,1]","[11,11]","[1,1]","[0,0]","[3638.01,-1343.32]","[-0.0111879,0.00320806]","[0.682406,0.383401]",34269.5,-1.57535,0,"[]","[]","[]","[]","[]","[]","[]","[]",0,"[]","[]","[]","[]","[]","[]","[]","[]","[]","[]",1,"[255647]","[1.7174]","[1.3228]","[734932]","[3062.04]","[0]","[31.917]","[0.235388]",0,"[]","[]","[]","[]","[]","[]","[]","[]","[]","[]",0,"[4495.34,2348.35]",873.938,"[]","[]","[0]","[]"
238,284500,7962085,364114,-1,1587.02,5.30764e+06,1.22586,0.967171,1,1,1,0.999701,1.00582,1,1,0,0,2,"[1,1]","[1,1]","[352189,321546]","[-0.464684,0.585282]","[-0.480269,2.73945]","[390902,378209]","[-6.10352e-05,-0.00744629]","[-1,1]","[11,11]","[1,1]","[0,0]","[-1295.26,-1060.02]","[-0.012144,0.014044]","[2.01124,1.77849]",11769.7,-1.63633,1,"[53323.4]","[1.03223]","[1.78798]","[84764.8]","[0.963425]","[0]","[0]","[-0.882068]",0,"[]","[]","[]","[]","[]","[]","[]","[]","[]","[]",2,"[361342,356007]","[0.651668,-0.48962]","[2.62917,-0.473987]","[461586,399539]","[136886,0.00617632]","[0,0]","[0.513899,0]","[0.718005,-1]",0,"[]","[]","[]","[]","[]","[]","[]","[]","[]","[]",0,"[2068.91,1870.54]",946.629,"[2336.88]","[]","[6155.78,9312.31]","[]"
239,284500,2923733,364114,1,1587.02,5.30764e+06,0.696077,0.967171,1,1,1,0.998524,1.00632,1,1,0,0,2,"[1,1]","[1,1]","[266832,259931]","[0.453087,-0.566785]","[1.70827,-1.27495]","[294693,302812]","[0.0434189,0.00753403]","[-1,1]","[11,11]","[1,1]","[0,0]","[667.268,1148.65]","[0.00348921,0.0119085]","[0.333406,1.43933]",9190.05,2.24732,1,"[31730.6]","[1.28026]","[-3.01337]","[61802.3]","[0.998813]","[0]","[0]","[-0.861508]",0,"[]","[]","[]","[]","[]","[]","[]","[]","[]","[]",2,"[281935,278094]","[0.478685,-0.548078]","[1.71052,-1.27618]","[314867,320919]","[2464.02,0]","[0,0]","[54.9071,0]","[-1,-1]",0,"[]","[]","[]","[]","[]","[]","[]","[]","[]","[]",0,"[1395.62,1345.94]",5030.22,"[3043.88]","[]","[18529,3308.47]","[]"
240,284500,643774,364114,-1,1587.02,5.30764e+06,0.696077,0.99242,1,1,1,0.997837,0.99765,1,1,0,0,1,"[1]","[1]","[290353]","[0.723558]","[2.16962]","[369733]","[-0.0108566]","[-1]","[11]","[1]","[0]","[1023.99]","[-0.0224023]","[2.32957]",52068.4,2.63605,2,"[297156,30674.1]","[1.50638,-1.71884]","[-0.950921,-1.1311]","[703178,88355]","[0.998529,0.982595]","[0,0]","[0,0]","[-0.959865,-0.854626]",0,"[]","[]","[]","[]","[]","[]","[]","[]","[]","[]",2,"[295474,292458]","[0.777883,1.52796]","[2.17982,-0.94945]","[389470,705665]","[0.00676582,1428.08]","[0,0]","[0,7.53236]","[-1,0.0478924]",0,"[]","[]","[]","[]","[]","[]","[]","[]","[]","[]",0,"[2881.27]",1551.36,"[11944.1,2100.38]","[]","[32491.9,6806.62]","[]"
241,284500,2631869,364114,1,1587.02,5.30764e+06,0.00292683,0.906081,1,1,1,0.9981,0.99216,1,1,0,0,2,"[1,1]","[1,1]","[39568.7,31910]","[-0.368415,-1.74494]","[2.11231,-1.1695]","[42284.5,94138.2]","[0.278178,0.279982]","[1,-1]","[11,11]","[1,1]","[0,0]","[648.65,-841.112]","[-0.0264051,0.0183873]","[2.20423,1.0918]",36505.5,2.49723,3,"[279355,114431,33149.5]","[0.0468148,0.79122,-0.580935]","[0.184538,-2.69044,-0.716435]","[281530,152670,39345.1]","[0.999968,0.945162,0.991273]","[0,0,0]","[0,0,0]","[-0.954935,-0.17912,0.0439766]",0,"[]","[]","[]","[]","[]","[]","[]","[]","[]","[]",1,"[282871]","[0.0512293]","[0.182946]","[285432]","[35291.3]","[0]","[1.82965]","[0.731017]",0,"[]","[]","[]","[]","[]","[]","[]","[]","[]","[]",0,"[344.309,79.4137]",1070.61,"[3199.13,3339.13,2146.59]","[]","[30194.3]","[]"
242,284500,1999958,364114,0.905255,1587.02,5.30764e+06,1.26459,0.985722,1,1,1,0.999281,1.01265,1,1,0,0,2,"[1,1]","[1,1]","[232324,202858]","[1.72326,1.01301]","[0.403462,-2.83743]","[671559,316154]","[-0.0137711,0.00600433]","[-1,1]","[11,11]","[1,1]","[0,0]","[999.212,-67.1532]","[0.0165181,-0.0307025]","[1.36505,3.63638]",14838.5,-2.4697,1,"[27662.2]","[-0.316617]","[-2.13764]","[29681.2]","[0.969074]","[0]","[0]","[-0.912804]",0,"[]","[]","[]","[]","[]","[]","[]","[]","[]","[]",1,"[251668]","[1.7044]","[0.418944]","[714752]","[5566.47]","[0]","[13.9375]","[0.368439]",0,"[]","[]","[]","[]","[]","[]","[]","[]","[]","[]",0,"[5481.77,1969.51]",78.9512,"[4976.08]","[]","[16532.5]","[]"
243,284500,226327,364114,1,1587.02,5.30764e+06,1.22586,0.968807,1,1,1,1,1.00121,1,1,0,0,2,"[1,1]","[1,1]","[377381,374153]","[-1.89436,-1.96235]","[0.692842,-2.39531]","[1.28285e+06,1.35752e+06]","[-0.00232887,0.0443058]","[1,-1]","[11,11]","[1,1]","[0,0]","[-981.95,1563.82]","[0.000362348,-0.0187983]","[0.0324538,2.30639]",50933.1,2.85845,0,"[]","[]","[]","[]","[]","[]","[]","[]",0,"[]","[]","[]","[]","[]","[]","[]","[]","[]","[]",2,"[412279,401456]","[-1.95539,-1.89121]","[-2.39576,0.69328]","[1.48589e+06,1.3606e+06]","[2184.84,3354.88]","[0,0]","[0,14.7444]","[-1,0.156504]",0,"[]","[]","[]","[]","[]","[]","[]","[]","[]","[]",0,"[4047.25,5774.2]",666.816,"[]","[]","[18090.8,11009.7]","[]"
244,284500,681015,364114,0.835356,1587.02,5.30764e+06,1.26459,0.985702,1,1,1,0.998117,1.00632,1,1,0,0,2,"[1,1]","[1,1]","[313158,296397]","[0.397042,1.0392]","[-0.88801,2.56949]","[338167,471374]","[0.0751019,-0.0115528]","[-1,1]","[11,11]","[1,1]","[0,0]","[-819.667,-161.636]","[0.0297583,-0.0173163]","[3.23368,2.5711]",26699.2,-2.26849,1,"[30223.6]","[2.37426]","[-2.902]","[163780]","[0.983666]","[0]","[0]","[0.083032]",0,"[]","[]","[]","[]","[]","[]","[]","[]","[]","[]",2,"[320347,317495]","[0.413132,1.04477]","[-0.886395,2.57371]","[348076,507121]","[0.00276214,-0.0078125]","[0,0]","[0,0]","[-1,-1]",0,"[]","[]","[]","[]","[]","[]","[]","[]","[]","[]",0,"[2308.2,3210.53]",2132.09,"[2128.18]","[]","[586.25,209.688]","[]"
245,284500,2475440,364114,1,1587.02,5.30764e+06,0.696077,0.96323,1,1,1,0.999269,1.00493,1,1,0,0,1,"[1]","[1]","[241442]","[-1.33536]","[-2.14822]","[490663]","[0.00992584]","[-1]","[11]","[1]","[0]","[-1495.97]","[0.00402553]","[0.640937]",50517.7,1.15794,1,"[27616.3]","[0.725024]","[-1.38253]","[35720.1]","[0.980298]","[0]","[0]","[-0.90578]",0,"[]","[]","[]","[]","[]","[]","[]","[]","[]","[]",1,"[282124]","[-1.31925]","[-2.14352]","[565369]","[862.516]","[0]","[0]","[-1]",0,"[]","[]","[]","[]","[]","[]","[]","[]","[]","[]",0,"[3101.08]",26541.1,"[2114.05]","[]","[9866.38]","[]"
246,284500,2847149,364114,-3.9089,1587.02,5.30764e+06,0.553627,0.934006,1,1,1,0.997293,0.99604,1,1,0,0,2,"[0,1]","[1,1]","[250823,212969]","[-2.27124,-1.25676]","[-0.218116,2.8696]","[1.22835e+06,404490]","[-0.000411034,0.0704374]","[1,1]","[11,11]","[1,1]","[2070.83,0]","[2278.36,-484.223]","[-0.00387051,-0.0137962]","[0.316111,1.1127]",20135.4,-1.94451,3,"[74294.9,59387.2,22611.8]","[-0.601249,1.04492,-1.75489]","[-2.04934,1.48079,2.11756]","[88574.2,95472.1,67389.8]","[0.985699,0.990318,0.982935]","[0,0,0]","[0,0,0]","[-0.847538,-0.235032,-0.828854]",0,"[]","[]","[]","[]","[]","[]","[]","[]","[]","[]",1,"[259579]","[-1.34014]","[2.81012]","[533815]","[65976.1]","[0]","[0.812877]","[0.442953]",0,"[]","[]","[]","[]","[]","[]","[]","[]","[]","[]",0,"[6023.05,2540.66]",2003.57,"[5132.83,3202.37,1625.7]","[]","[0]","[]"
247,284500,6420642,364114,1,1587.02,5.30764e+06,0.596562,0.985722,1,1,1,1,1.01265,1,1,0,0,2,"[1,1]","[1,1]","[379762,377626]","[1.11519,1.71539]","[3.06558,-0.0572112]","[641419,1.08355e+06]","[-0.0725021,0.0416698]","[-1,1]","[11,11]","[1,1]","[0,0]","[763.04,-1025.48]","[-0.0101603,0.0136275]","[1.29628,2.01494]",17655,2.4618,0,"[]","[]","[]","[]","[]","[]","[]","[]",0,"[]","[]","[]","[]","[]","[]","[]","[]","[]","[]",2,"[408968,411122]","[1.12609,1.72204]","[3.06959,-0.0564566]","[696860,1.18704e+06]","[1473.82,0]","[0,0]","[0,0]","[-1,-1]",0,"[]","[]","[]","[]","[]","[]","[]","[]","[]","[]",0,"[4987.83,7856.13]",1213.21,"[]","[]","[44478.8,16193.1]","[]"
248,284500,2056507,364114,1,1587.02,5.30764e+06,0,0.960302,1,1,1,1,1.00632,1,1,0,0,2,"[1,1]","[1,1]","[356272,344883]","[0.20848,1.54701]","[-2.78285,0.476121]","[364042,846739]","[0.0622177,-0.0585403]","[-1,1]","[11,11]","[1,1]","[0,0]","[434.536,3405.85]","[-0.0350783,0.0159738]","[4.14067,1.81284]",29682.3,-1.90006,0,"[]","[]","[]","[]","[]","[]","[]","[]",0,"[]","[]","[]","[]","[]","[]","[]","[]","[]","[]",2,"[401489,371808]","[1.5257,0.144755]","[0.460807,-2.78451]","[966771,375710]","[5895.33,0.00632885]","[0,0]","[5.21633,0]","[0.542769,-1]",0,"[]","[]","[]","[]","[]","[]","[]","[]","[]","[]",0,"[2119.19,6803.02]",16460.5,"[]","[]","[19703.5,8291.94]","[]"
249,284500,2545332,364114,1,1587.02,5.30764e+06,0.553627,0.967171,1,1,1,0.998047,1.00582,1,1,0,0,2,"[1,1]","[1,1]","[243108,229603]","[-0.563499,0.544065]","[-1.83205,1.50968]","[282738,264432]","[-0.0274353,-0.0195732]","[-1,1]","[11,11]","[1,1]","[1327.42,0]","[-925.686,2375.39]","[-0.0184555,0.0211376]","[2.60627,3.40044]",41763.2,0.411707,1,"[20292.6]","[-2.49758]","[3.05517]","[124200]","[0]","[0]","[0]","[-0.751547]",0,"[]","[]","[]","[]","[]","[]","[]","[]","[]","[]",1,"[261256]","[0.529592]","[1.55654]","[300680]","[33955.4]","[0]","[2.05716]","[0.691961]",0,"[]","[]","[]","[]","[]","[]","[]","[]","[]","[]",0,"[1306.24,1164.01]",15451.6,"[1199.18]","[]","[2691.5]","[]"
250,284500,6460774,364114,1,1587.02,5.30764e+06,0.75088,0.943646,1,1,1,1,1,1,1,0,0,2,"[1,1]","[1,1]","[210852,156609]","[-1.15996,-1.79381]","[2.8539,-0.289044]","[369341,483814]","[0.039753,0.0723076]","[1,-1]","[11,11]","[0,1]","[0,3551.19]","[-85.4761,1299.66]","[-0.0948763,-0.000611786]","[1.96583,0.0664573]",6671.74,-0.588101,0,"[]","[]","[]","[]","[]","[]","[]","[]",0,"[]","[]","[]","[]","[]","[]","[]","[]","[]","[]",1,"[255019]","[-1.15526]","[2.84856]","[444986]","[0.00956832]","[0]","[0]","[-1]",0,"[]","[]","[]","[]","[]","[]","[]","[]","[]","[]",0,"[2351.73,2173.61]",7131.65,"[]","[]","[3556.19]","[]"
251,284500,7741532,364114,1,1587.02,5.30764e+06,1.22586,0.947058,1,1,1,0.992713,0.99121,1,1,0,0,2,"[1,1]","[1,1]","[49046.4,43486.6]","[0.437097,0.142539]","[-2.55858,0.325891]","[53806.7,43929.1]","[20.7191,20.7391]","[-1,1]","[11,11]","[1,1]","[0,0]","[-24.2884,-247.267]","[0.0238697,-0.0301537]","[2.70317,2.9743]",39014.4,1.09588,7,"[298667,215147,31725.6,25538.3,23471.4,22617.9,21432.4]","[-1.30695,-0.975358,-1.30622,-0.567117,-0.497394,-1.84565,0.0834131]","[-1.39013,2.15047,-0.854455,0.195525,2.54823,1.41597,1.98176]","[593386,326550,63031.3,30458.6,26945,73567.6,22060.8]","[0.977373,0.993453,0.989905,0.951046,0.988988,0.966083,0.980931]","[0,0,0,0,0,0,0]","[0,0,0,0,0,0,0]","[-0.546971,-0.858913,-0.463337,-0.828286,-0.860813,-0.917449,-0.496902]",0,"[]","[]","[]","[]","[]","[]","[]","[]","[]","[]",1,"[287797]","[-1.33099]","[-1.35876]","[587178]","[72806.4]","[0]","[2.06033]","[0.582842]",0,"[]","[]","[]","[]","[]","[]","[]","[]","[]","[]",0,"[123.927,29.1822]",5580.39,"[8859.08,5814.51,5244.42,1839.12,2757.07,3334.68,2064.59]","[]","[9242.25]","[]"
252,284500,4722904,364114,-1,1587.02,5.30764e+06,0.75088,0.956613,1,1,1,1,1.01012,1,1,0,0,2,"[0,1]","[1,1]","[274538,256511]","[1.85031,0.780436]","[0.719117,-2.47224]","[894850,338676]","[-0.0906677,0.38147]","[-1,-1]","[11,11]","[1,1]","[0,1037.55]","[-1356.36,9084.26]","[0.0199576,0.00781002]","[1.32785,0.810967]",20770.8,-1.81179,0,"[]","[]","[]","[]","[]","[]","[]","[]",0,"[]","[]","[]","[]","[]","[]","[]","[]","[]","[]",2,"[293578,279065]","[1.84469,0.772713]","[0.722312,-2.47359]","[951813,366648]","[1737.48,5514.03]","[0,0]","[0,4.61317]","[-1,0.254692]",0,"[]","[]","[]","[]","[]","[]","[]","[]","[]","[]",0,"[2528.07,1595.69]",0,"[]","[]","[25181.3,2874.5]","[]"
253,284500,214956,364114,1,1587.02,5.30764e+06,1.32095,0.984032,1,1,1,1,1.0005,1,1,0,0,2,"[1,1]","[1,1]","[226673,217650]","[0.827005,2.23345]","[-0.69941,2.44757]","[308708,1.02722e+06]","[-0.0049324,-0.0948906]","[1,-1]","[11,11]","[1,1]","[0,0]","[471.888,-1179.64]","[0.00856649,-0.00626579]","[1.12307,0.735095]",37816.9,2.6811,0,"[]","[]","[]","[]","[]","[]","[]","[]",0,"[]","[]","[]","[]","[]","[]","[]","[]","[]","[]",1,"[253204]","[0.83429]","[-0.753717]","[347947]","[31090]","[0]","[1.71239]","[0.528895]",0,"[]","[]","[]","[]","[]","[]","[]","[]","[]","[]",0,"[2197.49,3233.74]",3048.38,"[]","[]","[0]","[]"
254,284500,7195802,364114,1,1587.02,5.30764e+06,0.923924,0.979489,1,1,1,0.999451,1.00582,1,1,0,0,2,"[1,1]","[1,1]","[277035,251433]","[-0.52174,0.586374]","[-1.3788,1.70039]","[315605,295911]","[0.0448799,0.0619125]","[-1,1]","[11,11]","[1,1]","[0,0]","[1158.12,-218.658]","[0.0145473,-0.0163117]","[2.33968,2.68577]",24720.2,3.00088,1,"[32811.1]","[-0.932997]","[2.1556]","[48551.4]","[0.986315]","[0]","[0]","[-0.500908]",0,"[]","[]","[]","[]","[]","[]","[]","[]","[]","[]",2,"[291810,272272]","[-0.490595,0.631471]","[-1.37902,1.66895]","[327645,329482]","[2271.63,26857.4]","[0,0]","[0,1.84983]","[-1,0.361597]",0,"[]","[]","[]","[]","[]","[]","[]","[]","[]","[]",0,"[2128.27,3507.07]",19642.1,"[2145.86]","[]","[12421.9,12818.4]","[]"
255,284500,3767158,364114,-1,1587.02,5.30764e+06,0.696077,0.948179,1,1,1,0.99594,0.98448,1,1,0,0,2,"[1,1]","[1,1]","[45069.8,43815.8]","[-0.159286,-0.470197]","[-0.429368,2.51314]","[45642.7,48749.2]","[-41.4621,-41.2455]","[-1,1]","[11,11]","[1,0]","[1562.22,0]","[-277.14,-54.0837]","[0.00673345,-0.0364169]","[0.91656,0.779524]",53805.6,-1.11529,3,"[196953,166529,29217.4]","[-0.456113,-0.342548,2.30115]","[1.67272,-1.77733,0.338869]","[218523,177236,147448]","[0.662966,0.995036,0.991951]","[0,0,0]","[0,0,0]","[-0.936094,-0.791029,-0.83175]",0,"[]","[]","[]","[]","[]","[]","[]","[]","[]","[]",1,"[252511]","[-0.430924]","[1.82774]","[282394]","[58248.1]","[0]","[1.05273]","[0.692419]",0,"[]","[]","[]","[]","[]","[]","[]","[]","[]","[]",0,"[82.8282,40.1285]",8789.32,"[8996.97,2087.98,2869.86]","[]","[0]","[]"
256,284500,7182592,364114,-2.3457,1587.02,5.30764e+06,1.22586,0.976514,1,1,1,1,0.9918,1,1,0,0,2,"[1,1]","[1,1]","[323001,319588]","[-1.99359,-0.744163]","[0.597774,-2.47894]","[1.20771e+06,412238]","[0.0165787,0.0139618]","[-1,1]","[11,11]","[1,1]","[0,0]","[1565.51,-379.562]","[-0.00754231,0.00123583]","[0.797207,0.1437]",19993.8,2.29361,0,"[]","[]","[]","[]","[]","[]","[]","[]",0,"[]","[]","[]","[]","[]","[]","[]","[]","[]","[]",1,"[329012]","[-0.783185]","[-2.48401]","[435181]","[-0.00390625]","[0]","[0]","[-1]",0,"[]","[]","[]","[]","[]","[]","[]","[]","[]","[]",0,"[3401.98,2181.75]",0,"[]","[]","[5857.31]","[]"
257,284500,188135,364114,-1,1587.02,5.30764e+06,0.696077,0.97097,1,1,1,0.9964,0.99737,1,1,0,0,1,"[1]","[1]","[35281.1]","[0.327695]","[-1.40275]","[37192.4]","[-108.494]","[1]","[11]","[1]","[1921.39]","[937.464]","[0.00407208]","[0.417525]",38958.4,1.75408,4,"[240937,226039,25689.1,25439.7]","[0.132604,-0.330055,1.20528,0.753495]","[2.12542,-0.980809,-0.180766,-2.94855]","[243352,239744,46994.4,33360.7]","[0.99974,0.997722,0.985315,0.815556]","[0,0,0,0]","[0,0,0,0]","[-0.881427,-0.745469,-0.892568,-0.862449]",0,"[]","[]","[]","[]","[]","[]","[]","[]","[]","[]",1,"[256496]","[-0.239831]","[-1.04581]","[266409]","[36411.6]","[0]","[1.34095]","[0.664315]",0,"[]","[]","[]","[]","[]","[]","[]","[]","[]","[]",0,"[324.064]",3072.67,"[3307.34,2458.84,4577.63,4679.09]","[]","[0]","[]"
258,284500,393816,364114,1,1587.02,5.30764e+06,1.32095,0.968109,1,1,1,0.998843,0.99866,1,1,0,0,2,"[0,1]","[1,1]","[488313,423247]","[-1.052,-0.152305]","[1.05652,-2.09898]","[784377,428165]","[-0.00740051,0.0169144]","[1,1]","[11,11]","[1,1]","[0,0]","[-3059.55,-530.192]","[-0.0385716,0.00965858]","[4.13643,1.32145]",39746.5,-3.0472,1,"[39733.2]","[-1.7436]","[-1.49681]","[117236]","[0.988749]","[0]","[0]","[-0.924089]",0,"[]","[]","[]","[]","[]","[]","[]","[]","[]","[]",2,"[507445,431580]","[-1.08876,-0.208605]","[1.05336,-2.10108]","[839116,441004]","[0,0.00516748]","[0,0]","[0,0]","[-1,-1]",0,"[]","[]","[]","[]","[]","[]","[]","[]","[]","[]",0,"[7416.65,2985.46]",11108.5,"[3638.96]","[]","[33406.6,3616.31]","[]"
259,284500,551423,364114,-1,1587.02,5.30764e+06,1.22586,0.97411,1,1,1,0.998766,1.00582,1,1,0,0,2,"[1,1]","[1,1]","[251465,184884]","[-0.125621,-0.58238]","[2.53555,-0.534116]","[253452,217133]","[0.0485458,-0.0437202]","[1,-1]","[11,11]","[1,1]","[0,0]","[-1262.14,1080.14]","[0.0291138,-0.0200725]","[3.12174,3.47092]",20554.8,0.0098849,2,"[37349.8,26695.6]","[0.510643,-1.12408]","[-0.712115,-1.84086]","[42808.2,45595]","[0.987715,0.989889]","[0,0]","[0,0]","[-0.771713,-0.831631]",0,"[]","[]","[]","[]","[]","[]","[]","[]","[]","[]",1,"[256305]","[-0.143078]","[2.53084]","[258933]","[0.000976562]","[0]","[0]","[-1]",0,"[]","[]","[]","[]","[]","[]","[]","[]","[]","[]",0,"[1272.2,836.308]",3984.19,"[4012.85,4885.33]","[]","[10227.6]","[]"
260,284500,2876691,364114,-2.02878,1587.02,5.30764e+06,1.22586,0.945201,1,1,1,0.998336,1.00632,1,1,0,0,2,"[1,0]","[1,1]","[272848,269668]","[0.398753,1.52067]","[-0.0284106,-3.09038]","[294829,646376]","[0.0781479,0.00361633]","[-1,-1]","[11,11]","[1,1]","[0,0]","[1274.3,9810.19]","[0.0143167,0.0702828]","[1.72399,3.48069]",37561.1,2.13555,1,"[23270.9]","[-1.5032]","[0.787685]","[54930]","[1]","[0]","[0]","[-0.757827]",0,"[]","[]","[]","[]","[]","[]","[]","[]","[]","[]",2,"[286852,278317]","[0.346042,1.50546]","[-0.0348843,-3.09085]","[304202,657992]","[1456.21,6339.29]","[0,0]","[0,3.31595]","[-1,0.578519]",0,"[]","[]","[]","[]","[]","[]","[]","[]","[]","[]",0,"[2513.82,12580.6]",22535,"[1629.66]","[]","[8465.22,10410.5]","[]"
261,284500,3823295,364114,1,1587.02,5.30764e+06,1.24168,0.926656,1,1,1,1,1.01508,1,1,0,0,2,"[1,1]","[1,1]","[250050,246213]","[-1.33613,-1.59349]","[-2.50695,0.64311]","[508495,630810]","[0.0062809,0.00414276]","[-1,1]","[11,11]","[1,1]","[0,0]","[902.369,178]","[-0.0197576,0.0229964]","[2.53411,2.69191]",429.866,-2.52327,0,"[]","[]","[]","[]","[]","[]","[]","[]",0,"[]","[]","[]","[]","[]","[]","[]","[]","[]","[]",2,"[266812,266899]","[-1.60553,-1.35391]","[0.642852,-2.50324]","[691223,551247]","[3322.41,0.00552427]","[0,0]","[8.61129,0]","[0.120211,-1]",0,"[]","[]","[]","[]","[]","[]","[]","[]","[]","[]",0,"[3117.24,5594.27]",0,"[]","[]","[5835.91,14869.4]","[]"
262,284500,3038182,364114,0.448802,1587.02,5.30764e+06,1.21412,1.00588,1,1,1,0.999493,1.00306,1,1,0,0,1,"[1]","[1]","[314137]","[1.04994]","[-0.0586335]","[503787]","[-0.049736]","[1]","[11]","[1]","[2396.94]","[1451.49]","[-0.0150209]","[1.23816]",24144.7,0.962742,1,"[318599]","[1.45833]","[-3.10889]","[721863]","[0.998592]","[0]","[0]","[-0.94802]",0,"[]","[]","[]","[]","[]","[]","[]","[]","[]","[]",2,"[335140,306231]","[1.02059,1.43755]","[-0.0592205,-3.1095]","[525368,681040]","[0,1489.38]","[0,0]","[0,3.04782]","[-1,0.218865]",0,"[]","[]","[]","[]","[]","[]","[]","[]","[]","[]",0,"[4532.43]",11863.9,"[16566.3]","[]","[2125.34,28793.1]","[]"
263,284500,4743908,364114,-1,1587.02,5.30764e+06,1.32095,0.986658,1,1,1,1,0.99866,1,1,0,0,2,"[1,1]","[1,1]","[327811,318619]","[-1.09187,1.05448]","[2.42797,-0.782896]","[543418,512795]","[0.026453,0.053565]","[-1,1]","[11,11]","[1,1]","[0,0]","[235.814,-23.5748]","[-0.000587891,0.00121012]","[0.0686285,0.191051]",36726.2,0.890749,0,"[]","[]","[]","[]","[]","[]","[]","[]",0,"[]","[]","[]","[]","[]","[]","[]","[]","[]","[]",2,"[349282,344748]","[1.06139,-1.09093]","[-0.777106,2.42533]","[565200,571070]","[-0.00552427,1563.18]","[0,0]","[0,0]","[-1,-1]",0,"[]","[]","[]","[]","[]","[]","[]","[]","[]","[]",0,"[5160.56,4011.22]",2751.16,"[]","[]","[6188.5,26379]","[]"
264,284500,7264646,364114,1,1587.02,5.30764e+06,0.923924,0.960302,1,1,1,0.996487,1.01265,1,1,0,0,2,"[1,1]","[1,1]","[243141,194251]","[1.60053,0.529172]","[2.12187,-1.00054]","[626992,222089]","[-0.00185394,-0.00667572]","[1,-1]","[11,11]","[1,1]","[0,0]","[-1018.96,-1925]","[-0.0188522,-0.00726934]","[1.79468,1.286]",6284.77,2.01372,2,"[26454.3,20694.5]","[1.7751,1.36568]","[-1.10909,-1.19296]","[80386.6,43497.1]","[0.95292,0.670027]","[0,0]","[0,0]","[-0.775437,-0.891418]",0,"[]","[]","[]","[]","[]","[]","[]","[]","[]","[]",1,"[260262]","[1.62694]","[2.11708]","[687738]","[5516.63]","[0]","[15.0851]","[0.452175]",0,"[]","[]","[]","[]","[]","[]","[]","[]","[]","[]",0,"[4580.64,913.057]",4581.7,"[2093.48,341.117]","[]","[5615.05]","[]"
265,284500,2878647,364114,1,1587.02,5.30764e+06,1.25133,0.944823,1,1,1,1,0.99866,1,1,0,0,2,"[1,1]","[1,1]","[531662,517897]","[-1.03078,-1.25333]","[-2.83926,0.302661]","[840023,980777]","[0.00908661,-0.0300026]","[-1,1]","[11,11]","[1,1]","[0,0]","[2337.33,143.275]","[0.0181633,-0.0126086]","[2.63201,1.39274]",5124.8,2.24721,0,"[]","[]","[]","[]","[]","[]","[]","[]",0,"[]","[]","[]","[]","[]","[]","[]","[]","[]","[]",2,"[586973,552343]","[-1.01712,-1.2486]","[-2.83806,0.302547]","[917693,1.04182e+06]","[0.0110485,0]","[0,0]","[0,0]","[-1,-1]",0,"[]","[]","[]","[]","[]","[]","[]","[]","[]","[]",0,"[8318.81,8097.35]",0,"[]","[]","[50744.8,24092.3]","[]"
266,284500,3766628,364114,1,1587.02,5.30764e+06,1.24168,0.883521,1,1,1,0.997777,1,1,1,0,0,2,"[0,1]","[1,1]","[52794.2,41322.8]","[-2.44981,-2.3141]","[2.11464,-0.644195]","[308118,211049]","[0.122877,-0.187144]","[1,1]","[11,11]","[0,1]","[0,0]","[121.392,-473.923]","[-0.0840828,-0.00220289]","[1.72213,0.169042]",61616.8,-0.77599,3,"[408033,385550,22934.6]","[0.246099,-0.871306,0.321592]","[2.19055,-0.982985,2.7946]","[420815,541908,24401.6]","[0.994873,0.994108,0.901928]","[0,0,0]","[0,0,0]","[-0.837205,0.203248,-0.845758]",0,"[]","[]","[]","[]","[]","[]","[]","[]","[]","[]",2,"[416535,391321]","[0.24439,-0.871873]","[2.18852,-0.977595]","[429210,549941]","[12219.7,15653.9]","[0,0]","[1.00938,2.18086]","[0.457224,0.12796]",0,"[]","[]","[]","[]","[]","[]","[]","[]","[]","[]",0,"[562.103,263.797]",61.2773,"[5793.41,18487.2,6913.46]","[]","[8786.88,26212.7]","[]"
267,284500,4049771,364114,1,1587.02,5.30764e+06,1.25133,0.929749,1,1,1,0.99919,1.01012,1,1,0,0,2,"[1,1]","[1,1]","[287100,267925]","[2.01493,1.52571]","[-0.645308,2.45335]","[1.0958e+06,645146]","[-0.0309448,-0.0184288]","[-1,1]","[11,11]","[1,1]","[0,0]","[802.291,-2961.8]","[0.0212019,-0.0183239]","[1.35918,2.41976]",18534.5,-2.0517,1,"[20557.7]","[0.637341]","[2.77472]","[25141.8]","[0.99694]","[0]","[0]","[-0.819829]",0,"[]","[]","[]","[]","[]","[]","[]","[]","[]","[]",1,"[288309]","[1.52706]","[2.4464]","[695085]","[2261.68]","[0]","[4.08679]","[0.201414]",0,"[]","[]","[]","[]","[]","[]","[]","[]","[]","[]",0,"[3214.73,9208.78]",104.777,"[3085.33]","[]","[3153.56]","[]"
268,284500,238320,364114,1,1587.02,5.30764e+06,0.738662,0.942732,1,1,1,1,1.01508,1,1,0,0,2,"[1,1]","[1,1]","[267553,251458]","[-1.59421,0.462492]","[1.34586,-1.76418]","[685939,278835]","[0.0193958,0.0693903]","[-1,1]","[11,11]","[1,1]","[0,8724.45]","[1791.26,1671.54]","[0.01035,-0.00565399]","[0.833928,0.87413]",14989.6,2.59579,0,"[]","[]","[]","[]","[]","[]","[]","[]",0,"[]","[]","[]","[]","[]","[]","[]","[]","[]","[]",2,"[317281,258629]","[-1.59634,0.469714]","[1.33969,-1.76709]","[815101,287800]","[11116.3,8025.35]","[0,0]","[4.35912,13.149]","[0.676029,-1]",0,"[]","[]","[]","[]","[]","[]","[]","[]","[]","[]",0,"[6284.6,1491.7]",0,"[]","[]","[3023.09,0]","[]"
269,284500,4895733,364114,1,1587.02,5.30764e+06,1.74563,0.986658,1,1,1,1,1,1,1,0,0,2,"[1,1]","[1,1]","[240995,240168]","[1.08005,-0.863886]","[0.285057,-2.86389]","[395763,335500]","[0.00850677,0.00568008]","[1,-1]","[11,11]","[1,0]","[0,0]","[1517.02,606.549]","[-0.0105351,0.050365]","[0.942811,4.10125]",7327.3,-2.03874,0,"[]","[]","[]","[]","[]","[]","[]","[]",0,"[]","[]","[]","[]","[]","[]","[]","[]","[]","[]",2,"[255027,256204]","[-0.890436,1.06623]","[-2.86008,0.28346]","[363012,416183]","[4092.45,3601.26]","[0,0]","[11.9229,0]","[0.244586,-1]",0,"[]","[]","[]","[]","[]","[]","[]","[]","[]","[]",0,"[4138.41,2544.95]",0,"[]","[]","[4068.11,0]","[]"
270,284500,7414228,364114,1,1587.02,5.30764e+06,1.26459,0.939161,1,1,1,0.996951,0.98854,1,1,0,0,2,"[1,1]","[1,1]","[44204.6,43943.3]","[-0.714962,-0.36544]","[-2.97477,0.228821]","[55992.2,46910.3]","[131.932,131.917]","[1,-1]","[11,11]","[1,1]","[0,0]","[368.446,-492.617]","[0.020234,-0.0111337]","[1.606,1.28746]",34196.9,0.776676,3,"[249364,183575,41964.1]","[-1.37083,2.03843,2.46162]","[-2.68817,0.657207,0.272207]","[524655,717256,247880]","[1,0.996973,0.892949]","[0,0,0]","[0,0,0]","[-0.260778,-0.176383,-0.813738]",0,"[]","[]","[]","[]","[]","[]","[]","[]","[]","[]",1,"[259756]","[-1.25023]","[-2.75292]","[494254]","[59783.5]","[0]","[1.17908]","[0.414261]",0,"[]","[]","[]","[]","[]","[]","[]","[]","[]","[]",0,"[114.236,101.943]",5971.8,"[5349.92,6072.02,4911.64]","[]","[5571.8]","[]"
271,284500,6851586,364114,1,1587.02,5.30764e+06,1.22586,0.985702,1,1,1,1,1.00306,1,1,0,0,2,"[1,1]","[1,1]","[386757,378012]","[1.1545,0.372312]","[2.88966,-0.228869]","[674435,404515]","[0.0545177,0.0240574]","[1,-1]","[11,11]","[1,1]","[0,0]","[938.325,-1222.2]","[-0.025272,0.0197337]","[2.84226,3.04876]",5533.51,-2.15565,0,"[]","[]","[]","[]","[]","[]","[]","[]",0,"[]","[]","[]","[]","[]","[]","[]","[]","[]","[]",2,"[424996,387353]","[1.15216,0.365214]","[2.88981,-0.230568]","[739707,413474]","[3202.8,0.00390625]","[0,0]","[0,0]","[-1,-1]",0,"[]","[]","[]","[]","[]","[]","[]","[]","[]","[]",0,"[5259.35,2294.11]",0,"[]","[]","[38831.3,30645.9]","[]"
272,284500,7801262,364114,-1,1587.02,5.30764e+06,1.21412,1.01179,1,1,1,0.998083,1.00306,1,1,0,0,2,"[1,1]","[1,1]","[333795,318484]","[1.08,0.922506]","[-1.88804,1.2461]","[548137,463889]","[0.00841141,0.00639343]","[-1,1]","[11,11]","[1,1]","[0,0]","[524.363,399.055]","[-0.00967596,0.0139518]","[1.60564,1.56964]",14966.9,1.30292,1,"[23646.9]","[1.72336]","[0.850042]","[68524.8]","[0.992919]","[0]","[0]","[-0.914959]",0,"[]","[]","[]","[]","[]","[]","[]","[]","[]","[]",2,"[376302,354648]","[1.05423,0.912162]","[-1.90974,1.2396]","[606763,512722]","[38972.3,3864.87]","[0,0]","[1.22259,0]","[0.383169,-1]",0,"[]","[]","[]","[]","[]","[]","[]","[]","[]","[]",0,"[4225.82,3754.48]",16121.9,"[4588.39]","[]","[6695.88,17449.2]","[]"
273,284500,7173004,364114,1,1587.02,5.30764e+06,0.619412,0.97867,1,1,1,0.994821,1.01012,1,1,0,0,1,"[0]","[1]","[81989.1]","[1.85226]","[-1.96587]","[267739]","[-84.3423]","[-1]","[11]","[1]","[0]","[-412.466]","[0.0306134]","[0.675027]",26498.8,2.10484,5,"[197884,103815,42471.4,40046.7,31167.3]","[1.02842,2.48476,-1.15495,-1.75896,-2.23177]","[-1.64248,1.16366,1.80543,1.74179,0.381266]","[314080,627143,74465.4,119883,147021]","[0.999923,0.0205809,0.992561,0.992855,0.993704]","[0,0,0,0,0]","[0,0,0,0,0]","[-0.281069,-0.714642,-0.331682,-0.832709,-0.758203]",0,"[]","[]","[]","[]","[]","[]","[]","[]","[]","[]",1,"[294363]","[1.38704]","[-1.74492]","[636514]","[115586]","[0]","[0.96439]","[0.565993]",0,"[]","[]","[]","[]","[]","[]","[]","[]","[]","[]",0,"[669.507]",26045.6,"[3364.4,8809.67,4687.66,7721.81,2719.2]","[]","[1266.69]","[]"
274,284500,4767476,364114,1.00304,1587.02,5.30764e+06,0,0.984282,1,1,1,0.999342,0.9918,1,1,0,0,2,"[1,1]","[1,1]","[269618,262824]","[-0.724542,-0.669961]","[-0.210747,2.97832]","[343538,324048]","[0.00172806,-0.123056]","[-1,1]","[11,11]","[1,1]","[0,0]","[4467.54,2453.73]","[-0.00147711,-0.000147902]","[0.19298,0.0201709]",28704.3,-2.57357,1,"[31655.1]","[-0.525412]","[0.789788]","[36796.8]","[0.993428]","[0]","[0]","[-0.772753]",0,"[]","[]","[]","[]","[]","[]","[]","[]","[]","[]",2,"[309785,272723]","[-0.717281,-0.687882]","[-0.212878,2.98436]","[393750,339832]","[25047.3,0.00390625]","[0,0]","[3.35323,0]","[0.613786,-1]",0,"[]","[]","[]","[]","[]","[]","[]","[]","[]","[]",0,"[2464.91,1668.36]",3235.97,"[3832.46]","[]","[11986,4407.31]","[]"
275,284500,1773362,364114,-1,1587.02,5.30764e+06,0,0.986658,1,1,1,1,0.99866,1,1,0,0,2,"[1,1]","[1,1]","[237130,223100]","[-1.09354,0.946123]","[0.37652,-2.57307]","[393616,330629]","[0.279488,-0.00323296]","[-1,1]","[11,11]","[1,1]","[0,5077.6]","[-126.634,5689.49]","[0.00873922,-0.0117]","[0.364835,1.96989]",10430.2,-1.92021,0,"[]","[]","[]","[]","[]","[]","[]","[]",0,"[]","[]","[]","[]","[]","[]","[]","[]","[]","[]",2,"[269683,252468]","[1.02637,-1.08968]","[-2.5616,0.36989]","[426124,418265]","[35470.9,19960.2]","[0,0]","[2.60276,102.138]","[0.753581,-1]",0,"[]","[]","[]","[]","[]","[]","[]","[]","[]","[]",0,"[2519.56,2149.04]",5093,"[]","[]","[119.531,15508.8]","[]"
276,284500,6468346,364114,-1.04325,1587.02,5.30764e+06,1.24168,0.97994,1,1,1,0.999472,1.00632,1,1,0,0,1,"[1]","[1]","[292002]","[0.217451]","[2.65495]","[298933]","[-0.00387764]","[1]","[11]","[1]","[0]","[100.279]","[-0.00265588]","[0.394118]",16684,1.86973,1,"[312101]","[-1.50268]","[-0.563165]","[735996]","[0.997309]","[0]","[0]","[-0.91571]",0,"[]","[]","[]","[]","[]","[]","[]","[]","[]","[]",2,"[310044,301296]","[0.227974,-1.49918]","[2.65335,-0.563764]","[318136,708264]","[0.00338291,5030.92]","[0,0]","[0,3.65059]","[-1,0.449094]",0,"[]","[]","[]","[]","[]","[]","[]","[]","[]","[]",0,"[1732.8]",431.244,"[4263.72]","[]","[16658.4,30159.4]","[]"
277,284500,7124893,364114,1,1587.02,5.30764e+06,0.75088,0.914337,1,1,1,0.997212,0.98448,1,1,0,0,2,"[1,1]","[1,1]","[45709.4,28740.4]","[-0.309839,-2.12151]","[0.803088,-0.717688]","[47921.1,121623]","[0.0198479,0.00851059]","[-1,1]","[11,11]","[1,1]","[0,0]","[257.188,452.085]","[-0.00810187,-0.0264404]","[0.683866,1.7547]",61804.4,3.03479,4,"[335934,170703,162641,46381.1]","[1.2642,0.128709,1.75393,-1.1536]","[0.186055,2.8434,-2.33566,-2.83935]","[642345,174150,484194,80934.4]","[0.198089,0.0897778,0,0.995809]","[0,0,0,0]","[0,0,0,0]","[-0.807935,-0.763541,-0.821463,-0.932858]",0,"[]","[]","[]","[]","[]","[]","[]","[]","[]","[]",1,"[335843]","[1.28111]","[0.184855]","[651488]","[17234.6]","[0]","[1.33669]","[0.61242]",0,"[]","[]","[]","[]","[]","[]","[]","[]","[]","[]",0,"[64.0027,296.161]",18132.4,"[12288.7,2604.47,3237.15,5254.36]","[]","[20195.8]","[]"
278,284500,7115247,364114,-1,1587.02,5.30764e+06,0.696077,0.96024,1,1,1,0.997252,0.93884,1,1,0,0,1,"[1]","[1]","[56630.6]","[1.28199]","[-0.407815]","[109900]","[0.198078]","[-1]","[11]","[1]","[0]","[-1602.14]","[0.0215615]","[0.676652]",38217.3,0.394796,4,"[193974,93765,72648,64592.6]","[0.784885,-0.0425177,0.993106,1.64478]","[-2.85105,-0.103151,0.863263,3.09227]","[257274,95794.8,112198,173706]","[0,0,0,1]","[0,0,0,0]","[0,0,0,0]","[-0.738766,-0.699467,-0.824206,-0.93654]",0,"[]","[]","[]","[]","[]","[]","[]","[]","[]","[]",1,"[270719]","[1.0784]","[-2.92165]","[453709]","[93383.9]","[0]","[0.818203]","[0.551523]",0,"[]","[]","[]","[]","[]","[]","[]","[]","[]","[]",0,"[318.814]",6722.45,"[4072.69,8159.85,2943.06,4733.8]","[]","[5322.09]","[]"
279,284500,2528732,364114,1,1587.02,5.30764e+06,0.696077,0.943908,1,1,1,1,1.00632,1,1,0,0,2,"[1,1]","[1,1]","[328784,322507]","[0.281222,-1.14978]","[-2.5803,0.536979]","[341871,560229]","[0.00224304,-0.00245667]","[1,-1]","[11,11]","[1,1]","[0,0]","[-145.062,-1288.8]","[-0.00186537,0.00211097]","[0.248412,0.281232]",5387.51,1.35991,0,"[]","[]","[]","[]","[]","[]","[]","[]",0,"[]","[]","[]","[]","[]","[]","[]","[]","[]","[]",2,"[352383,342753]","[-1.1697,0.261103]","[0.539481,-2.58514]","[622232,354503]","[4411.41,-0.00258374]","[0,0]","[0,0]","[-1,-1]",0,"[]","[]","[]","[]","[]","[]","[]","[]","[]","[]",0,"[2688.8,5111.82]",19158.6,"[]","[]","[2163.66,2297.25]","[]"
280,284500,1758368,364114,-1,1587.02,5.30764e+06,1.32095,0.922814,1,1,1,0.997244,0.95972,1,1,0,0,2,"[1,1]","[1,1]","[57427.1,34778.3]","[-0.882348,-0.65298]","[1.1921,-1.9518]","[81270.1,42460]","[0.127817,-0.0302162]","[1,-1]","[11,11]","[1,1]","[3033.16,0]","[936.833,-345.408]","[0.00925664,0.00587385]","[0.986181,0.746475]",129170,2.03214,4,"[300511,111091,64514.2,44262.4]","[-0.934074,-2.40175,-1.47996,-1.70103]","[-1.00844,2.17903,2.21013,-1.87794]","[442034,618468,149462,125464]","[0.197071,0,0.0726003,0.984098]","[0,0,0,0]","[0,0,0,0]","[-0.770398,-0.677499,-0.945894,-0.452176]",0,"[]","[]","[]","[]","[]","[]","[]","[]","[]","[]",1,"[315212]","[-0.922611]","[-1.10078]","[468852]","[94844.6]","[0]","[1.38322]","[0.576464]",0,"[]","[]","[]","[]","[]","[]","[]","[]","[]","[]",0,"[156.208,31.5014]",12728.9,"[6673.93,6631.97,3496.86,6157.3]","[]","[8084.88]","[]"
281,284500,7460681,364114,1,1587.02,5.30764e+06,0.923924,0.944823,1,1,1,0.999631,1.00493,1,1,0,0,2,"[1,1]","[1,1]","[222379,169184]","[-1.22257,-0.935028]","[2.23016,-0.862665]","[410332,248688]","[-0.0449715,-0.0848541]","[1,-1]","[11,11]","[1,1]","[0,0]","[-1733.67,306.342]","[0.000903758,-0.00331564]","[0.12982,0.377649]",7895.83,-0.0200494,1,"[46252.8]","[-0.341214]","[-1.17575]","[49947.2]","[0.925439]","[0]","[0]","[-0.933443]",0,"[]","[]","[]","[]","[]","[]","[]","[]","[]","[]",1,"[277143]","[-1.29787]","[2.16515]","[549041]","[64628]","[0]","[2.80541]","[0.27895]",0,"[]","[]","[]","[]","[]","[]","[]","[]","[]","[]",0,"[2826.92,1396.2]",11543.3,"[7940.04]","[]","[2123.78]","[]"
282,284500,4422311,364114,0.565075,1587.02,5.30764e+06,0.402058,0.998255,1,1,1,0.999254,1.00306,1,1,0,0,2,"[1,1]","[1,1]","[232425,221850]","[1.06103,0.629569]","[0.607267,-2.40011]","[375997,267288]","[-0.016613,0.00165176]","[1,-1]","[11,11]","[1,1]","[0,1167.56]","[2246.97,-491.838]","[0.00633843,0.0147525]","[0.760154,2.19808]",17268.8,-0.350074,1,"[25834.8]","[-0.232488]","[-2.86727]","[27079.7]","[0.986699]","[0]","[0]","[-0.761757]",0,"[]","[]","[]","[]","[]","[]","[]","[]","[]","[]",1,"[266827]","[1.07501]","[0.608731]","[436441]","[1863.36]","[0]","[0]","[-1]",0,"[]","[]","[]","[]","[]","[]","[]","[]","[]","[]",0,"[2553.99,1541.08]",10726,"[6013.39]","[]","[852.312]","[]"
283,284500,1784296,364114,1,1587.02,5.30764e+06,0.696077,0.950267,1,1,1,0.998046,1.00632,1,1,0,0,2,"[1,1]","[1,1]","[241469,195787]","[0.405667,1.22799]","[-1.229,2.10337]","[261612,362915]","[0.00557423,0.00729752]","[1,-1]","[11,11]","[1,1]","[1050.54,0]","[-508.3,-1233.49]","[-0.0194882,0.0102608]","[2.94193,1.31858]",5900.78,-1.90184,1,"[22533.9]","[2.00812]","[0.9923]","[85554.2]","[0.998894]","[0]","[0]","[-0.482022]",0,"[]","[]","[]","[]","[]","[]","[]","[]","[]","[]",1,"[250557]","[0.416548]","[-1.22923]","[272648]","[4495.16]","[0]","[18.721]","[-1]",0,"[]","[]","[]","[]","[]","[]","[]","[]","[]","[]",0,"[1511.04,2340.07]",3062.33,"[1719.93]","[]","[1972.11]","[]"
284,284500,7421106,364114,1,1587.02,5.30764e+06,1.22586,0.943646,1,1,1,0.998047,0.99866,1,1,0,0,2,"[1,1]","[1,1]","[512624,502739]","[-1.12873,-1.54639]","[-0.447428,2.68486]","[875349,1.23359e+06]","[0.00705528,-0.0120277]","[-1,1]","[11,11]","[1,1]","[0,0]","[1713.03,4073.62]","[0.0221379,-0.0203444]","[2.87186,2.90577]",18994.9,1.23024,1,"[20049.5]","[2.42513]","[-1.89937]","[114284]","[0]","[0]","[0]","[-0.657203]",0,"[]","[]","[]","[]","[]","[]","[]","[]","[]","[]",2,"[549229,531720]","[-1.55168,-1.12388]","[2.68859,-0.444758]","[1.35425e+06,904396]","[11740.2,0.0135316]","[0,0]","[14.1187,0]","[0.411898,-1]",0,"[]","[]","[]","[]","[]","[]","[]","[]","[]","[]",0,"[9454.93,11745.2]",17914.5,"[1118.19]","[]","[30344.1,1074.5]","[]"
285,284500,7499580,364114,1,1587.02,5.30764e+06,0,1.00588,1,1,1,0.998672,1.00306,1,1,0,0,1,"[1]","[1]","[285329]","[0.941415]","[-2.0351]","[421386]","[0.000839233]","[1]","[11]","[1]","[1491.98]","[1.61182]","[-0.00771751]","[0.967139]",32291.7,-1.87869,2,"[323371,21676.7]","[2.41152,0.594467]","[1.0942,1.07593]","[1.81746e+06,26023.4]","[0.588484,0.642209]","[0,0]","[0,0]","[-0.992128,-0.814502]",0,"[]","[]","[]","[]","[]","[]","[]","[]","[]","[]",1,"[307170]","[0.969162]","[-2.03326]","[463079]","[-0.00676582]","[0]","[0]","[-1]",0,"[]","[]","[]","[]","[]","[]","[]","[]","[]","[]",0,"[3665.34]",18117.9,"[6193.23,1761.87]","[]","[18869.6]","[]"
286,284500,552132,364114,1,1587.02,5.30764e+06,1.74563,0.934006,1,1,1,1,0.99604,1,1,0,0,2,"[1,1]","[1,1]","[263181,250868]","[-1.27411,-2.10007]","[-1.44823,1.68985]","[507307,1.03975e+06]","[-0.0110245,-0.0390968]","[-1,1]","[11,11]","[1,1]","[0,0]","[-418.853,479.146]","[-0.00947426,0.00310557]","[0.983634,0.301218]",13942.5,1.93394,0,"[]","[]","[]","[]","[]","[]","[]","[]",0,"[]","[]","[]","[]","[]","[]","[]","[]","[]","[]",1,"[272592]","[-1.27024]","[-1.4387]","[523714]","[0]","[0]","[0]","[-1]",0,"[]","[]","[]","[]","[]","[]","[]","[]","[]","[]",0,"[4063.59,2559.55]",0,"[]","[]","[1817.53]","[]"
287,284500,7727450,364114,-1.05869,1587.02,5.30764e+06,1.21412,0.904935,1,1,1,0.999109,1.00632,1,1,0,0,2,"[1,1]","[1,1]","[206654,204593]","[0.151271,2.42969]","[0.930059,-2.00655]","[209023,1.17062e+06]","[-0.103394,-0.63089]","[1,-1]","[11,11]","[1,0]","[0,0]","[-174.214,-902.6]","[0.01132,0.086696]","[1.82078,2.39058]",78721.5,0.499649,2,"[60025.8,32097.9]","[-0.642456,-0.11502]","[-2.58773,1.72629]","[73639.9,32624.2]","[0,0.989756]","[0,0]","[0,0]","[-0.864342,-0.894223]",0,"[]","[]","[]","[]","[]","[]","[]","[]","[]","[]",1,"[251384]","[0.103474]","[1.01335]","[260583]","[63484.1]","[0]","[0.587181]","[0.366647]",0,"[]","[]","[]","[]","[]","[]","[]","[]","[]","[]",0,"[1008.4,8388.56]",25719.7,"[40536,6331.68]","[]","[18171.5]","[]"
288,284500,7848890,364114,1,1587.02,5.30764e+06,1.21412,0.969545,1,1,1,0.999498,0.98743,1,1,0,0,2,"[1,1]","[1,1]","[187089,174398]","[-0.0803496,0.669507]","[-2.14605,0.910446]","[187694,214966]","[-0.0409822,0.0316172]","[1,-1]","[11,11]","[1,1]","[1201.54,0]","[-1352.32,1180.43]","[0.0104165,-0.00115574]","[2.13254,0.158482]",76822,-3.1277,1,"[76647.9]","[1.24671]","[0.386078]","[144654]","[0]","[0]","[0]","[0.200721]",0,"[]","[]","[]","[]","[]","[]","[]","[]","[]","[]",1,"[252252]","[0.882136]","[0.767809]","[364677]","[74765.2]","[0]","[0.628576]","[0.690195]",0,"[]","[]","[]","[]","[]","[]","[]","[]","[]","[]",0,"[3312.06,916.811]",371.438,"[2196.19]","[]","[0]","[]"
289,284500,1307982,364114,1,1587.02,5.30764e+06,0.923924,0.926219,1,1,1,0.996046,0.99121,1,1,0,0,2,"[1,1]","[1,1]","[43671.1,40077.3]","[0.141129,1.36863]","[-0.0215989,-1.95647]","[44106.8,83850.1]","[38.6305,38.5528]","[-1,1]","[11,11]","[1,1]","[1439.57,2536.87]","[2621.33,1976.09]","[-0.010631,-0.0270279]","[0.886858,1.15869]",43737.9,1.28755,6,"[284420,118793,77528.7,67756,26723.8,21078.5]","[-0.799064,1.80947,-1.98377,-1.16229,-1.19426,-0.216868]","[2.19153,-0.892591,-1.7239,-0.0327373,-0.610525,-1.57001]","[381152,372642,287431,119605,48301.1,21915.5]","[0.990629,0.995185,0.994477,0.994647,0.993672,0.979031]","[0,0,0,0,0,0]","[0,0,0,0,0,0]","[-0.81006,-0.513089,-0.896376,-0.765692,-0.530261,-0.916601]",0,"[]","[]","[]","[]","[]","[]","[]","[]","[]","[]",1,"[292686]","[-0.798058]","[2.19717]","[391786]","[25661.6]","[0]","[1.90312]","[0.650944]",0,"[]","[]","[]","[]","[]","[]","[]","[]","[]","[]",0,"[52.2578,163.656]",3135.61,"[5602.78,3567.41,8864.21,2358.9,4710.78,1244.71]","[]","[1627.81]","[]"
290,284500,1072853,364114,1,1587.02,5.30764e+06,1.1961,0.97411,1,1,1,0.996475,1.00582,1,1,0,0,2,"[1,1]","[1,1]","[266822,230903]","[-0.19492,-0.36585]","[-1.76493,1.41027]","[271906,246528]","[0.00435829,0.0224762]","[-1,1]","[11,11]","[1,1]","[0,0]","[735.19,-71.6322]","[-0.00131377,0.00478136]","[0.1535,0.783679]",19262.1,0.435697,2,"[28539.1,24340.1]","[2.17906,1.26381]","[2.56054,0.354475]","[127759,46829.5]","[0.999341,0.996034]","[0,0]","[0,0]","[-0.844283,-0.862934]",0,"[]","[]","[]","[]","[]","[]","[]","[]","[]","[]",1,"[277037]","[-0.180518]","[-1.76101]","[281573]","[2341.41]","[0]","[9.62663]","[-1]",0,"[]","[]","[]","[]","[]","[]","[]","[]","[]","[]",0,"[5725.97,1191.43]",4574.47,"[1963.28,2690.07]","[]","[13139.6]","[]"
291,284500,2612218,364114,1,1587.02,5.30764e+06,0.75088,0.985702,1,1,1,0.9975,1.00306,1,1,0,0,2,"[1,1]","[1,1]","[285574,243457]","[1.06882,0.145058]","[-1.41138,1.69661]","[464822,246023]","[0.00893259,0.0636053]","[-1,1]","[11,11]","[1,1]","[1249.05,0]","[428.841,2746.83]","[0.00627666,-0.00274882]","[0.606879,0.420711]",26400.3,-2.10143,2,"[46458.4,32596.4]","[-1.33001,-2.16987]","[1.77556,1.27373]","[94109.1,144748]","[0.990805,0.713926]","[0,0]","[0,0]","[-0.508207,-0.442554]",0,"[]","[]","[]","[]","[]","[]","[]","[]","[]","[]",2,"[302312,255559]","[1.0666,0.141563]","[-1.41375,1.69961]","[491204,258127]","[-0.00552427,1223.53]","[0,0]","[0,0]","[-1,-1]",0,"[]","[]","[]","[]","[]","[]","[]","[]","[]","[]",0,"[3070.15,1226.02]",6781.57,"[6876.59,3310.25]","[]","[15851.5,0]","[]"
292,284500,7373402,364114,-1,1587.02,5.30764e+06,1.26459,0.968109,1,1,1,0.99824,1.00582,1,1,0,0,2,"[1,1]","[1,1]","[257903,253858]","[-0.769709,-0.536563]","[-0.170598,2.98167]","[338148,291286]","[-0.142212,-0.00653076]","[1,-1]","[11,11]","[1,1]","[0,0]","[4415.47,5050.37]","[-0.0331782,0.0353034]","[4.27388,6.3174]",23056.5,-0.77678,1,"[27262.5]","[-1.23307]","[2.3539]","[50940]","[0.973467]","[0]","[0]","[-0.905923]",0,"[]","[]","[]","[]","[]","[]","[]","[]","[]","[]",2,"[275714,267061]","[-0.645199,-0.817737]","[2.94221,-0.166457]","[339853,361453]","[56518.7,3068.28]","[0,0]","[1.52158,0]","[0.451396,-1]",0,"[]","[]","[]","[]","[]","[]","[]","[]","[]","[]",0,"[2774.34,1667.39]",2829.25,"[3328.72]","[]","[13375.2,8861.34]","[]"
293,284500,5698962,364114,1,1587.02,5.30764e+06,0.75088,0.967171,1,1,1,1,1.00632,1,1,0,0,2,"[1,1]","[1,1]","[268866,260212]","[0.183854,-0.395575]","[-0.383327,2.68784]","[273423,280838]","[0.102818,-0.0874557]","[1,-1]","[11,11]","[1,1]","[0,0]","[340.655,-1271.76]","[0.0143085,-0.00811987]","[2.12905,1.23617]",19230.8,-2.63131,0,"[]","[]","[]","[]","[]","[]","[]","[]",0,"[]","[]","[]","[]","[]","[]","[]","[]","[]","[]",2,"[278929,261560]","[0.191393,-0.389455]","[-0.382798,2.69136]","[284060,281648]","[1939.95,0.00534885]","[0,0]","[21.4679,0]","[-1,-1]",0,"[]","[]","[]","[]","[]","[]","[]","[]","[]","[]",0,"[3322.31,3850.9]",0,"[]","[]","[1908.19,2958.98]","[]"
294,284500,1790901,364114,1.04887,1587.02,5.30764e+06,1.26205,0.960302,1,1,1,0.999645,1.00632,1,1,0,0,2,"[1,1]","[1,1]","[260238,233994]","[0.536593,1.70615]","[3.128,-0.174988]","[298611,665630]","[0.0256462,-0.0402975]","[1,-1]","[11,11]","[1,1]","[0,0]","[-596.159,-509.478]","[0.00959218,-0.0111385]","[1.35709,0.964348]",3160.46,1.16692,1,"[43844.9]","[0.913191]","[0.912568]","[64158.7]","[0.987504]","[0]","[0]","[-0.902054]",0,"[]","[]","[]","[]","[]","[]","[]","[]","[]","[]",2,"[273362,253950]","[0.538977,1.70131]","[3.12206,-0.16777]","[314040,719133]","[939.914,1489.08]","[0,0]","[269.679,43.4444]","[-1,-1]",0,"[]","[]","[]","[]","[]","[]","[]","[]","[]","[]",0,"[1447.66,4018.61]",1111.16,"[2413.38]","[]","[3293.81,2980.97]","[]"
295,284500,3594752,364114,1,1587.02,5.30764e+06,1.26205,0.975422,1,1,1,1,1.00306,1,1,0,0,2,"[1,1]","[1,1]","[297132,276012]","[0.848546,1.33063]","[3.02561,-0.174147]","[410678,558610]","[0.0299896,0.00340188]","[-1,1]","[11,11]","[1,1]","[0,0]","[-1063.41,4277.19]","[0.018627,-0.0141986]","[1.92094,1.32973]",18384.3,0.480429,0,"[]","[]","[]","[]","[]","[]","[]","[]",0,"[]","[]","[]","[]","[]","[]","[]","[]","[]","[]",2,"[318444,318885]","[0.851553,1.34578]","[3.02391,-0.17186]","[441055,653955]","[1721.67,-0.0110485]","[0,0]","[0,0]","[-1,-1]",0,"[]","[]","[]","[]","[]","[]","[]","[]","[]","[]",0,"[2901.53,3724.11]",0,"[]","[]","[12909.8,3295.47]","[]"
296,284500,4417791,364114,1,1587.02,5.30764e+06,1.21412,0.950287,1,1,1,0.99798,1.01265,1,1,0,0,2,"[1,1]","[1,1]","[230078,222945]","[1.57968,1.25732]","[-1.09699,2.01091]","[582033,423640]","[0.12603,0.121353]","[-1,1]","[11,11]","[1,1]","[1341.07,0]","[6458.09,-430.179]","[-0.00279019,0.0126546]","[0.353318,1.62019]",37662.3,-0.47234,1,"[22049.2]","[-1.90276]","[-3.11767]","[75714.5]","[0.69576]","[0]","[0]","[-0.892131]",0,"[]","[]","[]","[]","[]","[]","[]","[]","[]","[]",1,"[269929]","[1.57891]","[-1.10062]","[682399]","[6950.07]","[0]","[7.4683]","[0.468088]",0,"[]","[]","[]","[]","[]","[]","[]","[]","[]","[]",0,"[5075.25,3480.81]",21686.3,"[2363.04]","[]","[9006]","[]"
297,284500,7830188,364114,1,1587.02,5.30764e+06,1.24168,0.99211,1,1,1,0.99563,0.9918,1,1,0,0,1,"[1]","[1]","[263834]","[-0.836774]","[0.23734]","[361718]","[0.00262451]","[-1]","[11]","[1]","[0]","[3097.67]","[0.00758089]","[0.557581]",66941.9,0.34198,3,"[314264,26130.8,20048.1]","[-1.46084,-1.59506,1.90232]","[-2.89587,0.0471773,-2.53293]","[713659,67246.1,68881.6]","[0.99957,0.837778,0.743836]","[0,0,0]","[0,0,0]","[-0.851638,-0.379766,-0.812873]",0,"[]","[]","[]","[]","[]","[]","[]","[]","[]","[]",2,"[321465,281098]","[-1.43233,-0.794321]","[-2.89558,0.241832]","[711601,374546]","[3112.86,2337.45]","[0,0]","[0,13.8223]","[-1,-1]",0,"[]","[]","[]","[]","[]","[]","[]","[]","[]","[]",0,"[1655.99]",6797.28,"[12176.6,1790.98,1712.68]","[]","[60586.9,3478]","[]"
298,284500,6516190,364114,1,1587.02,5.30764e+06,0.553627,0.97003,1,1,1,0.99581,0.97484,1,1,0,0,1,"[1]","[1]","[41583.2]","[0.952609]","[-2.43568]","[61921.6]","[-36.3035]","[-1]","[11]","[1]","[0]","[-313.59]","[-0.0102419]","[1.15541]",47708.8,-2.06157,5,"[232924,89026.8,74842.8,74328.5,25637.1]","[1.18458,-1.76589,1.44241,0.331652,-1.60364]","[-0.266747,3.03787,0.655359,2.57462,2.45116]","[416655,268192,167326,79250.9,66529.5]","[0.996487,0.99965,0,0.997377,0.99898]","[0,0,0,0,0]","[0,0,0,0,0]","[-0.904191,-0.776186,-0.871486,0.219235,-0.686198]",0,"[]","[]","[]","[]","[]","[]","[]","[]","[]","[]",1,"[278123]","[1.28867]","[-0.115634]","[549054]","[82365.9]","[0]","[0.889406]","[0.660597]",0,"[]","[]","[]","[]","[]","[]","[]","[]","[]","[]",0,"[62.4956]",603.383,"[7491.06,3551.62,5790.77,4948.23,1811.3]","[]","[5728.66]","[]"
299,284500,7833461,364114,1,1587.02,5.30764e+06,0.553627,1.00588,1,1,1,0.999388,1.00306,1,1,0,0,1,"[1]","[1]","[220249]","[0.839419]","[1.84556]","[302510]","[0.0144806]","[-1]","[11]","[1]","[1031.85]","[318.923]","[-0.00777974]","[1.03495]",30979,-0.00965647,1,"[268199]","[1.49026]","[-1.22242]","[625560]","[1]","[0]","[0]","[-0.974617]",0,"[]","[]","[]","[]","[]","[]","[]","[]","[]","[]",1,"[291682]","[1.41229]","[-1.21722]","[637206]","[61301.7]","[0]","[1.70235]","[0.59641]",0,"[]","[]","[]","[]","[]","[]","[]","[]","[]","[]",0,"[2141.68]",19333.2,"[4005.48]","[]","[6767.94]","[]"
300,284500,7827883,364114,1,1587.02,5.30764e+06,1.26459,0.926656,1,1,1,1,1.00493,1,1,0,0,2,"[1,1]","[1,1]","[325359,322905]","[-1.17446,-1.53291]","[1.91354,-1.20992]","[576762,782648]","[0.0252991,0.0368958]","[1,-1]","[11,11]","[1,1]","[0,0]","[-1545.63,-356.999]","[-0.0249253,0.00210647]","[3.46031,0.278229]",14144.8,0.116334,0,"[]","[]","[]","[]","[]","[]","[]","[]",0,"[]","[]","[]","[]","[]","[]","[]","[]","[]","[]",2,"[374209,346969]","[-1.55193,-1.19685]","[-1.21691,1.91352]","[922892,626598]","[5851.54,1470.57]","[0,0]","[8.04102,204.224]","[0.222133,-1]",0,"[]","[]","[]","[]","[]","[]","[]","[]","[]","[]",0,"[4159.1,6806.04]",0,"[]","[]","[28830.6,874.688]","[]"
301,284500,6516774,364114,1.23021,1587.02,5.30764e+06,0.696077,0.979489,1,1,1,0.998043,1.00582,1,1,0,0,2,"[1,1]","[1,1]","[325749,319005]","[-0.479473,0.694183]","[-1.93735,1.11628]","[363915,399005]","[-0.041193,0.0445328]","[1,-1]","[11,11]","[1,1]","[0,0]","[2913.13,-418.44]","[0.0164721,-0.00903492]","[1.65777,1.02601]",6807.19,2.51826,1,"[20431.5]","[2.24867]","[2.47784]","[97976.4]","[0.987694]","[0]","[0]","[-0.88886]",0,"[]","[]","[]","[]","[]","[]","[]","[]","[]","[]",2,"[342408,334349]","[-0.473206,0.709901]","[-1.93434,1.11886]","[381482,422208]","[3616.62,3194.1]","[0,0]","[28.6493,86.4968]","[0.318963,0.487739]",0,"[]","[]","[]","[]","[]","[]","[]","[]","[]","[]",0,"[2658.85,3209.1]",150.494,"[1158.14]","[]","[7438.06,8421.47]","[]"
302,284500,7790891,364114,-1,1587.02,5.30764e+06,0.351687,0.984032,1,1,1,1,1.00306,1,1,0,0,2,"[1,1]","[1,1]","[207086,181526]","[0.991191,2.32392]","[2.1241,-0.860945]","[317418,936086]","[-0.0402403,0.310936]","[1,-1]","[11,11]","[1,1]","[0,0]","[-1320.93,1898.81]","[-0.00953856,0.0219511]","[1.09802,0.528748]",63893.7,-1.45237,0,"[]","[]","[]","[]","[]","[]","[]","[]",0,"[]","[]","[]","[]","[]","[]","[]","[]","[]","[]",1,"[256290]","[1.04795]","[2.08039]","[411299]","[27506]","[0]","[0.70716]","[0.648007]",0,"[]","[]","[]","[]","[]","[]","[]","[]","[]","[]",0,"[2019.36,1838.29]",1395.64,"[]","[]","[8733.02]","[]"
303,284500,7466517,364114,1,1587.02,5.30764e+06,0.738662,0.961213,1,1,1,0.998018,1,1,1,0,0,2,"[1,1]","[1,1]","[236729,235191]","[-0.983779,0.421404]","[-2.86509,0.122955]","[360827,256385]","[0.0194855,0.102242]","[-1,1]","[11,11]","[0,1]","[0,1273.34]","[-508.817,2352.8]","[0.00124498,0.00186158]","[0.152498,0.3129]",52642.8,2.06301,1,"[26698]","[-2.49456]","[1.28597]","[162893]","[0.994992]","[0]","[0]","[-0.776628]",0,"[]","[]","[]","[]","[]","[]","[]","[]","[]","[]",1,"[264623]","[-0.958938]","[-2.86721]","[395909]","[1849.62]","[0]","[0]","[-1]",0,"[]","[]","[]","[]","[]","[]","[]","[]","[]","[]",0,"[3347.29,2401.52]",19237.3,"[3163.35]","[]","[13233.8]","[]"
304,284500,920074,364114,1,1587.02,5.30764e+06,1.24168,0.95884,1,1,1,0.996787,0.94761,1,1,0,0,1,"[1]","[1]","[35624.1]","[-0.614523]","[2.31203]","[42564.9]","[0.0507917]","[-1]","[11]","[1]","[1089.95]","[215.911]","[0.0350168]","[2.19682]",141101,1.37111,5,"[111663,81350.1,52522.3,49132,25995.9]","[-1.34684,-0.776549,2.15788,-0.991867,1.1616]","[-0.803377,-0.829472,2.02143,-1.41563,0.924712]","[229892,107607,230484,75745.7,46007.1]","[0.939708,0.0013546,1,0.999732,0.676145]","[0,0,0,0,0]","[0,0,0,0,0]","[-0.847341,-0.791348,-0.847577,-0.531037,-0.840699]",0,"[]","[]","[]","[]","[]","[]","[]","[]","[]","[]",1,"[251110]","[-1.16429]","[-0.727497]","[455737]","[113309]","[0]","[1.46895]","[0.593397]",0,"[]","[]","[]","[]","[]","[]","[]","[]","[]","[]",0,"[70.8413]",32927.1,"[4255.79,4857.57,15344.1,10384.8,36116.8]","[]","[6257.12]","[]"
305,284500,7081024,364114,1,1587.02,5.30764e+06,1.25133,0.95563,1,1,1,0.998273,0.9918,1,1,0,0,2,"[1,1]","[1,1]","[266041,260997]","[-1.2922,-0.796725]","[0.356536,-2.82638]","[520837,348309]","[-0.0156937,-0.0151024]","[-1,1]","[11,11]","[1,1]","[1388.99,1750.01]","[548.252,-698.988]","[0.0150285,0.00918032]","[1.13526,1.33759]",31985,1.26124,2,"[21822.2,20580.7]","[0.192343,0.695938]","[-2.22343,-1.72056]","[23015.5,26169.7]","[0.824397,0.983761]","[0,0]","[0,0]","[-0.818741,-0.899361]",0,"[]","[]","[]","[]","[]","[]","[]","[]","[]","[]",2,"[283411,272217]","[-1.2927,-0.788452]","[0.356496,-2.82051]","[555081,361305]","[-0.0078125,0.00276214]","[0,0]","[0,0]","[-1,-1]",0,"[]","[]","[]","[]","[]","[]","[]","[]","[]","[]",0,"[4088.59,1808.57]",9628.19,"[4124.24,1149.63]","[]","[15254.4,23620]","[]"
306,284500,6116533,364114,1,1587.02,5.30764e+06,1.26459,0.926656,1,1,1,1,1.01508,1,1,0,0,2,"[1,1]","[1,1]","[300599,292341]","[-1.78843,-1.30892]","[2.58694,-0.662484]","[923931,580632]","[-0.0349312,0.0223885]","[-1,1]","[11,11]","[1,1]","[0,0]","[946.302,-1139.13]","[-0.00381876,0.00365545]","[0.373924,0.439091]",27507.1,0.113502,0,"[]","[]","[]","[]","[]","[]","[]","[]",0,"[]","[]","[]","[]","[]","[]","[]","[]","[]","[]",2,"[328070,325976]","[-1.77739,-1.30312]","[2.59162,-0.659919]","[997949,644203]","[9259.97,0.0110485]","[0,0]","[0,0]","[-1,-1]",0,"[]","[]","[]","[]","[]","[]","[]","[]","[]","[]",0,"[4922.11,3589.18]",859.049,"[]","[]","[8212.25,42076]","[]"
307,284500,2918008,364114,1,1587.02,5.30764e+06,0.696077,0.95586,1,1,1,0.998261,0.96932,1,1,0,0,1,"[1]","[1]","[32011.7]","[0.628989]","[-2.39216]","[38555.6]","[-61.6868]","[-1]","[11]","[1]","[0]","[-705.101]","[-0.0149023]","[0.87834]",52116.5,0.789293,3,"[273593,256195,22495.7]","[1.10509,-1.45647,0.606916]","[2.17525,-1.00951,-1.40545]","[460898,579828,27231.8]","[0.999523,0.99358,0.704716]","[0,0,0]","[0,0,0]","[-0.944232,-0.916091,-0.352535]",0,"[]","[]","[]","[]","[]","[]","[]","[]","[]","[]",2,"[282259,272264]","[1.09058,-1.4472]","[2.17549,-1.01021]","[470705,611041]","[55498.6,19045.9]","[0,0]","[1.5494,2.52464]","[0.832007,0.553836]",0,"[]","[]","[]","[]","[]","[]","[]","[]","[]","[]",0,"[59.3968]",1688.48,"[6247.25,5054,2892.53]","[]","[17000.3,17643.3]","[]"
