event,runNumber,eventNumber,channelNumber,mcWeight,XSection,SumWeights,scaleFactor_PILEUP,scaleFactor_ELE,scaleFactor_MUON,scaleFactor_PHOTON,scaleFactor_TAU,scaleFactor_BTAG,scaleFactor_LepTRIGGER,scaleFactor_PhotonTRIGGER,trigE,trigM,trigP,lep_n,lep_truthMatched,lep_trigMatched,lep_pt,lep_eta,lep_phi,lep_E,lep_z0,lep_charge,lep_type,lep_isTightID,lep_ptcone30,lep_etcone20,lep_trackd0pvunbiased,lep_tracksigd0pvunbiased,met_et,met_phi,jet_n,jet_pt,jet_eta,jet_phi,jet_E,jet_jvt,jet_trueflav,jet_truthMatched,jet_MV2c10,photon_n,photon_truthMatched,photon_trigMatched,photon_pt,photon_eta,photon_phi,photon_E,photon_isTightID,photon_ptcone30,photon_etcone20,photon_convType,largeRjet_n,largeRjet_pt,largeRjet_eta,largeRjet_phi,largeRjet_E,largeRjet_m,largeRjet_truthMatched,largeRjet_D2,largeRjet_tau32,tau_n,tau_pt,tau_eta,tau_phi,tau_E,tau_charge,tau_isTightID,tau_truthMatched,tau_trigMatched,tau_nTracks,tau_BDTid,ditau_m,lep_pt_syst,met_et_syst,jet_pt_syst,photon_pt_syst,largeRjet_pt_syst,tau_pt_syst
0,284500,20578,364118,0.603164,20.316,715162,1.21412,0.929142,1,1,1,0.999538,1.01012,1,1,0,0,2,"[1,1]","[1,1]","[420602,357319]","[1.87131,1.83591]","[-0.160079,3.04156]","[1.39865e+06,1.14884e+06]","[0.0806427,-0.149162]","[-1,1]","[11,11]","[1,1]","[0,1393]","[-242.799,652.402]","[0.00385658,-0.00157868]","[0.413125,0.131065]",1817.42,-2.57343,1,"[72817.3]","[-0.267592]","[2.63064]","[75619.1]","[0.99035]","[0]","[0]","[-0.750888]",0,"[]","[]","[]","[]","[]","[]","[]","[]","[]","[]",2,"[438347,376570]","[1.89417,1.85292]","[-0.156049,3.03974]","[1.48984e+06,1.23048e+06]","[7081.22,2677.78]","[0,0]","[13.3824,7.48627]","[0.0673078,-1]",0,"[]","[]","[]","[]","[]","[]","[]","[]","[]","[]",0,"[4338.75,3455.76]",214.267,"[2042.2]","[]","[40446.6,16483.4]","[]"
1,284500,20389,364118,1,20.316,715162,1.21412,0.985702,1,1,1,1.21595,1.00306,1,1,0,0,2,"[1,1]","[1,1]","[245223,218759]","[0.975198,0.13793]","[-3.02181,0.132238]","[371367,220843]","[-0.0245352,0.0230274]","[-1,1]","[11,11]","[1,1]","[1060.42,1545.96]","[282.173,3042.67]","[-0.0146587,-0.00368597]","[2.57143,0.364964]",12109.9,0.439002,4,"[45206.7,33657.2,28231.8,24311.6]","[0.345619,0.632266,0.914802,0.838838]","[0.848589,-1.98799,1.7401,-1.40448]","[48992.9,41219.4,41258.1,33786.3]","[0.966602,0.996004,0.994018,0.985686]","[0,0,0,0]","[0,0,0,0]","[0.980738,-0.835298,-0.888163,-0.945116]",0,"[]","[]","[]","[]","[]","[]","[]","[]","[]","[]",2,"[267322,251596]","[0.970503,0.153298]","[-3.01697,0.173374]","[403411,256059]","[0.00390625,27678.2]","[0,0]","[0,1.24574]","[-1,0.615084]",0,"[]","[]","[]","[]","[]","[]","[]","[]","[]","[]",0,"[2404.16,1862.28]",3882.43,"[3283.9,3256.19,1820.27,2418.88]","[]","[2713.62,0]","[]"
2,284500,27764,364118,-1,20.316,715162,0.923924,0.95598,1,1,1,0.995618,1.01265,1,1,0,0,2,"[1,1]","[1,1]","[248230,139320]","[1.73577,1.55748]","[0.00125255,-3.05587]","[726015,345341]","[-0.112732,0.0269737]","[1,-1]","[11,11]","[1,1]","[0,0]","[1459.9,892.094]","[-0.01685,0.0677674]","[1.27814,1.45641]",13992.5,1.21601,3,"[43052.8,30017.4,26957.9]","[1.26398,-1.21642,-1.58529]","[2.80334,-3.0816,-2.70656]","[82397.3,55326.8,68681.3]","[0.993217,0.941793,0.968667]","[0,0,0]","[0,0,0]","[-0.893449,-0.872823,-0.561905]",0,"[]","[]","[]","[]","[]","[]","[]","[]","[]","[]",1,"[260098]","[1.74847]","[0.000628834]","[770815]","[38146.2]","[0]","[2.55714]","[0.348275]",0,"[]","[]","[]","[]","[]","[]","[]","[]","[]","[]",0,"[5388.79,2998.2]",364.578,"[3968,2009.28,1930.72]","[]","[2559.91]","[]"
3,284500,381159,364118,0.239026,20.316,715162,1.24168,0.96323,1,1,1,0.995036,1.00493,1,1,0,0,1,"[1]","[1]","[401464]","[-1.23107]","[1.52855]","[746094]","[-0.0799627]","[1]","[11]","[1]","[0]","[266.095]","[-0.0208538]","[2.25919]",23102.1,1.4211,4,"[492848,93570.6,33591.7,23680.9]","[-1.39468,0.270345,-0.629789,-1.74971]","[-1.36314,2.81154,3.04876,1.52863]","[1.05514e+06,97515.2,41155.6,70251.3]","[0.991774,1,0.990547,0.96374]","[0,0,0,0]","[0,0,0,0]","[-0.960295,-0.857324,-0.224571,-0.612978]",0,"[]","[]","[]","[]","[]","[]","[]","[]","[]","[]",2,"[496035,426688]","[-1.40049,-1.24673]","[-1.3637,1.52595]","[1.06738e+06,803548]","[1516.04,3929.89]","[0,0]","[0,44.3103]","[-1,-1]",0,"[]","[]","[]","[]","[]","[]","[]","[]","[]","[]",0,"[6083.6]",2183.03,"[8533.92,3140.73,2035.99,3395.64]","[]","[23974,14563.2]","[]"
4,284500,567167,364118,0.721129,20.316,715162,0.402058,0.96203,1,1,1,0.957609,1.01508,1,1,0,0,1,"[1]","[1]","[351320]","[-1.60564]","[-1.85483]","[910233]","[0.0489883]","[-1]","[11]","[1]","[0]","[208.891]","[0.0164322]","[1.59955]",46490.8,-1.35294,2,"[88850.6,23120.5]","[0.124155,1.67726]","[0.720368,2.99624]","[89659.7,64177.9]","[0.999702,0.842351]","[4,0]","[0,0]","[-0.713001,-0.720369]",0,"[]","[]","[]","[]","[]","[]","[]","[]","[]","[]",1,"[361228]","[-1.60158]","[-1.84427]","[932419]","[4949.56]","[0]","[2.49967]","[-1]",0,"[]","[]","[]","[]","[]","[]","[]","[]","[]","[]",0,"[10965.2]",5998.12,"[1700.9,2360.94]","[]","[20618.8]","[]"
5,284500,538702,364118,-1,20.316,715162,1.55465,0.95175,1,1,1,1.3245,0.9244,1,1,0,0,1,"[1]","[1]","[48332.8]","[1.32217]","[0.697008]","[97103.1]","[76.0201]","[-1]","[11]","[1]","[1077.57]","[-727.74]","[-0.0103451]","[0.738246]",32357.5,-3.05225,5,"[339312,302582,115465,70141.5,34182.9]","[-0.685682,0.561388,0.521815,-1.11127,1.19877]","[-0.825927,2.42418,-2.65029,2.1889,-0.310739]","[422684,352171,132597,118368,62245.7]","[0.988351,0.998362,0.00995219,0.999461,0.997682]","[0,0,0,0,0]","[0,0,0,0,0]","[-0.557823,0.989907,-0.819193,0.996158,0.192262]",0,"[]","[]","[]","[]","[]","[]","[]","[]","[]","[]",2,"[381686,293123]","[-0.740042,0.556948]","[-0.785052,2.42313]","[496879,339979]","[75816.8,11839.8]","[0,0]","[2.94774,2.94997]","[0.757285,0.418624]",0,"[]","[]","[]","[]","[]","[]","[]","[]","[]","[]",0,"[72.8028]",4395.5,"[6133.88,5531.25,2049.97,3019.48,3333.89]","[]","[3789.41,1557.84]","[]"
6,284500,588677,364118,1,20.316,715162,0.596562,0.994407,1,1,1,0.985875,0.99866,1,1,0,0,2,"[1,1]","[1,1]","[520929,485771]","[-0.979987,0.0283628]","[-1.16457,2.05688]","[791744,485967]","[-0.139261,-0.0265656]","[1,-1]","[11,11]","[1,1]","[0,1608.03]","[-476.404,3478.05]","[0.00617078,0.00520609]","[0.969821,0.885288]",34060.9,0.882905,2,"[24750.1,23153.1]","[-0.238562,-1.85077]","[0.194159,2.66741]","[25673.1,75542.7]","[0.993672,0.99]","[0,4]","[0,0]","[-0.731319,0.741754]",0,"[]","[]","[]","[]","[]","[]","[]","[]","[]","[]",2,"[557590,504985]","[-0.968206,0.0420916]","[-1.16048,2.05505]","[840004,505432]","[0,0.00126859]","[0,0]","[0,0]","[-1,-1]",0,"[]","[]","[]","[]","[]","[]","[]","[]","[]","[]",0,"[6708.44,5131.69]",1558.37,"[2541.93,1662.09]","[]","[26203.1,36592.7]","[]"
7,284500,568428,364118,1,20.316,715162,0.923924,0.97828,1,1,1,0.998856,1.0005,1,1,0,0,1,"[1]","[1]","[297199]","[2.12042]","[-1.07777]","[1.25635e+06]","[-0.0524635]","[1]","[11]","[1]","[0]","[-1116.32]","[-0.0219298]","[2.05447]",66424.5,-1.13192,2,"[306820,72056.4]","[1.41565,1.76369]","[1.95011,2.41895]","[669324,216439]","[0.583333,0.985872]","[0,0]","[0,0]","[-0.996494,-0.661414]",0,"[]","[]","[]","[]","[]","[]","[]","[]","[]","[]",1,"[345586]","[1.51166]","[2.04541]","[826041]","[85579.6]","[0]","[0.367792]","[0.658842]",0,"[]","[]","[]","[]","[]","[]","[]","[]","[]","[]",0,"[4265.54]",13430.3,"[13070.7,2485.17]","[]","[17437.6]","[]"
8,284500,600410,364118,1,20.316,715162,0.75088,0.97411,1,1,1,0.962222,1.00582,1,1,0,0,2,"[1,1]","[1,1]","[355156,352386]","[-0.197013,-0.279908]","[1.63583,-1.39315]","[362071,366281]","[-0.0349979,-0.0421066]","[1,-1]","[11,11]","[1,1]","[0,0]","[-2143.19,1136.55]","[-0.0204952,0.0037337]","[2.35499,0.523553]",45823.6,0.450639,2,"[60397.7,26303.7]","[1.62614,-1.24447]","[3.05522,-2.8952]","[159639,49656.4]","[0.992155,0.939987]","[4,0]","[0,0]","[0.38369,-0.579897]",0,"[]","[]","[]","[]","[]","[]","[]","[]","[]","[]",2,"[364495,362655]","[-0.294212,-0.214496]","[-1.39618,1.63266]","[380414,371030]","[4725.53,0.00338291]","[0,0]","[0,0]","[-1,-1]",0,"[]","[]","[]","[]","[]","[]","[]","[]","[]","[]",0,"[3397.22,2231.6]",7523.37,"[5386.52,1925.5]","[]","[36925.1,5208.5]","[]"
9,284500,595913,364118,1,20.316,715162,1.26459,0.976271,1,1,1,0.938409,1.00582,1,1,0,0,2,"[1,1]","[1,1]","[243337,116873]","[-0.546774,0.70685]","[2.81628,-0.475865]","[280627,147306]","[-0.0226765,0.0459766]","[-1,1]","[11,11]","[1,1]","[0,0]","[320.271,-941.542]","[0.0636798,-0.00489031]","[3.8361,0.550971]",27301.8,-2.6263,4,"[101941,27090.9,26307,25724.1]","[2.14747,0.504215,-0.393793,-0.493966]","[-0.57247,0.536909,0.934254,0.308298]","[442544,31180.5,28898.6,29596.3]","[0.97778,0.865926,1,0.79472]","[4,0,4,0]","[0,0,0,0]","[0.342897,-0.884724,-0.772673,-0.872516]",0,"[]","[]","[]","[]","[]","[]","[]","[]","[]","[]",1,"[253401]","[-0.541684]","[2.81454]","[291511]","[2960.62]","[0]","[5.4353]","[-1]",0,"[]","[]","[]","[]","[]","[]","[]","[]","[]","[]",0,"[2352.7,992.69]",6737.97,"[3498.98,4326.38,3180.79,2196.94]","[]","[2232.86]","[]"
10,284500,292617,364118,-1,20.316,715162,0.187531,0.96323,1,1,1,0.965455,1.00493,1,1,0,0,1,"[1]","[1]","[237802]","[-1.1875]","[-2.34688]","[426122]","[0.0785751]","[-1]","[11]","[1]","[0]","[-1049.19]","[0.0340807]","[2.48956]",63387.3,2.55213,3,"[279530,68788.2,53515.8]","[-1.40424,1.5917,-0.545744]","[1.11382,-1.17999,-0.770734]","[603558,176406,62164.9]","[1,0,0.99]","[0,0,4]","[0,0,0]","[-0.969611,-0.80163,-0.658506]",0,"[]","[]","[]","[]","[]","[]","[]","[]","[]","[]",2,"[264226,267303]","[-1.16404,-1.37764]","[-2.34286,1.11508]","[464385,563702]","[0.00552427,-0.0078125]","[0,0]","[0,0]","[-1,-1]",0,"[]","[]","[]","[]","[]","[]","[]","[]","[]","[]",0,"[4383.29]",5961.27,"[19365.5,3699.39,13013.9]","[]","[8121.34,11441.7]","[]"
11,284500,277586,364118,1,20.316,715162,0.696077,0.97538,1,1,1,0.999694,1.01508,1,1,0,0,1,"[0]","[1]","[148672]","[-1.71304]","[2.97264]","[425657]","[0.00964737]","[-1]","[11]","[1]","[4963.97]","[2321.76]","[0.037453]","[3.86137]",67568.6,-2.74763,1,"[57667.8]","[0.76633]","[2.30347]","[76226.3]","[0.988638]","[0]","[0]","[-0.813757]",0,"[]","[]","[]","[]","[]","[]","[]","[]","[]","[]",1,"[267394]","[-0.374308]","[-0.165952]","[286405]","[5820.25]","[0]","[7.84399]","[0.320579]",0,"[]","[]","[]","[]","[]","[]","[]","[]","[]","[]",0,"[2440.89]",3598.79,"[4627.02]","[]","[0]","[]"
12,284500,1479982,364118,1.93858,20.316,715162,1.26459,0.968109,1,1,1,0.997829,0.99866,1,1,0,0,2,"[1,1]","[1,1]","[223486,178170]","[-1.05724,-0.541675]","[-0.39641,2.50685]","[360465,204954]","[0.0243797,-0.0109711]","[-1,1]","[11,11]","[1,1]","[0,0]","[749.685,867.351]","[0.00566245,0.0126674]","[0.651336,1.51898]",9688.25,-0.701792,2,"[42837,25290.9]","[0.827455,-1.46518]","[-2.52457,2.72872]","[58533.6,57842.8]","[0.982689,0.958863]","[0,0]","[0,0]","[-0.902678,-0.768409]",0,"[]","[]","[]","[]","[]","[]","[]","[]","[]","[]",1,"[272528]","[-1.09361]","[-0.382399]","[452588]","[13065.7]","[0]","[3.43589]","[0.569368]",0,"[]","[]","[]","[]","[]","[]","[]","[]","[]","[]",0,"[2647.78,950.72]",1416.48,"[4689.93,2490.58]","[]","[4037.12]","[]"
13,284500,481812,364118,1,20.316,715162,0.553627,1.00057,1,1,1,0.999438,1.00936,1,1,0,0,2,"[1,1]","[1,1]","[668210,632124]","[0.0525285,-0.348004]","[-1.88002,1.36297]","[669132,670789]","[-0.0119362,-0.0685844]","[1,-1]","[11,11]","[1,1]","[0,0]","[13482.3,3384.33]","[0.00368324,-0.00848616]","[0.520415,0.912501]",43446.5,-1.7458,1,"[82383.6]","[-0.820073]","[0.774632]","[112487]","[0.997582]","[0]","[0]","[-0.582654]",0,"[]","[]","[]","[]","[]","[]","[]","[]","[]","[]",2,"[715737,680480]","[0.0173735,-0.423453]","[-1.88235,1.32361]","[715904,756295]","[9195.27,144269]","[0,0]","[11.5378,1.76134]","[-1,0.696665]",0,"[]","[]","[]","[]","[]","[]","[]","[]","[]","[]",0,"[6523.16,4487.05]",2189,"[4037.92]","[]","[121821,18978.4]","[]"
14,284500,482436,364118,1,20.316,715162,0,0.932005,1,1,1,0.999188,1.01012,1,1,0,0,2,"[1,1]","[1,1]","[168534,52881.9]","[1.9087,1.64518]","[2.29972,-0.974121]","[580820,142118]","[-0.112649,0.0699139]","[-1,1]","[11,11]","[1,1]","[0,0]","[1095.28,3299.36]","[-0.0207642,0.0215853]","[1.82499,1.72089]",39754.5,-0.593851,1,"[176528]","[1.23227]","[-0.708373]","[329084]","[0.999095]","[0]","[0]","[-0.864144]",0,"[]","[]","[]","[]","[]","[]","[]","[]","[]","[]",1,"[254643]","[1.37198]","[-0.782348]","[538685]","[68311.8]","[0]","[1.14018]","[0.638424]",0,"[]","[]","[]","[]","[]","[]","[]","[]","[]","[]",0,"[2070.59,253.957]",5470.64,"[3372.72]","[]","[17848.8]","[]"
15,284500,617721,364118,1,20.316,715162,1.32095,0.962145,1,1,1,0.999658,0.99866,1,1,0,0,2,"[1,1]","[1,1]","[511359,449233]","[-0.898131,-0.919768]","[-0.596965,2.43868]","[731842,653033]","[0.00365448,-0.0647964]","[1,-1]","[11,11]","[1,1]","[0,0]","[8385.83,117.971]","[0.0397507,-0.0361894]","[5.87351,3.1603]",15419.3,2.30868,1,"[48190]","[0.559902]","[2.90637]","[56577.2]","[0.997193]","[0]","[0]","[-0.824669]",0,"[]","[]","[]","[]","[]","[]","[]","[]","[]","[]",2,"[545847,506644]","[-0.859505,-0.879872]","[-0.601552,2.43753]","[760190,715744]","[0.015625,1168.62]","[0,0]","[0,0]","[-1,-1]",0,"[]","[]","[]","[]","[]","[]","[]","[]","[]","[]",0,"[6880.47,5332.82]",4767.88,"[2120.91]","[]","[12103.9,236.438]","[]"
16,284500,1618602,364118,-1,20.316,715162,0.696077,0.935864,1,1,1,0.965749,1.00306,1,1,0,0,2,"[1,1]","[1,1]","[87586.2,35919.1]","[0.78729,2.2081]","[-2.49043,-1.82989]","[116162,165377]","[0.000667572,-0.00275803]","[-1,1]","[11,11]","[1,1]","[0,0]","[78.2272,622.831]","[0.00459288,-0.00966394]","[0.535643,0.529157]",24841.6,1.96607,3,"[176768,119459,26873.8]","[0.658922,1.9297,-0.0110195]","[0.675885,0.448037,-2.70431]","[218137,420353,27226.7]","[0.990043,0,0.99395]","[4,0,0]","[0,0,0]","[-0.692767,-0.676144,-0.756677]",0,"[]","[]","[]","[]","[]","[]","[]","[]","[]","[]",1,"[260536]","[0.917456]","[-2.5766]","[387075]","[82885.1]","[0]","[2.03149]","[0.242072]",0,"[]","[]","[]","[]","[]","[]","[]","[]","[]","[]",0,"[358.947,301.838]",886.809,"[2724.31,4134.83,2268.59]","[]","[13232.5]","[]"
17,284500,1241587,364118,1.07699,20.316,715162,0.75088,0.97411,1,1,1,1.28293,1.00582,1,1,0,0,2,"[1,1]","[1,1]","[246030,219161]","[-0.498939,-0.279438]","[0.148611,2.88301]","[277294,227773]","[-0.00839233,0.0112915]","[-1,1]","[11,11]","[1,1]","[0,0]","[606.581,-623.247]","[-0.0224912,0.0140548]","[1.80301,1.8091]",9587.95,-1.33403,2,"[64693.9,29653.1]","[-0.824297,-0.315582]","[-1.8388,-2.361]","[88875,31666.5]","[0.976789,0.992763]","[4,4]","[0,0]","[-0.807173,0.974527]",0,"[]","[]","[]","[]","[]","[]","[]","[]","[]","[]",1,"[252078]","[-0.575494]","[0.149841]","[294987]","[978.755]","[0]","[0]","[-1]",0,"[]","[]","[]","[]","[]","[]","[]","[]","[]","[]",0,"[1476.17,1129.09]",3916.87,"[5200.36,1174.22]","[]","[6639.48]","[]"
18,284500,1005076,364118,-1,20.316,715162,1.21412,0.962145,1,1,1,0.986954,0.99866,1,1,0,0,2,"[1,1]","[1,1]","[289455,246074]","[-0.963105,-1.00233]","[-1.10232,2.10259]","[434403,380388]","[-0.0318775,0.0552101]","[-1,1]","[11,11]","[1,1]","[0,0]","[329.179,-338.259]","[0.028555,-0.0220666]","[2.96208,2.58332]",42264.9,-0.797149,2,"[63068.9,22961.7]","[-0.43845,-1.93405]","[1.94948,2.28588]","[69772.7,81192.3]","[0.990928,0.989672]","[0,4]","[0,0]","[-0.322653,-0.709909]",0,"[]","[]","[]","[]","[]","[]","[]","[]","[]","[]",2,"[355618,324332]","[-0.935593,-0.903628]","[-1.07707,2.07383]","[524376,472696]","[38641.8,79240.9]","[0,0]","[1.43495,0.881114]","[0.526056,0.613179]",0,"[]","[]","[]","[]","[]","[]","[]","[]","[]","[]",0,"[2893.34,2560.65]",1832.39,"[2568.81,2609.46]","[]","[12488,22814]","[]"
19,284500,1240297,364118,1,20.316,715162,1.26205,0.97411,1,1,1,0.976901,1.00582,1,1,0,0,2,"[1,1]","[1,1]","[252805,190336]","[-0.35244,-0.297766]","[-0.952486,1.98834]","[268669,198836]","[-0.0523729,0.0899706]","[-1,1]","[11,11]","[1,1]","[0,0]","[944.344,1586.98]","[0.0179463,0.000906989]","[2.24164,0.127092]",23746.8,2.0505,2,"[29955,26818.9]","[0.0124816,0.933335]","[1.01081,-2.87159]","[30253.7,39873]","[0.99676,0.754348]","[4,0]","[0,0]","[-0.70352,-0.616114]",0,"[]","[]","[]","[]","[]","[]","[]","[]","[]","[]",1,"[260963]","[-0.362822]","[-0.945453]","[278329]","[0.00390625]","[0]","[0]","[-1]",0,"[]","[]","[]","[]","[]","[]","[]","[]","[]","[]",0,"[1316.47,1232.05]",2746.23,"[2833.17,5955.83]","[]","[1116.58]","[]"
20,284500,1626114,364118,1,20.316,715162,0.923924,0.97996,1,1,1,0.99687,1.01265,1,1,0,0,1,"[1]","[1]","[154553]","[1.54476]","[2.00215]","[378671]","[0.0205994]","[1]","[11]","[1]","[0]","[-1103.21]","[0.0237593]","[2.71415]",17452.6,1.8253,3,"[272379,83076.7,20474.7]","[1.46253,-1.18947,-2.34093]","[-1.18632,2.17363,0.789119]","[619537,149415,107411]","[0.99583,0.997471,0.921489]","[0,0,0]","[0,0,0]","[-0.933232,-0.888529,-0.0557603]",0,"[]","[]","[]","[]","[]","[]","[]","[]","[]","[]",1,"[259728]","[1.4489]","[-1.1849]","[583513]","[1098.49]","[0]","[1.79123]","[-1]",0,"[]","[]","[]","[]","[]","[]","[]","[]","[]","[]",0,"[2530.84]",12266.9,"[4237.42,3829.26,1148.34]","[]","[0]","[]"
21,284500,1643622,364118,-1,20.316,715162,1.24168,1.00588,1,1,1,0.995228,1.00306,1,1,0,0,1,"[1]","[1]","[172066]","[0.895031]","[0.123342]","[245711]","[-0.0259705]","[-1]","[11]","[1]","[0]","[449.487]","[0.0184782]","[2.45203]",56385.1,0.0300111,6,"[350475,68458.7,34169,28373.2,22655.2,22060]","[1.40131,-0.749276,-1.05345,1.79102,-0.528818,0.548569]","[-2.92665,0.794305,-0.518813,1.68918,-0.630547,2.30092]","[754758,89226.3,55341.1,87546.8,26269.6,25708]","[0.999886,0.998309,0.878297,0.904593,0.997579,0.938121]","[0,0,0,0,0,0]","[0,0,0,0,0,0]","[-0.885082,-0.937465,-0.951548,-0.826065,-0.612161,-0.577034]",0,"[]","[]","[]","[]","[]","[]","[]","[]","[]","[]",1,"[330212]","[1.37371]","[-2.92712]","[693966]","[0]","[0]","[0]","[-1]",0,"[]","[]","[]","[]","[]","[]","[]","[]","[]","[]",0,"[1507.56]",11970.4,"[5614.67,8032.8,4954.15,1777.22,2966.35,2108.23]","[]","[15558.2]","[]"
22,284500,1846855,364118,-1,20.316,715162,1.24168,0.984897,1,1,1,1,1,1,1,0,0,2,"[1,1]","[1,1]","[554508,548872]","[0.710151,0.742157]","[-1.94876,1.35493]","[700307,707097]","[0.00226593,0.0149918]","[-1,1]","[11,11]","[0,1]","[0,0]","[-1457.68,4259.97]","[0.039445,-0.0368451]","[5.14648,3.8627]",25294.8,-1.15117,0,"[]","[]","[]","[]","[]","[]","[]","[]",0,"[]","[]","[]","[]","[]","[]","[]","[]","[]","[]",2,"[568875,562653]","[0.743156,0.77413]","[-1.93968,1.34725]","[733328,739859]","[-0.00956832,5882.28]","[0,0]","[0,0]","[-1,-1]",0,"[]","[]","[]","[]","[]","[]","[]","[]","[]","[]",0,"[7113.95,4403.78]",378.234,"[]","[]","[31179.9,12323.5]","[]"
23,284500,1861150,364118,1,20.316,715162,1.26205,0.95444,1,1,1,0.960483,0.9918,1,1,0,0,2,"[1,1]","[1,1]","[251214,161778]","[-0.786195,-1.65204]","[2.32693,-0.563349]","[332934,437549]","[0.0265121,-0.0935097]","[-1,1]","[11,11]","[1,1]","[0,0]","[408.074,-200.109]","[0.000328311,-0.0258167]","[0.027798,1.48849]",26724.1,-1.33673,1,"[87834.9]","[-0.576693]","[-0.980169]","[103849]","[0.995696]","[4]","[0]","[-0.923193]",0,"[]","[]","[]","[]","[]","[]","[]","[]","[]","[]",1,"[263466]","[-0.774355]","[2.32142]","[346483]","[0.00552427]","[0]","[0]","[-1]",0,"[]","[]","[]","[]","[]","[]","[]","[]","[]","[]",0,"[1558.47,2784.49]",6822,"[7524.97]","[]","[1716.73]","[]"
24,284500,1666536,364118,-1,20.316,715162,1.26459,0.961213,1,1,1,0.994773,1.00632,1,1,0,0,2,"[1,1]","[1,1]","[718824,682071]","[0.311553,-0.960316]","[1.15569,-1.90981]","[753993,1.0215e+06]","[-0.007231,0.0303521]","[1,-1]","[11,11]","[1,1]","[0,0]","[-884.706,1242.73]","[-0.0153082,0.0191434]","[2.66379,3.08651]",33867.2,-3.0852,6,"[137996,59362.4,42257.7,34242.8,25563.4,24661.7]","[-1.05391,0.369994,-0.682893,-0.621287,2.46467,-0.0957455]","[-2.75987,0.660314,-1.32191,0.576058,2.33433,0.0646753]","[222209,63927.5,52951.5,41470.4,151438,25308.4]","[0.99,0.99,0.987529,0.984242,0.996211,1]","[0,0,0,0,0,0]","[0,0,0,0,0,0]","[-0.908189,-0.825608,-0.927556,-0.895787,-0.5438,-0.918618]",0,"[]","[]","[]","[]","[]","[]","[]","[]","[]","[]",2,"[815302,730286]","[-1.01817,0.314156]","[-2.04215,1.1525]","[1.3009e+06,766627]","[254838,2997.21]","[0,0]","[0.24734,0]","[0.280745,-1]",0,"[]","[]","[]","[]","[]","[]","[]","[]","[]","[]",0,"[5817.02,9928.72]",3003.4,"[2537.9,3427.61,4255.49,4320.13,4044.27,1845.89]","[]","[52016.4,56449.8]","[]"
25,284500,1801222,364118,0.70001,20.316,715162,1.21412,0.943646,1,1,1,0.998777,0.99866,1,1,0,0,2,"[1,1]","[1,1]","[359938,265057]","[-1.01549,-1.65053]","[-0.561664,2.66493]","[562030,715881]","[-0.00163078,0.03269]","[1,-1]","[11,11]","[1,1]","[0,0]","[-1387.95,1438.44]","[0.0088392,0.015929]","[1.06153,0.777903]",18979.7,2.49748,2,"[70407.6,24930.2]","[-0.0910703,-0.7938]","[1.95264,-2.92022]","[71047.8,33496.3]","[0.99,0.969471]","[0,0]","[0,0]","[-0.920373,-0.715715]",0,"[]","[]","[]","[]","[]","[]","[]","[]","[]","[]",2,"[391651,297124]","[-1.01084,-1.65346]","[-0.557554,2.67247]","[609372,804670]","[0.00956832,0]","[0,0]","[0,0]","[-1,-1]",0,"[]","[]","[]","[]","[]","[]","[]","[]","[]","[]",0,"[5796.8,5188.4]",2999.33,"[1829.92,4611.99]","[]","[14132.3,477.156]","[]"
26,284500,1800806,364118,-1,20.316,715162,1.21412,0.98697,1,1,1,0.9926,1.00582,1,1,0,0,1,"[1]","[1]","[522708]","[-0.545982]","[1.17743]","[602572]","[-0.00320625]","[-1]","[11]","[1]","[0]","[4076.42]","[0.0190107]","[1.86677]",72896.7,0.99123,5,"[571417,43153.2,25259,24448.2,22861.1]","[-0.164059,1.98807,2.22618,1.16811,1.14566]","[-1.91666,0.823206,2.67699,-2.21521,-1.53769]","[579361,160617,118504,43336.4,39885.5]","[0.999159,0.990657,0.816158,0.744115,0.952625]","[0,0,0,0,0]","[0,0,0,0,0]","[-0.888628,-0.923668,-0.505575,0.210628,-0.753946]",0,"[]","[]","[]","[]","[]","[]","[]","[]","[]","[]",2,"[540558,539039]","[-0.54463,-0.163546]","[1.17818,-1.91848]","[622742,546289]","[3819.62,5183.35]","[0,0]","[0,28.7185]","[-1,0.330123]",0,"[]","[]","[]","[]","[]","[]","[]","[]","[]","[]",0,"[3468]",3407.22,"[6807.31,2339.4,5183.74,1783.79,1626.02]","[]","[16789.3,21728.2]","[]"
27,284500,1822373,364118,1,20.316,715162,1.26459,0.98458,1,1,1,0.961787,1.00582,1,1,0,0,1,"[1]","[1]","[127026]","[-0.403957]","[-2.53675]","[137531]","[-0.0225868]","[1]","[11]","[1]","[0]","[4463.62]","[0.0183544]","[2.1044]",34326.3,-0.826076,4,"[123291,115554,86000.7,37819]","[1.04878,-0.550685,-0.460247,1.93605]","[0.177634,-3.02974,0.817802,0.650106]","[198431,134332,96091.1,133987]","[0.742637,0,0.996799,0.609611]","[4,0,0,0]","[0,0,0,0]","[-0.74278,-0.898716,-0.928868,-0.885523]",0,"[]","[]","[]","[]","[]","[]","[]","[]","[]","[]",1,"[261404]","[-0.455599]","[-2.74737]","[290639]","[30757]","[0]","[0.763154]","[0.754818]",0,"[]","[]","[]","[]","[]","[]","[]","[]","[]","[]",0,"[649.385]",4683.12,"[1247.95,7193.04,4335.91,1544.94]","[]","[10267]","[]"
28,284500,1656853,364118,1.11452,20.316,715162,0.696077,0.960322,1,1,1,0.97296,1.01265,1,1,0,0,2,"[1,1]","[1,1]","[291120,257144]","[1.55544,1.5356]","[-2.16985,1.24783]","[720268,624788]","[-0.00960922,-0.0177641]","[1,-1]","[11,11]","[1,1]","[0,0]","[617.148,-76.7625]","[-0.00810444,0.0136533]","[0.918256,1.93716]",19843.1,-0.78269,1,"[35308.8]","[1.80415]","[0.109434]","[110200]","[1]","[4]","[0]","[-0.773922]",0,"[]","[]","[]","[]","[]","[]","[]","[]","[]","[]",2,"[321114,285142]","[1.56169,1.54834]","[-2.17513,1.24322]","[799060,700916]","[5803.9,1701.75]","[0,0]","[8.05577,0]","[0.636126,-1]",0,"[]","[]","[]","[]","[]","[]","[]","[]","[]","[]",0,"[6715.01,5152.05]",541.039,"[1922.46]","[]","[15324.1,9838.56]","[]"
29,284500,1799730,364118,1.61172,20.316,715162,0.696077,0.9623,1,1,1,0.994048,0.96784,1,1,0,0,1,"[0]","[1]","[27394.5]","[-0.317706]","[-0.464864]","[28788.7]","[-0.0210495]","[1]","[11]","[1]","[0]","[1416.21]","[-0.0123216]","[1.24972]",31811.2,1.41926,6,"[349511,165492,86959.7,64734.8,32499.3,24357.2]","[0.858517,-1.98726,1.31499,0.55178,2.38875,1.40043]","[2.94222,-0.350074,-0.363273,0.0432156,-0.874835,1.10651]","[487157,615388,173993,76159.6,178643,52736.3]","[0.995975,1,0.992801,0.994628,0.986018,0.991904]","[0,0,0,0,0,0]","[0,0,0,0,0,0]","[-0.856,-0.749523,-0.617357,-0.842274,-0.617228,-0.0721699]",0,"[]","[]","[]","[]","[]","[]","[]","[]","[]","[]",1,"[347786]","[0.895578]","[2.94375]","[497589]","[27406.1]","[0]","[2.57436]","[0.597053]",0,"[]","[]","[]","[]","[]","[]","[]","[]","[]","[]",0,"[48.0417]",948.572,"[4272.77,3322.63,3793.17,5350.96,3130.98,1933.72]","[]","[18373.6]","[]"
30,284500,1821329,364118,1,20.316,715162,1.25133,0.92889,1,1,1,0.975286,0.97155,1,1,0,0,2,"[1,1]","[1,1]","[247344,211001]","[2.40165,1.00599]","[-0.0697488,3.10679]","[1.37671e+06,327082]","[0.00119209,0.0411606]","[-1,1]","[11,11]","[1,1]","[0,0]","[-454.031,-354.889]","[0.0185493,-0.00731129]","[1.427,0.857922]",52194.9,-2.15049,2,"[55699.4,36124]","[1.24588,0.449395]","[1.09878,-2.92764]","[105254,40352.2]","[1,0.993109]","[0,4]","[0,0]","[-0.932343,-0.760519]",0,"[]","[]","[]","[]","[]","[]","[]","[]","[]","[]",1,"[256455]","[0.962752]","[3.13015]","[387719]","[47675.2]","[0]","[0.798995]","[0.370012]",0,"[]","[]","[]","[]","[]","[]","[]","[]","[]","[]",0,"[10869.1,2401.89]",9449.89,"[7160.09,7146.23]","[]","[28281.1]","[]"
31,284500,1846036,364118,-0.0949236,20.316,715162,1.1961,0.949495,1,1,1,0.945081,1.01508,1,1,0,0,2,"[1,1]","[1,1]","[254095,167967]","[-1.70069,-0.209265]","[-2.97215,0.00221118]","[719126,171658]","[0.0514374,-0.0560989]","[-1,1]","[11,11]","[1,1]","[0,0]","[-1172.45,-563.936]","[0.0125365,-0.0258049]","[1.43486,4.58545]",34164.9,0.95068,3,"[77067.1,25684.7,23579]","[-2.39039,1.84999,-1.84813]","[0.695249,0.53407,-2.27788]","[424579,83770,76888]","[0.999302,1,0.723877]","[4,4,0]","[0,0,0]","[-0.654576,-0.450806,-0.755484]",0,"[]","[]","[]","[]","[]","[]","[]","[]","[]","[]",1,"[273932]","[-1.71966]","[-2.97343]","[789168]","[2655.7]","[0]","[0]","[-1]",0,"[]","[]","[]","[]","[]","[]","[]","[]","[]","[]",0,"[4521.92,933.005]",3152.74,"[3186.19,1192.18,2964.63]","[]","[4587.09]","[]"
32,284500,1873385,364118,0.80095,20.316,715162,1.32095,0.97411,1,1,1,0.981104,1.00582,1,1,0,0,2,"[1,1]","[1,1]","[344440,328007]","[-0.455133,-0.409964]","[-0.0461169,-2.96342]","[380735,355959]","[0.0198212,0.0220566]","[1,-1]","[11,11]","[1,1]","[0,0]","[468.245,-681.555]","[0.0118458,-0.00461721]","[2.14146,0.493828]",32383.9,-0.916338,2,"[53500.4,27605.1]","[-0.51341,-1.96343]","[1.69913,2.80167]","[60975.3,100350]","[0.991821,0.988529]","[0,4]","[0,0]","[-0.892241,-0.812493]",0,"[]","[]","[]","[]","[]","[]","[]","[]","[]","[]",2,"[362137,346037]","[-0.419442,-0.380844]","[-0.0477854,-2.96416]","[394513,371436]","[6356.43,0.00516748]","[0,0]","[0,0]","[-1,-1]",0,"[]","[]","[]","[]","[]","[]","[]","[]","[]","[]",0,"[2174.79,2134.62]",1079.32,"[6665.31,3202.23]","[]","[5603.44,29799.4]","[]"
33,284500,1877661,364118,0.167496,20.316,715162,0.00292683,0.948658,1,1,1,0.998823,0.99544,1,1,0,0,2,"[1,1]","[1,1]","[246007,197020]","[1.28215,2.27108]","[-0.474688,3.12784]","[477479,964715]","[0.090416,-0.0209389]","[1,-1]","[11,11]","[1,1]","[1084.67,2873.85]","[1746.3,29.33]","[-0.0209785,-0.0124604]","[1.91917,1.69343]",20154.2,-1.12606,2,"[115442,29966]","[1.32994,-0.00543869]","[2.03378,0.981556]","[233891,30529.3]","[0.948702,0.99002]","[0,0]","[0,0]","[-0.630746,-0.521528]",0,"[]","[]","[]","[]","[]","[]","[]","[]","[]","[]",1,"[272546]","[1.28106]","[-0.47012]","[528561]","[8482.39]","[0]","[9.76422]","[0.518574]",0,"[]","[]","[]","[]","[]","[]","[]","[]","[]","[]",0,"[3060.63,3123.21]",2915.62,"[4290.46,2213.55]","[]","[2361.84]","[]"
34,284500,103311,364118,1,20.316,715162,0.923924,0.97749,1,1,1,0.963952,1.00021,1,1,0,0,1,"[1]","[1]","[76824.4]","[0.788753]","[-3.09311]","[101987]","[0.00668705]","[-1]","[11]","[1]","[0]","[2396.94]","[0.00978348]","[1.23298]",69859.5,0.0174294,4,"[161343,92223.7,55692.1,31936.3]","[-0.0309278,0.974627,-0.672699,0.233363]","[2.98529,-0.318148,-0.082729,-0.261268]","[163227,140069,69173.9,32862.7]","[0,0.33224,1,0.998728]","[0,0,4,0]","[0,0,0,0]","[-0.730078,-0.92436,-0.88353,-0.654069]",0,"[]","[]","[]","[]","[]","[]","[]","[]","[]","[]",1,"[256128]","[0.245243]","[3.06395]","[283841]","[104589]","[0]","[0.925974]","[0.61409]",0,"[]","[]","[]","[]","[]","[]","[]","[]","[]","[]",0,"[233.045]",852.188,"[3985.36,3887.84,1617.28,1838.21]","[]","[3691.77]","[]"
35,284500,147336,364118,-1,20.316,715162,0.596562,0.950287,1,1,1,0.983363,0.99544,1,1,0,0,2,"[1,1]","[1,1]","[200280,182575]","[1.19152,1.638]","[3.08573,0.138038]","[360090,487408]","[0.00438309,-0.0360947]","[1,-1]","[11,11]","[1,1]","[0,0]","[-865.464,3140.74]","[0.0076612,-0.00604076]","[0.851651,0.639079]",2523.36,1.54579,2,"[62657.3,24338.6]","[0.782581,0.0813443]","[0.144688,-2.92085]","[84042.1,24657.3]","[0.988822,0.994375]","[0,4]","[0,0]","[-0.89459,0.696143]",0,"[]","[]","[]","[]","[]","[]","[]","[]","[]","[]",1,"[288632]","[1.48645]","[0.140292]","[679983]","[111871]","[0]","[0.931337]","[0.551517]",0,"[]","[]","[]","[]","[]","[]","[]","[]","[]","[]",0,"[2062.24,3078.6]",24791.7,"[4926.42,1164.81]","[]","[10875.1]","[]"
36,284500,116443,364118,-1,20.316,715162,1.22586,0.956613,1,1,1,0.997241,1.01012,1,1,0,0,2,"[1,1]","[1,1]","[283369,250479]","[1.84194,0.605321]","[-0.585262,2.39655]","[916315,297787]","[0.0494156,-0.0523987]","[1,-1]","[11,11]","[1,1]","[0,0]","[321.393,1280.12]","[0.019488,-0.00733632]","[2.58476,1.31668]",15054.1,-2.38166,2,"[22575.4,20117.9]","[0.544643,2.03728]","[2.8767,-2.50434]","[26408.7,78536.8]","[0.951464,1]","[0,0]","[0,0]","[-0.77487,-0.243246]",0,"[]","[]","[]","[]","[]","[]","[]","[]","[]","[]",2,"[297287,253003]","[1.85734,0.646865]","[-0.584132,2.40135]","[975516,307807]","[0.0110485,0.00338291]","[0,0]","[0,0]","[-1,-1]",0,"[]","[]","[]","[]","[]","[]","[]","[]","[]","[]",0,"[2260.35,2668.46]",1921.41,"[2444.43,1563.39]","[]","[6252.94,0]","[]"
37,284500,596390,364118,1,20.316,715162,0.696077,0.926656,1,1,1,0.966306,1.01508,1,1,0,0,2,"[1,1]","[1,1]","[364492,280387]","[-1.77327,-1.26881]","[0.95872,-2.14632]","[1.10438e+06,538033]","[-0.133125,-0.0068779]","[1,-1]","[11,11]","[1,1]","[0,0]","[1438.37,2618.34]","[-0.00823344,0.00363081]","[0.644883,0.573375]",13239.8,1.41911,1,"[100239]","[-2.46193]","[-2.19037]","[592092]","[1]","[4]","[0]","[-0.855906]",0,"[]","[]","[]","[]","[]","[]","[]","[]","[]","[]",2,"[387829,301041]","[-1.76381,-1.26492]","[0.948934,-2.14141]","[1.16466e+06,575761]","[0.0220971,3171.82]","[0,0]","[0,4.99071]","[-1,-1]",0,"[]","[]","[]","[]","[]","[]","[]","[]","[]","[]",0,"[6111.77,3568.86]",756.831,"[2179.72]","[]","[2038.78,9539.62]","[]"
38,284500,602091,364118,1,20.316,715162,1.32095,0.979183,1,1,1,0.991016,1.00582,1,1,0,0,2,"[1,1]","[1,1]","[402574,350159]","[-0.308141,-0.694285]","[-2.02361,1.053]","[421838,437997]","[-0.00595069,-0.0149019]","[1,-1]","[11,11]","[1,1]","[0,0]","[2288.62,1307.88]","[-0.0215355,0.0214768]","[3.2674,3.53687]",17398.7,1.59902,2,"[40509.1,20650.8]","[-1.11445,-1.77117]","[1.81271,-2.9268]","[68774,62524.7]","[0.869354,0.957798]","[0,4]","[0,0]","[-0.200674,-0.861486]",0,"[]","[]","[]","[]","[]","[]","[]","[]","[]","[]",2,"[424897,382688]","[-0.312664,-0.739551]","[-2.02373,1.09964]","[445871,498384]","[5669.02,78275.4]","[0,0]","[24.4461,1.03374]","[0.425713,0.668169]",0,"[]","[]","[]","[]","[]","[]","[]","[]","[]","[]",0,"[3198.94,2563.5]",3583.07,"[2083.65,843.765]","[]","[3997.62,9974.66]","[]"
39,284500,409629,364118,-1,20.316,715162,1.26459,0.940357,1,1,1,1.35382,0.99544,1,1,0,0,2,"[1,1]","[1,1]","[218648,171294]","[1.32688,1.28942]","[-2.87021,0.159628]","[441075,334547]","[-0.028118,0.0555022]","[1,-1]","[11,11]","[1,1]","[0,5433.31]","[-1951.21,4368.04]","[-0.00999515,0.0188024]","[0.947773,1.70599]",17343.7,2.70658,3,"[31982.4,27444.3,22155.7]","[2.42325,1.50326,1.2607]","[1.47618,0.682934,-1.73737]","[181955,64960.8,42408]","[0.999173,0.842308,0.9709]","[4,0,0]","[0,0,0]","[0.963625,-0.879314,-0.880963]",0,"[]","[]","[]","[]","[]","[]","[]","[]","[]","[]",1,"[258845]","[1.32098]","[0.23543]","[521743]","[48370.7]","[0]","[1.64564]","[0.615345]",0,"[]","[]","[]","[]","[]","[]","[]","[]","[]","[]",0,"[2646.14,1776.19]",1507.13,"[1643.94,2556.75,1602.09]","[]","[0]","[]"
40,284500,601700,364118,-1,20.316,715162,1.22586,0.979183,1,1,1,0.996128,0.9918,1,1,0,0,2,"[1,1]","[1,1]","[393021,339716]","[-0.679727,-0.384239]","[0.143155,-3.1072]","[487365,365104]","[0.0300179,0.00505066]","[-1,1]","[11,11]","[1,1]","[0,0]","[631.666,-217.672]","[-0.0140777,0.0131148]","[1.87554,2.38942]",16479,1.01081,3,"[41249.4,25727.8,23605.2]","[-0.888791,1.24847,2.28661]","[-2.88853,-2.64407,-0.0642038]","[58787,48618.6,117400]","[0.973111,0.948677,1]","[0,0,0]","[0,0,0]","[-0.782377,-0.550403,-0.613289]",0,"[]","[]","[]","[]","[]","[]","[]","[]","[]","[]",2,"[407969,378867]","[-0.657577,-0.397131]","[0.144473,-3.09346]","[499398,411910]","[0.00676582,47702.1]","[0,0]","[0,1.23981]","[-1,0.485943]",0,"[]","[]","[]","[]","[]","[]","[]","[]","[]","[]",0,"[3072.99,2215.92]",3333.71,"[5604.41,1968.21,1728.43]","[]","[1377.81,34281.8]","[]"
41,284500,605355,364118,0.226304,20.316,715162,1.21412,1.00057,1,1,1,0.972804,1.00936,1,1,0,0,2,"[1,1]","[1,1]","[300524,196214]","[0.0648548,-0.253117]","[-0.559278,2.46886]","[301156,202533]","[-0.0239468,-0.0203342]","[-1,1]","[11,11]","[1,1]","[0,0]","[-1613.52,-15.9417]","[0.0196713,-0.0252712]","[2.83166,3.93262]",9735.39,-1.42733,1,"[35533.8]","[1.14739]","[1.60686]","[61943.6]","[0.999301]","[4]","[0]","[-0.440405]",0,"[]","[]","[]","[]","[]","[]","[]","[]","[]","[]",1,"[308573]","[0.0539224]","[-0.555391]","[309022]","[0.00425674]","[0]","[0]","[-1]",0,"[]","[]","[]","[]","[]","[]","[]","[]","[]","[]",0,"[2241.76,909.934]",685.862,"[1693.98]","[]","[8883.38]","[]"
42,284500,992206,364118,1,20.316,715162,1.26459,0.99941,1,1,1,0.999705,0.92551,1,1,0,0,1,"[1]","[1]","[258247]","[-2.46273]","[3.07229]","[1.5265e+06]","[0.292908]","[1]","[11]","[1]","[0]","[3223.2]","[0.0119106]","[0.904589]",74432.3,2.43333,1,"[57669]","[0.364758]","[1.72942]","[62042.2]","[0.986255]","[0]","[0]","[-0.921636]",0,"[]","[]","[]","[]","[]","[]","[]","[]","[]","[]",1,"[317269]","[-1.32111]","[-0.402384]","[637783]","[34973.5]","[0]","[11.3242]","[0.136221]",0,"[]","[]","[]","[]","[]","[]","[]","[]","[]","[]",0,"[12053.4]",7080.88,"[5377.88]","[]","[6636.31]","[]"
43,284500,597482,364118,0.712837,20.316,715162,1.21412,0.985722,1,1,1,0.961522,1.01265,1,1,0,0,2,"[1,1]","[1,1]","[285879,238995]","[1.72141,1.13147]","[-2.62957,0.831931]","[824935,409012]","[-0.0642128,0.0241241]","[-1,1]","[11,11]","[1,1]","[0,0]","[334.124,1021.95]","[0.0191747,-0.0285856]","[1.49627,1.96218]",12114.8,2.01243,3,"[64252,40376.3,20536.9]","[1.18914,0.695838,-0.0847036]","[-0.215388,-1.22822,-0.0451128]","[115675,51170.2,21001.7]","[0.999627,0.983224,0.832373]","[4,0,0]","[0,0,0]","[-0.17197,-0.933334,-0.873673]",0,"[]","[]","[]","[]","[]","[]","[]","[]","[]","[]",2,"[309630,278387]","[1.72866,1.21396]","[-2.62342,0.671723]","[899574,525922]","[1651.31,128518]","[0,0]","[0,0.321162]","[-1,0.345467]",0,"[]","[]","[]","[]","[]","[]","[]","[]","[]","[]",0,"[4618.42,2828.16]",5325.38,"[3186.17,6447,1132.43]","[]","[37828.3,841.594]","[]"
44,284500,784347,364118,1,20.316,715162,1.24168,0.992773,1,1,1,0.989611,1.00582,1,1,0,0,2,"[1,1]","[1,1]","[423717,398429]","[-0.313529,1.05478]","[0.54936,-2.44559]","[444714,641394]","[-0.00309944,0.0277977]","[1,-1]","[11,11]","[1,1]","[0,0]","[-971.536,620.479]","[-0.000556778,0.0195136]","[0.11787,2.06231]",22542,-1.32296,3,"[21749.9,20984.7,20582.3]","[-2.43024,2.4285,-0.661459]","[2.19101,1.36389,2.0088]","[124563,120009,25615.3]","[0.948027,0,0.994879]","[4,0,0]","[0,0,0]","[-0.676916,-0.774937,-0.783129]",0,"[]","[]","[]","[]","[]","[]","[]","[]","[]","[]",2,"[432814,430563]","[-0.308352,1.0645]","[0.546639,-2.43858]","[453561,698435]","[2496.6,1318.02]","[0,0]","[0,0]","[-1,-1]",0,"[]","[]","[]","[]","[]","[]","[]","[]","[]","[]",0,"[2833.79,6012.85]",14381.2,"[2321.97,2971.91,1136.49]","[]","[8609.31,12706.1]","[]"
45,284500,1749267,364118,1,20.316,715162,1.21412,0.957352,1,1,1,0.959031,0.98743,1,1,0,0,2,"[1,1]","[1,1]","[246103,158789]","[-0.0738691,0.209796]","[-0.758999,2.30549]","[246775,162296]","[-0.231216,-0.0677757]","[-1,1]","[11,11]","[1,1]","[1959.05,0]","[1315.98,1602.28]","[0.0158485,-0.0114136]","[2.52287,1.64352]",25570,2.01141,1,"[66000.3]","[-1.84825]","[2.68074]","[214831]","[0.987069]","[4]","[0]","[-0.23237]",0,"[]","[]","[]","[]","[]","[]","[]","[]","[]","[]",1,"[262025]","[-0.0870816]","[-0.755762]","[263210]","[10035.7]","[0]","[15.9836]","[-1]",0,"[]","[]","[]","[]","[]","[]","[]","[]","[]","[]",0,"[2057.18,807.349]",3089.03,"[5473.43]","[]","[4133.34]","[]"
46,284500,1750859,364118,-1,20.316,715162,1.32095,0.935343,1,1,1,0.959784,0.99544,1,1,0,0,2,"[1,1]","[1,1]","[305301,198158]","[1.22546,1.36346]","[-0.0463437,-3.03014]","[564710,412712]","[0.00380707,-0.0385475]","[1,-1]","[11,11]","[1,1]","[0,1009.29]","[1066.14,-2380.81]","[0.0166355,0.00299069]","[1.91269,0.386895]",23911.1,-2.6066,2,"[76929,20611.2]","[0.465001,0.791392]","[2.92871,2.39877]","[86057.9,27744.5]","[0.998298,0.747932]","[4,0]","[0,0]","[-0.553469,-0.839689]",0,"[]","[]","[]","[]","[]","[]","[]","[]","[]","[]",2,"[325743,275644]","[1.24878,1.23257]","[-0.0486386,-3.09149]","[614520,525742]","[4546.34,115429]","[0,0]","[4.73766,0.246671]","[-1,0.495021]",0,"[]","[]","[]","[]","[]","[]","[]","[]","[]","[]",0,"[4240.62,7728.53]",8111.62,"[2090.11,1165.04]","[]","[7384.56,37363.4]","[]"
47,284500,1798649,364118,1,20.316,715162,1.24168,0.97996,1,1,1,0.997508,1.01265,1,1,0,0,1,"[1]","[1]","[200606]","[1.65693]","[-2.31489]","[545036]","[0.0300026]","[1]","[11]","[1]","[0]","[339.515]","[0.00368528]","[0.255929]",66510.9,-2.64622,2,"[83877.1,27005.7]","[1.04432,-1.65938]","[-2.50462,0.765695]","[134211,73758.7]","[1,0.762288]","[0,0]","[0,0]","[-0.934412,-0.769025]",0,"[]","[]","[]","[]","[]","[]","[]","[]","[]","[]",1,"[279643]","[1.55614]","[-2.36163]","[697749]","[86912.8]","[0]","[0.43159]","[0.223314]",0,"[]","[]","[]","[]","[]","[]","[]","[]","[]","[]",0,"[5145.73]",11773.9,"[3381.25,2910.01]","[]","[20481.6]","[]"
48,284500,717344,364118,-1,20.316,715162,1.1961,0.99211,1,1,1,0.975401,0.9918,1,1,0,0,1,"[1]","[1]","[312015]","[-0.820309]","[2.07638]","[423014]","[-0.0175934]","[1]","[11]","[1]","[0]","[3243.97]","[0.00570581]","[0.449437]",82315.9,1.92743,2,"[99208,30187.8]","[-1.90704,-1.62583]","[-0.699955,-0.147347]","[341669,79832.4]","[0.955994,0.995448]","[0,4]","[0,0]","[-0.823606,-0.571816]",0,"[]","[]","[]","[]","[]","[]","[]","[]","[]","[]",1,"[319323]","[-0.801032]","[2.0824]","[427372]","[2279.84]","[0]","[30.6287]","[-1]",0,"[]","[]","[]","[]","[]","[]","[]","[]","[]","[]",0,"[2217.73]",5974.73,"[2990.21,2969.7]","[]","[8988.22]","[]"
49,284500,1809440,364118,-1,20.316,715162,1.25133,0.97663,1,1,1,0.966452,1.00121,1,1,0,0,1,"[1]","[1]","[100434]","[-1.88278]","[-0.265146]","[337654]","[0.0733223]","[1]","[11]","[1]","[0]","[-549.693]","[-0.0445491]","[1.75125]",12791.6,-0.00563842,2,"[263347,151078]","[-1.3994,-1.03299]","[3.05381,0.0307527]","[566154,239452]","[0.992383,0.999759]","[0,4]","[0,0]","[-0.969379,-0.0849689]",0,"[]","[]","[]","[]","[]","[]","[]","[]","[]","[]",2,"[273440,269145]","[-1.46424,-1.39292]","[-0.0898306,3.0537]","[636701,575292]","[132187,-0.0110485]","[0,0]","[0.45423,0]","[0.66209,-1]",0,"[]","[]","[]","[]","[]","[]","[]","[]","[]","[]",0,"[921.141]",4304.5,"[8707.39,3889.84]","[]","[1228.31,830]","[]"
50,284500,791604,364118,0.839088,20.316,715162,1.1961,0.96203,1,1,1,0.999492,1.01508,1,1,0,0,1,"[1]","[1]","[265738]","[-1.5342]","[-1.97462]","[644846]","[-0.0386429]","[-1]","[11]","[1]","[0]","[1679.8]","[0.00267036]","[0.329365]",47194.7,2.99762,1,"[93242.1]","[-1.22066]","[2.25824]","[172237]","[0.999458]","[0]","[0]","[0.0929451]",0,"[]","[]","[]","[]","[]","[]","[]","[]","[]","[]",1,"[327056]","[-1.54987]","[-1.97009]","[805584]","[28835.6]","[0]","[3.79581]","[0.687587]",0,"[]","[]","[]","[]","[]","[]","[]","[]","[]","[]",0,"[4906.43]",2430.64,"[3412.02]","[]","[31774.6]","[]"
51,284500,1738036,364118,-1,20.316,715162,1.32095,0.964874,1,1,1,0.995468,0.9918,1,1,0,0,2,"[1,1]","[1,1]","[105651,62528.4]","[-0.751359,-0.542518]","[1.73868,-2.81275]","[136903,71958.2]","[0.0391083,0.0255508]","[1,-1]","[11,11]","[1,1]","[1096.31,0]","[3274.11,-879.828]","[-0.0204231,0.00429676]","[2.63276,0.394535]",27137.6,1.85515,6,"[325502,176710,144089,72977,29715.2,26528.8]","[-1.60259,-0.0734934,2.00812,-0.0740614,-0.473575,-0.557666]","[0.331425,-2.0338,-2.13774,1.79136,-1.50268,1.01393]","[842031,178183,546672,73538.4,33737.6,30966.3]","[1,0.994963,0.991972,0.988714,0.988899,0.964328]","[0,0,0,0,0,0]","[0,0,0,0,0,0]","[-0.829351,-0.9028,-0.707609,-0.714637,-0.697257,-0.763756]",0,"[]","[]","[]","[]","[]","[]","[]","[]","[]","[]",1,"[317053]","[-1.6226]","[0.336002]","[835045]","[32180.9]","[0]","[2.05596]","[0.847069]",0,"[]","[]","[]","[]","[]","[]","[]","[]","[]","[]",0,"[406.597,112.948]",2507.44,"[7144.03,4005.63,5011.58,3807.76,2972.28,1992.38]","[]","[10689.5]","[]"
52,284500,1743446,364118,-1,20.316,715162,0.187531,0.946907,1,1,1,0.948041,1.00121,1,1,0,0,2,"[1,1]","[1,1]","[247148,157686]","[-1.91699,-1.78134]","[2.53463,-0.843284]","[858530,481434]","[-0.0661926,0.0625954]","[1,-1]","[11,11]","[1,1]","[4017.03,2379.13]","[5665.83,791.748]","[-0.0314329,0.0219992]","[1.46182,2.52104]",19789.2,1.473,3,"[51258.6,42968.2,32757.6]","[-2.46026,-1.17915,-0.714248]","[0.306029,-0.897557,-1.97045]","[302435,77079.3,42105.9]","[0.99,0.989881,0.990872]","[4,0,4]","[0,0,0]","[-0.608767,-0.941758,0.461612]",0,"[]","[]","[]","[]","[]","[]","[]","[]","[]","[]",1,"[282579]","[-1.89909]","[2.52748]","[964977]","[8615.29]","[0]","[11.5507]","[0.381382]",0,"[]","[]","[]","[]","[]","[]","[]","[]","[]","[]",0,"[2883.25,2031.84]",38272.8,"[2747.88,2393.9,2812.21]","[]","[3252.53]","[]"
53,284500,1753877,364118,-1,20.316,715162,0.696077,0.973151,1,1,1,0.999318,0.99866,1,1,0,0,2,"[1,1]","[1,1]","[339075,323064]","[-0.931405,-0.644238]","[-2.27735,0.967965]","[497097,392458]","[-0.000665665,-0.0139408]","[1,-1]","[11,11]","[1,1]","[0,0]","[424.447,1121.59]","[-0.0231047,0.028733]","[2.59625,4.62826]",29043.4,-1.12675,1,"[29767.6]","[1.09298]","[0.549475]","[49730.3]","[0.976787]","[0]","[0]","[-0.544286]",0,"[]","[]","[]","[]","[]","[]","[]","[]","[]","[]",2,"[363216,332926]","[-0.941737,-0.664805]","[-2.28194,0.962909]","[536540,409247]","[-0.00552427,0.00276214]","[0,0]","[0,0]","[-1,-1]",0,"[]","[]","[]","[]","[]","[]","[]","[]","[]","[]",0,"[4204.97,2443.24]",117.133,"[2084.87]","[]","[25507.2,15825.6]","[]"
54,284500,1812438,364118,1,20.316,715162,0.351687,0.944307,1,1,1,0.998877,0.99544,1,1,0,0,2,"[0,0]","[1,1]","[97445.5,47974.3]","[1.25997,1.05092]","[-0.669009,0.467737]","[185585,76996.1]","[0.056797,0.010788]","[1,-1]","[11,11]","[1,1]","[12765.9,0]","[523.03,-2093.81]","[0.00779776,0.0835617]","[0.673115,3.82018]",72145.8,-0.195944,2,"[273618,24218.9]","[1.03937,-0.726672]","[3.00095,-0.199737]","[436469,31380]","[0.999706,0.984212]","[0,0]","[0,0]","[-0.963724,-0.79315]",0,"[]","[]","[]","[]","[]","[]","[]","[]","[]","[]",1,"[270944]","[1.0121]","[3.00925]","[422635]","[23658.9]","[0]","[1.74219]","[0.730247]",0,"[]","[]","[]","[]","[]","[]","[]","[]","[]","[]",0,"[677.769,423.447]",12924.4,"[7847.07,2764.77]","[]","[3493.5]","[]"
55,284500,368917,364118,1,20.316,715162,0.506784,0.969588,1,1,1,0.998578,1.00306,1,1,0,0,2,"[1,1]","[1,1]","[620959,580955]","[1.0615,1.95236]","[-2.78088,0.287432]","[1.00491e+06,2.08773e+06]","[0.00853348,-0.0227356]","[-1,1]","[11,11]","[1,1]","[0,0]","[-1191.29,-1325.02]","[0.042734,-0.0300789]","[7.82661,3.29402]",9921.54,-0.403237,2,"[75308.1,20775.1]","[-1.25353,0.264667]","[1.60956,-0.576389]","[142781,21874.8]","[1,0.992069]","[0,0]","[0,0]","[-0.945501,-0.788199]",0,"[]","[]","[]","[]","[]","[]","[]","[]","[]","[]",2,"[659273,616396]","[1.08316,1.9657]","[-2.78225,0.285649]","[1.08533e+06,2.24368e+06]","[0.0110485,0.0541266]","[0,0]","[0,0]","[-1,-1]",0,"[]","[]","[]","[]","[]","[]","[]","[]","[]","[]",0,"[9038.67,6101.94]",5082.86,"[2224.22,5360.96]","[]","[32993.8,32083.4]","[]"
56,284500,1997846,364118,1,20.316,715162,1.22586,0.945991,1,1,1,0.983043,0.99544,1,1,0,0,2,"[1,1]","[1,1]","[238621,109780]","[1.25254,1.66067]","[0.867817,-2.11263]","[451589,299306]","[0.0108795,-0.0137863]","[1,-1]","[11,11]","[1,1]","[0,1906.72]","[-159.196,-21.478]","[0.00894784,-0.00807779]","[1.13618,0.872426]",5584.19,-2.74163,2,"[117889,23996.3]","[0.25548,0.20015]","[-2.15577,2.59358]","[122015,25278.3]","[0.99986,0.950327]","[0,4]","[0,0]","[-0.821886,-0.850328]",0,"[]","[]","[]","[]","[]","[]","[]","[]","[]","[]",1,"[252062]","[1.2739]","[0.8599]","[485785]","[0]","[0]","[0]","[-1]",0,"[]","[]","[]","[]","[]","[]","[]","[]","[]","[]",0,"[2921.48,2411.99]",1184.71,"[2704.55,1689.61]","[]","[0]","[]"
57,284500,414298,364118,1,20.316,715162,0.696077,0.898639,1,1,1,0.998453,1.00058,1,1,0,0,2,"[1,1]","[1,1]","[55194.7,34170.8]","[-1.70981,-1.18375]","[1.91087,-1.72043]","[157548,61041.5]","[-0.0263901,0.0213089]","[-1,1]","[11,11]","[1,1]","[0,0]","[-569.535,-877.59]","[0.0225629,-0.0192962]","[2.08606,2.12557]",34498.6,2.03598,3,"[381717,310997,28717.8]","[2.06785,-0.838252,-0.786622]","[-0.320314,2.91165,2.34267]","[1.53398e+06,428110,38540.7]","[1,0.998689,0.981068]","[0,0,0]","[0,0,0]","[-0.888906,-0.914895,-0.956089]",0,"[]","[]","[]","[]","[]","[]","[]","[]","[]","[]",1,"[320149]","[-0.877985]","[2.91071]","[452685]","[30199.1]","[0]","[1.85139]","[0.711879]",0,"[]","[]","[]","[]","[]","[]","[]","[]","[]","[]",0,"[266.533,63.4008]",287.773,"[7315.85,5635.35,2077.18]","[]","[17319.2]","[]"
58,284500,807316,364118,1,20.316,715162,1.26205,0.944123,1,1,1,0.953522,1.0005,1,1,0,0,2,"[1,1]","[1,1]","[108638,93811]","[2.36658,2.09701]","[2.68501,-2.66757]","[584181,387655]","[-0.107876,-0.097496]","[-1,1]","[11,11]","[1,1]","[0,1135.87]","[739.489,454.853]","[0.0145393,-0.011889]","[0.949937,0.957057]",42074.9,2.41865,4,"[489628,227759,28256.2,20085.9]","[1.17472,0.523725,1.86482,0.629378]","[-0.0855984,3.13317,2.30203,-2.63345]","[868917,262175,93510.7,24441.6]","[0.999156,1,0.995402,1]","[4,0,0,0]","[0,0,0,0]","[-0.550193,-0.830659,-0.64541,0.242969]",0,"[]","[]","[]","[]","[]","[]","[]","[]","[]","[]",1,"[479651]","[1.16385]","[-0.0824857]","[843779]","[39114.8]","[0]","[3.10526]","[0.608163]",0,"[]","[]","[]","[]","[]","[]","[]","[]","[]","[]",0,"[1405.73,1190.14]",12601.1,"[14293.1,3418.19,2695.55,2572.65]","[]","[637]","[]"
59,284500,1982693,364118,0.924271,20.316,715162,1.26205,0.948088,1,1,1,0.93398,1.00493,1,1,0,0,2,"[1,1]","[1,1]","[295948,266243]","[-1.34385,-1.8772]","[-2.87284,-0.167185]","[605897,890339]","[-0.0559292,-0.027813]","[1,-1]","[11,11]","[1,1]","[0,0]","[309.834,327.272]","[-0.0217091,0.0371927]","[2.20035,3.88104]",46650.7,1.89313,3,"[47251.3,34765.5,21167.2]","[-0.255275,0.402179,-1.98591]","[1.40966,1.34674,1.25675]","[49112.4,37852.8,78577.1]","[0.989982,0.992438,0.998493]","[4,4,4]","[0,0,0]","[-0.765419,-0.339758,-0.746599]",0,"[]","[]","[]","[]","[]","[]","[]","[]","[]","[]",2,"[327551,286220]","[-1.36873,-1.88301]","[-2.87644,-0.162102]","[685367,962471]","[0.0078125,0.015625]","[0,0]","[0,0]","[-1,-1]",0,"[]","[]","[]","[]","[]","[]","[]","[]","[]","[]",0,"[4431.2,3648.43]",4427.51,"[6002.3,4832.98,1409.87]","[]","[8482.34,15667.8]","[]"
60,284500,227954,364118,1,20.316,715162,1.26459,0.96323,1,1,1,0.994569,1.00493,1,1,0,0,1,"[1]","[1]","[231051]","[-1.31385]","[2.81255]","[460861]","[-0.0376568]","[-1]","[11]","[1]","[1397.22]","[293.446]","[0.0100305]","[1.52746]",59219.2,-2.63531,6,"[305250,98860.4,27361.1,26200.2,24818.2,24650.6]","[-1.40445,0.799692,-0.874817,-1.14438,-1.11699,-1.74399]","[0.231047,-1.30849,-2.96329,-2.31232,-1.34178,-2.5044]","[659248,132596,39072.8,45686.9,42226.4,72757.2]","[0.998964,0.99932,0.860758,0.999283,0.981638,0.987779]","[0,0,0,0,0,0]","[0,0,0,0,0,0]","[-0.933214,-0.948685,-0.906429,-0.353007,-0.801067,-0.748111]",0,"[]","[]","[]","[]","[]","[]","[]","[]","[]","[]",2,"[303092,260241]","[-1.41301,-1.33338]","[0.229786,2.81105]","[659483,527961]","[0.0110485,2820.31]","[0,0]","[0,27.5405]","[-1,0.460722]",0,"[]","[]","[]","[]","[]","[]","[]","[]","[]","[]",0,"[3303.62]",34494.5,"[7886.93,2431.46,2273.9,2793.56,2928.51,2219.47]","[]","[6521.59,0]","[]"
61,284500,367691,364118,1,20.316,715162,0.00292683,0.950267,1,1,1,1.28124,1.00632,1,1,0,0,2,"[1,1]","[1,1]","[397978,397412]","[1.32817,0.505009]","[2.23305,-1.06937]","[803737,449175]","[-0.0145302,-0.0579758]","[-1,1]","[11,11]","[1,1]","[0,0]","[8.76062,-1867.22]","[-0.00771302,0.0150299]","[0.893809,2.32825]",20248.7,-0.136714,3,"[56845.8,27158.5,22150.1]","[-1.12444,-0.621315,1.19433]","[1.69961,-0.722316,0.499018]","[96930.4,32965.4,40122]","[0.936634,0.995306,0.991428]","[0,4,4]","[0,0,0]","[-0.938357,0.886996,-0.774363]",0,"[]","[]","[]","[]","[]","[]","[]","[]","[]","[]",2,"[412218,430541]","[0.488924,1.32807]","[-1.06423,2.22782]","[462478,869438]","[636.297,5391.17]","[0,0]","[0,19.0301]","[-1,0.348671]",0,"[]","[]","[]","[]","[]","[]","[]","[]","[]","[]",0,"[7213.15,3235.03]",779.236,"[3566.64,2487.59,1367.49]","[]","[7340.59,25820.6]","[]"
62,284500,1998491,364118,-1,20.316,715162,1.26459,0.968109,1,1,1,0.968423,0.99866,1,1,0,0,2,"[1,1]","[1,1]","[216815,199832]","[-0.857808,-0.577551]","[-1.38743,2.05925]","[301599,234097]","[-0.0092926,0.0278435]","[-1,1]","[11,11]","[1,1]","[0,0]","[859.356,-2320.32]","[0.00569163,-0.00793105]","[0.748418,1.10931]",52747.7,0.536189,4,"[53594.1,37895.3,23789.8,21919.8]","[-0.758549,-1.80392,-0.513638,-2.19715]","[-0.491958,2.39358,-2.29683,1.09362]","[70090.6,118403,27526.3,99935.9]","[0.987737,0.927126,0.95098,0.989333]","[0,4,0,0]","[0,0,0,0]","[-0.356127,-0.908796,-0.828347,-0.84454]",0,"[]","[]","[]","[]","[]","[]","[]","[]","[]","[]",1,"[275298]","[-0.861721]","[-1.24641]","[392766]","[82541.8]","[0]","[0.511934]","[0.703256]",0,"[]","[]","[]","[]","[]","[]","[]","[]","[]","[]",0,"[2227.29,1446.17]",8934.24,"[5551.33,3704.98,3513.7,1739.83]","[]","[9356.19]","[]"
63,284500,263828,364118,1,20.316,715162,1.55465,0.985702,1,1,1,0.99967,1.00632,1,1,0,0,2,"[1,1]","[1,1]","[235057,233334]","[0.961123,0.585797]","[0.288832,-2.96974]","[352243,274528]","[0.00974655,0.0263481]","[-1,1]","[11,11]","[1,1]","[0,0]","[1497.19,-657.169]","[-0.00305169,-0.00361679]","[0.395678,0.35952]",31601.4,1.83718,1,"[61316.7]","[-0.923891]","[-1.41764]","[89742.4]","[1]","[0]","[0]","[-0.0756109]",0,"[]","[]","[]","[]","[]","[]","[]","[]","[]","[]",1,"[254836]","[0.943892]","[0.292359]","[377040]","[0.00552427]","[0]","[0]","[-1]",0,"[]","[]","[]","[]","[]","[]","[]","[]","[]","[]",0,"[2582.18,1894.29]",572.805,"[2196.53]","[]","[3621.94]","[]"
64,284500,74501,364118,-1,20.316,715162,1.26205,0.967171,1,1,1,0.976414,1.00582,1,1,0,0,2,"[1,1]","[1,1]","[250877,240824]","[-0.476623,0.209147]","[2.14072,-1.01029]","[279916,246111]","[0.0364895,-0.031374]","[-1,1]","[11,11]","[1,1]","[0,0]","[40.2631,-146.126]","[-0.0262511,0.0279076]","[4.25949,5.12837]",29723.7,0.70348,2,"[44007.2,30674.4]","[1.16602,-0.0612767]","[0.767355,-1.59348]","[78009,30957]","[0.97601,0.998849]","[0,4]","[0,0]","[-0.902363,-0.923018]",0,"[]","[]","[]","[]","[]","[]","[]","[]","[]","[]",2,"[275353,261540]","[0.170457,-0.493627]","[-1.0696,2.14107]","[282962,294075]","[44989.3,3263.09]","[0,0]","[0.863073,10.2613]","[0.297489,-1]",0,"[]","[]","[]","[]","[]","[]","[]","[]","[]","[]",0,"[1469.68,1339.34]",2838.09,"[2143.13,2960.9]","[]","[11334.4,9728.86]","[]"
65,284500,82638,364118,-0.0632575,20.316,715162,1.21412,0.993464,1.01287,1,1,0.998972,1.01265,1,1,0,0,3,"[0,1,0]","[1,1,0]","[297232,238838,145384]","[1.73278,-0.00159769,0.0225811]","[-1.82103,1.32368,-1.71273]","[866898,238839,145421]","[0.0176458,-0.0532236,-110.393]","[-1,-1,1]","[11,11,13]","[1,1,0]","[0,4085.71,0]","[1997.49,2678.23,-202.247]","[0.0488838,-0.0116417,-6.92573]","[2.77261,1.25769,271.783]",131837,1.40023,2,"[60101.4,29278.1]","[-0.467016,-0.517253]","[1.67986,0.00827458]","[67525.8,33891.7]","[0.992021,0.986543]","[0,0]","[0,0]","[-0.896349,-0.894709]",0,"[]","[]","[]","[]","[]","[]","[]","[]","[]","[]",2,"[320234,284078]","[1.73532,-0.0677524]","[-1.81963,1.38682]","[936226,291691]","[5093.61,63341.1]","[0,0]","[12.5569,1.1624]","[0.125891,0.375393]",0,"[]","[]","[]","[]","[]","[]","[]","[]","[]","[]",0,"[4526.15,1519.39,3641.97]",155.547,"[2084.93,2035.48]","[]","[5683.41,10394.2]","[]"
66,284500,1312058,364118,1,20.316,715162,1.55465,0.957025,1,1,1,0.960789,1.00582,1,1,0,0,2,"[1,0]","[1,1]","[250741,158367]","[-0.332358,-2.19156]","[-0.234778,-3.00915]","[264718,717473]","[-0.0240707,-0.0143814]","[1,1]","[11,11]","[1,1]","[2762.59,0]","[366.233,201.517]","[0.0179022,-0.0544891]","[0.993339,2.13338]",27187.7,1.14109,2,"[83621.2,24623.6]","[-0.825756,-1.01604]","[2.63161,1.44193]","[114239,38692.5]","[0.992579,0.994386]","[4,0]","[0,0]","[0.297496,-0.845173]",0,"[]","[]","[]","[]","[]","[]","[]","[]","[]","[]",1,"[259258]","[-0.316068]","[-0.238373]","[272316]","[-0.00447517]","[0]","[0]","[-1]",0,"[]","[]","[]","[]","[]","[]","[]","[]","[]","[]",0,"[1448.83,1678.23]",1004.86,"[6553.81,1724.72]","[]","[14524]","[]"
67,284500,736002,364118,-1,20.316,715162,1.22586,0.960282,1,1,1,0.998734,1.00632,1,1,0,0,2,"[1,1]","[1,1]","[346423,274508]","[0.527027,0.19202]","[-1.08649,1.97675]","[395657,279584]","[-0.0774479,0.135006]","[-1,1]","[11,11]","[1,1]","[0,0]","[-795.945,93.157]","[-0.000979508,0.0018589]","[0.1543,0.260153]",3233.11,-1.78019,2,"[59836.2,22051.9]","[-0.167889,-0.0859772]","[2.45803,1.33125]","[61145.2,22314.4]","[0.99053,0.970266]","[0,0]","[0,0]","[-0.944038,0.534622]",0,"[]","[]","[]","[]","[]","[]","[]","[]","[]","[]",2,"[356272,333393]","[0.542838,0.155029]","[-1.08572,2.05412]","[410072,345011]","[2230.91,72033.9]","[0,0]","[17.2489,0.994642]","[-1,0.568674]",0,"[]","[]","[]","[]","[]","[]","[]","[]","[]","[]",0,"[2180.6,1689.95]",1612.57,"[1902.55,2449.97]","[]","[15292.8,208.156]","[]"
68,284500,59516,364118,1,20.316,715162,0.619412,0.910549,1,1,1,0.956396,1.00582,1,1,0,0,2,"[1,1]","[1,0]","[114706,16557.7]","[-0.338439,0.71077]","[-2.87394,1.4687]","[121338,20919.1]","[-57.0144,-56.9505]","[-1,1]","[11,11]","[1,1]","[0,0]","[970.203,868.449]","[0.0130045,-0.00892216]","[1.29647,0.689187]",30770.7,1.21709,6,"[286975,152238,76614.3,49028.6,33283.1,24489.5]","[1.37211,-1.5499,1.01684,0.802066,-2.28795,-2.31238]","[0.221675,-2.97381,-0.271239,-2.62763,2.84283,-2.73152]","[602562,375651,120164,66434.4,165763,124982]","[0.994515,0.992435,0,0.999773,0.999607,0.98465]","[0,0,4,0,0,0]","[0,0,0,0,0,0]","[-0.854352,-0.873875,-0.812518,-0.956007,-0.591661,0.15588]",0,"[]","[]","[]","[]","[]","[]","[]","[]","[]","[]",1,"[335140]","[1.32623]","[0.127039]","[679700]","[73726.3]","[0]","[1.03516]","[0.707977]",0,"[]","[]","[]","[]","[]","[]","[]","[]","[]","[]",0,"[422.415,303.714]",1566.74,"[11067.6,4213.35,1271.38,8539.01,4400.02,2102.31]","[]","[20943.3]","[]"
69,284500,1883588,364118,1,20.316,715162,0.696077,0.919563,1,1,1,0.998941,1.04326,1,1,0,0,2,"[1,1]","[1,1]","[46779.2,41655.7]","[1.53093,1.8247]","[1.36935,-1.55116]","[113178,132511]","[-0.0246229,-0.0573273]","[1,-1]","[11,11]","[1,1]","[0,0]","[-736.209,409.413]","[-0.00129729,0.0245371]","[0.115051,1.04151]",37622.8,-2.50625,3,"[325218,285514,69021.5]","[0.880391,0.715769,0.898946]","[-2.61396,0.342248,0.840916]","[460312,362197,98999]","[0.996607,0.994502,0.99]","[0,0,0]","[0,0,0]","[-0.881212,-0.527945,-0.527118]",0,"[]","[]","[]","[]","[]","[]","[]","[]","[]","[]",2,"[345056,346648]","[0.773623,0.885329]","[0.436734,-2.61715]","[460881,492421]","[81784.8,28251.7]","[0,0]","[1.09341,2.06563]","[0.796502,0.766636]",0,"[]","[]","[]","[]","[]","[]","[]","[]","[]","[]",0,"[243.518,569.376]",18603.7,"[3708.65,10106.1,7135.11]","[]","[18220.8,25714.3]","[]"
70,284500,708055,364118,1,20.316,715162,0,1.00578,1,1,1,0.970818,1.00936,1,1,0,0,2,"[1,1]","[1,1]","[222401,202986]","[0.0123332,-0.761807]","[-0.764822,2.20196]","[222418,264791]","[0.104102,0.0224409]","[1,-1]","[11,11]","[1,1]","[2160.88,0]","[3438.46,-1821.08]","[-0.0440813,0.0341307]","[3.66055,3.09503]",47226.7,-0.948854,3,"[80237.8,52544.9,36049.2]","[-1.10106,-1.72984,-1.747]","[2.98674,-0.209308,2.25589]","[134418,153279,106890]","[0.783951,0.985118,0.88587]","[0,0,4]","[0,0,0]","[-0.951203,-0.824263,-0.350843]",0,"[]","[]","[]","[]","[]","[]","[]","[]","[]","[]",1,"[274931]","[-0.884515]","[2.38567]","[398855]","[85070.9]","[0]","[0.348465]","[0.402345]",0,"[]","[]","[]","[]","[]","[]","[]","[]","[]","[]",0,"[2258.95,1371.14]",859.598,"[3074.43,2489.69,4435.28]","[]","[8046.19]","[]"
71,284500,708402,364118,-0.00162374,20.316,715162,0.553627,0.97411,1,1,1,0.999659,1.00582,1,1,0,0,2,"[1,1]","[1,1]","[285218,229867]","[-0.275675,-0.471493]","[2.78206,-0.0163511]","[296125,255894]","[0.0472031,0.0565186]","[-1,1]","[11,11]","[1,1]","[0,0]","[-1537.53,-1415.03]","[0.00118985,0.00504375]","[0.217541,0.875846]",21416.3,0.244297,1,"[38628.8]","[0.693891]","[-2.34047]","[48760.1]","[0.996034]","[0]","[0]","[-0.970045]",0,"[]","[]","[]","[]","[]","[]","[]","[]","[]","[]",2,"[291672,262302]","[-0.289192,-0.442928]","[2.78634,-0.0548589]","[303954,290460]","[-0.000976562,34067.3]","[0,0]","[0,1.12331]","[-1,0.660938]",0,"[]","[]","[]","[]","[]","[]","[]","[]","[]","[]",0,"[1532.96,1491.77]",6828.6,"[4831.27]","[]","[120.469,16975]","[]"
72,284500,110100,364118,1.83999,20.316,715162,1.24168,0.958675,1,1,1,0.97938,1.0005,1,1,0,0,2,"[1,0]","[1,1]","[259420,232681]","[2.35684,1.6499]","[-2.73021,0.347755]","[1.3817e+06,628066]","[0.199684,0.0498848]","[-1,-1]","[11,11]","[1,1]","[0,1744.12]","[-86.5237,935.451]","[0.0241653,0.0344263]","[1.96948,2.32248]",35934.9,0.850538,2,"[42181.8,27639]","[-1.7191,0.850411]","[0.0674627,2.66885]","[121527,38420.4]","[0.989043,1]","[0,4]","[0,0]","[-0.899141,0.0972168]",0,"[]","[]","[]","[]","[]","[]","[]","[]","[]","[]",1,"[252122]","[1.66619]","[0.346583]","[690933]","[0]","[0]","[0]","[-1]",0,"[]","[]","[]","[]","[]","[]","[]","[]","[]","[]",0,"[3385.25,6728.77]",13959.3,"[2624.19,5214]","[]","[4823.2]","[]"
73,284500,1308675,364118,-1,20.316,715162,0.696077,0.97411,1,1,1,0.963144,1.00582,1,1,0,0,2,"[1,1]","[1,1]","[260962,183921]","[-0.395072,-0.470918]","[-1.18075,2.45479]","[281594,204694]","[0.0187683,-0.116745]","[-1,1]","[11,11]","[1,1]","[0,0]","[-436.082,128.054]","[-0.0247171,0.0369628]","[3.57171,3.75618]",20348.8,-1.89512,2,"[108088,20529.2]","[0.719513,0.680707]","[1.3721,1.90247]","[138484,25923]","[0.99,0.873228]","[4,0]","[0,0]","[-0.465073,-0.70476]",0,"[]","[]","[]","[]","[]","[]","[]","[]","[]","[]",1,"[273770]","[-0.340997]","[-1.17853]","[289842]","[510.053]","[0]","[0]","[-1]",0,"[]","[]","[]","[]","[]","[]","[]","[]","[]","[]",0,"[1677.36,882.427]",9309.32,"[2188.04,1144.77]","[]","[28194.2]","[]"
74,284500,708516,364118,1,20.316,715162,0.619412,0.922377,1,1,1,0.996038,1.00192,1,1,0,0,2,"[1,1]","[1,1]","[64545,30180.9]","[-0.108184,-1.84456]","[2.90259,1.66812]","[64923.1,97837.5]","[0.0387115,-0.0850525]","[1,-1]","[11,11]","[1,1]","[0,0]","[-798.819,1612.78]","[0.00866159,0.0104261]","[1.15425,0.736984]",28147.9,1.16815,6,"[162788,86858.6,76242.2,74592.4,48451.1,31976.4]","[-0.296178,1.36221,0.674825,-0.235595,-1.26718,1.15577]","[-2.85905,-0.716509,0.33273,0.305621,-1.85543,1.1203]","[171112,181095,94485.6,77428,93067.9,56128.9]","[0.151298,1,0,0,0.982866,0.99253]","[0,0,0,0,0,0]","[0,0,0,0,0,0]","[-0.769954,-0.894824,-0.852028,-0.784109,-0.417844,-0.631097]",0,"[]","[]","[]","[]","[]","[]","[]","[]","[]","[]",1,"[260935]","[-0.317863]","[-3.01551]","[278155]","[46570.9]","[0]","[1.22657]","[0.740059]",0,"[]","[]","[]","[]","[]","[]","[]","[]","[]","[]",0,"[89.32,412.87]",406.861,"[4194.37,4756.95,7359.14,3611.89,2286.24,2798.32]","[]","[4024.69]","[]"
75,284500,1303329,364118,-1,20.316,715162,0.696077,0.972208,1,1,1,0.997474,1.00632,1,1,0,0,2,"[1,1]","[1,1]","[235844,222325]","[0.436404,-0.760681]","[-0.0273747,2.80749]","[258660,289809]","[-0.0664597,0.021759]","[1,-1]","[11,11]","[1,1]","[0,0]","[1829.18,928.47]","[0.00208078,0.00927543]","[0.323628,1.04321]",18524.8,0.962413,2,"[67124.6,23037]","[-1.83663,-2.25383]","[-1.84825,-2.33287]","[216107,111031]","[0.987936,0.98771]","[0,0]","[0,0]","[-0.845564,-0.601385]",0,"[]","[]","[]","[]","[]","[]","[]","[]","[]","[]",1,"[259834]","[0.39825]","[-0.034038]","[280713]","[-0.00390625]","[0]","[0]","[-1]",0,"[]","[]","[]","[]","[]","[]","[]","[]","[]","[]",0,"[1244.56,1571.23]",955.611,"[3686.61,2453.92]","[]","[3624.83]","[]"
76,284500,1958827,364118,-1,20.316,715162,1.24168,0.96972,1,1,1,0.999468,0.99544,1,1,0,0,1,"[1]","[1]","[214350]","[1.24888]","[-1.39285]","[404400]","[-0.0438843]","[-1]","[11]","[1]","[7513.86]","[7262.08]","[0.000189753]","[0.0168922]",90922.7,-1.34137,1,"[285049]","[1.38209]","[1.62903]","[603521]","[0.999113]","[0]","[0]","[-0.962891]",0,"[]","[]","[]","[]","[]","[]","[]","[]","[]","[]",1,"[283376]","[1.39389]","[1.62879]","[606238]","[3386.9]","[0]","[4.44299]","[0.427927]",0,"[]","[]","[]","[]","[]","[]","[]","[]","[]","[]",0,"[2485.61]",29973.6,"[11109.1]","[]","[7541.16]","[]"
77,284500,1316051,364118,-1,20.316,715162,1.1961,0.97826,1,1,1,0.949627,1.00493,1,1,0,0,1,"[1]","[1]","[87046]","[-1.18075]","[-1.66585]","[155110]","[-0.0429611]","[1]","[11]","[1]","[0]","[1533.86]","[0.00598414]","[0.474082]",31251.2,0.0674612,6,"[340230,253644,107997,36322.7,26581.3,22530.8]","[0.913073,0.349779,-1.3924,-1.77271,0.827608,-1.52444]","[0.549019,-2.81439,-2.76972,1.69163,-0.737014,0.24746]","[493685,272596,230830,110162,36799.6,54309.5]","[0.995946,0.986662,0.998909,0.692824,0.979841,0.995201]","[0,4,0,0,0,0]","[0,0,0,0,0,0]","[-0.69251,-0.854486,-0.988376,-0.899392,-0.776962,-0.8154]",0,"[]","[]","[]","[]","[]","[]","[]","[]","[]","[]",2,"[331863,252360]","[0.932215,0.375869]","[0.552563,-2.80662]","[487648,273640]","[28571.2,41997.3]","[0,0]","[0.941091,1.25184]","[0.61343,0.857114]",0,"[]","[]","[]","[]","[]","[]","[]","[]","[]","[]",0,"[359.522]",6148.49,"[4165.83,2251.3,3940.74,2682.44,1761.41,1596.02]","[]","[1342.59,0]","[]"
78,284500,1320317,364118,-1,20.316,715162,0.619412,0.97996,1,1,1,0.967647,1.01265,1,1,0,0,1,"[1]","[1]","[259852]","[1.64479]","[2.07163]","[698089]","[-0.0349903]","[-1]","[11]","[1]","[0]","[1173.67]","[0.00297157]","[0.25589]",37593.7,1.00766,2,"[69402.8,48431]","[-1.19164,-0.930657]","[-1.3188,-1.85696]","[124897,71555.1]","[0.161912,0.996595]","[0,4]","[0,0]","[-0.821837,-0.385624]",0,"[]","[]","[]","[]","[]","[]","[]","[]","[]","[]",1,"[282657]","[1.64432]","[2.08294]","[759028]","[2278.65]","[0]","[83.6182]","[0.0119167]",0,"[]","[]","[]","[]","[]","[]","[]","[]","[]","[]",0,"[4528.48]",5870.83,"[7134.16,1361]","[]","[17316.5]","[]"
79,284500,1325452,364118,-1,20.316,715162,1.1961,0.97949,1,1,1,0.958987,0.99672,1,1,0,0,1,"[1]","[1]","[66567.2]","[0.786563]","[1.33466]","[88243]","[-0.0153694]","[1]","[11]","[1]","[0]","[-1602.84]","[-0.0253471]","[2.71492]",65771.1,-2.6857,7,"[178960,156827,137890,71074.9,49029.5,32118.3,27939.5]","[0.588543,-1.6204,0.544644,1.01246,2.16336,1.72437,1.29064]","[1.83907,-0.817646,-1.98709,0.68396,-1.99005,1.88982,-0.672036]","[213164,412261,159358,111280,216224,93108.7,54944.1]","[0.20557,0,0,0.350422,0.983475,0.612691,0.899844]","[0,0,0,0,4,0,0]","[0,0,0,0,0,0,0]","[-0.980101,-0.818556,-0.773906,-0.938187,-0.585579,-0.876706,-0.843077]",0,"[]","[]","[]","[]","[]","[]","[]","[]","[]","[]",1,"[309612]","[0.827368]","[1.52433]","[443348]","[136637]","[0]","[1.29579]","[0.583929]",0,"[]","[]","[]","[]","[]","[]","[]","[]","[]","[]",0,"[364.752]",3714.47,"[6689.08,6742.29,5014.75,6395.53,2517.98,1892.54,2062.76]","[]","[2337.25]","[]"
80,284500,1318903,364118,1,20.316,715162,0.402058,0.990068,1,1,1,0.998902,1.00306,1,1,0,0,2,"[1,1]","[1,1]","[304632,248128]","[0.89052,-1.83302]","[0.969002,-2.10947]","[433618,795586]","[0.0364456,-0.0417938]","[1,-1]","[11,11]","[1,1]","[0,0]","[1412.9,-414.612]","[-0.00349745,0.0105935]","[0.399102,1.01275]",25352.5,1.24871,2,"[65884.1,20611]","[1.18091,-0.896027]","[-1.86603,2.98044]","[117563,29680.5]","[0.944722,0.600031]","[0,0]","[0,0]","[-0.914298,-0.529684]",0,"[]","[]","[]","[]","[]","[]","[]","[]","[]","[]",2,"[328056,267792]","[0.909516,-1.82577]","[0.965389,-2.10831]","[473361,852741]","[1435.14,1923.04]","[0,0]","[0,0]","[-1,-1]",0,"[]","[]","[]","[]","[]","[]","[]","[]","[]","[]",0,"[3507.46,1900.76]",7419.3,"[4653.51,249.156]","[]","[20650.3,0]","[]"
81,284500,1496264,364118,1,20.316,715162,0.923924,0.961213,1,1,1,0.961941,0.99866,1,1,0,0,2,"[1,1]","[1,1]","[264653,257474]","[0.368023,-0.966669]","[-1.48111,1.93223]","[282779,387437]","[0.024847,-0.00726318]","[-1,1]","[11,11]","[1,1]","[3156.87,0]","[629.644,221.47]","[0.06562,-0.0229064]","[7.23163,3.65776]",9475.15,-0.555666,2,"[55843.7,22941.7]","[1.14558,2.45489]","[0.232898,1.07858]","[97290.7,134651]","[0.990985,0.872835]","[4,0]","[0,0]","[-0.288897,-0.568575]",0,"[]","[]","[]","[]","[]","[]","[]","[]","[]","[]",2,"[282328,278921]","[0.362683,-0.97955]","[-1.47989,1.92539]","[301151,423810]","[5531.88,4704.99]","[0,0]","[83.1364,0]","[0.144878,-1]",0,"[]","[]","[]","[]","[]","[]","[]","[]","[]","[]",0,"[1572.55,2571.51]",4891.07,"[6865.85,3106.17]","[]","[9003.97,782.094]","[]"
82,284500,1496234,364118,1,20.316,715162,0.923924,0.967171,1,1,1,0.963469,1.00632,1,1,0,0,2,"[1,1]","[1,1]","[256501,247890]","[0.502454,-0.326593]","[2.17128,-1.34787]","[289566,261228]","[0.0546532,0.0525131]","[1,-1]","[11,11]","[1,1]","[1011.49,0]","[1706.06,672.29]","[0.0152659,-0.00348916]","[2.53456,0.573666]",7612.07,1.77605,2,"[49183.7,39553]","[-1.53763,-1.93033]","[0.161043,0.462836]","[120000,139295]","[0.996555,1]","[4,0]","[0,0]","[-0.697994,-0.926953]",0,"[]","[]","[]","[]","[]","[]","[]","[]","[]","[]",2,"[274241,258015]","[0.471794,-0.36296]","[2.17382,-1.34323]","[305373,275216]","[4964.21,3135.38]","[0,0]","[36.1038,0]","[0.336114,-1]",0,"[]","[]","[]","[]","[]","[]","[]","[]","[]","[]",0,"[1695.74,2973.66]",540,"[2768.47,2797.87]","[]","[5938.38,0]","[]"
83,284500,1317193,364118,1,20.316,715162,1.26205,0.962145,1,1,1,0.965867,0.99866,1,1,0,0,2,"[1,1]","[1,1]","[333363,303026]","[-0.84469,-1.11762]","[2.82948,-0.152631]","[459531,512813]","[-0.0710373,0.0315819]","[1,-1]","[11,11]","[1,1]","[0,0]","[-1037.64,-139.328]","[-0.0239649,0.0166399]","[1.83208,2.09359]",20153.3,2.4855,2,"[51471.1,26071.6]","[-0.544076,1.24239]","[-1.10199,-1.04458]","[60045,49111.2]","[0.999018,0.966339]","[4,0]","[0,0]","[-0.447436,-0.739674]",0,"[]","[]","[]","[]","[]","[]","[]","[]","[]","[]",2,"[348930,331756]","[-0.861541,-1.13363]","[2.82326,-0.149161]","[486641,568763]","[1575.5,2680.33]","[0,0]","[0,0]","[-1,-1]",0,"[]","[]","[]","[]","[]","[]","[]","[]","[]","[]",0,"[3898.27,4524.84]",5272.29,"[2679.38,3934.48]","[]","[20326.6,33400.9]","[]"
84,284500,104591,364118,1,20.316,715162,1.26459,0.964849,1,1,1,0.999387,1.01265,1,1,0,0,2,"[1,1]","[1,1]","[225681,128159]","[1.54449,-0.292876]","[-0.317412,2.85906]","[552804,133695]","[-0.0283298,0.0598316]","[-1,1]","[11,11]","[1,1]","[0,0]","[1465.42,823.393]","[0.0202299,-0.0129097]","[2.19914,1.98018]",9097.01,2.0595,1,"[87709]","[-1.80676]","[2.88868]","[274885]","[0.990715]","[0]","[0]","[0.373161]",0,"[]","[]","[]","[]","[]","[]","[]","[]","[]","[]",1,"[259739]","[1.55498]","[-0.325564]","[642369]","[3725.11]","[0]","[0]","[-1]",0,"[]","[]","[]","[]","[]","[]","[]","[]","[]","[]",0,"[4227.95,508.671]",14643.8,"[2990.04]","[]","[3791.39]","[]"
85,284500,591690,364118,1,20.316,715162,1.25133,0.972208,1,1,1,0.961766,0.9918,1,1,0,0,2,"[1,1]","[1,1]","[307158,234996]","[-0.590983,0.258768]","[-1.22049,2.20448]","[362376,242908]","[0.0326385,0.020565]","[1,-1]","[11,11]","[1,1]","[0,0]","[-1927.81,851.425]","[-0.00879326,0.00349897]","[1.24188,0.426013]",7375.05,2.94818,2,"[65356.4,22669.1]","[-1.3424,0.533659]","[1.03553,1.05404]","[133797,26425.8]","[1,0.959642]","[4,0]","[0,0]","[-0.699391,-0.90364]",0,"[]","[]","[]","[]","[]","[]","[]","[]","[]","[]",1,"[310122]","[-0.616869]","[-1.2233]","[371022]","[-0.00552427]","[0]","[0]","[-1]",0,"[]","[]","[]","[]","[]","[]","[]","[]","[]","[]",0,"[2325.45,1932.21]",6660.15,"[5122.38,5088.26]","[]","[1214.5]","[]"
86,284500,808738,364118,1.44036,20.316,715162,1.24168,0.985722,1,1,1,0.972356,1.01265,1,1,0,0,2,"[1,1]","[1,1]","[242690,164090]","[1.71457,0.872086]","[0.262665,-2.61216]","[695832,230544]","[-0.0628319,-0.0275898]","[1,-1]","[11,11]","[1,1]","[0,0]","[1919.62,-1260.75]","[0.00998607,-0.00617007]","[0.859398,0.820981]",2522.79,1.1493,1,"[39702.3]","[-2.16989]","[2.89357]","[176221]","[0.998283]","[4]","[0]","[-0.937155]",0,"[]","[]","[]","[]","[]","[]","[]","[]","[]","[]",1,"[274921]","[1.70615]","[0.254994]","[782052]","[2160.7]","[0]","[29.8378]","[0.425361]",0,"[]","[]","[]","[]","[]","[]","[]","[]","[]","[]",0,"[4967.79,1905.9]",5435.21,"[6233.19]","[]","[19368.1]","[]"
87,284500,858031,364118,-1,20.316,715162,0.553627,0.96323,1,1,1,0.998051,1.00493,1,1,0,0,1,"[1]","[1]","[475267]","[-1.27036]","[-2.22678]","[913194]","[-0.0313339]","[1]","[11]","[1]","[0]","[987.143]","[-0.0165405]","[2.88669]",48849.3,2.56107,1,"[21408.2]","[1.95351]","[2.33543]","[77187.2]","[1]","[0]","[0]","[-0.779118]",0,"[]","[]","[]","[]","[]","[]","[]","[]","[]","[]",2,"[519129,495828]","[-1.25926,-1.243]","[-2.22354,0.857781]","[988080,930824]","[2229.78,7319.75]","[0,0]","[0,10.6187]","[-1,0.158583]",0,"[]","[]","[]","[]","[]","[]","[]","[]","[]","[]",0,"[6960.7]",14655.6,"[1849.69]","[]","[24792.8,10300.5]","[]"
88,284500,953494,364118,1,20.316,715162,1.22586,0.973151,1,1,1,0.999446,0.9918,1,1,0,0,2,"[1,1]","[1,1]","[241965,159029]","[-0.699895,-0.956821]","[-1.17969,1.9161]","[303688,237552]","[-0.0281677,-0.0148315]","[-1,1]","[11,11]","[1,1]","[0,0]","[70.1992,-1074.77]","[0.00932184,-0.00730086]","[1.21651,0.76358]",25612.6,2.77146,1,"[68172]","[1.54799]","[1.83229]","[167700]","[0.992192]","[0]","[0]","[-0.939475]",0,"[]","[]","[]","[]","[]","[]","[]","[]","[]","[]",1,"[260791]","[-0.666275]","[-1.17682]","[320850]","[0]","[0]","[0]","[-1]",0,"[]","[]","[]","[]","[]","[]","[]","[]","[]","[]",0,"[1793.66,1310.25]",282.68,"[2246.08]","[]","[358.984]","[]"
89,284500,1030252,364118,1,20.316,715162,0.923924,0.96972,1,1,1,0.957689,0.99544,1,1,0,0,1,"[1]","[1]","[237117]","[1.1906]","[-2.14433]","[425994]","[-0.0596581]","[-1]","[11]","[1]","[0]","[898.771]","[-0.0105015]","[1.46163]",56486.2,-2.21473,3,"[284975,73702.2,21975.7]","[1.50559,0.288237,2.06843]","[0.836498,2.56945,-1.34392]","[673875,77511.8,88448.8]","[0,0.99,0.994503]","[0,4,0]","[0,0,0]","[-0.709277,0.351077,-0.634276]",0,"[]","[]","[]","[]","[]","[]","[]","[]","[]","[]",2,"[262895,274528]","[1.21752,1.47177]","[-2.13682,0.821438]","[483041,634162]","[1229.75,76321.5]","[0,0]","[0,1.62751]","[-1,0.709226]",0,"[]","[]","[]","[]","[]","[]","[]","[]","[]","[]",0,"[3032.38]",13293.9,"[11843.8,2477.67,1600.41]","[]","[1832.84,3141.41]","[]"
90,284500,1011767,364118,1.13728,20.316,715162,1.1961,0.975422,1,1,1,1,1.00306,1,1,0,0,2,"[1,1]","[1,1]","[251265,199558]","[0.894848,1.16312]","[-2.72937,0.48384]","[358760,350465]","[0.00653076,-0.00112724]","[1,-1]","[11,11]","[1,1]","[0,0]","[8436.42,-358.036]","[0.0420996,-0.0347436]","[5.54693,4.70126]",10720.9,2.39859,0,"[]","[]","[]","[]","[]","[]","[]","[]",0,"[]","[]","[]","[]","[]","[]","[]","[]","[]","[]",1,"[275243]","[0.894387]","[-2.72392]","[392877]","[2747.46]","[0]","[0.459977]","[-1]",0,"[]","[]","[]","[]","[]","[]","[]","[]","[]","[]",0,"[2814.18,2902.37]",5477.26,"[]","[]","[9375.91]","[]"
91,284500,612225,364118,-1,20.316,715162,0.738662,0.992773,1,1,1,0.959255,1.00306,1,1,0,0,2,"[1,1]","[1,1]","[218413,191971]","[0.869691,-0.180311]","[-2.46259,0.294159]","[306352,195100]","[0.0395126,0.0475464]","[-1,1]","[11,11]","[1,1]","[1116.97,0]","[2599.92,-431.812]","[-0.0024782,0.0101494]","[0.279666,1.10458]",13346.4,-2.7978,2,"[93226.9,30288.5]","[-0.459532,-1.25321]","[1.24678,-3.12146]","[103444,57455.5]","[0.979189,0.985141]","[4,0]","[0,0]","[0.707553,-0.883194]",0,"[]","[]","[]","[]","[]","[]","[]","[]","[]","[]",1,"[277465]","[-0.266752]","[0.598479]","[309095]","[113769]","[0]","[0.134107]","[0.452951]",0,"[]","[]","[]","[]","[]","[]","[]","[]","[]","[]",0,"[3012.78,962.246]",1773.17,"[1143.57,2500.36]","[]","[11194.3]","[]"
92,284500,858221,364118,0.251739,20.316,715162,0.351687,0.98089,1,1,1,1.76796,0.99866,1,1,0,0,1,"[1]","[1]","[205679]","[-0.844794]","[0.208589]","[283543]","[0.0145473]","[-1]","[11]","[1]","[0]","[2155.05]","[0.018701]","[2.25455]",31349.2,2.02798,7,"[270188,87660.6,24989.9,22723,22267.1,20906.5,20614.9]","[-1.50307,0.505811,0.536767,-0.304378,2.24105,-0.365939,0.157444]","[3.07554,-0.599109,-1.50384,-2.74206,0.908055,2.88051,-0.996487]","[637425,99700.8,29210.5,24351.5,105957,22817.3,21190.2]","[0.998827,0.993452,0.946517,0.997586,0.910578,0.969334,0.991244]","[0,0,0,0,0,0,0]","[0,0,0,0,0,0,0]","[-0.979404,-0.924767,-0.896307,-0.689579,0.952361,-0.647856,-0.0805145]",0,"[]","[]","[]","[]","[]","[]","[]","[]","[]","[]",1,"[277638]","[-1.51075]","[3.07651]","[659522]","[3193.18]","[0]","[6.1227]","[0.418115]",0,"[]","[]","[]","[]","[]","[]","[]","[]","[]","[]",0,"[2453.2]",10588.3,"[18024.7,3879.63,2217.84,1819.5,1689.88,1397.99,1179.46]","[]","[0]","[]"
93,284500,858145,364118,1,20.316,715162,0.553627,0.975422,1,1,1,0.998463,0.99544,1,1,0,0,2,"[1,1]","[1,1]","[589797,549000]","[1.26138,1.09706]","[2.78894,-0.241068]","[1.12462e+06,913862]","[-0.0435791,0.0201073]","[-1,1]","[11,11]","[1,1]","[0,0]","[574.038,-1107.48]","[-0.0308256,0.0305578]","[4.9453,4.37977]",7519.26,1.51227,2,"[98654.4,25580.3]","[1.024,1.03686]","[-1.58607,0.805667]","[155593,40910.2]","[0.998773,0.993249]","[0,0]","[0,0]","[-0.965896,-0.952176]",0,"[]","[]","[]","[]","[]","[]","[]","[]","[]","[]",2,"[622772,573340]","[1.28894,1.12112]","[2.79048,-0.243469]","[1.2158e+06,973014]","[0.0110485,836.377]","[0,0]","[0,0]","[-1,-1]",0,"[]","[]","[]","[]","[]","[]","[]","[]","[]","[]",0,"[9405.24,7739.64]",514.42,"[3877.93,4502.82]","[]","[18519.3,23453.1]","[]"
94,284500,1029724,364118,-1,20.316,715162,0.596562,0.971072,1,1,1,0.997232,1.01265,1,1,0,0,2,"[1,1]","[1,1]","[238294,123530]","[1.61437,0.895037]","[1.00488,-2.63846]","[622389,176403]","[-0.0144148,-0.00487733]","[1,-1]","[11,11]","[1,1]","[0,16088]","[-525.798,707.983]","[-0.0421082,0.0397752]","[3.36725,4.26335]",35421.2,0.422999,2,"[116861,27241.5]","[2.25647,1.91683]","[-1.69012,-2.32811]","[564454,94674.1]","[0.987449,0.917215]","[0,0]","[0,0]","[-0.949532,-0.849611]",0,"[]","[]","[]","[]","[]","[]","[]","[]","[]","[]",1,"[269625]","[1.61761]","[1.01013]","[706351]","[4339.12]","[0]","[3.37779]","[-1]",0,"[]","[]","[]","[]","[]","[]","[]","[]","[]","[]",0,"[3507.34,993.076]",2032.12,"[11372.2,2672.24]","[]","[11672.1]","[]"
95,284500,1050743,364118,1,20.316,715162,0.738662,0.985722,1,1,1,0.960918,1.00306,1,1,0,0,2,"[1,1]","[1,1]","[242352,168414]","[1.00613,1.74972]","[2.83099,0.073352]","[375723,499082]","[-0.0249691,-0.060215]","[1,-1]","[11,11]","[1,1]","[0,0]","[3090.39,1381.08]","[0.0128426,0.0258195]","[1.05672,1.35319]",22441.3,2.84881,3,"[115032,27585.4,22040.6]","[2.38117,1.38881,0.0697291]","[-0.722773,-0.662491,-2.83256]","[627603,58956.8,22260.6]","[0.948599,0.969097,0.984675]","[4,0,0]","[0,0,0]","[0.0377046,-0.786643,-0.901787]",0,"[]","[]","[]","[]","[]","[]","[]","[]","[]","[]",1,"[272264]","[0.997221]","[2.81991]","[419278]","[5871.75]","[0]","[12.8534]","[0.609908]",0,"[]","[]","[]","[]","[]","[]","[]","[]","[]","[]",0,"[2355.77,2105.34]",1402.45,"[12834,1892.3,1633.27]","[]","[3467.72]","[]"
96,284500,385562,364118,-1,20.316,715162,1.22586,0.985702,1,1,1,0.999268,1.00306,1,1,0,0,2,"[1,1]","[1,1]","[252921,234271]","[0.968551,0.397301]","[0.353955,-2.59268]","[381122,253005]","[-0.012207,-0.0195084]","[-1,1]","[11,11]","[1,1]","[0,0]","[-457.84,-1193.16]","[0.0070939,-0.135703]","[0.907639,7.40892]",38312.2,2.63065,1,"[23811]","[1.17401]","[-1.76133]","[42364.9]","[0.956619]","[0]","[0]","[-0.832516]",0,"[]","[]","[]","[]","[]","[]","[]","[]","[]","[]",1,"[264716]","[0.995998]","[0.352629]","[407236]","[-0.00390625]","[0]","[0]","[-1]",0,"[]","[]","[]","[]","[]","[]","[]","[]","[]","[]",0,"[2545.98,1313.76]",14322.3,"[7551.27]","[]","[6310.22]","[]"
97,284500,1078976,364118,1,20.316,715162,0.738662,0.923246,1,1,1,0.98622,0.99604,1,1,0,0,2,"[1,1]","[1,1]","[80460.4,31053.4]","[-2.02894,-2.02732]","[1.07555,-1.26483]","[311281,119950]","[0.0866585,0.16662]","[1,-1]","[11,11]","[1,1]","[0,0]","[1760.26,53.5529]","[-0.0255592,0.0288667]","[2.05889,1.19677]",64196.2,0.81257,4,"[1.00026e+06,956061,48504.8,33843.4]","[1.62985,1.05168,-1.4298,-1.87794]","[-2.84608,0.290519,-2.89801,-1.75884]","[2.65063e+06,1.53595e+06,107694,113429]","[0,0,0.990092,0.994397]","[0,0,0,0]","[0,0,0,0]","[-0.805046,-0.801297,-0.893691,-0.873289]",0,"[]","[]","[]","[]","[]","[]","[]","[]","[]","[]",2,"[1.01917e+06,960560]","[1.62383,1.04483]","[-2.84936,0.294453]","[2.68541e+06,1.53468e+06]","[23407.9,32753.2]","[0,0]","[4.4582,3.63887]","[0.353684,0.52249]",0,"[]","[]","[]","[]","[]","[]","[]","[]","[]","[]",0,"[1017.4,81.1746]",16996.6,"[43167.9,16280.3,2778.2,2678.42]","[]","[144149,21664.2]","[]"
98,284500,618024,364118,1,20.316,715162,1.74563,0.97994,1,1,1,0.960984,1.00632,1,1,0,0,1,"[1]","[1]","[302685]","[0.538806]","[-2.75515]","[347695]","[0.0132999]","[1]","[11]","[1]","[0]","[-840.449]","[-0.0257831]","[4.23694]",22200,-2.87805,2,"[245598,77218.3]","[2.48843,1.0723]","[0.298467,0.564175]","[1.48898e+06,126538]","[0.990884,0.998054]","[0,4]","[0,0]","[-0.842924,-0.876319]",0,"[]","[]","[]","[]","[]","[]","[]","[]","[]","[]",1,"[311003]","[0.557244]","[-2.76134]","[360552]","[-0.00390625]","[0]","[0]","[-1]",0,"[]","[]","[]","[]","[]","[]","[]","[]","[]","[]",0,"[4162.27]",8773.81,"[6368.44,4829.46]","[]","[12374.2]","[]"
99,284500,1407926,364118,-1.13127,20.316,715162,0.75088,0.97667,1,1,1,0.9997,0.99765,1,1,0,0,2,"[1,1]","[1,1]","[240830,138113]","[0.660736,-1.12251]","[2.23896,-1.00246]","[295341,234654]","[-0.0723095,0.000255585]","[-1,1]","[11,11]","[1,1]","[0,0]","[-193.797,-2155.82]","[-0.00800463,0.0112458]","[1.03435,1.40388]",38549.3,1.08148,1,"[56045]","[1.03518]","[-0.45984]","[88972.6]","[0.992929]","[0]","[0]","[-0.936125]",0,"[]","[]","[]","[]","[]","[]","[]","[]","[]","[]",1,"[254183]","[0.650419]","[2.23067]","[309873]","[1062.85]","[0]","[0]","[-1]",0,"[]","[]","[]","[]","[]","[]","[]","[]","[]","[]",0,"[1968.69,1153.85]",4725.35,"[2649.37]","[]","[4165.45]","[]"
100,284500,1196703,364118,-1,20.316,715162,0.75088,0.98697,1,1,1,0.997385,1.00582,1,1,0,0,1,"[1]","[1]","[354127]","[-0.122807]","[0.11934]","[356801]","[0.00177526]","[1]","[11]","[1]","[0]","[2195.53]","[0.0221092]","[3.47738]",84489.2,0.1594,2,"[476706,40710.1]","[-1.51474,-1.30849]","[-2.98784,0.477176]","[1.13675e+06,81080.7]","[0.999338,0.994043]","[0,0]","[0,0]","[-0.881865,-0.739218]",0,"[]","[]","[]","[]","[]","[]","[]","[]","[]","[]",2,"[442922,369103]","[-1.51591,-0.118694]","[-2.98902,0.120981]","[1.05708e+06,371720]","[4823.33,3214.25]","[0,0]","[8.12149,14.5251]","[0.604707,0.403433]",0,"[]","[]","[]","[]","[]","[]","[]","[]","[]","[]",0,"[2437.16]",3233.54,"[10131.7,10563.1]","[]","[42402.7,23302.4]","[]"
101,284500,1373745,364118,1,20.316,715162,1.26459,0.998255,1,1,1,0.967706,0.99765,1,1,0,0,2,"[1,1]","[1,1]","[242609,155070]","[0.614601,0.825198]","[-2.79344,-0.221489]","[289891,210933]","[-0.0366211,0.00283051]","[1,-1]","[11,11]","[1,1]","[1907.71,0]","[-1529.35,-404.671]","[-0.0142975,-0.00635725]","[1.31774,0.731131]",21058.7,2.66688,1,"[141104]","[0.907149]","[0.83185]","[203548]","[0.996047]","[4]","[0]","[0.364707]",0,"[]","[]","[]","[]","[]","[]","[]","[]","[]","[]",1,"[260875]","[0.698551]","[-2.85282]","[328739]","[32218]","[0]","[1.0366]","[0.41998]",0,"[]","[]","[]","[]","[]","[]","[]","[]","[]","[]",0,"[1789.26,1636.8]",588.699,"[3356.14]","[]","[0]","[]"
102,284500,878244,364118,1,20.316,715162,1.25133,0.953572,1,1,1,0.997396,1.00306,1,1,0,0,2,"[0,0]","[1,1]","[99096.5,28896.7]","[0.888649,-0.401069]","[2.30917,1.79763]","[140868,31252.1]","[0.00273132,-0.0437317]","[1,-1]","[11,11]","[1,1]","[4913.38,0]","[3217.88,1107]","[-0.015153,0.0137136]","[1.35794,1.1768]",8690.48,1.7258,4,"[337830,113089,87353.3,23646]","[1.83742,-1.41184,0.832652,0.884041]","[-1.30487,1.93493,1.2135,1.80403]","[1.08822e+06,246377,120233,33793.6]","[0.996912,0.990787,0.986008,0.939416]","[0,0,0,0]","[0,0,0,0]","[-0.794253,-0.80313,-0.958588,0.494839]",0,"[]","[]","[]","[]","[]","[]","[]","[]","[]","[]",1,"[318149]","[1.85099]","[-1.30227]","[1.03789e+06]","[21420.3]","[0]","[2.95822]","[0.812738]",0,"[]","[]","[]","[]","[]","[]","[]","[]","[]","[]",0,"[510.104,44.0558]",9571.64,"[8226.97,8347.44,10253.6,1906.69]","[]","[10191.6]","[]"
103,284500,693463,364118,1,20.316,715162,1.26205,0.94769,1,1,1,0.999601,1.00632,1,1,0,0,2,"[1,1]","[1,1]","[253534,147831]","[0.296661,-0.023708]","[-1.79399,1.41824]","[264773,147873]","[0.012291,-0.00854111]","[-1,1]","[11,11]","[1,1]","[0,0]","[-840.115,735.902]","[0.0185559,-0.0165422]","[2.60561,2.30608]",48629.3,0.921661,1,"[42301.9]","[0.645791]","[0.646633]","[51660.7]","[0.993522]","[0]","[0]","[-0.935809]",0,"[]","[]","[]","[]","[]","[]","[]","[]","[]","[]",1,"[266452]","[0.329805]","[-1.79561]","[281075]","[-0.00138107]","[0]","[0]","[-1]",0,"[]","[]","[]","[]","[]","[]","[]","[]","[]","[]",0,"[1990.39,2190.48]",4562.57,"[2993.43]","[]","[4634.28]","[]"
104,284500,1991888,364118,-1,20.316,715162,0.696077,0.94157,1,1,1,0.993201,0.99623,1,1,0,0,1,"[1]","[1]","[35046.7]","[-1.88236]","[-0.0805058]","[117779]","[-0.0628166]","[1]","[11]","[1]","[0]","[495.671]","[-0.0186094]","[1.04137]",56389.1,0.321318,7,"[274342,155774,140588,82939.8,46736.4,31237.9,25497.2]","[1.906,-0.748513,-0.808125,-0.788335,0.938697,-0.39609,-2.10204]","[-0.378495,-2.95911,2.61728,1.65604,-3.06104,-0.850701,-2.96586]","[943239,203809,189453,110488,69286.5,33967.3,106095]","[0,0,0,0.990107,0.984702,0.99003,0.858109]","[0,0,0,0,0,0,0]","[0,0,0,0,0,0,0]","[-0.775594,-0.74244,-0.727362,-0.975471,-0.694611,0.643308,-0.775982]",0,"[]","[]","[]","[]","[]","[]","[]","[]","[]","[]",2,"[331506,282900]","[-0.77678,1.90662]","[2.93551,-0.373656]","[477121,973229]","[192305,20505.3]","[0,0]","[1.34501,3.32497]","[0.638996,0.626766]",0,"[]","[]","[]","[]","[]","[]","[]","[]","[]","[]",0,"[84.4403]",23203.1,"[4918.3,2235.66,2265.98,4813.68,17365,17504.5,10407.8]","[]","[13395,24909.4]","[]"
105,284500,1451172,364118,0.00749903,20.316,715162,0.696077,0.971072,1,1,1,0.961073,1.01265,1,1,0,0,2,"[1,1]","[1,1]","[243523,129004]","[1.56668,1.00371]","[0.849092,-2.30099]","[608741,199627]","[-0.0617752,0.0600357]","[-1,1]","[11,11]","[1,1]","[0,0]","[4035.82,915.315]","[-0.0278104,0.01866]","[3.07726,1.67163]",35763.1,-2.62352,1,"[59106.4]","[0.334446]","[-2.07723]","[62754.9]","[0.984286]","[4]","[0]","[0.294804]",0,"[]","[]","[]","[]","[]","[]","[]","[]","[]","[]",1,"[274546]","[1.58422]","[0.845358]","[697446]","[4440.37]","[0]","[6.23089]","[0.233999]",0,"[]","[]","[]","[]","[]","[]","[]","[]","[]","[]",0,"[5851.61,1223.38]",9599.62,"[2634.19]","[]","[6883.94]","[]"
106,284500,563956,364118,1,20.316,715162,0.923924,1.01179,1,1,1,0.959367,1.00306,1,1,0,0,2,"[1,1]","[1,1]","[431523,351633]","[0.853441,0.942823]","[2.72632,-0.372187]","[598449,519845]","[0.108237,-0.00125051]","[1,-1]","[11,11]","[1,1]","[0,0]","[-2167.63,1743.07]","[-0.0140499,0.0167841]","[1.46445,3.04414]",13579.6,-0.124132,1,"[70649.1]","[-0.646177]","[-0.644584]","[86470.4]","[0.995055]","[4]","[0]","[-0.700567]",0,"[]","[]","[]","[]","[]","[]","[]","[]","[]","[]",2,"[452848,384976]","[0.861475,0.941903]","[2.72109,-0.367839]","[631540,568774]","[1194.42,4914.05]","[0,0]","[0,71.0394]","[-1,0.345552]",0,"[]","[]","[]","[]","[]","[]","[]","[]","[]","[]",0,"[5068.32,4616.82]",2032.69,"[2583.24]","[]","[5263.94,52273.8]","[]"
107,284500,959162,364118,0.080789,20.316,715162,0.75088,0.98089,1,1,1,0.998797,0.99866,1,1,0,0,1,"[0]","[1]","[389442]","[-0.825803]","[-1.9425]","[529951]","[-0.0406799]","[-1]","[11]","[1]","[1059.96]","[5919.21]","[0.0091524]","[0.943275]",6047.03,1.98874,2,"[72773.2,20541.9]","[0.239516,1.03628]","[2.22035,2.37902]","[75340.7,32744.2]","[0.999928,0.932682]","[0,0]","[0,0]","[-0.894739,-0.884042]",0,"[]","[]","[]","[]","[]","[]","[]","[]","[]","[]",2,"[420494,331602]","[-0.815003,-0.798753]","[-1.93807,0.966648]","[568118,443129]","[8780.14,0.00552427]","[0,0]","[0,0]","[-1,-1]",0,"[]","[]","[]","[]","[]","[]","[]","[]","[]","[]",0,"[4715.27]",779.932,"[4677.53,2827.76]","[]","[47606.2,7235.5]","[]"
108,284500,1401189,364118,0.889001,20.316,715162,0.738662,1.01378,1,1,1,0.959079,1.00936,1,1,0,0,1,"[1]","[1]","[236939]","[0.074928]","[2.45714]","[237604]","[0.105484]","[1]","[11]","[1]","[0]","[71.9351]","[-0.00462394]","[0.296133]",43755.1,2.73575,2,"[264430,21812.6]","[-1.23642,-0.741641]","[-0.687523,-0.826076]","[495156,28454.7]","[0.997857,0.893132]","[4,0]","[0,0]","[-0.710198,-0.893792]",0,"[]","[]","[]","[]","[]","[]","[]","[]","[]","[]",1,"[250194]","[-1.2797]","[-0.693981]","[486211]","[39723.9]","[0]","[1.01496]","[0.744084]",0,"[]","[]","[]","[]","[]","[]","[]","[]","[]","[]",0,"[1547.68]",16048.2,"[12827.1,1751.75]","[]","[13992.2]","[]"
109,284500,850599,364118,1,20.316,715162,1.26459,0.972512,1,1,1,0.987535,1.00632,1,1,0,0,2,"[1,1]","[1,1]","[234226,186507]","[0.404817,0.698542]","[-2.53336,0.415165]","[253681,233892]","[0.0131989,0.0300598]","[-1,1]","[11,11]","[1,1]","[0,0]","[703.281,2331.83]","[-0.0297539,0.0251499]","[5.32069,3.58321]",26091.7,1.45919,2,"[23769.5,20443.9]","[1.13576,0.299122]","[1.27605,2.61624]","[41171.6,21621.3]","[0.992058,0.962041]","[0,4]","[0,0]","[-0.380786,-0.484887]",0,"[]","[]","[]","[]","[]","[]","[]","[]","[]","[]",1,"[250139]","[0.387684]","[-2.52649]","[269180]","[1795.2]","[0]","[0]","[-1]",0,"[]","[]","[]","[]","[]","[]","[]","[]","[]","[]",0,"[2321.92,2046.64]",1980.73,"[6995.83,3651.24]","[]","[26207.5]","[]"
110,284500,1196068,364118,-1,20.316,715162,0.696077,0.993444,1,1,1,0.998403,1.00632,1,1,0,0,2,"[1,1]","[1,1]","[298997,290158]","[0.615416,0.0836952]","[-2.88901,0.227682]","[357428,291174]","[0.0358086,-0.0934029]","[-1,1]","[11,11]","[1,1]","[0,1318.65]","[336.851,2235.92]","[0.00213546,0.0156776]","[0.16456,1.84884]",13924.9,0.621314,2,"[28214.3,24221.6]","[0.553694,-0.0236933]","[0.983953,2.6452]","[32889.4,24856]","[0.979392,0.964759]","[0,0]","[0,0]","[-0.232796,-0.878764]",0,"[]","[]","[]","[]","[]","[]","[]","[]","[]","[]",2,"[316028,320889]","[0.591232,0.0869572]","[-2.88881,0.276495]","[372897,328939]","[2153.86,66711.7]","[0,0]","[49.5802,1.00835]","[0.395092,0.489522]",0,"[]","[]","[]","[]","[]","[]","[]","[]","[]","[]",0,"[1735.11,6512.63]",10680.6,"[3968.71,3192.06]","[]","[8405.09,12593.1]","[]"
111,284500,563583,364118,1,20.316,715162,0.696077,0.983083,1,1,1,0.977066,0.99544,1,1,0,0,2,"[1,1]","[1,1]","[233947,195390]","[1.31332,0.0431125]","[-2.39878,0.736228]","[466424,195572]","[0.0105057,-0.0941353]","[1,-1]","[11,11]","[1,1]","[0,0]","[-162.761,-1282.21]","[-0.0151026,0.00450928]","[1.4537,0.705092]",18822.3,0.223066,2,"[45294.8,27721]","[2.35459,1.47343]","[-0.0670807,2.13998]","[240788,63869.2]","[0.998213,0.956656]","[0,4]","[0,0]","[-0.903437,0.798923]",0,"[]","[]","[]","[]","[]","[]","[]","[]","[]","[]",1,"[261151]","[1.30468]","[-2.40176]","[516792]","[1872.77]","[0]","[87.142]","[0.611622]",0,"[]","[]","[]","[]","[]","[]","[]","[]","[]","[]",0,"[2804.8,1208.26]",11515.9,"[2558.42,1355.74]","[]","[7263.92]","[]"
112,284500,1373813,364118,-1,20.316,715162,1.1961,0.985702,1,1,1,0.962618,1.00306,1,1,0,0,2,"[1,1]","[1,1]","[277983,224099]","[0.812865,0.0938357]","[-2.19667,1.25264]","[374991,225087]","[0.0056572,0.071888]","[1,-1]","[11,11]","[1,1]","[0,2820.9]","[-877.445,7998.17]","[-0.000689915,-0.0022393]","[0.097369,0.367092]",33757.6,0.310105,1,"[60281.4]","[1.76429]","[-0.0153365]","[181259]","[0.99]","[4]","[0]","[0.294332]",0,"[]","[]","[]","[]","[]","[]","[]","[]","[]","[]",1,"[286319]","[0.840682]","[-2.19847]","[393613]","[3453.38]","[0]","[0]","[-1]",0,"[]","[]","[]","[]","[]","[]","[]","[]","[]","[]",0,"[3301.48,1116.78]",1994.74,"[2489.77]","[]","[5452]","[]"
113,284500,1664836,364118,2.02102,20.316,715162,0.75088,0.949495,1,1,1,1,1.00582,1,1,0,0,2,"[1,1]","[1,1]","[270557,171425]","[-0.163312,-1.61563]","[-0.46351,2.83873]","[274173,448263]","[0.0276413,0.0767059]","[1,-1]","[11,11]","[1,1]","[0,0]","[89.5978,285.025]","[-0.00626285,0.0109423]","[1.14903,1.50581]",23339.2,1.32914,0,"[]","[]","[]","[]","[]","[]","[]","[]",0,"[]","[]","[]","[]","[]","[]","[]","[]","[]","[]",1,"[289570]","[-0.137472]","[-0.463514]","[292340]","[4141.9]","[0]","[16.2066]","[0.29292]",0,"[]","[]","[]","[]","[]","[]","[]","[]","[]","[]",0,"[4598.6,3209.06]",439.635,"[]","[]","[25203.9]","[]"
114,284500,1754652,364118,-1,20.316,715162,0.923924,0.957352,1,1,1,1.4351,0.98743,1,1,0,0,2,"[1,1]","[1,1]","[266347,256464]","[0.0146047,0.220105]","[2.27039,-0.827147]","[266375,262702]","[-0.100792,0.0246201]","[-1,1]","[11,11]","[1,1]","[0,0]","[162.314,1058.33]","[-0.0104951,0.00283824]","[1.85356,0.43777]",15017.8,1.70628,1,"[40928.6]","[-1.13394]","[-2.14374]","[70647.6]","[0.990213]","[4]","[0]","[0.929692]",0,"[]","[]","[]","[]","[]","[]","[]","[]","[]","[]",2,"[278370,267183]","[-0.0397485,0.164818]","[2.27578,-0.8307]","[278615,270822]","[3719.65,1185.52]","[0,0]","[35.4446,0]","[0.0910077,-1]",0,"[]","[]","[]","[]","[]","[]","[]","[]","[]","[]",0,"[2008.85,2714.75]",13603,"[6017.41]","[]","[22488.5,827.562]","[]"
115,284500,292563,364118,0.248958,20.316,715162,1.32095,0.98089,1,1,1,0.958253,1,1,1,0,0,2,"[1,1]","[1,1]","[276842,224026]","[-1.80207,-0.917066]","[-3.10695,0.257023]","[861972,325020]","[-0.0869026,0.0965004]","[1,-1]","[11,11]","[0,1]","[0,0]","[1339.36,1400.48]","[-0.000304863,0.0131017]","[0.0365812,0.890883]",43884.7,-0.725183,1,"[65424.8]","[2.00781]","[-0.938851]","[248118]","[0.986036]","[4]","[0]","[-0.90317]",0,"[]","[]","[]","[]","[]","[]","[]","[]","[]","[]",1,"[296105]","[-1.7983]","[-3.09928]","[918662]","[2371.74]","[0]","[55.8767]","[0.40729]",0,"[]","[]","[]","[]","[]","[]","[]","[]","[]","[]",0,"[4501.18,2878.98]",2255.5,"[3393.97]","[]","[19788.8]","[]"
116,284500,1719876,364118,-1,20.316,715162,1.25133,0.994407,1,1,1,0.929867,1.00936,1,1,0,0,2,"[1,1]","[1,1]","[377506,341952]","[0.0410949,-0.927926]","[0.404569,-2.83269]","[377825,500041]","[0.0650473,0.0263529]","[1,-1]","[11,11]","[1,1]","[0,0]","[113.429,-374.737]","[-0.000576231,0.0112997]","[0.115661,1.3145]",21465.5,0.613398,3,"[57192.9,39318.1,21575.6]","[0.891987,1.35435,-2.35085]","[-2.96782,-1.59031,-0.465351]","[81635.7,81398.8,114338]","[0.986043,0.981328,0.990108]","[4,4,4]","[0,0,0]","[0.63448,-0.860061,-0.720842]",0,"[]","[]","[]","[]","[]","[]","[]","[]","[]","[]",2,"[401668,358050]","[0.038373,-0.93497]","[0.409213,-2.82836]","[401972,526294]","[2645.34,2956.5]","[0,0]","[0,22.015]","[-1,0.380242]",0,"[]","[]","[]","[]","[]","[]","[]","[]","[]","[]",0,"[15167.1,5113.51]",1437.85,"[2081.23,1456.45,1511.27]","[]","[41787.5,18212.5]","[]"
117,284500,1208080,364118,1,20.316,715162,1.25133,0.962647,1,1,1,0.931106,0.98743,1,1,0,0,2,"[1,1]","[1,1]","[235874,105740]","[-0.112831,-0.664422]","[2.31553,-1.09047]","[237377,129951]","[0.0301743,0.0778275]","[1,-1]","[11,11]","[1,1]","[0,0]","[-294.41,206.618]","[-0.0184381,0.0360457]","[2.99476,2.82201]",12207.6,-1.05919,2,"[80232.8,42229.2]","[1.3695,-1.0282]","[-0.491824,-0.660101]","[168187,66766.3]","[0.992475,0.994527]","[4,4]","[0,0]","[0.375003,-0.930514]",0,"[]","[]","[]","[]","[]","[]","[]","[]","[]","[]",1,"[257994]","[-0.0747232]","[2.31317]","[258717]","[1146.76]","[0]","[0]","[-1]",0,"[]","[]","[]","[]","[]","[]","[]","[]","[]","[]",0,"[1667.41,572.982]",8596.56,"[8505.74,1632.44]","[]","[0]","[]"
118,284500,1676870,364118,-1,20.316,715162,1.32095,0.962819,1,1,1,0.93266,1.00582,1,1,0,0,2,"[1,1]","[1,1]","[234135,119806]","[-0.561411,1.75012]","[2.60102,-0.366561]","[272012,355169]","[-0.0204544,0.0407715]","[-1,1]","[11,11]","[1,1]","[0,0]","[1878.63,-181.348]","[0.0280933,-0.0205441]","[2.63934,1.96126]",15213.7,2.18637,2,"[94312,41922]","[-0.813085,-0.286619]","[-0.584345,-1.10448]","[127591,43810.4]","[0.99365,0.707534]","[4,4]","[0,0]","[-0.599025,-0.670731]",0,"[]","[]","[]","[]","[]","[]","[]","[]","[]","[]",1,"[254057]","[-0.532367]","[2.6028]","[290919]","[939.385]","[0]","[35.7422]","[-1]",0,"[]","[]","[]","[]","[]","[]","[]","[]","[]","[]",0,"[1183.19,1305.97]",8712.85,"[4242.64,5140.28]","[]","[2400.17]","[]"
119,284500,1955777,364118,-1,20.316,715162,0.696077,0.996757,1,1,1,1.33962,1.00306,1,1,0,0,2,"[1,1]","[1,1]","[247024,130183]","[0.87869,0.956517]","[1.82362,-1.14931]","[348683,194418]","[-0.052269,0.00214386]","[-1,1]","[11,11]","[1,1]","[0,0]","[780.004,103.263]","[-0.00424022,-0.0223722]","[0.710823,0.948058]",18318.8,-0.766812,4,"[102780,27487.9,25362.7,22873.8]","[1.66315,1.87946,-1.35927,0.856555]","[-1.55209,-0.323948,1.61451,-1.63011]","[280949,92176.5,53037.8,31818.3]","[0.990024,0.995894,0.983293,0.991952]","[4,0,0,0]","[0,0,0,0]","[-0.892564,-0.805452,-0.863733,0.90226]",0,"[]","[]","[]","[]","[]","[]","[]","[]","[]","[]",1,"[265641]","[0.856853]","[1.82244]","[369282]","[2733.85]","[0]","[13.5867]","[-1]",0,"[]","[]","[]","[]","[]","[]","[]","[]","[]","[]",0,"[2543.51,959.632]",6280.32,"[4794.62,1924.01,2325.5,1682.83]","[]","[5669.34]","[]"
120,284500,1358183,364118,-1,20.316,715162,0.619412,0.971455,1,1,1,0.961554,1,1,1,0,0,2,"[1,1]","[1,1]","[252155,217496]","[-0.47381,-1.83494]","[-0.29755,2.56275]","[280993,698638]","[0.00328064,-0.000167847]","[1,-1]","[11,11]","[0,1]","[0,0]","[433.185,-851.585]","[0.0186137,-0.0289378]","[1.74518,3.57114]",44244.2,-1.1829,2,"[65832.4,23150.8]","[0.860588,-1.10177]","[-2.82229,2.08484]","[91983.2,38798.4]","[0.992952,1]","[4,0]","[0,0]","[-0.903054,-0.301591]",0,"[]","[]","[]","[]","[]","[]","[]","[]","[]","[]",1,"[265372]","[-0.435273]","[-0.301065]","[290910]","[0.00478416]","[0]","[0]","[-1]",0,"[]","[]","[]","[]","[]","[]","[]","[]","[]","[]",0,"[1483.33,1835.56]",1201.06,"[2429.91,1925.33]","[]","[1952.84]","[]"
121,284500,1700118,364118,1,20.316,715162,0.738662,1.00588,1,1,1,0.969699,1.00306,1,1,0,0,1,"[1]","[1]","[621659]","[0.968306]","[-2.2012]","[936593]","[-0.0194931]","[-1]","[11]","[1]","[0]","[4366.65]","[0.000499783]","[0.0875774]",30805.9,-2.94583,3,"[669332,33173.6,22191.2]","[1.43681,0.624745,0.585628]","[0.89755,-3.12356,-0.124938]","[1.48773e+06,40141.5,26608.7]","[0.99965,0.983825,0.989434]","[0,4,0]","[0,0,0]","[-0.94464,-0.775329,-0.575699]",0,"[]","[]","[]","[]","[]","[]","[]","[]","[]","[]",2,"[641307,644105]","[0.988679,1.45007]","[-2.2027,0.898097]","[981154,1.4486e+06]","[8267.82,6482.93]","[0,0]","[75.8892,10.1753]","[0.336687,0.319694]",0,"[]","[]","[]","[]","[]","[]","[]","[]","[]","[]",0,"[9605.65]",12766.2,"[31117.9,1193.34,1708.83]","[]","[43847.3,57534.4]","[]"
122,284500,1357382,364118,1,20.316,715162,0.619412,0.985722,1,1,1,0.997686,1.01265,1,1,0,0,2,"[1,1]","[1,1]","[243043,228945]","[1.68359,1.12644]","[-1.7105,0.84861]","[676941,390218]","[-0.0446625,0.0331612]","[-1,1]","[11,11]","[1,1]","[2343.64,0]","[8018.06,4058.59]","[0.00802816,-0.00368582]","[0.615346,0.454067]",8764.06,1.56207,4,"[135775,55636.5,50817,30066.9]","[1.2119,-1.63021,1.00897,-0.155985]","[2.68518,0.936526,-1.89158,2.34881]","[248618,147636,79204.3,30898.6]","[0.995688,0.999865,1,0.98308]","[0,0,0,0]","[0,0,0,0]","[-0.900967,-0.82735,-0.754549,-0.884144]",0,"[]","[]","[]","[]","[]","[]","[]","[]","[]","[]",1,"[312709]","[1.59893]","[-1.73867]","[811089]","[97579.7]","[0]","[0.719221]","[0.525415]",0,"[]","[]","[]","[]","[]","[]","[]","[]","[]","[]",0,"[6691.7,2440.44]",12676.3,"[13608.5,2547.59,2287.96,3117.9]","[]","[11169.1]","[]"
123,284500,1368049,364118,-0.916167,20.316,715162,0.738662,0.967171,1,1,1,0.999616,1.00582,1,1,0,0,2,"[1,1]","[1,0]","[273641,213947]","[-0.269954,0.29972]","[1.1047,-1.86507]","[283673,223629]","[-0.00652122,-0.00208902]","[1,-1]","[11,11]","[1,1]","[0,0]","[-996.31,-1722.35]","[-0.00415967,-0.0178995]","[0.235136,2.69043]",14957.9,-2.82435,1,"[67377.6]","[-0.391252]","[-2.30806]","[73534]","[0.995878]","[0]","[0]","[-0.883622]",0,"[]","[]","[]","[]","[]","[]","[]","[]","[]","[]",2,"[287841,282974]","[-0.276354,0.149663]","[1.10729,-1.96085]","[298910,301830]","[2035.63,96020.8]","[0,0]","[0,0.767099]","[-1,0.516235]",0,"[]","[]","[]","[]","[]","[]","[]","[]","[]","[]",0,"[1883.17,1089.52]",1780.62,"[2822.28]","[]","[27137.1,23461.8]","[]"
124,284500,1729210,364118,-1,20.316,715162,0.696077,0.972208,1,1,1,0.999671,1.00632,1,1,0,0,2,"[1,1]","[1,1]","[357996,347314]","[0.312191,-0.63406]","[1.25215,-2.10786]","[375584,419500]","[0.109081,0.0109683]","[1,-1]","[11,11]","[1,1]","[0,0]","[-427.281,-2318.56]","[-0.0423915,0.038738]","[3.69686,6.69191]",19922.6,-0.5135,1,"[47229.5]","[-0.833212]","[-1.57374]","[64975.8]","[1]","[0]","[0]","[-0.909677]",0,"[]","[]","[]","[]","[]","[]","[]","[]","[]","[]",2,"[390400,366658]","[-0.666278,0.316044]","[-2.06212,1.24615]","[485490,385122]","[70747.3,-0.00662337]","[0,0]","[1.47169,0]","[0.30078,-1]",0,"[]","[]","[]","[]","[]","[]","[]","[]","[]","[]",0,"[2219,4166.78]",157.654,"[4157.85]","[]","[10234.3,2141.44]","[]"
125,284500,1638193,364118,1,20.316,715162,0.75088,0.99941,1,1,1,0.998107,0.92551,1,1,0,0,1,"[0]","[1]","[279586]","[-2.38086]","[2.02318]","[1.52469e+06]","[-0.239967]","[1]","[11]","[1]","[0]","[-237.906]","[-0.00272333]","[0.219945]",45100.4,1.7155,3,"[300451,64896.5,20882.3]","[-1.49322,0.647419,0.0743956]","[-1.1353,-0.649149,2.1975]","[702481,79623.4,21388]","[0.973677,1,0.986268]","[0,0,0]","[0,0,0]","[-0.92418,-0.803193,-0.0997951]",0,"[]","[]","[]","[]","[]","[]","[]","[]","[]","[]",1,"[277247]","[-1.51117]","[-1.13547]","[658832]","[1481.22]","[0]","[4.34942]","[0.2345]",0,"[]","[]","[]","[]","[]","[]","[]","[]","[]","[]",0,"[3878.69]",2641.85,"[5583.87,2746.16,2822.28]","[]","[11688.9]","[]"
126,284500,1201077,364118,1,20.316,715162,1.26205,0.95444,1,1,1,0.998196,1.01508,1,1,0,0,2,"[1,1]","[1,1]","[481860,409026]","[-1.71356,-0.688648]","[-2.64058,0.505527]","[1.38026e+06,509908]","[-0.0593338,0.0582275]","[-1,1]","[11,11]","[1,1]","[0,0]","[-738.192,-930.022]","[-0.0128424,8.71313e-05]","[1.36415,0.00948183]",18370.1,-2.61156,1,"[28318.7]","[-1.25795]","[0.49508]","[53919.9]","[0.912897]","[0]","[0]","[-0.871972]",0,"[]","[]","[]","[]","[]","[]","[]","[]","[]","[]",2,"[519347,426175]","[-1.70197,-0.669938]","[-2.633,0.511331]","[1.47158e+06,525448]","[1155.49,2131.93]","[0,0]","[0,0]","[-1,-1]",0,"[]","[]","[]","[]","[]","[]","[]","[]","[]","[]",0,"[9097.22,3365.72]",9359.23,"[2830.56]","[]","[61382.8,55982.7]","[]"
127,284500,1764653,364118,-1,20.316,715162,1.22586,0.944584,1,1,1,1.38757,1.00632,1,1,0,0,2,"[1,1]","[1,1]","[215116,154061]","[0.428143,1.88873]","[1.60738,-1.3134]","[235135,520897]","[-0.0114517,-0.540108]","[1,-1]","[11,11]","[1,1]","[0,0]","[684.886,-898.629]","[0.020352,0.0055121]","[2.10517,0.398053]",20713.7,0.377857,3,"[111510,35717.3,28085.4]","[2.33302,-0.0153601,0.941166]","[-2.33051,0.944012,-0.819035]","[580318,36151.8,41857.3]","[0.989218,0.998441,0.975971]","[0,4,0]","[0,0,0]","[-0.902099,0.84928,-0.904578]",0,"[]","[]","[]","[]","[]","[]","[]","[]","[]","[]",1,"[257138]","[0.345718]","[1.52257]","[282608]","[74331.7]","[0]","[0.707003]","[0.534518]",0,"[]","[]","[]","[]","[]","[]","[]","[]","[]","[]",0,"[1399.66,1619.75]",5349.52,"[6433.85,2007.09,2056.93]","[]","[0]","[]"
128,284500,1894619,364118,-1,20.316,715162,1.25133,0.97695,1,1,1,0.974135,0.98743,1,1,0,0,1,"[1]","[1]","[299324]","[-0.0883444]","[-0.0716403]","[300493]","[0.0430198]","[1]","[11]","[1]","[0]","[-723.687]","[-0.0659133]","[5.48495]",3462.21,3.02629,3,"[224429,47807.4,34807]","[2.4979,0.445906,-0.653042]","[-2.90677,2.80646,2.18121]","[1.37345e+06,52810.8,43058.3]","[0.994033,0.987697,0.998253]","[0,0,4]","[0,0,0]","[-0.703402,-0.657262,-0.774562]",0,"[]","[]","[]","[]","[]","[]","[]","[]","[]","[]",1,"[316379]","[-0.0906296]","[-0.0681526]","[317679]","[-0.00236703]","[0]","[0]","[-1]",0,"[]","[]","[]","[]","[]","[]","[]","[]","[]","[]",0,"[4825.25]",3128.5,"[13310.5,4710.62,1567.07]","[]","[6969.59]","[]"
129,284500,1916246,364118,1,20.316,715162,1.25133,0.947477,1,1,1,0.96261,0.99626,1,1,0,0,2,"[1,1]","[1,1]","[219494,104946]","[1.52782,0.423989]","[-0.826744,2.54435]","[529544,114521]","[-0.150793,0.00564957]","[1,-1]","[11,11]","[1,1]","[0,0]","[728.12,-121.649]","[-0.0237704,-0.0189964]","[0.988434,0.893912]",55784,-1.70671,2,"[130030,29840.5]","[0.345885,0.683505]","[2.10845,1.69325]","[138536,37537.2]","[0.9965,0.986695]","[4,0]","[0,0]","[-0.889504,-0.841031]",0,"[]","[]","[]","[]","[]","[]","[]","[]","[]","[]",1,"[256526]","[1.5296]","[-0.833882]","[619904]","[4056.31]","[0]","[8.47431]","[0.247292]",0,"[]","[]","[]","[]","[]","[]","[]","[]","[]","[]",0,"[3379.37,737.36]",1335.39,"[5892.04,5278.52]","[]","[0]","[]"
130,284500,1916705,364118,0.0338158,20.316,715162,1.22586,1.0061,1,1,1,0.999269,0.99765,1,1,0,0,2,"[1,1]","[1,1]","[243114,193871]","[0.718269,0.0851195]","[1.87542,-1.39143]","[308570,194573]","[-0.0159926,0.0667562]","[1,-1]","[11,11]","[1,1]","[0,0]","[688.636,-808.727]","[0.00765486,-0.00729703]","[1.01282,0.963391]",24642.1,-1.27946,1,"[20833.9]","[1.09023]","[-0.215938]","[34875.2]","[0.637529]","[0]","[0]","[-0.931223]",0,"[]","[]","[]","[]","[]","[]","[]","[]","[]","[]",1,"[258126]","[0.721354]","[1.87773]","[328247]","[0.00478416]","[0]","[0]","[-1]",0,"[]","[]","[]","[]","[]","[]","[]","[]","[]","[]",0,"[2840.03,2036.77]",10944.4,"[1129.95]","[]","[0]","[]"
131,284500,1917199,364118,1.13777,20.316,715162,1.22586,0.985702,1,1,1,0.997693,1.00632,1,1,0,0,2,"[1,1]","[1,1]","[255274,175043]","[0.0906449,1.09814]","[0.261295,-2.9044]","[256323,291628]","[0.0615101,-0.028614]","[1,-1]","[11,11]","[1,1]","[0,11492]","[1478.89,1671.38]","[-0.00482847,-0.00221448]","[0.725844,0.314569]",9937.73,-0.837316,2,"[63113.2,21497.8]","[0.631776,1.91919]","[3.04114,-1.92027]","[76492.4,74970.1]","[1,0.855688]","[0,0]","[0,0]","[-0.703852,-0.688621]",0,"[]","[]","[]","[]","[]","[]","[]","[]","[]","[]",2,"[263477,250408]","[0.111653,1.0273]","[0.257573,-2.9821]","[265137,401094]","[2898.29,72009.2]","[0,0]","[0,1.05715]","[-1,0.637227]",0,"[]","[]","[]","[]","[]","[]","[]","[]","[]","[]",0,"[3045.32,1786.82]",2778.22,"[3549.73,2047.08]","[]","[7478.12,0]","[]"
132,284500,1923240,364118,1,20.316,715162,0,0.984282,1,1,1,0.976562,0.9918,1,1,0,0,2,"[1,1]","[1,1]","[257068,223251]","[-0.718857,-0.729615]","[2.96775,-0.432903]","[326399,285357]","[0.0123155,-0.0202928]","[-1,1]","[11,11]","[1,1]","[0,0]","[-232.822,-972.412]","[0.00277777,0.0016113]","[0.346847,0.192345]",8297.5,-2.96491,2,"[55582.6,30212.7]","[-1.22752,-0.79318]","[0.922305,0.169451]","[103591,40610.3]","[0.995358,0.969807]","[0,4]","[0,0]","[-0.886241,-0.866456]",0,"[]","[]","[]","[]","[]","[]","[]","[]","[]","[]",1,"[271335]","[-0.724311]","[2.97679]","[345676]","[0.00617632]","[0]","[0]","[-1]",0,"[]","[]","[]","[]","[]","[]","[]","[]","[]","[]",0,"[2782.15,1708.02]",2745.96,"[5263.59,1693.39]","[]","[6450.66]","[]"
133,284500,1931959,364118,1,20.316,715162,1.55465,0.98536,1,1,1,0.940555,0.9918,1,1,0,0,2,"[0,0]","[1,0]","[149008,28600.3]","[-0.758277,-0.322117]","[-0.489783,1.0763]","[193939,30096.9]","[-0.0324554,-0.076088]","[-1,1]","[11,11]","[1,0]","[0,0]","[1223.44,-25.8163]","[-0.00234967,-0.0560998]","[0.287526,3.7602]",4150.9,0.261754,4,"[154626,149241,118318,29965.1]","[-1.47727,0.956512,1.0478,1.71456]","[-0.515105,-0.732565,-0.247535,-0.210328]","[356630,223595,190088,86098.8]","[0.997847,0.992165,1,0.934268]","[0,0,4,4]","[0,0,0,0]","[-0.476052,-0.932336,-0.126254,0.405076]",0,"[]","[]","[]","[]","[]","[]","[]","[]","[]","[]",1,"[276997]","[-1.19714]","[-0.50686]","[510097]","[99244.5]","[0]","[0.452706]","[0.74266]",0,"[]","[]","[]","[]","[]","[]","[]","[]","[]","[]",0,"[1136.44,201.172]",10896.2,"[7936.41,4664.39,3816.6,1688.36]","[]","[3533.03]","[]"
134,284500,400915,364118,1,20.316,715162,0.351687,0.972512,1,1,1,0.971084,0.99765,1,1,0,0,2,"[1,1]","[1,1]","[280269,205395]","[0.567728,0.205955]","[0.0834318,3.01078]","[326663,209766]","[0.00351715,0.072731]","[-1,1]","[11,11]","[1,1]","[0,0]","[-196.705,1550.47]","[0.0113871,0.0173769]","[1.79199,2.1552]",10457.8,-2.87495,2,"[69398.8,36268.6]","[2.17071,1.50353]","[-2.90357,-1.83424]","[308198,85832.6]","[0.975383,0.955899]","[0,4]","[0,0]","[-0.91997,-0.80179]",0,"[]","[]","[]","[]","[]","[]","[]","[]","[]","[]",1,"[281844]","[0.638815]","[0.0783296]","[341341]","[2086.24]","[0]","[0]","[-1]",0,"[]","[]","[]","[]","[]","[]","[]","[]","[]","[]",0,"[2348.77,1889.77]",16476,"[2765.93,1405.04]","[]","[19375.4]","[]"
135,284500,838505,364118,1,20.316,715162,0.738662,0.985702,1,1,1,0.997673,1.00306,1,1,0,0,2,"[1,1]","[1,1]","[511046,443754]","[0.90105,0.561658]","[-2.05342,0.970454]","[732924,515606]","[-0.0194511,-0.0952492]","[-1,1]","[11,11]","[1,1]","[0,0]","[2656.3,380.511]","[-0.00747688,0.00958298]","[0.68307,1.46741]",40705.6,2.32463,2,"[40327.7,20090.7]","[-1.05744,2.26644]","[1.85009,1.65108]","[65238.7,97990.7]","[0.829727,0.97315]","[0,0]","[0,0]","[-0.230781,-0.710453]",0,"[]","[]","[]","[]","[]","[]","[]","[]","[]","[]",2,"[535349,450426]","[0.925871,0.594628]","[-2.04712,0.962829]","[781686,532438]","[3548.17,2689.25]","[0,0]","[64.516,0]","[0.284203,-1]",0,"[]","[]","[]","[]","[]","[]","[]","[]","[]","[]",0,"[6469.93,2992.37]",8436.14,"[8787.77,1090.21]","[]","[7311.19,34032.4]","[]"
136,284500,1009757,364118,1,20.316,715162,1.32095,0.992773,1,1,1,0.997791,1.00306,1,1,0,0,2,"[1,1]","[1,1]","[243716,152560]","[1.07346,-0.482876]","[0.486379,-2.7312]","[398148,170694]","[0.020256,-0.0544662]","[-1,1]","[11,11]","[1,1]","[12083.7,0]","[-559.969,-190.488]","[0.0046375,-0.000191605]","[0.627495,0.0331907]",37614.2,-3.00441,2,"[42420.8,27077.8]","[1.1408,2.03631]","[-1.67304,3.11627]","[73395.2,105601]","[1,0.994233]","[0,0]","[0,0]","[-0.917428,-0.0205316]",0,"[]","[]","[]","[]","[]","[]","[]","[]","[]","[]",1,"[259552]","[1.06697]","[0.493611]","[421850]","[-0.00676582]","[0]","[0]","[-1]",0,"[]","[]","[]","[]","[]","[]","[]","[]","[]","[]",0,"[2641.25,759.806]",5303.23,"[8320.75,3307.51]","[]","[24069.5]","[]"
137,284500,1404984,364118,-1,20.316,715162,1.1961,0.98089,1,1,1,0.983173,0.99866,1,1,0,0,1,"[1]","[1]","[305960]","[-0.903506]","[0.196567]","[439570]","[0.0102272]","[1]","[11]","[1]","[0]","[362.263]","[0.00293797]","[0.336496]",55470.4,-0.102401,3,"[63432.3,27231.3,23368.4]","[-0.399095,-0.0883412,-0.913256]","[-1.79463,-2.54878,-2.06674]","[69355.4,27632.1,33965.3]","[0.994579,0.968527,0.999632]","[0,0,4]","[0,0,0]","[-0.884692,-0.751771,-0.691787]",0,"[]","[]","[]","[]","[]","[]","[]","[]","[]","[]",1,"[329630]","[-0.892121]","[0.192111]","[469737]","[-0.00390625]","[0]","[0]","[-1]",0,"[]","[]","[]","[]","[]","[]","[]","[]","[]","[]",0,"[3797.92]",5256.06,"[2825.07,5156.8,1630.52]","[]","[18068]","[]"
138,284500,1407378,364118,1,20.316,715162,0.75088,0.94071,1,1,1,0.996756,1.00121,1,1,0,0,2,"[1,0]","[1,0]","[115162,10162.4]","[-1.87657,-0.398889]","[2.15809,-0.764618]","[384884,10981.7]","[-0.0112267,0.00385237]","[-1,1]","[11,11]","[1,1]","[1247.34,0]","[-556.468,104.712]","[0.0282619,0.00807897]","[1.75782,0.617095]",58043.9,-0.638286,3,"[148472,106435,51512.5]","[-1.01576,-2.18478,-2.33198]","[2.13117,-0.884311,0.32145]","[232427,479414,267782]","[0.998605,0.994334,0.994983]","[0,0,0]","[0,0,0]","[-0.786537,-0.396543,-0.596029]",0,"[]","[]","[]","[]","[]","[]","[]","[]","[]","[]",1,"[272521]","[-1.50792]","[2.14441]","[658121]","[127277]","[0]","[0.544896]","[0.747499]",0,"[]","[]","[]","[]","[]","[]","[]","[]","[]","[]",0,"[1025.51,92.1443]",5879.68,"[4254.43,10674.2,6195.25]","[]","[0]","[]"
139,284500,1111011,364118,1,20.316,715162,0.934886,0.940406,1,1,1,0.976796,1.00056,1,1,0,0,2,"[1,1]","[1,1]","[66031.8,46212.5]","[0.222335,0.0462956]","[0.586834,-1.35326]","[67670.6,46262]","[0.03265,0.0651994]","[-1,1]","[11,11]","[1,1]","[0,0]","[2777.69,655.918]","[-0.00814085,-0.01455]","[0.90652,1.01849]",36579.2,0.0985296,6,"[268801,131946,111258,72132.8,26598.4,20519.1]","[0.21646,1.04851,-0.899717,0.398408,-0.317221,-2.4492]","[2.67852,-1.91651,0.682696,-0.706793,-0.439222,-2.61475]","[276442,211981,159784,78124.6,28282.6,119719]","[1,0.997821,1,0.991156,1,0.26149]","[0,0,0,0,4,0]","[0,0,0,0,0,0]","[-0.704266,-0.131948,-0.858358,-0.918771,0.631636,-0.697445]",0,"[]","[]","[]","[]","[]","[]","[]","[]","[]","[]",1,"[266849]","[0.236982]","[2.72169]","[276447]","[33767.4]","[0]","[1.97739]","[0.443161]",0,"[]","[]","[]","[]","[]","[]","[]","[]","[]","[]",0,"[531.272,96.0371]",19316,"[2917.49,2373.11,3856.51,3536.31,3306.9,1454.99]","[]","[20179.8]","[]"
140,284500,418337,364118,1,20.316,715162,1.22586,0.944603,1,1,1,0.998569,1.01265,1,1,0,0,2,"[0,1]","[1,1]","[337413,284645]","[1.56917,1.97758]","[-0.756133,2.46043]","[845366,1.04802e+06]","[0.035881,0.0240593]","[1,1]","[11,11]","[1,1]","[0,0]","[2928.33,168.561]","[-0.0485238,-0.0164636]","[3.94764,0.982316]",31099.2,-2.04881,2,"[88734.3,20749.5]","[-0.481912,-0.722699]","[1.66514,1.21141]","[100112,26602.7]","[0.991742,0.976566]","[0,0]","[0,0]","[-0.912338,0.627618]",0,"[]","[]","[]","[]","[]","[]","[]","[]","[]","[]",2,"[362824,318692]","[1.56066,1.96465]","[-0.752632,2.46163]","[901989,1.15886e+06]","[4883.56,2175.63]","[0,0]","[12.1112,0]","[0.207591,-1]",0,"[]","[]","[]","[]","[]","[]","[]","[]","[]","[]",0,"[8358.99,7153.98]",19878.1,"[6914.51,1136.73]","[]","[4707.31,12389.8]","[]"
141,284500,1968209,364118,1,20.316,715162,1.1961,0.979183,1,1,1,0.999333,1.00582,1,1,0,0,2,"[1,1]","[1,1]","[246496,174406]","[-0.597451,-0.710119]","[-0.31916,2.77856]","[291814,220259]","[-0.0627518,0.0322285]","[-1,1]","[11,11]","[1,1]","[3600.24,0]","[-205.925,3487.35]","[0.0169642,-0.0204031]","[1.4828,2.73423]",19562.8,0.640832,2,"[51064.8,45326.2]","[0.180392,0.0342328]","[2.89618,-2.9478]","[52168,45695]","[0.989661,0.996917]","[0,0]","[0,0]","[-0.843768,-0.824723]",0,"[]","[]","[]","[]","[]","[]","[]","[]","[]","[]",2,"[281813,259456]","[-0.47597,-0.589006]","[2.88164,-0.324983]","[336311,305780]","[119557,896.657]","[0,0]","[0.887141,0]","[0.327122,-1]",0,"[]","[]","[]","[]","[]","[]","[]","[]","[]","[]",0,"[2541.07,1933.69]",867.113,"[1996.08,2082.35]","[]","[22626.6,3472.86]","[]"
142,284500,1076632,364118,1,20.316,715162,0.75088,1.00057,1,1,1,0.956433,1.00936,1,1,0,0,2,"[1,1]","[1,1]","[259878,233031]","[-0.0662205,-0.187093]","[-2.62581,0.328222]","[260448,237121]","[0.0105286,-0.071106]","[1,-1]","[11,11]","[1,1]","[0,0]","[2177.03,3704.77]","[-0.0259168,0.0421213]","[3.35204,2.99498]",25202.5,0.842407,3,"[142775,97153.7,26783.2]","[0.752572,1.33807,0.348497]","[1.87498,-1.24399,0.120656]","[186648,198511,28847.2]","[0.99,1,0.98995]","[0,4,0]","[0,0,0]","[-0.758688,0.0303609,-0.66736]",0,"[]","[]","[]","[]","[]","[]","[]","[]","[]","[]",2,"[279012,269927]","[-0.0606765,0.0145886]","[0.319133,-2.62502]","[285335,269980]","[57282.1,3640.89]","[0,0]","[2.22101,12.2011]","[0.742921,0.0529097]",0,"[]","[]","[]","[]","[]","[]","[]","[]","[]","[]",0,"[5287.6,2658.07]",1250.04,"[3506.65,10080,2138.27]","[]","[17357.4,4727.59]","[]"
143,284500,555317,364118,-1,20.316,715162,1.26459,0.932842,1,1,1,0.99964,1.01508,1,1,0,0,2,"[1,1]","[1,1]","[346531,256594]","[-1.62223,-2.22615]","[2.37687,-0.879543]","[911692,1.20241e+06]","[-0.0148898,-0.0572855]","[1,-1]","[11,11]","[1,1]","[0,1234.29]","[-1154.01,-246.838]","[-0.013859,0.0147725]","[1.98035,1.52625]",41311.1,-0.22906,1,"[40076.1]","[-0.733786]","[-0.676439]","[51645.2]","[1]","[0]","[0]","[-0.847627]",0,"[]","[]","[]","[]","[]","[]","[]","[]","[]","[]",1,"[367633]","[-1.62999]","[2.38322]","[974186]","[1571.04]","[0]","[0]","[-1]",0,"[]","[]","[]","[]","[]","[]","[]","[]","[]","[]",0,"[6068.17,4331.69]",20620.7,"[2352.34]","[]","[10265.8]","[]"
144,284500,1190983,364118,1,20.316,715162,1.24168,0.972512,1,1,1,0.963664,0.99765,1,1,0,0,2,"[1,1]","[1,1]","[265499,170883]","[0.794389,0.589583]","[-1.77381,0.910108]","[353770,201454]","[-0.00234985,0.0156555]","[1,-1]","[11,11]","[1,1]","[0,0]","[288.102,-1142.32]","[0.0165184,-0.00486218]","[1.83326,0.483072]",4171.58,2.08225,1,"[123449]","[1.61672]","[2.03193]","[323648]","[0.997777]","[4]","[0]","[-0.549896]",0,"[]","[]","[]","[]","[]","[]","[]","[]","[]","[]",1,"[291586]","[0.78462]","[-1.78034]","[386041]","[1037.76]","[0]","[0]","[-1]",0,"[]","[]","[]","[]","[]","[]","[]","[]","[]","[]",0,"[3820.07,768.273]",5190.9,"[5464.68]","[]","[5834.66]","[]"
145,284500,1962060,364118,1,20.316,715162,0.619412,0.945363,1,1,1,0.960628,0.98483,1,1,0,0,2,"[1,1]","[1,1]","[54600.6,52424.8]","[0.598445,-0.643876]","[-1.86331,-2.79573]","[64673.1,63672.5]","[0.0634079,0.109886]","[1,-1]","[11,11]","[1,1]","[0,1152.27]","[4517.5,-835.888]","[-0.0124131,0.0275601]","[1.46537,2.83542]",11031.9,3.04238,4,"[178055,170729,131601,29546.6]","[0.0256117,-2.18042,-0.888179,-0.689051]","[0.433947,-2.2668,0.800439,1.87798]","[178926,765921,188846,37243.2]","[0.999438,0.0276159,0,0.968437]","[4,0,0,0]","[0,0,0,0]","[-0.0782653,-0.904926,-0.7644,-0.732124]",0,"[]","[]","[]","[]","[]","[]","[]","[]","[]","[]",1,"[338124]","[-0.383747]","[0.640732]","[400903]","[169460]","[0]","[0.868249]","[0.729906]",0,"[]","[]","[]","[]","[]","[]","[]","[]","[]","[]",0,"[281.106,279.073]",4210.66,"[8917.9,7543.76,6543.15,2658.49]","[]","[28918.9]","[]"
146,284500,1968833,364118,0.178028,20.316,715162,1.26459,0.973455,1,1,1,0.997705,0.99866,1,1,0,0,2,"[1,1]","[1,1]","[219192,196924]","[-0.956256,0.767627]","[-1.5484,1.58494]","[327283,257848]","[-0.0127754,-0.0259438]","[1,-1]","[11,11]","[1,1]","[1203.12,0]","[-2158.53,233.731]","[0.00601307,-0.0359966]","[0.543978,2.98123]",28451.7,-0.216517,2,"[36844.9,27644.9]","[-0.543783,1.61937]","[1.22208,-2.75409]","[42980.8,72652.2]","[1,0.995686]","[0,0]","[0,0]","[-0.945481,-0.769768]",0,"[]","[]","[]","[]","[]","[]","[]","[]","[]","[]",1,"[265014]","[-0.9883]","[-1.44376]","[407571]","[42752.4]","[0]","[0.294164]","[0.3847]",0,"[]","[]","[]","[]","[]","[]","[]","[]","[]","[]",0,"[2110.09,1158.48]",1634.86,"[3704.4,3771.59]","[]","[3176.16]","[]"
147,284500,1076534,364118,-1,20.316,715162,0.923924,0.97663,1,1,1,0.998424,1,1,1,0,0,1,"[1]","[1]","[128069]","[-1.85803]","[1.59976]","[420517]","[0.0214996]","[1]","[11]","[0]","[0]","[732.882]","[0.0388737]","[2.07414]",80509.2,0.819395,2,"[270775,40484.4]","[-1.49097,-1.33779]","[-1.80854,1.62337]","[632050,82691.2]","[0.991439,1]","[0,0]","[0,0]","[-0.884728,-0.829365]",0,"[]","[]","[]","[]","[]","[]","[]","[]","[]","[]",1,"[252905]","[-1.50215]","[-1.81319]","[596145]","[7802.88]","[0]","[6.34787]","[0.789122]",0,"[]","[]","[]","[]","[]","[]","[]","[]","[]","[]",0,"[1386.84]",10483.2,"[20073.6,3168.59]","[]","[0]","[]"
148,284500,844465,364118,-1,20.316,715162,1.26205,0.878577,1,1,1,0.96095,0.98683,1,1,0,0,2,"[1,1]","[1,0]","[77414,19333.6]","[-0.988047,1.07625]","[1.81566,1.98528]","[118377,31654.2]","[-0.0414963,-0.0209541]","[1,-1]","[11,11]","[1,1]","[0,0]","[2530.21,533.041]","[-0.0307588,-0.0142213]","[2.09379,0.715405]",46552.9,-0.911578,4,"[169381,133052,123364,27917.3]","[-0.935681,-0.0219999,-1.64078,-0.163799]","[2.29392,-0.833657,-1.68972,1.33906]","[249771,135412,330391,28380.1]","[0,0,0.989166,0.988]","[0,0,4,0]","[0,0,0,0]","[-0.485714,-0.733207,-0.699885,-0.708137]",0,"[]","[]","[]","[]","[]","[]","[]","[]","[]","[]",1,"[276898]","[-0.978212]","[2.15737]","[422304]","[41234.1]","[0]","[1.14401]","[0.568005]",0,"[]","[]","[]","[]","[]","[]","[]","[]","[]","[]",0,"[199.041,104.273]",3220.27,"[4947.3,2084.06,4629.98,4585.96]","[]","[6778.25]","[]"
149,284500,398765,364118,1,20.316,715162,1.26205,0.936603,1,1,1,0.99853,1.01012,1,1,0,0,2,"[1,1]","[1,1]","[257361,123881]","[1.89646,2.09786]","[1.5596,-1.62718]","[876618,512333]","[-0.0414886,-0.0176239]","[-1,1]","[11,11]","[1,1]","[0,1186.29]","[-2320.11,-229.135]","[0.00607813,-0.00949578]","[0.578187,0.96822]",13788.1,-2.51739,2,"[109626,25116.6]","[1.69093,0.83893]","[-1.33991,-2.87833]","[307791,35027.4]","[0.99364,0.974371]","[0,0]","[0,0]","[-0.266389,0.658256]",0,"[]","[]","[]","[]","[]","[]","[]","[]","[]","[]",1,"[273591]","[1.89266]","[1.55705]","[928523]","[851.359]","[0]","[0]","[-1]",0,"[]","[]","[]","[]","[]","[]","[]","[]","[]","[]",0,"[2115.6,899.626]",3763.99,"[5435.85,1806.53]","[]","[8170.28]","[]"
150,284500,1190299,364118,-3.91172,20.316,715162,1.24168,0.950267,1,1,1,0.962406,0.99544,1,1,0,0,2,"[1,1]","[1,1]","[249698,161941]","[1.18917,0.113065]","[-2.42701,0.570493]","[448059,162977]","[-0.0360508,0.0525208]","[-1,1]","[11,11]","[1,1]","[0,0]","[2497.29,3205.1]","[0.00383549,-0.0240055]","[0.323233,4.05311]",19122.4,3.05561,1,"[82843.8]","[2.24697]","[0.808752]","[396260]","[0.999861]","[4]","[0]","[-0.874234]",0,"[]","[]","[]","[]","[]","[]","[]","[]","[]","[]",1,"[283287]","[1.19341]","[-2.42845]","[510173]","[6620.98]","[0]","[9.8331]","[0.637419]",0,"[]","[]","[]","[]","[]","[]","[]","[]","[]","[]",0,"[2699.45,1196.83]",1560.42,"[2978.92]","[]","[2886.81]","[]"
151,284500,120138,364118,1,20.316,715162,0,0.96689,1,1,1,0.959238,1.00136,1,1,0,0,1,"[1]","[1]","[52940.3]","[1.58165]","[2.86297]","[134167]","[0.216873]","[-1]","[11]","[1]","[0]","[301.927]","[0.00781495]","[0.432901]",19663.1,-2.00313,4,"[266677,56752.7,54041,21452.5]","[-1.74969,2.00892,-1.52813,-2.08196]","[-2.08421,0.406612,-1.48312,1.52944]","[790454,215465,130556,87475.6]","[0.94649,0.990557,0.998404,0.973227]","[0,0,4,0]","[0,0,0,0]","[-0.767573,-0.66386,-0.670703,-0.381527]",0,"[]","[]","[]","[]","[]","[]","[]","[]","[]","[]",1,"[300137]","[-1.72887]","[-1.99352]","[877442]","[96075.5]","[0]","[1.27495]","[0.801516]",0,"[]","[]","[]","[]","[]","[]","[]","[]","[]","[]",0,"[273.415]",14462.9,"[4291.29,2352.21,1990.38,2747.67]","[]","[11599.8]","[]"
152,284500,1966130,364118,0.0444253,20.316,715162,1.21412,0.998255,1,1,1,0.99885,0.99765,1,1,0,0,2,"[1,1]","[1,1]","[423676,376456]","[0.693213,0.962411]","[3.05959,-0.300853]","[529615,564679]","[0.0525055,-0.010952]","[1,-1]","[11,11]","[1,1]","[0,0]","[-440.065,2405.74]","[0.00212026,-0.00793978]","[0.282034,0.907255]",43288.2,-0.84118,2,"[39962.2,20853.2]","[-0.934138,-0.494131]","[1.17158,2.57506]","[59353.5,23829.2]","[0.99964,0.991342]","[0,0]","[0,0]","[-0.728818,-0.718704]",0,"[]","[]","[]","[]","[]","[]","[]","[]","[]","[]",2,"[447187,413036]","[0.673115,0.943627]","[3.06314,-0.298007]","[552379,611023]","[1404.36,6998.74]","[0,0]","[0,8.98966]","[-1,-1]",0,"[]","[]","[]","[]","[]","[]","[]","[]","[]","[]",0,"[3445.15,4377.33]",2439.37,"[2088.93,4933.69]","[]","[17501.6,22252.9]","[]"
153,284500,705031,364118,1,20.316,715162,1.22586,0.91365,1,1,1,0.950656,0.98743,1,1,0,0,2,"[0,0]","[1,1]","[102397,24548.3]","[-0.0620285,-1.00157]","[0.692638,-1.20414]","[102594,37925.3]","[0.000709534,0.013031]","[-1,1]","[11,11]","[1,0]","[0,0]","[1136.68,-806.939]","[0.0115757,-0.00775444]","[1.05328,0.762918]",44250.3,0.556097,8,"[292452,59129.5,32765.1,28700.6,28277.5,28121.7,21578.3,20700.3]","[0.761869,-2.45568,1.24185,1.48302,-2.11138,0.722081,1.91199,-2.30858]","[-2.35206,1.54323,1.25517,-2.6069,0.700657,1.27325,0.288256,1.14109]","[383571,347323,61702.3,66686.5,118550,36047.3,74672.1,105160]","[0.994263,0.999541,0.974337,0.927837,0.994304,0.998055,0.994823,0.997168]","[4,0,0,0,0,0,0,0]","[0,0,0,0,0,0,0,0]","[0.308155,-0.745706,-0.887843,-0.507993,-0.786649,-0.466735,-0.505314,-0.922344]",0,"[]","[]","[]","[]","[]","[]","[]","[]","[]","[]",1,"[294965]","[0.857817]","[-2.37535]","[416385]","[70867.2]","[0]","[2.12241]","[0.679229]",0,"[]","[]","[]","[]","[]","[]","[]","[]","[]","[]",0,"[522.62,287.676]",24155.5,"[10419.1,3229.33,1950.28,1866.27,2970.74,3965.36,1596.69,1158.06]","[]","[11422.2]","[]"
154,284500,358699,364118,-1,20.316,715162,1.21412,0.919686,1,1,1,0.954297,0.98483,1,1,0,0,2,"[1,1]","[1,1]","[59488.3,29420.1]","[-0.349008,-0.682549]","[0.164039,-1.4968]","[63148.3,36543.4]","[-0.0270004,0.0422134]","[-1,1]","[11,11]","[1,1]","[0,0]","[190.46,8.52884]","[0.00613412,-0.048593]","[0.516376,3.69358]",8442.22,-0.790573,4,"[258419,126763,30009.6,23297.4]","[0.109372,1.88481,0.590871,1.28865]","[2.8056,-0.381194,-0.267766,0.455913]","[260445,427220,36032.3,45518.6]","[0.99983,1,0.996577,0.797513]","[4,0,0,0]","[0,0,0,0]","[-0.569987,-0.889758,-0.811094,-0.890862]",0,"[]","[]","[]","[]","[]","[]","[]","[]","[]","[]",1,"[256178]","[0.149397]","[2.80631]","[259745]","[19084.3]","[0]","[2.31627]","[0.685076]",0,"[]","[]","[]","[]","[]","[]","[]","[]","[]","[]",0,"[134.6,65.9731]",102.91,"[12120.5,11387.4,2413.03,6818.69]","[]","[7205.53]","[]"
155,284500,1056325,364118,1.13007,20.316,715162,1.1961,0.979183,1,1,1,0.998122,1.00582,1,1,0,0,2,"[1,1]","[1,1]","[304616,253792]","[-0.54839,-0.617786]","[-1.29637,1.4711]","[351579,303783]","[0.029007,-0.0298004]","[1,-1]","[11,11]","[1,1]","[0,0]","[-254.314,-1189.51]","[0.013487,-0.00704679]","[2.51534,1.03309]",14313.7,2.11895,2,"[80263.5,40047.8]","[0.84854,2.20941]","[2.39529,-2.38112]","[111570,184762]","[0.992797,0.963139]","[0,0]","[0,0]","[-0.93348,-0.556319]",0,"[]","[]","[]","[]","[]","[]","[]","[]","[]","[]",2,"[308512,257263]","[-0.591558,-0.665062]","[-1.30229,1.47331]","[364088,316286]","[1305.86,0.00338291]","[0,0]","[0,0]","[-1,-1]",0,"[]","[]","[]","[]","[]","[]","[]","[]","[]","[]",0,"[2666.68,1796.76]",5921.86,"[9456.03,3933.23]","[]","[13306,24778.3]","[]"
156,284500,384610,364118,1.14305,20.316,715162,1.22586,0.946907,1,1,1,0.98378,1.00121,1,1,0,0,2,"[1,1]","[1,1]","[294911,202831]","[-1.85257,-1.59855]","[2.71758,-0.730223]","[963326,522091]","[0.0409927,-0.0337372]","[1,-1]","[11,11]","[1,1]","[0,0]","[-918.624,33.1965]","[-0.0165726,0.0142703]","[1.65246,1.73187]",6245.05,1.02738,2,"[85532.9,22442.8]","[-2.08303,-0.417976]","[0.088336,0.303174]","[348726,24654.7]","[1,0.994292]","[0,4]","[0,0]","[-0.895379,-0.569834]",0,"[]","[]","[]","[]","[]","[]","[]","[]","[]","[]",2,"[308273,295560]","[-1.86491,-1.83698]","[2.71321,-0.500671]","[1.01888e+06,962012]","[0.0110485,143573]","[0,0]","[0,0.261909]","[-1,0.745903]",0,"[]","[]","[]","[]","[]","[]","[]","[]","[]","[]",0,"[2472.27,3023.67]",19390.2,"[2801.28,2481.93]","[]","[5988.31,1622.31]","[]"
157,284500,412525,364118,1.09355,20.316,715162,0.738662,0.998255,1,1,1,0.997364,1.00306,1,1,0,0,2,"[1,1]","[1,1]","[306695,222632]","[0.886117,0.670576]","[-2.29183,0.581068]","[435192,274592]","[0.00484085,-0.023735]","[-1,1]","[11,11]","[1,1]","[0,1761.25]","[-1781.55,311.351]","[-0.0298551,0.0358385]","[3.63877,5.2172]",24083.3,-0.784946,4,"[68886.2,30083.2,23582.8,23082]","[-0.554766,-1.01317,0.969307,0.123941]","[1.62579,2.15193,2.01565,1.13417]","[81063.5,47279.8,35638,23693.7]","[0.997068,1,0.990983,0.99718]","[0,0,0,0]","[0,0,0,0]","[-0.430256,-0.100073,-0.744407,-0.813811]",0,"[]","[]","[]","[]","[]","[]","[]","[]","[]","[]",1,"[326022]","[0.870065]","[-2.29245]","[457407]","[0.00552427]","[0]","[0]","[-1]",0,"[]","[]","[]","[]","[]","[]","[]","[]","[]","[]",0,"[3629.91,1506.03]",7512.23,"[5898.71,2509.88,2113.85,1680.32]","[]","[1424.59]","[]"
158,284500,465562,364118,-1,20.316,715162,1.21412,0.959658,1,1,1,0.975104,0.98743,1,1,0,0,2,"[1,1]","[1,1]","[257010,122899]","[-0.0373149,0.336267]","[-0.412648,2.66742]","[257189,129913]","[0.0674057,0.0189819]","[1,-1]","[11,11]","[1,1]","[0,0]","[-370.951,33.7529]","[-0.0100236,0.00990737]","[0.879436,1.40287]",24312.7,1.92266,3,"[105217,31287,21076]","[1.00679,-0.543921,0.5024]","[2.92944,1.30907,-2.25828]","[163558,36375.1,24073.7]","[1,0.998234,0.983241]","[0,4,0]","[0,0,0]","[-0.964444,-0.100075,-0.883798]",0,"[]","[]","[]","[]","[]","[]","[]","[]","[]","[]",1,"[260161]","[-0.0106463]","[-0.418858]","[260176]","[0.00272479]","[0]","[0]","[-1]",0,"[]","[]","[]","[]","[]","[]","[]","[]","[]","[]",0,"[2434.41,1159.65]",2431.57,"[5639.64,2528.13,3130.29]","[]","[3686.56]","[]"
159,284500,761090,364118,1,20.316,715162,1.24168,0.944823,1,1,1,1.26453,0.99866,1,1,0,0,2,"[1,1]","[1,1]","[482666,429816]","[-0.9466,-1.36001]","[2.65504,-0.514125]","[715551,892488]","[0.03368,-0.0698719]","[-1,1]","[11,11]","[1,1]","[0,0]","[3862.36,5416.01]","[-0.00786454,0.00861173]","[1.27,0.896012]",8032.14,0.00881075,3,"[34983.3,27294.5,24644]","[-0.274145,-0.048688,2.13324]","[-1.16921,1.42317,0.0865568]","[36442.5,27494.5,105571]","[0.98241,0.997716,0.99999]","[0,0,4]","[0,0,0]","[-0.925291,-0.843459,0.900732]",0,"[]","[]","[]","[]","[]","[]","[]","[]","[]","[]",2,"[518645,467892]","[-0.959775,-1.37491]","[2.65307,-0.518069]","[776448,984350]","[4597.71,2472.95]","[0,0]","[0,0]","[-1,-1]",0,"[]","[]","[]","[]","[]","[]","[]","[]","[]","[]",0,"[5812.26,7247.6]",947.045,"[1958.67,1827.11,1329.17]","[]","[20532.1,27855]","[]"
160,284500,40796,364118,1,20.316,715162,0.351687,0.925502,1,1,1,0.959777,1.01508,1,1,0,0,2,"[1,1]","[1,1]","[255301,239358]","[-1.72427,-1.77986]","[-2.16014,0.622202]","[738681,729769]","[0.0232201,0.0128746]","[-1,1]","[11,11]","[1,1]","[0,0]","[7289.41,-502.034]","[0.01227,0.00133486]","[1.01167,0.180606]",12086.4,-1.1518,1,"[93646]","[-0.254017]","[1.91982]","[97071.9]","[0.996572]","[4]","[0]","[0.415586]",0,"[]","[]","[]","[]","[]","[]","[]","[]","[]","[]",1,"[257815]","[-1.7725]","[0.623513]","[780597]","[-0.0078125]","[0]","[0]","[-1]",0,"[]","[]","[]","[]","[]","[]","[]","[]","[]","[]",0,"[4471.22,3908.55]",2544.16,"[2847.55]","[]","[0]","[]"
161,284500,151835,364118,-1,20.316,715162,1.32095,0.935331,1,1,1,1.10727,1.01508,1,1,0,0,2,"[1,1]","[1,1]","[86412.5,23250.3]","[-1.57928,-0.516234]","[2.61495,-1.60357]","[218519,26417.8]","[-0.00527191,-0.0151215]","[1,-1]","[11,11]","[1,1]","[0,0]","[-555.157,2040.63]","[0.0127188,0.0085239]","[1.63492,0.819755]",107895,2.92526,4,"[249114,188520,75821.6,70002.1]","[0.971843,0.114984,-1.33934,-0.161827]","[-0.299388,3.11429,0.557784,-0.282705]","[377132,191389,155160,71852.9]","[0,0,0,0.995706]","[0,0,0,0]","[0,0,0,0]","[0.958745,-0.785625,-0.873756,-0.922006]",0,"[]","[]","[]","[]","[]","[]","[]","[]","[]","[]",1,"[266560]","[0.897738]","[-0.315792]","[389254]","[77871]","[0]","[1.70557]","[0.637731]",0,"[]","[]","[]","[]","[]","[]","[]","[]","[]","[]",0,"[1130.81,315.181]",8235.48,"[4282.77,2583.51,2550.94,6303.36]","[]","[4617.12]","[]"
162,284500,465065,364118,-1,20.316,715162,1.25133,0.936038,1,1,1,0.963294,1.00493,1,1,0,0,2,"[1,1]","[1,0]","[99684.9,32168.9]","[-1.16988,-1.00831]","[1.83499,0.100254]","[176045,49955.3]","[0.0835495,-0.00891876]","[1,-1]","[11,11]","[1,0]","[0,0]","[291.966,1606.3]","[0.0230184,0.0253215]","[2.57749,2.26996]",31096.4,-1.10258,3,"[160805,126606,97625.7]","[-1.62878,-1.72547,-0.789703]","[2.00629,-1.67801,-1.32964]","[425742,366925,130375]","[0,0.992109,0]","[0,4,0]","[0,0,0]","[-0.784897,-0.373083,-0.700192]",0,"[]","[]","[]","[]","[]","[]","[]","[]","[]","[]",1,"[274780]","[-1.486]","[1.93019]","[639487]","[39448]","[0]","[0.449259]","[0.560472]",0,"[]","[]","[]","[]","[]","[]","[]","[]","[]","[]",0,"[1579.07,513.876]",4950.58,"[8853.38,6342.12,2402.17]","[]","[10086.6]","[]"
163,284500,576690,364118,-1,20.316,715162,0.738662,0.950679,1,1,1,0.998315,1.00493,1,1,0,0,2,"[1,1]","[1,1]","[257378,192837]","[-1.17618,-0.109787]","[0.679837,-2.24814]","[456900,194000]","[-0.123783,0.0129852]","[1,-1]","[11,11]","[1,1]","[0,0]","[-2180.55,2869.1]","[-0.027713,0.00316331]","[2.94848,0.354821]",32449.1,3.07035,1,"[30536.7]","[1.2971]","[-2.86817]","[60287.3]","[0.99013]","[0]","[0]","[-0.342332]",0,"[]","[]","[]","[]","[]","[]","[]","[]","[]","[]",1,"[271149]","[-1.1947]","[0.671162]","[488796]","[0.00956832]","[0]","[0]","[-1]",0,"[]","[]","[]","[]","[]","[]","[]","[]","[]","[]",0,"[2737.54,1710.7]",3915.42,"[8557.96]","[]","[11666.5]","[]"
164,284500,39837,364118,-4.40977,20.316,715162,0.738662,0.967171,1,1,1,1,1.00632,1,1,0,0,2,"[1,1]","[1,0]","[259942,251030]","[0.520907,-0.313084]","[-1.89787,1.5205]","[296014,263434]","[0.000984192,-0.128323]","[-1,1]","[11,11]","[1,1]","[0,0]","[-1022.17,-2737.32]","[-0.00308355,-0.00711396]","[0.364234,0.943851]",25603.3,-1.32859,0,"[]","[]","[]","[]","[]","[]","[]","[]",0,"[]","[]","[]","[]","[]","[]","[]","[]","[]","[]",2,"[271858,257887]","[0.510296,-0.337781]","[-1.90024,1.51885]","[308039,272740]","[2432.19,0.00609863]","[0,0]","[57.8527,0]","[0.414693,-1]",0,"[]","[]","[]","[]","[]","[]","[]","[]","[]","[]",0,"[1369.22,1301.31]",932.447,"[]","[]","[8378.25,13568.2]","[]"
165,284500,946548,364118,0.526356,20.316,715162,0.596562,0.967171,1,1,1,0.998128,1.00582,1,1,0,0,2,"[1,1]","[1,1]","[329622,256706]","[-0.18238,0.316709]","[-0.415322,2.4876]","[335119,269688]","[0.0745277,0.0450478]","[1,-1]","[11,11]","[1,1]","[0,0]","[634.351,259.162]","[0.0161897,-0.0153093]","[2.75557,1.1804]",4290.87,-0.287859,2,"[63339.9,39815.3]","[-1.47519,2.22793]","[-2.80543,-3.0189]","[146036,186989]","[0.997389,0.991875]","[0,0]","[0,0]","[-0.787965,-0.60325]",0,"[]","[]","[]","[]","[]","[]","[]","[]","[]","[]",2,"[333415,268343]","[-0.215724,0.28808]","[-0.418938,2.49123]","[341204,279555]","[-0.00258374,-0.00338291]","[0,0]","[0,0]","[-1,-1]",0,"[]","[]","[]","[]","[]","[]","[]","[]","[]","[]",0,"[2222.73,2669.6]",510.369,"[2754.72,2404.78]","[]","[21902.6,6225.47]","[]"
166,284500,243959,364118,-1,20.316,715162,0.75088,0.98089,1,1,1,0.983998,0.99866,1,1,0,0,1,"[1]","[1]","[163283]","[-1.0816]","[-1.8547]","[268473]","[-0.0171585]","[1]","[11]","[1]","[0]","[-931.86]","[0.00165269]","[0.198772]",25296.3,1.95134,4,"[263593,136895,52374.3,22817.2]","[-1.44098,-1.5673,0.235651,-1.13662]","[1.51727,-1.05223,2.89201,-0.950634]","[588177,342929,54299.7,39504.6]","[0.249121,1,0.999854,0.994189]","[0,0,0,4]","[0,0,0,0]","[-0.823177,-0.603492,-0.922195,0.463069]",0,"[]","[]","[]","[]","[]","[]","[]","[]","[]","[]",1,"[250642]","[-1.44949]","[1.51874]","[563528]","[12241.2]","[0]","[1.68657]","[0.213632]",0,"[]","[]","[]","[]","[]","[]","[]","[]","[]","[]",0,"[1977.89]",24887.2,"[15441.4,3792.23,5543.38,2992.82]","[]","[0]","[]"
167,284500,357607,364118,-1,20.316,715162,1.25133,0.968109,1,1,1,0.998626,0.99866,1,1,0,0,2,"[1,1]","[1,1]","[374005,289184]","[-1.01965,-0.371358]","[3.00693,-0.135363]","[585869,309354]","[0.046608,-0.0199509]","[1,-1]","[11,11]","[1,1]","[0,0]","[1060.35,4044.67]","[0.00592432,-0.0192254]","[0.771361,1.92155]",21483.5,-1.0988,1,"[39482.8]","[2.35285]","[-0.705782]","[209530]","[0.999737]","[0]","[0]","[-0.890242]",0,"[]","[]","[]","[]","[]","[]","[]","[]","[]","[]",2,"[400066,302301]","[-1.04675,-0.41909]","[3.00528,-0.13531]","[640005,329271]","[3590.26,4513.78]","[0,0]","[118.824,0]","[-1,-1]",0,"[]","[]","[]","[]","[]","[]","[]","[]","[]","[]",0,"[4792.89,3381.72]",7528.49,"[2216.72]","[]","[11993.6,4066.5]","[]"
168,284500,1090670,364118,-1,20.316,715162,0.923924,0.9623,1,1,1,0.924399,0.96784,1,1,0,0,1,"[1]","[1]","[28709.3]","[-0.43075]","[-1.99354]","[31414.1]","[-0.00114441]","[1]","[11]","[1]","[0]","[-811.698]","[-0.00392663]","[0.28734]",8006.14,0.916779,4,"[239308,72276.9,44291.8,38473]","[0.0189254,2.11156,2.03506,0.543199]","[0.709622,-2.00454,-2.63612,2.69726]","[240942,303105,172518,45178.4]","[0.99,0.94724,0.994146,0.988974]","[0,4,4,0]","[0,0,0,0]","[-0.935866,-0.194466,-0.50038,-0.896521]",0,"[]","[]","[]","[]","[]","[]","[]","[]","[]","[]",1,"[251444]","[0.0310433]","[0.711436]","[252840]","[25357.1]","[0]","[1.34929]","[0.580093]",0,"[]","[]","[]","[]","[]","[]","[]","[]","[]","[]",0,"[29.4965]",9733.95,"[3771.49,6281.36,2286.98,3003.99]","[]","[6303.92]","[]"
169,284500,1419218,364118,1,20.316,715162,1.25133,1.00588,1,1,1,0.999458,1.00306,1,1,0,0,1,"[1]","[1]","[184334]","[0.993929]","[-0.121761]","[283132]","[0.0813007]","[1]","[11]","[1]","[0]","[-1043.85]","[-0.0244228]","[3.07871]",3558.14,1.19008,1,"[304753]","[1.49641]","[-2.92172]","[714618]","[1]","[0]","[0]","[-0.965175]",0,"[]","[]","[]","[]","[]","[]","[]","[]","[]","[]",1,"[290537]","[1.50327]","[-2.92221]","[685503]","[3833.15]","[0]","[3.2214]","[0.649862]",0,"[]","[]","[]","[]","[]","[]","[]","[]","[]","[]",0,"[1714.8]",1813.69,"[9259.65]","[]","[26498.7]","[]"
170,284500,814973,364118,-0.747595,20.316,715162,1.21412,0.985702,1,1,1,0.998422,1.00632,1,1,0,0,2,"[1,1]","[1,1]","[256380,174317]","[0.350634,1.09475]","[0.185258,-2.90696]","[272302,289633]","[-0.0442657,0.0165634]","[1,-1]","[11,11]","[1,1]","[0,1503.63]","[30.7239,7452.64]","[-0.0242495,0.01901]","[2.96566,2.3637]",76879.3,-1.87881,3,"[53066.4,36711.1,20765.6]","[0.789419,0.316726,-0.677296]","[2.93988,1.6454,-1.77971]","[70959.9,39494.3,26114.8]","[0.988011,0.999339,0.789371]","[0,0,0]","[0,0,0]","[-0.938837,0.156796,-0.853538]",0,"[]","[]","[]","[]","[]","[]","[]","[]","[]","[]",1,"[266020]","[0.342952]","[0.175722]","[281970]","[9250.5]","[0]","[18.345]","[-1]",0,"[]","[]","[]","[]","[]","[]","[]","[]","[]","[]",0,"[1458.36,1962.13]",20403.5,"[4441.19,2159.98,1163.25]","[]","[3850.75]","[]"
171,284500,1910002,364118,1,20.316,715162,0,0.968109,1,1,1,1,1.00582,1,1,0,0,2,"[1,1]","[1,1]","[285605,156179]","[-0.312465,-0.840565]","[0.110223,-3.05125]","[299661,214679]","[-0.0609379,0.0196781]","[1,-1]","[11,11]","[1,1]","[0,25328.8]","[10.5864,1717.67]","[0.0198229,-0.0112456]","[2.90704,1.598]",50761.1,0.135673,0,"[]","[]","[]","[]","[]","[]","[]","[]",0,"[]","[]","[]","[]","[]","[]","[]","[]","[]","[]",2,"[315218,301911]","[-0.989278,-0.311428]","[-3.04683,0.115758]","[485630,316704]","[55379.3,4614.5]","[0,0]","[0.898387,23.5313]","[0.658333,0.634603]",0,"[]","[]","[]","[]","[]","[]","[]","[]","[]","[]",0,"[2043.24,1299.9]",22323.4,"[]","[]","[970.531,38342.2]","[]"
172,284500,30563,364118,1,20.316,715162,0,0.97553,1,1,1,1.50702,1.01265,1,1,0,0,1,"[1]","[1]","[93535.2]","[1.80662]","[2.79937]","[292486]","[0.103041]","[1]","[11]","[1]","[0]","[520.919]","[-0.0134708]","[1.30429]",71280.9,-2.59739,6,"[248238,100044,37421.6,33117.4,30742.8,24484.7]","[1.41876,-0.213288,2.07416,1.15496,1.91845,2.35377]","[-0.0222727,-2.70054,-0.12696,1.55626,0.552128,1.53147]","[543598,102907,151439,58260.4,107174,130152]","[0.996301,0.999203,0.947315,0.942717,0.871926,0.951127]","[0,4,0,4,0,0]","[0,0,0,0,0,0]","[0.318872,0.891146,-0.910128,-0.884826,-0.886223,-0.819992]",0,"[]","[]","[]","[]","[]","[]","[]","[]","[]","[]",1,"[290066]","[1.50043]","[-0.0183587]","[684994]","[56939.3]","[0]","[2.17397]","[0.731588]",0,"[]","[]","[]","[]","[]","[]","[]","[]","[]","[]",0,"[688.634]",12893.1,"[13101.2,2985.61,2512.56,2200.36,2386.29,2232.18]","[]","[8718.22]","[]"
173,284500,956672,364118,-1,20.316,715162,1.26205,0.943004,1,1,1,0.999458,0.99544,1,1,0,0,2,"[1,1]","[1,1]","[232541,137272]","[1.29334,1.33652]","[1.0124,-2.18894]","[455700,279250]","[-0.0669327,0.12236]","[1,-1]","[11,11]","[1,1]","[1045.62,0]","[477.328,375.806]","[-0.0123048,-0.00528608]","[1.49993,0.580695]",7088.18,-0.984735,1,"[76979.6]","[-0.164434]","[-2.10525]","[79100]","[0.98]","[0]","[0]","[-0.818418]",0,"[]","[]","[]","[]","[]","[]","[]","[]","[]","[]",1,"[260958]","[1.32882]","[1.01229]","[527315]","[0.0123526]","[0]","[0]","[-1]",0,"[]","[]","[]","[]","[]","[]","[]","[]","[]","[]",0,"[3024.63,1590.44]",658.582,"[2908.19]","[]","[1808.39]","[]"
174,284500,1204306,364118,1,20.316,715162,1.26459,0.97538,1,1,1,0.995115,1.01508,1,1,0,0,1,"[1]","[1]","[117454]","[-1.69606]","[1.40132]","[330977]","[0.0191269]","[1]","[11]","[1]","[0]","[594.234]","[0.0188013]","[2.2859]",108995,-0.0521617,5,"[170152,151954,105237,65634.6,21253]","[-1.07227,-1.17751,1.0108,-2.45776,-1.16226]","[1.9075,-1.41155,-2.06212,-1.46402,2.57431]","[280388,270335,164370,386088,37577.6]","[0.00170729,0.999401,0,0.994906,0.64833]","[0,0,0,0,0]","[0,0,0,0,0]","[-0.817181,-0.845708,-0.710645,-0.905684,-0.298245]",0,"[]","[]","[]","[]","[]","[]","[]","[]","[]","[]",1,"[306451]","[-1.42363]","[1.68811]","[684465]","[124096]","[0]","[0.783679]","[0.644481]",0,"[]","[]","[]","[]","[]","[]","[]","[]","[]","[]",0,"[1336.14]",3002.66,"[3496.79,3449.04,5938.17,3448.45,3926.67]","[]","[28042.8]","[]"
175,284500,1908427,364118,1,20.316,715162,0.619412,0.957352,1,1,1,0.962071,1.00632,1,1,0,0,2,"[1,1]","[1,1]","[261719,217707]","[0.17836,-0.0913134]","[1.89835,-1.04644]","[265893,218616]","[0.0305083,-0.0398723]","[1,-1]","[11,11]","[1,1]","[0,0]","[563.955,874.513]","[0.00424358,-0.00646746]","[0.806473,0.983146]",60667.9,-0.157124,2,"[57762.4,26959.7]","[-1.81045,-0.0561187]","[-1.50774,-2.77411]","[181461,27628.7]","[0.936284,0.946115]","[4,0]","[0,0]","[-0.754033,-0.803209]",0,"[]","[]","[]","[]","[]","[]","[]","[]","[]","[]",1,"[277944]","[0.182773]","[1.89834]","[282603]","[1440.64]","[0]","[44.9806]","[-1]",0,"[]","[]","[]","[]","[]","[]","[]","[]","[]","[]",0,"[2485.76,2570.7]",2970.09,"[4961.2,3946.22]","[]","[19110.4]","[]"
176,284500,270336,364118,0.904389,20.316,715162,1.1961,0.967171,1,1,1,0.99809,1.00582,1,1,0,0,2,"[1,1]","[1,1]","[362223,320454]","[-0.159138,0.265985]","[2.2423,-0.884043]","[366819,331857]","[0.0832812,-0.0322056]","[1,-1]","[11,11]","[1,1]","[0,0]","[211.616,-928.5]","[0.00500531,0.00174725]","[0.738445,0.19289]",36717.6,-1.67054,1,"[24370.4]","[-1.65495]","[0.869542]","[66132]","[0.810802]","[0]","[0]","[-0.894279]",0,"[]","[]","[]","[]","[]","[]","[]","[]","[]","[]",2,"[371998,327000]","[-0.160321,0.266561]","[2.23648,-0.878917]","[376808,338687]","[3812.4,-0.00218366]","[0,0]","[43.7839,0]","[-1,-1]",0,"[]","[]","[]","[]","[]","[]","[]","[]","[]","[]",0,"[2177.86,2536.35]",24450.1,"[4723.71]","[]","[15483.4,18609.6]","[]"
177,284500,1892012,364118,1,20.316,715162,0.596562,0.944246,0.998304,1,1,0.999031,1.00632,1,1,0,0,3,"[1,1,0]","[1,1,0]","[81647.9,28456.5,13265.5]","[0.461601,0.26448,-2.38596]","[0.315302,-2.25425,-1.16753]","[90502,29457.6,72705]","[19.1901,19.1597,-0.0703864]","[1,-1,-1]","[11,11,13]","[1,1,1]","[0,0,1861.34]","[-121.486,349.664,2602.98]","[-0.0220643,0.0160765,0.0747306]","[2.63681,1.60027,4.0626]",35965.1,-2.45747,2,"[362313,348930]","[-0.0821089,-0.996762]","[3.04564,-0.0232083]","[369597,539782]","[0.999879,0.989186]","[0,0]","[0,0]","[-0.589055,-0.277444]",0,"[]","[]","[]","[]","[]","[]","[]","[]","[]","[]",2,"[347367,336066]","[-0.0869577,-1.00038]","[3.03973,-0.0302533]","[354687,521425]","[64992.8,52973.1]","[0,0]","[1.21387,1.3785]","[0.793242,0.544512]",0,"[]","[]","[]","[]","[]","[]","[]","[]","[]","[]",0,"[573.88,253.495,78.7577]",16240.8,"[3814.15,10077.9]","[]","[7518.38,10280.8]","[]"
178,284500,1910842,364118,1,20.316,715162,0.351687,0.914785,1,1,1,0.995334,0.99765,1,1,0,0,2,"[1,1]","[1,0]","[89565.1,18403.1]","[0.640943,-0.222792]","[-2.80595,-0.157383]","[108601,18861.7]","[0.00319672,0.0554237]","[-1,1]","[11,11]","[1,0]","[0,0]","[224.641,1014.44]","[0.0130654,-0.185643]","[1.77876,5.28001]",37853,-0.816028,5,"[251166,180046,77420.4,22100.3,20954.8]","[1.38898,0.406645,1.53837,1.44035,0.785424]","[-3.00701,0.263391,0.283454,0.790174,0.666799]","[535406,196108,188738,49324,28146.7]","[0,0.068634,0,0.948889,0.941999]","[0,0,0,0,0]","[0,0,0,0,0]","[-0.543168,-0.911674,-0.825144,-0.84336,-0.807858]",0,"[]","[]","[]","[]","[]","[]","[]","[]","[]","[]",1,"[322763]","[1.19003]","[-2.9429]","[591724]","[119246]","[0]","[0.434909]","[0.579003]",0,"[]","[]","[]","[]","[]","[]","[]","[]","[]","[]",0,"[346.085,71.5302]",1325.26,"[5626.92,2300.39,7523.22,3947.93,4656.94]","[]","[11633.6]","[]"
179,284500,842754,364118,1,20.316,715162,0.351687,0.942732,1,1,1,0.961412,1.01508,1,1,0,0,2,"[1,1]","[1,1]","[196659,168440]","[-1.64894,0.121438]","[-0.426687,2.86021]","[530360,169683]","[0.0131683,-0.00295258]","[-1,1]","[11,11]","[1,1]","[0,0]","[-1096.8,-297.49]","[0.00786117,-0.00683652]","[0.979322,0.82925]",26864.4,1.70908,1,"[78378.5]","[1.21958]","[2.37567]","[144651]","[0.996122]","[4]","[0]","[-0.974104]",0,"[]","[]","[]","[]","[]","[]","[]","[]","[]","[]",1,"[266225]","[-1.56275]","[-0.512663]","[664210]","[38448]","[0]","[0.020746]","[-1]",0,"[]","[]","[]","[]","[]","[]","[]","[]","[]","[]",0,"[2794.81,1909.14]",301.023,"[9233.23]","[]","[10874.2]","[]"
180,284500,466687,364118,-1,20.316,715162,1.1961,0.998255,1,1,1,0.961978,1.00306,1,1,0,0,2,"[1,1]","[1,1]","[280788,198616]","[0.924064,0.6891]","[-0.325671,2.70167]","[409447,247669]","[0.0822372,-0.044693]","[-1,1]","[11,11]","[1,1]","[1432.06,0]","[293.605,1195.38]","[-2.04617e-05,0.0157761]","[0.00242904,2.48042]",11854.7,-2.82208,1,"[64665.7]","[1.45706]","[2.78777]","[146951]","[0.97889]","[4]","[0]","[-0.772587]",0,"[]","[]","[]","[]","[]","[]","[]","[]","[]","[]",2,"[304873,284114]","[0.915247,0.884095]","[-0.328915,2.72506]","[441766,409697]","[5476.79,76072.5]","[0,0]","[11.3006,1.08056]","[-1,0.311409]",0,"[]","[]","[]","[]","[]","[]","[]","[]","[]","[]",0,"[2688.12,1143.99]",8004.74,"[3706.76]","[]","[5259.59,1829.81]","[]"
181,284500,1417065,364118,-1,20.316,715162,0.351687,0.954767,1,1,1,0.961312,0.99544,1,1,0,0,2,"[1,1]","[1,1]","[258945,116195]","[1.20086,-0.179551]","[0.452745,-2.47852]","[469194,118073]","[-0.0156631,0.00611877]","[-1,1]","[11,11]","[1,0]","[0,0]","[509.28,2008.51]","[-0.0142253,0.0324729]","[1.58838,4.92905]",24504.9,0.16522,2,"[156484,20535.4]","[0.255948,-2.47798]","[-2.83187,0.0361474]","[162046,123281]","[0.960329,0.99]","[4,0]","[0,0]","[-0.953875,-0.783432]",0,"[]","[]","[]","[]","[]","[]","[]","[]","[]","[]",2,"[279917,266761]","[0.103521,1.23905]","[-2.67859,0.449361]","[290643,499109]","[72643.5,1267.55]","[0,0]","[0.481418,0]","[0.569391,-1]",0,"[]","[]","[]","[]","[]","[]","[]","[]","[]","[]",0,"[3112.43,455.64]",1911.85,"[1818.41,1267.7]","[]","[8698.62,15109.2]","[]"
182,284500,844177,364118,-1,20.316,715162,0.619412,0.948658,1,1,1,0.973015,0.99544,1,1,0,0,2,"[1,1]","[1,1]","[246874,218174]","[1.3019,2.10801]","[2.48526,-1.08817]","[487365,911238]","[0.0104294,0.00643158]","[-1,1]","[11,11]","[1,1]","[0,0]","[5651.92,-158.597]","[-0.0160853,0.0114435]","[1.64588,1.12223]",24848.2,1.94314,3,"[66855.1,36927.1,24905.2]","[-1.04523,-0.757934,-0.0483899]","[-0.240695,1.2907,0.0417017]","[107358,48577.6,25323.2]","[1,0.987362,0.984581]","[0,4,0]","[0,0,0]","[-0.549886,-0.919511,-0.856717]",0,"[]","[]","[]","[]","[]","[]","[]","[]","[]","[]",1,"[277301]","[1.28235]","[2.48573]","[538334]","[5389]","[0]","[0.441242]","[-1]",0,"[]","[]","[]","[]","[]","[]","[]","[]","[]","[]",0,"[3231.21,2369.65]",1893.48,"[3259.84,1769.5,3452.15]","[]","[1777.81]","[]"
183,284500,236058,364118,-1,20.316,715162,0.596562,0.943646,1,1,1,1.57578,0.99866,1,1,0,0,2,"[1,1]","[1,1]","[453675,363627]","[-1.00244,-1.70326]","[-2.17588,0.948371]","[701360,1.0316e+06]","[-0.00328356,0.00168687]","[1,-1]","[11,11]","[1,1]","[0,0]","[1853.01,9326.78]","[0.0315536,-0.00895431]","[3.2369,1.00905]",10304.5,-0.977182,1,"[83111.1]","[-0.456393]","[0.9462]","[92581.5]","[0.998757]","[4]","[0]","[0.980032]",0,"[]","[]","[]","[]","[]","[]","[]","[]","[]","[]",2,"[479569,360397]","[-1.00815,-1.70607]","[-2.18298,0.943451]","[744633,1.02513e+06]","[-0.0078125,3939.74]","[0,0]","[0,0]","[-1,-1]",0,"[]","[]","[]","[]","[]","[]","[]","[]","[]","[]",0,"[7989.21,6537.26]",550.598,"[4985.02]","[]","[16452.8,8239.78]","[]"
184,284500,1214262,364118,1,20.316,715162,1.26205,0.992773,1,1,1,0.992675,1.00306,1,1,0,0,2,"[1,1]","[1,1]","[327777,308548]","[1.08594,-0.23836]","[-2.53117,0.847765]","[540798,317355]","[0.0352478,-0.00947571]","[1,-1]","[11,11]","[1,1]","[0,0]","[-141.706,-157.729]","[-0.0246986,0.0229582]","[3.55356,3.1701]",17286.2,-1.29898,3,"[34615.9,34254.8,20118.1]","[-1.16596,0.11543,-2.46681]","[-0.40774,-0.0220132,-2.20235]","[61193.6,34855.7,119424]","[0.986794,0.99,0.99327]","[0,0,4]","[0,0,0]","[-0.44026,-0.166659,-0.737616]",0,"[]","[]","[]","[]","[]","[]","[]","[]","[]","[]",2,"[341331,337906]","[1.11988,-0.173461]","[-2.53022,0.791568]","[578695,350162]","[0.0110485,70450]","[0,0]","[0,0.779808]","[-1,0.476271]",0,"[]","[]","[]","[]","[]","[]","[]","[]","[]","[]",0,"[4141.27,3404.17]",1341.22,"[2284.34,2045.6,1705.95]","[]","[42225.2,2641.31]","[]"
185,284500,598338,364118,1,20.316,715162,1.08735,0.97996,1,1,1,0.97994,1.01265,1,1,0,0,1,"[1]","[1]","[275174]","[1.63299]","[0.824172]","[731208]","[-0.00581932]","[-1]","[11]","[1]","[1473.6]","[-460.502]","[0.0299957]","[2.21554]",45318.4,0.474775,4,"[390126,35247.7,31367.8,25393.6]","[1.16296,1.37209,0.986782,0.248516]","[-2.32168,-0.199856,1.06969,1.33011]","[685179,74171.5,48139.1,26428.2]","[0.999136,0.995793,0.99611,1]","[0,0,0,4]","[0,0,0,0]","[-0.899098,-0.820742,-0.791124,-0.646932]",0,"[]","[]","[]","[]","[]","[]","[]","[]","[]","[]",2,"[386503,320295]","[1.17263,1.61588]","[-2.32092,0.840609]","[684162,840775]","[7784.16,71406.8]","[0,0]","[0.10949,2.51997]","[-1,0.719734]",0,"[]","[]","[]","[]","[]","[]","[]","[]","[]","[]",0,"[5386.35]",17063.9,"[17932.5,4701.91,2804.86,1254.75]","[]","[41145.8,3151.31]","[]"
186,284500,1073465,364118,1,20.316,715162,0.187531,0.949495,1,1,1,1.45033,1.01508,1,1,0,0,2,"[1,1]","[1,1]","[258172,242084]","[-1.61481,-0.511727]","[0.971001,-2.1542]","[674585,274478]","[-0.0726595,-0.0571568]","[1,-1]","[11,11]","[1,1]","[0,0]","[-664.356,1025.34]","[-0.0239917,0.0405196]","[2.81783,4.81385]",13173.5,2.1076,3,"[44345.6,43265.2,27663]","[1.43361,-0.00489438,1.37565]","[-0.723227,2.37159,-1.37914]","[98924.9,43609.5,58498.7]","[1,0.999161,0.724749]","[0,4,0]","[0,0,0]","[-0.83423,0.86331,-0.786383]",0,"[]","[]","[]","[]","[]","[]","[]","[]","[]","[]",2,"[281383,253272]","[-1.62274,-0.515359]","[0.960723,-2.1462]","[740649,287657]","[3162.29,-0.00516748]","[0,0]","[0,0]","[-1,-1]",0,"[]","[]","[]","[]","[]","[]","[]","[]","[]","[]",0,"[3997.05,2514.73]",19493.1,"[2969.9,2656.82,5332.65]","[]","[12498,2556.61]","[]"
187,284500,609606,364118,1,20.316,715162,1.55465,0.972512,1,1,1,0.980747,1.00632,1,1,0,0,2,"[1,1]","[1,1]","[280790,189127]","[0.405391,0.720803]","[-2.64684,0.194199]","[304180,240422]","[0.0529699,0.0311251]","[-1,1]","[11,11]","[1,1]","[0,0]","[1469.68,-1155.26]","[0.00937204,-0.00137035]","[1.49893,0.226978]",10357.1,1.91264,3,"[104094,25617,22974.5]","[-0.212615,0.436582,0.98784]","[0.895503,1.9077,-1.38041]","[108071,28409.1,35553.6]","[0.988105,0.958596,0.993824]","[0,4,0]","[0,0,0]","[-0.818532,-0.801224,-0.96286]",0,"[]","[]","[]","[]","[]","[]","[]","[]","[]","[]",1,"[296918]","[0.399236]","[-2.64256]","[320899]","[1207.33]","[0]","[0]","[-1]",0,"[]","[]","[]","[]","[]","[]","[]","[]","[]","[]",0,"[3228.79,1200.43]",741.528,"[7161.56,1270.75,2335.95]","[]","[12785.4]","[]"
188,284500,485708,364118,1,20.316,715162,0.738662,0.96203,1,1,1,1.21749,1.01508,1,1,0,0,1,"[1]","[1]","[230887]","[-1.74825]","[-0.396124]","[683266]","[0.0692291]","[-1]","[11]","[1]","[0]","[2018.63]","[0.0170471]","[1.65013]",47040.3,-3.11447,2,"[154202,45241.5]","[-1.51752,-0.162774]","[2.72374,2.89958]","[368651,46369.7]","[0.99525,0.98163]","[0,0]","[0,0]","[-0.988106,0.903474]",0,"[]","[]","[]","[]","[]","[]","[]","[]","[]","[]",1,"[254238]","[-1.72894]","[-0.399582]","[738834]","[1434.26]","[0]","[0]","[-1]",0,"[]","[]","[]","[]","[]","[]","[]","[]","[]","[]",0,"[3391.91]",5862,"[11040.9,4039.79]","[]","[8367.58]","[]"
189,284500,619916,364118,0.378425,20.316,715162,1.26459,0.96972,1,1,1,0.982224,0.99544,1,1,0,0,1,"[1]","[1]","[227745]","[1.27641]","[-1.94462]","[439866]","[0.0146675]","[1]","[11]","[1]","[1505.32]","[-206.153]","[0.00409591]","[0.642074]",43246,-1.85058,5,"[223799,42806.1,41717,27545.2,22364.8]","[1.45594,0.124754,0.0388731,2.29605,0.8204]","[1.40204,1.40041,-0.262748,-0.109591,2.12893]","[506112,43589.6,42111.9,138327,30614.6]","[0.985206,1,0.91432,0.994859,0.981166]","[0,0,0,4,0]","[0,0,0,0,0]","[-0.865449,-0.949267,-0.852643,-0.703042,-0.82325]",0,"[]","[]","[]","[]","[]","[]","[]","[]","[]","[]",1,"[256420]","[1.27144]","[-1.94338]","[493153]","[2737.03]","[0]","[0.0515375]","[-1]",0,"[]","[]","[]","[]","[]","[]","[]","[]","[]","[]",0,"[2697.92]",27182.4,"[11566.1,1918.02,3641.73,1202.51,5602.42]","[]","[7042.95]","[]"
190,284500,1267808,364118,1,20.316,715162,1.21412,0.926656,1,1,1,0.962213,1.00493,1,1,0,0,2,"[1,1]","[1,1]","[207345,156210]","[-1.27106,-1.73579]","[0.862549,-2.53234]","[398638,456891]","[0.00133133,0.110535]","[1,-1]","[11,11]","[1,1]","[0,0]","[6.60565,3.56497]","[-0.00588256,-0.00305501]","[0.530548,0.355413]",25993.4,-0.483754,3,"[57266.2,26053.4,21608.3]","[0.46997,-0.555894,-1.00654]","[-1.91094,-2.80473,-1.4981]","[64426.5,30838.2,33792.9]","[0.972006,0.958979,0.987761]","[4,0,0]","[0,0,0]","[-0.22608,-0.840426,-0.73382]",0,"[]","[]","[]","[]","[]","[]","[]","[]","[]","[]",1,"[268284]","[-1.29023]","[0.833087]","[524589]","[16225.6]","[0]","[0]","[-1]",0,"[]","[]","[]","[]","[]","[]","[]","[]","[]","[]",0,"[2520.67,1967.85]",1541.95,"[4606.17,3062.16,1919.57]","[]","[2623.91]","[]"
191,284500,598272,364118,-1,20.316,715162,1.24168,0.957352,1,1,1,0.981373,1.00632,1,1,0,0,2,"[1,1]","[1,1]","[302068,242643]","[0.192418,-0.0912153]","[-0.134776,3.13511]","[307677,243653]","[0.145308,0.284735]","[1,-1]","[11,11]","[1,1]","[0,0]","[-1216.07,908.732]","[0.000197675,0.00207968]","[0.0264198,0.214496]",37259.5,2.41759,1,"[30112.8]","[2.21172]","[2.41221]","[139186]","[0.995284]","[4]","[0]","[-0.482434]",0,"[]","[]","[]","[]","[]","[]","[]","[]","[]","[]",2,"[312451,254509]","[0.213224,-0.0711239]","[-0.138302,3.13117]","[319585,255155]","[1650.34,1215.53]","[0,0]","[0,0]","[-1,-1]",0,"[]","[]","[]","[]","[]","[]","[]","[]","[]","[]",0,"[1734.17,3095.9]",4256.73,"[4421.7]","[]","[4468.72,0]","[]"
192,284500,787618,364118,1,20.316,715162,0.75088,0.97828,1,1,1,0.999046,1.0005,1,1,0,0,1,"[1]","[1]","[279195]","[2.12833]","[-0.355863]","[1.18935e+06]","[-0.0497036]","[-1]","[11]","[1]","[2072.21]","[55.6435]","[-0.0102426]","[1.25922]",34853.1,-0.997,2,"[239368,58969.8]","[1.42753,0.520346]","[2.7564,2.57428]","[527729,67550.8]","[0.178407,0.969998]","[0,0]","[0,0]","[-0.856926,-0.775548]",0,"[]","[]","[]","[]","[]","[]","[]","[]","[]","[]",1,"[267709]","[1.28911]","[2.7225]","[537064]","[123331]","[0]","[0.404969]","[0.617958]",0,"[]","[]","[]","[]","[]","[]","[]","[]","[]","[]",0,"[3599.81]",116.488,"[3912.54,2555.76]","[]","[6136.8]","[]"
193,284500,787965,364118,1,20.316,715162,0.696077,0.94336,1,1,1,0.959867,1.01012,1,1,0,0,2,"[1,1]","[1,1]","[232379,145104]","[1.95327,1.89561]","[-0.934924,2.36957]","[835815,493848]","[0.118633,-0.128548]","[-1,1]","[11,11]","[1,1]","[0,0]","[1588.31,338.307]","[0.0133168,-0.0382954]","[1.32482,2.84375]",24953.5,2.48882,2,"[64168.6,22272.1]","[0.0406759,1.36126]","[2.13753,0.611629]","[64667.1,46477.4]","[0.98913,0.593683]","[4,0]","[0,0]","[-0.82679,-0.531779]",0,"[]","[]","[]","[]","[]","[]","[]","[]","[]","[]",1,"[253778]","[1.94479]","[-0.934339]","[905384]","[3314.28]","[0]","[8.70215]","[-1]",0,"[]","[]","[]","[]","[]","[]","[]","[]","[]","[]",0,"[2566.02,1319.3]",2139.11,"[2332.46,1391.86]","[]","[16539.1]","[]"
194,284500,1267011,364118,1,20.316,715162,0.696077,0.96899,1,1,1,1.77912,0.97611,1,1,0,0,1,"[1]","[1]","[40063.2]","[-0.0841393]","[-2.37526]","[40205.1]","[83.7842]","[-1]","[11]","[1]","[0]","[-258.477]","[-0.0123208]","[1.02505]",28194.2,-1.85252,7,"[320016,306779,78949.1,36800.4,33603.4,28562.9,20136.1]","[-0.229812,-1.1368,0.0526018,-0.624314,-1.25683,-1.3137,1.11003]","[-0.950787,2.4126,0.994229,2.00077,-0.102985,1.96616,-0.432042]","[330075,528471,79331,44493.9,64115.6,57093.2,34161.7]","[0.999502,0.984668,0,0.991466,0.996112,0.994882,0.970115]","[0,0,0,0,0,0,0]","[0,0,0,0,0,0,0]","[-0.347087,0.531854,-0.737129,0.990066,-0.838436,-0.944041,0.941914]",0,"[]","[]","[]","[]","[]","[]","[]","[]","[]","[]",2,"[339350,306677]","[-1.14226,-0.266346]","[2.35382,-0.946767]","[595032,318722]","[103971,26484.7]","[0,0]","[2.33175,2.44059]","[0.785991,0.686814]",0,"[]","[]","[]","[]","[]","[]","[]","[]","[]","[]",0,"[44.1461]",2485.63,"[3360.56,8191.2,3405.52,2184.98,3841.97,2900.48,1310.39]","[]","[35735.9,18030.2]","[]"
195,284500,1709650,364118,1,20.316,715162,1.26459,0.98413,1,1,1,0.992421,0.99866,1,1,0,0,1,"[1]","[1]","[144502]","[-0.939928]","[2.10901]","[213173]","[-0.00261307]","[-1]","[11]","[1]","[0]","[1026.9]","[0.00359082]","[0.214181]",73043.7,0.175408,8,"[117940,109430,109229,62396.1,60926.9,41437.2,21441.2,20327.4]","[-1.21795,-1.61855,0.373755,-1.93982,0.324967,-0.587608,-2.44438,-2.4552]","[-0.995106,-0.17963,2.18006,-2.68317,-2.19911,-1.29978,-2.75891,-1.36995]","[217394,287550,119545,221790,65176.4,49080.3,124487,119315]","[0.999844,0.011659,0,0,0,0.902218,0,0.181783]","[0,0,0,0,0,0,0,0]","[0,0,0,0,0,0,0,0]","[-0.853703,-0.745773,-0.786232,-0.859033,-0.555902,-0.95065,-0.829377,-0.691894]",0,"[]","[]","[]","[]","[]","[]","[]","[]","[]","[]",1,"[250140]","[-1.36469]","[-0.761883]","[530841]","[98941.4]","[0]","[1.20462]","[0.524279]",0,"[]","[]","[]","[]","[]","[]","[]","[]","[]","[]",0,"[1041.69]",41016.6,"[2906.78,8684.22,4835.6,3909.08,20991.3,22052.6,6084.19,1250.18]","[]","[0]","[]"
196,284500,1235626,364118,-1,20.316,715162,1.1961,0.967171,1,1,1,0.983852,1.00632,1,1,0,0,2,"[1,1]","[1,1]","[269774,217302]","[0.2363,-0.411672]","[-0.838829,2.36911]","[277341,235977]","[0.01324,0.0121276]","[-1,1]","[11,11]","[1,1]","[0,0]","[3376.77,963.083]","[0.00732206,-0.00594043]","[1.02915,0.859071]",18521.2,0.678362,2,"[35731.7,22773.5]","[0.341714,0.182035]","[2.74573,1.38678]","[38626.3,23463.5]","[0.995301,0.992706]","[0,4]","[0,0]","[-0.315334,-0.89587]",0,"[]","[]","[]","[]","[]","[]","[]","[]","[]","[]",1,"[286099]","[0.238897]","[-0.837517]","[294305]","[1211.39]","[0]","[0]","[-1]",0,"[]","[]","[]","[]","[]","[]","[]","[]","[]","[]",0,"[2067.24,1651.38]",1792.44,"[1894.72,2764.15]","[]","[217.094]","[]"
197,284500,81748,364118,1.4818,20.316,715162,0.738662,0.98428,1,1,1,0.994831,1.00121,1,1,0,0,1,"[1]","[1]","[275334]","[-1.89181]","[-1.05288]","[933682]","[-0.0125656]","[1]","[11]","[1]","[0]","[-1121.12]","[0.0098913]","[0.846269]",60999.4,-0.789628,3,"[32828,27287.4,25580.8]","[-1.3864,1.27272,-1.71072]","[2.64976,0.887007,2.09849]","[70041.6,52921.2,73259.2]","[0.963319,0.986311,0.862828]","[0,0,0]","[0,0,0]","[-0.126301,-0.685734,0.541324]",0,"[]","[]","[]","[]","[]","[]","[]","[]","[]","[]",1,"[297977]","[-1.87576]","[-1.04807]","[995103]","[2503]","[0]","[0]","[-1]",0,"[]","[]","[]","[]","[]","[]","[]","[]","[]","[]",0,"[2240.71]",1300.3,"[3672.44,2741.07,2022.16]","[]","[3101.72]","[]"
198,284500,250284,364118,1,20.316,715162,1.32095,0.972208,1,1,1,0.961657,1.00632,1,1,0,0,2,"[1,1]","[1,1]","[311276,226847]","[0.358236,-0.711854]","[2.51647,-0.813769]","[331464,286791]","[-0.0159836,0.0117264]","[-1,1]","[11,11]","[1,1]","[2928.44,0]","[-1216.92,-1116.79]","[0.00782238,-0.00115855]","[1.21066,0.181955]",28258.2,-0.861558,2,"[64671.8,38963.8]","[0.770257,-2.29028]","[0.519004,-0.850347]","[85307.1,194571]","[0.996839,0.999758]","[4,0]","[0,0]","[-0.334304,-0.546608]",0,"[]","[]","[]","[]","[]","[]","[]","[]","[]","[]",1,"[319545]","[0.343395]","[2.51629]","[338572]","[0.00647778]","[0]","[0]","[-1]",0,"[]","[]","[]","[]","[]","[]","[]","[]","[]","[]",0,"[3598.64,1648.12]",3466.76,"[1328.35,4210.28]","[]","[16636.7]","[]"
199,284500,257024,364118,1,20.316,715162,1.26205,0.950817,1,1,1,0.917872,0.99866,1,1,0,0,2,"[1,1]","[1,1]","[85645.5,65793]","[-0.925962,1.22056]","[0.204352,1.83172]","[125061,121195]","[0.0536251,-0.00240326]","[1,-1]","[11,11]","[1,1]","[0,0]","[2114.92,-982.835]","[-0.0469166,-0.0205809]","[2.14842,0.596117]",22824.2,-1.197,4,"[294279,119476,80655,28940.4]","[0.0820709,-0.319871,1.64833,-1.30014]","[-2.77548,0.214857,0.0132734,1.73421]","[295706,126026,217730,57532.5]","[0.999124,0.99,1,0.997372]","[4,4,0,0]","[0,0,0,0]","[-0.0979861,0.599651,-0.311444,-0.858651]",0,"[]","[]","[]","[]","[]","[]","[]","[]","[]","[]",1,"[305672]","[0.0976342]","[-2.77568]","[307375]","[12289.9]","[0]","[1.43148]","[0.254357]",0,"[]","[]","[]","[]","[]","[]","[]","[]","[]","[]",0,"[318.241,360.458]",1873.78,"[5820.05,5189.36,4492.56,3519.15]","[]","[3466.19]","[]"
200,284500,165318,364118,-1,20.316,715162,1.25133,0.960302,1,1,1,0.999206,1.00632,1,1,0,0,2,"[1,1]","[1,1]","[294741,208469]","[0.0570353,1.62427]","[0.620364,-2.8087]","[295221,549499]","[0.0251465,-0.030159]","[-1,1]","[11,11]","[1,1]","[0,4473.75]","[1603.79,5578.52]","[-0.0226399,0.0221715]","[3.75437,2.56312]",57452.5,-2.51283,1,"[72782]","[2.40933]","[-1.78281]","[408311]","[0.999281]","[0]","[0]","[-0.554844]",0,"[]","[]","[]","[]","[]","[]","[]","[]","[]","[]",1,"[308951]","[0.109277]","[0.624714]","[310797]","[-0.000690534]","[0]","[0]","[-1]",0,"[]","[]","[]","[]","[]","[]","[]","[]","[]","[]",0,"[2815.53,4085.96]",11330.5,"[2795.98]","[]","[7095.22]","[]"
201,284500,273177,364118,1,20.316,715162,0.923924,0.97828,1,1,1,0.99879,1.0005,1,1,0,0,1,"[0]","[1]","[164547]","[2.21463]","[-0.544972]","[762443]","[-0.176359]","[-1]","[11]","[1]","[0]","[2874.77]","[0.00869067]","[0.576244]",37470.7,-0.806265,2,"[283999,53336.9]","[0.80636,1.99711]","[2.83525,0.0364792]","[381987,200293]","[0.992439,0.996124]","[0,0]","[0,0]","[-0.882436,-0.930605]",0,"[]","[]","[]","[]","[]","[]","[]","[]","[]","[]",1,"[282855]","[0.820781]","[2.8378]","[384003]","[17543.7]","[0]","[1.93756]","[0.657762]",0,"[]","[]","[]","[]","[]","[]","[]","[]","[]","[]",0,"[2305.38]",3097.9,"[5263.11,3764.99]","[]","[1099.25]","[]"
202,284500,691731,364118,-1.34837,20.316,715162,1.22586,0.97996,1,1,1,0.997667,1.01265,1,1,0,0,1,"[1]","[1]","[197310]","[1.72228]","[2.2956]","[569824]","[0.0317383]","[1]","[11]","[1]","[21827.1]","[6441.69]","[-0.0217518]","[1.56216]",64973,2.56889,2,"[301279,28195]","[1.42718,-1.72563]","[-0.837598,0.290619]","[663903,81902.8]","[0.99,0.990969]","[0,0]","[0,0]","[-0.949137,0.479255]",0,"[]","[]","[]","[]","[]","[]","[]","[]","[]","[]",2,"[277540,261925]","[1.43818,1.77768]","[-0.836735,2.28445]","[617583,797597]","[2709.81,32731.3]","[0,0]","[25.4979,1.28196]","[0.334657,0.531835]",0,"[]","[]","[]","[]","[]","[]","[]","[]","[]","[]",0,"[3329.03]",1924.5,"[4109.16,1779.89]","[]","[14285.8,2964.64]","[]"
203,284500,166782,364118,1,20.316,715162,1.1961,0.904126,1,1,1,0.991444,0.97611,1,1,0,0,2,"[1,1]","[1,1]","[40665.1,33537.9]","[-0.0240881,-1.31719]","[1.42194,-1.59137]","[40676.9,67089.1]","[-19.8761,-19.9881]","[-1,1]","[11,11]","[1,1]","[0,1809.02]","[837.913,2338.76]","[0.00350508,0.00858374]","[0.428454,0.485745]",44658.6,1.54397,7,"[262447,152217,44713.9,40119.7,25495.5,25112.2,22066.6]","[-0.931487,-1.86065,-1.00831,-2.01842,-1.54877,-1.31879,-2.25903]","[-1.71688,1.228,1.44991,-2.84512,1.52102,0.95415,1.46665]","[385541,502263,70248.9,153716,62794.3,50502.8,106831]","[0.979677,0.996081,0.991022,0.990814,0.871933,0.993612,0.990417]","[0,0,0,0,0,0,0]","[0,0,0,0,0,0,0]","[-0.864394,-0.774243,-0.939106,-0.865213,-0.828996,-0.966972,0.0491004]",0,"[]","[]","[]","[]","[]","[]","[]","[]","[]","[]",1,"[300195]","[-0.9887]","[-1.69473]","[461133]","[41441.4]","[0]","[1.98776]","[0.414617]",0,"[]","[]","[]","[]","[]","[]","[]","[]","[]","[]",0,"[79.8828,176.139]",9046.36,"[11656.2,3150.26,2152.01,3331.4,2221.44,1873.43,1645.61]","[]","[21305.9]","[]"
204,284500,178731,364118,1,20.316,715162,0.696077,0.960534,1,1,1,0.967756,0.99765,1,1,0,0,2,"[1,1]","[1,1]","[224916,109028]","[0.629897,-0.0284188]","[1.69008,-1.13039]","[271030,109072]","[-0.0187416,0.0704117]","[-1,1]","[11,11]","[1,1]","[0,0]","[9538.21,1183.47]","[0.00824248,0.00529328]","[0.908887,0.566077]",6493.42,2.13302,1,"[133880]","[0.741131]","[-1.83977]","[172900]","[0.994126]","[4]","[0]","[0.141333]",0,"[]","[]","[]","[]","[]","[]","[]","[]","[]","[]",1,"[250565]","[0.615802]","[1.69626]","[299636]","[4968.51]","[0]","[5.27221]","[0.463137]",0,"[]","[]","[]","[]","[]","[]","[]","[]","[]","[]",0,"[1486.25,519.502]",8297.97,"[3947.96]","[]","[16005.8]","[]"
205,284500,765493,364118,1,20.316,715162,1.26459,0.985722,1,1,1,0.962117,1.01265,1,1,0,0,2,"[1,1]","[1,1]","[277278,192802]","[1.75665,0.954205]","[-0.922473,2.58048]","[827071,287441]","[-0.0381851,0.0960388]","[-1,1]","[11,11]","[1,1]","[0,0]","[3218.05,6370]","[-0.0198588,0.0127143]","[1.71107,0.562743]",15558,-1.81191,2,"[75229.1,60771.2]","[1.56862,1.71156]","[1.83097,1.25247]","[188678,174015]","[0.427483,1]","[0,4]","[0,0]","[-0.971213,0.590152]",0,"[]","[]","[]","[]","[]","[]","[]","[]","[]","[]",2,"[294226,263096]","[1.76871,1.17801]","[-0.926391,2.42256]","[887664,475914]","[3939.14,87734.9]","[0,0]","[16.6969,0.346045]","[-1,0.796438]",0,"[]","[]","[]","[]","[]","[]","[]","[]","[]","[]",0,"[4496.59,1826.18]",10492.5,"[6921.61,5675.22]","[]","[16329.9,6909.03]","[]"
206,284500,1173831,364118,0.00996451,20.316,715162,1.26205,0.96203,1,1,1,0.9985,1.01508,1,1,0,0,1,"[0]","[1]","[259062]","[-1.71452]","[0.545387]","[742737]","[-0.0293236]","[1]","[11]","[1]","[0]","[59.4254]","[-0.0119198]","[1.82179]",23597.6,1.17196,2,"[181919,88788.8]","[-1.40011,-1.09593]","[-2.89332,-2.0582]","[391376,148280]","[0.994921,0.999815]","[0,0]","[0,0]","[-0.917529,-0.963646]",0,"[]","[]","[]","[]","[]","[]","[]","[]","[]","[]",2,"[274924,260153]","[-1.72103,-1.38325]","[0.544927,-2.62289]","[793044,561395]","[-0.0110485,105752]","[0,0]","[0,0.655065]","[-1,0.753762]",0,"[]","[]","[]","[]","[]","[]","[]","[]","[]","[]",0,"[4304.22]",311.646,"[5332.79,3590.97]","[]","[5677.06,1794.62]","[]"
207,284500,764976,364118,1,20.316,715162,0.696077,0.950679,1,1,1,0.997945,1.00582,1,1,0,0,2,"[1,1]","[1,1]","[227642,188476]","[-0.40075,-1.2025]","[-1.21096,1.47113]","[246167,341977]","[-0.0164108,-0.0288162]","[-1,1]","[11,11]","[1,1]","[0,0]","[2551.02,3468.06]","[0.00920544,-0.0134625]","[1.59172,1.30495]",36957.2,0.781322,4,"[70427.4,52028,31416.3,25804.4]","[0.603237,-0.667799,0.340603,0.142952]","[-2.50611,1.96639,2.76434,-2.12479]","[83841.4,64886.4,33877.9,26441.3]","[1,0.992995,0.989783,0.964181]","[0,0,0,0]","[0,0,0,0]","[-0.823529,-0.704325,-0.727635,-0.870524]",0,"[]","[]","[]","[]","[]","[]","[]","[]","[]","[]",1,"[274615]","[-0.328343]","[-1.2664]","[291498]","[33635.6]","[0]","[2.7227]","[0.219023]",0,"[]","[]","[]","[]","[]","[]","[]","[]","[]","[]",0,"[1517.43,3950.71]",2468.71,"[4719.41,2752.03,1892.55,2091.06]","[]","[8130.16]","[]"
208,284500,748924,364118,-1,20.316,715162,0.696077,0.97538,1,1,1,0.97037,1.01508,1,1,0,0,1,"[1]","[1]","[99193.2]","[-1.77302]","[2.95989]","[300477]","[0.0525665]","[1]","[11]","[1]","[1018.72]","[-272.353]","[0.0274939]","[1.68997]",27053.9,-1.0886,3,"[191235,143730,37372]","[-1.53563,-2.24132,2.01607]","[-0.387461,2.2436,-2.58391]","[464911,683882,143113]","[1,0.906432,0.985012]","[0,0,4]","[0,0,0]","[-0.971724,-0.693535,-0.828711]",0,"[]","[]","[]","[]","[]","[]","[]","[]","[]","[]",1,"[275818]","[-1.51003]","[-0.503632]","[656024]","[40722]","[0]","[1.55235]","[0.544184]",0,"[]","[]","[]","[]","[]","[]","[]","[]","[]","[]",0,"[1189.41]",9759.64,"[4353.54,5174.75,5183.94]","[]","[12002.4]","[]"
209,284500,190954,364118,-1,20.316,715162,0.738662,0.997944,1,1,1,0.960177,1.00306,1,1,0,0,2,"[1,1]","[1,1]","[286362,180011]","[0.964452,-0.660776]","[1.66674,-1.61457]","[430194,220760]","[0.0260811,-0.0108032]","[1,-1]","[11,11]","[1,1]","[0,0]","[676.727,780.079]","[-0.0241803,0.0277777]","[3.35026,3.79587]",10447.2,-0.0882431,1,"[106386]","[-0.0170576]","[-1.37414]","[106978]","[0.99847]","[4]","[0]","[-0.247522]",0,"[]","[]","[]","[]","[]","[]","[]","[]","[]","[]",2,"[324910,298779]","[0.979327,-0.427205]","[1.66647,-1.52398]","[493578,342901]","[1580.76,104904]","[0,0]","[0,0.478403]","[-1,0.624762]",0,"[]","[]","[]","[]","[]","[]","[]","[]","[]","[]",0,"[2742.34,1068.44]",377.835,"[2300.87]","[]","[21817.9,27375.5]","[]"
210,284500,128017,364118,-1,20.316,715162,0.187531,0.967171,1,1,1,0.96951,1.00582,1,1,0,0,2,"[1,1]","[1,1]","[544982,521373]","[-0.488566,0.195257]","[-2.02261,1.10636]","[611328,531343]","[0.0152111,-0.0010643]","[-1,1]","[11,11]","[1,1]","[0,0]","[1775.11,-978.885]","[-0.00368695,0.00985656]","[0.64677,0.959306]",32660.5,-2.77939,1,"[44512.6]","[-1.02289]","[0.843635]","[70296.4]","[0.99997]","[4]","[0]","[-0.923427]",0,"[]","[]","[]","[]","[]","[]","[]","[]","[]","[]",2,"[564726,544932]","[-0.508259,0.185747]","[-2.01913,1.10898]","[639253,554465]","[1583.88,10822.8]","[0,0]","[127.213,29.6063]","[-1,0.384522]",0,"[]","[]","[]","[]","[]","[]","[]","[]","[]","[]",0,"[8923.1,5665.5]",17287.7,"[3633.33]","[]","[11850.5,44406.8]","[]"
211,284500,1290261,364118,1,20.316,715162,1.24168,0.95563,1,1,1,0.999484,0.9918,1,1,0,0,2,"[1,1]","[1,1]","[302646,214818]","[-0.716519,-1.22071]","[0.396479,-3.08706]","[383716,395761]","[0.00494576,-0.0298767]","[-1,1]","[11,11]","[1,1]","[0,0]","[84.3586,-285.125]","[0.0130203,-0.00591327]","[1.6769,0.725323]",51360.3,-2.51226,1,"[79558.9]","[0.781929]","[-1.80654]","[106471]","[1]","[0]","[0]","[-0.684839]",0,"[]","[]","[]","[]","[]","[]","[]","[]","[]","[]",1,"[317452]","[-0.715705]","[0.402733]","[402287]","[0.00617632]","[0]","[0]","[-1]",0,"[]","[]","[]","[]","[]","[]","[]","[]","[]","[]",0,"[2128.76,2906.39]",2806.32,"[4276.77]","[]","[44494.6]","[]"
212,284500,217423,364118,1,20.316,715162,0.75088,0.970222,1,1,1,1.57185,0.99626,1,1,0,0,2,"[1,1]","[1,1]","[594712,561198]","[1.35333,0.800511]","[1.2663,-1.82249]","[1.22769e+06,750820]","[-0.0141525,-0.0211639]","[-1,1]","[11,11]","[1,1]","[0,0]","[2153.91,-1286.33]","[0.00603889,-0.00138067]","[1.11372,0.191762]",21554.4,1.07162,1,"[69223.3]","[1.64213]","[-2.2483]","[185645]","[0.995786]","[4]","[0]","[0.840724]",0,"[]","[]","[]","[]","[]","[]","[]","[]","[]","[]",2,"[640881,647106]","[0.941102,1.38192]","[-1.86135,1.26641]","[961890,1.36981e+06]","[172689,2435.51]","[0,0]","[0.39699,0]","[0.538127,-1]",0,"[]","[]","[]","[]","[]","[]","[]","[]","[]","[]",0,"[15350.5,7275.52]",20251.6,"[4128.87]","[]","[41798.6,35296.5]","[]"
213,284500,181051,364118,0.777885,20.316,715162,1.24168,0.934344,1,1,1,0.995949,1.00021,1,1,0,0,2,"[1,1]","[1,1]","[76987.2,31835.6]","[0.789951,0.729468]","[0.345869,-1.77606]","[102284,40688.2]","[-99.1014,-98.9909]","[-1,1]","[11,11]","[1,1]","[0,0]","[81.8856,2008.78]","[0.0112669,0.0170066]","[1.37779,1.75234]",24905.3,1.92053,5,"[251880,127046,62705.7,37827,20935.8]","[-1.22425,-0.213614,0.933854,1.59987,-0.502091]","[2.79166,-0.0240809,-1.05137,-0.345027,-0.374807]","[465691,131333,92414.6,97877.3,23752.5]","[0.991116,0.998055,0.993297,1,0.996095]","[0,0,0,0,0]","[0,0,0,0,0]","[-0.90982,-0.918935,-0.592428,-0.858501,-0.829957]",0,"[]","[]","[]","[]","[]","[]","[]","[]","[]","[]",1,"[331425]","[-1.15934]","[2.72588]","[584266]","[68439.2]","[0]","[1.9498]","[0.699136]",0,"[]","[]","[]","[]","[]","[]","[]","[]","[]","[]",0,"[476.461,32.6443]",12518.1,"[13822.3,10856.3,6206.83,2575.71,2294.23]","[]","[1333.97]","[]"
214,284500,782340,364118,1,20.316,715162,0.738662,1.00057,1,1,1,0.959048,1.00582,1,1,0,0,2,"[1,1]","[1,1]","[251108,168642]","[-0.4849,0.0945414]","[-0.57358,2.41086]","[281213,169396]","[0.00660038,-0.015666]","[1,-1]","[11,11]","[1,1]","[0,0]","[312.041,1328.11]","[0.0131562,0.0175496]","[1.45804,1.83452]",85745.7,0.766182,3,"[67398.2,37159.2,20818.9]","[-0.490168,-1.0076,-0.481031]","[-2.98463,2.99904,-1.87236]","[76194.3,58119.9,23805.5]","[0.99525,0.998343,0.978392]","[4,0,0]","[0,0,0]","[0.57441,0.589764,-0.881496]",0,"[]","[]","[]","[]","[]","[]","[]","[]","[]","[]",1,"[265199]","[-0.487431]","[-0.572346]","[297332]","[-0.00478416]","[0]","[0]","[-1]",0,"[]","[]","[]","[]","[]","[]","[]","[]","[]","[]",0,"[1729.22,1612.29]",1322.85,"[1625.95,2073.22,1292.86]","[]","[13568.6]","[]"
215,284500,318902,364118,-1,20.316,715162,1.26459,0.97411,1,1,1,0.956213,1.00582,1,1,0,0,2,"[1,1]","[1,1]","[347214,253144]","[-0.422472,-0.228179]","[-0.329637,2.72747]","[378664,259763]","[0.0283203,-0.103874]","[1,-1]","[11,11]","[1,1]","[0,1123.63]","[2452.99,133.674]","[0.00778767,-0.00515175]","[1.42726,0.703966]",14614.9,2.57694,2,"[70801.8,28191]","[-2.2545,-0.798988]","[2.668,-2.13343]","[341168,37985.3]","[0.999088,1]","[4,0]","[0,0]","[-0.928058,-0.733894]",0,"[]","[]","[]","[]","[]","[]","[]","[]","[]","[]",2,"[351617,266418]","[-0.466297,-0.277872]","[-0.331254,2.72462]","[390550,276783]","[2695.67,2696.3]","[0,0]","[24.6914,0]","[-1,-1]",0,"[]","[]","[]","[]","[]","[]","[]","[]","[]","[]",0,"[2159.93,1311.79]",141.496,"[1648.21,5544.83]","[]","[4618.19,0]","[]"
216,284500,1292187,364118,1,20.316,715162,0.75088,0.948088,1,1,1,0.980487,1.00121,1,1,0,0,2,"[0,1]","[1,1]","[399249,309751]","[-1.95062,-1.30104]","[-1.97359,1.05794]","[1.43236e+06,611041]","[0.0349951,0.0315256]","[1,1]","[11,11]","[1,1]","[0,0]","[-2399.75,460.68]","[-0.0302319,0.00446095]","[2.18313,0.607562]",40317.7,1.22318,3,"[34123.2,28899.4,24866.2]","[2.43298,-0.863381,-0.331665]","[1.64959,2.59539,0.67606]","[195917,40484,26741.9]","[0.99648,0.804762,0.999918]","[0,0,4]","[0,0,0]","[-0.817278,-0.820952,0.239682]",0,"[]","[]","[]","[]","[]","[]","[]","[]","[]","[]",2,"[425547,345117]","[-1.94912,-1.30377]","[-1.97832,1.05512]","[1.5245e+06,682408]","[1952.68,1247.46]","[0,0]","[13.3114,0]","[-1,-1]",0,"[]","[]","[]","[]","[]","[]","[]","[]","[]","[]",0,"[3937.92,5040.09]",7119.1,"[6633.79,3212.81,1336.65]","[]","[6525.34,7264.34]","[]"
217,284500,799448,364118,1,20.316,715162,1.1961,0.960322,1,1,1,0.955954,1.01265,1,1,0,0,2,"[1,1]","[1,1]","[255684,245533]","[1.63081,1.71717]","[0.0442396,-2.60984]","[678044,705700]","[0.00175476,-0.00605774]","[1,-1]","[11,11]","[1,1]","[0,1817.28]","[-917.742,-518.174]","[0.0203867,-0.0187997]","[2.44323,2.49664]",43627,2.05958,2,"[102488,20057.1]","[1.59087,2.45461]","[1.6873,-1.75545]","[262298,117703]","[1,0.682583]","[4,0]","[0,0]","[-0.807778,-0.920343]",0,"[]","[]","[]","[]","[]","[]","[]","[]","[]","[]",2,"[267829,266330]","[1.64794,1.72665]","[0.0437739,-2.60805]","[721633,772313]","[2452.37,0]","[0,0]","[0,0]","[-1,-1]",0,"[]","[]","[]","[]","[]","[]","[]","[]","[]","[]",0,"[4659.38,3560.46]",7363.01,"[7179.27,1431.52]","[]","[10163,76.7188]","[]"
218,284500,254548,364118,-1,20.316,715162,0.696077,0.983022,1,1,1,0.997793,1.00936,1,1,0,0,2,"[1,1]","[1,1]","[264709,222661]","[0.0695378,-2.17429]","[1.97233,-1.19514]","[265349,991917]","[0.00138283,0.00973892]","[-1,1]","[11,11]","[1,1]","[5248.19,0]","[1634.09,513.107]","[-0.00498562,0.00346072]","[0.929518,0.218976]",10348.1,-2.70404,3,"[27238.2,25946.8,21252.9]","[-0.91077,0.388705,-0.977435]","[0.384111,-2.45535,-0.109055]","[39788.9,28586.8,32504.7]","[0.945303,0.992793,0.649782]","[0,0,0]","[0,0,0]","[-0.888256,-0.840548,-0.52423]",0,"[]","[]","[]","[]","[]","[]","[]","[]","[]","[]",1,"[279348]","[0.0831142]","[1.98048]","[280319]","[1683.11]","[0]","[21.1697]","[-1]",0,"[]","[]","[]","[]","[]","[]","[]","[]","[]","[]",0,"[2829.56,3237.38]",14906.6,"[2384.11,3468.12,1634.93]","[]","[1200.31]","[]"
219,284500,156550,364118,-1,20.316,715162,1.24168,1.01179,1,1,1,0.997673,1.00306,1,1,0,0,2,"[1,1]","[1,1]","[286736,249098]","[0.953346,0.93628]","[1.71256,-1.47757]","[427212,366493]","[0.0293541,-0.00169182]","[1,-1]","[11,11]","[1,1]","[0,0]","[798.692,3116.2]","[-0.0288915,0.0154255]","[3.11595,2.04346]",16799.5,1.74843,3,"[65944.2,37859.8,22951]","[0.241211,1.55495,-1.06192]","[0.0422533,-2.79065,-2.11105]","[68377.3,93700.6,37443.9]","[0.612641,0.990838,0.971738]","[0,0,0]","[0,0,0]","[-0.849508,-0.771354,-0.722117]",0,"[]","[]","[]","[]","[]","[]","[]","[]","[]","[]",2,"[304738,266057]","[0.966388,0.948176]","[1.71103,-1.46911]","[458462,394911]","[1126.91,4251.28]","[0,0]","[0,0]","[-1,-1]",0,"[]","[]","[]","[]","[]","[]","[]","[]","[]","[]",0,"[3206.16,2423.59]",2186.75,"[2866.35,3037.81,2843.91]","[]","[15683.2,15649.5]","[]"
220,284500,237422,364118,1,20.316,715162,1.22586,0.98428,1,1,1,0.997227,1.00121,1,1,0,0,1,"[1]","[1]","[198682]","[-1.89966]","[1.69081]","[678823]","[0.0133438]","[1]","[11]","[1]","[1308.98]","[-1092.23]","[-0.0049526]","[0.51208]",44882.5,0.871549,2,"[55599.6,23881]","[-1.81227,-1.91609]","[2.47946,-0.0131693]","[174823,83006.4]","[0.962147,0.995458]","[0,0]","[0,0]","[-0.950454,-0.740242]",0,"[]","[]","[]","[]","[]","[]","[]","[]","[]","[]",1,"[257872]","[-1.91078]","[1.844]","[893635]","[75154.2]","[0]","[0.0811006]","[0.237228]",0,"[]","[]","[]","[]","[]","[]","[]","[]","[]","[]",0,"[1680.36]",4379.72,"[2228.76,1640.78]","[]","[8475.53]","[]"
221,284500,203757,364118,-1,20.316,715162,0.696077,0.96203,1,1,1,0.999146,1.01508,1,1,0,0,1,"[1]","[1]","[333826]","[-1.56227]","[2.54285]","[831109]","[-0.0552807]","[1]","[11]","[1]","[0]","[1259]","[-0.0210769]","[1.72532]",32475,1.79577,1,"[46511.9]","[-1.53068]","[-0.286613]","[113035]","[0.828298]","[0]","[0]","[-0.865817]",0,"[]","[]","[]","[]","[]","[]","[]","[]","[]","[]",1,"[366566]","[-1.5638]","[2.53551]","[913924]","[6392.9]","[0]","[11.6091]","[0.617411]",0,"[]","[]","[]","[]","[]","[]","[]","[]","[]","[]",0,"[8209.23]",4170.4,"[4702.82]","[]","[25149.8]","[]"
222,284500,1699697,364118,1,20.316,715162,1.26459,0.958675,1,1,1,0.999323,1.01265,1,1,0,0,2,"[1,1]","[1,1]","[282185,276592]","[2.17607,1.64787]","[-2.34761,1.04413]","[1.25927e+06,745186]","[-0.0273361,-0.00444794]","[1,-1]","[11,11]","[1,1]","[0,0]","[1899.99,-117.941]","[0.0166872,-0.0171885]","[0.95162,2.55087]",13289.5,-0.956987,1,"[53154.3]","[1.53615]","[-0.664223]","[129780]","[0.998113]","[0]","[0]","[-0.894883]",0,"[]","[]","[]","[]","[]","[]","[]","[]","[]","[]",1,"[305990]","[1.63179]","[1.03973]","[812197]","[2303.51]","[0]","[0]","[-1]",0,"[]","[]","[]","[]","[]","[]","[]","[]","[]","[]",0,"[4873.39,4933.25]",954.797,"[2419.88]","[]","[486.281]","[]"
223,284500,1699772,364118,1,20.316,715162,1.1961,0.99242,1,1,1,0.999577,0.99765,1,1,0,0,1,"[1]","[1]","[234914]","[0.790351]","[-0.620207]","[312184]","[-0.0361938]","[-1]","[11]","[1]","[1968.78]","[1907.61]","[0.0296775]","[2.16058]",47929.7,-2.04686,1,"[71060.2]","[0.49917]","[3.07071]","[81026.2]","[0.998162]","[0]","[0]","[-0.955]",0,"[]","[]","[]","[]","[]","[]","[]","[]","[]","[]",1,"[252947]","[0.765623]","[-0.626663]","[330791]","[3086.67]","[0]","[27.058]","[0.405961]",0,"[]","[]","[]","[]","[]","[]","[]","[]","[]","[]",0,"[2114.4]",3883.5,"[2114.47]","[]","[0]","[]"
224,284500,156124,364118,5.67756,20.316,715162,0.923924,0.98697,1,1,1,0.992122,1.00582,1,1,0,0,1,"[1]","[1]","[661322]","[-0.570276]","[-0.955977]","[771804]","[-0.0111017]","[1]","[11]","[1]","[0]","[1541.49]","[0.0125056]","[1.78105]",103534,-1.3651,4,"[717053,60724.5,26521,21697]","[-1.40297,-0.884646,2.28157,0.0673746]","[2.13172,1.17814,-2.32271,3.03895]","[1.54642e+06,86448.9,131219,22299.2]","[0.334082,0.832377,1,0.993341]","[0,0,0,0]","[0,0,0,0]","[-0.858893,-0.910076,-0.660272,-0.663]",0,"[]","[]","[]","[]","[]","[]","[]","[]","[]","[]",2,"[676087,662089]","[-0.567018,-1.40166]","[-0.954581,2.1312]","[787716,1.42764e+06]","[1423.89,64439.8]","[0,0]","[0,28.7648]","[-1,-1]",0,"[]","[]","[]","[]","[]","[]","[]","[]","[]","[]",0,"[6346.65]",6723.91,"[11087.7,4655.56,3825.14,5012.37]","[]","[52197.2,17948.3]","[]"
225,284500,723392,364118,1,20.316,715162,1.32095,0.968109,1,1,1,1.18092,1.00582,1,1,0,0,2,"[1,1]","[1,1]","[416422,375922]","[-0.174384,-1.15086]","[0.80183,-2.30399]","[422770,653590]","[0.268532,0.230545]","[1,-1]","[11,11]","[1,1]","[0,1948.85]","[-1596.52,-373.131]","[0.00998321,-0.00558402]","[1.64908,1.09343]",10515.7,0.894135,2,"[56759.4,39864.2]","[0.910775,-0.705297]","[2.94843,-1.31421]","[82621.4,51018.5]","[0.804445,0.957311]","[0,0]","[0,0]","[0.82807,-0.877707]",0,"[]","[]","[]","[]","[]","[]","[]","[]","[]","[]",2,"[424526,412438]","[-0.136082,-1.13524]","[0.80699,-2.30235]","[428463,708008]","[-0.00420035,1309.08]","[0,0]","[0,127.245]","[-1,-1]",0,"[]","[]","[]","[]","[]","[]","[]","[]","[]","[]",0,"[3778.77,5090.65]",891.627,"[2847.98,2022.27]","[]","[23439.9,21165.5]","[]"
226,284500,1094319,364118,-1,20.316,715162,1.26459,0.97996,1,1,1,0.997851,1,1,1,0,0,1,"[1]","[1]","[162792]","[1.79195]","[-1.95283]","[502032]","[-0.0407629]","[-1]","[11]","[0]","[0]","[-1140.56]","[-0.00270952]","[0.125647]",50982.5,-1.97851,3,"[299896,98629.3,22126.2]","[1.44107,0.230229,0.463087]","[1.20686,-2.04483,-0.357589]","[669196,101828,24808.1]","[0.996656,0.999694,0.994068]","[0,0,0]","[0,0,0]","[-0.953659,-0.840912,-0.704931]",0,"[]","[]","[]","[]","[]","[]","[]","[]","[]","[]",1,"[296472]","[1.43658]","[1.21044]","[658772]","[3638.31]","[0]","[2.91172]","[-1]",0,"[]","[]","[]","[]","[]","[]","[]","[]","[]","[]",0,"[2089.88]",8673.64,"[11980.5,6696.98,1791.41]","[]","[12432.1]","[]"
227,284500,942506,364118,1.15573,20.316,715162,1.55465,0.97828,1,1,1,0.961088,1.0005,1,1,0,0,1,"[1]","[1]","[180308]","[2.10354]","[-0.776602]","[749824]","[-0.0404987]","[-1]","[11]","[1]","[0]","[9362.53]","[-0.0181859]","[1.5236]",47226.5,-0.728917,2,"[298663,110074]","[1.43739,-0.362081]","[2.77203,0.413633]","[664190,118546]","[0.998651,0.997224]","[0,4]","[0,0]","[-0.976467,-0.140281]",0,"[]","[]","[]","[]","[]","[]","[]","[]","[]","[]",1,"[284609]","[1.43251]","[2.77125]","[630114]","[1906.09]","[0]","[0]","[-1]",0,"[]","[]","[]","[]","[]","[]","[]","[]","[]","[]",0,"[1534.48]",9136.1,"[10655.2,1263.17]","[]","[11007.7]","[]"
228,284500,1699798,364118,-1,20.316,715162,1.26459,0.998255,1,1,1,1,0.99765,1,1,0,0,2,"[1,1]","[1,1]","[336483,238964]","[0.735338,1.07734]","[-1.67398,1.51487]","[431629,391586]","[-0.0175705,-0.105064]","[1,-1]","[11,11]","[1,1]","[0,0]","[-1267.08,696.756]","[-0.00189618,0.0192225]","[0.212467,1.285]",39505.4,0.885117,0,"[]","[]","[]","[]","[]","[]","[]","[]",0,"[]","[]","[]","[]","[]","[]","[]","[]","[]","[]",2,"[346044,250459]","[0.763004,1.09444]","[-1.67813,1.51863]","[451756,416051]","[-0.00390625,2672.73]","[0,0]","[0,0]","[-1,-1]",0,"[]","[]","[]","[]","[]","[]","[]","[]","[]","[]",0,"[3134.27,2588.49]",1751.19,"[]","[]","[1669.53,0]","[]"
229,284500,256432,364118,-1,20.316,715162,1.25133,0.993628,1,1,1,0.997781,1.00306,1,1,0,0,3,"[1,1,1]","[1,1,0]","[458481,433748,7543.93]","[1.0358,1.70746,1.21576]","[2.45212,-0.878543,2.7126]","[727218,1.23537e+06,13840.6]","[0.0135727,0.0405426,0.0473328]","[-1,1,-1]","[11,11,11]","[1,1,1]","[0,1373.75,0]","[1639.02,-722.016,-309.508]","[-0.0182393,-0.0130329,-0.059652]","[2.60672,0.480991,2.59857]",28821.2,0.248393,2,"[48169.7,32147.6]","[1.39429,-1.6361]","[-0.067295,1.13793]","[103290,85767.4]","[0.996344,0.999137]","[0,0]","[0,0]","[-0.882306,-0.831268]",0,"[]","[]","[]","[]","[]","[]","[]","[]","[]","[]",2,"[492064,465695]","[1.06362,1.7199]","[2.45399,-0.805851]","[797652,1.3505e+06]","[2035.33,152076]","[0,0]","[0,0.807652]","[-1,0.629155]",0,"[]","[]","[]","[]","[]","[]","[]","[]","[]","[]",0,"[6210.44,10361.6,262.23]",2628.23,"[5152.03,3126.41]","[]","[26565.8,23259.9]","[]"
230,284500,1398221,364118,1,20.316,715162,0.75088,0.879896,1,1,1,0.987444,1.0005,1,1,0,0,2,"[1,1]","[1,0]","[144133,22025.5]","[2.20745,1.92744]","[0.347547,2.28073]","[663187,77281.4]","[-0.251759,0.0444908]","[1,-1]","[11,11]","[1,1]","[0,3496.05]","[35.5288,11.118]","[0.0132331,-0.00731507]","[1.0132,0.263163]",47006.7,-2.03273,3,"[149850,43353,20370.3]","[1.46117,-0.551102,0.285261]","[0.461702,-2.08293,2.91833]","[340867,50673.9,21774.2]","[0.997672,0.995887,0.9867]","[0,0,4]","[0,0,0]","[-0.701854,-0.459165,-0.444642]",0,"[]","[]","[]","[]","[]","[]","[]","[]","[]","[]",1,"[305901]","[1.88993]","[0.4096]","[1.04321e+06]","[126806]","[0]","[0.542543]","[0.658259]",0,"[]","[]","[]","[]","[]","[]","[]","[]","[]","[]",0,"[2007.26,181.289]",4590.13,"[4274.92,2653.62,1034.83]","[]","[6587.28]","[]"
231,284500,1233263,364118,1,20.316,715162,1.55465,0.992773,1,1,1,0.997869,1.00306,1,1,0,0,2,"[1,1]","[1,1]","[237828,206156]","[1.08599,-0.438587]","[-2.70577,0.865723]","[392407,226303]","[0.00879002,0.085269]","[1,-1]","[11,11]","[1,1]","[0,0]","[-431.312,2226.95]","[-0.00781731,-0.00101655]","[1.14293,0.171976]",18756,-1.30104,2,"[53969.1,31856.8]","[1.44013,1.67523]","[-0.76647,-0.203829]","[121029,88187.8]","[0.994719,0.989391]","[0,0]","[0,0]","[-0.269227,-0.834737]",0,"[]","[]","[]","[]","[]","[]","[]","[]","[]","[]",1,"[263098]","[1.08554]","[-2.70779]","[433952]","[1494.33]","[0]","[0]","[-1]",0,"[]","[]","[]","[]","[]","[]","[]","[]","[]","[]",0,"[3205.42,1206.16]",2447.49,"[2922.64,2406.34]","[]","[16546.2]","[]"
232,284500,815459,364118,1,20.316,715162,0.738662,0.993444,1,1,1,0.999647,1.00936,1,1,0,0,2,"[1,1]","[1,1]","[328388,254275]","[0.0482425,0.325118]","[-2.82551,0.109074]","[328770,267832]","[0.0353432,0.0454006]","[-1,1]","[11,11]","[1,1]","[0,5951.73]","[-588.29,3585.03]","[0.0144298,-0.0221098]","[1.97284,3.52119]",34319,0.0867141,1,"[64738]","[-0.399775]","[1.73065]","[70964.3]","[1]","[0]","[0]","[-0.72833]",0,"[]","[]","[]","[]","[]","[]","[]","[]","[]","[]",2,"[335814,269593]","[0.0409732,0.319315]","[-2.81945,0.116889]","[336096,283503]","[-0.00378615,5227]","[0,0]","[0,0]","[-1,-1]",0,"[]","[]","[]","[]","[]","[]","[]","[]","[]","[]",0,"[3877.82,1540.09]",13146,"[2539.43]","[]","[4834.31,13756.3]","[]"
233,284500,1516744,364118,1,20.316,715162,1.26459,0.97867,1,1,1,0.996973,1.01012,1,1,0,0,1,"[1]","[1]","[84851.2]","[1.88929]","[3.06757]","[287046]","[0.0665321]","[1]","[11]","[1]","[0]","[1082.08]","[0.00261761]","[0.262186]",49661,3.05275,4,"[398209,386396,85055.3,35120.9]","[-1.19026,0.650067,1.59403,1.41712]","[-1.55344,1.60846,-0.262454,0.351417]","[715867,471130,218151,76741.7]","[0.996554,1,0.99395,1]","[0,0,0,0]","[0,0,0,0]","[-0.888077,-0.717895,-0.93561,-0.96171]",0,"[]","[]","[]","[]","[]","[]","[]","[]","[]","[]",2,"[386910,389745]","[0.647978,-1.20064]","[1.60745,-1.55793]","[471090,706466]","[8123.19,23674.9]","[0,0]","[4.93206,3.48655]","[0.216671,0.730617]",0,"[]","[]","[]","[]","[]","[]","[]","[]","[]","[]",0,"[511.931]",3545.55,"[15419.6,7199.26,2284.86,2054.92]","[]","[8417.97,19165.2]","[]"
234,284500,326132,364118,-1,20.316,715162,1.32095,0.944502,1,1,1,0.963602,1.01508,1,1,0,0,2,"[1,1]","[1,1]","[232483,137350]","[-1.54124,-2.36673]","[-2.98009,-0.269278]","[567779,738687]","[0.0824089,0.0414314]","[-1,1]","[11,11]","[1,1]","[0,0]","[2719.47,-859.443]","[0.0102378,-0.00617995]","[0.790332,0.397288]",17561.1,-3.1028,2,"[118536,25881.3]","[0.845975,1.29514]","[0.686194,-0.126996]","[164953,50928.2]","[0.989405,0.996792]","[4,0]","[0,0]","[-0.680757,-0.335187]",0,"[]","[]","[]","[]","[]","[]","[]","[]","[]","[]",1,"[289329]","[-1.53348]","[-2.98537]","[701641]","[3675.98]","[0]","[13.7905]","[0.361524]",0,"[]","[]","[]","[]","[]","[]","[]","[]","[]","[]",0,"[4778.45,1458.29]",2849.72,"[1610.9,4178.42]","[]","[8887.38]","[]"
235,284500,815496,364118,0.6818,20.316,715162,0.351687,0.958675,1,1,1,0.95886,1.01265,1,1,0,0,2,"[1,1]","[1,1]","[246949,188654]","[1.78077,2.10454]","[2.67512,-0.382348]","[753557,785296]","[-0.0573025,0.0689507]","[1,-1]","[11,11]","[1,1]","[1278.93,3458.44]","[10372.5,-52.254]","[-0.0401077,0.0246064]","[2.8723,2.89531]",87911,-2.99918,1,"[81753.6]","[1.40758]","[-0.323292]","[177719]","[0.999347]","[4]","[0]","[-0.852381]",0,"[]","[]","[]","[]","[]","[]","[]","[]","[]","[]",2,"[314926,276098]","[1.79312,1.96761]","[2.65104,-0.362373]","[972806,1.0106e+06]","[32298.7,87180.5]","[0,0]","[3.61135,0.905203]","[0.741263,0.486918]",0,"[]","[]","[]","[]","[]","[]","[]","[]","[]","[]",0,"[4964.59,2057.74]",3062.8,"[3655.78]","[]","[17681.7,0]","[]"
236,284500,1384136,364118,1,20.316,715162,1.32095,0.960282,1,1,1,0.997551,1.00632,1,1,0,0,2,"[1,1]","[1,1]","[276365,216979]","[0.21795,0.176331]","[1.91916,-1.5181]","[282955,220361]","[0.0650101,0.0676613]","[-1,1]","[11,11]","[1,1]","[0,0]","[2946.34,193.463]","[0.00838059,0.0094561]","[1.0064,1.43116]",34068,-0.303102,2,"[30584.4,26459]","[2.10728,0.0538516]","[-0.854392,-0.126133]","[127788,26905.4]","[1,0.986119]","[0,0]","[0,0]","[-0.701988,-0.912118]",0,"[]","[]","[]","[]","[]","[]","[]","[]","[]","[]",1,"[288313]","[0.240138]","[1.91892]","[296666]","[-0.00478416]","[0]","[0]","[-1]",0,"[]","[]","[]","[]","[]","[]","[]","[]","[]","[]",0,"[1596.15,2269.61]",1436.28,"[2600.28,1756.46]","[]","[5276.16]","[]"
237,284500,1522711,364118,0.253623,20.316,715162,0.553627,0.967191,1,1,1,0.999675,1.01265,1,1,0,0,2,"[1,1]","[1,1]","[184510,164426]","[1.64783,-0.305384]","[-1.25564,1.72815]","[497083,172152]","[0.049015,0.0681992]","[-1,1]","[11,11]","[1,1]","[5826.72,0]","[445.488,1546.69]","[-0.00217936,-0.000730845]","[0.334811,0.104293]",33687.9,-1.12165,1,"[61652.8]","[-1.00227]","[1.95609]","[95563.8]","[1]","[0]","[0]","[-0.886179]",0,"[]","[]","[]","[]","[]","[]","[]","[]","[]","[]",1,"[252302]","[1.67665]","[-1.28086]","[699139]","[36337.4]","[0]","[1.88657]","[0.808788]",0,"[]","[]","[]","[]","[]","[]","[]","[]","[]","[]",0,"[3233.5,986.995]",3121.83,"[3443.17]","[]","[20769]","[]"
238,284500,815528,364118,-0.760173,20.316,715162,0.553627,0.949495,1,1,1,0.999374,1.01508,1,1,0,0,2,"[1,1]","[1,1]","[236054,192053]","[-1.62242,-0.372017]","[2.75311,-0.498336]","[621146,205497]","[0.0629196,0.0116882]","[-1,1]","[11,11]","[1,1]","[0,0]","[-1184.69,394.688]","[0.00252814,0.00813712]","[0.225126,0.606412]",32422.7,-2.70338,1,"[88324.6]","[0.890776]","[0.290386]","[126384]","[0.99862]","[0]","[0]","[-0.91768]",0,"[]","[]","[]","[]","[]","[]","[]","[]","[]","[]",1,"[260909]","[-1.60895]","[2.757]","[678074]","[4852.99]","[0]","[16.4867]","[0.360723]",0,"[]","[]","[]","[]","[]","[]","[]","[]","[]","[]",0,"[3622.62,885.396]",5663.87,"[6124.93]","[]","[10665]","[]"
239,284500,1547371,364118,1,20.316,715162,0.923924,0.944603,1,1,1,0.98065,1.01265,1,1,0,0,2,"[1,1]","[1,1]","[217166,168858]","[1.55299,1.82152]","[-2.32656,1.08511]","[536096,535535]","[0.0225506,0.0756569]","[-1,1]","[11,11]","[1,1]","[1840.67,0]","[1128.52,-1394.5]","[-0.0280568,0.00343355]","[2.95673,0.198113]",14016.7,1.5357,6,"[56666.9,41065.4,29493.2,25203.7,22080.4,21161.9]","[0.576068,0.358168,-2.01698,-1.31233,-0.848348,2.15905]","[0.317754,1.02211,-0.48971,-1.21709,0.731974,-2.19783]","[67003.1,44303.7,112829,50558.1,30665.9,92982.1]","[0.99924,0.997252,1,0.977096,0.870293,0.837574]","[0,0,0,0,4,0]","[0,0,0,0,0,0]","[-0.32131,-0.901813,-0.899201,-0.887032,-0.853234,-0.732715]",0,"[]","[]","[]","[]","[]","[]","[]","[]","[]","[]",1,"[261722]","[1.5545]","[-2.31898]","[646982]","[2445.28]","[0]","[0]","[-1]",0,"[]","[]","[]","[]","[]","[]","[]","[]","[]","[]",0,"[4155.1,1960.24]",12596.9,"[4107.05,3466.18,2061.18,1941.14,2185.85,2011.24]","[]","[20151.7]","[]"
240,284500,1605065,364118,1.1214,20.316,715162,0.553627,0.98089,1,1,1,0.997596,0.99866,1,1,0,0,1,"[1]","[1]","[247808]","[-1.11228]","[-1.42702]","[417568]","[0.0121613]","[1]","[11]","[1]","[0]","[-2316.45]","[-0.000629076]","[0.0655564]",23698.2,1.20038,3,"[369507,59642.2,22487]","[-0.869894,-2.17108,-0.0536746]","[1.79986,-1.44126,-0.154854]","[518473,265009,23181.6]","[0.990096,0.997717,0.849603]","[0,0,0]","[0,0,0]","[-0.891046,-0.938582,-0.907153]",0,"[]","[]","[]","[]","[]","[]","[]","[]","[]","[]",2,"[359942,325515]","[-0.864397,-1.35298]","[1.80164,-1.43406]","[502997,684288]","[-0.00390625,130318]","[0,0]","[0,0.441498]","[-1,0.571285]",0,"[]","[]","[]","[]","[]","[]","[]","[]","[]","[]",0,"[2638.79]",27355.8,"[15167.4,5264.32,2456.34]","[]","[8379.72,6782.19]","[]"
241,284500,1678951,364118,-1,20.316,715162,1.26205,1.01179,1,1,1,0.998358,1.00306,1,1,0,0,2,"[1,1]","[1,1]","[238840,162735]","[1.10645,0.84238]","[-0.614027,2.4938]","[400574,223970]","[-0.0428958,-0.0205855]","[1,-1]","[11,11]","[1,1]","[0,0]","[701.278,-769.889]","[-0.0238439,-0.00130191]","[1.40512,0.135759]",18705.9,-2.4997,2,"[46101.1,29787]","[1.74919,-1.13486]","[2.54118,2.5137]","[136715,51286.1]","[0.990334,0.977347]","[0,0]","[0,0]","[-0.834914,0.131632]",0,"[]","[]","[]","[]","[]","[]","[]","[]","[]","[]",1,"[263704]","[1.11668]","[-0.619763]","[445929]","[0.00676582]","[0]","[0]","[-1]",0,"[]","[]","[]","[]","[]","[]","[]","[]","[]","[]",0,"[2771.83,1444.15]",407.68,"[4025.57,2806.27]","[]","[7524.19]","[]"
242,284500,1548073,364118,1.69459,20.316,715162,0.696077,0.985702,1,1,1,0.999634,1.00632,1,1,0,0,2,"[1,1]","[1,1]","[373837,327409]","[0.484649,1.17594]","[0.892392,-2.24019]","[418607,581105]","[0.0456238,-0.0148315]","[1,-1]","[11,11]","[1,1]","[0,0]","[-1120.61,-626.367]","[-0.00847209,0.0135152]","[1.34592,2.59942]",24939.2,0.0190718,1,"[67182.1]","[-0.868974]","[-2.48028]","[94694.8]","[0.997789]","[0]","[0]","[-0.912333]",0,"[]","[]","[]","[]","[]","[]","[]","[]","[]","[]",2,"[388424,370541]","[0.442723,1.15051]","[0.897981,-2.23335]","[427116,644052]","[-0.00756442,0.0078125]","[0,0]","[0,0]","[-1,-1]",0,"[]","[]","[]","[]","[]","[]","[]","[]","[]","[]",0,"[2457.6,5784.8]",3032.35,"[4187.99]","[]","[3884.38,32897.4]","[]"
243,284500,199492,364118,1,20.316,715162,1.24168,0.97695,1,1,1,0.9544,0.98743,1,1,0,0,1,"[1]","[1]","[251375]","[-0.0481789]","[-1.20437]","[251666]","[0.0586574]","[1]","[11]","[1]","[0]","[2570.79]","[0.00597664]","[0.756856]",27084.7,-1.16747,3,"[244672,27311.4,20622.2]","[0.256652,-0.735676,-0.783093]","[1.88103,1.88199,2.5385]","[254023,35466.2,27634]","[0.990292,0.975937,0.706826]","[4,0,0]","[0,0,0]","[-0.755227,-0.805241,-0.767928]",0,"[]","[]","[]","[]","[]","[]","[]","[]","[]","[]",1,"[269460]","[-0.0500688]","[-1.20929]","[269827]","[3968.53]","[0]","[23.6293]","[0.420996]",0,"[]","[]","[]","[]","[]","[]","[]","[]","[]","[]",0,"[1313.91]",2114.41,"[3967.23,4358.72,2047.4]","[]","[9025.75]","[]"
244,284500,642076,364118,-1,20.316,715162,1.21412,0.960322,1,1,1,0.959059,1.01265,1,1,0,0,2,"[1,1]","[1,1]","[266934,170932]","[1.57534,1.69335]","[-2.03676,0.732416]","[672585,480455]","[0.00203228,-0.018177]","[-1,1]","[11,11]","[1,1]","[0,0]","[356.955,3136.86]","[-0.0288661,0.0129203]","[2.57775,1.08872]",15481.3,-2.39496,2,"[74452.9,52079.5]","[-0.508307,2.4364]","[1.46685,1.68657]","[84651.9,300042]","[1,1]","[4,0]","[0,0]","[-0.06677,-0.116115]",0,"[]","[]","[]","[]","[]","[]","[]","[]","[]","[]",1,"[293352]","[1.58123]","[-2.03174]","[743164]","[3085.55]","[0]","[8.34494]","[0.0319953]",0,"[]","[]","[]","[]","[]","[]","[]","[]","[]","[]",0,"[6056.52,3716.75]",266.852,"[2240.36,2787.47]","[]","[20992.3]","[]"
245,284500,196297,364118,-1,20.316,715162,0.187531,0.99093,1,1,1,0.970891,1.00306,1,1,0,0,1,"[1]","[1]","[82363]","[0.995498]","[-0.639949]","[126658]","[0.000428677]","[-1]","[11]","[1]","[0]","[4789.49]","[0.0318447]","[3.78259]",18106.4,-0.523865,7,"[228195,216817,52321.4,42348,34534.9,24760.7,24653.1]","[-1.41315,-0.287263,1.14647,1.19947,-2.13629,2.22376,0.297121]","[0.542529,-2.6116,1.25688,2.69217,-2.11996,2.91974,3.03816]","[497776,226260,90943.5,77085.5,148439,115869,26328.2]","[0,0,0.984062,0.951214,0.990404,0.959006,0.996381]","[0,0,0,0,4,0,0]","[0,0,0,0,0,0,0]","[-0.550369,-0.722872,-0.905657,0.106548,-0.412546,-0.854489,-0.918418]",0,"[]","[]","[]","[]","[]","[]","[]","[]","[]","[]",1,"[254330]","[-1.41031]","[0.533763]","[553379]","[38159.6]","[0]","[1.5528]","[0.584018]",0,"[]","[]","[]","[]","[]","[]","[]","[]","[]","[]",0,"[393.294]",4064.22,"[6570.37,10592.7,6069.18,3088.72,1338.24,5425.52,1798.14]","[]","[0]","[]"
246,284500,636086,364118,0.412896,20.316,715162,0.351687,0.952188,1,1,1,0.983878,1.01265,1,1,0,0,2,"[1,1]","[1,1]","[231519,141059]","[1.68877,2.0441]","[1.94783,-1.077]","[647968,553777]","[-0.0592155,0.0626755]","[1,-1]","[11,11]","[1,0]","[0,1301.55]","[1542.75,180.518]","[0.00418265,-0.00920523]","[0.40695,0.460051]",14986.1,2.76483,2,"[41729.6,21883]","[2.05513,-0.450235]","[-1.60255,-0.0329823]","[165613,24425.9]","[0.998713,0.978594]","[0,4]","[0,0]","[-0.893928,-0.744629]",0,"[]","[]","[]","[]","[]","[]","[]","[]","[]","[]",1,"[256942]","[1.6799]","[1.93719]","[713211]","[4327.06]","[0]","[0]","[-1]",0,"[]","[]","[]","[]","[]","[]","[]","[]","[]","[]",0,"[6165.05,1067.46]",2568.42,"[2782.41,1340.17]","[]","[3273.28]","[]"
247,284500,1760151,364118,1,20.316,715162,1.24168,0.96972,1,1,1,0.996685,0.99544,1,1,0,0,1,"[1]","[1]","[316324]","[1.24094]","[-1.66636]","[592787]","[-0.0116768]","[1]","[11]","[1]","[0]","[-2024.52]","[-0.0176689]","[2.41116]",45061.3,-2.85767,3,"[294095,75155.6,26294.8]","[1.62571,2.47748,-2.105]","[1.1249,2.28851,2.00751]","[776256,451015,109654]","[0.908812,0.957277,0.999587]","[0,0,0]","[0,0,0]","[-0.947806,-0.881442,-0.56433]",0,"[]","[]","[]","[]","[]","[]","[]","[]","[]","[]",2,"[339535,289787]","[1.2679,1.6393]","[-1.66222,1.12453]","[651025,774555]","[0,2174.38]","[0,0]","[0,0]","[-1,-1]",0,"[]","[]","[]","[]","[]","[]","[]","[]","[]","[]",0,"[4538.31]",2382.46,"[10727.5,2755.42,3483.52]","[]","[20833.3,14300.1]","[]"
248,284500,1372386,364118,1,20.316,715162,0.75088,0.970865,1,1,1,0.998965,1.0005,1,1,0,0,2,"[1,1]","[1,1]","[438199,380162]","[2.12335,0.737036]","[-1.3428,1.60768]","[1.85768e+06,488178]","[-0.0368004,0.00105]","[-1,1]","[11,11]","[1,1]","[1136.81,0]","[-1234.64,-742.811]","[0.0221924,-0.0374266]","[2.89211,3.69034]",17523.9,-0.752726,1,"[111972]","[0.699352]","[2.56692]","[140832]","[1]","[0]","[0]","[-0.730763]",0,"[]","[]","[]","[]","[]","[]","[]","[]","[]","[]",1,"[454721]","[0.778014]","[1.79684]","[632606]","[202185]","[0]","[0.306863]","[0.509477]",0,"[]","[]","[]","[]","[]","[]","[]","[]","[]","[]",0,"[6145.9,3363.22]",8165.21,"[8671.22]","[]","[14558.2]","[]"
249,284500,413033,364118,1,20.316,715162,1.32095,1.01378,1,1,1,0.997477,1,1,1,0,0,1,"[1]","[1]","[189833]","[0.0480437]","[-2.9679]","[190052]","[0.0884094]","[-1]","[11]","[0]","[0]","[3087.02]","[-0.00865556]","[1.1003]",15721.1,2.8042,4,"[273613,70224.9,26579.9,22785.5]","[1.40018,-0.284618,0.453104,1.11555]","[0.161109,2.5999,-2.4146,-0.447507]","[588714,73981,29781.2,38727.5]","[0.998831,0.943951,0.996772,0.963037]","[0,0,0,0]","[0,0,0,0]","[-0.85973,-0.882292,-0.636884,-0.341255]",0,"[]","[]","[]","[]","[]","[]","[]","[]","[]","[]",1,"[276004]","[1.37701]","[0.160986]","[581745]","[3959.34]","[0]","[0.417458]","[-1]",0,"[]","[]","[]","[]","[]","[]","[]","[]","[]","[]",0,"[941.317]",12835.5,"[4819.54,1951.87,1942.82,2045.56]","[]","[16480.7]","[]"
250,284500,60720,364118,-1,20.316,715162,0,0.954417,1,1,1,0.999624,1.00121,1,1,0,0,2,"[1,1]","[1,1]","[341520,266074]","[-1.82905,-2.17368]","[-2.23881,0.912481]","[1.0909e+06,1.1846e+06]","[-0.0877171,0.168673]","[1,-1]","[11,11]","[1,1]","[0,0]","[3070.03,-944.674]","[0.00811198,-0.020694]","[0.760251,2.16312]",27960.6,2.40526,1,"[69825.4]","[-1.1556]","[0.518708]","[122232]","[0.51623]","[0]","[0]","[-0.872548]",0,"[]","[]","[]","[]","[]","[]","[]","[]","[]","[]",1,"[367608]","[-1.83268]","[-2.23712]","[1.1783e+06]","[0]","[0]","[0]","[-1]",0,"[]","[]","[]","[]","[]","[]","[]","[]","[]","[]",0,"[3086.19,3739.22]",1279.29,"[6722.14]","[]","[474.062]","[]"
251,284500,195087,364118,0.0279697,20.316,715162,0.619412,0.95136,1,1,1,0.997437,1.00582,1,1,0,0,2,"[1,1]","[1,1]","[388797,369523]","[-0.0978873,1.96488]","[0.285824,-2.72192]","[390661,1.344e+06]","[0.0100737,-0.0177917]","[1,-1]","[11,11]","[1,1]","[0,0]","[-2891,18339]","[-0.00777134,0.00752917]","[0.365833,0.470406]",3005.32,-1.21127,2,"[83426,27909.2]","[1.66652,2.41603]","[1.89754,-1.34111]","[228878,157629]","[0.98575,0.785698]","[0,0]","[0,0]","[-0.778578,0.140729]",0,"[]","[]","[]","[]","[]","[]","[]","[]","[]","[]",2,"[424493,400971]","[1.95722,-0.110005]","[-2.71389,0.27916]","[1.53265e+06,403400]","[13199.9,0.00754865]","[0,0]","[2.98341,0]","[0.0226736,-1]",0,"[]","[]","[]","[]","[]","[]","[]","[]","[]","[]",0,"[7496.75,6475.21]",8736.24,"[10491.4,2454.57]","[]","[18335.5,12184.5]","[]"
252,284500,1372335,364118,-1,20.316,715162,0.923924,0.967171,1,1,1,0.974762,1.00632,1,1,0,0,2,"[1,1]","[1,1]","[323169,254459]","[0.133446,-0.172227]","[-0.129578,2.90165]","[326050,258242]","[-0.099926,0.0139198]","[1,-1]","[11,11]","[1,1]","[0,0]","[-965.086,-802.907]","[-0.026047,0.0249691]","[3.06119,4.77842]",40821.6,-2.57672,1,"[32818.1]","[0.757546]","[2.9668]","[43347.8]","[0.980028]","[4]","[0]","[-0.879016]",0,"[]","[]","[]","[]","[]","[]","[]","[]","[]","[]",2,"[329677,263196]","[0.167063,-0.138042]","[-0.134222,2.90253]","[334299,265739]","[2643.17,4075.23]","[0,0]","[52.7969,21.0975]","[-1,-1]",0,"[]","[]","[]","[]","[]","[]","[]","[]","[]","[]",0,"[2278.18,2135.78]",1385.97,"[2150.61]","[]","[9281.75,9022.23]","[]"
253,284500,251454,364118,-1,20.316,715162,0.351687,0.967171,1,1,1,1,1.00582,1,1,0,0,2,"[1,1]","[1,1]","[532277,522244]","[0.41402,-0.555131]","[1.55413,-1.66219]","[578552,604802]","[-0.0477791,-0.046608]","[-1,1]","[11,11]","[1,1]","[0,0]","[1549.28,68.6378]","[0.01308,-0.00399978]","[2.15149,0.501921]",10851.9,-1.1303,0,"[]","[]","[]","[]","[]","[]","[]","[]",0,"[]","[]","[]","[]","[]","[]","[]","[]","[]","[]",2,"[549164,540096]","[-0.52878,0.44803]","[-1.66103,1.55334]","[627746,595234]","[977.296,4729.03]","[0,0]","[0,83.8399]","[-1,0.339114]",0,"[]","[]","[]","[]","[]","[]","[]","[]","[]","[]",0,"[3762.16,3885.82]",4084.54,"[]","[]","[26475.2,37788.6]","[]"
254,284500,1066922,364118,0.688654,20.316,715162,0.75088,0.968109,1,1,1,0.944297,1.00582,1,1,0,0,2,"[1,1]","[1,1]","[269010,241233]","[-0.485929,-0.855861]","[-0.712536,2.25249]","[301400,335111]","[0.0413857,0.0326409]","[-1,1]","[11,11]","[1,1]","[0,0]","[1065.68,-2211.27]","[-0.00788849,0.00314141]","[1.42985,0.407101]",36642.2,-0.566695,3,"[48861.4,27547.1,22123.3]","[1.77427,0.056102,-1.71548]","[2.8579,2.34335,-1.83684]","[148236,27939.6,63672.9]","[0.99,0.99,1]","[4,4,0]","[0,0,0]","[-0.806602,-0.845835,-0.446467]",0,"[]","[]","[]","[]","[]","[]","[]","[]","[]","[]",2,"[280458,255769]","[-0.487685,-0.860425]","[-0.715023,2.24464]","[314485,356433]","[2380.82,-0.00552427]","[0,0]","[0,0]","[-1,-1]",0,"[]","[]","[]","[]","[]","[]","[]","[]","[]","[]",0,"[2002.28,2387.75]",9449.96,"[1306.97,4252.28,1936.02]","[]","[5286.81,1927.97]","[]"
255,284500,1345816,364118,1,20.316,715162,0.619412,0.946907,1,1,1,0.994919,1.00121,1,1,0,0,2,"[1,1]","[1,1]","[206327,186198]","[-1.9366,-1.54416]","[1.39708,-1.49397]","[730324,455958]","[-0.0148554,-0.0776033]","[-1,1]","[11,11]","[1,1]","[0,0]","[2733.26,-920.033]","[0.0117208,-0.023909]","[1.42966,1.36377]",41867,-2.09775,3,"[42508.7,25216.5,24347.8]","[2.03234,-1.63757,1.92155]","[1.5216,-2.94086,-1.88982]","[165105,67417.3,85083.4]","[0.99994,0.996628,0.982836]","[0,0,0]","[0,0,0]","[-0.629739,-0.924607,-0.826737]",0,"[]","[]","[]","[]","[]","[]","[]","[]","[]","[]",1,"[257618]","[-1.48483]","[-1.56947]","[600185]","[53821]","[0]","[0.487947]","[0.462157]",0,"[]","[]","[]","[]","[]","[]","[]","[]","[]","[]",0,"[3168.02,3362.92]",551.512,"[2751,2533.97,1713.45]","[]","[4436.8]","[]"
256,284500,1165106,364118,1,20.316,715162,1.22586,0.98089,1,1,1,0.996473,0.99866,1,1,0,0,1,"[1]","[1]","[289713]","[-1.14252]","[-0.0775647]","[500286]","[-0.0875664]","[-1]","[11]","[1]","[1129.08]","[1137.51]","[0.00784341]","[0.522131]",39399.7,-0.544169,3,"[480792,112612,34471.8]","[-1.79504,-0.215978,0.669281]","[2.9317,-0.330829,-0.570952]","[1.48709e+06,115893,43138.5]","[0.988991,0.99249,0.987556]","[0,0,0]","[0,0,0]","[-0.929226,-0.836886,0.071408]",0,"[]","[]","[]","[]","[]","[]","[]","[]","[]","[]",2,"[458507,417682]","[-1.7827,-0.931142]","[2.9312,-0.131712]","[1.40168e+06,643147]","[4172.22,197043]","[0,0]","[0,0.258602]","[-1,0.555011]",0,"[]","[]","[]","[]","[]","[]","[]","[]","[]","[]",0,"[3130.2]",27383.5,"[15050.9,3290.85,2410.96]","[]","[11009.5,49904]","[]"
257,284500,1330075,364118,-1,20.316,715162,1.24168,0.96547,1,1,1,0.99738,1,1,1,0,0,2,"[1,1]","[1,1]","[365827,343107]","[-0.933187,-1.965]","[-1.66264,1.6334]","[537015,1.24807e+06]","[0.0128174,0.00863647]","[1,-1]","[11,11]","[1,0]","[0,0]","[-1174.01,-1161.93]","[-0.00996691,0.136431]","[1.74887,2.40941]",11156.4,1.14258,2,"[25863.6,24064.1]","[-0.401973,-1.61129]","[0.406946,-0.0762674]","[28509.8,62768.8]","[0.988941,0.989083]","[0,0]","[0,0]","[-0.894274,-0.782923]",0,"[]","[]","[]","[]","[]","[]","[]","[]","[]","[]",2,"[382029,358203]","[-0.959434,-1.97713]","[-1.66383,1.63636]","[571768,1.31828e+06]","[0.00552427,4197.52]","[0,0]","[0,0]","[-1,-1]",0,"[]","[]","[]","[]","[]","[]","[]","[]","[]","[]",0,"[4465.72,4554.25]",1471.38,"[2488.32,2152.53]","[]","[12203.7,24825.6]","[]"
258,284500,276491,364118,1.61375,20.316,715162,0.553627,0.96323,1.0062,1,1,0.99881,1.00493,1,1,0,0,2,"[1,0]","[1,0]","[253413,27534.7]","[-1.35594,-0.085071]","[-2.7396,-0.622641]","[524327,27634.6]","[0.0452652,-46.387]","[1,-1]","[11,13]","[1,0]","[1827.23,0]","[4859.66,-1322.5]","[-0.0187252,-2.83655]","[2.37837,117.772]",70420.1,2.94438,1,"[37412]","[-1.48162]","[0.274118]","[86895.2]","[0.994034]","[0]","[0]","[-0.882619]",0,"[]","[]","[]","[]","[]","[]","[]","[]","[]","[]",2,"[318312,266641]","[-1.43079,-1.93877]","[-2.72841,0.401067]","[705135,948200]","[45798.9,67608.2]","[0,0]","[1.74734,1.47935]","[0.62463,0.595674]",0,"[]","[]","[]","[]","[]","[]","[]","[]","[]","[]",0,"[3456.99,213.679]",27058.4,"[3332.91]","[]","[2199.19,6933.39]","[]"
259,284500,1381964,364118,0.0816449,20.316,715162,0.351687,0.975422,1,1,1,0.968988,1.00306,1,1,0,0,2,"[1,1]","[1,1]","[252659,223287]","[0.952992,1.1748]","[2.8717,-0.513055]","[376341,395931]","[0.0080452,-0.0491066]","[-1,1]","[11,11]","[1,1]","[3566.35,0]","[-93.4192,-404.995]","[-0.00779336,-0.00286431]","[1.16108,0.429943]",18855.9,0.825206,1,"[45211.9]","[0.452941]","[0.220635]","[50547.7]","[1]","[4]","[0]","[-0.918285]",0,"[]","[]","[]","[]","[]","[]","[]","[]","[]","[]",2,"[269435,273270]","[1.14117,0.970618]","[-0.43675,2.87467]","[476797,412465]","[106471,5957.76]","[0,0]","[0.374447,24.8416]","[0.573323,0.17863]",0,"[]","[]","[]","[]","[]","[]","[]","[]","[]","[]",0,"[2509.19,2320.84]",2464.62,"[5808.19]","[]","[13016.5,11141.2]","[]"
260,284500,175887,364118,1,20.316,715162,1.1961,0.98697,1,1,1,0.954923,1.00582,1,1,0,0,1,"[1]","[1]","[409122]","[-0.191923]","[-0.858867]","[416680]","[-0.042675]","[-1]","[11]","[1]","[0]","[-275.071]","[0.0200033]","[3.36992]",27292.3,-0.744074,3,"[376320,97524.3,27670.9]","[0.626762,1.87934,-1.61569]","[2.56427,1.29227,1.43907]","[452875,327030,72627.2]","[0.996703,0.991512,0.940253]","[0,4,0]","[0,0,0]","[-0.858164,-0.907746,-0.805056]",0,"[]","[]","[]","[]","[]","[]","[]","[]","[]","[]",2,"[422365,369737]","[-0.16462,0.649252]","[-0.855421,2.56511]","[428101,450479]","[0.00218366,5889.97]","[0,0]","[0,0.66756]","[-1,0.399084]",0,"[]","[]","[]","[]","[]","[]","[]","[]","[]","[]",0,"[5210.03]",3485.41,"[6198.94,7076.52,4207.46]","[]","[14428.2,5834.03]","[]"
261,284500,275857,364118,1.43499,20.316,715162,0.738662,0.967171,1,1,1,0.995785,1.00632,1,1,0,0,2,"[1,1]","[1,1]","[603284,542865]","[0.260577,-0.275457]","[-0.177047,2.95343]","[623882,563591]","[-0.0890236,0.082695]","[-1,1]","[11,11]","[1,1]","[0,0]","[1113.11,4353.52]","[0.0142133,-0.00350771]","[2.36201,0.370456]",17143.4,0.0086172,3,"[33799.7,28086.5,20558.7]","[2.1229,-0.0570292,2.43111]","[2.88554,-2.63259,2.35778]","[143283,28749.9,117869]","[0.800643,0.959607,0.0318658]","[0,0,0]","[0,0,0]","[-0.927653,-0.854783,0.0134891]",0,"[]","[]","[]","[]","[]","[]","[]","[]","[]","[]",2,"[610788,550719]","[0.246593,-0.289572]","[-0.171537,2.95642]","[629461,573976]","[3183.82,2562.26]","[0,0]","[165.463,135.478]","[0.017574,-1]",0,"[]","[]","[]","[]","[]","[]","[]","[]","[]","[]",0,"[6738.3,5768.45]",5879.48,"[2514.45,2281.19,4404.58]","[]","[19199.1,31291.8]","[]"
262,284500,1139616,364118,-1,20.316,715162,1.26459,0.962145,1,1,1,0.962286,0.99866,1,1,0,0,2,"[1,1]","[1,1]","[262526,247436]","[-0.778072,-1.00336]","[0.912099,-1.95479]","[346082,382794]","[-0.0162582,-0.00604248]","[-1,1]","[11,11]","[1,1]","[0,0]","[-259.319,-104.704]","[0.0169967,-0.0213624]","[2.75585,2.5471]",13781.7,-2.55377,1,"[56289.4]","[-1.24438]","[2.65964]","[105937]","[0.998588]","[4]","[0]","[0.0305619]",0,"[]","[]","[]","[]","[]","[]","[]","[]","[]","[]",2,"[270478,260033]","[-0.823844,-1.04137]","[0.917263,-1.95554]","[367577,414246]","[-0.00390625,1538.18]","[0,0]","[0,0]","[-1,-1]",0,"[]","[]","[]","[]","[]","[]","[]","[]","[]","[]",0,"[2557.78,6421.58]",450.765,"[1508.64]","[]","[11541.7,2964.22]","[]"
263,284500,1409532,364118,-1,20.316,715162,1.1961,0.968109,1,1,1,0.970376,0.99866,1,1,0,0,2,"[1,1]","[1,1]","[362515,353320]","[-0.833196,-0.375335]","[0.697919,-2.36303]","[495797,378501]","[-0.0260811,0.0524063]","[-1,1]","[11,11]","[1,0]","[0,0]","[1515.17,4689.18]","[-0.0221519,0.010052]","[2.274,1.17415]",5453.78,2.24627,2,"[68048.2,42010]","[2.24195,0.830501]","[2.68423,-0.425606]","[324024,57622]","[0.986927,0.977261]","[0,4]","[0,0]","[-0.84121,-0.685695]",0,"[]","[]","[]","[]","[]","[]","[]","[]","[]","[]",2,"[403875,371229]","[-0.853679,-0.393987]","[0.706044,-2.3673]","[560210,400433]","[3845.48,3687.84]","[0,0]","[0,35.1195]","[-1,-1]",0,"[]","[]","[]","[]","[]","[]","[]","[]","[]","[]",0,"[4252.8,2113.74]",2866.44,"[2789.68,5380.07]","[]","[14517.1,12809.2]","[]"
264,284500,603427,364118,1,20.316,715162,1.55465,0.985702,1,1,1,0.999398,1.00632,1,1,0,0,2,"[1,1]","[1,1]","[264896,206743]","[0.441362,0.894824]","[-0.753502,2.59329]","[291119,295186]","[0.0500107,0.0278549]","[1,-1]","[11,11]","[1,1]","[0,0]","[-988.743,-964.641]","[0.00901997,-0.00512116]","[1.45242,0.697966]",10436,-1.71455,1,"[79913.8]","[0.171786]","[1.43008]","[81402.9]","[0.996479]","[0]","[0]","[-0.929742]",0,"[]","[]","[]","[]","[]","[]","[]","[]","[]","[]",1,"[277421]","[0.387773]","[-0.75376]","[298541]","[0.00458048]","[0]","[0]","[-1]",0,"[]","[]","[]","[]","[]","[]","[]","[]","[]","[]",0,"[1504.54,1977.66]",394.636,"[1908.28]","[]","[10494.4]","[]"
265,284500,1561171,364118,1,20.316,715162,0.351687,0.96422,1,1,1,0.997619,1.00582,1,1,0,0,2,"[1,1]","[1,1]","[367450,287838]","[-0.218343,-0.0665033]","[2.73997,-0.396673]","[376243,288475]","[0.000720978,-0.0587654]","[-1,1]","[11,11]","[1,1]","[0,0]","[-1601.52,-66.6462]","[0.0323388,0.00369859]","[1.26415,0.205311]",37736.9,-1.6008,2,"[71931.4,20436.8]","[-0.564095,2.49593]","[-0.467474,2.14015]","[84137.1,124878]","[0.998344,0.0347415]","[0,0]","[0,0]","[-0.891843,-0.749109]",0,"[]","[]","[]","[]","[]","[]","[]","[]","[]","[]",2,"[378322,372931]","[-0.191466,-0.25552]","[-0.408054,2.7396]","[392664,385181]","[75805.2,2604.52]","[0,0]","[0.848153,0]","[0.627215,-1]",0,"[]","[]","[]","[]","[]","[]","[]","[]","[]","[]",0,"[2213.09,5506.99]",3579.57,"[4327.33,1200.3]","[]","[9073.44,29173.1]","[]"
266,284500,1092887,364118,1,20.316,715162,1.26459,0.99941,1,1,1,0.999182,0.92551,1,1,0,0,1,"[1]","[1]","[242445]","[-2.45122]","[-2.73878]","[1.41693e+06]","[0.038208]","[1]","[11]","[1]","[1537.12]","[-1207.92]","[0.00298989]","[0.316779]",35417.4,-0.158843,1,"[226089]","[-1.63309]","[0.504768]","[601388]","[1]","[0]","[0]","[-0.826807]",0,"[]","[]","[]","[]","[]","[]","[]","[]","[]","[]",1,"[250276]","[-1.60954]","[0.475941]","[651820]","[36861.1]","[0]","[2.19978]","[0.711119]",0,"[]","[]","[]","[]","[]","[]","[]","[]","[]","[]",0,"[10866.9]",3423.39,"[5461.5]","[]","[8511.98]","[]"
267,284500,985476,364118,1,20.316,715162,1.55465,0.984032,1,1,1,0.999218,1.00306,1,1,0,0,2,"[1,1]","[1,1]","[241477,217285]","[1.00674,2.13508]","[-3.12618,0.229046]","[374541,931709]","[0.0161476,0.016489]","[1,-1]","[11,11]","[1,1]","[0,0]","[-1014.31,427.199]","[0.0103458,-0.00112685]","[1.32674,0.0918067]",31141.3,-0.695655,1,"[21122.4]","[-0.673042]","[-1.282]","[26406]","[0.886009]","[0]","[0]","[-0.819757]",0,"[]","[]","[]","[]","[]","[]","[]","[]","[]","[]",1,"[256092]","[1.00389]","[-3.12044]","[396345]","[382.214]","[0]","[0]","[-1]",0,"[]","[]","[]","[]","[]","[]","[]","[]","[]","[]",0,"[2575.14,2880.86]",584.262,"[1343.51]","[]","[0]","[]"
268,284500,996434,364118,1,20.316,715162,1.24168,0.95444,1,1,1,0.998697,1.01508,1,1,0,0,2,"[1,1]","[1,1]","[344135,307373]","[-1.71869,-0.68165]","[2.70522,-0.460586]","[990512,381591]","[0.00492859,-0.0365906]","[-1,1]","[11,11]","[1,1]","[0,0]","[1753.84,132.686]","[0.00841179,-0.0203724]","[1.37664,2.06024]",30551.9,-0.658471,1,"[45969.1]","[2.19438]","[-0.38673]","[208916]","[0.996211]","[0]","[0]","[-0.773228]",0,"[]","[]","[]","[]","[]","[]","[]","[]","[]","[]",2,"[365473,321814]","[-1.70454,-0.643405]","[2.70531,-0.45922]","[1.03808e+06,390760]","[3749.08,1986.86]","[0,0]","[0,0]","[-1,-1]",0,"[]","[]","[]","[]","[]","[]","[]","[]","[]","[]",0,"[8708.29,3018.33]",17096.5,"[4129.46]","[]","[24792.1,578.219]","[]"
269,284500,832540,364118,1,20.316,715162,1.1961,0.926656,1,1,1,0.979151,1.01508,1,1,0,0,2,"[1,1]","[1,1]","[301204,240326]","[-1.59318,-1.20852]","[2.04768,-0.850541]","[771482,438253]","[0.00502777,-0.00266647]","[1,-1]","[11,11]","[1,1]","[0,0]","[955.857,-1172.34]","[0.00266552,-0.00466146]","[0.266577,0.743551]",17824.4,-1.60153,2,"[89414.3,27390.7]","[-1.14075,0.110245]","[-1.73357,1.56042]","[154511,27962.1]","[1,0.973096]","[0,4]","[0,0]","[-0.846785,-0.722596]",0,"[]","[]","[]","[]","[]","[]","[]","[]","[]","[]",2,"[333165,307686]","[-1.58863,-1.24399]","[2.04268,-1.03943]","[849788,592293]","[3556.2,128943]","[0,0]","[27.96,0.336545]","[0.489396,0.476574]",0,"[]","[]","[]","[]","[]","[]","[]","[]","[]","[]",0,"[7143.75,2891.89]",12481.5,"[11984.1,1541.25]","[]","[28231.2,11950.5]","[]"
270,284500,494716,364118,1,20.316,715162,1.1961,0.931963,1,1,1,0.998524,1.00192,1,1,0,0,2,"[1,1]","[1,1]","[63107.1,45694.5]","[-0.16387,1.34583]","[0.275858,0.583]","[63956.3,93712.2]","[-0.0259705,-0.0336456]","[-1,1]","[11,11]","[1,1]","[0,0]","[-1016.65,-192.964]","[0.0207216,0.0152729]","[2.92234,1.37402]",11076.4,-1.14407,2,"[259189,153864]","[1.1753,1.97484]","[-2.81786,0.309857]","[460261,565093]","[0.993536,0.998378]","[0,0]","[0,0]","[-0.881585,-0.923193]",0,"[]","[]","[]","[]","[]","[]","[]","[]","[]","[]",1,"[268632]","[1.1933]","[-2.8117]","[484049]","[18488]","[0]","[2.54448]","[0.642528]",0,"[]","[]","[]","[]","[]","[]","[]","[]","[]","[]",0,"[89.4303,66.9024]",5587.21,"[5125.69,8068.47]","[]","[14231.8]","[]"
271,284500,1913839,364118,-0.612393,20.316,715162,0.696077,0.947368,1,1,1,0.998282,0.98743,1,1,0,0,2,"[1,1]","[1,1]","[261126,189117]","[-0.0586562,1.31667]","[1.72698,-1.40605]","[261576,378140]","[-0.084198,-0.0710449]","[1,-1]","[11,11]","[1,1]","[0,0]","[695.401,3233.67]","[0.00351671,0.013423]","[0.461113,1.79877]",43590.7,-1.84974,1,"[33763.1]","[2.44549]","[1.59162]","[196330]","[0.00732501]","[0]","[0]","[-0.569429]",0,"[]","[]","[]","[]","[]","[]","[]","[]","[]","[]",1,"[274867]","[-0.0840464]","[1.72509]","[275880]","[4792.08]","[0]","[19.3155]","[0.384091]",0,"[]","[]","[]","[]","[]","[]","[]","[]","[]","[]",0,"[2651,2035.22]",1902.48,"[5842.56]","[]","[13989.7]","[]"
272,284500,1559759,364118,1,20.316,715162,1.25133,0.934499,1,1,1,0.995455,0.95498,1,1,0,0,2,"[1,1]","[1,1]","[50955.4,42027.7]","[-0.795451,-0.999672]","[-2.46987,0.480003]","[67944.4,64835.9]","[0.00761223,0.00170898]","[-1,1]","[11,11]","[1,1]","[0,0]","[-209.867,-368.994]","[0.0256315,-0.0185363]","[2.77821,1.53434]",99041.3,2.18397,5,"[293610,224055,45134.3,30354.7,26892.5]","[-1.83718,1.93442,-0.292356,0.800666,2.47657]","[1.40793,-1.83098,1.26231,-1.15365,-1.92864]","[945391,791539,48226.3,41207,161225]","[0,0,0.994347,1,0.987111]","[0,0,0,0,0]","[0,0,0,0,0]","[0.456138,-0.858959,-0.916898,-0.819315,-0.801286]",0,"[]","[]","[]","[]","[]","[]","[]","[]","[]","[]",1,"[331638]","[-1.82888]","[1.45525]","[1.06084e+06]","[59482.7]","[0]","[2.52042]","[0.668748]",0,"[]","[]","[]","[]","[]","[]","[]","[]","[]","[]",0,"[66.0967,50.0918]",23756.1,"[13742.6,5760.21,28279.4,26529.1,7106.36]","[]","[34731.8]","[]"
273,284500,1167599,364118,0.910149,20.316,715162,0.75088,0.972512,1,1,1,0.969372,1.00632,1,1,0,0,2,"[1,1]","[1,1]","[284592,204417]","[0.158709,0.785291]","[-2.18131,1.14612]","[288184,270753]","[0.0650597,-0.0190105]","[-1,1]","[11,11]","[1,1]","[0,0]","[-170.293,1725.8]","[0.00906806,-0.0011355]","[1.54609,0.158986]",18066.1,2.75782,2,"[59767.1,38508.6]","[-1.82167,1.69897]","[0.266244,0.259552]","[189782,109177]","[0.827811,0.990062]","[0,4]","[0,0]","[-0.832392,0.431444]",0,"[]","[]","[]","[]","[]","[]","[]","[]","[]","[]",1,"[291701]","[0.143797]","[-2.18425]","[294731]","[2263.53]","[0]","[1.70903]","[-1]",0,"[]","[]","[]","[]","[]","[]","[]","[]","[]","[]",0,"[4369.64,3874.99]",4037.37,"[8581.32,2946.51]","[]","[30676.2]","[]"
274,284500,88105,364118,0.321435,20.316,715162,0.619412,0.984282,1,1,1,0.999699,0.9918,1,1,0,0,2,"[1,1]","[1,1]","[263276,209717]","[-0.754132,-0.751346]","[-1.43179,2.07766]","[341756,271750]","[-0.0572033,-0.0663633]","[1,-1]","[11,11]","[1,1]","[0,0]","[-659.864,242.479]","[-0.00109364,-0.0262253]","[0.122688,2.80794]",51111,0.4849,1,"[53693.1]","[0.225413]","[1.25392]","[55430.2]","[0.98997]","[0]","[0]","[-0.869427]",0,"[]","[]","[]","[]","[]","[]","[]","[]","[]","[]",1,"[269486]","[-0.76545]","[-1.43219]","[352365]","[-0.00552427]","[0]","[0]","[-1]",0,"[]","[]","[]","[]","[]","[]","[]","[]","[]","[]",0,"[1933.13,1310.94]",18209.2,"[2035.39]","[]","[8820.09]","[]"
275,284500,825077,364118,-1,20.316,715162,0.696077,0.96323,1,1,1,0.965146,1.00493,1,1,0,0,1,"[1]","[1]","[280152]","[-1.20742]","[-1.03498]","[510411]","[-0.0852032]","[1]","[11]","[1]","[0]","[-61.019]","[0.00209997]","[0.184195]",53113.3,0.389919,3,"[247028,47463.1,34212.4]","[-1.4229,2.28703,1.47384]","[2.35955,1.15095,-3.06493]","[542491,236107,78768.2]","[1,0.988102,0.998145]","[0,4,0]","[0,0,0]","[-0.96951,-0.908885,-0.700419]",0,"[]","[]","[]","[]","[]","[]","[]","[]","[]","[]",1,"[288852]","[-1.2231]","[-1.03533]","[533226]","[1766.31]","[0]","[0]","[-1]",0,"[]","[]","[]","[]","[]","[]","[]","[]","[]","[]",0,"[3865.28]",611.309,"[7519.1,1726.08,3438.27]","[]","[12423]","[]"
276,284500,615130,364118,-1,20.316,715162,1.22586,0.953795,1,1,1,0.94691,1.00632,1,1,0,0,2,"[1,1]","[1,1]","[239159,69030.8]","[0.633063,-0.809948]","[-1.7741,1.01063]","[288704,92938.7]","[0.0160522,0.0245819]","[-1,1]","[11,11]","[1,1]","[1187.94,0]","[3338.5,880.929]","[-0.0272755,0.0346132]","[4.63281,4.65887]",18268.5,2.54711,2,"[64814,23478.5]","[0.504073,-1.77891]","[1.82395,1.8498]","[74152,71704.6]","[0.965065,0.995888]","[4,4]","[0,0]","[-0.948746,-0.329801]",0,"[]","[]","[]","[]","[]","[]","[]","[]","[]","[]",1,"[264085]","[0.592422]","[-1.77133]","[311881]","[7155.75]","[0]","[8.84728]","[-1]",0,"[]","[]","[]","[]","[]","[]","[]","[]","[]","[]",0,"[1459.42,724.812]",5274.94,"[9816.53,4387.98]","[]","[21008.8]","[]"
277,284500,670836,364118,1,20.316,715162,1.26459,0.96392,1,1,1,0.963549,1.01012,1,1,0,0,1,"[1]","[1]","[269318]","[1.93347]","[-2.34338]","[950435]","[-0.101574]","[1]","[11]","[1]","[3284.79]","[307.422]","[-0.0269271]","[0.856476]",22287.6,0.160676,1,"[60494.6]","[1.50451]","[0.535718]","[142960]","[0.972326]","[4]","[0]","[-0.937549]",0,"[]","[]","[]","[]","[]","[]","[]","[]","[]","[]",1,"[282658]","[1.94245]","[-2.34207]","[1.00615e+06]","[1851.78]","[0]","[0]","[-1]",0,"[]","[]","[]","[]","[]","[]","[]","[]","[]","[]",0,"[3305.45]",18441.2,"[6306.76]","[]","[9203.84]","[]"
278,284500,474317,364118,1.896,20.316,715162,1.26459,0.950679,1,1,1,0.963968,1.00493,1,1,0,0,2,"[1,1]","[1,1]","[239904,237723]","[-1.35212,-0.209361]","[2.10043,-1.37131]","[494718,242952]","[-0.0326881,0.0440884]","[-1,1]","[11,11]","[1,1]","[0,0]","[-2240.91,-272.553]","[0.00888692,-0.0169153]","[0.963276,2.00941]",10485.5,-1.05709,2,"[54817.8,21250]","[-0.470471,-2.10456]","[0.414205,1.26046]","[61202.2,88563.5]","[0.99608,0.924977]","[4,0]","[0,0]","[-0.939267,-0.85576]",0,"[]","[]","[]","[]","[]","[]","[]","[]","[]","[]",2,"[274706,253376]","[-1.35372,-0.191897]","[2.10377,-1.37427]","[567281,258061]","[2073.44,1612.85]","[0,0]","[0,0]","[-1,-1]",0,"[]","[]","[]","[]","[]","[]","[]","[]","[]","[]",0,"[2881.96,1175.54]",1163.05,"[3731.85,1672.72]","[]","[6863.16,8949.47]","[]"
279,284500,1084760,364118,1,20.316,715162,1.26205,0.967171,1,1,1,0.990146,1,1,1,0,0,2,"[1,1]","[1,1]","[284608,157576]","[0.390207,-0.079532]","[0.467509,-2.67835]","[306552,158074]","[-0.0233917,0.196045]","[-1,1]","[11,11]","[0,1]","[0,0]","[943.496,1123.65]","[0.0245371,-0.00533426]","[1.56991,0.578531]",18570.2,-2.1399,2,"[104243,21873.3]","[-1.44445,-2.31871]","[-2.54263,2.37793]","[233519,112260]","[0.995981,0.998818]","[0,4]","[0,0]","[-0.725378,-0.799652]",0,"[]","[]","[]","[]","[]","[]","[]","[]","[]","[]",1,"[312406]","[0.334782]","[0.490852]","[332618]","[41039.6]","[0]","[1.52614]","[0.408064]",0,"[]","[]","[]","[]","[]","[]","[]","[]","[]","[]",0,"[1639.51,820.465]",261.672,"[2542.11,4055.51]","[]","[24589.8]","[]"
280,284500,1792672,364118,1,20.316,715162,0.619412,0.98916,1,1,1,0.962321,0.99765,1,1,0,0,1,"[1]","[1]","[97403.9]","[0.726767]","[0.237859]","[124280]","[0.0173187]","[-1]","[11]","[1]","[3224.89]","[-535.796]","[0.0158587]","[2.17864]",33536.3,1.3242,3,"[239298,118982,42851.5]","[1.41308,-0.220026,-0.154682]","[-2.0534,1.40841,1.92582]","[520766,122651,43681.5]","[0.579053,1,1]","[0,4,0]","[0,0,0]","[-0.904021,0.68867,0.0716712]",0,"[]","[]","[]","[]","[]","[]","[]","[]","[]","[]",1,"[254346]","[1.3685]","[-2.05435]","[532096]","[3611.8]","[0]","[7.37232]","[0.158884]",0,"[]","[]","[]","[]","[]","[]","[]","[]","[]","[]",0,"[431.531]",4800.8,"[4008.29,1276.34,3326.82]","[]","[0]","[]"
281,284500,209220,364118,1,20.316,715162,0.738662,0.925502,1,1,1,0.997725,1.01508,1,1,0,0,2,"[1,1]","[1,0]","[255192,208521]","[-1.71633,-1.56251]","[-0.946568,1.78938]","[732883,519258]","[-0.079586,-0.0135918]","[1,-1]","[11,11]","[1,1]","[1102.19,0]","[2503.73,7585.73]","[-0.00482091,0.052119]","[0.401697,1.04044]",39043.3,-1.19105,2,"[78368.6,24234.6]","[-1.62868,-1.20263]","[2.98611,2.98042]","[208065,44246]","[0.99563,0.978223]","[0,0]","[0,0]","[-0.726544,-0.664936]",0,"[]","[]","[]","[]","[]","[]","[]","[]","[]","[]",2,"[288585,256799]","[-1.70087,-1.5548]","[-0.942098,1.80051]","[816879,635085]","[3822.36,11141.5]","[0,0]","[19.1029,4.98383]","[-1,0.507661]",0,"[]","[]","[]","[]","[]","[]","[]","[]","[]","[]",0,"[4952.92,4642.08]",20122.9,"[2321.5,2708.43]","[]","[9675.5,7565.09]","[]"
282,284500,831826,364118,1,20.316,715162,0.187531,1.00057,1,1,1,0.946836,1.00936,1,1,0,0,2,"[1,1]","[1,1]","[757861,693720]","[0.00165601,-0.486739]","[1.0672,-2.07909]","[757862,777531]","[0.146283,0.0986147]","[1,-1]","[11,11]","[1,1]","[0,1122.08]","[-1601.57,-609.023]","[-0.0336907,0.0213353]","[4.07541,3.77583]",5504.95,3.00944,3,"[60004.1,23104.9,21623.7]","[0.196652,0.883515,-0.37928]","[-1.54345,-2.60942,2.62358]","[62206.7,33077.3,23638.6]","[0.975465,0.816587,0.632633]","[4,0,4]","[0,0,0]","[-0.913521,-0.793011,-0.798379]",0,"[]","[]","[]","[]","[]","[]","[]","[]","[]","[]",2,"[758682,736806]","[-0.454377,0.0116811]","[-2.05136,1.06144]","[850349,736888]","[142309,6887.85]","[0,0]","[0.724257,0]","[0.575029,-1]",0,"[]","[]","[]","[]","[]","[]","[]","[]","[]","[]",0,"[8557.02,5509.98]",2563.36,"[4810.55,3902.63,1303.38]","[]","[24817.4,72716.4]","[]"
283,284500,1435898,364118,1,20.316,715162,0.696077,0.944823,1,1,1,0.992309,1.00493,1,1,0,0,2,"[1,1]","[1,1]","[263299,251652]","[-1.19457,-1.15111]","[-1.81749,1.19804]","[474593,437621]","[0.048008,-0.0421448]","[-1,1]","[11,11]","[1,1]","[0,0]","[1167.29,2507.83]","[0.0119311,-0.0091572]","[1.59474,1.25195]",37183.6,1.62128,5,"[39263.2,26319.9,26134.1,24202.2,21035]","[-1.3071,-1.53075,-1.7449,-1.71108,0.217474]","[0.119938,-2.24298,-1.32529,1.30599,-2.56527]","[78376.1,63847.2,77313.2,69200,21867.5]","[0.994673,0.882821,0.789786,0.995068,0.903041]","[0,0,0,0,0]","[0,0,0,0,0]","[-0.837945,-0.759286,-0.405612,-0.775873,-0.242667]",0,"[]","[]","[]","[]","[]","[]","[]","[]","[]","[]",2,"[315908,270989]","[-1.14518,-1.14399]","[-1.83296,1.20411]","[550879,473595]","[67675.1,69184.1]","[0,0]","[0.732821,0]","[0.717092,-1]",0,"[]","[]","[]","[]","[]","[]","[]","[]","[]","[]",0,"[2841.75,5500.1]",7945.47,"[2276.47,3560.84,3477.93,4432.23,1152.66]","[]","[13177.6,12684]","[]"
284,284500,157703,364118,1,20.316,715162,1.26205,0.97828,1,1,1,0.998969,1.0005,1,1,0,0,1,"[1]","[1]","[262260]","[2.09772]","[1.92347]","[1.08448e+06]","[0.0210915]","[1]","[11]","[1]","[1608.07]","[560.867]","[0.0115479]","[1.17129]",25050.3,0.380086,2,"[74955.6,59054.9]","[-0.700586,1.48155]","[1.75358,-0.374386]","[94945.4,136766]","[0.993019,0.995165]","[0,0]","[0,0]","[-0.54036,-0.909843]",0,"[]","[]","[]","[]","[]","[]","[]","[]","[]","[]",1,"[303335]","[1.4993]","[-1.43361]","[713126]","[3661.47]","[0]","[3.38215]","[0.622019]",0,"[]","[]","[]","[]","[]","[]","[]","[]","[]","[]",0,"[3555.8]",4062.9,"[4444.58,2914.61]","[]","[4692.22]","[]"
285,284500,814563,364118,1,20.316,715162,0.923924,0.993444,1,1,1,0.965671,1.00632,1,1,0,0,2,"[1,1]","[1,1]","[244227,220650]","[0.416523,-0.00682888]","[-1.26285,1.85943]","[265721,220655]","[-0.0365295,-0.0413857]","[-1,1]","[11,11]","[1,1]","[0,0]","[-598.62,-2317.58]","[-0.0222505,0.0237332]","[2.30477,2.79339]",29682.4,2.54165,2,"[47285.2,23915.2]","[-1.50375,0.578245]","[-0.0558352,3.08908]","[112073,28328.2]","[0.992654,0.984216]","[4,0]","[0,0]","[0.454927,-0.868164]",0,"[]","[]","[]","[]","[]","[]","[]","[]","[]","[]",1,"[255634]","[0.442858]","[-1.25611]","[281114]","[-0.00195312]","[0]","[0]","[-1]",0,"[]","[]","[]","[]","[]","[]","[]","[]","[]","[]",0,"[2862.28,2282.76]",65.6523,"[4492.34,1712.85]","[]","[344.734]","[]"
286,284500,1106492,364118,1,20.316,715162,1.22586,0.888626,1,1,1,0.997038,0.93588,1,1,0,0,2,"[1,1]","[1,0]","[35698.2,23645.2]","[-1.23266,0.80934]","[-1.98549,1.6093]","[66432,31821.4]","[-0.00710678,-0.0340919]","[1,-1]","[11,11]","[1,1]","[0,0]","[640.23,566.052]","[-0.0209981,-0.00523779]","[1.40676,0.314914]",299710,2.14686,3,"[163249,39778.8,28831.7]","[1.2364,0.896795,2.15154]","[2.14832,-0.620335,2.14236]","[305023,57325.2,125697]","[0,0.997653,0.996947]","[0,0,0]","[0,0,0]","[-0.824551,-0.891423,-0.911008]",0,"[]","[]","[]","[]","[]","[]","[]","[]","[]","[]",1,"[390368]","[0.37638]","[-0.988321]","[422105]","[56203.8]","[0]","[1.54135]","[0.460964]",0,"[]","[]","[]","[]","[]","[]","[]","[]","[]","[]",0,"[163.833,219.148]",10105.5,"[2666.83,6992.29,2018.55]","[]","[28512.4]","[]"
287,284500,1786706,364118,1,20.316,715162,1.24168,0.967171,1,1,1,0.986067,1.00632,1,1,0,0,2,"[1,1]","[1,1]","[231895,151179]","[0.162244,-0.181385]","[2.81176,-0.348604]","[234954,153673]","[0.0226593,-0.0490379]","[1,-1]","[11,11]","[1,1]","[0,69917.2]","[-263.061,-352.293]","[0.010461,-0.0280723]","[1.08549,5.2096]",15785.4,-0.0518949,2,"[22546.7,20726.8]","[-1.63341,-0.778996]","[1.92719,-2.63502]","[60004.9,27676.4]","[0.989899,0.989353]","[4,0]","[0,0]","[-0.415259,-0.684793]",0,"[]","[]","[]","[]","[]","[]","[]","[]","[]","[]",1,"[264346]","[-0.140745]","[-0.425193]","[269126]","[34005.4]","[0]","[0.275688]","[0.274899]",0,"[]","[]","[]","[]","[]","[]","[]","[]","[]","[]",0,"[3482.38,1103.6]",5590.47,"[3248.55,1133.43]","[]","[502.781]","[]"
288,284500,926293,364118,-1,20.316,715162,1.21412,0.965765,1,1,1,0.997984,0.99866,1,1,0,0,2,"[1,1]","[1,1]","[228045,136568]","[-1.04089,-0.377546]","[2.33035,-0.650751]","[363146,146417]","[0.0612793,0.0564232]","[-1,1]","[11,11]","[1,1]","[1860.8,0]","[6326.68,-56.4064]","[-0.0177454,0.0289284]","[1.48307,3.51273]",32215.1,-1.91594,2,"[63496,38382.9]","[-2.1219,1.92318]","[-0.216819,-1.61128]","[268897,134396]","[0.988641,0.994352]","[0,0]","[0,0]","[-0.932551,-0.0409792]",0,"[]","[]","[]","[]","[]","[]","[]","[]","[]","[]",1,"[280087]","[-1.0285]","[2.32451]","[441767]","[3491.97]","[0]","[0]","[-1]",0,"[]","[]","[]","[]","[]","[]","[]","[]","[]","[]",0,"[3340.5,532.709]",540.672,"[6863.76,2222.77]","[]","[18784.4]","[]"
289,284500,242865,364118,1,20.316,715162,0.553627,0.954417,1,1,1,0.999349,1.00121,1,1,0,0,2,"[1,1]","[1,1]","[237485,155220]","[-1.96312,-2.31069]","[0.458943,-2.72188]","[862303,790112]","[0.0472641,0.0147476]","[1,-1]","[11,11]","[1,1]","[0,0]","[1157.17,169.07]","[0.0203815,-0.0156343]","[2.3904,0.939842]",19096.7,2.19558,1,"[81455.9]","[0.0306189]","[-2.78792]","[81867.8]","[1]","[0]","[0]","[-0.900069]",0,"[]","[]","[]","[]","[]","[]","[]","[]","[]","[]",1,"[255352]","[-1.9504]","[0.456484]","[915920]","[3069.56]","[0]","[0]","[-1]",0,"[]","[]","[]","[]","[]","[]","[]","[]","[]","[]",0,"[3921.67,2002.5]",13905.4,"[3186.16]","[]","[315.906]","[]"
290,284500,271879,364118,1,20.316,715162,1.21412,0.904954,1,1,1,0.987305,0.97155,1,1,0,0,2,"[1,1]","[1,1]","[335368,308713]","[2.45146,1.68394]","[2.22119,-0.701432]","[1.96047e+06,860135]","[0.139774,0.00775719]","[-1,1]","[11,11]","[1,1]","[0,0]","[1970.24,-1153.57]","[-0.00759642,0.0116149]","[0.763342,1.20064]",16065.6,1.67613,3,"[75876.2,33247.8,21124.9]","[1.77675,-0.763341,0.772902]","[-1.56796,2.88971,-2.04941]","[230752,43827.8,27960.5]","[0.989948,0.944525,0.876669]","[0,0,4]","[0,0,0]","[-0.966083,-0.914821,-0.501677]",0,"[]","[]","[]","[]","[]","[]","[]","[]","[]","[]",1,"[368807]","[1.75747]","[-0.855474]","[1.108e+06]","[124961]","[0]","[0.135542]","[0.552501]",0,"[]","[]","[]","[]","[]","[]","[]","[]","[]","[]",0,"[17068.2,8857.91]",9100.12,"[8539.39,2741.5,2073.19]","[]","[36179.4]","[]"
291,284500,1460065,364118,1,20.316,715162,1.26459,0.961213,1,1,1,0.998947,1.00632,1,1,0,0,2,"[1,1]","[1,1]","[258297,222542]","[0.199171,-1.00752]","[-2.87453,0.0976387]","[263437,345377]","[-0.040616,-3.31402e-05]","[1,-1]","[11,11]","[1,1]","[0,1425.52]","[-481.019,293.468]","[0.0317092,-0.0217131]","[5.03257,2.25551]",53745.2,-0.844563,2,"[50546,29127.7]","[-0.743255,-1.18323]","[-1.03432,-0.482618]","[65576.5,52255.4]","[0.98891,0.997277]","[0,0]","[0,0]","[-0.622306,-0.405424]",0,"[]","[]","[]","[]","[]","[]","[]","[]","[]","[]",2,"[273905,252668]","[0.204278,-1.03541]","[-2.87832,0.0558272]","[279640,402924]","[742.839,42757]","[0,0]","[0,0.20532]","[-1,-1]",0,"[]","[]","[]","[]","[]","[]","[]","[]","[]","[]",0,"[3397.9,2748.75]",6018.18,"[2367.78,2040.24]","[]","[11408.3,0]","[]"
292,284500,232020,364118,0.0541982,20.316,715162,0,0.97106,1,1,1,1.54779,0.96201,1,1,0,0,2,"[1,0]","[1,0]","[46339.1,8829.21]","[1.02238,-0.477538]","[-2.40015,-1.69044]","[72741.8,9855.21]","[0.0827847,0.110141]","[1,-1]","[11,11]","[1,0]","[0,0]","[-1348.79,648.535]","[-0.00776116,0.00615763]","[0.583776,0.398963]",72680.1,-0.401883,4,"[190198,87858.7,76942.5,58767.5]","[0.810484,0.00555943,1.03313,1.85237]","[-2.85295,-0.117527,0.828345,-0.303061]","[256516,89311.9,122608,192036]","[0,0,0.0483074,0.999551]","[0,0,0,4]","[0,0,0,0]","[-0.726328,-0.79297,-0.427974,0.967955]",0,"[]","[]","[]","[]","[]","[]","[]","[]","[]","[]",1,"[263200]","[0.925508]","[-2.67835]","[391426]","[74843.2]","[0]","[1.4398]","[0.332582]",0,"[]","[]","[]","[]","[]","[]","[]","[]","[]","[]",0,"[206.025,200.735]",12437.6,"[3400.54,2351.71,5344.12,4401.32]","[]","[5809.28]","[]"
293,284500,1458404,364118,1,20.316,715162,0.923924,0.93652,1,1,1,0.939974,0.93588,1,1,0,0,1,"[1]","[1]","[36169]","[-1.17643]","[-0.535943]","[64220.9]","[-0.0379257]","[-1]","[11]","[1]","[0]","[-541.942]","[0.0536467]","[2.20825]",53610.2,1.07834,5,"[290014,141471,74171.5,25690.6,21468.7]","[-0.659274,0.470461,-1.77515,2.11751,2.36308]","[-2.76885,0.309306,1.52285,-1.1957,0.135515]","[359369,158349,225220,108356,115073]","[0.611947,0,0.988832,0.8503,1]","[0,0,4,4,0]","[0,0,0,0,0]","[-0.785415,-0.757025,-0.901709,-0.722606,-0.860555]",0,"[]","[]","[]","[]","[]","[]","[]","[]","[]","[]",1,"[285932]","[-0.677946]","[-2.78205]","[356336]","[38988.8]","[0]","[1.10837]","[0.651585]",0,"[]","[]","[]","[]","[]","[]","[]","[]","[]","[]",0,"[34.4356]",7221.07,"[5069.61,2379.02,7505.74,1747.01,1974.35]","[]","[35944.7]","[]"
294,284500,1462435,364118,1,20.316,715162,1.25133,0.95828,1,1,1,0.999518,0.99866,1,1,0,0,2,"[1,1]","[1,1]","[356366,279345]","[-0.814909,-0.0507162]","[0.0353623,-3.04078]","[481388,279704]","[-0.0498466,0.00136185]","[1,-1]","[11,11]","[1,1]","[0,0]","[-2704.57,2400.44]","[0.0120081,-0.00908527]","[1.40521,1.74022]",6049.79,-0.818393,1,"[76316.9]","[-0.597225]","[2.81084]","[91681.8]","[0.987171]","[0]","[0]","[-0.951922]",0,"[]","[]","[]","[]","[]","[]","[]","[]","[]","[]",2,"[371937,326546]","[-0.837132,-0.12066]","[0.0372379,-3.0944]","[510052,334854]","[0.00552427,62730.1]","[0,0]","[0,1.08793]","[-1,0.691237]",0,"[]","[]","[]","[]","[]","[]","[]","[]","[]","[]",0,"[4322.32,3982.73]",5379.8,"[6043.53]","[]","[10155.4,15521.2]","[]"
295,284500,1468226,364118,1,20.316,715162,0.619412,0.96853,1,1,1,0.998545,0.98869,1,1,0,0,1,"[1]","[1]","[71109.5]","[-1.9767]","[-0.00531569]","[261590]","[-0.0438843]","[1]","[11]","[1]","[0]","[952.371]","[0.00551134]","[0.419281]",72905.3,0.59,3,"[235951,57317.5,36096.5]","[-1.37779,0.508923,0.155366]","[-2.72985,0.296976,0.786813]","[498748,65692,37076]","[0.998008,0.999044,0.989015]","[0,0,0]","[0,0,0]","[-0.980304,0.522457,-0.882661]",0,"[]","[]","[]","[]","[]","[]","[]","[]","[]","[]",1,"[250591]","[-1.34179]","[-2.70485]","[512982]","[29845.7]","[0]","[1.13863]","[0.657356]",0,"[]","[]","[]","[]","[]","[]","[]","[]","[]","[]",0,"[289.528]",1750.33,"[3565.51,4278.04,1946.66]","[]","[19469]","[]"
296,284500,654121,364118,1,20.316,715162,0.402058,0.966346,1,1,1,0.999235,1.00121,1,1,0,0,2,"[1,1]","[1,1]","[253384,119311]","[-1.90384,-2.0261]","[1.58401,-1.55892]","[869184,460319]","[0.0599823,-0.114178]","[-1,1]","[11,11]","[1,1]","[0,0]","[-816.972,17.3121]","[-0.0218621,0.0163494]","[1.5522,1.4618]",28722.6,-1.37608,1,"[70302.4]","[2.22117]","[-1.74537]","[327970]","[0.997341]","[0]","[0]","[0.445213]",0,"[]","[]","[]","[]","[]","[]","[]","[]","[]","[]",1,"[265175]","[-1.89348]","[1.59037]","[900667]","[0]","[0]","[0]","[-1]",0,"[]","[]","[]","[]","[]","[]","[]","[]","[]","[]",0,"[4905.45,1286.22]",8005.86,"[6347.01]","[]","[20882.2]","[]"
297,284500,1471839,364118,-1,20.316,715162,1.26205,1.00578,1,1,1,0.962018,1.00936,1,1,0,0,2,"[1,1]","[1,1]","[308163,200782]","[-0.00436562,-0.78278]","[0.347984,-2.93222]","[308166,265502]","[-0.00875664,-0.0643044]","[1,-1]","[11,11]","[1,1]","[0,0]","[-805.584,3055.67]","[-0.00171702,-0.00570856]","[0.245664,0.804067]",32469.1,-2.72369,1,"[82884.6]","[0.403793]","[-2.57621]","[90990.3]","[0.978972]","[4]","[0]","[-0.0846364]",0,"[]","[]","[]","[]","[]","[]","[]","[]","[]","[]",1,"[301722]","[0.0110364]","[0.345771]","[301740]","[-0.00540807]","[0]","[0]","[-1]",0,"[]","[]","[]","[]","[]","[]","[]","[]","[]","[]",0,"[2963.79,1350.64]",19736,"[1480.18]","[]","[20096.2]","[]"
298,284500,1445886,364118,-1,20.316,715162,0.934886,0.97828,1,1,1,0.99947,1.0005,1,1,0,0,1,"[1]","[1]","[177892]","[2.01866]","[1.10613]","[681423]","[0.0575056]","[1]","[11]","[1]","[0]","[-2084.09]","[-0.0379446]","[2.89561]",44063.4,1.59024,1,"[102562]","[1.31532]","[0.613748]","[205346]","[0.999773]","[0]","[0]","[-0.541198]",0,"[]","[]","[]","[]","[]","[]","[]","[]","[]","[]",1,"[253688]","[1.8992]","[0.973785]","[873710]","[112998]","[0]","[0.286602]","[0.467764]",0,"[]","[]","[]","[]","[]","[]","[]","[]","[]","[]",0,"[1490.14]",1907.18,"[3487.3]","[]","[0]","[]"
299,284500,891418,364118,-1,20.316,715162,0,0.979489,1,1,1,0.99823,0.99765,1,1,0,0,2,"[1,1]","[1,1]","[539760,527232]","[0.744812,-0.128953]","[2.70585,-0.484095]","[696525,531621]","[-0.00523472,-0.0595202]","[-1,1]","[11,11]","[1,1]","[0,0]","[944.289,2680.71]","[0.0229828,-0.00862217]","[2.81632,0.998794]",21821.9,1.21417,2,"[54628.7,21227.7]","[-2.11814,-0.331433]","[1.22745,-1.00808]","[230726,22892.1]","[0.997886,0.725176]","[0,0]","[0,0]","[-0.847244,-0.487184]",0,"[]","[]","[]","[]","[]","[]","[]","[]","[]","[]",2,"[557434,547376]","[0.750401,-0.126864]","[2.7052,-0.483189]","[721887,551818]","[2169.45,5866.55]","[0,0]","[0,15.8856]","[-1,-1]",0,"[]","[]","[]","[]","[]","[]","[]","[]","[]","[]",0,"[4214.11,6129.02]",7076.42,"[8542.23,2558.95]","[]","[13070.8,25478.4]","[]"
300,284500,887264,364118,1,20.316,715162,1.26459,0.957085,1,1,1,0.998293,1.00582,1,1,0,0,2,"[1,1]","[1,1]","[473738,393735]","[-0.104336,1.30701]","[-2.41132,0.623449]","[476319,780722]","[0.0566177,0.0228083]","[-1,1]","[11,11]","[1,1]","[0,0]","[-198.14,-56.1991]","[0.00823883,-0.000936289]","[0.961857,0.135278]",8373.68,-1.56246,2,"[48083,20763.6]","[-1.29141,0.0100644]","[1.38622,0.89684]","[94336.5,21243.5]","[0.9905,0.96778]","[0,0]","[0,0]","[-0.438144,-0.929109]",0,"[]","[]","[]","[]","[]","[]","[]","[]","[]","[]",2,"[481188,428878]","[-0.106865,1.32245]","[-2.40847,0.623744]","[483940,861849]","[1574.73,1469.14]","[0,0]","[194.066,127.852]","[-1,-1]",0,"[]","[]","[]","[]","[]","[]","[]","[]","[]","[]",0,"[4657.06,6182.96]",5727.99,"[2283.26,3378.44]","[]","[33956.7,18111.8]","[]"
301,284500,1107332,364118,-1,20.316,715162,0.923924,0.96966,1,1,1,0.997937,0.99604,1,1,0,0,1,"[1]","[1]","[288552]","[-2.15334]","[-2.70554]","[1.25948e+06]","[-0.0535049]","[-1]","[11]","[1]","[0]","[-1310.7]","[0.000294478]","[0.0229966]",13706.4,1.90674,2,"[240163,43420.4]","[-1.38731,-2.281]","[0.4303,0.0758273]","[510840,214748]","[0.990524,0.933903]","[0,0]","[0,0]","[-0.932747,-0.815428]",0,"[]","[]","[]","[]","[]","[]","[]","[]","[]","[]",1,"[270270]","[-1.5992]","[0.36914]","[703254]","[100079]","[0]","[0.49009]","[0.588437]",0,"[]","[]","[]","[]","[]","[]","[]","[]","[]","[]",0,"[4023.67]",1989.63,"[5354.45,5471.27]","[]","[20.9688]","[]"
302,284500,1122118,364118,-1,20.316,715162,1.25133,0.929142,1,1,1,0.999486,1.01012,1,1,0,0,2,"[1,0]","[1,1]","[261381,207564]","[1.84929,1.88735]","[-0.132453,2.8985]","[851139,700873]","[-0.0464649,0.0157547]","[-1,-1]","[11,11]","[1,1]","[0,0]","[-2149.25,-1167.5]","[0.0134285,0.0033468]","[1.01393,0.284618]",45581.8,-1.67672,1,"[84470.8]","[1.31282]","[-2.74984]","[168874]","[0.990535]","[0]","[0]","[-0.934071]",0,"[]","[]","[]","[]","[]","[]","[]","[]","[]","[]",2,"[280544,278154]","[1.84603,1.80079]","[-0.134115,3.05716]","[910714,870964]","[0.0110485,101712]","[0,0]","[0,0.467783]","[-1,0.679074]",0,"[]","[]","[]","[]","[]","[]","[]","[]","[]","[]",0,"[2269.66,1904.69]",7738.76,"[2894.17]","[]","[13594.2,0]","[]"
303,284500,1582303,364118,-1.10991,20.316,715162,1.1961,0.969317,1,1,1,0.998533,1.00632,1,1,0,0,2,"[1,1]","[1,1]","[264669,148717]","[0.321769,0.743655]","[1.95034,-1.02496]","[278489,191769]","[-0.0949707,-0.0480804]","[-1,1]","[11,11]","[1,1]","[0,0]","[586.559,-332.267]","[0.0253783,-0.0363492]","[2.13524,3.38697]",18804.6,-1.3229,2,"[79337.7,44715.8]","[-0.213787,1.62884]","[-1.88342,-0.517273]","[81512.1,118666]","[0.996114,0.993255]","[0,0]","[0,0]","[-0.892794,-0.855726]",0,"[]","[]","[]","[]","[]","[]","[]","[]","[]","[]",1,"[273819]","[0.369932]","[1.94611]","[292854]","[7031.76]","[0]","[21.126]","[0.499615]",0,"[]","[]","[]","[]","[]","[]","[]","[]","[]","[]",0,"[1396.64,747.492]",2541.15,"[1980.8,4776.6]","[]","[0]","[]"
304,284500,1589548,364118,-1,20.316,715162,1.21412,0.971455,1,1,1,0.999682,1.00582,1,1,0,0,2,"[1,1]","[1,1]","[402266,324806]","[-0.13428,-1.82804]","[0.922573,-2.27361]","[405898,1.03652e+06]","[0.0413742,-0.0101547]","[-1,1]","[11,11]","[1,1]","[0,0]","[3383.35,1850.51]","[-0.0142492,0.0126252]","[2.8745,1.2937]",20819.4,-1.07866,1,"[61628]","[1.07447]","[-2.24005]","[101380]","[0.998866]","[0]","[0]","[-0.901733]",0,"[]","[]","[]","[]","[]","[]","[]","[]","[]","[]",2,"[409133,352866]","[-0.169437,-1.84608]","[0.924462,-2.27673]","[415026,1.14555e+06]","[2157.46,4776.63]","[0,0]","[0,12.413]","[-1,-1]",0,"[]","[]","[]","[]","[]","[]","[]","[]","[]","[]",0,"[3125.82,2707.49]",454.006,"[2480.46]","[]","[19992.2,35623]","[]"
305,284500,1117608,364118,1,20.316,715162,1.32095,0.93372,1,1,1,0.99612,1.0044,1,1,0,0,2,"[1,1]","[1,1]","[70895.1,26774.3]","[1.88656,0.165132]","[-2.62214,-1.87616]","[239208,27140.2]","[-46.4149,-46.3602]","[1,-1]","[11,11]","[1,1]","[0,0]","[-365.121,2198.94]","[-0.00486827,-0.00350544]","[0.261854,0.249224]",107062,0.664645,3,"[198266,181632,20147.1]","[-0.752958,-2.22471,-2.01779]","[-1.7332,1.62452,-0.275018]","[257591,850335,77155.9]","[1,1,0.995594]","[0,0,0]","[0,0,0]","[-0.924099,-0.647598,-0.564175]",0,"[]","[]","[]","[]","[]","[]","[]","[]","[]","[]",1,"[250347]","[-0.645192]","[-1.74867]","[307829]","[46565.4]","[0]","[1.38166]","[0.720099]",0,"[]","[]","[]","[]","[]","[]","[]","[]","[]","[]",0,"[864.41,35.2382]",4598.95,"[2451.49,4808.82,3732.33]","[]","[7118.28]","[]"
306,284500,993308,364118,0.761139,20.316,715162,0.351687,0.955731,1,1,1,0.999373,1.0005,1,1,0,0,2,"[1,1]","[1,1]","[382614,373752]","[2.19809,-0.00165479]","[2.55379,-0.655746]","[1.74449e+06,373752]","[0.186119,-0.0283279]","[-1,1]","[11,11]","[1,1]","[0,0]","[1566.93,1684.75]","[0.000711995,-0.00859221]","[0.0688908,0.566837]",38477.6,2.50273,1,"[29939.5]","[0.676189]","[0.498407]","[37470.9]","[0.990767]","[0]","[0]","[-0.519845]",0,"[]","[]","[]","[]","[]","[]","[]","[]","[]","[]",1,"[387643]","[-0.0563362]","[-0.653991]","[388268]","[2699.59]","[0]","[0]","[-1]",0,"[]","[]","[]","[]","[]","[]","[]","[]","[]","[]",0,"[5735.78,5125.95]",18386.7,"[1967.36]","[]","[8407.97]","[]"
307,284500,1118111,364118,1,20.316,715162,0.402058,0.97411,1,1,1,0.998917,1.00582,1,1,0,0,2,"[1,1]","[1,1]","[297710,204448]","[-0.27886,-0.424212]","[2.59285,-0.271599]","[309360,223122]","[0.0077095,0.0222092]","[1,-1]","[11,11]","[1,1]","[0,0]","[110.731,-138.51]","[0.00875974,-0.00459793]","[1.28816,0.472405]",11268.3,-0.75619,1,"[110875]","[0.378316]","[-1.45075]","[119625]","[0.98458]","[0]","[0]","[-0.93172]",0,"[]","[]","[]","[]","[]","[]","[]","[]","[]","[]",1,"[304587]","[-0.310178]","[2.59382]","[319363]","[2003.37]","[0]","[24.6138]","[-1]",0,"[]","[]","[]","[]","[]","[]","[]","[]","[]","[]",0,"[2023.05,2524.48]",2110.86,"[3448.42]","[]","[4129.16]","[]"
308,284500,1127638,364118,-1,20.316,715162,1.26205,0.961213,1,1,1,0.999315,1.00632,1,1,0,0,2,"[1,1]","[1,1]","[258631,237440]","[0.107155,-0.911003]","[-2.46901,0.604613]","[260117,342974]","[0.1291,-0.017684]","[1,-1]","[11,11]","[1,1]","[0,0]","[509.064,648.436]","[0.00784427,-0.0199178]","[1.14866,1.99746]",11902.3,2.55904,2,"[46911,44701.8]","[0.248503,0.0615861]","[-0.63231,2.03727]","[48624.5,45400.9]","[0.998447,0.999705]","[0,0]","[0,0]","[-0.907542,-0.912226]",0,"[]","[]","[]","[]","[]","[]","[]","[]","[]","[]",2,"[277661,259800]","[0.106467,-0.916213]","[-2.47536,0.612583]","[279249,376696]","[2676.39,2344.98]","[0,0]","[21.6398,0]","[-1,-1]",0,"[]","[]","[]","[]","[]","[]","[]","[]","[]","[]",0,"[2453.41,4731.87]",329.81,"[2055.71,2246.52]","[]","[676.031,14361.1]","[]"
309,284500,214889,364118,-1,20.316,715162,0.696077,0.96972,1,1,1,0.973892,0.99544,1,1,0,0,1,"[1]","[1]","[193313]","[1.24874]","[2.9913]","[364667]","[-0.0199699]","[-1]","[11]","[1]","[0]","[-1249.96]","[-0.0188471]","[2.22455]",98532,2.26544,2,"[301382,34692.4]","[1.4081,1.94431]","[-0.551617,1.35249]","[652938,123858]","[0.27429,0.98757]","[0,4]","[0,0]","[-0.995566,-0.782534]",0,"[]","[]","[]","[]","[]","[]","[]","[]","[]","[]",1,"[323029]","[1.41211]","[-0.551553]","[702960]","[30321.3]","[0]","[0.665362]","[-1]",0,"[]","[]","[]","[]","[]","[]","[]","[]","[]","[]",0,"[2233.32]",13889.1,"[14047.8,2131.36]","[]","[1006.69]","[]"
310,284500,1124728,364118,-0.885109,20.316,715162,0.923924,0.979489,1,1,1,0.996664,0.99765,1,1,0,0,2,"[1,1]","[1,1]","[305571,249472]","[0.624648,-0.282127]","[-0.901193,2.37743]","[367149,259466]","[0.0121536,-0.0148716]","[1,-1]","[11,11]","[1,1]","[0,0]","[-1098.42,1167.49]","[-0.00444228,-0.00780968]","[0.624507,0.786323]",55009.5,-0.973693,4,"[35896.3,34306,29896.4,21566.5]","[-0.780059,-0.133867,1.79178,0.86882]","[1.17694,0.0541999,2.91972,2.0194]","[47716.8,35090.5,92256.7,30628.6]","[0.99468,0.999456,0.997631,0.956892]","[0,0,0,0]","[0,0,0,0]","[-0.935406,-0.438783,-0.822248,-0.677005]",0,"[]","[]","[]","[]","[]","[]","[]","[]","[]","[]",2,"[321144,309896]","[-0.265679,0.641522]","[2.45061,-0.909013]","[335035,375883]","[40778.5,339.727]","[0,0]","[0.175145,0]","[0.635217,-1]",0,"[]","[]","[]","[]","[]","[]","[]","[]","[]","[]",0,"[2585.05,1286.35]",709.066,"[3620.18,2862.32,1830.57,2938.94]","[]","[7353.72,15886.9]","[]"
311,284500,235612,364118,1.85889,20.316,715162,1.55465,1.00057,1,1,1,0.999608,1.00582,1,1,0,0,2,"[1,1]","[1,1]","[364437,279298]","[-0.281529,0.0104201]","[-1.5313,1.74283]","[378975,279313]","[0.0280333,0.0481606]","[-1,1]","[11,11]","[1,1]","[0,0]","[-1737.45,-421.819]","[0.0247456,-0.0315179]","[2.95123,3.72986]",32046.9,1.928,1,"[69516.7]","[0.641449]","[0.677948]","[85185.2]","[0.990418]","[0]","[0]","[-0.458015]",0,"[]","[]","[]","[]","[]","[]","[]","[]","[]","[]",2,"[370956,264475]","[-0.288594,0.0102915]","[-1.52781,1.73754]","[386511,264489]","[0.00601994,0.0062291]","[0,0]","[0,0]","[-1,-1]",0,"[]","[]","[]","[]","[]","[]","[]","[]","[]","[]",0,"[2231.98,1801.43]",58.2793,"[1918.59]","[]","[35336,1880.78]","[]"
312,284500,1587094,364118,0.53735,20.316,715162,0.696077,0.944603,1,1,1,0.99904,1.01012,1,1,0,0,2,"[1,1]","[1,1]","[269705,255248]","[1.86408,1.62844]","[0.719285,-2.85802]","[890701,675405]","[0.0799789,0.0270004]","[-1,1]","[11,11]","[1,1]","[0,0]","[-1950.42,-677.281]","[0.00399401,-0.00992181]","[0.410556,0.842233]",22046.4,-2.77236,1,"[105688]","[-0.0569437]","[-1.23517]","[106252]","[0.103404]","[0]","[0]","[-0.734016]",0,"[]","[]","[]","[]","[]","[]","[]","[]","[]","[]",2,"[293838,287032]","[1.84654,1.61088]","[0.720857,-2.86305]","[954336,747280]","[0.0110485,2773.33]","[0,0]","[0,22.7931]","[-1,-1]",0,"[]","[]","[]","[]","[]","[]","[]","[]","[]","[]",0,"[2119.77,4156.47]",12058.8,"[1902.28]","[]","[14603.3,6810.88]","[]"
313,284500,1115820,364118,-1,20.316,715162,1.26205,1.00057,1,1,1,0.959715,1.00936,1,1,0,0,2,"[1,1]","[1,1]","[245822,205365]","[0.080934,-0.5581]","[0.508743,-2.66574]","[246627,238187]","[-0.0469837,-0.0709496]","[1,-1]","[11,11]","[1,1]","[1847.76,0]","[3422.58,-313.596]","[-0.030994,0.00705799]","[3.06603,1.12283]",3650.71,0.827877,2,"[71620.2,22320.5]","[-0.943094,0.395076]","[-2.32736,1.18446]","[106456,24516.1]","[0.998132,0.998134]","[4,0]","[0,0]","[-0.847103,-0.869465]",0,"[]","[]","[]","[]","[]","[]","[]","[]","[]","[]",2,"[276009,265665]","[-0.675037,0.0676423]","[-2.59337,0.513928]","[345928,266359]","[56286.5,6775.43]","[0,0]","[0.850817,21.6388]","[0.653499,0.509874]",0,"[]","[]","[]","[]","[]","[]","[]","[]","[]","[]",0,"[2606.85,1055.28]",23353.4,"[2220.84,1662.97]","[]","[27982.7,0]","[]"
314,284500,1131600,364118,1,20.316,715162,0.738662,0.933823,1,1,1,0.997534,0.98683,1,1,0,0,2,"[1,1]","[1,0]","[70493.3,23529.1]","[-0.898948,0.317219]","[3.01039,0.677898]","[100947,24722.9]","[0.110458,-0.105988]","[1,-1]","[11,11]","[1,1]","[0,0]","[-728.203,-431.918]","[-0.0353645,0.00633116]","[2.68036,0.585828]",10052.3,0.587193,3,"[158329,146216,69363.6]","[-1.59953,2.06566,0.190682]","[-3.12915,0.0700409,-0.363569]","[408546,586426,71137.2]","[0.00434323,0.00228025,1]","[0,0,0]","[0,0,0]","[0.359911,-0.836277,-0.0526185]",0,"[]","[]","[]","[]","[]","[]","[]","[]","[]","[]",1,"[273756]","[-1.38577]","[3.10802]","[585131]","[65435.2]","[0]","[0.897538]","[0.417358]",0,"[]","[]","[]","[]","[]","[]","[]","[]","[]","[]",0,"[167.753,48.4467]",4173.99,"[3608.75,3229.09,2471.62]","[]","[9238.47]","[]"
315,284500,1605670,364118,1,20.316,715162,1.26459,0.97411,1,1,1,0.998243,1.00582,1,1,0,0,2,"[1,1]","[1,1]","[326815,312870]","[-0.258462,-0.424759]","[-0.0366341,2.89448]","[337792,341521]","[0.0778046,-0.0340691]","[-1,1]","[11,11]","[1,1]","[1404.3,8339.93]","[2008.85,-1809.2]","[0.0176338,-0.0175496]","[3.19804,2.61359]",14738.6,1.98547,2,"[93664.4,20504.3]","[0.0138099,0.119604]","[-1.63517,1.93799]","[94163.9,21219.2]","[0.991169,0.998586]","[0,0]","[0,0]","[-0.884287,-0.926229]",0,"[]","[]","[]","[]","[]","[]","[]","[]","[]","[]",2,"[344275,324952]","[-0.223267,-0.392702]","[-0.0389875,2.89333]","[352891,350331]","[0.00352105,0.00138107]","[0,0]","[0,0]","[-1,-1]",0,"[]","[]","[]","[]","[]","[]","[]","[]","[]","[]",0,"[2184.04,1952.84]",11146.4,"[1818.44,1131.75]","[]","[4530.12,7460.78]","[]"
316,284500,429516,364118,1,20.316,715162,1.1961,0.969317,1,1,1,0.979789,1.00632,1,1,0,0,2,"[1,1]","[1,1]","[231166,128588]","[0.513184,0.743186]","[-1.10899,1.97149]","[262279,165763]","[0.118935,0.0169525]","[-1,1]","[11,11]","[1,1]","[0,0]","[6650.21,-1583.81]","[0.077791,-0.00154441]","[4.48375,0.211275]",47920.4,2.38039,4,"[75347.6,35030.5,23652.6,20431]","[2.17407,-1.27745,-1.01571,2.09687]","[2.02972,0.7801,-2.86383,2.54189]","[335750,67969.5,37181.5,84507.1]","[0.994132,0.988313,1,0.999437]","[0,0,4,0]","[0,0,0,0]","[-0.722398,-0.715007,-0.784654,-0.55641]",0,"[]","[]","[]","[]","[]","[]","[]","[]","[]","[]",1,"[260610]","[0.48988]","[-1.10739]","[292574]","[6087.15]","[0]","[9.83636]","[0.312567]",0,"[]","[]","[]","[]","[]","[]","[]","[]","[]","[]",0,"[1302.17,631.536]",20417.9,"[6381.15,2556.08,2619.09,1424.22]","[]","[860.094]","[]"
317,284500,51377,364118,1,20.316,715162,0.696077,0.962332,1,1,1,0.999235,0.9918,1,1,0,0,2,"[0,0]","[1,1]","[100628,85968.7]","[-0.631135,-1.87349]","[-0.829733,-1.86836]","[121344,286471]","[0.00675869,0.0270014]","[1,-1]","[11,11]","[1,1]","[1100.76,0]","[-467.505,1193.92]","[0.00854127,0.0294352]","[1.16644,2.82501]",17158.8,-1.69384,1,"[111119]","[-1.75853]","[-0.530858]","[332226]","[0.994684]","[0]","[0]","[-0.900732]",0,"[]","[]","[]","[]","[]","[]","[]","[]","[]","[]",1,"[250466]","[-1.32561]","[2.11573]","[504707]","[0.00552427]","[0]","[0]","[-1]",0,"[]","[]","[]","[]","[]","[]","[]","[]","[]","[]",0,"[544.074,835.359]",1298.68,"[3204.21]","[]","[0]","[]"
318,284500,185149,364118,1.28476,20.316,715162,0.696077,0.97538,1,1,1,0.966367,1.01508,1,1,0,0,1,"[1]","[1]","[133347]","[-1.79535]","[1.40731]","[412553]","[0.0764885]","[1]","[11]","[1]","[0]","[-929.89]","[-0.034264]","[3.49978]",21989.3,1.32821,1,"[121224]","[0.577097]","[2.11625]","[142598]","[0.999629]","[4]","[0]","[-0.836407]",0,"[]","[]","[]","[]","[]","[]","[]","[]","[]","[]",1,"[252916]","[-1.5308]","[-1.41819]","[612016]","[15081.4]","[0]","[11.1123]","[-1]",0,"[]","[]","[]","[]","[]","[]","[]","[]","[]","[]",0,"[1286.87]",16492.3,"[1289.66]","[]","[9258.47]","[]"
319,284500,48638,364118,-0.401938,20.316,715162,0.553627,0.993444,1,1,1,0.981636,1.00936,1,1,0,0,2,"[1,1]","[1,1]","[256509,191612]","[0.0506729,0.332566]","[1.3396,-1.82327]","[256838,202306]","[0.0808182,0.0373459]","[-1,1]","[11,11]","[1,1]","[0,0]","[2234.42,-172.419]","[0.0250147,-0.030692]","[3.03274,4.35085]",13561.1,0.334661,3,"[56736.6,25519.9,22014.5]","[2.46945,1.97903,-0.359584]","[-2.24208,-1.83202,0.235212]","[337674,94160.1,24053.8]","[0.966585,0.975301,0.991188]","[0,0,4]","[0,0,0]","[-0.815708,-0.832324,-0.332217]",0,"[]","[]","[]","[]","[]","[]","[]","[]","[]","[]",1,"[260876]","[0.0135006]","[1.33831]","[260913]","[2613.1]","[0]","[0]","[-1]",0,"[]","[]","[]","[]","[]","[]","[]","[]","[]","[]",0,"[2324.71,1075.82]",11015.1,"[13072.6,2011.14,2127.36]","[]","[1983.06]","[]"
