event,runNumber,eventNumber,channelNumber,mcWeight,XSection,SumWeights,scaleFactor_PILEUP,scaleFactor_ELE,scaleFactor_MUON,scaleFactor_PHOTON,scaleFactor_TAU,scaleFactor_BTAG,scaleFactor_LepTRIGGER,scaleFactor_PhotonTRIGGER,trigE,trigM,trigP,lep_n,lep_truthMatched,lep_trigMatched,lep_pt,lep_eta,lep_phi,lep_E,lep_z0,lep_charge,lep_type,lep_isTightID,lep_ptcone30,lep_etcone20,lep_trackd0pvunbiased,lep_tracksigd0pvunbiased,met_et,met_phi,jet_n,jet_pt,jet_eta,jet_phi,jet_E,jet_jvt,jet_trueflav,jet_truthMatched,jet_MV2c10,photon_n,photon_truthMatched,photon_trigMatched,photon_pt,photon_eta,photon_phi,photon_E,photon_isTightID,photon_ptcone30,photon_etcone20,photon_convType,largeRjet_n,largeRjet_pt,largeRjet_eta,largeRjet_phi,largeRjet_E,largeRjet_m,largeRjet_truthMatched,largeRjet_D2,largeRjet_tau32,tau_n,tau_pt,tau_eta,tau_phi,tau_E,tau_charge,tau_isTightID,tau_truthMatched,tau_trigMatched,tau_nTracks,tau_BDTid,ditau_m,lep_pt_syst,met_et_syst,jet_pt_syst,photon_pt_syst,largeRjet_pt_syst,tau_pt_syst
0,284500,466,364116,1,127.086,4.05305e+06,0.553627,0.932842,1,1,1,1.01598,1.01508,1,1,0,0,2,"[1,1]","[1,1]","[242630,213127]","[-1.7233,-2.12386]","[2.63039,-0.4725]","[701378,903972]","[0.0266018,-0.00507975]","[-1,1]","[11,11]","[1,1]","[1700.63,0]","[-1074.81,-2636.57]","[-0.00817786,0.00163188]","[1.16189,0.191539]",15148.4,2.76487,3,"[26532.8,20827,20004.8]","[-0.979463,-1.01127,-0.540239]","[-0.386558,-1.7742,0.0445093]","[40876,32581.7,23383.6]","[0.992318,0.939865,0.911742]","[5,0,0]","[0,0,0]","[0.897678,-0.840389,0.0699184]",0,"[]","[]","[]","[]","[]","[]","[]","[]","[]","[]",1,"[255976]","[-1.72484]","[2.62588]","[741028]","[-0.0078125]","[0]","[0]","[-1]",0,"[]","[]","[]","[]","[]","[]","[]","[]","[]","[]",0,"[3474.76,2733.83]",1922.45,"[1319.38,2292.53,1207.72]","[]","[11549.5]","[]"
1,284500,455668,364116,1,127.086,4.05305e+06,1.32095,0.944603,1,1,1,0.999379,1.01265,1,1,0,0,2,"[1,0]","[1,1]","[259328,257890]","[1.82614,1.75842]","[0.083516,3.03155]","[826079,770522]","[-0.0163202,-0.00163364]","[1,1]","[11,11]","[1,1]","[0,1172.03]","[141.535,104.388]","[0.0048468,-0.0398217]","[0.543491,3.58731]",51506.7,-3.11962,1,"[30679.2]","[1.06261]","[-0.832973]","[49953.2]","[0.984923]","[0]","[0]","[-0.596496]",0,"[]","[]","[]","[]","[]","[]","[]","[]","[]","[]",2,"[283769,280128]","[1.75346,1.82364]","[3.02852,0.0763294]","[843890,890220]","[0.0110485,-0.0110485]","[0,0]","[0,0]","[-1,-1]",0,"[]","[]","[]","[]","[]","[]","[]","[]","[]","[]",0,"[1996.46,4965.02]",5924.16,"[2310.34]","[]","[17731,2591.25]","[]"
2,284500,1022723,364116,1,127.086,4.05305e+06,1.21412,0.904954,1,1,1,0.999503,0.97155,1,1,0,0,2,"[0,1]","[1,1]","[397691,332222]","[2.3842,1.6307]","[-2.22783,0.909133]","[2.17588e+06,880923]","[-0.233807,-0.0297012]","[1,1]","[11,11]","[1,1]","[0,0]","[2198.52,-2484.01]","[-0.0303777,0.0110005]","[1.98854,1.40815]",29500,1.63767,1,"[36695.9]","[0.0859527]","[0.50879]","[37262.9]","[0.988142]","[0]","[0]","[-0.818455]",0,"[]","[]","[]","[]","[]","[]","[]","[]","[]","[]",1,"[372335]","[1.62609]","[0.91342]","[983098]","[4579.67]","[0]","[0]","[-1]",0,"[]","[]","[]","[]","[]","[]","[]","[]","[]","[]",0,"[5772.23,6503.72]",1603.43,"[2508.87]","[]","[10939.6]","[]"
3,284500,454289,364116,-1,127.086,4.05305e+06,1.55465,0.972512,1,1,1,1.01268,1.00632,1,1,0,0,2,"[1,1]","[1,1]","[372966,353688]","[0.695236,0.598873]","[0.881962,-2.31184]","[466793,419032]","[0.0409927,-0.032486]","[-1,1]","[11,11]","[1,1]","[0,0]","[679.144,-754.582]","[-0.0201384,0.0113904]","[3.46392,1.46646]",7891.98,-2.20507,1,"[25740.5]","[-1.11513]","[-1.13185]","[43768.7]","[0.859707]","[5]","[0]","[0.958118]",0,"[]","[]","[]","[]","[]","[]","[]","[]","[]","[]",2,"[405281,376360]","[0.652741,0.556911]","[0.881716,-2.31326]","[494730,436248]","[0.00552427,-0.00390625]","[0,0]","[0,0]","[-1,-1]",0,"[]","[]","[]","[]","[]","[]","[]","[]","[]","[]",0,"[3679.57,2242.89]",1904.72,"[3377.72]","[]","[21706.8,6429.19]","[]"
4,284500,500002,364116,-0.272637,127.086,4.05305e+06,1.32095,0.955929,1,1,1,0.998282,1.00493,1,1,0,0,2,"[1,1]","[1,1]","[513862,463751]","[-1.23748,0.746192]","[-3.07415,0.0938824]","[960161,598962]","[-0.0124893,-0.0642471]","[-1,1]","[11,11]","[1,1]","[1838.57,0]","[2743.97,-1328.22]","[-0.00312585,0.00256666]","[0.498421,0.490885]",22712.9,-2.69478,2,"[46299.7,26661.4]","[1.66969,-0.590995]","[-0.0747592,0.0373884]","[127521,31921.6]","[1,0.890767]","[0,0]","[0,0]","[-0.902317,-0.81824]",0,"[]","[]","[]","[]","[]","[]","[]","[]","[]","[]",2,"[538674,494287]","[-1.27522,0.70272]","[-3.07503,0.0906196]","[1.03934e+06,621440]","[2129.4,2201.45]","[0,0]","[0,0]","[-1,-1]",0,"[]","[]","[]","[]","[]","[]","[]","[]","[]","[]",0,"[8065.91,3452.99]",4067.35,"[5507.1,1773.26]","[]","[8139.19,5297.75]","[]"
5,284500,530314,364116,-1,127.086,4.05305e+06,0.619412,0.94272,1,1,1,1.02508,0.93175,1,1,0,0,1,"[1]","[1]","[36661.4]","[1.15652]","[0.846128]","[64036.7]","[0.000835419]","[1]","[11]","[1]","[0]","[599.067]","[-0.0240434]","[1.78422]",32781.1,-0.743022,3,"[342293,314195,37420.3]","[1.91062,1.82142,-0.388011]","[2.61631,-0.519808,-2.1644]","[1.18197e+06,996451,40573.7]","[0.99783,0.995809,0.994548]","[5,0,0]","[0,0,0]","[-0.751183,-0.714024,-0.821143]",0,"[]","[]","[]","[]","[]","[]","[]","[]","[]","[]",2,"[330347,323286]","[1.90327,1.82051]","[2.6181,-0.517907]","[1.13266e+06,1.0244e+06]","[14554.7,12613.4]","[0,0]","[3.91434,5.57175]","[0.49146,0.730005]",0,"[]","[]","[]","[]","[]","[]","[]","[]","[]","[]",0,"[39.6379]",14846.1,"[15972.3,4628.37,4003.48]","[]","[17147.7,14057]","[]"
6,284500,552736,364116,1,127.086,4.05305e+06,1.32095,0.944823,1,1,1,0.978982,0.99866,1,1,0,0,2,"[1,1]","[1,1]","[257820,237260]","[-1.34201,-1.05688]","[1.28866,-1.83409]","[526988,382571]","[0.0200462,0.0294762]","[1,-1]","[11,11]","[1,1]","[0,0]","[1334.28,1058.07]","[0.024895,-0.022937]","[3.80972,1.86006]",5258.51,-2.76252,2,"[31202.9,27352.9]","[2.0603,0.352051]","[1.04893,-2.23656]","[124484,29265.7]","[0.978782,0.990616]","[0,4]","[0,0]","[0.0050849,-0.713725]",0,"[]","[]","[]","[]","[]","[]","[]","[]","[]","[]",2,"[289554,296738]","[-0.964526,-1.34252]","[-1.84689,1.29005]","[443607,606810]","[86898.9,-0.0110485]","[0,0]","[0.25394,0]","[0.386668,-1]",0,"[]","[]","[]","[]","[]","[]","[]","[]","[]","[]",0,"[3387.65,3133.64]",56.0708,"[4922,4293.97]","[]","[2995.66,2814.16]","[]"
7,284500,510525,364116,1,127.086,4.05305e+06,1.32095,0.9666,1,1,1,1.02716,0.95498,1,1,0,0,2,"[1,1]","[1,1]","[56870.7,30602.3]","[-0.691881,-1.71208]","[-1.84043,0.731839]","[71034.4,87537.8]","[-0.0252113,-0.0654373]","[-1,1]","[11,11]","[1,0]","[0,0]","[-335.234,587.898]","[0.00396279,0.00987371]","[0.225462,0.580594]",65205.7,-0.534662,3,"[431117,355733,25753.7]","[-0.986566,1.0816,-2.36634]","[2.31231,-0.828756,2.15276]","[659082,585472,138500]","[0.994666,0.967364,0.990471]","[0,5,5]","[0,0,0]","[-0.719764,-0.796042,0.721919]",0,"[]","[]","[]","[]","[]","[]","[]","[]","[]","[]",2,"[423799,392092]","[-0.997204,1.06839]","[2.30516,-0.824865]","[652949,638446]","[22360,24328.8]","[0,0]","[2.5485,2.71771]","[0.678278,0.755409]",0,"[]","[]","[]","[]","[]","[]","[]","[]","[]","[]",0,"[189.644,182.739]",4575.29,"[9937.87,16719.7,3478.7]","[]","[30311.8,42776.2]","[]"
8,284500,535645,364116,1,127.086,4.05305e+06,1.32095,0.98178,1,1,1,1.05662,0.99604,1,1,0,0,1,"[1]","[1]","[88320.8]","[-2.04057]","[-1.64673]","[345554]","[-0.185982]","[-1]","[11]","[1]","[0]","[-290.208]","[0.018315]","[1.67038]",64438,0.4212,3,"[565743,58648.4,42863.6]","[-0.0592955,-1.13029,-1.51399]","[-2.39276,1.23153,2.08098]","[567702,100384,102323]","[0.994222,0.990496,0.986902]","[5,5,0]","[0,0,0]","[0.561196,0.999338,-0.869942]",0,"[]","[]","[]","[]","[]","[]","[]","[]","[]","[]",2,"[528645,526935]","[-0.112028,0.418456]","[-2.38551,0.758426]","[532653,573905]","[27048.2,13469.3]","[0,0]","[1.97971,0]","[0.0377982,-1]",0,"[]","[]","[]","[]","[]","[]","[]","[]","[]","[]",0,"[623.551]",19731.6,"[8506,2301.76,2338.87]","[]","[28689.3,31389.2]","[]"
9,284500,538099,364116,1,127.086,4.05305e+06,1.22586,0.901212,1,1,1,1.0027,0.9995,1,1,0,0,2,"[1,1]","[1,1]","[63159.7,32942.6]","[2.07847,1.31122]","[2.30675,-1.28142]","[256344,65558.7]","[-0.0106049,0.0624847]","[1,-1]","[11,11]","[1,1]","[0,0]","[261.03,-237.865]","[-0.012283,0.00788348]","[1.04381,0.622215]",116872,-0.230622,2,"[722787,644240]","[0.479019,0.476844]","[2.97443,-0.169361]","[807720,719162]","[0.991734,1]","[0,5]","[0,0]","[-0.964666,0.450466]",0,"[]","[]","[]","[]","[]","[]","[]","[]","[]","[]",2,"[719472,648139]","[0.443561,0.447816]","[2.975,-0.169615]","[791857,714288]","[26412.6,9818.66]","[0,0]","[6.09917,66.4427]","[0.40047,0.366577]",0,"[]","[]","[]","[]","[]","[]","[]","[]","[]","[]",0,"[338.798,68.5644]",12053.6,"[9533.54,12672.5]","[]","[24529.4,32753.4]","[]"
10,284500,553621,364116,1,127.086,4.05305e+06,1.25133,0.9549,1,1,1,0.996299,1.01807,1,1,0,0,1,"[1]","[1]","[43920]","[-2.10845]","[-0.760616]","[183517]","[-7.56724]","[1]","[11]","[1]","[0]","[437.004]","[0.0292467]","[1.5903]",30440.7,2.78681,4,"[238109,226492,148908,22873.9]","[-1.02869,-1.88738,-0.662914,0.00267018]","[1.66672,-2.04141,0.164496,-2.41657]","[377681,764890,183483,23066.6]","[0.987984,0.99333,1,0.984992]","[0,0,0,0]","[0,0,0,0]","[-0.92628,-0.895957,-0.898195,-0.863753]",0,"[]","[]","[]","[]","[]","[]","[]","[]","[]","[]",1,"[259227]","[-1.06696]","[1.67176]","[423574]","[43633.6]","[0]","[1.68548]","[0.706097]",0,"[]","[]","[]","[]","[]","[]","[]","[]","[]","[]",0,"[392.286]",11020.1,"[4407.18,6336.53,9352.24,4050.36]","[]","[6218.33]","[]"
11,284500,711113,364116,1,127.086,4.05305e+06,0.351687,0.96392,1,1,1,0.999662,1.01012,1,1,0,0,1,"[1]","[1]","[153998]","[1.99162]","[3.04414]","[574708]","[-0.123737]","[-1]","[11]","[1]","[0]","[1828.52]","[0.00331693]","[0.393211]",99433.7,3.0661,1,"[270171]","[0.909168]","[-0.102468]","[389822]","[0.989416]","[0]","[0]","[-0.929778]",0,"[]","[]","[]","[]","[]","[]","[]","[]","[]","[]",1,"[256409]","[0.915443]","[-0.0998146]","[371598]","[4948.81]","[0]","[56.9365]","[-1]",0,"[]","[]","[]","[]","[]","[]","[]","[]","[]","[]",0,"[3882.7]",9906.79,"[10505.6]","[]","[0]","[]"
12,284500,709193,364116,1,127.086,4.05305e+06,1.08735,0.94602,1,1,1,1.02962,0.99806,1,1,0,0,1,"[1]","[1]","[38529.1]","[-1.75561]","[-0.0730452]","[114813]","[0.0401459]","[-1]","[11]","[1]","[0]","[-388.944]","[0.0255797]","[1.0179]",56504.9,-0.00734647,2,"[417973,382526]","[-0.666141,0.510098]","[-2.99188,0.152132]","[514349,433887]","[0.99989,0.988011]","[0,5]","[0,0]","[0.444949,-0.0554956]",0,"[]","[]","[]","[]","[]","[]","[]","[]","[]","[]",2,"[441800,373025]","[-0.623937,0.551796]","[-2.98888,0.153743]","[530677,431635]","[7603.4,17734.2]","[0,0]","[71.8231,4.01838]","[-1,0.441709]",0,"[]","[]","[]","[]","[]","[]","[]","[]","[]","[]",0,"[166.615]",3783.7,"[8580.21,4222.87]","[]","[23504.8,9916]","[]"
13,284500,714864,364116,1,127.086,4.05305e+06,1.1961,0.92525,1,1,1,0.977964,0.94691,1,1,0,0,1,"[1]","[1]","[52132]","[-2.44085]","[0.0203325]","[301580]","[0.265732]","[1]","[11]","[1]","[0]","[1509.65]","[-0.00877052]","[0.603611]",9262.35,1.93777,3,"[350689,343486,38623.2]","[-0.820729,0.786416,-1.42622]","[1.52669,-1.61289,-3.09766]","[475953,455447,85173.2]","[0.99918,0.945237,0.998602]","[5,0,0]","[0,0,0]","[0.997407,-0.744498,-0.765149]",0,"[]","[]","[]","[]","[]","[]","[]","[]","[]","[]",2,"[366985,359284]","[0.739401,-0.817254]","[-1.6154,1.53039]","[472045,492652]","[9085.48,80102.9]","[0,0]","[9.45736,2.72365]","[0.220907,0.625151]",0,"[]","[]","[]","[]","[]","[]","[]","[]","[]","[]",0,"[509.273]",21350.8,"[7744.95,9749.16,2818.94]","[]","[25028.8,19380.8]","[]"
14,284500,712938,364116,1.14914,127.086,4.05305e+06,0.923924,0.979183,1,1,1,1,0.9918,1,1,0,0,2,"[1,1]","[1,1]","[263639,240940]","[-0.691153,-0.416774]","[-2.56417,0.656853]","[329155,262170]","[-0.00765228,0.0664558]","[-1,1]","[11,11]","[1,1]","[0,5670.7]","[-636.177,-125.751]","[-0.00453991,-0.00187171]","[0.671569,0.269604]",17472.4,0.288587,0,"[]","[]","[]","[]","[]","[]","[]","[]",0,"[]","[]","[]","[]","[]","[]","[]","[]","[]","[]",1,"[272241]","[-0.716783]","[-2.56697]","[345225]","[1403.08]","[0]","[0]","[-1]",0,"[]","[]","[]","[]","[]","[]","[]","[]","[]","[]",0,"[1629.9,2783.85]",0,"[]","[]","[0]","[]"
15,284500,41643,364116,0.392323,127.086,4.05305e+06,1.25133,0.992773,1,1,1,0.998156,1.00582,1,1,0,0,2,"[1,1]","[1,1]","[425994,416721]","[0.852213,-0.482882]","[-1.85705,1.3301]","[590278,466257]","[0.0427513,-0.00375557]","[1,-1]","[11,11]","[1,1]","[0,0]","[-2206.19,1854.09]","[-0.0152102,0.0208169]","[2.04664,2.17508]",22972.5,-0.649753,1,"[23714.7]","[2.24063]","[1.4859]","[112766]","[0.99]","[0]","[0]","[-0.922712]",0,"[]","[]","[]","[]","[]","[]","[]","[]","[]","[]",2,"[434147,433864]","[-0.469492,0.866236]","[1.33136,-1.85349]","[482894,607081]","[3607.48,1561.44]","[0,0]","[11.563,0]","[-1,-1]",0,"[]","[]","[]","[]","[]","[]","[]","[]","[]","[]",0,"[5389.55,2540.36]",634.254,"[2092.78]","[]","[38154.6,17098]","[]"
16,284500,62164,364116,1,127.086,4.05305e+06,1.25133,0.98089,1,1,1,1,1,1,1,0,0,1,"[1]","[1]","[324615]","[-1.09019]","[-3.1275]","[537400]","[-0.0445328]","[1]","[11]","[0]","[0]","[-2597.86]","[-0.0803981]","[4.38218]",53958.4,3.0443,0,"[]","[]","[]","[]","[]","[]","[]","[]",0,"[]","[]","[]","[]","[]","[]","[]","[]","[]","[]",1,"[356203]","[-1.08207]","[-3.128]","[585909]","[4080.01]","[0]","[0]","[-1]",0,"[]","[]","[]","[]","[]","[]","[]","[]","[]","[]",0,"[4134.35]",1974.35,"[]","[]","[534.844]","[]"
17,284500,817242,364116,1,127.086,4.05305e+06,1.22586,0.963516,1,1,1,1,0.99765,1,1,0,0,3,"[1,1,0]","[1,1,0]","[314723,249014,60758.7]","[0.620959,0.829213,-1.25024]","[1.59421,-1.4884,-1.836]","[377375,339644,114761]","[-0.0280255,-0.0348718,0.0790435]","[1,-1,-1]","[11,11,11]","[1,1,1]","[0,1022.34,0]","[-888.725,-845.398,-1084.43]","[0.00677329,-0.0200049,-0.0177515]","[0.725004,2.32658,1.25634]",12172.7,-2.10409,0,"[]","[]","[]","[]","[]","[]","[]","[]",0,"[]","[]","[]","[]","[]","[]","[]","[]","[]","[]",2,"[326138,263634]","[0.624231,0.836891]","[1.59786,-1.49093]","[391771,361472]","[-0.00478416,0]","[0,0]","[0,0]","[-1,-1]",0,"[]","[]","[]","[]","[]","[]","[]","[]","[]","[]",0,"[3570.81,2405.94,356.05]",0,"[]","[]","[18960.2,3662.02]","[]"
18,284500,264593,364116,1,127.086,4.05305e+06,0,0.972918,1,1,1,0.988743,0.99604,1,1,0,0,2,"[1,1]","[1,0]","[337375,14301.2]","[-2.10244,-1.79901]","[0.750559,3.01024]","[1.4015e+06,44398.9]","[-0.0196252,0.0364151]","[-1,1]","[11,11]","[1,1]","[2415.71,0]","[3833.9,1197.26]","[0.009836,-0.083109]","[0.752594,2.7244]",54133.7,0.658982,1,"[25372.4]","[0.291059]","[-1.753]","[26999.9]","[0.981329]","[5]","[0]","[-0.202437]",0,"[]","[]","[]","[]","[]","[]","[]","[]","[]","[]",1,"[309728]","[-0.863246]","[-2.50201]","[440709]","[84770.8]","[0]","[128.991]","[-1]",0,"[]","[]","[]","[]","[]","[]","[]","[]","[]","[]",0,"[4463.35,82.9076]",8426.31,"[5010.75]","[]","[4043.16]","[]"
19,284500,1057574,364116,-1,127.086,4.05305e+06,1.25133,0.979489,1,1,1,1,0.99765,1,1,0,0,2,"[1,0]","[1,1]","[304139,285444]","[0.742997,-0.119141]","[-0.818388,2.33338]","[392022,287473]","[-0.00951385,-0.0503387]","[-1,-1]","[11,11]","[1,1]","[0,1055.03]","[1392.5,222.356]","[0.00220567,0.0247228]","[0.304531,2.83723]",23827.6,2.18788,0,"[]","[]","[]","[]","[]","[]","[]","[]",0,"[]","[]","[]","[]","[]","[]","[]","[]","[]","[]",2,"[332084,298518]","[0.690618,-0.194594]","[-0.819237,2.32851]","[414514,304189]","[5551.61,786.038]","[0,0]","[33.7146,0]","[0.381958,-1]",0,"[]","[]","[]","[]","[]","[]","[]","[]","[]","[]",0,"[3390.71,1560.52]",0,"[]","[]","[11654.6,3675.88]","[]"
20,284500,1041594,364116,1.59248,127.086,4.05305e+06,0.553627,0.96323,1,1,1,0.997803,1.00493,1,1,0,0,1,"[1]","[1]","[223160]","[-1.23854]","[1.96003]","[417352]","[-0.272469]","[1]","[11]","[1]","[0]","[-155.718]","[-0.012715]","[1.2165]",17029,0.268699,2,"[221489,23645.3]","[-1.46779,-0.478385]","[-1.33535,-0.279161]","[506235,27134.5]","[0.985463,0.9993]","[0,5]","[0,0]","[-0.877817,0.999619]",0,"[]","[]","[]","[]","[]","[]","[]","[]","[]","[]",1,"[256976]","[-1.42916]","[-1.40264]","[568207]","[33189.2]","[0]","[1.52968]","[0.655816]",0,"[]","[]","[]","[]","[]","[]","[]","[]","[]","[]",0,"[2667.75]",3191.53,"[8607.05,2742.32]","[]","[0]","[]"
21,284500,1053195,364116,-1,127.086,4.05305e+06,0.923924,0.96972,1,1,1,0.949341,0.99544,1,1,0,0,1,"[1]","[1]","[209229]","[1.27784]","[-0.701279]","[404599]","[0.0636044]","[-1]","[11]","[1]","[0]","[-223.427]","[-0.00486644]","[0.407397]",41483.2,-1.21046,2,"[281504,29191.6]","[1.38503,0.613479]","[2.27966,-2.2131]","[597576,35340.6]","[0.965207,0.990299]","[0,5]","[0,0]","[-0.975449,0.0403267]",0,"[]","[]","[]","[]","[]","[]","[]","[]","[]","[]",1,"[256271]","[1.38363]","[2.28108]","[543298]","[0.00552427]","[0]","[0]","[-1]",0,"[]","[]","[]","[]","[]","[]","[]","[]","[]","[]",0,"[2434.51]",6596.18,"[10621.6,1626.81]","[]","[3631.72]","[]"
22,284500,888603,364116,-1,127.086,4.05305e+06,1.21412,0.905324,1,1,1,0.997561,0.99216,1,1,0,0,2,"[1,1]","[1,1]","[38351,32006.1]","[-0.255589,1.20782]","[-0.389129,2.06591]","[39610.5,58331.7]","[55.752,55.8292]","[1,-1]","[11,11]","[1,1]","[2040.7,1152.79]","[4250.61,-976.504]","[0.00355485,-0.00294815]","[0.343623,0.184875]",63991.9,-2.18231,3,"[237536,165900,29604.4]","[1.0996,-0.371562,-0.477558]","[1.42685,-1.72973,-0.985664]","[397141,177900,33724.5]","[0.997871,0.994576,0.981583]","[0,0,0]","[0,0,0]","[-0.800032,-0.409804,-0.326632]",0,"[]","[]","[]","[]","[]","[]","[]","[]","[]","[]",1,"[277731]","[1.14639]","[1.50881]","[482629]","[38211.4]","[0]","[1.63681]","[0.748747]",0,"[]","[]","[]","[]","[]","[]","[]","[]","[]","[]",0,"[14.5594,143.285]",1989.59,"[3070.94,3707.91,2608.95]","[]","[20376.7]","[]"
23,284500,1229751,364116,-0.144357,127.086,4.05305e+06,1.26459,0.904699,1,1,1,1.00598,0.99121,1,1,0,0,2,"[1,1]","[1,0]","[44149,23184.3]","[0.33214,-1.59447]","[2.02284,-1.66718]","[46606.7,59452.9]","[-0.00107574,-0.0132828]","[1,-1]","[11,11]","[1,1]","[0,0]","[-79.8281,1375.9]","[-0.0165445,-0.0417634]","[1.10133,1.98192]",36281.7,2.65224,2,"[541296,483905]","[0.382751,1.16943]","[-0.617821,2.52263]","[581806,854938]","[0.998707,1]","[5,0]","[0,0]","[0.0997673,-0.806269]",0,"[]","[]","[]","[]","[]","[]","[]","[]","[]","[]",2,"[553878,540412]","[0.350429,1.08771]","[-0.619714,2.48126]","[588289,906588]","[7886.09,157049]","[0,0]","[6.38791,1.5123]","[0.179613,0.568642]",0,"[]","[]","[]","[]","[]","[]","[]","[]","[]","[]",0,"[261.144,509.639]",15776.3,"[6471.34,7768.5]","[]","[2356.56,31662.1]","[]"
24,284500,1473410,364116,-1,127.086,4.05305e+06,1.26459,0.905028,1,1,1,0.976784,0.96294,1,1,0,0,2,"[1,1]","[1,0]","[32872,9523.52]","[-0.716599,2.04342]","[-0.401251,2.16231]","[41679.5,37363.3]","[0.0480423,-0.138123]","[1,-1]","[11,11]","[1,0]","[0,1727.29]","[-225.087,1036.65]","[-0.0021948,0.150593]","[0.219292,1.66387]",27543.4,2.87966,2,"[283927,277661]","[-1.0823,-0.607964]","[-1.94706,1.16785]","[467502,330834]","[0.98076,0.993256]","[5,0]","[0,0]","[0.969068,-0.942118]",0,"[]","[]","[]","[]","[]","[]","[]","[]","[]","[]",2,"[276225,271529]","[-0.615548,-1.09475]","[1.16936,-1.95284]","[330349,451413]","[8918.55,15312.3]","[0,0]","[3.48491,4.34729]","[0.28641,0.378853]",0,"[]","[]","[]","[]","[]","[]","[]","[]","[]","[]",0,"[98.8575,79.1004]",321.766,"[3059.87,8725.39]","[]","[10690.9,6620.03]","[]"
25,284500,1750671,364116,1,127.086,4.05305e+06,1.26205,0.96422,1,1,1,0.998077,0.98743,1,1,0,0,2,"[1,1]","[1,1]","[266109,255473]","[-0.0291832,-0.520741]","[3.01316,-0.305455]","[266223,290902]","[-0.0394726,-0.0202579]","[1,-1]","[11,11]","[1,1]","[0,0]","[-346.41,1914.19]","[-0.00894473,0.0120526]","[1.4529,1.56965]",25409,0.270566,1,"[26796]","[-1.51754]","[1.93069]","[64374.1]","[0.984811]","[0]","[0]","[-0.799153]",0,"[]","[]","[]","[]","[]","[]","[]","[]","[]","[]",2,"[277720,268936]","[-0.0182898,-0.517285]","[3.00965,-0.308905]","[277766,305729]","[0.0034076,1125.31]","[0,0]","[0,0]","[-1,-1]",0,"[]","[]","[]","[]","[]","[]","[]","[]","[]","[]",0,"[3975.06,2767.59]",173.949,"[2300.88]","[]","[3966.25,8637.2]","[]"
26,284500,1743065,364116,0.475328,127.086,4.05305e+06,0.738662,0.972512,1,1,1,1.28642,0.99765,1,1,0,0,2,"[1,1]","[1,1]","[257199,242502]","[0.645289,0.139756]","[-2.59595,0.493791]","[312632,244874]","[-0.00799179,0.116282]","[-1,1]","[11,11]","[1,1]","[0,1292.69]","[-643.834,2079.53]","[-0.0110154,0.0284387]","[2.14283,2.87264]",10423.3,2.67385,2,"[28045.2,25786.8]","[-0.187779,-2.0295]","[0.134495,1.22159]","[28995,99977.4]","[0.995481,0.979284]","[0,4]","[0,0]","[-0.916917,0.926512]",0,"[]","[]","[]","[]","[]","[]","[]","[]","[]","[]",2,"[276595,270254]","[0.123335,0.649201]","[0.461634,-2.59477]","[280901,329236]","[35083.5,1358.67]","[0,0]","[1.42443,186.286]","[0.635975,-1]",0,"[]","[]","[]","[]","[]","[]","[]","[]","[]","[]",0,"[3262.36,1465.54]",3107.86,"[2086.94,2858.91]","[]","[14291.8,16723.7]","[]"
27,284500,1792358,364116,1,127.086,4.05305e+06,1.22586,0.97994,1,1,1,0.9996,1.00632,1,1,0,0,1,"[1]","[1]","[292447]","[0.323055]","[-0.767751]","[307841]","[-0.0123978]","[-1]","[11]","[1]","[0]","[1574.38]","[0.00486287]","[0.80106]",65821,-0.597355,1,"[347376]","[-0.144127]","[2.38497]","[351172]","[0.997822]","[0]","[0]","[-0.896423]",0,"[]","[]","[]","[]","[]","[]","[]","[]","[]","[]",2,"[330335,308436]","[-0.113628,0.359422]","[2.38341,-0.763634]","[332494,328576]","[4034.24,1249.32]","[0,0]","[21.9283,0]","[0.585002,-1]",0,"[]","[]","[]","[]","[]","[]","[]","[]","[]","[]",0,"[1562.47]",11400.7,"[7839.09]","[]","[2323.81,7628.41]","[]"
28,284500,1808746,364116,1,127.086,4.05305e+06,0.351687,0.97097,1,1,1,0.996789,0.99468,1,1,0,0,1,"[1]","[1]","[37896.8]","[0.538735]","[1.83994]","[43530.6]","[-109.052]","[-1]","[11]","[1]","[0]","[489.458]","[0.028718]","[2.54486]",14854.8,-2.50749,4,"[235115,164319,123619,72384.9]","[-0.840399,0.838329,2.07521,1.48881]","[-2.72042,1.16141,-0.385909,-0.655344]","[323512,226016,500827,168858]","[1,1,0.999112,0.0218556]","[0,0,0,0]","[0,0,0,0]","[-0.739388,-0.739146,-0.689159,-0.879309]",0,"[]","[]","[]","[]","[]","[]","[]","[]","[]","[]",1,"[255802]","[-0.806935]","[-2.70047]","[345121]","[31264.9]","[0]","[2.67682]","[0.743662]",0,"[]","[]","[]","[]","[]","[]","[]","[]","[]","[]",0,"[98.1188]",31283.9,"[7753.27,6996.07,9961.19,5907.87]","[]","[11548.7]","[]"
29,284500,1856031,364116,1,127.086,4.05305e+06,1.22586,0.960302,1,1,1,1,1.00632,1,1,0,0,2,"[1,1]","[1,1]","[247183,246487]","[1.74494,0.0563415]","[1.13427,-1.94208]","[729214,246879]","[-0.00964355,0.0485458]","[-1,1]","[11,11]","[1,1]","[0,0]","[1924.68,134.358]","[-0.0155033,0.0180453]","[1.39797,1.49008]",15109.5,2.73267,0,"[]","[]","[]","[]","[]","[]","[]","[]",0,"[]","[]","[]","[]","[]","[]","[]","[]","[]","[]",2,"[254017,257114]","[0.113854,1.76951]","[-1.93737,1.1358]","[255665,776292]","[0.00300997,4719.41]","[0,0]","[0,17.7046]","[-1,-1]",0,"[]","[]","[]","[]","[]","[]","[]","[]","[]","[]",0,"[4603.52,1354.48]",17664.9,"[]","[]","[2618.47,0]","[]"
30,284500,1922868,364116,1.16401,127.086,4.05305e+06,1.26205,0.907996,1,1,1,0.99856,1.02819,1,1,0,0,2,"[1,1]","[1,1]","[46162.8,27594.8]","[2.03214,0.653612]","[2.20127,-0.83322]","[179145,33702]","[-43.8855,-43.8482]","[1,-1]","[11,11]","[1,0]","[0,0]","[283.14,1237.51]","[-0.022297,0.0844349]","[0.608686,2.66326]",33710.3,-2.49007,3,"[318671,267135,40584.5]","[-0.694351,1.97784,0.86535]","[-2.99863,0.29378,-0.330041]","[398769,984468,56974.2]","[0.979499,0.994076,0.735919]","[0,0,0]","[0,0,0]","[-0.782138,-0.778206,-0.858309]",0,"[]","[]","[]","[]","[]","[]","[]","[]","[]","[]",1,"[319970]","[-0.69812]","[-2.99681]","[401278]","[9686.02]","[0]","[3.54757]","[0.421142]",0,"[]","[]","[]","[]","[]","[]","[]","[]","[]","[]",0,"[82.7538,163.044]",1890.36,"[13635.9,11653.9,3311.88]","[]","[4597.34]","[]"
31,284500,1863990,364116,1,127.086,4.05305e+06,0.923924,0.937805,1,1,1,1.51235,0.98736,1,1,0,0,2,"[1,1]","[1,1]","[41133.3,40127.4]","[0.588234,1.69911]","[2.43297,-0.739943]","[48457.3,113399]","[-169.642,-169.714]","[1,-1]","[11,11]","[1,1]","[0,0]","[674.902,-585.504]","[0.0185525,-0.0137126]","[1.47916,0.635579]",96634.8,1.97261,5,"[189341,156890,153849,98768.6,24003.2]","[-0.0278449,-2.18134,-0.734104,-0.841504,0.873269]","[-3.02912,0.0464772,0.38601,-2.53227,-1.94438]","[190158,704099,197956,136785,34060]","[0.99,1,0.998521,0.990742,0.904066]","[0,0,0,0,0]","[0,0,0,0,0]","[-0.944289,-0.972962,0.999687,0.119858,-0.809876]",0,"[]","[]","[]","[]","[]","[]","[]","[]","[]","[]",1,"[250401]","[-0.288294]","[-2.88281]","[293531]","[134545]","[0]","[0.742003]","[0.859215]",0,"[]","[]","[]","[]","[]","[]","[]","[]","[]","[]",0,"[102.584,147.567]",17145.5,"[4361.05,6786.01,4076.69,2760.06,4179.03]","[]","[0]","[]"
32,284500,2136817,364116,-1,127.086,4.05305e+06,1.22586,0.917662,1,1,1,1.07113,0.93819,1,1,0,0,2,"[1,1]","[1,1]","[40010.3,33368.2]","[1.17568,-0.12067]","[0.437257,-2.75547]","[70997.2,33611.4]","[-48.5318,-48.487]","[1,-1]","[11,11]","[1,1]","[0,0]","[-346.932,6.89587]","[-0.00771106,-0.00824624]","[0.492254,1.10693]",5394.52,2.63098,2,"[298302,269585]","[-0.931366,1.40935]","[-0.113635,2.88365]","[439188,585175]","[0.984527,0.991287]","[0,0]","[0,0]","[0.957025,-0.9353]",0,"[]","[]","[]","[]","[]","[]","[]","[]","[]","[]",2,"[328830,275848]","[-0.899948,1.4261]","[-0.109145,2.88867]","[473685,607600]","[48221.4,21083.3]","[0,0]","[1.43672,2.18231]","[0.687579,0.731754]",0,"[]","[]","[]","[]","[]","[]","[]","[]","[]","[]",0,"[271.842,104.781]",2134.78,"[4627.7,5676.16]","[]","[416.688,20259.1]","[]"
33,284500,2134963,364116,1,127.086,4.05305e+06,1.32095,0.960302,1,1,1,1.00315,1.00632,1,1,0,0,2,"[1,0]","[1,1]","[288287,270297]","[0.292786,1.68032]","[-0.704615,2.45357]","[300732,750557]","[-0.0110972,-0.0358694]","[1,1]","[11,11]","[1,1]","[0,0]","[-661.868,2159.26]","[-0.0132537,-0.00493729]","[2.49525,0.446433]",17528,0.984757,1,"[24235.3]","[0.988328]","[2.43904]","[37408.9]","[1]","[5]","[0]","[0.862935]",0,"[]","[]","[]","[]","[]","[]","[]","[]","[]","[]",2,"[293908,270581]","[0.294008,1.68354]","[-0.709145,2.4579]","[306703,753643]","[0.00352105,6789.77]","[0,0]","[0,18.5331]","[-1,0.560523]",0,"[]","[]","[]","[]","[]","[]","[]","[]","[]","[]",0,"[3438.36,9620.67]",1179.19,"[1297.87]","[]","[739.5,0]","[]"
34,284500,2250868,364116,-1,127.086,4.05305e+06,0.923924,0.968109,1,1,1,0.998148,1.00582,1,1,0,0,2,"[1,1]","[1,1]","[301652,290955]","[-0.145729,-0.964807]","[-0.384926,2.70951]","[304861,437209]","[-0.070961,0.0485821]","[1,-1]","[11,11]","[1,1]","[1349.36,1017.95]","[-1978.05,-1128.29]","[-0.00615112,-0.00582704]","[0.701102,0.87756]",16453.2,0.332424,1,"[27887.6]","[-1.59448]","[-2.47286]","[71599.8]","[0.671399]","[0]","[0]","[-0.901143]",0,"[]","[]","[]","[]","[]","[]","[]","[]","[]","[]",2,"[306310,309120]","[-0.161499,-0.976029]","[-0.385022,2.70975]","[310313,468428]","[0.00154408,1562.78]","[0,0]","[0,0]","[-1,-1]",0,"[]","[]","[]","[]","[]","[]","[]","[]","[]","[]",0,"[2924.08,2797.37]",1052,"[2088.16]","[]","[6712.25,18907.4]","[]"
35,284500,2151334,364116,1,127.086,4.05305e+06,0.351687,0.993444,1,1,1,1.05008,1.00936,1,1,0,0,2,"[1,1]","[1,1]","[311704,259581]","[0.10607,0.206946]","[-0.196805,2.88679]","[313459,265160]","[-0.114767,-0.131117]","[-1,1]","[11,11]","[1,1]","[0,0]","[-1169.85,-580.402]","[-0.00942803,0.00396874]","[0.635154,0.422158]",17224.9,1.194,2,"[42284.7,21112.3]","[1.51398,-1.116]","[-2.83114,-2.49968]","[101087,35911.8]","[0.987463,0.757406]","[5,0]","[0,0]","[0.993489,-0.897839]",0,"[]","[]","[]","[]","[]","[]","[]","[]","[]","[]",2,"[318379,268247]","[0.0908794,0.191444]","[-0.192195,2.8879]","[319697,273178]","[1179.37,0.00552427]","[0,0]","[0,0]","[-1,-1]",0,"[]","[]","[]","[]","[]","[]","[]","[]","[]","[]",0,"[4029.38,1400.11]",5535.35,"[3123.09,1578.77]","[]","[27984.7,0]","[]"
36,284500,2249304,364116,1,127.086,4.05305e+06,1.1961,0.948088,1,1,1,0.968545,1.00121,1,1,0,0,2,"[1,1]","[1,1]","[279517,265623]","[-1.88713,-1.20368]","[2.97155,0.00564005]","[943634,482429]","[0.00451508,-0.0250729]","[1,-1]","[11,11]","[1,1]","[0,0]","[482.55,2320.27]","[-0.0527726,0.0303693]","[4.93816,4.15168]",41077.6,-0.0678558,1,"[39831.9]","[1.66603]","[-1.88274]","[109369]","[1]","[4]","[0]","[-0.44224]",0,"[]","[]","[]","[]","[]","[]","[]","[]","[]","[]",2,"[295497,270865]","[-1.88527,-1.21595]","[2.97317,0.0059338]","[995837,497029]","[6727.4,0]","[0,0]","[17.3614,0]","[-1,-1]",0,"[]","[]","[]","[]","[]","[]","[]","[]","[]","[]",0,"[5160.31,3226.5]",306.828,"[1954.57]","[]","[14360.3,0]","[]"
37,284500,2253556,364116,1,127.086,4.05305e+06,0.619412,0.944449,1,1,1,1,0.99604,1,1,0,0,2,"[1,1]","[1,1]","[265179,262533]","[-1.36424,-2.33345]","[0.852192,-2.26803]","[552673,1.36654e+06]","[0.0263386,-0.0132217]","[1,-1]","[11,11]","[1,1]","[0,0]","[4054.01,890.347]","[-0.0263619,0.0267219]","[3.94005,2.41196]",15398.3,-2.06632,0,"[]","[]","[]","[]","[]","[]","[]","[]",0,"[]","[]","[]","[]","[]","[]","[]","[]","[]","[]",1,"[287141]","[-1.3829]","[0.847999]","[608359]","[3657.26]","[0]","[29.7757]","[0.57398]",0,"[]","[]","[]","[]","[]","[]","[]","[]","[]","[]",0,"[7514.64,3135.12]",0,"[]","[]","[1298.41]","[]"
38,284500,2353259,364116,-1,127.086,4.05305e+06,1.26205,0.950679,1,1,1,0.949143,1.00493,1,1,0,0,2,"[1,1]","[1,1]","[440227,409435]","[-1.27146,-0.307932]","[0.304841,-2.99279]","[846663,429001]","[0.020752,-0.0727539]","[-1,1]","[11,11]","[1,1]","[0,0]","[2404.11,3432.25]","[0.0208287,-0.0219653]","[2.7691,3.31146]",28331.8,1.40308,2,"[29256.9,23785.3]","[1.38598,0.446943]","[-2.35005,-1.66043]","[62363.3,26739.6]","[0.992637,0.99222]","[5,5]","[0,0]","[0.0177747,-0.406135]",0,"[]","[]","[]","[]","[]","[]","[]","[]","[]","[]",2,"[506239,431621]","[-1.2244,-0.220176]","[0.311868,-2.99445]","[935568,442131]","[6630.33,2134.23]","[0,0]","[15.309,51.2019]","[0.272905,-1]",0,"[]","[]","[]","[]","[]","[]","[]","[]","[]","[]",0,"[7346.25,2535.35]",12803.9,"[4893.7,3632.08]","[]","[10069.4,40827.2]","[]"
39,284500,2331377,364116,1,127.086,4.05305e+06,0.696077,0.95136,1,1,1,0.999229,1.00582,1,1,0,0,2,"[1,1]","[1,1]","[255356,235975]","[-0.297468,1.91604]","[0.582906,-2.62617]","[266737,818976]","[44.0227,44.0607]","[-1,1]","[11,11]","[1,1]","[0,0]","[-865.029,2349.29]","[0.0279964,-0.0278805]","[2.99096,1.23694]",24219.8,-2.0238,1,"[26928.4]","[0.777793]","[-2.84813]","[35625.4]","[0.993681]","[0]","[0]","[-0.624184]",0,"[]","[]","[]","[]","[]","[]","[]","[]","[]","[]",2,"[257673,259222]","[-0.312613,1.91085]","[0.581515,-2.6302]","[278701,895224]","[67647,7147.49]","[0,0]","[0,10.484]","[-1,-1]",0,"[]","[]","[]","[]","[]","[]","[]","[]","[]","[]",0,"[1927.13,2099.75]",2343.88,"[1923.56]","[]","[10808.4,3365.33]","[]"
40,284500,2265879,364116,1,127.086,4.05305e+06,1.1961,0.883183,1,1,1,1.01384,1.00493,1,1,0,0,2,"[1,1]","[1,0]","[86368.3,19512.1]","[-1.19571,-2.1739]","[1.25469,-1.47642]","[155826,86889.5]","[0.00475693,0.1418]","[-1,1]","[11,11]","[1,1]","[0,19369.8]","[-1081.98,5975.87]","[-0.0150121,0.0078686]","[1.39613,0.201755]",24404.4,0.834816,2,"[805375,737820]","[0.136233,0.135161]","[-2.10241,1.04836]","[813386,744830]","[0.991743,0.997576]","[5,5]","[0,0]","[-0.907221,0.673962]",0,"[]","[]","[]","[]","[]","[]","[]","[]","[]","[]",2,"[809173,764592]","[0.156708,0.153338]","[-2.09979,1.04868]","[819128,774007]","[-0.0107865,25129.8]","[0,0]","[0,2.87739]","[-1,0.242597]",0,"[]","[]","[]","[]","[]","[]","[]","[]","[]","[]",0,"[358.616,104.067]",17662.2,"[12131.5,16566.4]","[]","[26990.7,29692.1]","[]"
41,284500,2332887,364116,-1,127.086,4.05305e+06,1.26459,0.93306,1,1,1,0.994817,0.94953,1,1,0,0,1,"[1]","[1]","[34789.7]","[-1.33893]","[0.226452]","[70920.6]","[0.00980318]","[1]","[11]","[1]","[3774.03]","[-334.439]","[-0.024891]","[1.5595]",61780.4,1.06801,6,"[184425,134016,90816.7,84037.4,69571.1,62425.9]","[-1.16867,-0.747003,0.220506,0.699981,-1.50215,-2.45274]","[-1.40722,-1.97835,1.4937,1.80466,2.71853,1.40184]","[325790,174311,93462.1,106278,164203,365563]","[0,0,0,0,0.995069,0]","[0,0,0,0,0,0]","[0,0,0,0,0,0]","[-0.824489,-0.743597,-0.740972,-0.777484,-0.985469,-0.734931]",0,"[]","[]","[]","[]","[]","[]","[]","[]","[]","[]",1,"[300822]","[-1.02498]","[-1.67359]","[488696]","[122209]","[0]","[0.880067]","[0.622546]",0,"[]","[]","[]","[]","[]","[]","[]","[]","[]","[]",0,"[125.08]",8179.8,"[4991.15,2703.48,2229.89,3256.32,6560.38,7469.97]","[]","[11288.9]","[]"
42,284500,2304615,364116,-1,127.086,4.05305e+06,0,0.926656,1,1,1,0.964524,1.00493,1,1,0,0,2,"[1,1]","[1,1]","[264528,237229]","[-1.18918,-1.57882]","[-0.116484,2.97308]","[474676,599652]","[0.0148239,0.14608]","[-1,1]","[11,11]","[1,1]","[0,0]","[-553.174,4549.35]","[0.00787213,-0.00681701]","[1.0702,0.658085]",77252.7,-2.80664,6,"[41838.9,28948.8,27010.2,26083.3,25177.7,20919.7]","[-0.396481,2.36444,-1.557,-0.173327,2.22,-1.14576]","[-2.25253,1.09354,1.79314,-1.67429,-0.379358,-2.77222]","[46042.1,155519,67204.3,27080.1,117405,36533.5]","[0.993843,0.964192,0.991382,0.955811,0.994845,0.957262]","[0,0,5,0,0,0]","[0,0,0,0,0,0]","[-0.783896,-0.519436,0.603603,-0.481725,-0.759149,-0.905696]",0,"[]","[]","[]","[]","[]","[]","[]","[]","[]","[]",2,"[284346,277958]","[-1.21644,-1.59662]","[-0.118718,2.97815]","[521977,715306]","[0.0078125,39797.6]","[0,0]","[0,7.32728]","[-1,0.556109]",0,"[]","[]","[]","[]","[]","[]","[]","[]","[]","[]",0,"[3392.88,5168.15]",25392.7,"[2637.23,4649.52,3598.74,3846.97,3760.57,1310.62]","[]","[18099.5,13866.9]","[]"
43,284500,102469,364116,1,127.086,4.05305e+06,0.75088,0.922977,1,1,1,0.980183,1.01975,1,1,0,0,2,"[1,1]","[1,0]","[47916.3,11759.8]","[-2.08099,0.635257]","[-3.08425,1.01643]","[194952,14213.5]","[0.138626,0.0154877]","[-1,1]","[11,11]","[1,1]","[7597.91,0]","[3606.73,4366.65]","[0.0297902,-0.000890295]","[2.52963,0.0619603]",41654.6,0.00191458,3,"[501885,487754,26896.2]","[1.27435,-2.10439,1.19238]","[-2.96004,0.184651,-0.424945]","[967865,2.03012e+06,48609.4]","[0.981245,0.99057,1]","[0,5,5]","[0,0,0]","[-0.638514,0.263694,0.475026]",0,"[]","[]","[]","[]","[]","[]","[]","[]","[]","[]",1,"[503915]","[1.24664]","[-2.95812]","[949385]","[30389.9]","[0]","[4.82458]","[0.468198]",0,"[]","[]","[]","[]","[]","[]","[]","[]","[]","[]",0,"[262.424,90.9937]",4810.13,"[14293.9,7035.49,4360.33]","[]","[25161.7]","[]"
44,284500,28944,364116,1,127.086,4.05305e+06,0.553627,0.960322,1,1,1,0.997115,1.01265,1,1,0,0,2,"[1,0]","[1,1]","[270014,227151]","[1.72933,1.6471]","[-2.24219,0.962796]","[784968,611548]","[-0.194489,-0.0234222]","[1,1]","[11,11]","[1,1]","[0,0]","[2310.35,3590.78]","[0.0171709,-0.0274862]","[1.41635,2.66999]",51136.8,1.2421,2,"[21342.1,20088]","[-0.19976,2.30873]","[-0.312073,2.70146]","[22262.2,102187]","[0.988857,0.990036]","[0,0]","[0,0]","[-0.786982,-0.273565]",0,"[]","[]","[]","[]","[]","[]","[]","[]","[]","[]",1,"[291217]","[1.75317]","[-2.2357]","[865824]","[6460.47]","[0]","[13.6432]","[-1]",0,"[]","[]","[]","[]","[]","[]","[]","[]","[]","[]",0,"[4161.73,5080.05]",19707.4,"[2636.46,1272.53]","[]","[6294.78]","[]"
45,284500,124602,364116,-1,127.086,4.05305e+06,0,0.944823,1,1,1,0.998305,0.99866,1,1,0,0,2,"[1,1]","[1,1]","[456428,451124]","[-1.24113,-0.879781]","[0.301978,-2.88912]","[855475,637268]","[0.0112305,0.0684509]","[-1,1]","[11,11]","[1,1]","[1277.76,1960.82]","[697.52,-1322.44]","[0.00959733,0.00613067]","[1.312,0.635238]",12959.7,2.56821,1,"[24894.1]","[1.23982]","[-1.24017]","[46925.1]","[0.972779]","[0]","[0]","[-0.840962]",0,"[]","[]","[]","[]","[]","[]","[]","[]","[]","[]",2,"[483364,481215]","[-0.861311,-1.22815]","[-2.88939,0.305481]","[674020,892111]","[-0.00552427,2291.43]","[0,0]","[0,8.21261]","[-1,-1]",0,"[]","[]","[]","[]","[]","[]","[]","[]","[]","[]",0,"[7380.53,5717.45]",2583.17,"[3736.06]","[]","[33147.2,15721.3]","[]"
46,284500,2369898,364116,1,127.086,4.05305e+06,1.21412,0.864637,1,1,1,0.978876,1.02307,1,1,0,0,2,"[1,1]","[1,1]","[37110.4,36786.1]","[-1.08443,-2.39931]","[1.05097,-2.23444]","[61155.4,204279]","[0.084938,-0.156288]","[1,-1]","[11,11]","[1,1]","[0,0]","[-848.424,2250.67]","[0.0149574,-0.00345054]","[1.16586,0.154388]",22498.5,-2.32705,2,"[260893,256487]","[-1.11459,-1.62894]","[0.60295,-2.50939]","[440987,679256]","[0.994464,0.971094]","[0,5]","[0,0]","[0.609648,0.977543]",0,"[]","[]","[]","[]","[]","[]","[]","[]","[]","[]",2,"[317772,286696]","[-1.15532,-1.81607]","[0.653103,-2.47092]","[557832,910050]","[60789.3,99720.7]","[0,0]","[1.95342,0.86026]","[0.664512,0.490594]",0,"[]","[]","[]","[]","[]","[]","[]","[]","[]","[]",0,"[41.4965,422.584]",7506.46,"[5622.2,4662.78]","[]","[8861.5,1949.09]","[]"
47,284500,30913,364116,1,127.086,4.05305e+06,0.75088,0.976514,1,1,1,1,1.00121,1,1,0,0,2,"[0,1]","[1,1]","[279726,256982]","[-1.84907,-0.699155]","[-1.6569,1.47439]","[910692,322392]","[-0.0121918,0.0208588]","[1,1]","[11,11]","[1,1]","[0,1181.4]","[-900.381,986.091]","[-0.0274858,0.00527163]","[2.6602,0.934096]",23403,1.34619,0,"[]","[]","[]","[]","[]","[]","[]","[]",0,"[]","[]","[]","[]","[]","[]","[]","[]","[]","[]",2,"[307857,271342]","[-1.83454,-0.670207]","[-1.65388,1.47495]","[988531,334598]","[5343.04,0.00478416]","[0,0]","[9.05231,0]","[-1,-1]",0,"[]","[]","[]","[]","[]","[]","[]","[]","[]","[]",0,"[2211.88,1797.84]",376.455,"[]","[]","[10243.4,9915.66]","[]"
48,284500,130646,364116,1,127.086,4.05305e+06,1.32095,0.94701,1,1,1,0.998014,0.92928,1,1,0,0,1,"[1]","[1]","[45790.8]","[-1.30303]","[-2.49699]","[90485.7]","[0.00567627]","[1]","[11]","[1]","[1104.06]","[-235.722]","[0.00536314]","[0.520549]",21101,-1.57968,2,"[143338,142588]","[-1.32862,-0.891343]","[1.36809,0.328163]","[289943,205292]","[0.219704,0.98271]","[0,0]","[0,0]","[-0.846866,-0.9808]",0,"[]","[]","[]","[]","[]","[]","[]","[]","[]","[]",1,"[292099]","[-1.37976]","[0.792137]","[641734]","[175940]","[0]","[1.07827]","[0.584516]",0,"[]","[]","[]","[]","[]","[]","[]","[]","[]","[]",0,"[369.336]",6697.26,"[5155.5,5790.27]","[]","[37374]","[]"
49,284500,267419,364116,0.237371,127.086,4.05305e+06,0.923924,0.97994,1,1,1,0.997055,1.00632,1,1,0,0,1,"[1]","[1]","[225968]","[0.215248]","[1.55403]","[231223]","[0.0419979]","[-1]","[11]","[1]","[0]","[3600.97]","[-0.00802927]","[1.18717]",29360.2,1.44353,4,"[277788,27227.9,25191.2,21353.1]","[1.443,-0.790478,0.524592,-0.392666]","[-1.50708,1.16238,-2.22937,2.24727]","[620899,36557.6,29346.3,23471]","[0.996991,0.991144,0.998267,0.91174]","[0,0,0,0]","[0,0,0,0]","[-0.966476,-0.833555,-0.948085,-0.839512]",0,"[]","[]","[]","[]","[]","[]","[]","[]","[]","[]",1,"[265693]","[1.4479]","[-1.50677]","[596381]","[840.578]","[0]","[2.2119]","[0.192254]",0,"[]","[]","[]","[]","[]","[]","[]","[]","[]","[]",0,"[1261.92]",18246.1,"[23444.2,9024.36,2685.37,2326.95]","[]","[5956.22]","[]"
50,284500,156217,364116,1,127.086,4.05305e+06,0.619412,1.00588,1,1,1,1,1.00306,1,1,0,0,1,"[1]","[1]","[229638]","[0.980364]","[-2.92509]","[349118]","[0.0204163]","[1]","[11]","[1]","[0]","[380.589]","[-0.0149936]","[1.73857]",52288,-2.69184,0,"[]","[]","[]","[]","[]","[]","[]","[]",0,"[]","[]","[]","[]","[]","[]","[]","[]","[]","[]",1,"[252036]","[0.941458]","[-2.92046]","[372236]","[2217.71]","[0]","[35.3029]","[0.403568]",0,"[]","[]","[]","[]","[]","[]","[]","[]","[]","[]",0,"[2248.74]",4813.48,"[]","[]","[1738.56]","[]"
51,284500,2560646,364116,0.12815,127.086,4.05305e+06,0.696077,0.997944,1,1,1,1.0496,0.9918,1,1,0,0,2,"[1,1]","[1,1]","[287197,250362]","[-0.71738,0.989646]","[-2.91009,0.402756]","[364321,383303]","[-0.0219574,0.0147781]","[1,-1]","[11,11]","[1,1]","[0,0]","[2010.19,3395.03]","[-0.0117502,0.0132518]","[1.32991,1.64588]",7635.54,-1.77523,1,"[52437.9]","[-1.79473]","[-0.532179]","[162317]","[1]","[5]","[0]","[0.857076]",0,"[]","[]","[]","[]","[]","[]","[]","[]","[]","[]",2,"[299363,290599]","[-0.709979,1.00871]","[-2.90556,0.41735]","[378051,451475]","[3327.21,7664.52]","[0,0]","[0,7.65547]","[-1,0.685039]",0,"[]","[]","[]","[]","[]","[]","[]","[]","[]","[]",0,"[3526.99,3353.87]",367.661,"[3556]","[]","[8988.88,13628]","[]"
52,284500,132475,364116,-1,127.086,4.05305e+06,1.32095,0.984282,1,1,1,1,0.9918,1,1,0,0,2,"[1,1]","[1,1]","[250483,205205]","[-0.722381,-0.743528]","[-2.24629,0.855304]","[318731,264589]","[0.0045929,-0.0275803]","[1,-1]","[11,11]","[1,1]","[0,11480.3]","[1066.47,5290.5]","[0.0119142,-0.0150338]","[1.89514,2.35446]",28594.6,1.9689,0,"[]","[]","[]","[]","[]","[]","[]","[]",0,"[]","[]","[]","[]","[]","[]","[]","[]","[]","[]",2,"[267647,257732]","[-0.695669,-0.76117]","[-2.2458,0.892522]","[335109,338243]","[5309.76,38286.5]","[0,0]","[45.6157,3.42264]","[0.643409,0.386019]",0,"[]","[]","[]","[]","[]","[]","[]","[]","[]","[]",0,"[1677.13,1245.3]",10245.4,"[]","[]","[2196.56,13386.9]","[]"
53,284500,2578872,364116,1,127.086,4.05305e+06,1.24168,0.959585,1,1,1,0.998438,0.99866,1,1,0,0,2,"[1,1]","[1,1]","[309644,296848]","[2.01831,-1.12117]","[-2.49655,0.423071]","[1.1857e+06,503801]","[-0.0771255,-0.0605927]","[-1,1]","[11,11]","[1,1]","[0,0]","[1508.85,1650.57]","[0.00163797,-0.00804396]","[0.0798392,0.99105]",24547.7,0.973562,1,"[23561.1]","[1.38516]","[3.08844]","[50223.3]","[0.968321]","[0]","[0]","[-0.83039]",0,"[]","[]","[]","[]","[]","[]","[]","[]","[]","[]",1,"[336601]","[-1.09526]","[0.426384]","[559501]","[0.00956832]","[0]","[0]","[-1]",0,"[]","[]","[]","[]","[]","[]","[]","[]","[]","[]",0,"[3392.09,3712.22]",2755.23,"[5167.18]","[]","[8967.47]","[]"
54,284500,2583577,364116,1,127.086,4.05305e+06,0.696077,0.93962,1,1,1,1.03213,1.0239,1,1,0,0,1,"[1]","[1]","[39640.6]","[1.83524]","[-2.62437]","[127370]","[-0.00341415]","[-1]","[11]","[1]","[1150.79]","[369.315]","[0.017681]","[1.21019]",52201.5,-1.32887,3,"[455686,445698,67290.8]","[-1.34633,0.0458773,-2.13515]","[-2.4969,0.657375,1.88346]","[935518,446584,288622]","[0.994845,0.984858,0]","[5,5,0]","[0,0,0]","[-0.756507,-0.331283,-0.827711]",0,"[]","[]","[]","[]","[]","[]","[]","[]","[]","[]",2,"[455539,430471]","[0.0240493,-1.35991]","[0.658751,-2.49599]","[455781,893966]","[10008.2,18633.5]","[0,0]","[1.7439,1.95262]","[-1,0.292491]",0,"[]","[]","[]","[]","[]","[]","[]","[]","[]","[]",0,"[78.0409]",29369.4,"[14487.9,11043.9,2696.38]","[]","[23274.4,2370.62]","[]"
55,284500,2882166,364116,1,127.086,4.05305e+06,1.32095,0.984897,1,1,1,1.04926,0.99765,1,1,0,0,2,"[1,1]","[1,1]","[341590,296198]","[0.742843,0.742076]","[-1.47281,1.74251]","[440252,381565]","[-0.000621796,0.0537529]","[-1,1]","[11,11]","[1,1]","[0,0]","[2954.76,1320.88]","[0.0132423,-0.0140866]","[1.39663,2.30128]",5307.92,1.86242,1,"[37101.9]","[-1.36779]","[1.16519]","[77841.8]","[1]","[5]","[0]","[0.999796]",0,"[]","[]","[]","[]","[]","[]","[]","[]","[]","[]",2,"[347092,305030]","[0.775239,0.771625]","[-1.46977,1.73493]","[456734,400465]","[3368.69,4991.76]","[0,0]","[0,18.3257]","[-1,0.224372]",0,"[]","[]","[]","[]","[]","[]","[]","[]","[]","[]",0,"[3142.86,1893.14]",15165.4,"[1555.73]","[]","[3204.44,4591.88]","[]"
56,284500,2704314,364116,1,127.086,4.05305e+06,0.75088,0.984897,1,1,1,0.999193,0.99765,1,1,0,0,2,"[1,1]","[1,1]","[493368,470262]","[0.658524,0.693733]","[-1.02825,2.12018]","[604266,588034]","[-0.027916,-0.0163689]","[-1,1]","[11,11]","[1,1]","[0,0]","[-76.7345,-1217.76]","[0.00475877,-0.00481332]","[0.732546,0.526829]",19287.1,-3.02734,1,"[25602.6]","[-0.67412]","[1.65837]","[32125.5]","[0.969824]","[0]","[0]","[-0.772223]",0,"[]","[]","[]","[]","[]","[]","[]","[]","[]","[]",2,"[507832,488967]","[0.641311,0.673638]","[-1.0282,2.11755]","[615895,604171]","[2120.72,0.0151288]","[0,0]","[0,0]","[-1,-1]",0,"[]","[]","[]","[]","[]","[]","[]","[]","[]","[]",0,"[4941.05,3595.89]",1109.94,"[6389.12]","[]","[16573.2,26552.9]","[]"
57,284500,2806891,364116,1.71857,127.086,4.05305e+06,0.00279311,0.97994,1,1,1,0.9988,1.00632,1,1,0,0,1,"[1]","[1]","[280317]","[0.114227]","[0.118774]","[282148]","[0.00617731]","[1]","[11]","[1]","[0]","[710.352]","[0.0134975]","[1.85299]",32749,0.226257,1,"[35421.7]","[1.40049]","[0.0876066]","[76466]","[0.994589]","[0]","[0]","[-0.899751]",0,"[]","[]","[]","[]","[]","[]","[]","[]","[]","[]",1,"[288861]","[0.115528]","[0.12629]","[290791]","[0.00676582]","[0]","[0]","[-1]",0,"[]","[]","[]","[]","[]","[]","[]","[]","[]","[]",0,"[3565.54]",17168.4,"[2416.51]","[]","[15501.6]","[]"
58,284500,3493387,364116,1,127.086,4.05305e+06,1.21412,0.998255,1,1,1,1,0.99765,1,1,0,0,2,"[1,1]","[1,1]","[245422,241191]","[1.07659,0.606008]","[-0.442324,2.70335]","[401930,286851]","[-0.00386047,-0.0274849]","[1,-1]","[11,11]","[1,1]","[0,0]","[-655.648,366.052]","[-0.000855806,0.0139964]","[0.130423,1.96233]",4500.44,-1.45047,0,"[]","[]","[]","[]","[]","[]","[]","[]",0,"[]","[]","[]","[]","[]","[]","[]","[]","[]","[]",2,"[268147,250785]","[1.09202,0.625583]","[-0.44444,2.70531]","[444570,301486]","[2275.5,1855.04]","[0,0]","[78.8802,0]","[0.328655,-1]",0,"[]","[]","[]","[]","[]","[]","[]","[]","[]","[]",0,"[2760.45,1702.53]",0,"[]","[]","[4309.62,1026.25]","[]"
59,284500,3503429,364116,1,127.086,4.05305e+06,1.32095,0.95061,1,1,1,0.95184,0.95105,1,1,0,0,1,"[1]","[1]","[30214.7]","[-0.725237]","[-2.29099]","[38515.2]","[-0.0277119]","[-1]","[11]","[1]","[1477.89]","[-774.6]","[-0.0146571]","[1.70066]",120628,1.7581,4,"[264381,201850,41287.6,32321.2]","[1.2999,1.52285,0.642142,0.367355]","[-1.41419,1.7491,-1.26777,0.680012]","[521331,485168,50124.9,35526.7]","[0.999187,0.997067,0.998474,0.749563]","[4,5,0,0]","[0,0,0,0]","[-0.606502,0.945651,-0.913446,-0.874481]",0,"[]","[]","[]","[]","[]","[]","[]","[]","[]","[]",1,"[313060]","[1.2441]","[-1.39757]","[593230]","[76783.7]","[0]","[1.54785]","[0.433026]",0,"[]","[]","[]","[]","[]","[]","[]","[]","[]","[]",0,"[41.5752]",4801.99,"[9885.01,11904.5,2247.43,2735.62]","[]","[32155.6]","[]"
60,284500,3497300,364116,-1,127.086,4.05305e+06,1.55465,0.920189,1,1,1,0.886152,0.94369,1,1,0,0,2,"[1,1]","[1,1]","[44801.9,37625.7]","[-1.19517,-0.0988522]","[0.749512,3.11308]","[80795.4,37809.7]","[0.740169,0.67477]","[1,-1]","[11,11]","[1,1]","[0,0]","[-1267.9,2476.36]","[-0.00473773,-0.00360787]","[0.483382,0.334244]",50997.3,1.06793,5,"[233728,178459,69212.9,38027.6,36045.8]","[-0.997776,-2.46329,-1.77199,-1.56281,0.111223]","[1.42582,-1.84393,-1.47809,-1.06511,-2.22248]","[360586,1.05564e+06,209914,94994.8,36463.5]","[0.997674,0.992554,0.993889,0.737996,0.990005]","[0,0,5,0,0]","[0,0,0,0,0]","[-0.846146,-0.950283,0.424909,-0.493802,-0.144986]",0,"[]","[]","[]","[]","[]","[]","[]","[]","[]","[]",1,"[271570]","[-1.06109]","[1.31171]","[440901]","[37002.4]","[0]","[1.14188]","[0.493319]",0,"[]","[]","[]","[]","[]","[]","[]","[]","[]","[]",0,"[139.593,61.4442]",1556.44,"[7992.42,5886.77,7104.35,3342.6,3342.5]","[]","[0]","[]"
61,284500,3562978,364116,1,127.086,4.05305e+06,0.923924,0.868341,1,1,1,1.0467,1,1,1,0,0,2,"[1,1]","[1,0]","[30917.4,18367.8]","[2.36218,-0.126199]","[2.28912,-0.702556]","[165537,18514.3]","[0.899428,0.0065155]","[-1,1]","[11,11]","[0,1]","[0,1090.1]","[1952.36,-671.113]","[0.0569662,-0.0131351]","[2.11732,1.28954]",73142.2,-2.90454,2,"[274240,204661]","[-0.791919,-0.78318]","[0.228384,-2.85627]","[365549,271039]","[0.999933,0.999073]","[5,5]","[0,0]","[-0.266466,0.988749]",0,"[]","[]","[]","[]","[]","[]","[]","[]","[]","[]",1,"[252780]","[-0.797967]","[0.223327]","[337882]","[13265.4]","[0]","[2.83785]","[0.294726]",0,"[]","[]","[]","[]","[]","[]","[]","[]","[]","[]",0,"[87.1278,51.2369]",1482.95,"[4378.12,5311.28]","[]","[0]","[]"
62,284500,3600788,364116,-1,127.086,4.05305e+06,1.21412,0.943646,1,1,1,0.998071,0.99866,1,1,0,0,2,"[1,1]","[1,1]","[298418,272769]","[-1.09569,-1.77523]","[0.4349,-2.58693]","[496201,828002]","[-0.019268,0.0326462]","[1,-1]","[11,11]","[1,1]","[0,0]","[-1548.19,242]","[0.0136237,-0.0169831]","[1.93653,1.76236]",19606.2,2.41554,1,"[25014.3]","[-1.73515]","[3.06364]","[73198]","[0.993461]","[0]","[0]","[-0.863187]",0,"[]","[]","[]","[]","[]","[]","[]","[]","[]","[]",2,"[333178,322249]","[-1.07943,-1.76828]","[0.435067,-2.63086]","[546876,973804]","[962.458,62337.5]","[0,0]","[124.459,1.76167]","[-1,0.626508]",0,"[]","[]","[]","[]","[]","[]","[]","[]","[]","[]",0,"[3738.5,4339.54]",2599.9,"[3573.28]","[]","[10748.7,6655]","[]"
63,284500,3564074,364116,-1,127.086,4.05305e+06,1.26205,0.942984,1,1,1,0.975016,1.0005,1,1,0,0,2,"[1,1]","[1,1]","[288452,222971]","[2.2847,1.87783]","[2.42978,-0.929415]","[1.43138e+06,746085]","[-0.227592,0.0673561]","[1,-1]","[11,11]","[1,1]","[0,1012.42]","[-187.702,217.217]","[-0.0185473,0.00999218]","[1.27543,0.923209]",29888.6,-0.704755,3,"[55949.7,29804.5,24029.5]","[-0.100979,0.673055,2.31376]","[-0.131791,1.78039,-1.17126]","[56577.1,37061.2,122703]","[0.965864,0.973734,0.985646]","[0,4,0]","[0,0,0]","[-0.968826,-0.0506314,-0.841504]",0,"[]","[]","[]","[]","[]","[]","[]","[]","[]","[]",1,"[260281]","[1.906]","[-0.944376]","[895189]","[29837.6]","[0]","[1.17482]","[0.202708]",0,"[]","[]","[]","[]","[]","[]","[]","[]","[]","[]",0,"[4967.69,2643.62]",5919.7,"[5132.33,1551.47,2377.25]","[]","[3471.75]","[]"
64,284500,3534803,364116,-1,127.086,4.05305e+06,1.26459,0.95113,1,1,1,0.991988,0.99866,1,1,0,0,2,"[1,1]","[1,1]","[246338,197859]","[-0.781913,-2.22108]","[-0.361723,2.49023]","[325557,922590]","[-0.0265961,0.0670624]","[1,-1]","[11,11]","[1,1]","[2005.14,0]","[-2248.65,1030.33]","[0.0256615,-0.025096]","[4.05819,1.36653]",8923.62,-0.111007,2,"[27158.1,21610.8]","[-1.27189,-0.0132224]","[1.32097,2.54926]","[52608.2,21989.8]","[0.942307,0.974861]","[5,5]","[0,0]","[-0.863957,-0.531953]",0,"[]","[]","[]","[]","[]","[]","[]","[]","[]","[]",1,"[268621]","[-0.762324]","[-0.371036]","[352169]","[33961.2]","[0]","[0.783344]","[0.349449]",0,"[]","[]","[]","[]","[]","[]","[]","[]","[]","[]",0,"[2372.97,3150.28]",25928,"[3716.76,2258.93]","[]","[4994.06]","[]"
65,284500,3643178,364116,-0.656635,127.086,4.05305e+06,0.619412,0.993444,1,1,1,0.996167,1.00632,1,1,0,0,2,"[1,1]","[1,1]","[359079,289692]","[0.381647,0.0712618]","[-1.81193,1.25853]","[385549,290428]","[-0.0294724,0.0502739]","[-1,1]","[11,11]","[1,1]","[0,0]","[643.389,6567.17]","[0.00849573,-0.00653384]","[0.937428,1.03716]",40712,0.66532,2,"[23728,21391]","[2.15676,-1.94263]","[2.10042,1.70728]","[103955,76303]","[0.862008,0.994256]","[0,0]","[0,0]","[-0.51482,-0.800765]",0,"[]","[]","[]","[]","[]","[]","[]","[]","[]","[]",2,"[372477,319816]","[0.365495,0.0487846]","[-1.8118,1.25199]","[397634,320212]","[0.00478416,3200.52]","[0,0]","[0,32.9118]","[-1,0.493327]",0,"[]","[]","[]","[]","[]","[]","[]","[]","[]","[]",0,"[3935.06,5646.1]",4413.99,"[3089.34,1577.19]","[]","[23648.7,9511.69]","[]"
66,284500,3674953,364116,1,127.086,4.05305e+06,0.738662,0.933018,1,1,1,0.995308,0.98871,1,1,0,0,2,"[1,1]","[1,1]","[62596.7,27675.7]","[-0.733046,0.0997573]","[2.96573,0.276731]","[80181.8,27813.5]","[0.0623064,0.150409]","[-1,1]","[11,11]","[1,1]","[0,0]","[1099.68,-236.767]","[0.00280367,0.0116908]","[0.250454,0.724519]",52162.2,0.298989,4,"[176829,169865,156540,35743]","[-1.00144,0.493415,-1.84627,1.50543]","[2.4262,-1.90693,0.239041,-0.775698]","[273510,194339,508877,84736.1]","[0,0.133557,0.217375,0.98379]","[0,0,0,0]","[0,0,0,0]","[-0.775475,-0.989073,-0.817739,0.0895412]",0,"[]","[]","[]","[]","[]","[]","[]","[]","[]","[]",1,"[261255]","[-1.04804]","[2.57105]","[426937]","[85149.7]","[0]","[1.61706]","[0.471548]",0,"[]","[]","[]","[]","[]","[]","[]","[]","[]","[]",0,"[111.598,203.982]",11697.7,"[6843.78,2298.4,7394.87,4068.36]","[]","[5661.78]","[]"
67,284500,3694967,364116,1,127.086,4.05305e+06,1.25133,0.94522,1,1,1,1,1.01265,1,1,0,0,2,"[1,1]","[1,1]","[388835,373158]","[1.74417,1.33502]","[3.01947,-0.108046]","[1.14627e+06,758112]","[-0.0688171,-0.0133209]","[1,-1]","[11,11]","[1,1]","[0,0]","[681.351,-354.428]","[-0.016643,0.00222398]","[2.13511,0.273142]",14758.5,-0.52664,0,"[]","[]","[]","[]","[]","[]","[]","[]",0,"[]","[]","[]","[]","[]","[]","[]","[]","[]","[]",2,"[407568,393409]","[1.7754,1.38192]","[3.01557,-0.105378]","[1.23739e+06,832775]","[0.0220971,916.885]","[0,0]","[0,5.30296]","[-1,-1]",0,"[]","[]","[]","[]","[]","[]","[]","[]","[]","[]",0,"[7049.34,9326.43]",0,"[]","[]","[10586.3,9979.38]","[]"
68,284500,2279446,364116,1,127.086,4.05305e+06,0.696077,0.97996,1,1,1,0.995751,1.01265,1,1,0,0,1,"[1]","[1]","[226520]","[1.55462]","[-1.13008]","[560024]","[0.056778]","[1]","[11]","[1]","[0]","[3433.35]","[-0.0553494]","[3.3025]",57822.2,-0.729246,4,"[260560,36581.4,32312.5,23633.5]","[2.44125,-2.19333,-1.58599,-1.14567]","[2.00019,0.620856,-2.37055,-2.64371]","[1.50792e+06,166218,82366,41162.6]","[0.496431,0.974214,0.989701,0.996476]","[0,0,0,0]","[0,0,0,0]","[-0.96196,-0.904144,-0.842515,-0.781429]",0,"[]","[]","[]","[]","[]","[]","[]","[]","[]","[]",1,"[271488]","[1.56718]","[-1.13414]","[678990]","[6470.89]","[0]","[7.882]","[0.337073]",0,"[]","[]","[]","[]","[]","[]","[]","[]","[]","[]",0,"[4831.19]",24651.5,"[15368.3,7045.63,3237.57,1914.75]","[]","[17438.7]","[]"
69,284500,3739022,364116,1,127.086,4.05305e+06,1.21412,0.96483,1,1,1,0.996643,1.00141,1,1,0,0,1,"[1]","[1]","[43845.3]","[1.56185]","[-1.56112]","[109117]","[0.0793915]","[-1]","[11]","[1]","[0]","[79.1334]","[0.0167369]","[0.795761]",49420.5,-0.970514,5,"[439280,362304,72861.3,60710.3,41691.9]","[0.468398,0.152224,-0.120518,2.42623,1.02309]","[2.64961,-0.555075,-0.145393,1.78197,-2.70173]","[492894,366885,74265.1,346257,66181]","[0.278873,0.237041,0.591278,0.344045,0.981437]","[0,0,0,0,0]","[0,0,0,0,0]","[-0.88158,-0.848775,-0.813568,-0.78403,-0.878427]",0,"[]","[]","[]","[]","[]","[]","[]","[]","[]","[]",2,"[468993,409581]","[0.530356,0.181483]","[2.65246,-0.497419]","[541639,421473]","[74346.5,65549.4]","[0,0]","[1.06747,1.20809]","[0.846226,0.736547]",0,"[]","[]","[]","[]","[]","[]","[]","[]","[]","[]",0,"[231.235]",6190.93,"[7803.1,10072.3,1844.22,4254.62,4286.72]","[]","[25822.2,19592.2]","[]"
70,284500,2330539,364116,-1.78623,127.086,4.05305e+06,0.187531,0.967171,1,1,1,1,1.00582,1,1,0,0,2,"[1,1]","[1,1]","[376429,351860]","[-0.495191,0.0740449]","[-2.52014,0.632805]","[423533,352825]","[0.0262299,-0.00682068]","[1,-1]","[11,11]","[1,1]","[0,0]","[-1807.25,926.84]","[-0.0055291,0.00610435]","[1.02034,0.530827]",50197.4,0.774738,0,"[]","[]","[]","[]","[]","[]","[]","[]",0,"[]","[]","[]","[]","[]","[]","[]","[]","[]","[]",2,"[392475,373962]","[-0.468905,0.107266]","[-2.51915,0.630664]","[436419,376180]","[575.997,6959.26]","[0,0]","[0,13.1483]","[-1,0.447797]",0,"[]","[]","[]","[]","[]","[]","[]","[]","[]","[]",0,"[4375.9,3297.07]",0,"[]","[]","[47155.9,38377.1]","[]"
71,284500,3719680,364116,1,127.086,4.05305e+06,0.75088,0.96972,1,1,1,0.999481,1,1,1,0,0,1,"[1]","[1]","[252041]","[1.2312]","[0.0847229]","[468452]","[-0.0744247]","[-1]","[11]","[0]","[0]","[-1093.92]","[0.0432942]","[4.15691]",39982.3,-0.242085,1,"[303904]","[1.4348]","[-3.07722]","[674277]","[0.795967]","[0]","[0]","[-0.902264]",0,"[]","[]","[]","[]","[]","[]","[]","[]","[]","[]",2,"[314884,270786]","[1.43793,1.2487]","[-3.07869,0.0877178]","[700703,510802]","[15918.1,2888.94]","[0,0]","[0.210234,0]","[-1,-1]",0,"[]","[]","[]","[]","[]","[]","[]","[]","[]","[]",0,"[3594.88]",25008.5,"[9967.93]","[]","[4047.19,18448.2]","[]"
72,284500,3736521,364116,1,127.086,4.05305e+06,1.21412,0.97411,1,1,1,1,1.00582,1,1,0,0,2,"[1,1]","[1,0]","[274126,260510]","[-0.243762,-0.207918]","[-2.35807,0.685209]","[282311,266161]","[0.0392189,-0.0140853]","[-1,1]","[11,11]","[1,1]","[0,0]","[1324.49,-89.2026]","[-0.0115254,0.0189321]","[1.8379,2.66982]",17816.5,2.09122,0,"[]","[]","[]","[]","[]","[]","[]","[]",0,"[]","[]","[]","[]","[]","[]","[]","[]","[]","[]",2,"[281946,272509]","[-0.244582,-0.213139]","[-2.35855,0.681158]","[290421,278725]","[0.00195312,1281.03]","[0,0]","[0,0]","[-1,-1]",0,"[]","[]","[]","[]","[]","[]","[]","[]","[]","[]",0,"[1701.52,1344.47]",0,"[]","[]","[19988.8,10482.9]","[]"
73,284500,3882674,364116,1,127.086,4.05305e+06,1.25133,0.967171,1,1,1,0.998308,1.00632,1,1,0,0,2,"[1,1]","[1,1]","[302643,292135]","[0.401877,-0.257801]","[-0.973664,2.09775]","[327413,301897]","[0.00685215,0.0627623]","[-1,1]","[11,11]","[1,1]","[1684.31,1248.7]","[-1034.6,-172.828]","[-0.0216097,0.023398]","[3.23509,4.09018]",19338.4,2.27977,2,"[22145.3,21582.3]","[-0.953735,0.0817465]","[2.85142,-2.00051]","[33045.5,22029.1]","[0.991638,0.991991]","[0,0]","[0,0]","[-0.753668,-0.759472]",0,"[]","[]","[]","[]","[]","[]","[]","[]","[]","[]",2,"[311810,298144]","[0.414233,-0.255862]","[-0.964435,2.1003]","[338946,307957]","[0.00585938,455.486]","[0,0]","[0,0]","[-1,-1]",0,"[]","[]","[]","[]","[]","[]","[]","[]","[]","[]",0,"[1933.26,2784.21]",820.635,"[3367.96,3262.06]","[]","[17088.5,17184.2]","[]"
74,284500,3908256,364116,0.80806,127.086,4.05305e+06,0.619412,0.95586,1,1,1,0.997451,0.96932,1,1,0,0,1,"[1]","[1]","[30634]","[0.746079]","[1.66787]","[39562.8]","[-53.2363]","[-1]","[11]","[1]","[0]","[1502.8]","[0.00809468]","[0.254012]",24407.8,0.277648,2,"[225734,21085.4]","[0.628985,-2.48945]","[2.40372,0.489944]","[272461,128014]","[0.988609,0.923381]","[0,0]","[0,0]","[-0.849207,-0.651317]",0,"[]","[]","[]","[]","[]","[]","[]","[]","[]","[]",1,"[250695]","[0.682251]","[2.29898]","[313095]","[33110.7]","[0]","[1.09766]","[0.418]",0,"[]","[]","[]","[]","[]","[]","[]","[]","[]","[]",0,"[167.968]",3688.37,"[2598.31,1384.79]","[]","[0]","[]"
75,284500,3867928,364116,1,127.086,4.05305e+06,0.696077,0.96203,1,1,1,0.999529,1.01508,1,1,0,0,1,"[1]","[1]","[279552]","[-1.5581]","[2.19874]","[693337]","[0.0406456]","[-1]","[11]","[1]","[0]","[1197.36]","[0.0113142]","[0.882313]",41988.4,1.55417,1,"[345145]","[-1.44757]","[-1.01919]","[774727]","[0.986786]","[0]","[0]","[-0.952617]",0,"[]","[]","[]","[]","[]","[]","[]","[]","[]","[]",2,"[321646,317747]","[-1.55216,-1.43736]","[2.20267,-1.01826]","[793416,706537]","[2211.52,2651.45]","[0,0]","[0,30.5909]","[-1,0.164564]",0,"[]","[]","[]","[]","[]","[]","[]","[]","[]","[]",0,"[5751.29]",587.918,"[4954.54]","[]","[3154.75,17886.8]","[]"
76,284500,4203043,364116,-1,127.086,4.05305e+06,0,0.97014,1,1,1,1.31541,0.96677,1,1,0,0,1,"[1]","[1]","[55579.3]","[0.773408]","[-0.820325]","[73047.3]","[-69.8492]","[1]","[11]","[1]","[0]","[1314.91]","[-0.00772837]","[0.86546]",31656.1,1.8038,4,"[195034,164682,84393.6,29110.3]","[-0.257484,-1.7323,-1.83375,-1.17597]","[1.04079,-2.06036,-2.53909,-0.701394]","[202362,480828,271177,51883.5]","[0.997018,0.995113,0.982913,0.996348]","[0,0,0,0]","[0,0,0,0]","[0.872545,-0.941924,-0.871381,-0.362081]",0,"[]","[]","[]","[]","[]","[]","[]","[]","[]","[]",1,"[270768]","[-0.313686]","[1.19979]","[288195]","[47828.6]","[0]","[0.748737]","[0.521522]",0,"[]","[]","[]","[]","[]","[]","[]","[]","[]","[]",0,"[373.103]",16177.9,"[4080.11,3096.47,8661.05,2069.53]","[]","[6672.56]","[]"
77,284500,4224830,364116,1,127.086,4.05305e+06,1.32095,0.931689,1,1,1,1.04198,0.95922,1,1,0,0,2,"[1,1]","[1,0]","[48628.5,26733]","[-1.06629,-0.17015]","[0.60029,-2.5846]","[78993.8,27120.9]","[-0.123833,-0.0277252]","[1,-1]","[11,11]","[1,0]","[0,0]","[1741.98,-835.828]","[-0.0137397,0.0235084]","[1.53826,1.56976]",18099.8,3.05826,2,"[277010,257565]","[1.5482,0.971143]","[-2.13866,0.966647]","[681118,389153]","[0.987518,0.988089]","[5,0]","[0,0]","[0.736276,-0.901248]",0,"[]","[]","[]","[]","[]","[]","[]","[]","[]","[]",2,"[289815,259335]","[1.51788,0.923518]","[-2.13408,0.965307]","[693186,378047]","[19697.5,5016.37]","[0,0]","[1.7401,0.379877]","[0.579492,-1]",0,"[]","[]","[]","[]","[]","[]","[]","[]","[]","[]",0,"[100.486,153.007]",1013.38,"[3473.08,3888.79]","[]","[16249.1,11579.1]","[]"
78,284500,300242,364116,0.237396,127.086,4.05305e+06,1.22586,0.979489,1,1,1,1,0.99765,1,1,0,0,2,"[1,1]","[1,1]","[245488,207810]","[0.757478,-0.614959]","[-0.0337203,3.12836]","[319347,248358]","[-0.049366,-0.00671768]","[1,-1]","[11,11]","[1,1]","[2315.99,0]","[2445.54,551.504]","[-0.00294475,0.0104462]","[0.264614,1.51864]",50957.5,0.944,0,"[]","[]","[]","[]","[]","[]","[]","[]",0,"[]","[]","[]","[]","[]","[]","[]","[]","[]","[]",1,"[255035]","[0.787876]","[-0.0416133]","[338405]","[4731.27]","[0]","[21.1637]","[0.346226]",0,"[]","[]","[]","[]","[]","[]","[]","[]","[]","[]",0,"[1492.18,2775.93]",18810.2,"[]","[]","[12165.4]","[]"
79,284500,4235924,364116,1,127.086,4.05305e+06,0.506784,0.98428,1,1,1,0.999325,1.00121,1,1,0,0,1,"[1]","[1]","[230958]","[-1.913]","[-1.95369]","[799229]","[-0.0534077]","[1]","[11]","[1]","[0]","[-124.391]","[0.0192873]","[2.22273]",61905,-2.69484,1,"[275300]","[-2.12032]","[1.06165]","[1.16374e+06]","[0.998491]","[0]","[0]","[-0.799915]",0,"[]","[]","[]","[]","[]","[]","[]","[]","[]","[]",1,"[252715]","[-1.90363]","[-1.95234]","[866712]","[0]","[0]","[0]","[-1]",0,"[]","[]","[]","[]","[]","[]","[]","[]","[]","[]",0,"[2735.9]",253.027,"[4883.73]","[]","[6647.75]","[]"
80,284500,4308006,364116,1.22318,127.086,4.05305e+06,1.26205,0.973151,1,1,1,0.999206,0.9918,1,1,0,0,2,"[1,1]","[1,1]","[226895,216970]","[-0.653096,-0.875491]","[-0.694061,2.54759]","[277029,305571]","[-0.00106049,-0.0233269]","[1,-1]","[11,11]","[1,1]","[2650.04,0]","[10533.2,1478.49]","[-0.0193049,0.0142364]","[2.12668,1.24749]",26731.1,-1.82057,1,"[22107]","[-0.709875]","[1.4355]","[28391.8]","[0.765068]","[0]","[0]","[-0.870384]",0,"[]","[]","[]","[]","[]","[]","[]","[]","[]","[]",1,"[252001]","[-0.674647]","[-0.692791]","[311698]","[9321.02]","[0]","[5.85382]","[0.611867]",0,"[]","[]","[]","[]","[]","[]","[]","[]","[]","[]",0,"[2299.53,2813.78]",2085.33,"[1637.02]","[]","[6665.84]","[]"
81,284500,760301,364116,-1,127.086,4.05305e+06,1.32095,0.94707,1,1,1,0.996375,0.94238,1,1,0,0,1,"[1]","[1]","[28549.7]","[-0.802276]","[-1.9207]","[38241.1]","[7.6338]","[1]","[11]","[1]","[1415.9]","[1954.54]","[0.0136879]","[1.18531]",21026.2,-1.65126,6,"[258109,74029.3,64429.5,44449.5,40221.4,21943.7]","[0.427113,1.31937,0.325313,-0.42805,1.79926,0.365341]","[1.73328,2.2302,-0.562934,2.45445,2.13826,-2.80396]","[285372,148804,68727.2,49298.2,124958,23791.7]","[0.992691,0.993706,0.989241,0.970236,0.993809,0.982354]","[0,0,0,0,0,0]","[0,0,0,0,0,0]","[-0.368087,-0.820116,0.442073,-0.879506,-0.739603,-0.861105]",0,"[]","[]","[]","[]","[]","[]","[]","[]","[]","[]",2,"[352236,314662]","[0.702273,0.633419]","[-1.07992,1.83591]","[456646,414230]","[111898,165056]","[0,0]","[1.49912,1.25147]","[0.370083,0.458419]",0,"[]","[]","[]","[]","[]","[]","[]","[]","[]","[]",0,"[320.95]",1451.82,"[3136.3,2440.01,4048.5,2340.96,2350.99,1849.4]","[]","[31627.1,32384.5]","[]"
82,284500,4323482,364116,1,127.086,4.05305e+06,1.08735,0.930864,1,1,1,0.990851,0.97938,1,1,0,0,2,"[1,1]","[1,1]","[44653,38911.6]","[-1.10769,-0.0388679]","[2.45214,-1.27512]","[74965.4,38941]","[-48.7436,-48.7535]","[-1,1]","[11,11]","[1,1]","[0,0]","[323.447,-679.209]","[-0.0169405,0.00968426]","[1.5592,1.0433]",27272.2,-0.296458,7,"[404831,286181,49624.3,28686,27997,27702.8,26651.7]","[-0.216102,1.89844,0.876847,1.45692,1.24633,1.43018,-1.61562]","[2.33528,-0.840262,1.41658,2.6656,-2.28632,-0.900216,-0.467011]","[416255,977882,70508,64998,53122.2,61347.4,69922]","[0.99379,1,0.999684,0.899247,0.99,0.954981,0.989616]","[0,0,0,0,0,0,0]","[0,0,0,0,0,0,0]","[-0.899086,-0.897784,-0.916335,-0.848514,-0.933751,-0.710375,-0.534515]",0,"[]","[]","[]","[]","[]","[]","[]","[]","[]","[]",2,"[460886,286922]","[-0.299058,1.90308]","[2.34629,-0.838692]","[499431,985091]","[132078,55779.9]","[0,0]","[1.74412,1.49324]","[0.482669,0.825976]",0,"[]","[]","[]","[]","[]","[]","[]","[]","[]","[]",0,"[138.042,65.858]",11825.6,"[7228.08,8436.01,3692.18,4539.7,3538.01,2083.87,1708.96]","[]","[16006.2,12595.8]","[]"
83,284500,4340866,364116,0.609822,127.086,4.05305e+06,0.75088,0.979489,1,1,1,1,1.00582,1,1,0,0,2,"[1,1]","[1,1]","[545916,533288]","[-0.327496,0.711147]","[-2.30046,0.897842]","[575454,673918]","[0.0301108,-0.0280285]","[1,-1]","[11,11]","[1,1]","[0,0]","[2780.89,-988.247]","[-0.00583201,-0.00429004]","[0.839209,0.633326]",29182.8,-1.08531,0,"[]","[]","[]","[]","[]","[]","[]","[]",0,"[]","[]","[]","[]","[]","[]","[]","[]","[]","[]",2,"[562160,551000]","[-0.327888,0.719366]","[-2.30182,0.90683]","[592652,699824]","[1293.69,1262.42]","[0,0]","[0,0]","[-1,-1]",0,"[]","[]","[]","[]","[]","[]","[]","[]","[]","[]",0,"[3647.54,5912.79]",327.127,"[]","[]","[32808.7,32842.3]","[]"
84,284500,6322322,364116,-0.716442,127.086,4.05305e+06,1.1961,0.979183,1,1,1,0.9452,1.00582,1,1,0,0,2,"[1,1]","[1,1]","[313595,282174]","[-0.456748,-0.743113]","[-1.97541,1.13788]","[346878,363737]","[0.0655365,0.0241165]","[1,-1]","[11,11]","[1,1]","[0,0]","[-176.182,-48.8966]","[-0.013143,0.00849788]","[1.78673,1.05707]",38172.4,0.853805,2,"[33299.6,28668.9]","[-2.24898,1.19911]","[1.71492,-2.2281]","[159764,52273.6]","[0.917787,0.825029]","[5,0]","[0,0]","[0.504718,-0.925107]",0,"[]","[]","[]","[]","[]","[]","[]","[]","[]","[]",2,"[316820,285580]","[-0.489465,-0.77226]","[-1.98266,1.13655]","[355542,375061]","[2174.4,2192.95]","[0,0]","[0,41.1608]","[-1,-1]",0,"[]","[]","[]","[]","[]","[]","[]","[]","[]","[]",0,"[2144.86,2779.18]",1344.52,"[1218.1,2109.99]","[]","[12260.6,4206]","[]"
85,284500,6359329,364116,1,127.086,4.05305e+06,1.74563,0.892284,1,1,1,1.02572,1.01048,1,1,0,0,2,"[1,1]","[1,0]","[41022.4,18953.4]","[1.77433,-0.584304]","[-2.31383,1.59626]","[124420,22281.9]","[0.00365829,0.00405884]","[-1,1]","[11,11]","[1,1]","[0,0]","[593.447,-106.475]","[0.00822535,-0.0369141]","[0.544993,2.2408]",35963.8,0.0365888,1,"[399942]","[-0.751838]","[0.143937]","[518871]","[0.991012]","[5]","[0]","[-0.947695]",0,"[]","[]","[]","[]","[]","[]","[]","[]","[]","[]",2,"[438696,400493]","[-0.894007,-0.732315]","[-2.99489,0.144618]","[626196,513049]","[15581.7,16962.9]","[0,0]","[76.0338,4.13259]","[-1,0.612277]",0,"[]","[]","[]","[]","[]","[]","[]","[]","[]","[]",0,"[462.643,248.279]",2197.39,"[9020.76]","[]","[16108,863.25]","[]"
86,284500,6399253,364116,1,127.086,4.05305e+06,1.22586,0.960282,1,1,1,0.972696,1.00632,1,1,0,0,2,"[1,1]","[1,1]","[275488,207835]","[0.20451,0.478824]","[0.4713,-2.58503]","[281269,232119]","[-0.0667955,0.0431477]","[-1,1]","[11,11]","[1,1]","[0,0]","[-1510.13,-669.218]","[0.0118685,-0.0142207]","[1.96425,2.35737]",7049.42,-1.64861,1,"[35162.1]","[1.53875]","[3.11676]","[85765.5]","[0.998892]","[4]","[0]","[-0.813152]",0,"[]","[]","[]","[]","[]","[]","[]","[]","[]","[]",1,"[282989]","[0.20898]","[0.465]","[289191]","[0.00331168]","[0]","[0]","[-1]",0,"[]","[]","[]","[]","[]","[]","[]","[]","[]","[]",0,"[1560.51,1189.3]",138.799,"[1613.2]","[]","[4571.31]","[]"
87,284500,6477974,364116,1,127.086,4.05305e+06,0.738662,0.941033,1,1,1,0.976488,0.98448,1,1,0,0,2,"[1,1]","[1,1]","[49480.2,31989.5]","[-0.400425,-0.601782]","[-0.612316,2.79039]","[53500.4,37958.8]","[0.0160542,-0.0543041]","[-1,1]","[11,11]","[1,0]","[0,0]","[1381.98,513.796]","[-0.016888,-0.0399445]","[1.99172,1.1071]",14310.5,-1.84575,2,"[309040,279717]","[1.00998,0.502208]","[1.88033,-1.25566]","[481229,316627]","[0.996005,0.99769]","[0,5]","[0,0]","[0.546648,0.995446]",0,"[]","[]","[]","[]","[]","[]","[]","[]","[]","[]",2,"[297120,263757]","[1.02188,0.519472]","[1.87802,-1.26472]","[466536,300288]","[16880.4,9029.85]","[0,0]","[3.35065,3.00214]","[0.462638,0.607715]",0,"[]","[]","[]","[]","[]","[]","[]","[]","[]","[]",0,"[138.023,247.929]",1417.21,"[8450,6407.92]","[]","[1103.72,10608.6]","[]"
88,284500,3986424,364116,1,127.086,4.05305e+06,0.923924,0.962145,1,1,1,1,0.99866,1,1,0,0,2,"[1,1]","[1,1]","[241802,226165]","[-0.814663,-0.989473]","[-1.99065,1.16348]","[326579,346212]","[-0.0263653,-0.0257101]","[-1,1]","[11,11]","[1,1]","[0,2963.17]","[-585.687,2089.08]","[-0.00880648,0.0119575]","[0.743349,0.597152]",7607.04,1.20308,0,"[]","[]","[]","[]","[]","[]","[]","[]",0,"[]","[]","[]","[]","[]","[]","[]","[]","[]","[]",1,"[255292]","[-0.815159]","[-1.99224]","[344914]","[1114.67]","[0]","[0]","[-1]",0,"[]","[]","[]","[]","[]","[]","[]","[]","[]","[]",0,"[2666.8,3351.64]",0,"[]","[]","[2638.52]","[]"
89,284500,1479577,364116,0.700348,127.086,4.05305e+06,1.25133,0.96237,1,1,1,1,0.99544,1,1,0,0,2,"[1,1]","[1,1]","[256119,226038]","[1.33478,0.753099]","[2.19222,-0.873323]","[520225,293225]","[0.156662,-0.00842285]","[1,-1]","[11,11]","[1,1]","[0,0]","[1054.63,250.995]","[-0.0108823,0.00501724]","[0.706865,0.795318]",3810.77,0.365913,0,"[]","[]","[]","[]","[]","[]","[]","[]",0,"[]","[]","[]","[]","[]","[]","[]","[]","[]","[]",1,"[293566]","[1.3081]","[2.19672]","[582648]","[-0.0110485]","[0]","[0]","[-1]",0,"[]","[]","[]","[]","[]","[]","[]","[]","[]","[]",0,"[3639.11,2051.12]",2028.94,"[]","[]","[10727.2]","[]"
90,284500,731421,364116,-1,127.086,4.05305e+06,1.21412,0.985702,1,1,1,0.999258,1.00632,1,1,0,0,2,"[1,1]","[1,1]","[524271,521872]","[1.11721,0.276969]","[2.79094,-0.286242]","[886935,542017]","[-0.00249481,-0.0220604]","[1,-1]","[11,11]","[1,1]","[0,0]","[-2802.13,-2085.72]","[-0.00346348,0.00248679]","[0.607653,0.228561]",9253.51,2.43558,1,"[20629.2]","[-1.01251]","[0.0243975]","[32428.5]","[0.944923]","[0]","[0]","[-0.951823]",0,"[]","[]","[]","[]","[]","[]","[]","[]","[]","[]",2,"[559846,540169]","[1.11755,0.2653]","[2.79055,-0.280649]","[947380,559290]","[0,0.00478416]","[0,0]","[0,0]","[-1,-1]",0,"[]","[]","[]","[]","[]","[]","[]","[]","[]","[]",0,"[8114.44,10094.3]",3159.11,"[1128.4]","[]","[4929.31,24823.4]","[]"
91,284500,3456906,364116,1,127.086,4.05305e+06,0.619412,0.9523,1,1,1,1.0069,1.00099,1,1,0,0,1,"[1]","[1]","[37278.6]","[1.56965]","[2.35052]","[93440.3]","[-0.00866985]","[-1]","[11]","[1]","[0]","[1171.29]","[-0.0236705]","[1.64771]",25076.9,3.10885,2,"[349380,349259]","[-1.81543,-0.233274]","[-1.434,1.73373]","[1.10213e+06,359784]","[0.977789,0.995876]","[4,5]","[0,0]","[-0.16353,-0.12125]",0,"[]","[]","[]","[]","[]","[]","[]","[]","[]","[]",2,"[360107,348986]","[-0.240016,-1.82074]","[1.72514,-1.43987]","[370884,1.10665e+06]","[16220.6,38122.7]","[0,0]","[3.50445,2.44752]","[0.659126,0.718825]",0,"[]","[]","[]","[]","[]","[]","[]","[]","[]","[]",0,"[90.1292]",16087.1,"[3860.91,8569.53]","[]","[4296.41,18873.3]","[]"
92,284500,2964512,364116,1,127.086,4.05305e+06,0.75088,0.916571,1,1,1,0.991347,0.98425,1,1,0,0,2,"[1,1]","[1,1]","[48512.1,32813.4]","[0.406392,1.55487]","[1.89894,-1.81976]","[52573.5,81142.3]","[0.0516739,0.0554428]","[1,-1]","[11,11]","[1,1]","[0,0]","[808.379,1460.62]","[-0.0427638,0.0223585]","[6.06504,1.80067]",15518.5,-3.06583,2,"[553033,514524]","[0.183959,-0.35378]","[-0.0493425,3.10682]","[563331,547425]","[1,0.999961]","[5,0]","[0,0]","[0.922568,-0.985281]",0,"[]","[]","[]","[]","[]","[]","[]","[]","[]","[]",2,"[556150,549820]","[-0.330781,0.218752]","[3.10699,-0.0455395]","[586855,563270]","[1188.83,16515.5]","[0,0]","[0,2.23144]","[-1,0.018915]",0,"[]","[]","[]","[]","[]","[]","[]","[]","[]","[]",0,"[30.1607,208.205]",13102.3,"[7285.86,13959.7]","[]","[12740.2,442.812]","[]"
93,284500,3528383,364116,-1.01737,127.086,4.05305e+06,0.696077,0.97095,1,1,1,1.39769,0.99216,1,1,0,0,1,"[1]","[1]","[39930.7]","[-0.449486]","[-2.9113]","[44032.8]","[-28.5715]","[1]","[11]","[1]","[2910.19]","[-18.6049]","[0.0118739]","[0.933285]",42899.2,0.0747731,7,"[180673,160344,49269.9,45731.3,28351.8,25693.2,23067.1]","[-1.20755,1.63967,-0.550516,0.198622,1.06488,-0.490828,-0.998612]","[-2.62584,0.332024,1.34006,-2.4399,-0.0800909,0.0815984,2.82593]","[330201,429493,57714.8,47919.6,46611.8,29519.3,35780.8]","[0.997569,0.993263,0.999519,0.994002,0.997768,0.99498,0.889292]","[0,0,0,0,0,0,0]","[0,0,0,0,0,0,0]","[-0.961209,-0.872405,-0.632448,-0.819494,-0.832916,0.949022,0.682506]",0,"[]","[]","[]","[]","[]","[]","[]","[]","[]","[]",1,"[253444]","[-1.1089]","[-2.73567]","[433348]","[79967.8]","[0]","[1.47496]","[0.609938]",0,"[]","[]","[]","[]","[]","[]","[]","[]","[]","[]",0,"[116.284]",12133.6,"[7111.94,5776.73,3423.87,2815.1,3815.34,4557.02,1672.99]","[]","[23563.9]","[]"
94,284500,6995685,364116,-0.524437,127.086,4.05305e+06,1.25133,0.944449,1,1,1,0.999122,0.99604,1,1,0,0,2,"[1,1]","[1,1]","[298023,277593]","[-2.29226,-1.36306]","[1.80187,-1.27171]","[1.48986e+06,577951]","[0.286076,-0.0617485]","[-1,1]","[11,11]","[1,1]","[0,1178.5]","[1778.64,4314.41]","[-0.0373961,-0.0482434]","[1.15153,2.56154]",34165.5,-2.51789,1,"[20234]","[0.37796]","[-0.501756]","[21732.4]","[0.979916]","[0]","[0]","[-0.912326]",0,"[]","[]","[]","[]","[]","[]","[]","[]","[]","[]",1,"[307715]","[-1.39657]","[-1.27315]","[660026]","[14976]","[0]","[6.31867]","[0.0847158]",0,"[]","[]","[]","[]","[]","[]","[]","[]","[]","[]",0,"[3882.51,6220.39]",2842.7,"[1131.63]","[]","[5657.41]","[]"
95,284500,2964455,364116,-1,127.086,4.05305e+06,0.75088,0.95444,1,1,1,1,1.01508,1,1,0,0,2,"[1,1]","[1,1]","[556073,514295]","[-1.70706,-0.589866]","[-2.51649,0.626153]","[1.58317e+06,606392]","[0.0526276,-0.0582199]","[-1,1]","[11,11]","[1,1]","[0,0]","[1821.47,355.314]","[-0.0212509,0.0140381]","[3.47429,1.34479]",10582,0.752389,0,"[]","[]","[]","[]","[]","[]","[]","[]",0,"[]","[]","[]","[]","[]","[]","[]","[]","[]","[]",2,"[563654,507812]","[-1.73296,-0.65587]","[-2.51441,0.628687]","[1.64423e+06,621005]","[5754.45,0.0161059]","[0,0]","[45.0228,0]","[-1,-1]",0,"[]","[]","[]","[]","[]","[]","[]","[]","[]","[]",0,"[14921.3,4368.07]",21928.3,"[]","[]","[12276.1,34818.1]","[]"
96,284500,1992086,364116,1,127.086,4.05305e+06,1.25133,0.979183,1,1,1,0.970544,1.00582,1,1,0,0,2,"[1,1]","[1,1]","[248725,220075]","[-0.229491,-0.744393]","[-2.21402,1.03088]","[255303,283917]","[-0.0391636,-0.0147114]","[-1,1]","[11,11]","[1,1]","[0,0]","[-708.817,422.205]","[-0.0295679,0.0232363]","[4.8184,3.18607]",19453,2.26098,1,"[42536.6]","[0.923986]","[-0.0754159]","[62608.4]","[0.996021]","[4]","[0]","[-0.875253]",0,"[]","[]","[]","[]","[]","[]","[]","[]","[]","[]",1,"[256870]","[-0.228531]","[-2.21199]","[263607]","[0.00248976]","[0]","[0]","[-1]",0,"[]","[]","[]","[]","[]","[]","[]","[]","[]","[]",0,"[1565.54,1770.74]",2980.48,"[4974.88]","[]","[10414.5]","[]"
97,284500,6831774,364116,-0.623316,127.086,4.05305e+06,0.696077,0.97828,1,1,1,0.998812,1.0005,1,1,0,0,1,"[1]","[1]","[181089]","[2.12316]","[1.5199]","[767560]","[-0.0774612]","[-1]","[11]","[1]","[0]","[-1733.32]","[-0.00383846]","[0.287065]",57425,1.69163,2,"[269717,30864.7]","[1.44506,-0.0548293]","[-1.58267,1.77489]","[603890,31224.7]","[1,0.999674]","[0,0]","[0,0]","[-0.979729,-0.759503]",0,"[]","[]","[]","[]","[]","[]","[]","[]","[]","[]",1,"[260834]","[1.43522]","[-1.58205]","[578873]","[984.835]","[0]","[7.22587]","[-1]",0,"[]","[]","[]","[]","[]","[]","[]","[]","[]","[]",0,"[2103.13]",9397.34,"[13446.7,3849.91]","[]","[388.719]","[]"
98,284500,7273329,364116,1,127.086,4.05305e+06,0.923924,0.949495,1,1,1,1,1.00582,1,1,0,0,2,"[1,1]","[1,1]","[364323,315371]","[-0.351427,-1.62203]","[2.46924,-0.650529]","[387052,829560]","[0.00429374,0.0154079]","[1,-1]","[11,11]","[1,1]","[0,0]","[142.798,-824.207]","[0.0421857,-0.0388538]","[5.0684,5.83699]",36316.7,-0.787392,0,"[]","[]","[]","[]","[]","[]","[]","[]",0,"[]","[]","[]","[]","[]","[]","[]","[]","[]","[]",2,"[373885,346454]","[-0.356056,-1.62788]","[2.47468,-0.645357]","[397836,916274]","[-0.00647778,2810.72]","[0,0]","[0,22.7649]","[-1,0.258801]",0,"[]","[]","[]","[]","[]","[]","[]","[]","[]","[]",0,"[2218.26,5732.59]",0,"[]","[]","[29007.6,29912.8]","[]"
99,284500,2032689,364116,1,127.086,4.05305e+06,0.75088,0.96483,1,1,1,0.984677,1.00141,1,1,0,0,1,"[1]","[1]","[42588.9]","[1.63986]","[-2.71387]","[113893]","[-0.00823402]","[-1]","[11]","[1]","[0]","[509.067]","[0.00166408]","[0.122806]",19883.4,-2.38779,4,"[447932,440243,68108.8,23370.5]","[0.984931,-1.09277,1.33626,-0.725633]","[0.557034,-2.58238,0.257626,1.48519]","[684279,730664,138535,30227.9]","[1,0.999743,1,0.992023]","[5,0,0,0]","[0,0,0,0]","[0.99213,-0.97253,-0.941056,-0.929872]",0,"[]","[]","[]","[]","[]","[]","[]","[]","[]","[]",2,"[509342,463045]","[1.02242,-1.10133]","[0.523686,-2.58005]","[803119,773643]","[75375.4,18547]","[0,0]","[1.96006,10.9901]","[0.713818,0.353111]",0,"[]","[]","[]","[]","[]","[]","[]","[]","[]","[]",0,"[297.391]",10804.2,"[10283.7,6391,6668.61,2561.67]","[]","[29854,9157.25]","[]"
100,284500,122314,364116,1,127.086,4.05305e+06,1.55465,0.872683,1,1,1,0.982208,0.96793,1,1,0,0,2,"[1,1]","[1,0]","[44566.3,19442.5]","[-1.04532,1.33995]","[0.776923,0.565226]","[71214.6,39669.7]","[0.032753,0.0465698]","[1,-1]","[11,11]","[1,0]","[0,0]","[-192.78,1855.81]","[-0.0321071,0.00212469]","[1.31209,0.0439978]",74456.2,-0.743712,1,"[168995]","[-2.0358]","[-0.206744]","[658178]","[0.993174]","[5]","[0]","[0.796478]",0,"[]","[]","[]","[]","[]","[]","[]","[]","[]","[]",1,"[255488]","[-0.468931]","[3.04337]","[285256]","[25693.6]","[0]","[4.20583]","[0.537141]",0,"[]","[]","[]","[]","[]","[]","[]","[]","[]","[]",0,"[183.849,225.612]",1692.84,"[9979.78]","[]","[13347.3]","[]"
101,284500,6007951,364116,0.741343,127.086,4.05305e+06,0.696077,0.97003,0.999319,1,1,0.991679,0.97256,1,1,0,0,2,"[1,0]","[1,0]","[43193.6,7052.42]","[0.785384,-1.0078]","[0.385596,-2.46896]","[57214.1,10948]","[46.7985,45.3358]","[-1,1]","[11,13]","[1,0]","[3948.85,0]","[248.354,2997.07]","[0.00270304,0.0226667]","[0.267141,1.39149]",76396.3,-2.72466,6,"[193342,165609,28770.8,28341,22390.3,20841]","[0.957883,0.0242995,-1.43198,-1.99544,1.7687,-0.935068]","[-0.0240889,3.0259,-2.95437,-2.84847,-0.362232,2.72282]","[289500,168159,63994.3,106261,67649.9,30967.4]","[0.996186,0.9942,0.991963,1,1,0.953519]","[0,0,0,0,0,0]","[0,0,0,0,0,0]","[-0.75287,-0.94362,-0.82119,-0.853517,-0.52185,-0.659574]",0,"[]","[]","[]","[]","[]","[]","[]","[]","[]","[]",1,"[272841]","[1.02158]","[0.0818068]","[443291]","[115304]","[0]","[2.02168]","[0.592078]",0,"[]","[]","[]","[]","[]","[]","[]","[]","[]","[]",0,"[133.949,31.375]",21647,"[15127.6,2062.9,4345.26,2750.09,1763.27,1207.33]","[]","[15007.2]","[]"
102,284500,3374351,364116,1,127.086,4.05305e+06,0.596562,0.97738,1,1,1,0.953224,1.00056,1,1,0,0,1,"[1]","[1]","[64144.6]","[0.455528]","[3.06649]","[70915.7]","[41.7382]","[1]","[11]","[1]","[4240.29]","[779.844]","[-0.00858317]","[0.603858]",68451.6,-0.304695,7,"[381844,183761,159596,102303,38869.7,28327.3,21217.5]","[1.95214,-0.800196,1.91667,-0.797557,1.01043,-0.384603,-0.983408]","[-2.0077,1.17029,1.89026,0.0400712,1.4117,-0.316083,1.57223]","[1.37207e+06,249213,554448,137520,60975.8,30985.9,32546.6]","[0.994333,1,0.992697,0.993216,0.978471,0.60413,0.98]","[0,0,0,0,0,5,0]","[0,0,0,0,0,0,0]","[-0.832087,-0.753896,-0.863037,-0.888178,-0.913082,-0.808638,-0.900385]",0,"[]","[]","[]","[]","[]","[]","[]","[]","[]","[]",1,"[386467]","[1.94884]","[-2.00867]","[1.38428e+06]","[20882.5]","[0]","[3.31]","[0.705685]",0,"[]","[]","[]","[]","[]","[]","[]","[]","[]","[]",0,"[459.321]",12526.7,"[6672.63,2552.24,5451.87,8473.56,6167.55,6539.55,1402.39]","[]","[47889.5]","[]"
103,284500,721928,364116,1.19139,127.086,4.05305e+06,0.923924,0.972512,1,1,1,1,0.99765,1,1,0,0,2,"[1,1]","[1,1]","[256888,234171]","[0.605053,0.496623]","[1.97599,-1.14933]","[305362,263647]","[0.0674076,0.00858879]","[1,-1]","[11,11]","[1,1]","[0,0]","[-618.059,-631.562]","[-0.00278439,0.00488052]","[0.259906,0.88235]",18907.2,-1.53345,0,"[]","[]","[]","[]","[]","[]","[]","[]",0,"[]","[]","[]","[]","[]","[]","[]","[]","[]","[]",1,"[266232]","[0.622217]","[1.97944]","[319464]","[2698.35]","[0]","[55.192]","[0.0347486]",0,"[]","[]","[]","[]","[]","[]","[]","[]","[]","[]",0,"[2820.01,1179.19]",0,"[]","[]","[3426.53]","[]"
104,284500,4963256,364116,1,127.086,4.05305e+06,0.696077,1.01179,1,1,1,1,1.00306,1,1,0,0,2,"[1,1]","[1,1]","[246157,238806]","[0.843081,1.07011]","[0.359152,-2.70789]","[338946,389096]","[0.00167847,0.0641403]","[-1,1]","[11,11]","[1,1]","[0,0]","[-1365.76,1140.58]","[0.0102719,-0.00862484]","[1.46701,1.16675]",15069.9,1.6527,0,"[]","[]","[]","[]","[]","[]","[]","[]",0,"[]","[]","[]","[]","[]","[]","[]","[]","[]","[]",2,"[259719,258184]","[0.81809,1.04284]","[0.356229,-2.70857]","[351587,411773]","[-0.00478416,2279.03]","[0,0]","[0,32.2362]","[-1,-1]",0,"[]","[]","[]","[]","[]","[]","[]","[]","[]","[]",0,"[2877.69,3001.55]",20353.2,"[]","[]","[0,0]","[]"
105,284500,1301914,364116,-1,127.086,4.05305e+06,0.75088,0.998255,1,1,1,1,0.99765,1,1,0,0,2,"[1,1]","[1,1]","[366632,350775]","[0.752394,0.992707]","[-1.93639,1.23561]","[475395,538283]","[-0.0799713,0.195889]","[1,-1]","[11,11]","[1,1]","[0,0]","[-3328.85,-1808.04]","[0.0230155,-0.0294641]","[2.86755,2.96044]",11201.1,-2.59751,0,"[]","[]","[]","[]","[]","[]","[]","[]",0,"[]","[]","[]","[]","[]","[]","[]","[]","[]","[]",2,"[378113,378470]","[0.74256,0.985251]","[-1.93111,1.23595]","[487238,577512]","[1405.63,0.00552427]","[0,0]","[0,0]","[-1,-1]",0,"[]","[]","[]","[]","[]","[]","[]","[]","[]","[]",0,"[2736.49,4064.51]",1443.97,"[]","[]","[7178.22,21088.6]","[]"
106,284500,6173093,364116,1,127.086,4.05305e+06,1.26205,0.979489,1,1,1,0.996704,0.99765,1,1,0,0,2,"[1,1]","[1,1]","[237759,213051]","[0.718408,-0.26607]","[1.73186,-1.27799]","[301799,220637]","[-0.0323143,0.0713768]","[-1,1]","[11,11]","[1,1]","[0,0]","[282.87,-1251.2]","[0.00334195,-0.00479155]","[0.501648,0.652108]",6302.08,-0.978178,2,"[33713.6,30135.9]","[2.2632,1.73251]","[-1.07821,-2.69589]","[163948,88048.3]","[0.991335,0.991485]","[0,0]","[0,0]","[-0.272543,-0.705229]",0,"[]","[]","[]","[]","[]","[]","[]","[]","[]","[]",1,"[250276]","[0.703085]","[1.7289]","[314730]","[1433.82]","[0]","[0]","[-1]",0,"[]","[]","[]","[]","[]","[]","[]","[]","[]","[]",0,"[1436.07,1567.98]",4113.23,"[4623.38,2269.89]","[]","[0]","[]"
107,284500,2218965,364116,1,127.086,4.05305e+06,0.619412,0.967171,1,1,1,1,1.00582,1,1,0,0,2,"[1,1]","[1,1]","[418118,405317]","[-0.555394,0.107813]","[0.193645,-2.94784]","[484280,407675]","[-0.0118752,-0.0192461]","[-1,1]","[11,11]","[1,1]","[0,0]","[-1136.24,-1595.02]","[-0.00481572,-0.00733386]","[0.78371,0.84407]",12517,-2.89897,0,"[]","[]","[]","[]","[]","[]","[]","[]",0,"[]","[]","[]","[]","[]","[]","[]","[]","[]","[]",2,"[428257,423223]","[-0.565232,0.104804]","[0.196114,-2.95184]","[498511,425549]","[1607.83,0.00543727]","[0,0]","[0,0]","[-1,-1]",0,"[]","[]","[]","[]","[]","[]","[]","[]","[]","[]",0,"[2555.28,5126]",0,"[]","[]","[42191.5,17071.7]","[]"
108,284500,5234374,364116,-1,127.086,4.05305e+06,1.26459,0.9617,1,1,1,0.882206,0.97432,1,1,0,0,1,"[1]","[1]","[59493.3]","[0.154685]","[1.69697]","[60206.5]","[0.038475]","[-1]","[11]","[1]","[0]","[-806.632]","[-0.0027498]","[0.295295]",30619.5,-1.10925,4,"[216315,101019,52795,33980.9]","[1.17502,0.954938,-0.128553,-2.45974]","[2.63056,1.81282,-1.31217,-0.0203554]","[384078,151234,53792.9,200424]","[0,0,0.991654,0.0127549]","[0,5,0,0]","[0,0,0,0]","[-0.394768,-0.716575,-0.805494,-0.863693]",0,"[]","[]","[]","[]","[]","[]","[]","[]","[]","[]",1,"[274771]","[1.15233]","[2.38969]","[487631]","[94931.3]","[0]","[0.61593]","[0.787479]",0,"[]","[]","[]","[]","[]","[]","[]","[]","[]","[]",0,"[92.394]",3371.21,"[5219.37,1992.97,3876.8,3244.81]","[]","[15731.4]","[]"
109,284500,2026899,364116,-1,127.086,4.05305e+06,1.22586,0.9666,1,1,1,0.993078,0.95498,1,1,0,0,1,"[1]","[1]","[52888.8]","[-0.7681]","[2.34961]","[69272.7]","[-0.0718307]","[1]","[11]","[1]","[0]","[2110.3]","[0.00229855]","[0.220017]",62760.8,-1.05303,2,"[620065,566448]","[1.66728,-1.03159]","[1.78494,-1.37641]","[1.70119e+06,896059]","[0.984755,0.994266]","[0,0]","[0,0]","[0.686235,-0.808758]",0,"[]","[]","[]","[]","[]","[]","[]","[]","[]","[]",2,"[626751,621993]","[-1.10724,1.66376]","[-1.35203,1.78751]","[1.05968e+06,1.70085e+06]","[128732,22343.1]","[0,0]","[2.87133,3.67602]","[0.629112,0.54006]",0,"[]","[]","[]","[]","[]","[]","[]","[]","[]","[]",0,"[136.412]",25233.4,"[26413.8,7345.65]","[]","[41639.4,669.688]","[]"
110,284500,2519024,364116,-1,127.086,4.05305e+06,0.553627,1.00588,1,1,1,1,1.00306,1,1,0,0,1,"[1]","[1]","[335982]","[1.12836]","[-1.86058]","[573547]","[-0.0341763]","[1]","[11]","[1]","[0]","[2094.21]","[-0.0378613]","[4.49008]",69267.2,-1.83471,0,"[]","[]","[]","[]","[]","[]","[]","[]",0,"[]","[]","[]","[]","[]","[]","[]","[]","[]","[]",1,"[369924]","[1.13883]","[-1.8554]","[636882]","[1693.84]","[0]","[67.2785]","[-1]",0,"[]","[]","[]","[]","[]","[]","[]","[]","[]","[]",0,"[4858.48]",15378.1,"[]","[]","[23957.9]","[]"
111,284500,3574244,364116,-1,127.086,4.05305e+06,0.75088,0.934028,1,1,1,0.867127,0.98871,1,1,0,0,2,"[1,1]","[1,0]","[71424.4,28666.2]","[-0.752868,-0.517068]","[-0.958485,2.04011]","[92640.9,32584.5]","[0.0920448,-0.0156918]","[-1,1]","[11,11]","[1,1]","[0,0]","[488.079,2219.78]","[0.0146872,-0.000388493]","[1.23639,0.0348401]",28949.1,0.586683,4,"[253827,211048,75371.9,23659.8]","[-0.05134,-0.0319551,1.27479,1.91987]","[-0.312195,2.86904,2.73464,2.87966]","[254820,213890,145774,82487.2]","[0,0,0.404266,0.997751]","[0,0,5,0]","[0,0,0,0]","[-0.748433,-0.712373,-0.621932,-0.681648]",0,"[]","[]","[]","[]","[]","[]","[]","[]","[]","[]",1,"[311354]","[-0.226478]","[-0.456786]","[345424]","[131600]","[0]","[0.355189]","[0.635473]",0,"[]","[]","[]","[]","[]","[]","[]","[]","[]","[]",0,"[368.95,127.845]",5185.31,"[10867.7,6308.75,1530.12,1629.59]","[]","[25721.2]","[]"
112,284500,2019233,364116,1,127.086,4.05305e+06,0.75088,0.950679,1,1,1,1,1.00493,1,1,0,0,3,"[1,1,0]","[1,1,0]","[350182,293848,7510.62]","[-1.22578,-0.439596,-2.53823]","[-0.171087,2.98109,2.7598]","[647900,322701,47828.7]","[0.0254211,0.175362,-19.4104]","[-1,1,1]","[11,11,13]","[1,1,0]","[0,0,0]","[-2113.67,144.838,-573.934]","[0.0184202,-0.00864545,0.16251]","[1.9882,0.814911,9.5786]",7806.95,2.33888,0,"[]","[]","[]","[]","[]","[]","[]","[]",0,"[]","[]","[]","[]","[]","[]","[]","[]","[]","[]",2,"[369877,310754]","[-1.25835,-0.484255]","[-0.163988,2.98175]","[703456,347942]","[0.0078125,4910.56]","[0,0]","[0,24.4243]","[-1,0.429544]",0,"[]","[]","[]","[]","[]","[]","[]","[]","[]","[]",0,"[4951.83,1602.3,79.1382]",1918.97,"[]","[]","[660.25,10039.7]","[]"
113,284500,3030828,364116,1,127.086,4.05305e+06,0.75088,0.958675,1,1,1,0.999365,1.01265,1,1,0,0,2,"[1,1]","[1,1]","[283089,257164]","[1.59716,2.37349]","[0.464762,-2.75883]","[727743,1.39228e+06]","[0.0175858,-0.0257568]","[-1,1]","[11,11]","[1,1]","[0,0]","[-440.025,4585.03]","[0.000587389,-0.00060878]","[0.0798606,0.0692068]",29229.6,-0.441963,1,"[32450.6]","[0.379202]","[-2.21879]","[34969.7]","[0.998778]","[0]","[0]","[-0.472725]",0,"[]","[]","[]","[]","[]","[]","[]","[]","[]","[]",1,"[309594]","[1.57835]","[0.458799]","[782236]","[2341.75]","[0]","[7.8769]","[-1]",0,"[]","[]","[]","[]","[]","[]","[]","[]","[]","[]",0,"[7229.79,3525.75]",5133.77,"[1968.11]","[]","[5280.47]","[]"
114,284500,3059709,364116,1,127.086,4.05305e+06,1.74563,0.985702,0.996048,1,1,0.999653,1.00306,1,1,0,0,3,"[1,1,0]","[1,1,0]","[193569,185463,7496.77]","[1.11335,0.486033,2.27238]","[-0.238881,3.00977,1.23671]","[326454,207803,36754.9]","[0.00946045,0.00421715,0.933994]","[1,-1,-1]","[11,11,13]","[1,1,1]","[0,0,0]","[1072.59,977.793,2025.24]","[0.0152179,-0.0108353,0.42855]","[1.50809,1.54558,17.6902]",71815.5,2.30323,1,"[63817.5]","[0.547371]","[-0.753074]","[74232.4]","[0]","[0]","[0]","[-0.849763]",0,"[]","[]","[]","[]","[]","[]","[]","[]","[]","[]",1,"[252932]","[1.04138]","[-0.347029]","[406591]","[54436.9]","[0]","[0.395114]","[0.414517]",0,"[]","[]","[]","[]","[]","[]","[]","[]","[]","[]",0,"[1858.73,963.053,25.896]",5063.2,"[5444.56]","[]","[0]","[]"
115,284500,3741238,364116,1,127.086,4.05305e+06,1.32095,0.985702,1,1,1,1,1.00632,1,1,0,0,2,"[1,1]","[1,1]","[496936,491899]","[0.931591,0.510895]","[-0.906214,2.24313]","[728625,557504]","[-0.0406685,0.0221729]","[-1,1]","[11,11]","[1,1]","[1590.86,1267.95]","[3420.86,-1157.14]","[-0.00509955,-0.0103985]","[0.711547,1.87217]",10128.8,1.15706,0,"[]","[]","[]","[]","[]","[]","[]","[]",0,"[]","[]","[]","[]","[]","[]","[]","[]","[]","[]",2,"[529935,498602]","[0.941474,0.530318]","[-0.909025,2.23816]","[782664,570374]","[0.0078125,0]","[0,0]","[0,0]","[-1,-1]",0,"[]","[]","[]","[]","[]","[]","[]","[]","[]","[]",0,"[5853.05,3134.87]",0,"[]","[]","[11747.4,19905.1]","[]"
116,284500,3312495,364116,0.698853,127.086,4.05305e+06,0.738662,1.00588,1,1,1,1,1.00306,1,1,0,0,1,"[1]","[1]","[258068]","[1.11445]","[-2.11996]","[435618]","[-0.0520973]","[-1]","[11]","[1]","[0]","[-1256.27]","[-0.00892545]","[0.749542]",55266.8,-2.44738,0,"[]","[]","[]","[]","[]","[]","[]","[]",0,"[]","[]","[]","[]","[]","[]","[]","[]","[]","[]",2,"[303286,263516]","[1.89993,1.14256]","[1.03659,-2.1176]","[1.0365e+06,455064]","[6987.16,-0.0078125]","[0,0]","[12.1886,0]","[0.619482,-1]",0,"[]","[]","[]","[]","[]","[]","[]","[]","[]","[]",0,"[2759.82]",10660.4,"[]","[]","[21909.5,31228]","[]"
117,284500,6782169,364116,-1,127.086,4.05305e+06,0.619412,0.875159,1,1,1,0.997935,0,1,1,0,0,2,"[1,1]","[1,1]","[25672.3,25131.7]","[-1.02158,-1.34075]","[1.39734,-2.07202]","[40274.8,51313.6]","[54.4393,54.4159]","[1,-1]","[11,11]","[1,1]","[0,0]","[-620.261,-1049.27]","[0.0119231,-0.0123354]","[1.05348,0.785725]",10206.4,3.02288,3,"[259011,238153,53562.2]","[1.45399,1.52254,1.67915]","[-2.65232,0.498894,0.0791255]","[586570,572746,148710]","[0.999024,0.988975,1]","[0,0,0]","[0,0,0]","[-0.571077,-0.650005,-0.898398]",0,"[]","[]","[]","[]","[]","[]","[]","[]","[]","[]",2,"[287036,268232]","[1.44209,1.53675]","[-2.5899,0.434588]","[643689,655075]","[59345.2,58988]","[0,0]","[1.56132,1.34012]","[0.803029,0.840179]",0,"[]","[]","[]","[]","[]","[]","[]","[]","[]","[]",0,"[79.8581,99.7957]",283.187,"[4069.57,4349.31,3733.61]","[]","[15961.1,0]","[]"
118,284500,2774549,364116,1,127.086,4.05305e+06,1.55465,0.878673,1,1,1,0.904107,0,1,1,0,0,2,"[1,1]","[1,1]","[26224.3,25138.2]","[1.21826,-1.10729]","[0.835898,-3.10851]","[48214,42189.4]","[61.9585,61.9667]","[1,-1]","[11,11]","[1,1]","[0,0]","[-802.464,462.205]","[0.0381954,0.00565555]","[3.73774,0.316359]",68209.9,-2.02032,3,"[283799,112060,36074.5]","[-1.07709,-2.32152,-0.769065]","[-1.41214,1.88144,1.11734]","[465170,576801,47688.6]","[1,0.972394,0.963097]","[0,0,5]","[0,0,0]","[-0.81612,-0.658169,-0.812492]",0,"[]","[]","[]","[]","[]","[]","[]","[]","[]","[]",1,"[306747]","[-1.0446]","[-1.3833]","[492669]","[52272.7]","[0]","[3.16272]","[0.642257]",0,"[]","[]","[]","[]","[]","[]","[]","[]","[]","[]",0,"[90.6766,61.6602]",11135.2,"[3672.07,6520.49,8322.79]","[]","[13447.5]","[]"
119,284500,3370487,364116,1,127.086,4.05305e+06,1.25133,0.931847,1,1,1,1.02443,0.98854,1,1,0,0,2,"[1,1]","[1,1]","[43653.8,30288.2]","[-0.183942,-1.12228]","[0.24092,-2.543]","[44394.4,51450.4]","[-0.0932999,-0.0332546]","[1,-1]","[11,11]","[1,1]","[0,1697.99]","[311.391,659.018]","[0.00288774,0.00101112]","[0.136537,0.0836616]",18846,-0.619852,2,"[264594,233449]","[1.60949,-1.36151]","[2.27319,-0.902336]","[688167,485663]","[0.996536,0.999385]","[5,5]","[0,0]","[-0.373374,0.964432]",0,"[]","[]","[]","[]","[]","[]","[]","[]","[]","[]",2,"[273432,277691]","[1.60377,-1.46153]","[2.27508,-0.852439]","[707386,633390]","[15604.1,55288]","[0,0]","[2.61801,2.62711]","[0.575832,0.449746]",0,"[]","[]","[]","[]","[]","[]","[]","[]","[]","[]",0,"[262.358,203.593]",14527,"[15850.1,3019.45]","[]","[11723,658.625]","[]"
120,284500,3372748,364116,-1,127.086,4.05305e+06,1.1961,0.98089,1,1,1,0.997811,0.99866,1,1,0,0,1,"[1]","[1]","[302954]","[-1.03907]","[-2.71816]","[481753]","[-0.029335]","[1]","[11]","[1]","[0]","[-3843.92]","[0.00474582]","[0.821865]",68475.4,-2.09281,2,"[354503,24624.1]","[-1.51126,1.32408]","[0.448755,2.37227]","[842649,50008.3]","[0.999327,0.994531]","[0,0]","[0,0]","[-0.922155,-0.85079]",0,"[]","[]","[]","[]","[]","[]","[]","[]","[]","[]",2,"[325870,316884]","[-1.06378,-1.5246]","[-2.71476,0.451348]","[528311,762269]","[1221.45,1766.92]","[0,0]","[0,0.320946]","[-1,-1]",0,"[]","[]","[]","[]","[]","[]","[]","[]","[]","[]",0,"[3479.78]",1054.7,"[4684.25,3876.98]","[]","[24724.7,1762.59]","[]"
121,284500,3999664,364116,1,127.086,4.05305e+06,1.26205,0.979183,1,1,1,1,1.00582,1,1,0,0,2,"[1,1]","[1,1]","[556066,549938]","[-0.400772,-0.767899]","[-1.89292,1.23083]","[601324,720204]","[-0.0633144,0.0663528]","[-1,1]","[11,11]","[1,1]","[1300.65,0]","[931.706,2618.46]","[-0.0138367,-0.00861945]","[2.33203,1.26205]",15385.2,2.4268,0,"[]","[]","[]","[]","[]","[]","[]","[]",0,"[]","[]","[]","[]","[]","[]","[]","[]","[]","[]",2,"[572384,565784]","[-0.787991,-0.417725]","[1.22607,-1.8951]","[759513,615906]","[7396.81,6779.34]","[0,0]","[11.7398,0]","[0.366795,-1]",0,"[]","[]","[]","[]","[]","[]","[]","[]","[]","[]",0,"[4229.52,5042.42]",0,"[]","[]","[18676.6,19377.8]","[]"
122,284500,2656548,364116,1,127.086,4.05305e+06,1.26205,0.96179,1,1,1,0.967979,0.93731,1,1,0,0,1,"[1]","[1]","[29314.8]","[-0.00876228]","[-0.578397]","[29315.9]","[-0.136837]","[1]","[11]","[1]","[0]","[264.537]","[-0.0392034]","[2.27224]",34562.1,-2.55907,4,"[281914,201823,80793.5,23160.4]","[-0.445812,-1.67385,-0.390826,1.9848]","[0.668076,-2.41334,3.09534,-0.621719]","[311190,557154,87060.6,85948.4]","[0.950194,0.993636,0.89,0.962231]","[5,5,0,0]","[0,0,0,0]","[0.907028,0.974699,-0.764224,-0.614334]",0,"[]","[]","[]","[]","[]","[]","[]","[]","[]","[]",1,"[264540]","[-0.442262]","[0.667852]","[291583]","[20852.6]","[0]","[2.57681]","[0.766442]",0,"[]","[]","[]","[]","[]","[]","[]","[]","[]","[]",0,"[126.119]",7112.89,"[3496.22,2639.85,1891.33,2201.97]","[]","[6821.86]","[]"
123,284500,4015666,364116,1.56628,127.086,4.05305e+06,1.21412,0.99242,1,1,1,0.997501,0.99765,1,1,0,0,1,"[1]","[1]","[341634]","[0.785556]","[0.278863]","[452578]","[0.0023365]","[-1]","[11]","[1]","[1062.7]","[1110.09]","[0.0109459]","[1.55004]",25908.6,0.834526,2,"[382557,20286.9]","[-0.274717,-2.19149]","[-2.80884,0.600969]","[398192,91977.9]","[1,0.978175]","[0,0]","[0,0]","[-0.473149,-0.378325]",0,"[]","[]","[]","[]","[]","[]","[]","[]","[]","[]",2,"[356627,354711]","[-0.29085,0.777174]","[-2.81301,0.273759]","[373040,467338]","[30160.7,1364.43]","[0,0]","[1.36827,0]","[0.497892,-1]",0,"[]","[]","[]","[]","[]","[]","[]","[]","[]","[]",0,"[3683.91]",28041.9,"[11596.6,1130.23]","[]","[22835.8,2753.69]","[]"
124,284500,7023626,364116,1,127.086,4.05305e+06,1.25133,0.985702,1,1,1,0.999635,1.00306,1,1,0,0,2,"[1,1]","[1,1]","[263285,224662]","[0.961338,0.574718]","[2.33741,-0.747486]","[394608,262798]","[-0.0083046,-0.0210304]","[-1,1]","[11,11]","[1,1]","[0,0]","[848.19,-819.548]","[-0.000260032,-6.41846e-05]","[0.0348275,0.00970516]",30321.9,0.552337,1,"[42540.5]","[0.692193]","[-1.80305]","[53690.3]","[0.978445]","[0]","[0]","[-0.892432]",0,"[]","[]","[]","[]","[]","[]","[]","[]","[]","[]",1,"[288059]","[0.957629]","[2.33493]","[430550]","[0]","[0]","[0]","[-1]",0,"[]","[]","[]","[]","[]","[]","[]","[]","[]","[]",0,"[2713.82,1143.02]",2238.67,"[3874.4]","[]","[17601.4]","[]"
125,284500,3306329,364116,-1,127.086,4.05305e+06,0.75088,0.922276,1,1,1,1.04545,1.00582,1,1,0,0,2,"[1,1]","[1,0]","[88926.8,23509.9]","[-0.236092,0.649009]","[1.30188,-1.10204]","[91416.7,28637.5]","[-0.0244141,0.035656]","[1,-1]","[11,11]","[1,0]","[3780.92,0]","[-920.871,930.578]","[-0.00933947,0.000739259]","[0.908316,0.0689686]",96107.4,1.99465,5,"[227383,84820.8,78315.8,25282.8,22582]","[1.12271,2.47465,0.894164,-0.695635,0.269991]","[-1.04581,2.44558,-1.95727,1.93623,-2.42291]","[388220,507324,113190,32262.2,23823.9]","[0,0,0.983203,0.970637,0.761434]","[0,0,5,0,0]","[0,0,0,0,0]","[-0.788372,-0.638381,0.936561,-0.789651,-0.826237]",0,"[]","[]","[]","[]","[]","[]","[]","[]","[]","[]",1,"[303836]","[1.11271]","[-1.2408]","[535674]","[156982]","[0]","[1.35596]","[0.628202]",0,"[]","[]","[]","[]","[]","[]","[]","[]","[]","[]",0,"[621.201,114.919]",1567.36,"[4548.36,3418.7,1835.68,1954.09,1915.47]","[]","[2444.31]","[]"
126,284500,5537910,364116,-1,127.086,4.05305e+06,1.1961,0.97996,1,1,1,0.990116,1.01265,1,1,0,0,1,"[1]","[1]","[257586]","[1.56755]","[-0.272595]","[644409]","[-0.0179291]","[1]","[11]","[1]","[0]","[1445.95]","[-0.0095463]","[1.12597]",13266.1,-0.701419,1,"[25260.2]","[-1.8182]","[-3.02399]","[79977.9]","[0.956481]","[5]","[0]","[-0.0178984]",0,"[]","[]","[]","[]","[]","[]","[]","[]","[]","[]",1,"[275990]","[1.57424]","[-0.268337]","[694727]","[5995.48]","[0]","[20.8658]","[0.39013]",0,"[]","[]","[]","[]","[]","[]","[]","[]","[]","[]",0,"[5837.56]",9690.75,"[4206.87]","[]","[14277.4]","[]"
127,284500,7999840,364116,1.06548,127.086,4.05305e+06,0.738662,0.90059,1,1,1,0.993233,0.98592,1,1,0,0,2,"[1,1]","[1,1]","[74871.7,30002.6]","[-1.33171,-1.23493]","[-0.75423,-3.10567]","[151673,55939.8]","[-222.81,-222.962]","[-1,1]","[11,11]","[1,1]","[0,0]","[-330.302,1637.6]","[0.0103421,0.0201147]","[0.927759,1.75009]",20041.5,1.97651,7,"[232423,128285,73660.4,51973.9,34370.4,27584.9,22446]","[-2.03369,-1.98826,0.46241,-0.476417,-0.290508,-1.29588,1.70472]","[2.99979,-0.108679,-0.0859152,2.39128,-1.04361,0.299698,-1.57085]","[903573,477380,82386.3,58846.3,36007.5,54401.7,63979]","[0.999482,0.997571,0.995028,1,0.998207,0.993215,0.99696]","[0,0,0,0,0,0,0]","[0,0,0,0,0,0,0]","[-0.257818,-0.92905,-0.924867,-0.0890346,-0.692346,-0.963002,-0.486274]",0,"[]","[]","[]","[]","[]","[]","[]","[]","[]","[]",1,"[271488]","[-1.93736]","[3.01789]","[962547]","[40921.1]","[0]","[1.51968]","[0.650716]",0,"[]","[]","[]","[]","[]","[]","[]","[]","[]","[]",0,"[663.569,81.552]",11164.3,"[12246,7928.67,3141.99,6861.21,2163.86,7594.2,1625.11]","[]","[17559.2]","[]"
128,284500,6168908,364116,-1.06785,127.086,4.05305e+06,1.26459,0.9655,1,1,1,0.981155,1.00002,1,1,0,0,1,"[1]","[1]","[31772.4]","[0.40874]","[2.94629]","[34463.6]","[0.00746536]","[1]","[11]","[1]","[0]","[321.069]","[0.00778563]","[0.709133]",275072,-2.22637,2,"[170178,53067.3]","[0.0286768,-1.48098]","[-2.14965,-0.811403]","[170900,122956]","[0.99941,0.98217]","[5,0]","[0,0]","[0.276489,-0.931344]",0,"[]","[]","[]","[]","[]","[]","[]","[]","[]","[]",1,"[450837]","[0.0430364]","[0.984677]","[452027]","[26428.3]","[0]","[5.59585]","[0.685916]",0,"[]","[]","[]","[]","[]","[]","[]","[]","[]","[]",0,"[29.665]",17783.5,"[8403.38,8823.29]","[]","[39366.8]","[]"
129,284500,4083656,364116,1,127.086,4.05305e+06,1.24168,0.96689,1,1,1,0.998476,1.00136,1,1,0,0,1,"[1]","[1]","[53258.4]","[1.77577]","[0.0272883]","[161750]","[37.596]","[-1]","[11]","[1]","[1522.21]","[4202.24]","[0.0356417]","[1.36578]",55411.4,-2.73025,2,"[235420,181800]","[-1.05946,-1.59538]","[-3.02958,0.504882]","[382750,467084]","[0.982476,0.99903]","[0,0]","[0,0]","[-0.687331,-0.760546]",0,"[]","[]","[]","[]","[]","[]","[]","[]","[]","[]",1,"[262702]","[-1.07975]","[-2.9942]","[434817]","[55144.4]","[0]","[1.36994]","[0.840598]",0,"[]","[]","[]","[]","[]","[]","[]","[]","[]","[]",0,"[210.294]",11222.6,"[4192.49,7399.15]","[]","[13661.3]","[]"
130,284500,7238447,364116,1,127.086,4.05305e+06,1.24168,0.9523,1,1,1,0.975836,1.00043,1,1,0,0,1,"[1]","[1]","[38263]","[1.52579]","[2.31142]","[92141.7]","[0.00940895]","[1]","[11]","[1]","[0]","[5.23734]","[0.00859202]","[0.641568]",17400.2,1.92213,4,"[320662,320243,65605.8,22247.2]","[0.837342,0.972079,-0.301862,-0.865261]","[-2.22867,0.921623,-0.94027,-1.45545]","[440318,484376,69227.1,31432]","[0.99,0.999608,0.98133,0.925002]","[0,5,0,0]","[0,0,0,0]","[-0.661914,0.994599,-0.933873,-0.862336]",0,"[]","[]","[]","[]","[]","[]","[]","[]","[]","[]",2,"[329056,320938]","[0.981163,0.845773]","[0.917967,-2.23509]","[500837,442996]","[16489.8,15217]","[0,0]","[2.13666,2.17776]","[0.477629,0.7022]",0,"[]","[]","[]","[]","[]","[]","[]","[]","[]","[]",0,"[184.696]",7383.94,"[7244.98,6172.98,2526.14,5649.69]","[]","[43865.6,12756.6]","[]"
131,284500,2197411,364116,-1,127.086,4.05305e+06,1.08735,1.00057,1,1,1,0.998754,1.00936,1,1,0,0,2,"[1,1]","[1,1]","[322426,321528]","[0.135837,-0.207142]","[-0.72224,2.52256]","[325405,328451]","[0.132545,-0.010643]","[1,-1]","[11,11]","[1,1]","[0,2653.4]","[-1246.27,1892.19]","[-0.0044961,-0.0147181]","[0.668078,2.1629]",11214.2,-1.142,1,"[34820.1]","[-1.58663]","[1.26121]","[88887.3]","[0.978114]","[0]","[0]","[-0.912812]",0,"[]","[]","[]","[]","[]","[]","[]","[]","[]","[]",2,"[340530,328055]","[0.088437,-0.261848]","[-0.726453,2.5204]","[341863,339390]","[-0.00218366,4043.99]","[0,0]","[0,20.817]","[-1,-1]",0,"[]","[]","[]","[]","[]","[]","[]","[]","[]","[]",0,"[5776.41,2276.86]",3580.52,"[4863.19]","[]","[11743.6,6390.41]","[]"
132,284500,2197943,364116,-1,127.086,4.05305e+06,1.24168,0.950287,1,1,1,0.997695,0.99544,1,1,0,0,2,"[1,1]","[1,1]","[378852,311653]","[1.30223,1.69897]","[-0.701869,2.34241]","[748121,880604]","[0.058466,-0.030447]","[1,-1]","[11,11]","[1,1]","[0,1675.25]","[405.518,5626.66]","[0.0189991,-0.00585261]","[1.37418,0.573815]",29781,1.36897,2,"[43987.8,25273.5]","[2.30303,-0.606165]","[3.07604,-2.68559]","[222306,30286]","[0.916486,0.865809]","[0,0]","[0,0]","[-0.879794,-0.911616]",0,"[]","[]","[]","[]","[]","[]","[]","[]","[]","[]",2,"[392177,363127]","[1.30122,1.80185]","[-0.707007,2.41108]","[773762,1.13539e+06]","[0.0135316,106519]","[0,0]","[0,0.995054]","[-1,0.83083]",0,"[]","[]","[]","[]","[]","[]","[]","[]","[]","[]",0,"[6251.09,7578.52]",432.316,"[2885.58,1819.17]","[]","[18772.8,7918.03]","[]"
133,284500,5570534,364116,1,127.086,4.05305e+06,1.26459,0.93306,1,1,1,0.999535,0.94612,1,1,0,0,1,"[1]","[1]","[30805.2]","[-1.2762]","[-1.05503]","[59486.1]","[-0.0249491]","[-1]","[11]","[1]","[0]","[-617.681]","[-0.0469586]","[3.46664]",6942.79,-2.66411,1,"[356174]","[1.24556]","[2.80024]","[670363]","[0.998263]","[0]","[0]","[-0.431618]",0,"[]","[]","[]","[]","[]","[]","[]","[]","[]","[]",2,"[396547,350205]","[-0.856652,1.24388]","[-0.370006,2.79876]","[564422,658094]","[121589,15325.7]","[0,0]","[1.63229,6.29559]","[0.627427,0.300805]",0,"[]","[]","[]","[]","[]","[]","[]","[]","[]","[]",0,"[307.045]",41.188,"[7861.93]","[]","[27702.2,12334.2]","[]"
134,284500,5549949,364116,1,127.086,4.05305e+06,1.25133,0.94443,1,1,1,1.00127,1.01758,1,1,0,0,1,"[1]","[1]","[39332.4]","[2.32854]","[0.0369099]","[203749]","[-0.0682526]","[1]","[11]","[1]","[0]","[168.999]","[-0.0300757]","[1.52168]",71994.4,3.11389,2,"[1.07817e+06,1.00238e+06]","[0.947911,0.0279552]","[-0.271199,2.87056]","[1.60023e+06,1.00292e+06]","[0.932134,0.997524]","[5,0]","[0,0]","[-0.672415,0.0473056]",0,"[]","[]","[]","[]","[]","[]","[]","[]","[]","[]",2,"[1.05896e+06,999504]","[0.967634,0.0497173]","[-0.270994,2.87078]","[1.5948e+06,1.00077e+06]","[23363.6,8410.98]","[0,0]","[4.44176,0]","[0.383906,-1]",0,"[]","[]","[]","[]","[]","[]","[]","[]","[]","[]",0,"[186.272]",32631.6,"[48447.6,16130.6]","[]","[48836.9,64554.4]","[]"
135,284500,5577872,364116,1,127.086,4.05305e+06,1.21412,0.893302,1,1,1,0.996653,0.99737,1,1,0,0,2,"[1,1]","[1,1]","[37212.5,27712]","[0.203393,1.90965]","[-2.12582,1.59108]","[37984.9,95590.1]","[86.6822,86.6814]","[1,-1]","[11,11]","[1,1]","[0,0]","[-1108.16,2421.85]","[0.00369633,-0.00410717]","[0.351141,0.221564]",24711,-0.056197,5,"[361541,215977,160603,40652.5,39867.2]","[-0.954831,1.26393,-1.36306,-1.49989,-0.867456]","[-1.86609,1.24416,1.89282,0.456758,-0.564968]","[539867,413424,334679,95790.7,56057.9]","[0.995211,0.993473,0.993086,0.993451,1]","[0,0,0,0,0]","[0,0,0,0,0]","[-0.87803,-0.652471,-0.544856,-0.23141,-0.942789]",0,"[]","[]","[]","[]","[]","[]","[]","[]","[]","[]",2,"[368757,254352]","[-0.972181,1.39761]","[-1.87195,1.29546]","[557819,547523]","[26609.7,41788.2]","[0,0]","[3.01539,1.58349]","[0.604609,0.737593]",0,"[]","[]","[]","[]","[]","[]","[]","[]","[]","[]",0,"[81.6561,195.992]",9149.37,"[6398.97,7743.39,7397.77,2559.35,3404.77]","[]","[769.531,4110]","[]"
136,284500,4038366,364116,1,127.086,4.05305e+06,1.26459,0.95828,1,1,1,1,0.99866,1,1,0,0,2,"[1,1]","[1,1]","[240099,211505]","[-1.04189,-0.0549609]","[2.31557,-0.739794]","[382638,211824]","[0.028824,0.0690724]","[-1,1]","[11,11]","[1,1]","[0,0]","[-222.837,901.608]","[0.0230904,-0.0578038]","[3.62128,9.7459]",32723.9,-1.33894,0,"[]","[]","[]","[]","[]","[]","[]","[]",0,"[]","[]","[]","[]","[]","[]","[]","[]","[]","[]",1,"[262822]","[-1.04346]","[2.31726]","[419366]","[-0.00552427]","[0]","[0]","[-1]",0,"[]","[]","[]","[]","[]","[]","[]","[]","[]","[]",0,"[3401.07,2371.89]",0,"[]","[]","[10612.2]","[]"
137,284500,4105252,364116,-1,127.086,4.05305e+06,1.1961,0.98428,1,1,1,1,1.00121,1,1,0,0,1,"[1]","[1]","[269732]","[-1.92615]","[0.00252154]","[945239]","[-0.0381369]","[1]","[11]","[1]","[0]","[-1341.51]","[0.00260224]","[0.323655]",50766.1,0.0978979,0,"[]","[]","[]","[]","[]","[]","[]","[]",0,"[]","[]","[]","[]","[]","[]","[]","[]","[]","[]",1,"[286452]","[-1.92605]","[0.00196542]","[1.00373e+06]","[1680.37]","[0]","[0]","[-1]",0,"[]","[]","[]","[]","[]","[]","[]","[]","[]","[]",0,"[2601.42]",12843.4,"[]","[]","[19204.2]","[]"
138,284500,4178739,364116,1,127.086,4.05305e+06,0.923924,0.967171,1,1,1,0.884267,1.00582,1,1,0,0,2,"[1,1]","[1,1]","[337422,288421]","[-0.381693,0.189452]","[-0.317609,2.89893]","[362302,293613]","[0.0183716,0.0480804]","[1,-1]","[11,11]","[1,1]","[0,0]","[-1268.92,26.5825]","[0.0160414,-0.0246903]","[1.01,4.01112]",20571.5,-2.97218,1,"[48645.4]","[1.27386]","[2.15407]","[93930.5]","[1]","[5]","[0]","[-0.0411974]",0,"[]","[]","[]","[]","[]","[]","[]","[]","[]","[]",2,"[340927,304773]","[-0.432571,0.143287]","[-0.325604,2.89991]","[373326,307907]","[911.028,-0.00312653]","[0,0]","[0,0]","[-1,-1]",0,"[]","[]","[]","[]","[]","[]","[]","[]","[]","[]",0,"[2039,4628.27]",8275.17,"[4988.72]","[]","[6770.75,4955.5]","[]"
139,284500,5573431,364116,0.0593135,127.086,4.05305e+06,0,0.97014,1,1,1,0.996999,0.96677,1,1,0,0,1,"[1]","[1]","[57752.7]","[0.67526]","[2.6352]","[71427.6]","[-61.0433]","[1]","[11]","[1]","[1469.82]","[-1366.27]","[-0.0217419]","[2.17276]",56186.3,-0.661382,5,"[311894,260712,217401,41724.6,21691.5]","[0.40298,1.87343,0.0485016,-0.0943845,0.38016]","[-2.1414,1.91655,-0.131223,0.525154,1.16454]","[340080,869431,219791,43379.1,23795]","[0.990649,0.999488,0.986322,0.995861,0.64134]","[0,0,0,0,0]","[0,0,0,0,0]","[-0.730778,-0.632699,-0.923501,-0.871162,-0.887007]",0,"[]","[]","[]","[]","[]","[]","[]","[]","[]","[]",2,"[300383,260885]","[0.358068,1.8591]","[-2.14724,1.92634]","[320503,858146]","[20522.8,33240.9]","[0,0]","[1.61909,1.23074]","[0.490051,0.615588]",0,"[]","[]","[]","[]","[]","[]","[]","[]","[]","[]",0,"[222.356]",3854.41,"[9256.68,6530.07,2964.03,19091.9,21595.3]","[]","[9284.97,7025.59]","[]"
140,284500,5573434,364116,1,127.086,4.05305e+06,0.619412,0.942732,1,1,1,1,1.00632,1,1,0,0,2,"[1,1]","[1,1]","[216018,214622]","[-1.53607,0.177907]","[1.16892,-1.97109]","[525089,218028]","[0.0472641,-0.0904255]","[-1,1]","[11,11]","[1,1]","[1406.73,0]","[183.173,-341.917]","[0.0372026,-0.0276736]","[4.68847,2.99527]",23806.5,2.9098,0,"[]","[]","[]","[]","[]","[]","[]","[]",0,"[]","[]","[]","[]","[]","[]","[]","[]","[]","[]",1,"[254340]","[-1.53149]","[1.16336]","[615671]","[2172.21]","[0]","[0.970715]","[0.29519]",0,"[]","[]","[]","[]","[]","[]","[]","[]","[]","[]",0,"[3806.2,1862.9]",3384.67,"[]","[]","[2339.17]","[]"
141,284500,2218451,364116,-4.55747,127.086,4.05305e+06,0.923924,0.962662,1,1,1,0.999197,0.92551,1,1,0,0,2,"[1,1]","[1,1]","[293565,164476]","[-2.40755,-1.2926]","[0.189909,-2.92644]","[1.64348e+06,322111]","[0.104939,0.0085907]","[-1,1]","[11,11]","[1,1]","[0,2627.17]","[-33.8481,-471.689]","[0.0225762,0.00915702]","[2.40889,1.25369]",68853.3,0.271267,1,"[22105.3]","[0.644796]","[-0.789939]","[27395]","[0.831093]","[0]","[0]","[-0.862762]",0,"[]","[]","[]","[]","[]","[]","[]","[]","[]","[]",1,"[363732]","[-1.4364]","[-2.90308]","[810062]","[56562.7]","[0]","[0.192244]","[0.434917]",0,"[]","[]","[]","[]","[]","[]","[]","[]","[]","[]",0,"[3681.39,1832.48]",7453.25,"[2468.04]","[]","[26281.2]","[]"
142,284500,5582225,364116,1,127.086,4.05305e+06,1.21412,0.984032,1,1,1,0.99798,1.0005,1,1,0,0,2,"[1,1]","[1,1]","[290899,245927]","[2.22482,0.93153]","[-0.25804,3.09313]","[1.36139e+06,360570]","[-0.0553637,-0.00915909]","[-1,1]","[11,11]","[1,1]","[0,0]","[669.666,-1383.22]","[-0.00459721,0.0248251]","[0.32121,2.92468]",6483.74,-2.38636,3,"[60932.2,26145.5,21812]","[1.18212,0.652342,0.215762]","[2.24942,2.4759,0.0855479]","[108921,32290.1,22670.9]","[0.831414,0.979684,0.991811]","[0,0,0]","[0,0,0]","[0.381841,-0.555698,-0.923883]",0,"[]","[]","[]","[]","[]","[]","[]","[]","[]","[]",1,"[304776]","[1.01033]","[2.96112]","[482027]","[87492.3]","[0]","[0.525702]","[0.652286]",0,"[]","[]","[]","[]","[]","[]","[]","[]","[]","[]",0,"[4695.78,2344.44]",9061.86,"[10966.1,3338.98,2212.82]","[]","[6758.81]","[]"
143,284500,7735796,364116,6.34264,127.086,4.05305e+06,0.553627,0.979489,1,1,1,1.00974,1.00582,1,1,0,0,2,"[1,1]","[1,1]","[339992,333726]","[0.57592,-0.158341]","[-0.979412,2.10677]","[397952,337918]","[-0.136806,0.0656509]","[-1,1]","[11,11]","[1,1]","[0,0]","[-1058.44,-1566.18]","[-0.0247054,0.0210735]","[2.84065,3.08404]",18613.4,1.41424,3,"[21600.6,20955,20006.3]","[-2.39864,2.45496,0.533382]","[-3.08178,-2.10146,2.28747]","[119973,123003,23210.7]","[0.983735,0,0.965084]","[5,0,0]","[0,0,0]","[0.824284,-0.856387,-0.841821]",0,"[]","[]","[]","[]","[]","[]","[]","[]","[]","[]",2,"[349539,342568]","[0.609364,-0.130649]","[-0.975052,2.10685]","[416476,345496]","[2614.09,-0.0029701]","[0,0]","[30.9813,0]","[-1,-1]",0,"[]","[]","[]","[]","[]","[]","[]","[]","[]","[]",0,"[2781.31,2495.02]",14583.7,"[1338.14,1267.39,1214.41]","[]","[13240.4,18971.8]","[]"
144,284500,2549417,364116,1,127.086,4.05305e+06,0.696077,0.97411,1,1,1,1,1.00582,1,1,0,0,2,"[1,1]","[1,1]","[272513,268397]","[-0.103208,-0.123244]","[-0.238182,2.95139]","[273966,270438]","[-0.165436,0.0116272]","[-1,1]","[11,11]","[1,1]","[0,0]","[3251.02,3214.15]","[0.0219391,0.0122666]","[1.45611,1.17777]",14281.5,1.30182,0,"[]","[]","[]","[]","[]","[]","[]","[]",0,"[]","[]","[]","[]","[]","[]","[]","[]","[]","[]",2,"[287105,285663]","[-0.151929,-0.134295]","[2.94889,-0.242956]","[290425,288312]","[0.0059402,6318.92]","[0,0]","[0,10.637]","[-1,0.506113]",0,"[]","[]","[]","[]","[]","[]","[]","[]","[]","[]",0,"[3005.15,1507.11]",0,"[]","[]","[2549.75,9096.78]","[]"
145,284500,3967563,364116,2.10795,127.086,4.05305e+06,0.696077,0.98089,1,1,1,0.999599,0.99866,1,1,0,0,1,"[1]","[1]","[214810]","[-0.938297]","[1.5272]","[316515]","[-0.0564098]","[-1]","[11]","[1]","[0]","[1774.23]","[0.00395583]","[0.5645]",27628.6,2.51739,1,"[71235.5]","[0.805562]","[0.636065]","[96921]","[0.998933]","[0]","[0]","[-0.868753]",0,"[]","[]","[]","[]","[]","[]","[]","[]","[]","[]",1,"[278612]","[-1.32045]","[-1.78461]","[558912]","[0]","[0]","[0]","[-1]",0,"[]","[]","[]","[]","[]","[]","[]","[]","[]","[]",0,"[2779.95]",11850.6,"[2388.26]","[]","[0]","[]"
146,284500,1584819,364116,0.850087,127.086,4.05305e+06,1.55465,0.944823,1,1,1,0.998726,1.00493,1,1,0,0,2,"[1,1]","[1,1]","[227236,173831]","[-1.1703,-1.10896]","[2.90936,-0.331719]","[401438,292134]","[0.0335517,-0.00172186]","[1,-1]","[11,11]","[1,1]","[0,0]","[707.288,-1238.6]","[-0.00240473,0.014596]","[0.233489,2.59434]",6259.91,2.70616,2,"[30694.8,28301.8]","[0.975902,0.277393]","[-0.0993057,0.46033]","[46681.4,29873.9]","[0.983262,0.932991]","[0,0]","[0,0]","[-0.689063,-0.776622]",0,"[]","[]","[]","[]","[]","[]","[]","[]","[]","[]",1,"[251508]","[-1.17683]","[2.90551]","[446720]","[1209.51]","[0]","[0]","[-1]",0,"[]","[]","[]","[]","[]","[]","[]","[]","[]","[]",0,"[2372.7,1639.73]",3131,"[2877.62,2677.6]","[]","[8722.39]","[]"
147,284500,4021772,364116,-1,127.086,4.05305e+06,1.24168,0.96547,1,1,1,0.936466,0.99866,1,1,0,0,2,"[1,1]","[1,1]","[347809,345820]","[-1.92579,-1.00176]","[-1.10743,1.8283]","[1.21843e+06,534345]","[-0.0811577,-0.0815811]","[-1,1]","[11,11]","[1,1]","[0,0]","[-1991.33,-1657.9]","[0.0238043,-0.0122476]","[2.24495,1.57544]",13966.3,-1.00238,3,"[41494.6,30376.8,27473.4]","[1.08942,0.131968,0.600747]","[2.79041,-2.25659,-2.84214]","[68907.3,31097.8,32743]","[0.975108,0.957299,0.969156]","[0,5,0]","[0,0,0]","[-0.941261,0.0118296,-0.285806]",0,"[]","[]","[]","[]","[]","[]","[]","[]","[]","[]",2,"[371302,372497]","[-0.98726,-1.9176]","[1.82589,-1.10937]","[567436,1.29472e+06]","[0.00552427,0]","[0,0]","[0,0]","[-1,-1]",0,"[]","[]","[]","[]","[]","[]","[]","[]","[]","[]",0,"[3246.67,4006.24]",6112.41,"[5478.43,1185.56,1796.26]","[]","[8380.91,35833.4]","[]"
148,284500,7902753,364116,1,127.086,4.05305e+06,0,0.939516,1,1,1,0.981118,1.00056,1,1,0,0,2,"[1,1]","[1,1]","[74370.8,28140.4]","[0.164284,0.362716]","[-0.950557,2.0295]","[75376.7,30011.9]","[-0.0288849,-0.00411987]","[1,-1]","[11,11]","[1,1]","[0,0]","[1142.96,2309.56]","[-0.00759153,-0.00295656]","[0.897423,0.312086]",45153.4,2.95755,4,"[231738,144543,144337,25669.9]","[0.539871,0.147081,-2.23694,1.41272]","[-2.54489,0.568146,0.556561,2.60813]","[268817,147762,683983,56273.9]","[0.000488799,0,0.00111642,0.99088]","[0,0,0,5]","[0,0,0,0]","[-0.759629,-0.743724,-0.859809,-0.0556258]",0,"[]","[]","[]","[]","[]","[]","[]","[]","[]","[]",1,"[250945]","[0.556169]","[-2.57606]","[293432]","[39451.7]","[0]","[1.9803]","[0.751031]",0,"[]","[]","[]","[]","[]","[]","[]","[]","[]","[]",0,"[160.417,84.2318]",4195.95,"[2837.43,6866.94,4025.62,3045.17]","[]","[0]","[]"
149,284500,4823474,364116,1,127.086,4.05305e+06,0.75088,0.985702,1,1,1,0.999242,1.00632,1,1,0,0,2,"[1,1]","[1,1]","[354818,323763]","[0.135643,1.13684]","[-0.270321,2.77638]","[358087,556503]","[0.000682831,-0.0259514]","[1,-1]","[11,11]","[1,1]","[0,0]","[7932.34,1419.72]","[-0.0077053,0.010161]","[1.26737,1.38057]",50758.7,-0.798897,1,"[27917.3]","[0.600581]","[-2.97135]","[33638]","[0.93988]","[0]","[0]","[-0.921932]",0,"[]","[]","[]","[]","[]","[]","[]","[]","[]","[]",2,"[388341,346815]","[0.102449,1.12068]","[-0.270439,2.78336]","[390433,588382]","[6338.12,3315.05]","[0,0]","[10.0401,0]","[0.53232,-1]",0,"[]","[]","[]","[]","[]","[]","[]","[]","[]","[]",0,"[3119.56,4141.95]",4187.85,"[4218.19]","[]","[37360.3,8946]","[]"
150,284500,7910787,364116,1,127.086,4.05305e+06,0.75088,0.96203,1,1,1,0.996736,1.01508,1,1,0,0,1,"[1]","[1]","[251738]","[-1.65249]","[-2.93026]","[681146]","[0.013031]","[-1]","[11]","[1]","[0]","[3610.82]","[0.015121]","[1.51652]",38748,3.05489,3,"[308537,23395.8,21118.2]","[-1.49617,-1.91869,-0.881974]","[0.216861,-1.93726,1.08778]","[723472,81536.7,30326.6]","[0.993755,0.994655,0.968764]","[0,0,0]","[0,0,0]","[-0.795044,-0.837281,-0.931699]",0,"[]","[]","[]","[]","[]","[]","[]","[]","[]","[]",2,"[281219,264717]","[-1.51218,-1.67954]","[0.215413,-2.91754]","[668892,734551]","[2956.13,5585.17]","[0,0]","[3.23268,14.5535]","[0.591727,0.446536]",0,"[]","[]","[]","[]","[]","[]","[]","[]","[]","[]",0,"[5388.66]",15265.7,"[11460.5,1684.11,1190.4]","[]","[3066.84,29911.3]","[]"
151,284500,7936182,364116,1,127.086,4.05305e+06,1.32095,0.925502,1,1,1,0.997912,1,1,1,0,0,2,"[1,1]","[1,1]","[262779,258355]","[-1.6276,-1.61851]","[-2.44402,0.49679]","[694793,677375]","[-0.0214844,-0.00282669]","[-1,1]","[11,11]","[0,1]","[0,0]","[-2641.06,2044.42]","[0.0690296,-0.0167742]","[1.63918,1.62106]",31771.4,-1.26395,3,"[34663.3,26946.9,25578.2]","[0.545161,-0.0983077,0.183637]","[1.6594,1.92418,2.67805]","[40590.6,27617,26415.5]","[0.97648,0.963855,0.975157]","[0,0,0]","[0,0,0]","[-0.773153,-0.77323,-0.911961]",0,"[]","[]","[]","[]","[]","[]","[]","[]","[]","[]",2,"[312156,302087]","[-1.60728,-1.65343]","[0.50119,-2.46158]","[810008,818817]","[5720.26,34402.3]","[0,0]","[4.12217,1.60842]","[-1,0.653401]",0,"[]","[]","[]","[]","[]","[]","[]","[]","[]","[]",0,"[4439.94,4697.43]",4136.33,"[4541.66,2184.11,2669.46]","[]","[340.781,26208.9]","[]"
152,284500,7930393,364116,1,127.086,4.05305e+06,0.553627,0.942775,1,1,1,0.89002,0.9741,1,1,0,0,2,"[1,1]","[1,1]","[54099,49478.4]","[-0.0490792,-0.936057]","[-0.188259,1.51481]","[54164.2,72784.7]","[-90.7761,-90.6174]","[-1,1]","[11,11]","[1,1]","[0,0]","[-711.352,-349.301]","[0.0205939,-0.00205629]","[2.19517,0.226681]",54992.1,-2.68975,8,"[361063,178986,163549,67063.2,52921,32314.2,23638,22302.4]","[1.26937,1.94123,1.39779,-1.9677,-1.61932,0.427359,1.85891,0.666894]","[3.1401,-0.206427,0.620097,-2.33427,-1.24831,0.0170575,0.309667,0.523421]","[693697,637382,351705,244764,139002,35787.7,77790,27944.7]","[0.999568,0.999485,0.985924,0.00596034,0.99224,0.99187,0.997983,0.987522]","[0,0,0,5,0,0,0,0]","[0,0,0,0,0,0,0,0]","[-0.817988,-0.950548,-0.322803,0.423688,0.0553829,-0.47183,-0.765091,-0.880067]",0,"[]","[]","[]","[]","[]","[]","[]","[]","[]","[]",2,"[387698,299919]","[1.27212,1.80437]","[-3.14005,0.191765]","[746353,952516]","[21165.9,177369]","[0,0]","[2.47682,0.892454]","[0.664069,0.592721]",0,"[]","[]","[]","[]","[]","[]","[]","[]","[]","[]",0,"[69.9679,75.0137]",59734.6,"[8085.85,6967.82,7523.82,12250.8,19293.4,9170.61,1620.48,1646.7]","[]","[17008.4,3404]","[]"
153,284500,7965489,364116,-0.029391,127.086,4.05305e+06,1.25133,0.948053,1,1,1,0.969486,0.9741,1,1,0,0,2,"[1,1]","[1,1]","[53003.8,46267.9]","[-0.0181703,-0.109443]","[0.110312,2.56751]","[53012.5,46545.2]","[0.0338192,0.00780296]","[-1,1]","[11,11]","[1,0]","[0,0]","[95.0218,-765.547]","[-0.0213193,0.0252472]","[3.03356,2.60981]",62740.7,-1.81961,2,"[353239,353187]","[0.0238437,2.25933]","[1.31254,-1.8361]","[353802,1.70983e+06]","[0.996996,1]","[4,5]","[0,0]","[-0.790615,0.583699]",0,"[]","[]","[]","[]","[]","[]","[]","[]","[]","[]",1,"[361750]","[0.0138305]","[1.30973]","[362022]","[13126.4]","[0]","[2.25495]","[-1]",0,"[]","[]","[]","[]","[]","[]","[]","[]","[]","[]",0,"[225.375,48.8671]",20581.5,"[3713.77,10168.5]","[]","[14088.7]","[]"
154,284500,5794480,364116,1,127.086,4.05305e+06,1.26459,0.923123,1,1,1,0.999173,0.93664,1,1,0,0,2,"[1,1]","[1,1]","[55989.9,33886.1]","[-1.25023,-0.466665]","[-0.971892,1.79492]","[105753,37643.3]","[0.0086689,-0.000377655]","[-1,1]","[11,11]","[1,1]","[0,0]","[-582.243,151.406]","[0.00217524,-0.00401671]","[0.210376,0.455693]",98182.1,-0.740577,2,"[353802,255245]","[0.879038,0.0872423]","[2.26055,-0.880751]","[501700,258127]","[0,-0.1]","[0,0]","[0,0]","[-0.768365,-0.717523]",0,"[]","[]","[]","[]","[]","[]","[]","[]","[]","[]",2,"[363243,311512]","[0.882602,0.149737]","[2.26351,-0.921998]","[516151,320992]","[45405.2,61676.8]","[0,0]","[2.04595,1.33832]","[0.620642,0.692432]",0,"[]","[]","[]","[]","[]","[]","[]","[]","[]","[]",0,"[482.869,175.914]",6847.08,"[12383.9,7735.19]","[]","[14511.8,7224.91]","[]"
155,284500,5797258,364116,1,127.086,4.05305e+06,1.26205,0.943646,1,1,1,0.997984,1.01508,1,1,0,0,2,"[1,1]","[1,1]","[383529,356509]","[-1.68254,-0.918375]","[0.429964,-2.7225]","[1.06719e+06,517719]","[-0.054966,0.0843697]","[-1,1]","[11,11]","[1,1]","[0,3023.44]","[1541.43,1161.85]","[-0.0140954,0.0112568]","[1.91652,1.74649]",53914.5,2.42357,1,"[23541.2]","[-1.8917]","[-0.0899253]","[79883.3]","[0.839817]","[0]","[0]","[-0.5426]",0,"[]","[]","[]","[]","[]","[]","[]","[]","[]","[]",2,"[402412,374815]","[-1.70176,-0.940343]","[0.436628,-2.71946]","[1.14003e+06,553106]","[2708.62,0.0110485]","[0,0]","[101.906,0]","[-1,-1]",0,"[]","[]","[]","[]","[]","[]","[]","[]","[]","[]",0,"[9127.71,4306.63]",3131.9,"[2321.89]","[]","[38052.5,17649.5]","[]"
156,284500,5143584,364116,1,127.086,4.05305e+06,1.1961,0.975422,1,1,1,0.99933,1.00306,1,1,0,0,2,"[1,1]","[1,1]","[245274,225716]","[0.964978,1.10081]","[-0.592271,2.5783]","[368612,376857]","[0.00782776,0.0686493]","[-1,1]","[11,11]","[1,1]","[0,7074.6]","[-988.281,-468.384]","[0.00660382,-0.0116584]","[0.89434,1.8723]",77801.5,1.66786,1,"[62966.5]","[-1.71691]","[-1.6187]","[181048]","[0]","[0]","[0]","[-0.797086]",0,"[]","[]","[]","[]","[]","[]","[]","[]","[]","[]",1,"[287111]","[0.933896]","[-0.594133]","[426277]","[62412.6]","[0]","[0.45367]","[0.498529]",0,"[]","[]","[]","[]","[]","[]","[]","[]","[]","[]",0,"[2608.72,2439.09]",59833.5,"[2486.92]","[]","[9004.69]","[]"
157,284500,6520017,364116,1,127.086,4.05305e+06,0.696077,0.960302,1,1,1,1,1.00632,1,1,0,0,2,"[1,1]","[1,0]","[262546,254004]","[0.14402,1.62675]","[-1.73704,1.39242]","[265274,671066]","[0.0685997,0.0303078]","[-1,1]","[11,11]","[1,1]","[0,1753.55]","[-1851.16,3240.93]","[-0.0167754,0.00953288]","[1.12019,0.694113]",8361.12,1.33657,0,"[]","[]","[]","[]","[]","[]","[]","[]",0,"[]","[]","[]","[]","[]","[]","[]","[]","[]","[]",2,"[283911,266617]","[1.65053,0.1819]","[1.39732,-1.73414]","[766832,271040]","[7115.27,0.00543727]","[0,0]","[7.57443,0]","[-1,-1]",0,"[]","[]","[]","[]","[]","[]","[]","[]","[]","[]",0,"[1339.55,5790.11]",0,"[]","[]","[12979.6,1518.5]","[]"
158,284500,6263718,364116,-1,127.086,4.05305e+06,1.26459,0.924934,1,1,1,0.996712,0.98962,1,1,0,0,2,"[1,1]","[1,1]","[66674,30366.6]","[1.34088,0.834192]","[2.62266,-0.301132]","[136149,41559.3]","[0.079689,0.0204487]","[1,-1]","[11,11]","[1,1]","[0,0]","[991.734,3443.35]","[0.0234736,0.0173417]","[2.55894,1.16645]",11338.6,0.378184,4,"[100387,89834.9,82667.1,40280]","[1.51514,-0.90394,-2.46217,1.93778]","[-0.46788,2.37351,-2.83956,-0.550873]","[239788,129639,488434,142786]","[0,0.0022827,0,0.993248]","[0,0,0,0]","[0,0,0,0]","[-0.852099,-0.77967,-0.472922,-0.842938]",0,"[]","[]","[]","[]","[]","[]","[]","[]","[]","[]",1,"[264981]","[1.49124]","[-0.244498]","[641811]","[171685]","[0]","[1.37381]","[0.741296]",0,"[]","[]","[]","[]","[]","[]","[]","[]","[]","[]",0,"[357.054,115.828]",7441.64,"[4886.33,2594.79,7388.69,5808.67]","[]","[0]","[]"
159,284500,6373047,364116,-1,127.086,4.05305e+06,1.32095,0.96727,1,1,1,0.993438,0.99061,1,1,0,0,1,"[1]","[1]","[53667.9]","[-1.86209]","[-1.1982]","[176904]","[-0.0938454]","[-1]","[11]","[1]","[0]","[1015.12]","[0.00694064]","[0.239666]",54937.9,1.43508,7,"[197217,180086,137784,69155.4,45042.4,24533.8,22367.3]","[0.577569,0.537419,-1.61013,0.895661,-1.18239,1.8466,-0.242208]","[1.8268,-1.97868,-0.831871,0.68827,1.98224,0.297736,-2.84817]","[232864,207617,358890,99223.8,80523.7,79829.3,23442.6]","[0.23091,0.208457,0.127369,0.257747,0.999294,0.992361,0.974416]","[0,0,0,0,0,0,0]","[0,0,0,0,0,0,0]","[-0.82276,-0.751394,-0.78278,-0.827406,-0.91465,-0.782759,-0.895826]",0,"[]","[]","[]","[]","[]","[]","[]","[]","[]","[]",1,"[280163]","[0.751443]","[1.5073]","[380681]","[114496]","[0]","[1.10877]","[0.757613]",0,"[]","[]","[]","[]","[]","[]","[]","[]","[]","[]",0,"[484.172]",3531.3,"[2450.3,4112.67,3753.93,2380.51,3330.84,2322.49,2343.47]","[]","[9939.09]","[]"
160,284500,6596604,364116,0.203217,127.086,4.05305e+06,1.26459,0.992773,1,1,1,1,1.00306,1,1,0,0,2,"[1,1]","[1,1]","[271241,269871]","[0.814381,-0.254428]","[-2.44183,0.682793]","[366269,278653]","[0.0182114,-0.0190277]","[1,-1]","[11,11]","[1,1]","[0,0]","[-259.136,-688.746]","[0.00617991,0.0186937]","[0.59496,1.60187]",26492.7,-2.81194,0,"[]","[]","[]","[]","[]","[]","[]","[]",0,"[]","[]","[]","[]","[]","[]","[]","[]","[]","[]",2,"[281161,277508]","[-0.189437,0.867263]","[0.683531,-2.44087]","[286227,388580]","[1726.69,928.033]","[0,0]","[0,0]","[-1,-1]",0,"[]","[]","[]","[]","[]","[]","[]","[]","[]","[]",0,"[2594.97,1820.86]",170.01,"[]","[]","[2262.5,1120.06]","[]"
161,284500,6650803,364116,-1,127.086,4.05305e+06,0.738662,0.957085,1,1,1,0.998566,1.00582,1,1,0,0,2,"[1,1]","[1,1]","[630862,620543]","[1.3617,-0.534472]","[-3.13107,-0.0616633]","[1.31189e+06,711305]","[0.0168915,-0.0131378]","[-1,1]","[11,11]","[1,1]","[0,0]","[4056.06,-158.966]","[-0.00855571,0.011086]","[1.41312,1.99244]",22193.2,-1.19401,2,"[30535.5,23303]","[-0.426229,-0.745263]","[1.77195,0.958073]","[33646.7,30537.1]","[0.99,0.998426]","[0,0]","[0,0]","[-0.88555,-0.926304]",0,"[]","[]","[]","[]","[]","[]","[]","[]","[]","[]",2,"[698622,612921]","[1.34732,-0.58802]","[-3.12353,-0.0609218]","[1.43464e+06,721986]","[5914.31,4290.36]","[0,0]","[25.3258,11.1839]","[-1,-1]",0,"[]","[]","[]","[]","[]","[]","[]","[]","[]","[]",0,"[10141.6,4460.44]",5316.04,"[2132.8,2308.93]","[]","[52735.2,79415.9]","[]"
162,284500,4146089,364116,-1,127.086,4.05305e+06,0.506784,0.866515,1,1,1,0.995597,0.96492,1,1,0,0,2,"[1,1]","[1,1]","[52979.9,38357.9]","[2.43986,2.11896]","[-0.769495,3.01834]","[306188,161921]","[17.185,17.3019]","[-1,1]","[11,11]","[1,1]","[0,0]","[-321.169,1767.36]","[-0.0305389,0.0198126]","[1.75973,1.03827]",9835.3,-0.967252,5,"[308150,196071,184332,64262.8,26679.4]","[-0.0946242,0.0458529,-0.863569,-0.376789,1.93341]","[-1.44601,1.32425,2.01378,-1.79158,1.23267]","[315886,196855,257718,69048.3,94233.9]","[0.986105,0.995783,0.993221,1,0.98986]","[0,0,0,0,0]","[0,0,0,0,0]","[-0.882633,-0.948931,-0.902577,-0.750006,-0.356016]",0,"[]","[]","[]","[]","[]","[]","[]","[]","[]","[]",1,"[372044]","[-0.164262]","[-1.51511]","[390271]","[100627]","[0]","[1.22604]","[0.425618]",0,"[]","[]","[]","[]","[]","[]","[]","[]","[]","[]",0,"[911.169,67.7365]",14256.1,"[3542.85,3066.47,6514.06,2174.51,2862.03]","[]","[12212]","[]"
163,284500,5993518,364116,-1,127.086,4.05305e+06,1.1961,0.969545,1,1,1,0.999544,0.98743,1,1,0,0,2,"[1,1]","[1,1]","[254391,252633]","[-0.0444033,0.759706]","[2.28287,-0.753444]","[254641,329112]","[-0.025301,0.0066402]","[1,-1]","[11,11]","[1,1]","[0,0]","[-25.26,1432.13]","[0.00276031,-0.00701863]","[0.522602,0.80537]",22051.1,-0.620439,1,"[39492.5]","[0.195761]","[-2.90048]","[40994]","[0.999138]","[0]","[0]","[-0.863701]",0,"[]","[]","[]","[]","[]","[]","[]","[]","[]","[]",2,"[264761,266534]","[0.763688,-0.0464465]","[-0.748501,2.28614]","[345807,266822]","[3051.81,-0.00523054]","[0,0]","[22.9398,0]","[-1,-1]",0,"[]","[]","[]","[]","[]","[]","[]","[]","[]","[]",0,"[2498.99,1600.24]",1031.08,"[2447.89]","[]","[22619.5,7681.62]","[]"
164,284500,2689895,364116,1,127.086,4.05305e+06,0.738662,0.960302,1,1,1,0.999066,1.00632,1,1,0,0,2,"[1,1]","[1,1]","[280407,247382]","[0.478175,1.71218]","[-0.933802,2.27929]","[313080,707697]","[0.00843811,0.044754]","[-1,1]","[11,11]","[1,1]","[1302.56,1396.72]","[1396.01,-1141.51]","[-0.0145722,0.0194063]","[2.07945,3.02243]",33463.9,-1.21972,1,"[20787.9]","[-0.262643]","[1.63249]","[22200.8]","[0.832595]","[0]","[0]","[-0.848182]",0,"[]","[]","[]","[]","[]","[]","[]","[]","[]","[]",2,"[302423,270839]","[0.418695,1.68941]","[-0.933199,2.28776]","[329321,758472]","[0.00195312,-0.0110485]","[0,0]","[0,0]","[-1,-1]",0,"[]","[]","[]","[]","[]","[]","[]","[]","[]","[]",0,"[1763.74,5571]",17382.8,"[1154.43]","[]","[14466.7,7206.66]","[]"
165,284500,2913482,364116,1,127.086,4.05305e+06,0.619412,0.929668,1,1,1,0.994151,0.9732,1,1,0,0,2,"[1,1]","[1,0]","[44633.4,22200.6]","[-0.0171886,0.440139]","[2.13706,-1.54031]","[44640,24385.9]","[-122.278,-122.289]","[1,-1]","[11,11]","[1,1]","[0,1017.61]","[-741.365,1732.68]","[-0.00596854,0.00794738]","[0.953183,0.521487]",53857.6,0.279936,6,"[256331,254618,66529.4,26708.9,25386.2,22590.8]","[-1.23303,0.614989,-0.0317852,1.68062,0.97486,-2.3552]","[-1.03115,2.09432,-1.72583,0.360368,-3.14132,2.9728]","[478859,305327,67750.8,74330.6,38791.3,120176]","[0.998776,1,0.99143,0.976057,0.953205,0.763666]","[0,0,0,0,0,0]","[0,0,0,0,0,0]","[-0.55562,-0.857947,-0.774917,-0.356058,-0.848138,-0.843225]",0,"[]","[]","[]","[]","[]","[]","[]","[]","[]","[]",2,"[304915,255851]","[0.545426,-1.20503]","[2.09925,-1.04018]","[357949,466487]","[68133.5,34563.6]","[0,0]","[1.35701,1.36833]","[0.816894,0.661842]",0,"[]","[]","[]","[]","[]","[]","[]","[]","[]","[]",0,"[96.0305,79.0383]",703.895,"[5602.03,4009.07,3852.87,1989.13,2343.75,2004.48]","[]","[24970.3,1709.08]","[]"
166,284500,3898004,364116,1,127.086,4.05305e+06,1.32095,0.97003,1,1,1,0.915987,0.97484,1,1,0,0,1,"[1]","[1]","[41100.1]","[1.14642]","[1.91033]","[71199.4]","[-0.0195389]","[1]","[11]","[1]","[0]","[1772.06]","[-0.0222548]","[1.34813]",134943,-0.303732,2,"[261706,134205]","[-1.13551,-0.93291]","[3.03211,-0.098032]","[449973,197518]","[0.974175,0.997816]","[0,5]","[0,0]","[-0.825259,0.574092]",0,"[]","[]","[]","[]","[]","[]","[]","[]","[]","[]",1,"[272995]","[-1.15649]","[3.01394]","[477159]","[17671.4]","[0]","[3.06243]","[0.459544]",0,"[]","[]","[]","[]","[]","[]","[]","[]","[]","[]",0,"[44.2131]",1896.72,"[3477.64,4973.6]","[]","[19642.7]","[]"
167,284500,3291717,364116,1,127.086,4.05305e+06,1.32095,1.00588,1,1,1,1,1.00306,1,1,0,0,1,"[1]","[1]","[231294]","[0.870412]","[0.313395]","[324583]","[-0.032011]","[1]","[11]","[1]","[0]","[641.851]","[0.0100335]","[1.23417]",25579,1.00119,0,"[]","[]","[]","[]","[]","[]","[]","[]",0,"[]","[]","[]","[]","[]","[]","[]","[]","[]","[]",1,"[252656]","[0.867771]","[0.313579]","[353906]","[840.608]","[0]","[0]","[-1]",0,"[]","[]","[]","[]","[]","[]","[]","[]","[]","[]",0,"[2570.5]",3310.99,"[]","[]","[670.625]","[]"
168,284500,6416084,364116,-2.80331,127.086,4.05305e+06,1.1961,0.985702,1,1,1,1,1.00306,1,1,0,0,2,"[1,1]","[1,0]","[419469,408904]","[0.851766,0.0526808]","[-0.327686,2.84889]","[581057,409472]","[-0.0427017,0.174385]","[-1,1]","[11,11]","[1,1]","[0,0]","[1541.81,1742.16]","[0.0278814,-0.0238291]","[4.31463,2.73662]",10301.6,1.99307,0,"[]","[]","[]","[]","[]","[]","[]","[]",0,"[]","[]","[]","[]","[]","[]","[]","[]","[]","[]",2,"[439615,418687]","[0.892976,0.107449]","[-0.328459,2.84993]","[626872,421154]","[5084.84,6357.99]","[0,0]","[19.0908,6.60702]","[0.297023,0.126047]",0,"[]","[]","[]","[]","[]","[]","[]","[]","[]","[]",0,"[4938.15,2443.08]",0,"[]","[]","[22494.3,3805.09]","[]"
169,284500,5227474,364116,-1,127.086,4.05305e+06,0.553627,0.97996,1,1,1,0.999614,1.01265,1,1,0,0,1,"[1]","[1]","[255311]","[1.75845]","[3.04828]","[762835]","[-0.0590219]","[1]","[11]","[1]","[0]","[2041.15]","[-0.0137314]","[1.21981]",76867.4,2.93115,1,"[44600.5]","[0.420909]","[-1.08732]","[50004]","[0.762514]","[0]","[0]","[-0.318168]",0,"[]","[]","[]","[]","[]","[]","[]","[]","[]","[]",1,"[297842]","[1.7347]","[3.03329]","[870848]","[32390.4]","[0]","[2.13073]","[0.632092]",0,"[]","[]","[]","[]","[]","[]","[]","[]","[]","[]",0,"[4189.36]",10060.9,"[2922.77]","[]","[3332.34]","[]"
170,284500,5227845,364116,-1,127.086,4.05305e+06,0.553627,0.889686,1,1,1,0.982695,0.97537,1,1,0,0,2,"[1,1]","[1,0]","[34915.8,24629.8]","[0.685947,-1.53725]","[0.811306,-1.55522]","[43457.3,59933.9]","[-0.0168076,-0.0059967]","[-1,1]","[11,11]","[1,0]","[0,0]","[263.14,935.509]","[-0.0597616,0.0232486]","[3.69152,0.890754]",26474.7,-1.79019,2,"[418701,23607.2]","[-1.02755,-2.03567]","[1.73041,2.564]","[660703,92015.3]","[0.998316,0.895931]","[5,0]","[0,0]","[0.916862,-0.808047]",0,"[]","[]","[]","[]","[]","[]","[]","[]","[]","[]",2,"[415968,403678]","[0.0746192,-1.00264]","[-1.39082,1.74563]","[417490,624353]","[17411.3,15512.2]","[0,0]","[3.57979,1.90668]","[0.53953,0.399728]",0,"[]","[]","[]","[]","[]","[]","[]","[]","[]","[]",0,"[72.6208,272.822]",4252.93,"[8375.49,1735.24]","[]","[26210.4,19576.9]","[]"
171,284500,5409198,364116,-1,127.086,4.05305e+06,0.75088,0.908485,1,1,1,0.995416,1.01532,1,1,0,0,2,"[1,1]","[1,0]","[57910.7,38986.5]","[2.19735,2.28034]","[-0.6333,1.88344]","[263849,192636]","[-0.939091,-0.998016]","[-1,1]","[11,11]","[1,1]","[0,0]","[429.695,1270.4]","[-0.00787488,-0.00167372]","[0.817913,0.025163]",55211.1,1.44226,4,"[312971,306414,28521.8,23854.8]","[1.47695,-0.287277,1.56271,2.01049]","[-2.45162,0.661133,-1.33856,-3.01398]","[723918,324339,71289.3,90739.5]","[0.998672,0.998357,0.896845,0.992687]","[0,0,0,0]","[0,0,0,0]","[-0.921458,0.100148,-0.0585864,-0.521127]",0,"[]","[]","[]","[]","[]","[]","[]","[]","[]","[]",2,"[332472,306173]","[1.52159,-0.298347]","[-2.47318,0.665145]","[804029,326114]","[101636,63354.2]","[0,0]","[1.78657,1.47496]","[0.682996,0.700629]",0,"[]","[]","[]","[]","[]","[]","[]","[]","[]","[]",0,"[183.231,215.326]",4460.8,"[10162.9,4826.05,3218.47,2167.19]","[]","[262.312,10777.1]","[]"
172,284500,1269889,364116,1,127.086,4.05305e+06,1.32095,0.916305,1,1,1,0.997595,0.95922,1,1,0,0,2,"[1,1]","[1,1]","[45353.6,35099.9]","[-1.00147,-2.05787]","[-1.58869,1.42867]","[70062.4,139645]","[-58.72,-58.8013]","[-1,1]","[11,11]","[1,1]","[3099.62,0]","[-2897.81,-147.945]","[0.0223226,-0.0233312]","[0.888398,1.09007]",15421.7,2.72249,3,"[410553,295067,109267]","[0.529988,-1.58392,-0.325298]","[-0.610924,2.54925,2.28338]","[470861,750472,115941]","[1,0.998331,0.988048]","[0,0,0]","[0,0,0]","[-0.918884,-0.85516,-0.927369]",0,"[]","[]","[]","[]","[]","[]","[]","[]","[]","[]",2,"[411781,303690]","[0.543612,-1.55492]","[-0.614676,2.5525]","[475194,751887]","[31658.4,36235]","[0,0]","[1.84114,1.85739]","[0.700429,0.795959]",0,"[]","[]","[]","[]","[]","[]","[]","[]","[]","[]",0,"[128.481,137.661]",10848,"[9450.5,8339.96,3855.42]","[]","[21965,6244.31]","[]"
173,284500,1328187,364116,1,127.086,4.05305e+06,1.25133,0.938901,1,1,1,0.993094,0.98448,1,1,0,0,2,"[1,1]","[1,1]","[45793.2,42527.6]","[-0.501512,-0.681806]","[2.68391,-0.483861]","[51673.8,52801.1]","[-54.3687,-54.4532]","[-1,1]","[11,11]","[1,1]","[1720.83,0]","[1388.34,1141.98]","[0.013108,-0.0152914]","[1.03775,1.50984]",55737.2,2.16791,7,"[251732,113239,34789.7,31355.4,29942.8,28612.3,20689.4]","[-1.43821,-2.3301,-0.300001,1.26107,-1.38273,1.18193,-1.19951]","[-0.610323,2.91425,1.72184,3.0535,1.95622,-2.3065,-0.288782]","[560717,587588,36569.1,60196.8,63700.6,51281.3,37495.2]","[1,0.992177,0.930887,0.993192,0.959532,0.982247,0.612145]","[0,0,0,0,0,0,0]","[0,0,0,0,0,0,0]","[-0.861448,-0.728393,-0.607449,-0.854355,-0.857601,-0.618669,-0.930887]",0,"[]","[]","[]","[]","[]","[]","[]","[]","[]","[]",1,"[294802]","[-1.34854]","[-0.589693]","[609453]","[64526.1]","[0]","[1.43348]","[0.71889]",0,"[]","[]","[]","[]","[]","[]","[]","[]","[]","[]",0,"[25.4067,58.6812]",5321.78,"[5644.1,7925.1,1941.48,2506.9,1919.34,3236.84,428.616]","[]","[1817.06]","[]"
174,284500,1410111,364116,1,127.086,4.05305e+06,0.738662,0.935625,1,1,1,1.02155,0.99544,1,1,0,0,2,"[1,1]","[1,1]","[227300,35577.1]","[1.23577,1.07271]","[-1.49264,2.20673]","[424102,58085.9]","[-0.0474586,-0.0256414]","[-1,1]","[11,11]","[1,1]","[0,0]","[587.521,-256.234]","[-0.0173435,-0.00419924]","[1.81518,0.475757]",26114,-0.346269,1,"[21394.7]","[0.899373]","[0.823351]","[30971.4]","[0.998961]","[5]","[0]","[0.0719633]",0,"[]","[]","[]","[]","[]","[]","[]","[]","[]","[]",1,"[250060]","[1.24425]","[-1.49533]","[469923]","[0.00552427]","[0]","[0]","[-1]",0,"[]","[]","[]","[]","[]","[]","[]","[]","[]","[]",0,"[2730.49,31.3453]",2443.6,"[5064.83]","[]","[5104.59]","[]"
175,284500,1409293,364116,-1,127.086,4.05305e+06,1.24168,0.920652,1,1,1,0.975935,0.95786,1,1,0,0,2,"[1,1]","[1,1]","[37368.5,34525.1]","[0.632775,-1.03093]","[0.26744,-1.66425]","[45102.8,54555.6]","[0.00635529,0.0507526]","[-1,1]","[11,11]","[1,1]","[0,0]","[-316.031,1770.47]","[-0.000865395,0.00168869]","[0.0851667,0.151258]",105987,2.25246,2,"[305659,302935]","[1.32503,-0.483095]","[-0.855137,2.21954]","[615806,339343]","[0.989734,0.986056]","[5,0]","[0,0]","[0.921667,-0.708435]",0,"[]","[]","[]","[]","[]","[]","[]","[]","[]","[]",2,"[315186,310204]","[-0.480723,1.32783]","[2.2176,-0.851796]","[352551,626349]","[12976.1,8762.11]","[0,0]","[5.58452,7.91783]","[0.526852,0.30268]",0,"[]","[]","[]","[]","[]","[]","[]","[]","[]","[]",0,"[111.134,96.4831]",5058.1,"[4722.2,3613.15]","[]","[30078.7,13548.6]","[]"
176,284500,3125809,364116,1,127.086,4.05305e+06,1.1961,0.988076,1,1,1,1.04921,1.00306,1,1,0,0,2,"[1,1]","[1,1]","[250730,127526]","[1.0793,0.111795]","[-1.24086,1.61227]","[411505,128324]","[-0.0700989,-0.115128]","[-1,1]","[11,11]","[1,1]","[0,2845.27]","[-329.413,5201.78]","[0.00657165,-0.0525028]","[0.862597,2.63277]",33656.1,2.89113,2,"[47475.2,43136.8]","[-1.17262,-2.49715]","[1.70368,2.34582]","[84215.5,263806]","[0.980869,0.366331]","[5,0]","[0,0]","[0.991857,0.201543]",0,"[]","[]","[]","[]","[]","[]","[]","[]","[]","[]",1,"[261703]","[1.09325]","[-1.23991]","[434348]","[5857.6]","[0]","[7.18535]","[-1]",0,"[]","[]","[]","[]","[]","[]","[]","[]","[]","[]",0,"[2883.28,549.565]",849.215,"[1808.57,2571.58]","[]","[8552.31]","[]"
177,284500,6495647,364116,-3.83289,127.086,4.05305e+06,1.25133,0.962145,1,1,1,1,0.99866,1,1,0,0,2,"[1,1]","[1,1]","[288117,272457]","[-0.992843,-0.893429]","[0.983547,-2.22638]","[442175,388625]","[0.0353012,-0.0730743]","[1,-1]","[11,11]","[1,1]","[0,1608.28]","[2616.35,473.289]","[0.0380551,-0.0342929]","[5.39393,5.12329]",9357.62,-2.06479,0,"[]","[]","[]","[]","[]","[]","[]","[]",0,"[]","[]","[]","[]","[]","[]","[]","[]","[]","[]",2,"[315899,296284]","[-0.966455,-0.867723]","[0.979593,-2.22269]","[475277,415009]","[-0.00390625,2130.09]","[0,0]","[0,0]","[-1,-1]",0,"[]","[]","[]","[]","[]","[]","[]","[]","[]","[]",0,"[3492.68,2670.13]",196.791,"[]","[]","[21860.8,19159.4]","[]"
178,284500,1555614,364116,1,127.086,4.05305e+06,0.75088,0.97749,1,1,1,0.996511,1.00021,1,1,0,0,1,"[1]","[1]","[70328.4]","[0.57383]","[2.58995]","[82228.5]","[-0.0495682]","[-1]","[11]","[1]","[0]","[-790.345]","[-0.00837133]","[1.13013]",177375,-2.55684,4,"[272032,105425,64118.6,20843.4]","[1.20847,-0.0317188,0.30762,-1.45755]","[0.373148,-2.9597,-0.506915,0.402809]","[496304,107639,67880.7,47332.2]","[0,0,0.992521,0.976038]","[0,0,0,0]","[0,0,0,0]","[-0.811714,-0.71531,-0.77616,-0.939334]",0,"[]","[]","[]","[]","[]","[]","[]","[]","[]","[]",1,"[258964]","[1.23863]","[0.374158]","[484552]","[14059.7]","[0]","[3.29832]","[0.571527]",0,"[]","[]","[]","[]","[]","[]","[]","[]","[]","[]",0,"[188.384]",9508,"[13428.6,6078.04,7217.92,1118.76]","[]","[6021.8]","[]"
179,284500,5979163,364116,-9.07619,127.086,4.05305e+06,0.619412,0.98089,1,1,1,0.9976,0.99866,1,1,0,0,1,"[1]","[1]","[328679]","[-0.929105]","[1.27857]","[481046]","[-0.0137405]","[1]","[11]","[1]","[0]","[-83.8489]","[-0.00713353]","[1.16384]",24818.5,1.56357,2,"[327075,29294.8]","[-1.43794,2.26636]","[-1.88098,-1.48401]","[727748,142877]","[0.99948,1]","[0,0]","[0,0]","[-0.964055,-0.757561]",0,"[]","[]","[]","[]","[]","[]","[]","[]","[]","[]",2,"[337066,308248]","[-0.963889,-1.46104]","[1.27535,-1.87973]","[506156,700189]","[1827.23,11214]","[0,0]","[0,6.95813]","[-1,0.554238]",0,"[]","[]","[]","[]","[]","[]","[]","[]","[]","[]",0,"[5966.16]",8287.16,"[9706.12,2073.41]","[]","[13995.9,8173.81]","[]"
180,284500,6531118,364116,0.418633,127.086,4.05305e+06,0.696077,0.95444,1,1,1,1.02684,1.01508,1,1,0,0,2,"[1,1]","[1,1]","[193566,185622]","[-1.52599,-0.759318]","[2.69769,-0.267017]","[466215,241754]","[-0.072319,0.0361633]","[1,-1]","[11,11]","[1,1]","[0,0]","[1115.02,129.874]","[-0.006027,0.000778791]","[0.250287,0.0936525]",10871.4,-2.28749,4,"[55352,45285.4,29473.1,28938.5]","[-2.31847,-1.14677,-1.56141,-2.06179]","[-0.830322,-2.65581,0.771094,2.46185]","[284000,78978.1,73528.3,115652]","[0.99,0.995701,1,1]","[0,0,0,5]","[0,0,0,0]","[-0.400799,-0.533418,-0.0542897,0.983761]",0,"[]","[]","[]","[]","[]","[]","[]","[]","[]","[]",1,"[252766]","[-1.61237]","[2.67462]","[662600]","[69196.4]","[0]","[1.62641]","[0.773689]",0,"[]","[]","[]","[]","[]","[]","[]","[]","[]","[]",0,"[3460.61,2272.13]",2136.17,"[5743.04,2998.13,1904.56,3990.01]","[]","[3898.3]","[]"
181,284500,4502737,364116,-1,127.086,4.05305e+06,0.923924,0.962595,1,1,1,0.869032,1.00632,1,1,0,0,2,"[1,1]","[1,1]","[164456,147873]","[0.303822,0.486482]","[0.758425,-2.4482]","[172105,165719]","[0.0845299,0.0188103]","[-1,1]","[11,11]","[1,1]","[0,2460.44]","[947.864,1776.53]","[0.0166674,-0.0231067]","[2.1712,3.01756]",54397.9,-2.02359,2,"[78109.9,63748]","[-1.68946,-0.30784]","[0.332825,-2.48906]","[219099,67281.6]","[0,0.0216051]","[0,5]","[0,0]","[-0.816909,-0.0291329]",0,"[]","[]","[]","[]","[]","[]","[]","[]","[]","[]",1,"[252171]","[0.223579]","[-2.44135]","[267623]","[69281.8]","[0]","[0.719042]","[0.453286]",0,"[]","[]","[]","[]","[]","[]","[]","[]","[]","[]",0,"[744.927,1249.64]",6350.71,"[3174.99,5332.31]","[]","[4962.27]","[]"
182,284500,824088,364116,1,127.086,4.05305e+06,1.32095,0.96257,1,1,1,0.993335,0.99379,1,1,0,0,1,"[1]","[1]","[43182.6]","[-1.8118]","[2.76547]","[135697]","[99.1547]","[-1]","[11]","[1]","[0]","[-557.207]","[-0.00205405]","[0.173718]",14189.7,2.73998,6,"[355883,190944,149073,33353.6,30275.4,28484.6]","[-1.40267,1.13777,0.554379,-1.45713,0.378872,-1.30031]","[1.40841,-0.978927,-2.4694,-2.26373,-2.0474,-2.86627]","[768696,329141,174206,75739,32788.8,56430.2]","[0.995523,0.99681,0.993526,0.999971,0.791512,0.982307]","[0,0,0,0,0,0]","[0,0,0,0,0,0]","[-0.750707,-0.922476,-0.627436,-0.893504,-0.363537,-0.78866]",0,"[]","[]","[]","[]","[]","[]","[]","[]","[]","[]",1,"[342603]","[-1.42]","[1.41242]","[751561]","[46862.3]","[0]","[1.6882]","[0.731731]",0,"[]","[]","[]","[]","[]","[]","[]","[]","[]","[]",0,"[281.213]",1757.6,"[13010.2,9083.42,2456.45,2082.35,1907.39,2507.07]","[]","[23382.6]","[]"
183,284500,5186963,364116,-1,127.086,4.05305e+06,0.619412,0.96558,1,1,1,0.986318,0.99746,1,1,0,0,2,"[1,1]","[1,0]","[60726.2,35895.6]","[-1.77092,-0.924883]","[1.35818,-1.03115]","[183588,52374.4]","[-0.0372564,0.0478047]","[-1,1]","[11,11]","[1,0]","[0,0]","[-514.115,1738.37]","[-0.00966796,-0.0149571]","[0.635546,1.17368]",170951,-0.625294,2,"[357857,173909]","[0.322017,0.714738]","[2.66634,-0.539173]","[377542,220720]","[0.998786,0.998588]","[5,5]","[0,0]","[0.942822,0.894319]",0,"[]","[]","[]","[]","[]","[]","[]","[]","[]","[]",1,"[347814]","[0.32335]","[2.67216]","[366595]","[17928.8]","[0]","[4.84498]","[0.426842]",0,"[]","[]","[]","[]","[]","[]","[]","[]","[]","[]",0,"[336.266,122.358]",13090,"[4687.55,10225.9]","[]","[24555.8]","[]"
184,284500,895861,364116,1,127.086,4.05305e+06,0.619412,0.97949,1,1,1,0.996484,0.99672,1,1,0,0,1,"[1]","[1]","[75519.8]","[0.966309]","[-1.81195]","[113609]","[-69.484]","[1]","[11]","[1]","[0]","[-533.125]","[0.00666306]","[0.712008]",92151.9,2.111,5,"[169271,88688.3,76671.9,62163,50240.3]","[0.549893,0.705456,1.22917,0.35187,-1.72086]","[-2.26539,1.04784,0.783021,-0.653201,1.21531]","[196077,113279,142845,67297.6,145213]","[0.993783,0.745497,0.998872,0.969813,0.982418]","[0,0,0,0,0]","[0,0,0,0,0]","[-0.611228,-0.650884,-0.723054,-0.755948,-0.914055]",0,"[]","[]","[]","[]","[]","[]","[]","[]","[]","[]",1,"[261347]","[0.76791]","[-2.09668]","[344743]","[41256]","[0]","[0.511467]","[0.523136]",0,"[]","[]","[]","[]","[]","[]","[]","[]","[]","[]",0,"[374.373]",6292.55,"[2625.76,3706.91,4142.16,1904.99,3229.33]","[]","[10718.5]","[]"
185,284500,915404,364116,1,127.086,4.05305e+06,0.696077,0.94701,1,1,1,1.25765,0.92928,1,1,0,0,1,"[1]","[1]","[47462.1]","[-1.27346]","[-1.56092]","[91437.2]","[0.307203]","[-1]","[11]","[1]","[0]","[601.494]","[0.0181857]","[1.20894]",42489.4,-0.573249,4,"[273043,250190,79269.2,25158.1]","[1.11271,-1.45723,-1.62657,0.910672]","[2.18318,-1.0123,1.72604,-1.54855]","[462746,566585,209643,36844]","[0.996699,0.988463,0.991226,0.969398]","[0,0,0,0]","[0,0,0,0]","[-0.834004,-0.953941,0.841222,0.442282]",0,"[]","[]","[]","[]","[]","[]","[]","[]","[]","[]",2,"[350065,251043]","[-1.43939,1.12254]","[-1.10895,2.16822]","[785285,429049]","[92618.2,46369.2]","[0,0]","[1.0158,1.3732]","[0.556661,0.723668]",0,"[]","[]","[]","[]","[]","[]","[]","[]","[]","[]",0,"[399.055]",132.504,"[4330.45,3956.33,2410.89,2738.18]","[]","[9837.53,842.547]","[]"
186,284500,937780,364116,-1,127.086,4.05305e+06,0.553627,0.929142,1,1,1,1,1.01012,1,1,0,0,2,"[1,1]","[1,1]","[242203,218921]","[1.88717,1.96467]","[1.75941,-1.36246]","[817700,796082]","[-0.0269394,-0.0800858]","[1,-1]","[11,11]","[1,1]","[0,0]","[1167.65,676.268]","[-0.0180731,0.0433416]","[2.54948,3.41459]",24042.8,-0.119143,0,"[]","[]","[]","[]","[]","[]","[]","[]",0,"[]","[]","[]","[]","[]","[]","[]","[]","[]","[]",1,"[262484]","[1.89882]","[1.75643]","[896140]","[9155.88]","[0]","[14.7959]","[0.654662]",0,"[]","[]","[]","[]","[]","[]","[]","[]","[]","[]",0,"[1928.57,1989.21]",1799.28,"[]","[]","[1542.72]","[]"
187,284500,969585,364116,1,127.086,4.05305e+06,0.75088,0.986658,1,1,1,1.00653,0.99866,1,1,0,0,2,"[1,1]","[1,1]","[253334,229108]","[-1.08511,0.945442]","[-1.41351,1.76745]","[417702,339361]","[-0.00735092,0.0129967]","[-1,1]","[11,11]","[1,1]","[0,0]","[3122,-2423.67]","[0.0132536,0.0122546]","[1.07605,2.03529]",20294.5,0.192632,2,"[23173.4,20009]","[-0.718855,0.651318]","[0.441031,-1.79215]","[29603.3,24873.6]","[0.964084,0.971591]","[5,0]","[0,0]","[0.717718,-0.837481]",0,"[]","[]","[]","[]","[]","[]","[]","[]","[]","[]",1,"[276729]","[-1.07196]","[-1.41367]","[451550]","[2055.16]","[0]","[0]","[-1]",0,"[]","[]","[]","[]","[]","[]","[]","[]","[]","[]",0,"[3839.96,2418.36]",717.588,"[2485.96,1113.64]","[]","[8997.38]","[]"
188,284500,974148,364116,1.56867,127.086,4.05305e+06,1.22586,0.985702,1,1,1,0.997524,1.00632,1,1,0,0,2,"[1,1]","[1,1]","[480292,477738]","[0.361331,1.12814]","[-0.521719,2.54322]","[511988,815387]","[-0.102028,0.0110207]","[1,-1]","[11,11]","[1,1]","[0,0]","[-131.068,-2664.88]","[-0.0129254,0.00761255]","[2.1438,1.33134]",22053,-1.54995,2,"[22812.9,20230.7]","[-1.40773,-0.37996]","[1.88964,-1.42864]","[49526.2,22012.1]","[0.98607,0.987773]","[0,0]","[0,0]","[-0.787203,-0.935503]",0,"[]","[]","[]","[]","[]","[]","[]","[]","[]","[]",2,"[518516,495642]","[1.11756,0.336552]","[2.5395,-0.525161]","[877450,523984]","[2464.71,2348.36]","[0,0]","[104.902,0]","[0.380903,-1]",0,"[]","[]","[]","[]","[]","[]","[]","[]","[]","[]",0,"[3026.5,6551.6]",13687.2,"[1778.57,1128.36]","[]","[14408.9,18485.2]","[]"
189,284500,85472,364116,1,127.086,4.05305e+06,0.696077,0.96203,1,1,1,0.99796,1.01508,1,1,0,0,1,"[1]","[1]","[260780]","[-1.65715]","[0.982361]","[708676]","[0.0312567]","[-1]","[11]","[1]","[0]","[1086.54]","[0.0015536]","[0.17968]",34126.6,-0.695153,2,"[50693.9,32002.9]","[0.0423623,-2.19243]","[-1.91584,1.83983]","[51325.8,145289]","[0.725397,0.945266]","[0,0]","[0,0]","[-0.91872,-0.408096]",0,"[]","[]","[]","[]","[]","[]","[]","[]","[]","[]",1,"[292500]","[-1.71428]","[1.03113]","[841582]","[72874.9]","[0]","[1.03621]","[0.431107]",0,"[]","[]","[]","[]","[]","[]","[]","[]","[]","[]",0,"[7307.5]",186.492,"[2653.5,2874.73]","[]","[22809.5]","[]"
190,284500,1513583,364116,2.95792,127.086,4.05305e+06,1.24168,0.96972,1,1,1,0.99754,0.99544,1,1,0,0,1,"[1]","[1]","[254693]","[1.22748]","[1.98181]","[471902]","[0.0532541]","[-1]","[11]","[1]","[0]","[165.003]","[0.0121791]","[1.28757]",47523.6,2.54122,2,"[271486,28117.6]","[1.38011,-1.35535]","[-1.0513,-1.56474]","[573807,58324.8]","[0.989756,0.999844]","[0,0]","[0,0]","[-0.94587,-0.866295]",0,"[]","[]","[]","[]","[]","[]","[]","[]","[]","[]",2,"[275535,271975]","[1.23245,1.37619]","[1.9871,-1.05161]","[512661,572873]","[0,7595.59]","[0,0]","[0,0]","[-1,-1]",0,"[]","[]","[]","[]","[]","[]","[]","[]","[]","[]",0,"[3356.58]",4327.37,"[5393.21,2465.93]","[]","[11691.9,345.125]","[]"
191,284500,1601473,364116,-1,127.086,4.05305e+06,1.24168,0.940841,1,1,1,0.962431,0.98483,1,1,0,0,2,"[1,1]","[1,1]","[55521.3,33286.9]","[-0.171374,0.458407]","[1.51434,-1.83624]","[56338.6,36846]","[-0.0541992,-0.0750961]","[1,-1]","[11,11]","[1,0]","[0,0]","[492.874,2247.34]","[0.00422418,-0.00130616]","[0.468051,0.0906185]",28062,-2.13076,2,"[505931,490502]","[0.369355,-0.849139]","[0.104873,-3.04437]","[541215,678714]","[1,0.997912]","[4,5]","[0,0]","[-0.771093,0.503413]",0,"[]","[]","[]","[]","[]","[]","[]","[]","[]","[]",2,"[492372,476293]","[0.407856,-0.816404]","[0.105235,-3.04522]","[534027,644278]","[11904.2,17696.2]","[0,0]","[0,4.16965]","[-1,0.731873]",0,"[]","[]","[]","[]","[]","[]","[]","[]","[]","[]",0,"[69.1612,84.4254]",3512.36,"[12752.5,17835.8]","[]","[10918.1,41929.9]","[]"
192,284500,2534647,364116,1,127.086,4.05305e+06,1.55465,0.96972,1,1,1,0.974093,0.99544,1,1,0,0,2,"[0,1]","[1,1]","[248989,246125]","[2.4138,1.16479]","[1.89784,-1.35913]","[1.40253e+06,432839]","[0.225626,0.0216827]","[1,1]","[11,11]","[0,1]","[0,0]","[797.458,-1011.2]","[-0.0482958,0.00530458]","[4.07252,0.752724]",32598,-2.02893,2,"[27485.2,26914.3]","[1.49938,1.13999]","[1.12014,0.462165]","[64985.7,46801.9]","[0.663839,0.994446]","[0,5]","[0,0]","[0.144575,-0.193475]",0,"[]","[]","[]","[]","[]","[]","[]","[]","[]","[]",1,"[271745]","[1.1639]","[-1.35396]","[477547]","[1527.84]","[0]","[49.4916]","[-1]",0,"[]","[]","[]","[]","[]","[]","[]","[]","[]","[]",0,"[11019.4,2908.87]",28993.4,"[5326.9,1139.27]","[]","[10412.3]","[]"
193,284500,2668361,364116,0.879125,127.086,4.05305e+06,1.1961,0.96203,1,1,1,0.978888,1.01508,1,1,0,0,1,"[1]","[1]","[327797]","[-1.58889]","[0.979217]","[836287]","[-0.0294418]","[1]","[11]","[1]","[0]","[-1710.21]","[0.0320146]","[4.57842]",45704.8,1.80986,4,"[39606.4,22162.5,21714.9,20785.3]","[-2.3918,2.42467,1.19926,-2.20805]","[2.20182,-1.01104,0.123509,1.29639]","[218348,126246,39520.5,95791.7]","[0.958028,0.676904,0.988932,0.996148]","[0,0,5,0]","[0,0,0,0]","[-0.863537,-0.854479,0.839026,-0.429111]",0,"[]","[]","[]","[]","[]","[]","[]","[]","[]","[]",1,"[335868]","[-1.60568]","[0.975458]","[870256]","[6210.28]","[0]","[29.3714]","[0.282066]",0,"[]","[]","[]","[]","[]","[]","[]","[]","[]","[]",0,"[8240.22]",14618.1,"[2241.72,3937.86,1199.54,1155.2]","[]","[3548.75]","[]"
194,284500,6400920,364116,-1,127.086,4.05305e+06,1.26205,0.97411,1,1,1,0.999661,1.00582,1,1,0,0,2,"[1,1]","[1,1]","[555318,525592]","[-0.289201,-0.47468]","[1.54781,-1.59267]","[578703,585926]","[-0.0893326,0.121342]","[1,-1]","[11,11]","[1,1]","[0,1310.63]","[-435.694,59.1354]","[-0.00895278,0.0156126]","[1.55016,2.38451]",68513.6,-2.13361,1,"[46021.2]","[1.1677]","[0.782015]","[81431.8]","[0.973524]","[0]","[0]","[-0.849359]",0,"[]","[]","[]","[]","[]","[]","[]","[]","[]","[]",2,"[566105,544425]","[-0.260801,-0.442524]","[1.54625,-1.59695]","[585469,598629]","[1494.67,5066.67]","[0,0]","[0,124.607]","[-1,0.34069]",0,"[]","[]","[]","[]","[]","[]","[]","[]","[]","[]",0,"[3742.25,3589.08]",7680.86,"[3856.32]","[]","[48665.1,20202.5]","[]"
195,284500,2876194,364116,0.475328,127.086,4.05305e+06,0.923924,0.972512,1,1,1,1,0.99765,1,1,0,0,2,"[1,1]","[1,1]","[259730,241514]","[0.648394,0.136843]","[-2.59359,0.490575]","[316266,243778]","[-0.0435486,-0.00883484]","[-1,1]","[11,11]","[1,1]","[0,0]","[-818.43,-1447.48]","[0.0193628,-0.0197941]","[3.99111,2.90617]",19947.3,2.00465,0,"[]","[]","[]","[]","[]","[]","[]","[]",0,"[]","[]","[]","[]","[]","[]","[]","[]","[]","[]",2,"[274275,252208]","[0.639748,0.11578]","[-2.59044,0.488569]","[332401,253906]","[6235.28,1641.74]","[0,0]","[4.92113,33.4213]","[-1,-1]",0,"[]","[]","[]","[]","[]","[]","[]","[]","[]","[]",0,"[1786.99,2088.64]",0,"[]","[]","[5387.09,0]","[]"
196,284500,6911892,364116,1,127.086,4.05305e+06,1.26459,0.934006,1,1,1,0.998329,0.99604,1,1,0,0,2,"[1,1]","[1,1]","[473092,472802]","[-2.20768,-1.28231]","[0.741166,-2.39296]","[2.17731e+06,917792]","[0.0392466,-0.0263538]","[-1,1]","[11,11]","[1,1]","[1587.97,0]","[2348.31,6144.47]","[0.0170198,0.0301062]","[1.60828,1.68144]",22781.9,-0.139247,1,"[31346.8]","[1.43736]","[-1.85388]","[69985]","[0.637178]","[0]","[0]","[-0.873492]",0,"[]","[]","[]","[]","[]","[]","[]","[]","[]","[]",1,"[513801]","[-1.2903]","[-2.39524]","[1.00429e+06]","[9506.23]","[0]","[47.0434]","[0.364063]",0,"[]","[]","[]","[]","[]","[]","[]","[]","[]","[]",0,"[8238.87,7050.94]",837.699,"[2202.05]","[]","[14438.1]","[]"
197,284500,7315518,364116,0.631309,127.086,4.05305e+06,1.74563,0.933258,1,1,1,1.0454,0.98683,1,1,0,0,2,"[1,1]","[1,1]","[71060.4,38649.3]","[-1.08565,-0.59844]","[2.38161,0.425668]","[117216,45779]","[-0.0403652,0.00714493]","[1,-1]","[11,11]","[1,1]","[0,0]","[-402.962,-106.629]","[-0.00923003,0.0100926]","[0.940539,0.83972]",70480.1,-1.23941,3,"[555300,483996,65798.4]","[1.6636,-2.09372,0.579262]","[2.02175,-1.10995,-1.10096]","[1.51829e+06,1.99389e+06,77813.4]","[0,0.127863,0.996816]","[0,0,5]","[0,0,0]","[-0.840917,-0.869534,0.898573]",0,"[]","[]","[]","[]","[]","[]","[]","[]","[]","[]",1,"[554384]","[1.65871]","[2.02027]","[1.50891e+06]","[22740.4]","[0]","[3.29778]","[0.542975]",0,"[]","[]","[]","[]","[]","[]","[]","[]","[]","[]",0,"[641.155,99.9409]",17918,"[7780.86,16738.9,3343.19]","[]","[22572.4]","[]"
198,284500,5078926,364116,-1,127.086,4.05305e+06,0.738662,0.937442,1,1,1,1.00086,0.98653,1,1,0,0,2,"[1,1]","[1,1]","[53683.7,38632.6]","[0.271816,0.678987]","[-0.333713,3.11732]","[55679.1,47885.3]","[-0.0081234,0.0650368]","[-1,1]","[11,11]","[1,1]","[0,0]","[28.6618,1366.79]","[0.0246327,-0.00842]","[3.66938,0.944807]",35850.7,-1.95708,3,"[759481,730934,27383]","[0.050298,-1.02184,0.795124]","[1.18988,-1.95103,2.16224]","[761200,1.14745e+06,36873.8]","[0.895765,1,0.999015]","[0,5,0]","[0,0,0]","[-0.656293,-0.210504,-0.916203]",0,"[]","[]","[]","[]","[]","[]","[]","[]","[]","[]",2,"[716827,711298]","[0.0375153,-1.0323]","[1.18817,-1.94819]","[718001,1.12528e+06]","[30984.7,16081]","[0,0]","[7.91059,5.36126]","[-1,0.562045]",0,"[]","[]","[]","[]","[]","[]","[]","[]","[]","[]",0,"[171.46,45.3363]",2933.5,"[11390,9720.58,3251.85]","[]","[3716.06,26643.9]","[]"
199,284500,899162,364116,-1,127.086,4.05305e+06,1.1961,0.96323,1,1,1,0.997581,1.00493,1,1,0,0,1,"[1]","[1]","[284128]","[-1.24001]","[1.54248]","[532033]","[-0.00376892]","[1]","[11]","[1]","[0]","[-92.2637]","[-0.00394667]","[0.558535]",24118.2,-2.07572,3,"[240922,21950.2,20006.5]","[-1.4689,-0.860606,0.152509]","[-1.46465,-3.07639,-1.20939]","[551132,30962.6,20487.1]","[0.999636,0.999784,0.655559]","[0,0,0]","[0,0,0]","[-0.987803,-0.826979,-0.888726]",0,"[]","[]","[]","[]","[]","[]","[]","[]","[]","[]",1,"[299482]","[-1.27232]","[1.53972]","[576409]","[3485.51]","[0]","[27.194]","[0.441963]",0,"[]","[]","[]","[]","[]","[]","[]","[]","[]","[]",0,"[3650.43]",20555.4,"[6120.9,2457.12,1127.36]","[]","[28802.4]","[]"
200,284500,980634,364116,1,127.086,4.05305e+06,1.32095,0.962145,1,1,1,0.999156,0.99866,1,1,0,0,2,"[1,1]","[1,1]","[215177,202196]","[-1.13063,-0.924859]","[0.812884,-2.23529]","[367999,295014]","[0.0111694,-0.00192261]","[1,-1]","[11,11]","[1,1]","[0,0]","[1103.8,649.025]","[-0.0137218,0.0297892]","[1.93435,2.37495]",10204.3,2.80636,1,"[22381.1]","[0.333025]","[2.85917]","[24008.5]","[0.986834]","[0]","[0]","[-0.796257]",0,"[]","[]","[]","[]","[]","[]","[]","[]","[]","[]",1,"[251626]","[-1.11228]","[0.821197]","[424003]","[1170.56]","[0]","[0]","[-1]",0,"[]","[]","[]","[]","[]","[]","[]","[]","[]","[]",0,"[2312.44,3409.7]",2290.88,"[2831.48]","[]","[0]","[]"
201,284500,910041,364116,1,127.086,4.05305e+06,0.351687,0.99211,1,1,1,0.901523,0.9918,1,1,0,0,1,"[1]","[1]","[358303]","[-0.695087]","[2.72699]","[448401]","[-0.0725899]","[1]","[11]","[1]","[0]","[3771.94]","[-0.00287265]","[0.332034]",64827.3,2.93371,1,"[55453.9]","[1.92316]","[-2.39012]","[194020]","[0.989224]","[5]","[0]","[-0.884234]",0,"[]","[]","[]","[]","[]","[]","[]","[]","[]","[]",1,"[380062]","[-0.671108]","[2.7194]","[468930]","[4297.51]","[0]","[32.7864]","[0.28656]",0,"[]","[]","[]","[]","[]","[]","[]","[]","[]","[]",0,"[2528.81]",21681,"[1353.61]","[]","[3189.34]","[]"
202,284500,984415,364116,1,127.086,4.05305e+06,0,0.962145,1,1,1,0.999191,0.99866,1,1,0,0,2,"[1,1]","[1,1]","[266008,256380]","[-0.829925,-1.04317]","[2.98036,-0.363142]","[362998,408995]","[-0.00401306,0.0443687]","[1,-1]","[11,11]","[1,1]","[0,0]","[-946.998,-4464.31]","[-0.00267297,0.0212691]","[0.299187,2.62544]",22058.7,-1.32181,1,"[26792]","[-0.555919]","[1.69506]","[31294.7]","[0.943782]","[0]","[0]","[-0.892105]",0,"[]","[]","[]","[]","[]","[]","[]","[]","[]","[]",2,"[303659,297785]","[-0.856916,-1.11338]","[2.96175,-0.375395]","[423323,505181]","[31627.1,54572.9]","[0,0]","[0.892291,0.732362]","[0.428274,0.221114]",0,"[]","[]","[]","[]","[]","[]","[]","[]","[]","[]",0,"[2834.75,3191.37]",8569.12,"[3899.31]","[]","[10718.2,872.188]","[]"
203,284500,39099,364116,0.0549701,127.086,4.05305e+06,0.553627,0.986388,1,1,1,1,1.00582,1,1,0,0,2,"[1,1]","[1,1]","[275658,274356]","[-2.39129,-0.147757]","[0.140252,3.13695]","[1.51874e+06,277356]","[0.053051,0.105206]","[1,-1]","[11,11]","[1,1]","[0,0]","[564.983,2189.31]","[-0.030023,0.0141517]","[1.43713,2.04134]",28702.8,-1.47102,0,"[]","[]","[]","[]","[]","[]","[]","[]",0,"[]","[]","[]","[]","[]","[]","[]","[]","[]","[]",1,"[281631]","[-0.185641]","[3.13265]","[286510]","[2604.39]","[0]","[1.61358]","[-1]",0,"[]","[]","[]","[]","[]","[]","[]","[]","[]","[]",0,"[12661.4,3409.75]",0,"[]","[]","[2167.03]","[]"
204,284500,1263940,364116,1,127.086,4.05305e+06,0.596562,0.969242,1,1,1,0.99889,0.98743,1,1,0,0,2,"[1,1]","[1,1]","[339510,320690]","[-0.00268202,-0.550449]","[-2.20901,0.931034]","[339511,370513]","[0.102821,0.0311356]","[1,-1]","[11,11]","[1,1]","[0,0]","[-255.892,3669.39]","[-0.0268512,0.0214189]","[2.96512,3.88534]",34477.7,1.50717,2,"[34256.8,34220.1]","[0.108583,-0.755263]","[-0.832422,1.82392]","[35242.1,44818.9]","[0.897601,0.981251]","[0,0]","[0,0]","[-0.920483,-0.92309]",0,"[]","[]","[]","[]","[]","[]","[]","[]","[]","[]",2,"[351547,333412]","[-0.076399,-0.643028]","[-2.20969,0.977968]","[352573,410139]","[0.00262947,66261.9]","[0,0]","[0,1.27689]","[-1,0.638757]",0,"[]","[]","[]","[]","[]","[]","[]","[]","[]","[]",0,"[2354.69,2383.46]",3985.4,"[2016.42,2075.58]","[]","[18736.6,21333.4]","[]"
205,284500,3100697,364116,-1,127.086,4.05305e+06,1.32095,0.957085,1,1,1,0.998267,0.99544,1,1,0,0,2,"[1,1]","[1,1]","[259469,213084]","[1.28951,-0.356661]","[-0.507135,2.65557]","[506796,226781]","[0.0440111,-0.0307446]","[-1,1]","[11,11]","[1,1]","[0,0]","[-862.015,202.563]","[0.0150008,-0.0259011]","[1.63135,4.14428]",16981.2,1.34935,3,"[56933.4,33168.7,23161.9]","[-0.849375,-0.311312,0.342086]","[2.72882,-1.6673,0.71449]","[78845.2,35385,24985.5]","[0.99577,0.60475,0.929936]","[0,0,0]","[0,0,0]","[-0.917326,-0.867554,-0.829585]",0,"[]","[]","[]","[]","[]","[]","[]","[]","[]","[]",2,"[285348,278521]","[-0.477061,1.29719]","[2.66814,-0.509231]","[323862,547622]","[59013.6,3253.95]","[0,0]","[0.767157,167.059]","[0.464058,-1]",0,"[]","[]","[]","[]","[]","[]","[]","[]","[]","[]",0,"[3358.59,1818.37]",5723.47,"[4109.61,14600.8,1276.99]","[]","[2484.84,17451.3]","[]"
206,284500,1134498,364116,-1,127.086,4.05305e+06,1.1961,0.99242,1,1,1,0.974004,0.99765,1,1,0,0,1,"[1]","[1]","[256269]","[0.760855]","[-2.38525]","[334094]","[0.00336456]","[1]","[11]","[1]","[0]","[-802.295]","[-0.0161738]","[1.45179]",18745.8,-1.21909,1,"[32585.8]","[1.60725]","[0.891444]","[84848.8]","[0.993709]","[4]","[0]","[0.374599]",0,"[]","[]","[]","[]","[]","[]","[]","[]","[]","[]",1,"[269044]","[0.765046]","[-2.39162]","[351695]","[0.00676582]","[0]","[0]","[-1]",0,"[]","[]","[]","[]","[]","[]","[]","[]","[]","[]",0,"[2991.41]",1823.18,"[2635.38]","[]","[844.844]","[]"
207,284500,7401682,364116,-1,127.086,4.05305e+06,1.26205,0.950679,1,1,1,1.00315,1.00582,1,1,0,0,2,"[1,0]","[1,1]","[634229,585740]","[-0.449292,-1.30367]","[-0.964935,2.16069]","[699326,1.1581e+06]","[-0.00794983,0.105736]","[-1,-1]","[11,11]","[1,1]","[1291.49,0]","[1374.58,5956.77]","[0.017497,0.0099421]","[2.32989,0.77197]",58436.6,1.53912,1,"[24740.9]","[-1.61737]","[3.07531]","[64920.6]","[0.991904]","[5]","[0]","[0.963877]",0,"[]","[]","[]","[]","[]","[]","[]","[]","[]","[]",2,"[642165,643556]","[-0.476084,-1.32713]","[-0.96112,2.1552]","[716326,1.29852e+06]","[0.00956832,1895.65]","[0,0]","[0,0]","[-1,-1]",0,"[]","[]","[]","[]","[]","[]","[]","[]","[]","[]",0,"[5102.85,9486.69]",4759.45,"[2478.44]","[]","[15115.4,35582.9]","[]"
208,284500,3235939,364116,1,127.086,4.05305e+06,1.26205,0.926468,1,1,1,1.04699,0.93884,1,1,0,0,2,"[1,1]","[1,1]","[52608.1,40877]","[1.28981,1.5894]","[-1.33463,1.53913]","[102781,104335]","[0.0365753,-0.0473785]","[-1,1]","[11,11]","[1,1]","[0,0]","[-829.675,431.076]","[0.00306512,0.00305436]","[0.334426,0.250537]",34985.1,2.75832,2,"[356116,337039]","[-1.58615,0.170756]","[-0.136116,3.01609]","[906586,342677]","[0.99,0.996335]","[0,5]","[0,0]","[-0.864608,0.767033]",0,"[]","[]","[]","[]","[]","[]","[]","[]","[]","[]",2,"[357051,327291]","[-1.61507,0.102672]","[-0.134879,3.01636]","[933364,329215]","[18955.3,11416.5]","[0,0]","[2.03158,3.7226]","[0.69804,0.135141]",0,"[]","[]","[]","[]","[]","[]","[]","[]","[]","[]",0,"[542.568,507.66]",12568.3,"[8117.04,6941.13]","[]","[6788.06,30124.9]","[]"
209,284500,3349072,364116,-1,127.086,4.05305e+06,1.08735,0.972512,1,1,1,1.0478,0.99765,1,1,0,0,2,"[1,1]","[1,1]","[298938,252505]","[0.69824,0.178116]","[0.889494,-2.34505]","[374819,256521]","[-0.0616837,0.0031662]","[1,-1]","[11,11]","[1,1]","[1391.65,1754.5]","[527.817,2713.51]","[0.0109079,-0.0173586]","[1.61188,3.15382]",31465.2,1.15016,3,"[40693.1,26845.8,21849.7]","[0.252781,1.23332,0.584122]","[-1.10009,-2.57402,-2.07793]","[43350.6,50221.2,25909.8]","[0.970883,0.989969,0.986478]","[5,0,0]","[0,0,0]","[0.998343,-0.790628,-0.656207]",0,"[]","[]","[]","[]","[]","[]","[]","[]","[]","[]",2,"[317602,267646]","[0.665601,0.133232]","[0.889131,-2.335]","[390590,270066]","[0.00617632,4674.19]","[0,0]","[0,0]","[-1,-1]",0,"[]","[]","[]","[]","[]","[]","[]","[]","[]","[]",0,"[2766.75,1917.55]",446.328,"[3712.08,1810.03,2158.7]","[]","[14586.4,3448.22]","[]"
210,284500,5015983,364116,1,127.086,4.05305e+06,0.596562,0.99211,1,1,1,0.998037,0.9918,1,1,0,0,1,"[1]","[1]","[329526]","[-0.743502]","[-0.184867]","[424880]","[-0.007061]","[1]","[11]","[1]","[1375.83]","[1051.9]","[0.0191236]","[2.56511]",104405,-0.0487897,2,"[64076.9,32387.8]","[1.25063,1.39778]","[-1.1199,-1.56613]","[121323,69595.3]","[0.997437,1]","[0,0]","[0,0]","[-0.808613,-0.866564]",0,"[]","[]","[]","[]","[]","[]","[]","[]","[]","[]",1,"[334707]","[-0.771291]","[-0.179809]","[439308]","[2842.56]","[0]","[0]","[-1]",0,"[]","[]","[]","[]","[]","[]","[]","[]","[]","[]",0,"[2359.71]",9372.3,"[7186.56,4445.96]","[]","[2645.5]","[]"
211,284500,4191782,364116,1,127.086,4.05305e+06,1.32095,0.98089,1,1,1,0.999444,0.99866,1,1,0,0,1,"[1]","[1]","[299540]","[-0.875489]","[2.4857]","[421858]","[0.00775719]","[-1]","[11]","[1]","[0]","[362.416]","[0.0179994]","[1.32669]",561.387,1.72962,1,"[296159]","[-1.48868]","[-0.641976]","[689634]","[0.998842]","[0]","[0]","[-0.910465]",0,"[]","[]","[]","[]","[]","[]","[]","[]","[]","[]",2,"[317677,268586]","[-0.88888,-1.4944]","[2.4914,-0.643223]","[451664,628640]","[1849.7,2626.29]","[0,0]","[0,2.06868]","[-1,0.394217]",0,"[]","[]","[]","[]","[]","[]","[]","[]","[]","[]",0,"[3070.94]",6988.96,"[8903.66]","[]","[1999.25,3736.53]","[]"
212,284500,349184,364116,1.06697,127.086,4.05305e+06,0.553627,0.956613,1,1,1,1,0.99765,1,1,0,0,2,"[1,1]","[1,1]","[296690,287219]","[0.760895,1.96994]","[-0.0329925,3.02041]","[386800,1.04974e+06]","[0.0485764,0.047657]","[1,-1]","[11,11]","[1,1]","[0,0]","[317.938,903.565]","[0.0132764,-0.00968198]","[1.0001,0.632663]",26431.8,-2.03437,0,"[]","[]","[]","[]","[]","[]","[]","[]",0,"[]","[]","[]","[]","[]","[]","[]","[]","[]","[]",2,"[310198,311161]","[0.749746,1.96023]","[-0.0418428,3.01901]","[401544,1.12669e+06]","[-0.00552427,2795.87]","[0,0]","[0,49.5499]","[-1,-1]",0,"[]","[]","[]","[]","[]","[]","[]","[]","[]","[]",0,"[2004.73,5043.54]",0,"[]","[]","[9828.47,17338.3]","[]"
213,284500,5768168,364116,-1,127.086,4.05305e+06,0,0.95563,1,1,1,0.998322,0.9918,1,1,0,0,2,"[1,1]","[1,1]","[270871,266042]","[-0.697345,-1.19469]","[-1.21295,1.86782]","[339445,479584]","[0.0551128,-0.0196362]","[-1,1]","[11,11]","[1,1]","[0,1030.55]","[-821.871,-577.058]","[0.0293949,-0.02336]","[3.48352,3.5137]",30682,1.89093,2,"[30653.8,20767.7]","[1.18715,-0.0188175]","[-2.75367,-0.111776]","[55325.3,21360.6]","[0.986608,0.985131]","[0,0]","[0,0]","[-0.783687,-0.911766]",0,"[]","[]","[]","[]","[]","[]","[]","[]","[]","[]",2,"[285867,278238]","[-1.21468,-0.714851]","[1.86126,-1.21487]","[523999,352409]","[0.00552427,-0.00478416]","[0,0]","[0,0]","[-1,-1]",0,"[]","[]","[]","[]","[]","[]","[]","[]","[]","[]",0,"[1782.48,3295.6]",1867.38,"[4116.49,1183.39]","[]","[13583,6487.66]","[]"
214,284500,2386146,364116,1,127.086,4.05305e+06,0.402058,0.933416,1,1,1,0.996101,1.00136,1,1,0,0,2,"[1,1]","[1,1]","[51198.1,48295.6]","[1.58886,1.76091]","[-2.9231,0.957434]","[130615,144636]","[53.8324,53.7051]","[-1,1]","[11,11]","[1,1]","[0,0]","[572.876,-34.3219]","[0.0177885,-0.0169888]","[0.855627,1.46403]",76863.4,-1.40468,5,"[290681,176871,36737.3,30476.9,25293.7]","[-0.19691,1.10907,1.28349,-1.03997,0.238756]","[1.23282,-2.07106,-2.52397,-1.07413,-0.743519]","[296913,297682,71405.9,48667.2,26237.8]","[0.897372,0.988204,0.913465,0.926854,0.944447]","[0,0,0,0,0]","[0,0,0,0,0]","[-0.747622,-0.920324,-0.915701,-0.917823,-0.564931]",0,"[]","[]","[]","[]","[]","[]","[]","[]","[]","[]",2,"[280901,251740]","[-0.222011,1.29988]","[1.22674,-2.30614]","[288450,503607]","[18559.8,86592.2]","[0,0]","[2.85149,0.928603]","[0.645548,0.481617]",0,"[]","[]","[]","[]","[]","[]","[]","[]","[]","[]",0,"[448.018,137.996]",7961.14,"[3275.19,2783.3,3562.88,3440.54,4067.92]","[]","[2581.31,17741.8]","[]"
215,284500,5935882,364116,1,127.086,4.05305e+06,0.923924,0.992773,1,1,1,1.02248,1.00306,1,1,0,0,2,"[1,1]","[1,1]","[224530,198004]","[0.904155,-0.420923]","[2.56747,-0.715044]","[322731,215806]","[-0.0207934,0.0155473]","[1,-1]","[11,11]","[1,1]","[2178.11,0]","[257.244,-1254.73]","[-0.000772364,0.00421429]","[0.0790915,0.48835]",24389.9,1.80373,6,"[93333.4,56863.3,46414,42452.3,32159.3,27689.2]","[-1.95932,-0.240743,-0.722732,1.04211,-1.28891,0.548624]","[-2.40807,-0.221506,2.15603,0.0335098,0.976538,-0.647758]","[337829,59035.4,59540.4,68049.5,62915.1,32491.3]","[0.998575,0.984731,0.995175,1,1,0.873726]","[0,0,0,0,0,5]","[0,0,0,0,0,0]","[-0.904817,-0.600797,-0.937086,-0.939544,-0.890568,0.898722]",0,"[]","[]","[]","[]","[]","[]","[]","[]","[]","[]",1,"[260950]","[0.867451]","[2.55707]","[367688]","[40585]","[0]","[1.24046]","[0.575639]",0,"[]","[]","[]","[]","[]","[]","[]","[]","[]","[]",0,"[2594.45,931.339]",14319.7,"[2719.74,5426.4,4481.42,2113.62,2067.63,6665.77]","[]","[957.203]","[]"
216,284500,2180865,364116,-0.561201,127.086,4.05305e+06,1.08735,0.984032,1,1,1,1,1.0005,1,1,0,0,2,"[1,1]","[1,1]","[246582,246209]","[2.28323,1.03364]","[-1.49546,1.54192]","[1.22185e+06,389870]","[-0.0345154,-0.00159073]","[1,-1]","[11,11]","[1,1]","[1305.73,0]","[1330.19,2114.27]","[0.032369,-0.029028]","[2.66611,4.5541]",10029,-0.762684,0,"[]","[]","[]","[]","[]","[]","[]","[]",0,"[]","[]","[]","[]","[]","[]","[]","[]","[]","[]",1,"[267490]","[1.02519]","[1.53836]","[420813]","[1746.51]","[0]","[0]","[-1]",0,"[]","[]","[]","[]","[]","[]","[]","[]","[]","[]",0,"[4852.62,3082.79]",1292.12,"[]","[]","[5515.89]","[]"
217,284500,5807037,364116,1,127.086,4.05305e+06,1.21412,0.99242,1,1,1,1,0.99765,1,1,0,0,2,"[1,1]","[1,1]","[435175,406465]","[0.645638,1.55713]","[-2.67326,0.591823]","[529071,1.0072e+06]","[0.0167656,0.682652]","[-1,1]","[11,11]","[1,0]","[0,0]","[-1640.99,-1186.9]","[-0.00450637,-0.151493]","[0.749923,2.47049]",35236.2,-0.608733,0,"[]","[]","[]","[]","[]","[]","[]","[]",0,"[]","[]","[]","[]","[]","[]","[]","[]","[]","[]",2,"[488254,465514]","[1.57356,0.629785]","[0.543928,-2.6749]","[1.23311e+06,560925]","[109642,0.00873464]","[0,0]","[1.06668,0]","[0.601136,-1]",0,"[]","[]","[]","[]","[]","[]","[]","[]","[]","[]",0,"[3807.03,11454.5]",40475.7,"[]","[]","[12980,1756.94]","[]"
218,284500,2373639,364116,1,127.086,4.05305e+06,1.55465,0.97695,1,1,1,0.99895,0.98743,1,1,0,0,1,"[1]","[1]","[391533]","[-0.00751948]","[2.98534]","[391544]","[-0.0394955]","[1]","[11]","[1]","[6759.78]","[3465.21]","[-0.00149905]","[0.289912]",40171.9,2.90088,1,"[446174]","[-1.42988]","[-0.164304]","[985532]","[0.998198]","[0]","[0]","[-0.941049]",0,"[]","[]","[]","[]","[]","[]","[]","[]","[]","[]",2,"[431085,396105]","[-1.43221,-0.0143583]","[-0.164303,2.98435]","[954155,396158]","[4313.53,3145.35]","[0,0]","[4.54507,27.4397]","[0.469988,-1]",0,"[]","[]","[]","[]","[]","[]","[]","[]","[]","[]",0,"[5081.26]",307.148,"[8517.55]","[]","[9886.31,20340.5]","[]"
219,284500,4479388,364116,1,127.086,4.05305e+06,1.74563,0.947368,1,1,1,0.9981,0.98743,1,1,0,0,2,"[1,1]","[1,1]","[563493,533717]","[1.25766,-0.0633569]","[-1.96633,1.11028]","[1.07106e+06,534789]","[-0.0250607,-0.0168953]","[-1,1]","[11,11]","[1,1]","[3807.11,0]","[791.577,-674.605]","[-0.0236422,0.0325645]","[3.43823,3.89137]",25771.6,2.03412,1,"[27461.8]","[2.17355]","[1.9587]","[122304]","[0.992745]","[0]","[0]","[-0.822943]",0,"[]","[]","[]","[]","[]","[]","[]","[]","[]","[]",2,"[616825,555672]","[1.2551,-0.0844585]","[-1.96307,1.11187]","[1.16988e+06,557655]","[0.015625,-0.0059802]","[0,0]","[0,0]","[-1,-1]",0,"[]","[]","[]","[]","[]","[]","[]","[]","[]","[]",0,"[9339.89,9587.72]",4578.86,"[4962.84]","[]","[23204.4,9484.88]","[]"
220,284500,5875303,364116,1,127.086,4.05305e+06,1.32095,0.985722,0.987935,1,1,1,1.00306,1,1,0,0,3,"[1,1,0]","[1,1,0]","[268113,252945,8964]","[1.05243,1.57594,-1.75518]","[0.719878,-2.41673,3.13511]","[430816,637686,26701]","[0.047966,-0.0118027,-0.169876]","[1,-1,1]","[11,11,13]","[1,1,1]","[0,0,0]","[3269.33,2208.59,266.775]","[-0.0110804,-0.0146196,-0.0252166]","[1.67583,1.29584,1.25731]",16735.9,-2.6806,0,"[]","[]","[]","[]","[]","[]","[]","[]",0,"[]","[]","[]","[]","[]","[]","[]","[]","[]","[]",2,"[297623,276254]","[1.07581,1.60026]","[0.720514,-2.41698]","[487121,712223]","[2008.61,5401.02]","[0,0]","[42.8864,6.66156]","[0.377677,0.436294]",0,"[]","[]","[]","[]","[]","[]","[]","[]","[]","[]",0,"[3033.05,5547.99,48.9706]",566.115,"[]","[]","[3589.75,24009.4]","[]"
221,284500,5935232,364116,1,127.086,4.05305e+06,1.55465,0.897993,1,1,1,0.997238,0.99216,1,1,0,0,2,"[1,1]","[1,0]","[38974,22285.7]","[-0.415182,-2.20646]","[1.82267,-1.61392]","[42381.6,102442]","[-0.00137329,0.0103836]","[-1,1]","[11,11]","[1,1]","[0,0]","[-656.304,2552.12]","[-0.0157917,0.00158535]","[1.67242,0.0543173]",57882,0.604768,4,"[267563,211764,109246,24251]","[1.36243,-0.0983922,2.02219,-1.15103]","[1.69473,-1.8651,-1.06365,-1.53332]","[557404,215028,420090,42293.1]","[0.55,-0.1,-0.1,0.988695]","[0,0,0,0]","[0,0,0,0]","[-0.877543,-0.800913,-0.768407,-0.922931]",0,"[]","[]","[]","[]","[]","[]","[]","[]","[]","[]",1,"[277536]","[1.37495]","[1.68758]","[584682]","[30219.4]","[0]","[2.64966]","[0.388919]",0,"[]","[]","[]","[]","[]","[]","[]","[]","[]","[]",0,"[19.2287,98.2411]",3479,"[25633.3,2586.18,7738.91,2680.8]","[]","[6163.78]","[]"
222,284500,4369281,364116,-1,127.086,4.05305e+06,0.738662,0.943646,1,1,1,0.998047,0.99866,1,1,0,0,2,"[1,1]","[1,1]","[202246,181887]","[-0.86137,-1.72427]","[2.0602,-1.03736]","[282030,526266]","[-0.046032,0.0507317]","[1,-1]","[11,11]","[1,1]","[0,0]","[8235.84,-197.574]","[0.00322736,-0.00149053]","[0.337857,0.165131]",6876.62,2.80679,1,"[20668.9]","[-2.45432]","[-1.6632]","[121197]","[0.465747]","[0]","[0]","[-0.857412]",0,"[]","[]","[]","[]","[]","[]","[]","[]","[]","[]",1,"[307566]","[-0.816149]","[2.02322]","[416563]","[24961.7]","[0]","[0.901869]","[0.291016]",0,"[]","[]","[]","[]","[]","[]","[]","[]","[]","[]",0,"[1895.28,2368.51]",12283.8,"[1171.38]","[]","[2638.31]","[]"
223,284500,4378868,364116,0.056873,127.086,4.05305e+06,0.553627,0.97199,1,1,1,0.99862,0.99121,1,1,0,0,1,"[1]","[1]","[42552.9]","[0.396397]","[-3.06106]","[45940.1]","[0.0401521]","[-1]","[11]","[1]","[0]","[-1691.12]","[0.00647792]","[0.874321]",31983.5,0.740282,3,"[266812,219698,63712.6]","[-0.0371054,-0.0214685,1.29175]","[-0.327751,2.87552,2.7092]","[268032,222805,124892]","[0,0,0]","[0,0,0]","[0,0,0]","[-0.740723,-0.769572,-0.8607]",0,"[]","[]","[]","[]","[]","[]","[]","[]","[]","[]",2,"[258834,256381]","[-0.04351,0.0599324]","[-0.323146,2.93422]","[259849,258809]","[19987,31853.2]","[0,0]","[4.19183,1.3121]","[0.690379,0.253517]",0,"[]","[]","[]","[]","[]","[]","[]","[]","[]","[]",0,"[39.0406]",1604.91,"[2916.75,6272.74,3193.01]","[]","[470,4827.38]","[]"
224,284500,4439860,364116,1,127.086,4.05305e+06,0.619412,0.932076,1,1,1,1.0087,0.98448,1,1,0,0,2,"[1,1]","[1,1]","[48474,31824]","[-0.224881,1.15992]","[-1.37731,2.57998]","[49704.8,55743]","[0.0620575,-0.0149612]","[-1,1]","[11,11]","[1,1]","[0,1429.29]","[265.067,-654.355]","[-0.00985183,-0.0177809]","[1.34321,1.07533]",29512.1,1.50145,3,"[523266,497563,38228.5]","[0.789783,0.219977,-0.290819]","[-1.01503,2.12789,1.41731]","[696200,510234,40488.9]","[0.996841,0.991055,0.990838]","[0,5,0]","[0,0,0]","[-0.944509,0.529985,-0.908242]",0,"[]","[]","[]","[]","[]","[]","[]","[]","[]","[]",2,"[562352,507298]","[0.771454,0.191295]","[-1.00954,2.12767]","[738913,516883]","[33411.6,16856.3]","[0,0]","[3.16241,4.35349]","[0.610982,0.477921]",0,"[]","[]","[]","[]","[]","[]","[]","[]","[]","[]",0,"[30.0054,64.3821]",480.121,"[6821.31,9002.91,4385.26]","[]","[32647.2,14957.8]","[]"
225,284500,4413533,364116,-1,127.086,4.05305e+06,0.923924,0.933153,1,1,1,1.00751,0.95972,1,1,0,0,2,"[1,1]","[1,1]","[57988.7,27102.6]","[-1.0913,0.440004]","[0.865696,-1.04249]","[96084.7,29768.8]","[0.232323,0.186237]","[-1,1]","[11,11]","[1,1]","[0,0]","[43.3789,-84.535]","[0.0110852,0.0131763]","[0.867412,1.13563]",655334,-2.17719,1,"[546579]","[-0.560411]","[-2.18768]","[635424]","[0.997385]","[5]","[0]","[0.81546]",0,"[]","[]","[]","[]","[]","[]","[]","[]","[]","[]",2,"[1.1416e+06,547213]","[-1.5974,-0.543789]","[0.967904,-2.19025]","[2.94124e+06,630493]","[185115,21287.3]","[0,0]","[1.77105,2.46315]","[0.685436,0.545758]",0,"[]","[]","[]","[]","[]","[]","[]","[]","[]","[]",0,"[382.039,147.997]",2487.19,"[14789.5]","[]","[13536.6,17206.9]","[]"
226,284500,4393206,364116,-1,127.086,4.05305e+06,1.26205,0.98089,1,1,1,1.03961,0.99866,1,1,0,0,1,"[1]","[1]","[191123]","[-0.905009]","[-1.81178]","[274882]","[0.054451]","[-1]","[11]","[1]","[3477.39]","[3357.58]","[0.0332194]","[4.64266]",21493.2,2.43752,2,"[251605,99245.2]","[-0.480862,-0.059736]","[1.57548,-0.848221]","[281557,99888.3]","[0.989352,0.996046]","[0,5]","[0,0]","[-0.94977,0.999522]",0,"[]","[]","[]","[]","[]","[]","[]","[]","[]","[]",1,"[257794]","[-0.445347]","[1.57959]","[283884]","[7556.35]","[0]","[0.243098]","[0.244354]",0,"[]","[]","[]","[]","[]","[]","[]","[]","[]","[]",0,"[1728.98]",5220.99,"[5872.61,2869.33]","[]","[20910.9]","[]"
227,284500,4464242,364116,-1,127.086,4.05305e+06,1.26459,0.925465,1,1,1,0.995797,0.98448,1,1,0,0,2,"[1,1]","[1,1]","[47089.2,27208.6]","[-0.473031,1.01451]","[-2.04297,1.16756]","[52456.5,42453.4]","[-119.577,-119.57]","[1,-1]","[11,11]","[1,1]","[0,0]","[173.473,1317.61]","[0.0063565,-0.0109607]","[0.613296,0.855147]",39249.1,1.13836,4,"[246612,174821,99097.5,25372.8]","[0.484517,2.14662,0.70814,1.86851]","[2.91288,-0.323688,-0.0779904,-2.63556]","[276685,758168,126303,84307.1]","[0.997307,0.942011,0.998532,0.831236]","[0,0,0,0]","[0,0,0,0]","[-0.817215,0.243964,-0.725663,0.184631]",0,"[]","[]","[]","[]","[]","[]","[]","[]","[]","[]",1,"[261899]","[0.473587]","[2.90811]","[292293]","[16582.9]","[0]","[2.49451]","[0.585771]",0,"[]","[]","[]","[]","[]","[]","[]","[]","[]","[]",0,"[406.325,416.732]",11787.8,"[3534.45,6060.85,5760.99,1675.76]","[]","[0]","[]"
228,284500,4551011,364116,1,127.086,4.05305e+06,1.55465,0.916871,1,1,1,1.01152,1.00278,1,1,0,0,2,"[1,1]","[1,1]","[40087.7,24562.8]","[-1.84449,-0.152925]","[1.6196,-1.55696]","[129944,24850.6]","[0.0383415,0.0292587]","[1,-1]","[11,11]","[1,1]","[0,0]","[1498.37,686.236]","[-0.0187963,0.011555]","[0.537975,0.903952]",35273.7,0.782555,2,"[403435,347699]","[-0.0391745,1.70883]","[-2.15634,0.993312]","[403799,992282]","[1,0.985239]","[5,5]","[0,0]","[0.993832,0.578834]",0,"[]","[]","[]","[]","[]","[]","[]","[]","[]","[]",2,"[440184,340043]","[-0.0289599,1.70761]","[-2.11968,0.987378]","[446743,969191]","[75197,33174.2]","[0,0]","[1.22446,2.12789]","[0.102117,0.719993]",0,"[]","[]","[]","[]","[]","[]","[]","[]","[]","[]",0,"[538.816,151.265]",8438.96,"[3834.73,9494]","[]","[28355.6,10246.9]","[]"
229,284500,4570569,364116,1,127.086,4.05305e+06,1.25133,0.960282,1,1,1,1,1.00632,1,1,0,0,2,"[1,1]","[1,1]","[274222,268512]","[0.318892,0.446444]","[-0.611595,2.52617]","[288284,295718]","[0.0113373,-0.00150299]","[-1,1]","[11,11]","[1,1]","[0,0]","[1375.09,-690.285]","[0.0204613,0.019053]","[2.35535,2.16378]",7269.27,2.93444,0,"[]","[]","[]","[]","[]","[]","[]","[]",0,"[]","[]","[]","[]","[]","[]","[]","[]","[]","[]",2,"[281613,267932]","[0.368847,0.496427]","[-0.611596,2.52063]","[300988,301632]","[0.00585938,1206.61]","[0,0]","[0,0]","[-1,-1]",0,"[]","[]","[]","[]","[]","[]","[]","[]","[]","[]",0,"[1448.4,3037.98]",0,"[]","[]","[7955.09,9827.34]","[]"
230,284500,4710838,364116,1,127.086,4.05305e+06,1.32095,0.95444,1,1,1,1,1.01508,1,1,0,0,2,"[1,1]","[1,1]","[245268,217266]","[-1.59969,-0.770312]","[-1.55815,1.55108]","[631988,284977]","[0.0177937,-0.0142689]","[1,-1]","[11,11]","[1,1]","[0,0]","[-2206.25,112.419]","[0.0105326,-0.0322566]","[0.645967,4.6295]",28072.4,1.90281,0,"[]","[]","[]","[]","[]","[]","[]","[]",0,"[]","[]","[]","[]","[]","[]","[]","[]","[]","[]",1,"[269164]","[-1.60429]","[-1.55503]","[696516]","[3591.37]","[0]","[12.9148]","[0.379726]",0,"[]","[]","[]","[]","[]","[]","[]","[]","[]","[]",0,"[6247.56,1628.5]",18384.8,"[]","[]","[93.625]","[]"
231,284500,4712276,364116,1,127.086,4.05305e+06,1.32095,0.96228,1,1,1,0.995586,0.96307,1,1,0,0,1,"[1]","[1]","[38176.4]","[-1.11296]","[-2.00292]","[64364.4]","[0.000812531]","[-1]","[11]","[1]","[0]","[2768.81]","[0.0205613]","[1.87955]",44884.2,-2.71847,4,"[217862,196838,27919.2,22861.8]","[-1.12591,-1.53356,1.63646,0.102605]","[1.5308,-1.62032,-2.20597,-1.6525]","[371632,478041,74540.2,23723.8]","[0.191383,0,0.977032,0.752255]","[0,0,0,0]","[0,0,0,0]","[-0.790439,-0.796629,-0.78196,-0.792223]",0,"[]","[]","[]","[]","[]","[]","[]","[]","[]","[]",2,"[282425,266838]","[-1.11928,-1.4492]","[1.44005,-1.68311]","[480278,600479]","[40181.9,31602.6]","[0,0]","[1.25696,1.30329]","[0.776221,0.545011]",0,"[]","[]","[]","[]","[]","[]","[]","[]","[]","[]",0,"[193.736]",23647.6,"[3150.52,11383.2,1837.91,1676.62]","[]","[12663.4,0]","[]"
232,284500,4712057,364116,1,127.086,4.05305e+06,1.1961,0.92736,1,1,1,0.997673,0,1,1,0,0,1,"[1]","[1]","[25441.6]","[-1.88285]","[2.53917]","[85538.8]","[-0.0548973]","[1]","[11]","[1]","[0]","[290.463]","[0.0141033]","[0.761253]",18359.4,2.59815,3,"[354265,301010,45190.9]","[-2.01578,-0.372264,-2.2882]","[0.25517,-2.89794,-1.8732]","[1.3534e+06,322312,225100]","[0.999434,0.985783,1]","[0,0,0]","[0,0,0]","[-0.849687,-0.77347,-0.92054]",0,"[]","[]","[]","[]","[]","[]","[]","[]","[]","[]",1,"[323730]","[-0.35017]","[-2.89992]","[343856]","[7154.76]","[0]","[1.94855]","[-1]",0,"[]","[]","[]","[]","[]","[]","[]","[]","[]","[]",0,"[734.252]",1813.65,"[6075.65,6216.3,2244.59]","[]","[21047.2]","[]"
233,284500,4776425,364116,-1,127.086,4.05305e+06,1.55465,0.96833,1,1,1,0.960616,0.97476,1,1,0,0,1,"[1]","[1]","[48077]","[0.790398]","[0.865417]","[63892.8]","[0.0201832]","[1]","[11]","[1]","[1502.67]","[281.975]","[0.0216851]","[2.3732]",78235.9,-2.15038,7,"[292890,211133,160978,62417.9,51990.5,24529,23797.1]","[-1.16879,1.43357,0.525279,1.6834,0.789705,-1.04547,-1.90252]","[0.623018,3.0667,-1.50554,0.371085,3.12177,2.48169,-2.74691]","[517065,468382,183953,174039,70048.7,39516.8,81692.6]","[0,0.212929,0.220304,0.0484936,0.922965,0.891391,0.955345]","[0,0,0,0,4,0,0]","[0,0,0,0,0,0,0]","[-0.824318,-0.901134,-0.903073,-0.963992,-0.885051,-0.815359,-0.883913]",0,"[]","[]","[]","[]","[]","[]","[]","[]","[]","[]",2,"[278242,258382]","[-1.1677,1.33957]","[0.617923,3.07944]","[490669,532248]","[13060.1,74435.5]","[0,0]","[3.5334,1.46833]","[0.42987,0.759861]",0,"[]","[]","[]","[]","[]","[]","[]","[]","[]","[]",0,"[103.347]",4038.7,"[5070.29,4431.83,2338.63,2889.84,1679.46,2927.16,3634.62]","[]","[22750.9,7607.88]","[]"
234,284500,4753791,364116,1,127.086,4.05305e+06,0.351687,0.96484,1,1,1,0.997848,0.96343,1,1,0,0,1,"[1]","[1]","[38023.7]","[0.979827]","[1.41554]","[57784.1]","[151.668]","[-1]","[11]","[1]","[0]","[435.653]","[-0.00425534]","[0.443827]",62429.2,1.63441,3,"[332193,197713,52159.9]","[-0.0681689,1.17562,1.65604]","[-1.80459,0.674173,-3.02094]","[333801,353279,141914]","[0.99648,0.992779,0.999839]","[0,0,0]","[0,0,0]","[-0.732676,-0.676031,-0.895959]",0,"[]","[]","[]","[]","[]","[]","[]","[]","[]","[]",1,"[313315]","[-0.131705]","[-1.79802]","[316357]","[14241.3]","[0]","[4.80476]","[0.582628]",0,"[]","[]","[]","[]","[]","[]","[]","[]","[]","[]",0,"[72.6007]",3097.05,"[5645.88,3444.43,6716.45]","[]","[21924.4]","[]"
235,284500,4719042,364116,-1,127.086,4.05305e+06,0.75088,0.961213,1,1,1,1,1.00632,1,1,0,0,2,"[1,1]","[1,1]","[375080,361918]","[-1.08884,0.54505]","[0.290566,-2.82271]","[620278,417021]","[-0.00598907,0.0070858]","[-1,1]","[11,11]","[1,1]","[0,0]","[577.686,466.627]","[-0.0209458,0.0121419]","[3.08909,2.41849]",15157.1,2.81322,0,"[]","[]","[]","[]","[]","[]","[]","[]",0,"[]","[]","[]","[]","[]","[]","[]","[]","[]","[]",2,"[412019,373203]","[-1.08521,0.56653]","[0.287872,-2.81955]","[679441,434713]","[7934.46,0.0078125]","[0,0]","[24.7275,0]","[0.570881,-1]",0,"[]","[]","[]","[]","[]","[]","[]","[]","[]","[]",0,"[6248.81,2251.41]",0,"[]","[]","[3841.31,11301.6]","[]"
236,284500,4822636,364116,1,127.086,4.05305e+06,1.25133,0.970865,1,1,1,1,0.99765,1,1,0,0,2,"[1,1]","[1,1]","[260319,240976]","[0.626538,2.17434]","[1.49833,-1.5977]","[313107,1.07356e+06]","[-0.00599289,0.143463]","[-1,1]","[11,11]","[1,1]","[0,0]","[-767.259,-1098.8]","[0.0138064,0.00402863]","[1.91554,0.440883]",24663.5,-2.06599,0,"[]","[]","[]","[]","[]","[]","[]","[]",0,"[]","[]","[]","[]","[]","[]","[]","[]","[]","[]",1,"[269217]","[0.655345]","[1.50344]","[329127]","[0.00276214]","[0]","[0]","[-1]",0,"[]","[]","[]","[]","[]","[]","[]","[]","[]","[]",0,"[1751.87,3288.06]",13824.3,"[]","[]","[10389.6]","[]"
237,284500,4869632,364116,-1,127.086,4.05305e+06,0.696077,0.95828,1,1,1,1,0.98743,1,1,0,0,2,"[1,1]","[1,1]","[625590,606997]","[-0.0376686,-0.97757]","[0.537647,-2.61285]","[626034,920879]","[-0.00213623,-0.0393982]","[1,-1]","[11,11]","[1,1]","[0,0]","[-1161.19,89.5446]","[-0.00102206,0.00553699]","[0.184486,0.841928]",25058.3,-2.08136,0,"[]","[]","[]","[]","[]","[]","[]","[]",0,"[]","[]","[]","[]","[]","[]","[]","[]","[]","[]",2,"[647095,634348]","[-0.989746,-0.05926]","[-2.60981,0.537152]","[990784,635463]","[4401.62,-0.00490717]","[0,0]","[13.6627,0]","[-1,-1]",0,"[]","[]","[]","[]","[]","[]","[]","[]","[]","[]",0,"[4816.34,9218.4]",0,"[]","[]","[7497.75,56847.5]","[]"
238,284500,4941716,364116,-1,127.086,4.05305e+06,1.24168,0.960282,1,1,1,0.99924,1.00632,1,1,0,0,2,"[1,1]","[1,1]","[282499,258984]","[0.584408,0.243958]","[-1.97472,1.17056]","[332129,266729]","[-0.0105515,0.0501137]","[1,-1]","[11,11]","[1,1]","[0,0]","[-932.201,33.4203]","[0.0309912,-0.0260294]","[5.60799,3.39205]",25299.4,2.88613,1,"[24860.6]","[1.06044]","[-0.818176]","[40625.1]","[0.982277]","[0]","[0]","[-0.0861468]",0,"[]","[]","[]","[]","[]","[]","[]","[]","[]","[]",2,"[297134,270822]","[0.562997,0.214722]","[-1.98213,1.16957]","[345482,277090]","[0.00195312,665.133]","[0,0]","[0,0]","[-1,-1]",0,"[]","[]","[]","[]","[]","[]","[]","[]","[]","[]",0,"[1582.75,1471.02]",3863.52,"[4681.92]","[]","[5217.78,371.312]","[]"
239,284500,4901478,364116,1,127.086,4.05305e+06,0.351687,0.941275,1,1,1,0.994853,1.00192,1,1,0,0,2,"[1,1]","[1,1]","[68312.2,28291]","[-0.116431,0.598434]","[1.74541,-1.97279]","[68775.8,33509.8]","[-0.0420728,0.00954223]","[-1,1]","[11,11]","[1,1]","[1137.98,0]","[-1384.98,562.533]","[-0.0134027,0.0132983]","[2.0646,1.2771]",41731.6,2.3788,2,"[314790,242343]","[-1.53088,-2.37856]","[-1.10017,2.0364]","[762003,1.31872e+06]","[0.997933,0.959235]","[5,5]","[0,0]","[0.969573,-0.103346]",0,"[]","[]","[]","[]","[]","[]","[]","[]","[]","[]",1,"[324991]","[-1.52417]","[-1.10195]","[781747]","[21113.4]","[0]","[2.32168]","[0.698833]",0,"[]","[]","[]","[]","[]","[]","[]","[]","[]","[]",0,"[592.606,100.487]",1424.01,"[6132.02,9492.98]","[]","[10803.4]","[]"
240,284500,4928321,364116,0.434773,127.086,4.05305e+06,1.21412,0.920189,1,1,1,0.992773,0.99216,1,1,0,0,2,"[1,1]","[1,1]","[40744.3,37814]","[-1.34387,-0.31253]","[-1.12803,1.52507]","[83417.9,39675.8]","[14.2552,14.1561]","[1,-1]","[11,11]","[1,1]","[1097.19,0]","[-44.3763,-208.247]","[-0.0181504,0.0158586]","[0.902103,1.28794]",17296.5,2.3133,7,"[277674,149409,72276.1,37576.1,35525.8,29045.8,23316.6]","[0.835988,2.36755,2.14184,1.56456,1.45038,-2.09153,0.897914]","[-2.94211,-0.435369,0.421217,0.482686,-2.5712,1.41339,-2.26392]","[383544,804335,312149,93919.4,80324.3,119530,33630]","[0.993252,0.990548,0.991403,0.99119,0.97348,0.721949,0.960447]","[0,0,0,0,0,0,0]","[0,0,0,0,0,0,0]","[-0.504629,-0.918566,-0.821872,-0.841465,-0.914348,-0.919893,-0.703002]",0,"[]","[]","[]","[]","[]","[]","[]","[]","[]","[]",1,"[287226]","[0.919188]","[-2.93163]","[421686]","[60299.7]","[0]","[1.92302]","[0.572997]",0,"[]","[]","[]","[]","[]","[]","[]","[]","[]","[]",0,"[128.243,126.347]",676.805,"[4413.43,3346.36,2390,3741.19,2360.96,1869.48,4203.79]","[]","[4975.25]","[]"
241,284500,5977830,364116,1,127.086,4.05305e+06,1.1961,0.940357,1,1,1,1,0.99544,1,1,0,0,2,"[1,1]","[1,1]","[309613,300827]","[1.30404,1.20366]","[2.41842,-0.708453]","[612353,546360]","[0.0443649,-0.0682983]","[-1,1]","[11,11]","[1,1]","[0,0]","[1682.31,2687.87]","[-0.0251621,0.00293262]","[4.12473,0.459935]",29998.1,-0.627324,0,"[]","[]","[]","[]","[]","[]","[]","[]",0,"[]","[]","[]","[]","[]","[]","[]","[]","[]","[]",2,"[342018,331642]","[1.2919,1.18382]","[2.41846,-0.718743]","[669408,592467]","[2406.16,0.00552427]","[0,0]","[14.6337,0]","[-1,-1]",0,"[]","[]","[]","[]","[]","[]","[]","[]","[]","[]",0,"[4484.01,3825.81]",312.328,"[]","[]","[12057.1,7095.5]","[]"
242,284500,6099484,364116,0.335576,127.086,4.05305e+06,1.21412,0.931057,1,1,1,0.993909,0.9991,1,1,0,0,2,"[1,1]","[1,1]","[48476.4,42825.6]","[-1.57905,-0.934144]","[-2.81672,0.65114]","[122560,62909.9]","[78.9885,79.0695]","[1,-1]","[11,11]","[1,1]","[0,0]","[954.797,-943.71]","[-0.0022656,-0.0004666]","[0.0934256,0.0317177]",23686.5,-0.389058,7,"[279507,195343,84271.7,41232,25392.8,24812.9,23908.9]","[-0.807101,1.1489,-2.4879,-0.75715,-1.92817,0.313269,-0.891667]","[-2.51845,0.434166,1.06399,2.25522,1.16515,-1.00389,-1.91902]","[377349,340179,510858,53936.6,89335.5,26373.3,34598.2]","[0.999778,0.992408,0.770787,0.98587,0.913135,0.971285,0.688738]","[0,0,0,0,0,0,0]","[0,0,0,0,0,0,0]","[-0.72788,-0.852778,-0.618994,-0.94337,-0.209353,-0.902291,-0.829837]",0,"[]","[]","[]","[]","[]","[]","[]","[]","[]","[]",1,"[317647]","[-0.997659]","[-2.57517]","[499200]","[99012.3]","[0]","[1.31828]","[0.779419]",0,"[]","[]","[]","[]","[]","[]","[]","[]","[]","[]",0,"[208.666,76.0014]",9199.14,"[4052.24,3860.55,4764.47,3061.26,2318.47,2843.56,1687.79]","[]","[12759.8]","[]"
243,284500,6079648,364116,-1,127.086,4.05305e+06,1.26459,0.993444,1.00096,1,1,1,1.00632,1,1,0,0,3,"[1,1,0]","[1,1,0]","[244731,166697,10944.1]","[0.323373,0.0867793,1.27925]","[2.45806,-0.853078,-0.615575]","[257638,167325,21189.2]","[-0.0211029,-0.0139542,-0.0427437]","[-1,1,1]","[11,11,13]","[1,1,0]","[1028.53,0,1165.76]","[-1991.48,3748.98,-788.768]","[0.0271245,-0.0194542,0.00716943]","[3.10813,2.28962,0.407189]",9964.98,-0.52757,0,"[]","[]","[]","[]","[]","[]","[]","[]",0,"[]","[]","[]","[]","[]","[]","[]","[]","[]","[]",1,"[254781]","[0.295586]","[2.46434]","[265992]","[-0.00138107]","[0]","[0]","[-1]",0,"[]","[]","[]","[]","[]","[]","[]","[]","[]","[]",0,"[1258.6,1269.49,29.5151]",4170.35,"[]","[]","[7530.14]","[]"
244,284500,6180029,364116,-1,127.086,4.05305e+06,1.24168,0.97429,1,1,1,1.00293,0.98653,1,1,0,0,1,"[1]","[1]","[51974]","[0.456612]","[0.553954]","[57486.9]","[0.0458174]","[-1]","[11]","[1]","[0]","[-159.446]","[0.00575585]","[0.620746]",1382.47,3.02828,2,"[545739,502051]","[1.31814,2.17729]","[-2.67476,0.453493]","[1.09352e+06,2.24327e+06]","[0.996542,0.997081]","[0,5]","[0,0]","[-0.979417,-0.480013]",0,"[]","[]","[]","[]","[]","[]","[]","[]","[]","[]",1,"[531730]","[1.32438]","[-2.66721]","[1.07158e+06]","[51900.6]","[0]","[2.9597]","[0.565239]",0,"[]","[]","[]","[]","[]","[]","[]","[]","[]","[]",0,"[45.773]",7954.71,"[7793.62,12403.1]","[]","[7689.53]","[]"
245,284500,6566436,364116,1,127.086,4.05305e+06,1.55465,0.938521,1,1,1,0.995093,0.95972,1,1,0,0,2,"[1,1]","[1,1]","[50861.8,42839.2]","[-1.06876,-1.0866]","[-1.97051,0.737569]","[82782.6,70717.7]","[-41.7773,-41.7795]","[-1,1]","[11,11]","[1,1]","[0,0]","[2583.35,866.737]","[0.00129822,0.0177353]","[0.0854508,1.16335]",16008.8,-0.367538,6,"[254858,221866,56752.2,54903.9,35434,26011.1]","[0.151488,0.347139,0.490047,-0.600049,2.13843,-1.62979]","[2.13486,-1.38828,-0.8238,-1.71355,2.12589,-1.72227]","[262440,238076,64109.2,65232.9,152577,69040.3]","[1,0.99,0.995786,0.999004,0.973038,0.93383]","[0,0,0,0,0,0]","[0,0,0,0,0,0]","[-0.973812,-0.408865,-0.933693,-0.738703,-0.918133,-0.778356]",0,"[]","[]","[]","[]","[]","[]","[]","[]","[]","[]",1,"[296718]","[0.268091]","[2.11012]","[317883]","[80793.7]","[0]","[1.80358]","[0.543734]",0,"[]","[]","[]","[]","[]","[]","[]","[]","[]","[]",0,"[210.432,146.378]",5332.57,"[4373.94,3075.64,2830.34,2953.82,2391.8,2097.26]","[]","[2055.59]","[]"
246,284500,6712622,364116,1,127.086,4.05305e+06,0.619412,0.98697,1,1,1,0.999687,1.00582,1,1,0,0,1,"[1]","[1]","[230949]","[-0.269022]","[-1.8398]","[239357]","[0.0587845]","[-1]","[11]","[1]","[1135.84]","[-1982.11]","[-0.00348553]","[0.500737]",56623.3,-1.80052,1,"[290347]","[-0.924363]","[1.33502]","[424360]","[0.994533]","[0]","[0]","[-0.951627]",0,"[]","[]","[]","[]","[]","[]","[]","[]","[]","[]",1,"[283474]","[-0.8864]","[1.32647]","[403128]","[25457.2]","[0]","[2.37843]","[0.565767]",0,"[]","[]","[]","[]","[]","[]","[]","[]","[]","[]",0,"[1164.99]",502.008,"[3515.85]","[]","[4251.56]","[]"
247,284500,6615227,364116,0.375157,127.086,4.05305e+06,0.75088,0.926017,1,1,1,0.990769,0.96574,1,1,0,0,2,"[1,1]","[1,1]","[56357.6,37469.3]","[0.882008,1.80729]","[-2.08021,0.373819]","[79737.5,117241]","[0.0269108,0.0163422]","[-1,1]","[11,11]","[1,1]","[0,0]","[-2329.81,458.176]","[-0.0016449,-0.0346243]","[0.132696,1.89239]",30315.7,1.20768,2,"[210966,192229]","[0.151828,-0.0552724]","[1.14165,-2.06275]","[213983,193435]","[1,1]","[5,0]","[0,0]","[0.943148,-0.756171]",0,"[]","[]","[]","[]","[]","[]","[]","[]","[]","[]",1,"[250824]","[0.183223]","[-2.07324]","[279025]","[113166]","[0]","[0.702949]","[0.590435]",0,"[]","[]","[]","[]","[]","[]","[]","[]","[]","[]",0,"[366.065,209.312]",609.932,"[4800.47,4465.15]","[]","[0]","[]"
248,284500,6802553,364116,0.143527,127.086,4.05305e+06,0.923924,0.960302,1,1,1,0.999597,1.00632,1,1,0,0,2,"[1,1]","[1,1]","[303824,283355]","[0.568633,1.73604]","[-0.855826,2.33059]","[354282,828964]","[0.0703812,-0.0348587]","[-1,1]","[11,11]","[1,1]","[0,0]","[-873.592,774.392]","[0.00064421,0.00283173]","[0.0916288,0.33565]",9707.72,-1.01894,1,"[37456]","[0.695148]","[2.13925]","[47586.7]","[0.99568]","[0]","[0]","[-0.908302]",0,"[]","[]","[]","[]","[]","[]","[]","[]","[]","[]",2,"[323170,304170]","[0.532825,1.71876]","[-0.852202,2.3223]","[370140,875541]","[-0.00585938,2902.85]","[0,0]","[0,0]","[-1,-1]",0,"[]","[]","[]","[]","[]","[]","[]","[]","[]","[]",0,"[2413.44,5849.8]",3890.91,"[4361.22]","[]","[1186.28,14929.7]","[]"
249,284500,6843895,364116,1,127.086,4.05305e+06,0.696077,0.96484,1,1,1,0.998694,0.9566,1,1,0,0,1,"[1]","[1]","[37408.8]","[1.01563]","[1.41188]","[58419.1]","[5.91555]","[1]","[11]","[1]","[0]","[786.747]","[-0.0102674]","[0.980946]",22625.6,-0.604009,3,"[266040,212442,49448.7]","[-0.198963,0.243987,0.600383]","[-0.684771,2.32114,2.7748]","[274682,220306,59313.5]","[0.994622,0.997392,0.985184]","[0,0,0]","[0,0,0]","[0.243837,-0.922725,-0.917929]",0,"[]","[]","[]","[]","[]","[]","[]","[]","[]","[]",2,"[293219,261131]","[-0.220611,0.2574]","[-0.619549,2.35806]","[307201,274139]","[64358.9,48418.4]","[0,0]","[1.78074,1.63317]","[0.656091,0.61377]",0,"[]","[]","[]","[]","[]","[]","[]","[]","[]","[]",0,"[33.3721]",4404.53,"[2974.14,6576.21,15883]","[]","[8963.09,17473.6]","[]"
250,284500,6795583,364116,0.30185,127.086,4.05305e+06,1.22586,1.00588,1,1,1,0.998903,1.00306,1,1,0,0,1,"[1]","[1]","[199774]","[1.03954]","[2.65533]","[317792]","[0.0261631]","[1]","[11]","[1]","[1070.9]","[10177]","[0.0262226]","[3.35939]",47071.1,-3.13162,2,"[36617.7,30606.2]","[-0.0728199,-0.0991378]","[-1.14784,1.09946]","[37751,31473.8]","[0.978475,0.984656]","[0,0]","[0,0]","[-0.885312,-0.844621]",0,"[]","[]","[]","[]","[]","[]","[]","[]","[]","[]",1,"[258468]","[1.05335]","[2.65732]","[415664]","[6087.62]","[0]","[17.8934]","[0.296148]",0,"[]","[]","[]","[]","[]","[]","[]","[]","[]","[]",0,"[1969.89]",3998.74,"[3603.65,3193.68]","[]","[0]","[]"
251,284500,6888641,364116,-1,127.086,4.05305e+06,1.1961,0.906496,1,1,1,1.0588,0.98425,1,1,0,0,2,"[1,1]","[1,0]","[46650.1,20595.7]","[0.546004,2.24476]","[-2.9046,-0.161613]","[53778.2,98283.6]","[-0.0677147,-0.0622215]","[1,-1]","[11,11]","[1,1]","[0,0]","[-237.753,635.566]","[-0.029563,0.0284747]","[3.35851,1.17856]",4930.43,0.218745,2,"[305615,289800]","[-0.441368,-0.52761]","[0.871147,-2.25713]","[336406,331790]","[0.998062,0.99632]","[5,0]","[0,0]","[0.734859,-0.970158]",0,"[]","[]","[]","[]","[]","[]","[]","[]","[]","[]",2,"[305936,282828]","[-0.424108,-0.509815]","[0.868252,-2.25672]","[334264,321000]","[16327.5,19850.2]","[0,0]","[2.82871,3.08226]","[0.145589,0.516719]",0,"[]","[]","[]","[]","[]","[]","[]","[]","[]","[]",0,"[169.129,752.568]",323.732,"[5088.12,4955.14]","[]","[23613.7,1521.81]","[]"
252,284500,4382438,364116,2.22356,127.086,4.05305e+06,0.696077,0.99211,1,1,1,1.03174,0.9918,1,1,0,0,1,"[1]","[1]","[227577]","[-0.648939]","[-2.61086]","[277201]","[-0.14592]","[-1]","[11]","[1]","[0]","[-858.506]","[-0.0137549]","[1.59937]",46021.6,2.92278,3,"[290924,29447.7,21145.8]","[1.44173,0.267054,0.495524]","[0.374289,-3.09509,-0.311122]","[649594,30999,24184.6]","[0.919454,0.98529,0.976159]","[0,5,0]","[0,0,0]","[-0.802266,0.985603,-0.647024]",0,"[]","[]","[]","[]","[]","[]","[]","[]","[]","[]",2,"[281919,261151]","[1.45948,-0.566898]","[0.373752,-2.63361]","[639417,306528]","[3930.25,37298.4]","[0,0]","[5.16393,0.570136]","[0.48097,0.347609]",0,"[]","[]","[]","[]","[]","[]","[]","[]","[]","[]",0,"[2111.6]",7158.67,"[10563.7,1264.87,1173.74]","[]","[6877.97,0]","[]"
253,284500,6935758,364116,3.34951,127.086,4.05305e+06,0.619412,0.962145,1,1,1,1,0.99866,1,1,0,0,2,"[1,1]","[1,1]","[316625,300319]","[-0.976904,-0.923265]","[-1.81686,1.26618]","[480113,437672]","[-0.0184669,0.036602]","[-1,1]","[11,11]","[1,1]","[0,0]","[4479.8,2304.53]","[-0.00309886,-0.0286739]","[0.409098,3.22944]",9357.32,2.0875,0,"[]","[]","[]","[]","[]","[]","[]","[]",0,"[]","[]","[]","[]","[]","[]","[]","[]","[]","[]",2,"[340309,327651]","[-0.99843,-0.941632]","[-1.80988,1.26365]","[524543,483992]","[7016.56,4970.71]","[0,0]","[9.47642,3.73822]","[0.373822,0.351639]",0,"[]","[]","[]","[]","[]","[]","[]","[]","[]","[]",0,"[3651.27,3172.38]",0,"[]","[]","[2531.16,20078.6]","[]"
254,284500,6954205,364116,1,127.086,4.05305e+06,1.74563,0.968109,1,1,1,1,1.00582,1,1,0,0,2,"[1,1]","[1,1]","[283964,281325]","[-0.483042,-1.11473]","[-2.40245,0.74852]","[317742,474980]","[-0.00466156,-0.00723267]","[1,-1]","[11,11]","[1,1]","[0,0]","[114.903,1595.88]","[-0.0325285,0.0365348]","[4.29949,3.09582]",27297,-2.73949,0,"[]","[]","[]","[]","[]","[]","[]","[]",0,"[]","[]","[]","[]","[]","[]","[]","[]","[]","[]",2,"[307158,298024]","[-1.08619,-0.441724]","[0.744023,-2.4046]","[506912,327575]","[5505.4,0.00478416]","[0,0]","[11.1805,0]","[0.0456135,-1]",0,"[]","[]","[]","[]","[]","[]","[]","[]","[]","[]",0,"[1627.56,3755.54]",3070.43,"[]","[]","[13567.5,3023.66]","[]"
255,284500,6923212,364116,1,127.086,4.05305e+06,1.22586,0.96257,1,1,1,0.990055,0.99379,1,1,0,0,1,"[1]","[1]","[44711.5]","[-1.7018]","[2.02418]","[126671]","[0.0162048]","[1]","[11]","[1]","[0]","[1424.61]","[-0.0155323]","[0.850586]",239759,-1.9915,2,"[459017,262749]","[-1.68844,0.53181]","[1.24394,-1.9009]","[1.28453e+06,300989]","[0.996753,0.999719]","[5,5]","[0,0]","[-0.656336,0.84313]",0,"[]","[]","[]","[]","[]","[]","[]","[]","[]","[]",2,"[495375,265290]","[-1.69943,0.561036]","[1.30855,-1.90361]","[1.40563e+06,308329]","[121957,10562.8]","[0,0]","[2.0689,6.12867]","[0.734604,0.269435]",0,"[]","[]","[]","[]","[]","[]","[]","[]","[]","[]",0,"[359.707]",846.406,"[7892.55,5978.03]","[]","[10740.5,133.25]","[]"
256,284500,6956303,364116,1,127.086,4.05305e+06,0,0.916055,1,1,1,0.997086,1.01532,1,1,0,0,2,"[1,1]","[1,1]","[55354.6,35425.7]","[2.31321,1.70869]","[-1.35359,1.60957]","[282468,101013]","[-69.4,-69.2781]","[1,-1]","[11,11]","[1,1]","[0,0]","[-897.516,31.713]","[-0.034142,0.0185217]","[2.67545,1.37954]",122464,-1.44099,4,"[250396,32998.8,23391.8,20381.1]","[-1.55046,-0.0366778,-0.0744324,0.503607]","[1.69888,-1.40879,-2.11768,-1.2173]","[616822,33764.8,24188.3,23534.8]","[1,1,0.985259,0.998746]","[0,0,0,0]","[0,0,0,0]","[-0.836611,0.127148,-0.908625,-0.341285]",0,"[]","[]","[]","[]","[]","[]","[]","[]","[]","[]",1,"[269139]","[-1.54596]","[1.6989]","[660207]","[9178.36]","[0]","[2.77986]","[0.514199]",0,"[]","[]","[]","[]","[]","[]","[]","[]","[]","[]",0,"[224.129,130.47]",3.33594,"[4090.46,5158.85,2613.05,2180.34]","[]","[1138.09]","[]"
257,284500,7141922,364116,-1,127.086,4.05305e+06,0.619412,0.960282,1,1,1,1.05079,1.00632,1,1,0,0,2,"[1,1]","[1,1]","[277909,241619]","[0.423826,0.461152]","[-3.07897,0.240423]","[303246,267769]","[-0.0155029,0.00614929]","[1,-1]","[11,11]","[1,1]","[0,0]","[-584.473,-1183.68]","[0.00685618,-0.000213346]","[1.1441,0.0311217]",21966.9,-1.50547,1,"[46531.1]","[-0.749834]","[-0.39637]","[61057.9]","[0.991995]","[5]","[0]","[0.999543]",0,"[]","[]","[]","[]","[]","[]","[]","[]","[]","[]",2,"[285462,252906]","[0.418596,0.458246]","[-3.08271,0.242947]","[310840,279927]","[975.623,0.00308816]","[0,0]","[0,0]","[-1,-1]",0,"[]","[]","[]","[]","[]","[]","[]","[]","[]","[]",0,"[2762.85,1906.05]",395.666,"[1467.89]","[]","[500.562,4237.55]","[]"
258,284500,4758256,364116,-1,127.086,4.05305e+06,1.26205,0.967171,1,1,1,1,1.00582,1,1,0,0,3,"[1,1,0]","[1,1,0]","[252938,239331,12154.7]","[-0.512096,0.2238,1.63118]","[-1.90571,1.09399,-2.40739]","[286835,245350,32244]","[0.0719891,-0.0154095,8.01376]","[1,-1,1]","[11,11,11]","[1,1,0]","[0,0,1745.44]","[-827.265,1346,1550.84]","[0.0115617,-0.00467437,0.0125934]","[1.30283,0.494867,0.62407]",2580.47,1.26652,0,"[]","[]","[]","[]","[]","[]","[]","[]",0,"[]","[]","[]","[]","[]","[]","[]","[]","[]","[]",2,"[266868,251413]","[-0.511816,0.23544]","[-1.90887,1.1011]","[302592,258423]","[-0.00338291,2226.67]","[0,0]","[0,0]","[-1,-1]",0,"[]","[]","[]","[]","[]","[]","[]","[]","[]","[]",0,"[2655.12,1690.35,199.005]",1178.19,"[]","[]","[5141.56,0]","[]"
259,284500,7190598,364116,1,127.086,4.05305e+06,1.26459,0.983083,1,1,1,1,0.99544,1,1,0,0,2,"[1,1]","[1,1]","[382438,377226]","[1.22076,0.0843095]","[-0.816434,2.36888]","[704597,378567]","[0.0564041,-0.0331726]","[1,-1]","[11,11]","[1,1]","[0,0]","[15.0748,-839.268]","[0.0210409,-0.0325231]","[2.69431,3.88231]",42627.6,2.73376,0,"[]","[]","[]","[]","[]","[]","[]","[]",0,"[]","[]","[]","[]","[]","[]","[]","[]","[]","[]",2,"[409809,393258]","[1.19819,0.0386326]","[-0.822308,2.37522]","[740940,393571]","[7033.18,3936.46]","[0,0]","[82.107,31.4759]","[0.563472,-1]",0,"[]","[]","[]","[]","[]","[]","[]","[]","[]","[]",0,"[5028.28,3565.94]",5155.23,"[]","[]","[12527,16104.9]","[]"
260,284500,1739538,364116,1,127.086,4.05305e+06,1.32095,0.957352,1,1,1,0.99675,0.98743,1,1,0,0,2,"[1,1]","[1,1]","[304577,298897]","[0.174105,-0.0115131]","[2.19598,-0.998681]","[309204,298917]","[0.009758,-0.0775299]","[1,-1]","[11,11]","[1,1]","[0,3887.37]","[864.018,5031.17]","[-0.000396812,0.00114313]","[0.0487934,0.151462]",60415.7,0.395401,3,"[30438,27145.5,23471.4]","[-1.61029,-0.370278,-0.214983]","[-3.01187,0.560513,1.27049]","[79379.8,29492.8,24714.1]","[0.999848,1,0.990013]","[0,0,0]","[0,0,0]","[-0.647375,-0.90367,-0.936052]",0,"[]","[]","[]","[]","[]","[]","[]","[]","[]","[]",2,"[320978,313145]","[-0.0344634,0.149662]","[-1.00115,2.19489]","[321169,316666]","[0.00222423,2118.12]","[0,0]","[0,86.4021]","[-1,-1]",0,"[]","[]","[]","[]","[]","[]","[]","[]","[]","[]",0,"[4956.34,5639.12]",21288.2,"[3304.1,2017.3,4540.01]","[]","[5070.62,8530.25]","[]"
261,284500,7248976,364116,-1,127.086,4.05305e+06,0.738662,0.96727,1,1,1,0.957935,0.99061,1,1,0,0,1,"[1]","[1]","[53668.7]","[-1.82713]","[-2.26499]","[171121]","[-0.0272408]","[-1]","[11]","[1]","[0]","[-727.332]","[0.0188494]","[1.84955]",114476,1.80957,4,"[317377,249088,71068.8,59738.2]","[1.54643,-1.97185,-1.61103,-2.06391]","[-1.0515,2.03466,-1.62516,1.29161]","[779149,912528,185212,239216]","[0.200412,0,0,0.907197]","[0,0,0,4]","[0,0,0,0]","[-0.703414,-0.824507,-0.807408,-0.32678]",0,"[]","[]","[]","[]","[]","[]","[]","[]","[]","[]",2,"[361672,326778]","[1.55954,-1.98003]","[-1.00946,1.82139]","[901520,1.21468e+06]","[77430.8,145125]","[0,0]","[2.92723,1.42574]","[0.491308,0.490881]",0,"[]","[]","[]","[]","[]","[]","[]","[]","[]","[]",0,"[468.111]",1709.75,"[5735.63,4547.87,5699.49,6497.06]","[]","[5521.69,20472.5]","[]"
262,284500,2797237,364116,1,127.086,4.05305e+06,0.75088,0.949495,1,1,1,0.99926,1.01508,1,1,0,0,2,"[1,1]","[1,1]","[244044,241202]","[-1.61153,-0.354143]","[-0.54138,2.54677]","[635744,256486]","[-0.00518036,0.102791]","[-1,1]","[11,11]","[1,1]","[1249.08,0]","[1090.69,1132.85]","[0.00223674,0.00893763]","[0.213114,1.45509]",13644.5,1.42432,1,"[24000.6]","[1.1935]","[-2.10842]","[43563.8]","[0.995428]","[0]","[0]","[-0.898133]",0,"[]","[]","[]","[]","[]","[]","[]","[]","[]","[]",2,"[277754,257702]","[-1.60166,-0.316246]","[-0.539285,2.54001]","[717012,270707]","[4415.96,2422.52]","[0,0]","[12.9786,10.359]","[0.45651,-1]",0,"[]","[]","[]","[]","[]","[]","[]","[]","[]","[]",0,"[5552.51,1460.27]",7897.32,"[1653.35]","[]","[989.531,2766.02]","[]"
263,284500,7268708,364116,0.590154,127.086,4.05305e+06,1.26459,0.96422,1,1,1,1,1.00582,1,1,0,0,2,"[1,1]","[1,1]","[271058,253973]","[-0.0650781,-0.206168]","[1.47151,-1.58533]","[271632,259390]","[-0.0280743,0.0244045]","[1,-1]","[11,11]","[1,1]","[0,0]","[195.85,-114.017]","[0.0210232,-0.0167024]","[3.26652,2.96]",39337.7,2.68717,0,"[]","[]","[]","[]","[]","[]","[]","[]",0,"[]","[]","[]","[]","[]","[]","[]","[]","[]","[]",2,"[280446,264610]","[-0.0446061,-0.188392]","[1.46751,-1.58947]","[280734,269326]","[2254.02,1739.34]","[0,0]","[60.3424,0]","[0.27882,-1]",0,"[]","[]","[]","[]","[]","[]","[]","[]","[]","[]",0,"[3537.02,1452.11]",5931.2,"[]","[]","[19902.1,568.031]","[]"
264,284500,7292286,364116,1,127.086,4.05305e+06,1.22586,0.957025,1,1,1,1,1.00582,1,1,0,0,2,"[1,1]","[1,1]","[312796,305920]","[-0.520823,-2.20747]","[1.42231,-1.7595]","[356188,1.40764e+06]","[0.0302849,0.149693]","[-1,1]","[11,11]","[1,1]","[0,0]","[-2174.93,966.076]","[0.0349488,0.00194778]","[2.48624,0.183296]",20613.2,0.158863,0,"[]","[]","[]","[]","[]","[]","[]","[]",0,"[]","[]","[]","[]","[]","[]","[]","[]","[]","[]",1,"[325396]","[-0.491398]","[1.42425]","[365480]","[0]","[0]","[0]","[-1]",0,"[]","[]","[]","[]","[]","[]","[]","[]","[]","[]",0,"[1893.43,5140.68]",2017.58,"[]","[]","[3706.16]","[]"
265,284500,7337052,364116,1,127.086,4.05305e+06,1.22586,0.98428,1,1,1,1,1.00121,1,1,0,0,1,"[1]","[1]","[302630]","[-1.86477]","[1.5725]","[1.00009e+06]","[-0.0567741]","[1]","[11]","[1]","[0]","[-1100.47]","[-0.00835129]","[0.592961]",45187.5,1.48577,0,"[]","[]","[]","[]","[]","[]","[]","[]",0,"[]","[]","[]","[]","[]","[]","[]","[]","[]","[]",1,"[312503]","[-1.87082]","[1.57113]","[1.0387e+06]","[0.0110485]","[0]","[0]","[-1]",0,"[]","[]","[]","[]","[]","[]","[]","[]","[]","[]",0,"[5589.73]",6108.96,"[]","[]","[2378.72]","[]"
266,284500,7522802,364116,-1,127.086,4.05305e+06,1.26459,0.897038,1,1,1,0.99561,0.94581,1,1,0,0,2,"[1,1]","[1,1]","[31740,25172.4]","[-1.5576,0.587172]","[-0.35106,-2.70819]","[78684.4,29637.9]","[0.0131207,-0.0298576]","[-1,1]","[11,11]","[1,1]","[0,0]","[623.02,1155.82]","[0.00711031,0.00300852]","[0.5037,0.251691]",82030.7,-2.41573,5,"[411710,357335,86855.6,25816.8,24119.7]","[-1.93323,-0.247287,-0.648974,-0.240288,1.28345]","[1.24249,-2.02953,-0.145829,2.89108,0.545797]","[1.45269e+06,369001,106547,26842.8,47063.2]","[0,0,-0.1,0.980926,0.952663]","[0,0,0,0,0]","[0,0,0,0,0]","[-0.856953,-0.801821,-0.795176,-0.827277,-0.267724]",0,"[]","[]","[]","[]","[]","[]","[]","[]","[]","[]",2,"[422340,344332]","[-1.93663,-0.255859]","[1.2426,-2.02869]","[1.49504e+06,355926]","[14071.9,13635.8]","[0,0]","[9.89743,6.5212]","[0.615719,0.53869]",0,"[]","[]","[]","[]","[]","[]","[]","[]","[]","[]",0,"[299.729,225.982]",38127.9,"[29042.5,8464.37,2805.99,4855.14,1911.31]","[]","[9962.97,4221.69]","[]"
267,284500,7356845,364116,1,127.086,4.05305e+06,0.187531,0.950679,1,1,1,1,1.00582,1,1,0,0,2,"[1,1]","[1,1]","[255911,251850]","[-0.442857,-1.34732]","[-2.7894,0.389776]","[281419,517181]","[0.0515213,0.0335159]","[1,-1]","[11,11]","[1,1]","[0,0]","[-495.273,5.07056]","[0.00411299,0.00936231]","[0.514931,1.16429]",24540.9,-0.363258,0,"[]","[]","[]","[]","[]","[]","[]","[]",0,"[]","[]","[]","[]","[]","[]","[]","[]","[]","[]",2,"[289136,269950]","[-1.32642,-0.386159]","[0.386703,-2.79122]","[583038,290329]","[1224.23,-0.00276214]","[0,0]","[0,0]","[-1,-1]",0,"[]","[]","[]","[]","[]","[]","[]","[]","[]","[]",0,"[1408.28,3131.22]",17329.8,"[]","[]","[6316.72,8925.31]","[]"
268,284500,7411573,364116,1,127.086,4.05305e+06,1.22586,0.962662,1,1,1,0.997091,1.00493,1,1,0,0,2,"[1,1]","[1,1]","[226798,208439]","[-1.33288,-2.44669]","[-0.271633,2.6635]","[459909,1.21277e+06]","[0.00230408,-0.205948]","[1,-1]","[11,11]","[1,1]","[0,1528.88]","[-1601.24,-1548.41]","[-0.0159208,0.0141948]","[2.34603,1.54964]",19280.3,-2.27803,3,"[43197,27693.6,22816.7]","[-2.405,-0.910744,-0.644673]","[-2.24853,0.0633197,-3.05299]","[241254,40203.1,27908.4]","[0.99248,0.995462,1]","[0,0,0]","[0,0,0]","[-0.417323,-0.00392614,0.582764]",0,"[]","[]","[]","[]","[]","[]","[]","[]","[]","[]",1,"[274366]","[-1.29552]","[-0.236279]","[540270]","[41559.4]","[0]","[1.89079]","[0.743067]",0,"[]","[]","[]","[]","[]","[]","[]","[]","[]","[]",0,"[2838.04,8626.8]",561.68,"[3331.16,3295.95,1992.51]","[]","[0]","[]"
269,284500,7529376,364116,1,127.086,4.05305e+06,1.26459,0.950679,1,1,1,1,1.00582,1,1,0,0,2,"[1,1]","[1,1]","[250874,244383]","[-0.559753,-1.15802]","[-1.81617,1.32202]","[291214,427391]","[-0.0729259,-0.0138609]","[1,-1]","[11,11]","[1,1]","[0,0]","[-1476.8,-2170.27]","[0.0292156,-0.0167049]","[3.67848,1.85403]",16838.2,2.5967,0,"[]","[]","[]","[]","[]","[]","[]","[]",0,"[]","[]","[]","[]","[]","[]","[]","[]","[]","[]",2,"[258567,259483]","[-0.565081,-1.16577]","[-1.81783,1.32638]","[300960,456701]","[0.00478416,908.212]","[0,0]","[0,0]","[-1,-1]",0,"[]","[]","[]","[]","[]","[]","[]","[]","[]","[]",0,"[1396.89,5570.78]",7087.27,"[]","[]","[10276.7,4926.17]","[]"
270,284500,7566924,364116,1,127.086,4.05305e+06,0.696077,0.914029,1,1,1,0.997854,1.00001,1,1,0,0,2,"[1,1]","[1,1]","[47807.3,43490.6]","[-1.93925,-1.27781]","[2.37529,-0.700297]","[169652,84098]","[-48.9114,-49.0043]","[1,-1]","[11,11]","[1,1]","[0,0]","[-106.367,1136.61]","[-0.013775,0.0104763]","[1.27224,0.773224]",4811.49,-2.35499,3,"[243944,143842,97015.8]","[0.347311,0.029458,1.48807]","[0.737028,-2.38794,-2.4095]","[260117,144414,226118]","[0.991671,0.995782,1]","[0,0,0]","[0,0,0]","[-0.913565,-0.194817,-0.930605]",0,"[]","[]","[]","[]","[]","[]","[]","[]","[]","[]",1,"[273044]","[0.335687]","[0.738501]","[290336]","[31948.4]","[0]","[1.5175]","[0.741962]",0,"[]","[]","[]","[]","[]","[]","[]","[]","[]","[]",0,"[758.75,297.581]",1722.48,"[2820.83,4311.25,7073.52]","[]","[0]","[]"
271,284500,7574545,364116,1,127.086,4.05305e+06,1.1961,0.94602,1,1,1,0.998385,0.99806,1,1,0,0,1,"[1]","[1]","[38770.4]","[-1.59356]","[-2.32846]","[99338.1]","[-32.7955]","[1]","[11]","[1]","[10787]","[1764.87]","[-0.0110366]","[0.543058]",32949.1,-2.28597,2,"[262386,200509]","[-1.59494,-2.06614]","[0.60121,-2.50234]","[673771,804744]","[0.984519,0.992009]","[0,0]","[0,0]","[-0.352928,-0.470574]",0,"[]","[]","[]","[]","[]","[]","[]","[]","[]","[]",1,"[269072]","[-1.58322]","[0.605862]","[683464]","[27912.6]","[0]","[1.50965]","[0.497728]",0,"[]","[]","[]","[]","[]","[]","[]","[]","[]","[]",0,"[82.9087]",4909.59,"[14912.1,9962.17]","[]","[8367.47]","[]"
272,284500,7573135,364116,1,127.086,4.05305e+06,1.25133,0.96972,1,1,1,1.27107,0.99544,1,1,0,0,1,"[1]","[1]","[271824]","[1.18712]","[-2.01633]","[486934]","[-0.0416794]","[1]","[11]","[1]","[0]","[-591.798]","[0.0100908]","[0.961608]",90305.4,-2.37175,3,"[341107,28542,27147.3]","[1.45287,1.10519,1.5368]","[1.18106,0.167696,-0.413131]","[769136,48097.5,66382.6]","[0.973798,0.963605,0.99628]","[0,4,4]","[0,0,0]","[-0.960623,-0.834136,0.924999]",0,"[]","[]","[]","[]","[]","[]","[]","[]","[]","[]",2,"[327971,286866]","[1.43264,1.16768]","[1.1806,-2.01752]","[726198,505688]","[1616.92,0.00552427]","[0,0]","[44.2252,0]","[-1,-1]",0,"[]","[]","[]","[]","[]","[]","[]","[]","[]","[]",0,"[3695.28]",1923.87,"[5466.15,1165.91,1151.2]","[]","[2362.22,3624.69]","[]"
273,284500,424325,364116,1,127.086,4.05305e+06,1.26205,0.957085,1,1,1,1,1.00582,1,1,0,0,2,"[1,1]","[1,1]","[349758,333426]","[-0.544024,1.18108]","[1.35088,-1.76891]","[402805,594303]","[-0.0541668,-0.0306931]","[1,-1]","[11,11]","[1,1]","[0,0]","[2535.26,-84.3024]","[-0.0102101,0.0182032]","[1.71975,2.05146]",10992.7,-0.118411,0,"[]","[]","[]","[]","[]","[]","[]","[]",0,"[]","[]","[]","[]","[]","[]","[]","[]","[]","[]",2,"[369004,362729]","[1.17724,-0.565271]","[-1.76334,1.3459]","[655632,422240]","[0.0110485,-0.00276214]","[0,0]","[0,0]","[-1,-1]",0,"[]","[]","[]","[]","[]","[]","[]","[]","[]","[]",0,"[2393.97,4443.68]",1159.48,"[]","[]","[24522.4,4015.66]","[]"
274,284500,5835774,364116,0.750143,127.086,4.05305e+06,1.26205,0.954417,1,1,1,1,0.99604,1,1,0,0,2,"[1,1]","[1,1]","[257666,224032]","[-2.18213,-1.93414]","[-1.38166,1.74353]","[1.15666e+06,791125]","[-0.0279999,0.0375137]","[-1,1]","[11,11]","[1,1]","[0,7580.44]","[2985.33,1934.87]","[-0.0319874,0.0226455]","[3.5553,2.14988]",35616.9,1.73151,0,"[]","[]","[]","[]","[]","[]","[]","[]",0,"[]","[]","[]","[]","[]","[]","[]","[]","[]","[]",1,"[261068]","[-1.97277]","[1.71844]","[957083]","[24727.5]","[0]","[3.60381]","[0.726283]",0,"[]","[]","[]","[]","[]","[]","[]","[]","[]","[]",0,"[4184.42,2552.76]",0,"[]","[]","[2597.11]","[]"
275,284500,5416933,364116,-1,127.086,4.05305e+06,0.351687,0.96323,1,1,1,0.999635,1.00493,1,1,0,0,1,"[1]","[1]","[225526]","[-1.16555]","[-1.47029]","[396861]","[0.0713463]","[-1]","[11]","[1]","[2353.23]","[1348.51]","[-0.0205018]","[2.14879]",64647.2,-1.51637,1,"[39276.7]","[1.07008]","[-2.09232]","[64329.6]","[0.993107]","[0]","[0]","[0.128404]",0,"[]","[]","[]","[]","[]","[]","[]","[]","[]","[]",1,"[254570]","[-1.18876]","[-1.46363]","[456751]","[9705.48]","[0]","[9.16078]","[0.524465]",0,"[]","[]","[]","[]","[]","[]","[]","[]","[]","[]",0,"[2714.98]",10962.2,"[2921.29]","[]","[0]","[]"
276,284500,6997783,364116,1,127.086,4.05305e+06,0.738662,0.960282,1,1,1,1.05019,1.00632,1,1,0,0,2,"[1,1]","[1,1]","[239571,190349]","[0.459944,0.209355]","[-1.99998,1.20501]","[265361,194536]","[0.00281525,0.0634537]","[-1,1]","[11,11]","[1,1]","[0,0]","[1455.65,1236.94]","[0.0463005,-0.0325996]","[3.43701,2.53827]",26224.4,-1.26471,1,"[67820.4]","[-0.327494]","[0.650176]","[71876.2]","[0.998325]","[5]","[0]","[0.993858]",0,"[]","[]","[]","[]","[]","[]","[]","[]","[]","[]",2,"[272830,253895]","[0.471086,0.0481499]","[-2.00034,1.08599]","[305748,269251]","[35602.4,88790.6]","[0,0]","[2.15349,0.374915]","[0.533394,0.336039]",0,"[]","[]","[]","[]","[]","[]","[]","[]","[]","[]",0,"[1232.16,2204.79]",3023.18,"[2810.67]","[]","[8617.5,12710.6]","[]"
277,284500,6722881,364116,1,127.086,4.05305e+06,0.596562,0.985702,1,1,1,1,1.00632,1,1,0,0,2,"[1,1]","[1,1]","[278393,273067]","[0.261476,0.939746]","[-2.42321,0.756391]","[287964,402781]","[-0.00349808,-0.0147667]","[-1,1]","[11,11]","[1,1]","[0,0]","[3020.55,876.905]","[-0.0264252,0.0232934]","[2.82051,2.19456]",6324.92,0.148943,0,"[]","[]","[]","[]","[]","[]","[]","[]",0,"[]","[]","[]","[]","[]","[]","[]","[]","[]","[]",2,"[295082,297048]","[0.235743,0.920961]","[-2.41897,0.749738]","[303365,432181]","[5257.36,0]","[0,0]","[11.5161,0]","[0.497895,-1]",0,"[]","[]","[]","[]","[]","[]","[]","[]","[]","[]",0,"[1659.89,2791.92]",10707.8,"[]","[]","[2792.44,27011.8]","[]"
278,284500,5552927,364116,1,127.086,4.05305e+06,1.25133,0.99242,1,1,1,1.00157,0.99765,1,1,0,0,1,"[1]","[1]","[212905]","[0.77845]","[-1.80648]","[280737]","[-0.0105782]","[1]","[11]","[1]","[0]","[277.365]","[0.00916646]","[0.872609]",35726.8,-1.82257,1,"[23833.4]","[1.38022]","[-0.717695]","[50630]","[0.993384]","[5]","[0]","[-0.831057]",0,"[]","[]","[]","[]","[]","[]","[]","[]","[]","[]",1,"[253767]","[1.17131]","[1.43572]","[448684]","[-0.00552427]","[0]","[0]","[-1]",0,"[]","[]","[]","[]","[]","[]","[]","[]","[]","[]",0,"[1250.35]",8604.17,"[3681.45]","[]","[0]","[]"
279,284500,5223612,364116,0.5292,127.086,4.05305e+06,1.32095,0.967171,1,1,1,1,1.00582,1,1,0,0,2,"[1,1]","[1,1]","[269661,235248]","[-0.371292,0.231099]","[1.41127,-1.66178]","[288463,241558]","[0.0307741,0.0700312]","[-1,1]","[11,11]","[1,1]","[0,0]","[-182.528,1376.09]","[-0.00231718,-0.000943871]","[0.375664,0.122728]",31907,-1.94192,0,"[]","[]","[]","[]","[]","[]","[]","[]",0,"[]","[]","[]","[]","[]","[]","[]","[]","[]","[]",2,"[277483,253174]","[-0.382014,0.22797]","[1.41467,-1.65845]","[297978,259796]","[0.00338291,2770.4]","[0,0]","[0,17.0682]","[-1,-1]",0,"[]","[]","[]","[]","[]","[]","[]","[]","[]","[]",0,"[1506.83,1231.62]",0,"[]","[]","[12953.1,14268.1]","[]"
280,284500,5398447,364116,1,127.086,4.05305e+06,0.619412,0.883894,1,1,1,1.02472,1.00192,1,1,0,0,2,"[1,1]","[1,0]","[74743.2,18974]","[-0.514677,0.884083]","[0.798544,-1.62313]","[84863.2,26884.8]","[-0.00281143,0.0433769]","[-1,1]","[11,11]","[1,1]","[0,0]","[-1445.82,-1081.79]","[-0.00144138,0.00648764]","[0.124994,0.494388]",66136,1.60945,3,"[376366,311571,61047.8]","[-1.3683,1.70424,-0.912506]","[-1.41807,1.74985,-2.46989]","[787610,885387,88468.1]","[0.987733,0.983401,0.992345]","[0,5,5]","[0,0,0]","[-0.895983,0.998636,0.999285]",0,"[]","[]","[]","[]","[]","[]","[]","[]","[]","[]",2,"[380187,343380]","[-1.38336,1.6882]","[-1.41712,1.75218]","[806211,960981]","[25351.1,29131.7]","[0,0]","[4.16196,2.11926]","[0.788623,0.722292]",0,"[]","[]","[]","[]","[]","[]","[]","[]","[]","[]",0,"[336.634,71.5778]",24583.4,"[9272.24,16615.9,2279.76]","[]","[22135.1,10895.2]","[]"
281,284500,5520439,364116,1,127.086,4.05305e+06,1.22586,0.944449,1,1,1,1.05027,0.99604,1,1,0,0,2,"[1,1]","[1,1]","[270901,265845]","[-1.53151,-2.25571]","[0.0694411,-2.99108]","[655767,1.28228e+06]","[-0.0405235,-0.0828629]","[1,-1]","[11,11]","[1,1]","[0,0]","[-63.0225,612.944]","[-0.00821584,-0.00853337]","[1.02955,0.715637]",16406.8,1.91306,2,"[44881,26427.7]","[1.56916,1.18312]","[0.888471,2.79634]","[112750,47475.1]","[0.999399,0.995543]","[5,0]","[0,0]","[0.995091,-0.699524]",0,"[]","[]","[]","[]","[]","[]","[]","[]","[]","[]",1,"[308107]","[-1.52379]","[0.0601961]","[740619]","[4039.14]","[0]","[5.01763]","[0.402672]",0,"[]","[]","[]","[]","[]","[]","[]","[]","[]","[]",0,"[5343.43,4493.21]",30727.9,"[6584.62,4203.75]","[]","[6258.28]","[]"
282,284500,5614973,364116,-1,127.086,4.05305e+06,1.22586,0.97446,1,1,1,0.996211,0.98483,1,1,0,0,1,"[1]","[1]","[57207.6]","[-0.322611]","[0.0537038]","[60210.6]","[84.6216]","[-1]","[11]","[1]","[0]","[909.257]","[-0.0141012]","[1.10894]",58008.5,-2.78246,5,"[217969,148577,39030.4,35386.7,24961.7]","[-0.305942,0.732295,0.0278312,0.175321,-0.294629]","[2.2291,-1.11689,1.39151,-0.853047,-1.3727]","[230462,191617,39842.4,36695.3,26551.3]","[0.981805,0.999465,0.999067,0.9998,0.993917]","[0,0,0,0,0]","[0,0,0,0,0]","[-0.613495,-0.827886,-0.404212,-0.799178,-0.858059]",0,"[]","[]","[]","[]","[]","[]","[]","[]","[]","[]",1,"[253684]","[-0.302048]","[2.13635]","[275607]","[74509.5]","[0]","[1.8741]","[0.631684]",0,"[]","[]","[]","[]","[]","[]","[]","[]","[]","[]",0,"[83.5618]",789.652,"[3703.77,2195.38,3607.74,2959.76,5844.15]","[]","[0]","[]"
283,284500,1995154,364116,1,127.086,4.05305e+06,0.738662,0.967171,1,1,1,1,1.00582,1,1,0,0,2,"[1,1]","[1,1]","[402047,394972]","[-0.427509,0.360548]","[-1.8049,1.34713]","[439350,420924]","[0.00906026,0.0842888]","[-1,1]","[11,11]","[1,1]","[0,0]","[177.678,2327.24]","[0.018587,-0.01396]","[2.60388,1.96176]",18440.9,-1.32825,0,"[]","[]","[]","[]","[]","[]","[]","[]",0,"[]","[]","[]","[]","[]","[]","[]","[]","[]","[]",2,"[418171,414224]","[-0.434205,0.360169]","[-1.8062,1.34158]","[458246,441452]","[5423.4,7817.24]","[0,0]","[20.122,6.26256]","[0.0738979,0.165747]",0,"[]","[]","[]","[]","[]","[]","[]","[]","[]","[]",0,"[3909.94,2543.28]",21313,"[]","[]","[35437.2,1922.25]","[]"
284,284500,4929700,364116,0.166929,127.086,4.05305e+06,1.26205,0.99242,1,1,1,0.998115,0.99765,1,1,0,0,1,"[1]","[1]","[216395]","[0.660722]","[0.783994]","[265373]","[0.0228271]","[1]","[11]","[1]","[0]","[659.173]","[-0.00200451]","[0.195485]",26605.3,0.648148,2,"[286303,46607]","[-1.41894,-2.23286]","[-2.47756,0.253774]","[626273,219857]","[0.997327,0.994132]","[0,0]","[0,0]","[-0.926093,-0.117641]",0,"[]","[]","[]","[]","[]","[]","[]","[]","[]","[]",1,"[261572]","[-1.4428]","[-2.47722]","[584458]","[662.294]","[0]","[0.646011]","[-1]",0,"[]","[]","[]","[]","[]","[]","[]","[]","[]","[]",0,"[1475.25]",18191,"[13150.1,6435.03]","[]","[2470.12]","[]"
285,284500,2731557,364116,-1,127.086,4.05305e+06,1.22586,0.970865,1,1,1,0.99933,0.99765,1,1,0,0,2,"[1,0]","[1,1]","[272198,218082]","[0.652595,2.02462]","[-1.82847,1.39227]","[332246,840193]","[0.00260162,0.0571671]","[-1,-1]","[11,11]","[1,1]","[0,1861.97]","[-1589.15,-1985.64]","[-0.0109666,0.0409842]","[1.46057,3.38683]",32341.8,2.79176,1,"[70021.7]","[-1.92428]","[0.637834]","[245031]","[0.980932]","[0]","[0]","[-0.929402]",0,"[]","[]","[]","[]","[]","[]","[]","[]","[]","[]",1,"[274902]","[0.689652]","[-1.82357]","[342909]","[0.00730792]","[0]","[0]","[-1]",0,"[]","[]","[]","[]","[]","[]","[]","[]","[]","[]",0,"[1747.54,2288.17]",2403.47,"[5353.42]","[]","[32661.1]","[]"
286,284500,7804605,364116,1.24219,127.086,4.05305e+06,1.25133,0.993444,1,1,1,0.970426,1.00632,1,1,0,0,2,"[1,1]","[1,1]","[398418,370981]","[0.233179,0.108468]","[0.689424,-2.44317]","[409299,373166]","[0.0128307,-0.00950241]","[-1,1]","[11,11]","[1,1]","[0,0]","[-1493.3,-1347.2]","[0.00192582,0.00979942]","[0.153655,1.26671]",18765.6,-0.676979,2,"[31678.4,20488.8]","[-1.68478,-0.404495]","[-2.59375,2.31966]","[88561,22587.6]","[0.89,0.924019]","[5,5]","[0,0]","[-0.331084,0.602649]",0,"[]","[]","[]","[]","[]","[]","[]","[]","[]","[]",2,"[405223,382037]","[0.217283,0.0903409]","[0.69449,-2.43978]","[414826,383597]","[-0.00507437,-0.00680097]","[0,0]","[0,0]","[-1,-1]",0,"[]","[]","[]","[]","[]","[]","[]","[]","[]","[]",0,"[4709.05,2208.87]",105.293,"[1269.6,896.761]","[]","[19927.3,13827.1]","[]"
287,284500,1166246,364116,1,127.086,4.05305e+06,0.923924,0.95734,1,1,1,0.998037,0.96953,1,1,0,0,1,"[1]","[1]","[34272.9]","[1.00321]","[1.1782]","[53015.3]","[84.4759]","[-1]","[11]","[1]","[0]","[-54.6295]","[0.0120853]","[0.91304]",65213,0.777957,3,"[350747,273456,26909.1]","[-0.660769,-2.095,-0.801341]","[-1.51895,1.65138,1.58514]","[431513,1.12854e+06,36408.3]","[0.991019,0.984754,1]","[0,0,0]","[0,0,0]","[-0.729947,-0.820078,-0.439877]",0,"[]","[]","[]","[]","[]","[]","[]","[]","[]","[]",1,"[355713]","[-0.690062]","[-1.50914]","[445366]","[37068]","[0]","[1.64615]","[0.497051]",0,"[]","[]","[]","[]","[]","[]","[]","[]","[]","[]",0,"[231.014]",24680.4,"[6557.73,4392.02,4855.3]","[]","[10878.3]","[]"
288,284500,608727,364116,-1,127.086,4.05305e+06,0.75088,0.960282,1,1,1,1.05026,1.00632,1,1,0,0,2,"[1,1]","[1,1]","[289043,268739]","[0.426985,0.215228]","[-2.82118,0.492847]","[315794,274988]","[0.0101681,-0.0596352]","[-1,1]","[11,11]","[1,1]","[0,0]","[1009.58,67.4507]","[0.00473987,-0.0259954]","[0.649663,2.66046]",44680.8,-2.57952,1,"[49216.8]","[-0.96374]","[-0.694004]","[74304.7]","[0.987043]","[5]","[0]","[0.992199]",0,"[]","[]","[]","[]","[]","[]","[]","[]","[]","[]",2,"[300287,281393]","[0.415995,0.19979]","[-2.81573,0.491352]","[326658,287028]","[2763.11,0.00516748]","[0,0]","[29.4174,0]","[0.474382,-1]",0,"[]","[]","[]","[]","[]","[]","[]","[]","[]","[]",0,"[1564.26,2299.65]",594.602,"[2133.63]","[]","[20461.9,7666.22]","[]"
289,284500,7872263,364116,1,127.086,4.05305e+06,1.26205,0.975422,1,1,1,0.997594,0.99544,1,1,0,0,2,"[1,1]","[1,1]","[224245,210202]","[1.27119,0.819213]","[0.593335,-2.56331]","[431176,284770]","[-0.0547562,-0.027565]","[1,-1]","[11,11]","[1,1]","[0,0]","[-1763.75,-613.494]","[-0.00868426,0.0101361]","[0.85799,1.49791]",15715.2,-1.8856,2,"[29989.2,27056.5]","[0.975515,-1.61543]","[1.14204,-1.91895]","[45665.4,70938.9]","[0.974984,1]","[0,0]","[0,0]","[-0.872229,-0.887471]",0,"[]","[]","[]","[]","[]","[]","[]","[]","[]","[]",1,"[258971]","[1.29607]","[0.635396]","[511428]","[52882.3]","[0]","[0.592494]","[-1]",0,"[]","[]","[]","[]","[]","[]","[]","[]","[]","[]",0,"[3846.82,2785.19]",4362.92,"[2361.17,1735.52]","[]","[0]","[]"
290,284500,6429739,364116,1,127.086,4.05305e+06,0.75088,0.975422,1,1,1,1,0.99544,1,1,0,0,2,"[1,1]","[1,1]","[245445,234391]","[1.33248,1.02981]","[2.49125,-0.58673]","[497549,370058]","[0.0686035,0.0331459]","[1,-1]","[11,11]","[1,1]","[0,0]","[3251.61,1312.02]","[0.00226249,-0.00452891]","[0.271351,0.548088]",11746.4,-2.66638,0,"[]","[]","[]","[]","[]","[]","[]","[]",0,"[]","[]","[]","[]","[]","[]","[]","[]","[]","[]",2,"[286144,265649]","[1.33894,1.02252]","[2.49337,-0.579184]","[583320,417060]","[0.00552427,2461.65]","[0,0]","[0,0]","[-1,-1]",0,"[]","[]","[]","[]","[]","[]","[]","[]","[]","[]",0,"[3001.29,2513.09]",585.879,"[]","[]","[40959,19429.8]","[]"
291,284500,7475554,364116,-1,127.086,4.05305e+06,0.75088,0.936626,1,1,1,0.997669,0.95498,1,1,0,0,2,"[1,1]","[1,1]","[50108.8,41049.4]","[-0.707822,-0.060593]","[2.05616,-1.26744]","[63194.2,41124.8]","[-5.83192,-5.79329]","[1,-1]","[11,11]","[1,1]","[0,0]","[-1301.87,-349.557]","[0.0130268,-0.00464879]","[1.81033,0.487001]",38132,-1.05841,3,"[229886,186192,94430.9]","[-0.252412,-0.951326,0.287077]","[-0.51261,-2.98186,2.28461]","[242728,277651,100759]","[0.997164,1,0.986644]","[0,0,0]","[0,0,0]","[-0.96555,-0.837375,-0.115176]",0,"[]","[]","[]","[]","[]","[]","[]","[]","[]","[]",1,"[286510]","[-0.241931]","[-0.60109]","[304557]","[75944.1]","[0]","[1.50592]","[0.516659]",0,"[]","[]","[]","[]","[]","[]","[]","[]","[]","[]",0,"[121.275,41.4632]",11610.3,"[5537.41,15242.2,5373.5]","[]","[4103.72]","[]"
292,284500,7212419,364116,1.34509,127.086,4.05305e+06,1.1961,0.96422,1,1,1,0.999204,1.00582,1,1,0,0,2,"[1,1]","[1,1]","[299856,281423]","[-0.575267,-0.0930274]","[1.99437,-1.17033]","[350855,282641]","[0.00313377,-0.0505133]","[-1,1]","[11,11]","[1,1]","[0,0]","[2718.63,-409.832]","[0.0130043,0.010527]","[1.5772,1.66048]",17941.6,-2.4154,1,"[24163.9]","[-0.636694]","[-1.02518]","[29641.4]","[0.968981]","[0]","[0]","[-0.640231]",0,"[]","[]","[]","[]","[]","[]","[]","[]","[]","[]",2,"[312871,293851]","[-0.571601,-0.0862971]","[2.00123,-1.17005]","[365453,294945]","[6810.91,-0.00165584]","[0,0]","[6.05056,0]","[-1,-1]",0,"[]","[]","[]","[]","[]","[]","[]","[]","[]","[]",0,"[1886.01,2411.27]",13492.1,"[1852.58]","[]","[22819.1,33488.7]","[]"
293,284500,7505740,364116,1,127.086,4.05305e+06,0.923924,0.924211,1,1,1,0.998157,1.00136,1,1,0,0,2,"[1,1]","[1,1]","[57683.1,34756.9]","[1.56794,0.660987]","[-1.20355,1.95502]","[144358,42630.1]","[-36.1465,-36.2861]","[-1,1]","[11,11]","[1,1]","[1218.58,0]","[-945.603,-856.324]","[0.00494832,0.00587818]","[0.330896,0.379168]",92328.6,1.41089,3,"[281904,211002,33758.1]","[-1.31466,-0.957266,-0.913882]","[-1.39044,2.17411,-0.546677]","[563943,316382,49647.7]","[0.994393,0.991685,0.991549]","[0,0,0]","[0,0,0]","[-0.851532,-0.898321,-0.620578]",0,"[]","[]","[]","[]","[]","[]","[]","[]","[]","[]",1,"[276473]","[-1.32251]","[-1.36955]","[564040]","[97141.3]","[0]","[2.79707]","[0.571698]",0,"[]","[]","[]","[]","[]","[]","[]","[]","[]","[]",0,"[503.559,44.2626]",16384,"[12781.7,8425.47,2463.47]","[]","[11715.1]","[]"
294,284500,1235617,364116,-1,127.086,4.05305e+06,1.25133,0.95098,1,1,1,0.99531,0,1,1,0,0,1,"[1]","[1]","[25563.1]","[0.742244]","[-2.58451]","[32934]","[-7.35815]","[-1]","[11]","[1]","[1717.5]","[-360.751]","[0.0187112]","[1.79897]",42400.7,2.45932,6,"[185667,121278,115140,69845.8,42600.8,23813.1]","[1.00909,-0.306221,0.908839,0.106167,0.367196,0.859466]","[-0.740178,2.53713,0.114141,2.35576,3.07153,2.97822]","[289547,128520,166513,70888.3,46061.7,33454.5]","[0.992333,1,1,0.998442,0.997487,0.904663]","[0,0,0,0,0,0]","[0,0,0,0,0,0]","[-0.956876,-0.837477,-0.914909,-0.517876,-0.911404,-0.911319]",0,"[]","[]","[]","[]","[]","[]","[]","[]","[]","[]",1,"[259198]","[1.04]","[-0.39469]","[432450]","[129931]","[0]","[0.827596]","[0.787419]",0,"[]","[]","[]","[]","[]","[]","[]","[]","[]","[]",0,"[77.7912]",3861.08,"[8508.94,6170.73,2645.06,2476.98,2473.36,4050.42]","[]","[0]","[]"
295,284500,1448773,364116,1,127.086,4.05305e+06,1.22586,0.908485,1,1,1,0.995059,1.01532,1,1,0,0,2,"[1,1]","[1,1]","[52576.1,39606.6]","[2.27858,2.03343]","[0.510435,-2.58398]","[259339,153894]","[0.0937653,-0.0735588]","[-1,1]","[11,11]","[1,1]","[0,0]","[103.724,1991.49]","[0.00739472,0.00767136]","[0.387041,0.543016]",34266.6,-2.17391,4,"[508580,496020,42332.8,25513.9]","[0.893351,0.105929,0.586781,1.07562]","[2.2571,-0.891757,-1.02917,1.78851]","[727816,502343,50390.4,41989.1]","[0.994475,0.9868,0.988134,0.996867]","[0,0,0,0]","[0,0,0,0]","[-0.942439,-0.932934,-0.630417,-0.58096]",0,"[]","[]","[]","[]","[]","[]","[]","[]","[]","[]",2,"[512987,484593]","[0.101783,0.896873]","[-0.897411,2.2568]","[524577,695157]","[96383.4,55835.5]","[0,0]","[2.0664,3.01643]","[0.752203,0.664356]",0,"[]","[]","[]","[]","[]","[]","[]","[]","[]","[]",0,"[264.242,111.936]",3879.33,"[6605.09,6929.5,3388.65,5392.6]","[]","[31053.9,20078.3]","[]"
296,284500,2500145,364116,-0.541795,127.086,4.05305e+06,0.619412,0.92237,1,1,1,0.933047,0.96413,1,1,0,0,2,"[1,1]","[1,0]","[62626.7,33527.8]","[2.39217,1.67323]","[0.85662,-1.48808]","[345345,92486]","[-76.4272,-76.6145]","[-1,1]","[11,11]","[1,0]","[0,0]","[214.053,2996.42]","[0.078636,-0.00989622]","[3.11196,0.561094]",43305.3,3.10757,8,"[185830,131423,86545.1,68207.3,52940.4,52882.4,42625.4,31941.4]","[0.304597,-2.32354,-0.780408,-0.0896514,2.41655,-0.522062,0.666445,1.80535]","[-2.86514,-0.154147,0.700982,-3.12086,3.13359,-1.32941,1.48039,-0.589677]","[195312,677651,115124,68719.9,299092,61029.1,52930.7,99923.6]","[0.993873,0.999921,0.999921,0.997155,0.96124,1,0.99,0.973355]","[0,0,0,0,5,0,0,0]","[0,0,0,0,0,0,0,0]","[0.320732,-0.922759,-0.785947,-0.797851,-0.891136,-0.678914,-0.868595,-0.0910087]",0,"[]","[]","[]","[]","[]","[]","[]","[]","[]","[]",1,"[269593]","[0.240445]","[-2.92854]","[285425]","[67108]","[0]","[0.672008]","[0.605116]",0,"[]","[]","[]","[]","[]","[]","[]","[]","[]","[]",0,"[458.601,192.069]",3197.77,"[2198.99,4899.94,6699.78,1885.69,6423.83,1735.33,4783.97,4857.93]","[]","[7068.69]","[]"
297,284500,1424136,364116,0.403963,127.086,4.05305e+06,1.21412,0.97994,1,1,1,0.885824,1.00632,1,1,0,0,1,"[1]","[1]","[249159]","[0.429391]","[-2.11876]","[272484]","[-0.0301723]","[1]","[11]","[1]","[4549.76]","[2675.89]","[0.000427636]","[0.0391645]",13804.2,-2.85317,2,"[257857,45907.4]","[1.4217,-1.14114]","[1.04294,0.398196]","[565458,79710]","[0.184319,0.972736]","[0,5]","[0,0]","[-0.928767,0.760356]",0,"[]","[]","[]","[]","[]","[]","[]","[]","[]","[]",2,"[304844,263191]","[0.423437,1.43101]","[-2.21949,1.04226]","[339040,581988]","[65847.9,9455.1]","[0,0]","[0.656094,6.54311]","[0.566633,0.415239]",0,"[]","[]","[]","[]","[]","[]","[]","[]","[]","[]",0,"[1672.65]",48556.3,"[7249.96,21153.6]","[]","[6113.16,6675.41]","[]"
298,284500,3398479,364116,1,127.086,4.05305e+06,1.25133,0.96073,1,1,1,0.98794,0.98827,1,1,0,0,1,"[1]","[1]","[31896.9]","[-0.0724459]","[-1.89534]","[31980.6]","[35.3213]","[-1]","[11]","[1]","[0]","[272.882]","[-0.0228291]","[2.00699]",104157,1.09425,2,"[2.47511e+06,2.40327e+06]","[1.08776,-1.15589]","[-2.44213,0.689653]","[4.08999e+06,4.19675e+06]","[0.990599,0.963075]","[0,0]","[0,0]","[-0.767991,-0.836745]",0,"[]","[]","[]","[]","[]","[]","[]","[]","[]","[]",2,"[2.51312e+06,2.42592e+06]","[-1.15614,1.0848]","[0.685975,-2.44188]","[4.38908e+06,3.99904e+06]","[80061.3,33762]","[0,0]","[3.56526,3.92491]","[0.519768,0.28477]",0,"[]","[]","[]","[]","[]","[]","[]","[]","[]","[]",0,"[39.9397]",40555.2,"[116140,91813.4]","[]","[42722.2,47365.8]","[]"
299,284500,6512815,364116,1,127.086,4.05305e+06,0.619412,0.934238,1,1,1,0.877696,1.00056,1,1,0,0,2,"[1,1]","[1,1]","[70479.5,32482.2]","[0.454785,0.651619]","[-1.75889,0.704684]","[77894.6,39625.7]","[0.0354748,0.0226479]","[1,-1]","[11,11]","[1,1]","[0,0]","[399.021,-522.726]","[0.0330474,0.00129263]","[2.3768,0.0657878]",56257.1,-1.28291,4,"[208427,163572,48450.1,28962.1]","[0.838547,1.91078,-0.368678,-2.21913]","[-2.4883,0.251493,1.87224,2.55535]","[287487,564896,52198.6,134909]","[0,0,0.96,0.841583]","[0,0,5,0]","[0,0,0,0]","[-0.758984,-0.856754,-0.304234,-0.574332]",0,"[]","[]","[]","[]","[]","[]","[]","[]","[]","[]",1,"[283744]","[0.777185]","[-2.31646]","[385513]","[94153.2]","[0]","[1.07726]","[0.692748]",0,"[]","[]","[]","[]","[]","[]","[]","[]","[]","[]",0,"[146.027,56.7911]",1862.55,"[6396.54,3113.97,2865.68,5680.2]","[]","[9413.56]","[]"
300,284500,2253769,364116,-1,127.086,4.05305e+06,0.619412,0.967171,1,1,1,1,1.00582,1,1,0,0,2,"[1,1]","[1,1]","[270468,259904]","[-0.178742,0.329402]","[-2.19013,1.18995]","[274800,274133]","[0.0507889,-0.0689926]","[-1,1]","[11,11]","[1,1]","[0,1000.1]","[-1693.67,607.967]","[0.0315547,-0.0222599]","[1.81139,3.55155]",54882,-0.396393,0,"[]","[]","[]","[]","[]","[]","[]","[]",0,"[]","[]","[]","[]","[]","[]","[]","[]","[]","[]",2,"[278356,274294]","[-0.199542,0.316035]","[-2.19164,1.19216]","[283916,288121]","[0.00182698,2940.23]","[0,0]","[0,11.6049]","[-1,-1]",0,"[]","[]","[]","[]","[]","[]","[]","[]","[]","[]",0,"[1410.31,3059.67]",562.434,"[]","[]","[745.781,8644]","[]"
301,284500,6582192,364116,-3.18782,127.086,4.05305e+06,1.21412,0.950287,1,1,1,1.04942,1.01265,1,1,0,0,2,"[1,1]","[1,1]","[293833,275500]","[1.55918,1.23326]","[2.92459,-0.236619]","[729477,512944]","[0.0259323,-0.0354843]","[-1,1]","[11,11]","[1,1]","[0,0]","[347.486,-2381.35]","[0.0183726,-0.0168218]","[1.91894,2.55064]",17995,1.69209,2,"[49312.9,26056.2]","[2.22157,-0.69133]","[-0.244489,-2.96845]","[230115,33060.1]","[0.966036,0.963175]","[5,0]","[0,0]","[0.999622,-0.872514]",0,"[]","[]","[]","[]","[]","[]","[]","[]","[]","[]",2,"[350298,355586]","[1.54882,1.42112]","[2.91698,-0.240646]","[861473,787852]","[6014.69,115778]","[0,0]","[7.44808,0.549872]","[0.0483348,0.665762]",0,"[]","[]","[]","[]","[]","[]","[]","[]","[]","[]",0,"[6348.61,3653.29]",2373.34,"[2066.49,4697.08]","[]","[8393.47,22489.9]","[]"
302,284500,4541711,364116,1,127.086,4.05305e+06,0.934886,0.874354,1,1,1,1.00744,1,1,1,0,0,2,"[1,1]","[1,1]","[28863.1,24343.4]","[-0.959589,1.25386]","[0.686449,-2.80515]","[43203.3,46121.7]","[0.019989,0.037632]","[1,-1]","[11,11]","[0,1]","[0,0]","[475.583,1431.23]","[0.000918987,0.000424102]","[0.0769076,0.0381192]",22901.3,-1.07503,2,"[506030,492848]","[-1.16064,-0.764154]","[2.40634,-0.735632]","[887221,644073]","[0.934376,0.989955]","[5,0]","[0,0]","[-0.672564,-0.834663]",0,"[]","[]","[]","[]","[]","[]","[]","[]","[]","[]",2,"[516734,499406]","[-1.17318,-0.781544]","[2.40868,-0.734003]","[915175,660043]","[15699.9,15901.8]","[0,0]","[2.96635,3.93731]","[0.64917,0.324899]",0,"[]","[]","[]","[]","[]","[]","[]","[]","[]","[]",0,"[215.486,98.9484]",4448.82,"[6569.75,5965.59]","[]","[2921.41,39047.2]","[]"
303,284500,5557077,364116,-1,127.086,4.05305e+06,0.619412,0.97994,1,1,1,0.995268,1.00632,1,1,0,0,1,"[0]","[1]","[193786]","[0.480373]","[-1.79472]","[216578]","[-0.0818481]","[1]","[11]","[1]","[0]","[3178.66]","[-0.0114862]","[1.11478]",41899.5,-2.20811,3,"[435933,24552,20338.5]","[1.39987,1.58516,-2.4864]","[1.3602,-1.77881,0.00720943]","[937584,62645.1,123135]","[0.999585,0.998947,-0.1]","[0,0,0]","[0,0,0]","[-0.839718,-0.55175,-0.727053]",0,"[]","[]","[]","[]","[]","[]","[]","[]","[]","[]",2,"[448518,383096]","[1.37751,0.343351]","[1.361,-1.76906]","[945749,407554]","[1263.57,36683.7]","[0,0]","[0,0.0279498]","[-1,0.30927]",0,"[]","[]","[]","[]","[]","[]","[]","[]","[]","[]",0,"[1030.42]",19039.6,"[11377.8,2799.45,1451.71]","[]","[5498.41,10044.2]","[]"
304,284500,5177275,364116,-0.938139,127.086,4.05305e+06,1.74563,0.958656,1,1,1,1.04363,1.0005,1,1,0,0,2,"[1,1]","[1,1]","[341876,284597]","[2.01465,0.183437]","[2.82243,-0.308318]","[1.30451e+06,289399]","[0.0565033,0.0098114]","[-1,1]","[11,11]","[1,1]","[0,0]","[-1924.77,-1022]","[-0.00184283,0.00995366]","[0.250447,1.69682]",24194.9,-0.171381,1,"[32771.5]","[0.928429]","[-0.659649]","[48061.5]","[1]","[5]","[0]","[0.86593]",0,"[]","[]","[]","[]","[]","[]","[]","[]","[]","[]",1,"[311107]","[0.286273]","[-0.339197]","[329465]","[60069.5]","[0]","[0.906229]","[0.675828]",0,"[]","[]","[]","[]","[]","[]","[]","[]","[]","[]",0,"[3569.05,2568.91]",284.535,"[1217.76]","[]","[10048.8]","[]"
305,284500,2980889,364116,1,127.086,4.05305e+06,1.55465,0.934351,1,1,1,1.01713,0.98483,1,1,0,0,2,"[1,1]","[1,1]","[55876.5,37429.7]","[-0.25312,-0.626159]","[-1.98698,0.612606]","[57676,45010.2]","[-0.121239,0.0662994]","[1,-1]","[11,11]","[1,1]","[0,0]","[-107.782,1528.72]","[-0.00234346,-0.00868941]","[0.240548,0.535813]",42268.8,-0.695463,3,"[394229,342078,29165.5]","[1.78955,1.55606,1.07648]","[2.57994,-0.575518,1.3659]","[1.21306e+06,847052,47873.6]","[0.996858,0.99,0.991037]","[5,0,0]","[0,0,0]","[-0.81224,-0.753643,-0.966148]",0,"[]","[]","[]","[]","[]","[]","[]","[]","[]","[]",2,"[386446,329924]","[1.78414,1.54964]","[2.58121,-0.574888]","[1.18304e+06,812100]","[11388.8,15203.2]","[0,0]","[3.89556,3.12314]","[0.338106,0.606788]",0,"[]","[]","[]","[]","[]","[]","[]","[]","[]","[]",0,"[111.362,102.46]",19417,"[5314.7,16711.9,2539.15]","[]","[2228.03,15718.4]","[]"
306,284500,3890212,364116,-1,127.086,4.05305e+06,1.32095,0.969588,1,1,1,1,1.01012,1,1,0,0,2,"[1,1]","[1,1]","[412580,400199]","[1.89552,1.12498]","[-1.46462,1.67454]","[1.40405e+06,681304]","[-0.0550461,0.0998077]","[1,-1]","[11,11]","[1,1]","[1002.87,0]","[1081.94,1173.61]","[0.00529168,0.000246009]","[0.487411,0.022462]",10038.1,-3.06698,0,"[]","[]","[]","[]","[]","[]","[]","[]",0,"[]","[]","[]","[]","[]","[]","[]","[]","[]","[]",2,"[441563,406685]","[1.90825,1.15214]","[-1.46186,1.68302]","[1.5211e+06,707820]","[-0.0220971,597.942]","[0,0]","[0,0]","[-1,-1]",0,"[]","[]","[]","[]","[]","[]","[]","[]","[]","[]",0,"[3706.84,5531.3]",10180.5,"[]","[]","[16481.6,7847.34]","[]"
307,284500,2485125,364116,1,127.086,4.05305e+06,1.26459,0.94038,1,1,1,1.01455,0.99929,1,1,0,0,1,"[1]","[1]","[31912.9]","[-2.00023]","[-1.27686]","[120089]","[0.066803]","[1]","[11]","[1]","[1059.25]","[-730.965]","[-0.0154464]","[0.984378]",49442,-3.09238,2,"[488783,441193]","[0.481545,1.53661]","[0.0242475,-3.11624]","[546907,1.07336e+06]","[0.998932,0.997349]","[0,5]","[0,0]","[-0.887705,-0.0769764]",0,"[]","[]","[]","[]","[]","[]","[]","[]","[]","[]",2,"[496636,455663]","[0.45657,1.52275]","[0.0240104,-3.1151]","[549514,1.09451e+06]","[15141.2,23520.1]","[0,0]","[1.32792,2.9641]","[0.142346,0.678222]",0,"[]","[]","[]","[]","[]","[]","[]","[]","[]","[]",0,"[237.045]",8333.07,"[6435.21,12239.1]","[]","[21170.5,24867.9]","[]"
308,284500,1746318,364116,1,127.086,4.05305e+06,0.75088,0.962145,1,1,1,1,0.99866,1,1,0,0,2,"[1,1]","[1,1]","[299170,281628]","[-0.909731,-0.890675]","[0.019297,-3.12029]","[431745,400918]","[-0.0584755,-0.180878]","[-1,1]","[11,11]","[1,1]","[0,0]","[-360.648,5688.23]","[-0.000148111,0.000586408]","[0.0197879,0.0294063]",17671.9,-1.75327,0,"[]","[]","[]","[]","[]","[]","[]","[]",0,"[]","[]","[]","[]","[]","[]","[]","[]","[]","[]",2,"[340552,294549]","[-0.959588,-0.91602]","[0.0149467,-3.11567]","[510275,427012]","[23144.5,-0.00552427]","[0,0]","[1.90672,0]","[0.511225,-1]",0,"[]","[]","[]","[]","[]","[]","[]","[]","[]","[]",0,"[2871.04,2694.16]",0,"[]","[]","[24329.9,20440.6]","[]"
309,284500,2410132,364116,1,127.086,4.05305e+06,0.923924,0.937815,1,1,1,0.952991,0.98736,1,1,0,0,2,"[1,1]","[1,1]","[42464.4,39558.1]","[0.3008,1.01285]","[-1.92633,1.62686]","[44400.1,61644]","[0.0261307,0.104706]","[-1,1]","[11,11]","[1,1]","[0,0]","[-262.01,-462.922]","[-0.0109988,-0.0195268]","[1.36074,0.621111]",47764,-1.93292,3,"[339036,307435,29453]","[-0.373012,-2.21167,1.61012]","[1.01079,-2.12087,1.38679]","[363316,1.42056e+06,76767.5]","[0.998605,0.995098,0.968371]","[5,4,0]","[0,0,0]","[0.988701,0.822671,-0.877613]",0,"[]","[]","[]","[]","[]","[]","[]","[]","[]","[]",1,"[332919]","[-0.346597]","[1.01239]","[353264]","[10167.9]","[0]","[2.07966]","[0.225725]",0,"[]","[]","[]","[]","[]","[]","[]","[]","[]","[]",0,"[227.728,33.8909]",16603.1,"[3419.2,14095.5,2749.38]","[]","[2781.28]","[]"
310,284500,5185659,364116,1,127.086,4.05305e+06,0.187531,0.98089,1,1,1,0.99938,0.99866,1,1,0,0,1,"[1]","[1]","[239813]","[-1.00174]","[0.877878]","[370540]","[-0.332109]","[-1]","[11]","[1]","[0]","[2881.8]","[0.0451562]","[3.57784]",50439.8,-0.666285,1,"[258406]","[-1.47177]","[-2.28348]","[592726]","[0.997156]","[0]","[0]","[-0.469803]",0,"[]","[]","[]","[]","[]","[]","[]","[]","[]","[]",2,"[264917,269988]","[-1.01791,-1.47539]","[0.874091,-2.282]","[414439,621191]","[2548.94,5775.14]","[0,0]","[1.69014,2.75494]","[-1,0.503011]",0,"[]","[]","[]","[]","[]","[]","[]","[]","[]","[]",0,"[2538.22]",7982.62,"[4139.39]","[]","[23154.6,7058.19]","[]"
311,284500,5223028,364116,1,127.086,4.05305e+06,0.696077,0.998255,1,1,1,1,0.99765,1,1,0,0,2,"[1,1]","[1,1]","[237117,231599]","[1.00823,0.658717]","[-0.681294,2.48317]","[368196,283688]","[0.000390887,-0.00615489]","[1,-1]","[11,11]","[1,1]","[0,0]","[-943.627,2610.58]","[0.00389045,0.014028]","[0.315915,1.43883]",3755.14,0.338319,0,"[]","[]","[]","[]","[]","[]","[]","[]",0,"[]","[]","[]","[]","[]","[]","[]","[]","[]","[]",1,"[259205]","[1.01294]","[-0.676767]","[403956]","[2182.32]","[0]","[0]","[-1]",0,"[]","[]","[]","[]","[]","[]","[]","[]","[]","[]",0,"[3223.38,1500.33]",0,"[]","[]","[17407.9]","[]"
312,284500,6437277,364116,1,127.086,4.05305e+06,0.75088,0.959072,1,1,1,0.993199,0.96932,1,1,0,0,2,"[1,1]","[1,0]","[32150.3,13773.7]","[0.751436,1.6054]","[-1.32816,1.47717]","[41662.5,35678.5]","[-18.6706,-18.6802]","[1,-1]","[11,11]","[1,1]","[0,0]","[2130.87,1086.29]","[-0.01634,0.000347088]","[1.91676,0.0136496]",58147.8,2.37629,9,"[251975,106617,79297.5,71592.8,55792.7,53220.8,33288.9,29598.5,21963.8]","[-1.08394,-2.36148,-1.00996,-0.0429628,2.28681,0.744583,0.538366,-1.29978,-0.780805]","[-1.54333,1.12261,0.214882,-3.13058,0.0248962,2.82366,1.36913,2.0421,1.68779]","[416752,570666,123562,72442.2,277627,68939.3,38490.2,58789.8,29534.5]","[0.998356,0.991949,0,0,0.999084,1,0.998336,0.922995,0.983117]","[0,0,0,0,0,0,0,0,0]","[0,0,0,0,0,0,0,0,0]","[-0.307417,-0.956094,-0.818144,-0.777565,-0.695543,-0.900338,-0.877593,-0.760413,-0.62208]",0,"[]","[]","[]","[]","[]","[]","[]","[]","[]","[]",1,"[269790]","[-1.05622]","[-1.50175]","[437290]","[46619.2]","[0]","[1.98714]","[0.77262]",0,"[]","[]","[]","[]","[]","[]","[]","[]","[]","[]",0,"[111.583,506.52]",6267.52,"[6511.2,7724.76,2516.13,3597.69,6924.29,4419.13,2193.09,4470.53,3792.8]","[]","[2028.16]","[]"
313,284500,5489248,364116,-1,127.086,4.05305e+06,0.696077,1.01974,1,1,1,0.998163,1.00306,1,1,0,0,2,"[1,1]","[1,1]","[335571,323919]","[0.985402,0.132505]","[-2.10529,1.02873]","[512111,326767]","[-0.0150146,-0.14045]","[-1,1]","[11,11]","[1,1]","[0,0]","[-1003.91,456.073]","[0.000774324,-0.0115767]","[0.0829087,1.55165]",36835.2,-2.85882,1,"[23914.6]","[-2.49172]","[-0.814132]","[145526]","[0]","[0]","[0]","[-0.525416]",0,"[]","[]","[]","[]","[]","[]","[]","[]","[]","[]",2,"[374449,339955]","[0.94136,0.068011]","[-2.10562,1.0255]","[552979,340742]","[-0.0110485,0.00397432]","[0,0]","[0,0]","[-1,-1]",0,"[]","[]","[]","[]","[]","[]","[]","[]","[]","[]",0,"[3899.33,2390.92]",8854.47,"[2626.68]","[]","[18592.1,2639.25]","[]"
314,284500,1435217,364116,-1,127.086,4.05305e+06,1.24168,0.984282,1,1,1,1,0.9918,1,1,0,0,2,"[1,1]","[1,1]","[361896,359259]","[-0.737573,-0.690279]","[0.139728,-3.06979]","[464878,448303]","[-0.0767441,0.0415878]","[1,-1]","[11,11]","[1,0]","[0,0]","[-822.58,1091.16]","[-0.00968694,-0.0141479]","[0.998434,2.18066]",14148.4,-1.36221,0,"[]","[]","[]","[]","[]","[]","[]","[]",0,"[]","[]","[]","[]","[]","[]","[]","[]","[]","[]",2,"[374915,375578]","[-0.68968,-0.735687]","[-3.07507,0.140818]","[467672,481883]","[-0.00676582,0.00390625]","[0,0]","[0,0]","[-1,-1]",0,"[]","[]","[]","[]","[]","[]","[]","[]","[]","[]",0,"[2558.88,2949.29]",0,"[]","[]","[3374.16,24055]","[]"
315,284500,5311650,364116,1,127.086,4.05305e+06,0.923924,0.901007,1,1,1,0.989882,0.95498,1,1,0,0,2,"[1,1]","[1,1]","[57802.8,26307.8]","[-0.660118,-1.60224]","[-1.94489,1.696]","[70860.8,67947.6]","[-0.00974274,0.0221291]","[-1,1]","[11,11]","[1,0]","[0,0]","[629.547,1184.98]","[0.0539656,-0.0608314]","[4.71641,1.09221]",52017.5,0.371008,7,"[158810,147336,93597.1,73678.9,24717.5,24712.4,22081.5]","[-1.10707,-1.89141,-0.71273,-1.19833,-1.35423,-2.18419,-1.81305]","[0.662257,-2.48782,1.08932,-2.11878,1.11365,0.412168,-2.93937]","[268312,499822,119312,133663,51285.5,111202,69630]","[0,0.0219261,0,0,0.728247,0.989438,0.937766]","[0,0,0,0,0,5,0]","[0,0,0,0,0,0,0]","[0.267089,0.177555,-0.0400928,-0.592525,-0.335902,-0.441703,-0.358454]",0,"[]","[]","[]","[]","[]","[]","[]","[]","[]","[]",2,"[274804,263584]","[-1.79702,-0.964381]","[-2.30368,0.833205]","[862826,406651]","[139086,92657.8]","[0,0]","[1.31902,1.09454]","[0.541107,0.768552]",0,"[]","[]","[]","[]","[]","[]","[]","[]","[]","[]",0,"[221.385,321.583]",6891.33,"[3441.69,4346.31,3872.83,2637.66,1544.71,2728.44,1674.47]","[]","[14875.2,5163.5]","[]"
316,284500,1160655,364116,-1,127.086,4.05305e+06,1.1961,0.97994,1,1,1,0.996387,1.00632,1,1,0,0,1,"[1]","[1]","[287784]","[0.450639]","[0.727637]","[317502]","[-0.0255032]","[-1]","[11]","[1]","[0]","[2137.64]","[0.0320082]","[4.24209]",22017,2.89394,2,"[50219.6,30974.6]","[0.507699,2.09654]","[-0.69438,3.00358]","[57796.8,128136]","[0.977969,0.970134]","[5,5]","[0,0]","[0.999988,0.617136]",0,"[]","[]","[]","[]","[]","[]","[]","[]","[]","[]",2,"[300556,279057]","[0.442455,1.4635]","[0.731684,-2.41565]","[330488,635212]","[4432.55,3872.31]","[0,0]","[6.77299,5.49341]","[-1,0.359604]",0,"[]","[]","[]","[]","[]","[]","[]","[]","[]","[]",0,"[2372.15]",1826.04,"[1451.05,5037.55]","[]","[12764.5,7622.28]","[]"
317,284500,6685135,364116,-1,127.086,4.05305e+06,0.351687,0.944584,1,1,1,1,1.01012,1,1,0,0,2,"[1,1]","[1,1]","[256257,219588]","[1.96115,0.477398]","[0.649123,-2.54258]","[928705,245090]","[0.0374517,-0.0639648]","[-1,1]","[11,11]","[1,1]","[1231.25,0]","[3082.53,1635.56]","[-0.00164134,-0.00164167]","[0.155739,0.148272]",32859,-2.09582,0,"[]","[]","[]","[]","[]","[]","[]","[]",0,"[]","[]","[]","[]","[]","[]","[]","[]","[]","[]",1,"[288264]","[1.95714]","[0.649283]","[1.04068e+06]","[2975.39]","[0]","[38.6613]","[-1]",0,"[]","[]","[]","[]","[]","[]","[]","[]","[]","[]",0,"[2163.23,2137.16]",1146.8,"[]","[]","[2369.5]","[]"
318,284500,6983127,364116,1,127.086,4.05305e+06,1.55465,0.99211,1,1,1,1,0.9918,1,1,0,0,1,"[1]","[1]","[231850]","[-0.745922]","[-0.832042]","[299398]","[0.121794]","[1]","[11]","[1]","[0]","[1441.46]","[-0.00695412]","[0.418527]",32787.1,-1.01403,0,"[]","[]","[]","[]","[]","[]","[]","[]",0,"[]","[]","[]","[]","[]","[]","[]","[]","[]","[]",1,"[288588]","[1.35895]","[2.25787]","[599464]","[30609.1]","[0]","[0.279962]","[0.573374]",0,"[]","[]","[]","[]","[]","[]","[]","[]","[]","[]",0,"[1397.91]",90.1055,"[]","[]","[16046.6]","[]"
319,284500,2066859,364116,1,127.086,4.05305e+06,1.24168,0.925502,1,1,1,0.997413,1.01508,1,1,0,0,2,"[1,1]","[1,1]","[236935,202122]","[-1.54808,-1.73306]","[-2.05882,0.895981]","[582279,589657]","[-0.0275383,0.00721741]","[1,-1]","[11,11]","[1,1]","[0,0]","[-1022.51,-289.016]","[0.000294544,0.000190346]","[0.0361501,0.0216786]",25482.1,-2.17319,2,"[49968.1,20695]","[-1.42371,1.7566]","[2.19585,0.0993814]","[110003,61863.2]","[0.99111,0.880461]","[0,0]","[0,0]","[-0.738356,0.783692]",0,"[]","[]","[]","[]","[]","[]","[]","[]","[]","[]",1,"[287114]","[-1.54674]","[-2.06141]","[704742]","[3721.64]","[0]","[3.12352]","[0.263231]",0,"[]","[]","[]","[]","[]","[]","[]","[]","[]","[]",0,"[4902.42,2753.56]",5517,"[2233.86,1112.46]","[]","[24098.6]","[]"
320,284500,1554927,364116,0.199065,127.086,4.05305e+06,1.24168,0.96323,1,1,1,0.999445,1.00493,1,1,0,0,1,"[1]","[1]","[263924]","[-1.27658]","[-2.9696]","[509816]","[-0.0186768]","[-1]","[11]","[1]","[0]","[1510.21]","[-0.0142873]","[1.11633]",38775.9,2.62537,1,"[298130]","[-1.49457]","[0.0803899]","[697947]","[0.994752]","[0]","[0]","[-0.972402]",0,"[]","[]","[]","[]","[]","[]","[]","[]","[]","[]",2,"[304521,298730]","[-1.2534,-1.47151]","[-2.97106,0.078513]","[576727,684918]","[1189.16,5032.06]","[0,0]","[0,5.86996]","[-1,0.437515]",0,"[]","[]","[]","[]","[]","[]","[]","[]","[]","[]",0,"[3321.4]",4129.31,"[6373.04]","[]","[7941.91,13144.6]","[]"
321,284500,4644550,364116,0.716808,127.086,4.05305e+06,1.26205,0.984032,1,1,1,1,1.00306,1,1,0,0,2,"[1,1]","[1,1]","[345013,337467]","[1.09878,2.17109]","[1.349,-1.83555]","[575101,1.49867e+06]","[0.0129471,-0.0237808]","[-1,1]","[11,11]","[1,1]","[0,7101.77]","[-1010.03,6324.88]","[-0.00838713,-0.000935375]","[1.1544,0.102692]",10032.7,-0.154407,0,"[]","[]","[]","[]","[]","[]","[]","[]",0,"[]","[]","[]","[]","[]","[]","[]","[]","[]","[]",1,"[351580]","[1.12444]","[1.34362]","[598269]","[0.0078125]","[0]","[0]","[-1]",0,"[]","[]","[]","[]","[]","[]","[]","[]","[]","[]",0,"[4392.17,5080.34]",0,"[]","[]","[31159.5]","[]"
322,284500,632818,364116,1,127.086,4.05305e+06,1.25133,0.992773,1,1,1,0.998076,1.00582,1,1,0,0,2,"[1,1]","[1,1]","[610336,556999]","[-0.309565,0.909129]","[0.241086,-2.81649]","[639815,803480]","[-0.00553894,-0.0176525]","[1,-1]","[11,11]","[1,1]","[1091.68,0]","[391.682,940.364]","[-0.00324448,-0.01084]","[0.516291,1.24622]",15451.4,-1.61905,1,"[28959.4]","[2.39344]","[-2.91442]","[159934]","[1]","[0]","[0]","[-0.843704]",0,"[]","[]","[]","[]","[]","[]","[]","[]","[]","[]",2,"[621151,588835]","[-0.32634,0.89903]","[0.24125,-2.81375]","[654560,843266]","[7076.41,0.0078125]","[0,0]","[50.6087,0]","[-1,-1]",0,"[]","[]","[]","[]","[]","[]","[]","[]","[]","[]",0,"[5592.55,7330.98]",9600.09,"[2862.38]","[]","[21263.9,51319.2]","[]"
323,284500,584821,364116,1,127.086,4.05305e+06,0.934886,0.93319,1,1,1,1.04347,1,1,1,0,0,1,"[0]","[1]","[34252.5]","[-1.64744]","[1.93596]","[92245.3]","[0.0930977]","[-1]","[11]","[0]","[0]","[832.431]","[0.0632242]","[3.0416]",11635.6,-1.15528,2,"[353933,349668]","[-0.340826,-0.410622]","[1.52192,-1.60041]","[375195,379962]","[0.995481,0.270836]","[0,5]","[0,0]","[-0.847523,-0.804432]",0,"[]","[]","[]","[]","[]","[]","[]","[]","[]","[]",2,"[353287,346890]","[-0.419289,-0.353934]","[-1.60422,1.52501]","[386612,369081]","[37397.3,13181.1]","[0,0]","[2.26868,2.59199]","[0.299193,0.349637]",0,"[]","[]","[]","[]","[]","[]","[]","[]","[]","[]",0,"[188.602]",3362.04,"[4327.26,3619.44]","[]","[12037.9,5101.12]","[]"
324,284500,5265497,364116,1,127.086,4.05305e+06,1.1961,0.97411,1,1,1,0.99926,1.00582,1,1,0,0,2,"[1,1]","[1,1]","[395155,380217]","[-0.585507,-0.298377]","[0.26704,-2.86157]","[464845,397268]","[-0.0272141,0.120667]","[-1,1]","[11,11]","[1,1]","[0,0]","[4633.52,688.229]","[0.0153855,-0.00809818]","[2.56918,1.23989]",28650.9,-1.97819,1,"[27559.4]","[-0.698651]","[1.83214]","[34955.6]","[0.995517]","[0]","[0]","[-0.454368]",0,"[]","[]","[]","[]","[]","[]","[]","[]","[]","[]",2,"[432188,399522]","[-0.558283,-0.259589]","[0.263312,-2.86749]","[501440,413063]","[11484.1,1926.78]","[0,0]","[11.208,0]","[0.644233,-1]",0,"[]","[]","[]","[]","[]","[]","[]","[]","[]","[]",0,"[4687.22,2892.54]",1204.09,"[2367.22]","[]","[9116.94,9484.84]","[]"
325,284500,5214828,364116,-1,127.086,4.05305e+06,1.25133,0.97994,1,1,1,0.997263,1.00632,1,1,0,0,2,"[1,1]","[1,1]","[270370,212394]","[0.522019,1.56398]","[-1.60989,1.43257]","[308053,529612]","[0.0200043,-0.0347137]","[1,-1]","[11,11]","[1,0]","[0,1081.89]","[-169.126,8646.22]","[-0.00315672,0.0161117]","[0.389617,2.05278]",16134.5,2.36446,2,"[25689.6,24307.2]","[-1.7586,-1.09106]","[1.63213,-0.543286]","[76916.4,40496.9]","[0.715759,0.975687]","[0,0]","[0,0]","[-0.812598,-0.37589]",0,"[]","[]","[]","[]","[]","[]","[]","[]","[]","[]",2,"[293191,275903]","[0.435752,1.52563]","[-1.61322,1.42543]","[321477,664362]","[2108.96,8278.4]","[0,0]","[0,4.349]","[-1,0.682416]",0,"[]","[]","[]","[]","[]","[]","[]","[]","[]","[]",0,"[2267.55,3876.43]",380.376,"[2867.93,1778.95]","[]","[24511.2,8718.12]","[]"
326,284500,5275708,364116,-0.977528,127.086,4.05305e+06,1.21412,0.973455,1,1,1,0.997788,0.99765,1,1,0,0,2,"[1,1]","[1,1]","[312696,249919]","[0.599798,-1.06013]","[-0.0648775,-3.10917]","[370650,404016]","[0.0320039,0.0276403]","[1,-1]","[11,11]","[1,1]","[0,0]","[714.637,1222.16]","[0.00158233,-0.00759046]","[0.194816,1.39254]",25753.4,3.11906,2,"[53301.3,22776]","[0.0943589,2.16585]","[2.77647,0.782648]","[54162.5,100805]","[0.987246,0.962323]","[0,0]","[0,0]","[-0.654454,-0.867252]",0,"[]","[]","[]","[]","[]","[]","[]","[]","[]","[]",2,"[318309,272558]","[0.606825,-1.06393]","[-0.0638743,-3.10706]","[378736,441931]","[0.00478416,1419.98]","[0,0]","[0,133.835]","[-1,-1]",0,"[]","[]","[]","[]","[]","[]","[]","[]","[]","[]",0,"[5170.56,2644.49]",12407.3,"[11713.1,2658.12]","[]","[6803.22,4976.75]","[]"
327,284500,5821180,364116,1,127.086,4.05305e+06,0.00292683,0.960302,1,1,1,0.998606,1.00632,1,1,0,0,2,"[1,1]","[1,1]","[343349,214712]","[0.387408,1.78102]","[-2.9323,-0.0393395]","[369438,655340]","[0.0635147,-0.000213623]","[-1,1]","[11,11]","[1,1]","[0,0]","[854.285,-419.909]","[0.00951955,-0.0501996]","[1.50489,2.45168]",30704.5,0.544314,3,"[71642.9,51333.6,32423.6]","[0.164953,0.16179,-0.698799]","[-0.293875,1.32888,2.00488]","[73202.5,52997,41024.8]","[0.998682,0.990444,0.959937]","[0,0,0]","[0,0,0]","[-0.749979,-0.909813,-0.901338]",0,"[]","[]","[]","[]","[]","[]","[]","[]","[]","[]",1,"[343555]","[0.446915]","[-2.92589]","[378443]","[1602.37]","[0]","[242.622]","[-1]",0,"[]","[]","[]","[]","[]","[]","[]","[]","[]","[]",0,"[2542.78,3462.06]",9438.5,"[1921.29,11009.7,2926.92]","[]","[17432.9]","[]"
328,284500,5808975,364116,1,127.086,4.05305e+06,1.55465,1.01378,1,1,1,0.999665,1.00936,1,1,0,0,1,"[1]","[1]","[273599]","[-0.0100412]","[-0.575705]","[273613]","[-0.0496826]","[-1]","[11]","[1]","[0]","[-1393.96]","[-0.0212311]","[1.6375]",36738.8,0.414276,1,"[310584]","[-0.648985]","[2.52855]","[378529]","[1]","[0]","[0]","[-0.841853]",0,"[]","[]","[]","[]","[]","[]","[]","[]","[]","[]",2,"[314523,279457]","[-0.609987,0.0394116]","[2.52833,-0.570091]","[374884,279674]","[2699.78,-0.00248976]","[0,0]","[9.97431,0]","[-1,-1]",0,"[]","[]","[]","[]","[]","[]","[]","[]","[]","[]",0,"[3257.09]",2461.49,"[3484.17]","[]","[7220.56,4832.91]","[]"
329,284500,1374849,364116,1,127.086,4.05305e+06,1.08735,0.979183,1,1,1,0.888378,1.00582,1,1,0,0,2,"[1,1]","[1,1]","[351362,335012]","[-0.188153,-0.640602]","[1.31495,-1.84907]","[357600,406134]","[0.00125313,0.0493965]","[1,-1]","[11,11]","[1,1]","[0,0]","[1418.82,-1311.58]","[0.00426574,0.00759304]","[0.697896,0.938894]",18616.6,0.571923,2,"[42474.5,30116.7]","[0.114265,2.42821]","[-1.11056,2.94882]","[43273.9,172114]","[0.99,0.0824869]","[5,0]","[0,0]","[-0.39759,-0.718125]",0,"[]","[]","[]","[]","[]","[]","[]","[]","[]","[]",2,"[355442,344014]","[-0.213329,-0.66327]","[1.3168,-1.84422]","[363561,422500]","[-0.00338291,0.00276214]","[0,0]","[0,0]","[-1,-1]",0,"[]","[]","[]","[]","[]","[]","[]","[]","[]","[]",0,"[3419.66,2384.35]",177.945,"[2858.94,2326.32]","[]","[60.8125,7751.28]","[]"
330,284500,7715905,364116,0.821895,127.086,4.05305e+06,1.25133,0.97994,1,1,1,0.997877,1.00632,1,1,0,0,1,"[1]","[1]","[272507]","[0.311822]","[0.810986]","[285863]","[0.024826]","[-1]","[11]","[1]","[0]","[1204.75]","[0.0173257]","[1.58196]",28885.4,2.95935,2,"[262590,25785.4]","[0.244361,1.43791]","[-2.26463,0.120423]","[270790,57698]","[0.935044,0.901177]","[0,0]","[0,0]","[-0.587449,-0.816059]",0,"[]","[]","[]","[]","[]","[]","[]","[]","[]","[]",2,"[289342,250991]","[0.304898,0.234038]","[0.814751,-2.26643]","[302902,257997]","[1996.04,7233.63]","[0,0]","[36.9805,0]","[-1,-1]",0,"[]","[]","[]","[]","[]","[]","[]","[]","[]","[]",0,"[1476.06]",6798.31,"[15141.9,3215.45]","[]","[34.625,5421.66]","[]"
331,284500,1419089,364116,-1,127.086,4.05305e+06,1.24168,0.97446,1,1,1,0.997558,0.98483,1,1,0,0,1,"[1]","[1]","[52934.5]","[-0.324483]","[1.02692]","[55745.8]","[0.0547171]","[1]","[11]","[1]","[0]","[287.192]","[0.0105696]","[1.0811]",82928.5,-2.39106,3,"[225438,158589,102379]","[-0.477405,1.57884,-1.19481]","[-2.24748,1.20253,0.373496]","[252308,401565,184872]","[0,0,0]","[0,0,0]","[0,0,0]","[-0.688434,-0.802333,-0.729497]",0,"[]","[]","[]","[]","[]","[]","[]","[]","[]","[]",1,"[257612]","[-0.389633]","[-2.14521]","[285882]","[69057.2]","[0]","[1.11847]","[0.557513]",0,"[]","[]","[]","[]","[]","[]","[]","[]","[]","[]",0,"[273.626]",26683.3,"[9059.16,3908.73,2903.29]","[]","[0]","[]"
332,284500,6086037,364116,1.34895,127.086,4.05305e+06,0.696077,0.97994,1,1,1,0.999125,1.00632,1,1,0,0,1,"[1]","[1]","[250580]","[0.175475]","[-0.916108]","[254448]","[0.0675049]","[-1]","[11]","[1]","[0]","[-540.97]","[-0.00174547]","[0.2124]",50669.8,-1.79715,1,"[20541.4]","[-0.385729]","[-0.816266]","[22457.7]","[0.822558]","[0]","[0]","[-0.546756]",0,"[]","[]","[]","[]","[]","[]","[]","[]","[]","[]",2,"[268438,255003]","[0.128969,-0.666955]","[-0.91932,2.11788]","[270673,315227]","[0.00523623,29397.2]","[0,0]","[0,0]","[-1,-1]",0,"[]","[]","[]","[]","[]","[]","[]","[]","[]","[]",0,"[1472.5]",27170.3,"[1552.41]","[]","[2459.91,0]","[]"
333,284500,2800004,364116,1,127.086,4.05305e+06,0.696077,0.930847,1,1,1,0.997944,1.00192,1,1,0,0,2,"[1,1]","[1,1]","[60535,31762.7]","[-0.188567,-0.651416]","[2.27418,-0.68834]","[61614.5,38743.5]","[30.2809,30.2352]","[1,-1]","[11,11]","[1,1]","[0,0]","[1099.66,16.7984]","[-0.000103262,0.0152489]","[0.0152169,1.5497]",29330,-0.3281,3,"[378414,237811,147225]","[0.702968,0.863792,1.74807]","[2.1181,-1.2654,-0.806317]","[477773,333889,435887]","[0.996224,1,1]","[0,0,0]","[0,0,0]","[-0.861631,-0.350087,-0.58175]",0,"[]","[]","[]","[]","[]","[]","[]","[]","[]","[]",1,"[440979]","[0.601602]","[2.13855]","[541585]","[139859]","[0]","[1.44062]","[0.644826]",0,"[]","[]","[]","[]","[]","[]","[]","[]","[]","[]",0,"[112.192,47.9034]",10502.3,"[10288.5,7915.46,4162.1]","[]","[15362.4]","[]"
334,284500,7429216,364116,1,127.086,4.05305e+06,1.74563,0.97411,1,1,1,1,1.00582,1,1,0,0,2,"[1,1]","[1,1]","[402716,379996]","[-0.0620673,-0.109476]","[2.46514,-0.708975]","[403492,382276]","[0.0476303,0.0439072]","[-1,1]","[11,11]","[1,1]","[0,0]","[350.206,577.869]","[0.0127099,-0.00249165]","[2.37441,0.285374]",16417.9,0.0386614,0,"[]","[]","[]","[]","[]","[]","[]","[]",0,"[]","[]","[]","[]","[]","[]","[]","[]","[]","[]",2,"[407794,385371]","[-0.108985,-0.155876]","[2.47159,-0.714188]","[410218,390062]","[-0.00292969,-0.000976562]","[0,0]","[0,0]","[-1,-1]",0,"[]","[]","[]","[]","[]","[]","[]","[]","[]","[]",0,"[4630.69,3791.03]",0,"[]","[]","[8485.66,16671.5]","[]"
335,284500,7482418,364116,1,127.086,4.05305e+06,1.74563,0.985702,1,1,1,0.9968,1.00306,1,1,0,0,2,"[1,1]","[1,1]","[434411,409155]","[1.09882,0.140418]","[-0.643477,2.53424]","[724137,413195]","[-0.0117817,0.0498924]","[-1,1]","[11,11]","[1,1]","[0,1260.21]","[-907.768,1446.03]","[-0.0045142,0.0109167]","[0.545128,1.45894]",37395.1,-1.62339,2,"[31714.5,30858.7]","[1.4729,2.0022]","[0.461495,1.31191]","[73012.5,116486]","[0.702164,0.997224]","[0,0]","[0,0]","[-0.890729,-0.810956]",0,"[]","[]","[]","[]","[]","[]","[]","[]","[]","[]",2,"[464873,454246]","[1.11438,0.109601]","[-0.643054,2.55144]","[784655,463715]","[0.0135316,78766.4]","[0,0]","[0,0.0824382]","[-1,0.482975]",0,"[]","[]","[]","[]","[]","[]","[]","[]","[]","[]",0,"[5644.57,4551.74]",869.645,"[6269.24,2937.69]","[]","[5625.47,8881.62]","[]"
336,284500,7953876,364116,1,127.086,4.05305e+06,0.402058,0.97199,1,1,1,0.996214,0.98736,1,1,0,0,1,"[1]","[1]","[40446.4]","[0.112689]","[2.76421]","[40703.4]","[66.3411]","[1]","[11]","[1]","[0]","[977.102]","[-0.0010973]","[0.126222]",22701.3,2.28676,6,"[293164,278827,53387.1,45612.7,29127.4,25313.3]","[0.39928,-0.465292,0.32137,0.430012,1.95614,-0.168112]","[1.82519,-1.41183,1.22247,-1.54593,-0.0368949,-1.8019]","[321292,313382,57163.7,50066.1,105096,25954.4]","[0.994567,0.98548,0.990416,0.988731,0.981054,0.974996]","[0,0,0,0,0,0]","[0,0,0,0,0,0]","[-0.892557,-0.925572,-0.895263,-0.935353,-0.858797,-0.851017]",0,"[]","[]","[]","[]","[]","[]","[]","[]","[]","[]",2,"[328055,312279]","[0.369756,-0.352044]","[1.73869,-1.4498]","[362547,351218]","[91778.1,115076]","[0,0]","[1.54647,1.56255]","[0.810597,0.444667]",0,"[]","[]","[]","[]","[]","[]","[]","[]","[]","[]",0,"[233.277]",22869.3,"[8676.95,3166.77,2338.77,2229.83,1967.05,2419.17]","[]","[12652.3,918.5]","[]"
337,284500,7018683,364116,1,127.086,4.05305e+06,1.74563,0.98089,1,1,1,0.997993,0.99866,1,1,0,0,1,"[1]","[1]","[270742]","[-1.06823]","[0.87957]","[440477]","[0.0120811]","[1]","[11]","[1]","[0]","[-1840.67]","[0.033448]","[3.18265]",27456,0.317268,1,"[22644.2]","[-1.83066]","[-0.612476]","[72586.7]","[0.957834]","[0]","[0]","[-0.81369]",0,"[]","[]","[]","[]","[]","[]","[]","[]","[]","[]",1,"[299124]","[-1.05687]","[0.874364]","[482321]","[0]","[0]","[0]","[-1]",0,"[]","[]","[]","[]","[]","[]","[]","[]","[]","[]",0,"[3303.18]",11839.5,"[3547.68]","[]","[1959.03]","[]"
338,284500,2743811,364116,1.32091,127.086,4.05305e+06,0.934886,0.961213,1,1,1,1,1.00632,1,1,0,0,2,"[1,1]","[1,1]","[366873,349000]","[0.155277,-1.03174]","[-0.779021,2.40866]","[371304,551828]","[0.0482521,0.00734711]","[1,-1]","[11,11]","[1,1]","[0,0]","[227.354,422.571]","[-0.0284777,0.0258563]","[1.44526,3.30189]",24500.4,1.95491,0,"[]","[]","[]","[]","[]","[]","[]","[]",0,"[]","[]","[]","[]","[]","[]","[]","[]","[]","[]",2,"[379413,374908]","[0.119446,-1.05963]","[-0.77525,2.40954]","[385840,605832]","[53427.9,0.0078125]","[0,0]","[0,0]","[-1,-1]",0,"[]","[]","[]","[]","[]","[]","[]","[]","[]","[]",0,"[4072.15,4911.32]",0,"[]","[]","[29947.6,3748.75]","[]"
339,284500,7461468,364116,1,127.086,4.05305e+06,0.738662,0.958675,1,1,1,1,1.01265,1,1,0,0,2,"[1,1]","[1,1]","[237364,227829]","[1.7957,2.08654]","[0.30296,-2.82445]","[734605,931949]","[0.0325699,0.0240326]","[1,-1]","[11,11]","[1,1]","[0,1916.42]","[-612.353,1558.14]","[-0.00217543,-0.0072707]","[0.201278,0.477884]",55153.8,2.25948,0,"[]","[]","[]","[]","[]","[]","[]","[]",0,"[]","[]","[]","[]","[]","[]","[]","[]","[]","[]",1,"[258579]","[1.77308]","[0.307931]","[783346]","[3318.77]","[0]","[0]","[-1]",0,"[]","[]","[]","[]","[]","[]","[]","[]","[]","[]",0,"[4314.82,2378.82]",21113.1,"[]","[]","[6497.5]","[]"
340,284500,7500706,364116,1,127.086,4.05305e+06,0.75088,0.934006,1,1,1,0.99929,0.99604,1,1,0,0,2,"[1,1]","[1,1]","[265834,264547]","[-2.27164,-1.14782]","[-3.11035,0.0140376]","[1.30238e+06,458810]","[0.0223036,0.031642]","[-1,1]","[11,11]","[1,1]","[1323.41,0]","[1032.11,1479.23]","[-0.00847571,0.0168328]","[0.789901,2.02994]",47397.2,1.47947,1,"[21234.1]","[-1.14083]","[-1.02286]","[36906.4]","[0.95]","[0]","[0]","[-0.767442]",0,"[]","[]","[]","[]","[]","[]","[]","[]","[]","[]",1,"[306643]","[-1.16112]","[0.0175026]","[537657]","[3602.52]","[0]","[23.5813]","[-1]",0,"[]","[]","[]","[]","[]","[]","[]","[]","[]","[]",0,"[5741.86,2820.84]",9123.01,"[1646.51]","[]","[2037.44]","[]"
341,284500,7514361,364116,0.0318424,127.086,4.05305e+06,1.22586,0.97388,1,1,1,1.04821,0.98854,1,1,0,0,2,"[1,1]","[1,0]","[44268.2,20158.6]","[-0.219262,1.8711]","[-2.87286,2.05052]","[45336.5,67021.1]","[-0.0773735,-0.0647984]","[-1,1]","[11,11]","[1,0]","[0,0]","[230.987,1709.4]","[-0.0119865,-0.1001]","[1.51648,1.55932]",73504.5,-0.522819,4,"[314382,182369,46670.9,22561.4]","[-1.76445,-0.913375,0.13364,-0.498115]","[2.51546,-0.596142,-0.0353887,-0.334212]","[944969,263940,47418.6,25834.1]","[0,0.115346,0.999647,0.962301]","[0,0,5,0]","[0,0,0,0]","[-0.806975,-0.988301,0.899179,-0.831492]",0,"[]","[]","[]","[]","[]","[]","[]","[]","[]","[]",1,"[320539]","[-1.76251]","[2.51425]","[961747]","[25722]","[0]","[2.50012]","[0.755208]",0,"[]","[]","[]","[]","[]","[]","[]","[]","[]","[]",0,"[141.957,187.451]",2113.99,"[9489.94,2462.54,4201.59,1709.96]","[]","[4449.97]","[]"
342,284500,7810732,364116,1,127.086,4.05305e+06,1.32095,0.96654,1,1,1,1.03904,0.9995,1,1,0,0,1,"[1]","[1]","[61129.6]","[2.33682]","[-1.73846]","[319247]","[-0.156536]","[1]","[11]","[1]","[0]","[-778.113]","[-0.0259852]","[1.41265]",270841,1.92578,2,"[551057,271102]","[1.07016,-1.5244]","[-1.20627,1.92879]","[898269,652263]","[0.999514,0.994957]","[0,5]","[0,0]","[-0.950018,-0.308443]",0,"[]","[]","[]","[]","[]","[]","[]","[]","[]","[]",2,"[563337,276282]","[1.0859,-1.51804]","[-1.20648,1.92859]","[929667,660704]","[21390.2,8617.89]","[0,0]","[5.09956,1.24756]","[0.633289,0.531266]",0,"[]","[]","[]","[]","[]","[]","[]","[]","[]","[]",0,"[273.644]",25219,"[13624.4,6818.24]","[]","[47252.4,4713.53]","[]"
343,284500,7810283,364116,1,127.086,4.05305e+06,1.21412,0.972512,1,1,1,1,0.99765,1,1,0,0,2,"[1,1]","[1,1]","[435798,425876]","[0.636741,0.118586]","[-0.645289,2.52618]","[527169,428874]","[0.034832,-0.0113831]","[-1,1]","[11,11]","[1,1]","[0,0]","[32.1757,6053.83]","[0.00647836,0.000354102]","[0.864984,0.0655021]",30785.8,1.22759,0,"[]","[]","[]","[]","[]","[]","[]","[]",0,"[]","[]","[]","[]","[]","[]","[]","[]","[]","[]",2,"[456394,451076]","[0.651983,0.138438]","[-0.643419,2.52221]","[556882,455481]","[-0.00390625,8316.05]","[0,0]","[0,10.5886]","[-1,0.212831]",0,"[]","[]","[]","[]","[]","[]","[]","[]","[]","[]",0,"[4554.58,6650.4]",0,"[]","[]","[33376.1,5994.88]","[]"
344,284500,7708550,364116,-1,127.086,4.05305e+06,0.619412,0.962145,1,1,1,1,0.99866,1,1,0,0,2,"[1,1]","[1,1]","[279090,266283]","[-0.831333,-0.90871]","[-2.89624,0.286424]","[381215,384001]","[0.0334053,0.00767136]","[1,-1]","[11,11]","[1,1]","[0,0]","[603.734,4090.96]","[0.00325867,0.0140126]","[0.358081,1.22722]",2909.2,1.08793,0,"[]","[]","[]","[]","[]","[]","[]","[]",0,"[]","[]","[]","[]","[]","[]","[]","[]","[]","[]",2,"[296978,296744]","[-0.856555,-0.933175]","[-2.89756,0.283268]","[412770,435636]","[4150.68,5477.49]","[0,0]","[37.628,14.5846]","[0.723099,0.365363]",0,"[]","[]","[]","[]","[]","[]","[]","[]","[]","[]",0,"[2777.68,2620.64]",0,"[]","[]","[2957.09,19664.1]","[]"
345,284500,3244599,364116,1,127.086,4.05305e+06,1.26459,0.968109,1,1,1,0.999325,1.00582,1,1,0,0,2,"[1,1]","[1,1]","[452555,397850]","[-0.29464,-0.877112]","[0.117254,-2.97387]","[472342,560955]","[0.0161228,-0.0256062]","[1,-1]","[11,11]","[1,1]","[0,1462.62]","[558.614,419.69]","[0.0187149,-0.0193742]","[2.84795,2.65242]",36091.8,-2.54276,1,"[29970.8]","[-0.471446]","[2.58714]","[33787.2]","[1]","[0]","[0]","[-0.821996]",0,"[]","[]","[]","[]","[]","[]","[]","[]","[]","[]",2,"[459961,412721]","[-0.312891,-0.891684]","[0.121127,-2.9743]","[482660,587964]","[0.00676582,1679.26]","[0,0]","[0,0]","[-1,-1]",0,"[]","[]","[]","[]","[]","[]","[]","[]","[]","[]",0,"[2825.13,4649.06]",899.66,"[3008.04]","[]","[8706.22,33333.2]","[]"
346,284500,5527396,364116,1,127.086,4.05305e+06,0.351687,0.9655,1,1,1,1.00003,1.00002,1,1,0,0,1,"[1]","[1]","[31377.8]","[0.393581]","[-2.02186]","[33839.6]","[-0.011982]","[1]","[11]","[1]","[0]","[-437.143]","[-0.0199695]","[1.66465]",97849,1.68359,2,"[669756,583020]","[-0.0232731,0.333487]","[-1.21892,1.91073]","[670400,616518]","[0.999896,1]","[5,5]","[0,0]","[0.970093,0.789365]",0,"[]","[]","[]","[]","[]","[]","[]","[]","[]","[]",2,"[591929,579787]","[0.0177507,0.349409]","[-1.25775,1.9172]","[603438,615608]","[116817,9121.92]","[0,0]","[2.24301,0]","[0.455542,-1]",0,"[]","[]","[]","[]","[]","[]","[]","[]","[]","[]",0,"[137.937]",19273.1,"[7638.67,20978]","[]","[28233.3,35087.6]","[]"
347,284500,5298166,364116,0.854128,127.086,4.05305e+06,1.24168,0.923515,1,1,1,0.998386,0.98483,1,1,0,0,2,"[1,1]","[1,1]","[58833.4,43039.6]","[-0.498611,-1.17155]","[2.34729,-1.79409]","[66299.6,76113]","[0.0768929,-0.0440063]","[-1,1]","[11,11]","[1,1]","[0,0]","[808.726,-1015.78]","[0.0275315,-0.0327115]","[2.55919,3.5192]",40103.9,-0.891566,3,"[251866,242090,45759.7]","[-0.103021,0.793504,1.22909]","[-2.87695,0.413344,0.0506232]","[254742,322984,85035.1]","[0,0.00500382,0.99504]","[0,0,0]","[0,0,0]","[-0.763928,-0.698322,-0.507986]",0,"[]","[]","[]","[]","[]","[]","[]","[]","[]","[]",1,"[291495]","[0.888259]","[0.369822]","[416890]","[46810.8]","[0]","[1.7095]","[0.643129]",0,"[]","[]","[]","[]","[]","[]","[]","[]","[]","[]",0,"[71.8835,46.3436]",19309.3,"[3035.03,5274.97,8034.62]","[]","[10527.9]","[]"
348,284500,7412325,364116,0.864177,127.086,4.05305e+06,1.22586,0.93854,1,1,1,1.03974,0.95498,1,1,0,0,2,"[1,1]","[1,0]","[54458.4,35169]","[-0.613171,0.219096]","[-2.44701,1.03215]","[65020.8,36016.5]","[-0.0306988,0.00598812]","[1,-1]","[11,11]","[1,1]","[0,0]","[423.362,803.545]","[0.0252523,-0.0113755]","[1.8989,0.93301]",10879,-1.94048,2,"[347761,319272]","[0.810428,0.828699]","[-0.352558,2.72484]","[468883,435846]","[0.942964,0.998173]","[5,0]","[0,0]","[0.327873,-0.399251]",0,"[]","[]","[]","[]","[]","[]","[]","[]","[]","[]",2,"[334191,310179]","[0.808178,0.828454]","[-0.357823,2.7253]","[449823,423057]","[19474.1,13173.9]","[0,0]","[3.89823,2.53963]","[0.169261,0.706089]",0,"[]","[]","[]","[]","[]","[]","[]","[]","[]","[]",0,"[438.64,20.8287]",395.162,"[3802.05,6925.86]","[]","[15250.2,23267.6]","[]"
349,284500,7582555,364116,1,127.086,4.05305e+06,1.21412,0.93962,1,1,1,0.997563,1.0239,1,1,0,0,1,"[1]","[1]","[39977.5]","[1.85474]","[-1.41816]","[130858]","[-0.0736504]","[1]","[11]","[1]","[0]","[-507.564]","[0.00206614]","[0.104879]",29570.7,-1.61823,3,"[267157,199756,60152.4]","[-1.76786,-0.523925,-1.74273]","[2.09815,-1.14369,-0.440693]","[805678,228616,177251]","[0,0,0]","[0,0,0]","[0,0,0]","[-0.741573,-0.742267,-0.824038]",0,"[]","[]","[]","[]","[]","[]","[]","[]","[]","[]",1,"[278492]","[-1.75772]","[2.09544]","[831882]","[24307]","[0]","[2.03397]","[0.717527]",0,"[]","[]","[]","[]","[]","[]","[]","[]","[]","[]",0,"[337.08]",1649.16,"[4308.18,8205.08,5473.71]","[]","[15388.3]","[]"
350,284500,6267111,364116,1,127.086,4.05305e+06,1.55465,0.96237,1,1,1,0.998105,0.99765,1,1,0,0,2,"[1,1]","[1,1]","[296603,286838]","[1.20646,0.813935]","[-2.14794,0.95706]","[539950,387215]","[0.0112228,-0.0482025]","[-1,1]","[11,11]","[1,1]","[1664.6,0]","[811.251,2411.93]","[0.0200539,-0.018254]","[3.95193,3.14119]",7367.6,-0.318539,1,"[21339.3]","[-2.2826]","[2.01897]","[105747]","[0.990509]","[0]","[0]","[-0.879311]",0,"[]","[]","[]","[]","[]","[]","[]","[]","[]","[]",2,"[331479,308762]","[1.18362,0.77533]","[-2.13963,0.950162]","[592085,406331]","[2720.99,4187.82]","[0,0]","[126.203,0]","[-1,-1]",0,"[]","[]","[]","[]","[]","[]","[]","[]","[]","[]",0,"[3764.51,1984.46]",1766.52,"[2877.67]","[]","[2329.06,1166.25]","[]"
351,284500,6333394,364116,1,127.086,4.05305e+06,0.738662,1.00588,1,1,1,0.999375,1.00306,1,1,0,0,1,"[1]","[1]","[229854]","[1.04405]","[-1.85233]","[366930]","[0.103851]","[1]","[11]","[1]","[0]","[-1306.06]","[-0.0326631]","[3.21583]",46012.2,-2.00409,1,"[267378]","[1.51602]","[1.24251]","[638347]","[0.995799]","[0]","[0]","[-0.953233]",0,"[]","[]","[]","[]","[]","[]","[]","[]","[]","[]",1,"[271961]","[1.52838]","[1.24035]","[656480]","[5532.63]","[0]","[6.86635]","[0.601252]",0,"[]","[]","[]","[]","[]","[]","[]","[]","[]","[]",0,"[3386.73]",19287.9,"[4427.88]","[]","[26286.9]","[]"
352,284500,7390544,364116,1,127.086,4.05305e+06,1.26459,0.973455,1,1,1,0.999093,0.99765,1,1,0,0,2,"[1,1]","[1,1]","[338933,306540]","[0.691667,-0.976963]","[2.07049,-1.07387]","[423291,464842]","[-0.068696,-0.00666142]","[1,-1]","[11,11]","[1,1]","[0,0]","[-1803.58,-868.908]","[-0.00164233,0.00105558]","[0.252751,0.111274]",56483.9,0.365877,1,"[22683.4]","[-0.0370277]","[-2.17358]","[23314.3]","[0.910909]","[0]","[0]","[-0.814772]",0,"[]","[]","[]","[]","[]","[]","[]","[]","[]","[]",2,"[351366,323660]","[0.690893,-0.986162]","[2.0731,-1.0719]","[438615,494217]","[0.00390625,0]","[0,0]","[0,0]","[-1,-1]",0,"[]","[]","[]","[]","[]","[]","[]","[]","[]","[]",0,"[3323.33,3767.67]",1312.98,"[2740.4]","[]","[2100.34,30250.3]","[]"
